78
 energy: -114.382448904681 gnorm: 0.534093126506 xtb: 6.7.1 (edcfbbe)
Co           0.01632232975436       -0.36826193397297       -0.40928107124515
N            0.30222079121036       -2.08640681908414        0.19897511774983
C            1.47335314441362       -2.89874606240819       -0.07173646063555
C            2.35456711497664       -2.27029341658755       -1.14759206817593
P            2.11681303445361       -0.47659066595174       -0.87350526383367
C            3.11773622899612       -0.16784092441450        0.61536378160535
C            2.44684098530955        0.16450765138094        1.78571575022976
C            3.15270903122807        0.37873542751755        2.95574504372480
C            4.53391169264662        0.26361690679183        2.95644231216695
C            5.20744070101902       -0.06292405606049        1.78886667084496
C            4.50422064474468       -0.27800935803721        0.61727687749075
C            3.11733864469220        0.37354181287750       -2.13342385570722
C            3.31046530692360        1.74234676984888       -1.95342100954278
C            4.03976746880509        2.47322359763123       -2.87076209727613
C            4.57813987727125        1.84504351540513       -3.98406802438600
C            4.37894236827579        0.48824485995039       -4.17604703270957
C            3.64790361200726       -0.24751769524119       -3.25821581175899
C           -0.60872046610309       -2.85799880487930        1.02336097749244
C           -1.74722444755429       -1.99441319702921        1.55870532308725
P           -2.00341955059392       -0.78201982546739        0.21216355153998
C           -3.34596825595790        0.31860737762249        0.75698549592695
C           -3.80684075229646        0.40002770309324        2.06585757836798
C           -4.82027464820351        1.28690578255256        2.38946023272963
C           -5.37242892713002        2.10240148323418        1.41599341890860
C           -4.90729981363637        2.03559082497601        0.11096106911402
C           -3.89717561721142        1.15193588773335       -0.21516898471103
C           -2.86856504927512       -1.76933177862362       -1.04933852171860
C           -2.19288000589472       -2.03797756478157       -2.23318615919145
C           -2.78691345859138       -2.81210857764096       -3.21350164423109
C           -4.06158749032259       -3.31761389278535       -3.01209407149805
C           -4.74145592090367       -3.04668450971143       -1.83399710362282
C           -4.15008324204145       -2.27253106276348       -0.85197073578036
H            1.16741774869850       -3.91496206254395       -0.38440965799699
H            2.07221001259537       -3.02106137869130        0.85348165830774
H            1.96337831954832       -2.51190049463591       -2.14036329380853
H            3.39876904747695       -2.58512681368783       -1.07273712180625
H            1.36118879206456        0.24715103617506        1.75052827951896
H            2.63079681716409        0.63729117964254        3.86624791878447
H            5.08921001101874        0.43073387151262        3.86833222499889
H            6.28489830455258       -0.14868504967770        1.79407665667809
H            5.02715618864026       -0.52478153790421       -0.29771909273016
H            2.88021505154770        2.22201901701846       -1.08286199462968
H            4.18887438967319        3.53313220779693       -2.72216487996138
H            5.14932367080289        2.41463678258873       -4.70275881812331
H            4.79480622867370       -0.00063505272752       -5.04577593209475
H            3.49625433609554       -1.30512896714268       -3.41995748275967
H           -1.04086993965425       -3.69144779100758        0.43305151216964
H           -0.06016643121892       -3.32099060384521        1.86520353283987
H           -2.64189258458148       -2.57693949578104        1.79379286116957
H           -1.41709154754116       -1.44524348480242        2.44552017499705
H           -3.38123237292479       -0.22935899598277        2.83428753153578
H           -5.17990425864106        1.34219076415258        3.40729231334944
H           -6.16232599986441        2.79299837832556        1.67356406590226
H           -5.33212736875103        2.67586246221364       -0.64882767342310
H           -3.52055011823463        1.09394805004780       -1.22901779462298
H           -1.19250212736928       -1.62566982978483       -2.35947889519523
H           -2.26116544050365       -3.02092548234981       -4.13450628992328
H           -4.52939168476937       -3.92268372744117       -3.77556857180762
H           -5.73648549398546       -3.44094134781154       -1.68302839591188
H           -4.68108077655948       -2.05216136170410        0.06513056583131
C           -0.25048108249868        1.23915894706294       -0.96416243436104
O           -0.42945201173895        2.32698279265122       -1.33528780141820
O           -0.23285308810274       -1.90328101017246       -2.37238270062017
C           -0.78051585777618       -0.63874145791668       -2.62559029838255
C            0.27595717112830        0.28147074062890       -3.17174500027544
C            1.01181897644000        1.10850747625188       -2.30706124651665
C            2.01701614969536        1.93874634734479       -2.81332131943714
C            2.30108855928897        1.94056802181276       -4.18185865924248
C            1.58343227114825        1.10873062839441       -5.04591678017847
C            0.57750823062792        0.27696573412734       -4.54363333859032
H            0.29482670630882       -1.82132824064430       -1.53516653170423
H           -1.60298979911177       -0.74725436822026       -3.36439188457177
H           -1.23197545598804       -0.21752310027852       -1.69824704994743
H            0.80777849652770        1.10996314862541       -1.24343444901403
H            2.57812979469276        2.57814119031515       -2.14412443156726
H            3.08015935298544        2.58273746803120       -4.57190108097291
H            1.80892496431855        1.10581311140884       -6.10452092023765
H            0.03458896402170       -0.36940315224759       -5.22219211037723
78
 energy: -114.606410517465 gnorm: 0.321471719421 xtb: 6.7.1 (edcfbbe)
Co           0.00407228801759       -0.36346944609957       -0.36543713110943
N            0.30671600294207       -2.09476156672721        0.20830439000313
C            1.47758530880962       -2.90225689366821       -0.07074431432142
C            2.36161758603191       -2.27695555701382       -1.14792126245996
P            2.13508678165111       -0.48870750472376       -0.86121583586706
C            3.12408338479699       -0.16815396794452        0.62088680509049
C            2.44782636866026        0.16560566536844        1.78749401700374
C            3.15305685189392        0.37904477767134        2.95704684276534
C            4.53446253629918        0.26372795612619        2.95703168076506
C            5.20949427832711       -0.06235549502828        1.78990922130016
C            4.50853201801770       -0.27742051868874        0.61855434797113
C            3.17371565047113        0.33561209765664       -2.10751555696875
C            3.32290277368211        1.74798262900548       -1.94050501575002
C            4.15875176386476        2.47809099051469       -2.83091599984957
C            4.63163491118347        1.84636023272040       -3.95453791192423
C            4.38120968086843        0.48736287513446       -4.17630856193029
C            3.66736110662775       -0.26060008549627       -3.24584530525254
C           -0.61020274505826       -2.86219796732839        1.02641142960567
C           -1.74775210818719       -1.99667962146257        1.56279727952842
P           -2.02249539086610       -0.79103987524365        0.21801304437859
C           -3.34699983057932        0.32146436801991        0.75912384921621
C           -3.80738530976901        0.40070447123166        2.06750363019941
C           -4.82077312091269        1.28684893498246        2.38994021404000
C           -5.37256771663045        2.10263884491942        1.41602095178907
C           -4.90758412143122        2.03611047480358        0.11089839448879
C           -3.89741157532924        1.15293115832535       -0.21492213946562
C           -2.90138032657794       -1.78392087153269       -1.03763582219150
C           -2.27320921144052       -2.07620617728638       -2.21764467111859
C           -2.81979292064797       -2.83279245113526       -3.21246235568237
C           -4.08138686690489       -3.33038518979711       -3.01520838293910
C           -4.75122640661113       -3.05060805272892       -1.83180941534964
C           -4.16996629949677       -2.27901397619860       -0.84069886345061
H            1.16904336013963       -3.91672452327120       -0.38488872642440
H            2.07336042071659       -3.02298256046049        0.85405102365626
H            1.97214422956391       -2.51465054278809       -2.14253922557028
H            3.40322168465570       -2.58790245091279       -1.07271580761638
H            1.36137862972407        0.24630917132167        1.75144505554804
H            2.63050090820889        0.63710150200152        3.86628090864634
H            5.08912948487821        0.43063367190451        3.86839202667421
H            6.28566310621493       -0.14880744397520        1.79434582619171
H            5.02805381611982       -0.52527158825754       -0.29800305890100
H            2.93908476501902        2.20205453018048       -1.01700977540940
H            4.21516265970050        3.54699991186486       -2.72027702244867
H            5.15663702416205        2.41674163034112       -4.70377412522043
H            4.79029775623455        0.00074057877053       -5.04804852455998
H            3.49627435208880       -1.30912175211279       -3.42078814038756
H           -1.04142278509163       -3.69262323565137        0.43249031739186
H           -0.06100692878810       -3.32238553561980        1.86591282438560
H           -2.64235867004959       -2.57790300241087        1.79467172335395
H           -1.41661483746530       -1.44518094783757        2.44656472823551
H           -3.38111520940075       -0.22953222977430        2.83446018035064
H           -5.17994464691063        1.34204120519791        3.40726973161030
H           -6.16223257306189        2.79288504374210        1.67324014491807
H           -5.33206993785421        2.67574201191958       -0.64917040827023
H           -3.52150313943975        1.09462651640670       -1.23007235596411
H           -1.22423746969604       -1.67737222961383       -2.35426286119098
H           -2.26696170083390       -3.02223565586804       -4.13137507463024
H           -4.54075110464249       -3.92945686064258       -3.78029560079938
H           -5.74251931571646       -3.44235872788342       -1.68201158180875
H           -4.69288907044263       -2.05370194270409        0.07356724842823
C           -0.25778827238688        1.27258106147824       -0.92823987932361
O           -0.50257572935795        2.38566528551972       -1.29613192448328
O           -0.13763016111256       -1.88872098108522       -2.40015277738433
C           -0.76133798652250       -0.61017975372265       -2.65722932242861
C            0.28434450133416        0.28787560365990       -3.19399548412480
C            0.98979361940805        1.10734795104963       -2.35683132289776
C            1.97062280846556        1.94894818675325       -2.86028504673739
C            2.24664197285511        1.95904582850824       -4.22682181783926
C            1.56044408207163        1.11173262126748       -5.06458901473410
C            0.58080134847808        0.27554822718017       -4.55941851113736
H            0.32211922122515       -1.81027305627691       -1.52335158059505
H           -1.57291826401764       -0.71404921477901       -3.39524737184330
H           -1.21676448856557       -0.20921031409250       -1.72533467468996
H            0.83686221057752        1.10665974028807       -1.26726962388492
H            2.51064200625585        2.61319481749005       -2.18732139566600
H            3.03348582988337        2.58954165029950       -4.59821015138122
H            1.80520680725944        1.10273628674193       -6.11137972746630
H            0.03428079134631       -0.37403473822056       -5.22329872725783
78
 energy: -114.756137970080 gnorm: 0.216109623507 xtb: 6.7.1 (edcfbbe)
Co           0.00779490347379       -0.34502411222383       -0.29029788062951
N            0.31204876651630       -2.10057160493695        0.22355045412591
C            1.48091661255328       -2.90789063793930       -0.06839056669604
C            2.37101695003623       -2.28415459655637       -1.14465374492577
P            2.15976357879612       -0.49934531913734       -0.84638944557339
C            3.13183062196776       -0.17205409209630        0.62998035725598
C            2.44927575225803        0.16533979066789        1.79116603718043
C            3.15416111280501        0.37998208967903        2.95957102863391
C            4.53569848920471        0.26403728321427        2.95838318385399
C            5.21321772665289       -0.06137715122464        1.79248292347757
C            4.51480519600560       -0.27813374973919        0.62160036252677
C            3.23625101965051        0.31013023701828       -2.07513192991045
C            3.34847678208907        1.75180155051924       -1.92654419096203
C            4.25598218167798        2.46883991043797       -2.79481572821408
C            4.66986017332983        1.84226004180453       -3.93317550396624
C            4.38789747807278        0.48511412239216       -4.17352423840768
C            3.68511951176872       -0.26650485490454       -3.23696559163717
C           -0.61206014985017       -2.86754505592585        1.03125779879645
C           -1.74920114440287       -2.00105386118962        1.56941963480968
P           -2.03792539608900       -0.79922507876978        0.22988793661449
C           -3.34972992271547        0.32224367791747        0.76089217465933
C           -3.80861695078050        0.40128667548338        2.06935725900201
C           -4.82124004270163        1.28784682009975        2.39083508274313
C           -5.37256124646809        2.10308659208382        1.41626884063962
C           -4.90750431055280        2.03694737308473        0.11114430066784
C           -3.89774423931582        1.15335928080482       -0.21468369031640
C           -2.92629957808970       -1.79429413074311       -1.02212742669782
C           -2.31744120282183       -2.12549388446025       -2.19315676855393
C           -2.84592038656218       -2.85197190309873       -3.21502615450815
C           -4.10728364255166       -3.34085457026906       -3.01987991972427
C           -4.76465417948079       -3.05527283548890       -1.82879700871001
C           -4.19633977136469       -2.28213825297915       -0.82983676854616
H            1.16986689743245       -3.91974220557463       -0.38546410003444
H            2.07557599945999       -3.02691484054830        0.85536494992805
H            1.98777541944685       -2.51909932441219       -2.14222388506046
H            3.41074081381089       -2.59270750123004       -1.06920987640594
H            1.36187359833560        0.24509478788085        1.75286464707012
H            2.63057279532777        0.63727592962769        3.86749934763463
H            5.08958972685636        0.43037045599276        3.86940187550191
H            6.28822566037219       -0.14865353676459        1.79586318531784
H            5.02948122105030       -0.52598062927916       -0.29750023651241
H            3.00395562083464        2.17566038989913       -0.96718229560466
H            4.23681352600622        3.54776444231727       -2.71379668382812
H            5.17030807957487        2.41328256346560       -4.69996682892710
H            4.78478743674177        0.00317987023905       -5.05130190569344
H            3.49848184831748       -1.31104734813314       -3.42212206529556
H           -1.04247584839719       -3.69339426754857        0.43166385731121
H           -0.06332187216272       -3.32658960192239        1.86876590019928
H           -2.64368696661324       -2.58171964736819        1.79801067785684
H           -1.41623679363693       -1.44602009428395        2.44911189870252
H           -3.38110445898013       -0.22964200729798        2.83477316725783
H           -5.18052477746021        1.34238812043336        3.40770388643915
H           -6.16232912639925        2.79292953893274        1.67301212316394
H           -5.33191789942114        2.67585338351568       -0.64933830567178
H           -3.52270538896580        1.09527620897081       -1.23056280155603
H           -1.28106841180633       -1.75737087737032       -2.34116951909814
H           -2.27162282318818       -3.02514250281315       -4.12696517435628
H           -4.56141985392753       -3.94016321414722       -3.78432413479220
H           -5.75371709700561       -3.44661834028447       -1.67963296939611
H           -4.71408795086982       -2.05723535993383        0.08419704048946
C           -0.26495538379377        1.31995155289166       -0.87267678583840
O           -0.57304212608884        2.42660156464768       -1.24386123252718
O           -0.04170377015162       -1.85958359712328       -2.45432055725266
C           -0.74646963531463       -0.58133548417949       -2.70352230660325
C            0.28469461575812        0.30757897173777       -3.22871113386769
C            0.96154671429014        1.12688463178790       -2.41750835664204
C            1.92063816480483        1.98021020832496       -2.90739387241136
C            2.21414154191129        1.97649158507975       -4.26290479294518
C            1.54835553844279        1.10990307431244       -5.08844734301462
C            0.58303867209817        0.27835704435063       -4.58735568254661
H            0.31885004007760       -1.80619933878056       -1.52128180965993
H           -1.54690487898977       -0.69093886542704       -3.43209887018974
H           -1.20282287461442       -0.20438715176572       -1.76926226771487
H            0.87040793226986        1.11164302759070       -1.30166042265392
H            2.42380052332248        2.65721037790974       -2.23087240427151
H            3.00205156968237        2.60740809950216       -4.61915179273923
H            1.80271837833424        1.10047629406283       -6.12773129308262
H            0.03276135704932       -0.38164213650675       -5.23015301885869
78
 energy: -114.862446258262 gnorm: 0.163731437106 xtb: 6.7.1 (edcfbbe)
Co           0.01692985217196       -0.32271967633102       -0.23168641331125
N            0.31562865993289       -2.10170800526795        0.23300302492920
C            1.48443306683041       -2.91304146937906       -0.06387356237409
C            2.38289213299531       -2.29147189389431       -1.13716117977742
P            2.18399565366954       -0.50543305829767       -0.83599802020565
C            3.14006893227921       -0.18041046736027        0.64156310851844
C            2.45242793264502        0.16333621789310        1.79683686585682
C            3.15656061202055        0.38121046596093        2.96406319316421
C            4.53812356574315        0.26465677566777        2.96175592267737
C            5.21909493537984       -0.06007753618639        1.79779705365311
C            4.52268743830465       -0.28051745768103        0.62789400657769
C            3.29460309342228        0.30074468071382       -2.04289878446294
C            3.39908339672997        1.74857975496483       -1.90705244632174
C            4.33252967004680        2.45504514240571       -2.75788965995740
C            4.70534553746668        1.83377366143175       -3.91656216185201
C            4.40521982729826        0.48257224740370       -4.16377562280094
C            3.70587961501326       -0.26886876966073       -3.22756428781584
C           -0.61287126899875       -2.87182977368250        1.03484386312568
C           -1.75210116231243       -2.00700574045003        1.57514937066522
P           -2.04644050257588       -0.80709441607795        0.23767877266434
C           -3.35442590887821        0.31950020265274        0.76191723956646
C           -3.81053859860391        0.40166432495529        2.07127938600709
C           -4.82194935705255        1.28947475612758        2.39222788917302
C           -5.37271482310125        2.10366390653379        1.41667029411802
C           -4.90727075531834        2.03769653273860        0.11170488843822
C           -3.89881367947985        1.15256125459372       -0.21428629495350
C           -2.94986181727016       -1.80816955282175       -1.00220677625473
C           -2.34228460573683       -2.17723402002489       -2.16558099467250
C           -2.87187553170168       -2.87450728986746       -3.21398154394874
C           -4.13958386341462       -3.35258346822817       -3.02170092750070
C           -4.78671215009982       -3.06225054359861       -1.82477519776670
C           -4.22853707924401       -2.28857491522006       -0.81976955837985
H            1.17027241453413       -3.92222054369018       -0.38513688511585
H            2.07943350436256       -3.03365603569688        0.85901087016236
H            2.00605234537428       -2.52310687758538       -2.13793299281032
H            3.42223875364307       -2.60106911392315       -1.06063903096311
H            1.36363098406424        0.24297879246330        1.75512879980569
H            2.63149379298446        0.63837505773908        3.87085508619503
H            5.09107909492014        0.43058198297298        3.87276453285327
H            6.29360757457713       -0.14750205625240        1.80009037748453
H            5.03216513630093       -0.52717676389261       -0.29446874915375
H            3.07517956499367        2.14748016176827       -0.93315184129525
H            4.27636408702879        3.53748760306310       -2.69630791361861
H            5.19262892940916        2.40613002399982       -4.69307224542789
H            4.77642412996923        0.00751064309220       -5.05717385956601
H            3.50203059466064       -1.31137077639454       -3.42265400333431
H           -1.04335897359584       -3.69481135268247        0.43138446253091
H           -0.06722621221008       -3.33317026405260        1.87312203728810
H           -2.64532773041249       -2.58885436110659        1.80493309326600
H           -1.41641964291216       -1.44810409264861        2.45160219368301
H           -3.38172839015018       -0.22983612576116        2.83546557498392
H           -5.18170791298081        1.34340735118192        3.40883084716947
H           -6.16286753600733        2.79323062952081        1.67277460867670
H           -5.33158019916164        2.67615397178086       -0.64926874553281
H           -3.52446980458063        1.09552964394774       -1.23025858198882
H           -1.34923240162716       -1.84960018872227       -2.31658411622264
H           -2.28363899737588       -3.03305881521340       -4.11650811633189
H           -4.59277005307106       -3.95116140835905       -3.78771801661617
H           -5.77466667931923       -3.45399189870005       -1.67597933976176
H           -4.74513146021146       -2.06195128485491        0.09408738565806
C           -0.28215445694868        1.36922004513340       -0.80950358727615
O           -0.64036826359653        2.45580223538455       -1.17524381832502
O            0.04928091373018       -1.82173985870317       -2.51396780539044
C           -0.72927593156818       -0.56196567240815       -2.74935132468060
C            0.27882577274714        0.33076840598977       -3.27383858656745
C            0.93809849680431        1.16247148442344       -2.46742237485197
C            1.87734265633405        2.03354398618995       -2.95011131581760
C            2.18470244024419        2.00544218311281       -4.30024867884813
C            1.53889473125443        1.11364406099232       -5.12428538323325
C            0.58078485905629        0.28262496565757       -4.62764511748782
H            0.30071498109110       -1.80088955109768       -1.52740811366215
H           -1.52386481325058       -0.68411234855768       -3.47328606273219
H           -1.18097926124061       -0.19875966809338       -1.81569259466835
H            0.89231442582055        1.12146772656623       -1.34262638353187
H            2.33688248660606        2.71471827546047       -2.26992369543012
H            2.97003289252509        2.63654767169636       -4.65284970795713
H            1.80502726369875        1.09616858530980       -6.15862407654517
H            0.03027352225751       -0.39512429476109       -5.24782960296231
78
 energy: -114.943093286519 gnorm: 0.136105931260 xtb: 6.7.1 (edcfbbe)
Co           0.02557565070511       -0.29815306222509       -0.18326681463665
N            0.31816762345599       -2.10125067949776        0.23707645989269
C            1.48891634483744       -2.91671998109664       -0.05831239913919
C            2.39738024576108       -2.29876623147330       -1.12664905058027
P            2.20593427090039       -0.50877801258263       -0.82972492791600
C            3.14916970258983       -0.19076800885696        0.65471250028184
C            2.45766181690732        0.15949071268730        1.80435222744284
C            3.16045024540059        0.38195052968065        2.97085249596185
C            4.54202630076113        0.26548269527718        2.96788987365175
C            5.22696983424898       -0.05907160949390        1.80625233320464
C            4.53192787199086       -0.28430728938798        0.63761210183797
C            3.34002713734967        0.30317492632602       -2.02009885421502
C            3.47308995401826        1.73314810782251       -1.88232908994499
C            4.38177885189566        2.43644221540839       -2.72642763663549
C            4.73823559798988        1.82174466215461       -3.90338706631481
C            4.43112352634345        0.47968156755852       -4.14887182477551
C            3.73034449791150       -0.27043794767430       -3.21626628170791
C           -0.61240501722208       -2.87560466455992        1.03713559704052
C           -1.75448139991231       -2.01416183101531        1.58078878943486
P           -2.05352545398214       -0.81788230239083        0.24144106576488
C           -3.36056757244276        0.31475830683415        0.76307597340624
C           -3.81341740089424        0.40157313098795        2.07330378124499
C           -4.82325934742972        1.29107412393669        2.39399193541603
C           -5.37331225998819        2.10426120247562        1.41727735973173
C           -4.90733913937616        2.03795237734217        0.11258201762876
C           -3.90064967811678        1.15064417132822       -0.21337610565187
C           -2.97808183803398       -1.82836683290646       -0.98131729892760
C           -2.36885779277560       -2.22979292844093       -2.13753551584508
C           -2.90471882538708       -2.90199665355555       -3.20509999759902
C           -4.17985185221999       -3.36589204440001       -3.02011751603906
C           -4.81884055789633       -3.07173953742677       -1.81926103044706
C           -4.26633607791656       -2.29768664125287       -0.81107307381451
H            1.17114024630278       -3.92359182995586       -0.38385416636043
H            2.08269135012577       -3.04248213170942        0.86497264280097
H            2.02676644213763       -2.52696134291926       -2.12997313477797
H            3.43646923935794       -2.61230419867469       -1.04697134450217
H            1.36765339332896        0.23987494123534        1.75825431876739
H            2.63372979406809        0.64054294655226        3.87638079179142
H            5.09391493826242        0.43182076027830        3.87911244025050
H            6.30161586544433       -0.14494945956884        1.80758230295693
H            5.03682637725058       -0.52928845613468       -0.28798701473463
H            3.14484659757466        2.12360084324179       -0.91592082761443
H            4.33157346961869        3.51677994775807       -2.66978876665437
H            5.22071980155983        2.39705389132777       -4.68192984802425
H            4.76680759384262        0.01338964432712       -5.06384840720147
H            3.50683557545612       -1.30952322903105       -3.42110140267589
H           -1.04344804919662       -3.69696010853672        0.43123599274080
H           -0.07086930608974       -3.34121374934738        1.87710012849861
H           -2.64570382488400       -2.59805110503468        1.81436181142436
H           -1.41673181231658       -1.45158705850769        2.45479378745226
H           -3.38329877551023       -0.23023752652763        2.83666965977987
H           -5.18325455504855        1.34507968581418        3.41057996300972
H           -6.16381360991844        2.79382852184256        1.67266087796892
H           -5.33098825977093        2.67658561701981       -0.64880304380102
H           -3.52677473581724        1.09458068480475       -1.22922630742400
H           -1.41004225877396       -1.94518963333495       -2.28207564350941
H           -2.30533927920432       -3.04785792775347       -4.09876671924359
H           -4.63446975286370       -3.96124027586104       -3.78970052563447
H           -5.80634635973465       -3.46369872181303       -1.67043671508966
H           -4.78464353721387       -2.06696689648461        0.10196473995273
C           -0.31213613789296        1.41709012441280       -0.73474557401241
O           -0.70670964509944        2.47514792978756       -1.09067414734834
O            0.13397374124738       -1.78328704812924       -2.56560764450287
C           -0.70136640593530       -0.55300667844835       -2.79450691743019
C            0.27502562862663        0.36151116744549       -3.32677818552514
C            0.92086784914800        1.21079479831200       -2.51352697820090
C            1.83935927463681        2.10092636990360       -2.99558906286480
C            2.15786306979508        2.04395706700171       -4.34040510723673
C            1.53735789950832        1.12617335743503       -5.16676291168418
C            0.57778848447830        0.29491393230650       -4.67487138112215
H            0.28561501923485       -1.79442068741203       -1.54852003582867
H           -1.49855108644015       -0.69303023873936       -3.51812994401472
H           -1.15349459120974       -0.19091310756398       -1.86488098857933
H            0.89957093386315        1.13631654852539       -1.39679020673688
H            2.25680421877749        2.78413821892541       -2.30801637131269
H            2.94058031866657        2.67508459194147       -4.69773644822506
H            1.81534122127256        1.09396751720574       -6.19818841469478
H            0.03163882679483       -0.40736616319616       -5.27382664974877
78
 energy: -115.005166820637 gnorm: 0.109454433008 xtb: 6.7.1 (edcfbbe)
Co           0.03163247880721       -0.27635944460792       -0.14618522231415
N            0.31998966083277       -2.10037025397396        0.23861949486747
C            1.49366702498070       -2.91820129258156       -0.05206639736670
C            2.41299393340944       -2.30340071137967       -1.11362768594587
P            2.21949971991470       -0.50778658147185       -0.82699638999246
C            3.15818166752341       -0.20079530109508        0.66665745436959
C            2.46482176528027        0.15413495810035        1.81272757122634
C            3.16590091156956        0.38179053274874        2.97930094597151
C            4.54754050894915        0.26652040600090        2.97677371754853
C            5.23607672799600       -0.05865227547443        1.81730690803868
C            4.54164276655759       -0.28929060070317        0.64962091351665
C            3.36763542582398        0.31207891968269       -2.00885439437639
C            3.55744955760394        1.70929260619879       -1.85284175421624
C            4.40865806065058        2.41497481684102       -2.70351848881811
C            4.77226142491019        1.80756297094113       -3.89196714421875
C            4.46075338652934        0.47544390088542       -4.13421600574298
C            3.75705550452445       -0.27286328103004       -3.20419264071874
C           -0.61084008172881       -2.87908233037388        1.03869267375092
C           -1.75590447789540       -2.02200351443132        1.58579629366725
P           -2.06120237833641       -0.83147048925045        0.24101112479400
C           -3.36777800004836        0.30786749302408        0.76429590457679
C           -3.81736510966028        0.40020411915728        2.07521570957547
C           -4.82499838768203        1.29230140002385        2.39601986581597
C           -5.37432905092596        2.10474347787812        1.41824930369279
C           -4.90767275625499        2.03755440123006        0.11391126806762
C           -3.90339624125396        1.14719443077198       -0.21190786564806
C           -3.01319851799421       -1.85257687986693       -0.96074830196058
C           -2.40518641270348       -2.27238439708708       -2.11365148003548
C           -2.94665680058832       -2.93177918057372       -3.18928760702512
C           -4.22907270709451       -3.38113622274685       -3.01406781349844
C           -4.86281366888578       -3.08339299488007       -1.81093467678852
C           -4.31032620046785       -2.30922798026101       -0.80160868727293
H            1.17305777808995       -3.92347913185827       -0.38209700340403
H            2.08423849159719       -3.05204752100753        0.87305230516286
H            2.05181492836243       -2.53215631260158       -2.11923196953405
H            3.45133564794096       -2.62325784179617       -1.02687256467819
H            1.37407569290698        0.23577692756781        1.76245874665822
H            2.63767170477963        0.64345178241783        3.88347876231514
H            5.09822546657037        0.43456072488241        3.88841299596642
H            6.31141304908600       -0.14095771688149        1.81841818751016
H            5.04419092557946       -0.53256432173860       -0.27792743864763
H            3.20775627082382        2.11053258387709       -0.90635413212367
H            4.39766711510657        3.49314048478782       -2.63748784214479
H            5.25415184478506        2.38751472240317       -4.66754279341662
H            4.76000739395239        0.01820408096506       -5.06893257591987
H            3.51284558213839       -1.30633046470742       -3.41782873522137
H           -1.04240884533372       -3.69949360766029        0.43076937512393
H           -0.07327463024499       -3.34994454108170        1.88007513980320
H           -2.64413853373125       -2.60929859846510        1.82542805598131
H           -1.41702693429240       -1.45640042061508        2.45806314113169
H           -3.38611433615546       -0.23120587589994        2.83845756384269
H           -5.18496593925963        1.34729447094944        3.41277364843998
H           -6.16506590337110        2.79456255817382        1.67280561421533
H           -5.33012175378857        2.67692518969059       -0.64777178338414
H           -3.52973849706138        1.09149217174458       -1.22766008285208
H           -1.43901040222575       -2.02596334072963       -2.24632964363453
H           -2.33679844240905       -3.07065161994600       -4.07529628271364
H           -4.68737544992540       -3.97073438818156       -3.78833657124784
H           -5.85062765686204       -3.47476243910234       -1.66191584584228
H           -4.83370778510410       -2.07281911596148        0.10896860141604
C           -0.34742865762255        1.45362402333388       -0.65186786851447
O           -0.77495244108107        2.48312278926769       -0.99690330120136
O            0.20268909969788       -1.74980532316135       -2.60158439252057
C           -0.66017431084938       -0.55547472956152       -2.83765696817572
C            0.27513794663757        0.39753708483506       -3.38293723855824
C            0.90816967538614        1.26373882349188       -2.55827455665092
C            1.80416608988921        2.17326289264097       -3.04671711515129
C            2.13437381511535        2.09178629270547       -4.38445412203417
C            1.54155421666059        1.15052991051282       -5.21399901768532
C            0.57629251019584        0.31713822082410       -4.72550365542265
H            0.27999701373810       -1.78651613173716       -1.58390963639073
H           -1.46406623961698       -0.72205842176127       -3.55828243536570
H           -1.12111678202929       -0.19055731160072       -1.91464096292275
H            0.89520081621588        1.15587216187471       -1.46425270113085
H            2.19471241074915        2.85862524983680       -2.34556505017764
H            2.91640426184791        2.72244116781646       -4.75043636822669
H            1.83339751196804        1.09618988328754       -6.24327387568708
H            0.04107699373375       -0.41270171922227       -5.30788555169560
78
 energy: -115.052319768432 gnorm: 0.080792163676 xtb: 6.7.1 (edcfbbe)
Co           0.03402280430052       -0.26235002683099       -0.11917702226670
N            0.32148285857116       -2.10008160867729        0.24164381052478
C            1.49770991550827       -2.91774092965063       -0.04457828972347
C            2.42806629065676       -2.30438158501513       -1.09769031090354
P            2.22520896028067       -0.50297361117110       -0.82309257121076
C            3.16772762014454       -0.20761384440945        0.67712253316595
C            2.47409273052865        0.14819787792635        1.82217268736138
C            3.17311668745781        0.38033916277900        2.98958182959085
C            4.55489848071160        0.26758394978613        2.98871103076598
C            5.24587077688624       -0.05930728520939        1.83093731234496
C            4.55177381392911       -0.29483117425728        0.66355566749360
C            3.37503641765585        0.31748861994945       -2.00832964517334
C            3.63016249506007        1.68215937939970       -1.82394089846476
C            4.42377660992655        2.39479713672078       -2.69190324127541
C            4.80733113257573        1.79275924859625       -3.88287571716300
C            4.48767675886429        0.46839571174757       -4.12458616802335
C            3.77853821115384       -0.27739599441568       -3.19573458480447
C           -0.60875785753474       -2.88264504333131        1.04057536808025
C           -1.75614375034355       -2.02971645522652        1.59015216842691
P           -2.07149662207774       -0.84740119272093        0.23753924300293
C           -3.37524903243992        0.29974127979339        0.76601963062480
C           -3.82231923432545        0.39738179694686        2.07724977868978
C           -4.82718927055290        1.29290641563452        2.39827002010384
C           -5.37559215489310        2.10512403539970        1.41971416641029
C           -4.90834798494103        2.03625234213827        0.11573081691136
C           -3.90722270808836        1.14197261818037       -0.20977917977946
C           -3.04750351559705       -1.87913590475448       -0.94465938333777
C           -2.43706397159398       -2.30540565643493       -2.09654988228546
C           -2.99007926979344       -2.96193178417444       -3.16916125744918
C           -4.28140620733688       -3.39505350081177       -3.00290154265949
C           -4.91398053844352       -3.09380878551562       -1.79980464670250
C           -4.35435681985383       -2.32028484717599       -0.79256918712493
H            1.17579352742317       -3.92173229208603       -0.38009944021196
H            2.08296586389985       -3.06126955531394        0.88350285667990
H            2.08108008921814       -2.53948415783751       -2.10601195604683
H            3.46517544699646       -2.62971518243845       -0.99840010236186
H            1.38305676980891        0.23059525837656        1.76870987514473
H            2.64368465474211        0.64644717327155        3.89222032687960
H            5.10430387877964        0.43918504321623        3.90075284523378
H            6.32218239380167       -0.13618272775340        1.83276541152312
H            5.05498066400142       -0.53750285114235       -0.26379606831436
H            3.25637463717368        2.10939633979321       -0.89941063916764
H            4.47452533094770        3.47085897553589       -2.60182118097993
H            5.29287283715057        2.37716976275687       -4.65130830242426
H            4.76184125661034        0.01784635624713       -5.06912035797848
H            3.51882006610233       -1.30407295952935       -3.41463307448975
H           -1.03997673705198       -3.70219419064528        0.43001675205804
H           -0.07402132143434       -3.35877533723512        1.88202400025673
H           -2.64012515723940       -2.62178672028512        1.83724000057245
H           -1.41709974747395       -1.46161747277963        2.46101114267325
H           -3.39058812158622       -0.23301869517991        2.84117597030551
H           -5.18646137798904        1.35027990299665        3.41537552433616
H           -6.16601045783547        2.79585303607789        1.67339684705079
H           -5.32860847834229        2.67717752538339       -0.64605904451883
H           -3.53362351587899        1.08578558182651       -1.22550147623177
H           -1.44268107860664       -2.09125178995581       -2.21280718133558
H           -2.37733936687016       -3.10382006723301       -4.05110153918905
H           -4.74793969342580       -3.97687782219147       -3.78074468823991
H           -5.90408272932262       -3.48264239637469       -1.65006956164035
H           -4.88683292014266       -2.07808283208623        0.11347498860274
C           -0.37990468540772        1.47029602188512       -0.56374328645553
O           -0.84884917907727        2.47878793851609       -0.89793071002453
O            0.24994017239309       -1.72267388255350       -2.62554155463569
C           -0.61622912674233       -0.56700626788848       -2.87783230592924
C            0.27674756249919        0.43431753452547       -3.43803708693934
C            0.89704610976226        1.31637244683730       -2.60401337142005
C            1.77380868354641        2.24148601652100       -3.10233334415163
C            2.11672141807412        2.14692777209514       -4.43329940055408
C            1.54842249473360        1.18810460663232       -5.26302104825916
C            0.57884180784077        0.34882627341496       -4.77725779580304
H            0.28162712318440       -1.78172470064111       -1.62859038304512
H           -1.42296852014065       -0.76701254190754       -3.59544665523689
H           -1.08897714117112       -0.19675979777422       -1.96115651343211
H            0.88237785126152        1.18105334264894       -1.53594091893867
H            2.15136451254967        2.93306637523497       -2.38806497177070
H            2.89744616397682        2.77882834684807       -4.80872229976436
H            1.85735996143126        1.10748086684800       -6.28914988481997
H            0.06170489836711       -0.40494459756755       -5.35138428332458
78
 energy: -115.088639649840 gnorm: 0.060696233469 xtb: 6.7.1 (edcfbbe)
Co           0.02975562383904       -0.25641901303439       -0.09809983505024
N            0.32299180423264       -2.09939334846969        0.25038465797660
C            1.49931415522173       -2.91667597834734       -0.03519430078832
C            2.43960007993096       -2.30278175074184       -1.07874127343550
P            2.22478369519875       -0.49724074280550       -0.81472134162471
C            3.17764211891231       -0.21023350807921        0.68656778684100
C            2.48500016877446        0.14311554069837        1.83294350144329
C            3.18188313527392        0.37810418058065        3.00156086165729
C            4.56384151061883        0.26883439277085        3.00307900339075
C            5.25568469782905       -0.06070631836973        1.84639699755887
C            4.56206742477128       -0.29986321856166        0.67858677402363
C            3.37184488056597        0.31477627975524       -2.00986717013262
C            3.69295468468621        1.65423999041537       -1.79148944932940
C            4.44045822352226        2.37646918693616       -2.68659072926893
C            4.84032489576638        1.77766046301299       -3.87582764433264
C            4.50882268577587        0.45797183298119       -4.11906051809840
C            3.78971319721981       -0.28332750325644       -3.19195478386140
C           -0.60692286980293       -2.88659649994585        1.04376279856429
C           -1.75605024494510       -2.03737553050606        1.59420154295434
P           -2.08514399038033       -0.86476923675920        0.23343892391607
C           -3.38377166993515        0.28981190288926        0.76812882528815
C           -3.82843414078752        0.39265535267712        2.07961426160383
C           -4.82960987943050        1.29272556600805        2.40079836124761
C           -5.37675792322112        2.10523097543711        1.42171313948767
C           -4.90936998238348        2.03377986894236        0.11794161991666
C           -3.91253977304651        1.13443705796336       -0.20734116340195
C           -3.07454772215263       -1.90681158747393       -0.93452794415471
C           -2.45435178963464       -2.33727690207840       -2.08438220233188
C           -3.02887649300781       -2.99336955779889       -3.14710771696277
C           -4.33034430280456       -3.40608502288499       -2.98662830491441
C           -4.96488333032275       -3.10041179992464       -1.78621143009381
C           -4.39113944791529       -2.32876619609199       -0.78472772443315
H            1.17781680459681       -3.91923240477536       -0.37770781841933
H            2.07833656102413       -3.06975103781232        0.89601772817818
H            2.11187978594767       -2.54807534084068       -2.09081485862325
H            3.47587175537795       -2.62823950003416       -0.96128771537534
H            1.39401708981031        0.22509228949850        1.77793483627064
H            2.65158342760592        0.64860163122704        3.90268710110080
H            5.11207337854604        0.44566815789265        3.91528392804949
H            6.33288488016838       -0.13189136123779        1.84985749104277
H            5.06877773850240       -0.54376183249076       -0.24637741516771
H            3.29644707447260        2.11552418021100       -0.89089228601850
H            4.55737312297904        3.44865916350017       -2.56494814045746
H            5.33304084829370        2.36475481089019       -4.63599080796300
H            4.77208847440761        0.01002282976114       -5.06464370631262
H            3.51941651341887       -1.30379145378887       -3.41481632978687
H           -1.03635526830773       -3.70503458827915        0.42921656184263
H           -0.07363221210406       -3.36741712951868        1.88385265291687
H           -2.63446836897699       -2.63517457988123        1.84949150892194
H           -1.41717097691095       -1.46590310126849        2.46288179276660
H           -3.39696576497436       -0.23627605879588        2.84497678114442
H           -5.18738044384382        1.35381201329040        3.41840375109504
H           -6.16592274863024        2.79787394683516        1.67464530883372
H           -5.32635889992196        2.67706647394010       -0.64373918112486
H           -3.53879590394617        1.07708633713752       -1.22294064358146
H           -1.43708166254547       -2.15000682271611       -2.18263978011306
H           -2.42406902229848       -3.14841676844087       -4.03030045862288
H           -4.80990884134318       -3.97756925750081       -3.76622169085550
H           -5.95997047175545       -3.48209490046542       -1.63547780356056
H           -4.93460901561398       -2.07947286051510        0.11475845924738
C           -0.41210702105288        1.46851666043506       -0.46744949820542
O           -0.91778413755519        2.46049813529457       -0.79062198122035
O            0.28492316261131       -1.69454217774251       -2.65000137014427
C           -0.57661739088198       -0.57855297397313       -2.91981171050349
C            0.27893425387067        0.46607616063902       -3.49276921067184
C            0.88570631526096        1.36570776979906       -2.65675176779153
C            1.74341639097467        2.30910940994650       -3.16350795445264
C            2.10296390577337        2.20788934104631       -4.48906488659818
C            1.55659674817684        1.23318862689858       -5.31425790634638
C            0.58691886491553        0.38498412828504       -4.83071752235827
H            0.27836837397306       -1.78545429013973       -1.67030570609959
H           -1.37864638754001       -0.81836925073944       -3.63465868591451
H           -1.06174249582061       -0.20415267610247       -2.00803587021361
H            0.86377771608034        1.20756213031403       -1.60421485043053
H            2.11731922862261        3.01100476799167       -2.44268924570731
H            2.87971151429329        2.84465935930114       -4.87147406787100
H            1.88233293130677        1.13076629101518       -6.33515127737098
H            0.09160119757747       -0.38361911972340       -5.40541262835057
78
 energy: -115.115463888828 gnorm: 0.046187858820 xtb: 6.7.1 (edcfbbe)
Co           0.02102729652810       -0.25896481110274       -0.08551936427080
N            0.32540956954654       -2.09836562288505        0.26301517538543
C            1.49911109560103       -2.91656682798796       -0.02421282455480
C            2.44759727981000       -2.29769811871592       -1.05618524513323
P            2.22209968879704       -0.48909809073129       -0.80385399103484
C            3.18722315931467       -0.20976817361377        0.69614861135377
C            2.49672237862421        0.13930886833286        1.84569046441477
C            3.19184116945686        0.37577968698367        3.01542798095997
C            4.57398213120478        0.27023999338740        3.01946389929376
C            5.26508418239214       -0.06255214065614        1.86328867663785
C            4.57204008731794       -0.30415035209347        0.69462692635655
C            3.36673014083463        0.30931633242421       -2.00932957607072
C            3.74154440977119        1.63036906216897       -1.76216961894124
C            4.46122329881139        2.35840916054549       -2.68183819005810
C            4.86588823487443        1.76208882373080       -3.86885034759325
C            4.52451379822724        0.44473230723179       -4.11366686793383
C            3.79119250589454       -0.28791448707002       -3.19022957161723
C           -0.60606019487575       -2.89093701172421        1.04673169104746
C           -1.75692958113462       -2.04591937600496        1.59782534013081
P           -2.09939933993207       -0.88245219276532        0.23026721039207
C           -3.39350652309835        0.27670375144139        0.77003480718193
C           -3.83545399049715        0.38537604622479        2.08218772203555
C           -4.83166973387833        1.29147694282795        2.40354446505631
C           -5.37706542145996        2.10488739696469        1.42422726279932
C           -4.91032253711132        2.02986991534989        0.12043047951558
C           -3.91924632062221        1.12400374017716       -0.20499620617949
C           -3.09255171687799       -1.93338490404396       -0.92872183456213
C           -2.45727440124812       -2.37108584413608       -2.07403766807091
C           -3.06138772574425       -3.02721348729526       -3.12301730864958
C           -4.37399742668301       -3.41419937497288       -2.96534809953713
C           -5.01166477779396       -3.10123693181902       -1.76987918215075
C           -4.41811044792024       -2.33299639921653       -0.77682243000253
H            1.17849795354487       -3.91701290802453       -0.37528583014369
H            2.07081449315466       -3.07884211554722        0.91037211906191
H            2.14168232364002       -2.55442596250662       -2.07233141358060
H            3.48373160326395       -2.61752434494662       -0.91683159880900
H            1.40614445548781        0.21964201279779        1.79110170676436
H            2.66091175398417        0.64879734571774        3.91554864736413
H            5.12138605399389        0.45267107849220        3.93152424102267
H            6.34290488719326       -0.12992432605531        1.86898687708950
H            5.08454157344095       -0.55081124834676       -0.22626602285050
H            3.33361980801902        2.12207243721437       -0.88217457801885
H            4.63548564246422        3.42106973213173       -2.52783126499421
H            5.37159333860425        2.34824562567703       -4.62053092143189
H            4.78658343557133       -0.00494180500942       -5.05775330682062
H            3.51030693631443       -1.30388716146373       -3.41846678308009
H           -1.03278771074061       -3.70839165596685        0.42795484905943
H           -0.07403252927225       -3.37601312792997        1.88526510361640
H           -2.62900390417772       -2.64956060174977        1.86214474612090
H           -1.41763060725935       -1.46917833787358        2.46284314273987
H           -3.40534441968476       -0.24201215521606        2.84960352519766
H           -5.18719504313684        1.35740988539959        3.42180029247811
H           -6.16366722804267        2.80081760737986        1.67675962842237
H           -5.32317649303507        2.67622256506713       -0.64092805696904
H           -3.54566021002423        1.06481918854615       -1.22045302195476
H           -1.42417076099980       -2.20212275853147       -2.15931080503010
H           -2.47369154358309       -3.20488065359202       -4.01258122746910
H           -4.86988102965125       -3.97290943053815       -3.74555252561983
H           -6.01418609578626       -3.46913546500990       -1.61827381744034
H           -4.97067616982798       -2.07305200838845        0.11535484164058
C           -0.44286213236865        1.44974112589575       -0.37537434249779
O           -0.97948922645854        2.43136970107150       -0.68241710813879
O            0.31447910015424       -1.66796818405346       -2.67638781303353
C           -0.54632657924976       -0.58562021225617       -2.96587198511997
C            0.28189504894430        0.49167126063385       -3.54791474972610
C            0.87452237991141        1.41052326460718       -2.71473569017178
C            1.71450381540921        2.37204796941455       -3.22572320977813
C            2.09156500449061        2.27159089761469       -4.54780082581933
C            1.56407277426756        1.28324609376751       -5.36777228506242
C            0.59975211669451        0.42313067537330       -4.88653382159626
H            0.27273144310590       -1.79603997343589       -1.70237278996510
H           -1.33776782513182       -0.86890556843741       -3.67807343727332
H           -1.04264262399030       -0.20795216590615       -2.05862882200724
H            0.84073208595861        1.23865074271821       -1.66395291090746
H            2.09044630775974        3.08687256563221       -2.50904552289778
H            2.86172616665254        2.91813617590546       -4.93224879996060
H            1.90625804167215        1.16730088563636       -6.38273512149333
H            0.12924374752809       -0.35396054255791       -5.47037304828279
78
 energy: -115.135486503225 gnorm: 0.038140182447 xtb: 6.7.1 (edcfbbe)
Co           0.00999879373489       -0.26900660834581       -0.08206437895380
N            0.32839054718488       -2.09813911306928        0.27558740015486
C            1.49865347150505       -2.91764450819110       -0.01261019045341
C            2.45476888637013       -2.29021232844836       -1.03066638543534
P            2.21977318645411       -0.47933835447340       -0.79111992335506
C            3.19590253297521       -0.20644650321944        0.70751477585340
C            2.50840083427884        0.13714618990361        1.86123389476672
C            3.20246387151478        0.37323783791822        3.03187605726735
C            4.58477311394032        0.27115087389889        3.03785790205064
C            5.27385951020233       -0.06499825925295        1.88164950530028
C            4.58110449920775       -0.30694897301372        0.71199393725279
C            3.36463113871728        0.30420404894049       -2.00394670617353
C            3.77532962625585        1.61095399274072       -1.73883153309467
C            4.48640716600371        2.33852857857652       -2.67178694084001
C            4.88456923685550        1.74493810507147       -3.85948350492783
C            4.53289650596089        0.42956253261137       -4.10758678269130
C            3.78469182149057       -0.29145285504851       -3.18803970897314
C           -0.60627031887749       -2.89615653314681        1.04827375269345
C           -1.75860322008685       -2.05529033958744        1.60073426732493
P           -2.11181314607680       -0.89897343899209        0.22866427442592
C           -3.40357207347482        0.26136867457730        0.77187482339213
C           -3.84300075009553        0.37563936888664        2.08484234303101
C           -4.83330256094109        1.28866805891995        2.40640602720185
C           -5.37610917384559        2.10390103714805        1.42720069956203
C           -4.91127447627349        2.02415155620047        0.12302125438175
C           -3.92706335239586        1.11084620803809       -0.20281419198194
C           -3.10260739362613       -1.95718123451213       -0.92422669567462
C           -2.45257266851556       -2.40614106707639       -2.06244214610396
C           -3.08729722288659       -3.06369678692573       -3.09587323470566
C           -4.41119456313306       -3.42042738365860       -2.93946621883372
C           -5.05208156077956       -3.09504900772393       -1.75077083357891
C           -4.43569846809811       -2.33191365118930       -0.76731423831698
H            1.17908382024550       -3.91498860125773       -0.37434379367292
H            2.06099928214103       -3.08989139759328        0.92609276667711
H            2.17110046718917       -2.55727472341119       -2.05051485638869
H            3.49128446153716       -2.59930069543674       -0.86805353630403
H            1.41850514817876        0.21498216924852        1.80873283964981
H            2.67108799500577        0.64643539306357        3.93170658714632
H            5.13196522940599        0.45866018448001        3.94936906503741
H            6.35201369893082       -0.13157589430705        1.88947171221433
H            5.10034785708040       -0.55767781386679       -0.20403317036190
H            3.37025415943885        2.12279417586905       -0.87135999658729
H            4.70259204378057        3.38814143934419       -2.49212785533517
H            5.40747191150814        2.32661179943072       -4.60382270916139
H            4.80286740436093       -0.02546914986628       -5.04723615619345
H            3.49329959053396       -1.30398412249216       -3.42155329038156
H           -1.03026943979951       -3.71215105479674        0.42503434409086
H           -0.07579105138839       -3.38567571285719        1.88539332192212
H           -2.62430320602619       -2.66408467311825        1.87433537539136
H           -1.41804767909428       -1.47222862756803        2.46112285458091
H           -3.41553748525614       -0.25091374280410        2.85445012124205
H           -5.18572977996180        1.36028127511240        3.42550904339628
H           -6.15837567418475        2.80487774996561        1.67991596368627
H           -5.31927171023184        2.67410480004397       -0.63788880192146
H           -3.55459675678291        1.04877182422761       -1.21835695792883
H           -1.40927451691817       -2.24861206112788       -2.13993405027246
H           -2.52164692167955       -3.27145326368062       -3.99416342069947
H           -4.92395367783984       -3.96481586384391       -3.72003149404614
H           -6.06389959112244       -3.44198780978182       -1.59875719524897
H           -4.99202313672578       -2.05662747365994        0.11855979231535
C           -0.47413656593369        1.41946184785675       -0.29523248995670
O           -1.03279283105162        2.39668754254002       -0.57708713200322
O            0.33948754265291       -1.64556638297447       -2.70135471815188
C           -0.52761255708925       -0.58717827697919       -3.01734001478339
C            0.28586364396995        0.51019241713679       -3.60539753145455
C            0.86354080637158        1.44795062180568       -2.77559675000697
C            1.68719631829453        2.42650809086915       -3.28721805784115
C            2.08076374633097        2.33411213204658       -4.60687710027267
C            1.57066705137255        1.33490101530949       -5.42382503739925
C            0.61702326059473        0.45890695054857       -4.94486699011229
H            0.27595876053018       -1.80066810517820       -1.73710513631143
H           -1.30423189073252       -0.91279944614446       -3.72733429451527
H           -1.03322435015709       -0.20413198988236       -2.11593164821331
H            0.81129701906099        1.27789615702791       -1.72041721665999
H            2.06599301873922        3.15729314850622       -2.58372175940177
H            2.84150727928625        2.99604977253773       -4.98823990729649
H            1.92569954971045        1.21741487268874       -6.43396675174007
H            0.17122440911315       -0.32022461027937       -5.54473261845569
78
 energy: -115.150980332288 gnorm: 0.031908215448 xtb: 6.7.1 (edcfbbe)
Co          -0.00107519865566       -0.28718018002364       -0.08248987670043
N            0.33174407183799       -2.10095915055930        0.29169909361648
C            1.49858249643229       -2.92043339237191        0.00016627675178
C            2.46181923130854       -2.28168290714205       -1.00268717228212
P            2.21728424853461       -0.46920881333936       -0.77624464847873
C            3.20279709845494       -0.20045204913941        0.72133789491169
C            2.51923474198103        0.13735582605118        1.87962462699604
C            3.21345360331322        0.37122654529743        3.05080638698804
C            4.59583331225519        0.27154994384603        3.05751721366193
C            5.28179710172848       -0.06764656115521        1.90060921184610
C            4.58835229127928       -0.30777557372892        0.73021056407048
C            3.36386269942426        0.29933877164681       -1.99463530370850
C            3.79596477313182        1.59569866272532       -1.72155491187835
C            4.51491672430716        2.31728488195104       -2.65648389142178
C            4.89908770799923        1.72532552405336       -3.84734697817978
C            4.53510904907969        0.41276861882505       -4.09925855623479
C            3.77187707233149       -0.29570167660783       -3.18398705911726
C           -0.60754209474283       -2.90409631916979        1.05182328962467
C           -1.76065501142346       -2.06530200411242        1.60400671776066
P           -2.12050419404792       -0.91489062722279        0.22830552428020
C           -3.41232435568451        0.24460094823717        0.77382677965104
C           -3.84983132096782        0.36374484169841        2.08751625990191
C           -4.83365192400597        1.28407085960272        2.40950812715770
C           -5.37306612918135        2.10208286266603        1.43080520486134
C           -4.91166605184194        2.01641388230172        0.12582244486725
C           -3.93486579020821        1.09535190792152       -0.20059770205959
C           -3.10503761979974       -1.97611613652929       -0.92256119640154
C           -2.44667533493952       -2.43897420124260       -2.05443625020607
C           -3.10787025468229       -3.10151299165310       -3.06985533277692
C           -4.44164742690113       -3.42599462420842       -2.91147027158102
C           -5.08412565991095       -3.08154446045082       -1.73020224905436
C           -4.44419231196779       -2.32438341879962       -0.75737623870540
H            1.18041288632325       -3.91354771449961       -0.37511442114931
H            2.05113647845868       -3.10454519217018        0.94245485009143
H            2.20118160393867       -2.55764771306253       -2.02614800490563
H            3.49887089730157       -2.57648760574025       -0.81774760456373
H            1.43029841605326        0.21289276972634        1.83041622694206
H            2.68206894495540        0.64233359035551        3.95128543057195
H            5.14373631758608        0.46254360424156        3.96811750587641
H            6.36006443660640       -0.13658209353664        1.90967414550734
H            5.11373032866254       -0.56279424692829       -0.18125438529763
H            3.40595634239096        2.11622939085746       -0.85572923326395
H            4.76110150956966        3.35352234120857       -2.45980341391402
H            5.44067015419507        2.29905827924730       -4.58607583106696
H            4.81480452252263       -0.04904379722523       -5.03469466126808
H            3.46925304608016       -1.30475025892915       -3.42182958950791
H           -1.02909949477858       -3.71645533308038        0.42180397699936
H           -0.07950239829391       -3.39915836154398        1.88732174493421
H           -2.62105428850276       -2.67752210416219        1.88579165112348
H           -1.41820720848463       -1.47600066714552        2.45954259353601
H           -3.42613877754333       -0.26306612511112        2.85906355201299
H           -5.18254871242824        1.36142830016076        3.42954639583433
H           -6.14925064556239        2.80973961836713        1.68438509566703
H           -5.31499770795460        2.66968862217681       -0.63471353584962
H           -3.56520528381185        1.02902124675640       -1.21677600399253
H           -1.39594119727953       -2.28968114051347       -2.12967634106116
H           -2.56448675836381       -3.34602083911229       -3.97430839072399
H           -4.96950744980460       -3.95808954925453       -3.69053999169570
H           -6.10578802990316       -3.40197279563591       -1.57695559936678
H           -4.99675492180665       -2.02969912768690        0.12498920509128
C           -0.50578362565585        1.38211303665956       -0.22755350826829
O           -1.08316512818437        2.36101398412275       -0.47336419012154
O            0.36130046127174       -1.62526101151248       -2.72957636719073
C           -0.51647364200924       -0.58112221467936       -3.07391818605072
C            0.29281965229464        0.52559240373936       -3.66564685892085
C            0.85296438265516        1.48055737879080       -2.83760924709162
C            1.66163499023143        2.47359019089792       -3.34781599401025
C            2.06960808227372        2.39297133431234       -4.66562507998972
C            1.57643121702667        1.38612904300507       -5.48250459635940
C            0.63787723427620        0.49136764048160       -5.00491765849381
H            0.27606967564598       -1.80136983702611       -1.76845320114346
H           -1.27385385523261       -0.94293018977802       -3.78408330848987
H           -1.03239601617422       -0.19473386215892       -2.17916080558492
H            0.77586912795914        1.32852389241659       -1.77687500939416
H            2.04061544523181        3.22239653006520       -2.66240745642258
H            2.81826473441158        3.07406249776783       -5.04081648725301
H            1.93978688843701        1.27644115423695       -6.49053750284977
H            0.21517226791130       -0.28666005415856       -5.62359923824960
78
 energy: -115.163229316517 gnorm: 0.028255184821 xtb: 6.7.1 (edcfbbe)
Co          -0.01217547135800       -0.31101834795821       -0.08493566082692
N            0.33498445879792       -2.10729425207988        0.30828352850580
C            1.49941647779938       -2.92538021390621        0.01333983865325
C            2.46813345649307       -2.27308146635622       -0.97397725203490
P            2.21318630405064       -0.46005160611755       -0.75926688239112
C            3.20685271329709       -0.19183795271177        0.73757088149632
C            2.52819659688248        0.14071851698847        1.90056030648476
C            3.22393225308561        0.37042420763549        3.07196001097561
C            4.60617826491600        0.27131557665547        3.07797034147805
C            5.28808906708401       -0.06992666862979        1.91948190835406
C            4.59269871981181       -0.30600193034760        0.74874161178232
C            3.36176679911462        0.29407752486676       -1.98258628353978
C            3.80619888888340        1.58426610898242       -1.70867538972538
C            4.54503376682931        2.29585733104204       -2.63743440974777
C            4.91279334662723        1.70322497816470       -3.83187684747568
C            4.53199041422733        0.39518805640435       -4.08803562623411
C            3.75487256380488       -0.30171165005559       -3.17694456732772
C           -0.60963126731218       -2.91502864525402        1.05594408843574
C           -1.76281620002829       -2.07686176484261        1.60774352003848
P           -2.12498140785888       -0.93021479106287        0.22976102472340
C           -3.41916677948107        0.22715390421255        0.77584977685657
C           -3.85524211252792        0.35019088536465        2.08999866455449
C           -4.83255939011404        1.27751679468313        2.41249483185316
C           -5.36799274530152        2.09887847115092        1.43445799834912
C           -4.91149216253612        2.00629486609112        0.12825427040208
C           -3.94216213409167        1.07766899215763       -0.19875289818548
C           -3.10255845532639       -1.99058532929563       -0.92076961667370
C           -2.44296107204750       -2.46953977857183       -2.04705776664397
C           -3.12449484842214       -3.14021521919134       -3.04456807251637
C           -4.46688163604389       -3.43181365251023       -2.88269489642112
C           -5.10864301870752       -3.06190743812573       -1.70924609678420
C           -4.44683212005136       -2.31171187413279       -0.74653029086338
H            1.18294251623365       -3.91320955708844       -0.37780523168325
H            2.04258902999613       -3.12320997803891        0.95819328642659
H            2.22796218831886       -2.55487179840070       -2.00010892022357
H            3.50558832450459       -2.55233804105856       -0.76961497036876
H            1.44051525091943        0.21556554393790        1.85562429148412
H            2.69321281147778        0.63777140552392        3.97404140003364
H            5.15579388603508        0.46336634987387        3.98748440163037
H            6.36627446819202       -0.14388146757909        1.92851551748498
H            5.12245113514901       -0.56451358665829       -0.15930055751558
H            3.44091979893477        2.10327355645683       -0.83277852504082
H            4.81671513109524        3.32081419981828       -2.43004450184460
H            5.47240036558159        2.26619582912333       -4.56668890963683
H            4.81902166583483       -0.07305341486724       -5.01991849800418
H            3.43916884173277       -1.30646024641470       -3.41832465647735
H           -1.02963736099948       -3.72217951163415        0.41833230338658
H           -0.08556705783592       -3.41662899305029        1.88994664247663
H           -2.61990216364941       -2.69013458181941        1.89619600384356
H           -1.41819453148722       -1.48184356415177        2.45861917968428
H           -3.43605591596395       -0.27800426190503        2.86299402213045
H           -5.17810205978950        1.35985097221160        3.43335687372941
H           -6.13671564937469        2.81435874784640        1.68941432538646
H           -5.31105278189711        2.66187022776738       -0.63223448579381
H           -3.57677212258050        1.00597075243322       -1.21608720982994
H           -1.38673226981929       -2.32625033911160       -2.12453432714215
H           -2.60060176780149       -3.42282315781242       -3.95054236845878
H           -5.00659516242635       -3.95648503872376       -3.65793805438342
H           -6.13927381174447       -3.35289124674639       -1.55432448200259
H           -4.98881212863100       -1.99525537441990        0.13511034486709
C           -0.53618735274786        1.34506066522871       -0.17031190392348
O           -1.11818844281164        2.33092588779768       -0.36744747190307
O            0.37792744780840       -1.60661620276313       -2.75910313704189
C           -0.50941265348593       -0.56981583651986       -3.13394402926189
C            0.30349776563235        0.53898458833190       -3.72780468429631
C            0.84339588080329        1.50989055536966       -2.89992415914115
C            1.63922878246889        2.51433044420204       -3.40782947277974
C            2.05751148065533        2.44631477537276       -4.72455488518685
C            1.58131915597608        1.43367732562509       -5.54328589143309
C            0.66162945252935        0.51775029391873       -5.06545147141511
H            0.28143779305626       -1.78673390277593       -1.80750591540018
H           -1.24553053060721       -0.96105202502519       -3.84690392519622
H           -1.03690776164114       -0.17938245411644       -2.24843374026385
H            0.73541140252096        1.38852623991927       -1.83404389432402
H            2.01329933606622        3.28234116579312       -2.74133874986858
H            2.79078031166216        3.14860973920676       -5.09338163886291
H            1.94590667358683        1.33939645591181       -6.55259944329967
H            0.25813780496062       -0.25677076992836       -5.70181987727308
78
 energy: -115.172915654412 gnorm: 0.027866954613 xtb: 6.7.1 (edcfbbe)
Co          -0.02058041328229       -0.33968793801345       -0.08215982475682
N            0.33824864072473       -2.11847163466961        0.33080762136775
C            1.50101859290669       -2.93318163511930        0.02867840720417
C            2.47277259579395       -2.26521823198706       -0.94439600442764
P            2.20660972370523       -0.45211402457808       -0.74025457441380
C            3.20739390460184       -0.18088310822822        0.75568447850840
C            2.53435996600988        0.14757041421635        1.92320217431101
C            3.23333072855538        0.37153856426798        3.09429287915304
C            4.61524869545877        0.27055551068592        3.09800928618901
C            5.29222742246634       -0.07143406244482        1.93696758188786
C            4.59340699809038       -0.30163837050118        0.76659292983779
C            3.35490571563713        0.28974463233092       -1.96989936058445
C            3.80992661983834        1.57692834168184       -1.69881430045748
C            4.57501292729670        2.27444011215520       -2.61741333708155
C            4.92685155834794        1.67820894042939       -3.81469659463734
C            4.52372393882203        0.37705694953586       -4.07488602369725
C            3.73287347772989       -0.30871754323311       -3.16782219940576
C           -0.61272874069208       -2.93039642078162        1.06448424020685
C           -1.76551841308280       -2.09020638852208        1.61301095041121
P           -2.12473424784400       -0.94646394453837        0.23195637810402
C           -3.42227408808394        0.20942948553837        0.77781620549379
C           -3.85742169206598        0.33558943533859        2.09222005701980
C           -4.82871577973184        1.26923591240863        2.41540777594583
C           -5.36009556215854        2.09401381795033        1.43812223881614
C           -4.90960330545151        1.99393852343376        0.13040862381580
C           -3.94703678289181        1.05858591903655       -0.19714867536148
C           -3.09512375083531       -2.00075087389113       -0.92190353194619
C           -2.44209437618305       -2.49678717096236       -2.04521746604792
C           -3.13903252293598       -3.17840218219516       -3.02439114597821
C           -4.48767726855696       -3.43902586308208       -2.85560271474665
C           -5.12535753102212       -3.03804828097620       -1.69005093641158
C           -4.44404470473251       -2.29462425072258       -0.73777575570005
H            1.18637280766978       -3.91473789526359       -0.38013459792481
H            2.03723978303979       -3.14646864291518        0.97375972721666
H            2.25132117465181       -2.55089416859154       -1.97318167786712
H            3.51050621976411       -2.52945801982611       -0.72473147604752
H            1.44778133927026        0.22291875272762        1.88350722364883
H            2.70446339730821        0.63448896881860        3.99888234707074
H            5.16772753293205        0.46065580661484        4.00638343543686
H            6.37018560619314       -0.15190076456909        1.94432033904975
H            5.12480977266588       -0.56209735128037       -0.13992338216320
H            3.47461084678944        2.08661604038132       -0.80460893835724
H            4.87128586866007        3.29048780464707       -2.40393467567453
H            5.50346150579763        2.22802679779173       -4.54662394087857
H            4.81231538066182       -0.09661370729889       -5.00450928942364
H            3.40292197480905       -1.30828908699932       -3.41101041423129
H           -1.03169180263864       -3.73021629667064        0.41716063514456
H           -0.09461506260851       -3.43986821379986        1.89713466328766
H           -2.62183680982586       -2.70197832467941        1.90577630223823
H           -1.41885993164514       -1.49060977043673        2.46000335931001
H           -3.44288353145055       -0.29469310864131        2.86613486459256
H           -5.17132251656128        1.35555359100720        3.43697102261465
H           -6.12063313883653        2.81773620137673        1.69477261119429
H           -5.30710339990163        2.65025966625357       -0.63044496334233
H           -3.58747785858525        0.98055182301011       -1.21617468368469
H           -1.38146199640649       -2.35864780754231       -2.13038825055599
H           -2.62976504677744       -3.49805238319694       -3.92589663839021
H           -5.03768496617427       -3.96178410655071       -3.62399134508290
H           -6.16387944716350       -3.29785780397381       -1.53253512678204
H           -4.97041365405209       -1.95533493246748        0.14521165058354
C           -0.55964933101078        1.30798236381703       -0.12146982122812
O           -1.15123532235945        2.30625500676802       -0.25714095911633
O            0.39234824470707       -1.58624440292591       -2.79505112833306
C           -0.49986407320938       -0.55187904862313       -3.19429704618133
C            0.31912410794778        0.55608350511424       -3.78908609557160
C            0.83598739100126        1.54248557650385       -2.96207649215290
C            1.62181899635676        2.55378884439961       -3.46835397898867
C            2.04530794744076        2.49511596169780       -4.78478734356346
C            1.58533211899212        1.47788860888460       -5.60513772978182
C            0.68640003955857        0.54169811319332       -5.12447236043237
H            0.27268331401930       -1.76949582839752       -1.83726318763371
H           -1.21372289046307       -0.96338243240157       -3.91464012895477
H           -1.04327536570907       -0.16234751646349       -2.31908190284599
H            0.69500535800544        1.45869871612987       -1.89390702234335
H            1.98510923107798        3.33928721263504       -2.81774569470316
H            2.76076973014407        3.21731917133258       -5.15033816978369
H            1.94519687142220        1.40040406421748       -6.61876370216052
H            0.29994770499280       -0.23320161405895       -5.77258675098478
78
 energy: -115.180491405255 gnorm: 0.027618500807 xtb: 6.7.1 (edcfbbe)
Co          -0.02968344205501       -0.36251953892307       -0.07615011116457
N            0.33991304132036       -2.12840955532669        0.35053313131199
C            1.50223102381673       -2.94033162122535        0.04336894625147
C            2.47609165418859       -2.25815319783714       -0.91667053629262
P            2.19773634939442       -0.44627824775174       -0.71881051188821
C            3.20420074217344       -0.16868289230684        0.77611343227956
C            2.53704595818944        0.15668781645939        1.94792783572521
C            3.24064711711501        0.37358855541678        3.11818883171289
C            4.62209698699954        0.26853899074343        3.11829409952502
C            5.29363619661034       -0.07237158182347        1.95378816531060
C            4.59028516849644       -0.29505187989460        0.78438889334905
C            3.34572893056610        0.28635741383168       -1.95418337053680
C            3.80990547890685        1.57234119279596       -1.68811752524821
C            4.60303701381037        2.25341553571478       -2.59531802810168
C            4.94282293739389        1.65189684526383       -3.79377654143781
C            4.51262113152633        0.36014973032245       -4.05872424587098
C            3.71003271711373       -0.31548343677606       -3.15435793484011
C           -0.61605924359093       -2.94674811178680        1.07094553099550
C           -1.76894464476979       -2.10650588433149        1.61869182089637
P           -2.12257895085733       -0.96251543729389        0.23646023487668
C           -3.42348506772232        0.19180396571543        0.78041296733600
C           -3.85742464225646        0.31999856129734        2.09486281007232
C           -4.82349680403038        1.25880748405579        2.41863615650409
C           -5.35109515608639        2.08650193772700        1.44184044534170
C           -4.90726633088288        1.97904920662513        0.13242061427332
C           -3.95060515435069        1.03809932200935       -0.19559765780035
C           -3.08860476972442       -2.01027573054852       -0.91877030061335
C           -2.44433625963341       -2.52509670387119       -2.03777565168452
C           -3.15321992933087       -3.21707614738857       -3.00193302770850
C           -4.50703231031490       -3.44853745156778       -2.82815447230653
C           -5.13930410648455       -3.01401866370645       -1.67157016745564
C           -4.44192594792022       -2.27799794287789       -0.72778342848019
H            1.18892981253372       -3.91501637566799       -0.38273717010763
H            2.03287029449821       -3.17020438383239        0.98745458475285
H            2.26741561525981       -2.54402060761524       -1.94704891604845
H            3.51398535050831       -2.50986038203880       -0.68579749818530
H            1.45125915538726        0.23449159908010        1.91418211108745
H            2.71480579707889        0.63223540982102        4.02590387017839
H            5.17823823411533        0.45358795525063        4.02566624387422
H            6.37119989085657       -0.15992482374247        1.95806320284793
H            5.12066623843137       -0.55550439839726       -0.12267983898107
H            3.50610752959261        2.06762282845040       -0.77223825582057
H            4.92389006281560        3.26216790465272       -2.37860341794659
H            5.53556183452836        2.18767363358648       -4.52297017275922
H            4.79593509696182       -0.11729945221663       -4.98824834954624
H            3.36191247431274       -1.30849613955763       -3.40064419710478
H           -1.03376029425584       -3.73918367151104        0.41420597680912
H           -0.10467349137350       -3.46513758642965        1.90200554092473
H           -2.62606971373813       -2.71612661197852        1.91345026472695
H           -1.42079677070264       -1.50422122035709        2.46323629960344
H           -3.44682871333827       -0.31267052281572        2.86905399126690
H           -5.16366900344625        1.34786067569582        3.44073058499808
H           -6.10353307196085        2.81798390259000        1.70015746052333
H           -5.30411322311050        2.63482038622914       -0.62917957517196
H           -3.59676668364628        0.95382433294824       -1.21624239635910
H           -1.38100431753439       -2.38939702028873       -2.13379936847922
H           -2.65366827825733       -3.56757772850689       -3.89558789443463
H           -5.06592809364312       -3.97286131671191       -3.58891320992795
H           -6.18486057157235       -3.24188930240806       -1.51349442638562
H           -4.95226472558125       -1.91571516023440        0.15567639126051
C           -0.57571658015157        1.28240145190568       -0.08129105987117
O           -1.14085002128769        2.29252417255611       -0.15317086341901
O            0.40198620008768       -1.56609013770696       -2.82741647267853
C           -0.48927278904266       -0.53327224321078       -3.25506951685259
C            0.33725472377670        0.57203068038347       -3.84998801498146
C            0.83278885522938        1.57080859787044       -3.02449661049866
C            1.61086489056693        2.58844556403617       -3.53023388498150
C            2.03288366506634        2.53909716132959       -4.84772024503590
C            1.58828717454367        1.51669383674519       -5.66836794809193
C            0.71182142782985        0.55997740857470       -5.18308010270664
H            0.28131870790245       -1.72357631351120       -1.88296704606815
H           -1.18395835807252       -0.96039414167421       -3.98466880470835
H           -1.04881954886386       -0.13893301487085       -2.39392226422453
H            0.65480885203505        1.52622877589535       -1.95715984830248
H            1.95570693793251        3.39134808704896       -2.89087549234751
H            2.72688335773500        3.28151648568481       -5.21421039160971
H            1.93617446109997        1.45792533370943       -6.68824255935561
H            0.33855836821653       -0.21604215718830       -5.83694246535067
78
 energy: -115.186228539216 gnorm: 0.031588293371 xtb: 6.7.1 (edcfbbe)
Co          -0.03173532646185       -0.38875680137640       -0.06257373293793
N            0.34107899211888       -2.14439728355609        0.37685948684010
C            1.50384566466198       -2.95068563433749        0.06077955991734
C            2.47696486046951       -2.25217350750199       -0.88865961674587
P            2.18720875229690       -0.44094286762585       -0.69656443274954
C            3.19749529357038       -0.15617517491133        0.79725520882763
C            2.53638560162206        0.16770131064036        1.97292649547383
C            3.24584878621081        0.37728263905791        3.14164849749124
C            4.62669179778184        0.26590200501689        3.13707195188797
C            5.29237091275603       -0.07272907943260        1.96849743386633
C            4.58348877620882       -0.28735247183445        0.80086813849924
C            3.32884559720690        0.28804448831910       -1.93993206159825
C            3.80733413687975        1.57240227274123       -1.67807750602707
C            4.62699896962920        2.23299233093267       -2.57585718916041
C            4.95696331297350        1.62367555955013       -3.77428923387303
C            4.49611144714902        0.34357860621032       -4.04317550606601
C            3.67984720203523       -0.31936342523690       -3.14097506501436
C           -0.62080562241012       -2.96750982926964        1.08309160461662
C           -1.77406268354137       -2.12493068480333        1.62561645082664
P           -2.11635182282661       -0.98001498066186        0.24062546525158
C           -3.41884739183573        0.17543606988607        0.78302754844684
C           -3.85214130432870        0.30540217923856        2.09746405472563
C           -4.81397394295491        1.24850425708265        2.42181015870293
C           -5.33887650659222        2.07789438828283        1.44517132963728
C           -4.90118627417140        1.96377757088489        0.13426578103958
C           -3.94838386724340        1.01909235684898       -0.19387244513736
C           -3.07939320564705       -2.01711484836169       -0.92037718208448
C           -2.44777853151795       -2.55003602895149       -2.03756771874091
C           -3.16752153717164       -3.25269062781918       -2.98629237616249
C           -4.52400945305677       -3.45950222025817       -2.80482136447916
C           -5.14853733373724       -2.99066304651374       -1.65720631371466
C           -4.43652809369615       -2.26078973520979       -0.72236891389441
H            1.19182930338811       -3.91832226080838       -0.38178240136330
H            2.03191632009063       -3.19564407438761        1.00198631557028
H            2.27872150738419       -2.53809773618642       -1.92115835980110
H            3.51534106427025       -2.49390261880693       -0.65127177457111
H            1.45100107441302        0.24914183419031        1.94551856243792
H            2.72444271357680        0.63295569633855        4.05287834112378
H            5.18715568515991        0.44334861973451        4.04355228802224
H            6.36945788037180       -0.16673044078011        1.96838917437796
H            5.11006413499597       -0.54606026623648       -0.10885354224543
H            3.53121649578656        2.05297167066915       -0.74441980880431
H            4.97145149294678        3.23459672150107       -2.35856835528382
H            5.56789969115069        2.14368647876856       -4.49937758651562
H            4.77060453164197       -0.13814582348287       -4.97220521726980
H            3.31536793853341       -1.30562709543172       -3.38693442797046
H           -1.03662354628970       -3.75179698038364        0.41565157612551
H           -0.11737828971842       -3.49463338170291        1.91323863458728
H           -2.63425196120840       -2.73082660255635        1.91895310296090
H           -1.42594269910860       -1.52189889337184        2.46967648845642
H           -3.44483967168982       -0.32948409150185        2.87159071495483
H           -5.15243576034546        1.33949834984450        3.44429551386734
H           -6.08455148872893        2.81565113582596        1.70470232644268
H           -5.29961405872591        2.61722991291986       -0.62848909802179
H           -3.60081286145459        0.92821023490167       -1.21622520525433
H           -1.38288555724925       -2.41680142322032       -2.14939964661346
H           -2.67272941782753       -3.63174888401044       -3.86924394169711
H           -5.09186477542642       -3.98975229964349       -3.55487417712785
H           -6.19973188927541       -3.18812465633601       -1.49780287295899
H           -4.93173428487160       -1.87667690903868        0.16049354140766
C           -0.57462848544526        1.25497825493049       -0.04694919931766
O           -1.14085530750443        2.28303357726018       -0.04020649352823
O            0.41188881429700       -1.54404449617749       -2.86567821961996
C           -0.47144965346773       -0.51067255749843       -3.31211775864392
C            0.35859090560704        0.59530767219330       -3.90509001792922
C            0.83165394006524        1.60997905746898       -3.08490796592205
C            1.60643031247809        2.62782153081030       -3.59261997617317
C            2.02244173525306        2.58166547587160       -4.91214611855955
C            1.59194362787762        1.55142736247424       -5.72988544155992
C            0.73630550587135        0.57996134930081       -5.23724655022020
H            0.26685667238015       -1.68624311505635       -1.90660116092594
H           -1.14927650483098       -0.94295835003422       -4.05411455069094
H           -1.05099893936844       -0.11854428739225       -2.46402167390559
H            0.62447536420493        1.59792240682544       -2.02284286003960
H            1.92983718265075        3.44202043356616       -2.95876078385562
H            2.69489680966129        3.33947533693976       -5.28557852875374
H            1.92560453364803        1.50454459147051       -6.75644914050101
H            0.37639315538928       -0.20551424247814       -5.88851358351003
78
 energy: -115.190622866461 gnorm: 0.018625506352 xtb: 6.7.1 (edcfbbe)
Co          -0.03252743796084       -0.40077746626740       -0.04564489145448
N            0.34018537386582       -2.15360831789100        0.39963377968942
C            1.50382391579880       -2.95636688612024        0.07703263494137
C            2.47680755886765       -2.24724378675827       -0.86452503442658
P            2.17710514731395       -0.43759744901821       -0.67252182950936
C            3.18871984002961       -0.14464252902704        0.81994575198286
C            2.53302102310644        0.17830315725659        1.99893546224293
C            3.24861548345044        0.38031987728864        3.16574443103682
C            4.62882200111641        0.26158356640754        3.15597983554560
C            5.28899594862352       -0.07310622907571        1.98308437320275
C            4.57448456826119       -0.27908932757929        0.81755809837053
C            3.31170073884760        0.29194659056821       -1.92280986498761
C            3.80565115555223        1.57298190122513       -1.66397798325858
C            4.64526181249508        2.21349195579845       -2.55618096264060
C            4.96988019422932        1.59641546524014       -3.75315702618151
C            4.47859616812558        0.32926798964221       -4.02618837597576
C            3.65039773313971       -0.32054326018782       -3.12456496870411
C           -0.62487184428072       -2.98569692383659        1.09200571991473
C           -1.78058644386074       -2.14554763351185        1.63169829962016
P           -2.11065219125813       -0.99620087287254        0.24652624582341
C           -3.41219699596178        0.16069337529399        0.78759015179685
C           -3.84427527970158        0.29118088285943        2.10199975476369
C           -4.80336147961557        1.23676408302563        2.42675835408502
C           -5.32704645049128        2.06647153517909        1.44985498015739
C           -4.89452827158780        1.94756266732863        0.13767430572673
C           -3.94360620132733        1.00133193444575       -0.19048088391921
C           -3.07480166045383       -2.02437558220753       -0.91844785791673
C           -2.45379685578016       -2.57429943515786       -2.03246276056467
C           -3.18222590200619       -3.28691766753572       -2.96792975996139
C           -4.54105232347351       -3.47254825624111       -2.78238160753045
C           -5.15888263561405       -2.97252688859940       -1.64452916299580
C           -4.43512601935629       -2.24766707643220       -0.71676052557665
H            1.19208338296882       -3.91756404502255       -0.37872938304340
H            2.03082797080783       -3.21502588281189        1.01498790931541
H            2.28309010133629       -2.53109383606025       -1.89850438356272
H            3.51573030825913       -2.48337855378700       -0.62439246434032
H            1.44777131672820        0.26395456335402        1.97761482705582
H            2.73233415823878        0.63403837375548        4.08049728642998
H            5.19351906431064        0.42968495794431        4.06178379150604
H            6.36552958976982       -0.17230519547963        1.97798412780263
H            5.09540821916206       -0.53450553820681       -0.09636158009734
H            3.54788491451400        2.04366794069252       -0.72120804725264
H            5.01183730461063        3.20814297481986       -2.33850281659148
H            5.59873865519324        2.10158031318153       -4.47297773971480
H            4.73972161054610       -0.15584446006917       -4.95668830835873
H            3.26537922842555       -1.29895568743497       -3.37277873030386
H           -1.03641690723721       -3.76325324364898        0.41409578779136
H           -0.12827074934365       -3.52150997271906        1.92069479106184
H           -2.64376173090174       -2.75008211055714        1.91944963142240
H           -1.43488200156068       -1.54520925557029        2.47852835384716
H           -3.43852368915273       -0.34548296652615        2.87545608374042
H           -5.14029303969742        1.32887049410628        3.44960942384115
H           -6.06802146101179        2.80830512616916        1.71016493348675
H           -5.29551863129496        2.59817406447084       -0.62619144077747
H           -3.60024279558695        0.90543195091325       -1.21379176870100
H           -1.38892671031355       -2.44185923777310       -2.16065339075017
H           -2.68928478703354       -3.68735274556864       -3.84130056210858
H           -5.11686538594870       -4.00933775953802       -3.52220071758880
H           -6.21450298792225       -3.14294673637931       -1.48585324271937
H           -4.92032635177945       -1.84487532517686        0.16267139877885
C           -0.56457523708746        1.24491952416850       -0.02366631070723
O           -1.09387142410571        2.27997226196603        0.03630107871600
O            0.41915839588317       -1.52116410991481       -2.89755332151113
C           -0.45185421620315       -0.48966759692353       -3.36566971320011
C            0.37993552197726        0.61601345252343       -3.95708554307238
C            0.83626830169503        1.64063778361410       -3.14271515094418
C            1.60796323432152        2.66137888679323       -3.65391766152216
C            2.01356369165118        2.62001427669315       -4.97636025172078
C            1.59450270154777        1.58233983840998       -5.78968664038236
C            0.75970272583691        0.59666920842278       -5.28920212884562
H            0.26524824511277       -1.63107965982122       -1.93564834291847
H           -1.11754801400822       -0.92404390410194       -4.11976272645836
H           -1.04945254631209       -0.09420572633171       -2.53193020076298
H            0.60061837958777        1.65271461621788       -2.08854911617436
H            1.90594514922746        3.48558332904496       -3.02018180674420
H            2.66303418408712        3.39272273483661       -5.36071316922969
H            1.91306250917079        1.54397997021108       -6.82188636877577
H            0.41027957837252       -0.19857848181114       -5.93367643036514
78
 energy: -115.193854963693 gnorm: 0.027812478856 xtb: 6.7.1 (edcfbbe)
Co          -0.02583605295478       -0.41862584163459       -0.03376943957456
N            0.33969816538661       -2.16917748782282        0.41747419172497
C            1.50627278634148       -2.96538229312756        0.09304012087405
C            2.47547928120049       -2.24339519208710       -0.84268742754302
P            2.16683407180773       -0.43529806302020       -0.64792693373315
C            3.17792762910139       -0.13477512516505        0.84336876604712
C            2.52682035299750        0.18790996078880        2.02517779542807
C            3.24788905989222        0.38309676190369        3.19012042756148
C            4.62738898860071        0.25655043530672        3.17588636281614
C            5.28293773872936       -0.07372969982117        1.99913329664414
C            4.56347943648892       -0.27149375285528        0.83553008732128
C            3.28685377832453        0.30126625836649       -1.90611940042195
C            3.79913196828985        1.57639263011045       -1.64883516086954
C            4.65717600963209        2.19444793638616       -2.53832206986395
C            4.97821279611454        1.56810334695902       -3.73208372154532
C            4.45593565752910        0.31544065043563       -4.00894695696112
C            3.61352357965459       -0.31707133225237       -3.10765649415100
C           -0.62870653451943       -3.00606687104121        1.09898022571580
C           -1.78770263055519       -2.16861373384819        1.63493703108064
P           -2.10165812794499       -1.01048009279766        0.25277190364661
C           -3.40032548208730        0.14929621642685        0.79247351117591
C           -3.83183827149660        0.28052680930555        2.10680054225825
C           -4.78979468266812        1.22725947600395        2.43115416895898
C           -5.31386789957780        2.05538342386798        1.45320246883660
C           -4.88417380884844        1.93343342378777        0.14043534907463
C           -3.93275059189305        0.98758764636066       -0.18687412127462
C           -3.07214162371433       -2.03178767452101       -0.91355711949754
C           -2.45933778127826       -2.59859965121283       -2.02288096149833
C           -3.19687114906818       -3.31941461853590       -2.94648299199447
C           -4.55733030054639       -3.48756542245752       -2.75930455590360
C           -5.16945748078391       -2.95896490866352       -1.63215477623171
C           -4.43584459090862       -2.23640128783779       -0.71102481231258
H            1.19601564868061       -3.92154099124278       -0.37236774811340
H            2.03225039881149       -3.23178482548440        1.02884016889775
H            2.27910071620750       -2.52331870073613       -1.87667057807750
H            3.51558861901872       -2.47642106643991       -0.60521960737566
H            1.44181252551425        0.27811063421937        2.00920863194993
H            2.73673550828816        0.63618773566997        4.10800519366049
H            5.19551081705081        0.41467264564592        4.08143478725229
H            6.35893618181968       -0.17692371717003        1.98955417912798
H            5.07832982369754       -0.52304496504029       -0.08292071634769
H            3.55421253890602        2.04539515192176       -0.70440763185440
H            5.04674519365965        3.18035111465224       -2.31959893914058
H            5.62851002068233        2.05672357975773       -4.44445687962674
H            4.70494867028665       -0.17472143245528       -4.93929363902163
H            3.21025086937244       -1.28726545185848       -3.35537767918266
H           -1.03515767940445       -3.77894228902075        0.41343860879582
H           -0.13855030301586       -3.54752462860280        1.92761896476902
H           -2.65526207611237       -2.77191865189510        1.91270262694020
H           -1.44772476644033       -1.57365633189925        2.48783161555714
H           -3.42700636920477       -0.35722406925921        2.87974869158672
H           -5.12619848887979        1.32011790861056        3.45407464333581
H           -6.05354398053259        2.79825236049145        1.71302124614921
H           -5.28874987649547        2.58026647468622       -0.62481763550760
H           -3.59183792884966        0.88756680235462       -1.21050372069839
H           -1.39760014864842       -2.46474357474878       -2.16948126017261
H           -2.70594195277002       -3.73652766135820       -3.81272490363084
H           -5.14034573237402       -4.03089048620074       -3.48915529832060
H           -6.22835612757275       -3.10548119307225       -1.47562634626818
H           -4.91645970854531       -1.81658846732994        0.16207624974319
C           -0.53620748195540        1.23372859623623       -0.00275695385190
O           -1.04619553988377        2.28158922841773        0.12423027978094
O            0.42184734603592       -1.50020105141769       -2.92733794359438
C           -0.43191406476073       -0.46978110309369       -3.41774536183782
C            0.40068378630566        0.63880467420069       -4.00607067018473
C            0.84016196630112        1.67980257020304       -3.20045381303715
C            1.61283433949634        2.69897622068450       -3.71637164548161
C            2.00652510796743        2.65896655292486       -5.04230579791210
C            1.59892539917492        1.60921966597875       -5.84861556497050
C            0.78417034894740        0.61247722898527       -5.33884832693007
H            0.27978781712721       -1.56534414318690       -1.97520592008284
H           -1.08987195013604       -0.90400660649046       -4.18148987278732
H           -1.04477026427167       -0.06849767460654       -2.59865707248328
H            0.58659040932651        1.70588778131755       -2.15372275377106
H            1.88773880414377        3.52757337902772       -3.08039098899229
H            2.63404043351718        3.44227471691049       -5.44103843237441
H            1.90447324603414        1.57318559449514       -6.88505540411653
H            0.44557405916907       -0.19459945777466       -5.97399743873887
78
 energy: -115.196365799187 gnorm: 0.016111742838 xtb: 6.7.1 (edcfbbe)
Co          -0.02002451782718       -0.42598721887968       -0.01920795278989
N            0.33845985476325       -2.17776060545557        0.43787227283896
C            1.50813483213194       -2.96897868484917        0.11085555399829
C            2.47429957370498       -2.24115559257606       -0.82321596486989
P            2.15664957428689       -0.43540303282818       -0.62194748141342
C            3.16783986187506       -0.12742900960353        0.86637370190476
C            2.52056649892028        0.19508461472214        2.05052714476350
C            3.24634899322417        0.38462626463889        3.21353490372015
C            4.62519699335669        0.25143584980885        3.19515766557824
C            5.27701160214887       -0.07423231945450        2.01505778456691
C            4.55330678143082       -0.26496343090037        0.85324045876934
C            3.26154872246640        0.31099787786792       -1.88780341576620
C            3.79407924962471        1.57777742892667       -1.63008580938864
C            4.66349654671841        2.17579003458362       -2.52071680818992
C            4.98195988383169        1.54097254283009       -3.71128386771196
C            4.42955401567535        0.30320830473622       -3.99303033131423
C            3.57483642323667       -0.31147099130923       -3.09100635077165
C           -0.63121109117632       -3.02350527432527        1.10658348679579
C           -1.79597087091194       -2.19104471198257        1.63603241152815
P           -2.09535719121903       -1.02366448106557        0.25684552974998
C           -3.38726120177400        0.13993132677073        0.79924630631574
C           -3.81700807410697        0.27129865512936        2.11399474190934
C           -4.77503032561455        1.21772357046213        2.43855585570751
C           -5.30152555618319        2.04334057023058        1.45976591556578
C           -4.87314501524606        1.92104793415610        0.14664434782250
C           -3.91978435736487        0.97722412729519       -0.18045879674207
C           -3.07327812267947       -2.03736381063409       -0.91351160144021
C           -2.46811127938851       -2.61883807517435       -2.01966845627964
C           -3.21317366061764       -3.34974998920579       -2.92986840163820
C           -4.57352388531963       -3.50673157670672       -2.73930641510588
C           -5.18002336912053       -2.95332306612185       -1.62165021131290
C           -4.43832242091717       -2.22825166840723       -0.70874741898220
H            1.20060053862178       -3.92258655145336       -0.35994928201602
H            2.03555894083807       -3.23950288767824        1.04428912826347
H            2.27497154867399       -2.51815881373541       -1.85852993789711
H            3.51615535946503       -2.47366247815226       -0.59021523203717
H            1.43592128353008        0.28922385708001        2.03902598866669
H            2.73990473853118        0.63777585143134        4.13404004591735
H            5.19595969185535        0.40068256019185        4.10050356382024
H            6.35257778403860       -0.17974602745272        2.00151815074439
H            5.06214541767187       -0.51264002935069       -0.06961521137251
H            3.55250429879222        2.05549239370054       -0.69193131521170
H            5.07410059629059        3.15242581171944       -2.30000223491292
H            5.65077231997871        2.01431804384759       -4.41640972261463
H            4.66588532337029       -0.19163185889278       -4.92384557813493
H            3.15039726180489       -1.27245104089986       -3.34076273769107
H           -1.02919733014044       -3.79336815253344        0.41274165643200
H           -0.14598659066138       -3.56884633809568        1.93558222294400
H           -2.66699308776800       -2.79645117661847        1.89916563580228
H           -1.46517136104856       -1.60461635405016        2.49862833845817
H           -3.41089275063132       -0.36651363614822        2.88612440229065
H           -5.11032871890300        1.31114631811901        3.46179516517835
H           -6.04258178605474        2.78479760780403        1.71913983009812
H           -5.28116391130130        2.56504561461705       -0.61919965060400
H           -3.57887834813457        0.87556908118513       -1.20373480633142
H           -1.40910526663119       -2.48531019194563       -2.18364550214990
H           -2.72386168680682       -3.78144115367931       -3.79071487820685
H           -5.16288760502555       -4.05700945603221       -3.45880177266708
H           -6.24084458480240       -3.08104501621558       -1.46560389736430
H           -4.91781058645312       -1.79420535027292        0.15747895035714
C           -0.50183587918667        1.23464057776383        0.00673123068128
O           -0.97246883845914        2.28259246935430        0.16867892731189
O            0.42544577334750       -1.47755740037834       -2.95384040017207
C           -0.40962098674608       -0.44938025334487       -3.46749402576245
C            0.42252258158689        0.66086336540697       -4.05253934326562
C            0.84927250593353        1.71047740881723       -3.25407476429621
C            1.62042886995038        2.73232814177262       -3.77498271337064
C            2.00185777862919        2.69549104490622       -5.10416723517561
C            1.60402493584500        1.63667342378408       -5.90397208859383
C            0.80824941903119        0.63027721413256       -5.38582249969197
H            0.27580145853474       -1.50584162674169       -1.98797037297841
H           -1.05880418717360       -0.88252048592928       -4.24286196966395
H           -1.04058402008824       -0.04325237538238       -2.66290163138853
H            0.57911787854125        1.74162568561748       -2.21367369758180
H            1.87473235601755        3.56303298454806       -3.13420528917623
H            2.60852182372751        3.48798906347301       -5.51762952378414
H            1.90023354381364        1.60087733763088       -6.94266470835583
H            0.47934547660094       -0.18717876028190       -6.01150136346325
78
 energy: -115.198012947581 gnorm: 0.013172259875 xtb: 6.7.1 (edcfbbe)
Co          -0.01412808500688       -0.44195032478228       -0.01845847241981
N            0.33900566178330       -2.18999130240055        0.44968477423871
C            1.51353324289263       -2.97494890361723        0.12705722658223
C            2.47471349365547       -2.24089299954304       -0.80684710108947
P            2.14853215664820       -0.43781801891297       -0.59815341490758
C            3.15965840355482       -0.12256783005274        0.88786405202350
C            2.51449159392980        0.19938166781385        2.07370394179849
C            3.24260739432056        0.38581345285577        3.23578642508254
C            4.62102201597287        0.24892553529213        3.21555860054499
C            5.27090053373846       -0.07357497349473        2.03355584861020
C            4.54518048273948       -0.25995560685043        0.87242899808417
C            3.23630927218744        0.31980506901843       -1.87057331868888
C            3.78515280777843        1.57813275060145       -1.61321646824640
C            4.66639684770675        2.15900674789751       -2.50455579238580
C            4.98093938676831        1.51638556991115       -3.69173509370375
C            4.40206039989388        0.29200970219263       -3.97808730320124
C            3.53619303529870       -0.30532189755909       -3.07592760576175
C           -0.63219186541980       -3.04016877571678        1.10946976368234
C           -1.80285447056327       -2.21198097977073        1.63191343031023
P           -2.08905564603592       -1.03388269703974        0.25805870584754
C           -3.37401147525091        0.13351991319925        0.80503010328901
C           -3.80208400986058        0.26561749229024        2.12028542088536
C           -4.76078460801783        1.21127704564253        2.44485409186513
C           -5.29042925761304        2.03412406463574        1.46533759590911
C           -4.86165282277023        1.91279039145051        0.15223686830177
C           -3.90622710398148        0.97099599469158       -0.17451748631111
C           -3.07663607775088       -2.04192797820433       -0.91224835457149
C           -2.47706758616346       -2.63547860871715       -2.01506702473364
C           -3.22873380511614       -3.37761975329949       -2.91159466050217
C           -4.58959136708201       -3.52614165443144       -2.71730808080107
C           -5.19175301107904       -2.95185035592170       -1.60781777170397
C           -4.44259549499099       -2.22153689713419       -0.70424355771895
H            1.21180322618487       -3.92937755241685       -0.34470721844617
H            2.04103035272326       -3.24256977083358        1.06104358354773
H            2.26887977471060       -2.51455872670053       -1.84177872141605
H            3.51851578671951       -2.47228457415523       -0.58066659358173
H            1.43036541713330        0.29480161448945        2.06524588435934
H            2.73861837142523        0.63849921390276        4.15781951743063
H            5.19279079129696        0.39250073181306        4.12108175976335
H            6.34625257201375       -0.18054475043385        2.01828705206306
H            5.05125510036557       -0.50518991686061       -0.05245566326406
H            3.54725363588491        2.06981247598605       -0.68049324222474
H            5.09770023241546        3.12574083641625       -2.28051498911224
H            5.66651146930039        1.97470293233778       -4.39071271979897
H            4.62807573621560       -0.20750296550113       -4.90947315062993
H            3.09090413196060       -1.25714491828469       -3.32799909845681
H           -1.02216600178646       -3.80965791988622        0.41113939438188
H           -0.15134326753789       -3.58580780763563        1.94096525211082
H           -2.67717973278038       -2.81963874002202        1.87970914813781
H           -1.48274353660732       -1.63423482519405        2.50461430997130
H           -3.39438524181717       -0.37126467262163        2.89230847638355
H           -5.09513725007528        1.30548363710020        3.46834568620135
H           -6.03471445046336        2.77272724446464        1.72401746454072
H           -5.27171310138068        2.55516037200575       -0.61383605348117
H           -3.56375882278939        0.86927424950278       -1.19722241612196
H           -1.42133040840707       -2.50102515983977       -2.19386694477087
H           -2.74425518376856       -3.82273305789276       -3.76955219819838
H           -5.18297840299433       -4.08435119512902       -3.42695615401607
H           -6.25369995060604       -3.06610759487781       -1.45053695720723
H           -4.92135586487347       -1.77515841839523        0.15636668325188
C           -0.46265658306673        1.22935841750756        0.01690368754921
O           -0.90418808816708        2.28650229020778        0.22745509400498
O            0.42299994241153       -1.45703012216099       -2.97837134718509
C           -0.39470112582452       -0.42908897255655       -3.51607005970690
C            0.44116311723704        0.68085861582274       -4.09824429758141
C            0.85617405360173        1.73916417848159       -3.30513007633089
C            1.62525439572659        2.76309274191222       -3.82905666966249
C            1.99904773976634        2.72935601463829       -5.16049540067814
C            1.61124055794646        1.66288571768333       -5.95560952642129
C            0.83199372486486        0.64754205155783       -5.43097469198889
H            0.28536915264910       -1.44844301807524       -2.01176060098558
H           -1.03325811050461       -0.86597885017279       -4.29954925495641
H           -1.04079083039096       -0.01641710962111       -2.72630278120608
H            0.57520247917084        1.77292203746604       -2.26550109611883
H            1.86782628871314        3.59574674251984       -3.18718920873580
H            2.58788796667564        3.53062599584964       -5.58413540905571
H            1.90364526162267        1.62776847035694       -6.99555312263043
H            0.51622507987400       -0.17955777848148       -6.05210302118087
78
 energy: -115.199276486764 gnorm: 0.012812318306 xtb: 6.7.1 (edcfbbe)
Co          -0.00808537835993       -0.45352386054298       -0.02366761410209
N            0.34000320783694       -2.19914762156049        0.45441197751812
C            1.52092735535051       -2.97888553367191        0.14292925609453
C            2.47687274384552       -2.24328098905402       -0.79427700862461
P            2.14391102795061       -0.44364994522368       -0.57588414506034
C            3.15392738995030       -0.12268956265478        0.90861870358931
C            2.50868509178704        0.19830440436115        2.09512491112339
C            3.23678886058131        0.38454941743475        3.25714186349340
C            4.61512061558927        0.24745728286630        3.23701511054644
C            5.26508655155157       -0.07283343216012        2.05452340620848
C            4.53960644525239       -0.25804807810769        0.89314222187725
C            3.21286148463386        0.32670555275326       -1.85370052719049
C            3.77562623555648        1.57553174303315       -1.59514368541700
C            4.66257864084245        2.14490894293308       -2.48873328512753
C            4.97292704969801        1.49654668903836       -3.67316582555957
C            4.37249457535443        0.28453167089931       -3.96474027045842
C            3.49844705359064       -0.29793162479642       -3.06326496976145
C           -0.63196295399882       -3.05321104328298        1.10716811026316
C           -1.80953201340836       -2.23033798145920        1.62209773990297
P           -2.08476135225034       -1.04048536175789        0.25535038602799
C           -3.36058477146159        0.13118285782878        0.81123406175156
C           -3.78648478974537        0.26273945666922        2.12722030589674
C           -4.74640445082483        1.20678986404489        2.45284438307613
C           -5.28029177042398        2.02745800266767        1.47364479504357
C           -4.84972827423672        1.91003139337804        0.16070431994007
C           -3.89179960506250        0.97109026860833       -0.16669521521261
C           -3.08459537397991       -2.04353715472395       -0.91200655346557
C           -2.48912808136969       -2.64624720925886       -2.01205338884972
C           -3.24578697144410       -3.39972194548281       -2.89489653096233
C           -4.60566618741758       -3.54725328094605       -2.69429813688127
C           -5.20362881725832       -2.95846935799167       -1.59096521213862
C           -4.44952776508695       -2.21788153627131       -0.69875590433223
H            1.22769267945489       -3.93874931660688       -0.32276536190729
H            2.04821760183440       -3.23541384630196        1.08045668360554
H            2.26113856035139       -2.51332168681446       -1.82823109049381
H            3.52268260874953       -2.47540597035360       -0.57756822566002
H            1.42506544437123        0.29264715511605        2.08786040850157
H            2.73296287443517        0.63637982503465        4.17950007186311
H            5.18632957067546        0.38876484324026        4.14304821750575
H            6.34044520364626       -0.17952668695445        2.03948529219633
H            5.04569513425821       -0.50148451331550       -0.03201211428900
H            3.53488553465575        2.08675926376830       -0.67193220891335
H            5.11015059064537        3.10182019043838       -2.26117644160492
H            5.67060528941071        1.94156010274043       -4.36746806636501
H            4.59137909829003       -0.21781229201169       -4.89605459963096
H            3.03902990100811       -1.24032654812467       -3.31524856532290
H           -1.01271227602698       -3.82502404403933        0.40663728782514
H           -0.15430948859118       -3.59629752539144        1.94262234182578
H           -2.68648307228079       -2.84166168031652        1.85222771244100
H           -1.50214409309435       -1.66261768690805        2.50605353887440
H           -3.37642883348748       -0.37315516297197        2.89883718815684
H           -5.07955523797862        1.30089590822739        3.47671866343594
H           -6.02957936398335        2.76136636725151        1.73237488761145
H           -5.26111510136563        2.55225638859528       -0.60463828400734
H           -3.54701505920361        0.87107108921845       -1.18895386391086
H           -1.43609480075411       -2.51198947228886       -2.20125343008747
H           -2.76760983001253       -3.85508977776177       -3.75150113701029
H           -5.20101206156205       -4.11528622143279       -3.39399578755791
H           -6.26500984201015       -3.06748497642124       -1.42985252516189
H           -4.92773555971995       -1.76379485603673        0.15788618645499
C           -0.42124915849219        1.22666292596526        0.01571730118904
O           -0.83180182763343        2.28663552581255        0.25265337522797
O            0.41635591352603       -1.43704441413831       -2.99747302085525
C           -0.38347951745395       -0.40969984718569       -3.56221691421988
C            0.45985541465001        0.69555065759838       -4.14330497159954
C            0.86454249710884        1.75977480132016       -3.35191553900705
C            1.62838232487685        2.78855173236452       -3.87623794650543
C            1.99835214129569        2.75907817586284       -5.20884705001462
C            1.62315089398095        1.68497448039445       -6.00199499994108
C            0.85715660093131        0.66182426730916       -5.47445449801647
H            0.29931899206814       -1.39185344718350       -2.03153954299989
H           -1.00861597990115       -0.85450215337089       -4.35168308090056
H           -1.04337128575876        0.01142514675071       -2.78877195074652
H            0.57543565595107        1.79076924241671       -2.31134058393676
H            1.86840387518428        3.62187703354072       -3.23471902130616
H            2.57271765773897        3.56786324956255       -5.63730646514703
H            1.91509741842317        1.65362401781623       -7.04179982487150
H            0.55090758568194       -0.16624828766459       -6.09578667507563
78
 energy: -115.200166241747 gnorm: 0.011380462187 xtb: 6.7.1 (edcfbbe)
Co          -0.00389099017074       -0.46653822061820       -0.03614737070791
N            0.34013529456177       -2.20926855070810        0.45147039408653
C            1.53029821737662       -2.98264769539696        0.15868760209037
C            2.48113023443141       -2.24874390797975       -0.78405550268920
P            2.14183465127190       -0.45278665958916       -0.55707786567239
C            3.15017414522996       -0.12646092428127        0.92714651274381
C            2.50286959164033        0.19313832907009        2.11328742605442
C            3.22898984415413        0.38228550775235        3.27612293568078
C            4.60772094428655        0.24886808518362        3.25799006121215
C            5.25962687306050       -0.07044630040420        2.07632760210180
C            4.53627393700428       -0.25793863828099        0.91376899345912
C            3.19390407009984        0.32867877423187       -1.83802598413853
C            3.76692194554181        1.56993477962303       -1.57735369923857
C            4.65703233008424        2.13348198692345       -2.47255751566228
C            4.96197179789887        1.48176213409223       -3.65616145859325
C            4.34382384977226        0.27970494917014       -3.95365268809303
C            3.46562158366483       -0.29332825067828       -3.05273349981954
C           -0.63189552822764       -3.06434530882568        1.10127649904312
C           -1.81472275508132       -2.24436236547076        1.60850615772020
P           -2.08192600907530       -1.04449403959120        0.24821136560200
C           -3.34916006838820        0.13107021284597        0.81538484380589
C           -3.77244764997672        0.26093214593144        2.13234280211526
C           -4.73297046023834        1.20356529207341        2.46062016851186
C           -5.27056900018005        2.02415935993836        1.48335024980233
C           -4.83897862519191        1.91175096040406        0.17017381788635
C           -3.87993219052610        0.97482386924155       -0.15950169259170
C           -3.09175225487250       -2.04328335798767       -0.91479812231994
C           -2.50081897322926       -2.65483787301908       -2.01346951064506
C           -3.26191889165982       -3.42039153909063       -2.88181877505607
C           -4.62092155138295       -3.56976575669511       -2.67006549720438
C           -5.21437272156563       -2.96796145456638       -1.57086405206233
C           -4.45515944314869       -2.21536570514501       -0.69211196150352
H            1.24965428364280       -3.95215264728227       -0.29473223954484
H            2.05622092579039       -3.21981864632259        1.10267102808978
H            2.25587059314899       -2.51702133892743       -1.81693185784482
H            3.52894098820839       -2.48099882254321       -0.57598393733771
H            1.41945785185522        0.28406996134649        2.10557183515689
H            2.72309147740060        0.63316068836863        4.19762585063947
H            5.17727301435618        0.39215751873177        4.16472828321643
H            6.33527618632669       -0.17483411363037        2.06318288424747
H            5.04518431566692       -0.50048586887041       -0.01000688551568
H            3.52267569957889        2.09567029961638       -0.66174783584643
H            5.11805554391633        3.08227624692084       -2.24164341829365
H            5.66776520440744        1.91609897500898       -4.34806344421046
H            4.55283687271149       -0.22212460857774       -4.88859626946621
H            2.98084401851417       -1.22557241818262       -3.31215716287202
H           -1.00486550527626       -3.84006931220426        0.40136296259420
H           -0.15627714903161       -3.60252783244293        1.94148620845414
H           -2.69376103514063       -2.85824596262960        1.82359861909147
H           -1.51810052831200       -1.68496831236337        2.50112680628346
H           -3.36050460862856       -0.37486494930464        2.90308658017160
H           -5.06459633064712        1.29636145677552        3.48510235199498
H           -6.02370101430261        2.75389558874818        1.74371120749807
H           -5.25071611797307        2.55577049780828       -0.59337995733462
H           -3.53329720102087        0.87820871624644       -1.18161201127410
H           -1.44951969340457       -2.52049312244279       -2.21033715856734
H           -2.79075533440818       -3.88660896592822       -3.73677882732990
H           -5.21834756490371       -4.14947896291502       -3.35876928253777
H           -6.27511090671384       -3.07637146333584       -1.40195850173179
H           -4.93041796725979       -1.75279486031047        0.16265414555085
C           -0.38319439896552        1.22138189102990        0.01040370378449
O           -0.76193948241473        2.28891090234927        0.27465129035198
O            0.40863854622367       -1.41756812670394       -3.01629836477794
C           -0.37709156235385       -0.39116753139157       -3.60722365802893
C            0.47451385598069        0.71105508055372       -4.18589179437494
C            0.87120417439540        1.77622927243917       -3.39229126157758
C            1.62992575483361        2.80897193047997       -3.91460957642322
C            2.00027730983681        2.78443748824437       -5.24747435961506
C            1.63455615302599        1.71028794564193       -6.04164342780123
C            0.87808903787101        0.67980066228849       -5.51479932700413
H            0.31240426160488       -1.33724975417690       -2.04715153725124
H           -0.98465417147904       -0.84925576609714       -4.40213694306393
H           -1.05202975256753        0.03679757089853       -2.85102883300027
H            0.57524662806894        1.80155459598014       -2.35072211360035
H            1.87588906579122        3.64266262032999       -3.27590259060254
H            2.56415933743265        3.60008289660168       -5.67542275746059
H            1.93263300669161        1.68045351957692       -7.08022231389711
H            0.58983446729483       -0.15777877323417       -6.13875969599633
78
 energy: -115.201112096046 gnorm: 0.006421366276 xtb: 6.7.1 (edcfbbe)
Co          -0.00035742200683       -0.47273953312415       -0.04205350067554
N            0.34005121360023       -2.21493494541384        0.44677662712419
C            1.53249172869696       -2.98786794468574        0.16260522805872
C            2.48287385913307       -2.25703252636313       -0.78310724487355
P            2.14621556068531       -0.46166845465889       -0.55547532389266
C            3.15143580845092       -0.13270391504361        0.93029373051048
C            2.50184594640319        0.18830115875771        2.11471179288581
C            3.22626904688069        0.38128679991828        3.27811648176415
C            4.60545126656912        0.25104068791781        3.26174197080673
C            5.25939880240479       -0.06943730480358        2.08144877462791
C            4.53776108165077       -0.26122822532463        0.91842507438266
C            3.20395541722293        0.31630993397599       -1.83147234276767
C            3.77014884799208        1.56118243791183       -1.56864795052933
C            4.64560870033667        2.13787070159004       -2.47070608701763
C            4.94725522390864        1.49171235322309       -3.65861502572383
C            4.33725325155022        0.28482207438693       -3.95526049038789
C            3.46763717706246       -0.29797503913210       -3.05141084818395
C           -0.63320726894373       -3.06653009804062        1.09987522502954
C           -1.81441810422101       -2.24336320480100        1.60601467550611
P           -2.08071015092608       -1.04380002638350        0.24550340199152
C           -3.34774828404616        0.13270417015805        0.81358871628898
C           -3.77116149029118        0.26109767387434        2.13067686716256
C           -4.73119397335900        1.20376287160614        2.46041462414615
C           -5.26818584350583        2.02623580004441        1.48452763379994
C           -4.83724488847718        1.91493693733818        0.17105612353014
C           -3.87902929368747        0.97770301110992       -0.16005886199870
C           -3.09032668967656       -2.04246134128492       -0.91573078064500
C           -2.49928324356798       -2.65851440501304       -2.01165307882426
C           -3.26131902819777       -3.42100053482709       -2.88116864365293
C           -4.62032690873036       -3.57127891189291       -2.66668611757899
C           -5.21318135436893       -2.96995123342910       -1.56706465625475
C           -4.45397719298069       -2.21508575719227       -0.69132321197751
H            1.25520557779596       -3.96186301262245       -0.28429948333432
H            2.05743999387576       -3.21585393327816        1.10999853779707
H            2.25555766081128       -2.52494530266437       -1.81562340765187
H            3.53074668297165       -2.48874946278840       -0.57605589640700
H            1.41811560994779        0.27777555419211        2.10511785921670
H            2.71851623227883        0.63270255372615        4.19848114786857
H            5.17394160965655        0.39792574153836        4.16875526443993
H            6.33533092359513       -0.17144246810801        2.06957699265707
H            5.04856447305971       -0.50402011933759       -0.00438896257937
H            3.53247446069418        2.07478039548417       -0.64524620533295
H            5.10281256341812        3.08960679115295       -2.24097581138042
H            5.65018300453914        1.93005391214906       -4.35181528287252
H            4.54594606068564       -0.21266965663519       -4.89178252116662
H            2.98528308680406       -1.22869021509889       -3.31025859413310
H           -1.00778020907765       -3.84348194813075        0.40189402081887
H           -0.15800589612148       -3.60300472602174        1.94143422275548
H           -2.69438212378082       -2.85516004786174        1.82200404013606
H           -1.51655026698617       -1.68291093675267        2.49705332483898
H           -3.36012038984928       -0.37599125854479        2.90079405308411
H           -5.06271434656103        1.29516987076226        3.48510622900153
H           -6.02007659025194        2.75650508881194        1.74625110664926
H           -5.24888950596271        2.56007824158920       -0.59165774490898
H           -3.53374221304891        0.88189457027486       -1.18265521124726
H           -1.44061244692208       -2.54839121562814       -2.18995269366030
H           -2.78967610497854       -3.89328551819297       -3.73153231873163
H           -5.21775209569749       -4.15448867438524       -3.35238314632236
H           -6.27331707823356       -3.08512981418696       -1.39327000332430
H           -4.92699579306577       -1.75181824905268        0.16397106850338
C           -0.36971065935658        1.21603638500713       -0.01176628228425
O           -0.73532052177566        2.29129739053526        0.23859080988589
O            0.39486251658468       -1.40155441245665       -3.01555810121951
C           -0.39034777200784       -0.38088121482458       -3.61393276244827
C            0.46274911866016        0.72021258324958       -4.19198859395620
C            0.85507261375074        1.78786358381419       -3.39746614193943
C            1.61713445188575        2.81761673944349       -3.92109849915979
C            2.00368820848382        2.78392436753878       -5.24902685116599
C            1.63987205951214        1.70873378922640       -6.04288150191856
C            0.87462052547314        0.68294587343539       -5.51798377272340
H            0.32466453933771       -1.30061545782064       -2.04432725600667
H           -0.98555650846017       -0.84986841022576       -4.40892202502186
H           -1.07381556669044        0.04550346827571       -2.86654011358546
H            0.55799047506532        1.81289716322340       -2.35703668513956
H            1.89644100785335        3.64237956534661       -3.28168726419606
H            2.58529433769372        3.59168056788812       -5.66962165514130
H            1.94257431819397        1.67680842821036       -7.07994943240653
H            0.58483262757498       -0.15193577633468       -6.14172859005741
78
 energy: -115.202410481846 gnorm: 0.009842604769 xtb: 6.7.1 (edcfbbe)
Co           0.01048247849932       -0.48722545086222       -0.05734169701762
N            0.33968997956078       -2.22812518358026        0.43639675296058
C            1.53744810786178       -3.00043084191236        0.17361210360986
C            2.48628531478534       -2.27823997940691       -0.77989759578430
P            2.16034479870772       -0.48337398224272       -0.54888812022118
C            3.15642558497287       -0.15085900160412        0.94140984703034
C            2.50041726836564        0.17435553666252        2.12084669216496
C            3.22017120280669        0.37879890440642        3.28535560070790
C            4.60036617492724        0.25681507441705        3.27361383112816
C            5.26005373440024       -0.06736544777660        2.09736980895635
C            4.54320380118024       -0.27149071711573        0.93339998254592
C            3.21504666990596        0.29585327719949       -1.82181895293616
C            3.77307032334552        1.54439827807849       -1.55115577622966
C            4.62254867845558        2.14487697542106       -2.46349125716563
C            4.91453155658342        1.51248239011248       -3.66197244970557
C            4.32037982176801        0.29717220552123       -3.95879375291582
C            3.46554522076662       -0.30424099795531       -3.05129475341618
C           -0.63578413814010       -3.07153014091447        1.09822423378252
C           -1.81236927217801       -2.24071349799818        1.60313143837851
P           -2.07556443737557       -1.04303159046997        0.24082476738625
C           -3.34194222763018        0.13680822133703        0.80918778278548
C           -3.76646130930652        0.26158388927084        2.12636766614992
C           -4.72570309472530        1.20410050249493        2.45923236291418
C           -5.26123866932838        2.03089923343670        1.48640250138144
C           -4.83134634828132        1.92201727534864        0.17236555437606
C           -3.87446705387702        0.98434843336573       -0.16185253075578
C           -3.08433850913928       -2.04356627311976       -0.91517287526671
C           -2.49090837471634       -2.67527462833415       -2.00101495350194
C           -3.25524938482126       -3.43193614979983       -2.87280848086289
C           -4.61548068825789       -3.57778989671983       -2.65729300377645
C           -5.20764548517573       -2.97607944827771       -1.55775932350773
C           -4.44927609144857       -2.21325346485590       -0.68986762412449
H            1.26844413654128       -3.98497384526166       -0.25671448153079
H            2.06086100396091       -3.20667281440803        1.12815613024800
H            2.24929082168760       -2.54413450413697       -1.81103905606835
H            3.53442702349927       -2.51318000605361       -0.57902572987241
H            1.41603965739240        0.25996191198171        2.10574708041396
H            2.70765187031468        0.63302742283459        4.20231069250867
H            5.16569465119090        0.41361741250545        4.18117298997061
H            6.33670457539332       -0.16228085796424        2.08884198631672
H            5.05842191460217       -0.51573260337334        0.01322214963094
H            3.54907259933855        2.03298459590806       -0.61140076421514
H            5.06698174099744        3.10492898522705       -2.23821188632666
H            5.60148477109930        1.96578077177310       -4.36314110060060
H            4.52662590226584       -0.18937903421401       -4.90062426353639
H            2.99224490805996       -1.23640218345030       -3.30784546769767
H           -1.01512178500098       -3.85118978545780        0.40554457787634
H           -0.16122994261173       -3.60447343214816        1.94234829985754
H           -2.69503126066878       -2.84739751259824        1.82090277037984
H           -1.51068826127700       -1.67865153467961        2.49115808779079
H           -3.35777429230865       -0.37854269656215        2.89513913877739
H           -5.05754833028088        1.29189783707992        3.48421619175886
H           -6.01104808662098        2.76200208038720        1.75095978116191
H           -5.24295619622459        2.56950035350654       -0.58848320674118
H           -3.53205135224105        0.89054320886982       -1.18551619703962
H           -1.42389401087047       -2.58933733625807       -2.15713057560693
H           -2.78512861211194       -3.90816391525162       -3.72031386489363
H           -5.21376234517737       -4.16386218120905       -3.33986573772554
H           -6.26646161627364       -3.10304865606671       -1.37583975906642
H           -4.91846993203835       -1.74542016581480        0.16469033953793
C           -0.33854207510448        1.20341363251293       -0.06419851285674
O           -0.67522323964057        2.29732656073122        0.14947053396579
O            0.35207176635791       -1.36843626640097       -3.01445631769016
C           -0.42462622376854       -0.35746406403979       -3.63456293481157
C            0.43435345127718        0.74237571905274       -4.20768275884816
C            0.82649977816580        1.80955857215487       -3.40871814960212
C            1.61093856687142        2.82366434000053       -3.92909095916841
C            2.02179266468760        2.77670068234163       -5.25006228440429
C            1.65061856856091        1.70670478352248       -6.04710378700512
C            0.86343410461940        0.69319057865693       -5.52738817494962
H            0.34614155441474       -1.20744588445853       -2.03957071519768
H           -0.99199005151610       -0.84691020163157       -4.43391750642770
H           -1.12963968228963        0.06687570683090       -2.90854231508506
H            0.51347712324423        1.84172857229840       -2.37465631300489
H            1.92466040352234        3.64612155928805       -3.29856999973822
H            2.62997575993242        3.57318864149090       -5.65741134641946
H            1.96893530185749        1.66673896273403       -7.07925370622596
H            0.57463749061584       -0.13968291005588       -6.14990200804777
78
 energy: -115.203243576838 gnorm: 0.014982998116 xtb: 6.7.1 (edcfbbe)
Co           0.02082007031219       -0.50040993455759       -0.07105295593664
N            0.34014675900322       -2.23959415975899        0.43028002115503
C            1.54245439556357       -3.01096837173296        0.18605391737203
C            2.48844513141012       -2.29804629348940       -0.77658700361758
P            2.17303849536324       -0.50347019450630       -0.53865969254155
C            3.16287451470595       -0.17012262069598        0.95432559724979
C            2.50015794927494        0.15945883146974        2.12867910747350
C            3.21474666568442        0.37590885058479        3.29426569861992
C            4.59579489418532        0.26258413361844        3.28756518578743
C            5.26174936000128       -0.06641059381248        2.11605943471906
C            4.55020748016526       -0.28370429063081        0.95098448157614
C            3.21987730560710        0.28097926541395       -1.81220326319832
C            3.77214556108415        1.53169669987444       -1.53608345692333
C            4.59978994923068        2.15038097106068       -2.45574438478978
C            4.88017647155378        1.53123611670169       -3.66434382899130
C            4.29893369599679        0.30988291111215       -3.96173274965042
C            3.46034458665398       -0.30815592403720       -3.04928930299474
C           -0.63683125523772       -3.07611991288737        1.09935351103018
C           -1.80841127338953       -2.23772393701222        1.60371228932514
P           -2.06855040465752       -1.04281035985310        0.23856304328984
C           -3.33390347005501        0.14072974186381        0.80531246596821
C           -3.76002152647251        0.26228422463922        2.12233885417251
C           -4.71885128761428        1.20447135534481        2.45745051280884
C           -5.25290597840672        2.03482298059042        1.48689162312701
C           -4.82296855572285        1.92814422118789        0.17265800432313
C           -3.86670880084281        0.99037838989229       -0.16380552441189
C           -3.07661571867749       -2.04703409912857       -0.91202089745639
C           -2.48052348226448       -2.69060289703126       -1.98980077789023
C           -3.24567293465141       -3.44762680074172       -2.86041805304397
C           -4.60675406179959       -3.58941489916971       -2.64567023314466
C           -5.19948562614387       -2.98424178377072       -1.54836861272867
C           -4.44232900148156       -2.21368355192563       -0.68679095942106
H            1.28070852183840       -4.00448190133478       -0.22813962552215
H            2.06537348698100       -3.19777334976549        1.14567089605261
H            2.23640717155849       -2.56017282148641       -1.80575309918936
H            3.53705794319464       -2.54142264951636       -0.58650538563713
H            1.41534445571193        0.24020529450264        2.10776650209014
H            2.69744011704644        0.63430611170285        4.20736051772654
H            5.15734480275611        0.43077110157995        4.19554768770004
H            6.33911001372595       -0.15341514480354        2.11157291578016
H            5.06954717255062       -0.53078375146111        0.03383938545389
H            3.55755016949502        2.00366645602579       -0.58589179871425
H            5.03540398439369        3.11487199952277       -2.23157967479168
H            5.54942622625874        1.99938400753691       -4.37366235569697
H            4.50130469516442       -0.16688356066613       -4.90941458148193
H            2.99368745497160       -1.24348346191137       -3.30561111387708
H           -1.02125929445563       -3.85748164405938        0.41155390758700
H           -0.16248706326483       -3.60644434165959        1.94512861651239
H           -2.69411149765318       -2.83927194692290        1.82325875916866
H           -1.50261270232306       -1.67517974434146        2.48985710721087
H           -3.35338649234220       -0.38042999779608        2.88997767692642
H           -5.05157342831417        1.28891407735721        3.48244919330615
H           -6.00166827384907        2.76630833272899        1.75334807611771
H           -5.23448057603228        2.57741781844053       -0.58676487643012
H           -3.52597144708647        0.89851888364270       -1.18815227839722
H           -1.41289881043061       -2.60586709377460       -2.14025615852281
H           -2.77674235411289       -3.92727571426972       -3.70637263471595
H           -5.20580409070806       -4.17542185805101       -3.32772552366783
H           -6.25780020988224       -3.11385799620701       -1.36486591411023
H           -4.91077722392031       -1.73636132819480        0.16300403214533
C           -0.30607993840198        1.19313759076984       -0.11009937315885
O           -0.62542552025147        2.30119536584747        0.06116150447529
O            0.30501086494576       -1.33846198012650       -3.01372023762533
C           -0.45798440737490       -0.33576545920595       -3.66075855214310
C            0.41243208883612        0.76138062571744       -4.22403607286022
C            0.80604090330404        1.82647374732354       -3.42150226443408
C            1.61332481843823        2.82535481073660       -3.93502666940309
C            2.04252490329839        2.76868809726847       -5.25091074324804
C            1.66542932975552        1.70400926879219       -6.05133448264875
C            0.85781095478771        0.70257404569079       -5.53762016875948
H            0.34523628286311       -1.12243398968888       -2.04223820235925
H           -0.99668552998661       -0.83998085553822       -4.47044574819784
H           -1.18854000568871        0.08850653945190       -2.95894512356058
H            0.47460781088907        1.86762949576815       -2.39413973760320
H            1.93472530101493        3.64997989882406       -3.31217557743375
H            2.67003515449140        3.55567912400289       -5.64779280798507
H            1.99589507548585        1.65719586077207       -7.07945212845352
H            0.56486970087977       -0.12730202751671       -6.16156727002011
78
 energy: -115.203931344782 gnorm: 0.015512635562 xtb: 6.7.1 (edcfbbe)
Co           0.03516044562580       -0.51303441285986       -0.08327393099758
N            0.34188946174903       -2.25058879700028        0.42932865653444
C            1.54750863019327       -3.02151735150488        0.20146251047690
C            2.48877916949012       -2.31944638011027       -0.77296299394153
P            2.18681645936185       -0.52496327011248       -0.52534859021090
C            3.17128769260483       -0.19217751520570        0.96971539733693
C            2.50087871764860        0.14238923697396        2.13849322691462
C            3.20911550016538        0.37266944064953        3.30531865585329
C            4.59092633390257        0.26912022576878        3.30468236066078
C            5.26420377845408       -0.06638897726069        2.13909745569642
C            4.55921893603550       -0.29865573216252        0.97261447708018
C            3.21997147190246        0.26995312399872       -1.80213528914584
C            3.76742368014942        1.52201064381626       -1.52234640302965
C            4.57518635879658        2.15548286939861       -2.44747430833984
C            4.84148196269448        1.54969980547033       -3.66617182966648
C            4.27074665192412        0.32421909764024       -3.96469921313635
C            3.45095389695471       -0.30944362261072       -3.04591613526574
C           -0.63701302113638       -3.08035052052954        1.10395848425733
C           -1.80275659715489       -2.23336622656185        1.60751777990107
P           -2.05771107209242       -1.04234754031122        0.23773872154754
C           -3.32225114872202        0.14477777205745        0.80146294089770
C           -3.75079682135021        0.26328665399907        2.11809343646175
C           -4.70954669164911        1.20500866231005        2.45466721015578
C           -5.24181763285283        2.03840756093027        1.48571166139678
C           -4.81059500992423        1.93396044698653        0.17171032967183
C           -3.85433720526419        0.99639273185641       -0.16621657025065
C           -3.06648856226330       -2.05134676745077       -0.90687289871612
C           -2.46776490760783       -2.70403788757154       -1.97799446196914
C           -3.23213443650861       -3.46822148862268       -2.84324685276737
C           -4.59366675486900       -3.60675851136111       -2.63032301050541
C           -5.18839133295513       -2.99306467355972       -1.53865707853378
C           -4.43263572766434       -2.21475504084558       -0.68252730651196
H            1.29197087365637       -4.02342421186757       -0.19487488895023
H            2.07156052291871       -3.18817351281136        1.16441626259637
H            2.21475615333623       -2.57482363481066       -1.79917064943628
H            3.53797400770214       -2.57620701371609       -0.59991999313207
H            1.41582028929499        0.21715007024371        2.11084846028047
H            2.68642407207059        0.63625593508922        4.21386752308651
H            5.14765461879384        0.45078912006135        4.21310279962173
H            6.34221498816877       -0.14493983522030        2.14004556274280
H            5.08299252685158       -0.55048652464083        0.05936167899916
H            3.56104117023680        1.98271838471866       -0.56521601183308
H            5.00417752076136        3.12195401117562       -2.22186138877562
H            5.48981919041754        2.03367429841963       -4.38435056024119
H            4.46589055799381       -0.14245656323366       -4.91948561614098
H            2.99138701940660       -1.25020862346468       -3.30230948096131
H           -1.02713344226383       -3.86236614220598        0.42063917585324
H           -0.16314642594243       -3.60902081183485        1.95083876244620
H           -2.69225723236497       -2.82890743695427        1.82911680193773
H           -1.49228432178114       -1.67108798449617        2.49238079213969
H           -3.34610039154050       -0.38170068009562        2.88476938966090
H           -5.04375752159272        1.28631036587561        3.47941102968272
H           -5.99036611178062        2.76990180941039        1.75318248750830
H           -5.22159709443583        2.58485527379702       -0.58661816261254
H           -3.51396313385407        0.90674869944303       -1.19081946657655
H           -1.40328891598401       -2.60784715641905       -2.13270226395499
H           -2.76350853674720       -3.95321826748440       -3.68691171962886
H           -5.19265249197787       -4.19423415426169       -3.31133707429672
H           -6.24674357126732       -3.11984890599849       -1.35732786405980
H           -4.90240348631227       -1.72653733394719        0.16068213839749
C           -0.30584808963163        1.17565624428012       -0.16753619859866
O           -0.56527605410846        2.30319642297720       -0.01183993261255
O            0.25443865972328       -1.30337983994904       -3.01162656290902
C           -0.49122635844989       -0.31274599038655       -3.69558375550283
C            0.39410449391267        0.78070985863484       -4.24462047787661
C            0.78984955846575        1.84250587033586       -3.43911199282762
C            1.62069273231325        2.82637494978012       -3.94204765899632
C            2.06727411195684        2.76087985280822       -5.25273412211539
C            1.68524348274397        1.70194162460599       -6.05719642405295
C            0.85620314299928        0.71373189973628       -5.55168002404287
H            0.31514605295605       -1.04349290320974       -2.05285150161777
H           -0.99561958787061       -0.83094613390508       -4.52040372622173
H           -1.25447548886552        0.11256343245228       -3.02556930208920
H            0.43855673666296        1.89402596425484       -2.41917510513067
H            1.93340346313405        3.65415870657575       -3.32270564479501
H            2.71104343226549        3.53826561147880       -5.64029944870148
H            2.02885996409647        1.64724648288502       -7.08067779347989
H            0.55803713523050       -0.11344078002152       -6.17854583577615
78
 energy: -115.204382191203 gnorm: 0.012627924989 xtb: 6.7.1 (edcfbbe)
Co           0.04267928007906       -0.52537141571574       -0.09185698758201
N            0.34310130324036       -2.26187790784761        0.42829325616660
C            1.55277184244923       -3.03052258670950        0.21677158568650
C            2.48625209764661       -2.33795707502283       -0.77065898344379
P            2.19443369928601       -0.54430523409975       -0.51004090909537
C            3.17846750837333       -0.21559791000387        0.98519838852290
C            2.50142440226159        0.12398034416155        2.14921944104679
C            3.20332155449223        0.36848575241207        3.31687526017494
C            4.58564063576735        0.27485993574662        3.32202715951362
C            5.26571790662176       -0.06819250792391        2.16256987431269
C            4.56718115368525       -0.31549683246200        0.99486060885242
C            3.21298233538915        0.26405804765607       -1.79116731064691
C            3.75803830210869        1.51613989808035       -1.51014380952901
C            4.55003481166193        2.15935739200329       -2.43856158453702
C            4.80096219042182        1.56573505046777       -3.66621728926663
C            4.23703291691338        0.33849914826394       -3.96601057335101
C            3.43682787237828       -0.30791378466588       -3.03990634639005
C           -0.63570335165014       -3.08505814148643        1.11048529993487
C           -1.79558165597187       -2.23076807948620        1.61537931538736
P           -2.04774239644814       -1.04417561999334        0.24121142497981
C           -3.30876606885274        0.14886064826794        0.79971589776471
C           -3.74016993613681        0.26526452596067        2.11558358941398
C           -4.69897842921303        1.20669072872348        2.45211638712208
C           -5.22894981945755        2.04206064813124        1.48344948610530
C           -4.79487642928173        1.93947604824586        0.17023388181357
C           -3.83806917871289        1.00215104016889       -0.16767881094981
C           -3.05692777886441       -2.05646138066794       -0.90029621289042
C           -2.45504972455191       -2.71402969151034       -1.96668313755376
C           -3.21666836143171       -3.49174606776676       -2.82304060210642
C           -4.57823799565047       -3.62851111233807       -2.61317579587571
C           -5.17679224924603       -3.00189823224305       -1.53043106886482
C           -4.42296230886894       -2.21668562282511       -0.67800174369974
H            1.30369312262801       -4.04005108836293       -0.16112687879452
H            2.07941391862887       -3.17674936886604        1.18143628806488
H            2.18591177185419       -2.58452893411478       -1.79296225848376
H            3.53611710155597       -2.61058666336347       -0.61934223359167
H            1.41641627089283        0.19236637692327        2.11548763455455
H            2.67570915823796        0.63783128717852        4.22089406826166
H            5.13741508698825        0.47077003477101        4.23052842483200
H            6.34425065297104       -0.13867853072648        2.16943346602020
H            5.09511164530710       -0.57326243287187        0.08585782866642
H            3.55819677761116        1.97288900433203       -0.55052734758621
H            4.97548783778499        3.12510980288327       -2.20903626481518
H            5.42761228594611        2.06447513730446       -4.39263141995367
H            4.42198526788216       -0.11893022526973       -4.92836199542394
H            2.98407443574972       -1.25562022991507       -3.29700902083792
H           -1.03232985148792       -3.86740623727038        0.43219206141811
H           -0.16081232465979       -3.61212072483437        1.95765679205610
H           -2.68877132865010       -2.82021606272071        1.84022422964469
H           -1.47975090004101       -1.66874837703510        2.49902176103054
H           -3.33731466698827       -0.38161659065428        2.88153176967759
H           -5.03536493042397        1.28561423946606        3.47622790767932
H           -5.97820427018190        2.77323453974208        1.75050709439839
H           -5.20472892911774        2.59148942876641       -0.58773445880442
H           -3.49634421096302        0.91424910042118       -1.19196835943735
H           -1.39657792382308       -2.59551411170727       -2.13451410774125
H           -2.74687846236737       -3.98373850443459       -3.66342246721459
H           -5.17582854170376       -4.21980321820883       -3.29227596806215
H           -6.23578728474583       -3.12063673377897       -1.35503575687001
H           -4.89617485255612       -1.71806124255556        0.15770210694813
C           -0.23769432559686        1.17420568877960       -0.17922613529170
O           -0.55572672481910        2.29264316504434       -0.10868770049636
O            0.20522686308388       -1.26718292387081       -3.00972614918782
C           -0.52071070293694       -0.29092549773603       -3.73582054653854
C            0.38095056027755        0.79788316634853       -4.26885450894177
C            0.77965459740652        1.85543341159070       -3.46137221295551
C            1.63207142163972        2.82639387065001       -3.95059178748632
C            2.09318988089689        2.75406448595590       -5.25623224733166
C            1.70750364038277        1.70078884668004       -6.06510099813944
C            0.85809629675024        0.72564456220602       -5.56976660358264
H            0.26699784574345       -0.97349596455450       -2.07132080302881
H           -0.99168192673767       -0.82051417118877       -4.57596310584090
H           -1.31680466315580        0.13787441008495       -3.10098925518455
H            0.41008097239904        1.91758553587407       -2.44875502959193
H            1.92098317891760        3.65721520817770       -3.32866871788567
H            2.74901679605766        3.52236875428798       -5.63652902189932
H            2.06447899245147        1.63781663567720       -7.08353226356383
H            0.55497675941118       -0.09957486030727       -6.20077685084354
78
 energy: -115.204872433825 gnorm: 0.007611664486 xtb: 6.7.1 (edcfbbe)
Co           0.04531155860909       -0.52617882200246       -0.08382853396991
N            0.34418976013772       -2.26435830747033        0.43492718238462
C            1.55330484711519       -3.03308639003467        0.22202732965297
C            2.48220708706795       -2.34288342262609       -0.77136594091566
P            2.19344453849263       -0.54968710471037       -0.50740315587282
C            3.17839460498843       -0.22195519992345        0.98839219821137
C            2.50032910364113        0.11857770508570        2.15181637651701
C            3.20035665872240        0.36620162525204        3.31976951599693
C            4.58273705057934        0.27481328755199        3.32657058009295
C            5.26408098083313       -0.07070771052580        2.16871855766712
C            4.56723996610948       -0.32095761510799        1.00065447271574
C            3.21166110615140        0.26184034633233       -1.78618083521313
C            3.75403541620215        1.51505099759766       -1.50569043305495
C            4.54044963233859        2.16247292102290       -2.43740355984117
C            4.78662990134575        1.57199752032192       -3.66746461887702
C            4.22368887257525        0.34388411220387       -3.96678364686909
C            3.43110308190396       -0.30663871028462       -3.03708049198029
C           -0.63549228361455       -3.08668951602576        1.11603712188974
C           -1.79419922212381       -2.23024888660747        1.61966509554807
P           -2.04368945689025       -1.04471289014943        0.24399513675566
C           -3.30358789538695        0.14950970614779        0.80081452898277
C           -3.73603056422569        0.26639218103331        2.11626627291864
C           -4.69463684744324        1.20830499840998        2.45158533607209
C           -5.22312963378193        2.04359067336431        1.48200460433624
C           -4.78706182071873        1.94127377774307        0.16945806695810
C           -3.83034398951888        1.00349224700926       -0.16723410744938
C           -3.05343220433981       -2.05666758320997       -0.89812913700817
C           -2.45089220365067       -2.71408277920199       -1.96408062896955
C           -3.21064317555003       -3.49791195809578       -2.81652481683963
C           -4.57192154820576       -3.63666549247722       -2.60646765606194
C           -5.17240935992101       -3.00383580344618       -1.52837173142027
C           -4.41938673408669       -2.21713392032262       -0.67655879116407
H            1.30424573554343       -4.04433067069788       -0.15065479914593
H            2.08359270458355       -3.17401269819591        1.18528111270187
H            2.17411467355653       -2.58674604423168       -1.79155200509636
H            3.53184368140938       -2.61827141901016       -0.62793739089158
H            1.41536114347798        0.18517201166229        2.11712952441396
H            2.67148368432492        0.63659198384488        4.22271816259371
H            5.13322999598759        0.47445071177347        4.23496211146804
H            6.34262799715584       -0.14034657839131        2.17753049656871
H            5.09679492421802       -0.58067158489580        0.09318446663579
H            3.55698148485724        1.97156330416110       -0.54470139540997
H            4.96586026954212        3.12815039241113       -2.20648529367003
H            5.40925122641208        2.07308781139047       -4.39465941873144
H            4.40324504497631       -0.11096930316535       -4.93111585288619
H            2.97933064083863       -1.25429453656712       -3.29393892371037
H           -1.03312372950290       -3.86847159068191        0.43763671672989
H           -0.16132238924461       -3.61428286949106        1.96330545833764
H           -2.68821332551393       -2.81791853197605        1.84562586167818
H           -1.47739427402600       -1.66752668074969        2.50246192141373
H           -3.33380259811965       -0.38063028703295        2.88239915541907
H           -5.03210472334217        1.28754136046953        3.47529646198799
H           -5.97276812588506        2.77472739630079        1.74787683068323
H           -5.19535674208312        2.59374864971775       -0.58896670799741
H           -3.48656642923665        0.91583131684073       -1.19086080899747
H           -1.39085491784131       -2.59740429856480       -2.13190636500293
H           -2.73879423041845       -3.99532319585287       -3.65263096696986
H           -5.16754338422266       -4.23513996981036       -3.28110567479841
H           -6.23212555842541       -3.12083407683880       -1.35440961769576
H           -4.89394614023498       -1.71886621327184        0.15821169154821
C           -0.25861274804212        1.16780778652898       -0.18882767849586
O           -0.54177942790393        2.29235649943849       -0.10547913137236
O            0.19048439655767       -1.25901240803537       -3.01707720437193
C           -0.52782735230484       -0.28503605086361       -3.75160643779669
C            0.37788568679465        0.80012083062014       -4.28374612686755
C            0.77559532289070        1.85709976767960       -3.47508360027946
C            1.63003996303746        2.82849274329422       -3.95963428334963
C            2.09962243364253        2.75420799614908       -5.26173840377789
C            1.71550923011340        1.70130782877521       -6.07231803170899
C            0.86019287509925        0.72859692478345       -5.58291844856042
H            0.27164002177139       -0.94211581015302       -2.08077668456113
H           -0.99974188320786       -0.81676507500102       -4.58587679270094
H           -1.31999370208418        0.15041979822094       -3.12280348836805
H            0.40583778855541        1.91962776029812       -2.46351294853796
H            1.92183834321118        3.65437611766888       -3.32963065501470
H            2.76311691750916        3.51871239437209       -5.63889497627009
H            2.07903583016496        1.63668194518943       -7.08829610824538
H            0.55933288499077       -0.09566942064776       -6.21564939322882
78
 energy: -115.205143940538 gnorm: 0.003734208849 xtb: 6.7.1 (edcfbbe)
Co           0.04427685162073       -0.52883995611455       -0.07488354452546
N            0.34529959786254       -2.26722674697080        0.44639900376553
C            1.55378356691994       -3.03532971854382        0.22944762734904
C            2.47420238867685       -2.34708051880814       -0.77323081757497
P            2.18996327763057       -0.55462719164868       -0.50227914808213
C            3.17694243670450       -0.22999474503036        0.99384627264067
C            2.49799817671926        0.11135680495902        2.15670019086245
C            3.19595454063393        0.36231926124699        3.32472374897976
C            4.57841366058716        0.27310555669027        3.33300121815387
C            5.26076852841468       -0.07554862885548        2.17683360654964
C            4.56565365172948       -0.32859429809443        1.00858586016901
C            3.20654371299370        0.26120991690202       -1.77911967821365
C            3.74656776875343        1.51519243278280       -1.49945894173915
C            4.52710369573260        2.16640661732591       -2.43490664423691
C            4.76649561483905        1.57992368183592       -3.66787395249808
C            4.20312001133913        0.35148906051171       -3.96682038049642
C            3.41967141007025       -0.30300064936069       -3.03289833115139
C           -0.63489131459866       -3.08922997098954        1.12625347328879
C           -1.79331322691675       -2.23192823452124        1.62850000011899
P           -2.04025001585046       -1.04762264954689        0.25150190914621
C           -3.29735973036784        0.14934308823084        0.80486847886422
C           -3.73144076852707        0.26835310475412        2.11946986392579
C           -4.68906141559506        1.21207523752523        2.45180875532568
C           -5.21427782813193        2.04683245548059        1.47992846063228
C           -4.77449258670113        1.94398367029219        0.16868633908345
C           -3.81860417990602        1.00443538429995       -0.16503197431249
C           -3.04884599894961       -2.05861788685540       -0.89326557048553
C           -2.44424736734108       -2.71641967324950       -1.95759852423921
C           -3.20066295791349       -3.50846825576407       -2.80536889567198
C           -4.56170996641581       -3.65041194603976       -2.59585720830556
C           -5.16573481781452       -3.00908831086514       -1.52483634968031
C           -4.41483110645842       -2.21937217701446       -0.67383798822180
H            1.30434354571365       -4.04873972343652       -0.13610137240767
H            2.09138220028163       -3.16920434137888        1.18936093891506
H            2.15372370177365       -2.58756829572151       -1.78981151888296
H            3.52377945542712       -2.62545575164797       -0.64237342180999
H            1.41293556477214        0.17599974845266        2.12114810157336
H            2.66571562405756        0.63377026579597        4.22647160014176
H            5.12762564472202        0.47680065469058        4.24100862675392
H            6.33922809024638       -0.14509201155484        2.18768269180190
H            5.09698541693549       -0.59046579726919        0.10280382445492
H            3.55416236434041        1.97223549681724       -0.53699400078350
H            4.95192910842404        3.13246131087740       -2.20283409036594
H            5.38293546673657        2.08454304648047       -4.39691770487270
H            4.37414475988973       -0.10003476660754       -4.93381253478003
H            2.96966841135982       -1.25094702042496       -3.28881686054201
H           -1.03274894714097       -3.87072061593635        0.44751397017318
H           -0.16158110424637       -3.61731809946848        1.97381371576243
H           -2.68760194947169       -2.81819941049847        1.85627279412162
H           -1.47560128743473       -1.66740049323874        2.50977525020921
H           -3.33067548014904       -0.37865212574895        2.88636288219598
H           -5.02848930305541        1.29289882385859        3.47471103261915
H           -5.96433089800499        2.77840429052318        1.74309377609898
H           -5.17938309799216        2.59711321443495       -0.59102164108442
H           -3.47091093144858        0.91603640970277       -1.18731693634027
H           -1.38323919724121       -2.59910377291646       -2.12695388419608
H           -2.72541612278703       -4.01178586076536       -3.63585723120580
H           -5.15394745543045       -4.25918823625064       -3.26436374918820
H           -6.22661424218374       -3.12344109930969       -1.35381220473288
H           -4.89220601913987       -1.72090601294841        0.15888744734242
C           -0.26777977710689        1.16288423121891       -0.19495659057122
O           -0.52588517123859        2.29533459580617       -0.11382900461972
O            0.17940791658079       -1.24244188811539       -3.02901430186392
C           -0.53373126487745       -0.27612259963451       -3.77516074443336
C            0.37585586655601        0.80467773880269       -4.30688907857626
C            0.77030982379125        1.86111157566250       -3.49639525494983
C            1.62889017574412        2.83288592442041       -3.97409485002224
C            2.10939800779448        2.75690594252553       -5.27110956614717
C            1.72866946291321        1.70408048668387       -6.08417123921552
C            0.86749331997897        0.73327821737786       -5.60315993807465
H            0.26488213503529       -0.91727517979444       -2.10076958182307
H           -0.99851097857981       -0.81545407625330       -4.60703636544217
H           -1.32853974533884        0.16522298717975       -3.15792938949203
H            0.39849975118393        1.92432111546590       -2.48605783585411
H            1.92075354628688        3.65242248386221       -3.33306149196006
H            2.77949917648572        3.51767015591864       -5.64486017638643
H            2.10053660244960        1.63818417318192       -7.09682665489181
H            0.56993267058553       -0.08931642106654       -6.23892564720650
78
 energy: -115.205371245079 gnorm: 0.005750770796 xtb: 6.7.1 (edcfbbe)
Co           0.04372476294465       -0.53227297729869       -0.06744052337248
N            0.34537511389809       -2.27069801952336        0.45892860429555
C            1.55415134086243       -3.03789490458099        0.23975224083828
C            2.46299594588657       -2.35322692306865       -0.77612280198934
P            2.18602917660337       -0.56165061183921       -0.49524158064443
C            3.17392358029858       -0.24245937474342        1.00225801056049
C            2.49338941692077        0.10021865571205        2.16405682399241
C            3.18881070929070        0.35577074959031        3.33228007916121
C            4.57150697727822        0.26922049267100        3.34252101755067
C            5.25537691792483       -0.08322540123970        2.18845015856233
C            4.56245180171812       -0.34018515722252        1.01977558300570
C            3.19856371640156        0.26053251018066       -1.77004365019733
C            3.73608241349192        1.51499393068954       -1.48997688833560
C            4.50749681520555        2.17209245713234       -2.43017318573418
C            4.73676748948384        1.59236277320969       -3.66804293002260
C            4.17375602171093        0.36326459913465       -3.96712106084300
C            3.40248081110717       -0.29758053269488       -3.02816999517526
C           -0.63411175516069       -3.09212395690140        1.14037055332651
C           -1.79243438101991       -2.23450128633248        1.64165444201352
P           -2.03616964396674       -1.05181499981520        0.26300744813910
C           -3.29006842317933        0.14855651594730        0.81154209086570
C           -3.72690151833058        0.27101624647612        2.12485200649940
C           -4.68210552076216        1.21857090800310        2.45274394268068
C           -5.20140367526463        2.05332183734521        1.47757579389507
C           -4.75656171134101        1.94875365810539        0.16816501570341
C           -3.80301009837103        1.00541747991820       -0.16113805570376
C           -3.04182005828947       -2.06276591388458       -0.88447039930690
C           -2.43325441234643       -2.72328912029206       -1.94472822538225
C           -3.18486628353417       -3.52533172652675       -2.78740595631383
C           -4.54589192815220       -3.67111947860722       -2.57940923838345
C           -5.15518029942973       -3.01973645864003       -1.51756610169173
C           -4.40815622735411       -2.22379877792502       -0.66870071144540
H            1.30503792965293       -4.05513347204689       -0.11491140905092
H            2.10132210959555       -3.16086274418475        1.19588391601362
H            2.12396374804809       -2.58942400991563       -1.78766779801157
H            3.51295220429698       -2.63614803377330       -0.66301278427123
H            1.40812057073667        0.16303282636620        2.12701459314443
H            2.65671940838303        0.62898223417698        4.23237569654248
H            5.11918329002355        0.47813459233684        4.25012980571149
H            6.33383851578609       -0.15229993099802        2.20172706206197
H            5.09611225744517       -0.60423856553314        0.11598014557968
H            3.55093512052008        1.97009039521665       -0.52458256309993
H            4.93085027414696        3.13883736765334       -2.19692859616684
H            5.34366841955970        2.10311109236215       -4.40068222184322
H            4.33374513881155       -0.08287535155126       -4.93814852228034
H            2.95468613156052       -1.24615203859756       -3.28289285229919
H           -1.03220471332793       -3.87450042534805        0.46252973648002
H           -0.16091366116575       -3.61964497393618        1.98855264580965
H           -2.68655888408149       -2.81976653266851        1.87187098292255
H           -1.47363920575044       -1.66749194901067        2.52096127233836
H           -3.32927029712877       -0.37624755472251        2.89317986848719
H           -5.02429219152810        1.30233649412238        3.47447148201563
H           -5.95087190770312        2.78677855632052        1.73688890115749
H           -5.15560599055265        2.60336180168316       -0.59341460577354
H           -3.44986851481299        0.91535668002974       -1.18146623046672
H           -1.37176224986633       -2.60374391431913       -2.11473501773734
H           -2.70521494621955       -4.03487255039839       -3.61125634229124
H           -5.13367126122721       -4.29121450725053       -3.24146993542294
H           -6.21726269179775       -3.13205663680023       -1.35045663492298
H           -4.88971475204783       -1.72189416221026        0.15957021273302
C           -0.26384131002222        1.15880491917942       -0.19642147351453
O           -0.51139239230156        2.29452623975488       -0.12991011082110
O            0.15937146857152       -1.22127877675914       -3.04379658696366
C           -0.54254699534345       -0.26435267352767       -3.81158064448887
C            0.37410226137307        0.81115542311672       -4.34141858193018
C            0.76308999242720        1.86688079069840       -3.52749448777021
C            1.62910297450723        2.83805771128139       -3.99559427421739
C            2.12462294783167        2.76024276352049       -5.28572494720567
C            1.74881067292287        1.70783910639964       -6.10267942376814
C            0.87936049675225        0.73936838160699       -5.63304613135164
H            0.26657097238737       -0.86634890772824       -2.12536460510998
H           -0.99465300556648       -0.81564782766733       -4.64233165135619
H           -1.34594489277994        0.18630455982594       -3.21316911103779
H            0.38223604649709        1.93287006966441       -2.52021014720466
H            1.91753960287221        3.65178120838625       -3.34416603968745
H            2.80225950645541        3.51702520524890       -5.65387386217983
H            2.13250190584667        1.64080331363317       -7.11078832426056
H            0.58610926862553       -0.08086938230034       -6.27316426217805
78
 energy: -115.205545731150 gnorm: 0.007798712939 xtb: 6.7.1 (edcfbbe)
Co           0.03890371097174       -0.53187099055205       -0.05739254668840
N            0.34444843916652       -2.26978151725377        0.47452947747528
C            1.55245663971000       -3.03610135653307        0.24667334073388
C            2.44961657162281       -2.35235517642456       -0.78016605507471
P            2.17756077391552       -0.56154336411596       -0.49118720267510
C            3.16642783694887       -0.24908020771337        1.00759401522875
C            2.48636657823654        0.09311179398811        2.16990211890986
C            3.18151514650531        0.34748684190361        3.33814654508634
C            4.56420187770228        0.25931247148843        3.34840299870656
C            5.24735317027081       -0.09409382671562        2.19434784975618
C            4.55443645775652       -0.34889193797978        1.02535113518464
C            3.18750748951118        0.26515628100687       -1.76397014651845
C            3.72517023247624        1.51888387770446       -1.48358655806471
C            4.49287076405268        2.17718417842883       -2.42631826570818
C            4.71485594748730        1.60111426903232       -3.66646923390842
C            4.14868909422794        0.37316558151096       -3.96622738358424
C            3.38393860868341       -0.28964880061854       -3.02479408796759
C           -0.63253566806624       -3.09333188602339        1.15724105809506
C           -1.79319216548189       -2.23844130754746        1.65736495413636
P           -2.03582787955346       -1.05658249150319        0.27812926575898
C           -3.28738834985129        0.14567303968154        0.82225770708544
C           -3.72746616716352        0.27405189352034        2.13392375653526
C           -4.67848429323095        1.22805823791126        2.45538936858644
C           -5.18938318750061        2.06267263608191        1.47554998292339
C           -4.73914755749285        1.95365430453547        0.16830721988192
C           -3.78987294152614        1.00401693012835       -0.15460245248515
C           -3.03638659555252       -2.06844750912055       -0.87256357997778
C           -2.42237204666092       -2.73096437397606       -1.92821655534900
C           -3.16790944638365       -3.54117186774786       -2.76831180937305
C           -4.52909411017105       -3.69182980202080       -2.56319309264909
C           -5.14474736772242       -3.03371464706793       -1.50965851492769
C           -4.40326251782268       -2.23097794254777       -0.66209796599094
H            1.30153113827357       -4.05450511063059       -0.10186047216347
H            2.11005331545972       -3.15438436123768        1.19693175591453
H            2.09553518425933       -2.58590887387425       -1.78654949727690
H            3.49989015054482       -2.63699110565180       -0.68231109126842
H            1.40097270000430        0.15681907044621        2.13329633025508
H            2.64938521803105        0.62090699599211        4.23808293340284
H            5.11201835769913        0.46801597805120        4.25564892224211
H            6.32562610234357       -0.16568879227773        2.20799603274439
H            5.08869361324119       -0.61307320887289        0.12197776904630
H            3.54565035589487        1.97402979519605       -0.51721133099551
H            4.91714092547895        3.14349250652700       -2.19230189290144
H            5.31782070546034        2.11358461030668       -4.40038759719478
H            4.29945465632819       -0.06994345437369       -4.93951754378340
H            2.93511293208901       -1.23729813071375       -3.27862572858407
H           -1.02835102232678       -3.87747976696622        0.47973908284760
H           -0.15819985988966       -3.61943423848833        2.00588203593620
H           -2.68546824811767       -2.82564739511105        1.88878592945898
H           -1.47583670171177       -1.66906127290524        2.53572950435532
H           -3.33480432202810       -0.37330215741067        2.90485726174889
H           -5.02370090500056        1.31746010053907        3.47565021474837
H           -5.93650716918530        2.80032601320274        1.72968151272223
H           -5.13004483875966        2.60988867511615       -0.59615249992506
H           -3.43026450656984        0.90981205348541       -1.17237464650190
H           -1.36114621155213       -2.60727383037318       -2.09800803399854
H           -2.68301152297629       -4.05345728846688       -3.58678534683701
H           -5.11160939729000       -4.32105217684706       -3.22086782780938
H           -6.20772837528011       -3.14621769158977       -1.34691754173238
H           -4.89005955644086       -1.72557889669039        0.16112969094255
C           -0.26442490484598        1.15890479550298       -0.18305641989334
O           -0.51188542444874        2.29230445734441       -0.12154805570994
O            0.15781175972061       -1.20685969377952       -3.06412141931329
C           -0.53748246766806       -0.25886993105959       -3.84679055338116
C            0.38135889009384        0.81456889658015       -4.37618571087619
C            0.76165527743486        1.87075064572761       -3.55902938929723
C            1.62866576131918        2.84538522389076       -4.01983295068852
C            2.13389611350159        2.76925035068777       -5.30453541740524
C            1.76667386618225        1.71524095157554       -6.12460894578345
C            0.89678089543089        0.74414289431938       -5.66408534585197
H            0.26595451049752       -0.84764143676675       -2.15693226275160
H           -0.98029668641828       -0.82062751096147       -4.67536098684442
H           -1.34706648658166        0.19677185748501       -3.26188032761772
H            0.37316692882108        1.93683478846201       -2.55395284649469
H            1.90921887208974        3.65574245314413       -3.36088173941800
H            2.81177206007263        3.52641520427500       -5.66929711932672
H            2.15961964927681        1.64976488963175       -7.12905454960219
H            0.61171006941575       -0.07579620958670       -6.30776057941654
78
 energy: -115.205707703244 gnorm: 0.005867769003 xtb: 6.7.1 (edcfbbe)
Co           0.03621006474226       -0.53492273438245       -0.04976995012560
N            0.34377902451938       -2.27123137473525        0.48744247223173
C            1.55199025922304       -3.03653749807730        0.25509185002060
C            2.43903265728535       -2.35521949351737       -0.78215387142463
P            2.17225527110810       -0.56520288630508       -0.48595116355948
C            3.15989681541191       -0.25780855175368        1.01415993766409
C            2.47896280883801        0.08433141319753        2.17601505447067
C            3.17362438385201        0.33792233210839        3.34484032093975
C            4.55644594804863        0.24879500334155        3.35586513144400
C            5.24011122538146       -0.10474185265430        2.20210780548964
C            4.54769336567962       -0.35855351870307        1.03222030190161
C            3.17837806855391        0.26617491744203       -1.75744796172681
C            3.71601886099990        1.51936026191226       -1.47420546792933
C            4.47545065223263        2.18352377454159       -2.42004927672401
C            4.68944340389664        1.61391287288101       -3.66472329583846
C            4.12412663458998        0.38573730017229       -3.96607659804941
C            3.36676735294014       -0.28309833163002       -3.02252472711528
C           -0.63077086170249       -3.09537109656666        1.17326968017911
C           -1.79279542950074       -2.24095254991157        1.67160914068748
P           -2.03543832468684       -1.06050308690380        0.29121846058813
C           -3.28591135411429        0.14372426923893        0.83168161876231
C           -3.72981716103741        0.27649725717185        2.14167075996272
C           -4.67581896607514        1.23734790022205        2.45814059274423
C           -5.17744926726411        2.07406662754986        1.47522156231116
C           -4.72339217944735        1.96039798484909        0.16964918215293
C           -3.77932553436631        1.00399283573620       -0.14823982820087
C           -3.03028929969629       -2.07523301932005       -0.85980912523537
C           -2.40940353368186       -2.74267858701010       -1.90850275380739
C           -3.14919724977171       -3.55856340854548       -2.74798477973020
C           -4.51091364630372       -3.71234544572090       -2.54679022557975
C           -5.13305169431953       -3.05052008278034       -1.49968069105876
C           -4.39790948496671       -2.23916429162623       -0.65471583875970
H            1.30108577600806       -4.05758615125030       -0.08613999167083
H            2.11758113120313       -3.14807603034075        1.20175180934074
H            2.06973073882939       -2.58597857990956       -1.78422109267567
H            3.49010801572828       -2.64298397586032       -0.69865716693574
H            1.39343689775968        0.14873493746925        2.13865416124488
H            2.64094465596654        0.61172494256286        4.24439723673041
H            5.10403314739906        0.45729987524602        4.26342700439553
H            6.31844344286128       -0.17698139472737        2.21623737339241
H            5.08251995601956       -0.62241876418128        0.12904703376875
H            3.54315803018691        1.96799794219418       -0.50377328238689
H            4.89895445208382        3.15009052588236       -2.18570153635386
H            5.28586476716114        2.13128548764091       -4.40169143319717
H            4.26859938631284       -0.05211755075077       -4.94269711615816
H            2.91753920950856       -1.23053157423186       -3.27629682846300
H           -1.02528786540131       -3.88200712527971        0.49765065892091
H           -0.15450825774515       -3.61840912245590        2.02273037125071
H           -2.68432473271512       -2.82930591544177        1.90280154606309
H           -1.47715213185696       -1.67034391700401        2.54984124141341
H           -3.34391583759373       -0.37247521751670        2.91483904450994
H           -5.02398326873012        1.33114339359858        3.47706604977104
H           -5.92027611187713        2.81737966967366        1.72570545013419
H           -5.10662147645540        2.61867831777784       -0.59697203204261
H           -3.41565203682620        0.90542928937705       -1.16416273070259
H           -1.34808418041178       -2.61548425182034       -2.07317189701512
H           -2.65984147666013       -4.07277375701178       -3.56231495499280
H           -5.08891901332418       -4.34650753833632       -3.20321511428468
H           -6.19601667657137       -3.16700829003834       -1.33981908450979
H           -4.88905735983961       -1.72767102699551        0.16249884836052
C           -0.25321815472502        1.15837659544810       -0.18884925082956
O           -0.49529760723836        2.29799124258267       -0.14924615597510
O            0.14516552630995       -1.19144803638814       -3.07947220376970
C           -0.53888378675354       -0.25210704731281       -3.88424674567852
C            0.38467459484332        0.82118207737172       -4.40813331104547
C            0.75536333998935        1.87855861215365       -3.58759628838579
C            1.62645669842804        2.85323146518262       -4.04206668314565
C            2.14426214959949        2.77632012657968       -5.32199776524826
C            1.78507799472028        1.72147625025253       -6.14497335546792
C            0.91188053258800        0.74955677684213       -5.69138140881254
H            0.26978098825767       -0.80778278545155       -2.18167681504095
H           -0.96390148618615       -0.82561236015705       -4.71643217279341
H           -1.36393019081862        0.20566970869355       -3.31768494473339
H            0.35539286566166        1.94524048783272       -2.58635213339948
H            1.90168858177283        3.66462704262826       -3.38384266764087
H            2.82561300805877        3.53346207652741       -5.68095394030830
H            2.18773316424740        1.65665403500005       -7.14592880035004
H            0.63361023679554       -0.07060340196358       -6.33759859310451
78
 energy: -115.205849997169 gnorm: 0.004331718270 xtb: 6.7.1 (edcfbbe)
Co           0.03172118874691       -0.53335711484103       -0.04577374518219
N            0.34191439185155       -2.26797024851948        0.49459475819689
C            1.54934463505531       -3.03360110583979        0.25680554953550
C            2.43189780716476       -2.35255523459371       -0.78372509644013
P            2.16566810241313       -0.56297225119139       -0.48601711018115
C            3.15209330943637       -0.25853387790221        1.01467326096824
C            2.47199462849857        0.08168066067778        2.17752186793287
C            3.16817051361587        0.32859467440048        3.34711567510793
C            4.55075260028004        0.23473918882880        3.35747079177583
C            5.23334570296972       -0.11548299912366        2.20208454573388
C            4.53965218532312       -0.36257191518406        1.03127454238669
C            3.17000815192999        0.27086638437888       -1.75685006209771
C            3.71031070243003        1.52247069470375       -1.47069081024268
C            4.46886601948582        2.18757914519861       -2.41555517042295
C            4.68102939927147        1.61989311593147       -3.66120200397067
C            4.11432551752335        0.39312760322317       -3.96499538715149
C            3.35589816768151       -0.27654105369183       -3.02313598596073
C           -0.62866071678271       -3.09322165323384        1.18548466574912
C           -1.79338754698465       -2.24191536458955        1.68336367583932
P           -2.03818584264987       -1.06213066204110        0.30259615079977
C           -3.29024570153463        0.14156145180410        0.84091047653856
C           -3.73744810697635        0.27845088667651        2.14934009410651
C           -4.67776859604584        1.24644139676493        2.46166073471075
C           -5.17040393578651        2.08588668608943        1.47654094591935
C           -4.71478437651949        1.96633766647879        0.17202127088410
C           -3.77662429638799        1.00290820428593       -0.14166673034835
C           -3.02762163868644       -2.08076573065657       -0.84781707791142
C           -2.40006164574009       -2.75010463032642       -1.89143926802792
C           -3.13425001039067       -3.56887230717600       -2.73281828809897
C           -4.49637313941389       -3.72591247898999       -2.53615194627890
C           -5.12452312221056       -3.06529046146364       -1.49204022428702
C           -4.39564787776169       -2.24787683731761       -0.64762961616098
H            1.29692260067877       -4.05448082771276       -0.08364284486679
H            2.11864411306163       -3.14574265899276        1.20089122408044
H            2.05844434605604       -2.58319433266866       -1.78368890819983
H            3.48301244255593       -2.64033219173136       -0.70464982985081
H            1.38656107003496        0.14925641396400        2.14079904976111
H            2.63667411129956        0.60064026412728        4.24795136879056
H            5.09929452790244        0.43683386617264        4.26601499158371
H            6.31152448713657       -0.19063630605449        2.21504767249185
H            5.07303678540798       -0.62409510180101        0.12659767802232
H            3.53950857301654        1.96687659129366       -0.49862638477977
H            4.89381881820621        3.15320049401784       -2.18068273114562
H            5.27770308109863        2.13748403937153       -4.39798178330480
H            4.25825211902502       -0.04266276060082       -4.94256877916981
H            2.90351088510265       -1.22260960982343       -3.27818141280481
H           -1.02118973223385       -3.88356001637596        0.51298779330963
H           -0.14890428343321       -3.61185778165616        2.03562232392676
H           -2.68361507715296       -2.83327576618652        1.91262959599430
H           -1.48121541963181       -1.67122252233675        2.56281006228218
H           -3.35862447680898       -0.37218973257500        2.92474623503402
H           -5.02809695819148        1.34462836235374        3.47946155064296
H           -5.90734665907565        2.83605259583095        1.72441746268556
H           -5.09136321630648        2.62611295566792       -0.59652818108824
H           -3.41067297037124        0.89948218742087       -1.15626022806856
H           -1.33864712163015       -2.61909773966986       -2.04967454207306
H           -2.64085211227623       -4.08252763853046       -3.54516425725064
H           -5.07036643314810       -4.36138784569496       -3.19457873968508
H           -6.18700717670988       -3.18749754746136       -1.33464536653071
H           -4.89049857062509       -1.73336809727916        0.16540485019320
C           -0.25481796872611        1.16026280360163       -0.18655048473998
O           -0.49938737347253        2.29861153666980       -0.14959476393924
O            0.14698431445466       -1.19182457952052       -3.09566402081032
C           -0.52960774598633       -0.25451124220514       -3.90830269807982
C            0.39411950398420        0.82179514041456       -4.42738898397231
C            0.75579171857405        1.88173513657439       -3.60568596492910
C            1.62247737709423        2.86018621094519       -4.05875160047735
C            2.14393930632483        2.78527211717946       -5.33769004395761
C            1.79433615668954        1.72773865795662       -6.16100856892690
C            0.92550347658583        0.75107620957559       -5.70837597266348
H            0.28016811597371       -0.79751423955021       -2.20296134763820
H           -0.94757138655980       -0.83008852050812       -4.74144181726965
H           -1.35979140889020        0.20093417919708       -3.34808392510617
H            0.35065738348337        1.94590218080618       -2.60652292170504
H            1.89092381867020        3.67679162825055       -3.40566159375738
H            2.82095356313827        3.54712058795150       -5.69432605328773
H            2.20007359232798        1.66544559845854       -7.16075175814280
H            0.65426378047946       -0.07159052731514       -6.35473718513530
78
 energy: -115.206013461714 gnorm: 0.003231161469 xtb: 6.7.1 (edcfbbe)
Co           0.02364747725762       -0.53056214744857       -0.04344488033320
N            0.33812056216897       -2.26198378184082        0.50069734832612
C            1.54424609967361       -3.02860091465565        0.25675334096809
C            2.42404087686999       -2.34768089642709       -0.78561486657149
P            2.15542534157879       -0.55854547064935       -0.48832543901175
C            3.14095301201988       -0.25709845572783        1.01239485798916
C            2.46258691474525        0.07948259490540        2.17720733560823
C            3.16138008886636        0.31377938200110        3.34833401834430
C            4.54336585718201        0.21146699376828        3.35758625749341
C            5.22418978121283       -0.13201586680860        2.19907852849192
C            4.52829476973836       -0.36689402598159        1.02676053063301
C            3.15976922592601        0.27728066730888       -1.75787953721502
C            3.70435374871288        1.52645877694504       -1.46679407871039
C            4.46310056174254        2.19355975737186       -2.40911042167683
C            4.67523054248484        1.62818444755298       -3.65609683511924
C            4.10726834502957        0.40340004077153       -3.96401671571409
C            3.34482820735759       -0.26731339030779       -3.02544838032104
C           -0.62527824905816       -3.08738438671590        1.20236635950615
C           -1.79373979227655       -2.24050102874568        1.69991263678636
P           -2.04342886027988       -1.06247368693907        0.31806049100095
C           -3.29934319714211        0.13974732305773        0.85334760692850
C           -3.75122630469802        0.28126932235854        2.15955795137433
C           -4.68293557807371        1.25929507631697        2.46720305993699
C           -5.16263251266287        2.10384868702850        1.48013067048101
C           -4.70644212353554        1.97576324756391        0.17656645322358
C           -3.77721781505709        1.00238711980971       -0.13235577607830
C           -3.02513571694316       -2.08824703155373       -0.83039451502317
C           -2.38736439366678       -2.75818772772760       -1.86761510498966
C           -3.11271379149117       -3.58128766281092       -2.71230817016583
C           -4.47518968510599       -3.74395281729839       -2.52274081792366
C           -5.11263865747578       -3.08674744705613       -1.48171369271531
C           -4.39331374250122       -2.26181874649552       -0.63670279612115
H            1.28904143294729       -4.04870940333158       -0.08462289985738
H            2.11599684629786       -3.14370073751322        1.19888806309820
H            2.04975967770059       -2.57939819995835       -1.78465750837394
H            3.47542437334927       -2.63455910224075       -0.70767473864859
H            1.37751186446136        0.15298960079693        2.14139288255215
H            2.63214194340721        0.58192656371627        4.25177151103208
H            5.09338157028349        0.40120104509724        4.26829922662946
H            6.30204280613767       -0.21212917835873        2.21017019381438
H            5.05875991396164       -0.62378525984003        0.11904657545739
H            3.53395186751430        1.96460112205421       -0.49242916765348
H            4.89083596058717        3.15727004933835       -2.17229129228530
H            5.27471067346999        2.14534616149113       -4.39104277860598
H            4.25427988019352       -0.03011981609519       -4.94236712959672
H            2.88773727607790       -1.21108203779916       -3.28375410339584
H           -1.01562719618821       -3.88460983418528        0.53687064001947
H           -0.13851024531158       -3.59741453944550        2.05371546392416
H           -2.68222657477428       -2.83636558164868        1.92581259613391
H           -1.48718572876043       -1.67000364940403        2.58143735270842
H           -3.38307716981644       -0.37243148621359        2.93766900597219
H           -5.03603361421442        1.36263918517223        3.48354961918613
H           -5.88967623965899        2.86461785987097        1.72556342570121
H           -5.07437764880271        2.63759069966374       -0.59426962755478
H           -3.40970281305593        0.89247128641581       -1.14568885559581
H           -1.32547403701085       -2.62070155878510       -2.01562380492293
H           -2.61330162689479       -4.09356635810355       -3.52234286370113
H           -5.04302365563686       -4.38105082391867       -3.18542795213891
H           -6.17443636671803       -3.21777019410322       -1.32845464917097
H           -4.89354865788117       -1.74566568918590        0.17169400108299
C           -0.26672574480245        1.16196034096580       -0.19257527254773
O           -0.50832089190023        2.30017214506244       -0.15323078791657
O            0.15716998456614       -1.19540806423674       -3.11498879535729
C           -0.51321691634206       -0.26219187103550       -3.93727352292621
C            0.40806222940423        0.82103086969202       -4.44786445219329
C            0.75618933969534        1.88616331426663       -3.62619692799857
C            1.61440255378049        2.87077603119412       -4.07949742485856
C            2.13864950234644        2.79914052068432       -5.35898854086185
C            1.80407782464671        1.73662473912659       -6.18101749674695
C            0.94444907249516        0.75163286546894       -5.72622282851241
H            0.29131258032941       -0.79538333871354       -2.22898077572293
H           -0.91655944472226       -0.83991024860832       -4.77646560760350
H           -1.35408901363478        0.18753412403548       -3.38676629986103
H            0.34594591182106        1.94597793244035       -2.62922729917678
H            1.87309123557052        3.69756979649147       -3.43566765636860
H            2.80697231704130        3.56991939899193       -5.71368878862959
H            2.21224351430883        1.67727262787565       -7.17998028194358
H            0.68330088807194       -0.07606525444851       -6.37103719712266
78
 energy: -115.206107186244 gnorm: 0.003136499637 xtb: 6.7.1 (edcfbbe)
Co           0.01593209182481       -0.52853780465713       -0.04309304171437
N            0.33372711706093       -2.25750977937902        0.50408798872229
C            1.53864384741593       -3.02484082170244        0.25632666898079
C            2.41700051017863       -2.34434951671274       -0.78776278899593
P            2.14631366330821       -0.55542932746718       -0.49069139792995
C            3.13248258075344       -0.25732223680574        1.01012061290423
C            2.45553871561560        0.07594376669569        2.17667572493359
C            3.15559304023861        0.29972865836209        3.34920670816579
C            4.53693634538791        0.19059805742702        3.35799788520669
C            5.21658502295539       -0.14742244251935        2.19716480011362
C            4.51957522050590       -0.37210282653990        1.02366292533519
C            3.15138477358129        0.28261363904246       -1.75875866854180
C            3.69811373421167        1.53020102320140       -1.46394360968633
C            4.45794104282347        2.19915681069321       -2.40344956472767
C            4.67075049834724        1.63610148203595       -3.65160893642353
C            4.10199587206646        0.41286699310399       -3.96323482790023
C            3.33684721565006       -0.25883107574193       -3.02733736658663
C           -0.62275128195808       -3.08103977724539        1.21779751008840
C           -1.79335859162400       -2.23681160059451        1.71519359211328
P           -2.04727941850593       -1.06173162322560        0.33140009416789
C           -3.30592685275467        0.13988427613489        0.86299258677493
C           -3.76147716494981        0.28425648754855        2.16749366843990
C           -4.68673761848880        1.26942867842975        2.47200093664546
C           -5.15646433497039        2.11808087317526        1.48368082098824
C           -4.69960871113804        1.98436631495778        0.18085437377530
C           -3.77707981739447        1.00378591811084       -0.12492076470789
C           -3.02247897940349       -2.09384281746606       -0.81614927979967
C           -2.37616341814652       -2.76204243710673       -1.84915425757520
C           -3.09305143765654       -3.59161122901225       -2.69481667615812
C           -4.45539719577359       -3.76094007309140       -2.51082239038268
C           -5.10139080566873       -3.10471059000859       -1.47385013748242
C           -4.39036399861009       -2.27415238997247       -0.62737507315132
H            1.28109797975795       -4.04463152341362       -0.08475215933304
H            2.11239868071667       -3.14127251555416        1.19721445682794
H            2.04292971814227       -2.57734062732440       -1.78677057312641
H            3.46873597696818       -2.63035861981400       -0.70988892285866
H            1.37087665772152        0.15436929358776        2.14123007689664
H            2.62785129158489        0.56424282923442        4.25462882629294
H            5.08756944325532        0.37036559185534        4.27051025965334
H            6.29405215311626       -0.23197796824216        2.20757555260477
H            5.04812824166507       -0.62528037713205        0.11378201775277
H            3.52745807271605        1.96486892570812       -0.48802757415284
H            4.88733509187116        3.16142208765185       -2.16374125594598
H            5.27157043899021        2.15422233613033       -4.38462706422179
H            4.25093800889233       -0.01853754469705       -4.94247224743503
H            2.87822463101011       -1.20127860597946       -3.28867197359218
H           -1.01248501239141       -3.88511836714604        0.56033537821199
H           -0.12884554197228       -3.58239446453171        2.07036089765527
H           -2.68034592157739       -2.83551316814586        1.94015984962573
H           -1.49022094456395       -1.66529804780928        2.59715374391854
H           -3.40120947247919       -0.37198658043952        2.94714340975527
H           -5.04206178495359        1.37591539297374        3.48724801988635
H           -5.87600700843517        2.88643608311611        1.72747163268957
H           -5.06102638746602        2.64796583396800       -0.59153928133705
H           -3.40832314220768        0.88990423157667       -1.13742157555563
H           -1.31405361409777       -2.61739058977402       -1.99118428725157
H           -2.58776936128311       -4.10371247972984       -3.50164583586886
H           -5.01701467937925       -4.40262660145913       -3.17515134588430
H           -6.16321791108235       -3.24110008968833       -1.32562635189952
H           -4.89620799840309       -1.75886886157818        0.17798557912600
C           -0.27926888385224        1.16221214264409       -0.20257198304655
O           -0.51916228514033        2.30058612943302       -0.16460561654536
O            0.16301530166531       -1.19878178795010       -3.13067207360603
C           -0.50110718019957       -0.26886472242444       -3.96100008643867
C            0.41868089432269        0.81847067790674       -4.46557638447235
C            0.75610128735039        1.88789073534585       -3.64441199522941
C            1.60633595801118        2.87888493611581       -4.09715955544602
C            2.13317877378985        2.81048992299531       -5.37653281329850
C            1.81163535615606        1.74352140730664       -6.19725143299196
C            0.95981769523397        0.75149605462616       -5.74182413648751
H            0.30329048849693       -0.78697621679591       -2.25025197112687
H           -0.89390803769543       -0.84842852897695       -4.80237351917588
H           -1.34792873246517        0.17825929683424       -3.41949297596390
H            0.34194251647778        1.94559966224364       -2.64892003451067
H            1.85600517577712        3.71173992061419       -3.45634075700403
H            2.79364754070427        3.58863725290771       -5.73028973016012
H            2.22240190894321        1.68565039942830       -7.19527099585108
H            0.70764339836538       -0.08016346096043       -6.38546265780649
78
 energy: -115.206189057569 gnorm: 0.002881689532 xtb: 6.7.1 (edcfbbe)
Co           0.01001493182293       -0.52668735954795       -0.04566751998071
N            0.32871455719535       -2.25410769525322        0.50392951419176
C            1.53248085307552       -3.02226213283353        0.25485656538719
C            2.41122475694630       -2.34261830912134       -0.78990414807939
P            2.13965122600937       -0.55365894674777       -0.49315766560050
C            3.12676994624528       -0.25894807216159        1.00797545016329
C            2.45066117362395        0.07133374680041        2.17584672265225
C            3.15094874769122        0.28667969841454        3.34972617801923
C            4.53176288613788        0.17226475781101        3.35858534464349
C            5.21083968830323       -0.16140462317547        2.19608259945579
C            4.51357624400495       -0.37787737185943        1.02152522436232
C            3.14585451208836        0.28635736274676       -1.75965366509598
C            3.69244905862302        1.53328422893294       -1.46175356984352
C            4.45339154603727        2.20471916524720       -2.39875461951110
C            4.66774186080505        1.64436739883178       -3.64817023929155
C            4.09968610968769        0.42165643492868       -3.96284931702830
C            3.33326663834083       -0.25200053731065       -3.02897857803214
C           -0.62110666307373       -3.07376487712629        1.23110483844931
C           -1.79230285292675       -2.23020560722907        1.72837929225900
P           -2.04993807765430       -1.05951136864637        0.34159206553172
C           -3.31066529816338        0.14179909078130        0.86945857315875
C           -3.76880742041537        0.28726918938468        2.17286584013282
C           -4.68977201559537        1.27674254199506        2.47597465519912
C           -5.15262843917948        2.12857810972423        1.48732537796430
C           -4.69522880833426        1.99203752690233        0.18499443114190
C           -3.77722018071984        1.00697323068755       -0.11946052939903
C           -3.01965597607354       -2.09772717817551       -0.80507266383017
C           -2.36652339660550       -2.76310760358155       -1.83543160185619
C           -3.07578353514285       -3.59968388991638       -2.68053223902441
C           -4.43760881044004       -3.77610359688508       -2.50039035246546
C           -5.09078877270199       -3.12019704117676       -1.46746019632709
C           -4.38687696434250       -2.28498217023889       -0.61951449973966
H            1.27347712691788       -4.04204306412294       -0.08553844572054
H            2.10721117765145       -3.13918601725584        1.19533978639472
H            2.03928258190611       -2.57714803577544       -1.78974110636812
H            3.46319596154300       -2.62775371534868       -0.70998364016844
H            1.36636385327535        0.15376354761285        2.14017601750617
H            2.62395878224941        0.54800564721213        4.25651451056436
H            5.08241426987339        0.34438821108998        4.27252221500630
H            6.28796582974128       -0.24962805136456        2.20667453065438
H            5.04113584997324       -0.62811211924114        0.11021063089112
H            3.52031200952483        1.96626067021081       -0.48500083434489
H            4.88286440911954        3.16622723920893       -2.15583716242341
H            5.26914124165240        2.16461505418890       -4.37914636348554
H            4.25056401778274       -0.00787917483248       -4.94271763265447
H            2.87588994029651       -1.19419598761869       -3.29314376153311
H           -1.01166058195594       -3.88498264270172        0.58303710615484
H           -0.12012560935955       -3.56605600177384        2.08504466733922
H           -2.67804476857569       -2.83012591316929        1.95506118948745
H           -1.49021002109673       -1.65637477825648        2.60909395368640
H           -3.41364048222886       -0.37102575399735        2.95294428720127
H           -5.04659461612444        1.38445870114083        3.49053196027664
H           -5.86703354009260        2.90161318393407        1.73044908706396
H           -5.05220001585507        2.65730791158614       -0.58800717450892
H           -3.40780559327736        0.89153892338640       -1.13154426712863
H           -1.30472410850899       -2.61116632830637       -1.97492471767319
H           -2.56519046976640       -4.11167339245334       -3.48409513161836
H           -4.99345987783981       -4.42321688773585       -3.16458638081461
H           -6.15279024200860       -3.26054080677705       -1.32385564960680
H           -4.89808962290128       -1.77193222207031        0.18400043745990
C           -0.29110528362753        1.16161462156172       -0.21747964955763
O           -0.53236925573364        2.30004260826907       -0.18519760807609
O            0.16859899866465       -1.19853090111804       -3.13903588202526
C           -0.49271283842529       -0.27496111619710       -3.97915051431862
C            0.42500453126337        0.81581149988980       -4.47930763189265
C            0.75348253817587        1.88877939272524       -3.65899219700393
C            1.59817234950915        2.88498982042142       -4.11078805723308
C            2.12826516347672        2.81928202865338       -5.38941080920742
C            1.81724198197313        1.74858257598670       -6.20878839305853
C            0.97147170314036        0.75103881242594       -5.75362705163165
H            0.30873258238648       -0.77810579244915       -2.26383494060530
H           -0.87283255230403       -0.85987856458148       -4.82310086282559
H           -1.34778577278562        0.16999663791621       -3.44851991877287
H            0.33733266058726        1.94531853286004       -2.66424279722947
H            1.84048926610717        3.72023137001142       -3.46932883900791
H            2.78272186760492        3.60294629583112       -5.74303889381765
H            2.23033122566138        1.69124847870004       -7.20590600713298
H            0.72715625408014       -0.08372459557139       -6.39624067698310
78
 energy: -115.206274034268 gnorm: 0.002397495820 xtb: 6.7.1 (edcfbbe)
Co           0.00472376608961       -0.52414834089561       -0.05147917468516
N            0.32306149685917       -2.25067706200217        0.50034038700960
C            1.52537022848837       -3.02000823249822        0.25110284081400
C            2.40659904216050       -2.34136212034486       -0.79271552586814
P            2.13478993485422       -0.55221355141753       -0.49642799629608
C            3.12307895778849       -0.26158986509603        1.00525167831001
C            2.44738128104267        0.06561872392848        2.17418588500559
C            3.14720031177795        0.27342336242275        3.34949699910617
C            4.52758958683361        0.15456961519725        3.35879939581413
C            5.20646488853440       -0.17526466268535        2.19499556401866
C            4.50953653172209       -0.38431461440262        1.01927383198993
C            3.14308057971826        0.28925487991294       -1.76095468155254
C            3.68677709544677        1.53671831555182       -1.46059924661657
C            4.44971398393484        2.21067217522353       -2.39467733506089
C            4.66777947064676        1.65281464963626       -3.64464770770374
C            4.10211273496927        0.42965240987648       -3.96205822899627
C            3.33496926338331       -0.24664200950664       -3.03039323291370
C           -0.61984439108795       -3.06437096087321        1.24292477248073
C           -1.79022220030930       -2.21935875617764        1.73974025334935
P           -2.05200721702670       -1.05498641850592        0.34876860915799
C           -3.31456005590872        0.14569687033874        0.87309876976410
C           -3.77416776818134        0.29054524008345        2.17608818200415
C           -4.69301208662966        1.28161544929858        2.47953578271928
C           -5.15212096887116        2.13586498737356        1.49145936845960
C           -4.69426437227797        1.99922940270545        0.18935564249163
C           -3.77861891347886        1.01223364478374       -0.11559836985853
C           -3.01662026138910       -2.09960181785570       -0.79672361560368
C           -2.35797041307223       -2.76111782539923       -1.82582941355509
C           -3.06002748532606       -3.60521219098757       -2.66919038796268
C           -4.42090156613513       -3.79002893382910       -2.49096326809421
C           -5.08014295055920       -3.13463632603981       -1.46170027863798
C           -4.38269306806141       -2.29482379464584       -0.61267901447437
H            1.26491845402796       -4.03940268680860       -0.08934346055797
H            2.09985020424408       -3.13828731844907        1.19173888099105
H            2.03926023973576       -2.57747481559528       -1.79432790607121
H            3.45867466049131       -2.62563521527681       -0.70807097015793
H            1.36339521879372        0.15154803565558        2.13787027529237
H            2.62040438513362        0.53167531185252        4.25724295010335
H            5.07789435476365        0.32028413965784        4.27393986220379
H            6.28327873592265       -0.26685724478173        2.20639237965059
H            5.03688264232152       -0.63193118272636        0.10706107910774
H            3.51139606386275        1.96975258631934       -0.48402411324998
H            4.87750743711075        3.17214568991733       -2.14832554843844
H            5.26993815000557        2.17578613884022       -4.37290630427283
H            4.25556028948973        0.00161943808014       -4.94213710251459
H            2.88141333899716       -1.18961772628591       -3.29740445574356
H           -1.01246912594297       -3.88339408424599        0.60613038365652
H           -0.11152868928492       -3.54656519355103        2.09849296105486
H           -2.67488838284808       -2.81890815176536        1.97121625885892
H           -1.48682669525902       -1.64143400092878        2.61728938125737
H           -3.42129771741968       -0.36941330051633        2.95553677702516
H           -5.05054055909799        1.38877672235891        3.49385328355727
H           -5.86372354668032        2.91096126166175        1.73491701060089
H           -5.04869902589961        2.66624825265539       -0.58324987768282
H           -3.40896035158572        0.89754478059470       -1.12763475393698
H           -1.29704234757659       -2.60163501725084       -1.96564296946388
H           -2.54436922031106       -4.11659429505308       -3.46964275572950
H           -4.97117517376705       -4.44346522907330       -3.15343201905019
H           -6.14213001905192       -3.27914629476756       -1.32155437003322
H           -4.89905464295585       -1.78532385151222        0.19001683438222
C           -0.30256034197297        1.16116555406149       -0.23734592842911
O           -0.55116754043042        2.29874662503354       -0.21570254443964
O            0.17389440950139       -1.19806746931586       -3.14259707797819
C           -0.48633518645352       -0.28195639267847       -3.99144437997352
C            0.42823883617880        0.81179591308884       -4.48942790871663
C            0.74995142843943        1.88713514784840       -3.66994194596794
C            1.58987646255465        2.88837853417298       -4.12066130826899
C            2.12231017161849        2.82581186289895       -5.39811343225140
C            1.81956321844841        1.75203635133317       -6.21633516983803
C            0.97891721189099        0.74982622192926       -5.76230062067433
H            0.31187778038529       -0.76952660254973       -2.27143109160703
H           -0.85602775061934       -0.87316740171672       -4.83490129138457
H           -1.34757269667791        0.16030262746483       -3.47046975617893
H            0.33264686362373        1.94362160967120       -2.67546625587304
H            1.82563844374401        3.72304471927595       -3.47564655546179
H            2.77169410346348        3.61367973469552       -5.75240954727725
H            2.23487406210017        1.69485106993823       -7.21257559001801
H            0.74198685798993       -0.08745309302242       -6.40405314225071
78
 energy: -115.206346297781 gnorm: 0.002727906862 xtb: 6.7.1 (edcfbbe)
Co           0.00100978575707       -0.52061931286210       -0.05950479896774
N            0.31777989604852       -2.24661731047191        0.49599333054999
C            1.51810398676980       -3.01808252496030        0.24645873448581
C            2.40172546319977       -2.34100948143922       -0.79671449964981
P            2.13169765992056       -0.55173610131039       -0.49953003665848
C            3.12016212637332       -0.26624367233217        1.00328365595412
C            2.44413729793122        0.05793766881274        2.17282687097437
C            3.14300896803441        0.25898509144012        3.34978050665572
C            4.52312861292241        0.13643663060784        3.35999178690989
C            5.20230648769581       -0.19006643620666        2.19535635638050
C            4.50622524595481       -0.39235415511050        1.01805679841465
C            3.14147192709024        0.29170519389545       -1.76172747651703
C            3.67986710735284        1.54071004369525       -1.45884402851394
C            4.44369763917676        2.21809653357608       -2.39024335772073
C            4.66616902607171        1.66317754397707       -3.64069649153153
C            4.10509431694226        0.43844089102793       -3.96068465634930
C            3.33873856188528       -0.24198154892041       -3.03125793887753
C           -0.61819398488178       -3.05299590691476        1.25499965227156
C           -1.78688563131544       -2.20499554804931        1.75076411677590
P           -2.05302097328118       -1.04868736652678        0.35446911695185
C           -3.31740944911992        0.15092118313227        0.87554316367162
C           -3.77822932213128        0.29428310488614        2.17845998514772
C           -4.69636146427037        1.28566048361936        2.48284848481241
C           -5.15332379836496        2.14204576514631        1.49560200049477
C           -4.69451506020261        2.00679869604630        0.19370841167110
C           -3.77983972468166        1.01907715717048       -0.11238205407490
C           -3.01226787889013       -2.10037854781340       -0.78890600041728
C           -2.34827501900088       -2.75901532512253       -1.81647856990462
C           -3.04309842415493       -3.61118994186732       -2.65747867985718
C           -4.40281437557635       -3.80559757321382       -2.47971692705191
C           -5.06775449223251       -3.15081311444451       -1.45399269549850
C           -4.37700255489719       -2.30424780816633       -0.60562173701848
H            1.25553409517736       -4.03707423453553       -0.09379334461163
H            2.09253078959431       -3.13782914977950        1.18716932579902
H            2.03762746941531       -2.57760991161589       -1.79980565160695
H            3.45379244373363       -2.62555913623787       -0.70823706511245
H            1.36036270823233        0.14677566416217        2.13537744540198
H            2.61584484874965        0.51452593932335        4.25804448406930
H            5.07284819566675        0.29678198409122        4.27631038407217
H            6.27887886095514       -0.28460049540672        2.20793897193802
H            5.03409554244889       -0.63764869085697        0.10546587389602
H            3.50085384596843        1.97333175160461       -0.48241934764124
H            4.86773978257628        3.18052002345912       -2.14095872164268
H            5.26800377983728        2.18987623686170       -4.36665296950171
H            4.26118722838193        0.01229696937903       -4.94107684708121
H            2.89086541822247       -1.18685483750416       -3.30056068546486
H           -1.01357460586520       -3.88022719372522        0.63069043009057
H           -0.10278800186023       -3.52442476392816        2.11250219734997
H           -2.67066274694042       -2.80297903146282        1.98943144416896
H           -1.48047528355247       -1.62134241142055        2.62358178603117
H           -3.42623365787075       -0.36721048276828        2.95695727619941
H           -5.05444270178332        1.39148082772067        3.49711867207612
H           -5.86385634547436        2.91786558604039        1.73965829049378
H           -5.04712982000355        2.67584288531010       -0.57800542398856
H           -3.40956976427155        0.90616606148031       -1.12437344417747
H           -1.28844234289723       -2.59207109889588       -1.95706519245813
H           -2.52235077023109       -4.12153912421856       -3.45503964458288
H           -4.94742952167559       -4.46611672675828       -3.13949681147296
H           -6.12920465949569       -3.30140952993449       -1.31549826778752
H           -4.89830881724680       -1.79708219435484        0.19565595133489
C           -0.31265129612534        1.16107795749071       -0.26096610364377
O           -0.57198919832385        2.29662003614676       -0.25375632532093
O            0.17793988906947       -1.19382980993604       -3.14202807278513
C           -0.48185032907446       -0.28939133903215       -4.00491126508461
C            0.42923425791805        0.80783021334347       -4.50115593505021
C            0.74352392806312        1.88507074744663       -3.68160059095562
C            1.58093601875444        2.89033708371400       -4.12985280386177
C            2.11795032029859        2.83028422598207       -5.40506234481064
C            1.82256250195227        1.75418873501310       -6.22335524285662
C            0.98549623658968        0.74805732640164       -5.77212240252978
H            0.31182354078382       -0.75458534457700       -2.27538017005596
H           -0.83668939107484       -0.89125016049286       -4.84864856965628
H           -1.35381612382710        0.14990168971495       -3.49724112557633
H            0.32407914255214        1.94161598597674       -2.68792341099978
H            1.81047986035610        3.72336583591340       -3.48069301555005
H            2.76423401545890        3.62094602804779       -5.75911029485379
H            2.24099867235564        1.69788917769011       -7.21835820738116
H            0.75524047529580       -0.09062361187030       -6.41415760946652
78
 energy: -115.206401741095 gnorm: 0.003214796867 xtb: 6.7.1 (edcfbbe)
Co          -0.00298246477795       -0.51521970403963       -0.06642838196732
N            0.31380081504189       -2.24066299951360        0.49329019995648
C            1.51113147621826       -3.01519297199142        0.24017172769451
C            2.39659216552733       -2.33865437023314       -0.80185976420930
P            2.12843078689128       -0.54936647829788       -0.50340545353253
C            3.11668780634099       -0.26969029729890        1.00063714924315
C            2.44051899131840        0.05103962719381        2.17097881618217
C            3.13888080261348        0.24451551351726        3.34956230369036
C            4.51872697403001        0.11777125439221        3.36040507047461
C            5.19791931469532       -0.20497154804721        2.19471818205377
C            4.50230620847209       -0.39956760355986        1.01568018854152
C            3.14068112549150        0.29507360294118       -1.76277920919956
C            3.67291703637663        1.54613220221887       -1.45794140517513
C            4.43804348779213        2.22620330874500       -2.38668180654060
C            4.66651250815767        1.67278476200530       -3.63649254629997
C            4.11082521711071        0.44596056752627       -3.95847589708617
C            3.34460956657266       -0.23795926708980       -3.03161027792956
C           -0.61588444251210       -3.04024244869401        1.26650464788639
C           -1.78305974796578       -2.18914023745642        1.76055810522638
P           -2.05431950458819       -1.04129460970983        0.35884566454874
C           -3.32070814074754        0.15661677047180        0.87764406904740
C           -3.78236060948263        0.29839772119585        2.18067067841467
C           -4.70100068695843        1.28899281306012        2.48598539945358
C           -5.15741117775301        2.14664682751711        1.49950204706758
C           -4.69756178402785        2.01332058521829        0.19779828102597
C           -3.78262124103533        1.02596248565935       -0.10940575372763
C           -3.00793745436988       -2.10036237027551       -0.78183024769858
C           -2.33911059800602       -2.75643147493532       -1.80803240333207
C           -3.02721677076303       -3.61552131796959       -2.64718881857312
C           -4.38558708999326       -3.81992929809096       -2.46872372260302
C           -5.05548641490856       -3.16704673947795       -1.44534524846143
C           -4.37123598035000       -2.31307213425337       -0.59875264468039
H            1.24471017136564       -4.03259381118759       -0.10199896829707
H            2.08607854546093       -3.13933214291204        1.18004656741614
H            2.03537349322252       -2.57498000125548       -1.80601843687178
H            3.44849919906583       -2.62350065665222       -0.71020827632385
H            1.35694915834996        0.14291744167733        2.13275495973185
H            2.61154517007546        0.49705959249591        4.25855281286076
H            5.06818812180825        0.27186906628938        4.27797587369662
H            6.27423572121370       -0.30289474504504        2.20800527437831
H            5.03062837805589       -0.64213790954929        0.10259266380516
H            3.48909239796293        1.97866566826068       -0.48238876339251
H            4.85779430464373        3.19001031687477       -2.13544178965085
H            5.26929462600673        2.20181304286843       -4.35995041100055
H            4.27098387621043        0.02061470947292       -4.93836448000392
H            2.90220829909636       -1.18487486916039       -3.30238561721922
H           -1.01341407113103       -3.87474948347843        0.65350444293494
H           -0.09438567949688       -3.50182346360651        2.12576051411677
H           -2.66577719298894       -2.78551088982244        2.00702221217186
H           -1.47347340472007       -1.59910074898547        2.62814459874432
H           -3.43016108209178       -0.36401138558961        2.95835871422051
H           -5.05950277372271        1.39337988538206        3.50029091464388
H           -5.86830237812536        2.92208741296302        1.74414310815774
H           -5.04927442625284        2.68395024810902       -0.57295323813124
H           -3.41157071996260        0.91484034151586       -1.12129831656095
H           -1.28034526616521       -2.58300347090659       -1.94876207028112
H           -2.50191778816258       -4.12366174105808       -3.44296120088831
H           -4.92491202008317       -4.48688806786624       -3.12601436050505
H           -6.11586483960333       -3.32529481002481       -1.30664237339336
H           -4.89673164856192       -1.80732732558362        0.20081316040229
C           -0.32170533018938        1.16343610412687       -0.28201081598843
O           -0.59329560252529        2.29669915994234       -0.28820540214331
O            0.18505172610690       -1.19323717856508       -3.14366635220014
C           -0.47496298654313       -0.29904503985297       -4.01554759519505
C            0.43100873664777        0.80232062655094       -4.51170860179612
C            0.73859279702511        1.88061252545825       -3.69136980841398
C            1.57250089599382        2.89044316398480       -4.13727570014460
C            2.11287514460107        2.83350471572726       -5.41046748846673
C            1.82375852602553        1.75585148657183       -6.22968644842171
C            0.99030278534712        0.74561266532227       -5.78145134675833
H            0.31273879458147       -0.74826445743788       -2.28012622890652
H           -0.82033335614857       -0.90867919963203       -4.85616279464262
H           -1.35248672691567        0.13572031329046       -3.51626449724456
H            0.31677351732935        1.93623375223166       -2.69866884071893
H            1.79595407992218        3.72258774842849       -3.48524778945224
H            2.75625885114176        3.62682030832293       -5.76390693974394
H            2.24504318598520        1.70190880472313       -7.22360356083070
H            0.76640706267353       -0.09410586884570       -6.42424760431919
78
 energy: -115.206454361875 gnorm: 0.002508045305 xtb: 6.7.1 (edcfbbe)
Co          -0.00554390683080       -0.50838344887694       -0.07310275221282
N            0.31141417508588       -2.23319190056461        0.49269798463649
C            1.50483035449626       -3.01204213045728        0.23422277732791
C            2.39005918815816       -2.33662254493051       -0.80861804394982
P            2.12586349420995       -0.54752726587876       -0.50658051479158
C            3.11287491992119       -0.27455293569677        0.99920011771205
C            2.43596761844741        0.04280748242094        2.17000170270323
C            3.13346452450630        0.22899835820502        3.35030738056916
C            4.51300593771463        0.09822381793486        3.36219068198452
C            5.19272849017326       -0.22092520980271        2.19589917147300
C            4.49801315765746       -0.40804785668578        1.01487929718869
C            3.13955901553294        0.29885158867504       -1.76287734106763
C            3.66440985218570        1.55250595952341       -1.45617579200834
C            4.42875789503771        2.23629760114670       -2.38291262670314
C            4.66290838921112        1.68444379869902       -3.63218266842622
C            4.11451171092837        0.45463491032555       -3.95576419677430
C            3.34995321379028       -0.23371163761320       -3.03104745539299
C           -0.61251703147438       -3.02595018029175        1.27906567532568
C           -1.77793501000653       -2.17148484922280        1.77117508026961
P           -2.05444409645759       -1.03291918252185        0.36339808785474
C           -3.32322640426579        0.16304969078573        0.87995356651278
C           -3.78602059047848        0.30337273528324        2.18296851681931
C           -4.70604367877815        1.29253952039490        2.48862012384579
C           -5.16255930876674        2.15078379745890        1.50255053440088
C           -4.70111195374456        2.01951874027327        0.20122527425713
C           -3.78499352706946        1.03318362039621       -0.10647888266085
C           -3.00196799915103       -2.10035458794281       -0.77352382967592
C           -2.32796715770007       -2.75527431318485       -1.79733195797553
C           -3.00922191867488       -3.62177289129226       -2.63430440186473
C           -4.36602494743973       -3.83654524614226       -2.45457784929839
C           -5.04105099837108       -3.18517424040822       -1.43370642588193
C           -4.36381396380030       -2.32189785597127       -0.59065461530037
H            1.23301784942113       -4.02777002493195       -0.10924122893194
H            2.08182713412944       -3.14080886569403        1.17231396759776
H            2.02712451161340       -2.57094470359765       -1.81254285919184
H            3.44167963106242       -2.62351682220182       -0.71814120502529
H            1.35262675561829        0.13756780095954        2.13065461308731
H            2.60562606666285        0.47880254976326        4.25976025356856
H            5.06190411656681        0.24636115008765        4.28112733557684
H            6.26876577441543       -0.32211742997487        2.21001138492850
H            5.02711103618432       -0.64798417542316        0.10157190295251
H            3.47611292120702        1.98359246250428       -0.48095960956718
H            4.84297688898257        3.20217752935327       -2.13053802725690
H            5.26493051928902        2.21644343822225       -4.35424596108955
H            4.27889166590096        0.03039059150239       -4.93538630145152
H            2.91373359591732       -1.18340096722732       -3.30224769366202
H           -1.01225102907288       -3.86702815368057        0.67678662200850
H           -0.08577024877816       -3.47842178719124        2.13997904232822
H           -2.65959327275837       -2.76589276546382        2.02604842309696
H           -1.46481840522575       -1.57447560930426        2.63290431356046
H           -3.43327929939287       -0.35931162396322        2.96028526543678
H           -5.06534608802159        1.39557513622351        3.50282283793910
H           -5.87486877316816        2.92511287023098        1.74736792769092
H           -5.05227638169424        2.69129186778240       -0.56878614270300
H           -3.41252881469313        0.92371360935009       -1.11802251005903
H           -1.27028594940893       -2.57505007217859       -1.93741112074143
H           -2.47958805549648       -4.12774659246854       -3.42858604832435
H           -4.89987723100225       -4.51047256903251       -3.10913722893080
H           -6.09992138052293       -3.35222556627486       -1.29369339567991
H           -4.89323392504507       -1.81569586112268        0.20603277137104
C           -0.32934668461197        1.16697211698424       -0.30154898082517
O           -0.61039754549581        2.29715058098045       -0.31909817594240
O            0.19035320824427       -1.19014775150467       -3.14433335524291
C           -0.46859356182780       -0.30951642861875       -4.03138677888422
C            0.43287664963642        0.79645066362714       -4.52644817793204
C            0.73194046972916        1.87576019683268       -3.70438829679979
C            1.56378285566189        2.88934046346883       -4.14615775468539
C            2.11014892318336        2.83482017031829       -5.41651987174749
C            1.82773309878809        1.75660984412487       -6.23806444842590
C            0.99680315735132        0.74260103861384       -5.79430285355086
H            0.31224121045105       -0.73387052619470       -2.28486597448923
H           -0.79913181294168       -0.92999880247796       -4.87110866513494
H           -1.35676850094867        0.12146627267002       -3.54504160055392
H            0.30535965227049        1.92985308293705       -2.71379579477674
H            1.78059975172435        3.72157637658309       -3.49237254608407
H            2.75256864093007        3.62987554872032       -5.76729859090558
H            2.25335600840356        1.70603689503774       -7.23035169478443
H            0.77843586965413       -0.09694449809012       -6.43920173779489
78
 energy: -115.206510194080 gnorm: 0.002347092934 xtb: 6.7.1 (edcfbbe)
Co          -0.00789429443289       -0.49810871624420       -0.07724229456991
N            0.31058951959039       -2.22216515552680        0.49526660009734
C            1.49803166812937       -3.00714000897173        0.22661846133797
C            2.38124486790634       -2.33220318884059       -0.81793724844434
P            2.12238725824375       -0.54342576680193       -0.51085708948026
C            3.10759106373807       -0.27872333844983        0.99708024561016
C            2.42996222330784        0.03435859611062        2.16862307449145
C            3.12663029633691        0.21084194202711        3.35098510446632
C            4.50568597447946        0.07452374466535        3.36401187087563
C            5.18596463305868       -0.23968195758965        2.19681440059108
C            4.49213733610570       -0.41691227824050        1.01343749114187
C            3.13817026475688        0.30485334128357       -1.76335177786500
C            3.65440642578479        1.56168865367043       -1.45514356160734
C            4.41767365568411        2.24929826660844       -2.37971187275220
C            4.65935993611435        1.69774136310010       -3.62754836184702
C            4.12024091962780        0.46402964946076       -3.95219341637119
C            3.35679480495597       -0.22839426634787       -3.03000926703958
C           -0.60771529102774       -3.00827009040330        1.29376077352978
C           -1.77144076142588       -2.15054396033393        1.78360151457608
P           -2.05426531362715       -1.02243769883235        0.36892825740660
C           -3.32699151193328        0.17036708885184        0.88307349806203
C           -3.79113830859152        0.30949078593721        2.18592336413936
C           -4.71375484483171        1.29629535231484        2.49117635710063
C           -5.17156015392977        2.15390887877065        1.50505086169724
C           -4.70828513459766        2.02450891343851        0.20421517875406
C           -3.78970663984980        1.04022485690883       -0.10320228582882
C           -2.99470534252888       -2.10013181133878       -0.76301599489415
C           -2.31497809582400       -2.75386546959507       -1.78399739111610
C           -2.98874013255491       -3.62824052368749       -2.61868112300316
C           -4.34347372201922       -3.85477363296280       -2.43708020262624
C           -5.02407966186967       -3.20578735982467       -1.41836796276909
C           -4.35487111670876       -2.33178523676118       -0.58010044773797
H            1.21792919959843       -4.01993497101673       -0.11972444547877
H            2.07897477586906       -3.14369991857033        1.16122438253342
H            2.01380852034625       -2.56306826264069       -1.82066171209325
H            3.43237057153743       -2.62191786297380       -0.73188064135877
H            1.34697348437855        0.13294964344191        2.12821404835871
H            2.59841353504750        0.45703859046732        4.26123244545849
H            5.05393657384912        0.21445948165177        4.28475425125738
H            6.26159853426731       -0.34520260557708        2.21151733440483
H            5.02180815690190       -0.65321723084815        0.09956142840123
H            3.46013966461256        1.99103035143863       -0.48056157597807
H            4.82508043659237        3.21800924233069       -2.12717714373611
H            5.26062676505373        2.23230227214769       -4.34847497707681
H            4.29106831139369        0.04001868508636       -4.93083949171037
H            2.92726596953150       -1.18129902513533       -3.30075384417689
H           -1.00948973791184       -3.85535594374302        0.70163721813567
H           -0.07603985394617       -3.45218233895183        2.15607132347980
H           -2.65163467028461       -2.74314642188631        2.04742904626656
H           -1.45493714070326       -1.54577832676434        2.63875531134372
H           -3.43719265292285       -0.35229539222195        2.96351671667370
H           -5.07408953080005        1.39825319858787        3.50515206821610
H           -5.88638468442728        2.92625031968556        1.74960559062062
H           -5.05979783680898        2.69642214735481       -0.56547523489391
H           -3.41544242360934        0.93211766981235       -1.11420917214674
H           -1.25845558055068       -2.56618004545761       -1.92252903152299
H           -2.45483447930654       -4.13137327842873       -3.41204022052742
H           -4.87129469327621       -4.53598186761594       -3.08899874599096
H           -6.08091726950117       -3.38329030657450       -1.27616343974979
H           -4.88825458539522       -1.82461035159413        0.21313547135761
C           -0.33563914463845        1.17450988581474       -0.31795272664401
O           -0.62586575887208        2.30192694474379       -0.34651311247494
O            0.19943381510625       -1.19040052317345       -3.14913265309143
C           -0.45831948760754       -0.32412190983707       -4.04995990746603
C            0.43705128373545        0.78785383382996       -4.54376113689282
C            0.72583983271986        1.86814982508238       -3.71929322481950
C            1.55419571719584        2.88650578748033       -4.15610797396188
C            2.10721425485075        2.83516932104019       -5.42359274012399
C            1.83261516396674        1.75714955498224       -6.24847412506657
C            1.00493818492265        0.73832929749497       -5.80982083054969
H            0.31164720080201       -0.72562472570747       -2.29351418548196
H           -0.77434102874337       -0.95430692600934       -4.88756586293619
H           -1.35558840818169        0.10137212899235       -3.57560425277674
H            0.29356201271808        1.91862478314925       -2.73136443053787
H            1.76349069823848        3.72024411852053       -3.50202073873423
H            2.74835458208180        3.63275843040943       -5.77025285697059
H            2.26273613687308        1.71174991977840       -7.23900650632164
H            0.79270551016870       -0.10071416669470       -6.45754780227718
78
 energy: -115.206559188543 gnorm: 0.002405448320 xtb: 6.7.1 (edcfbbe)
Co          -0.00899829228087       -0.48701951265428       -0.07822803139506
N            0.31166128621753       -2.21035069740795        0.49982144549435
C            1.49263241665176       -3.00157003622245        0.21988759906793
C            2.37213573454068       -2.32720462805225       -0.82784774803247
P            2.11951087326340       -0.53883680837167       -0.51463962784202
C            3.10295064822855       -0.28205530061483        0.99535578394338
C            2.42432920728967        0.02717958255240        2.16740846979608
C            3.11976129627628        0.19455021574613        3.35177389132674
C            4.49827154248232        0.05301900030861        3.36629166296575
C            5.17954080950314       -0.25642638027551        2.19850245359876
C            4.48697296040789       -0.42447862482245        1.01293007072764
C            3.13711518738258        0.31124917804435       -1.76364087601042
C            3.64525825407021        1.57125055747294       -1.45481281765046
C            4.40620230136037        2.26272098873384       -2.37808153702478
C            4.65476980734311        1.71068854238448       -3.62443033542907
C            4.12532950239828        0.47281181367484       -3.94910452114734
C            3.36327792669772       -0.22309339193082       -3.02857374142018
C           -0.60254084100731       -2.99165517427875        1.30695533260757
C           -1.76471453244276       -2.13151689340739        1.79550691537945
P           -2.05318133198100       -1.01238166180005        0.37483823651063
C           -3.33063527856850        0.17693220524951        0.88621391597410
C           -3.79618966037270        0.31547561909979        2.18865367888620
C           -4.72250676284901        1.29916806202401        2.49249023420374
C           -5.18275630447970        2.15452766425011        1.50551435061700
C           -4.71782011837312        2.02605768890600        0.20518660692430
C           -3.79557521906977        1.04475843653255       -0.10083485727088
C           -2.98741328682321       -2.09976540987240       -0.75221811737703
C           -2.30296432491843       -2.75267563016342       -1.77059945320307
C           -2.97056287059110       -3.63418306745775       -2.60268375494299
C           -4.32322785019601       -3.87047963149717       -2.41918218596784
C           -5.00840863558394       -3.22321722818237       -1.40223445691368
C           -4.34602739057065       -2.34005237231566       -0.56867880699769
H            1.20378593523854       -4.01141740974039       -0.12874093156757
H            2.07871791731160       -3.14577832766794        1.15015179977521
H            1.99701316611184       -2.55361480117152       -1.82843959129018
H            3.42257731977570       -2.62073369620251       -0.74971512742860
H            1.34171408655878        0.12947626121226        2.12578795743409
H            2.59098090587137        0.43738128717743        4.26263501200888
H            5.04541175495649        0.18518164934033        4.28889333530475
H            6.25474866194297       -0.36586321264358        2.21398597179444
H            5.01713814163524       -0.65732933270380        0.09849644310149
H            3.44511645290034        1.99903625097724       -0.48090062106050
H            4.80681171764047        3.23442712679540       -2.12628502963132
H            5.25442136503051        2.24757167284543       -4.34493044400981
H            4.30299079433036        0.04843776853886       -4.92649283063985
H            2.93979191825112       -1.17905414806119       -3.29823678619051
H           -1.00629250214826       -3.84260956973607        0.72183947095645
H           -0.06725055526620       -3.43010012108419        2.16985666460793
H           -2.64354615911871       -2.72276948086022        2.06642624194317
H           -1.44566029088156       -1.52047402366449        2.64514290228671
H           -3.44058796624645       -0.34422338667563        2.96725842472023
H           -5.08396451394395        1.40063788253962        3.50611500900730
H           -5.90072481558751        2.92433538879377        1.74914233801686
H           -5.07087427258185        2.69652459435723       -0.56502287946596
H           -3.41961911502480        0.93734471705228       -1.11126979291153
H           -1.24754388919613       -2.55817672782034       -1.90800161903621
H           -2.43364937881034       -4.13543764136566       -3.39541007799770
H           -4.84605781861115       -4.55794951073937       -3.06868801707614
H           -6.06335855837870       -3.40927040431864       -1.25804859004243
H           -4.88249882430749       -1.83202590414869        0.22169438509695
C           -0.33813954996656        1.18413568801907       -0.32598686368906
O           -0.63140887917861        2.31005821130788       -0.36096340311581
O            0.20731825785741       -1.19229142066074       -3.15547096819233
C           -0.44821341285537       -0.33880793747055       -4.06944552551809
C            0.44214414474269        0.77862601800522       -4.56081712934946
C            0.72141832538620        1.85956231235507       -3.73376358144420
C            1.54676270775158        2.88192324787745       -4.16534801986583
C            2.10594117683856        2.83382765387141       -5.43044648911645
C            1.83886124254677        1.75676086234013       -6.25884692856501
C            1.01384571439663        0.73359615755480       -5.82509636239230
H            0.30946894348971       -0.71898652926898       -2.30314491958628
H           -0.74999047157270       -0.97699279508615       -4.90603170038461
H           -1.35421546365625        0.08184153574343       -3.60684149380575
H            0.28285617285908        1.90584799050890       -2.74857295936225
H            1.74930022717707        3.71774766260583       -3.51177414756313
H            2.74644967167219        3.63388154427803       -5.77193356781531
H            2.27339306138464        1.71606038686404       -7.24764797598634
H            0.80695004660860       -0.10471059122862       -6.47569271248774
78
 energy: -115.206605316630 gnorm: 0.002293768453 xtb: 6.7.1 (edcfbbe)
Co          -0.00893140156774       -0.47514799569800       -0.07650454586169
N            0.31374302552808       -2.19799929187820        0.50492301772306
C            1.48795791455949       -2.99515220921954        0.21343244213793
C            2.36292465557974       -2.32131277491177       -0.83819811192662
P            2.11732159615264       -0.53331210507354       -0.51866109559876
C            3.09930623031149       -0.28428822947185        0.99330448882843
C            2.41944374532178        0.02124738223239        2.16571180645502
C            3.11311193627686        0.17959132391340        3.35222934325525
C            4.49103315628195        0.03293287687394        3.36869253658929
C            5.17371165612454       -0.27158450091476        2.20047382076369
C            4.48286349720614       -0.43064191027629        1.01268289724111
C            3.13665820700374        0.31839760800121       -1.76455170145786
C            3.63685021196403        1.58167854348594       -1.45583579289950
C            4.39528205397397        2.27669084544296       -2.37801112041008
C            4.65098673879787        1.72347942234189       -3.62259742263948
C            4.13165881318584        0.48123131503622       -3.94651788114835
C            3.37057478791947       -0.21743059917279       -3.02735742086322
C           -0.59740735098925       -2.97583400472438        1.31854562062541
C           -1.75788532383493       -2.11377582705841        1.80707200692085
P           -2.05140134220831       -1.00221681499924        0.38130957983120
C           -3.33457174165660        0.18295267816903        0.88931941633603
C           -3.80156711190899        0.32144139903648        2.19117132570206
C           -4.73304993806038        1.30095845766983        2.49265454896621
C           -5.19722502221010        2.15219352746855        1.50396831092849
C           -4.73086426691432        2.02375852205080        0.20412784739043
C           -3.80336449111739        1.04670425655235       -0.09949045088624
C           -2.98030702834233       -2.09892355604060       -0.74086713196768
C           -2.29227683532937       -2.75089755515229       -1.75728941886775
C           -2.95489140408113       -3.63906763078005       -2.58625897036827
C           -4.30557143406106       -3.88348215544265       -2.40071234082127
C           -4.99426682737440       -3.23745899341238       -1.38509423597784
C           -4.33739750045738       -2.34682676358102       -0.55575915271086
H            1.19055759698687       -4.00216861786538       -0.13683025689750
H            2.07983440634228       -3.14643562008502        1.13889153339711
H            1.97888310065061       -2.54281569117217       -1.83623761923214
H            3.41244049880493       -2.61916042648160       -0.76960332243477
H            1.33720935687617        0.12729506342000        2.12264767455129
H            2.58350232058099        0.41901429182307        4.26354926627028
H            5.03655843734252        0.15731282588430        4.29332100353810
H            6.24848293125342       -0.38468508311775        2.21719026301656
H            5.01356318635881       -0.66007381692491        0.09770121612807
H            3.43077634674974        2.00848908426918       -0.48267809319799
H            4.78868068237163        3.25167469497595       -2.12756121206381
H            5.24819361262345        2.26304523356775       -4.34311352948490
H            4.31646216125191        0.05606122253942       -4.92241141766119
H            2.95334812238802       -1.17654768184933       -3.29573748966696
H           -1.00338317974139       -3.82907053699320        0.73811190544629
H           -0.05906044771407       -3.41118854244715        2.18124481026659
H           -2.63547632465049       -2.70404777779684        2.08374011594925
H           -1.43658340576547       -1.49793951901423        2.65219788860703
H           -3.44334185296262       -0.33477744411626        2.97145144367275
H           -5.09563606542602        1.40241217411716        3.50586300943785
H           -5.91925943747085        2.91866408613717        1.74594935923411
H           -5.08706635997456        2.69092861174332       -0.56749119395047
H           -3.42604500938227        0.93945459362156       -1.10942212525329
H           -1.23800420419928       -2.55024706326076       -1.89467898776920
H           -2.41594263610119       -4.13935283051603       -3.37838323553078
H           -4.82443451338982       -4.57634595030244       -3.04776068722225
H           -6.04760632163303       -3.43030562268712       -1.23925299495784
H           -4.87624652341000       -1.83884810776884        0.23285202022610
C           -0.33669387709718        1.19597224900642       -0.32728855547948
O           -0.62786790801951        2.32226810197325       -0.36622904445915
O            0.21480541180387       -1.19599587828207       -3.16302301602167
C           -0.43815106599862       -0.35399302318201       -4.08895569719769
C            0.44783203343416        0.76850263851667       -4.57674895242088
C            0.71836249075656        1.84982389225658       -3.74706005245986
C            1.54095173704054        2.87576785852263       -4.17348777580770
C            2.10575709237909        2.83121635571453       -5.43671032605794
C            1.84622056124588        1.75529158802617       -6.26838621313905
C            1.02362161462443        0.72803080165953       -5.83917779232353
H            0.30483155449975       -0.71608595716794       -2.31325380602088
H           -0.72561933291044       -0.99899500227548       -4.92526024269545
H           -1.35247702427200        0.06157558546102       -3.63797112037075
H            0.27449025933743        1.89122105801353       -2.76414004015203
H            1.73786540014870        3.71321283878224       -3.52018093359118
H            2.74534124669629        3.63415119140282       -5.77271289151609
H            2.28446821701901        1.71853810481182       -7.25562511228089
H            0.82193635141692       -0.10971518911493       -6.49229133884837
78
 energy: -115.206650245821 gnorm: 0.002284151927 xtb: 6.7.1 (edcfbbe)
Co          -0.00851530128379       -0.46332419295881       -0.07414158485828
N            0.31578120375834       -2.18592588514098        0.50835328606964
C            1.48396897111616       -2.98781267188601        0.20716391055642
C            2.35476253288519       -2.31472236610504       -0.84831537070870
P            2.11595245600421       -0.52700651653142       -0.52317143589156
C            3.09716120153346       -0.28513759706543        0.99046490835783
C            2.41585928591409        0.01680935484979        2.16307389356790
C            3.10724509379841        0.16645235719427        3.35189301768049
C            4.48458798325439        0.01496390747079        3.37070247264315
C            5.16900049652487       -0.28460445982960        2.20219299875403
C            4.48031971411931       -0.43502524095730        1.01213031236904
C            3.13739675784791        0.32568305397551       -1.76635697394962
C            3.62974552136924        1.59231894015801       -1.45830598415295
C            4.38594367336595        2.29056704049736       -2.37957189363401
C            4.64902914403174        1.73596362418300       -3.62232961791688
C            4.13981202291484        0.48934143790369       -3.94492550861596
C            3.37942754671604       -0.21175612272408       -3.02679063142375
C           -0.59285738109536       -2.96134018642929        1.32744030729869
C           -1.75129528223046       -2.09774365678675        1.81764735686388
P           -2.04945122424822       -0.99209213953540        0.38807418836423
C           -3.33880067509408        0.18850851681014        0.89222265470832
C           -3.80708966813836        0.32753161614972        2.19341297608827
C           -4.74541542234736        1.30154404467993        2.49169167577652
C           -5.21527483248972        2.14654116142453        1.50038388044534
C           -4.74777726978827        2.01732485777173        0.20099578617112
C           -3.81324622697335        1.04598309779914       -0.09934028214951
C           -2.97410471926580       -2.09720287914538       -0.72960768374897
C           -2.28392486372866       -2.74811883462007       -1.74501565962243
C           -2.94291202214040       -3.64230629908403       -2.57039386465414
C           -4.29187670621392       -3.89306294295197       -2.38256465934159
C           -4.98273716150238       -3.24778056470423       -1.36774885037493
C           -4.32962096741789       -2.35173934422565       -0.54170867632397
H            1.17956523234914       -3.99259241679682       -0.14371409258169
H            2.08125540045139       -3.14446479299849        1.12819187677065
H            1.96261308671750       -2.53180800376906       -1.84396425682904
H            3.40319393975866       -2.61674887234940       -0.78849553702757
H            1.33395820760810        0.12641417403688        2.11835022594167
H            2.57647946951377        0.40244097444643        4.26346436258055
H            5.02809175292772        0.13178733598801        4.29745212355105
H            6.24335919555699       -0.40102468055670        2.22073024558465
H            5.01178420946521       -0.66113825799984        0.09672732756409
H            3.41740564709994        2.01931410154155       -0.48638536191422
H            4.77213385132398        3.26876010471456       -2.13048152249421
H            5.24406664163526        2.27817615967646       -4.34241996978553
H            4.33197386255276        0.06288360978161       -4.91893554899212
H            2.96886314139581       -1.17402647794157       -3.29419860488356
H           -1.00151075550999       -3.81568834584521        0.75006790286132
H           -0.05145542957603       -3.39540867357623        2.18911707819157
H           -2.62784153979577       -2.68728559482275        2.09901388356119
H           -1.42757261432478       -1.47881142739222        2.65941835539893
H           -3.44495443649576       -0.32384483821455        2.97587769715280
H           -5.10902900292966        1.40338804334459        3.50447164696842
H           -5.94249903928987        2.90872159919423        1.73996063784106
H           -5.10886063097505        2.67931015607689       -0.57288616765602
H           -3.43501806600400        0.93843842298225       -1.10889781329932
H           -1.23085109217217       -2.54229703891828       -1.88408793522629
H           -2.40271814681968       -4.14246827055995       -3.36179866646989
H           -4.80800664792676       -4.59039334066039       -3.02699007730497
H           -6.03489978943951       -3.44545484616179       -1.22054627611156
H           -4.87005694004766       -1.84497036017563        0.24657545704009
C           -0.33218752111876        1.20908609570671       -0.32310588636069
O           -0.61464950297447        2.33747485106523       -0.36134721802587
O            0.22138556124995       -1.20158192817578       -3.16988112015525
C           -0.42850473811826       -0.36938350791493       -4.10682425505058
C            0.45394061930471        0.75743520516458       -4.59021333248860
C            0.71710409125235        1.83875682947625       -3.75792272067542
C            1.53705533855167        2.86811788438240       -4.17972709606268
C            2.10600196261937        2.82781146250497       -5.44168505514795
C            1.85378710980981        1.75278338352876       -6.27601757522470
C            1.03386526549882        0.72147674916141       -5.85075365083698
H            0.29793885893130       -0.71628367302047       -2.32168439942934
H           -0.70212483756467       -1.02010762225115       -4.94316387108009
H           -1.35058707088138        0.04117143264926       -3.66741252805372
H            0.26898058817443        1.87560420573558       -2.77653041207735
H            1.72916164617469        3.70610352760450       -3.52556823541902
H            2.74389347199172        3.63409239804518       -5.77279756318665
H            2.29525694865274        1.71866352867901       -7.26190144416100
H            0.83764926713919       -0.11622637128262       -6.50567692647939
78
 energy: -115.206670711695 gnorm: 0.001138518513 xtb: 6.7.1 (edcfbbe)
Co          -0.00885754975064       -0.46372925842334       -0.07520651160285
N            0.31466016309249       -2.18645783623219        0.50630498022131
C            1.48385270667725       -2.98712003395264        0.20704549252584
C            2.35544110703383       -2.31434401617356       -0.84818149109870
P            2.11597116869170       -0.52650885116049       -0.52383093563389
C            3.09770568230463       -0.28452107847396        0.98969716950444
C            2.41637131576177        0.01711365157384        2.16234385512501
C            3.10748100902285        0.16641713773456        3.35133467702921
C            4.48482709804541        0.01485152865531        3.37030896106280
C            5.16930072506352       -0.28446782280039        2.20174180086895
C            4.48085983396027       -0.43447915918830        1.01153334097903
C            3.13753853843672        0.32618597725867       -1.76710687292228
C            3.62953354358872        1.59287822364191       -1.45889276271101
C            4.38682642526895        2.29094646953826       -2.37969058303013
C            4.65046714958976        1.73680281553883       -3.62248862197242
C            4.14100724250324        0.49040717128111       -3.94535827197996
C            3.38015074884908       -0.21081019111458       -3.02754358585585
C           -0.59329279776623       -2.96171643587377        1.32653621715595
C           -1.75129907796934       -2.09803355903797        1.81789255490595
P           -2.04952856271460       -0.99175546136888        0.38887299647050
C           -3.33920071210224        0.18843903141668        0.89251959424666
C           -3.80759385721473        0.32799406965240        2.19363520443132
C           -4.74680463777219        1.30138741350648        2.49120305486672
C           -5.21738894810425        2.14514682206169        1.49916340697505
C           -4.74988256421803        2.01528090564000        0.19984931316661
C           -3.81443900126215        1.04459346388796       -0.09978557221058
C           -2.97466488068771       -2.09683130234479       -0.72863815165615
C           -2.28508111222873       -2.74768067071570       -1.74459015486584
C           -2.94430612742625       -3.64236967589823       -2.56918975054949
C           -4.29351381487004       -3.89264365125136       -2.38123885000903
C           -4.98394059762224       -3.24687067867622       -1.36651938638018
C           -4.32996943838746       -2.35156227735954       -0.53975876939452
H            1.18110298700131       -3.99259369333390       -0.14265757099673
H            2.08061971932253       -3.14171047698688        1.12862711646696
H            1.96510382783395       -2.53239571823734       -1.84465948497677
H            3.40418008574248       -2.61577920538896       -0.78628079151324
H            1.33444723403428        0.12674664567426        2.11751267013198
H            2.57652878098570        0.40213168171332        4.26284129772299
H            5.02818371515907        0.13135127286113        4.29714335669189
H            6.24366074116162       -0.40093313235288        2.22068293576555
H            5.01256463390540       -0.66043918310640        0.09621190249558
H            3.41701578610742        2.02039020301487       -0.48708567084494
H            4.77281821275534        3.26905483384565       -2.13009478979648
H            5.24575793244690        2.27953935218323       -4.34201670683300
H            4.33293569936834        0.06420180765910       -4.91940063793947
H            2.97058913404490       -1.17319726837170       -3.29553176521906
H           -1.00237134980827       -3.81621466453405        0.74961968269024
H           -0.05095522635825       -3.39565238763867        2.18773009939636
H           -2.62789069890616       -2.68765964545750        2.09918713760333
H           -1.42714012041188       -1.47991608849914        2.66026120263039
H           -3.44475011833284       -0.32260294276977        2.97645508324197
H           -5.11046152760483        1.40362974571635        3.50393110413233
H           -5.94522954242430        2.90691638314163        1.73804943649099
H           -5.11173621591996        2.67621050150417       -0.57463744299082
H           -3.43636801546843        0.93665103562809       -1.10936744831918
H           -1.23204140964391       -2.54206710771595       -1.88497592147912
H           -2.40398158387286       -4.14314763236768       -3.35994522599129
H           -4.80997546235534       -4.59021075046638       -3.02508821978039
H           -6.03643230702454       -3.44385014080891       -1.21950990060567
H           -4.87014625641325       -1.84557436536761        0.24949075023859
C           -0.33295080270293        1.20914270620406       -0.32263467600002
O           -0.60813269863800        2.34001580752060       -0.35646588663507
O            0.21959516157948       -1.20108673321686       -3.16851970294565
C           -0.42841211789557       -0.36978975201094       -4.10761007746753
C            0.45441506079643        0.75684164677176       -4.59002401503029
C            0.71745059015743        1.83832734645549       -3.75789279266195
C            1.53719787987943        2.86808779277664       -4.18013720413389
C            2.10624526667978        2.82813699570730       -5.44202317433609
C            1.85494730897946        1.75220889651965       -6.27552437858240
C            1.03553413029275        0.72057452598736       -5.84999768938351
H            0.29443921365442       -0.71546197335679       -2.32038929320948
H           -0.69814618152489       -1.02190367824018       -4.94384331254688
H           -1.35240608889600        0.03982778770781       -3.67266753873340
H            0.27068616294513        1.87541214124871       -2.77562119896568
H            1.72976729597411        3.70466402668605       -3.52434423636579
H            2.74309641589152        3.63511565460297       -5.77418144865183
H            2.29644472524219        1.71727658608001       -7.26139247487285
H            0.84049969140642       -0.11777755403396       -6.50422679668872
78
 energy: -115.206520435528 gnorm: 0.009882590725 xtb: 6.7.1 (edcfbbe)
Co          -0.01280842424373       -0.46540927306985       -0.07976349790510
N            0.30664105633084       -2.19015515436172        0.49065173959691
C            1.48384773613566       -2.98175393621405        0.20589081952879
C            2.36006695837992       -2.31051427219092       -0.84758470627965
P            2.11472196512267       -0.52206677198347       -0.52866805483087
C            3.10073027203344       -0.27990328855358        0.98383951980575
C            2.41955806219723        0.01924838077211        2.15707384821839
C            3.10915158283920        0.16598699471117        3.34709905960518
C            4.48649603002542        0.01391208603631        3.36678793800484
C            5.17108724467960       -0.28324754807875        2.19754292994972
C            4.48391974077859       -0.43024571086965        1.00644661152951
C            3.13789206054939        0.33042281621755       -1.77235787444034
C            3.62814698156527        1.59721241561609       -1.46276155017519
C            4.39246729185771        2.29431515617444       -2.38019095096172
C            4.66018507768702        1.74314971691583       -3.62318755878672
C            4.14937541454860        0.49814775637237       -3.94807474294457
C            3.38527916027440       -0.20393094982971       -3.03257877220830
C           -0.59581660976601       -2.96450619866733        1.31942957875736
C           -1.75093132383616       -2.10081589205696        1.81958666146406
P           -2.05120383512577       -0.99014361591150        0.39494171705542
C           -3.34226901054081        0.18813372544753        0.89514530465577
C           -3.81124019730571        0.33194148184749        2.19565669670166
C           -4.75740251762386        1.30042649482659        2.48764846376089
C           -5.23395647679170        2.13444791116201        1.49002282304233
C           -4.76620609988926        1.99974715828205        0.19132032600876
C           -3.82352464423632        1.03426261264626       -0.10277934466678
C           -2.97966299616300       -2.09465088060281       -0.72147888245219
C           -2.29446544673849       -2.74525732105849       -1.74102965326846
C           -2.95578185283644       -3.64305237045698       -2.56024071523903
C           -4.30638188186750       -3.88994696467082       -2.37067309032379
C           -4.99324157946778       -3.24093645633679       -1.35621388848182
C           -4.33343649603465       -2.35018227000101       -0.52580164832067
H            1.19323583616476       -3.99227965435081       -0.13627202288093
H            2.07692371876317       -3.12196474550311        1.13175705083975
H            1.98198745465862       -2.53534057480549       -1.84909869998863
H            3.41072725195832       -2.60750778332404       -0.77185081962802
H            1.33752979113501        0.12920333858662        2.11186244716119
H            2.57715242181093        0.39968608289240        4.25835491032921
H            5.02913369893344        0.12792882637964        4.29411871098890
H            6.24546385409735       -0.40007999750970        2.21888894915371
H            5.01716000115568       -0.65472343590681        0.09153045195519
H            3.41379975232538        2.02832881814777       -0.49215363346217
H            4.77780788871818        3.27151639682733       -2.12668204636603
H            5.25829587019676        2.28883172031992       -4.33838912340773
H            4.34065446172472        0.07324848282297       -4.92216800962783
H            2.98153984657289       -1.16678184747238       -3.30497813773607
H           -1.00833348505328       -3.81981156052564        0.74591553811138
H           -0.04648950558111       -3.39751089842707        2.17688910672298
H           -2.62772873262376       -2.69096498535735        2.10050537455548
H           -1.42358618232773       -1.48851446940827        2.66590958671955
H           -3.44290923236660       -0.31248142548275        2.98127994186604
H           -5.12151797759288        1.40576299652300        3.49990180624341
H           -5.96696499208024        2.89271973811863        1.72365091910483
H           -5.13402498451198        2.65247827221772       -0.58772467848802
H           -3.44623979216628        0.92311254225432       -1.11236566265650
H           -1.24182842806080       -2.54102821441005       -1.89037812487425
H           -2.41514409553948       -4.14788984907240       -3.34726841659571
H           -4.82564172721839       -4.58831793666688       -3.01107378133592
H           -6.04768526238523       -3.43285212928571       -1.20985554850845
H           -4.87142341113969       -1.84929160062099        0.26973270278612
C           -0.29755999460951        1.22056937032641       -0.30258687834674
O           -0.58068437410802        2.35180913204359       -0.33818413698485
O            0.20657835954936       -1.19745412253078       -3.15720346215802
C           -0.42644117071343       -0.37440923594619       -4.11417655353673
C            0.45924696776055        0.75157431512670       -4.58881458454828
C            0.72130782373549        1.83381162521852       -3.75742406582224
C            1.53931418549198        2.86647362590774       -4.18210416226258
C            2.10797323856912        2.82996731013496       -5.44384838120801
C            1.86332258359532        1.74832474555671       -6.27232248928238
C            1.04808706469557        0.71399468738792       -5.84522804469456
H            0.26804048221650       -0.70796965538736       -2.31011227041229
H           -0.66837943380965       -1.03693331855520       -4.95000843776869
H           -1.36415645783920        0.02969719574340       -3.71039923328441
H            0.28177378753636        1.87331609998454       -2.77048338544016
H            1.73194951615333        3.69535960223895       -3.51664572712418
H            2.73758089174444        3.64162317889223       -5.78246744638689
H            2.30587445845937        1.70801009454044       -7.25768901794963
H            0.86157123640608       -0.12884258546795       -6.49508097130638
78
 energy: -115.206692593874 gnorm: 0.004647919668 xtb: 6.7.1 (edcfbbe)
Co          -0.01015811764521       -0.46353242554952       -0.07675669234337
N            0.30868389099129       -2.18863286280594        0.49422520400126
C            1.48444505874661       -2.98219681213093        0.20638983004801
C            2.35958623094340       -2.31102023407097       -0.84769012490324
P            2.11596016688532       -0.52262944250436       -0.52844955021425
C            3.10048136555452       -0.28009562011588        0.98445788470130
C            2.41915036910984        0.01914224504042        2.15762837411752
C            3.10905141123665        0.16601216514594        3.34753140972038
C            4.48638118188268        0.01402224065685        3.36703697826338
C            5.17102132421709       -0.28305252340684        2.19784025531568
C            4.48363397960909       -0.43031001227543        1.00684757588255
C            3.13837919588420        0.33036854889703       -1.77197484155601
C            3.62897040308394        1.59705310740245       -1.46226286651903
C            4.39148629031471        2.29474399448572       -2.38007508638965
C            4.65883213847551        1.74293364520702       -3.62297026503896
C            4.14863296464743        0.49754076090269       -3.94781283282294
C            3.38524209802929       -0.20460562525789       -3.03210810909901
C           -0.59519488555938       -2.96373091676599        1.32029433726924
C           -1.75074359867026       -2.09994576864963        1.81872538762609
P           -2.05028264707191       -0.98994116651908        0.39325484320707
C           -3.34166741323175        0.18818565465726        0.89455770020955
C           -3.81043946569411        0.33166061850708        2.19516862525319
C           -4.75634777496096        1.30022955130738        2.48768950429103
C           -5.23303373636884        2.13480470617488        1.49067310804843
C           -4.76532542839173        2.00068690885113        0.19190466944374
C           -3.82293606695169        1.03509295021791       -0.10268704087089
C           -2.97900108972927       -2.09510549451447       -0.72218089910390
C           -2.29371287139620       -2.74620292130516       -1.74110276883580
C           -2.95537491460895       -3.64307485866446       -2.56108895438684
C           -4.30547733769521       -3.89031568305159       -2.37090373029245
C           -4.99213405819445       -3.24186633276492       -1.35590309213237
C           -4.33305477109816       -2.34995726621174       -0.52739368758458
H            1.19159759219540       -3.99187019477069       -0.13751201948059
H            2.07822918443106       -3.12521009654645        1.13162827831849
H            1.97878104561704       -2.53441080589641       -1.84765229468507
H            3.40955630078548       -2.60903057963295       -0.77507014136114
H            1.33716971463175        0.12898822565382        2.11251384098422
H            2.57721849515553        0.39981227119425        4.25890715688195
H            5.02918420790093        0.12816024391548        4.29433232649896
H            6.24537859956543       -0.39990307079866        2.21861985235624
H            5.01659964171988       -0.65473074488059        0.09179770206887
H            3.41430859826475        2.02734822636628       -0.49170759151468
H            4.77733375746798        3.27189112335790       -2.12682651954064
H            5.25722036392148        2.28767161805750       -4.33853465695329
H            4.34085147062556        0.07215920862714       -4.92178549472534
H            2.97957198748987       -1.16711386708302       -3.30401679726482
H           -1.00734356167216       -3.81838238232193        0.74572433590482
H           -0.04739686573636       -3.39740920176841        2.17822181565390
H           -2.62767790463028       -2.68982551058202        2.09935411483122
H           -1.42402140608373       -1.48707744492135        2.66449150474920
H           -3.44231104715832       -0.31293438532700        2.98067089528850
H           -5.12042413157967        1.40531347797893        3.49997587025376
H           -5.96607538802345        2.89295399291341        1.72488188789384
H           -5.13286785518057        2.65399491773440       -0.58662188494768
H           -3.44537309770738        0.92425549242175       -1.11216684576936
H           -1.24117799716099       -2.54183661820482       -1.88905713365524
H           -2.41555588172561       -4.14714459152704       -3.34952388093675
H           -4.82489138912997       -4.58783748361288       -3.01221146737867
H           -6.04597034253856       -3.43433510970182       -1.20864495930531
H           -4.87097430866588       -1.84774372949475        0.26667253566127
C           -0.31439479334374        1.21659990092430       -0.30915809511049
O           -0.57713886428542        2.35200944426389       -0.33468903628796
O            0.20837492868259       -1.19793359069032       -3.15739798690175
C           -0.42528381066920       -0.37538258885631       -4.11415990867488
C            0.46004736988730        0.75133874842864       -4.58915106029598
C            0.72190635692525        1.83320154654385       -3.75732964971829
C            1.53985661194580        2.86556149922768       -4.18102566490918
C            2.10793875127012        2.82922886525245       -5.44298579097368
C            1.86260851320025        1.74897827339167       -6.27295876749196
C            1.04722372747860        0.71471219418379       -5.84642321385698
H            0.27040099337275       -0.70764248370175       -2.31066931614061
H           -0.67076748006867       -1.03691053992990       -4.95026125870882
H           -1.36134138951604        0.03029455861865       -3.70582958778560
H            0.27925538165321        1.87282719777879       -2.77240011176221
H            1.72995010040068        3.69745512483228       -3.51859601773446
H            2.73871364143358        3.64000343816816       -5.77976621634410
H            2.30563970630267        1.70997083855766       -7.25811128754662
H            0.85954702714673       -0.12729253474361       -6.49745395602368
78
 energy: -115.206727921559 gnorm: 0.000746281525 xtb: 6.7.1 (edcfbbe)
Co          -0.00815000089357       -0.46178303525607       -0.07442034508543
N            0.31192568220475       -2.18653333538969        0.49907216166932
C            1.48553396007888       -2.98276382188752        0.20656768373261
C            2.35854914777063       -2.31108166119184       -0.84847175307947
P            2.11682039190815       -0.52298428446649       -0.52738779220736
C            3.09989514989888       -0.28053069724497        0.98570636463653
C            2.41853193174799        0.01885361295859        2.15884507352906
C            3.10908414786017        0.16601182600649        3.34839624912083
C            4.48640590785276        0.01424326986114        3.36743144873201
C            5.17098347050370       -0.28275821926532        2.19825773409676
C            4.48304311200840       -0.43042422880284        1.00754254108589
C            3.13838909418138        0.33037847206978       -1.77079612313505
C            3.62960979626750        1.59695268261224       -1.46117874873960
C            4.39017406688254        2.29501288260665       -2.37955228259651
C            4.65704093853177        1.74195622503955       -3.62212459601932
C            4.14730545063619        0.49619474258306       -3.94677713595173
C            3.38421105130382       -0.20554514142789       -3.03089186710492
C           -0.59387715851538       -2.96243795666629        1.32164309171838
C           -1.75028495264917       -2.09880580821289        1.81772665673918
P           -2.04933328667686       -0.98976800355520        0.39122088729000
C           -3.34102232164765        0.18833774999607        0.89384440474449
C           -3.80932086430796        0.33126086551010        2.19461649270042
C           -4.75471978846516        1.29999836619959        2.48798510325582
C           -5.23160748135370        2.13545277607955        1.49191125426469
C           -4.76389786340220        2.00240891203864        0.19302544539865
C           -3.82203264756585        1.03662884267511       -0.10234311128683
C           -2.97800416692403       -2.09544622322046       -0.72353896174098
C           -2.29247664698482       -2.74748292690915       -1.74146565652198
C           -2.95477925886667       -3.64300137485746       -2.56262148638021
C           -4.30420327541932       -3.89075485908100       -2.37156738181976
C           -4.99066370790848       -3.24314361984589       -1.35565263097332
C           -4.33253793398810       -2.34951183582746       -0.52977942282339
H            1.18893832014102       -3.99105483288347       -0.13952470696313
H            2.08050846122334       -3.13016919710380        1.13058187075210
H            1.97281447929279       -2.53213280704184       -1.84611384146747
H            3.40773263661761       -2.61053355376365       -0.78114794882618
H            1.33653918912598        0.12844831393182        2.11403334830766
H            2.57762946333838        0.39991526305595        4.26003216949695
H            5.02955439748228        0.12863762480108        4.29459133629715
H            6.24533849016549       -0.39942083733241        2.21792591242438
H            5.01540242275160       -0.65471972297001        0.09216290749877
H            3.41499974660925        2.02572650883356       -0.49033659264928
H            4.77603163426212        3.27253033663338       -2.12745024947139
H            5.25481320460914        2.28557892002140       -4.33893140025062
H            4.34061599214297        0.07030059627441       -4.92063265098349
H            2.97622199955477       -1.16783461529515       -3.30145846407830
H           -1.00506780770814       -3.81629828309132        0.74539781957563
H           -0.04857236601928       -3.39708840276951        2.18050138798791
H           -2.62727299018255       -2.68847136402264        2.09811998610092
H           -1.42457565472102       -1.48451657132786        2.66235982929927
H           -3.44141953847263       -0.31353748318818        2.97994545497694
H           -5.11860612095465        1.40471773277108        3.50037001112384
H           -5.96473264924781        2.89330067383177        1.72706701825977
H           -5.13106290656646        2.65660131673235       -0.58471797541772
H           -3.44411620527324        0.92617291601734       -1.11171312125576
H           -1.23987683736702       -2.54330117032290       -1.88694159505479
H           -2.41628988057447       -4.14599237253663       -3.35308824655408
H           -4.82360774582024       -4.58777634864727       -3.01358348299594
H           -6.04350996934810       -3.43718417063848       -1.20651666267612
H           -4.87033770108629       -1.84489373599784        0.26208246336080
C           -0.32140075316261        1.21490416794648       -0.31282170827812
O           -0.58399454810383        2.34900253453255       -0.33914848258225
O            0.21211837202165       -1.19905356743327       -3.15806463774778
C           -0.42321584636788       -0.37680264222558       -4.11350184888143
C            0.46103258807457        0.75088131403794       -4.59002178822067
C            0.72128150817124        1.83272652440609       -3.75779158890603
C            1.53887960742983        2.86497933339263       -4.18000081104653
C            2.10821000003785        2.82791841233635       -5.44147043773455
C            1.86222310923751        1.74965871858472       -6.27372201877609
C            1.04602124341072        0.71564034608856       -5.84842419162751
H            0.27464218342802       -0.70812239996667       -2.31169135623092
H           -0.67393485829758       -1.03664190225879       -4.94958633090437
H           -1.35719954603813        0.03044141702265       -3.69914658237366
H            0.27555416207084        1.87081223128058       -2.77485028626405
H            1.72775956931170        3.70001199589431       -3.52114397955342
H            2.74095702572693        3.63757234879708       -5.77524316448213
H            2.30498643865886        1.71368984209383       -7.25902296705302
H            0.85592618328599       -0.12452359733980       -6.50162704453954
78
 energy: -115.206742278137 gnorm: 0.000894465331 xtb: 6.7.1 (edcfbbe)
Co          -0.00776905388376       -0.46041666258687       -0.07421726725870
N            0.31260838425741       -2.18527639062869        0.49865816743315
C            1.48675217710296       -2.98103712689262        0.20626659152079
C            2.35901265890157       -2.30930902057069       -0.84930220072561
P            2.11718779750230       -0.52127962501096       -0.52815712227171
C            3.10045574765760       -0.27909655477386        0.98476738003927
C            2.41919501837997        0.01935643513154        2.15819709773761
C            3.10991705708943        0.16578042537743        3.34775182718415
C            4.48724958465533        0.01419650957541        3.36647887481356
C            5.17175728706153       -0.28172962927091        2.19699809117851
C            4.48364685038499       -0.42867460046665        1.00626751045878
C            3.13885796324796        0.33219497110904       -1.77134043038475
C            3.62990202554435        1.59877608426108       -1.46136849108030
C            4.39093443763801        2.29692387345449       -2.37920006663145
C            4.65875809425531        1.74368639859653       -3.62151361362501
C            4.14925240832677        0.49792222285515       -3.94655527227865
C            3.38540837350735       -0.20377655878931       -3.03127048069834
C           -0.59322781504705       -2.96184378223543        1.32052042582521
C           -1.74945353645467       -2.09836144012015        1.81738872085249
P           -2.04896651253543       -0.98895370061871        0.39124796095062
C           -3.34134964315777        0.18855681178925        0.89396323117734
C           -3.80921676925622        0.33255083531573        2.19473114764326
C           -4.75725256712440        1.29915816826036        2.48677309682971
C           -5.23719261086237        2.13140128053271        1.48943125062686
C           -4.76950202359629        1.99763060044679        0.19059964838537
C           -3.82496109305589        1.03404609081846       -0.10339566205593
C           -2.97894119035021       -2.09487781499227       -0.72234849439927
C           -2.29504930737401       -2.74795560362794       -1.74065594480294
C           -2.95906435242348       -3.64332610638249       -2.56068153055263
C           -4.30825774959892       -3.89043232696682       -2.36763439039523
C           -4.99295446820228       -3.24226628679575       -1.35083186038362
C           -4.33336962992910       -2.34832976420473       -0.52666708921862
H            1.19066915672165       -3.98968890695479       -0.13939788177434
H            2.08198549648511       -3.12770995775459        1.13031551871526
H            1.97237847097899       -2.53021726702562       -1.84650778450487
H            3.40820577109201       -2.60869980974195       -0.78269259996279
H            1.33716404142872        0.12877376804845        2.11362819707231
H            2.57852987913564        0.39893483753270        4.25962700423292
H            5.03051279837653        0.12788289335556        4.29367259849192
H            6.24613023618888       -0.39824566621443        2.21634057734707
H            5.01590125681501       -0.65214616171156        0.09062978332827
H            3.41446110479742        2.02737587761296       -0.49067075873458
H            4.77672400586813        3.27441687189672       -2.12685269260972
H            5.25742313835116        2.28697896232702       -4.33783144224940
H            4.34355690809994        0.07197112066078       -4.92022936309813
H            2.97704268956216       -1.16590147462119       -3.30203640639628
H           -1.00468218843552       -3.81508498628424        0.74356271101268
H           -0.04797876260605       -3.39732902065985        2.17896357357804
H           -2.62650391083379       -2.68805180851710        2.09750130831008
H           -1.42351019674211       -1.48466492171195        2.66228561945896
H           -3.43918253260255       -0.30988387833231        2.98102721843111
H           -5.12103997569975        1.40468106124577        3.49911470219628
H           -5.97269307770882        2.88730379633463        1.72353856689642
H           -5.13889095371536        2.64940190519071       -0.58813704682344
H           -3.44703509850926        0.92278331297128       -1.11268777705460
H           -1.24248257403040       -2.54458710203466       -1.88722191689344
H           -2.42207344072643       -4.14680665617552       -3.35191061676576
H           -4.82891543795173       -4.58724706745345       -3.00888099602335
H           -6.04555205895737       -3.43595678916374       -1.19977008823877
H           -4.86991738834277       -1.84307112460183        0.26556021782082
C           -0.32088583684065        1.21637831910615       -0.31150324100476
O           -0.57649708780265        2.35227049586957       -0.33406411986105
O            0.21190763026451       -1.19900306662990       -3.15452173113599
C           -0.41976502286116       -0.38074300976916       -4.11569378412131
C            0.46413334104218        0.74794946498172       -4.59080978281809
C            0.72237272619853        1.82979604997721       -3.75800527944758
C            1.53898065920716        2.86317077249022       -4.17924840993303
C            2.10920625919744        2.82721495872735       -5.44034375781447
C            1.86494475767065        1.74915180896567       -6.27340498966969
C            1.04969473153709        0.71404232672191       -5.84902705594048
H            0.26913404070950       -0.70590086264325       -2.30883483913500
H           -0.66470114844278       -1.04324585142210       -4.95161440804671
H           -1.35711226296987        0.02589042842175       -3.70739580471962
H            0.27533389679784        1.86717282813015       -2.77565540124566
H            1.72585386643008        3.69889448659932       -3.52067463516403
H            2.74147152043076        3.63758547818054       -5.77311529405011
H            2.30880204902779        1.71410225606895       -7.25823962348309
H            0.86106142764229       -0.12614240029426       -6.50273052520123
78
 energy: -115.206777490200 gnorm: 0.001067686240 xtb: 6.7.1 (edcfbbe)
Co          -0.00630914145288       -0.45592402655276       -0.07343814408680
N            0.31528147750569       -2.18119584980633        0.49800653693778
C            1.49039560095053       -2.97580750472945        0.20488999002346
C            2.35989688788427       -2.30358338470116       -0.85242985957604
P            2.11843615143168       -0.51587562737207       -0.52998307038430
C            3.10190474094483       -0.27482256560702        0.98275470905324
C            2.42090491948876        0.02052817082631        2.15712798870340
C            3.11211821772092        0.16482832181240        3.34667156819814
C            4.48953827379666        0.01422848192718        3.36443072976791
C            5.17386605080705       -0.27822594599327        2.19399194428176
C            4.48525452296503       -0.42306476656180        1.00324837827001
C            3.14006565881813        0.33813823043091       -1.77251954733595
C            3.63078061394221        1.60468822532675       -1.46165747350424
C            4.39355292684554        2.30265199176489       -2.37799415516475
C            4.66405586839528        1.74858368845109       -3.61940893920868
C            4.15485550151441        0.50293307579734       -3.94544929441287
C            3.38850788650802       -0.19821370446728       -3.03189851625803
C           -0.59094768677705       -2.95963812691788        1.31748391528769
C           -1.74672949842739       -2.09660285551767        1.81635629728789
P           -2.04765709773320       -0.98650061352980        0.39089735816599
C           -3.34212750214283        0.18912289450315        0.89383260029545
C           -3.80818814949122        0.33640981350390        2.19475856024869
C           -4.76393103897106        1.29665163720830        2.48315807325875
C           -5.25343269197347        2.11902230328796        1.48214248846864
C           -4.78616010896810        1.98310192378165        0.18334311904509
C           -3.83374435748265        1.02615744842725       -0.10687729690599
C           -2.98153330149450       -2.09340588067125       -0.71891459874131
C           -2.30276056110661       -2.74952945103926       -1.73860038212163
C           -2.97209214290700       -3.64468036965514       -2.55483198629393
C           -4.32054865697173       -3.88998074730295       -2.35537542839673
C           -4.99983912756715       -3.23997979483282       -1.33594547496528
C           -4.33560734785824       -2.34509079733178       -0.51701039018359
H            1.19517296656015       -3.98515256883206       -0.13962551574851
H            2.08686481773880       -3.12090492830089        1.12846015392799
H            1.96965195228353       -2.52337302764966       -1.84829301596331
H            3.40921128192329       -2.60291553894940       -0.78921939187103
H            1.33876124489853        0.12914865487821        2.11333209571507
H            2.58093968570152        0.39550020026236        4.25932043220948
H            5.03311620469776        0.12601513241977        4.29170015364357
H            6.24833874697164       -0.39385459762298        2.21224081027491
H            5.01717537338705       -0.64388853755613        0.08678104090311
H            3.41322510124136        2.03268503481058       -0.49119653999606
H            4.77888483631463        3.28028139398883       -2.12545258864684
H            5.26469131630604        2.29098810653214       -4.33477111041460
H            4.35171129996527        0.07686097894485       -4.91861640035923
H            2.97930335574027       -1.16002609582939       -3.30268508569472
H           -1.00293478963867       -3.81103797538546        0.73816810403853
H           -0.04618558543674       -3.39777252595823        2.17484181712247
H           -2.62370077127530       -2.68650256213193        2.09623710557055
H           -1.42001202073937       -1.48403025210513        2.66160712121180
H           -3.43120192394070       -0.29850328316394        2.98398202441986
H           -5.12702754282764        1.40464165619743        3.49550273417244
H           -5.99624896317289        2.86875589704208        1.71329408697397
H           -5.16267587579273        2.62737030731974       -0.59830035518145
H           -3.45611001020669        0.91249404849540       -1.11605106179480
H           -1.25031533743522       -2.54846155203506       -1.88889606778563
H           -2.43980808156284       -4.14983985883299       -3.34827786298601
H           -4.84494370523747       -4.58683271761922       -2.99357466421905
H           -6.05166026092455       -3.43287483365502       -1.17880568428627
H           -4.86813708305347       -1.83744374279288        0.27629984675966
C           -0.31307247278267        1.22273072043379       -0.30506789384718
O           -0.55995706123257        2.36045553751338       -0.32287891583063
O            0.21132370813536       -1.19845213396894       -3.14469572202395
C           -0.40974332767572       -0.39233788610800       -4.12262424943860
C            0.47282836744293        0.73921384568840       -4.59415458607964
C            0.72491283916467        1.82112674142745       -3.75951944474710
C            1.53884818551349        2.85767664572830       -4.17763751831124
C            2.11263140602012        2.82452145211852       -5.43730840596375
C            1.87345469893300        1.74716414260150       -6.27280712695481
C            1.06035186521360        0.70909644849031       -5.85158126787076
H            0.25231877413221       -0.69899806565952       -2.30115222009384
H           -0.63747717350098       -1.06314761182363       -4.95720345434728
H           -1.35688193266564        0.01189164138002       -3.73280555756619
H            0.27472995162251        1.85533207566864       -2.77843308384019
H            1.72151459694656        3.69449041769899       -3.51925894767426
H            2.74387482715522        3.63693753247507       -5.76682985963568
H            2.31978631133536        1.71555667430189       -7.25662148491880
H            0.87519376250245       -0.13047518060858       -6.50722349374094
78
 energy: -115.206800664546 gnorm: 0.000948929939 xtb: 6.7.1 (edcfbbe)
Co          -0.00513376283230       -0.45084357758386       -0.07296908434999
N            0.31735062796410       -2.17682665009393        0.49656640307267
C            1.49319343969014       -2.97006768547823        0.20285376094441
C            2.36044387521672       -2.29731987564933       -0.85588083369791
P            2.11954452290441       -0.50990431603777       -0.53192147381060
C            3.10360000117728       -0.27063108863301        0.98082043713012
C            2.42296526928913        0.02125468214098        2.15629026391103
C            3.11459423866403        0.16347922745819        3.34582890548926
C            4.49219624512979        0.01438658017144        3.36258449552424
C            5.17623465147698       -0.27439855991610        2.19107310996436
C            4.48715648178494       -0.41725280020657        1.00036230535149
C            3.14182499289611        0.34468642303601       -1.77333100810798
C            3.63182742357793        1.61136017958492       -1.46183551108162
C            4.39670398808719        2.30890969176139       -2.37678872421278
C            4.66989797132886        1.75426882474961       -3.61734974694741
C            4.16100551560520        0.50869162079524       -3.94418809958667
C            3.39257944420824       -0.19203405609655       -3.03207116974793
C           -0.58887559990345       -2.95662503911761        1.31468215713496
C           -1.74384520726002       -2.09364457814586        1.81559796946887
P           -2.04653641912074       -0.98358271245064        0.39031427515368
C           -3.34317207324442        0.18984039087778        0.89299851557351
C           -3.80689675618107        0.34054489857247        2.19427484452672
C           -4.77040201608644        1.29403845748328        2.47949410087105
C           -5.27005468842896        2.10593106061919        1.47490728361827
C           -4.80384582181193        1.96769583181484        0.17596276364092
C           -3.84343779143102        1.01782230189652       -0.11098089747524
C           -2.98434820788092       -2.09198156639645       -0.71519871314287
C           -2.31110119066342       -2.75040707990000       -1.73705101975504
C           -2.98543218036730       -3.64643157750781       -2.54833463513567
C           -4.33316254097605       -3.89020448201293       -2.34203754530012
C           -5.00689686890970       -3.23798823298716       -1.32037698700337
C           -4.33761798985498       -2.34259119944774       -0.50612196126949
H            1.19914950638282       -3.98002315839258       -0.14051857973193
H            2.09109138384463       -3.11336021456993        1.12573357879628
H            1.96757578565965       -2.51603018491432       -1.85103060290616
H            3.40997672779115       -2.59674780995910       -0.79546920779637
H            1.34068624234359        0.12880253136923        2.11338907055712
H            2.58361135710858        0.39130623807348        4.25930971883492
H            5.03606433709548        0.12444471830506        4.28988580514392
H            6.25085805148636       -0.38877987435153        2.20846027546629
H            5.01886573187264       -0.63528072816520        0.08309334319890
H            3.41209950473006        2.03958701515821       -0.49190403473253
H            4.78171051109968        3.28655131085172       -2.12383831389917
H            5.27255295728315        2.29612913118161       -4.33145394398606
H            4.35994181356611        0.08244342139189       -4.91681945640186
H            2.98352885197294       -1.15376039187506       -3.30310452238916
H           -1.00169055541731       -3.80662064811678        0.73379332441162
H           -0.04405053444856       -3.39686664063290        2.17092419616230
H           -2.62049934585943       -2.68360786145008        2.09638565551834
H           -1.41581384162478       -1.48165472782561        2.66076438273522
H           -3.42256266623977       -0.28671888580275        2.98611034988591
H           -5.13229581483604        1.40441015526039        3.49201315646587
H           -6.02000078198552        2.84936568842444        1.70334994127060
H           -5.18801362044537        2.60409195381362       -0.60845803022681
H           -3.46689674897865        0.90181695078562       -1.12031189908523
H           -1.25915531171508       -2.55084432991100       -1.89300459022935
H           -2.45762689913095       -4.15357656465873       -3.34346275873530
H           -4.86137005999942       -4.58756456497857       -2.97651064498071
H           -6.05818245893148       -3.42952902679347       -1.15772293463387
H           -4.86579570795756       -1.83355861785009        0.28926570083728
C           -0.30610127185756        1.22985740448485       -0.29887605985712
O           -0.54651558962501        2.36907788321019       -0.31323609948690
O            0.21078066173857       -1.19894589730509       -3.13708627284351
C           -0.39998482660702       -0.40470266657793       -4.13080300664194
C            0.48096204770576        0.72990901514072       -4.59797701179808
C            0.72723155224250        1.81151432078644       -3.76100882597075
C            1.53878498144640        2.85131597015568       -4.17557163131366
C            2.11586044983480        2.82196753478861       -5.43393630767646
C            1.88221520124850        1.74520353280152       -6.27167453917689
C            1.07152429645226        0.70374526415994       -5.85399496062256
H            0.23589989566879       -0.69410849871557       -2.29572585675124
H           -0.60933011627804       -1.08397217188083       -4.96347323804823
H           -1.35650759110499       -0.00461611855202       -3.76013500106433
H            0.27435395406147        1.84259073161112       -2.78084637354990
H            1.71739321212970        3.68768269437900       -3.51553131020646
H            2.74540130142773        3.63697122590099       -5.76058187384922
H            2.33141204804184        1.71643596666775       -7.25428763146259
H            0.89103225169870       -0.13549216443618       -6.51133851111602
78
 energy: -115.206813858201 gnorm: 0.000887688947 xtb: 6.7.1 (edcfbbe)
Co          -0.00463444611022       -0.44729134528323       -0.07336080066967
N            0.31906320186944       -2.17335182578991        0.49659898392115
C            1.49416860307570       -2.96685984258336        0.20093662593308
C            2.36002549171192       -2.29346826797172       -0.85843973983726
P            2.12021891099276       -0.50630646736652       -0.53252236468482
C            3.10441862722264       -0.26875031790291        0.98044015791227
C            2.42410235332554        0.02105305100293        2.15660478209836
C            3.11619170468277        0.16232313475205        3.34598393229247
C            4.49396640989387        0.01462071608613        3.36191722281960
C            5.17768112244385       -0.27210962082041        2.18974717992521
C            4.48811664064583       -0.41412495672750        0.99921959725189
C            3.14305914893378        0.34879199113585       -1.77296716879119
C            3.63262622593738        1.61558746484923       -1.46134410726954
C            4.39842225770789        2.31281488500362       -2.37574572833480
C            4.67297261574740        1.75766455646173       -3.61577301866994
C            4.16455497491419        0.51190930345673       -3.94276478950675
C            3.39521463769434       -0.18846167781519       -3.03122233473554
C           -0.58736447308562       -2.95334176737617        1.31412752629181
C           -1.74187685740234       -2.09005698166343        1.81531649888497
P           -2.04605968575190       -0.98153102614955        0.38906610233953
C           -3.34399909309898        0.19055640339867        0.89157932915717
C           -3.80575541726844        0.34279666141682        2.19332165088364
C           -4.77290395334453        1.29266729231263        2.47789348636879
C           -5.27820799398994        2.09933631273938        1.47213842974574
C           -4.81348200604698        1.96007098391669        0.17277026407383
C           -3.84936097027801        1.01391083528177       -0.11350514450109
C           -2.98556822028378       -2.09148886312119       -0.71365079357218
C           -2.31541039606599       -2.75064759742443       -1.73702707148487
C           -2.99223639946808       -3.64755054653254       -2.54529350249659
C           -4.33925341876637       -3.89130400580396       -2.33460692353955
C           -5.00991006549433       -3.23827922502811       -1.31148485599064
C           -4.33814184572732       -2.34222259532029       -0.50020354234134
H            1.19933253595367       -3.97647021066981       -0.14278431248745
H            2.09320056163191       -3.11100630373086        1.12293746590971
H            1.96493854150080       -2.51082364309732       -1.85297551469812
H            3.40947678272548       -2.59354342071430       -0.80056856531289
H            1.34170068352571        0.12766891477876        2.11441849155531
H            2.58549175348432        0.38842134614743        4.26006370088766
H            5.03816409075541        0.12413552022628        4.28909172821638
H            6.25243979756125       -0.38535768021610        2.20637237419673
H            5.01955632175744       -0.63056034509146        0.08142646650994
H            3.41189803753564        2.04396136706619       -0.49173310105478
H            4.78301451888079        3.29066427741792       -2.12292722975974
H            5.27609774463674        2.29935231961167       -4.32959079084921
H            4.36453510796558        0.08539107726331       -4.91507545394327
H            2.98655386638748       -1.15042387511024       -3.30200406554486
H           -1.00054315595257       -3.80286106652952        0.73276350682068
H           -0.04281637416584       -3.39431282309869        2.17016332743781
H           -2.61817835265530       -2.67970600558090        2.09778759799961
H           -1.41290611202707       -1.47694086163890        2.65927730079891
H           -3.41712966894274       -0.28048682338179        2.98606162807960
H           -5.13341696173011        1.40403682829690        3.49078346588097
H           -6.03169999032448        2.83925156292516        1.69993226300430
H           -5.20206783926101        2.59241822116198       -0.61258987775501
H           -3.47413666845917        0.89692351752674       -1.12320492023068
H           -1.26400346223421       -2.55127825138129       -1.89647398291965
H           -2.46699314435771       -4.15557234099977       -3.34155760766347
H           -4.86931858846735       -4.58941234434128       -2.96667825813133
H           -6.06064012415844       -3.42967914842875       -1.14540039506011
H           -4.86380350162288       -1.83252433942043        0.29633547386099
C           -0.30534783261503        1.23360103277676       -0.29803550727395
O           -0.54737705821106        2.37208158375413       -0.31357555425175
O            0.21238632546145       -1.20154073079556       -3.13582464414627
C           -0.39417332181591       -0.41289570178691       -4.13591766152880
C            0.48513335720343        0.72397543875040       -4.60071883070091
C            0.72753617717986        1.80512256359273       -3.76191199403078
C            1.53777854390564        2.84694021773745       -4.17349343281085
C            2.11732520889039        2.82024476651715       -5.43085880804872
C            1.88702267374876        1.74444567305314       -6.27062075935475
C            1.07758512201390        0.70077730415617       -5.85583022138963
H            0.23051021917627       -0.69447181893875       -2.29598262796315
H           -0.59504611013503       -1.09544467141239       -4.96745397814645
H           -1.35440711487541       -0.01570218107300       -3.77326669862533
H            0.27272232311980        1.83360485999360       -2.78255830100084
H            1.71402958232647        3.68271002797782       -3.51208278774498
H            2.74618326787503        3.63673949398150       -5.75494229838706
H            2.33771927411165        1.71821670978367       -7.25261639779398
H            0.89956572501969       -0.13759269390608       -6.51495144715831
78
 energy: -115.206827233797 gnorm: 0.000528728049 xtb: 6.7.1 (edcfbbe)
Co          -0.00505279636846       -0.44430274865796       -0.07496524375745
N            0.31965426788580       -2.17029834224697        0.49554348490360
C            1.49391881147662       -2.96412661958576        0.19853788149649
C            2.35958901331673       -2.29007182351982       -0.86059442797996
P            2.12037617295298       -0.50307333212537       -0.53308189604667
C            3.10492621756081       -0.26738724761912        0.98020603210738
C            2.42492650533122        0.02043036112719        2.15703700723010
C            3.11735109936661        0.16096595407144        3.34630926117049
C            4.49531532600154        0.01475469403530        3.36153329765929
C            5.17870985980250       -0.27019169535200        2.18874787553990
C            4.48876201142123       -0.41165617096081        0.99838591597565
C            3.14446320934530        0.35233224997032       -1.77237988244490
C            3.63332495802791        1.61934725455756       -1.46072100342060
C            4.39998524455309        2.31640549641163       -2.37466456124078
C            4.67573897082760        1.76120639728871       -3.61437308768557
C            4.16804575190872        0.51516000633845       -3.94137068135479
C            3.39827188904617       -0.18519963028801       -3.03017592320056
C           -0.58625557080645       -2.94958906994287        1.31423431209531
C           -1.74004158443745       -2.08555968988614        1.81555153970919
P           -2.04614997544730       -0.97956688756722        0.38775144461337
C           -3.34505143125466        0.19146411699566        0.88984777864934
C           -3.80447452266441        0.34495186208033        2.19228517765802
C           -4.77407413798494        1.29217459216283        2.47713503032443
C           -5.28423899873178        2.09490481223379        1.47077705263522
C           -4.82162743227795        1.95465956678338        0.17075236606491
C           -3.85498240882969        1.01118475620568       -0.11580410705526
C           -2.98650845824514       -2.09154612224305       -0.71234319043647
C           -2.31876899471848       -2.75034837594420       -1.73753247662310
C           -2.99699308361206       -3.64874272248688       -2.54294562465740
C           -4.34329595130085       -3.89344705821688       -2.32844758593633
C           -5.01167992759647       -3.24016046447066       -1.30410396125975
C           -4.33814722959831       -2.34353135138919       -0.49479840430127
H            1.19844468959561       -3.97327772411490       -0.14591974194435
H            2.09351493252009       -3.10939106210060        1.11997047266645
H            1.96415511450444       -2.50659781165221       -1.85524733095764
H            3.40901405210351       -2.59054293033223       -0.80338860017711
H            1.34243258444374        0.12617435406130        2.11545372969465
H            2.58687603867734        0.38548773207636        4.26090222683290
H            5.03980472254302        0.12405520020577        4.28855360384240
H            6.25360505740278       -0.38234537646603        2.20491272795200
H            5.02011747295607       -0.62680228332162        0.08024197574376
H            3.41175514735636        2.04831225434148       -0.49152731641832
H            4.78420145748539        3.29435566177391       -2.12164857720681
H            5.27924369602982        2.30312311353756       -4.32770373929986
H            4.36881624775826        0.08833484304759       -4.91334245510540
H            2.99076552763636       -1.14756441243786       -3.30107407479371
H           -1.00011163260727       -3.79941292421040        0.73375057943830
H           -0.04114661953180       -3.39013123520454        2.17016775831270
H           -2.61584740957056       -2.67466526428968        2.10069703246348
H           -1.40964799461611       -1.47069019422346        2.65777539491336
H           -3.41222600278206       -0.27557376512855        2.98529662237890
H           -5.13280126765970        1.40417411311528        3.49058459390467
H           -6.03975522481385        2.83260739141960        1.69863884726227
H           -5.21395600184023        2.58405015497231       -0.61503906662750
H           -3.48177859506454        0.89345853441892       -1.12616090390246
H           -1.26808367605886       -2.55019202293397       -1.90080733468587
H           -2.47341237534249       -4.15710999490021       -3.33999935885123
H           -4.87453421491929       -4.59253201093963       -2.95840123553163
H           -6.06194937451654       -3.43186442693464       -1.13536383638261
H           -4.86187927680691       -1.83436237456153        0.30338622234962
C           -0.30741945649999        1.23640534254867       -0.29986876867776
O           -0.55236448175885        2.37444427954103       -0.31729395939448
O            0.21418578610555       -1.20551516206151       -3.13675947125773
C           -0.38987984591664       -0.42062087529642       -4.14111244333858
C            0.48795991846990        0.71846025284946       -4.60316734906066
C            0.72713301537774        1.79889760058345       -3.76246334810287
C            1.53640457829741        2.84265719403807       -4.17111584374334
C            2.11793536414628        2.81901941746868       -5.42762867131873
C            1.89079612093359        1.74399538169220       -6.26914739817935
C            1.08274265912699        0.69807890101833       -5.85714169385524
H            0.22827213554662       -0.69674440284289       -2.29831642847092
H           -0.58334066313452       -1.10526110209735       -4.97247535268776
H           -1.35326180245712       -0.02631955314519       -3.78473900070726
H            0.27100229691146        1.82521006300589       -2.78360805539642
H            1.71040855146330        3.67698695679643       -3.50731322861584
H            2.74577299297777        3.63715501057039       -5.74968996976388
H            2.34294935703508        1.71965695488213       -7.25052382038486
H            0.90760004048228       -0.13969256224272       -6.51771816448172
78
 energy: -115.206844405041 gnorm: 0.000677138116 xtb: 6.7.1 (edcfbbe)
Co          -0.00568580422867       -0.44026342893093       -0.07791078409980
N            0.32020738253723       -2.16590624867006        0.49402925659108
C            1.49281801355825       -2.96094617025190        0.19479095386176
C            2.35905082491378       -2.28595753623137       -0.86329124824415
P            2.12054134711157       -0.49916525741463       -0.53375916866499
C            3.10506279220765       -0.26573233294179        0.98010314332430
C            2.42539470193423        0.01949993013086        2.15775272336127
C            3.11829151170605        0.15901966918377        3.34688636266145
C            4.49648147365888        0.01470476733147        3.36116993412069
C            5.17950670876481       -0.26793352256894        2.18761462168940
C            4.48905165651337       -0.40866023140218        0.99746853940286
C            3.14622863145625        0.35681802116896       -1.77149219914593
C            3.63404061805207        1.62413990304214       -1.45957925131541
C            4.40162482593639        2.32127631558220       -2.37277110715446
C            4.67921335895289        1.76605707999128       -3.61205183523745
C            4.17289045828664        0.51949183717677       -3.93917764467010
C            3.40244685916070       -0.18101446620213       -3.02865805543046
C           -0.58471550147062       -2.94365664482395        1.31514608957355
C           -1.73747525155618       -2.07831275463886        1.81613810334638
P           -2.04659481021234       -0.97674948400085        0.38558805999065
C           -3.34685827634289        0.19288332292662        0.88730625478205
C           -3.80258997608042        0.34790471538019        2.19090889055967
C           -4.77418229468394        1.29263478225299        2.47700563454930
C           -5.29010025533743        2.09152018041701        1.47055292254583
C           -4.83115563471696        1.94989931198156        0.16938828703617
C           -3.86251571307802        1.00880606792176       -0.11846006735183
C           -2.98732004453905       -2.09221530323099       -0.71077879489664
C           -2.32212134018244       -2.74981522305619       -1.73839020450304
C           -3.00146783235121       -3.65017771215593       -2.54070741845492
C           -4.34650844780686       -3.89755030200114       -2.32117335491547
C           -5.01244084224467       -3.24514855721042       -1.29470422178222
C           -4.33759194979859       -2.34705337929233       -0.48806955127049
H            1.19559472732215       -3.96897084138928       -0.15160940432939
H            2.09261525782896       -3.10912546139344        1.11562926358890
H            1.96386267540017       -2.50131821820686       -1.85830252762123
H            3.40837361477755       -2.58681936804853       -0.80618109230581
H            1.34281121059809        0.12418920066206        2.11688695797048
H            2.58810876787215        0.38139997645275        4.26217797128530
H            5.04138586112101        0.12371352204063        4.28798425826274
H            6.25457068358081       -0.37865931184452        2.20305934416466
H            5.02028563173131       -0.62210608072652        0.07886054864341
H            3.41127640052347        2.05352364492317       -0.49083391175567
H            4.78500078966859        3.29949106195544       -2.11946558387741
H            5.28295119855134        2.30843062174497       -4.32483601972477
H            4.37505987268304        0.09228591463214       -4.91068048673202
H            2.99654232544252       -1.14397916383046       -3.29975835045293
H           -0.99950340510951       -3.79446111170211        0.73673435892765
H           -0.03860512221567       -3.38277983745460        2.17121493114606
H           -2.61248117982487       -2.66649090049044        2.10559331408156
H           -1.40498932931938       -1.46032029858538        2.65533327988826
H           -3.40570058437801       -0.26956335054310        2.98397791051639
H           -5.12988156166485        1.40546964390379        3.49143015593637
H           -6.04743142696192        2.82711436312368        1.69920085577152
H           -5.22814697027320        2.57623900482489       -0.61650254283126
H           -3.49249033930387        0.89023668634774       -1.12987195437709
H           -1.27250081500487       -2.54779280135827       -1.90610701489956
H           -2.47973031278687       -4.15799664349749       -3.33930362099979
H           -4.87862691275715       -4.59808293144330       -2.94875882687998
H           -6.06180755714371       -3.43858569796816       -1.12223905491991
H           -4.85934067767432       -1.83885305430839        0.31203593688792
C           -0.31328244711670        1.23917909179485       -0.30553926780388
O           -0.56607573084631        2.37539517004464       -0.32752639086888
O            0.21769947665544       -1.21280787697663       -3.14003348794396
C           -0.38424084377025       -0.43164238112931       -4.14860202907842
C            0.49128261190720        0.71083668636277       -4.60669865190942
C            0.72577519404032        1.79001604457259       -3.76304456990826
C            1.53353869829117        2.83669259917466       -4.16725905795329
C            2.11801022693213        2.81749358645260       -5.42247378175126
C            1.89529031952420        1.74389567092777       -6.26697654301129
C            1.08901917500534        0.69485857405095       -5.85928536073609
H            0.22869497372096       -0.70135060460436       -2.30337934454013
H           -0.56998818142768       -1.11796718463337       -4.98020359284580
H           -1.35127395395704       -0.04133677984362       -3.79803785438681
H            0.26727283847665        1.81308900053700       -2.78519509622229
H            1.70395391191555        3.66940858847048       -3.50049977627086
H            2.74466385712254        3.63785108341126       -5.74120939755944
H            2.34964391504022        1.72271717388117       -7.24742658778424
H            0.91781639262289       -0.14188035549146       -6.52219412618338
78
 energy: -115.206862322054 gnorm: 0.000724931867 xtb: 6.7.1 (edcfbbe)
Co          -0.00766053122575       -0.43584804688369       -0.08325593631201
N            0.32023372195420       -2.16052425232187        0.49077542737220
C            1.49129211403021       -2.95683929047917        0.18976278504712
C            2.35909647128773       -2.28062258108560       -0.86624831050414
P            2.12003479361130       -0.49403526830821       -0.53528353345897
C            3.10452214429976       -0.26307130329771        0.97920491188989
C            2.42516510625984        0.01892479605681        2.15778745790918
C            3.11849998096753        0.15664022943796        3.34691677178824
C            4.49690133076505        0.01420292727496        3.36024523383422
C            5.17963068948107       -0.26528847839236        2.18576726509794
C            4.48869863474506       -0.40459289267325        0.99572541064315
C            3.14814816097024        0.36247211348317       -1.77093080865847
C            3.63429869219096        1.63021889406803       -1.45821004291180
C            4.40332808371159        2.32786706933497       -2.36986466625137
C            4.68403618952514        1.77286934716215       -3.60854968324916
C            4.17975136262605        0.52568212684793       -3.93638159172084
C            3.40803480987012       -0.17538843330104       -3.02731091456271
C           -0.58266613450431       -2.93598726581765        1.31617759346546
C           -1.73409473520669       -2.06910875272910        1.81725721488046
P           -2.04778393334637       -0.97319022455474        0.38345986708980
C           -3.34961365150064        0.19496215076117        0.88473891915291
C           -3.80030704368496        0.35265976785064        2.18984818484908
C           -4.77405281235736        1.29468658163181        2.47731765341485
C           -5.29724033898668        2.08854003749095        1.47055693368204
C           -4.84333523807205        1.94443711501955        0.16792116703718
C           -3.87251675150605        1.00587902858268       -0.12134970785323
C           -2.98856533081271       -2.09339716145350       -0.70813242479992
C           -2.32616051438010       -2.74891647726679       -1.73886061622581
C           -3.00634447332205       -3.65188583644176       -2.53758403710127
C           -4.34952739925115       -3.90366831397802       -2.31162689202050
C           -5.01266866508031       -3.25327715976580       -1.28209165797353
C           -4.33688275406359       -2.35281892251409       -0.47885749214967
H            1.19230802001057       -3.96354327469647       -0.15917925283041
H            2.09050528225845       -3.10846384441871        1.11044119764526
H            1.96592367868783       -2.49536623048080       -1.86214776058924
H            3.40837153106595       -2.58135897755935       -0.80740237841063
H            1.34250224623903        0.12261558130784        2.11760840234714
H            2.58856234126367        0.37631445529275        4.26300938309541
H            5.04219253829231        0.12222589625637        4.28695731889913
H            6.25485959708282       -0.37462073220651        2.20047327122916
H            5.01988396585312       -0.61577049907174        0.07656572113689
H            3.40930088615300        2.05981619326868       -0.49006209593155
H            4.78542081697464        3.30637676873444       -2.11571745147550
H            5.28877693417776        2.31582694421941       -4.32005731951178
H            4.38449984772363        0.09820959882631       -4.90722851968024
H            3.00412668153140       -1.13895099080226       -3.29923692315435
H           -0.99881897048161       -3.78845868692653        0.74120482518791
H           -0.03451439440664       -3.37265184591077        2.17226014988633
H           -2.60805123449995       -2.65612663475939        2.11215132375401
H           -1.39884977511400       -1.44743552763311        2.65270448269701
H           -3.39793664133299       -0.26103726532098        2.98306136528120
H           -5.12569584887850        1.40917329145810        3.49297722162048
H           -6.05600819921326        2.82232849701760        1.70021913062908
H           -5.24584128640775        2.56709727188668       -0.61812642731074
H           -3.50684725383355        0.88560623760694       -1.13413651427186
H           -1.27796784503815       -2.54390068117522       -1.91185512908623
H           -2.48666581476583       -4.15812303316531       -3.33851794903698
H           -4.88232595403843       -4.60610847637581       -2.93649972456633
H           -6.06056333145005       -3.45017110780953       -1.10448282806686
H           -4.85645722955414       -1.84646931892751        0.32385994528832
C           -0.32156939040011        1.24202006115144       -0.31472643202547
O           -0.58243667762594        2.37656684028261       -0.34093256312796
O            0.22183451860735       -1.22304060403356       -3.14476631053854
C           -0.37672224092444       -0.44635197752665       -4.15907957378615
C            0.49592244197121        0.70045063073760       -4.61145673661982
C            0.72368246422019        1.77797969079919       -3.76392772421622
C            1.52905561424208        2.82883859968659       -4.16220288730616
C            2.11764900267621        2.81569668300284       -5.41550555120237
C            1.90150384725888        1.74380278218086       -6.26394625169363
C            1.09790743617453        0.69043680076395       -5.86209765496243
H            0.22997713688143       -0.70764279061073       -2.31043996615149
H           -0.55207043416447       -1.13485287221074       -4.99131181397109
H           -1.34883031860526       -0.06123197314679       -3.81627024836907
H            0.26213604255118        1.79657899083251       -2.78742469616523
H            1.69426283205797        3.65960245855337       -3.49169303616624
H            2.74237274961879        3.63925618928387       -5.72979826038266
H            2.35895673593602        1.72714913127535       -7.24305274117957
H            0.93195611917044       -0.14483976911074       -6.52817684944473
78
 energy: -115.206877588248 gnorm: 0.000722765493 xtb: 6.7.1 (edcfbbe)
Co          -0.00964204414557       -0.43125852115101       -0.08948689546102
N            0.31978107666249       -2.15486748573732        0.48647177580918
C            1.48968680167105       -2.95226677612652        0.18432003916782
C            2.35966562217062       -2.27504604039717       -0.86927669179906
P            2.11914062791242       -0.48862619878431       -0.53792536654304
C            3.10301024842158       -0.25915609750530        0.97732271552026
C            2.42383577638847        0.01939390367392        2.15679574097128
C            3.11746534703971        0.15455246555206        3.34608927661902
C            4.49597806748754        0.01325911226924        3.35865381673670
C            5.17854214148035       -0.26271874157080        2.18324679296553
C            4.48730846707268       -0.39969137907617        0.99313188672556
C            3.14934126442674        0.36893170924812       -1.77137607719453
C            3.63338172451542        1.63711663508511       -1.45711179512450
C            4.40476235395667        2.33552389416179       -2.36621806879715
C            4.68998186234692        1.78083822254825       -3.60403801473619
C            4.18801076232875        0.53313611641052       -3.93339210052767
C            3.41390913969164       -0.16866055140057       -3.02683791896728
C           -0.58047421168587       -2.92787850354647        1.31701763896983
C           -1.73048253528815       -2.05954645988388        1.81868860823274
P           -2.04920436580159       -0.96928038409235        0.38176744484879
C           -3.35304556750634        0.19700836715918        0.88273532255052
C           -3.79826059254704        0.35841740253114        2.18936382307791
C           -4.77389199531658        1.29814566343487        2.47783705080167
C           -5.30446632975403        2.08638976428280        1.47048740492136
C           -4.85618583335983        1.93863037327365        0.16632919003998
C           -3.88355738460088        1.00216278212670       -0.12401147056660
C           -2.99017082734858       -2.09484679107644       -0.70420426507441
C           -2.33053592839939       -2.74765104588874       -1.73839720664530
C           -3.01124679611878       -3.65342572465706       -2.53356311149872
C           -4.35215587912507       -3.91089083360000       -2.30044892697864
C           -5.01244665801959       -3.26351863718118       -1.26713465369372
C           -4.33617825148433       -2.36004715200694       -0.46765044390035
H            1.18932668199921       -3.95772589614863       -0.16716913301379
H            2.08768677344741       -3.10707550126455        1.10526295382282
H            1.96978314113988       -2.48998988656298       -1.86637950024276
H            3.40907498592365       -2.57473028618359       -0.80729186961848
H            1.34117859107089        0.12253499498648        2.11712233096313
H            2.58767182675666        0.37128999906184        4.26296683951539
H            5.04152328968457        0.11941424162652        4.28543999888688
H            6.25388600060442       -0.37104833246899        2.19726209941204
H            5.01849186556438       -0.60828302318791        0.07337881228905
H            3.40514112842268        2.06642940880810       -0.48957015988240
H            4.78508586538321        3.31438691194996       -2.11076205301077
H            5.29634551452547        2.32449754731816       -4.31364154781000
H            4.39638863309174        0.10572272365835       -4.90349463422252
H            3.01231067300461       -1.13283241798372       -3.30003710748338
H           -0.99815414742395       -3.78229900117026        0.74606763687022
H           -0.02959699269107       -3.36166097444458        2.17287417778707
H           -2.60317675853196       -2.64570193516656        2.11897691850396
H           -1.39248296113276       -1.43449331444363        2.65053442258598
H           -3.38970544618514       -0.25045701457746        2.98323232289270
H           -5.12108266772949        1.41531500394940        3.49473639053728
H           -6.06501540597160        2.81823717348707        1.70078701105996
H           -5.26490921731330        2.55662424806571       -0.62032643191946
H           -3.52257840886151        0.87930134502261       -1.13815991078056
H           -1.28394792630063       -2.53887008212100       -1.91669993659216
H           -2.49364444950706       -4.15740857569434       -3.33726697751201
H           -4.88534118925732       -4.61553030661068       -2.92252526627141
H           -6.05852415164195       -3.46496265218490       -1.08380039984323
H           -4.85364789276638       -1.85576847438018        0.33777062153402
C           -0.32962139074742        1.24495456767251       -0.32513257761880
O           -0.59758105185658        2.37778541662361       -0.35421353849086
O            0.22634883171280       -1.23497852299641       -3.15052382093961
C           -0.36765417044829       -0.46319369962161       -4.17144691035939
C            0.50166419164752        0.68857585555514       -4.61714473969805
C            0.72139389902000        1.76422097131860       -3.76518145183967
C            1.52364510415394        2.82007830181687       -4.15665340590777
C            2.11709677022848        2.81386080060462       -5.40766189238492
C            1.90883268706636        1.74389656544217       -6.26062151555188
C            1.10842143359875        0.68555539634323       -5.86555960819549
H            0.23164130453030       -0.71503234295714       -2.31881700920087
H           -0.53127257545870       -1.15405043031055       -5.00422612714497
H           -1.34545911748307       -0.08375961589221       -3.83780535246339
H            0.25575012043077        1.77772697035911       -2.79051526833198
H            1.68215778199992        3.64921195809035       -3.48249174748665
H            2.73939136417185        3.64122790365466       -5.71679916211718
H            2.37056452705366        1.73238559379854       -7.23780782821164
H            0.94926729894452       -0.14847669663326       -6.53491252409785
78
 energy: -115.206890861613 gnorm: 0.000671706518 xtb: 6.7.1 (edcfbbe)
Co          -0.01269430280576       -0.42684430900426       -0.09656818034115
N            0.31921406332832       -2.14900997541539        0.48149281451131
C            1.48851472908619       -2.94708131828167        0.17864182402892
C            2.36069528543472       -2.26884847798705       -0.87249673488426
P            2.11711069086766       -0.48261435996232       -0.54180647761245
C            3.10014406283450       -0.25425066046093        0.97419916134527
C            2.42103803341607        0.02114869763133        2.15437678430092
C            3.11482863463666        0.15311193787973        3.34398560878816
C            4.49335911961869        0.01207744825607        3.35608754078940
C            5.17594353070437       -0.26014648680730        2.17982737459171
C            4.48455157032216       -0.39419458237208        0.98948750325764
C            3.14983438991260        0.37605932441396       -1.77259693516950
C            3.63102635156712        1.64483703601813       -1.45619987242681
C            4.40527396803733        2.34442288615513       -2.36188124004143
C            4.69644414661511        1.79011819051985       -3.59852493675122
C            4.19732904132374        0.54187684160735       -3.93015741489438
C            3.42023489673955       -0.16107167766570       -3.02698400151621
C           -0.57777304626694       -2.91968750104910        1.31768307775435
C           -1.72644085015369       -2.05024050896681        1.82051374165172
P           -2.05100588302929       -0.96527058759372        0.38099391109135
C           -3.35655599221174        0.19949047225452        0.88182858979417
C           -3.79581493405626        0.36595400746871        2.18987003214532
C           -4.77382030905742        1.30319265417791        2.47848676861233
C           -5.31275959033073        2.08422040293679        1.46979726160023
C           -4.87038773113570        1.93157458223374        0.16420478143615
C           -3.89539196638913        0.99748514041570       -0.12628073694459
C           -2.99217200754908       -2.09632732412147       -0.69905108775583
C           -2.33532310294455       -2.74608004353551       -1.73687332401262
C           -3.01622812626000       -3.65509802859966       -2.52821585398090
C           -4.35442861071913       -3.91919190971488       -2.28724646587023
C           -5.01177273894294       -3.27536525053039       -1.24978968799362
C           -4.33548811934583       -2.36816364396009       -0.45464120453205
H            1.18716786846110       -3.95150614320077       -0.17512171882293
H            2.08511542451439       -3.10459134768224        1.10005293429725
H            1.97480501445401       -2.48488266186198       -1.87079861221482
H            3.41032982504239       -2.56691968525658       -0.80659064163949
H            1.33841406831154        0.12422001285349        2.11502056057060
H            2.58508096781530        0.36695034969834        4.26156921824959
H            5.03896206752101        0.11538580459019        4.28317588765166
H            6.25132225257025       -0.36818687279048        2.19332065777030
H            5.01576735400919       -0.59995082872681        0.06911259579407
H            3.39804742290730        2.07355992896481       -0.48952088258138
H            4.78359701740767        3.32358059521280       -2.10457306102800
H            5.30576777332069        2.33422349167733       -4.30528120680828
H            4.41075380900705        0.11471688232941       -4.89931465180030
H            3.02075830112050       -1.12563368296647       -3.30204025046826
H           -0.99707345292347       -3.77611633500291        0.75100315402084
H           -0.02371382035235       -3.35043278648302        2.17305691766075
H           -2.59783087906332       -2.63570695486939        2.12579316364544
H           -1.38583369781782       -1.42231942252501        2.64907753845929
H           -3.38143979978853       -0.23765389194072        2.98468320071119
H           -5.11640179116425        1.42410690612596        3.49651898415088
H           -6.07445189597615        2.81475710451924        1.70038872660497
H           -5.28494562899896        2.54448696484054       -0.62332136555121
H           -3.53917495162506        0.87094814011989       -1.14165749860000
H           -1.29058769977783       -2.53271833362917       -1.92058576142568
H           -2.50092961048841       -4.15606699167038       -3.33531866501286
H           -4.88779911450055       -4.62630266954472       -2.90637324800721
H           -6.05555112213049       -3.48263157340144       -1.05983813064768
H           -4.85068151208550       -1.86649434481459        0.35387252016590
C           -0.33692952984029        1.24801304004378       -0.33606029818175
O           -0.60910375394278        2.37976966901110       -0.36561174766285
O            0.23162182152910       -1.24821949222641       -3.15707752655488
C           -0.35651175929397       -0.48234307121148       -4.18587507417602
C            0.50901109778998        0.67511636802824       -4.62393838745388
C            0.71842502354950        1.74910717592874       -3.76733325683835
C            1.51672106259938        2.81076869975204       -4.15101972803385
C            2.11642280542140        2.81204514346627       -5.39903360828408
C            1.91826473508458        1.74388207664914       -6.25679572446028
C            1.12181449278982        0.67972852756009       -5.86944442495661
H            0.23294239156848       -0.72324400121666       -2.32828884436034
H           -0.50636480734339       -1.17592075661963       -5.01915335866098
H           -1.34080432191684       -0.10925801200051       -3.86323110156263
H            0.24795945809195        1.75643567999556       -2.79490814509756
H            1.66753001168828        3.63829252532138       -3.47312598835000
H            2.73590256203533        3.64373942486120       -5.70207364364613
H            2.38469364684501        1.73872455820477       -7.23180060431198
H            0.96997611726973       -0.15250818177091       -6.54274287465713
78
 energy: -115.206901824256 gnorm: 0.000684059908 xtb: 6.7.1 (edcfbbe)
Co          -0.01537065032913       -0.42302723922998       -0.10328704567703
N            0.31846434035234       -2.14390045223182        0.47657308489088
C            1.48775776359556       -2.94212400473431        0.17366922299263
C            2.36161546583646       -2.26339158005823       -0.87581514249936
P            2.11467117522761       -0.47731989451088       -0.54667627480627
C            3.09619659076209       -0.24868716838673        0.97019615022747
C            2.41686314558118        0.02428513767220        2.15072118827182
C            3.11047785601225        0.15291805824946        3.34082868088300
C            4.48889100105017        0.01094875006520        3.35299302264542
C            5.17175148135720       -0.25820653868399        2.17619978101612
C            4.48057835204013       -0.38883973490339        0.98540680875887
C            3.14884612365175        0.38327037691035       -1.77498845786782
C            3.62671747265828        1.65269132750130       -1.45602895171800
C            4.40478213476317        2.35340824813748       -2.35748465296212
C            4.70306684988635        1.79938985070242       -3.59260473470199
C            4.20677483179463        0.55078989803876       -3.92712967655713
C            3.42571936424924       -0.15325521680573       -3.02815765982089
C           -0.57522183777733       -2.91266930347365        1.31804332514122
C           -1.72282982507442       -2.04269728092253        1.82259981690273
P           -2.05248917299713       -0.96159442025590        0.38142373314386
C           -3.36020806589297        0.20112941427130        0.88208564829502
C           -3.79429005218967        0.37324291723388        2.19112368060962
C           -4.77384966677776        1.30903100859592        2.47906831453454
C           -5.31947797334310        2.08316002281874        1.46879787429103
C           -4.88247088399337        1.92479918492685        0.16209656811603
C           -3.90598706499121        0.99209968590904       -0.12773798574533
C           -2.99408365793090       -2.09754397588060       -0.69298898780006
C           -2.33976416235957       -2.74400522223526       -1.73441294308385
C           -3.02050322481554       -3.65624282297135       -2.52219446806765
C           -4.35587986751216       -3.92729895227713       -2.27354847362587
C           -5.01053286680818       -3.28726901503082       -1.23198832357592
C           -4.33460946443645       -2.37630686921262       -0.44090290809313
H            1.18613368830076       -3.94602644817522       -0.18135725008358
H            2.08315872654879       -3.10093266454396        1.09563609420777
H            1.97973473358868       -2.48130872955376       -1.87515113732671
H            3.41162632429716       -2.55915268477671       -0.80588428010006
H            1.33433599733744        0.12797805288343        2.11127722798910
H            2.58060696314605        0.36467674488787        4.25880676706855
H            5.03427530149361        0.11117209818496        4.28054086153928
H            6.24709342438845       -0.36658872633826        2.18951461648947
H            5.01188285411093       -0.59238365232013        0.06460077422256
H            3.38826085660781        2.08054171745350       -0.49028732765988
H            4.78043497949048        3.33307595070922       -2.09820039178988
H            5.31540692975199        2.34420737055819       -4.29619923524512
H            4.42569430268863        0.12423464782092       -4.89533883114985
H            3.02890660987540       -1.11841120204905       -3.30512113061042
H           -0.99585744176056       -3.77096206514250        0.75525175570958
H           -0.01792374756160       -3.34068198348519        2.17270108487021
H           -2.59294973583953       -2.62803822674096        2.13171835246594
H           -1.38016045534567       -1.41296234928832        2.64885381567107
H           -3.37361681788421       -0.22389960011422        2.98770204513293
H           -5.11225140761951        1.43456297100737        3.49794506496830
H           -6.08331392090635        2.81183475623157        1.69870611711131
H           -5.30345962375208        2.53132344130655       -0.62717099189539
H           -3.55405246118534        0.86103224702415       -1.14403159903107
H           -1.29682224308219       -2.52604830006977       -1.92293258265196
H           -2.50717111666193       -4.15455580712849       -3.33217886599692
H           -4.88909142163674       -4.63718162603645       -2.88966387790613
H           -6.05199571274252       -3.50028980777825       -1.03595661711163
H           -4.84785322073231       -1.87692457016427        0.37026365805671
C           -0.34170768023039        1.25108460788577       -0.34506742693373
O           -0.61530275540086        2.38249822541271       -0.37249996173482
O            0.23718275813730       -1.26115563809139       -3.16414692513488
C           -0.34456001482498       -0.50126957123549       -4.20083846046504
C            0.51691454882601        0.66200624647729       -4.63126735715385
C            0.71533551482526        1.73449860479492       -3.77023611306600
C            1.50948522127737        2.80197010352691       -4.14607828548526
C            2.11590386621047        2.81057767013656       -5.39080243427649
C            1.92832628659397        1.74420146593697       -6.25318183528475
C            1.13601795271601        0.67419660867216       -5.87359584560910
H            0.23343119859368       -0.73170434717746       -2.33810065969705
H           -0.48026347667256       -1.19745035192363       -5.03441667063374
H           -1.33520112171920       -0.13462042345814       -3.88974794266545
H            0.23888390883619        1.73606852241761       -2.80064958903498
H            1.65126692275573        3.62865469702080       -3.46519368837507
H            2.73220598490019        3.64678263542396       -5.68777322831075
H            2.40072533103736        1.74478895545339       -7.22531543003878
H            0.99324812457552       -0.15716975058137       -6.55005382829463
78
 energy: -115.206910931051 gnorm: 0.000557243926 xtb: 6.7.1 (edcfbbe)
Co          -0.01752864658806       -0.42073240074780       -0.10706076979546
N            0.31799513906139       -2.14083112283217        0.47364120195291
C            1.48777763740030       -2.93860580961716        0.17066921706226
C            2.36199824981534       -2.25987380895670       -0.87858672982187
P            2.11179464035739       -0.47395120301201       -0.55133194023206
C            3.09174672236550       -0.24449515812910        0.96630025773395
C            2.41190060087435        0.02807528767462        2.14654909179166
C            3.10499027116341        0.15459517592456        3.33719112422676
C            4.48319669712700        0.01075573475663        3.35010386022127
C            5.16663801070918       -0.25723163018008        2.17340542237567
C            4.47603041916259       -0.38563934944436        0.98208931067593
C            3.14711414516831        0.38823652543260       -1.77745344765892
C            3.62136591791199        1.65852206239228       -1.45645760159871
C            4.40215298063267        2.36053977428178       -2.35438887646817
C            4.70690337129944        1.80668231334543       -3.58799101752280
C            4.21353253570641        0.55756415654759       -3.92496915247933
C            3.42960489576046       -0.14778924655497       -3.02953270672247
C           -0.57313688838710       -2.90886026307232        1.31845217718330
C           -1.72023424346317       -2.03897608866020        1.82461365302447
P           -2.05337665784667       -0.95955663811841        0.38305512336942
C           -3.36166511688260        0.20260102726530        0.88386908390234
C           -3.79213234596661        0.37986129095957        2.19335417256871
C           -4.77325620680301        1.31464867724980        2.47969052215808
C           -5.32405158178470        2.08254698108634        1.46737245095571
C           -4.89045292449202        1.91916609807941        0.16016968089836
C           -3.91241619501653        0.98756166258296       -0.12800449611036
C           -2.99520188776282       -2.09829709591328       -0.68791432652946
C           -2.34239769550489       -2.74241193610605       -1.73164948252526
C           -3.02256913757549       -3.65726737488001       -2.51683922362494
C           -4.35574068356719       -3.93363348825859       -2.26275823618113
C           -5.00879816131629       -3.29614287347261       -1.21863286979053
C           -4.33360531085978       -2.38209917174305       -0.43059810993856
H            1.18643864096333       -3.94260769715355       -0.18428079694407
H            2.08290759321763       -3.09721670140562        1.09283888459926
H            1.98236601830547       -2.47979553952857       -1.87823813163103
H            3.41236828032673       -2.55371313386628       -0.80633190224078
H            1.32949972689127        0.13288455790489        2.10653905773158
H            2.57476146246708        0.36568471924518        4.25510780340162
H            5.02800870872274        0.10838048244157        4.27825594107200
H            6.24183542583498       -0.36690379460811        2.18715427437640
H            5.00757620894427       -0.58814956287873        0.06119771336075
H            3.37758320807713        2.08566633097646       -0.49173750309940
H            4.77555400379887        3.34059684408103       -2.09336770567211
H            5.32249441736412        2.35180642238765       -4.28851777367875
H            4.43757140613058        0.13152636811004       -4.89224593662569
H            3.03476067799490       -1.11330682726521       -3.30812949098574
H           -0.99453461667945       -3.76821668856758        0.75792982793851
H           -0.01348518551887       -3.33526191312004        2.17236919078892
H           -2.58953791605825       -2.62461298565043        2.13537817923337
H           -1.37662414472020       -1.40884648953931        2.65008365594060
H           -3.36874598397737       -0.21329571068506        2.99119660176026
H           -5.10917726561670        1.44419999363274        3.49886084230103
H           -6.08804794716316        2.81121010612866        1.69637606479664
H           -5.31406056827279        2.52181365895129       -0.63030693235065
H           -3.56271796911515        0.85262731121243       -1.14452860948918
H           -1.30087343846568       -2.52055818198904       -1.92343874196018
H           -2.51061918074394       -4.15324747562848       -3.32913005582010
H           -4.88852517257908       -4.64570137656891       -2.87670051352817
H           -6.04836868271425       -3.51390910768985       -1.01808796292171
H           -4.84547035206737       -1.88465424673036        0.38262781228066
C           -0.34329034889663        1.25330112571131       -0.34972734699157
O           -0.61513524108711        2.38508126286180       -0.37349702446339
O            0.24214726959299       -1.27051382165548       -3.17018175323859
C           -0.33450742423259       -0.51547079931229       -4.21290859808276
C            0.52356302164341        0.65245117860362       -4.63750551059450
C            0.71177589107806        1.72458142043372       -3.77373140894581
C            1.50242523033541        2.79658561764695       -4.14350483616169
C            2.11539880663287        2.81011575499565       -5.38498137448637
C            1.93765460776443        1.74440269500693       -6.25022480632813
C            1.14877312925246        0.66980675510662       -5.87663847644781
H            0.23308182666542       -0.73817217091603       -2.34610542684029
H           -0.45912073512256       -1.21350566980274       -5.04646160492732
H           -1.32980468599288       -0.15391655200623       -3.91097788468657
H            0.23019957559769        1.72161081618873       -2.80664605807084
H            1.63703066892607        3.62278860584622       -3.46069428340183
H            2.72934403100770        3.64970116326730       -5.67701595836004
H            2.41476615095618        1.74955323889610       -7.21998078394280
H            1.01311276677632       -0.16072808666774       -6.55548937089647
78
 energy: -115.206919222057 gnorm: 0.000551257208 xtb: 6.7.1 (edcfbbe)
Co          -0.01911170363387       -0.41995613649166       -0.10897719750872
N            0.31790180766978       -2.13963313086739        0.47219227635422
C            1.48848955959041       -2.93653916836334        0.16933801024674
C            2.36159653822215       -2.25828509478363       -0.88124720630424
P            2.10903898825011       -0.47251710453361       -0.55560066061498
C            3.08720430803662       -0.24168841719852        0.96280569881586
C            2.40633931030780        0.03232981553876        2.14208502643349
C            3.09830284867111        0.15803441620100        3.33344326882761
C            4.47623848167588        0.01167064711902        3.34797302683434
C            5.16073713549986       -0.25712630083332        2.17207917139708
C            4.47128877110657       -0.38441190469833        0.98001225003034
C            3.14450713258186        0.39144471738413       -1.78006416243649
C            3.61483112921624        1.66280061041616       -1.45759989848041
C            4.39780150609992        2.36602894321023       -2.35257555627911
C            4.70856630361785        1.81215718628523       -3.58464057653315
C            4.21822631269404        0.56233741761293       -3.92354879615205
C            3.43213177938080       -0.14431678132504       -3.03105204512216
C           -0.57145153722335       -2.90771196884892        1.31884665158143
C           -1.71851153023579       -2.03849929552377        1.82659780936153
P           -2.05332425987901       -0.95874349478986        0.38570885958940
C           -3.36222448765549        0.20273981845604        0.88633799555636
C           -3.79075835045539        0.38429398425915        2.19576427361590
C           -4.77199359399626        1.31955656187926        2.48014073312727
C           -5.32474227991297        2.08337707953596        1.46605079389237
C           -4.89295192089707        1.91572971329825        0.15880141569389
C           -3.91474847182577        0.98385559545972       -0.12736521854788
C           -2.99534015767251       -2.09868345191494       -0.68355749618256
C           -2.34340021202092       -2.74105366485119       -1.72888607929683
C           -3.02288846955967       -3.65800573275469       -2.51216656396849
C           -4.35449596112649       -3.93822743484103       -2.25437358774756
C           -5.00670716323776       -3.30234989886739       -1.20873847245144
C           -4.33224509303294       -2.38606551554074       -0.42275368613912
H            1.18786185794551       -3.94127165605379       -0.18406227381803
H            2.08441980077353       -3.09330227241482        1.09132093746306
H            1.98226207684115       -2.48006456174397       -1.88054309481908
H            3.41229004477163       -2.55072951600594       -0.80856703138556
H            1.32404623848824        0.13856153893356        2.10083719978249
H            2.56736115480381        0.37025421922867        4.25067864515830
H            5.02005210045235        0.10804846437391        4.27680728511350
H            6.23573076597862       -0.36858794881883        2.18702364114796
H            5.00336127210320       -0.58757568275585        0.05957099238150
H            3.36605826814283        2.08950759165545       -0.49398070094410
H            4.76833044556466        3.34688140309981       -2.09044853951207
H            5.32637726506392        2.35790069266192       -4.28268220045510
H            4.44671870694590        0.13675328441798       -4.88996878071547
H            3.03965792957793       -1.11052702186509       -3.31067984689966
H           -0.99314135324240       -3.76757611493068        0.75934426138191
H           -0.01028709169747       -3.33345514818163        2.17207557415953
H           -2.58741067863756       -2.62478687839483        2.13736529800130
H           -1.37481490330276       -1.40902705034093        2.65248130632003
H           -3.36477534312104       -0.20481531565092        2.99540215542849
H           -5.10634809468780        1.45295137668105        3.49932599901075
H           -6.08960734739943        2.81170225745819        1.69344570836985
H           -5.31914783354920        2.51429086468702       -0.63354680271679
H           -3.56642867149039        0.84507727386436       -1.14386998241074
H           -1.30281589047684       -2.51659604869772       -1.92264421649017
H           -2.51164161974964       -4.15280951286651       -3.32558247275753
H           -4.88670792166016       -4.65226968814126       -2.86651272351140
H           -6.04500455811443       -3.52322953817582       -1.00545100578491
H           -4.84334184910484       -1.88964919768554        0.39155984956499
C           -0.34230990904632        1.25474152582237       -0.35040742201169
O           -0.60998478389225        2.38758672317560       -0.36933719297058
O            0.24619310834047       -1.27616604225263       -3.17487568988704
C           -0.32634009503814       -0.52558697408876       -4.22290174977638
C            0.52889039255336        0.64608101547251       -4.64297268397056
C            0.70778592762880        1.71866094285514       -3.77778777770964
C            1.49586413964400        2.79401058214805       -4.14285393845221
C            2.11515317336910        2.81067382561556       -5.38118080184955
C            1.94626104847219        1.74486863172023       -6.24794126761108
C            1.16022247521359        0.66664334608550       -5.87886482490213
H            0.23073269333613       -0.74202153107015       -2.35225298615799
H           -0.44116209785248       -1.22542413338933       -5.05635014239396
H           -1.32557190810724       -0.16834540590644       -3.92899545247738
H            0.22099702192398        1.71288528899034       -2.81327799962911
H            1.62355605809718        3.62060581509735       -3.45922874344453
H            2.72709154831023        3.65295057251238       -5.66947538319705
H            2.42825917426752        1.75271148813672       -7.21521872567484
H            1.03153098824824       -0.16403949060960       -6.55884780767165
78
 energy: -115.206926502039 gnorm: 0.000508232506 xtb: 6.7.1 (edcfbbe)
Co          -0.01956210977121       -0.42007261789733       -0.10902555644501
N            0.31813687035819       -2.13984764849266        0.47226617682131
C            1.48925209648285       -2.93599190403918        0.16910205560464
C            2.36024040706381       -2.25854088308420       -0.88386492934719
P            2.10699924695675       -0.47293977358761       -0.55885276994108
C            3.08327966149372       -0.24073133650762        0.96041695973211
C            2.40098761912618        0.03607799385628        2.13824040325754
C            3.09134514828218        0.16268740234125        3.33039508592179
C            4.46902041660221        0.01405049826416        3.34716524353716
C            5.15491644901910       -0.25752636173756        2.17271206270669
C            4.46709817049570       -0.38526286896446        0.97976269451266
C            3.14204846343948        0.39271210027707       -1.78209746862405
C            3.60812992808340        1.66546398681834       -1.45910603912520
C            4.39199687666536        2.36995143421845       -2.35227224377422
C            4.70765842818327        1.81587781970353       -3.58298107779120
C            4.22094015568592        0.56482304756441       -3.92267744781222
C            3.43400868571829       -0.14315597244536       -3.03200041774739
C           -0.57025132591809       -2.90836782817496        1.31961729342618
C           -1.71740119376067       -2.03986658766269        1.82859263745757
P           -2.05250824555299       -0.95923616284685        0.38838302282439
C           -3.36090145770093        0.20267079128361        0.88882933050196
C           -3.78809563626796        0.38758177992032        2.19819984739615
C           -4.76915309744589        1.32365510726379        2.48086081169899
C           -5.32293356905199        2.08469394797227        1.46515232650799
C           -4.89228146143709        1.91377024973554        0.15789530835922
C           -3.91429143128282        0.98121955457899       -0.12654248589192
C           -2.99450869577533       -2.09933129290091       -0.68054376754782
C           -2.34278714682383       -2.74074006772870       -1.72657452426067
C           -3.02168071053725       -3.65902220590059       -2.50874712438479
C           -4.35247681382698       -3.94144308594378       -2.24905244853688
C           -5.00457797995506       -3.30617953474912       -1.20296290682523
C           -4.33066343859364       -2.38856883004229       -0.41807123871038
H            1.18925552132551       -3.94166905148724       -0.18205399001914
H            2.08678660069570       -3.09038575353109        1.09047283451773
H            1.97914288915028       -2.48120318408453       -1.88231537359866
H            3.41118461807440       -2.55044966138023       -0.81283928201799
H            1.31879955024059        0.14355918417443        2.09524361511257
H            2.55935521457721        0.37722199837147        4.24650550688821
H            5.01151967254920        0.11072240673352        4.27672068005862
H            6.22970808410061       -0.37065495814433        2.18944781585074
H            5.00005883192351       -0.59038815295962        0.06024928347381
H            3.35534240418231        2.09204190208544       -0.49648723887981
H            4.75933805352436        3.35192044409350       -2.08982518437537
H            5.32624315070881        2.36257171075051       -4.27954458408666
H            4.45293110921469        0.13939869154434       -4.88831211432023
H            3.04442949143774       -1.11049934029627       -3.31179541818123
H           -0.99198793497268       -3.76834235748784        0.76024394242751
H           -0.00822847084760       -3.33406833519309        2.17230285315292
H           -2.58618925457583       -2.62674248114139        2.13874245405645
H           -1.37389740714686       -1.41124595989417        2.65524251130340
H           -3.36208260542833       -0.20005674559411        2.99874059116535
H           -5.10291774568929        1.45961710087449        3.49988969632432
H           -6.08731503281954        2.81383039394186        1.69134925455517
H           -5.31823011895336        2.51092551263381       -0.63540671291214
H           -3.56600477533108        0.84015847500698       -1.14273184275358
H           -1.30272888594088       -2.51462928962585       -1.92147143590465
H           -2.51060565244927       -4.15333248035587       -3.32255883708456
H           -4.88411768379142       -4.65693627996570       -2.85996959725992
H           -6.04225681052571       -3.52873217672374       -0.99835748273208
H           -4.84142844191136       -1.89257662071261        0.39673101955536
C           -0.34043021978212        1.25534461730084       -0.34882663222213
O           -0.60463795871669        2.38903913608686       -0.36445005257726
O            0.24924792284778       -1.27874771104355       -3.17853060976261
C           -0.32046147689746       -0.53178217578592       -4.23056225486129
C            0.53242206632825        0.64275647172371       -4.64745408671200
C            0.70332795297947        1.71636108838016       -3.78187647536883
C            1.48959747644273        2.79413843438215       -4.14360329895408
C            2.11489425347394        2.81229200748089       -5.37895117695447
C            1.95369890819824        1.74567670224243       -6.24610605683790
C            1.16952483000713        0.66492143114689       -5.88031237083398
H            0.22771628884922       -0.74353652287379       -2.35703706272807
H           -0.42803540449309       -1.23303291790774       -5.06357686104124
H           -1.32252210632037       -0.17815923086158       -3.94260239278648
H            0.21142558522037        1.70942942417274       -2.81986663652724
H            1.61113320928530        3.62162003577515       -3.45989558694666
H            2.72543515239789        3.65651368999437       -5.66455953425699
H            2.44058190417163        1.75454365371908       -7.21094943612866
H            1.04752338167536       -0.16680987237628       -6.56031260344877
78
 energy: -115.206934140305 gnorm: 0.000515714273 xtb: 6.7.1 (edcfbbe)
Co          -0.01989965574306       -0.42079453038124       -0.10832978621544
N            0.31868660044534       -2.14078910391825        0.47308915600542
C            1.48994571080185       -2.93637073198579        0.16906389436542
C            2.35831718615762       -2.25968009422169       -0.88660517427687
P            2.10529557126077       -0.47426083599034       -0.56128933671817
C            3.07982696330615       -0.24130234782260        0.95894472063676
C            2.39571729490843        0.03923994831411        2.13489173955965
C            3.08399359716027        0.16821328848203        3.32795340941188
C            4.46146479841660        0.01790694159904        3.34756537539312
C            5.14916242690064       -0.25760964237318        2.17505686759205
C            4.46340292984624       -0.38743697468839        0.98110780832732
C            3.14043672306909        0.39255538174249       -1.78327330876262
C            3.60138285188452        1.66725965992219       -1.46070903621648
C            4.38448230962803        2.37348393819476       -2.35316393120506
C            4.70442545253094        1.81913371105162       -3.58262160952431
C            4.22270012899745        0.56601502771310       -3.92193243055061
C            3.43666559617956       -0.14379857321509       -3.03195641534768
C           -0.56900387395260       -2.90966926498938        1.32091535966690
C           -1.71612643415949       -2.04146316399862        1.83050999555088
P           -2.05142786189657       -0.96031357127058        0.39066374884842
C           -3.35928523809052        0.20205705499913        0.89061451051911
C           -3.78542935984454        0.38928339409066        2.19994156663770
C           -4.76523284414387        1.32691013998882        2.48175382025256
C           -5.31861940978262        2.08703685167379        1.46527016033478
C           -4.88872116429816        1.91397193508203        0.15804407750069
C           -3.91194063922278        0.98000147321529       -0.12552317048504
C           -2.99307218695176       -2.10046410877194       -0.67837607390847
C           -2.34128092857794       -2.74140474947609       -1.72462243467010
C           -3.01965965052897       -3.66081367567410       -2.50590710217428
C           -4.35005331057920       -3.94445302825581       -2.24529265724732
C           -5.00237034033325       -3.30916861948632       -1.19935183335877
C           -4.32884564535647       -2.39069370803174       -0.41511870997474
H            1.19030327190159       -3.94294826331949       -0.17976041018177
H            2.08960772703507       -3.08854659305853        1.08945137434462
H            1.97401078276351       -2.48229950788544       -1.88390153819486
H            3.40935933791749       -2.55208943606027       -0.81871132944530
H            1.31361280150259        0.14758839122238        2.08967874655873
H            2.55058717250212        0.38588409594288        4.24252962352877
H            5.00234516122283        0.11631888261191        4.27789271928165
H            6.22374340067375       -0.37235136496648        2.19421949372102
H            4.99770367167238       -0.59547567863229        0.06299321625451
H            3.34481521852809        2.09413049618703       -0.49920462246055
H            4.74809325304872        3.35692908538380       -2.09103971570337
H            5.32283827191634        2.36705850940369       -4.27838646227056
H            4.45813254965076        0.14027976585548       -4.88661006617803
H            3.05070937634138       -1.11272406934416       -3.31129079023955
H           -0.99083507704406       -3.76967841316571        0.76157652268883
H           -0.00637556511247       -3.33538651905684        2.17320637469421
H           -2.58487031736731       -2.62859464514096        2.14037673101417
H           -1.37270185318355       -1.41331202292177        2.65758590709754
H           -3.35884222646597       -0.19716303029384        3.00120986118913
H           -5.09786474323059        1.46515578142940        3.50088464879036
H           -6.08216922927921        2.81722010917899        1.69077821515937
H           -5.31496181810520        2.50999442084285       -0.63610247892595
H           -3.56447903779510        0.83671595245470       -1.14175593651500
H           -1.30151433607179       -2.51439364532048       -1.92020232336082
H           -2.50855693393139       -4.15490519998227       -3.31985081000317
H           -4.88124698150177       -4.66087608648973       -2.85546834130635
H           -6.03980107939259       -3.53253364411725       -0.99418011713452
H           -4.83943579800322       -1.89490334611018        0.39995387715521
C           -0.33934320388728        1.25501473594182       -0.34743015043873
O           -0.60107747600023        2.38926304191321       -0.36204339402086
O            0.25157285553697       -1.27952285731632       -3.18130299587512
C           -0.31558741763997       -0.53641738553597       -4.23761710220179
C            0.53518181625843        0.64069656166734       -4.65155506745200
C            0.69750441117623        1.71608948589359       -3.78641331003870
C            1.48225920574578        2.79600403921190       -4.14519097245082
C            2.11425963465084        2.81475861764225       -5.37716090807076
C            1.96150458891495        1.74645783447297       -6.24382481454006
C            1.17910267615955        0.66339938758356       -5.88087320606008
H            0.22400567557468       -0.74292264391691       -2.36116985081469
H           -0.41577945477368       -1.23939103381638       -5.07019176567654
H           -1.32062338783502       -0.18635940274340       -3.95563662816046
H            0.20072218787758        1.70855457205304       -2.82684843894687
H            1.59789144132464        3.62431917931947       -3.46148200802866
H            2.72367545838828        3.66063467864228       -5.66038540502916
H            2.45301425290637        1.75596881911364       -7.20632597359920
H            1.06310258434220       -0.16918967200989       -6.56077492925176
78
 energy: -115.206942916069 gnorm: 0.000510140440 xtb: 6.7.1 (edcfbbe)
Co          -0.02016270742847       -0.42211509129801       -0.10890138368569
N            0.31935220858965       -2.14208985203973        0.47363137259067
C            1.49023109030040       -2.93764929713420        0.16852948566918
C            2.35592386084637       -2.26172740915919       -0.88980509940462
P            2.10427926637174       -0.47651951733999       -0.56322030437445
C            3.07657474634781       -0.24271064300509        0.95832059188824
C            2.39003941548412        0.04239071101828        2.13183703247909
C            3.07555954218259        0.17506029304795        3.32602722452911
C            4.45284992938494        0.02347373283629        3.34931302847027
C            5.14288830427303       -0.25731451434621        2.17941184830979
C            4.45985519637700       -0.39040209208266        0.98419223492651
C            3.13911845806468        0.39178869289364       -1.78406372999932
C            3.59339233568656        1.66916246168426       -1.46268370948536
C            4.37480444847525        2.37762443015638       -2.35491248519918
C            4.69967908536787        1.82278171320010       -3.58287811357468
C            4.22497096072527        0.56659600179027       -3.92080504685214
C            3.44071292732270       -0.14551743371399       -3.03105168805965
C           -0.56746755913798       -2.91056057209288        1.32284912460768
C           -1.71436134330076       -2.04235430876974        1.83285305150947
P           -2.05019840488040       -0.96202325813580        0.39251412318313
C           -3.35712101965689        0.20130727411941        0.89187157654173
C           -3.78127524710921        0.39081484826879        2.20154814842741
C           -4.75888932173583        1.33063381426742        2.48352399149226
C           -5.31201907742823        2.09067424480236        1.46677730942655
C           -4.88416326001834        1.91526684924146        0.15913738136753
C           -3.90956112240959        0.97910050071605       -0.12460919464969
C           -2.99117928801291       -2.10285306740451       -0.67625341851562
C           -2.33919466152511       -2.74338151188659       -1.72263210603735
C           -3.01709691091313       -3.66363130980749       -2.50332482571149
C           -4.34724732031512       -3.94815033591380       -2.24223722935984
C           -4.99984946833517       -3.31292592187754       -1.19641802794888
C           -4.32668683651035       -2.39385628663716       -0.41254499382901
H            1.19044391053150       -3.94492321089210       -0.17813048132227
H            2.09213769031120       -3.08803809682435        1.08777816113183
H            1.96771588431730       -2.48341108372413       -1.88590080496472
H            3.40690127372132       -2.55528650999163       -0.82577024709127
H            1.30800872354447        0.15134690499590        2.08372528665121
H            2.54024713805551        0.39687624257100        4.23850706539907
H            4.99171931620517        0.12527914123163        4.28045895164334
H            6.21727641701323       -0.37332491666651        2.20169824049180
H            4.99605062044581       -0.60253311964847        0.06809784687468
H            3.33290290366618        2.09641221996496       -0.50238049765869
H            4.73273285566327        3.36350415292398       -2.09398980667130
H            5.31587415382700        2.37301903761746       -4.27877574586760
H            4.46419648654436        0.14031818795775       -4.88431121936971
H            3.06067996736745       -1.11718989036931       -3.30905049340171
H           -0.98956289587600       -3.77109563143235        0.76445790203424
H           -0.00403957033330       -3.33560777843377        2.17495683112997
H           -2.58291404388386       -2.62928635839606        2.14369596726427
H           -1.37038527141642       -1.41365512913075        2.65930967190392
H           -3.35507916868533       -0.19592257412803        3.00271295391358
H           -5.09030013579109        1.47031425676554        3.50281828952040
H           -6.07385218715799        2.82262677597078        1.69235352404534
H           -5.30963054309909        2.51175426983298       -0.63499685401451
H           -3.56297987742742        0.83458380781130       -1.14094237991491
H           -1.29963876660237       -2.51575915346178       -1.91872822804179
H           -2.50573890601661       -4.15790714618767       -3.31698303268348
H           -4.87797561300466       -4.66546214199856       -2.85177791721240
H           -6.03718956131647       -3.53669342556578       -0.99111092209670
H           -4.83727471446879       -1.89797392884410        0.40248534627196
C           -0.33979493935189        1.25354238962099       -0.34877488738216
O           -0.60122846415201        2.38787832576558       -0.36535791954775
O            0.25347400031819       -1.28032448092269       -3.18470005656975
C           -0.31042334764694       -0.54136310487120       -4.24580050111020
C            0.53785905004285        0.63870263369080       -4.65617056014498
C            0.69010528354617        1.71605920623959       -3.79166378371416
C            1.47310524666019        2.79850946248713       -4.14687834968185
C            2.11305568746967        2.81809446953614       -5.37469238495069
C            1.97022286213077        1.74790981400526       -6.24069831640821
C            1.18987843683569        0.66219331835401       -5.88121258640692
H            0.22047046076283       -0.74162396520879       -2.36650796813928
H           -0.40231902510899       -1.24615837939098       -5.07770179361750
H           -1.31865941169374       -0.19553418930728       -3.97052793262169
H            0.18655173430420        1.70859203568273       -2.83555711014752
H            1.58029300567460        3.62846497258508       -3.46362876672180
H            2.72081305882731        3.66608925338331       -5.65529370087768
H            2.46850970723488        1.75749140705186       -7.19978672449944
H            1.08253278787435       -0.17234721176546       -6.56029158528562
78
 energy: -115.206950478427 gnorm: 0.000521066129 xtb: 6.7.1 (edcfbbe)
Co          -0.02023400074334       -0.42365040844674       -0.11035245453123
N            0.31974402624002       -2.14346452422987        0.47340217924623
C            1.48999507219767       -2.93938002617263        0.16739042782794
C            2.35440645671146       -2.26381123928787       -0.89216232543093
P            2.10384605313406       -0.47876989408374       -0.56442219611517
C            3.07404264169797       -0.24409669392466        0.95842639385703
C            2.38521734315871        0.04526664537959        2.12962842876693
C            3.06810809590759        0.18186906000104        3.32483721822986
C            4.44527373995293        0.02964399544568        3.35161590426028
C            5.13752601376618       -0.25621675125136        2.18425799303785
C            4.45708647599598       -0.39294095657625        0.98789342647245
C            3.13890162466822        0.39055025142630       -1.78418699282642
C            3.58599360322907        1.67088601745696       -1.46450604397124
C            4.36467817168698        2.38196949937758       -2.35705516617734
C            4.69405137817629        1.82673607188788       -3.58365418259541
C            4.22748540733533        0.56691781704950       -3.91940829285792
C            3.44603829136110       -0.14786167641838       -3.02928757672215
C           -0.56587293329493       -2.91073698941434        1.32495265946133
C           -1.71216410904849       -2.04172665009448        1.83484042850820
P           -2.04940030001096       -0.96376263115671        0.39311037813176
C           -3.35545995745753        0.20048424625974        0.89220445750168
C           -3.77741600905910        0.39135198458283        2.20243400439106
C           -4.75247097497480        1.33344694379224        2.48562502338743
C           -5.30509561218825        2.09465651254265        1.46947678172272
C           -4.87959051484676        1.91775903868465        0.16130438670327
C           -3.90767919610856        0.97911844336851       -0.12372562994384
C           -2.98980112510822       -2.10589461801375       -0.67462151641962
C           -2.33752328772708       -2.74647358411908       -1.72077740469646
C           -3.01502427560166       -3.66742703468725       -2.50100901388349
C           -4.34511501944689       -3.95232294058902       -2.23988643181531
C           -4.99801524566198       -3.31690914282417       -1.19438493281598
C           -4.32515665643641       -2.39736440117771       -0.41074357742849
H            1.18982567935273       -3.94686328687900       -0.17833849056501
H            2.09305395711296       -3.08928675542031        1.08596611582964
H            1.96377260794037       -2.48416273160761       -1.88766880632953
H            3.40521652440055       -2.55849614065821       -0.83058857112026
H            1.30330382165412        0.15456522127224        2.07876333072150
H            2.53089419594893        0.40731577977050        4.23531153007168
H            4.98223128703743        0.13474517994043        4.28353162222030
H            6.21176118116325       -0.37309985854466        2.20953711793836
H            4.99527562105686       -0.60872788604975        0.07381758264126
H            3.32170858858334        2.09858494255026       -0.50539977345948
H            4.71683934071036        3.37028956245087       -2.09754040462403
H            5.30775897907411        2.37928775473496       -4.27998132658894
H            4.47068475838516        0.13984753948230       -4.88158699595390
H            3.07216114865263       -1.12232584518523       -3.30582639248205
H           -0.98848929562802       -3.77225623587474        0.76846953272812
H           -0.00124340896166       -3.33426172144244        2.17705745576828
H           -2.58025280412292       -2.62810210841550        2.14795629642110
H           -1.36702121092655       -1.41150145985568        2.65967801069648
H           -3.35090905221047       -0.19586348885547        3.00318222906644
H           -5.08146431871329        1.47459611905743        3.50555529720644
H           -6.06442369819825        2.82889995399605        1.69602183922893
H           -5.30503255748277        2.51497145370432       -0.63240794325626
H           -3.56336646883718        0.83335327193396       -1.14068466903550
H           -1.29811638426627       -2.51828477563406       -1.91728564647422
H           -2.50345605394840       -4.16169795015122       -3.31455113428349
H           -4.87561103910505       -4.66987535271072       -2.84933173824164
H           -6.03532190850476       -3.54095260427760       -0.98908478131440
H           -4.83578146478684       -1.90157189194879        0.40435694404780
C           -0.34177965232695        1.25105694336156       -0.35381500457984
O           -0.60502834474534        2.38494524990506       -0.37552529673116
O            0.25445491168377       -1.28125661339552       -3.18735053797421
C           -0.30541479376493       -0.54649904068110       -4.25371529790659
C            0.54061874666110        0.63638666692915       -4.66028350917168
C            0.68219935833043        1.71596613567896       -3.79673202608705
C            1.46292552063937        2.80128772953890       -4.14850156709170
C            2.11114829252093        2.82163199861218       -5.37191445987759
C            1.97906992998181        1.74911090250762       -6.23688817345627
C            1.20108600223019        0.66059616713899       -5.88082788272795
H            0.21760165845882       -0.73954268244281       -2.37138369201711
H           -0.38855127108544       -1.25326924822376       -5.08494604305142
H           -1.31714877348826       -0.20457403496801       -3.98597770753395
H            0.17238710732972        1.70825431284026       -2.84400366677525
H            1.56214388184548        3.63234738425770       -3.46545983740387
H            2.71704735239185        3.67181527004530       -5.64996017095075
H            2.48353968363353        1.75927410727087       -7.19270892187863
H            1.10185763376447       -0.17547029426213       -6.55919214004840
78
 energy: -115.206955605086 gnorm: 0.000428343339 xtb: 6.7.1 (edcfbbe)
Co          -0.02103750079578       -0.42542651585078       -0.11341639205775
N            0.31986370203248       -2.14452702217637        0.47212291927247
C            1.48966230038398       -2.94099942541608        0.16599919104481
C            2.35464930481794       -2.26534605516750       -0.89292194673439
P            2.10368712052271       -0.48045325007145       -0.56487833962007
C            3.07227344959899       -0.24440824462166        0.95884540404728
C            2.38180664740104        0.04782904037538        2.12838440389188
C            3.06284926007187        0.18711018492521        3.32430914162105
C            4.43993323318821        0.03455070967136        3.35355910328786
C            5.13382528489532       -0.25429048664864        2.18792387639497
C            4.45520544385148       -0.39360349842997        0.99078047994661
C            3.13878599770432        0.38954832990939       -1.78408753355324
C            3.57984358005698        1.67235327990429       -1.46591737035447
C            4.35626529469401        2.38559856378418       -2.35869044758888
C            4.68970062602596        1.82987826028205       -3.58401432316906
C            4.22993959010357        0.56712835963066       -3.91791926115223
C            3.45069400708558       -0.14980216294585       -3.02754871416092
C           -0.56433539035253       -2.91021203598813        1.32650441068271
C           -1.71012196394303       -2.04035504871777        1.83599643179918
P           -2.04939775168550       -0.96509510965807        0.39285005864255
C           -3.35483335908367        0.19979917191029        0.89216284539974
C           -3.77442157617944        0.39159995736808        2.20306803472211
C           -4.74674399696204        1.33590989199070        2.48795805332695
C           -5.29919072187913        2.09853606638370        1.47271840511746
C           -4.87658256899901        1.92024034127003        0.16379593635183
C           -3.90730733301431        0.97931761993064       -0.12291119071172
C           -2.98939641694562       -2.10878466860974       -0.67340197602407
C           -2.33676694875877       -2.74949523542589       -1.71931179005266
C           -3.01386966056203       -3.67089947917964       -2.49935803747711
C           -4.34395562741563       -3.95600455861476       -2.23840735879854
C           -4.99711452014304       -3.32061958470363       -1.19304123636431
C           -4.32465160093228       -2.40064442488203       -0.40953677675000
H            1.18897731939596       -3.94820784778555       -0.18020172199555
H            2.09242902826935       -3.09167984110493        1.08465009673076
H            1.96409146363081       -2.48499605549249       -1.88860853701917
H            3.40530877564075       -2.56044170407554       -0.83116710708763
H            1.29998908870231        0.15729583223760        2.07557951391907
H            2.52427800580758        0.41516174125663        4.23331106364463
H            4.97556602920014        0.14209717141484        4.28595337250013
H            6.20795745443986       -0.37168447114981        2.21526041315856
H            4.99483675403999       -0.61192335704863        0.07817949847525
H            3.31223688841718        2.10034066132651       -0.50783627343026
H            4.70321085815123        3.37611559991095       -2.10056105930636
H            5.30098132617011        2.38441591073159       -4.28090765272884
H            4.47676036471688        0.13936304385100       -4.87888729966612
H            3.08245560492360       -1.12679698769819       -3.30273608913029
H           -0.98751622534394       -3.77302051873333        0.77251889004973
H            0.00150263144322       -3.33176231082101        2.17881362694703
H           -2.57764512423376       -2.62607412329267        2.15177845670603
H           -1.36375642602479       -1.40821689439970        2.65883827350299
H           -3.34809611772160       -0.19666805712264        3.00307303594911
H           -5.07406896642654        1.47739699019832        3.50830622477834
H           -6.05632216471646        2.83472201649186        1.70051560087656
H           -5.30186478361933        2.51857908429966       -0.62916095386561
H           -3.56502571485245        0.83301413657990       -1.14043436889321
H           -1.29737458235222       -2.52108596460786       -1.91558459391118
H           -2.50202091277574       -4.16540061507629       -3.31257908577150
H           -4.87423577610562       -4.67374929468415       -2.84785733020951
H           -6.03439289114591       -3.54488991221911       -0.98790003579007
H           -4.83555565406245       -1.90463240974115        0.40523459091728
C           -0.34460632066421        1.24810528501411       -0.36160129039168
O           -0.60972843183970        2.38153902274302       -0.38880936414510
O            0.25482694506037       -1.28301306518446       -3.18959504981276
C           -0.30105174351774       -0.55114576920257       -4.25986559421615
C            0.54322694060279        0.63399152459483       -4.66330004415959
C            0.67603685957929        1.71520040821536       -3.80057960906061
C            1.45462406109523        2.80298151340243       -4.14945738726648
C            2.10913435911478        2.82435018755796       -5.36937346922877
C            1.98584215996933        1.75018184146423       -6.23354153863521
C            1.21029172169554        0.65910857963113       -5.88021189597449
H            0.21674056104322       -0.73859869961241       -2.37547588833279
H           -0.37739787029703       -1.25924048014916       -5.09045443792287
H           -1.31526415645114       -0.21206715653976       -3.99820518215132
H            0.16071954957521        1.70719400096473       -2.85092244952525
H            1.54639391376761        3.63549139283486       -3.46710949159426
H            2.71304003458837        3.67657261412073       -5.64542520369956
H            2.49565560236093        1.76101064785477       -7.18649174572409
H            1.11808210291233       -0.17833263690044       -6.55782825961988
78
 energy: -115.206958698818 gnorm: 0.000535006003 xtb: 6.7.1 (edcfbbe)
Co          -0.02174940742946       -0.42627501322533       -0.11713133598896
N            0.31973221671046       -2.14460428410814        0.46994752659222
C            1.48940333875927       -2.94147205345547        0.16432977740433
C            2.35606401836295       -2.26535283160772       -0.89292388275797
P            2.10333978418747       -0.48058146656538       -0.56580669387836
C            3.07045459545326       -0.24263719808614        0.95857513623761
C            2.37901756176600        0.05061658234496        2.12726930023434
C            3.05906105964091        0.19094364966762        3.32363797858583
C            4.43609460252369        0.03824070842280        3.35420721690366
C            5.13094420540886       -0.25162991000161        2.18942182884519
C            4.45335616152958       -0.39175090936502        0.99179462057404
C            3.13831501648080        0.39023015164692       -1.78454072315619
C            3.57429774094315        1.67499296891961       -1.46718299037381
C            4.35000048092359        2.38977941156077       -2.35928828052192
C            4.68784803095841        1.83354276796718       -3.58322746387087
C            4.23354287775629        0.56859539126034       -3.91618577516448
C            3.45495275720873       -0.14988251374974       -3.02644708581767
C           -0.56293698679213       -2.90874143480232        1.32722670121121
C           -1.70823491360722       -2.03831705841862        1.83685312606935
P           -2.04982636039354       -0.96562592030936        0.39243749071894
C           -3.35486668219548        0.19961604272816        0.89236956715473
C           -3.77207623363311        0.39272783293869        2.20389785403102
C           -4.74330484850638        1.33789756746282        2.48976755954909
C           -5.29693434597292        2.10034661783310        1.47491540079324
C           -4.87706267173773        1.92044345206331        0.16535928135192
C           -3.90906458209815        0.97843555240316       -0.12240276872308
C           -2.99010995509086       -2.11094549547639       -0.67172062627247
C           -2.33764828827988       -2.75182785770793       -1.71768441344019
C           -3.01459048175132       -3.67408127329008       -2.49687064302556
C           -4.34435630906835       -3.95997554239520       -2.23493314025314
C           -4.99725853614341       -3.32460838119596       -1.18939909166758
C           -4.32500134871942       -2.40362995245031       -0.40683251053697
H            1.18845489085444       -3.94820494829339       -0.18310605893027
H            2.09084273555947       -3.09340502121238        1.08365221281789
H            1.96797577055777       -2.48533208734978       -1.88948612098802
H            3.40680204582991       -2.55955610159341       -0.82864163433199
H            1.29727877773646        0.16010133489544        2.07342491810968
H            2.51968823041997        0.41966887766847        4.23198065787090
H            4.97093259128829        0.14621778264301        4.28699649603479
H            6.20506834559752       -0.36886721122674        2.21772295509043
H            4.99383945494171       -0.61056125697170        0.07983395785036
H            3.30322362046951        2.10307084145015       -0.51008670576954
H            4.69283063908853        3.38188283464861       -2.10185093753205
H            5.29829134289842        2.38934775091958       -4.27983715650285
H            4.48391946162273        0.14041713685955       -4.87605742119304
H            3.09109848416632       -1.12868248323151       -3.30100015365585
H           -0.98660588007825       -3.77289200499632        0.77576698020319
H            0.00434395086438       -3.32827895990285        2.17959413128128
H           -2.57510423353751       -2.62363005298763        2.15513550034333
H           -1.36066589906711       -1.40450573923127        2.65790172289867
H           -3.34473912775559       -0.19517568512956        3.00372374864555
H           -5.06821271833446        1.48080101772041        3.51076800181722
H           -6.05249104856896        2.83785814605585        1.70364027545842
H           -5.30341824103619        2.51848706572962       -0.62731185354384
H           -3.56915486520710        0.83091069033714       -1.14055976172430
H           -1.29851020917867       -2.52247398180589       -1.91467987492621
H           -2.50296038645529       -4.16852038896514       -3.31027674452230
H           -4.87460658123420       -4.67825273585666       -2.84382698627364
H           -6.03420849226399       -3.54972912087152       -0.98340917042118
H           -4.83577612607335       -1.90769308860798        0.40809280446501
C           -0.34688695263483        1.24627710455254       -0.36940633077737
O           -0.61299191147414        2.37938447565081       -0.40021653307314
O            0.25572313601972       -1.28619748887094       -3.19114543706714
C           -0.29545923523832       -0.55795522459149       -4.26641926506507
C            0.54704134404457        0.62969868744674       -4.66644240349174
C            0.67136160594587        1.71215607270715       -3.80392979418325
C            1.44727647712556        2.80285596233993       -4.14979104203226
C            2.10746046829855        2.82596354531536       -5.36666904861109
C            1.99260979924862        1.75058915048975       -6.23066412506929
C            1.21977657194683        0.65661054777313       -5.88025754891786
H            0.21559409103621       -0.73876543713295       -2.37878287144117
H           -0.36356859373494       -1.26794595129153       -5.09660230146001
H           -1.31306853399088       -0.22170822626182       -4.01237650913866
H            0.15132633018355        1.70282274654817       -2.85691624631592
H            1.53262983732896        3.63610670977012       -3.46750932061469
H            2.70915796599876        3.68048325848901       -5.64053047547605
H            2.50684825888791        1.76295839213626       -7.18122812952308
H            1.13416075765560       -0.18177253248961       -6.55769069225176
78
 energy: -115.206960882879 gnorm: 0.000401024538 xtb: 6.7.1 (edcfbbe)
Co          -0.02259859855901       -0.42740619039846       -0.11976166363994
N            0.31958899531216       -2.14497094613372        0.46852828664428
C            1.48939585214496       -2.94206060860243        0.16364568572318
C            2.35829699656710       -2.26529813067428       -0.89137425567173
P            2.10283122288478       -0.48060277199359       -0.56604999639754
C            3.06919518432272       -0.24050106487459        0.95842917428411
C            2.37748373255378        0.05265850565262        2.12695796228295
C            3.05737573211439        0.19316523221529        3.32342029051699
C            4.43442042385984        0.04074373938320        3.35421883717321
C            5.12960560544856       -0.24851746066692        2.18948397424087
C            4.45220067698676       -0.38882526623955        0.99178356604711
C            3.13761987984907        0.39046487838038       -1.78477908311113
C            3.57035717544382        1.67650373406167       -1.46816972841743
C            4.34564232273052        2.39214414055553       -2.35983893291506
C            4.68645391918078        1.83534627234932       -3.58264528843926
C            4.23548161909733        0.56908319757067       -3.91489480758045
C            3.45721016945485       -0.15024115549881       -3.02557477733164
C           -0.56217854349584       -2.90826206681949        1.32734103184979
C           -1.70738800192997       -2.03755430738880        1.83668888350860
P           -2.05050544763027       -0.96609684002739        0.39178034252973
C           -3.35521554603813        0.19929789526245        0.89263641363416
C           -3.77117164596038        0.39279921416538        2.20447014569451
C           -4.74127298085213        1.33886266625797        2.49119381293100
C           -5.29508761161670        2.10187438436595        1.47693852838305
C           -4.87677822043385        1.92129548124690        0.16704469041826
C           -3.90987227599797        0.97839290589088       -0.12155748306591
C           -2.99123638543157       -2.11212033360832       -0.67111621707162
C           -2.33855733216937       -2.75363693329010       -1.71658608838965
C           -3.01527063983098       -3.67631511482929       -2.49541746786682
C           -4.34497519660820       -3.96223493460751       -2.23343559916813
C           -4.99804458343380       -3.32638641810668       -1.18830346241127
C           -4.32612077284478       -2.40472302440159       -0.40628840528166
H            1.18835312213119       -3.94820428114666       -0.18554781363718
H            2.08905030755076       -3.09563432421757        1.08387122023216
H            1.97362263355813       -2.48622047337001       -1.88901304173305
H            3.40922261306434       -2.55808495165302       -0.82359437794782
H            1.29578519118485        0.16194397397065        2.07292439321133
H            2.51782226141021        0.42173404033989        4.23169474078217
H            4.96905370188416        0.14841475572671        4.28715946055622
H            6.20376175609549       -0.36542225330438        2.21784935986616
H            4.99287882444581       -0.60718023975278        0.07983503386880
H            3.29673650707337        2.10475559941707       -0.51190997128463
H            4.68599132262096        3.38519341097550       -2.10298557500213
H            5.29701703473070        2.39147221366252       -4.27887721720794
H            4.48850374315060        0.14043344252015       -4.87384825260868
H            3.09579535193905       -1.13001462636274       -3.29967704595507
H           -0.98590736238155       -3.77324932639161        0.77731970683969
H            0.00585798997013       -3.32648628744599        2.17986392336183
H           -2.57381847310034       -2.62279712155067        2.15615408629236
H           -1.35943742426268       -1.40284244327577        2.65683549021410
H           -3.34362192586192       -0.19527659910763        3.00404681401979
H           -5.06508574405295        1.48218140976991        3.51244615787517
H           -6.04966397467535        2.84020714843024        1.70638506906364
H           -5.30357805293389        2.51945640747379       -0.62528836875462
H           -3.57127884697905        0.83028286370364       -1.14003240629866
H           -1.29939320567781       -2.52412576910336       -1.91321789937061
H           -2.50361490530614       -4.17102809770063       -3.30865275342954
H           -4.87509202343197       -4.68077693800905       -2.84212882350462
H           -6.03490281437533       -3.55166865026888       -0.98225782007747
H           -4.83714866529785       -1.90823934950451        0.40812219514910
C           -0.34839610870900        1.24445064773523       -0.37527368272756
O           -0.61452285563785        2.37750218890696       -0.40824700186066
O            0.25681090896875       -1.28911052533124       -3.19255491263937
C           -0.29165752893111       -0.56177457403288       -4.26913830484532
C            0.54971026688810        0.62710459780173       -4.66780647672486
C            0.66918875741171        1.71035003340040       -3.80592088627590
C            1.44307438756789        2.80269619437529       -4.15054587365521
C            2.10610385556356        2.82659068289757       -5.36572754991628
C            1.99610374324728        1.75047427914456       -6.22914726223753
C            1.22514233873372        0.65492145387115       -5.87993008365679
H            0.21720558163359       -0.74060488803976       -2.38089509774303
H           -0.35722584885148       -1.27187842064320       -5.09861327077621
H           -1.30978723264530       -0.22664719833491       -4.01789263286443
H            0.14640474974213        1.70028938570282       -2.86063060933044
H            1.52454473003145        3.63681313399622       -3.46907257405300
H            2.70622924734447        3.68241151832189       -5.63865523657739
H            2.51259682752515        1.76376092876880       -7.17834336287319
H            1.14320995947225       -0.18401764727826       -6.55689118599629
78
 energy: -115.206962928899 gnorm: 0.000393957990 xtb: 6.7.1 (edcfbbe)
Co          -0.02350237131223       -0.42745673233252       -0.12134937737815
N            0.31965844022016       -2.14454997370524        0.46750204704449
C            1.48979306569542       -2.94141538713033        0.16306282493868
C            2.35996612836427       -2.26425871190669       -0.89068143737925
P            2.10192874523594       -0.47966565217950       -0.56698571587783
C            3.06766107704423       -0.23782019619493        0.95757373795927
C            2.37575539659051        0.05459045442597        2.12615160614168
C            3.05560283399809        0.19470672906577        3.32270934518114
C            4.43269352935179        0.04268373998059        3.35349521612800
C            5.12814013655966       -0.24516779043905        2.18854098602893
C            4.45079442108627       -0.38512450330105        0.99078694840570
C            3.13636562022515        0.39202251239150       -1.78554017368762
C            3.56652170553289        1.67900656575380       -1.46914455001872
C            4.34255717566403        2.39505035359906       -2.35980939458046
C            4.68679575072690        1.83758792905315       -3.58138118752073
C            4.23797731870142        0.57055873973826       -3.91367108039423
C            3.45891230996623       -0.14917258646258       -3.02535670071959
C           -0.56145650644862       -2.90773236237722        1.32706331565773
C           -1.70669909757317       -2.03718951476653        1.83665644021808
P           -2.05093034384776       -0.96595520794898        0.39183765969545
C           -3.35558712323521        0.19927138362814        0.89326875955121
C           -3.77013495833646        0.39410862436848        2.20535967660049
C           -4.74016511918922        1.34023203169505        2.49204472915279
C           -5.29553023848896        2.10175296695430        1.47745468583626
C           -4.87872503073896        1.91972457645591        0.16722669799718
C           -3.91168912088777        0.97696200506889       -0.12125432970704
C           -2.99229798492968       -2.11255464238395       -0.66986774112893
C           -2.34004510114174       -2.75439197246604       -1.71544882436096
C           -3.01684624955161       -3.67795841695749       -2.49314667687209
C           -4.34622844267419       -3.96437080490133       -2.22997027277572
C           -4.99890807072301       -3.32806287232620       -1.18486349870616
C           -4.32689925510908       -2.40553371497255       -0.40395198603167
H            1.18897618049137       -3.94731006875115       -0.18706216867852
H            2.08845627186007       -3.09570966174339        1.08380422145159
H            1.97779312203490       -2.48648008899590       -1.88896338029981
H            3.41114112378234       -2.55560328222129       -0.82032752711664
H            1.29401830026142        0.16344593995615        2.07214426166512
H            2.51597369870526        0.42268838754429        4.23110106423927
H            4.96721959074706        0.14985633161249        4.28655457335764
H            6.20234440904030       -0.36167575139865        2.21682102774204
H            4.99150060445189       -0.60266224973178        0.07864066813192
H            3.29022478243056        2.10757188088821       -0.51378212034014
H            4.68083744914743        3.38888987721845       -2.10316206363118
H            5.29808144869055        2.39393693527808       -4.27679424369277
H            4.49358195634251        0.14152743720379       -4.87178964924925
H            3.09943778820791       -1.12974025219327       -3.29934229211085
H           -0.98523570684046       -3.77304795524512        0.77761949721413
H            0.00710236061070       -3.32548043061106        2.17947938573128
H           -2.57285825196070       -2.62261402694685        2.15652897047534
H           -1.35863273246826       -1.40234548743740        2.65662633149430
H           -3.34178455455667       -0.19303864007180        3.00514064661338
H           -5.06341407498690        1.48420550423233        3.51331781873743
H           -6.05042553469582        2.83981369467164        1.70680299533383
H           -5.30647394333631        2.51685180332909       -0.62533857286656
H           -3.57380318639370        0.82797973683242       -1.13981200972854
H           -1.30103474524100       -2.52464964075426       -1.91263643240055
H           -2.50551199582238       -4.17319021958742       -3.30625898135305
H           -4.87636529854453       -4.68380434331071       -2.83761757131916
H           -6.03553185111756       -3.55364784309332       -0.97799643640250
H           -4.83769510190616       -1.90851683911739        0.41026707884841
C           -0.34877323568939        1.24436272455765       -0.37758792150447
O           -0.61359107604377        2.37767440414281       -0.41008876287131
O            0.25903816717355       -1.29198900661103       -3.19325373724629
C           -0.28683939415986       -0.56732719530525       -4.27301309278480
C            0.55303935062002        0.62332545006984       -4.66987609883972
C            0.66745222829426        1.70730884212278       -3.80808384671292
C            1.43957639599396        2.80139759637080       -4.15104653671187
C            2.10544715218587        2.82659237535564       -5.36473049131068
C            2.00031513101869        1.74992028706474       -6.22813246376115
C            1.23149379170611        0.65233480718931       -5.88035180552979
H            0.21653293196152       -0.74219881774331       -2.38241126290814
H           -0.34688598032943       -1.27883719876598       -5.10220413749449
H           -1.30721595465445       -0.23423972051177       -4.02663564562636
H            0.14218924510030        1.69611453117806       -2.86414423560595
H            1.51709131569113        3.63618894890609       -3.46979000555042
H            2.70398909612802        3.68392559459320       -5.63645020984444
H            2.51902607617550        1.76430933475341       -7.17614779010352
H            1.15324445606589       -0.18695727006590       -6.55737012796813
78
 energy: -115.206963849087 gnorm: 0.000329292872 xtb: 6.7.1 (edcfbbe)
Co          -0.02338157444561       -0.42726823615334       -0.12090431313043
N            0.31978843389517       -2.14443690195251        0.46799079882995
C            1.48988595897243       -2.94124467801951        0.16343637445579
C            2.35974451214528       -2.26401561155403       -0.89055109661269
P            2.10182487131832       -0.47941449808439       -0.56688065389375
C            3.06761719893842       -0.23751674496966        0.95763505847265
C            2.37575420497591        0.05446337746407        2.12633937284198
C            3.05573059328587        0.19491168899534        3.32278044569383
C            4.43290539994067        0.04359903262556        3.35333174524170
C            5.12826092785714       -0.24414425208652        2.18830707798707
C            4.45079707738413       -0.38431869578168        0.99065493868287
C            3.13607293726506        0.39235772067935       -1.78550626146081
C            3.56601460445821        1.67945596288422       -1.46938026708668
C            4.34221455127325        2.39531299021029       -2.36008108852242
C            4.68674627072580        1.83761060287985       -3.58141591720824
C            4.23807270980292        0.57045029725335       -3.91346431940078
C            3.45888196957631       -0.14909677978007       -3.02511921315731
C           -0.56174062177931       -2.90796441252200        1.32693479046479
C           -1.70713553390098       -2.03772727915727        1.83668643642020
P           -2.05087935209710       -0.96608654851711        0.39199328354600
C           -3.35528663399017        0.19936158344775        0.89333885666010
C           -3.77012819332194        0.39397333914134        2.20536121533905
C           -4.74058226752119        1.33971151076907        2.49193655991904
C           -5.29587134310165        2.10118079147829        1.47733153290022
C           -4.87853420178887        1.91962689967932        0.16721043119859
C           -3.91125252363561        0.97711792517754       -0.12122033162847
C           -2.99229163112073       -2.11229286206728       -0.67013533962983
C           -2.34000119675336       -2.75450618505739       -1.71545402086282
C           -3.01685484368402       -3.67822218915665       -2.49290359947244
C           -4.34635173205371       -3.96429648718560       -2.22983274524575
C           -4.99914243560168       -3.32743555444707       -1.18513100514597
C           -4.32702292889953       -2.40485545666632       -0.40437468488968
H            1.18907286596991       -3.94716754240669       -0.18658053387768
H            2.08873557376883       -3.09542996507118        1.08406222149832
H            1.97742156696342       -2.48632456084779       -1.88876111329685
H            3.41094406651215       -2.55526396276104       -0.82043890046199
H            1.29393444721442        0.16271508288067        2.07253267805867
H            2.51613393695499        0.42235345846852        4.23132443712851
H            4.96751484114778        0.15090326969997        4.28633118664279
H            6.20254963159733       -0.35989627809185        2.21639000680711
H            4.99144879216098       -0.60140320143122        0.07836743754715
H            3.28966543251132        2.10825905875759       -0.51416945741622
H            4.68044472416925        3.38920355097341       -2.10359055823930
H            5.29813384711117        2.39389001222847       -4.27679534770894
H            4.49366176289388        0.14126092775010       -4.87147692515412
H            3.09941161954644       -1.12969953253648       -3.29896503584769
H           -0.98530607154196       -3.77308934919316        0.77695086279533
H            0.00650172742841       -3.32609568632831        2.17938383611619
H           -2.57341239338095       -2.62328814865767        2.15613152536282
H           -1.35926700330914       -1.40309596344808        2.65696779641778
H           -3.34161855477988       -0.19304600198579        3.00515759128406
H           -5.06351927745147        1.48401815571950        3.51332099358301
H           -6.05067865930719        2.83926545616984        1.70668102355475
H           -5.30635639604365        2.51665249704367       -0.62538049323086
H           -3.57336858159075        0.82808918596972       -1.13980972150818
H           -1.30100646408644       -2.52479840141805       -1.91291629942855
H           -2.50550937543969       -4.17368211970663       -3.30587451711001
H           -4.87650377516829       -4.68386236058877       -2.83726522429265
H           -6.03587250106985       -3.55274454971438       -0.97832441807021
H           -4.83773309911495       -1.90773638219275        0.40986300313508
C           -0.34765611858690        1.24494074833151       -0.37617637648251
O           -0.61473921079194        2.37774734451063       -0.40894184743942
O            0.26040142269987       -1.29239822142500       -3.19328199191050
C           -0.28613294607223       -0.56800912873136       -4.27291920859800
C            0.55318968447072        0.62292255885842       -4.67000071678636
C            0.66738910748695        1.70703604414010       -3.80836854801213
C            1.43930633260656        2.80124204636388       -4.15155362449421
C            2.10535628106019        2.82633691451136       -5.36515121118411
C            2.00048486399465        1.74949237538399       -6.22832148138753
C            1.23170786319684        0.65190154746069       -5.88042668125391
H            0.21642527458271       -0.74302861708825       -2.38250939522511
H           -0.34600087868297       -1.27945193989708       -5.10201371425100
H           -1.30652862376924       -0.23560838632741       -4.02631309519816
H            0.14223694781848        1.69589597635208       -2.86431835368748
H            1.51693707928081        3.63590477495689       -3.47021026133183
H            2.70382657699553        3.68370014516293       -5.63698433361796
H            2.51919629015790        1.76373113745484       -7.17635624102539
H            1.15385260871354       -0.18759831454274       -6.55722438483881
