catalyst_id,metal,backbone,substituent,temperature_K,total_added_base_equiv,baseline_total_base_equiv,solvent,active_geometry_available,spin_requested_multiplicities,kinetic_status,free_base_speciation,initial_free_base_M,tbuoh_activity,physical_TOF_s-1,physical_Campbell_DRC,physical_selectivity_control
Ru_macho_pnp_Ph,Ru,macho_pnp,Ph,360.0,0.01,0.05,toluene,True,4d_reference_not_scanned,blocked_missing_18_matched_TS_and_offcycle_state_certificates,unresolved,,unresolved,,,
Ru_macho_pnp_Ph,Ru,macho_pnp,Ph,360.0,0.025,0.05,toluene,True,4d_reference_not_scanned,blocked_missing_18_matched_TS_and_offcycle_state_certificates,unresolved,,unresolved,,,
Ru_macho_pnp_Ph,Ru,macho_pnp,Ph,360.0,0.05,0.05,toluene,True,4d_reference_not_scanned,blocked_missing_18_matched_TS_and_offcycle_state_certificates,unresolved,,unresolved,,,
Ru_macho_pnp_Ph,Ru,macho_pnp,Ph,360.0,0.1,0.05,toluene,True,4d_reference_not_scanned,blocked_missing_18_matched_TS_and_offcycle_state_certificates,unresolved,,unresolved,,,
Ru_macho_pnp_Ph,Ru,macho_pnp,Ph,360.0,0.2,0.05,toluene,True,4d_reference_not_scanned,blocked_missing_18_matched_TS_and_offcycle_state_certificates,unresolved,,unresolved,,,
Ru_macho_pnp_Ph,Ru,macho_pnp,Ph,370.0,0.01,0.05,toluene,True,4d_reference_not_scanned,blocked_missing_18_matched_TS_and_offcycle_state_certificates,unresolved,,unresolved,,,
Ru_macho_pnp_Ph,Ru,macho_pnp,Ph,370.0,0.025,0.05,toluene,True,4d_reference_not_scanned,blocked_missing_18_matched_TS_and_offcycle_state_certificates,unresolved,,unresolved,,,
Ru_macho_pnp_Ph,Ru,macho_pnp,Ph,370.0,0.05,0.05,toluene,True,4d_reference_not_scanned,blocked_missing_18_matched_TS_and_offcycle_state_certificates,unresolved,,unresolved,,,
Ru_macho_pnp_Ph,Ru,macho_pnp,Ph,370.0,0.1,0.05,toluene,True,4d_reference_not_scanned,blocked_missing_18_matched_TS_and_offcycle_state_certificates,unresolved,,unresolved,,,
Ru_macho_pnp_Ph,Ru,macho_pnp,Ph,370.0,0.2,0.05,toluene,True,4d_reference_not_scanned,blocked_missing_18_matched_TS_and_offcycle_state_certificates,unresolved,,unresolved,,,
Ru_macho_pnp_Ph,Ru,macho_pnp,Ph,380.0,0.01,0.05,toluene,True,4d_reference_not_scanned,blocked_missing_18_matched_TS_and_offcycle_state_certificates,unresolved,,unresolved,,,
Ru_macho_pnp_Ph,Ru,macho_pnp,Ph,380.0,0.025,0.05,toluene,True,4d_reference_not_scanned,blocked_missing_18_matched_TS_and_offcycle_state_certificates,unresolved,,unresolved,,,
Ru_macho_pnp_Ph,Ru,macho_pnp,Ph,380.0,0.05,0.05,toluene,True,4d_reference_not_scanned,blocked_missing_18_matched_TS_and_offcycle_state_certificates,unresolved,,unresolved,,,
Ru_macho_pnp_Ph,Ru,macho_pnp,Ph,380.0,0.1,0.05,toluene,True,4d_reference_not_scanned,blocked_missing_18_matched_TS_and_offcycle_state_certificates,unresolved,,unresolved,,,
Ru_macho_pnp_Ph,Ru,macho_pnp,Ph,380.0,0.2,0.05,toluene,True,4d_reference_not_scanned,blocked_missing_18_matched_TS_and_offcycle_state_certificates,unresolved,,unresolved,,,
Ru_macho_pnp_Ph,Ru,macho_pnp,Ph,383.15,0.01,0.05,toluene,True,4d_reference_not_scanned,blocked_missing_18_matched_TS_and_offcycle_state_certificates,unresolved,,unresolved,,,
Ru_macho_pnp_Ph,Ru,macho_pnp,Ph,383.15,0.025,0.05,toluene,True,4d_reference_not_scanned,blocked_missing_18_matched_TS_and_offcycle_state_certificates,unresolved,,unresolved,,,
Ru_macho_pnp_Ph,Ru,macho_pnp,Ph,383.15,0.05,0.05,toluene,True,4d_reference_not_scanned,blocked_missing_18_matched_TS_and_offcycle_state_certificates,unresolved,,unresolved,,,
Ru_macho_pnp_Ph,Ru,macho_pnp,Ph,383.15,0.1,0.05,toluene,True,4d_reference_not_scanned,blocked_missing_18_matched_TS_and_offcycle_state_certificates,unresolved,,unresolved,,,
Ru_macho_pnp_Ph,Ru,macho_pnp,Ph,383.15,0.2,0.05,toluene,True,4d_reference_not_scanned,blocked_missing_18_matched_TS_and_offcycle_state_certificates,unresolved,,unresolved,,,
Ru_macho_pnp_Ph,Ru,macho_pnp,Ph,390.0,0.01,0.05,toluene,True,4d_reference_not_scanned,blocked_missing_18_matched_TS_and_offcycle_state_certificates,unresolved,,unresolved,,,
Ru_macho_pnp_Ph,Ru,macho_pnp,Ph,390.0,0.025,0.05,toluene,True,4d_reference_not_scanned,blocked_missing_18_matched_TS_and_offcycle_state_certificates,unresolved,,unresolved,,,
Ru_macho_pnp_Ph,Ru,macho_pnp,Ph,390.0,0.05,0.05,toluene,True,4d_reference_not_scanned,blocked_missing_18_matched_TS_and_offcycle_state_certificates,unresolved,,unresolved,,,
Ru_macho_pnp_Ph,Ru,macho_pnp,Ph,390.0,0.1,0.05,toluene,True,4d_reference_not_scanned,blocked_missing_18_matched_TS_and_offcycle_state_certificates,unresolved,,unresolved,,,
Ru_macho_pnp_Ph,Ru,macho_pnp,Ph,390.0,0.2,0.05,toluene,True,4d_reference_not_scanned,blocked_missing_18_matched_TS_and_offcycle_state_certificates,unresolved,,unresolved,,,
Ru_macho_pnp_Ph,Ru,macho_pnp,Ph,400.0,0.01,0.05,toluene,True,4d_reference_not_scanned,blocked_missing_18_matched_TS_and_offcycle_state_certificates,unresolved,,unresolved,,,
Ru_macho_pnp_Ph,Ru,macho_pnp,Ph,400.0,0.025,0.05,toluene,True,4d_reference_not_scanned,blocked_missing_18_matched_TS_and_offcycle_state_certificates,unresolved,,unresolved,,,
Ru_macho_pnp_Ph,Ru,macho_pnp,Ph,400.0,0.05,0.05,toluene,True,4d_reference_not_scanned,blocked_missing_18_matched_TS_and_offcycle_state_certificates,unresolved,,unresolved,,,
Ru_macho_pnp_Ph,Ru,macho_pnp,Ph,400.0,0.1,0.05,toluene,True,4d_reference_not_scanned,blocked_missing_18_matched_TS_and_offcycle_state_certificates,unresolved,,unresolved,,,
Ru_macho_pnp_Ph,Ru,macho_pnp,Ph,400.0,0.2,0.05,toluene,True,4d_reference_not_scanned,blocked_missing_18_matched_TS_and_offcycle_state_certificates,unresolved,,unresolved,,,
Ru_macho_pnp_Ph,Ru,macho_pnp,Ph,410.0,0.01,0.05,toluene,True,4d_reference_not_scanned,blocked_missing_18_matched_TS_and_offcycle_state_certificates,unresolved,,unresolved,,,
Ru_macho_pnp_Ph,Ru,macho_pnp,Ph,410.0,0.025,0.05,toluene,True,4d_reference_not_scanned,blocked_missing_18_matched_TS_and_offcycle_state_certificates,unresolved,,unresolved,,,
Ru_macho_pnp_Ph,Ru,macho_pnp,Ph,410.0,0.05,0.05,toluene,True,4d_reference_not_scanned,blocked_missing_18_matched_TS_and_offcycle_state_certificates,unresolved,,unresolved,,,
Ru_macho_pnp_Ph,Ru,macho_pnp,Ph,410.0,0.1,0.05,toluene,True,4d_reference_not_scanned,blocked_missing_18_matched_TS_and_offcycle_state_certificates,unresolved,,unresolved,,,
Ru_macho_pnp_Ph,Ru,macho_pnp,Ph,410.0,0.2,0.05,toluene,True,4d_reference_not_scanned,blocked_missing_18_matched_TS_and_offcycle_state_certificates,unresolved,,unresolved,,,
Ru_macho_pnp_Ph,Ru,macho_pnp,Ph,420.0,0.01,0.05,toluene,True,4d_reference_not_scanned,blocked_missing_18_matched_TS_and_offcycle_state_certificates,unresolved,,unresolved,,,
Ru_macho_pnp_Ph,Ru,macho_pnp,Ph,420.0,0.025,0.05,toluene,True,4d_reference_not_scanned,blocked_missing_18_matched_TS_and_offcycle_state_certificates,unresolved,,unresolved,,,
Ru_macho_pnp_Ph,Ru,macho_pnp,Ph,420.0,0.05,0.05,toluene,True,4d_reference_not_scanned,blocked_missing_18_matched_TS_and_offcycle_state_certificates,unresolved,,unresolved,,,
Ru_macho_pnp_Ph,Ru,macho_pnp,Ph,420.0,0.1,0.05,toluene,True,4d_reference_not_scanned,blocked_missing_18_matched_TS_and_offcycle_state_certificates,unresolved,,unresolved,,,
Ru_macho_pnp_Ph,Ru,macho_pnp,Ph,420.0,0.2,0.05,toluene,True,4d_reference_not_scanned,blocked_missing_18_matched_TS_and_offcycle_state_certificates,unresolved,,unresolved,,,
Ru_macho_pnp_iPr,Ru,macho_pnp,iPr,360.0,0.01,0.05,toluene,True,4d_reference_not_scanned,blocked_missing_18_matched_TS_and_offcycle_state_certificates,unresolved,,unresolved,,,
Ru_macho_pnp_iPr,Ru,macho_pnp,iPr,360.0,0.025,0.05,toluene,True,4d_reference_not_scanned,blocked_missing_18_matched_TS_and_offcycle_state_certificates,unresolved,,unresolved,,,
Ru_macho_pnp_iPr,Ru,macho_pnp,iPr,360.0,0.05,0.05,toluene,True,4d_reference_not_scanned,blocked_missing_18_matched_TS_and_offcycle_state_certificates,unresolved,,unresolved,,,
Ru_macho_pnp_iPr,Ru,macho_pnp,iPr,360.0,0.1,0.05,toluene,True,4d_reference_not_scanned,blocked_missing_18_matched_TS_and_offcycle_state_certificates,unresolved,,unresolved,,,
Ru_macho_pnp_iPr,Ru,macho_pnp,iPr,360.0,0.2,0.05,toluene,True,4d_reference_not_scanned,blocked_missing_18_matched_TS_and_offcycle_state_certificates,unresolved,,unresolved,,,
Ru_macho_pnp_iPr,Ru,macho_pnp,iPr,370.0,0.01,0.05,toluene,True,4d_reference_not_scanned,blocked_missing_18_matched_TS_and_offcycle_state_certificates,unresolved,,unresolved,,,
Ru_macho_pnp_iPr,Ru,macho_pnp,iPr,370.0,0.025,0.05,toluene,True,4d_reference_not_scanned,blocked_missing_18_matched_TS_and_offcycle_state_certificates,unresolved,,unresolved,,,
Ru_macho_pnp_iPr,Ru,macho_pnp,iPr,370.0,0.05,0.05,toluene,True,4d_reference_not_scanned,blocked_missing_18_matched_TS_and_offcycle_state_certificates,unresolved,,unresolved,,,
Ru_macho_pnp_iPr,Ru,macho_pnp,iPr,370.0,0.1,0.05,toluene,True,4d_reference_not_scanned,blocked_missing_18_matched_TS_and_offcycle_state_certificates,unresolved,,unresolved,,,
Ru_macho_pnp_iPr,Ru,macho_pnp,iPr,370.0,0.2,0.05,toluene,True,4d_reference_not_scanned,blocked_missing_18_matched_TS_and_offcycle_state_certificates,unresolved,,unresolved,,,
Ru_macho_pnp_iPr,Ru,macho_pnp,iPr,380.0,0.01,0.05,toluene,True,4d_reference_not_scanned,blocked_missing_18_matched_TS_and_offcycle_state_certificates,unresolved,,unresolved,,,
Ru_macho_pnp_iPr,Ru,macho_pnp,iPr,380.0,0.025,0.05,toluene,True,4d_reference_not_scanned,blocked_missing_18_matched_TS_and_offcycle_state_certificates,unresolved,,unresolved,,,
Ru_macho_pnp_iPr,Ru,macho_pnp,iPr,380.0,0.05,0.05,toluene,True,4d_reference_not_scanned,blocked_missing_18_matched_TS_and_offcycle_state_certificates,unresolved,,unresolved,,,
Ru_macho_pnp_iPr,Ru,macho_pnp,iPr,380.0,0.1,0.05,toluene,True,4d_reference_not_scanned,blocked_missing_18_matched_TS_and_offcycle_state_certificates,unresolved,,unresolved,,,
Ru_macho_pnp_iPr,Ru,macho_pnp,iPr,380.0,0.2,0.05,toluene,True,4d_reference_not_scanned,blocked_missing_18_matched_TS_and_offcycle_state_certificates,unresolved,,unresolved,,,
Ru_macho_pnp_iPr,Ru,macho_pnp,iPr,383.15,0.01,0.05,toluene,True,4d_reference_not_scanned,blocked_missing_18_matched_TS_and_offcycle_state_certificates,unresolved,,unresolved,,,
Ru_macho_pnp_iPr,Ru,macho_pnp,iPr,383.15,0.025,0.05,toluene,True,4d_reference_not_scanned,blocked_missing_18_matched_TS_and_offcycle_state_certificates,unresolved,,unresolved,,,
Ru_macho_pnp_iPr,Ru,macho_pnp,iPr,383.15,0.05,0.05,toluene,True,4d_reference_not_scanned,blocked_missing_18_matched_TS_and_offcycle_state_certificates,unresolved,,unresolved,,,
Ru_macho_pnp_iPr,Ru,macho_pnp,iPr,383.15,0.1,0.05,toluene,True,4d_reference_not_scanned,blocked_missing_18_matched_TS_and_offcycle_state_certificates,unresolved,,unresolved,,,
Ru_macho_pnp_iPr,Ru,macho_pnp,iPr,383.15,0.2,0.05,toluene,True,4d_reference_not_scanned,blocked_missing_18_matched_TS_and_offcycle_state_certificates,unresolved,,unresolved,,,
Ru_macho_pnp_iPr,Ru,macho_pnp,iPr,390.0,0.01,0.05,toluene,True,4d_reference_not_scanned,blocked_missing_18_matched_TS_and_offcycle_state_certificates,unresolved,,unresolved,,,
Ru_macho_pnp_iPr,Ru,macho_pnp,iPr,390.0,0.025,0.05,toluene,True,4d_reference_not_scanned,blocked_missing_18_matched_TS_and_offcycle_state_certificates,unresolved,,unresolved,,,
Ru_macho_pnp_iPr,Ru,macho_pnp,iPr,390.0,0.05,0.05,toluene,True,4d_reference_not_scanned,blocked_missing_18_matched_TS_and_offcycle_state_certificates,unresolved,,unresolved,,,
Ru_macho_pnp_iPr,Ru,macho_pnp,iPr,390.0,0.1,0.05,toluene,True,4d_reference_not_scanned,blocked_missing_18_matched_TS_and_offcycle_state_certificates,unresolved,,unresolved,,,
Ru_macho_pnp_iPr,Ru,macho_pnp,iPr,390.0,0.2,0.05,toluene,True,4d_reference_not_scanned,blocked_missing_18_matched_TS_and_offcycle_state_certificates,unresolved,,unresolved,,,
Ru_macho_pnp_iPr,Ru,macho_pnp,iPr,400.0,0.01,0.05,toluene,True,4d_reference_not_scanned,blocked_missing_18_matched_TS_and_offcycle_state_certificates,unresolved,,unresolved,,,
Ru_macho_pnp_iPr,Ru,macho_pnp,iPr,400.0,0.025,0.05,toluene,True,4d_reference_not_scanned,blocked_missing_18_matched_TS_and_offcycle_state_certificates,unresolved,,unresolved,,,
Ru_macho_pnp_iPr,Ru,macho_pnp,iPr,400.0,0.05,0.05,toluene,True,4d_reference_not_scanned,blocked_missing_18_matched_TS_and_offcycle_state_certificates,unresolved,,unresolved,,,
Ru_macho_pnp_iPr,Ru,macho_pnp,iPr,400.0,0.1,0.05,toluene,True,4d_reference_not_scanned,blocked_missing_18_matched_TS_and_offcycle_state_certificates,unresolved,,unresolved,,,
Ru_macho_pnp_iPr,Ru,macho_pnp,iPr,400.0,0.2,0.05,toluene,True,4d_reference_not_scanned,blocked_missing_18_matched_TS_and_offcycle_state_certificates,unresolved,,unresolved,,,
Ru_macho_pnp_iPr,Ru,macho_pnp,iPr,410.0,0.01,0.05,toluene,True,4d_reference_not_scanned,blocked_missing_18_matched_TS_and_offcycle_state_certificates,unresolved,,unresolved,,,
Ru_macho_pnp_iPr,Ru,macho_pnp,iPr,410.0,0.025,0.05,toluene,True,4d_reference_not_scanned,blocked_missing_18_matched_TS_and_offcycle_state_certificates,unresolved,,unresolved,,,
Ru_macho_pnp_iPr,Ru,macho_pnp,iPr,410.0,0.05,0.05,toluene,True,4d_reference_not_scanned,blocked_missing_18_matched_TS_and_offcycle_state_certificates,unresolved,,unresolved,,,
Ru_macho_pnp_iPr,Ru,macho_pnp,iPr,410.0,0.1,0.05,toluene,True,4d_reference_not_scanned,blocked_missing_18_matched_TS_and_offcycle_state_certificates,unresolved,,unresolved,,,
Ru_macho_pnp_iPr,Ru,macho_pnp,iPr,410.0,0.2,0.05,toluene,True,4d_reference_not_scanned,blocked_missing_18_matched_TS_and_offcycle_state_certificates,unresolved,,unresolved,,,
Ru_macho_pnp_iPr,Ru,macho_pnp,iPr,420.0,0.01,0.05,toluene,True,4d_reference_not_scanned,blocked_missing_18_matched_TS_and_offcycle_state_certificates,unresolved,,unresolved,,,
Ru_macho_pnp_iPr,Ru,macho_pnp,iPr,420.0,0.025,0.05,toluene,True,4d_reference_not_scanned,blocked_missing_18_matched_TS_and_offcycle_state_certificates,unresolved,,unresolved,,,
Ru_macho_pnp_iPr,Ru,macho_pnp,iPr,420.0,0.05,0.05,toluene,True,4d_reference_not_scanned,blocked_missing_18_matched_TS_and_offcycle_state_certificates,unresolved,,unresolved,,,
Ru_macho_pnp_iPr,Ru,macho_pnp,iPr,420.0,0.1,0.05,toluene,True,4d_reference_not_scanned,blocked_missing_18_matched_TS_and_offcycle_state_certificates,unresolved,,unresolved,,,
Ru_macho_pnp_iPr,Ru,macho_pnp,iPr,420.0,0.2,0.05,toluene,True,4d_reference_not_scanned,blocked_missing_18_matched_TS_and_offcycle_state_certificates,unresolved,,unresolved,,,
Ru_pyridine_pnn_Ph,Ru,pyridine_pnn,Ph,360.0,0.01,0.05,toluene,True,4d_reference_not_scanned,blocked_missing_18_matched_TS_and_offcycle_state_certificates,unresolved,,unresolved,,,
Ru_pyridine_pnn_Ph,Ru,pyridine_pnn,Ph,360.0,0.025,0.05,toluene,True,4d_reference_not_scanned,blocked_missing_18_matched_TS_and_offcycle_state_certificates,unresolved,,unresolved,,,
Ru_pyridine_pnn_Ph,Ru,pyridine_pnn,Ph,360.0,0.05,0.05,toluene,True,4d_reference_not_scanned,blocked_missing_18_matched_TS_and_offcycle_state_certificates,unresolved,,unresolved,,,
Ru_pyridine_pnn_Ph,Ru,pyridine_pnn,Ph,360.0,0.1,0.05,toluene,True,4d_reference_not_scanned,blocked_missing_18_matched_TS_and_offcycle_state_certificates,unresolved,,unresolved,,,
Ru_pyridine_pnn_Ph,Ru,pyridine_pnn,Ph,360.0,0.2,0.05,toluene,True,4d_reference_not_scanned,blocked_missing_18_matched_TS_and_offcycle_state_certificates,unresolved,,unresolved,,,
Ru_pyridine_pnn_Ph,Ru,pyridine_pnn,Ph,370.0,0.01,0.05,toluene,True,4d_reference_not_scanned,blocked_missing_18_matched_TS_and_offcycle_state_certificates,unresolved,,unresolved,,,
Ru_pyridine_pnn_Ph,Ru,pyridine_pnn,Ph,370.0,0.025,0.05,toluene,True,4d_reference_not_scanned,blocked_missing_18_matched_TS_and_offcycle_state_certificates,unresolved,,unresolved,,,
Ru_pyridine_pnn_Ph,Ru,pyridine_pnn,Ph,370.0,0.05,0.05,toluene,True,4d_reference_not_scanned,blocked_missing_18_matched_TS_and_offcycle_state_certificates,unresolved,,unresolved,,,
Ru_pyridine_pnn_Ph,Ru,pyridine_pnn,Ph,370.0,0.1,0.05,toluene,True,4d_reference_not_scanned,blocked_missing_18_matched_TS_and_offcycle_state_certificates,unresolved,,unresolved,,,
Ru_pyridine_pnn_Ph,Ru,pyridine_pnn,Ph,370.0,0.2,0.05,toluene,True,4d_reference_not_scanned,blocked_missing_18_matched_TS_and_offcycle_state_certificates,unresolved,,unresolved,,,
Ru_pyridine_pnn_Ph,Ru,pyridine_pnn,Ph,380.0,0.01,0.05,toluene,True,4d_reference_not_scanned,blocked_missing_18_matched_TS_and_offcycle_state_certificates,unresolved,,unresolved,,,
Ru_pyridine_pnn_Ph,Ru,pyridine_pnn,Ph,380.0,0.025,0.05,toluene,True,4d_reference_not_scanned,blocked_missing_18_matched_TS_and_offcycle_state_certificates,unresolved,,unresolved,,,
Ru_pyridine_pnn_Ph,Ru,pyridine_pnn,Ph,380.0,0.05,0.05,toluene,True,4d_reference_not_scanned,blocked_missing_18_matched_TS_and_offcycle_state_certificates,unresolved,,unresolved,,,
Ru_pyridine_pnn_Ph,Ru,pyridine_pnn,Ph,380.0,0.1,0.05,toluene,True,4d_reference_not_scanned,blocked_missing_18_matched_TS_and_offcycle_state_certificates,unresolved,,unresolved,,,
Ru_pyridine_pnn_Ph,Ru,pyridine_pnn,Ph,380.0,0.2,0.05,toluene,True,4d_reference_not_scanned,blocked_missing_18_matched_TS_and_offcycle_state_certificates,unresolved,,unresolved,,,
Ru_pyridine_pnn_Ph,Ru,pyridine_pnn,Ph,383.15,0.01,0.05,toluene,True,4d_reference_not_scanned,blocked_missing_18_matched_TS_and_offcycle_state_certificates,unresolved,,unresolved,,,
Ru_pyridine_pnn_Ph,Ru,pyridine_pnn,Ph,383.15,0.025,0.05,toluene,True,4d_reference_not_scanned,blocked_missing_18_matched_TS_and_offcycle_state_certificates,unresolved,,unresolved,,,
Ru_pyridine_pnn_Ph,Ru,pyridine_pnn,Ph,383.15,0.05,0.05,toluene,True,4d_reference_not_scanned,blocked_missing_18_matched_TS_and_offcycle_state_certificates,unresolved,,unresolved,,,
Ru_pyridine_pnn_Ph,Ru,pyridine_pnn,Ph,383.15,0.1,0.05,toluene,True,4d_reference_not_scanned,blocked_missing_18_matched_TS_and_offcycle_state_certificates,unresolved,,unresolved,,,
Ru_pyridine_pnn_Ph,Ru,pyridine_pnn,Ph,383.15,0.2,0.05,toluene,True,4d_reference_not_scanned,blocked_missing_18_matched_TS_and_offcycle_state_certificates,unresolved,,unresolved,,,
Ru_pyridine_pnn_Ph,Ru,pyridine_pnn,Ph,390.0,0.01,0.05,toluene,True,4d_reference_not_scanned,blocked_missing_18_matched_TS_and_offcycle_state_certificates,unresolved,,unresolved,,,
Ru_pyridine_pnn_Ph,Ru,pyridine_pnn,Ph,390.0,0.025,0.05,toluene,True,4d_reference_not_scanned,blocked_missing_18_matched_TS_and_offcycle_state_certificates,unresolved,,unresolved,,,
Ru_pyridine_pnn_Ph,Ru,pyridine_pnn,Ph,390.0,0.05,0.05,toluene,True,4d_reference_not_scanned,blocked_missing_18_matched_TS_and_offcycle_state_certificates,unresolved,,unresolved,,,
Ru_pyridine_pnn_Ph,Ru,pyridine_pnn,Ph,390.0,0.1,0.05,toluene,True,4d_reference_not_scanned,blocked_missing_18_matched_TS_and_offcycle_state_certificates,unresolved,,unresolved,,,
Ru_pyridine_pnn_Ph,Ru,pyridine_pnn,Ph,390.0,0.2,0.05,toluene,True,4d_reference_not_scanned,blocked_missing_18_matched_TS_and_offcycle_state_certificates,unresolved,,unresolved,,,
Ru_pyridine_pnn_Ph,Ru,pyridine_pnn,Ph,400.0,0.01,0.05,toluene,True,4d_reference_not_scanned,blocked_missing_18_matched_TS_and_offcycle_state_certificates,unresolved,,unresolved,,,
Ru_pyridine_pnn_Ph,Ru,pyridine_pnn,Ph,400.0,0.025,0.05,toluene,True,4d_reference_not_scanned,blocked_missing_18_matched_TS_and_offcycle_state_certificates,unresolved,,unresolved,,,
Ru_pyridine_pnn_Ph,Ru,pyridine_pnn,Ph,400.0,0.05,0.05,toluene,True,4d_reference_not_scanned,blocked_missing_18_matched_TS_and_offcycle_state_certificates,unresolved,,unresolved,,,
Ru_pyridine_pnn_Ph,Ru,pyridine_pnn,Ph,400.0,0.1,0.05,toluene,True,4d_reference_not_scanned,blocked_missing_18_matched_TS_and_offcycle_state_certificates,unresolved,,unresolved,,,
Ru_pyridine_pnn_Ph,Ru,pyridine_pnn,Ph,400.0,0.2,0.05,toluene,True,4d_reference_not_scanned,blocked_missing_18_matched_TS_and_offcycle_state_certificates,unresolved,,unresolved,,,
Ru_pyridine_pnn_Ph,Ru,pyridine_pnn,Ph,410.0,0.01,0.05,toluene,True,4d_reference_not_scanned,blocked_missing_18_matched_TS_and_offcycle_state_certificates,unresolved,,unresolved,,,
Ru_pyridine_pnn_Ph,Ru,pyridine_pnn,Ph,410.0,0.025,0.05,toluene,True,4d_reference_not_scanned,blocked_missing_18_matched_TS_and_offcycle_state_certificates,unresolved,,unresolved,,,
Ru_pyridine_pnn_Ph,Ru,pyridine_pnn,Ph,410.0,0.05,0.05,toluene,True,4d_reference_not_scanned,blocked_missing_18_matched_TS_and_offcycle_state_certificates,unresolved,,unresolved,,,
Ru_pyridine_pnn_Ph,Ru,pyridine_pnn,Ph,410.0,0.1,0.05,toluene,True,4d_reference_not_scanned,blocked_missing_18_matched_TS_and_offcycle_state_certificates,unresolved,,unresolved,,,
Ru_pyridine_pnn_Ph,Ru,pyridine_pnn,Ph,410.0,0.2,0.05,toluene,True,4d_reference_not_scanned,blocked_missing_18_matched_TS_and_offcycle_state_certificates,unresolved,,unresolved,,,
Ru_pyridine_pnn_Ph,Ru,pyridine_pnn,Ph,420.0,0.01,0.05,toluene,True,4d_reference_not_scanned,blocked_missing_18_matched_TS_and_offcycle_state_certificates,unresolved,,unresolved,,,
Ru_pyridine_pnn_Ph,Ru,pyridine_pnn,Ph,420.0,0.025,0.05,toluene,True,4d_reference_not_scanned,blocked_missing_18_matched_TS_and_offcycle_state_certificates,unresolved,,unresolved,,,
Ru_pyridine_pnn_Ph,Ru,pyridine_pnn,Ph,420.0,0.05,0.05,toluene,True,4d_reference_not_scanned,blocked_missing_18_matched_TS_and_offcycle_state_certificates,unresolved,,unresolved,,,
Ru_pyridine_pnn_Ph,Ru,pyridine_pnn,Ph,420.0,0.1,0.05,toluene,True,4d_reference_not_scanned,blocked_missing_18_matched_TS_and_offcycle_state_certificates,unresolved,,unresolved,,,
Ru_pyridine_pnn_Ph,Ru,pyridine_pnn,Ph,420.0,0.2,0.05,toluene,True,4d_reference_not_scanned,blocked_missing_18_matched_TS_and_offcycle_state_certificates,unresolved,,unresolved,,,
Ru_pyridine_pnn_iPr,Ru,pyridine_pnn,iPr,360.0,0.01,0.05,toluene,True,4d_reference_not_scanned,blocked_missing_18_matched_TS_and_offcycle_state_certificates,unresolved,,unresolved,,,
Ru_pyridine_pnn_iPr,Ru,pyridine_pnn,iPr,360.0,0.025,0.05,toluene,True,4d_reference_not_scanned,blocked_missing_18_matched_TS_and_offcycle_state_certificates,unresolved,,unresolved,,,
Ru_pyridine_pnn_iPr,Ru,pyridine_pnn,iPr,360.0,0.05,0.05,toluene,True,4d_reference_not_scanned,blocked_missing_18_matched_TS_and_offcycle_state_certificates,unresolved,,unresolved,,,
Ru_pyridine_pnn_iPr,Ru,pyridine_pnn,iPr,360.0,0.1,0.05,toluene,True,4d_reference_not_scanned,blocked_missing_18_matched_TS_and_offcycle_state_certificates,unresolved,,unresolved,,,
Ru_pyridine_pnn_iPr,Ru,pyridine_pnn,iPr,360.0,0.2,0.05,toluene,True,4d_reference_not_scanned,blocked_missing_18_matched_TS_and_offcycle_state_certificates,unresolved,,unresolved,,,
Ru_pyridine_pnn_iPr,Ru,pyridine_pnn,iPr,370.0,0.01,0.05,toluene,True,4d_reference_not_scanned,blocked_missing_18_matched_TS_and_offcycle_state_certificates,unresolved,,unresolved,,,
Ru_pyridine_pnn_iPr,Ru,pyridine_pnn,iPr,370.0,0.025,0.05,toluene,True,4d_reference_not_scanned,blocked_missing_18_matched_TS_and_offcycle_state_certificates,unresolved,,unresolved,,,
Ru_pyridine_pnn_iPr,Ru,pyridine_pnn,iPr,370.0,0.05,0.05,toluene,True,4d_reference_not_scanned,blocked_missing_18_matched_TS_and_offcycle_state_certificates,unresolved,,unresolved,,,
Ru_pyridine_pnn_iPr,Ru,pyridine_pnn,iPr,370.0,0.1,0.05,toluene,True,4d_reference_not_scanned,blocked_missing_18_matched_TS_and_offcycle_state_certificates,unresolved,,unresolved,,,
Ru_pyridine_pnn_iPr,Ru,pyridine_pnn,iPr,370.0,0.2,0.05,toluene,True,4d_reference_not_scanned,blocked_missing_18_matched_TS_and_offcycle_state_certificates,unresolved,,unresolved,,,
Ru_pyridine_pnn_iPr,Ru,pyridine_pnn,iPr,380.0,0.01,0.05,toluene,True,4d_reference_not_scanned,blocked_missing_18_matched_TS_and_offcycle_state_certificates,unresolved,,unresolved,,,
Ru_pyridine_pnn_iPr,Ru,pyridine_pnn,iPr,380.0,0.025,0.05,toluene,True,4d_reference_not_scanned,blocked_missing_18_matched_TS_and_offcycle_state_certificates,unresolved,,unresolved,,,
Ru_pyridine_pnn_iPr,Ru,pyridine_pnn,iPr,380.0,0.05,0.05,toluene,True,4d_reference_not_scanned,blocked_missing_18_matched_TS_and_offcycle_state_certificates,unresolved,,unresolved,,,
Ru_pyridine_pnn_iPr,Ru,pyridine_pnn,iPr,380.0,0.1,0.05,toluene,True,4d_reference_not_scanned,blocked_missing_18_matched_TS_and_offcycle_state_certificates,unresolved,,unresolved,,,
Ru_pyridine_pnn_iPr,Ru,pyridine_pnn,iPr,380.0,0.2,0.05,toluene,True,4d_reference_not_scanned,blocked_missing_18_matched_TS_and_offcycle_state_certificates,unresolved,,unresolved,,,
Ru_pyridine_pnn_iPr,Ru,pyridine_pnn,iPr,383.15,0.01,0.05,toluene,True,4d_reference_not_scanned,blocked_missing_18_matched_TS_and_offcycle_state_certificates,unresolved,,unresolved,,,
Ru_pyridine_pnn_iPr,Ru,pyridine_pnn,iPr,383.15,0.025,0.05,toluene,True,4d_reference_not_scanned,blocked_missing_18_matched_TS_and_offcycle_state_certificates,unresolved,,unresolved,,,
Ru_pyridine_pnn_iPr,Ru,pyridine_pnn,iPr,383.15,0.05,0.05,toluene,True,4d_reference_not_scanned,blocked_missing_18_matched_TS_and_offcycle_state_certificates,unresolved,,unresolved,,,
Ru_pyridine_pnn_iPr,Ru,pyridine_pnn,iPr,383.15,0.1,0.05,toluene,True,4d_reference_not_scanned,blocked_missing_18_matched_TS_and_offcycle_state_certificates,unresolved,,unresolved,,,
Ru_pyridine_pnn_iPr,Ru,pyridine_pnn,iPr,383.15,0.2,0.05,toluene,True,4d_reference_not_scanned,blocked_missing_18_matched_TS_and_offcycle_state_certificates,unresolved,,unresolved,,,
Ru_pyridine_pnn_iPr,Ru,pyridine_pnn,iPr,390.0,0.01,0.05,toluene,True,4d_reference_not_scanned,blocked_missing_18_matched_TS_and_offcycle_state_certificates,unresolved,,unresolved,,,
Ru_pyridine_pnn_iPr,Ru,pyridine_pnn,iPr,390.0,0.025,0.05,toluene,True,4d_reference_not_scanned,blocked_missing_18_matched_TS_and_offcycle_state_certificates,unresolved,,unresolved,,,
Ru_pyridine_pnn_iPr,Ru,pyridine_pnn,iPr,390.0,0.05,0.05,toluene,True,4d_reference_not_scanned,blocked_missing_18_matched_TS_and_offcycle_state_certificates,unresolved,,unresolved,,,
Ru_pyridine_pnn_iPr,Ru,pyridine_pnn,iPr,390.0,0.1,0.05,toluene,True,4d_reference_not_scanned,blocked_missing_18_matched_TS_and_offcycle_state_certificates,unresolved,,unresolved,,,
Ru_pyridine_pnn_iPr,Ru,pyridine_pnn,iPr,390.0,0.2,0.05,toluene,True,4d_reference_not_scanned,blocked_missing_18_matched_TS_and_offcycle_state_certificates,unresolved,,unresolved,,,
Ru_pyridine_pnn_iPr,Ru,pyridine_pnn,iPr,400.0,0.01,0.05,toluene,True,4d_reference_not_scanned,blocked_missing_18_matched_TS_and_offcycle_state_certificates,unresolved,,unresolved,,,
Ru_pyridine_pnn_iPr,Ru,pyridine_pnn,iPr,400.0,0.025,0.05,toluene,True,4d_reference_not_scanned,blocked_missing_18_matched_TS_and_offcycle_state_certificates,unresolved,,unresolved,,,
Ru_pyridine_pnn_iPr,Ru,pyridine_pnn,iPr,400.0,0.05,0.05,toluene,True,4d_reference_not_scanned,blocked_missing_18_matched_TS_and_offcycle_state_certificates,unresolved,,unresolved,,,
Ru_pyridine_pnn_iPr,Ru,pyridine_pnn,iPr,400.0,0.1,0.05,toluene,True,4d_reference_not_scanned,blocked_missing_18_matched_TS_and_offcycle_state_certificates,unresolved,,unresolved,,,
Ru_pyridine_pnn_iPr,Ru,pyridine_pnn,iPr,400.0,0.2,0.05,toluene,True,4d_reference_not_scanned,blocked_missing_18_matched_TS_and_offcycle_state_certificates,unresolved,,unresolved,,,
Ru_pyridine_pnn_iPr,Ru,pyridine_pnn,iPr,410.0,0.01,0.05,toluene,True,4d_reference_not_scanned,blocked_missing_18_matched_TS_and_offcycle_state_certificates,unresolved,,unresolved,,,
Ru_pyridine_pnn_iPr,Ru,pyridine_pnn,iPr,410.0,0.025,0.05,toluene,True,4d_reference_not_scanned,blocked_missing_18_matched_TS_and_offcycle_state_certificates,unresolved,,unresolved,,,
Ru_pyridine_pnn_iPr,Ru,pyridine_pnn,iPr,410.0,0.05,0.05,toluene,True,4d_reference_not_scanned,blocked_missing_18_matched_TS_and_offcycle_state_certificates,unresolved,,unresolved,,,
Ru_pyridine_pnn_iPr,Ru,pyridine_pnn,iPr,410.0,0.1,0.05,toluene,True,4d_reference_not_scanned,blocked_missing_18_matched_TS_and_offcycle_state_certificates,unresolved,,unresolved,,,
Ru_pyridine_pnn_iPr,Ru,pyridine_pnn,iPr,410.0,0.2,0.05,toluene,True,4d_reference_not_scanned,blocked_missing_18_matched_TS_and_offcycle_state_certificates,unresolved,,unresolved,,,
Ru_pyridine_pnn_iPr,Ru,pyridine_pnn,iPr,420.0,0.01,0.05,toluene,True,4d_reference_not_scanned,blocked_missing_18_matched_TS_and_offcycle_state_certificates,unresolved,,unresolved,,,
Ru_pyridine_pnn_iPr,Ru,pyridine_pnn,iPr,420.0,0.025,0.05,toluene,True,4d_reference_not_scanned,blocked_missing_18_matched_TS_and_offcycle_state_certificates,unresolved,,unresolved,,,
Ru_pyridine_pnn_iPr,Ru,pyridine_pnn,iPr,420.0,0.05,0.05,toluene,True,4d_reference_not_scanned,blocked_missing_18_matched_TS_and_offcycle_state_certificates,unresolved,,unresolved,,,
Ru_pyridine_pnn_iPr,Ru,pyridine_pnn,iPr,420.0,0.1,0.05,toluene,True,4d_reference_not_scanned,blocked_missing_18_matched_TS_and_offcycle_state_certificates,unresolved,,unresolved,,,
Ru_pyridine_pnn_iPr,Ru,pyridine_pnn,iPr,420.0,0.2,0.05,toluene,True,4d_reference_not_scanned,blocked_missing_18_matched_TS_and_offcycle_state_certificates,unresolved,,unresolved,,,
Ru_bipyridine_pnnoh_Ph,Ru,bipyridine_pnnoh,Ph,360.0,0.01,0.05,toluene,True,4d_reference_not_scanned,blocked_missing_18_matched_TS_and_offcycle_state_certificates,unresolved,,unresolved,,,
Ru_bipyridine_pnnoh_Ph,Ru,bipyridine_pnnoh,Ph,360.0,0.025,0.05,toluene,True,4d_reference_not_scanned,blocked_missing_18_matched_TS_and_offcycle_state_certificates,unresolved,,unresolved,,,
Ru_bipyridine_pnnoh_Ph,Ru,bipyridine_pnnoh,Ph,360.0,0.05,0.05,toluene,True,4d_reference_not_scanned,blocked_missing_18_matched_TS_and_offcycle_state_certificates,unresolved,,unresolved,,,
Ru_bipyridine_pnnoh_Ph,Ru,bipyridine_pnnoh,Ph,360.0,0.1,0.05,toluene,True,4d_reference_not_scanned,blocked_missing_18_matched_TS_and_offcycle_state_certificates,unresolved,,unresolved,,,
Ru_bipyridine_pnnoh_Ph,Ru,bipyridine_pnnoh,Ph,360.0,0.2,0.05,toluene,True,4d_reference_not_scanned,blocked_missing_18_matched_TS_and_offcycle_state_certificates,unresolved,,unresolved,,,
Ru_bipyridine_pnnoh_Ph,Ru,bipyridine_pnnoh,Ph,370.0,0.01,0.05,toluene,True,4d_reference_not_scanned,blocked_missing_18_matched_TS_and_offcycle_state_certificates,unresolved,,unresolved,,,
Ru_bipyridine_pnnoh_Ph,Ru,bipyridine_pnnoh,Ph,370.0,0.025,0.05,toluene,True,4d_reference_not_scanned,blocked_missing_18_matched_TS_and_offcycle_state_certificates,unresolved,,unresolved,,,
Ru_bipyridine_pnnoh_Ph,Ru,bipyridine_pnnoh,Ph,370.0,0.05,0.05,toluene,True,4d_reference_not_scanned,blocked_missing_18_matched_TS_and_offcycle_state_certificates,unresolved,,unresolved,,,
Ru_bipyridine_pnnoh_Ph,Ru,bipyridine_pnnoh,Ph,370.0,0.1,0.05,toluene,True,4d_reference_not_scanned,blocked_missing_18_matched_TS_and_offcycle_state_certificates,unresolved,,unresolved,,,
Ru_bipyridine_pnnoh_Ph,Ru,bipyridine_pnnoh,Ph,370.0,0.2,0.05,toluene,True,4d_reference_not_scanned,blocked_missing_18_matched_TS_and_offcycle_state_certificates,unresolved,,unresolved,,,
Ru_bipyridine_pnnoh_Ph,Ru,bipyridine_pnnoh,Ph,380.0,0.01,0.05,toluene,True,4d_reference_not_scanned,blocked_missing_18_matched_TS_and_offcycle_state_certificates,unresolved,,unresolved,,,
Ru_bipyridine_pnnoh_Ph,Ru,bipyridine_pnnoh,Ph,380.0,0.025,0.05,toluene,True,4d_reference_not_scanned,blocked_missing_18_matched_TS_and_offcycle_state_certificates,unresolved,,unresolved,,,
Ru_bipyridine_pnnoh_Ph,Ru,bipyridine_pnnoh,Ph,380.0,0.05,0.05,toluene,True,4d_reference_not_scanned,blocked_missing_18_matched_TS_and_offcycle_state_certificates,unresolved,,unresolved,,,
Ru_bipyridine_pnnoh_Ph,Ru,bipyridine_pnnoh,Ph,380.0,0.1,0.05,toluene,True,4d_reference_not_scanned,blocked_missing_18_matched_TS_and_offcycle_state_certificates,unresolved,,unresolved,,,
Ru_bipyridine_pnnoh_Ph,Ru,bipyridine_pnnoh,Ph,380.0,0.2,0.05,toluene,True,4d_reference_not_scanned,blocked_missing_18_matched_TS_and_offcycle_state_certificates,unresolved,,unresolved,,,
Ru_bipyridine_pnnoh_Ph,Ru,bipyridine_pnnoh,Ph,383.15,0.01,0.05,toluene,True,4d_reference_not_scanned,blocked_missing_18_matched_TS_and_offcycle_state_certificates,unresolved,,unresolved,,,
Ru_bipyridine_pnnoh_Ph,Ru,bipyridine_pnnoh,Ph,383.15,0.025,0.05,toluene,True,4d_reference_not_scanned,blocked_missing_18_matched_TS_and_offcycle_state_certificates,unresolved,,unresolved,,,
Ru_bipyridine_pnnoh_Ph,Ru,bipyridine_pnnoh,Ph,383.15,0.05,0.05,toluene,True,4d_reference_not_scanned,blocked_missing_18_matched_TS_and_offcycle_state_certificates,unresolved,,unresolved,,,
Ru_bipyridine_pnnoh_Ph,Ru,bipyridine_pnnoh,Ph,383.15,0.1,0.05,toluene,True,4d_reference_not_scanned,blocked_missing_18_matched_TS_and_offcycle_state_certificates,unresolved,,unresolved,,,
Ru_bipyridine_pnnoh_Ph,Ru,bipyridine_pnnoh,Ph,383.15,0.2,0.05,toluene,True,4d_reference_not_scanned,blocked_missing_18_matched_TS_and_offcycle_state_certificates,unresolved,,unresolved,,,
Ru_bipyridine_pnnoh_Ph,Ru,bipyridine_pnnoh,Ph,390.0,0.01,0.05,toluene,True,4d_reference_not_scanned,blocked_missing_18_matched_TS_and_offcycle_state_certificates,unresolved,,unresolved,,,
Ru_bipyridine_pnnoh_Ph,Ru,bipyridine_pnnoh,Ph,390.0,0.025,0.05,toluene,True,4d_reference_not_scanned,blocked_missing_18_matched_TS_and_offcycle_state_certificates,unresolved,,unresolved,,,
Ru_bipyridine_pnnoh_Ph,Ru,bipyridine_pnnoh,Ph,390.0,0.05,0.05,toluene,True,4d_reference_not_scanned,blocked_missing_18_matched_TS_and_offcycle_state_certificates,unresolved,,unresolved,,,
Ru_bipyridine_pnnoh_Ph,Ru,bipyridine_pnnoh,Ph,390.0,0.1,0.05,toluene,True,4d_reference_not_scanned,blocked_missing_18_matched_TS_and_offcycle_state_certificates,unresolved,,unresolved,,,
Ru_bipyridine_pnnoh_Ph,Ru,bipyridine_pnnoh,Ph,390.0,0.2,0.05,toluene,True,4d_reference_not_scanned,blocked_missing_18_matched_TS_and_offcycle_state_certificates,unresolved,,unresolved,,,
Ru_bipyridine_pnnoh_Ph,Ru,bipyridine_pnnoh,Ph,400.0,0.01,0.05,toluene,True,4d_reference_not_scanned,blocked_missing_18_matched_TS_and_offcycle_state_certificates,unresolved,,unresolved,,,
Ru_bipyridine_pnnoh_Ph,Ru,bipyridine_pnnoh,Ph,400.0,0.025,0.05,toluene,True,4d_reference_not_scanned,blocked_missing_18_matched_TS_and_offcycle_state_certificates,unresolved,,unresolved,,,
Ru_bipyridine_pnnoh_Ph,Ru,bipyridine_pnnoh,Ph,400.0,0.05,0.05,toluene,True,4d_reference_not_scanned,blocked_missing_18_matched_TS_and_offcycle_state_certificates,unresolved,,unresolved,,,
Ru_bipyridine_pnnoh_Ph,Ru,bipyridine_pnnoh,Ph,400.0,0.1,0.05,toluene,True,4d_reference_not_scanned,blocked_missing_18_matched_TS_and_offcycle_state_certificates,unresolved,,unresolved,,,
Ru_bipyridine_pnnoh_Ph,Ru,bipyridine_pnnoh,Ph,400.0,0.2,0.05,toluene,True,4d_reference_not_scanned,blocked_missing_18_matched_TS_and_offcycle_state_certificates,unresolved,,unresolved,,,
Ru_bipyridine_pnnoh_Ph,Ru,bipyridine_pnnoh,Ph,410.0,0.01,0.05,toluene,True,4d_reference_not_scanned,blocked_missing_18_matched_TS_and_offcycle_state_certificates,unresolved,,unresolved,,,
Ru_bipyridine_pnnoh_Ph,Ru,bipyridine_pnnoh,Ph,410.0,0.025,0.05,toluene,True,4d_reference_not_scanned,blocked_missing_18_matched_TS_and_offcycle_state_certificates,unresolved,,unresolved,,,
Ru_bipyridine_pnnoh_Ph,Ru,bipyridine_pnnoh,Ph,410.0,0.05,0.05,toluene,True,4d_reference_not_scanned,blocked_missing_18_matched_TS_and_offcycle_state_certificates,unresolved,,unresolved,,,
Ru_bipyridine_pnnoh_Ph,Ru,bipyridine_pnnoh,Ph,410.0,0.1,0.05,toluene,True,4d_reference_not_scanned,blocked_missing_18_matched_TS_and_offcycle_state_certificates,unresolved,,unresolved,,,
Ru_bipyridine_pnnoh_Ph,Ru,bipyridine_pnnoh,Ph,410.0,0.2,0.05,toluene,True,4d_reference_not_scanned,blocked_missing_18_matched_TS_and_offcycle_state_certificates,unresolved,,unresolved,,,
Ru_bipyridine_pnnoh_Ph,Ru,bipyridine_pnnoh,Ph,420.0,0.01,0.05,toluene,True,4d_reference_not_scanned,blocked_missing_18_matched_TS_and_offcycle_state_certificates,unresolved,,unresolved,,,
Ru_bipyridine_pnnoh_Ph,Ru,bipyridine_pnnoh,Ph,420.0,0.025,0.05,toluene,True,4d_reference_not_scanned,blocked_missing_18_matched_TS_and_offcycle_state_certificates,unresolved,,unresolved,,,
Ru_bipyridine_pnnoh_Ph,Ru,bipyridine_pnnoh,Ph,420.0,0.05,0.05,toluene,True,4d_reference_not_scanned,blocked_missing_18_matched_TS_and_offcycle_state_certificates,unresolved,,unresolved,,,
Ru_bipyridine_pnnoh_Ph,Ru,bipyridine_pnnoh,Ph,420.0,0.1,0.05,toluene,True,4d_reference_not_scanned,blocked_missing_18_matched_TS_and_offcycle_state_certificates,unresolved,,unresolved,,,
Ru_bipyridine_pnnoh_Ph,Ru,bipyridine_pnnoh,Ph,420.0,0.2,0.05,toluene,True,4d_reference_not_scanned,blocked_missing_18_matched_TS_and_offcycle_state_certificates,unresolved,,unresolved,,,
Ru_bipyridine_pnnoh_iPr,Ru,bipyridine_pnnoh,iPr,360.0,0.01,0.05,toluene,True,4d_reference_not_scanned,blocked_missing_18_matched_TS_and_offcycle_state_certificates,unresolved,,unresolved,,,
Ru_bipyridine_pnnoh_iPr,Ru,bipyridine_pnnoh,iPr,360.0,0.025,0.05,toluene,True,4d_reference_not_scanned,blocked_missing_18_matched_TS_and_offcycle_state_certificates,unresolved,,unresolved,,,
Ru_bipyridine_pnnoh_iPr,Ru,bipyridine_pnnoh,iPr,360.0,0.05,0.05,toluene,True,4d_reference_not_scanned,blocked_missing_18_matched_TS_and_offcycle_state_certificates,unresolved,,unresolved,,,
Ru_bipyridine_pnnoh_iPr,Ru,bipyridine_pnnoh,iPr,360.0,0.1,0.05,toluene,True,4d_reference_not_scanned,blocked_missing_18_matched_TS_and_offcycle_state_certificates,unresolved,,unresolved,,,
Ru_bipyridine_pnnoh_iPr,Ru,bipyridine_pnnoh,iPr,360.0,0.2,0.05,toluene,True,4d_reference_not_scanned,blocked_missing_18_matched_TS_and_offcycle_state_certificates,unresolved,,unresolved,,,
Ru_bipyridine_pnnoh_iPr,Ru,bipyridine_pnnoh,iPr,370.0,0.01,0.05,toluene,True,4d_reference_not_scanned,blocked_missing_18_matched_TS_and_offcycle_state_certificates,unresolved,,unresolved,,,
Ru_bipyridine_pnnoh_iPr,Ru,bipyridine_pnnoh,iPr,370.0,0.025,0.05,toluene,True,4d_reference_not_scanned,blocked_missing_18_matched_TS_and_offcycle_state_certificates,unresolved,,unresolved,,,
Ru_bipyridine_pnnoh_iPr,Ru,bipyridine_pnnoh,iPr,370.0,0.05,0.05,toluene,True,4d_reference_not_scanned,blocked_missing_18_matched_TS_and_offcycle_state_certificates,unresolved,,unresolved,,,
Ru_bipyridine_pnnoh_iPr,Ru,bipyridine_pnnoh,iPr,370.0,0.1,0.05,toluene,True,4d_reference_not_scanned,blocked_missing_18_matched_TS_and_offcycle_state_certificates,unresolved,,unresolved,,,
Ru_bipyridine_pnnoh_iPr,Ru,bipyridine_pnnoh,iPr,370.0,0.2,0.05,toluene,True,4d_reference_not_scanned,blocked_missing_18_matched_TS_and_offcycle_state_certificates,unresolved,,unresolved,,,
Ru_bipyridine_pnnoh_iPr,Ru,bipyridine_pnnoh,iPr,380.0,0.01,0.05,toluene,True,4d_reference_not_scanned,blocked_missing_18_matched_TS_and_offcycle_state_certificates,unresolved,,unresolved,,,
Ru_bipyridine_pnnoh_iPr,Ru,bipyridine_pnnoh,iPr,380.0,0.025,0.05,toluene,True,4d_reference_not_scanned,blocked_missing_18_matched_TS_and_offcycle_state_certificates,unresolved,,unresolved,,,
Ru_bipyridine_pnnoh_iPr,Ru,bipyridine_pnnoh,iPr,380.0,0.05,0.05,toluene,True,4d_reference_not_scanned,blocked_missing_18_matched_TS_and_offcycle_state_certificates,unresolved,,unresolved,,,
Ru_bipyridine_pnnoh_iPr,Ru,bipyridine_pnnoh,iPr,380.0,0.1,0.05,toluene,True,4d_reference_not_scanned,blocked_missing_18_matched_TS_and_offcycle_state_certificates,unresolved,,unresolved,,,
Ru_bipyridine_pnnoh_iPr,Ru,bipyridine_pnnoh,iPr,380.0,0.2,0.05,toluene,True,4d_reference_not_scanned,blocked_missing_18_matched_TS_and_offcycle_state_certificates,unresolved,,unresolved,,,
Ru_bipyridine_pnnoh_iPr,Ru,bipyridine_pnnoh,iPr,383.15,0.01,0.05,toluene,True,4d_reference_not_scanned,blocked_missing_18_matched_TS_and_offcycle_state_certificates,unresolved,,unresolved,,,
Ru_bipyridine_pnnoh_iPr,Ru,bipyridine_pnnoh,iPr,383.15,0.025,0.05,toluene,True,4d_reference_not_scanned,blocked_missing_18_matched_TS_and_offcycle_state_certificates,unresolved,,unresolved,,,
Ru_bipyridine_pnnoh_iPr,Ru,bipyridine_pnnoh,iPr,383.15,0.05,0.05,toluene,True,4d_reference_not_scanned,blocked_missing_18_matched_TS_and_offcycle_state_certificates,unresolved,,unresolved,,,
Ru_bipyridine_pnnoh_iPr,Ru,bipyridine_pnnoh,iPr,383.15,0.1,0.05,toluene,True,4d_reference_not_scanned,blocked_missing_18_matched_TS_and_offcycle_state_certificates,unresolved,,unresolved,,,
Ru_bipyridine_pnnoh_iPr,Ru,bipyridine_pnnoh,iPr,383.15,0.2,0.05,toluene,True,4d_reference_not_scanned,blocked_missing_18_matched_TS_and_offcycle_state_certificates,unresolved,,unresolved,,,
Ru_bipyridine_pnnoh_iPr,Ru,bipyridine_pnnoh,iPr,390.0,0.01,0.05,toluene,True,4d_reference_not_scanned,blocked_missing_18_matched_TS_and_offcycle_state_certificates,unresolved,,unresolved,,,
Ru_bipyridine_pnnoh_iPr,Ru,bipyridine_pnnoh,iPr,390.0,0.025,0.05,toluene,True,4d_reference_not_scanned,blocked_missing_18_matched_TS_and_offcycle_state_certificates,unresolved,,unresolved,,,
Ru_bipyridine_pnnoh_iPr,Ru,bipyridine_pnnoh,iPr,390.0,0.05,0.05,toluene,True,4d_reference_not_scanned,blocked_missing_18_matched_TS_and_offcycle_state_certificates,unresolved,,unresolved,,,
Ru_bipyridine_pnnoh_iPr,Ru,bipyridine_pnnoh,iPr,390.0,0.1,0.05,toluene,True,4d_reference_not_scanned,blocked_missing_18_matched_TS_and_offcycle_state_certificates,unresolved,,unresolved,,,
Ru_bipyridine_pnnoh_iPr,Ru,bipyridine_pnnoh,iPr,390.0,0.2,0.05,toluene,True,4d_reference_not_scanned,blocked_missing_18_matched_TS_and_offcycle_state_certificates,unresolved,,unresolved,,,
Ru_bipyridine_pnnoh_iPr,Ru,bipyridine_pnnoh,iPr,400.0,0.01,0.05,toluene,True,4d_reference_not_scanned,blocked_missing_18_matched_TS_and_offcycle_state_certificates,unresolved,,unresolved,,,
Ru_bipyridine_pnnoh_iPr,Ru,bipyridine_pnnoh,iPr,400.0,0.025,0.05,toluene,True,4d_reference_not_scanned,blocked_missing_18_matched_TS_and_offcycle_state_certificates,unresolved,,unresolved,,,
Ru_bipyridine_pnnoh_iPr,Ru,bipyridine_pnnoh,iPr,400.0,0.05,0.05,toluene,True,4d_reference_not_scanned,blocked_missing_18_matched_TS_and_offcycle_state_certificates,unresolved,,unresolved,,,
Ru_bipyridine_pnnoh_iPr,Ru,bipyridine_pnnoh,iPr,400.0,0.1,0.05,toluene,True,4d_reference_not_scanned,blocked_missing_18_matched_TS_and_offcycle_state_certificates,unresolved,,unresolved,,,
Ru_bipyridine_pnnoh_iPr,Ru,bipyridine_pnnoh,iPr,400.0,0.2,0.05,toluene,True,4d_reference_not_scanned,blocked_missing_18_matched_TS_and_offcycle_state_certificates,unresolved,,unresolved,,,
Ru_bipyridine_pnnoh_iPr,Ru,bipyridine_pnnoh,iPr,410.0,0.01,0.05,toluene,True,4d_reference_not_scanned,blocked_missing_18_matched_TS_and_offcycle_state_certificates,unresolved,,unresolved,,,
Ru_bipyridine_pnnoh_iPr,Ru,bipyridine_pnnoh,iPr,410.0,0.025,0.05,toluene,True,4d_reference_not_scanned,blocked_missing_18_matched_TS_and_offcycle_state_certificates,unresolved,,unresolved,,,
Ru_bipyridine_pnnoh_iPr,Ru,bipyridine_pnnoh,iPr,410.0,0.05,0.05,toluene,True,4d_reference_not_scanned,blocked_missing_18_matched_TS_and_offcycle_state_certificates,unresolved,,unresolved,,,
Ru_bipyridine_pnnoh_iPr,Ru,bipyridine_pnnoh,iPr,410.0,0.1,0.05,toluene,True,4d_reference_not_scanned,blocked_missing_18_matched_TS_and_offcycle_state_certificates,unresolved,,unresolved,,,
Ru_bipyridine_pnnoh_iPr,Ru,bipyridine_pnnoh,iPr,410.0,0.2,0.05,toluene,True,4d_reference_not_scanned,blocked_missing_18_matched_TS_and_offcycle_state_certificates,unresolved,,unresolved,,,
Ru_bipyridine_pnnoh_iPr,Ru,bipyridine_pnnoh,iPr,420.0,0.01,0.05,toluene,True,4d_reference_not_scanned,blocked_missing_18_matched_TS_and_offcycle_state_certificates,unresolved,,unresolved,,,
Ru_bipyridine_pnnoh_iPr,Ru,bipyridine_pnnoh,iPr,420.0,0.025,0.05,toluene,True,4d_reference_not_scanned,blocked_missing_18_matched_TS_and_offcycle_state_certificates,unresolved,,unresolved,,,
Ru_bipyridine_pnnoh_iPr,Ru,bipyridine_pnnoh,iPr,420.0,0.05,0.05,toluene,True,4d_reference_not_scanned,blocked_missing_18_matched_TS_and_offcycle_state_certificates,unresolved,,unresolved,,,
Ru_bipyridine_pnnoh_iPr,Ru,bipyridine_pnnoh,iPr,420.0,0.1,0.05,toluene,True,4d_reference_not_scanned,blocked_missing_18_matched_TS_and_offcycle_state_certificates,unresolved,,unresolved,,,
Ru_bipyridine_pnnoh_iPr,Ru,bipyridine_pnnoh,iPr,420.0,0.2,0.05,toluene,True,4d_reference_not_scanned,blocked_missing_18_matched_TS_and_offcycle_state_certificates,unresolved,,unresolved,,,
Mn_macho_pnp_Ph,Mn,macho_pnp,Ph,360.0,0.01,0.05,toluene,True,1;3;5,blocked_missing_18_matched_TS_and_offcycle_state_certificates,unresolved,,unresolved,,,
Mn_macho_pnp_Ph,Mn,macho_pnp,Ph,360.0,0.025,0.05,toluene,True,1;3;5,blocked_missing_18_matched_TS_and_offcycle_state_certificates,unresolved,,unresolved,,,
Mn_macho_pnp_Ph,Mn,macho_pnp,Ph,360.0,0.05,0.05,toluene,True,1;3;5,blocked_missing_18_matched_TS_and_offcycle_state_certificates,unresolved,,unresolved,,,
Mn_macho_pnp_Ph,Mn,macho_pnp,Ph,360.0,0.1,0.05,toluene,True,1;3;5,blocked_missing_18_matched_TS_and_offcycle_state_certificates,unresolved,,unresolved,,,
Mn_macho_pnp_Ph,Mn,macho_pnp,Ph,360.0,0.2,0.05,toluene,True,1;3;5,blocked_missing_18_matched_TS_and_offcycle_state_certificates,unresolved,,unresolved,,,
Mn_macho_pnp_Ph,Mn,macho_pnp,Ph,370.0,0.01,0.05,toluene,True,1;3;5,blocked_missing_18_matched_TS_and_offcycle_state_certificates,unresolved,,unresolved,,,
Mn_macho_pnp_Ph,Mn,macho_pnp,Ph,370.0,0.025,0.05,toluene,True,1;3;5,blocked_missing_18_matched_TS_and_offcycle_state_certificates,unresolved,,unresolved,,,
Mn_macho_pnp_Ph,Mn,macho_pnp,Ph,370.0,0.05,0.05,toluene,True,1;3;5,blocked_missing_18_matched_TS_and_offcycle_state_certificates,unresolved,,unresolved,,,
Mn_macho_pnp_Ph,Mn,macho_pnp,Ph,370.0,0.1,0.05,toluene,True,1;3;5,blocked_missing_18_matched_TS_and_offcycle_state_certificates,unresolved,,unresolved,,,
Mn_macho_pnp_Ph,Mn,macho_pnp,Ph,370.0,0.2,0.05,toluene,True,1;3;5,blocked_missing_18_matched_TS_and_offcycle_state_certificates,unresolved,,unresolved,,,
Mn_macho_pnp_Ph,Mn,macho_pnp,Ph,380.0,0.01,0.05,toluene,True,1;3;5,blocked_missing_18_matched_TS_and_offcycle_state_certificates,unresolved,,unresolved,,,
Mn_macho_pnp_Ph,Mn,macho_pnp,Ph,380.0,0.025,0.05,toluene,True,1;3;5,blocked_missing_18_matched_TS_and_offcycle_state_certificates,unresolved,,unresolved,,,
Mn_macho_pnp_Ph,Mn,macho_pnp,Ph,380.0,0.05,0.05,toluene,True,1;3;5,blocked_missing_18_matched_TS_and_offcycle_state_certificates,unresolved,,unresolved,,,
Mn_macho_pnp_Ph,Mn,macho_pnp,Ph,380.0,0.1,0.05,toluene,True,1;3;5,blocked_missing_18_matched_TS_and_offcycle_state_certificates,unresolved,,unresolved,,,
Mn_macho_pnp_Ph,Mn,macho_pnp,Ph,380.0,0.2,0.05,toluene,True,1;3;5,blocked_missing_18_matched_TS_and_offcycle_state_certificates,unresolved,,unresolved,,,
Mn_macho_pnp_Ph,Mn,macho_pnp,Ph,383.15,0.01,0.05,toluene,True,1;3;5,blocked_missing_18_matched_TS_and_offcycle_state_certificates,unresolved,,unresolved,,,
Mn_macho_pnp_Ph,Mn,macho_pnp,Ph,383.15,0.025,0.05,toluene,True,1;3;5,blocked_missing_18_matched_TS_and_offcycle_state_certificates,unresolved,,unresolved,,,
Mn_macho_pnp_Ph,Mn,macho_pnp,Ph,383.15,0.05,0.05,toluene,True,1;3;5,blocked_missing_18_matched_TS_and_offcycle_state_certificates,unresolved,,unresolved,,,
Mn_macho_pnp_Ph,Mn,macho_pnp,Ph,383.15,0.1,0.05,toluene,True,1;3;5,blocked_missing_18_matched_TS_and_offcycle_state_certificates,unresolved,,unresolved,,,
Mn_macho_pnp_Ph,Mn,macho_pnp,Ph,383.15,0.2,0.05,toluene,True,1;3;5,blocked_missing_18_matched_TS_and_offcycle_state_certificates,unresolved,,unresolved,,,
Mn_macho_pnp_Ph,Mn,macho_pnp,Ph,390.0,0.01,0.05,toluene,True,1;3;5,blocked_missing_18_matched_TS_and_offcycle_state_certificates,unresolved,,unresolved,,,
Mn_macho_pnp_Ph,Mn,macho_pnp,Ph,390.0,0.025,0.05,toluene,True,1;3;5,blocked_missing_18_matched_TS_and_offcycle_state_certificates,unresolved,,unresolved,,,
Mn_macho_pnp_Ph,Mn,macho_pnp,Ph,390.0,0.05,0.05,toluene,True,1;3;5,blocked_missing_18_matched_TS_and_offcycle_state_certificates,unresolved,,unresolved,,,
Mn_macho_pnp_Ph,Mn,macho_pnp,Ph,390.0,0.1,0.05,toluene,True,1;3;5,blocked_missing_18_matched_TS_and_offcycle_state_certificates,unresolved,,unresolved,,,
Mn_macho_pnp_Ph,Mn,macho_pnp,Ph,390.0,0.2,0.05,toluene,True,1;3;5,blocked_missing_18_matched_TS_and_offcycle_state_certificates,unresolved,,unresolved,,,
Mn_macho_pnp_Ph,Mn,macho_pnp,Ph,400.0,0.01,0.05,toluene,True,1;3;5,blocked_missing_18_matched_TS_and_offcycle_state_certificates,unresolved,,unresolved,,,
Mn_macho_pnp_Ph,Mn,macho_pnp,Ph,400.0,0.025,0.05,toluene,True,1;3;5,blocked_missing_18_matched_TS_and_offcycle_state_certificates,unresolved,,unresolved,,,
Mn_macho_pnp_Ph,Mn,macho_pnp,Ph,400.0,0.05,0.05,toluene,True,1;3;5,blocked_missing_18_matched_TS_and_offcycle_state_certificates,unresolved,,unresolved,,,
Mn_macho_pnp_Ph,Mn,macho_pnp,Ph,400.0,0.1,0.05,toluene,True,1;3;5,blocked_missing_18_matched_TS_and_offcycle_state_certificates,unresolved,,unresolved,,,
Mn_macho_pnp_Ph,Mn,macho_pnp,Ph,400.0,0.2,0.05,toluene,True,1;3;5,blocked_missing_18_matched_TS_and_offcycle_state_certificates,unresolved,,unresolved,,,
Mn_macho_pnp_Ph,Mn,macho_pnp,Ph,410.0,0.01,0.05,toluene,True,1;3;5,blocked_missing_18_matched_TS_and_offcycle_state_certificates,unresolved,,unresolved,,,
Mn_macho_pnp_Ph,Mn,macho_pnp,Ph,410.0,0.025,0.05,toluene,True,1;3;5,blocked_missing_18_matched_TS_and_offcycle_state_certificates,unresolved,,unresolved,,,
Mn_macho_pnp_Ph,Mn,macho_pnp,Ph,410.0,0.05,0.05,toluene,True,1;3;5,blocked_missing_18_matched_TS_and_offcycle_state_certificates,unresolved,,unresolved,,,
Mn_macho_pnp_Ph,Mn,macho_pnp,Ph,410.0,0.1,0.05,toluene,True,1;3;5,blocked_missing_18_matched_TS_and_offcycle_state_certificates,unresolved,,unresolved,,,
Mn_macho_pnp_Ph,Mn,macho_pnp,Ph,410.0,0.2,0.05,toluene,True,1;3;5,blocked_missing_18_matched_TS_and_offcycle_state_certificates,unresolved,,unresolved,,,
Mn_macho_pnp_Ph,Mn,macho_pnp,Ph,420.0,0.01,0.05,toluene,True,1;3;5,blocked_missing_18_matched_TS_and_offcycle_state_certificates,unresolved,,unresolved,,,
Mn_macho_pnp_Ph,Mn,macho_pnp,Ph,420.0,0.025,0.05,toluene,True,1;3;5,blocked_missing_18_matched_TS_and_offcycle_state_certificates,unresolved,,unresolved,,,
Mn_macho_pnp_Ph,Mn,macho_pnp,Ph,420.0,0.05,0.05,toluene,True,1;3;5,blocked_missing_18_matched_TS_and_offcycle_state_certificates,unresolved,,unresolved,,,
Mn_macho_pnp_Ph,Mn,macho_pnp,Ph,420.0,0.1,0.05,toluene,True,1;3;5,blocked_missing_18_matched_TS_and_offcycle_state_certificates,unresolved,,unresolved,,,
Mn_macho_pnp_Ph,Mn,macho_pnp,Ph,420.0,0.2,0.05,toluene,True,1;3;5,blocked_missing_18_matched_TS_and_offcycle_state_certificates,unresolved,,unresolved,,,
Mn_macho_pnp_iPr,Mn,macho_pnp,iPr,360.0,0.01,0.05,toluene,True,1;3;5,blocked_missing_18_matched_TS_and_offcycle_state_certificates,unresolved,,unresolved,,,
Mn_macho_pnp_iPr,Mn,macho_pnp,iPr,360.0,0.025,0.05,toluene,True,1;3;5,blocked_missing_18_matched_TS_and_offcycle_state_certificates,unresolved,,unresolved,,,
Mn_macho_pnp_iPr,Mn,macho_pnp,iPr,360.0,0.05,0.05,toluene,True,1;3;5,blocked_missing_18_matched_TS_and_offcycle_state_certificates,unresolved,,unresolved,,,
Mn_macho_pnp_iPr,Mn,macho_pnp,iPr,360.0,0.1,0.05,toluene,True,1;3;5,blocked_missing_18_matched_TS_and_offcycle_state_certificates,unresolved,,unresolved,,,
Mn_macho_pnp_iPr,Mn,macho_pnp,iPr,360.0,0.2,0.05,toluene,True,1;3;5,blocked_missing_18_matched_TS_and_offcycle_state_certificates,unresolved,,unresolved,,,
Mn_macho_pnp_iPr,Mn,macho_pnp,iPr,370.0,0.01,0.05,toluene,True,1;3;5,blocked_missing_18_matched_TS_and_offcycle_state_certificates,unresolved,,unresolved,,,
Mn_macho_pnp_iPr,Mn,macho_pnp,iPr,370.0,0.025,0.05,toluene,True,1;3;5,blocked_missing_18_matched_TS_and_offcycle_state_certificates,unresolved,,unresolved,,,
Mn_macho_pnp_iPr,Mn,macho_pnp,iPr,370.0,0.05,0.05,toluene,True,1;3;5,blocked_missing_18_matched_TS_and_offcycle_state_certificates,unresolved,,unresolved,,,
Mn_macho_pnp_iPr,Mn,macho_pnp,iPr,370.0,0.1,0.05,toluene,True,1;3;5,blocked_missing_18_matched_TS_and_offcycle_state_certificates,unresolved,,unresolved,,,
Mn_macho_pnp_iPr,Mn,macho_pnp,iPr,370.0,0.2,0.05,toluene,True,1;3;5,blocked_missing_18_matched_TS_and_offcycle_state_certificates,unresolved,,unresolved,,,
Mn_macho_pnp_iPr,Mn,macho_pnp,iPr,380.0,0.01,0.05,toluene,True,1;3;5,blocked_missing_18_matched_TS_and_offcycle_state_certificates,unresolved,,unresolved,,,
Mn_macho_pnp_iPr,Mn,macho_pnp,iPr,380.0,0.025,0.05,toluene,True,1;3;5,blocked_missing_18_matched_TS_and_offcycle_state_certificates,unresolved,,unresolved,,,
Mn_macho_pnp_iPr,Mn,macho_pnp,iPr,380.0,0.05,0.05,toluene,True,1;3;5,blocked_missing_18_matched_TS_and_offcycle_state_certificates,unresolved,,unresolved,,,
Mn_macho_pnp_iPr,Mn,macho_pnp,iPr,380.0,0.1,0.05,toluene,True,1;3;5,blocked_missing_18_matched_TS_and_offcycle_state_certificates,unresolved,,unresolved,,,
Mn_macho_pnp_iPr,Mn,macho_pnp,iPr,380.0,0.2,0.05,toluene,True,1;3;5,blocked_missing_18_matched_TS_and_offcycle_state_certificates,unresolved,,unresolved,,,
Mn_macho_pnp_iPr,Mn,macho_pnp,iPr,383.15,0.01,0.05,toluene,True,1;3;5,blocked_missing_18_matched_TS_and_offcycle_state_certificates,unresolved,,unresolved,,,
Mn_macho_pnp_iPr,Mn,macho_pnp,iPr,383.15,0.025,0.05,toluene,True,1;3;5,blocked_missing_18_matched_TS_and_offcycle_state_certificates,unresolved,,unresolved,,,
Mn_macho_pnp_iPr,Mn,macho_pnp,iPr,383.15,0.05,0.05,toluene,True,1;3;5,blocked_missing_18_matched_TS_and_offcycle_state_certificates,unresolved,,unresolved,,,
Mn_macho_pnp_iPr,Mn,macho_pnp,iPr,383.15,0.1,0.05,toluene,True,1;3;5,blocked_missing_18_matched_TS_and_offcycle_state_certificates,unresolved,,unresolved,,,
Mn_macho_pnp_iPr,Mn,macho_pnp,iPr,383.15,0.2,0.05,toluene,True,1;3;5,blocked_missing_18_matched_TS_and_offcycle_state_certificates,unresolved,,unresolved,,,
Mn_macho_pnp_iPr,Mn,macho_pnp,iPr,390.0,0.01,0.05,toluene,True,1;3;5,blocked_missing_18_matched_TS_and_offcycle_state_certificates,unresolved,,unresolved,,,
Mn_macho_pnp_iPr,Mn,macho_pnp,iPr,390.0,0.025,0.05,toluene,True,1;3;5,blocked_missing_18_matched_TS_and_offcycle_state_certificates,unresolved,,unresolved,,,
Mn_macho_pnp_iPr,Mn,macho_pnp,iPr,390.0,0.05,0.05,toluene,True,1;3;5,blocked_missing_18_matched_TS_and_offcycle_state_certificates,unresolved,,unresolved,,,
Mn_macho_pnp_iPr,Mn,macho_pnp,iPr,390.0,0.1,0.05,toluene,True,1;3;5,blocked_missing_18_matched_TS_and_offcycle_state_certificates,unresolved,,unresolved,,,
Mn_macho_pnp_iPr,Mn,macho_pnp,iPr,390.0,0.2,0.05,toluene,True,1;3;5,blocked_missing_18_matched_TS_and_offcycle_state_certificates,unresolved,,unresolved,,,
Mn_macho_pnp_iPr,Mn,macho_pnp,iPr,400.0,0.01,0.05,toluene,True,1;3;5,blocked_missing_18_matched_TS_and_offcycle_state_certificates,unresolved,,unresolved,,,
Mn_macho_pnp_iPr,Mn,macho_pnp,iPr,400.0,0.025,0.05,toluene,True,1;3;5,blocked_missing_18_matched_TS_and_offcycle_state_certificates,unresolved,,unresolved,,,
Mn_macho_pnp_iPr,Mn,macho_pnp,iPr,400.0,0.05,0.05,toluene,True,1;3;5,blocked_missing_18_matched_TS_and_offcycle_state_certificates,unresolved,,unresolved,,,
Mn_macho_pnp_iPr,Mn,macho_pnp,iPr,400.0,0.1,0.05,toluene,True,1;3;5,blocked_missing_18_matched_TS_and_offcycle_state_certificates,unresolved,,unresolved,,,
Mn_macho_pnp_iPr,Mn,macho_pnp,iPr,400.0,0.2,0.05,toluene,True,1;3;5,blocked_missing_18_matched_TS_and_offcycle_state_certificates,unresolved,,unresolved,,,
Mn_macho_pnp_iPr,Mn,macho_pnp,iPr,410.0,0.01,0.05,toluene,True,1;3;5,blocked_missing_18_matched_TS_and_offcycle_state_certificates,unresolved,,unresolved,,,
Mn_macho_pnp_iPr,Mn,macho_pnp,iPr,410.0,0.025,0.05,toluene,True,1;3;5,blocked_missing_18_matched_TS_and_offcycle_state_certificates,unresolved,,unresolved,,,
Mn_macho_pnp_iPr,Mn,macho_pnp,iPr,410.0,0.05,0.05,toluene,True,1;3;5,blocked_missing_18_matched_TS_and_offcycle_state_certificates,unresolved,,unresolved,,,
Mn_macho_pnp_iPr,Mn,macho_pnp,iPr,410.0,0.1,0.05,toluene,True,1;3;5,blocked_missing_18_matched_TS_and_offcycle_state_certificates,unresolved,,unresolved,,,
Mn_macho_pnp_iPr,Mn,macho_pnp,iPr,410.0,0.2,0.05,toluene,True,1;3;5,blocked_missing_18_matched_TS_and_offcycle_state_certificates,unresolved,,unresolved,,,
Mn_macho_pnp_iPr,Mn,macho_pnp,iPr,420.0,0.01,0.05,toluene,True,1;3;5,blocked_missing_18_matched_TS_and_offcycle_state_certificates,unresolved,,unresolved,,,
Mn_macho_pnp_iPr,Mn,macho_pnp,iPr,420.0,0.025,0.05,toluene,True,1;3;5,blocked_missing_18_matched_TS_and_offcycle_state_certificates,unresolved,,unresolved,,,
Mn_macho_pnp_iPr,Mn,macho_pnp,iPr,420.0,0.05,0.05,toluene,True,1;3;5,blocked_missing_18_matched_TS_and_offcycle_state_certificates,unresolved,,unresolved,,,
Mn_macho_pnp_iPr,Mn,macho_pnp,iPr,420.0,0.1,0.05,toluene,True,1;3;5,blocked_missing_18_matched_TS_and_offcycle_state_certificates,unresolved,,unresolved,,,
Mn_macho_pnp_iPr,Mn,macho_pnp,iPr,420.0,0.2,0.05,toluene,True,1;3;5,blocked_missing_18_matched_TS_and_offcycle_state_certificates,unresolved,,unresolved,,,
Mn_pyridine_pnn_Ph,Mn,pyridine_pnn,Ph,360.0,0.01,0.05,toluene,True,1;3;5,blocked_missing_18_matched_TS_and_offcycle_state_certificates,unresolved,,unresolved,,,
Mn_pyridine_pnn_Ph,Mn,pyridine_pnn,Ph,360.0,0.025,0.05,toluene,True,1;3;5,blocked_missing_18_matched_TS_and_offcycle_state_certificates,unresolved,,unresolved,,,
Mn_pyridine_pnn_Ph,Mn,pyridine_pnn,Ph,360.0,0.05,0.05,toluene,True,1;3;5,blocked_missing_18_matched_TS_and_offcycle_state_certificates,unresolved,,unresolved,,,
Mn_pyridine_pnn_Ph,Mn,pyridine_pnn,Ph,360.0,0.1,0.05,toluene,True,1;3;5,blocked_missing_18_matched_TS_and_offcycle_state_certificates,unresolved,,unresolved,,,
Mn_pyridine_pnn_Ph,Mn,pyridine_pnn,Ph,360.0,0.2,0.05,toluene,True,1;3;5,blocked_missing_18_matched_TS_and_offcycle_state_certificates,unresolved,,unresolved,,,
Mn_pyridine_pnn_Ph,Mn,pyridine_pnn,Ph,370.0,0.01,0.05,toluene,True,1;3;5,blocked_missing_18_matched_TS_and_offcycle_state_certificates,unresolved,,unresolved,,,
Mn_pyridine_pnn_Ph,Mn,pyridine_pnn,Ph,370.0,0.025,0.05,toluene,True,1;3;5,blocked_missing_18_matched_TS_and_offcycle_state_certificates,unresolved,,unresolved,,,
Mn_pyridine_pnn_Ph,Mn,pyridine_pnn,Ph,370.0,0.05,0.05,toluene,True,1;3;5,blocked_missing_18_matched_TS_and_offcycle_state_certificates,unresolved,,unresolved,,,
Mn_pyridine_pnn_Ph,Mn,pyridine_pnn,Ph,370.0,0.1,0.05,toluene,True,1;3;5,blocked_missing_18_matched_TS_and_offcycle_state_certificates,unresolved,,unresolved,,,
Mn_pyridine_pnn_Ph,Mn,pyridine_pnn,Ph,370.0,0.2,0.05,toluene,True,1;3;5,blocked_missing_18_matched_TS_and_offcycle_state_certificates,unresolved,,unresolved,,,
Mn_pyridine_pnn_Ph,Mn,pyridine_pnn,Ph,380.0,0.01,0.05,toluene,True,1;3;5,blocked_missing_18_matched_TS_and_offcycle_state_certificates,unresolved,,unresolved,,,
Mn_pyridine_pnn_Ph,Mn,pyridine_pnn,Ph,380.0,0.025,0.05,toluene,True,1;3;5,blocked_missing_18_matched_TS_and_offcycle_state_certificates,unresolved,,unresolved,,,
Mn_pyridine_pnn_Ph,Mn,pyridine_pnn,Ph,380.0,0.05,0.05,toluene,True,1;3;5,blocked_missing_18_matched_TS_and_offcycle_state_certificates,unresolved,,unresolved,,,
Mn_pyridine_pnn_Ph,Mn,pyridine_pnn,Ph,380.0,0.1,0.05,toluene,True,1;3;5,blocked_missing_18_matched_TS_and_offcycle_state_certificates,unresolved,,unresolved,,,
Mn_pyridine_pnn_Ph,Mn,pyridine_pnn,Ph,380.0,0.2,0.05,toluene,True,1;3;5,blocked_missing_18_matched_TS_and_offcycle_state_certificates,unresolved,,unresolved,,,
Mn_pyridine_pnn_Ph,Mn,pyridine_pnn,Ph,383.15,0.01,0.05,toluene,True,1;3;5,blocked_missing_18_matched_TS_and_offcycle_state_certificates,unresolved,,unresolved,,,
Mn_pyridine_pnn_Ph,Mn,pyridine_pnn,Ph,383.15,0.025,0.05,toluene,True,1;3;5,blocked_missing_18_matched_TS_and_offcycle_state_certificates,unresolved,,unresolved,,,
Mn_pyridine_pnn_Ph,Mn,pyridine_pnn,Ph,383.15,0.05,0.05,toluene,True,1;3;5,blocked_missing_18_matched_TS_and_offcycle_state_certificates,unresolved,,unresolved,,,
Mn_pyridine_pnn_Ph,Mn,pyridine_pnn,Ph,383.15,0.1,0.05,toluene,True,1;3;5,blocked_missing_18_matched_TS_and_offcycle_state_certificates,unresolved,,unresolved,,,
Mn_pyridine_pnn_Ph,Mn,pyridine_pnn,Ph,383.15,0.2,0.05,toluene,True,1;3;5,blocked_missing_18_matched_TS_and_offcycle_state_certificates,unresolved,,unresolved,,,
Mn_pyridine_pnn_Ph,Mn,pyridine_pnn,Ph,390.0,0.01,0.05,toluene,True,1;3;5,blocked_missing_18_matched_TS_and_offcycle_state_certificates,unresolved,,unresolved,,,
Mn_pyridine_pnn_Ph,Mn,pyridine_pnn,Ph,390.0,0.025,0.05,toluene,True,1;3;5,blocked_missing_18_matched_TS_and_offcycle_state_certificates,unresolved,,unresolved,,,
Mn_pyridine_pnn_Ph,Mn,pyridine_pnn,Ph,390.0,0.05,0.05,toluene,True,1;3;5,blocked_missing_18_matched_TS_and_offcycle_state_certificates,unresolved,,unresolved,,,
Mn_pyridine_pnn_Ph,Mn,pyridine_pnn,Ph,390.0,0.1,0.05,toluene,True,1;3;5,blocked_missing_18_matched_TS_and_offcycle_state_certificates,unresolved,,unresolved,,,
Mn_pyridine_pnn_Ph,Mn,pyridine_pnn,Ph,390.0,0.2,0.05,toluene,True,1;3;5,blocked_missing_18_matched_TS_and_offcycle_state_certificates,unresolved,,unresolved,,,
Mn_pyridine_pnn_Ph,Mn,pyridine_pnn,Ph,400.0,0.01,0.05,toluene,True,1;3;5,blocked_missing_18_matched_TS_and_offcycle_state_certificates,unresolved,,unresolved,,,
Mn_pyridine_pnn_Ph,Mn,pyridine_pnn,Ph,400.0,0.025,0.05,toluene,True,1;3;5,blocked_missing_18_matched_TS_and_offcycle_state_certificates,unresolved,,unresolved,,,
Mn_pyridine_pnn_Ph,Mn,pyridine_pnn,Ph,400.0,0.05,0.05,toluene,True,1;3;5,blocked_missing_18_matched_TS_and_offcycle_state_certificates,unresolved,,unresolved,,,
Mn_pyridine_pnn_Ph,Mn,pyridine_pnn,Ph,400.0,0.1,0.05,toluene,True,1;3;5,blocked_missing_18_matched_TS_and_offcycle_state_certificates,unresolved,,unresolved,,,
Mn_pyridine_pnn_Ph,Mn,pyridine_pnn,Ph,400.0,0.2,0.05,toluene,True,1;3;5,blocked_missing_18_matched_TS_and_offcycle_state_certificates,unresolved,,unresolved,,,
Mn_pyridine_pnn_Ph,Mn,pyridine_pnn,Ph,410.0,0.01,0.05,toluene,True,1;3;5,blocked_missing_18_matched_TS_and_offcycle_state_certificates,unresolved,,unresolved,,,
Mn_pyridine_pnn_Ph,Mn,pyridine_pnn,Ph,410.0,0.025,0.05,toluene,True,1;3;5,blocked_missing_18_matched_TS_and_offcycle_state_certificates,unresolved,,unresolved,,,
Mn_pyridine_pnn_Ph,Mn,pyridine_pnn,Ph,410.0,0.05,0.05,toluene,True,1;3;5,blocked_missing_18_matched_TS_and_offcycle_state_certificates,unresolved,,unresolved,,,
Mn_pyridine_pnn_Ph,Mn,pyridine_pnn,Ph,410.0,0.1,0.05,toluene,True,1;3;5,blocked_missing_18_matched_TS_and_offcycle_state_certificates,unresolved,,unresolved,,,
Mn_pyridine_pnn_Ph,Mn,pyridine_pnn,Ph,410.0,0.2,0.05,toluene,True,1;3;5,blocked_missing_18_matched_TS_and_offcycle_state_certificates,unresolved,,unresolved,,,
Mn_pyridine_pnn_Ph,Mn,pyridine_pnn,Ph,420.0,0.01,0.05,toluene,True,1;3;5,blocked_missing_18_matched_TS_and_offcycle_state_certificates,unresolved,,unresolved,,,
Mn_pyridine_pnn_Ph,Mn,pyridine_pnn,Ph,420.0,0.025,0.05,toluene,True,1;3;5,blocked_missing_18_matched_TS_and_offcycle_state_certificates,unresolved,,unresolved,,,
Mn_pyridine_pnn_Ph,Mn,pyridine_pnn,Ph,420.0,0.05,0.05,toluene,True,1;3;5,blocked_missing_18_matched_TS_and_offcycle_state_certificates,unresolved,,unresolved,,,
Mn_pyridine_pnn_Ph,Mn,pyridine_pnn,Ph,420.0,0.1,0.05,toluene,True,1;3;5,blocked_missing_18_matched_TS_and_offcycle_state_certificates,unresolved,,unresolved,,,
Mn_pyridine_pnn_Ph,Mn,pyridine_pnn,Ph,420.0,0.2,0.05,toluene,True,1;3;5,blocked_missing_18_matched_TS_and_offcycle_state_certificates,unresolved,,unresolved,,,
Mn_pyridine_pnn_iPr,Mn,pyridine_pnn,iPr,360.0,0.01,0.05,toluene,True,1;3;5,blocked_missing_18_matched_TS_and_offcycle_state_certificates,unresolved,,unresolved,,,
Mn_pyridine_pnn_iPr,Mn,pyridine_pnn,iPr,360.0,0.025,0.05,toluene,True,1;3;5,blocked_missing_18_matched_TS_and_offcycle_state_certificates,unresolved,,unresolved,,,
Mn_pyridine_pnn_iPr,Mn,pyridine_pnn,iPr,360.0,0.05,0.05,toluene,True,1;3;5,blocked_missing_18_matched_TS_and_offcycle_state_certificates,unresolved,,unresolved,,,
Mn_pyridine_pnn_iPr,Mn,pyridine_pnn,iPr,360.0,0.1,0.05,toluene,True,1;3;5,blocked_missing_18_matched_TS_and_offcycle_state_certificates,unresolved,,unresolved,,,
Mn_pyridine_pnn_iPr,Mn,pyridine_pnn,iPr,360.0,0.2,0.05,toluene,True,1;3;5,blocked_missing_18_matched_TS_and_offcycle_state_certificates,unresolved,,unresolved,,,
Mn_pyridine_pnn_iPr,Mn,pyridine_pnn,iPr,370.0,0.01,0.05,toluene,True,1;3;5,blocked_missing_18_matched_TS_and_offcycle_state_certificates,unresolved,,unresolved,,,
Mn_pyridine_pnn_iPr,Mn,pyridine_pnn,iPr,370.0,0.025,0.05,toluene,True,1;3;5,blocked_missing_18_matched_TS_and_offcycle_state_certificates,unresolved,,unresolved,,,
Mn_pyridine_pnn_iPr,Mn,pyridine_pnn,iPr,370.0,0.05,0.05,toluene,True,1;3;5,blocked_missing_18_matched_TS_and_offcycle_state_certificates,unresolved,,unresolved,,,
Mn_pyridine_pnn_iPr,Mn,pyridine_pnn,iPr,370.0,0.1,0.05,toluene,True,1;3;5,blocked_missing_18_matched_TS_and_offcycle_state_certificates,unresolved,,unresolved,,,
Mn_pyridine_pnn_iPr,Mn,pyridine_pnn,iPr,370.0,0.2,0.05,toluene,True,1;3;5,blocked_missing_18_matched_TS_and_offcycle_state_certificates,unresolved,,unresolved,,,
Mn_pyridine_pnn_iPr,Mn,pyridine_pnn,iPr,380.0,0.01,0.05,toluene,True,1;3;5,blocked_missing_18_matched_TS_and_offcycle_state_certificates,unresolved,,unresolved,,,
Mn_pyridine_pnn_iPr,Mn,pyridine_pnn,iPr,380.0,0.025,0.05,toluene,True,1;3;5,blocked_missing_18_matched_TS_and_offcycle_state_certificates,unresolved,,unresolved,,,
Mn_pyridine_pnn_iPr,Mn,pyridine_pnn,iPr,380.0,0.05,0.05,toluene,True,1;3;5,blocked_missing_18_matched_TS_and_offcycle_state_certificates,unresolved,,unresolved,,,
Mn_pyridine_pnn_iPr,Mn,pyridine_pnn,iPr,380.0,0.1,0.05,toluene,True,1;3;5,blocked_missing_18_matched_TS_and_offcycle_state_certificates,unresolved,,unresolved,,,
Mn_pyridine_pnn_iPr,Mn,pyridine_pnn,iPr,380.0,0.2,0.05,toluene,True,1;3;5,blocked_missing_18_matched_TS_and_offcycle_state_certificates,unresolved,,unresolved,,,
Mn_pyridine_pnn_iPr,Mn,pyridine_pnn,iPr,383.15,0.01,0.05,toluene,True,1;3;5,blocked_missing_18_matched_TS_and_offcycle_state_certificates,unresolved,,unresolved,,,
Mn_pyridine_pnn_iPr,Mn,pyridine_pnn,iPr,383.15,0.025,0.05,toluene,True,1;3;5,blocked_missing_18_matched_TS_and_offcycle_state_certificates,unresolved,,unresolved,,,
Mn_pyridine_pnn_iPr,Mn,pyridine_pnn,iPr,383.15,0.05,0.05,toluene,True,1;3;5,blocked_missing_18_matched_TS_and_offcycle_state_certificates,unresolved,,unresolved,,,
Mn_pyridine_pnn_iPr,Mn,pyridine_pnn,iPr,383.15,0.1,0.05,toluene,True,1;3;5,blocked_missing_18_matched_TS_and_offcycle_state_certificates,unresolved,,unresolved,,,
Mn_pyridine_pnn_iPr,Mn,pyridine_pnn,iPr,383.15,0.2,0.05,toluene,True,1;3;5,blocked_missing_18_matched_TS_and_offcycle_state_certificates,unresolved,,unresolved,,,
Mn_pyridine_pnn_iPr,Mn,pyridine_pnn,iPr,390.0,0.01,0.05,toluene,True,1;3;5,blocked_missing_18_matched_TS_and_offcycle_state_certificates,unresolved,,unresolved,,,
Mn_pyridine_pnn_iPr,Mn,pyridine_pnn,iPr,390.0,0.025,0.05,toluene,True,1;3;5,blocked_missing_18_matched_TS_and_offcycle_state_certificates,unresolved,,unresolved,,,
Mn_pyridine_pnn_iPr,Mn,pyridine_pnn,iPr,390.0,0.05,0.05,toluene,True,1;3;5,blocked_missing_18_matched_TS_and_offcycle_state_certificates,unresolved,,unresolved,,,
Mn_pyridine_pnn_iPr,Mn,pyridine_pnn,iPr,390.0,0.1,0.05,toluene,True,1;3;5,blocked_missing_18_matched_TS_and_offcycle_state_certificates,unresolved,,unresolved,,,
Mn_pyridine_pnn_iPr,Mn,pyridine_pnn,iPr,390.0,0.2,0.05,toluene,True,1;3;5,blocked_missing_18_matched_TS_and_offcycle_state_certificates,unresolved,,unresolved,,,
Mn_pyridine_pnn_iPr,Mn,pyridine_pnn,iPr,400.0,0.01,0.05,toluene,True,1;3;5,blocked_missing_18_matched_TS_and_offcycle_state_certificates,unresolved,,unresolved,,,
Mn_pyridine_pnn_iPr,Mn,pyridine_pnn,iPr,400.0,0.025,0.05,toluene,True,1;3;5,blocked_missing_18_matched_TS_and_offcycle_state_certificates,unresolved,,unresolved,,,
Mn_pyridine_pnn_iPr,Mn,pyridine_pnn,iPr,400.0,0.05,0.05,toluene,True,1;3;5,blocked_missing_18_matched_TS_and_offcycle_state_certificates,unresolved,,unresolved,,,
Mn_pyridine_pnn_iPr,Mn,pyridine_pnn,iPr,400.0,0.1,0.05,toluene,True,1;3;5,blocked_missing_18_matched_TS_and_offcycle_state_certificates,unresolved,,unresolved,,,
Mn_pyridine_pnn_iPr,Mn,pyridine_pnn,iPr,400.0,0.2,0.05,toluene,True,1;3;5,blocked_missing_18_matched_TS_and_offcycle_state_certificates,unresolved,,unresolved,,,
Mn_pyridine_pnn_iPr,Mn,pyridine_pnn,iPr,410.0,0.01,0.05,toluene,True,1;3;5,blocked_missing_18_matched_TS_and_offcycle_state_certificates,unresolved,,unresolved,,,
Mn_pyridine_pnn_iPr,Mn,pyridine_pnn,iPr,410.0,0.025,0.05,toluene,True,1;3;5,blocked_missing_18_matched_TS_and_offcycle_state_certificates,unresolved,,unresolved,,,
Mn_pyridine_pnn_iPr,Mn,pyridine_pnn,iPr,410.0,0.05,0.05,toluene,True,1;3;5,blocked_missing_18_matched_TS_and_offcycle_state_certificates,unresolved,,unresolved,,,
Mn_pyridine_pnn_iPr,Mn,pyridine_pnn,iPr,410.0,0.1,0.05,toluene,True,1;3;5,blocked_missing_18_matched_TS_and_offcycle_state_certificates,unresolved,,unresolved,,,
Mn_pyridine_pnn_iPr,Mn,pyridine_pnn,iPr,410.0,0.2,0.05,toluene,True,1;3;5,blocked_missing_18_matched_TS_and_offcycle_state_certificates,unresolved,,unresolved,,,
Mn_pyridine_pnn_iPr,Mn,pyridine_pnn,iPr,420.0,0.01,0.05,toluene,True,1;3;5,blocked_missing_18_matched_TS_and_offcycle_state_certificates,unresolved,,unresolved,,,
Mn_pyridine_pnn_iPr,Mn,pyridine_pnn,iPr,420.0,0.025,0.05,toluene,True,1;3;5,blocked_missing_18_matched_TS_and_offcycle_state_certificates,unresolved,,unresolved,,,
Mn_pyridine_pnn_iPr,Mn,pyridine_pnn,iPr,420.0,0.05,0.05,toluene,True,1;3;5,blocked_missing_18_matched_TS_and_offcycle_state_certificates,unresolved,,unresolved,,,
Mn_pyridine_pnn_iPr,Mn,pyridine_pnn,iPr,420.0,0.1,0.05,toluene,True,1;3;5,blocked_missing_18_matched_TS_and_offcycle_state_certificates,unresolved,,unresolved,,,
Mn_pyridine_pnn_iPr,Mn,pyridine_pnn,iPr,420.0,0.2,0.05,toluene,True,1;3;5,blocked_missing_18_matched_TS_and_offcycle_state_certificates,unresolved,,unresolved,,,
Mn_bipyridine_pnnoh_Ph,Mn,bipyridine_pnnoh,Ph,360.0,0.01,0.05,toluene,True,1;3;5,blocked_missing_18_matched_TS_and_offcycle_state_certificates,unresolved,,unresolved,,,
Mn_bipyridine_pnnoh_Ph,Mn,bipyridine_pnnoh,Ph,360.0,0.025,0.05,toluene,True,1;3;5,blocked_missing_18_matched_TS_and_offcycle_state_certificates,unresolved,,unresolved,,,
Mn_bipyridine_pnnoh_Ph,Mn,bipyridine_pnnoh,Ph,360.0,0.05,0.05,toluene,True,1;3;5,blocked_missing_18_matched_TS_and_offcycle_state_certificates,unresolved,,unresolved,,,
Mn_bipyridine_pnnoh_Ph,Mn,bipyridine_pnnoh,Ph,360.0,0.1,0.05,toluene,True,1;3;5,blocked_missing_18_matched_TS_and_offcycle_state_certificates,unresolved,,unresolved,,,
Mn_bipyridine_pnnoh_Ph,Mn,bipyridine_pnnoh,Ph,360.0,0.2,0.05,toluene,True,1;3;5,blocked_missing_18_matched_TS_and_offcycle_state_certificates,unresolved,,unresolved,,,
Mn_bipyridine_pnnoh_Ph,Mn,bipyridine_pnnoh,Ph,370.0,0.01,0.05,toluene,True,1;3;5,blocked_missing_18_matched_TS_and_offcycle_state_certificates,unresolved,,unresolved,,,
Mn_bipyridine_pnnoh_Ph,Mn,bipyridine_pnnoh,Ph,370.0,0.025,0.05,toluene,True,1;3;5,blocked_missing_18_matched_TS_and_offcycle_state_certificates,unresolved,,unresolved,,,
Mn_bipyridine_pnnoh_Ph,Mn,bipyridine_pnnoh,Ph,370.0,0.05,0.05,toluene,True,1;3;5,blocked_missing_18_matched_TS_and_offcycle_state_certificates,unresolved,,unresolved,,,
Mn_bipyridine_pnnoh_Ph,Mn,bipyridine_pnnoh,Ph,370.0,0.1,0.05,toluene,True,1;3;5,blocked_missing_18_matched_TS_and_offcycle_state_certificates,unresolved,,unresolved,,,
Mn_bipyridine_pnnoh_Ph,Mn,bipyridine_pnnoh,Ph,370.0,0.2,0.05,toluene,True,1;3;5,blocked_missing_18_matched_TS_and_offcycle_state_certificates,unresolved,,unresolved,,,
Mn_bipyridine_pnnoh_Ph,Mn,bipyridine_pnnoh,Ph,380.0,0.01,0.05,toluene,True,1;3;5,blocked_missing_18_matched_TS_and_offcycle_state_certificates,unresolved,,unresolved,,,
Mn_bipyridine_pnnoh_Ph,Mn,bipyridine_pnnoh,Ph,380.0,0.025,0.05,toluene,True,1;3;5,blocked_missing_18_matched_TS_and_offcycle_state_certificates,unresolved,,unresolved,,,
Mn_bipyridine_pnnoh_Ph,Mn,bipyridine_pnnoh,Ph,380.0,0.05,0.05,toluene,True,1;3;5,blocked_missing_18_matched_TS_and_offcycle_state_certificates,unresolved,,unresolved,,,
Mn_bipyridine_pnnoh_Ph,Mn,bipyridine_pnnoh,Ph,380.0,0.1,0.05,toluene,True,1;3;5,blocked_missing_18_matched_TS_and_offcycle_state_certificates,unresolved,,unresolved,,,
Mn_bipyridine_pnnoh_Ph,Mn,bipyridine_pnnoh,Ph,380.0,0.2,0.05,toluene,True,1;3;5,blocked_missing_18_matched_TS_and_offcycle_state_certificates,unresolved,,unresolved,,,
Mn_bipyridine_pnnoh_Ph,Mn,bipyridine_pnnoh,Ph,383.15,0.01,0.05,toluene,True,1;3;5,blocked_missing_18_matched_TS_and_offcycle_state_certificates,unresolved,,unresolved,,,
Mn_bipyridine_pnnoh_Ph,Mn,bipyridine_pnnoh,Ph,383.15,0.025,0.05,toluene,True,1;3;5,blocked_missing_18_matched_TS_and_offcycle_state_certificates,unresolved,,unresolved,,,
Mn_bipyridine_pnnoh_Ph,Mn,bipyridine_pnnoh,Ph,383.15,0.05,0.05,toluene,True,1;3;5,blocked_missing_18_matched_TS_and_offcycle_state_certificates,unresolved,,unresolved,,,
Mn_bipyridine_pnnoh_Ph,Mn,bipyridine_pnnoh,Ph,383.15,0.1,0.05,toluene,True,1;3;5,blocked_missing_18_matched_TS_and_offcycle_state_certificates,unresolved,,unresolved,,,
Mn_bipyridine_pnnoh_Ph,Mn,bipyridine_pnnoh,Ph,383.15,0.2,0.05,toluene,True,1;3;5,blocked_missing_18_matched_TS_and_offcycle_state_certificates,unresolved,,unresolved,,,
Mn_bipyridine_pnnoh_Ph,Mn,bipyridine_pnnoh,Ph,390.0,0.01,0.05,toluene,True,1;3;5,blocked_missing_18_matched_TS_and_offcycle_state_certificates,unresolved,,unresolved,,,
Mn_bipyridine_pnnoh_Ph,Mn,bipyridine_pnnoh,Ph,390.0,0.025,0.05,toluene,True,1;3;5,blocked_missing_18_matched_TS_and_offcycle_state_certificates,unresolved,,unresolved,,,
Mn_bipyridine_pnnoh_Ph,Mn,bipyridine_pnnoh,Ph,390.0,0.05,0.05,toluene,True,1;3;5,blocked_missing_18_matched_TS_and_offcycle_state_certificates,unresolved,,unresolved,,,
Mn_bipyridine_pnnoh_Ph,Mn,bipyridine_pnnoh,Ph,390.0,0.1,0.05,toluene,True,1;3;5,blocked_missing_18_matched_TS_and_offcycle_state_certificates,unresolved,,unresolved,,,
Mn_bipyridine_pnnoh_Ph,Mn,bipyridine_pnnoh,Ph,390.0,0.2,0.05,toluene,True,1;3;5,blocked_missing_18_matched_TS_and_offcycle_state_certificates,unresolved,,unresolved,,,
Mn_bipyridine_pnnoh_Ph,Mn,bipyridine_pnnoh,Ph,400.0,0.01,0.05,toluene,True,1;3;5,blocked_missing_18_matched_TS_and_offcycle_state_certificates,unresolved,,unresolved,,,
Mn_bipyridine_pnnoh_Ph,Mn,bipyridine_pnnoh,Ph,400.0,0.025,0.05,toluene,True,1;3;5,blocked_missing_18_matched_TS_and_offcycle_state_certificates,unresolved,,unresolved,,,
Mn_bipyridine_pnnoh_Ph,Mn,bipyridine_pnnoh,Ph,400.0,0.05,0.05,toluene,True,1;3;5,blocked_missing_18_matched_TS_and_offcycle_state_certificates,unresolved,,unresolved,,,
Mn_bipyridine_pnnoh_Ph,Mn,bipyridine_pnnoh,Ph,400.0,0.1,0.05,toluene,True,1;3;5,blocked_missing_18_matched_TS_and_offcycle_state_certificates,unresolved,,unresolved,,,
Mn_bipyridine_pnnoh_Ph,Mn,bipyridine_pnnoh,Ph,400.0,0.2,0.05,toluene,True,1;3;5,blocked_missing_18_matched_TS_and_offcycle_state_certificates,unresolved,,unresolved,,,
Mn_bipyridine_pnnoh_Ph,Mn,bipyridine_pnnoh,Ph,410.0,0.01,0.05,toluene,True,1;3;5,blocked_missing_18_matched_TS_and_offcycle_state_certificates,unresolved,,unresolved,,,
Mn_bipyridine_pnnoh_Ph,Mn,bipyridine_pnnoh,Ph,410.0,0.025,0.05,toluene,True,1;3;5,blocked_missing_18_matched_TS_and_offcycle_state_certificates,unresolved,,unresolved,,,
Mn_bipyridine_pnnoh_Ph,Mn,bipyridine_pnnoh,Ph,410.0,0.05,0.05,toluene,True,1;3;5,blocked_missing_18_matched_TS_and_offcycle_state_certificates,unresolved,,unresolved,,,
Mn_bipyridine_pnnoh_Ph,Mn,bipyridine_pnnoh,Ph,410.0,0.1,0.05,toluene,True,1;3;5,blocked_missing_18_matched_TS_and_offcycle_state_certificates,unresolved,,unresolved,,,
Mn_bipyridine_pnnoh_Ph,Mn,bipyridine_pnnoh,Ph,410.0,0.2,0.05,toluene,True,1;3;5,blocked_missing_18_matched_TS_and_offcycle_state_certificates,unresolved,,unresolved,,,
Mn_bipyridine_pnnoh_Ph,Mn,bipyridine_pnnoh,Ph,420.0,0.01,0.05,toluene,True,1;3;5,blocked_missing_18_matched_TS_and_offcycle_state_certificates,unresolved,,unresolved,,,
Mn_bipyridine_pnnoh_Ph,Mn,bipyridine_pnnoh,Ph,420.0,0.025,0.05,toluene,True,1;3;5,blocked_missing_18_matched_TS_and_offcycle_state_certificates,unresolved,,unresolved,,,
Mn_bipyridine_pnnoh_Ph,Mn,bipyridine_pnnoh,Ph,420.0,0.05,0.05,toluene,True,1;3;5,blocked_missing_18_matched_TS_and_offcycle_state_certificates,unresolved,,unresolved,,,
Mn_bipyridine_pnnoh_Ph,Mn,bipyridine_pnnoh,Ph,420.0,0.1,0.05,toluene,True,1;3;5,blocked_missing_18_matched_TS_and_offcycle_state_certificates,unresolved,,unresolved,,,
Mn_bipyridine_pnnoh_Ph,Mn,bipyridine_pnnoh,Ph,420.0,0.2,0.05,toluene,True,1;3;5,blocked_missing_18_matched_TS_and_offcycle_state_certificates,unresolved,,unresolved,,,
Mn_bipyridine_pnnoh_iPr,Mn,bipyridine_pnnoh,iPr,360.0,0.01,0.05,toluene,True,1;3;5,blocked_missing_18_matched_TS_and_offcycle_state_certificates,unresolved,,unresolved,,,
Mn_bipyridine_pnnoh_iPr,Mn,bipyridine_pnnoh,iPr,360.0,0.025,0.05,toluene,True,1;3;5,blocked_missing_18_matched_TS_and_offcycle_state_certificates,unresolved,,unresolved,,,
Mn_bipyridine_pnnoh_iPr,Mn,bipyridine_pnnoh,iPr,360.0,0.05,0.05,toluene,True,1;3;5,blocked_missing_18_matched_TS_and_offcycle_state_certificates,unresolved,,unresolved,,,
Mn_bipyridine_pnnoh_iPr,Mn,bipyridine_pnnoh,iPr,360.0,0.1,0.05,toluene,True,1;3;5,blocked_missing_18_matched_TS_and_offcycle_state_certificates,unresolved,,unresolved,,,
Mn_bipyridine_pnnoh_iPr,Mn,bipyridine_pnnoh,iPr,360.0,0.2,0.05,toluene,True,1;3;5,blocked_missing_18_matched_TS_and_offcycle_state_certificates,unresolved,,unresolved,,,
Mn_bipyridine_pnnoh_iPr,Mn,bipyridine_pnnoh,iPr,370.0,0.01,0.05,toluene,True,1;3;5,blocked_missing_18_matched_TS_and_offcycle_state_certificates,unresolved,,unresolved,,,
Mn_bipyridine_pnnoh_iPr,Mn,bipyridine_pnnoh,iPr,370.0,0.025,0.05,toluene,True,1;3;5,blocked_missing_18_matched_TS_and_offcycle_state_certificates,unresolved,,unresolved,,,
Mn_bipyridine_pnnoh_iPr,Mn,bipyridine_pnnoh,iPr,370.0,0.05,0.05,toluene,True,1;3;5,blocked_missing_18_matched_TS_and_offcycle_state_certificates,unresolved,,unresolved,,,
Mn_bipyridine_pnnoh_iPr,Mn,bipyridine_pnnoh,iPr,370.0,0.1,0.05,toluene,True,1;3;5,blocked_missing_18_matched_TS_and_offcycle_state_certificates,unresolved,,unresolved,,,
Mn_bipyridine_pnnoh_iPr,Mn,bipyridine_pnnoh,iPr,370.0,0.2,0.05,toluene,True,1;3;5,blocked_missing_18_matched_TS_and_offcycle_state_certificates,unresolved,,unresolved,,,
Mn_bipyridine_pnnoh_iPr,Mn,bipyridine_pnnoh,iPr,380.0,0.01,0.05,toluene,True,1;3;5,blocked_missing_18_matched_TS_and_offcycle_state_certificates,unresolved,,unresolved,,,
Mn_bipyridine_pnnoh_iPr,Mn,bipyridine_pnnoh,iPr,380.0,0.025,0.05,toluene,True,1;3;5,blocked_missing_18_matched_TS_and_offcycle_state_certificates,unresolved,,unresolved,,,
Mn_bipyridine_pnnoh_iPr,Mn,bipyridine_pnnoh,iPr,380.0,0.05,0.05,toluene,True,1;3;5,blocked_missing_18_matched_TS_and_offcycle_state_certificates,unresolved,,unresolved,,,
Mn_bipyridine_pnnoh_iPr,Mn,bipyridine_pnnoh,iPr,380.0,0.1,0.05,toluene,True,1;3;5,blocked_missing_18_matched_TS_and_offcycle_state_certificates,unresolved,,unresolved,,,
Mn_bipyridine_pnnoh_iPr,Mn,bipyridine_pnnoh,iPr,380.0,0.2,0.05,toluene,True,1;3;5,blocked_missing_18_matched_TS_and_offcycle_state_certificates,unresolved,,unresolved,,,
Mn_bipyridine_pnnoh_iPr,Mn,bipyridine_pnnoh,iPr,383.15,0.01,0.05,toluene,True,1;3;5,blocked_missing_18_matched_TS_and_offcycle_state_certificates,unresolved,,unresolved,,,
Mn_bipyridine_pnnoh_iPr,Mn,bipyridine_pnnoh,iPr,383.15,0.025,0.05,toluene,True,1;3;5,blocked_missing_18_matched_TS_and_offcycle_state_certificates,unresolved,,unresolved,,,
Mn_bipyridine_pnnoh_iPr,Mn,bipyridine_pnnoh,iPr,383.15,0.05,0.05,toluene,True,1;3;5,blocked_missing_18_matched_TS_and_offcycle_state_certificates,unresolved,,unresolved,,,
Mn_bipyridine_pnnoh_iPr,Mn,bipyridine_pnnoh,iPr,383.15,0.1,0.05,toluene,True,1;3;5,blocked_missing_18_matched_TS_and_offcycle_state_certificates,unresolved,,unresolved,,,
Mn_bipyridine_pnnoh_iPr,Mn,bipyridine_pnnoh,iPr,383.15,0.2,0.05,toluene,True,1;3;5,blocked_missing_18_matched_TS_and_offcycle_state_certificates,unresolved,,unresolved,,,
Mn_bipyridine_pnnoh_iPr,Mn,bipyridine_pnnoh,iPr,390.0,0.01,0.05,toluene,True,1;3;5,blocked_missing_18_matched_TS_and_offcycle_state_certificates,unresolved,,unresolved,,,
Mn_bipyridine_pnnoh_iPr,Mn,bipyridine_pnnoh,iPr,390.0,0.025,0.05,toluene,True,1;3;5,blocked_missing_18_matched_TS_and_offcycle_state_certificates,unresolved,,unresolved,,,
Mn_bipyridine_pnnoh_iPr,Mn,bipyridine_pnnoh,iPr,390.0,0.05,0.05,toluene,True,1;3;5,blocked_missing_18_matched_TS_and_offcycle_state_certificates,unresolved,,unresolved,,,
Mn_bipyridine_pnnoh_iPr,Mn,bipyridine_pnnoh,iPr,390.0,0.1,0.05,toluene,True,1;3;5,blocked_missing_18_matched_TS_and_offcycle_state_certificates,unresolved,,unresolved,,,
Mn_bipyridine_pnnoh_iPr,Mn,bipyridine_pnnoh,iPr,390.0,0.2,0.05,toluene,True,1;3;5,blocked_missing_18_matched_TS_and_offcycle_state_certificates,unresolved,,unresolved,,,
Mn_bipyridine_pnnoh_iPr,Mn,bipyridine_pnnoh,iPr,400.0,0.01,0.05,toluene,True,1;3;5,blocked_missing_18_matched_TS_and_offcycle_state_certificates,unresolved,,unresolved,,,
Mn_bipyridine_pnnoh_iPr,Mn,bipyridine_pnnoh,iPr,400.0,0.025,0.05,toluene,True,1;3;5,blocked_missing_18_matched_TS_and_offcycle_state_certificates,unresolved,,unresolved,,,
Mn_bipyridine_pnnoh_iPr,Mn,bipyridine_pnnoh,iPr,400.0,0.05,0.05,toluene,True,1;3;5,blocked_missing_18_matched_TS_and_offcycle_state_certificates,unresolved,,unresolved,,,
Mn_bipyridine_pnnoh_iPr,Mn,bipyridine_pnnoh,iPr,400.0,0.1,0.05,toluene,True,1;3;5,blocked_missing_18_matched_TS_and_offcycle_state_certificates,unresolved,,unresolved,,,
Mn_bipyridine_pnnoh_iPr,Mn,bipyridine_pnnoh,iPr,400.0,0.2,0.05,toluene,True,1;3;5,blocked_missing_18_matched_TS_and_offcycle_state_certificates,unresolved,,unresolved,,,
Mn_bipyridine_pnnoh_iPr,Mn,bipyridine_pnnoh,iPr,410.0,0.01,0.05,toluene,True,1;3;5,blocked_missing_18_matched_TS_and_offcycle_state_certificates,unresolved,,unresolved,,,
Mn_bipyridine_pnnoh_iPr,Mn,bipyridine_pnnoh,iPr,410.0,0.025,0.05,toluene,True,1;3;5,blocked_missing_18_matched_TS_and_offcycle_state_certificates,unresolved,,unresolved,,,
Mn_bipyridine_pnnoh_iPr,Mn,bipyridine_pnnoh,iPr,410.0,0.05,0.05,toluene,True,1;3;5,blocked_missing_18_matched_TS_and_offcycle_state_certificates,unresolved,,unresolved,,,
Mn_bipyridine_pnnoh_iPr,Mn,bipyridine_pnnoh,iPr,410.0,0.1,0.05,toluene,True,1;3;5,blocked_missing_18_matched_TS_and_offcycle_state_certificates,unresolved,,unresolved,,,
Mn_bipyridine_pnnoh_iPr,Mn,bipyridine_pnnoh,iPr,410.0,0.2,0.05,toluene,True,1;3;5,blocked_missing_18_matched_TS_and_offcycle_state_certificates,unresolved,,unresolved,,,
Mn_bipyridine_pnnoh_iPr,Mn,bipyridine_pnnoh,iPr,420.0,0.01,0.05,toluene,True,1;3;5,blocked_missing_18_matched_TS_and_offcycle_state_certificates,unresolved,,unresolved,,,
Mn_bipyridine_pnnoh_iPr,Mn,bipyridine_pnnoh,iPr,420.0,0.025,0.05,toluene,True,1;3;5,blocked_missing_18_matched_TS_and_offcycle_state_certificates,unresolved,,unresolved,,,
Mn_bipyridine_pnnoh_iPr,Mn,bipyridine_pnnoh,iPr,420.0,0.05,0.05,toluene,True,1;3;5,blocked_missing_18_matched_TS_and_offcycle_state_certificates,unresolved,,unresolved,,,
Mn_bipyridine_pnnoh_iPr,Mn,bipyridine_pnnoh,iPr,420.0,0.1,0.05,toluene,True,1;3;5,blocked_missing_18_matched_TS_and_offcycle_state_certificates,unresolved,,unresolved,,,
Mn_bipyridine_pnnoh_iPr,Mn,bipyridine_pnnoh,iPr,420.0,0.2,0.05,toluene,True,1;3;5,blocked_missing_18_matched_TS_and_offcycle_state_certificates,unresolved,,unresolved,,,
Fe_macho_pnp_Ph,Fe,macho_pnp,Ph,360.0,0.01,0.05,toluene,True,1;3;5,blocked_missing_18_matched_TS_and_offcycle_state_certificates,unresolved,,unresolved,,,
Fe_macho_pnp_Ph,Fe,macho_pnp,Ph,360.0,0.025,0.05,toluene,True,1;3;5,blocked_missing_18_matched_TS_and_offcycle_state_certificates,unresolved,,unresolved,,,
Fe_macho_pnp_Ph,Fe,macho_pnp,Ph,360.0,0.05,0.05,toluene,True,1;3;5,blocked_missing_18_matched_TS_and_offcycle_state_certificates,unresolved,,unresolved,,,
Fe_macho_pnp_Ph,Fe,macho_pnp,Ph,360.0,0.1,0.05,toluene,True,1;3;5,blocked_missing_18_matched_TS_and_offcycle_state_certificates,unresolved,,unresolved,,,
Fe_macho_pnp_Ph,Fe,macho_pnp,Ph,360.0,0.2,0.05,toluene,True,1;3;5,blocked_missing_18_matched_TS_and_offcycle_state_certificates,unresolved,,unresolved,,,
Fe_macho_pnp_Ph,Fe,macho_pnp,Ph,370.0,0.01,0.05,toluene,True,1;3;5,blocked_missing_18_matched_TS_and_offcycle_state_certificates,unresolved,,unresolved,,,
Fe_macho_pnp_Ph,Fe,macho_pnp,Ph,370.0,0.025,0.05,toluene,True,1;3;5,blocked_missing_18_matched_TS_and_offcycle_state_certificates,unresolved,,unresolved,,,
Fe_macho_pnp_Ph,Fe,macho_pnp,Ph,370.0,0.05,0.05,toluene,True,1;3;5,blocked_missing_18_matched_TS_and_offcycle_state_certificates,unresolved,,unresolved,,,
Fe_macho_pnp_Ph,Fe,macho_pnp,Ph,370.0,0.1,0.05,toluene,True,1;3;5,blocked_missing_18_matched_TS_and_offcycle_state_certificates,unresolved,,unresolved,,,
Fe_macho_pnp_Ph,Fe,macho_pnp,Ph,370.0,0.2,0.05,toluene,True,1;3;5,blocked_missing_18_matched_TS_and_offcycle_state_certificates,unresolved,,unresolved,,,
Fe_macho_pnp_Ph,Fe,macho_pnp,Ph,380.0,0.01,0.05,toluene,True,1;3;5,blocked_missing_18_matched_TS_and_offcycle_state_certificates,unresolved,,unresolved,,,
Fe_macho_pnp_Ph,Fe,macho_pnp,Ph,380.0,0.025,0.05,toluene,True,1;3;5,blocked_missing_18_matched_TS_and_offcycle_state_certificates,unresolved,,unresolved,,,
Fe_macho_pnp_Ph,Fe,macho_pnp,Ph,380.0,0.05,0.05,toluene,True,1;3;5,blocked_missing_18_matched_TS_and_offcycle_state_certificates,unresolved,,unresolved,,,
Fe_macho_pnp_Ph,Fe,macho_pnp,Ph,380.0,0.1,0.05,toluene,True,1;3;5,blocked_missing_18_matched_TS_and_offcycle_state_certificates,unresolved,,unresolved,,,
Fe_macho_pnp_Ph,Fe,macho_pnp,Ph,380.0,0.2,0.05,toluene,True,1;3;5,blocked_missing_18_matched_TS_and_offcycle_state_certificates,unresolved,,unresolved,,,
Fe_macho_pnp_Ph,Fe,macho_pnp,Ph,383.15,0.01,0.05,toluene,True,1;3;5,blocked_missing_18_matched_TS_and_offcycle_state_certificates,unresolved,,unresolved,,,
Fe_macho_pnp_Ph,Fe,macho_pnp,Ph,383.15,0.025,0.05,toluene,True,1;3;5,blocked_missing_18_matched_TS_and_offcycle_state_certificates,unresolved,,unresolved,,,
Fe_macho_pnp_Ph,Fe,macho_pnp,Ph,383.15,0.05,0.05,toluene,True,1;3;5,blocked_missing_18_matched_TS_and_offcycle_state_certificates,unresolved,,unresolved,,,
Fe_macho_pnp_Ph,Fe,macho_pnp,Ph,383.15,0.1,0.05,toluene,True,1;3;5,blocked_missing_18_matched_TS_and_offcycle_state_certificates,unresolved,,unresolved,,,
Fe_macho_pnp_Ph,Fe,macho_pnp,Ph,383.15,0.2,0.05,toluene,True,1;3;5,blocked_missing_18_matched_TS_and_offcycle_state_certificates,unresolved,,unresolved,,,
Fe_macho_pnp_Ph,Fe,macho_pnp,Ph,390.0,0.01,0.05,toluene,True,1;3;5,blocked_missing_18_matched_TS_and_offcycle_state_certificates,unresolved,,unresolved,,,
Fe_macho_pnp_Ph,Fe,macho_pnp,Ph,390.0,0.025,0.05,toluene,True,1;3;5,blocked_missing_18_matched_TS_and_offcycle_state_certificates,unresolved,,unresolved,,,
Fe_macho_pnp_Ph,Fe,macho_pnp,Ph,390.0,0.05,0.05,toluene,True,1;3;5,blocked_missing_18_matched_TS_and_offcycle_state_certificates,unresolved,,unresolved,,,
Fe_macho_pnp_Ph,Fe,macho_pnp,Ph,390.0,0.1,0.05,toluene,True,1;3;5,blocked_missing_18_matched_TS_and_offcycle_state_certificates,unresolved,,unresolved,,,
Fe_macho_pnp_Ph,Fe,macho_pnp,Ph,390.0,0.2,0.05,toluene,True,1;3;5,blocked_missing_18_matched_TS_and_offcycle_state_certificates,unresolved,,unresolved,,,
Fe_macho_pnp_Ph,Fe,macho_pnp,Ph,400.0,0.01,0.05,toluene,True,1;3;5,blocked_missing_18_matched_TS_and_offcycle_state_certificates,unresolved,,unresolved,,,
Fe_macho_pnp_Ph,Fe,macho_pnp,Ph,400.0,0.025,0.05,toluene,True,1;3;5,blocked_missing_18_matched_TS_and_offcycle_state_certificates,unresolved,,unresolved,,,
Fe_macho_pnp_Ph,Fe,macho_pnp,Ph,400.0,0.05,0.05,toluene,True,1;3;5,blocked_missing_18_matched_TS_and_offcycle_state_certificates,unresolved,,unresolved,,,
Fe_macho_pnp_Ph,Fe,macho_pnp,Ph,400.0,0.1,0.05,toluene,True,1;3;5,blocked_missing_18_matched_TS_and_offcycle_state_certificates,unresolved,,unresolved,,,
Fe_macho_pnp_Ph,Fe,macho_pnp,Ph,400.0,0.2,0.05,toluene,True,1;3;5,blocked_missing_18_matched_TS_and_offcycle_state_certificates,unresolved,,unresolved,,,
Fe_macho_pnp_Ph,Fe,macho_pnp,Ph,410.0,0.01,0.05,toluene,True,1;3;5,blocked_missing_18_matched_TS_and_offcycle_state_certificates,unresolved,,unresolved,,,
Fe_macho_pnp_Ph,Fe,macho_pnp,Ph,410.0,0.025,0.05,toluene,True,1;3;5,blocked_missing_18_matched_TS_and_offcycle_state_certificates,unresolved,,unresolved,,,
Fe_macho_pnp_Ph,Fe,macho_pnp,Ph,410.0,0.05,0.05,toluene,True,1;3;5,blocked_missing_18_matched_TS_and_offcycle_state_certificates,unresolved,,unresolved,,,
Fe_macho_pnp_Ph,Fe,macho_pnp,Ph,410.0,0.1,0.05,toluene,True,1;3;5,blocked_missing_18_matched_TS_and_offcycle_state_certificates,unresolved,,unresolved,,,
Fe_macho_pnp_Ph,Fe,macho_pnp,Ph,410.0,0.2,0.05,toluene,True,1;3;5,blocked_missing_18_matched_TS_and_offcycle_state_certificates,unresolved,,unresolved,,,
Fe_macho_pnp_Ph,Fe,macho_pnp,Ph,420.0,0.01,0.05,toluene,True,1;3;5,blocked_missing_18_matched_TS_and_offcycle_state_certificates,unresolved,,unresolved,,,
Fe_macho_pnp_Ph,Fe,macho_pnp,Ph,420.0,0.025,0.05,toluene,True,1;3;5,blocked_missing_18_matched_TS_and_offcycle_state_certificates,unresolved,,unresolved,,,
Fe_macho_pnp_Ph,Fe,macho_pnp,Ph,420.0,0.05,0.05,toluene,True,1;3;5,blocked_missing_18_matched_TS_and_offcycle_state_certificates,unresolved,,unresolved,,,
Fe_macho_pnp_Ph,Fe,macho_pnp,Ph,420.0,0.1,0.05,toluene,True,1;3;5,blocked_missing_18_matched_TS_and_offcycle_state_certificates,unresolved,,unresolved,,,
Fe_macho_pnp_Ph,Fe,macho_pnp,Ph,420.0,0.2,0.05,toluene,True,1;3;5,blocked_missing_18_matched_TS_and_offcycle_state_certificates,unresolved,,unresolved,,,
Fe_macho_pnp_iPr,Fe,macho_pnp,iPr,360.0,0.01,0.05,toluene,True,1;3;5,blocked_missing_18_matched_TS_and_offcycle_state_certificates,unresolved,,unresolved,,,
Fe_macho_pnp_iPr,Fe,macho_pnp,iPr,360.0,0.025,0.05,toluene,True,1;3;5,blocked_missing_18_matched_TS_and_offcycle_state_certificates,unresolved,,unresolved,,,
Fe_macho_pnp_iPr,Fe,macho_pnp,iPr,360.0,0.05,0.05,toluene,True,1;3;5,blocked_missing_18_matched_TS_and_offcycle_state_certificates,unresolved,,unresolved,,,
Fe_macho_pnp_iPr,Fe,macho_pnp,iPr,360.0,0.1,0.05,toluene,True,1;3;5,blocked_missing_18_matched_TS_and_offcycle_state_certificates,unresolved,,unresolved,,,
Fe_macho_pnp_iPr,Fe,macho_pnp,iPr,360.0,0.2,0.05,toluene,True,1;3;5,blocked_missing_18_matched_TS_and_offcycle_state_certificates,unresolved,,unresolved,,,
Fe_macho_pnp_iPr,Fe,macho_pnp,iPr,370.0,0.01,0.05,toluene,True,1;3;5,blocked_missing_18_matched_TS_and_offcycle_state_certificates,unresolved,,unresolved,,,
Fe_macho_pnp_iPr,Fe,macho_pnp,iPr,370.0,0.025,0.05,toluene,True,1;3;5,blocked_missing_18_matched_TS_and_offcycle_state_certificates,unresolved,,unresolved,,,
Fe_macho_pnp_iPr,Fe,macho_pnp,iPr,370.0,0.05,0.05,toluene,True,1;3;5,blocked_missing_18_matched_TS_and_offcycle_state_certificates,unresolved,,unresolved,,,
Fe_macho_pnp_iPr,Fe,macho_pnp,iPr,370.0,0.1,0.05,toluene,True,1;3;5,blocked_missing_18_matched_TS_and_offcycle_state_certificates,unresolved,,unresolved,,,
Fe_macho_pnp_iPr,Fe,macho_pnp,iPr,370.0,0.2,0.05,toluene,True,1;3;5,blocked_missing_18_matched_TS_and_offcycle_state_certificates,unresolved,,unresolved,,,
Fe_macho_pnp_iPr,Fe,macho_pnp,iPr,380.0,0.01,0.05,toluene,True,1;3;5,blocked_missing_18_matched_TS_and_offcycle_state_certificates,unresolved,,unresolved,,,
Fe_macho_pnp_iPr,Fe,macho_pnp,iPr,380.0,0.025,0.05,toluene,True,1;3;5,blocked_missing_18_matched_TS_and_offcycle_state_certificates,unresolved,,unresolved,,,
Fe_macho_pnp_iPr,Fe,macho_pnp,iPr,380.0,0.05,0.05,toluene,True,1;3;5,blocked_missing_18_matched_TS_and_offcycle_state_certificates,unresolved,,unresolved,,,
Fe_macho_pnp_iPr,Fe,macho_pnp,iPr,380.0,0.1,0.05,toluene,True,1;3;5,blocked_missing_18_matched_TS_and_offcycle_state_certificates,unresolved,,unresolved,,,
Fe_macho_pnp_iPr,Fe,macho_pnp,iPr,380.0,0.2,0.05,toluene,True,1;3;5,blocked_missing_18_matched_TS_and_offcycle_state_certificates,unresolved,,unresolved,,,
Fe_macho_pnp_iPr,Fe,macho_pnp,iPr,383.15,0.01,0.05,toluene,True,1;3;5,blocked_missing_18_matched_TS_and_offcycle_state_certificates,unresolved,,unresolved,,,
Fe_macho_pnp_iPr,Fe,macho_pnp,iPr,383.15,0.025,0.05,toluene,True,1;3;5,blocked_missing_18_matched_TS_and_offcycle_state_certificates,unresolved,,unresolved,,,
Fe_macho_pnp_iPr,Fe,macho_pnp,iPr,383.15,0.05,0.05,toluene,True,1;3;5,blocked_missing_18_matched_TS_and_offcycle_state_certificates,unresolved,,unresolved,,,
Fe_macho_pnp_iPr,Fe,macho_pnp,iPr,383.15,0.1,0.05,toluene,True,1;3;5,blocked_missing_18_matched_TS_and_offcycle_state_certificates,unresolved,,unresolved,,,
Fe_macho_pnp_iPr,Fe,macho_pnp,iPr,383.15,0.2,0.05,toluene,True,1;3;5,blocked_missing_18_matched_TS_and_offcycle_state_certificates,unresolved,,unresolved,,,
Fe_macho_pnp_iPr,Fe,macho_pnp,iPr,390.0,0.01,0.05,toluene,True,1;3;5,blocked_missing_18_matched_TS_and_offcycle_state_certificates,unresolved,,unresolved,,,
Fe_macho_pnp_iPr,Fe,macho_pnp,iPr,390.0,0.025,0.05,toluene,True,1;3;5,blocked_missing_18_matched_TS_and_offcycle_state_certificates,unresolved,,unresolved,,,
Fe_macho_pnp_iPr,Fe,macho_pnp,iPr,390.0,0.05,0.05,toluene,True,1;3;5,blocked_missing_18_matched_TS_and_offcycle_state_certificates,unresolved,,unresolved,,,
Fe_macho_pnp_iPr,Fe,macho_pnp,iPr,390.0,0.1,0.05,toluene,True,1;3;5,blocked_missing_18_matched_TS_and_offcycle_state_certificates,unresolved,,unresolved,,,
Fe_macho_pnp_iPr,Fe,macho_pnp,iPr,390.0,0.2,0.05,toluene,True,1;3;5,blocked_missing_18_matched_TS_and_offcycle_state_certificates,unresolved,,unresolved,,,
Fe_macho_pnp_iPr,Fe,macho_pnp,iPr,400.0,0.01,0.05,toluene,True,1;3;5,blocked_missing_18_matched_TS_and_offcycle_state_certificates,unresolved,,unresolved,,,
Fe_macho_pnp_iPr,Fe,macho_pnp,iPr,400.0,0.025,0.05,toluene,True,1;3;5,blocked_missing_18_matched_TS_and_offcycle_state_certificates,unresolved,,unresolved,,,
Fe_macho_pnp_iPr,Fe,macho_pnp,iPr,400.0,0.05,0.05,toluene,True,1;3;5,blocked_missing_18_matched_TS_and_offcycle_state_certificates,unresolved,,unresolved,,,
Fe_macho_pnp_iPr,Fe,macho_pnp,iPr,400.0,0.1,0.05,toluene,True,1;3;5,blocked_missing_18_matched_TS_and_offcycle_state_certificates,unresolved,,unresolved,,,
Fe_macho_pnp_iPr,Fe,macho_pnp,iPr,400.0,0.2,0.05,toluene,True,1;3;5,blocked_missing_18_matched_TS_and_offcycle_state_certificates,unresolved,,unresolved,,,
Fe_macho_pnp_iPr,Fe,macho_pnp,iPr,410.0,0.01,0.05,toluene,True,1;3;5,blocked_missing_18_matched_TS_and_offcycle_state_certificates,unresolved,,unresolved,,,
Fe_macho_pnp_iPr,Fe,macho_pnp,iPr,410.0,0.025,0.05,toluene,True,1;3;5,blocked_missing_18_matched_TS_and_offcycle_state_certificates,unresolved,,unresolved,,,
Fe_macho_pnp_iPr,Fe,macho_pnp,iPr,410.0,0.05,0.05,toluene,True,1;3;5,blocked_missing_18_matched_TS_and_offcycle_state_certificates,unresolved,,unresolved,,,
Fe_macho_pnp_iPr,Fe,macho_pnp,iPr,410.0,0.1,0.05,toluene,True,1;3;5,blocked_missing_18_matched_TS_and_offcycle_state_certificates,unresolved,,unresolved,,,
Fe_macho_pnp_iPr,Fe,macho_pnp,iPr,410.0,0.2,0.05,toluene,True,1;3;5,blocked_missing_18_matched_TS_and_offcycle_state_certificates,unresolved,,unresolved,,,
Fe_macho_pnp_iPr,Fe,macho_pnp,iPr,420.0,0.01,0.05,toluene,True,1;3;5,blocked_missing_18_matched_TS_and_offcycle_state_certificates,unresolved,,unresolved,,,
Fe_macho_pnp_iPr,Fe,macho_pnp,iPr,420.0,0.025,0.05,toluene,True,1;3;5,blocked_missing_18_matched_TS_and_offcycle_state_certificates,unresolved,,unresolved,,,
Fe_macho_pnp_iPr,Fe,macho_pnp,iPr,420.0,0.05,0.05,toluene,True,1;3;5,blocked_missing_18_matched_TS_and_offcycle_state_certificates,unresolved,,unresolved,,,
Fe_macho_pnp_iPr,Fe,macho_pnp,iPr,420.0,0.1,0.05,toluene,True,1;3;5,blocked_missing_18_matched_TS_and_offcycle_state_certificates,unresolved,,unresolved,,,
Fe_macho_pnp_iPr,Fe,macho_pnp,iPr,420.0,0.2,0.05,toluene,True,1;3;5,blocked_missing_18_matched_TS_and_offcycle_state_certificates,unresolved,,unresolved,,,
Fe_pyridine_pnn_Ph,Fe,pyridine_pnn,Ph,360.0,0.01,0.05,toluene,True,1;3;5,blocked_missing_18_matched_TS_and_offcycle_state_certificates,unresolved,,unresolved,,,
Fe_pyridine_pnn_Ph,Fe,pyridine_pnn,Ph,360.0,0.025,0.05,toluene,True,1;3;5,blocked_missing_18_matched_TS_and_offcycle_state_certificates,unresolved,,unresolved,,,
Fe_pyridine_pnn_Ph,Fe,pyridine_pnn,Ph,360.0,0.05,0.05,toluene,True,1;3;5,blocked_missing_18_matched_TS_and_offcycle_state_certificates,unresolved,,unresolved,,,
Fe_pyridine_pnn_Ph,Fe,pyridine_pnn,Ph,360.0,0.1,0.05,toluene,True,1;3;5,blocked_missing_18_matched_TS_and_offcycle_state_certificates,unresolved,,unresolved,,,
Fe_pyridine_pnn_Ph,Fe,pyridine_pnn,Ph,360.0,0.2,0.05,toluene,True,1;3;5,blocked_missing_18_matched_TS_and_offcycle_state_certificates,unresolved,,unresolved,,,
Fe_pyridine_pnn_Ph,Fe,pyridine_pnn,Ph,370.0,0.01,0.05,toluene,True,1;3;5,blocked_missing_18_matched_TS_and_offcycle_state_certificates,unresolved,,unresolved,,,
Fe_pyridine_pnn_Ph,Fe,pyridine_pnn,Ph,370.0,0.025,0.05,toluene,True,1;3;5,blocked_missing_18_matched_TS_and_offcycle_state_certificates,unresolved,,unresolved,,,
Fe_pyridine_pnn_Ph,Fe,pyridine_pnn,Ph,370.0,0.05,0.05,toluene,True,1;3;5,blocked_missing_18_matched_TS_and_offcycle_state_certificates,unresolved,,unresolved,,,
Fe_pyridine_pnn_Ph,Fe,pyridine_pnn,Ph,370.0,0.1,0.05,toluene,True,1;3;5,blocked_missing_18_matched_TS_and_offcycle_state_certificates,unresolved,,unresolved,,,
Fe_pyridine_pnn_Ph,Fe,pyridine_pnn,Ph,370.0,0.2,0.05,toluene,True,1;3;5,blocked_missing_18_matched_TS_and_offcycle_state_certificates,unresolved,,unresolved,,,
Fe_pyridine_pnn_Ph,Fe,pyridine_pnn,Ph,380.0,0.01,0.05,toluene,True,1;3;5,blocked_missing_18_matched_TS_and_offcycle_state_certificates,unresolved,,unresolved,,,
Fe_pyridine_pnn_Ph,Fe,pyridine_pnn,Ph,380.0,0.025,0.05,toluene,True,1;3;5,blocked_missing_18_matched_TS_and_offcycle_state_certificates,unresolved,,unresolved,,,
Fe_pyridine_pnn_Ph,Fe,pyridine_pnn,Ph,380.0,0.05,0.05,toluene,True,1;3;5,blocked_missing_18_matched_TS_and_offcycle_state_certificates,unresolved,,unresolved,,,
Fe_pyridine_pnn_Ph,Fe,pyridine_pnn,Ph,380.0,0.1,0.05,toluene,True,1;3;5,blocked_missing_18_matched_TS_and_offcycle_state_certificates,unresolved,,unresolved,,,
Fe_pyridine_pnn_Ph,Fe,pyridine_pnn,Ph,380.0,0.2,0.05,toluene,True,1;3;5,blocked_missing_18_matched_TS_and_offcycle_state_certificates,unresolved,,unresolved,,,
Fe_pyridine_pnn_Ph,Fe,pyridine_pnn,Ph,383.15,0.01,0.05,toluene,True,1;3;5,blocked_missing_18_matched_TS_and_offcycle_state_certificates,unresolved,,unresolved,,,
Fe_pyridine_pnn_Ph,Fe,pyridine_pnn,Ph,383.15,0.025,0.05,toluene,True,1;3;5,blocked_missing_18_matched_TS_and_offcycle_state_certificates,unresolved,,unresolved,,,
Fe_pyridine_pnn_Ph,Fe,pyridine_pnn,Ph,383.15,0.05,0.05,toluene,True,1;3;5,blocked_missing_18_matched_TS_and_offcycle_state_certificates,unresolved,,unresolved,,,
Fe_pyridine_pnn_Ph,Fe,pyridine_pnn,Ph,383.15,0.1,0.05,toluene,True,1;3;5,blocked_missing_18_matched_TS_and_offcycle_state_certificates,unresolved,,unresolved,,,
Fe_pyridine_pnn_Ph,Fe,pyridine_pnn,Ph,383.15,0.2,0.05,toluene,True,1;3;5,blocked_missing_18_matched_TS_and_offcycle_state_certificates,unresolved,,unresolved,,,
Fe_pyridine_pnn_Ph,Fe,pyridine_pnn,Ph,390.0,0.01,0.05,toluene,True,1;3;5,blocked_missing_18_matched_TS_and_offcycle_state_certificates,unresolved,,unresolved,,,
Fe_pyridine_pnn_Ph,Fe,pyridine_pnn,Ph,390.0,0.025,0.05,toluene,True,1;3;5,blocked_missing_18_matched_TS_and_offcycle_state_certificates,unresolved,,unresolved,,,
Fe_pyridine_pnn_Ph,Fe,pyridine_pnn,Ph,390.0,0.05,0.05,toluene,True,1;3;5,blocked_missing_18_matched_TS_and_offcycle_state_certificates,unresolved,,unresolved,,,
Fe_pyridine_pnn_Ph,Fe,pyridine_pnn,Ph,390.0,0.1,0.05,toluene,True,1;3;5,blocked_missing_18_matched_TS_and_offcycle_state_certificates,unresolved,,unresolved,,,
Fe_pyridine_pnn_Ph,Fe,pyridine_pnn,Ph,390.0,0.2,0.05,toluene,True,1;3;5,blocked_missing_18_matched_TS_and_offcycle_state_certificates,unresolved,,unresolved,,,
Fe_pyridine_pnn_Ph,Fe,pyridine_pnn,Ph,400.0,0.01,0.05,toluene,True,1;3;5,blocked_missing_18_matched_TS_and_offcycle_state_certificates,unresolved,,unresolved,,,
Fe_pyridine_pnn_Ph,Fe,pyridine_pnn,Ph,400.0,0.025,0.05,toluene,True,1;3;5,blocked_missing_18_matched_TS_and_offcycle_state_certificates,unresolved,,unresolved,,,
Fe_pyridine_pnn_Ph,Fe,pyridine_pnn,Ph,400.0,0.05,0.05,toluene,True,1;3;5,blocked_missing_18_matched_TS_and_offcycle_state_certificates,unresolved,,unresolved,,,
Fe_pyridine_pnn_Ph,Fe,pyridine_pnn,Ph,400.0,0.1,0.05,toluene,True,1;3;5,blocked_missing_18_matched_TS_and_offcycle_state_certificates,unresolved,,unresolved,,,
Fe_pyridine_pnn_Ph,Fe,pyridine_pnn,Ph,400.0,0.2,0.05,toluene,True,1;3;5,blocked_missing_18_matched_TS_and_offcycle_state_certificates,unresolved,,unresolved,,,
Fe_pyridine_pnn_Ph,Fe,pyridine_pnn,Ph,410.0,0.01,0.05,toluene,True,1;3;5,blocked_missing_18_matched_TS_and_offcycle_state_certificates,unresolved,,unresolved,,,
Fe_pyridine_pnn_Ph,Fe,pyridine_pnn,Ph,410.0,0.025,0.05,toluene,True,1;3;5,blocked_missing_18_matched_TS_and_offcycle_state_certificates,unresolved,,unresolved,,,
Fe_pyridine_pnn_Ph,Fe,pyridine_pnn,Ph,410.0,0.05,0.05,toluene,True,1;3;5,blocked_missing_18_matched_TS_and_offcycle_state_certificates,unresolved,,unresolved,,,
Fe_pyridine_pnn_Ph,Fe,pyridine_pnn,Ph,410.0,0.1,0.05,toluene,True,1;3;5,blocked_missing_18_matched_TS_and_offcycle_state_certificates,unresolved,,unresolved,,,
Fe_pyridine_pnn_Ph,Fe,pyridine_pnn,Ph,410.0,0.2,0.05,toluene,True,1;3;5,blocked_missing_18_matched_TS_and_offcycle_state_certificates,unresolved,,unresolved,,,
Fe_pyridine_pnn_Ph,Fe,pyridine_pnn,Ph,420.0,0.01,0.05,toluene,True,1;3;5,blocked_missing_18_matched_TS_and_offcycle_state_certificates,unresolved,,unresolved,,,
Fe_pyridine_pnn_Ph,Fe,pyridine_pnn,Ph,420.0,0.025,0.05,toluene,True,1;3;5,blocked_missing_18_matched_TS_and_offcycle_state_certificates,unresolved,,unresolved,,,
Fe_pyridine_pnn_Ph,Fe,pyridine_pnn,Ph,420.0,0.05,0.05,toluene,True,1;3;5,blocked_missing_18_matched_TS_and_offcycle_state_certificates,unresolved,,unresolved,,,
Fe_pyridine_pnn_Ph,Fe,pyridine_pnn,Ph,420.0,0.1,0.05,toluene,True,1;3;5,blocked_missing_18_matched_TS_and_offcycle_state_certificates,unresolved,,unresolved,,,
Fe_pyridine_pnn_Ph,Fe,pyridine_pnn,Ph,420.0,0.2,0.05,toluene,True,1;3;5,blocked_missing_18_matched_TS_and_offcycle_state_certificates,unresolved,,unresolved,,,
Fe_pyridine_pnn_iPr,Fe,pyridine_pnn,iPr,360.0,0.01,0.05,toluene,True,1;3;5,blocked_missing_18_matched_TS_and_offcycle_state_certificates,unresolved,,unresolved,,,
Fe_pyridine_pnn_iPr,Fe,pyridine_pnn,iPr,360.0,0.025,0.05,toluene,True,1;3;5,blocked_missing_18_matched_TS_and_offcycle_state_certificates,unresolved,,unresolved,,,
Fe_pyridine_pnn_iPr,Fe,pyridine_pnn,iPr,360.0,0.05,0.05,toluene,True,1;3;5,blocked_missing_18_matched_TS_and_offcycle_state_certificates,unresolved,,unresolved,,,
Fe_pyridine_pnn_iPr,Fe,pyridine_pnn,iPr,360.0,0.1,0.05,toluene,True,1;3;5,blocked_missing_18_matched_TS_and_offcycle_state_certificates,unresolved,,unresolved,,,
Fe_pyridine_pnn_iPr,Fe,pyridine_pnn,iPr,360.0,0.2,0.05,toluene,True,1;3;5,blocked_missing_18_matched_TS_and_offcycle_state_certificates,unresolved,,unresolved,,,
Fe_pyridine_pnn_iPr,Fe,pyridine_pnn,iPr,370.0,0.01,0.05,toluene,True,1;3;5,blocked_missing_18_matched_TS_and_offcycle_state_certificates,unresolved,,unresolved,,,
Fe_pyridine_pnn_iPr,Fe,pyridine_pnn,iPr,370.0,0.025,0.05,toluene,True,1;3;5,blocked_missing_18_matched_TS_and_offcycle_state_certificates,unresolved,,unresolved,,,
Fe_pyridine_pnn_iPr,Fe,pyridine_pnn,iPr,370.0,0.05,0.05,toluene,True,1;3;5,blocked_missing_18_matched_TS_and_offcycle_state_certificates,unresolved,,unresolved,,,
Fe_pyridine_pnn_iPr,Fe,pyridine_pnn,iPr,370.0,0.1,0.05,toluene,True,1;3;5,blocked_missing_18_matched_TS_and_offcycle_state_certificates,unresolved,,unresolved,,,
Fe_pyridine_pnn_iPr,Fe,pyridine_pnn,iPr,370.0,0.2,0.05,toluene,True,1;3;5,blocked_missing_18_matched_TS_and_offcycle_state_certificates,unresolved,,unresolved,,,
Fe_pyridine_pnn_iPr,Fe,pyridine_pnn,iPr,380.0,0.01,0.05,toluene,True,1;3;5,blocked_missing_18_matched_TS_and_offcycle_state_certificates,unresolved,,unresolved,,,
Fe_pyridine_pnn_iPr,Fe,pyridine_pnn,iPr,380.0,0.025,0.05,toluene,True,1;3;5,blocked_missing_18_matched_TS_and_offcycle_state_certificates,unresolved,,unresolved,,,
Fe_pyridine_pnn_iPr,Fe,pyridine_pnn,iPr,380.0,0.05,0.05,toluene,True,1;3;5,blocked_missing_18_matched_TS_and_offcycle_state_certificates,unresolved,,unresolved,,,
Fe_pyridine_pnn_iPr,Fe,pyridine_pnn,iPr,380.0,0.1,0.05,toluene,True,1;3;5,blocked_missing_18_matched_TS_and_offcycle_state_certificates,unresolved,,unresolved,,,
Fe_pyridine_pnn_iPr,Fe,pyridine_pnn,iPr,380.0,0.2,0.05,toluene,True,1;3;5,blocked_missing_18_matched_TS_and_offcycle_state_certificates,unresolved,,unresolved,,,
Fe_pyridine_pnn_iPr,Fe,pyridine_pnn,iPr,383.15,0.01,0.05,toluene,True,1;3;5,blocked_missing_18_matched_TS_and_offcycle_state_certificates,unresolved,,unresolved,,,
Fe_pyridine_pnn_iPr,Fe,pyridine_pnn,iPr,383.15,0.025,0.05,toluene,True,1;3;5,blocked_missing_18_matched_TS_and_offcycle_state_certificates,unresolved,,unresolved,,,
Fe_pyridine_pnn_iPr,Fe,pyridine_pnn,iPr,383.15,0.05,0.05,toluene,True,1;3;5,blocked_missing_18_matched_TS_and_offcycle_state_certificates,unresolved,,unresolved,,,
Fe_pyridine_pnn_iPr,Fe,pyridine_pnn,iPr,383.15,0.1,0.05,toluene,True,1;3;5,blocked_missing_18_matched_TS_and_offcycle_state_certificates,unresolved,,unresolved,,,
Fe_pyridine_pnn_iPr,Fe,pyridine_pnn,iPr,383.15,0.2,0.05,toluene,True,1;3;5,blocked_missing_18_matched_TS_and_offcycle_state_certificates,unresolved,,unresolved,,,
Fe_pyridine_pnn_iPr,Fe,pyridine_pnn,iPr,390.0,0.01,0.05,toluene,True,1;3;5,blocked_missing_18_matched_TS_and_offcycle_state_certificates,unresolved,,unresolved,,,
Fe_pyridine_pnn_iPr,Fe,pyridine_pnn,iPr,390.0,0.025,0.05,toluene,True,1;3;5,blocked_missing_18_matched_TS_and_offcycle_state_certificates,unresolved,,unresolved,,,
Fe_pyridine_pnn_iPr,Fe,pyridine_pnn,iPr,390.0,0.05,0.05,toluene,True,1;3;5,blocked_missing_18_matched_TS_and_offcycle_state_certificates,unresolved,,unresolved,,,
Fe_pyridine_pnn_iPr,Fe,pyridine_pnn,iPr,390.0,0.1,0.05,toluene,True,1;3;5,blocked_missing_18_matched_TS_and_offcycle_state_certificates,unresolved,,unresolved,,,
Fe_pyridine_pnn_iPr,Fe,pyridine_pnn,iPr,390.0,0.2,0.05,toluene,True,1;3;5,blocked_missing_18_matched_TS_and_offcycle_state_certificates,unresolved,,unresolved,,,
Fe_pyridine_pnn_iPr,Fe,pyridine_pnn,iPr,400.0,0.01,0.05,toluene,True,1;3;5,blocked_missing_18_matched_TS_and_offcycle_state_certificates,unresolved,,unresolved,,,
Fe_pyridine_pnn_iPr,Fe,pyridine_pnn,iPr,400.0,0.025,0.05,toluene,True,1;3;5,blocked_missing_18_matched_TS_and_offcycle_state_certificates,unresolved,,unresolved,,,
Fe_pyridine_pnn_iPr,Fe,pyridine_pnn,iPr,400.0,0.05,0.05,toluene,True,1;3;5,blocked_missing_18_matched_TS_and_offcycle_state_certificates,unresolved,,unresolved,,,
Fe_pyridine_pnn_iPr,Fe,pyridine_pnn,iPr,400.0,0.1,0.05,toluene,True,1;3;5,blocked_missing_18_matched_TS_and_offcycle_state_certificates,unresolved,,unresolved,,,
Fe_pyridine_pnn_iPr,Fe,pyridine_pnn,iPr,400.0,0.2,0.05,toluene,True,1;3;5,blocked_missing_18_matched_TS_and_offcycle_state_certificates,unresolved,,unresolved,,,
Fe_pyridine_pnn_iPr,Fe,pyridine_pnn,iPr,410.0,0.01,0.05,toluene,True,1;3;5,blocked_missing_18_matched_TS_and_offcycle_state_certificates,unresolved,,unresolved,,,
Fe_pyridine_pnn_iPr,Fe,pyridine_pnn,iPr,410.0,0.025,0.05,toluene,True,1;3;5,blocked_missing_18_matched_TS_and_offcycle_state_certificates,unresolved,,unresolved,,,
Fe_pyridine_pnn_iPr,Fe,pyridine_pnn,iPr,410.0,0.05,0.05,toluene,True,1;3;5,blocked_missing_18_matched_TS_and_offcycle_state_certificates,unresolved,,unresolved,,,
Fe_pyridine_pnn_iPr,Fe,pyridine_pnn,iPr,410.0,0.1,0.05,toluene,True,1;3;5,blocked_missing_18_matched_TS_and_offcycle_state_certificates,unresolved,,unresolved,,,
Fe_pyridine_pnn_iPr,Fe,pyridine_pnn,iPr,410.0,0.2,0.05,toluene,True,1;3;5,blocked_missing_18_matched_TS_and_offcycle_state_certificates,unresolved,,unresolved,,,
Fe_pyridine_pnn_iPr,Fe,pyridine_pnn,iPr,420.0,0.01,0.05,toluene,True,1;3;5,blocked_missing_18_matched_TS_and_offcycle_state_certificates,unresolved,,unresolved,,,
Fe_pyridine_pnn_iPr,Fe,pyridine_pnn,iPr,420.0,0.025,0.05,toluene,True,1;3;5,blocked_missing_18_matched_TS_and_offcycle_state_certificates,unresolved,,unresolved,,,
Fe_pyridine_pnn_iPr,Fe,pyridine_pnn,iPr,420.0,0.05,0.05,toluene,True,1;3;5,blocked_missing_18_matched_TS_and_offcycle_state_certificates,unresolved,,unresolved,,,
Fe_pyridine_pnn_iPr,Fe,pyridine_pnn,iPr,420.0,0.1,0.05,toluene,True,1;3;5,blocked_missing_18_matched_TS_and_offcycle_state_certificates,unresolved,,unresolved,,,
Fe_pyridine_pnn_iPr,Fe,pyridine_pnn,iPr,420.0,0.2,0.05,toluene,True,1;3;5,blocked_missing_18_matched_TS_and_offcycle_state_certificates,unresolved,,unresolved,,,
Fe_bipyridine_pnnoh_Ph,Fe,bipyridine_pnnoh,Ph,360.0,0.01,0.05,toluene,True,1;3;5,blocked_missing_18_matched_TS_and_offcycle_state_certificates,unresolved,,unresolved,,,
Fe_bipyridine_pnnoh_Ph,Fe,bipyridine_pnnoh,Ph,360.0,0.025,0.05,toluene,True,1;3;5,blocked_missing_18_matched_TS_and_offcycle_state_certificates,unresolved,,unresolved,,,
Fe_bipyridine_pnnoh_Ph,Fe,bipyridine_pnnoh,Ph,360.0,0.05,0.05,toluene,True,1;3;5,blocked_missing_18_matched_TS_and_offcycle_state_certificates,unresolved,,unresolved,,,
Fe_bipyridine_pnnoh_Ph,Fe,bipyridine_pnnoh,Ph,360.0,0.1,0.05,toluene,True,1;3;5,blocked_missing_18_matched_TS_and_offcycle_state_certificates,unresolved,,unresolved,,,
Fe_bipyridine_pnnoh_Ph,Fe,bipyridine_pnnoh,Ph,360.0,0.2,0.05,toluene,True,1;3;5,blocked_missing_18_matched_TS_and_offcycle_state_certificates,unresolved,,unresolved,,,
Fe_bipyridine_pnnoh_Ph,Fe,bipyridine_pnnoh,Ph,370.0,0.01,0.05,toluene,True,1;3;5,blocked_missing_18_matched_TS_and_offcycle_state_certificates,unresolved,,unresolved,,,
Fe_bipyridine_pnnoh_Ph,Fe,bipyridine_pnnoh,Ph,370.0,0.025,0.05,toluene,True,1;3;5,blocked_missing_18_matched_TS_and_offcycle_state_certificates,unresolved,,unresolved,,,
Fe_bipyridine_pnnoh_Ph,Fe,bipyridine_pnnoh,Ph,370.0,0.05,0.05,toluene,True,1;3;5,blocked_missing_18_matched_TS_and_offcycle_state_certificates,unresolved,,unresolved,,,
Fe_bipyridine_pnnoh_Ph,Fe,bipyridine_pnnoh,Ph,370.0,0.1,0.05,toluene,True,1;3;5,blocked_missing_18_matched_TS_and_offcycle_state_certificates,unresolved,,unresolved,,,
Fe_bipyridine_pnnoh_Ph,Fe,bipyridine_pnnoh,Ph,370.0,0.2,0.05,toluene,True,1;3;5,blocked_missing_18_matched_TS_and_offcycle_state_certificates,unresolved,,unresolved,,,
Fe_bipyridine_pnnoh_Ph,Fe,bipyridine_pnnoh,Ph,380.0,0.01,0.05,toluene,True,1;3;5,blocked_missing_18_matched_TS_and_offcycle_state_certificates,unresolved,,unresolved,,,
Fe_bipyridine_pnnoh_Ph,Fe,bipyridine_pnnoh,Ph,380.0,0.025,0.05,toluene,True,1;3;5,blocked_missing_18_matched_TS_and_offcycle_state_certificates,unresolved,,unresolved,,,
Fe_bipyridine_pnnoh_Ph,Fe,bipyridine_pnnoh,Ph,380.0,0.05,0.05,toluene,True,1;3;5,blocked_missing_18_matched_TS_and_offcycle_state_certificates,unresolved,,unresolved,,,
Fe_bipyridine_pnnoh_Ph,Fe,bipyridine_pnnoh,Ph,380.0,0.1,0.05,toluene,True,1;3;5,blocked_missing_18_matched_TS_and_offcycle_state_certificates,unresolved,,unresolved,,,
Fe_bipyridine_pnnoh_Ph,Fe,bipyridine_pnnoh,Ph,380.0,0.2,0.05,toluene,True,1;3;5,blocked_missing_18_matched_TS_and_offcycle_state_certificates,unresolved,,unresolved,,,
Fe_bipyridine_pnnoh_Ph,Fe,bipyridine_pnnoh,Ph,383.15,0.01,0.05,toluene,True,1;3;5,blocked_missing_18_matched_TS_and_offcycle_state_certificates,unresolved,,unresolved,,,
Fe_bipyridine_pnnoh_Ph,Fe,bipyridine_pnnoh,Ph,383.15,0.025,0.05,toluene,True,1;3;5,blocked_missing_18_matched_TS_and_offcycle_state_certificates,unresolved,,unresolved,,,
Fe_bipyridine_pnnoh_Ph,Fe,bipyridine_pnnoh,Ph,383.15,0.05,0.05,toluene,True,1;3;5,blocked_missing_18_matched_TS_and_offcycle_state_certificates,unresolved,,unresolved,,,
Fe_bipyridine_pnnoh_Ph,Fe,bipyridine_pnnoh,Ph,383.15,0.1,0.05,toluene,True,1;3;5,blocked_missing_18_matched_TS_and_offcycle_state_certificates,unresolved,,unresolved,,,
Fe_bipyridine_pnnoh_Ph,Fe,bipyridine_pnnoh,Ph,383.15,0.2,0.05,toluene,True,1;3;5,blocked_missing_18_matched_TS_and_offcycle_state_certificates,unresolved,,unresolved,,,
Fe_bipyridine_pnnoh_Ph,Fe,bipyridine_pnnoh,Ph,390.0,0.01,0.05,toluene,True,1;3;5,blocked_missing_18_matched_TS_and_offcycle_state_certificates,unresolved,,unresolved,,,
Fe_bipyridine_pnnoh_Ph,Fe,bipyridine_pnnoh,Ph,390.0,0.025,0.05,toluene,True,1;3;5,blocked_missing_18_matched_TS_and_offcycle_state_certificates,unresolved,,unresolved,,,
Fe_bipyridine_pnnoh_Ph,Fe,bipyridine_pnnoh,Ph,390.0,0.05,0.05,toluene,True,1;3;5,blocked_missing_18_matched_TS_and_offcycle_state_certificates,unresolved,,unresolved,,,
Fe_bipyridine_pnnoh_Ph,Fe,bipyridine_pnnoh,Ph,390.0,0.1,0.05,toluene,True,1;3;5,blocked_missing_18_matched_TS_and_offcycle_state_certificates,unresolved,,unresolved,,,
Fe_bipyridine_pnnoh_Ph,Fe,bipyridine_pnnoh,Ph,390.0,0.2,0.05,toluene,True,1;3;5,blocked_missing_18_matched_TS_and_offcycle_state_certificates,unresolved,,unresolved,,,
Fe_bipyridine_pnnoh_Ph,Fe,bipyridine_pnnoh,Ph,400.0,0.01,0.05,toluene,True,1;3;5,blocked_missing_18_matched_TS_and_offcycle_state_certificates,unresolved,,unresolved,,,
Fe_bipyridine_pnnoh_Ph,Fe,bipyridine_pnnoh,Ph,400.0,0.025,0.05,toluene,True,1;3;5,blocked_missing_18_matched_TS_and_offcycle_state_certificates,unresolved,,unresolved,,,
Fe_bipyridine_pnnoh_Ph,Fe,bipyridine_pnnoh,Ph,400.0,0.05,0.05,toluene,True,1;3;5,blocked_missing_18_matched_TS_and_offcycle_state_certificates,unresolved,,unresolved,,,
Fe_bipyridine_pnnoh_Ph,Fe,bipyridine_pnnoh,Ph,400.0,0.1,0.05,toluene,True,1;3;5,blocked_missing_18_matched_TS_and_offcycle_state_certificates,unresolved,,unresolved,,,
Fe_bipyridine_pnnoh_Ph,Fe,bipyridine_pnnoh,Ph,400.0,0.2,0.05,toluene,True,1;3;5,blocked_missing_18_matched_TS_and_offcycle_state_certificates,unresolved,,unresolved,,,
Fe_bipyridine_pnnoh_Ph,Fe,bipyridine_pnnoh,Ph,410.0,0.01,0.05,toluene,True,1;3;5,blocked_missing_18_matched_TS_and_offcycle_state_certificates,unresolved,,unresolved,,,
Fe_bipyridine_pnnoh_Ph,Fe,bipyridine_pnnoh,Ph,410.0,0.025,0.05,toluene,True,1;3;5,blocked_missing_18_matched_TS_and_offcycle_state_certificates,unresolved,,unresolved,,,
Fe_bipyridine_pnnoh_Ph,Fe,bipyridine_pnnoh,Ph,410.0,0.05,0.05,toluene,True,1;3;5,blocked_missing_18_matched_TS_and_offcycle_state_certificates,unresolved,,unresolved,,,
Fe_bipyridine_pnnoh_Ph,Fe,bipyridine_pnnoh,Ph,410.0,0.1,0.05,toluene,True,1;3;5,blocked_missing_18_matched_TS_and_offcycle_state_certificates,unresolved,,unresolved,,,
Fe_bipyridine_pnnoh_Ph,Fe,bipyridine_pnnoh,Ph,410.0,0.2,0.05,toluene,True,1;3;5,blocked_missing_18_matched_TS_and_offcycle_state_certificates,unresolved,,unresolved,,,
Fe_bipyridine_pnnoh_Ph,Fe,bipyridine_pnnoh,Ph,420.0,0.01,0.05,toluene,True,1;3;5,blocked_missing_18_matched_TS_and_offcycle_state_certificates,unresolved,,unresolved,,,
Fe_bipyridine_pnnoh_Ph,Fe,bipyridine_pnnoh,Ph,420.0,0.025,0.05,toluene,True,1;3;5,blocked_missing_18_matched_TS_and_offcycle_state_certificates,unresolved,,unresolved,,,
Fe_bipyridine_pnnoh_Ph,Fe,bipyridine_pnnoh,Ph,420.0,0.05,0.05,toluene,True,1;3;5,blocked_missing_18_matched_TS_and_offcycle_state_certificates,unresolved,,unresolved,,,
Fe_bipyridine_pnnoh_Ph,Fe,bipyridine_pnnoh,Ph,420.0,0.1,0.05,toluene,True,1;3;5,blocked_missing_18_matched_TS_and_offcycle_state_certificates,unresolved,,unresolved,,,
Fe_bipyridine_pnnoh_Ph,Fe,bipyridine_pnnoh,Ph,420.0,0.2,0.05,toluene,True,1;3;5,blocked_missing_18_matched_TS_and_offcycle_state_certificates,unresolved,,unresolved,,,
Fe_bipyridine_pnnoh_iPr,Fe,bipyridine_pnnoh,iPr,360.0,0.01,0.05,toluene,True,1;3;5,blocked_missing_18_matched_TS_and_offcycle_state_certificates,unresolved,,unresolved,,,
Fe_bipyridine_pnnoh_iPr,Fe,bipyridine_pnnoh,iPr,360.0,0.025,0.05,toluene,True,1;3;5,blocked_missing_18_matched_TS_and_offcycle_state_certificates,unresolved,,unresolved,,,
Fe_bipyridine_pnnoh_iPr,Fe,bipyridine_pnnoh,iPr,360.0,0.05,0.05,toluene,True,1;3;5,blocked_missing_18_matched_TS_and_offcycle_state_certificates,unresolved,,unresolved,,,
Fe_bipyridine_pnnoh_iPr,Fe,bipyridine_pnnoh,iPr,360.0,0.1,0.05,toluene,True,1;3;5,blocked_missing_18_matched_TS_and_offcycle_state_certificates,unresolved,,unresolved,,,
Fe_bipyridine_pnnoh_iPr,Fe,bipyridine_pnnoh,iPr,360.0,0.2,0.05,toluene,True,1;3;5,blocked_missing_18_matched_TS_and_offcycle_state_certificates,unresolved,,unresolved,,,
Fe_bipyridine_pnnoh_iPr,Fe,bipyridine_pnnoh,iPr,370.0,0.01,0.05,toluene,True,1;3;5,blocked_missing_18_matched_TS_and_offcycle_state_certificates,unresolved,,unresolved,,,
Fe_bipyridine_pnnoh_iPr,Fe,bipyridine_pnnoh,iPr,370.0,0.025,0.05,toluene,True,1;3;5,blocked_missing_18_matched_TS_and_offcycle_state_certificates,unresolved,,unresolved,,,
Fe_bipyridine_pnnoh_iPr,Fe,bipyridine_pnnoh,iPr,370.0,0.05,0.05,toluene,True,1;3;5,blocked_missing_18_matched_TS_and_offcycle_state_certificates,unresolved,,unresolved,,,
Fe_bipyridine_pnnoh_iPr,Fe,bipyridine_pnnoh,iPr,370.0,0.1,0.05,toluene,True,1;3;5,blocked_missing_18_matched_TS_and_offcycle_state_certificates,unresolved,,unresolved,,,
Fe_bipyridine_pnnoh_iPr,Fe,bipyridine_pnnoh,iPr,370.0,0.2,0.05,toluene,True,1;3;5,blocked_missing_18_matched_TS_and_offcycle_state_certificates,unresolved,,unresolved,,,
Fe_bipyridine_pnnoh_iPr,Fe,bipyridine_pnnoh,iPr,380.0,0.01,0.05,toluene,True,1;3;5,blocked_missing_18_matched_TS_and_offcycle_state_certificates,unresolved,,unresolved,,,
Fe_bipyridine_pnnoh_iPr,Fe,bipyridine_pnnoh,iPr,380.0,0.025,0.05,toluene,True,1;3;5,blocked_missing_18_matched_TS_and_offcycle_state_certificates,unresolved,,unresolved,,,
Fe_bipyridine_pnnoh_iPr,Fe,bipyridine_pnnoh,iPr,380.0,0.05,0.05,toluene,True,1;3;5,blocked_missing_18_matched_TS_and_offcycle_state_certificates,unresolved,,unresolved,,,
Fe_bipyridine_pnnoh_iPr,Fe,bipyridine_pnnoh,iPr,380.0,0.1,0.05,toluene,True,1;3;5,blocked_missing_18_matched_TS_and_offcycle_state_certificates,unresolved,,unresolved,,,
Fe_bipyridine_pnnoh_iPr,Fe,bipyridine_pnnoh,iPr,380.0,0.2,0.05,toluene,True,1;3;5,blocked_missing_18_matched_TS_and_offcycle_state_certificates,unresolved,,unresolved,,,
Fe_bipyridine_pnnoh_iPr,Fe,bipyridine_pnnoh,iPr,383.15,0.01,0.05,toluene,True,1;3;5,blocked_missing_18_matched_TS_and_offcycle_state_certificates,unresolved,,unresolved,,,
Fe_bipyridine_pnnoh_iPr,Fe,bipyridine_pnnoh,iPr,383.15,0.025,0.05,toluene,True,1;3;5,blocked_missing_18_matched_TS_and_offcycle_state_certificates,unresolved,,unresolved,,,
Fe_bipyridine_pnnoh_iPr,Fe,bipyridine_pnnoh,iPr,383.15,0.05,0.05,toluene,True,1;3;5,blocked_missing_18_matched_TS_and_offcycle_state_certificates,unresolved,,unresolved,,,
Fe_bipyridine_pnnoh_iPr,Fe,bipyridine_pnnoh,iPr,383.15,0.1,0.05,toluene,True,1;3;5,blocked_missing_18_matched_TS_and_offcycle_state_certificates,unresolved,,unresolved,,,
Fe_bipyridine_pnnoh_iPr,Fe,bipyridine_pnnoh,iPr,383.15,0.2,0.05,toluene,True,1;3;5,blocked_missing_18_matched_TS_and_offcycle_state_certificates,unresolved,,unresolved,,,
Fe_bipyridine_pnnoh_iPr,Fe,bipyridine_pnnoh,iPr,390.0,0.01,0.05,toluene,True,1;3;5,blocked_missing_18_matched_TS_and_offcycle_state_certificates,unresolved,,unresolved,,,
Fe_bipyridine_pnnoh_iPr,Fe,bipyridine_pnnoh,iPr,390.0,0.025,0.05,toluene,True,1;3;5,blocked_missing_18_matched_TS_and_offcycle_state_certificates,unresolved,,unresolved,,,
Fe_bipyridine_pnnoh_iPr,Fe,bipyridine_pnnoh,iPr,390.0,0.05,0.05,toluene,True,1;3;5,blocked_missing_18_matched_TS_and_offcycle_state_certificates,unresolved,,unresolved,,,
Fe_bipyridine_pnnoh_iPr,Fe,bipyridine_pnnoh,iPr,390.0,0.1,0.05,toluene,True,1;3;5,blocked_missing_18_matched_TS_and_offcycle_state_certificates,unresolved,,unresolved,,,
Fe_bipyridine_pnnoh_iPr,Fe,bipyridine_pnnoh,iPr,390.0,0.2,0.05,toluene,True,1;3;5,blocked_missing_18_matched_TS_and_offcycle_state_certificates,unresolved,,unresolved,,,
Fe_bipyridine_pnnoh_iPr,Fe,bipyridine_pnnoh,iPr,400.0,0.01,0.05,toluene,True,1;3;5,blocked_missing_18_matched_TS_and_offcycle_state_certificates,unresolved,,unresolved,,,
Fe_bipyridine_pnnoh_iPr,Fe,bipyridine_pnnoh,iPr,400.0,0.025,0.05,toluene,True,1;3;5,blocked_missing_18_matched_TS_and_offcycle_state_certificates,unresolved,,unresolved,,,
Fe_bipyridine_pnnoh_iPr,Fe,bipyridine_pnnoh,iPr,400.0,0.05,0.05,toluene,True,1;3;5,blocked_missing_18_matched_TS_and_offcycle_state_certificates,unresolved,,unresolved,,,
Fe_bipyridine_pnnoh_iPr,Fe,bipyridine_pnnoh,iPr,400.0,0.1,0.05,toluene,True,1;3;5,blocked_missing_18_matched_TS_and_offcycle_state_certificates,unresolved,,unresolved,,,
Fe_bipyridine_pnnoh_iPr,Fe,bipyridine_pnnoh,iPr,400.0,0.2,0.05,toluene,True,1;3;5,blocked_missing_18_matched_TS_and_offcycle_state_certificates,unresolved,,unresolved,,,
Fe_bipyridine_pnnoh_iPr,Fe,bipyridine_pnnoh,iPr,410.0,0.01,0.05,toluene,True,1;3;5,blocked_missing_18_matched_TS_and_offcycle_state_certificates,unresolved,,unresolved,,,
Fe_bipyridine_pnnoh_iPr,Fe,bipyridine_pnnoh,iPr,410.0,0.025,0.05,toluene,True,1;3;5,blocked_missing_18_matched_TS_and_offcycle_state_certificates,unresolved,,unresolved,,,
Fe_bipyridine_pnnoh_iPr,Fe,bipyridine_pnnoh,iPr,410.0,0.05,0.05,toluene,True,1;3;5,blocked_missing_18_matched_TS_and_offcycle_state_certificates,unresolved,,unresolved,,,
Fe_bipyridine_pnnoh_iPr,Fe,bipyridine_pnnoh,iPr,410.0,0.1,0.05,toluene,True,1;3;5,blocked_missing_18_matched_TS_and_offcycle_state_certificates,unresolved,,unresolved,,,
Fe_bipyridine_pnnoh_iPr,Fe,bipyridine_pnnoh,iPr,410.0,0.2,0.05,toluene,True,1;3;5,blocked_missing_18_matched_TS_and_offcycle_state_certificates,unresolved,,unresolved,,,
Fe_bipyridine_pnnoh_iPr,Fe,bipyridine_pnnoh,iPr,420.0,0.01,0.05,toluene,True,1;3;5,blocked_missing_18_matched_TS_and_offcycle_state_certificates,unresolved,,unresolved,,,
Fe_bipyridine_pnnoh_iPr,Fe,bipyridine_pnnoh,iPr,420.0,0.025,0.05,toluene,True,1;3;5,blocked_missing_18_matched_TS_and_offcycle_state_certificates,unresolved,,unresolved,,,
Fe_bipyridine_pnnoh_iPr,Fe,bipyridine_pnnoh,iPr,420.0,0.05,0.05,toluene,True,1;3;5,blocked_missing_18_matched_TS_and_offcycle_state_certificates,unresolved,,unresolved,,,
Fe_bipyridine_pnnoh_iPr,Fe,bipyridine_pnnoh,iPr,420.0,0.1,0.05,toluene,True,1;3;5,blocked_missing_18_matched_TS_and_offcycle_state_certificates,unresolved,,unresolved,,,
Fe_bipyridine_pnnoh_iPr,Fe,bipyridine_pnnoh,iPr,420.0,0.2,0.05,toluene,True,1;3;5,blocked_missing_18_matched_TS_and_offcycle_state_certificates,unresolved,,unresolved,,,
Co_macho_pnp_Ph,Co,macho_pnp,Ph,360.0,0.01,0.05,toluene,True,1;3;5,blocked_missing_18_matched_TS_and_offcycle_state_certificates,unresolved,,unresolved,,,
Co_macho_pnp_Ph,Co,macho_pnp,Ph,360.0,0.025,0.05,toluene,True,1;3;5,blocked_missing_18_matched_TS_and_offcycle_state_certificates,unresolved,,unresolved,,,
Co_macho_pnp_Ph,Co,macho_pnp,Ph,360.0,0.05,0.05,toluene,True,1;3;5,blocked_missing_18_matched_TS_and_offcycle_state_certificates,unresolved,,unresolved,,,
Co_macho_pnp_Ph,Co,macho_pnp,Ph,360.0,0.1,0.05,toluene,True,1;3;5,blocked_missing_18_matched_TS_and_offcycle_state_certificates,unresolved,,unresolved,,,
Co_macho_pnp_Ph,Co,macho_pnp,Ph,360.0,0.2,0.05,toluene,True,1;3;5,blocked_missing_18_matched_TS_and_offcycle_state_certificates,unresolved,,unresolved,,,
Co_macho_pnp_Ph,Co,macho_pnp,Ph,370.0,0.01,0.05,toluene,True,1;3;5,blocked_missing_18_matched_TS_and_offcycle_state_certificates,unresolved,,unresolved,,,
Co_macho_pnp_Ph,Co,macho_pnp,Ph,370.0,0.025,0.05,toluene,True,1;3;5,blocked_missing_18_matched_TS_and_offcycle_state_certificates,unresolved,,unresolved,,,
Co_macho_pnp_Ph,Co,macho_pnp,Ph,370.0,0.05,0.05,toluene,True,1;3;5,blocked_missing_18_matched_TS_and_offcycle_state_certificates,unresolved,,unresolved,,,
Co_macho_pnp_Ph,Co,macho_pnp,Ph,370.0,0.1,0.05,toluene,True,1;3;5,blocked_missing_18_matched_TS_and_offcycle_state_certificates,unresolved,,unresolved,,,
Co_macho_pnp_Ph,Co,macho_pnp,Ph,370.0,0.2,0.05,toluene,True,1;3;5,blocked_missing_18_matched_TS_and_offcycle_state_certificates,unresolved,,unresolved,,,
Co_macho_pnp_Ph,Co,macho_pnp,Ph,380.0,0.01,0.05,toluene,True,1;3;5,blocked_missing_18_matched_TS_and_offcycle_state_certificates,unresolved,,unresolved,,,
Co_macho_pnp_Ph,Co,macho_pnp,Ph,380.0,0.025,0.05,toluene,True,1;3;5,blocked_missing_18_matched_TS_and_offcycle_state_certificates,unresolved,,unresolved,,,
Co_macho_pnp_Ph,Co,macho_pnp,Ph,380.0,0.05,0.05,toluene,True,1;3;5,blocked_missing_18_matched_TS_and_offcycle_state_certificates,unresolved,,unresolved,,,
Co_macho_pnp_Ph,Co,macho_pnp,Ph,380.0,0.1,0.05,toluene,True,1;3;5,blocked_missing_18_matched_TS_and_offcycle_state_certificates,unresolved,,unresolved,,,
Co_macho_pnp_Ph,Co,macho_pnp,Ph,380.0,0.2,0.05,toluene,True,1;3;5,blocked_missing_18_matched_TS_and_offcycle_state_certificates,unresolved,,unresolved,,,
Co_macho_pnp_Ph,Co,macho_pnp,Ph,383.15,0.01,0.05,toluene,True,1;3;5,blocked_missing_18_matched_TS_and_offcycle_state_certificates,unresolved,,unresolved,,,
Co_macho_pnp_Ph,Co,macho_pnp,Ph,383.15,0.025,0.05,toluene,True,1;3;5,blocked_missing_18_matched_TS_and_offcycle_state_certificates,unresolved,,unresolved,,,
Co_macho_pnp_Ph,Co,macho_pnp,Ph,383.15,0.05,0.05,toluene,True,1;3;5,blocked_missing_18_matched_TS_and_offcycle_state_certificates,unresolved,,unresolved,,,
Co_macho_pnp_Ph,Co,macho_pnp,Ph,383.15,0.1,0.05,toluene,True,1;3;5,blocked_missing_18_matched_TS_and_offcycle_state_certificates,unresolved,,unresolved,,,
Co_macho_pnp_Ph,Co,macho_pnp,Ph,383.15,0.2,0.05,toluene,True,1;3;5,blocked_missing_18_matched_TS_and_offcycle_state_certificates,unresolved,,unresolved,,,
Co_macho_pnp_Ph,Co,macho_pnp,Ph,390.0,0.01,0.05,toluene,True,1;3;5,blocked_missing_18_matched_TS_and_offcycle_state_certificates,unresolved,,unresolved,,,
Co_macho_pnp_Ph,Co,macho_pnp,Ph,390.0,0.025,0.05,toluene,True,1;3;5,blocked_missing_18_matched_TS_and_offcycle_state_certificates,unresolved,,unresolved,,,
Co_macho_pnp_Ph,Co,macho_pnp,Ph,390.0,0.05,0.05,toluene,True,1;3;5,blocked_missing_18_matched_TS_and_offcycle_state_certificates,unresolved,,unresolved,,,
Co_macho_pnp_Ph,Co,macho_pnp,Ph,390.0,0.1,0.05,toluene,True,1;3;5,blocked_missing_18_matched_TS_and_offcycle_state_certificates,unresolved,,unresolved,,,
Co_macho_pnp_Ph,Co,macho_pnp,Ph,390.0,0.2,0.05,toluene,True,1;3;5,blocked_missing_18_matched_TS_and_offcycle_state_certificates,unresolved,,unresolved,,,
Co_macho_pnp_Ph,Co,macho_pnp,Ph,400.0,0.01,0.05,toluene,True,1;3;5,blocked_missing_18_matched_TS_and_offcycle_state_certificates,unresolved,,unresolved,,,
Co_macho_pnp_Ph,Co,macho_pnp,Ph,400.0,0.025,0.05,toluene,True,1;3;5,blocked_missing_18_matched_TS_and_offcycle_state_certificates,unresolved,,unresolved,,,
Co_macho_pnp_Ph,Co,macho_pnp,Ph,400.0,0.05,0.05,toluene,True,1;3;5,blocked_missing_18_matched_TS_and_offcycle_state_certificates,unresolved,,unresolved,,,
Co_macho_pnp_Ph,Co,macho_pnp,Ph,400.0,0.1,0.05,toluene,True,1;3;5,blocked_missing_18_matched_TS_and_offcycle_state_certificates,unresolved,,unresolved,,,
Co_macho_pnp_Ph,Co,macho_pnp,Ph,400.0,0.2,0.05,toluene,True,1;3;5,blocked_missing_18_matched_TS_and_offcycle_state_certificates,unresolved,,unresolved,,,
Co_macho_pnp_Ph,Co,macho_pnp,Ph,410.0,0.01,0.05,toluene,True,1;3;5,blocked_missing_18_matched_TS_and_offcycle_state_certificates,unresolved,,unresolved,,,
Co_macho_pnp_Ph,Co,macho_pnp,Ph,410.0,0.025,0.05,toluene,True,1;3;5,blocked_missing_18_matched_TS_and_offcycle_state_certificates,unresolved,,unresolved,,,
Co_macho_pnp_Ph,Co,macho_pnp,Ph,410.0,0.05,0.05,toluene,True,1;3;5,blocked_missing_18_matched_TS_and_offcycle_state_certificates,unresolved,,unresolved,,,
Co_macho_pnp_Ph,Co,macho_pnp,Ph,410.0,0.1,0.05,toluene,True,1;3;5,blocked_missing_18_matched_TS_and_offcycle_state_certificates,unresolved,,unresolved,,,
Co_macho_pnp_Ph,Co,macho_pnp,Ph,410.0,0.2,0.05,toluene,True,1;3;5,blocked_missing_18_matched_TS_and_offcycle_state_certificates,unresolved,,unresolved,,,
Co_macho_pnp_Ph,Co,macho_pnp,Ph,420.0,0.01,0.05,toluene,True,1;3;5,blocked_missing_18_matched_TS_and_offcycle_state_certificates,unresolved,,unresolved,,,
Co_macho_pnp_Ph,Co,macho_pnp,Ph,420.0,0.025,0.05,toluene,True,1;3;5,blocked_missing_18_matched_TS_and_offcycle_state_certificates,unresolved,,unresolved,,,
Co_macho_pnp_Ph,Co,macho_pnp,Ph,420.0,0.05,0.05,toluene,True,1;3;5,blocked_missing_18_matched_TS_and_offcycle_state_certificates,unresolved,,unresolved,,,
Co_macho_pnp_Ph,Co,macho_pnp,Ph,420.0,0.1,0.05,toluene,True,1;3;5,blocked_missing_18_matched_TS_and_offcycle_state_certificates,unresolved,,unresolved,,,
Co_macho_pnp_Ph,Co,macho_pnp,Ph,420.0,0.2,0.05,toluene,True,1;3;5,blocked_missing_18_matched_TS_and_offcycle_state_certificates,unresolved,,unresolved,,,
Co_macho_pnp_iPr,Co,macho_pnp,iPr,360.0,0.01,0.05,toluene,True,1;3;5,blocked_missing_18_matched_TS_and_offcycle_state_certificates,unresolved,,unresolved,,,
Co_macho_pnp_iPr,Co,macho_pnp,iPr,360.0,0.025,0.05,toluene,True,1;3;5,blocked_missing_18_matched_TS_and_offcycle_state_certificates,unresolved,,unresolved,,,
Co_macho_pnp_iPr,Co,macho_pnp,iPr,360.0,0.05,0.05,toluene,True,1;3;5,blocked_missing_18_matched_TS_and_offcycle_state_certificates,unresolved,,unresolved,,,
Co_macho_pnp_iPr,Co,macho_pnp,iPr,360.0,0.1,0.05,toluene,True,1;3;5,blocked_missing_18_matched_TS_and_offcycle_state_certificates,unresolved,,unresolved,,,
Co_macho_pnp_iPr,Co,macho_pnp,iPr,360.0,0.2,0.05,toluene,True,1;3;5,blocked_missing_18_matched_TS_and_offcycle_state_certificates,unresolved,,unresolved,,,
Co_macho_pnp_iPr,Co,macho_pnp,iPr,370.0,0.01,0.05,toluene,True,1;3;5,blocked_missing_18_matched_TS_and_offcycle_state_certificates,unresolved,,unresolved,,,
Co_macho_pnp_iPr,Co,macho_pnp,iPr,370.0,0.025,0.05,toluene,True,1;3;5,blocked_missing_18_matched_TS_and_offcycle_state_certificates,unresolved,,unresolved,,,
Co_macho_pnp_iPr,Co,macho_pnp,iPr,370.0,0.05,0.05,toluene,True,1;3;5,blocked_missing_18_matched_TS_and_offcycle_state_certificates,unresolved,,unresolved,,,
Co_macho_pnp_iPr,Co,macho_pnp,iPr,370.0,0.1,0.05,toluene,True,1;3;5,blocked_missing_18_matched_TS_and_offcycle_state_certificates,unresolved,,unresolved,,,
Co_macho_pnp_iPr,Co,macho_pnp,iPr,370.0,0.2,0.05,toluene,True,1;3;5,blocked_missing_18_matched_TS_and_offcycle_state_certificates,unresolved,,unresolved,,,
Co_macho_pnp_iPr,Co,macho_pnp,iPr,380.0,0.01,0.05,toluene,True,1;3;5,blocked_missing_18_matched_TS_and_offcycle_state_certificates,unresolved,,unresolved,,,
Co_macho_pnp_iPr,Co,macho_pnp,iPr,380.0,0.025,0.05,toluene,True,1;3;5,blocked_missing_18_matched_TS_and_offcycle_state_certificates,unresolved,,unresolved,,,
Co_macho_pnp_iPr,Co,macho_pnp,iPr,380.0,0.05,0.05,toluene,True,1;3;5,blocked_missing_18_matched_TS_and_offcycle_state_certificates,unresolved,,unresolved,,,
Co_macho_pnp_iPr,Co,macho_pnp,iPr,380.0,0.1,0.05,toluene,True,1;3;5,blocked_missing_18_matched_TS_and_offcycle_state_certificates,unresolved,,unresolved,,,
Co_macho_pnp_iPr,Co,macho_pnp,iPr,380.0,0.2,0.05,toluene,True,1;3;5,blocked_missing_18_matched_TS_and_offcycle_state_certificates,unresolved,,unresolved,,,
Co_macho_pnp_iPr,Co,macho_pnp,iPr,383.15,0.01,0.05,toluene,True,1;3;5,blocked_missing_18_matched_TS_and_offcycle_state_certificates,unresolved,,unresolved,,,
Co_macho_pnp_iPr,Co,macho_pnp,iPr,383.15,0.025,0.05,toluene,True,1;3;5,blocked_missing_18_matched_TS_and_offcycle_state_certificates,unresolved,,unresolved,,,
Co_macho_pnp_iPr,Co,macho_pnp,iPr,383.15,0.05,0.05,toluene,True,1;3;5,blocked_missing_18_matched_TS_and_offcycle_state_certificates,unresolved,,unresolved,,,
Co_macho_pnp_iPr,Co,macho_pnp,iPr,383.15,0.1,0.05,toluene,True,1;3;5,blocked_missing_18_matched_TS_and_offcycle_state_certificates,unresolved,,unresolved,,,
Co_macho_pnp_iPr,Co,macho_pnp,iPr,383.15,0.2,0.05,toluene,True,1;3;5,blocked_missing_18_matched_TS_and_offcycle_state_certificates,unresolved,,unresolved,,,
Co_macho_pnp_iPr,Co,macho_pnp,iPr,390.0,0.01,0.05,toluene,True,1;3;5,blocked_missing_18_matched_TS_and_offcycle_state_certificates,unresolved,,unresolved,,,
Co_macho_pnp_iPr,Co,macho_pnp,iPr,390.0,0.025,0.05,toluene,True,1;3;5,blocked_missing_18_matched_TS_and_offcycle_state_certificates,unresolved,,unresolved,,,
Co_macho_pnp_iPr,Co,macho_pnp,iPr,390.0,0.05,0.05,toluene,True,1;3;5,blocked_missing_18_matched_TS_and_offcycle_state_certificates,unresolved,,unresolved,,,
Co_macho_pnp_iPr,Co,macho_pnp,iPr,390.0,0.1,0.05,toluene,True,1;3;5,blocked_missing_18_matched_TS_and_offcycle_state_certificates,unresolved,,unresolved,,,
Co_macho_pnp_iPr,Co,macho_pnp,iPr,390.0,0.2,0.05,toluene,True,1;3;5,blocked_missing_18_matched_TS_and_offcycle_state_certificates,unresolved,,unresolved,,,
Co_macho_pnp_iPr,Co,macho_pnp,iPr,400.0,0.01,0.05,toluene,True,1;3;5,blocked_missing_18_matched_TS_and_offcycle_state_certificates,unresolved,,unresolved,,,
Co_macho_pnp_iPr,Co,macho_pnp,iPr,400.0,0.025,0.05,toluene,True,1;3;5,blocked_missing_18_matched_TS_and_offcycle_state_certificates,unresolved,,unresolved,,,
Co_macho_pnp_iPr,Co,macho_pnp,iPr,400.0,0.05,0.05,toluene,True,1;3;5,blocked_missing_18_matched_TS_and_offcycle_state_certificates,unresolved,,unresolved,,,
Co_macho_pnp_iPr,Co,macho_pnp,iPr,400.0,0.1,0.05,toluene,True,1;3;5,blocked_missing_18_matched_TS_and_offcycle_state_certificates,unresolved,,unresolved,,,
Co_macho_pnp_iPr,Co,macho_pnp,iPr,400.0,0.2,0.05,toluene,True,1;3;5,blocked_missing_18_matched_TS_and_offcycle_state_certificates,unresolved,,unresolved,,,
Co_macho_pnp_iPr,Co,macho_pnp,iPr,410.0,0.01,0.05,toluene,True,1;3;5,blocked_missing_18_matched_TS_and_offcycle_state_certificates,unresolved,,unresolved,,,
Co_macho_pnp_iPr,Co,macho_pnp,iPr,410.0,0.025,0.05,toluene,True,1;3;5,blocked_missing_18_matched_TS_and_offcycle_state_certificates,unresolved,,unresolved,,,
Co_macho_pnp_iPr,Co,macho_pnp,iPr,410.0,0.05,0.05,toluene,True,1;3;5,blocked_missing_18_matched_TS_and_offcycle_state_certificates,unresolved,,unresolved,,,
Co_macho_pnp_iPr,Co,macho_pnp,iPr,410.0,0.1,0.05,toluene,True,1;3;5,blocked_missing_18_matched_TS_and_offcycle_state_certificates,unresolved,,unresolved,,,
Co_macho_pnp_iPr,Co,macho_pnp,iPr,410.0,0.2,0.05,toluene,True,1;3;5,blocked_missing_18_matched_TS_and_offcycle_state_certificates,unresolved,,unresolved,,,
Co_macho_pnp_iPr,Co,macho_pnp,iPr,420.0,0.01,0.05,toluene,True,1;3;5,blocked_missing_18_matched_TS_and_offcycle_state_certificates,unresolved,,unresolved,,,
Co_macho_pnp_iPr,Co,macho_pnp,iPr,420.0,0.025,0.05,toluene,True,1;3;5,blocked_missing_18_matched_TS_and_offcycle_state_certificates,unresolved,,unresolved,,,
Co_macho_pnp_iPr,Co,macho_pnp,iPr,420.0,0.05,0.05,toluene,True,1;3;5,blocked_missing_18_matched_TS_and_offcycle_state_certificates,unresolved,,unresolved,,,
Co_macho_pnp_iPr,Co,macho_pnp,iPr,420.0,0.1,0.05,toluene,True,1;3;5,blocked_missing_18_matched_TS_and_offcycle_state_certificates,unresolved,,unresolved,,,
Co_macho_pnp_iPr,Co,macho_pnp,iPr,420.0,0.2,0.05,toluene,True,1;3;5,blocked_missing_18_matched_TS_and_offcycle_state_certificates,unresolved,,unresolved,,,
Co_pyridine_pnn_Ph,Co,pyridine_pnn,Ph,360.0,0.01,0.05,toluene,True,1;3;5,blocked_missing_18_matched_TS_and_offcycle_state_certificates,unresolved,,unresolved,,,
Co_pyridine_pnn_Ph,Co,pyridine_pnn,Ph,360.0,0.025,0.05,toluene,True,1;3;5,blocked_missing_18_matched_TS_and_offcycle_state_certificates,unresolved,,unresolved,,,
Co_pyridine_pnn_Ph,Co,pyridine_pnn,Ph,360.0,0.05,0.05,toluene,True,1;3;5,blocked_missing_18_matched_TS_and_offcycle_state_certificates,unresolved,,unresolved,,,
Co_pyridine_pnn_Ph,Co,pyridine_pnn,Ph,360.0,0.1,0.05,toluene,True,1;3;5,blocked_missing_18_matched_TS_and_offcycle_state_certificates,unresolved,,unresolved,,,
Co_pyridine_pnn_Ph,Co,pyridine_pnn,Ph,360.0,0.2,0.05,toluene,True,1;3;5,blocked_missing_18_matched_TS_and_offcycle_state_certificates,unresolved,,unresolved,,,
Co_pyridine_pnn_Ph,Co,pyridine_pnn,Ph,370.0,0.01,0.05,toluene,True,1;3;5,blocked_missing_18_matched_TS_and_offcycle_state_certificates,unresolved,,unresolved,,,
Co_pyridine_pnn_Ph,Co,pyridine_pnn,Ph,370.0,0.025,0.05,toluene,True,1;3;5,blocked_missing_18_matched_TS_and_offcycle_state_certificates,unresolved,,unresolved,,,
Co_pyridine_pnn_Ph,Co,pyridine_pnn,Ph,370.0,0.05,0.05,toluene,True,1;3;5,blocked_missing_18_matched_TS_and_offcycle_state_certificates,unresolved,,unresolved,,,
Co_pyridine_pnn_Ph,Co,pyridine_pnn,Ph,370.0,0.1,0.05,toluene,True,1;3;5,blocked_missing_18_matched_TS_and_offcycle_state_certificates,unresolved,,unresolved,,,
Co_pyridine_pnn_Ph,Co,pyridine_pnn,Ph,370.0,0.2,0.05,toluene,True,1;3;5,blocked_missing_18_matched_TS_and_offcycle_state_certificates,unresolved,,unresolved,,,
Co_pyridine_pnn_Ph,Co,pyridine_pnn,Ph,380.0,0.01,0.05,toluene,True,1;3;5,blocked_missing_18_matched_TS_and_offcycle_state_certificates,unresolved,,unresolved,,,
Co_pyridine_pnn_Ph,Co,pyridine_pnn,Ph,380.0,0.025,0.05,toluene,True,1;3;5,blocked_missing_18_matched_TS_and_offcycle_state_certificates,unresolved,,unresolved,,,
Co_pyridine_pnn_Ph,Co,pyridine_pnn,Ph,380.0,0.05,0.05,toluene,True,1;3;5,blocked_missing_18_matched_TS_and_offcycle_state_certificates,unresolved,,unresolved,,,
Co_pyridine_pnn_Ph,Co,pyridine_pnn,Ph,380.0,0.1,0.05,toluene,True,1;3;5,blocked_missing_18_matched_TS_and_offcycle_state_certificates,unresolved,,unresolved,,,
Co_pyridine_pnn_Ph,Co,pyridine_pnn,Ph,380.0,0.2,0.05,toluene,True,1;3;5,blocked_missing_18_matched_TS_and_offcycle_state_certificates,unresolved,,unresolved,,,
Co_pyridine_pnn_Ph,Co,pyridine_pnn,Ph,383.15,0.01,0.05,toluene,True,1;3;5,blocked_missing_18_matched_TS_and_offcycle_state_certificates,unresolved,,unresolved,,,
Co_pyridine_pnn_Ph,Co,pyridine_pnn,Ph,383.15,0.025,0.05,toluene,True,1;3;5,blocked_missing_18_matched_TS_and_offcycle_state_certificates,unresolved,,unresolved,,,
Co_pyridine_pnn_Ph,Co,pyridine_pnn,Ph,383.15,0.05,0.05,toluene,True,1;3;5,blocked_missing_18_matched_TS_and_offcycle_state_certificates,unresolved,,unresolved,,,
Co_pyridine_pnn_Ph,Co,pyridine_pnn,Ph,383.15,0.1,0.05,toluene,True,1;3;5,blocked_missing_18_matched_TS_and_offcycle_state_certificates,unresolved,,unresolved,,,
Co_pyridine_pnn_Ph,Co,pyridine_pnn,Ph,383.15,0.2,0.05,toluene,True,1;3;5,blocked_missing_18_matched_TS_and_offcycle_state_certificates,unresolved,,unresolved,,,
Co_pyridine_pnn_Ph,Co,pyridine_pnn,Ph,390.0,0.01,0.05,toluene,True,1;3;5,blocked_missing_18_matched_TS_and_offcycle_state_certificates,unresolved,,unresolved,,,
Co_pyridine_pnn_Ph,Co,pyridine_pnn,Ph,390.0,0.025,0.05,toluene,True,1;3;5,blocked_missing_18_matched_TS_and_offcycle_state_certificates,unresolved,,unresolved,,,
Co_pyridine_pnn_Ph,Co,pyridine_pnn,Ph,390.0,0.05,0.05,toluene,True,1;3;5,blocked_missing_18_matched_TS_and_offcycle_state_certificates,unresolved,,unresolved,,,
Co_pyridine_pnn_Ph,Co,pyridine_pnn,Ph,390.0,0.1,0.05,toluene,True,1;3;5,blocked_missing_18_matched_TS_and_offcycle_state_certificates,unresolved,,unresolved,,,
Co_pyridine_pnn_Ph,Co,pyridine_pnn,Ph,390.0,0.2,0.05,toluene,True,1;3;5,blocked_missing_18_matched_TS_and_offcycle_state_certificates,unresolved,,unresolved,,,
Co_pyridine_pnn_Ph,Co,pyridine_pnn,Ph,400.0,0.01,0.05,toluene,True,1;3;5,blocked_missing_18_matched_TS_and_offcycle_state_certificates,unresolved,,unresolved,,,
Co_pyridine_pnn_Ph,Co,pyridine_pnn,Ph,400.0,0.025,0.05,toluene,True,1;3;5,blocked_missing_18_matched_TS_and_offcycle_state_certificates,unresolved,,unresolved,,,
Co_pyridine_pnn_Ph,Co,pyridine_pnn,Ph,400.0,0.05,0.05,toluene,True,1;3;5,blocked_missing_18_matched_TS_and_offcycle_state_certificates,unresolved,,unresolved,,,
Co_pyridine_pnn_Ph,Co,pyridine_pnn,Ph,400.0,0.1,0.05,toluene,True,1;3;5,blocked_missing_18_matched_TS_and_offcycle_state_certificates,unresolved,,unresolved,,,
Co_pyridine_pnn_Ph,Co,pyridine_pnn,Ph,400.0,0.2,0.05,toluene,True,1;3;5,blocked_missing_18_matched_TS_and_offcycle_state_certificates,unresolved,,unresolved,,,
Co_pyridine_pnn_Ph,Co,pyridine_pnn,Ph,410.0,0.01,0.05,toluene,True,1;3;5,blocked_missing_18_matched_TS_and_offcycle_state_certificates,unresolved,,unresolved,,,
Co_pyridine_pnn_Ph,Co,pyridine_pnn,Ph,410.0,0.025,0.05,toluene,True,1;3;5,blocked_missing_18_matched_TS_and_offcycle_state_certificates,unresolved,,unresolved,,,
Co_pyridine_pnn_Ph,Co,pyridine_pnn,Ph,410.0,0.05,0.05,toluene,True,1;3;5,blocked_missing_18_matched_TS_and_offcycle_state_certificates,unresolved,,unresolved,,,
Co_pyridine_pnn_Ph,Co,pyridine_pnn,Ph,410.0,0.1,0.05,toluene,True,1;3;5,blocked_missing_18_matched_TS_and_offcycle_state_certificates,unresolved,,unresolved,,,
Co_pyridine_pnn_Ph,Co,pyridine_pnn,Ph,410.0,0.2,0.05,toluene,True,1;3;5,blocked_missing_18_matched_TS_and_offcycle_state_certificates,unresolved,,unresolved,,,
Co_pyridine_pnn_Ph,Co,pyridine_pnn,Ph,420.0,0.01,0.05,toluene,True,1;3;5,blocked_missing_18_matched_TS_and_offcycle_state_certificates,unresolved,,unresolved,,,
Co_pyridine_pnn_Ph,Co,pyridine_pnn,Ph,420.0,0.025,0.05,toluene,True,1;3;5,blocked_missing_18_matched_TS_and_offcycle_state_certificates,unresolved,,unresolved,,,
Co_pyridine_pnn_Ph,Co,pyridine_pnn,Ph,420.0,0.05,0.05,toluene,True,1;3;5,blocked_missing_18_matched_TS_and_offcycle_state_certificates,unresolved,,unresolved,,,
Co_pyridine_pnn_Ph,Co,pyridine_pnn,Ph,420.0,0.1,0.05,toluene,True,1;3;5,blocked_missing_18_matched_TS_and_offcycle_state_certificates,unresolved,,unresolved,,,
Co_pyridine_pnn_Ph,Co,pyridine_pnn,Ph,420.0,0.2,0.05,toluene,True,1;3;5,blocked_missing_18_matched_TS_and_offcycle_state_certificates,unresolved,,unresolved,,,
Co_pyridine_pnn_iPr,Co,pyridine_pnn,iPr,360.0,0.01,0.05,toluene,True,1;3;5,blocked_missing_18_matched_TS_and_offcycle_state_certificates,unresolved,,unresolved,,,
Co_pyridine_pnn_iPr,Co,pyridine_pnn,iPr,360.0,0.025,0.05,toluene,True,1;3;5,blocked_missing_18_matched_TS_and_offcycle_state_certificates,unresolved,,unresolved,,,
Co_pyridine_pnn_iPr,Co,pyridine_pnn,iPr,360.0,0.05,0.05,toluene,True,1;3;5,blocked_missing_18_matched_TS_and_offcycle_state_certificates,unresolved,,unresolved,,,
Co_pyridine_pnn_iPr,Co,pyridine_pnn,iPr,360.0,0.1,0.05,toluene,True,1;3;5,blocked_missing_18_matched_TS_and_offcycle_state_certificates,unresolved,,unresolved,,,
Co_pyridine_pnn_iPr,Co,pyridine_pnn,iPr,360.0,0.2,0.05,toluene,True,1;3;5,blocked_missing_18_matched_TS_and_offcycle_state_certificates,unresolved,,unresolved,,,
Co_pyridine_pnn_iPr,Co,pyridine_pnn,iPr,370.0,0.01,0.05,toluene,True,1;3;5,blocked_missing_18_matched_TS_and_offcycle_state_certificates,unresolved,,unresolved,,,
Co_pyridine_pnn_iPr,Co,pyridine_pnn,iPr,370.0,0.025,0.05,toluene,True,1;3;5,blocked_missing_18_matched_TS_and_offcycle_state_certificates,unresolved,,unresolved,,,
Co_pyridine_pnn_iPr,Co,pyridine_pnn,iPr,370.0,0.05,0.05,toluene,True,1;3;5,blocked_missing_18_matched_TS_and_offcycle_state_certificates,unresolved,,unresolved,,,
Co_pyridine_pnn_iPr,Co,pyridine_pnn,iPr,370.0,0.1,0.05,toluene,True,1;3;5,blocked_missing_18_matched_TS_and_offcycle_state_certificates,unresolved,,unresolved,,,
Co_pyridine_pnn_iPr,Co,pyridine_pnn,iPr,370.0,0.2,0.05,toluene,True,1;3;5,blocked_missing_18_matched_TS_and_offcycle_state_certificates,unresolved,,unresolved,,,
Co_pyridine_pnn_iPr,Co,pyridine_pnn,iPr,380.0,0.01,0.05,toluene,True,1;3;5,blocked_missing_18_matched_TS_and_offcycle_state_certificates,unresolved,,unresolved,,,
Co_pyridine_pnn_iPr,Co,pyridine_pnn,iPr,380.0,0.025,0.05,toluene,True,1;3;5,blocked_missing_18_matched_TS_and_offcycle_state_certificates,unresolved,,unresolved,,,
Co_pyridine_pnn_iPr,Co,pyridine_pnn,iPr,380.0,0.05,0.05,toluene,True,1;3;5,blocked_missing_18_matched_TS_and_offcycle_state_certificates,unresolved,,unresolved,,,
Co_pyridine_pnn_iPr,Co,pyridine_pnn,iPr,380.0,0.1,0.05,toluene,True,1;3;5,blocked_missing_18_matched_TS_and_offcycle_state_certificates,unresolved,,unresolved,,,
Co_pyridine_pnn_iPr,Co,pyridine_pnn,iPr,380.0,0.2,0.05,toluene,True,1;3;5,blocked_missing_18_matched_TS_and_offcycle_state_certificates,unresolved,,unresolved,,,
Co_pyridine_pnn_iPr,Co,pyridine_pnn,iPr,383.15,0.01,0.05,toluene,True,1;3;5,blocked_missing_18_matched_TS_and_offcycle_state_certificates,unresolved,,unresolved,,,
Co_pyridine_pnn_iPr,Co,pyridine_pnn,iPr,383.15,0.025,0.05,toluene,True,1;3;5,blocked_missing_18_matched_TS_and_offcycle_state_certificates,unresolved,,unresolved,,,
Co_pyridine_pnn_iPr,Co,pyridine_pnn,iPr,383.15,0.05,0.05,toluene,True,1;3;5,blocked_missing_18_matched_TS_and_offcycle_state_certificates,unresolved,,unresolved,,,
Co_pyridine_pnn_iPr,Co,pyridine_pnn,iPr,383.15,0.1,0.05,toluene,True,1;3;5,blocked_missing_18_matched_TS_and_offcycle_state_certificates,unresolved,,unresolved,,,
Co_pyridine_pnn_iPr,Co,pyridine_pnn,iPr,383.15,0.2,0.05,toluene,True,1;3;5,blocked_missing_18_matched_TS_and_offcycle_state_certificates,unresolved,,unresolved,,,
Co_pyridine_pnn_iPr,Co,pyridine_pnn,iPr,390.0,0.01,0.05,toluene,True,1;3;5,blocked_missing_18_matched_TS_and_offcycle_state_certificates,unresolved,,unresolved,,,
Co_pyridine_pnn_iPr,Co,pyridine_pnn,iPr,390.0,0.025,0.05,toluene,True,1;3;5,blocked_missing_18_matched_TS_and_offcycle_state_certificates,unresolved,,unresolved,,,
Co_pyridine_pnn_iPr,Co,pyridine_pnn,iPr,390.0,0.05,0.05,toluene,True,1;3;5,blocked_missing_18_matched_TS_and_offcycle_state_certificates,unresolved,,unresolved,,,
Co_pyridine_pnn_iPr,Co,pyridine_pnn,iPr,390.0,0.1,0.05,toluene,True,1;3;5,blocked_missing_18_matched_TS_and_offcycle_state_certificates,unresolved,,unresolved,,,
Co_pyridine_pnn_iPr,Co,pyridine_pnn,iPr,390.0,0.2,0.05,toluene,True,1;3;5,blocked_missing_18_matched_TS_and_offcycle_state_certificates,unresolved,,unresolved,,,
Co_pyridine_pnn_iPr,Co,pyridine_pnn,iPr,400.0,0.01,0.05,toluene,True,1;3;5,blocked_missing_18_matched_TS_and_offcycle_state_certificates,unresolved,,unresolved,,,
Co_pyridine_pnn_iPr,Co,pyridine_pnn,iPr,400.0,0.025,0.05,toluene,True,1;3;5,blocked_missing_18_matched_TS_and_offcycle_state_certificates,unresolved,,unresolved,,,
Co_pyridine_pnn_iPr,Co,pyridine_pnn,iPr,400.0,0.05,0.05,toluene,True,1;3;5,blocked_missing_18_matched_TS_and_offcycle_state_certificates,unresolved,,unresolved,,,
Co_pyridine_pnn_iPr,Co,pyridine_pnn,iPr,400.0,0.1,0.05,toluene,True,1;3;5,blocked_missing_18_matched_TS_and_offcycle_state_certificates,unresolved,,unresolved,,,
Co_pyridine_pnn_iPr,Co,pyridine_pnn,iPr,400.0,0.2,0.05,toluene,True,1;3;5,blocked_missing_18_matched_TS_and_offcycle_state_certificates,unresolved,,unresolved,,,
Co_pyridine_pnn_iPr,Co,pyridine_pnn,iPr,410.0,0.01,0.05,toluene,True,1;3;5,blocked_missing_18_matched_TS_and_offcycle_state_certificates,unresolved,,unresolved,,,
Co_pyridine_pnn_iPr,Co,pyridine_pnn,iPr,410.0,0.025,0.05,toluene,True,1;3;5,blocked_missing_18_matched_TS_and_offcycle_state_certificates,unresolved,,unresolved,,,
Co_pyridine_pnn_iPr,Co,pyridine_pnn,iPr,410.0,0.05,0.05,toluene,True,1;3;5,blocked_missing_18_matched_TS_and_offcycle_state_certificates,unresolved,,unresolved,,,
Co_pyridine_pnn_iPr,Co,pyridine_pnn,iPr,410.0,0.1,0.05,toluene,True,1;3;5,blocked_missing_18_matched_TS_and_offcycle_state_certificates,unresolved,,unresolved,,,
Co_pyridine_pnn_iPr,Co,pyridine_pnn,iPr,410.0,0.2,0.05,toluene,True,1;3;5,blocked_missing_18_matched_TS_and_offcycle_state_certificates,unresolved,,unresolved,,,
Co_pyridine_pnn_iPr,Co,pyridine_pnn,iPr,420.0,0.01,0.05,toluene,True,1;3;5,blocked_missing_18_matched_TS_and_offcycle_state_certificates,unresolved,,unresolved,,,
Co_pyridine_pnn_iPr,Co,pyridine_pnn,iPr,420.0,0.025,0.05,toluene,True,1;3;5,blocked_missing_18_matched_TS_and_offcycle_state_certificates,unresolved,,unresolved,,,
Co_pyridine_pnn_iPr,Co,pyridine_pnn,iPr,420.0,0.05,0.05,toluene,True,1;3;5,blocked_missing_18_matched_TS_and_offcycle_state_certificates,unresolved,,unresolved,,,
Co_pyridine_pnn_iPr,Co,pyridine_pnn,iPr,420.0,0.1,0.05,toluene,True,1;3;5,blocked_missing_18_matched_TS_and_offcycle_state_certificates,unresolved,,unresolved,,,
Co_pyridine_pnn_iPr,Co,pyridine_pnn,iPr,420.0,0.2,0.05,toluene,True,1;3;5,blocked_missing_18_matched_TS_and_offcycle_state_certificates,unresolved,,unresolved,,,
Co_bipyridine_pnnoh_Ph,Co,bipyridine_pnnoh,Ph,360.0,0.01,0.05,toluene,False,1;3;5,blocked_missing_18_matched_TS_and_offcycle_state_certificates,unresolved,,unresolved,,,
Co_bipyridine_pnnoh_Ph,Co,bipyridine_pnnoh,Ph,360.0,0.025,0.05,toluene,False,1;3;5,blocked_missing_18_matched_TS_and_offcycle_state_certificates,unresolved,,unresolved,,,
Co_bipyridine_pnnoh_Ph,Co,bipyridine_pnnoh,Ph,360.0,0.05,0.05,toluene,False,1;3;5,blocked_missing_18_matched_TS_and_offcycle_state_certificates,unresolved,,unresolved,,,
Co_bipyridine_pnnoh_Ph,Co,bipyridine_pnnoh,Ph,360.0,0.1,0.05,toluene,False,1;3;5,blocked_missing_18_matched_TS_and_offcycle_state_certificates,unresolved,,unresolved,,,
Co_bipyridine_pnnoh_Ph,Co,bipyridine_pnnoh,Ph,360.0,0.2,0.05,toluene,False,1;3;5,blocked_missing_18_matched_TS_and_offcycle_state_certificates,unresolved,,unresolved,,,
Co_bipyridine_pnnoh_Ph,Co,bipyridine_pnnoh,Ph,370.0,0.01,0.05,toluene,False,1;3;5,blocked_missing_18_matched_TS_and_offcycle_state_certificates,unresolved,,unresolved,,,
Co_bipyridine_pnnoh_Ph,Co,bipyridine_pnnoh,Ph,370.0,0.025,0.05,toluene,False,1;3;5,blocked_missing_18_matched_TS_and_offcycle_state_certificates,unresolved,,unresolved,,,
Co_bipyridine_pnnoh_Ph,Co,bipyridine_pnnoh,Ph,370.0,0.05,0.05,toluene,False,1;3;5,blocked_missing_18_matched_TS_and_offcycle_state_certificates,unresolved,,unresolved,,,
Co_bipyridine_pnnoh_Ph,Co,bipyridine_pnnoh,Ph,370.0,0.1,0.05,toluene,False,1;3;5,blocked_missing_18_matched_TS_and_offcycle_state_certificates,unresolved,,unresolved,,,
Co_bipyridine_pnnoh_Ph,Co,bipyridine_pnnoh,Ph,370.0,0.2,0.05,toluene,False,1;3;5,blocked_missing_18_matched_TS_and_offcycle_state_certificates,unresolved,,unresolved,,,
Co_bipyridine_pnnoh_Ph,Co,bipyridine_pnnoh,Ph,380.0,0.01,0.05,toluene,False,1;3;5,blocked_missing_18_matched_TS_and_offcycle_state_certificates,unresolved,,unresolved,,,
Co_bipyridine_pnnoh_Ph,Co,bipyridine_pnnoh,Ph,380.0,0.025,0.05,toluene,False,1;3;5,blocked_missing_18_matched_TS_and_offcycle_state_certificates,unresolved,,unresolved,,,
Co_bipyridine_pnnoh_Ph,Co,bipyridine_pnnoh,Ph,380.0,0.05,0.05,toluene,False,1;3;5,blocked_missing_18_matched_TS_and_offcycle_state_certificates,unresolved,,unresolved,,,
Co_bipyridine_pnnoh_Ph,Co,bipyridine_pnnoh,Ph,380.0,0.1,0.05,toluene,False,1;3;5,blocked_missing_18_matched_TS_and_offcycle_state_certificates,unresolved,,unresolved,,,
Co_bipyridine_pnnoh_Ph,Co,bipyridine_pnnoh,Ph,380.0,0.2,0.05,toluene,False,1;3;5,blocked_missing_18_matched_TS_and_offcycle_state_certificates,unresolved,,unresolved,,,
Co_bipyridine_pnnoh_Ph,Co,bipyridine_pnnoh,Ph,383.15,0.01,0.05,toluene,False,1;3;5,blocked_missing_18_matched_TS_and_offcycle_state_certificates,unresolved,,unresolved,,,
Co_bipyridine_pnnoh_Ph,Co,bipyridine_pnnoh,Ph,383.15,0.025,0.05,toluene,False,1;3;5,blocked_missing_18_matched_TS_and_offcycle_state_certificates,unresolved,,unresolved,,,
Co_bipyridine_pnnoh_Ph,Co,bipyridine_pnnoh,Ph,383.15,0.05,0.05,toluene,False,1;3;5,blocked_missing_18_matched_TS_and_offcycle_state_certificates,unresolved,,unresolved,,,
Co_bipyridine_pnnoh_Ph,Co,bipyridine_pnnoh,Ph,383.15,0.1,0.05,toluene,False,1;3;5,blocked_missing_18_matched_TS_and_offcycle_state_certificates,unresolved,,unresolved,,,
Co_bipyridine_pnnoh_Ph,Co,bipyridine_pnnoh,Ph,383.15,0.2,0.05,toluene,False,1;3;5,blocked_missing_18_matched_TS_and_offcycle_state_certificates,unresolved,,unresolved,,,
Co_bipyridine_pnnoh_Ph,Co,bipyridine_pnnoh,Ph,390.0,0.01,0.05,toluene,False,1;3;5,blocked_missing_18_matched_TS_and_offcycle_state_certificates,unresolved,,unresolved,,,
Co_bipyridine_pnnoh_Ph,Co,bipyridine_pnnoh,Ph,390.0,0.025,0.05,toluene,False,1;3;5,blocked_missing_18_matched_TS_and_offcycle_state_certificates,unresolved,,unresolved,,,
Co_bipyridine_pnnoh_Ph,Co,bipyridine_pnnoh,Ph,390.0,0.05,0.05,toluene,False,1;3;5,blocked_missing_18_matched_TS_and_offcycle_state_certificates,unresolved,,unresolved,,,
Co_bipyridine_pnnoh_Ph,Co,bipyridine_pnnoh,Ph,390.0,0.1,0.05,toluene,False,1;3;5,blocked_missing_18_matched_TS_and_offcycle_state_certificates,unresolved,,unresolved,,,
Co_bipyridine_pnnoh_Ph,Co,bipyridine_pnnoh,Ph,390.0,0.2,0.05,toluene,False,1;3;5,blocked_missing_18_matched_TS_and_offcycle_state_certificates,unresolved,,unresolved,,,
Co_bipyridine_pnnoh_Ph,Co,bipyridine_pnnoh,Ph,400.0,0.01,0.05,toluene,False,1;3;5,blocked_missing_18_matched_TS_and_offcycle_state_certificates,unresolved,,unresolved,,,
Co_bipyridine_pnnoh_Ph,Co,bipyridine_pnnoh,Ph,400.0,0.025,0.05,toluene,False,1;3;5,blocked_missing_18_matched_TS_and_offcycle_state_certificates,unresolved,,unresolved,,,
Co_bipyridine_pnnoh_Ph,Co,bipyridine_pnnoh,Ph,400.0,0.05,0.05,toluene,False,1;3;5,blocked_missing_18_matched_TS_and_offcycle_state_certificates,unresolved,,unresolved,,,
Co_bipyridine_pnnoh_Ph,Co,bipyridine_pnnoh,Ph,400.0,0.1,0.05,toluene,False,1;3;5,blocked_missing_18_matched_TS_and_offcycle_state_certificates,unresolved,,unresolved,,,
Co_bipyridine_pnnoh_Ph,Co,bipyridine_pnnoh,Ph,400.0,0.2,0.05,toluene,False,1;3;5,blocked_missing_18_matched_TS_and_offcycle_state_certificates,unresolved,,unresolved,,,
Co_bipyridine_pnnoh_Ph,Co,bipyridine_pnnoh,Ph,410.0,0.01,0.05,toluene,False,1;3;5,blocked_missing_18_matched_TS_and_offcycle_state_certificates,unresolved,,unresolved,,,
Co_bipyridine_pnnoh_Ph,Co,bipyridine_pnnoh,Ph,410.0,0.025,0.05,toluene,False,1;3;5,blocked_missing_18_matched_TS_and_offcycle_state_certificates,unresolved,,unresolved,,,
Co_bipyridine_pnnoh_Ph,Co,bipyridine_pnnoh,Ph,410.0,0.05,0.05,toluene,False,1;3;5,blocked_missing_18_matched_TS_and_offcycle_state_certificates,unresolved,,unresolved,,,
Co_bipyridine_pnnoh_Ph,Co,bipyridine_pnnoh,Ph,410.0,0.1,0.05,toluene,False,1;3;5,blocked_missing_18_matched_TS_and_offcycle_state_certificates,unresolved,,unresolved,,,
Co_bipyridine_pnnoh_Ph,Co,bipyridine_pnnoh,Ph,410.0,0.2,0.05,toluene,False,1;3;5,blocked_missing_18_matched_TS_and_offcycle_state_certificates,unresolved,,unresolved,,,
Co_bipyridine_pnnoh_Ph,Co,bipyridine_pnnoh,Ph,420.0,0.01,0.05,toluene,False,1;3;5,blocked_missing_18_matched_TS_and_offcycle_state_certificates,unresolved,,unresolved,,,
Co_bipyridine_pnnoh_Ph,Co,bipyridine_pnnoh,Ph,420.0,0.025,0.05,toluene,False,1;3;5,blocked_missing_18_matched_TS_and_offcycle_state_certificates,unresolved,,unresolved,,,
Co_bipyridine_pnnoh_Ph,Co,bipyridine_pnnoh,Ph,420.0,0.05,0.05,toluene,False,1;3;5,blocked_missing_18_matched_TS_and_offcycle_state_certificates,unresolved,,unresolved,,,
Co_bipyridine_pnnoh_Ph,Co,bipyridine_pnnoh,Ph,420.0,0.1,0.05,toluene,False,1;3;5,blocked_missing_18_matched_TS_and_offcycle_state_certificates,unresolved,,unresolved,,,
Co_bipyridine_pnnoh_Ph,Co,bipyridine_pnnoh,Ph,420.0,0.2,0.05,toluene,False,1;3;5,blocked_missing_18_matched_TS_and_offcycle_state_certificates,unresolved,,unresolved,,,
Co_bipyridine_pnnoh_iPr,Co,bipyridine_pnnoh,iPr,360.0,0.01,0.05,toluene,False,1;3;5,blocked_missing_18_matched_TS_and_offcycle_state_certificates,unresolved,,unresolved,,,
Co_bipyridine_pnnoh_iPr,Co,bipyridine_pnnoh,iPr,360.0,0.025,0.05,toluene,False,1;3;5,blocked_missing_18_matched_TS_and_offcycle_state_certificates,unresolved,,unresolved,,,
Co_bipyridine_pnnoh_iPr,Co,bipyridine_pnnoh,iPr,360.0,0.05,0.05,toluene,False,1;3;5,blocked_missing_18_matched_TS_and_offcycle_state_certificates,unresolved,,unresolved,,,
Co_bipyridine_pnnoh_iPr,Co,bipyridine_pnnoh,iPr,360.0,0.1,0.05,toluene,False,1;3;5,blocked_missing_18_matched_TS_and_offcycle_state_certificates,unresolved,,unresolved,,,
Co_bipyridine_pnnoh_iPr,Co,bipyridine_pnnoh,iPr,360.0,0.2,0.05,toluene,False,1;3;5,blocked_missing_18_matched_TS_and_offcycle_state_certificates,unresolved,,unresolved,,,
Co_bipyridine_pnnoh_iPr,Co,bipyridine_pnnoh,iPr,370.0,0.01,0.05,toluene,False,1;3;5,blocked_missing_18_matched_TS_and_offcycle_state_certificates,unresolved,,unresolved,,,
Co_bipyridine_pnnoh_iPr,Co,bipyridine_pnnoh,iPr,370.0,0.025,0.05,toluene,False,1;3;5,blocked_missing_18_matched_TS_and_offcycle_state_certificates,unresolved,,unresolved,,,
Co_bipyridine_pnnoh_iPr,Co,bipyridine_pnnoh,iPr,370.0,0.05,0.05,toluene,False,1;3;5,blocked_missing_18_matched_TS_and_offcycle_state_certificates,unresolved,,unresolved,,,
Co_bipyridine_pnnoh_iPr,Co,bipyridine_pnnoh,iPr,370.0,0.1,0.05,toluene,False,1;3;5,blocked_missing_18_matched_TS_and_offcycle_state_certificates,unresolved,,unresolved,,,
Co_bipyridine_pnnoh_iPr,Co,bipyridine_pnnoh,iPr,370.0,0.2,0.05,toluene,False,1;3;5,blocked_missing_18_matched_TS_and_offcycle_state_certificates,unresolved,,unresolved,,,
Co_bipyridine_pnnoh_iPr,Co,bipyridine_pnnoh,iPr,380.0,0.01,0.05,toluene,False,1;3;5,blocked_missing_18_matched_TS_and_offcycle_state_certificates,unresolved,,unresolved,,,
Co_bipyridine_pnnoh_iPr,Co,bipyridine_pnnoh,iPr,380.0,0.025,0.05,toluene,False,1;3;5,blocked_missing_18_matched_TS_and_offcycle_state_certificates,unresolved,,unresolved,,,
Co_bipyridine_pnnoh_iPr,Co,bipyridine_pnnoh,iPr,380.0,0.05,0.05,toluene,False,1;3;5,blocked_missing_18_matched_TS_and_offcycle_state_certificates,unresolved,,unresolved,,,
Co_bipyridine_pnnoh_iPr,Co,bipyridine_pnnoh,iPr,380.0,0.1,0.05,toluene,False,1;3;5,blocked_missing_18_matched_TS_and_offcycle_state_certificates,unresolved,,unresolved,,,
Co_bipyridine_pnnoh_iPr,Co,bipyridine_pnnoh,iPr,380.0,0.2,0.05,toluene,False,1;3;5,blocked_missing_18_matched_TS_and_offcycle_state_certificates,unresolved,,unresolved,,,
Co_bipyridine_pnnoh_iPr,Co,bipyridine_pnnoh,iPr,383.15,0.01,0.05,toluene,False,1;3;5,blocked_missing_18_matched_TS_and_offcycle_state_certificates,unresolved,,unresolved,,,
Co_bipyridine_pnnoh_iPr,Co,bipyridine_pnnoh,iPr,383.15,0.025,0.05,toluene,False,1;3;5,blocked_missing_18_matched_TS_and_offcycle_state_certificates,unresolved,,unresolved,,,
Co_bipyridine_pnnoh_iPr,Co,bipyridine_pnnoh,iPr,383.15,0.05,0.05,toluene,False,1;3;5,blocked_missing_18_matched_TS_and_offcycle_state_certificates,unresolved,,unresolved,,,
Co_bipyridine_pnnoh_iPr,Co,bipyridine_pnnoh,iPr,383.15,0.1,0.05,toluene,False,1;3;5,blocked_missing_18_matched_TS_and_offcycle_state_certificates,unresolved,,unresolved,,,
Co_bipyridine_pnnoh_iPr,Co,bipyridine_pnnoh,iPr,383.15,0.2,0.05,toluene,False,1;3;5,blocked_missing_18_matched_TS_and_offcycle_state_certificates,unresolved,,unresolved,,,
Co_bipyridine_pnnoh_iPr,Co,bipyridine_pnnoh,iPr,390.0,0.01,0.05,toluene,False,1;3;5,blocked_missing_18_matched_TS_and_offcycle_state_certificates,unresolved,,unresolved,,,
Co_bipyridine_pnnoh_iPr,Co,bipyridine_pnnoh,iPr,390.0,0.025,0.05,toluene,False,1;3;5,blocked_missing_18_matched_TS_and_offcycle_state_certificates,unresolved,,unresolved,,,
Co_bipyridine_pnnoh_iPr,Co,bipyridine_pnnoh,iPr,390.0,0.05,0.05,toluene,False,1;3;5,blocked_missing_18_matched_TS_and_offcycle_state_certificates,unresolved,,unresolved,,,
Co_bipyridine_pnnoh_iPr,Co,bipyridine_pnnoh,iPr,390.0,0.1,0.05,toluene,False,1;3;5,blocked_missing_18_matched_TS_and_offcycle_state_certificates,unresolved,,unresolved,,,
Co_bipyridine_pnnoh_iPr,Co,bipyridine_pnnoh,iPr,390.0,0.2,0.05,toluene,False,1;3;5,blocked_missing_18_matched_TS_and_offcycle_state_certificates,unresolved,,unresolved,,,
Co_bipyridine_pnnoh_iPr,Co,bipyridine_pnnoh,iPr,400.0,0.01,0.05,toluene,False,1;3;5,blocked_missing_18_matched_TS_and_offcycle_state_certificates,unresolved,,unresolved,,,
Co_bipyridine_pnnoh_iPr,Co,bipyridine_pnnoh,iPr,400.0,0.025,0.05,toluene,False,1;3;5,blocked_missing_18_matched_TS_and_offcycle_state_certificates,unresolved,,unresolved,,,
Co_bipyridine_pnnoh_iPr,Co,bipyridine_pnnoh,iPr,400.0,0.05,0.05,toluene,False,1;3;5,blocked_missing_18_matched_TS_and_offcycle_state_certificates,unresolved,,unresolved,,,
Co_bipyridine_pnnoh_iPr,Co,bipyridine_pnnoh,iPr,400.0,0.1,0.05,toluene,False,1;3;5,blocked_missing_18_matched_TS_and_offcycle_state_certificates,unresolved,,unresolved,,,
Co_bipyridine_pnnoh_iPr,Co,bipyridine_pnnoh,iPr,400.0,0.2,0.05,toluene,False,1;3;5,blocked_missing_18_matched_TS_and_offcycle_state_certificates,unresolved,,unresolved,,,
Co_bipyridine_pnnoh_iPr,Co,bipyridine_pnnoh,iPr,410.0,0.01,0.05,toluene,False,1;3;5,blocked_missing_18_matched_TS_and_offcycle_state_certificates,unresolved,,unresolved,,,
Co_bipyridine_pnnoh_iPr,Co,bipyridine_pnnoh,iPr,410.0,0.025,0.05,toluene,False,1;3;5,blocked_missing_18_matched_TS_and_offcycle_state_certificates,unresolved,,unresolved,,,
Co_bipyridine_pnnoh_iPr,Co,bipyridine_pnnoh,iPr,410.0,0.05,0.05,toluene,False,1;3;5,blocked_missing_18_matched_TS_and_offcycle_state_certificates,unresolved,,unresolved,,,
Co_bipyridine_pnnoh_iPr,Co,bipyridine_pnnoh,iPr,410.0,0.1,0.05,toluene,False,1;3;5,blocked_missing_18_matched_TS_and_offcycle_state_certificates,unresolved,,unresolved,,,
Co_bipyridine_pnnoh_iPr,Co,bipyridine_pnnoh,iPr,410.0,0.2,0.05,toluene,False,1;3;5,blocked_missing_18_matched_TS_and_offcycle_state_certificates,unresolved,,unresolved,,,
Co_bipyridine_pnnoh_iPr,Co,bipyridine_pnnoh,iPr,420.0,0.01,0.05,toluene,False,1;3;5,blocked_missing_18_matched_TS_and_offcycle_state_certificates,unresolved,,unresolved,,,
Co_bipyridine_pnnoh_iPr,Co,bipyridine_pnnoh,iPr,420.0,0.025,0.05,toluene,False,1;3;5,blocked_missing_18_matched_TS_and_offcycle_state_certificates,unresolved,,unresolved,,,
Co_bipyridine_pnnoh_iPr,Co,bipyridine_pnnoh,iPr,420.0,0.05,0.05,toluene,False,1;3;5,blocked_missing_18_matched_TS_and_offcycle_state_certificates,unresolved,,unresolved,,,
Co_bipyridine_pnnoh_iPr,Co,bipyridine_pnnoh,iPr,420.0,0.1,0.05,toluene,False,1;3;5,blocked_missing_18_matched_TS_and_offcycle_state_certificates,unresolved,,unresolved,,,
Co_bipyridine_pnnoh_iPr,Co,bipyridine_pnnoh,iPr,420.0,0.2,0.05,toluene,False,1;3;5,blocked_missing_18_matched_TS_and_offcycle_state_certificates,unresolved,,unresolved,,,
