MINMODE:MODE: Optimization Step: 0
MINMODE:MODE: Order: 0
MINMODE:MODE:       0     -0.00230538      0.01300238     -0.04565414
MINMODE:MODE:       1     -0.00290901     -0.06837516     -0.05150106
MINMODE:MODE:       2      0.01094889     -0.02554359      0.02232071
MINMODE:MODE:       3      0.02183967     -0.00766184      0.05162466
MINMODE:MODE:       4      0.00233132     -0.00482514      0.02245363
MINMODE:MODE:       5     -0.01831687      0.02652637      0.02965111
MINMODE:MODE:       6      0.01420804     -0.00517363      0.02386692
MINMODE:MODE:       7     -0.00201764      0.02454534      0.02670554
MINMODE:MODE:       8     -0.05150322      0.08736078      0.03660067
MINMODE:MODE:       9     -0.08643426      0.12139148      0.04360093
MINMODE:MODE:      10     -0.07035940      0.09221487      0.04113641
MINMODE:MODE:      11      0.02976573     -0.02467066      0.02880655
MINMODE:MODE:      12      0.01050478     -0.04202063     -0.01998163
MINMODE:MODE:      13      0.02856548     -0.05184843     -0.01372399
MINMODE:MODE:      14      0.06541566     -0.04536458      0.03933954
MINMODE:MODE:      15      0.08459733     -0.02854032      0.08717359
MINMODE:MODE:      16      0.06810201     -0.01737734      0.08303932
MINMODE:MODE:      17     -0.02243254     -0.04380448     -0.04267219
MINMODE:MODE:      18     -0.00312359     -0.01139353     -0.03952880
MINMODE:MODE:      19      0.00115760      0.00742739     -0.02381285
MINMODE:MODE:      20      0.02061644      0.00557364      0.00495774
MINMODE:MODE:      21      0.05732275      0.01210365      0.07040593
MINMODE:MODE:      22      0.06996613      0.02138338      0.07718825
MINMODE:MODE:      23      0.04497842      0.02339485      0.02064663
MINMODE:MODE:      24      0.00803328      0.01668524     -0.04352629
MINMODE:MODE:      25     -0.00529793      0.00800383     -0.05131784
MINMODE:MODE:      26     -0.02623438      0.01853016     -0.00817727
MINMODE:MODE:      27      0.02361990      0.04884812     -0.07245936
MINMODE:MODE:      28      0.01808471      0.05207892     -0.06917656
MINMODE:MODE:      29     -0.03984150      0.02451522     -0.00161920
MINMODE:MODE:      30     -0.09284690     -0.00751256      0.06491747
MINMODE:MODE:      31     -0.08663363     -0.00951100      0.06099710
MINMODE:MODE:      32      0.06017796     -0.03034606      0.04084807
MINMODE:MODE:      33     -0.04359422      0.00881216      0.03654066
MINMODE:MODE:      34      0.05534602     -0.01288719      0.04788678
MINMODE:MODE:      35      0.01648532      0.00640652      0.08231899
MINMODE:MODE:      36      0.05177992     -0.05528860      0.01965221
MINMODE:MODE:      37      0.02352843     -0.00207859      0.02146901
MINMODE:MODE:      38     -0.06391220      0.10944761      0.03871998
MINMODE:MODE:      39     -0.12646503      0.17079261      0.05097968
MINMODE:MODE:      40     -0.09783010      0.11982105      0.04705714
MINMODE:MODE:      41     -0.01982441     -0.04731136     -0.06256642
MINMODE:MODE:      42      0.01402801     -0.06413887     -0.04937875
MINMODE:MODE:      43      0.07903452     -0.05328415      0.04401591
MINMODE:MODE:      44      0.11299070     -0.02346203      0.12854111
MINMODE:MODE:      45      0.08507556     -0.00291413      0.12213315
MINMODE:MODE:      46     -0.04648837     -0.03873610     -0.03714277
MINMODE:MODE:      47     -0.02676720     -0.04634996     -0.04380502
MINMODE:MODE:      48     -0.01601264      0.00557786     -0.04109199
MINMODE:MODE:      49      0.00825347     -0.02170496     -0.03609815
MINMODE:MODE:      50      0.07300268      0.01030199      0.11706690
MINMODE:MODE:      51      0.09825581      0.02610276      0.12648909
MINMODE:MODE:      52      0.05437790      0.02990682      0.02592821
MINMODE:MODE:      53     -0.01086014      0.01789023     -0.08817461
MINMODE:MODE:      54     -0.03559787      0.00271304     -0.10342076
MINMODE:MODE:      55      0.06915577      0.07141939     -0.12521951
MINMODE:MODE:      56      0.05989867      0.07751366     -0.12070713
MINMODE:MODE:      57     -0.04312385      0.02848861     -0.00067872
MINMODE:MODE:      58     -0.13890927     -0.02922915      0.11967673
MINMODE:MODE:      59     -0.13037844     -0.03288451      0.10985649
MINMODE:MODE:      60      0.02476723      0.05080737      0.05141239
MINMODE:MODE:      61      0.04753073      0.07371802      0.10967361
MINMODE:MODE:      62     -0.00193965     -0.06569354     -0.01693879
MINMODE:MODE:      63     -0.00344315     -0.08008826     -0.01064516
MINMODE:MODE:      64      0.05641034     -0.06901314     -0.08307872
MINMODE:MODE:      65      0.03775858     -0.12159802     -0.08901454
MINMODE:MODE:      66      0.00005260     -0.06773839     -0.08534673
MINMODE:MODE:      67      0.03680614     -0.07260346     -0.02062123
MINMODE:MODE:      68      0.00728743     -0.03526106     -0.02526356
MINMODE:MODE:      69     -0.06975629      0.01179448     -0.09902590
MINMODE:MODE:      70     -0.11290083      0.01784738     -0.16783027
MINMODE:MODE:      71     -0.07334644     -0.02369110     -0.15940727
MINMODE:MODE:      72      0.04249224     -0.00114320      0.11183167
MINMODE:MODE:      73      0.07187442      0.05479288      0.10733236
MINMODE:MODE:      74      0.04196979     -0.03441745      0.02913191
MINMODE:MODE:      75      0.09489624     -0.10900190      0.03549910
MINMODE:MODE:      76      0.04320646     -0.04164144      0.02938811
MINMODE:MODE:      77     -0.09589363      0.04344991     -0.10276370
MINMODE:MODE:      78     -0.17548059      0.05485085     -0.22604522
MINMODE:MODE:      79     -0.10372048     -0.01991130     -0.21146582
MINMODE:MODE: Optimization Step: 0
MINMODE:MODE: Order: 0
MINMODE:MODE:       0      0.00021322      0.00984699     -0.04622084
MINMODE:MODE:       1      0.00785777     -0.05498702     -0.00847064
MINMODE:MODE:       2      0.01302145     -0.02523074      0.02826247
MINMODE:MODE:       3      0.02119782     -0.00710098      0.05314917
MINMODE:MODE:       4      0.00210041     -0.00438834      0.02201920
MINMODE:MODE:       5     -0.01875939      0.02742994      0.02989680
MINMODE:MODE:       6      0.01486534     -0.00501977      0.02436296
MINMODE:MODE:       7     -0.00205639      0.02531546      0.02726135
MINMODE:MODE:       8     -0.05264698      0.08870928      0.03726289
MINMODE:MODE:       9     -0.08849328      0.12350147      0.04425111
MINMODE:MODE:      10     -0.07178510      0.09368285      0.04177027
MINMODE:MODE:      11      0.03083001     -0.02539502      0.02958789
MINMODE:MODE:      12      0.01087907     -0.04270608     -0.02048623
MINMODE:MODE:      13      0.02911678     -0.05277820     -0.01412487
MINMODE:MODE:      14      0.06671620     -0.04632309      0.03997487
MINMODE:MODE:      15      0.08635721     -0.02915268      0.08910041
MINMODE:MODE:      16      0.06963022     -0.01795124      0.08482786
MINMODE:MODE:      17     -0.02320085     -0.04403720     -0.03597172
MINMODE:MODE:      18     -0.00375462     -0.01141571     -0.04000839
MINMODE:MODE:      19      0.00143407      0.00841636     -0.02561318
MINMODE:MODE:      20      0.02089004      0.00511955      0.00492639
MINMODE:MODE:      21      0.05872781      0.01206793      0.07161634
MINMODE:MODE:      22      0.07180276      0.02168469      0.07852387
MINMODE:MODE:      23      0.04611660      0.02396873      0.02105635
MINMODE:MODE:      24      0.00803953      0.01710247     -0.04429513
MINMODE:MODE:      25     -0.00570796      0.00823828     -0.05216588
MINMODE:MODE:      26     -0.02723133      0.01871628     -0.00798198
MINMODE:MODE:      27      0.02393902      0.04980461     -0.07409895
MINMODE:MODE:      28      0.01818417      0.05288731     -0.07047647
MINMODE:MODE:      29     -0.04039027      0.02455473     -0.00139022
MINMODE:MODE:      30     -0.09420541     -0.00814460      0.06622257
MINMODE:MODE:      31     -0.08794213     -0.01000240      0.06233569
MINMODE:MODE:      32      0.05843661     -0.02789485      0.04251264
MINMODE:MODE:      33     -0.04145477      0.00603619      0.03669650
MINMODE:MODE:      34      0.05648300     -0.01297748      0.04867233
MINMODE:MODE:      35      0.01624538      0.00652154      0.08405553
MINMODE:MODE:      36      0.05348207     -0.05617180      0.02035271
MINMODE:MODE:      37      0.02407443     -0.00196277      0.02201027
MINMODE:MODE:      38     -0.06550572      0.11136503      0.03940893
MINMODE:MODE:      39     -0.12969874      0.17363536      0.05195853
MINMODE:MODE:      40     -0.09987244      0.12210550      0.04777514
MINMODE:MODE:      41     -0.02034696     -0.04790569     -0.06380976
MINMODE:MODE:      42      0.01415979     -0.06531402     -0.05049822
MINMODE:MODE:      43      0.08063916     -0.05431888      0.04481021
MINMODE:MODE:      44      0.11517092     -0.02393204      0.13128391
MINMODE:MODE:      45      0.08704665     -0.00333594      0.12462375
MINMODE:MODE:      46     -0.04531526     -0.03671502     -0.03949958
MINMODE:MODE:      47     -0.02873033     -0.05096730     -0.04030905
MINMODE:MODE:      48     -0.01634659      0.00563261     -0.04213035
MINMODE:MODE:      49      0.00785735     -0.02207556     -0.03683875
MINMODE:MODE:      50      0.07441881      0.01015772      0.11939884
MINMODE:MODE:      51      0.10089426      0.02671404      0.12863925
MINMODE:MODE:      52      0.05570128      0.03057249      0.02639834
MINMODE:MODE:      53     -0.01114557      0.01849733     -0.08989754
MINMODE:MODE:      54     -0.03688785      0.00326581     -0.10521250
MINMODE:MODE:      55      0.06915433      0.07411911     -0.12862497
MINMODE:MODE:      56      0.06074126      0.07951082     -0.12288062
MINMODE:MODE:      57     -0.04391935      0.02881985     -0.00041164
MINMODE:MODE:      58     -0.14118911     -0.03023766      0.12205409
MINMODE:MODE:      59     -0.13264193     -0.03359536      0.11194129
MINMODE:MODE:      60      0.02489426      0.05407531      0.04839089
MINMODE:MODE:      61      0.04959593      0.07179101      0.11391765
MINMODE:MODE:      62     -0.00305936     -0.06504275     -0.01993771
MINMODE:MODE:      63     -0.00328401     -0.08280682     -0.01117321
MINMODE:MODE:      64      0.05635019     -0.06602928     -0.09272158
MINMODE:MODE:      65      0.04546504     -0.09832027     -0.06342839
MINMODE:MODE:      66      0.00257765     -0.06493060     -0.07856021
MINMODE:MODE:      67      0.03972887     -0.07097681     -0.02329311
MINMODE:MODE:      68      0.00779783     -0.03404001     -0.02826910
MINMODE:MODE:      69     -0.07118898      0.01294572     -0.10111150
MINMODE:MODE:      70     -0.11778167      0.01787703     -0.16771987
MINMODE:MODE:      71     -0.07814070     -0.02214598     -0.15573140
MINMODE:MODE:      72      0.03370268     -0.01935999      0.06827211
MINMODE:MODE:      73      0.07297210      0.01596492      0.07138933
MINMODE:MODE:      74      0.03402623     -0.03585273      0.02608965
MINMODE:MODE:      75      0.09762564     -0.10985913      0.03500901
MINMODE:MODE:      76      0.04499419     -0.03933057      0.02855950
MINMODE:MODE:      77     -0.09717249      0.04529751     -0.10508900
MINMODE:MODE:      78     -0.18008323      0.05647054     -0.22781403
MINMODE:MODE:      79     -0.10621663     -0.02168997     -0.21436226
MINMODE:MODE: Optimization Step: 1
MINMODE:MODE: Order: 0
MINMODE:MODE:       0      0.00127100      0.00780547     -0.04478228
MINMODE:MODE:       1      0.00767935     -0.05278609     -0.00738317
MINMODE:MODE:       2      0.01273869     -0.02379301      0.03061639
MINMODE:MODE:       3      0.02115672     -0.00698237      0.05415055
MINMODE:MODE:       4      0.00307241     -0.00469011      0.02199292
MINMODE:MODE:       5     -0.01909194      0.02796165      0.03009167
MINMODE:MODE:       6      0.01496203     -0.00485101      0.02449468
MINMODE:MODE:       7     -0.00204659      0.02560083      0.02740255
MINMODE:MODE:       8     -0.05310683      0.08919823      0.03744452
MINMODE:MODE:       9     -0.08934068      0.12408080      0.04446504
MINMODE:MODE:      10     -0.07243016      0.09417480      0.04190039
MINMODE:MODE:      11      0.03132397     -0.02543752      0.02959595
MINMODE:MODE:      12      0.01110863     -0.04296444     -0.02072552
MINMODE:MODE:      13      0.02939897     -0.05314311     -0.01434551
MINMODE:MODE:      14      0.06715778     -0.04669061      0.04026935
MINMODE:MODE:      15      0.08700968     -0.02929768      0.08982574
MINMODE:MODE:      16      0.07025099     -0.01811236      0.08547836
MINMODE:MODE:      17     -0.02210143     -0.04293123     -0.03350947
MINMODE:MODE:      18     -0.00402626     -0.01143029     -0.03944849
MINMODE:MODE:      19      0.00120663      0.00743761     -0.02582354
MINMODE:MODE:      20      0.02120953      0.00511198      0.00482857
MINMODE:MODE:      21      0.05943102      0.01210232      0.07191569
MINMODE:MODE:      22      0.07266944      0.02189090      0.07892115
MINMODE:MODE:      23      0.04658409      0.02411655      0.02119201
MINMODE:MODE:      24      0.00800768      0.01722690     -0.04454101
MINMODE:MODE:      25     -0.00589841      0.00820439     -0.05247245
MINMODE:MODE:      26     -0.02760881      0.01883441     -0.00824765
MINMODE:MODE:      27      0.02381410      0.05040221     -0.07474648
MINMODE:MODE:      28      0.01799067      0.05330313     -0.07093427
MINMODE:MODE:      29     -0.04070379      0.02462849     -0.00127872
MINMODE:MODE:      30     -0.09468483     -0.00851533      0.06670702
MINMODE:MODE:      31     -0.08845291     -0.01018030      0.06276157
MINMODE:MODE:      32      0.05633736     -0.02615402      0.04343498
MINMODE:MODE:      33     -0.03743996      0.00370545      0.03925068
MINMODE:MODE:      34      0.05648741     -0.01323191      0.04968536
MINMODE:MODE:      35      0.01609925      0.00677247      0.08462978
MINMODE:MODE:      36      0.05416142     -0.05639669      0.02057817
MINMODE:MODE:      37      0.02431544     -0.00181437      0.02210750
MINMODE:MODE:      38     -0.06613550      0.11201557      0.03963185
MINMODE:MODE:      39     -0.13104397      0.17451988      0.05227709
MINMODE:MODE:      40     -0.10066582      0.12290468      0.04804343
MINMODE:MODE:      41     -0.02021769     -0.04815280     -0.06440127
MINMODE:MODE:      42      0.01423927     -0.06584673     -0.05097487
MINMODE:MODE:      43      0.08118382     -0.05476233      0.04512641
MINMODE:MODE:      44      0.11591793     -0.02403774      0.13236893
MINMODE:MODE:      45      0.08774934     -0.00340317      0.12556076
MINMODE:MODE:      46     -0.04334325     -0.03387652     -0.04015959
MINMODE:MODE:      47     -0.03057363     -0.05439315     -0.03616994
MINMODE:MODE:      48     -0.01663002      0.00557980     -0.04256936
MINMODE:MODE:      49      0.00710153     -0.02159205     -0.03662434
MINMODE:MODE:      50      0.07504225      0.01021166      0.12021948
MINMODE:MODE:      51      0.10207696      0.02698520      0.12932622
MINMODE:MODE:      52      0.05624805      0.03077613      0.02657555
MINMODE:MODE:      53     -0.01132544      0.01858727     -0.09049185
MINMODE:MODE:      54     -0.03760235      0.00348874     -0.10570040
MINMODE:MODE:      55      0.06929637      0.07517246     -0.12985222
MINMODE:MODE:      56      0.06093882      0.08030764     -0.12363464
MINMODE:MODE:      57     -0.04423250      0.02887316     -0.00026726
MINMODE:MODE:      58     -0.14174267     -0.03090609      0.12293438
MINMODE:MODE:      59     -0.13334339     -0.03410513      0.11259821
MINMODE:MODE:      60      0.02564863      0.05091594      0.04635148
MINMODE:MODE:      61      0.05045457      0.07179109      0.11579818
MINMODE:MODE:      62     -0.00362116     -0.06257940     -0.02033389
MINMODE:MODE:      63     -0.00325919     -0.08440601     -0.01150000
MINMODE:MODE:      64      0.05736887     -0.06459969     -0.08625221
MINMODE:MODE:      65      0.04489372     -0.09129041     -0.06025321
MINMODE:MODE:      66      0.00291544     -0.06327463     -0.07717352
MINMODE:MODE:      67      0.04143280     -0.06961163     -0.02367971
MINMODE:MODE:      68      0.00835238     -0.03282664     -0.02954707
MINMODE:MODE:      69     -0.07211835      0.01325382     -0.10152455
MINMODE:MODE:      70     -0.12007993      0.01878743     -0.16603778
MINMODE:MODE:      71     -0.07991060     -0.02094257     -0.15355322
MINMODE:MODE:      72      0.03181215     -0.02601221      0.05237496
MINMODE:MODE:      73      0.07444126      0.00022518      0.05525624
MINMODE:MODE:      74      0.03376555     -0.03626159      0.02472493
MINMODE:MODE:      75      0.09910099     -0.10874137      0.03433305
MINMODE:MODE:      76      0.04580428     -0.03817022      0.02734700
MINMODE:MODE:      77     -0.09794303      0.04544407     -0.10566661
MINMODE:MODE:      78     -0.18295019      0.05762578     -0.22618078
MINMODE:MODE:      79     -0.10755795     -0.02082962     -0.21380186
MINMODE:MODE: Optimization Step: 2
MINMODE:MODE: Order: 0
MINMODE:MODE:       0      0.00208431      0.00590786     -0.04354857
MINMODE:MODE:       1      0.00742768     -0.05127178     -0.00756293
MINMODE:MODE:       2      0.01227759     -0.02255796      0.03211189
MINMODE:MODE:       3      0.02121541     -0.00693343      0.05502297
MINMODE:MODE:       4      0.00386287     -0.00497096      0.02207421
MINMODE:MODE:       5     -0.01930221      0.02839922      0.03027050
MINMODE:MODE:       6      0.01500680     -0.00463368      0.02459475
MINMODE:MODE:       7     -0.00203785      0.02584525      0.02747390
MINMODE:MODE:       8     -0.05347268      0.08951792      0.03754713
MINMODE:MODE:       9     -0.08997934      0.12441764      0.04461574
MINMODE:MODE:      10     -0.07293529      0.09452674      0.04201445
MINMODE:MODE:      11      0.03171696     -0.02546449      0.02958868
MINMODE:MODE:      12      0.01135448     -0.04317800     -0.02094810
MINMODE:MODE:      13      0.02965505     -0.05342924     -0.01455534
MINMODE:MODE:      14      0.06748801     -0.04694890      0.04046608
MINMODE:MODE:      15      0.08747697     -0.02934949      0.09032648
MINMODE:MODE:      16      0.07072142     -0.01815186      0.08594086
MINMODE:MODE:      17     -0.02117510     -0.04178031     -0.03207210
MINMODE:MODE:      18     -0.00415409     -0.01145670     -0.03881110
MINMODE:MODE:      19      0.00107253      0.00652236     -0.02576839
MINMODE:MODE:      20      0.02147249      0.00506949      0.00471319
MINMODE:MODE:      21      0.05999870      0.01220022      0.07205777
MINMODE:MODE:      22      0.07337072      0.02207850      0.07914468
MINMODE:MODE:      23      0.04693010      0.02420972      0.02126378
MINMODE:MODE:      24      0.00798706      0.01722434     -0.04469055
MINMODE:MODE:      25     -0.00604411      0.00810326     -0.05269164
MINMODE:MODE:      26     -0.02785128      0.01888459     -0.00847480
MINMODE:MODE:      27      0.02365019      0.05087945     -0.07523220
MINMODE:MODE:      28      0.01775273      0.05365161     -0.07126301
MINMODE:MODE:      29     -0.04094823      0.02464789     -0.00121665
MINMODE:MODE:      30     -0.09498294     -0.00889867      0.06705669
MINMODE:MODE:      31     -0.08872638     -0.01040042      0.06303154
MINMODE:MODE:      32      0.05428262     -0.02460102      0.04425296
MINMODE:MODE:      33     -0.03447813      0.00186881      0.04069757
MINMODE:MODE:      34      0.05630488     -0.01354368      0.05071302
MINMODE:MODE:      35      0.01611864      0.00690047      0.08511627
MINMODE:MODE:      36      0.05467315     -0.05646638      0.02067288
MINMODE:MODE:      37      0.02452727     -0.00164351      0.02212225
MINMODE:MODE:      38     -0.06660990      0.11242484      0.03974336
MINMODE:MODE:      39     -0.13209327      0.17501558      0.05248678
MINMODE:MODE:      40     -0.10127497      0.12338675      0.04826243
MINMODE:MODE:      41     -0.01996475     -0.04835806     -0.06486436
MINMODE:MODE:      42      0.01434577     -0.06628250     -0.05137112
MINMODE:MODE:      43      0.08155892     -0.05509475      0.04534420
MINMODE:MODE:      44      0.11642526     -0.02404184      0.13315948
MINMODE:MODE:      45      0.08820088     -0.00335007      0.12624212
MINMODE:MODE:      46     -0.04158657     -0.03156611     -0.04058733
MINMODE:MODE:      47     -0.03226395     -0.05657709     -0.03343705
MINMODE:MODE:      48     -0.01671900      0.00542444     -0.04278979
MINMODE:MODE:      49      0.00623716     -0.02100233     -0.03620917
MINMODE:MODE:      50      0.07559212      0.01037354      0.12075364
MINMODE:MODE:      51      0.10306642      0.02722903      0.12973365
MINMODE:MODE:      52      0.05666612      0.03089055      0.02670346
MINMODE:MODE:      53     -0.01150975      0.01852844     -0.09087689
MINMODE:MODE:      54     -0.03821338      0.00363468     -0.10601020
MINMODE:MODE:      55      0.06931892      0.07609936     -0.13073401
MINMODE:MODE:      56      0.06094194      0.08099899     -0.12413009
MINMODE:MODE:      57     -0.04449597      0.02888331     -0.00014983
MINMODE:MODE:      58     -0.14201030     -0.03155691      0.12352750
MINMODE:MODE:      59     -0.13374981     -0.03461954      0.11302372
MINMODE:MODE:      60      0.02634950      0.04739423      0.04446581
MINMODE:MODE:      61      0.05130511      0.07091621      0.11747885
MINMODE:MODE:      62     -0.00396967     -0.06028989     -0.02055872
MINMODE:MODE:      63     -0.00330926     -0.08542201     -0.01132560
MINMODE:MODE:      64      0.05795483     -0.06372681     -0.08023020
MINMODE:MODE:      65      0.04442447     -0.08765463     -0.05895014
MINMODE:MODE:      66      0.00281509     -0.06203828     -0.07665221
MINMODE:MODE:      67      0.04267177     -0.06854898     -0.02380903
MINMODE:MODE:      68      0.00877896     -0.03180277     -0.03025673
MINMODE:MODE:      69     -0.07286923      0.01370118     -0.10150550
MINMODE:MODE:      70     -0.12164219      0.01982090     -0.16447349
MINMODE:MODE:      71     -0.08105800     -0.01984201     -0.15195017
MINMODE:MODE:      72      0.03090323     -0.03110534      0.03996636
MINMODE:MODE:      73      0.07577211     -0.00940800      0.04380671
MINMODE:MODE:      74      0.03373646     -0.03718336      0.02301385
MINMODE:MODE:      75      0.10044232     -0.10734599      0.03353279
MINMODE:MODE:      76      0.04647121     -0.03729394      0.02600768
MINMODE:MODE:      77     -0.09872983      0.04521380     -0.10592686
MINMODE:MODE:      78     -0.18543989      0.05855619     -0.22405211
MINMODE:MODE:      79     -0.10880991     -0.01955564     -0.21245662
MINMODE:MODE: Optimization Step: 3
MINMODE:MODE: Order: 0
MINMODE:MODE:       0      0.00271743      0.00434721     -0.04246849
MINMODE:MODE:       1      0.00721145     -0.05017296     -0.00812621
MINMODE:MODE:       2      0.01181651     -0.02162966      0.03296457
MINMODE:MODE:       3      0.02134676     -0.00691859      0.05569837
MINMODE:MODE:       4      0.00446070     -0.00520104      0.02219911
MINMODE:MODE:       5     -0.01943352      0.02874420      0.03042205
MINMODE:MODE:       6      0.01504393     -0.00442456      0.02467364
MINMODE:MODE:       7     -0.00202436      0.02606361      0.02751790
MINMODE:MODE:       8     -0.05377405      0.08975064      0.03761162
MINMODE:MODE:       9     -0.09049290      0.12464445      0.04472811
MINMODE:MODE:      10     -0.07332312      0.09473059      0.04209212
MINMODE:MODE:      11      0.03204271     -0.02548941      0.02962053
MINMODE:MODE:      12      0.01159826     -0.04338263     -0.02112127
MINMODE:MODE:      13      0.02987302     -0.05368147     -0.01474060
MINMODE:MODE:      14      0.06776992     -0.04711125      0.04063570
MINMODE:MODE:      15      0.08780529     -0.02937542      0.09065451
MINMODE:MODE:      16      0.07105740     -0.01813240      0.08628308
MINMODE:MODE:      17     -0.02054037     -0.04078352     -0.03138553
MINMODE:MODE:      18     -0.00425253     -0.01145125     -0.03829100
MINMODE:MODE:      19      0.00097491      0.00580563     -0.02565274
MINMODE:MODE:      20      0.02166397      0.00503522      0.00460366
MINMODE:MODE:      21      0.06048188      0.01232525      0.07214042
MINMODE:MODE:      22      0.07394212      0.02225114      0.07928675
MINMODE:MODE:      23      0.04721798      0.02427203      0.02131215
MINMODE:MODE:      24      0.00795798      0.01716504     -0.04480614
MINMODE:MODE:      25     -0.00615814      0.00798823     -0.05286361
MINMODE:MODE:      26     -0.02798398      0.01891447     -0.00867151
MINMODE:MODE:      27      0.02352179      0.05129006     -0.07561956
MINMODE:MODE:      28      0.01753024      0.05398250     -0.07153930
MINMODE:MODE:      29     -0.04115392      0.02465374     -0.00116160
MINMODE:MODE:      30     -0.09515341     -0.00926159      0.06728375
MINMODE:MODE:      31     -0.08889770     -0.01067245      0.06325230
MINMODE:MODE:      32      0.05255470     -0.02347097      0.04485540
MINMODE:MODE:      33     -0.03258574      0.00058476      0.04145371
MINMODE:MODE:      34      0.05612720     -0.01383882      0.05159341
MINMODE:MODE:      35      0.01620368      0.00692672      0.08556224
MINMODE:MODE:      36      0.05507263     -0.05644314      0.02068932
MINMODE:MODE:      37      0.02471496     -0.00147633      0.02211396
MINMODE:MODE:      38     -0.06698790      0.11270782      0.03981075
MINMODE:MODE:      39     -0.13293905      0.17533079      0.05265456
MINMODE:MODE:      40     -0.10178814      0.12377876      0.04847633
MINMODE:MODE:      41     -0.01967626     -0.04854660     -0.06523415
MINMODE:MODE:      42      0.01447023     -0.06665948     -0.05171044
MINMODE:MODE:      43      0.08185202     -0.05534353      0.04549463
MINMODE:MODE:      44      0.11682548     -0.02400794      0.13379484
MINMODE:MODE:      45      0.08850806     -0.00323514      0.12677047
MINMODE:MODE:      46     -0.04026071     -0.02990307     -0.04094740
MINMODE:MODE:      47     -0.03353442     -0.05777116     -0.03184707
MINMODE:MODE:      48     -0.01667797      0.00521494     -0.04286498
MINMODE:MODE:      49      0.00545602     -0.02049907     -0.03580109
MINMODE:MODE:      50      0.07609429      0.01057550      0.12112248
MINMODE:MODE:      51      0.10389284      0.02744750      0.13000538
MINMODE:MODE:      52      0.05700098      0.03095849      0.02680338
MINMODE:MODE:      53     -0.01168281      0.01839619     -0.09114714
MINMODE:MODE:      54     -0.03870964      0.00369926     -0.10624170
MINMODE:MODE:      55      0.06928624      0.07690537     -0.13138878
MINMODE:MODE:      56      0.06084583      0.08160584     -0.12447604
MINMODE:MODE:      57     -0.04473145      0.02888079     -0.00006000
MINMODE:MODE:      58     -0.14216459     -0.03215329      0.12400443
MINMODE:MODE:      59     -0.13399634     -0.03513732      0.11333493
MINMODE:MODE:      60      0.02699904      0.04369323      0.04319143
MINMODE:MODE:      61      0.05201061      0.07014675      0.11868620
MINMODE:MODE:      62     -0.00416632     -0.05864657     -0.02099471
MINMODE:MODE:      63     -0.00340692     -0.08590498     -0.01073910
MINMODE:MODE:      64      0.05819881     -0.06223691     -0.07592304
MINMODE:MODE:      65      0.04414455     -0.08419269     -0.05789544
MINMODE:MODE:      66      0.00264762     -0.06094552     -0.07649924
MINMODE:MODE:      67      0.04358488     -0.06770272     -0.02397021
MINMODE:MODE:      68      0.00917026     -0.03134287     -0.03086646
MINMODE:MODE:      69     -0.07362722      0.01341820     -0.10129846
MINMODE:MODE:      70     -0.12242040      0.01978158     -0.16306247
MINMODE:MODE:      71     -0.08198871     -0.01917223     -0.15062101
MINMODE:MODE:      72      0.03063095     -0.03466040      0.03111219
MINMODE:MODE:      73      0.07672953     -0.01478798      0.03593979
MINMODE:MODE:      74      0.03381462     -0.03816753      0.02133748
MINMODE:MODE:      75      0.10162585     -0.10612947      0.03273468
MINMODE:MODE:      76      0.04698612     -0.03686066      0.02474445
MINMODE:MODE:      77     -0.09959281      0.04472104     -0.10590189
MINMODE:MODE:      78     -0.18730420      0.05866788     -0.22250475
MINMODE:MODE:      79     -0.11005266     -0.01848082     -0.21082367
MINMODE:MODE: Optimization Step: 4
MINMODE:MODE: Order: 0
MINMODE:MODE:       0      0.00332821      0.00279127     -0.04139177
MINMODE:MODE:       1      0.00699584     -0.04921648     -0.00902693
MINMODE:MODE:       2      0.01134964     -0.02082786      0.03350351
MINMODE:MODE:       3      0.02151046     -0.00693310      0.05626244
MINMODE:MODE:       4      0.00499949     -0.00541436      0.02232388
MINMODE:MODE:       5     -0.01920280      0.02874450      0.03049223
MINMODE:MODE:       6      0.01509546     -0.00420571      0.02474235
MINMODE:MODE:       7     -0.00202829      0.02629487      0.02754903
MINMODE:MODE:       8     -0.05402477      0.08989893      0.03763777
MINMODE:MODE:       9     -0.09096208      0.12477203      0.04481320
MINMODE:MODE:      10     -0.07392445      0.09514584      0.04220983
MINMODE:MODE:      11      0.03232646     -0.02550341      0.02965572
MINMODE:MODE:      12      0.01185861     -0.04356799     -0.02126555
MINMODE:MODE:      13      0.03007636     -0.05391645     -0.01492806
MINMODE:MODE:      14      0.06801650     -0.04723647      0.04074852
MINMODE:MODE:      15      0.08805230     -0.02934854      0.09092098
MINMODE:MODE:      16      0.07130407     -0.01807114      0.08653808
MINMODE:MODE:      17     -0.02003856     -0.03978545     -0.03105128
MINMODE:MODE:      18     -0.00436024     -0.01141177     -0.03780152
MINMODE:MODE:      19      0.00091221      0.00520590     -0.02549595
MINMODE:MODE:      20      0.02182665      0.00500622      0.00447555
MINMODE:MODE:      21      0.06091926      0.01246572      0.07215470
MINMODE:MODE:      22      0.07445256      0.02241543      0.07934440
MINMODE:MODE:      23      0.04747261      0.02430847      0.02133795
MINMODE:MODE:      24      0.00793607      0.01705433     -0.04489778
MINMODE:MODE:      25     -0.00622857      0.00786236     -0.05303632
MINMODE:MODE:      26     -0.02806701      0.01892463     -0.00881029
MINMODE:MODE:      27      0.02337430      0.05169468     -0.07596035
MINMODE:MODE:      28      0.01731233      0.05431280     -0.07177567
MINMODE:MODE:      29     -0.04135616      0.02462601     -0.00110142
MINMODE:MODE:      30     -0.09520113     -0.00964590      0.06746018
MINMODE:MODE:      31     -0.08892550     -0.01099206      0.06340061
MINMODE:MODE:      32      0.05085228     -0.02251335      0.04531893
MINMODE:MODE:      33     -0.03120364     -0.00044784      0.04188186
MINMODE:MODE:      34      0.05594177     -0.01413362      0.05238446
MINMODE:MODE:      35      0.01630903      0.00687340      0.08597788
MINMODE:MODE:      36      0.05543111     -0.05632976      0.02063260
MINMODE:MODE:      37      0.02489519     -0.00127954      0.02208612
MINMODE:MODE:      38     -0.06730495      0.11286515      0.03983397
MINMODE:MODE:      39     -0.13367086      0.17544579      0.05278433
MINMODE:MODE:      40     -0.10226272      0.12402602      0.04863051
MINMODE:MODE:      41     -0.01933729     -0.04872522     -0.06554390
MINMODE:MODE:      42      0.01461552     -0.06701197     -0.05202193
MINMODE:MODE:      43      0.08208130     -0.05552845      0.04559117
MINMODE:MODE:      44      0.11709877     -0.02390933      0.13430066
MINMODE:MODE:      45      0.08870264     -0.00306609      0.12718590
MINMODE:MODE:      46     -0.03910127     -0.02846029     -0.04130548
MINMODE:MODE:      47     -0.03457427     -0.05841016     -0.03079046
MINMODE:MODE:      48     -0.01655304      0.00493327     -0.04282428
MINMODE:MODE:      49      0.00466959     -0.02002319     -0.03537354
MINMODE:MODE:      50      0.07658452      0.01081423      0.12134873
MINMODE:MODE:      51      0.10464838      0.02766164      0.13014066
MINMODE:MODE:      52      0.05729260      0.03098794      0.02687784
MINMODE:MODE:      53     -0.01186311      0.01819540     -0.09131642
MINMODE:MODE:      54     -0.03907649      0.00354792     -0.10669386
MINMODE:MODE:      55      0.06914212      0.07767529     -0.13188375
MINMODE:MODE:      56      0.06062532      0.08218780     -0.12469255
MINMODE:MODE:      57     -0.04494971      0.02885121      0.00003013
MINMODE:MODE:      58     -0.14214148     -0.03279482      0.12435768
MINMODE:MODE:      59     -0.13408586     -0.03572241      0.11354474
MINMODE:MODE:      60      0.02739769      0.04070228      0.04212795
MINMODE:MODE:      61      0.05280461      0.06835061      0.11988341
MINMODE:MODE:      62     -0.00432380     -0.05717583     -0.02123046
MINMODE:MODE:      63     -0.00352613     -0.08615431     -0.01017774
MINMODE:MODE:      64      0.05849451     -0.06207477     -0.07199426
MINMODE:MODE:      65      0.04374591     -0.08341426     -0.05777245
MINMODE:MODE:      66      0.00241921     -0.06019818     -0.07623953
MINMODE:MODE:      67      0.04421799     -0.06704222     -0.02403223
MINMODE:MODE:      68      0.00941519     -0.03067937     -0.03116082
MINMODE:MODE:      69     -0.07404648      0.01402552     -0.10101421
MINMODE:MODE:      70     -0.12333339      0.02092255     -0.16179915
MINMODE:MODE:      71     -0.08262116     -0.01816891     -0.14951552
MINMODE:MODE:      72      0.03076028     -0.03750986      0.02403961
MINMODE:MODE:      73      0.07741789     -0.01819625      0.02971237
MINMODE:MODE:      74      0.03393853     -0.03958259      0.01955129
MINMODE:MODE:      75      0.10274270     -0.10487147      0.03184883
MINMODE:MODE:      76      0.04744722     -0.03654370      0.02345188
MINMODE:MODE:      77     -0.10028785      0.04426575     -0.10596063
MINMODE:MODE:      78     -0.18908455      0.05932450     -0.22025880
MINMODE:MODE:      79     -0.11114369     -0.01713578     -0.20894958
MINMODE:MODE: Optimization Step: 5
MINMODE:MODE: Order: 0
MINMODE:MODE:       0      0.00388068      0.00126562     -0.04039491
MINMODE:MODE:       1      0.00682414     -0.04836140     -0.00995797
MINMODE:MODE:       2      0.01090417     -0.02017731      0.03381456
MINMODE:MODE:       3      0.02170153     -0.00698207      0.05672879
MINMODE:MODE:       4      0.00547434     -0.00562257      0.02248151
MINMODE:MODE:       5     -0.01908924      0.02881335      0.03055674
MINMODE:MODE:       6      0.01519361     -0.00400696      0.02477397
MINMODE:MODE:       7     -0.00204223      0.02653117      0.02757728
MINMODE:MODE:       8     -0.05426339      0.09001296      0.03766199
MINMODE:MODE:       9     -0.09142993      0.12489910      0.04490408
MINMODE:MODE:      10     -0.07436760      0.09542641      0.04230993
MINMODE:MODE:      11      0.03257350     -0.02552136      0.02971994
MINMODE:MODE:      12      0.01212753     -0.04375250     -0.02139327
MINMODE:MODE:      13      0.03029423     -0.05414880     -0.01510180
MINMODE:MODE:      14      0.06823450     -0.04734803      0.04081680
MINMODE:MODE:      15      0.08828110     -0.02929454      0.09117315
MINMODE:MODE:      16      0.07150794     -0.01798212      0.08677599
MINMODE:MODE:      17     -0.01966601     -0.03884507     -0.03098649
MINMODE:MODE:      18     -0.00447724     -0.01135007     -0.03739785
MINMODE:MODE:      19      0.00085558      0.00471368     -0.02533847
MINMODE:MODE:      20      0.02196492      0.00499013      0.00433192
MINMODE:MODE:      21      0.06134057      0.01261832      0.07214250
MINMODE:MODE:      22      0.07493673      0.02257690      0.07937052
MINMODE:MODE:      23      0.04773080      0.02433833      0.02134026
MINMODE:MODE:      24      0.00793354      0.01691791     -0.04499701
MINMODE:MODE:      25     -0.00629787      0.00772487     -0.05322635
MINMODE:MODE:      26     -0.02811077      0.01892672     -0.00891213
MINMODE:MODE:      27      0.02322066      0.05208722     -0.07626072
MINMODE:MODE:      28      0.01707642      0.05464132     -0.07196682
MINMODE:MODE:      29     -0.04153170      0.02458374     -0.00105859
MINMODE:MODE:      30     -0.09518765     -0.01004703      0.06761434
MINMODE:MODE:      31     -0.08888987     -0.01134031      0.06352254
MINMODE:MODE:      32      0.04924781     -0.02175067      0.04565338
MINMODE:MODE:      33     -0.03030987     -0.00123583      0.04208754
MINMODE:MODE:      34      0.05580860     -0.01442056      0.05306724
MINMODE:MODE:      35      0.01641981      0.00675052      0.08639439
MINMODE:MODE:      36      0.05578554     -0.05616928      0.02054114
MINMODE:MODE:      37      0.02507023     -0.00106514      0.02206260
MINMODE:MODE:      38     -0.06758614      0.11296048      0.03984179
MINMODE:MODE:      39     -0.13434518      0.17548312      0.05290114
MINMODE:MODE:      40     -0.10275543      0.12422175      0.04875726
MINMODE:MODE:      41     -0.01897776     -0.04890937     -0.06582174
MINMODE:MODE:      42      0.01478282     -0.06736795     -0.05232742
MINMODE:MODE:      43      0.08229137     -0.05568099      0.04565797
MINMODE:MODE:      44      0.11732325     -0.02377737      0.13475035
MINMODE:MODE:      45      0.08884290     -0.00286878      0.12755846
MINMODE:MODE:      46     -0.03813610     -0.02723481     -0.04170080
MINMODE:MODE:      47     -0.03536339     -0.05860651     -0.03019957
MINMODE:MODE:      48     -0.01637772      0.00460378     -0.04271457
MINMODE:MODE:      49      0.00392816     -0.01961628     -0.03498397
MINMODE:MODE:      50      0.07708906      0.01106811      0.12150440
MINMODE:MODE:      51      0.10536772      0.02787581      0.13022304
MINMODE:MODE:      52      0.05757921      0.03100060      0.02693577
MINMODE:MODE:      53     -0.01204538      0.01796174     -0.09144190
MINMODE:MODE:      54     -0.03947286      0.00335561     -0.10707019
MINMODE:MODE:      55      0.06894643      0.07842490     -0.13229152
MINMODE:MODE:      56      0.06033368      0.08277443     -0.12487467
MINMODE:MODE:      57     -0.04517257      0.02881029      0.00012145
MINMODE:MODE:      58     -0.14203850     -0.03346620      0.12465507
MINMODE:MODE:      59     -0.13408562     -0.03634661      0.11371186
MINMODE:MODE:      60      0.02780595      0.03786000      0.04126859
MINMODE:MODE:      61      0.05357905      0.06631396      0.12089730
MINMODE:MODE:      62     -0.00441032     -0.05602507     -0.02141237
MINMODE:MODE:      63     -0.00366429     -0.08620819     -0.00964833
MINMODE:MODE:      64      0.05872768     -0.06193143     -0.06903113
MINMODE:MODE:      65      0.04340993     -0.08287211     -0.05778218
MINMODE:MODE:      66      0.00222114     -0.05949976     -0.07596568
MINMODE:MODE:      67      0.04467770     -0.06647325     -0.02408401
MINMODE:MODE:      68      0.00958643     -0.03015095     -0.03138957
MINMODE:MODE:      69     -0.07445020      0.01448403     -0.10068071
MINMODE:MODE:      70     -0.12411409      0.02184037     -0.16055222
MINMODE:MODE:      71     -0.08317201     -0.01723115     -0.14844755
MINMODE:MODE:      72      0.03115187     -0.03974232      0.01849769
MINMODE:MODE:      73      0.07780595     -0.02016194      0.02491531
MINMODE:MODE:      74      0.03409043     -0.04133581      0.01774444
MINMODE:MODE:      75      0.10379278     -0.10369446      0.03096976
MINMODE:MODE:      76      0.04784132     -0.03628352      0.02222554
MINMODE:MODE:      77     -0.10093043      0.04387223     -0.10599717
MINMODE:MODE:      78     -0.19064719      0.05991345     -0.21813110
MINMODE:MODE:      79     -0.11215473     -0.01573648     -0.20701958
MINMODE:MODE: Optimization Step: 6
MINMODE:MODE: Order: 0
MINMODE:MODE:       0      0.00443477     -0.00024121     -0.03942199
MINMODE:MODE:       1      0.00668568     -0.04757067     -0.01091322
MINMODE:MODE:       2      0.01047183     -0.01963079      0.03397922
MINMODE:MODE:       3      0.02189819     -0.00706709      0.05713104
MINMODE:MODE:       4      0.00590562     -0.00583104      0.02264778
MINMODE:MODE:       5     -0.01898968      0.02891956      0.03061940
MINMODE:MODE:       6      0.01535984     -0.00383371      0.02479382
MINMODE:MODE:       7     -0.00174462      0.02646717      0.02754546
MINMODE:MODE:       8     -0.05481100      0.09042734      0.03775996
MINMODE:MODE:       9     -0.09190659      0.12501363      0.04498545
MINMODE:MODE:      10     -0.07474320      0.09562951      0.04238617
MINMODE:MODE:      11      0.03277844     -0.02557163      0.02976298
MINMODE:MODE:      12      0.01242608     -0.04391260     -0.02146770
MINMODE:MODE:      13      0.03052287     -0.05438718     -0.01526122
MINMODE:MODE:      14      0.06844488     -0.04745167      0.04085965
MINMODE:MODE:      15      0.08850339     -0.02921771      0.09141970
MINMODE:MODE:      16      0.07170777     -0.01786742      0.08700593
MINMODE:MODE:      17     -0.01938990     -0.03793774     -0.03112013
MINMODE:MODE:      18     -0.00461018     -0.01127946     -0.03706504
MINMODE:MODE:      19      0.00080829      0.00429973     -0.02518840
MINMODE:MODE:      20      0.02207823      0.00497646      0.00416923
MINMODE:MODE:      21      0.06175393      0.01278132      0.07212032
MINMODE:MODE:      22      0.07541352      0.02274199      0.07936806
MINMODE:MODE:      23      0.04798662      0.02436259      0.02133001
MINMODE:MODE:      24      0.00793053      0.01676886     -0.04509489
MINMODE:MODE:      25     -0.00638021      0.00758012     -0.05341258
MINMODE:MODE:      26     -0.02812026      0.01892415     -0.00899146
MINMODE:MODE:      27      0.02306053      0.05249572     -0.07656055
MINMODE:MODE:      28      0.01682641      0.05497246     -0.07213243
MINMODE:MODE:      29     -0.04169873      0.02452648     -0.00103082
MINMODE:MODE:      30     -0.09512036     -0.01047160      0.06775063
MINMODE:MODE:      31     -0.08879303     -0.01172486      0.06361118
MINMODE:MODE:      32      0.04770164     -0.02112522      0.04587826
MINMODE:MODE:      33     -0.02979051     -0.00184491      0.04215668
MINMODE:MODE:      34      0.05573997     -0.01469919      0.05366048
MINMODE:MODE:      35      0.01652320      0.00655750      0.08682177
MINMODE:MODE:      36      0.05615639     -0.05596508      0.02041946
MINMODE:MODE:      37      0.02527064     -0.00085641      0.02202552
MINMODE:MODE:      38     -0.06787776      0.11302707      0.03983269
MINMODE:MODE:      39     -0.13500456      0.17546677      0.05301888
MINMODE:MODE:      40     -0.10326813      0.12436695      0.04886251
MINMODE:MODE:      41     -0.01858710     -0.04909470     -0.06606688
MINMODE:MODE:      42      0.01497572     -0.06773775     -0.05263808
MINMODE:MODE:      43      0.08248923     -0.05581409      0.04570045
MINMODE:MODE:      44      0.11751766     -0.02361403      0.13516758
MINMODE:MODE:      45      0.08894558     -0.00264606      0.12790889
MINMODE:MODE:      46     -0.03731272     -0.02614040     -0.04213816
MINMODE:MODE:      47     -0.03593921     -0.05846212     -0.02995009
MINMODE:MODE:      48     -0.01616285      0.00422043     -0.04253565
MINMODE:MODE:      49      0.00322418     -0.01926982     -0.03463603
MINMODE:MODE:      50      0.07762946      0.01134163      0.12160329
MINMODE:MODE:      51      0.10608439      0.02809193      0.13026735
MINMODE:MODE:      52      0.05787500      0.03100369      0.02698092
MINMODE:MODE:      53     -0.01222932      0.01770421     -0.09153712
MINMODE:MODE:      54     -0.03987536      0.00313525     -0.10742271
MINMODE:MODE:      55      0.06866376      0.07915866     -0.13260717
MINMODE:MODE:      56      0.05997020      0.08337385     -0.12503065
MINMODE:MODE:      57     -0.04540557      0.02875595      0.00021877
MINMODE:MODE:      58     -0.14186588     -0.03417932      0.12491373
MINMODE:MODE:      59     -0.13402909     -0.03702672      0.11386220
MINMODE:MODE:      60      0.02821933      0.03508123      0.04059241
MINMODE:MODE:      61      0.05432046      0.06401832      0.12172766
MINMODE:MODE:      62     -0.00447236     -0.05513229     -0.02151974
MINMODE:MODE:      63     -0.00382387     -0.08610931     -0.00919415
MINMODE:MODE:      64      0.05903251     -0.06177038     -0.06679000
MINMODE:MODE:      65      0.04308592     -0.08258941     -0.05800907
MINMODE:MODE:      66      0.00213431     -0.05877379     -0.07564186
MINMODE:MODE:      67      0.04502283     -0.06588649     -0.02418311
MINMODE:MODE:      68      0.00974118     -0.02971337     -0.03162338
MINMODE:MODE:      69     -0.07487602      0.01486428     -0.10033715
MINMODE:MODE:      70     -0.12479086      0.02263209     -0.15928120
MINMODE:MODE:      71     -0.08369015     -0.01631335     -0.14736018
MINMODE:MODE:      72      0.03172724     -0.04150428      0.01403946
MINMODE:MODE:      73      0.07788854     -0.02103071      0.02123670
MINMODE:MODE:      74      0.03420587     -0.04333872      0.01589583
MINMODE:MODE:      75      0.10478642     -0.10256797      0.03007985
MINMODE:MODE:      76      0.04817290     -0.03611027      0.02102745
MINMODE:MODE:      77     -0.10158423      0.04351184     -0.10596864
MINMODE:MODE:      78     -0.19206346      0.06044136     -0.21604165
MINMODE:MODE:      79     -0.11314515     -0.01432759     -0.20497169
MINMODE:MODE: Optimization Step: 7
MINMODE:MODE: Order: 0
MINMODE:MODE:       0      0.00494985     -0.00182259     -0.03848243
MINMODE:MODE:       1      0.00657176     -0.04679191     -0.01187062
MINMODE:MODE:       2      0.01003891     -0.01919027      0.03402633
MINMODE:MODE:       3      0.02211824     -0.00720117      0.05749088
MINMODE:MODE:       4      0.00631689     -0.00608615      0.02287514
MINMODE:MODE:       5     -0.01890230      0.02903130      0.03067834
MINMODE:MODE:       6      0.01558273     -0.00370084      0.02479100
MINMODE:MODE:       7     -0.00160328      0.02652936      0.02753294
MINMODE:MODE:       8     -0.05519420      0.09070740      0.03782458
MINMODE:MODE:       9     -0.09242564      0.12515649      0.04507986
MINMODE:MODE:      10     -0.07509663      0.09578408      0.04244413
MINMODE:MODE:      11      0.03297611     -0.02561405      0.02985499
MINMODE:MODE:      12      0.01274109     -0.04409878     -0.02155275
MINMODE:MODE:      13      0.03077358     -0.05463685     -0.01541603
MINMODE:MODE:      14      0.06867162     -0.04754186      0.04088929
MINMODE:MODE:      15      0.08869801     -0.02913927      0.09166732
MINMODE:MODE:      16      0.07189955     -0.01773291      0.08725453
MINMODE:MODE:      17     -0.01917353     -0.03703985     -0.03140776
MINMODE:MODE:      18     -0.00476443     -0.01120692     -0.03679545
MINMODE:MODE:      19      0.00075074      0.00394488     -0.02505048
MINMODE:MODE:      20      0.02221204      0.00496208      0.00401379
MINMODE:MODE:      21      0.06216116      0.01295462      0.07206615
MINMODE:MODE:      22      0.07589841      0.02290824      0.07934482
MINMODE:MODE:      23      0.04825027      0.02438252      0.02131534
MINMODE:MODE:      24      0.00792845      0.01660948     -0.04520161
MINMODE:MODE:      25     -0.00648107      0.00742920     -0.05362812
MINMODE:MODE:      26     -0.02808560      0.01892981     -0.00907320
MINMODE:MODE:      27      0.02292268      0.05291994     -0.07686641
MINMODE:MODE:      28      0.01659101      0.05532100     -0.07229854
MINMODE:MODE:      29     -0.04186049      0.02445588     -0.00102240
MINMODE:MODE:      30     -0.09500141     -0.01091238      0.06786037
MINMODE:MODE:      31     -0.08869339     -0.01214828      0.06370584
MINMODE:MODE:      32      0.04616728     -0.02061774      0.04600368
MINMODE:MODE:      33     -0.02959024     -0.00231672      0.04213232
MINMODE:MODE:      34      0.05576131     -0.01497828      0.05418402
MINMODE:MODE:      35      0.01662050      0.00628290      0.08727670
MINMODE:MODE:      36      0.05653975     -0.05572301      0.02026265
MINMODE:MODE:      37      0.02551279     -0.00066245      0.02199792
MINMODE:MODE:      38     -0.06819180      0.11311455      0.03984412
MINMODE:MODE:      39     -0.13567054      0.17542890      0.05313924
MINMODE:MODE:      40     -0.10380981      0.12447033      0.04894354
MINMODE:MODE:      41     -0.01818774     -0.04923451     -0.06638869
MINMODE:MODE:      42      0.01519670     -0.06813044     -0.05296253
MINMODE:MODE:      43      0.08268498     -0.05592943      0.04572213
MINMODE:MODE:      44      0.11769700     -0.02342160      0.13557570
MINMODE:MODE:      45      0.08902764     -0.00240252      0.12825856
MINMODE:MODE:      46     -0.03660573     -0.02512404     -0.04263819
MINMODE:MODE:      47     -0.03631739     -0.05803152     -0.02997498
MINMODE:MODE:      48     -0.01592273      0.00378064     -0.04231628
MINMODE:MODE:      49      0.00255381     -0.01898248     -0.03433451
MINMODE:MODE:      50      0.07821899      0.01162780      0.12165379
MINMODE:MODE:      51      0.10681217      0.02832094      0.13028487
MINMODE:MODE:      52      0.05818852      0.03100465      0.02702101
MINMODE:MODE:      53     -0.01241840      0.01742859     -0.09161362
MINMODE:MODE:      54     -0.04028337      0.00288976     -0.10777603
MINMODE:MODE:      55      0.06834750      0.07989545     -0.13286706
MINMODE:MODE:      56      0.05951125      0.08396535     -0.12515082
MINMODE:MODE:      57     -0.04565911      0.02868512      0.00032533
MINMODE:MODE:      58     -0.14165487     -0.03494432      0.12516213
MINMODE:MODE:      59     -0.13390169     -0.03775684      0.11401771
MINMODE:MODE:      60      0.02868485      0.03233540      0.04012014
MINMODE:MODE:      61      0.05507202      0.06147860      0.12235691
MINMODE:MODE:      62     -0.00448832     -0.05449582     -0.02153833
MINMODE:MODE:      63     -0.00400361     -0.08587312     -0.00886321
MINMODE:MODE:      64      0.05943169     -0.06160124     -0.06512581
MINMODE:MODE:      65      0.04273008     -0.08259306     -0.05848980
MINMODE:MODE:      66      0.00208817     -0.05799721     -0.07526628
MINMODE:MODE:      67      0.04532278     -0.06527026     -0.02429181
MINMODE:MODE:      68      0.00989475     -0.02933167     -0.03185178
MINMODE:MODE:      69     -0.07532536      0.01516599     -0.09999932
MINMODE:MODE:      70     -0.12542483      0.02334813     -0.15799507
MINMODE:MODE:      71     -0.08415538     -0.01536614     -0.14622919
MINMODE:MODE:      72      0.03243670     -0.04285940      0.01041849
MINMODE:MODE:      73      0.07766271     -0.02093271      0.01856061
MINMODE:MODE:      74      0.03425759     -0.04557542      0.01396152
MINMODE:MODE:      75      0.10574950     -0.10143255      0.02918382
MINMODE:MODE:      76      0.04846326     -0.03600509      0.01980814
MINMODE:MODE:      77     -0.10226958      0.04316743     -0.10589567
MINMODE:MODE:      78     -0.19338409      0.06090976     -0.21393806
MINMODE:MODE:      79     -0.11414082     -0.01287286     -0.20275786
MINMODE:MODE: Optimization Step: 8
MINMODE:MODE: Order: 0
MINMODE:MODE:       0      0.00542378     -0.00334645     -0.03765164
MINMODE:MODE:       1      0.00649525     -0.04608546     -0.01274416
MINMODE:MODE:       2      0.00963090     -0.01884499      0.03399016
MINMODE:MODE:       3      0.02234252     -0.00737079      0.05778905
MINMODE:MODE:       4      0.00666462     -0.00631877      0.02305166
MINMODE:MODE:       5     -0.01881225      0.02911658      0.03072438
MINMODE:MODE:       6      0.01580496     -0.00356324      0.02477942
MINMODE:MODE:       7     -0.00151645      0.02666194      0.02754039
MINMODE:MODE:       8     -0.05550015      0.09089015      0.03787107
MINMODE:MODE:       9     -0.09293165      0.12528660      0.04517042
MINMODE:MODE:      10     -0.07542620      0.09589957      0.04249154
MINMODE:MODE:      11      0.03318345     -0.02564187      0.02998169
MINMODE:MODE:      12      0.01302857     -0.04428718     -0.02164199
MINMODE:MODE:      13      0.03103160     -0.05489026     -0.01556332
MINMODE:MODE:      14      0.06891062     -0.04762608      0.04091582
MINMODE:MODE:      15      0.08887153     -0.02905106      0.09190239
MINMODE:MODE:      16      0.07205767     -0.01759110      0.08749584
MINMODE:MODE:      17     -0.01901861     -0.03620698     -0.03179430
MINMODE:MODE:      18     -0.00493148     -0.01113794     -0.03660300
MINMODE:MODE:      19      0.00071249      0.00368792     -0.02491416
MINMODE:MODE:      20      0.02232274      0.00495833      0.00385533
MINMODE:MODE:      21      0.06256033      0.01311240      0.07199025
MINMODE:MODE:      22      0.07637505      0.02306661      0.07931431
MINMODE:MODE:      23      0.04851371      0.02439530      0.02129397
MINMODE:MODE:      24      0.00792226      0.01645347     -0.04531124
MINMODE:MODE:      25     -0.00659039      0.00728490     -0.05384793
MINMODE:MODE:      26     -0.02801712      0.01892730     -0.00914843
MINMODE:MODE:      27      0.02282507      0.05332955     -0.07716204
MINMODE:MODE:      28      0.01635425      0.05565438     -0.07244181
MINMODE:MODE:      29     -0.04201083      0.02438411     -0.00101829
MINMODE:MODE:      30     -0.09489369     -0.01135340      0.06797233
MINMODE:MODE:      31     -0.08855180     -0.01258522      0.06378614
MINMODE:MODE:      32      0.04473170     -0.02023184      0.04603589
MINMODE:MODE:      33     -0.02967203     -0.00265607      0.04204601
MINMODE:MODE:      34      0.05587308     -0.01523105      0.05460907
MINMODE:MODE:      35      0.01670426      0.00593801      0.08773808
MINMODE:MODE:      36      0.05693088     -0.05548482      0.02009247
MINMODE:MODE:      37      0.02577279     -0.00048494      0.02197715
MINMODE:MODE:      38     -0.06850141      0.11320419      0.03986758
MINMODE:MODE:      39     -0.13630535      0.17537175      0.05325293
MINMODE:MODE:      40     -0.10436165      0.12453207      0.04900177
MINMODE:MODE:      41     -0.01779746     -0.04938721     -0.06666888
MINMODE:MODE:      42      0.01543100     -0.06852515     -0.05328507
MINMODE:MODE:      43      0.08287628     -0.05603464      0.04572377
MINMODE:MODE:      44      0.11785991     -0.02322206      0.13597160
MINMODE:MODE:      45      0.08908975     -0.00215142      0.12859646
MINMODE:MODE:      46     -0.03603660     -0.02420986     -0.04317363
MINMODE:MODE:      47     -0.03649453     -0.05740238     -0.03021721
MINMODE:MODE:      48     -0.01566650      0.00329932     -0.04208576
MINMODE:MODE:      49      0.00196315     -0.01877029     -0.03410014
MINMODE:MODE:      50      0.07882625      0.01189950      0.12166059
MINMODE:MODE:      51      0.10751435      0.02854923      0.13028270
MINMODE:MODE:      52      0.05850563      0.03100584      0.02705817
MINMODE:MODE:      53     -0.01260115      0.01715808     -0.09167154
MINMODE:MODE:      54     -0.04070030      0.00265874     -0.10812782
MINMODE:MODE:      55      0.06805335      0.08059948     -0.13308635
MINMODE:MODE:      56      0.05901235      0.08452397     -0.12524857
MINMODE:MODE:      57     -0.04591904      0.02859862      0.00043632
MINMODE:MODE:      58     -0.14142660     -0.03569647      0.12537011
MINMODE:MODE:      59     -0.13371712     -0.03847294      0.11413697
MINMODE:MODE:      60      0.02923129      0.02974082      0.03977600
MINMODE:MODE:      61      0.05579434      0.05888201      0.12274544
MINMODE:MODE:      62     -0.00444919     -0.05417942     -0.02144326
MINMODE:MODE:      63     -0.00418788     -0.08552244     -0.00872289
MINMODE:MODE:      64      0.05991606     -0.06144123     -0.06407882
MINMODE:MODE:      65      0.04232395     -0.08294651     -0.05929085
MINMODE:MODE:      66      0.00206102     -0.05717533     -0.07491044
MINMODE:MODE:      67      0.04557652     -0.06462685     -0.02437935
MINMODE:MODE:      68      0.00999578     -0.02902101     -0.03210738
MINMODE:MODE:      69     -0.07573423      0.01539898     -0.09964439
MINMODE:MODE:      70     -0.12598271      0.02395372     -0.15675674
MINMODE:MODE:      71     -0.08455030     -0.01445030     -0.14509001
MINMODE:MODE:      72      0.03319829     -0.04377647      0.00768756
MINMODE:MODE:      73      0.07708814     -0.01992200      0.01709785
MINMODE:MODE:      74      0.03422144     -0.04786278      0.01207458
MINMODE:MODE:      75      0.10659946     -0.10035171      0.02840995
MINMODE:MODE:      76      0.04870586     -0.03596783      0.01862339
MINMODE:MODE:      77     -0.10294781      0.04285263     -0.10580173
MINMODE:MODE:      78     -0.19454861      0.06129078     -0.21192729
MINMODE:MODE:      79     -0.11508711     -0.01146104     -0.20052818
MINMODE:MODE: Optimization Step: 9
MINMODE:MODE: Order: 0
MINMODE:MODE:       0      0.00586078     -0.00464848     -0.03701247
MINMODE:MODE:       1      0.00646086     -0.04550243     -0.01344378
MINMODE:MODE:       2      0.00928093     -0.01860595      0.03390736
MINMODE:MODE:       3      0.02254553     -0.00754883      0.05801733
MINMODE:MODE:       4      0.00693880     -0.00653736      0.02320197
MINMODE:MODE:       5     -0.01873934      0.02919783      0.03075017
MINMODE:MODE:       6      0.01600898     -0.00343027      0.02475999
MINMODE:MODE:       7     -0.00144176      0.02680942      0.02754616
MINMODE:MODE:       8     -0.05575613      0.09101738      0.03790046
MINMODE:MODE:       9     -0.09337620      0.12538445      0.04524407
MINMODE:MODE:      10     -0.07571293      0.09595313      0.04253112
MINMODE:MODE:      11      0.03337657     -0.02565943      0.03010834
MINMODE:MODE:      12      0.01327968     -0.04446175     -0.02171174
MINMODE:MODE:      13      0.03125239     -0.05513676     -0.01571060
MINMODE:MODE:      14      0.06914673     -0.04769479      0.04096195
MINMODE:MODE:      15      0.08902163     -0.02896453      0.09211414
MINMODE:MODE:      16      0.07219044     -0.01744839      0.08772910
MINMODE:MODE:      17     -0.01891089     -0.03551124     -0.03219504
MINMODE:MODE:      18     -0.00507686     -0.01109936     -0.03648539
MINMODE:MODE:      19      0.00070891      0.00350171     -0.02480696
MINMODE:MODE:      20      0.02241670      0.00496250      0.00370827
MINMODE:MODE:      21      0.06293617      0.01325745      0.07190822
MINMODE:MODE:      22      0.07680690      0.02320549      0.07928244
MINMODE:MODE:      23      0.04872156      0.02440248      0.02123571
MINMODE:MODE:      24      0.00791995      0.01631158     -0.04539595
MINMODE:MODE:      25     -0.00670391      0.00716022     -0.05406928
MINMODE:MODE:      26     -0.02795859      0.01892045     -0.00921650
MINMODE:MODE:      27      0.02273256      0.05371351     -0.07740647
MINMODE:MODE:      28      0.01614117      0.05595777     -0.07256933
MINMODE:MODE:      29     -0.04211532      0.02430893     -0.00100027
MINMODE:MODE:      30     -0.09475073     -0.01176955      0.06804129
MINMODE:MODE:      31     -0.08838606     -0.01300284      0.06386530
MINMODE:MODE:      32      0.04351737     -0.01996173      0.04600892
MINMODE:MODE:      33     -0.02993378     -0.00288307      0.04192901
MINMODE:MODE:      34      0.05605665     -0.01544170      0.05492693
MINMODE:MODE:      35      0.01676132      0.00557566      0.08815798
MINMODE:MODE:      36      0.05730273     -0.05526666      0.01993200
MINMODE:MODE:      37      0.02601520     -0.00031478      0.02195899
MINMODE:MODE:      38     -0.06877898      0.11327909      0.03989174
MINMODE:MODE:      39     -0.13686716      0.17528740      0.05336228
MINMODE:MODE:      40     -0.10486590      0.12454809      0.04904556
MINMODE:MODE:      41     -0.01744824     -0.04954017     -0.06690231
MINMODE:MODE:      42      0.01565618     -0.06889191     -0.05357783
MINMODE:MODE:      43      0.08304739     -0.05612365      0.04571755
MINMODE:MODE:      44      0.11798639     -0.02303197      0.13631896
MINMODE:MODE:      45      0.08912080     -0.00191547      0.12888683
MINMODE:MODE:      46     -0.03561665     -0.02345122     -0.04368039
MINMODE:MODE:      47     -0.03650956     -0.05672488     -0.03056861
MINMODE:MODE:      48     -0.01544166      0.00285497     -0.04188022
MINMODE:MODE:      49      0.00149515     -0.01863968     -0.03394396
MINMODE:MODE:      50      0.07940554      0.01214626      0.12162097
MINMODE:MODE:      51      0.10814225      0.02876022      0.13026598
MINMODE:MODE:      52      0.05879373      0.03101216      0.02709282
MINMODE:MODE:      53     -0.01275610      0.01691349     -0.09171008
MINMODE:MODE:      54     -0.04107511      0.00244688     -0.10844412
MINMODE:MODE:      55      0.06775297      0.08121577     -0.13325007
MINMODE:MODE:      56      0.05850965      0.08502845     -0.12530602
MINMODE:MODE:      57     -0.04615242      0.02850836      0.00055259
MINMODE:MODE:      58     -0.14118775     -0.03639745      0.12555104
MINMODE:MODE:      59     -0.13349506     -0.03913246      0.11422397
MINMODE:MODE:      60      0.02972591      0.02753399      0.03968355
MINMODE:MODE:      61      0.05642393      0.05652884      0.12288239
MINMODE:MODE:      62     -0.00439609     -0.05412164     -0.02133207
MINMODE:MODE:      63     -0.00434303     -0.08514648     -0.00874597
MINMODE:MODE:      64      0.06046352     -0.06130900     -0.06368288
MINMODE:MODE:      65      0.04181042     -0.08368236     -0.06045269
MINMODE:MODE:      66      0.00205288     -0.05641500     -0.07464853
MINMODE:MODE:      67      0.04577974     -0.06405047     -0.02447144
MINMODE:MODE:      68      0.01000725     -0.02877936     -0.03240779
MINMODE:MODE:      69     -0.07604313      0.01554587     -0.09926780
MINMODE:MODE:      70     -0.12642168      0.02442779     -0.15566263
MINMODE:MODE:      71     -0.08478116     -0.01365565     -0.14403352
MINMODE:MODE:      72      0.03387231     -0.04425126      0.00583298
MINMODE:MODE:      73      0.07623451     -0.01812647      0.01697781
MINMODE:MODE:      74      0.03408302     -0.04994749      0.01042476
MINMODE:MODE:      75      0.10732380     -0.09944038      0.02767575
MINMODE:MODE:      76      0.04888919     -0.03598578      0.01756265
MINMODE:MODE:      77     -0.10356031      0.04258373     -0.10568448
MINMODE:MODE:      78     -0.19548192      0.06159194     -0.21014459
MINMODE:MODE:      79     -0.11589263     -0.01020314     -0.19847562
MINMODE:MODE: Optimization Step: 10
MINMODE:MODE: Order: 0
MINMODE:MODE:       0      0.00617599     -0.00570763     -0.03658350
MINMODE:MODE:       1      0.00645769     -0.04503825     -0.01401513
MINMODE:MODE:       2      0.00898707     -0.01843785      0.03380066
MINMODE:MODE:       3      0.02272673     -0.00773335      0.05818803
MINMODE:MODE:       4      0.00712340     -0.00677388      0.02328073
MINMODE:MODE:       5     -0.01864498      0.02925574      0.03075739
MINMODE:MODE:       6      0.01620348     -0.00329256      0.02472506
MINMODE:MODE:       7     -0.00139276      0.02697461      0.02754326
MINMODE:MODE:       8     -0.05596018      0.09108429      0.03792826
MINMODE:MODE:       9     -0.09374991      0.12542318      0.04532080
MINMODE:MODE:      10     -0.07597874      0.09601855      0.04260039
MINMODE:MODE:      11      0.03354865     -0.02567843      0.03022925
MINMODE:MODE:      12      0.01351983     -0.04462862     -0.02176273
MINMODE:MODE:      13      0.03145377     -0.05536764     -0.01583212
MINMODE:MODE:      14      0.06933451     -0.04775125      0.04100183
MINMODE:MODE:      15      0.08914255     -0.02886866      0.09230772
MINMODE:MODE:      16      0.07228803     -0.01730740      0.08793081
MINMODE:MODE:      17     -0.01882169     -0.03493377     -0.03256547
MINMODE:MODE:      18     -0.00518757     -0.01108848     -0.03641359
MINMODE:MODE:      19      0.00073903      0.00338271     -0.02471751
MINMODE:MODE:      20      0.02248281      0.00497848      0.00355889
MINMODE:MODE:      21      0.06327956      0.01339930      0.07181050
MINMODE:MODE:      22      0.07718680      0.02333774      0.07921787
MINMODE:MODE:      23      0.04893104      0.02440030      0.02118597
MINMODE:MODE:      24      0.00788963      0.01617612     -0.04547080
MINMODE:MODE:      25     -0.00682056      0.00703748     -0.05424867
MINMODE:MODE:      26     -0.02790012      0.01891133     -0.00926921
MINMODE:MODE:      27      0.02264966      0.05408209     -0.07762317
MINMODE:MODE:      28      0.01594289      0.05624419     -0.07267005
MINMODE:MODE:      29     -0.04222421      0.02421271     -0.00095117
MINMODE:MODE:      30     -0.09456542     -0.01215497      0.06807645
MINMODE:MODE:      31     -0.08818644     -0.01339233      0.06390956
MINMODE:MODE:      32      0.04249055     -0.01976873      0.04595328
MINMODE:MODE:      33     -0.03027603     -0.00304714      0.04179414
MINMODE:MODE:      34      0.05628322     -0.01561579      0.05516418
MINMODE:MODE:      35      0.01679263      0.00521086      0.08853624
MINMODE:MODE:      36      0.05767064     -0.05505685      0.01978688
MINMODE:MODE:      37      0.02624841     -0.00014431      0.02193125
MINMODE:MODE:      38     -0.06902224      0.11332914      0.03991144
MINMODE:MODE:      39     -0.13737969      0.17517657      0.05346087
MINMODE:MODE:      40     -0.10532306      0.12451483      0.04908822
MINMODE:MODE:      41     -0.01712695     -0.04969609     -0.06710679
MINMODE:MODE:      42      0.01587056     -0.06923798     -0.05383858
MINMODE:MODE:      43      0.08318907     -0.05620078      0.04571475
MINMODE:MODE:      44      0.11806509     -0.02284510      0.13662207
MINMODE:MODE:      45      0.08912936     -0.00168399      0.12913894
MINMODE:MODE:      46     -0.03529300     -0.02281386     -0.04414084
MINMODE:MODE:      47     -0.03642566     -0.05607151     -0.03094867
MINMODE:MODE:      48     -0.01524566      0.00246490     -0.04170585
MINMODE:MODE:      49      0.00112591     -0.01856691     -0.03384142
MINMODE:MODE:      50      0.07992610      0.01239032      0.12153729
MINMODE:MODE:      51      0.10871276      0.02896320      0.13021827
MINMODE:MODE:      52      0.05905922      0.03100958      0.02711247
MINMODE:MODE:      53     -0.01290305      0.01667545     -0.09172383
MINMODE:MODE:      54     -0.04143369      0.00226313     -0.10864382
MINMODE:MODE:      55      0.06741745      0.08175941     -0.13334067
MINMODE:MODE:      56      0.05802266      0.08549855     -0.12532935
MINMODE:MODE:      57     -0.04635713      0.02841096      0.00067286
MINMODE:MODE:      58     -0.14090599     -0.03705945      0.12568117
MINMODE:MODE:      59     -0.13322718     -0.03977516      0.11430410
MINMODE:MODE:      60      0.03020369      0.02563885      0.03963071
MINMODE:MODE:      61      0.05697060      0.05446936      0.12295351
MINMODE:MODE:      62     -0.00431835     -0.05426572     -0.02125333
MINMODE:MODE:      63     -0.00448579     -0.08475162     -0.00889959
MINMODE:MODE:      64      0.06100000     -0.06122992     -0.06380871
MINMODE:MODE:      65      0.04121771     -0.08486335     -0.06204743
MINMODE:MODE:      66      0.00209924     -0.05575718     -0.07445847
MINMODE:MODE:      67      0.04590674     -0.06354271     -0.02459543
MINMODE:MODE:      68      0.01004114     -0.02863436     -0.03267751
MINMODE:MODE:      69     -0.07632975      0.01566119     -0.09892859
MINMODE:MODE:      70     -0.12673639      0.02482267     -0.15467770
MINMODE:MODE:      71     -0.08493176     -0.01294240     -0.14310414
MINMODE:MODE:      72      0.03444353     -0.04443011      0.00462123
MINMODE:MODE:      73      0.07528323     -0.01559086      0.01809595
MINMODE:MODE:      74      0.03385543     -0.05181895      0.00899201
MINMODE:MODE:      75      0.10793361     -0.09868806      0.02696594
MINMODE:MODE:      76      0.04900302     -0.03606357      0.01658105
MINMODE:MODE:      77     -0.10410137      0.04235401     -0.10554116
MINMODE:MODE:      78     -0.19621940      0.06185341     -0.20851821
MINMODE:MODE:      79     -0.11654995     -0.00906765     -0.19658901
MINMODE:MODE: Optimization Step: 11
MINMODE:MODE: Order: 0
MINMODE:MODE:       0      0.00644788     -0.00656662     -0.03630086
MINMODE:MODE:       1      0.00647283     -0.04468793     -0.01451563
MINMODE:MODE:       2      0.00873897     -0.01832693      0.03367182
MINMODE:MODE:       3      0.02289102     -0.00791615      0.05832192
MINMODE:MODE:       4      0.00725737     -0.00695431      0.02338469
MINMODE:MODE:       5     -0.01858019      0.02931274      0.03074514
MINMODE:MODE:       6      0.01639926     -0.00314855      0.02467855
MINMODE:MODE:       7     -0.00133949      0.02713429      0.02752883
MINMODE:MODE:       8     -0.05613538      0.09112181      0.03794984
MINMODE:MODE:       9     -0.09410597      0.12542627      0.04538930
MINMODE:MODE:      10     -0.07617456      0.09597614      0.04262626
MINMODE:MODE:      11      0.03369972     -0.02569815      0.03034734
MINMODE:MODE:      12      0.01374743     -0.04479007     -0.02179720
MINMODE:MODE:      13      0.03165229     -0.05558210     -0.01592375
MINMODE:MODE:      14      0.06947948     -0.04780455      0.04102937
MINMODE:MODE:      15      0.08923765     -0.02876655      0.09248559
MINMODE:MODE:      16      0.07235736     -0.01716421      0.08811051
MINMODE:MODE:      17     -0.01877700     -0.03442063     -0.03292706
MINMODE:MODE:      18     -0.00531045     -0.01105436     -0.03638152
MINMODE:MODE:      19      0.00080348      0.00332679     -0.02465161
MINMODE:MODE:      20      0.02253438      0.00499670      0.00340617
MINMODE:MODE:      21      0.06359591      0.01353728      0.07168937
MINMODE:MODE:      22      0.07753999      0.02346190      0.07913175
MINMODE:MODE:      23      0.04912522      0.02439030      0.02114203
MINMODE:MODE:      24      0.00784792      0.01603931     -0.04553148
MINMODE:MODE:      25     -0.00693718      0.00691945     -0.05441153
MINMODE:MODE:      26     -0.02784263      0.01886338     -0.00929657
MINMODE:MODE:      27      0.02253686      0.05440149     -0.07776290
MINMODE:MODE:      28      0.01576003      0.05656106     -0.07273909
MINMODE:MODE:      29     -0.04228476      0.02414553     -0.00093106
MINMODE:MODE:      30     -0.09437430     -0.01254591      0.06812330
MINMODE:MODE:      31     -0.08795878     -0.01379035      0.06393990
MINMODE:MODE:      32      0.04160628     -0.01963308      0.04588230
MINMODE:MODE:      33     -0.03065782     -0.00316721      0.04164270
MINMODE:MODE:      34      0.05653786     -0.01575883      0.05534557
MINMODE:MODE:      35      0.01680364      0.00485170      0.08889100
MINMODE:MODE:      36      0.05804583     -0.05484319      0.01964687
MINMODE:MODE:      37      0.02646493      0.00003461      0.02189405
MINMODE:MODE:      38     -0.06924010      0.11334451      0.03993156
MINMODE:MODE:      39     -0.13785802      0.17502428      0.05355348
MINMODE:MODE:      40     -0.10574080      0.12443790      0.04912160
MINMODE:MODE:      41     -0.01681641     -0.04986145     -0.06728202
MINMODE:MODE:      42      0.01607938     -0.06956981     -0.05407140
MINMODE:MODE:      43      0.08330001     -0.05626642      0.04571343
MINMODE:MODE:      44      0.11810032     -0.02265497      0.13688499
MINMODE:MODE:      45      0.08911073     -0.00145063      0.12935905
MINMODE:MODE:      46     -0.03500026     -0.02232764     -0.04449046
MINMODE:MODE:      47     -0.03629263     -0.05544025     -0.03134391
MINMODE:MODE:      48     -0.01504081      0.00208138     -0.04154606
MINMODE:MODE:      49      0.00082513     -0.01853343     -0.03377280
MINMODE:MODE:      50      0.08042332      0.01262762      0.12141973
MINMODE:MODE:      51      0.10923607      0.02916978      0.13013117
MINMODE:MODE:      52      0.05930400      0.03100081      0.02712454
MINMODE:MODE:      53     -0.01305057      0.01643708     -0.09171079
MINMODE:MODE:      54     -0.04177498      0.00207764     -0.10884792
MINMODE:MODE:      55      0.06702693      0.08225270     -0.13335378
MINMODE:MODE:      56      0.05753173      0.08597312     -0.12530976
MINMODE:MODE:      57     -0.04653468      0.02830515      0.00080211
MINMODE:MODE:      58     -0.14055164     -0.03770119      0.12574424
MINMODE:MODE:      59     -0.13291080     -0.04041949      0.11436010
MINMODE:MODE:      60      0.03060819      0.02401491      0.03975873
MINMODE:MODE:      61      0.05745604      0.05264065      0.12287870
MINMODE:MODE:      62     -0.00423129     -0.05454508     -0.02123254
MINMODE:MODE:      63     -0.00460901     -0.08435733     -0.00916543
MINMODE:MODE:      64      0.06151199     -0.06123282     -0.06444429
MINMODE:MODE:      65      0.04048362     -0.08660192     -0.06418353
MINMODE:MODE:      66      0.00216376     -0.05517218     -0.07435651
MINMODE:MODE:      67      0.04599038     -0.06310436     -0.02473377
MINMODE:MODE:      68      0.01008128     -0.02855698     -0.03293116
MINMODE:MODE:      69     -0.07657401      0.01575153     -0.09860574
MINMODE:MODE:      70     -0.12695816      0.02517159     -0.15378398
MINMODE:MODE:      71     -0.08498689     -0.01229705     -0.14228432
MINMODE:MODE:      72      0.03493304     -0.04439521      0.00390898
MINMODE:MODE:      73      0.07431421     -0.01217604      0.02050936
MINMODE:MODE:      74      0.03354079     -0.05350770      0.00769035
MINMODE:MODE:      75      0.10843725     -0.09806036      0.02625827
MINMODE:MODE:      76      0.04906880     -0.03620373      0.01563006
MINMODE:MODE:      77     -0.10458652      0.04216374     -0.10537375
MINMODE:MODE:      78     -0.19679423      0.06209152     -0.20698635
MINMODE:MODE:      79     -0.11708026     -0.00801092     -0.19480412
MINMODE:MODE: Optimization Step: 12
MINMODE:MODE: Order: 0
MINMODE:MODE:       0      0.00664870     -0.00722342     -0.03617043
MINMODE:MODE:       1      0.00650438     -0.04445901     -0.01495449
MINMODE:MODE:       2      0.00853706     -0.01826136      0.03354332
MINMODE:MODE:       3      0.02302796     -0.00807198      0.05842233
MINMODE:MODE:       4      0.00729893     -0.00708959      0.02350123
MINMODE:MODE:       5     -0.01848697      0.02932938      0.03071488
MINMODE:MODE:       6      0.01659438     -0.00299642      0.02462644
MINMODE:MODE:       7     -0.00128026      0.02728432      0.02750620
MINMODE:MODE:       8     -0.05626891      0.09111165      0.03795362
MINMODE:MODE:       9     -0.09439208      0.12533577      0.04542676
MINMODE:MODE:      10     -0.07639290      0.09592490      0.04265673
MINMODE:MODE:      11      0.03382611     -0.02573952      0.03044629
MINMODE:MODE:      12      0.01397087     -0.04495648     -0.02181259
MINMODE:MODE:      13      0.03185326     -0.05577507     -0.01596125
MINMODE:MODE:      14      0.06958977     -0.04784408      0.04105498
MINMODE:MODE:      15      0.08929091     -0.02865523      0.09263164
MINMODE:MODE:      16      0.07241343     -0.01701870      0.08826623
MINMODE:MODE:      17     -0.01873709     -0.03401206     -0.03322715
MINMODE:MODE:      18     -0.00539958     -0.01103982     -0.03636370
MINMODE:MODE:      19      0.00091773      0.00333434     -0.02458374
MINMODE:MODE:      20      0.02258083      0.00501806      0.00325918
MINMODE:MODE:      21      0.06389079      0.01367580      0.07154823
MINMODE:MODE:      22      0.07785986      0.02358441      0.07901398
MINMODE:MODE:      23      0.04930205      0.02437688      0.02108667
MINMODE:MODE:      24      0.00779801      0.01590130     -0.04558657
MINMODE:MODE:      25     -0.00705347      0.00680303     -0.05455267
MINMODE:MODE:      26     -0.02778447      0.01883897     -0.00926959
MINMODE:MODE:      27      0.02242178      0.05473417     -0.07788665
MINMODE:MODE:      28      0.01557225      0.05681957     -0.07278310
MINMODE:MODE:      29     -0.04232320      0.02406824     -0.00088275
MINMODE:MODE:      30     -0.09412526     -0.01291957      0.06812892
MINMODE:MODE:      31     -0.08769250     -0.01418316      0.06395503
MINMODE:MODE:      32      0.04083693     -0.01954520      0.04580820
MINMODE:MODE:      33     -0.03105126     -0.00325537      0.04148053
MINMODE:MODE:      34      0.05680956     -0.01586688      0.05548541
MINMODE:MODE:      35      0.01679215      0.00450183      0.08920739
MINMODE:MODE:      36      0.05842017     -0.05461806      0.01950933
MINMODE:MODE:      37      0.02666622      0.00021894      0.02184936
MINMODE:MODE:      38     -0.06943128      0.11332390      0.03994383
MINMODE:MODE:      39     -0.13830690      0.17481891      0.05362213
MINMODE:MODE:      40     -0.10611605      0.12430894      0.04915088
MINMODE:MODE:      41     -0.01652510     -0.05003526     -0.06746980
MINMODE:MODE:      42      0.01628340     -0.06988407     -0.05426639
MINMODE:MODE:      43      0.08337326     -0.05631688      0.04570780
MINMODE:MODE:      44      0.11808405     -0.02245612      0.13710200
MINMODE:MODE:      45      0.08906306     -0.00121818      0.12954046
MINMODE:MODE:      46     -0.03476184     -0.02189899     -0.04480312
MINMODE:MODE:      47     -0.03612211     -0.05483648     -0.03171321
MINMODE:MODE:      48     -0.01486257      0.00174164     -0.04140570
MINMODE:MODE:      49      0.00058127     -0.01852545     -0.03372056
MINMODE:MODE:      50      0.08088561      0.01286160      0.12124598
MINMODE:MODE:      51      0.10971829      0.02937087      0.12999963
MINMODE:MODE:      52      0.05952708      0.03098359      0.02712744
MINMODE:MODE:      53     -0.01319782      0.01619574     -0.09165119
MINMODE:MODE:      54     -0.04210255      0.00187548     -0.10903138
MINMODE:MODE:      55      0.06659104      0.08269417     -0.13330049
MINMODE:MODE:      56      0.05703152      0.08642328     -0.12527200
MINMODE:MODE:      57     -0.04667831      0.02819433      0.00094084
MINMODE:MODE:      58     -0.14014665     -0.03832465      0.12577183
MINMODE:MODE:      59     -0.13254782     -0.04106223      0.11437591
MINMODE:MODE:      60      0.03100527      0.02262306      0.04003122
MINMODE:MODE:      61      0.05786750      0.05102569      0.12265379
MINMODE:MODE:      62     -0.00416176     -0.05493467     -0.02128890
MINMODE:MODE:      63     -0.00471265     -0.08395939     -0.00952894
MINMODE:MODE:      64      0.06194675     -0.06134600     -0.06558840
MINMODE:MODE:      65      0.03959777     -0.08898931     -0.06696719
MINMODE:MODE:      66      0.00223445     -0.05466030     -0.07436301
MINMODE:MODE:      67      0.04602865     -0.06272468     -0.02489522
MINMODE:MODE:      68      0.01009779     -0.02852929     -0.03318701
MINMODE:MODE:      69     -0.07676806      0.01582585     -0.09829536
MINMODE:MODE:      70     -0.12705833      0.02548263     -0.15295073
MINMODE:MODE:      71     -0.08493010     -0.01172352     -0.14155701
MINMODE:MODE:      72      0.03537145     -0.04418732      0.00364466
MINMODE:MODE:      73      0.07335298     -0.00773032      0.02433892
MINMODE:MODE:      74      0.03312182     -0.05508614      0.00655824
MINMODE:MODE:      75      0.10884493     -0.09754729      0.02555013
MINMODE:MODE:      76      0.04909164     -0.03638866      0.01471833
MINMODE:MODE:      77     -0.10500546      0.04200317     -0.10518120
MINMODE:MODE:      78     -0.19723105      0.06232038     -0.20552572
MINMODE:MODE:      79     -0.11746931     -0.00703864     -0.19310969
MINMODE:MODE: Optimization Step: 13
MINMODE:MODE: Order: 0
MINMODE:MODE:       0      0.00681269     -0.00767256     -0.03621645
MINMODE:MODE:       1      0.00655769     -0.04436142     -0.01534137
MINMODE:MODE:       2      0.00838163     -0.01824133      0.03339766
MINMODE:MODE:       3      0.02314634     -0.00820940      0.05850619
MINMODE:MODE:       4      0.00727280     -0.00719987      0.02363690
MINMODE:MODE:       5     -0.01835942      0.02927711      0.03066529
MINMODE:MODE:       6      0.01680618     -0.00287153      0.02456273
MINMODE:MODE:       7     -0.00119754      0.02741381      0.02747217
MINMODE:MODE:       8     -0.05636884      0.09105847      0.03794213
MINMODE:MODE:       9     -0.09467584      0.12522139      0.04542926
MINMODE:MODE:      10     -0.07659904      0.09584102      0.04265407
MINMODE:MODE:      11      0.03392069     -0.02577702      0.03056669
MINMODE:MODE:      12      0.01418198     -0.04511863     -0.02180997
MINMODE:MODE:      13      0.03202873     -0.05595043     -0.01599430
MINMODE:MODE:      14      0.06967397     -0.04784828      0.04110005
MINMODE:MODE:      15      0.08928755     -0.02855578      0.09271900
MINMODE:MODE:      16      0.07242219     -0.01686831      0.08839004
MINMODE:MODE:      17     -0.01869991     -0.03367615     -0.03346856
MINMODE:MODE:      18     -0.00546442     -0.01102607     -0.03635313
MINMODE:MODE:      19      0.00110778      0.00340322     -0.02451339
MINMODE:MODE:      20      0.02264769      0.00505570      0.00315170
MINMODE:MODE:      21      0.06414297      0.01381084      0.07135595
MINMODE:MODE:      22      0.07813789      0.02369442      0.07885577
MINMODE:MODE:      23      0.04945771      0.02435266      0.02102228
MINMODE:MODE:      24      0.00774572      0.01575839     -0.04561483
MINMODE:MODE:      25     -0.00716109      0.00669342     -0.05466873
MINMODE:MODE:      26     -0.02769398      0.01880624     -0.00922334
MINMODE:MODE:      27      0.02228542      0.05504456     -0.07796850
MINMODE:MODE:      28      0.01536275      0.05705946     -0.07278147
MINMODE:MODE:      29     -0.04233613      0.02397799     -0.00084699
MINMODE:MODE:      30     -0.09381090     -0.01328438      0.06808776
MINMODE:MODE:      31     -0.08738187     -0.01458831      0.06395403
MINMODE:MODE:      32      0.04017096     -0.01950338      0.04573514
MINMODE:MODE:      33     -0.03145127     -0.00331523      0.04130171
MINMODE:MODE:      34      0.05708647     -0.01593150      0.05559426
MINMODE:MODE:      35      0.01676151      0.00416795      0.08948588
MINMODE:MODE:      36      0.05878961     -0.05437925      0.01937484
MINMODE:MODE:      37      0.02685342      0.00041339      0.02179868
MINMODE:MODE:      38     -0.06958427      0.11324921      0.03994320
MINMODE:MODE:      39     -0.13870423      0.17454443      0.05367648
MINMODE:MODE:      40     -0.10644841      0.12411962      0.04915121
MINMODE:MODE:      41     -0.01625135     -0.05021357     -0.06763515
MINMODE:MODE:      42      0.01648281     -0.07017192     -0.05442139
MINMODE:MODE:      43      0.08340295     -0.05634409      0.04569687
MINMODE:MODE:      44      0.11801410     -0.02225016      0.13725599
MINMODE:MODE:      45      0.08898123     -0.00098570      0.12967640
MINMODE:MODE:      46     -0.03456148     -0.02153782     -0.04504858
MINMODE:MODE:      47     -0.03592052     -0.05426481     -0.03203954
MINMODE:MODE:      48     -0.01469701      0.00144545     -0.04127804
MINMODE:MODE:      49      0.00037039     -0.01853231     -0.03367884
MINMODE:MODE:      50      0.08131777      0.01309308      0.12101658
MINMODE:MODE:      51      0.11014748      0.02956078      0.12980621
MINMODE:MODE:      52      0.05972623      0.03095600      0.02711875
MINMODE:MODE:      53     -0.01334897      0.01595466     -0.09155725
MINMODE:MODE:      54     -0.04240845      0.00166078     -0.10918298
MINMODE:MODE:      55      0.06609898      0.08309445     -0.13316296
MINMODE:MODE:      56      0.05652088      0.08683656     -0.12518133
MINMODE:MODE:      57     -0.04679586      0.02806907      0.00108170
MINMODE:MODE:      58     -0.13965640     -0.03893857      0.12577677
MINMODE:MODE:      59     -0.13211263     -0.04167172      0.11432029
MINMODE:MODE:      60      0.03134882      0.02143737      0.04039334
MINMODE:MODE:      61      0.05820927      0.04965100      0.12231369
MINMODE:MODE:      62     -0.00409558     -0.05546336     -0.02143833
MINMODE:MODE:      63     -0.00479869     -0.08354741     -0.00997668
MINMODE:MODE:      64      0.06227518     -0.06159386     -0.06727634
MINMODE:MODE:      65      0.03849265     -0.09218893     -0.07054826
MINMODE:MODE:      66      0.00231776     -0.05422914     -0.07447722
MINMODE:MODE:      67      0.04599896     -0.06239806     -0.02508105
MINMODE:MODE:      68      0.01009339     -0.02854239     -0.03343740
MINMODE:MODE:      69     -0.07690476      0.01588949     -0.09798272
MINMODE:MODE:      70     -0.12702952      0.02575742     -0.15217020
MINMODE:MODE:      71     -0.08474030     -0.01121722     -0.14092616
MINMODE:MODE:      72      0.03573411     -0.04383708      0.00382376
MINMODE:MODE:      73      0.07243777     -0.00200255      0.02983961
MINMODE:MODE:      74      0.03258281     -0.05656723      0.00557829
MINMODE:MODE:      75      0.10915291     -0.09713924      0.02482884
MINMODE:MODE:      76      0.04908096     -0.03660864      0.01383711
MINMODE:MODE:      77     -0.10535238      0.04186924     -0.10495609
MINMODE:MODE:      78     -0.19749570      0.06252039     -0.20410701
MINMODE:MODE:      79     -0.11772298     -0.00613440     -0.19153074
MINMODE:MODE: Optimization Step: 14
MINMODE:MODE: Order: 0
MINMODE:MODE:       0      0.00696570     -0.00799711     -0.03646693
MINMODE:MODE:       1      0.00656729     -0.04455999     -0.01608798
MINMODE:MODE:       2      0.00828320     -0.01829892      0.03318972
MINMODE:MODE:       3      0.02327430     -0.00834567      0.05858516
MINMODE:MODE:       4      0.00720096     -0.00733212      0.02380804
MINMODE:MODE:       5     -0.01825386      0.02916874      0.03060292
MINMODE:MODE:       6      0.01700330     -0.00279712      0.02451586
MINMODE:MODE:       7     -0.00112819      0.02747393      0.02745657
MINMODE:MODE:       8     -0.05644931      0.09104817      0.03793939
MINMODE:MODE:       9     -0.09490907      0.12512000      0.04541589
MINMODE:MODE:      10     -0.07676797      0.09578022      0.04262753
MINMODE:MODE:      11      0.03396441     -0.02583209      0.03071873
MINMODE:MODE:      12      0.01434291     -0.04525225     -0.02180756
MINMODE:MODE:      13      0.03216107     -0.05609853     -0.01601918
MINMODE:MODE:      14      0.06977528     -0.04786164      0.04111399
MINMODE:MODE:      15      0.08929855     -0.02848418      0.09282346
MINMODE:MODE:      16      0.07244576     -0.01675710      0.08852671
MINMODE:MODE:      17     -0.01869415     -0.03344321     -0.03372261
MINMODE:MODE:      18     -0.00550212     -0.01099864     -0.03635516
MINMODE:MODE:      19      0.00136055      0.00355662     -0.02445102
MINMODE:MODE:      20      0.02269926      0.00506246      0.00297471
MINMODE:MODE:      21      0.06435999      0.01389725      0.07119170
MINMODE:MODE:      22      0.07838718      0.02375636      0.07871405
MINMODE:MODE:      23      0.04958549      0.02433650      0.02097782
MINMODE:MODE:      24      0.00772292      0.01566255     -0.04568376
MINMODE:MODE:      25     -0.00725482      0.00662315     -0.05482181
MINMODE:MODE:      26     -0.02754084      0.01879151     -0.00911444
MINMODE:MODE:      27      0.02219750      0.05527515     -0.07804113
MINMODE:MODE:      28      0.01523913      0.05721615     -0.07277818
MINMODE:MODE:      29     -0.04237104      0.02386476     -0.00085022
MINMODE:MODE:      30     -0.09353815     -0.01356807      0.06808949
MINMODE:MODE:      31     -0.08712121     -0.01490650      0.06396667
MINMODE:MODE:      32      0.03963635     -0.01955913      0.04565839
MINMODE:MODE:      33     -0.03189566     -0.00332085      0.04113740
MINMODE:MODE:      34      0.05738668     -0.01596777      0.05567008
MINMODE:MODE:      35      0.01675618      0.00384241      0.08977543
MINMODE:MODE:      36      0.05909266     -0.05423085      0.01926769
MINMODE:MODE:      37      0.02700457      0.00057250      0.02179541
MINMODE:MODE:      38     -0.06969974      0.11318742      0.03995224
MINMODE:MODE:      39     -0.13902288      0.17434774      0.05370367
MINMODE:MODE:      40     -0.10674395      0.12395936      0.04910377
MINMODE:MODE:      41     -0.01607519     -0.05031761     -0.06782379
MINMODE:MODE:      42      0.01664666     -0.07040068     -0.05456307
MINMODE:MODE:      43      0.08344606     -0.05636063      0.04567207
MINMODE:MODE:      44      0.11798887     -0.02209440      0.13737981
MINMODE:MODE:      45      0.08893639     -0.00082001      0.12981743
MINMODE:MODE:      46     -0.03443481     -0.02128065     -0.04523873
MINMODE:MODE:      47     -0.03567443     -0.05369397     -0.03238401
MINMODE:MODE:      48     -0.01454216      0.00118815     -0.04118235
MINMODE:MODE:      49      0.00018581     -0.01855684     -0.03363788
MINMODE:MODE:      50      0.08171709      0.01324244      0.12079187
MINMODE:MODE:      51      0.11050116      0.02968908      0.12965385
MINMODE:MODE:      52      0.05990275      0.03093578      0.02712768
MINMODE:MODE:      53     -0.01347338      0.01579947     -0.09148010
MINMODE:MODE:      54     -0.04262132      0.00150501     -0.10938887
MINMODE:MODE:      55      0.06570239      0.08335529     -0.13297336
MINMODE:MODE:      56      0.05607578      0.08708564     -0.12512022
MINMODE:MODE:      57     -0.04693531      0.02792102      0.00119293
MINMODE:MODE:      58     -0.13927110     -0.03941268      0.12574637
MINMODE:MODE:      59     -0.13171306     -0.04213499      0.11430286
MINMODE:MODE:      60      0.03218746      0.02113737      0.04258807
MINMODE:MODE:      61      0.05791245      0.04799637      0.12008362
MINMODE:MODE:      62     -0.00398081     -0.05643653     -0.02153113
MINMODE:MODE:      63     -0.00487771     -0.08292394     -0.01065711
MINMODE:MODE:      64      0.06250355     -0.06184841     -0.06965275
MINMODE:MODE:      65      0.03753999     -0.09512085     -0.07352519
MINMODE:MODE:      66      0.00240937     -0.05379393     -0.07445536
MINMODE:MODE:      67      0.04591186     -0.06205021     -0.02523628
MINMODE:MODE:      68      0.01010054     -0.02849896     -0.03361396
MINMODE:MODE:      69     -0.07700662      0.01594275     -0.09781035
MINMODE:MODE:      70     -0.12694574      0.02591574     -0.15157082
MINMODE:MODE:      71     -0.08454430     -0.01081873     -0.14044597
MINMODE:MODE:      72      0.03610980     -0.04332464      0.00508332
MINMODE:MODE:      73      0.07136693      0.00366513      0.03568278
MINMODE:MODE:      74      0.03180752     -0.05793450      0.00468726
MINMODE:MODE:      75      0.10936888     -0.09666417      0.02428400
MINMODE:MODE:      76      0.04907302     -0.03670132      0.01301979
MINMODE:MODE:      77     -0.10561660      0.04177237     -0.10483745
MINMODE:MODE:      78     -0.19759785      0.06253935     -0.20298723
MINMODE:MODE:      79     -0.11790215     -0.00543355     -0.19010022
MINMODE:MODE: Optimization Step: 15
MINMODE:MODE: Order: 0
MINMODE:MODE:       0      0.00719736     -0.00801923     -0.03668908
MINMODE:MODE:       1      0.00660209     -0.04501961     -0.01697960
MINMODE:MODE:       2      0.00823788     -0.01843314      0.03294168
MINMODE:MODE:       3      0.02338750     -0.00846903      0.05863581
MINMODE:MODE:       4      0.00718266     -0.00741461      0.02391460
MINMODE:MODE:       5     -0.01809204      0.02909041      0.03055806
MINMODE:MODE:       6      0.01722175     -0.00271779      0.02446565
MINMODE:MODE:       7     -0.00101326      0.02755456      0.02742752
MINMODE:MODE:       8     -0.05657983      0.09102295      0.03792384
MINMODE:MODE:       9     -0.09512891      0.12497766      0.04540549
MINMODE:MODE:      10     -0.07696755      0.09569910      0.04262898
MINMODE:MODE:      11      0.03402198     -0.02586867      0.03083382
MINMODE:MODE:      12      0.01449065     -0.04540470     -0.02179166
MINMODE:MODE:      13      0.03229419     -0.05626756     -0.01603987
MINMODE:MODE:      14      0.06983515     -0.04788723      0.04114621
MINMODE:MODE:      15      0.08928139     -0.02839052      0.09293337
MINMODE:MODE:      16      0.07244027     -0.01662773      0.08867631
MINMODE:MODE:      17     -0.01870859     -0.03333797     -0.03396001
MINMODE:MODE:      18     -0.00550506     -0.01095082     -0.03638320
MINMODE:MODE:      19      0.00157981      0.00373346     -0.02446152
MINMODE:MODE:      20      0.02272034      0.00508497      0.00283369
MINMODE:MODE:      21      0.06460764      0.01400039      0.07101712
MINMODE:MODE:      22      0.07861576      0.02383702      0.07853051
MINMODE:MODE:      23      0.04977302      0.02431460      0.02095795
MINMODE:MODE:      24      0.00766221      0.01554797     -0.04573331
MINMODE:MODE:      25     -0.00736645      0.00653015     -0.05495910
MINMODE:MODE:      26     -0.02744525      0.01875953     -0.00907476
MINMODE:MODE:      27      0.02210925      0.05556242     -0.07809425
MINMODE:MODE:      28      0.01509040      0.05743873     -0.07279985
MINMODE:MODE:      29     -0.04229928      0.02382077     -0.00083457
MINMODE:MODE:      30     -0.09327842     -0.01390592      0.06811651
MINMODE:MODE:      31     -0.08689315     -0.01531116      0.06404065
MINMODE:MODE:      32      0.03928944     -0.01968388      0.04559842
MINMODE:MODE:      33     -0.03238211     -0.00327397      0.04092714
MINMODE:MODE:      34      0.05767554     -0.01597334      0.05573463
MINMODE:MODE:      35      0.01673434      0.00356669      0.09003884
MINMODE:MODE:      36      0.05946500     -0.05406282      0.01916707
MINMODE:MODE:      37      0.02717184      0.00072631      0.02175594
MINMODE:MODE:      38     -0.06982901      0.11310582      0.03993156
MINMODE:MODE:      39     -0.13937982      0.17408356      0.05371342
MINMODE:MODE:      40     -0.10701776      0.12375537      0.04909027
MINMODE:MODE:      41     -0.01592904     -0.05045214     -0.06802953
MINMODE:MODE:      42      0.01680886     -0.07065551     -0.05467263
MINMODE:MODE:      43      0.08346409     -0.05638380      0.04566843
MINMODE:MODE:      44      0.11790432     -0.02192164      0.13751439
MINMODE:MODE:      45      0.08887836     -0.00062313      0.12994307
MINMODE:MODE:      46     -0.03440143     -0.02114902     -0.04534770
MINMODE:MODE:      47     -0.03541452     -0.05315956     -0.03274547
MINMODE:MODE:      48     -0.01440131      0.00101537     -0.04112841
MINMODE:MODE:      49      0.00004860     -0.01859641     -0.03360633
MINMODE:MODE:      50      0.08210289      0.01343042      0.12056083
MINMODE:MODE:      51      0.11086239      0.02985026      0.12945712
MINMODE:MODE:      52      0.06008740      0.03090549      0.02712306
MINMODE:MODE:      53     -0.01361120      0.01560722     -0.09140175
MINMODE:MODE:      54     -0.04287834      0.00131289     -0.10955391
MINMODE:MODE:      55      0.06522173      0.08364292     -0.13279470
MINMODE:MODE:      56      0.05564358      0.08741926     -0.12503517
MINMODE:MODE:      57     -0.04701096      0.02779332      0.00133378
MINMODE:MODE:      58     -0.13881993     -0.03993647      0.12575054
MINMODE:MODE:      59     -0.13130435     -0.04267541      0.11427471
MINMODE:MODE:      60      0.03310973      0.02132737      0.04526039
MINMODE:MODE:      61      0.05724007      0.04637421      0.11701368
MINMODE:MODE:      62     -0.00383596     -0.05770620     -0.02156421
MINMODE:MODE:      63     -0.00495575     -0.08221755     -0.01133543
MINMODE:MODE:      64      0.06259565     -0.06196122     -0.07223574
MINMODE:MODE:      65      0.03675540     -0.09751781     -0.07588431
MINMODE:MODE:      66      0.00254558     -0.05339750     -0.07445982
MINMODE:MODE:      67      0.04585392     -0.06178304     -0.02545431
MINMODE:MODE:      68      0.01015047     -0.02855828     -0.03384474
MINMODE:MODE:      69     -0.07714217      0.01602955     -0.09762202
MINMODE:MODE:      70     -0.12686803      0.02610149     -0.15101699
MINMODE:MODE:      71     -0.08440888     -0.01035714     -0.13997348
MINMODE:MODE:      72      0.03645293     -0.04278619      0.00726329
MINMODE:MODE:      73      0.07027660      0.00841749      0.04090511
MINMODE:MODE:      74      0.03106743     -0.05898014      0.00399501
MINMODE:MODE:      75      0.10957594     -0.09638453      0.02369958
MINMODE:MODE:      76      0.04905364     -0.03687611      0.01227959
MINMODE:MODE:      77     -0.10585278      0.04173137     -0.10468715
MINMODE:MODE:      78     -0.19768325      0.06267332     -0.20192697
MINMODE:MODE:      79     -0.11798264     -0.00474590     -0.18886609
MINMODE:MODE: Optimization Step: 16
MINMODE:MODE: Order: 0
MINMODE:MODE:       0      0.00740382     -0.00794395     -0.03686310
MINMODE:MODE:       1      0.00664884     -0.04550883     -0.01770813
MINMODE:MODE:       2      0.00823856     -0.01860614      0.03270192
MINMODE:MODE:       3      0.02347929     -0.00856656      0.05866523
MINMODE:MODE:       4      0.00718495     -0.00744597      0.02384696
MINMODE:MODE:       5     -0.01804925      0.02910903      0.03051050
MINMODE:MODE:       6      0.01744713     -0.00262994      0.02440673
MINMODE:MODE:       7     -0.00091255      0.02767101      0.02741116
MINMODE:MODE:       8     -0.05669460      0.09098282      0.03790884
MINMODE:MODE:       9     -0.09533618      0.12482022      0.04539964
MINMODE:MODE:      10     -0.07703741      0.09548595      0.04260910
MINMODE:MODE:      11      0.03408884     -0.02590742      0.03089121
MINMODE:MODE:      12      0.01460546     -0.04551811     -0.02165180
MINMODE:MODE:      13      0.03238984     -0.05643783     -0.01602291
MINMODE:MODE:      14      0.06985560     -0.04790684      0.04119418
MINMODE:MODE:      15      0.08925036     -0.02829294      0.09302527
MINMODE:MODE:      16      0.07244565     -0.01650230      0.08879310
MINMODE:MODE:      17     -0.01874038     -0.03332334     -0.03413632
MINMODE:MODE:      18     -0.00547799     -0.01089760     -0.03643037
MINMODE:MODE:      19      0.00175256      0.00391304     -0.02452525
MINMODE:MODE:      20      0.02273466      0.00510124      0.00271240
MINMODE:MODE:      21      0.06483585      0.01410796      0.07086269
MINMODE:MODE:      22      0.07883840      0.02392918      0.07836679
MINMODE:MODE:      23      0.04993087      0.02429026      0.02091163
MINMODE:MODE:      24      0.00760110      0.01543317     -0.04576466
MINMODE:MODE:      25     -0.00748057      0.00643077     -0.05506570
MINMODE:MODE:      26     -0.02733969      0.01872179     -0.00904636
MINMODE:MODE:      27      0.02203175      0.05583649     -0.07814028
MINMODE:MODE:      28      0.01494611      0.05766952     -0.07280900
MINMODE:MODE:      29     -0.04224922      0.02376367     -0.00078986
MINMODE:MODE:      30     -0.09303609     -0.01423805      0.06815237
MINMODE:MODE:      31     -0.08662848     -0.01568029      0.06410444
MINMODE:MODE:      32      0.03910609     -0.01985299      0.04554896
MINMODE:MODE:      33     -0.03282986     -0.00320769      0.04070757
MINMODE:MODE:      34      0.05793348     -0.01596268      0.05577429
MINMODE:MODE:      35      0.01670282      0.00334534      0.09025758
MINMODE:MODE:      36      0.05984889     -0.05389306      0.01908083
MINMODE:MODE:      37      0.02734698      0.00081812      0.02167083
MINMODE:MODE:      38     -0.06995203      0.11301893      0.03990425
MINMODE:MODE:      39     -0.13972091      0.17380659      0.05372442
MINMODE:MODE:      40     -0.10724494      0.12353232      0.04909017
MINMODE:MODE:      41     -0.01582095     -0.05060121     -0.06818008
MINMODE:MODE:      42      0.01695654     -0.07090623     -0.05475325
MINMODE:MODE:      43      0.08345474     -0.05640706      0.04567854
MINMODE:MODE:      44      0.11780343     -0.02174761      0.13764311
MINMODE:MODE:      45      0.08880878     -0.00042880      0.13004796
MINMODE:MODE:      46     -0.03443652     -0.02111546     -0.04539008
MINMODE:MODE:      47     -0.03516358     -0.05270522     -0.03306286
MINMODE:MODE:      48     -0.01427627      0.00091506     -0.04111109
MINMODE:MODE:      49     -0.00005740     -0.01862951     -0.03359129
MINMODE:MODE:      50      0.08245752      0.01362577      0.12033024
MINMODE:MODE:      51      0.11120684      0.03001674      0.12924617
MINMODE:MODE:      52      0.06026278      0.03087248      0.02711229
MINMODE:MODE:      53     -0.01375476      0.01541386     -0.09131562
MINMODE:MODE:      54     -0.04314987      0.00110390     -0.10969352
MINMODE:MODE:      55      0.06471560      0.08389965     -0.13258106
MINMODE:MODE:      56      0.05524679      0.08777489     -0.12494665
MINMODE:MODE:      57     -0.04704706      0.02768012      0.00146318
MINMODE:MODE:      58     -0.13837399     -0.04044683      0.12576865
MINMODE:MODE:      59     -0.13090901     -0.04319978      0.11426009
MINMODE:MODE:      60      0.03352406      0.02136818      0.04640466
MINMODE:MODE:      61      0.05687337      0.04527674      0.11512595
MINMODE:MODE:      62     -0.00366352     -0.05878242     -0.02168366
MINMODE:MODE:      63     -0.00503167     -0.08169146     -0.01175665
MINMODE:MODE:      64      0.06263241     -0.06199445     -0.07466099
MINMODE:MODE:      65      0.03614077     -0.09922222     -0.07759448
MINMODE:MODE:      66      0.00271298     -0.05299612     -0.07441013
MINMODE:MODE:      67      0.04584222     -0.06156184     -0.02567882
MINMODE:MODE:      68      0.01021929     -0.02864088     -0.03407402
MINMODE:MODE:      69     -0.07727925      0.01612618     -0.09747523
MINMODE:MODE:      70     -0.12682702      0.02629281     -0.15049478
MINMODE:MODE:      71     -0.08437885     -0.00991880     -0.13954887
MINMODE:MODE:      72      0.03671312     -0.04233122      0.00966344
MINMODE:MODE:      73      0.06925600      0.01197607      0.04504767
MINMODE:MODE:      74      0.03043296     -0.05968917      0.00346087
MINMODE:MODE:      75      0.10975492     -0.09622263      0.02314468
MINMODE:MODE:      76      0.04905070     -0.03706816      0.01163940
MINMODE:MODE:      77     -0.10604850      0.04173552     -0.10453632
MINMODE:MODE:      78     -0.19775746      0.06289041     -0.20097088
MINMODE:MODE:      79     -0.11800784     -0.00412619     -0.18780588
MINMODE:MODE: Optimization Step: 17
MINMODE:MODE: Order: 0
MINMODE:MODE:       0      0.00746667     -0.00801701     -0.03705583
MINMODE:MODE:       1      0.00674469     -0.04569153     -0.01764202
MINMODE:MODE:       2      0.00828691     -0.01879060      0.03255900
MINMODE:MODE:       3      0.02355654     -0.00865474      0.05868076
MINMODE:MODE:       4      0.00706049     -0.00747489      0.02384777
MINMODE:MODE:       5     -0.01805268      0.02903375      0.03043489
MINMODE:MODE:       6      0.01760026     -0.00260334      0.02435619
MINMODE:MODE:       7     -0.00089881      0.02770873      0.02740926
MINMODE:MODE:       8     -0.05670813      0.09096287      0.03790653
MINMODE:MODE:       9     -0.09546186      0.12470478      0.04536668
MINMODE:MODE:      10     -0.07704825      0.09533784      0.04254669
MINMODE:MODE:      11      0.03411506     -0.02594150      0.03099227
MINMODE:MODE:      12      0.01469845     -0.04557051     -0.02157203
MINMODE:MODE:      13      0.03244206     -0.05652472     -0.01597700
MINMODE:MODE:      14      0.06988619     -0.04791139      0.04120142
MINMODE:MODE:      15      0.08925225     -0.02824845      0.09309484
MINMODE:MODE:      16      0.07246640     -0.01644311      0.08886273
MINMODE:MODE:      17     -0.01878183     -0.03332650     -0.03418946
MINMODE:MODE:      18     -0.00545423     -0.01084769     -0.03647600
MINMODE:MODE:      19      0.00201512      0.00407811     -0.02454434
MINMODE:MODE:      20      0.02282990      0.00510873      0.00257970
MINMODE:MODE:      21      0.06497520      0.01414464      0.07071940
MINMODE:MODE:      22      0.07900560      0.02394332      0.07823433
MINMODE:MODE:      23      0.05000789      0.02427772      0.02088547
MINMODE:MODE:      24      0.00761200      0.01538955     -0.04581141
MINMODE:MODE:      25     -0.00754417      0.00640489     -0.05518204
MINMODE:MODE:      26     -0.02718252      0.01871017     -0.00893006
MINMODE:MODE:      27      0.02199167      0.05592745     -0.07815290
MINMODE:MODE:      28      0.01489476      0.05772979     -0.07275171
MINMODE:MODE:      29     -0.04226028      0.02368454     -0.00081610
MINMODE:MODE:      30     -0.09284045     -0.01440135      0.06818235
MINMODE:MODE:      31     -0.08643901     -0.01586776      0.06410219
MINMODE:MODE:      32      0.03900917     -0.02005637      0.04548922
MINMODE:MODE:      33     -0.03318187     -0.00316293      0.04055303
MINMODE:MODE:      34      0.05817510     -0.01595318      0.05575917
MINMODE:MODE:      35      0.01670368      0.00314788      0.09045513
MINMODE:MODE:      36      0.06007520     -0.05384314      0.01903583
MINMODE:MODE:      37      0.02746305      0.00085306      0.02165695
MINMODE:MODE:      38     -0.07000993      0.11296984      0.03990989
MINMODE:MODE:      39     -0.13989270      0.17364410      0.05369984
MINMODE:MODE:      40     -0.10738727      0.12335994      0.04902622
MINMODE:MODE:      41     -0.01579895     -0.05069602     -0.06826748
MINMODE:MODE:      42      0.01704253     -0.07105548     -0.05481791
MINMODE:MODE:      43      0.08344672     -0.05641458      0.04566753
MINMODE:MODE:      44      0.11778005     -0.02165105      0.13770830
MINMODE:MODE:      45      0.08878235     -0.00033513      0.13014119
MINMODE:MODE:      46     -0.03449401     -0.02113482     -0.04539778
MINMODE:MODE:      47     -0.03493098     -0.05236412     -0.03325000
MINMODE:MODE:      48     -0.01416691      0.00084989     -0.04111511
MINMODE:MODE:      49     -0.00013957     -0.01866353     -0.03358739
MINMODE:MODE:      50      0.08273136      0.01369188      0.12012562
MINMODE:MODE:      51      0.11141391      0.03008246      0.12910112
MINMODE:MODE:      52      0.06038926      0.03085044      0.02712671
MINMODE:MODE:      53     -0.01384328      0.01534213     -0.09125860
MINMODE:MODE:      54     -0.04331457      0.00099412     -0.10990325
MINMODE:MODE:      55      0.06441719      0.08395041     -0.13233205
MINMODE:MODE:      56      0.05496178      0.08789139     -0.12489138
MINMODE:MODE:      57     -0.04711280      0.02755919      0.00153857
MINMODE:MODE:      58     -0.13811082     -0.04072890      0.12573322
MINMODE:MODE:      59     -0.13059429     -0.04348078      0.11428107
MINMODE:MODE:      60      0.03316443      0.02079286      0.04507753
MINMODE:MODE:      61      0.05725109      0.04503047      0.11553744
MINMODE:MODE:      62     -0.00349502     -0.05936821     -0.02188485
MINMODE:MODE:      63     -0.00510405     -0.08147580     -0.01205535
MINMODE:MODE:      64      0.06268585     -0.06218834     -0.07671232
MINMODE:MODE:      65      0.03551377     -0.10048300     -0.07909901
MINMODE:MODE:      66      0.00271073     -0.05252273     -0.07428795
MINMODE:MODE:      67      0.04582446     -0.06122321     -0.02578560
MINMODE:MODE:      68      0.01019059     -0.02853001     -0.03423965
MINMODE:MODE:      69     -0.07725946      0.01614045     -0.09741242
MINMODE:MODE:      70     -0.12677088      0.02638314     -0.15009401
MINMODE:MODE:      71     -0.08423006     -0.00964450     -0.13915033
MINMODE:MODE:      72      0.03678394     -0.04210992      0.01102103
MINMODE:MODE:      73      0.06825709      0.01499353      0.04874935
MINMODE:MODE:      74      0.02983712     -0.06022487      0.00304177
MINMODE:MODE:      75      0.10982793     -0.09587471      0.02283434
MINMODE:MODE:      76      0.04906790     -0.03706655      0.01109119
MINMODE:MODE:      77     -0.10616774      0.04173069     -0.10449818
MINMODE:MODE:      78     -0.19771745      0.06287097     -0.20029800
MINMODE:MODE:      79     -0.11801952     -0.00370879     -0.18688421
MINMODE:MODE: Optimization Step: 18
MINMODE:MODE: Order: 0
MINMODE:MODE:       0      0.00744454     -0.00830179     -0.03743930
MINMODE:MODE:       1      0.00690189     -0.04554516     -0.01698629
MINMODE:MODE:       2      0.00830903     -0.01894312      0.03257084
MINMODE:MODE:       3      0.02362597     -0.00875092      0.05878008
MINMODE:MODE:       4      0.00701913     -0.00754449      0.02386737
MINMODE:MODE:       5     -0.01813411      0.02904105      0.03041684
MINMODE:MODE:       6      0.01773577     -0.00261969      0.02434095
MINMODE:MODE:       7     -0.00091857      0.02780358      0.02744370
MINMODE:MODE:       8     -0.05674194      0.09098505      0.03792303
MINMODE:MODE:       9     -0.09565270      0.12472041      0.04536621
MINMODE:MODE:      10     -0.07710156      0.09523917      0.04250362
MINMODE:MODE:      11      0.03418410     -0.02598662      0.03112593
MINMODE:MODE:      12      0.01478333     -0.04566101     -0.02152145
MINMODE:MODE:      13      0.03254375     -0.05663956     -0.01592544
MINMODE:MODE:      14      0.06997818     -0.04797358      0.04124781
MINMODE:MODE:      15      0.08935318     -0.02824783      0.09324745
MINMODE:MODE:      16      0.07254919     -0.01642580      0.08900767
MINMODE:MODE:      17     -0.01880773     -0.03334851     -0.03414045
MINMODE:MODE:      18     -0.00543681     -0.01081673     -0.03652982
MINMODE:MODE:      19      0.00219268      0.00415249     -0.02455229
MINMODE:MODE:      20      0.02296746      0.00513733      0.00247582
MINMODE:MODE:      21      0.06516403      0.01417522      0.07059513
MINMODE:MODE:      22      0.07923347      0.02396085      0.07816684
MINMODE:MODE:      23      0.05012874      0.02428089      0.02084890
MINMODE:MODE:      24      0.00765829      0.01538226     -0.04586724
MINMODE:MODE:      25     -0.00758287      0.00641264     -0.05535383
MINMODE:MODE:      26     -0.02708144      0.01871105     -0.00883876
MINMODE:MODE:      27      0.02197521      0.05600842     -0.07817515
MINMODE:MODE:      28      0.01480973      0.05777131     -0.07270060
MINMODE:MODE:      29     -0.04228551      0.02362983     -0.00083269
MINMODE:MODE:      30     -0.09272105     -0.01452558      0.06822383
MINMODE:MODE:      31     -0.08628120     -0.01599301      0.06410341
MINMODE:MODE:      32      0.03894127     -0.02024866      0.04547835
MINMODE:MODE:      33     -0.03342091     -0.00319950      0.04051306
MINMODE:MODE:      34      0.05847914     -0.01596732      0.05580254
MINMODE:MODE:      35      0.01671222      0.00297064      0.09074031
MINMODE:MODE:      36      0.06031942     -0.05388355      0.01902834
MINMODE:MODE:      37      0.02759038      0.00087456      0.02167274
MINMODE:MODE:      38     -0.07012880      0.11305181      0.03995359
MINMODE:MODE:      39     -0.14015910      0.17366864      0.05370700
MINMODE:MODE:      40     -0.10761579      0.12332111      0.04899601
MINMODE:MODE:      41     -0.01580529     -0.05082217     -0.06839470
MINMODE:MODE:      42      0.01712329     -0.07125095     -0.05492740
MINMODE:MODE:      43      0.08352348     -0.05648115      0.04570019
MINMODE:MODE:      44      0.11789474     -0.02160359      0.13789624
MINMODE:MODE:      45      0.08886378     -0.00026737      0.13036415
MINMODE:MODE:      46     -0.03456501     -0.02116345     -0.04542839
MINMODE:MODE:      47     -0.03476667     -0.05220393     -0.03330518
MINMODE:MODE:      48     -0.01409268      0.00080957     -0.04118570
MINMODE:MODE:      49     -0.00021327     -0.01870805     -0.03361043
MINMODE:MODE:      50      0.08306776      0.01373615      0.12005080
MINMODE:MODE:      51      0.11171041      0.03014342      0.12908257
MINMODE:MODE:      52      0.06057875      0.03085368      0.02717585
MINMODE:MODE:      53     -0.01392173      0.01532116     -0.09131042
MINMODE:MODE:      54     -0.04349299      0.00092656     -0.11023837
MINMODE:MODE:      55      0.06422559      0.08401274     -0.13220777
MINMODE:MODE:      56      0.05475913      0.08801736     -0.12494043
MINMODE:MODE:      57     -0.04722695      0.02746181      0.00161411
MINMODE:MODE:      58     -0.13800678     -0.04097426      0.12581064
MINMODE:MODE:      59     -0.13042043     -0.04372957      0.11441612
MINMODE:MODE:      60      0.03289445      0.02052589      0.04412448
MINMODE:MODE:      61      0.05765593      0.04464370      0.11590278
MINMODE:MODE:      62     -0.00339276     -0.05991352     -0.02194033
MINMODE:MODE:      63     -0.00513733     -0.08123422     -0.01264960
MINMODE:MODE:      64      0.06288210     -0.06228553     -0.07803320
MINMODE:MODE:      65      0.03553947     -0.09915496     -0.07804305
MINMODE:MODE:      66      0.00250254     -0.05193831     -0.07411625
MINMODE:MODE:      67      0.04589925     -0.06087025     -0.02592176
MINMODE:MODE:      68      0.01004438     -0.02834569     -0.03454820
MINMODE:MODE:      69     -0.07718591      0.01613809     -0.09736585
MINMODE:MODE:      70     -0.12682776      0.02645157     -0.14980975
MINMODE:MODE:      71     -0.08406991     -0.00940143     -0.13865466
MINMODE:MODE:      72      0.03672716     -0.04240587      0.01069964
MINMODE:MODE:      73      0.06671171      0.01506673      0.04944488
MINMODE:MODE:      74      0.02924218     -0.06079242      0.00254422
MINMODE:MODE:      75      0.10994027     -0.09547788      0.02256626
MINMODE:MODE:      76      0.04914296     -0.03698890      0.01054171
MINMODE:MODE:      77     -0.10638107      0.04175687     -0.10459179
MINMODE:MODE:      78     -0.19780902      0.06283049     -0.19984478
MINMODE:MODE:      79     -0.11814374     -0.00335819     -0.18615071
MINMODE:MODE: Optimization Step: 19
MINMODE:MODE: Order: 0
MINMODE:MODE:       0      0.00739561     -0.00842617     -0.03775166
MINMODE:MODE:       1      0.00698336     -0.04558703     -0.01681203
MINMODE:MODE:       2      0.00828063     -0.01902261      0.03257842
MINMODE:MODE:       3      0.02366280     -0.00883381      0.05884048
MINMODE:MODE:       4      0.00701478     -0.00759860      0.02388452
MINMODE:MODE:       5     -0.01808945      0.02904935      0.03038951
MINMODE:MODE:       6      0.01787544     -0.00256776      0.02429962
MINMODE:MODE:       7     -0.00082790      0.02787197      0.02741180
MINMODE:MODE:       8     -0.05682973      0.09094092      0.03788864
MINMODE:MODE:       9     -0.09579400      0.12458147      0.04534619
MINMODE:MODE:      10     -0.07720926      0.09507415      0.04248622
MINMODE:MODE:      11      0.03426341     -0.02599876      0.03117701
MINMODE:MODE:      12      0.01488596     -0.04577107     -0.02148336
MINMODE:MODE:      13      0.03265194     -0.05675586     -0.01590332
MINMODE:MODE:      14      0.06998308     -0.04800640      0.04131079
MINMODE:MODE:      15      0.08934174     -0.02817214      0.09333749
MINMODE:MODE:      16      0.07253429     -0.01634414      0.08910820
MINMODE:MODE:      17     -0.01876784     -0.03331578     -0.03406617
MINMODE:MODE:      18     -0.00541370     -0.01081748     -0.03651854
MINMODE:MODE:      19      0.00234647      0.00417511     -0.02452779
MINMODE:MODE:      20      0.02300135      0.00517738      0.00238118
MINMODE:MODE:      21      0.06539841      0.01428588      0.07046830
MINMODE:MODE:      22      0.07936308      0.02400139      0.07796848
MINMODE:MODE:      23      0.05026369      0.02423217      0.02077256
MINMODE:MODE:      24      0.00762852      0.01530242     -0.04586397
MINMODE:MODE:      25     -0.00762443      0.00635283     -0.05542897
MINMODE:MODE:      26     -0.02703494      0.01867548     -0.00886543
MINMODE:MODE:      27      0.02189505      0.05618037     -0.07813349
MINMODE:MODE:      28      0.01461521      0.05782721     -0.07254345
MINMODE:MODE:      29     -0.04219194      0.02359035     -0.00076475
MINMODE:MODE:      30     -0.09249331     -0.01476557      0.06818072
MINMODE:MODE:      31     -0.08603834     -0.01622045      0.06408942
MINMODE:MODE:      32      0.03883337     -0.02032338      0.04548043
MINMODE:MODE:      33     -0.03352807     -0.00327999      0.04046523
MINMODE:MODE:      34      0.05870578     -0.01596741      0.05585981
MINMODE:MODE:      35      0.01666086      0.00283747      0.09091992
MINMODE:MODE:      36      0.06060406     -0.05379395      0.01897775
MINMODE:MODE:      37      0.02772490      0.00095308      0.02161637
MINMODE:MODE:      38     -0.07023044      0.11301650      0.03992717
MINMODE:MODE:      39     -0.14041635      0.17345121      0.05369535
MINMODE:MODE:      40     -0.10778903      0.12312482      0.04898544
MINMODE:MODE:      41     -0.01570320     -0.05098262     -0.06849195
MINMODE:MODE:      42      0.01722386     -0.07144783     -0.05497346
MINMODE:MODE:      43      0.08350441     -0.05651543      0.04572987
MINMODE:MODE:      44      0.11782212     -0.02147889      0.13800849
MINMODE:MODE:      45      0.08882803     -0.00012175      0.13046899
MINMODE:MODE:      46     -0.03455266     -0.02111478     -0.04537797
MINMODE:MODE:      47     -0.03465947     -0.05209864     -0.03326488
MINMODE:MODE:      48     -0.01402968      0.00078420     -0.04120064
MINMODE:MODE:      49     -0.00026882     -0.01872689     -0.03359420
MINMODE:MODE:      50      0.08335962      0.01389595      0.11986667
MINMODE:MODE:      51      0.11198603      0.03024599      0.12890239
MINMODE:MODE:      52      0.06074148      0.03081158      0.02717263
MINMODE:MODE:      53     -0.01402264      0.01518688     -0.09126336
MINMODE:MODE:      54     -0.04371243      0.00078571     -0.11039245
MINMODE:MODE:      55      0.06385528      0.08415910     -0.13201301
MINMODE:MODE:      56      0.05445121      0.08833617     -0.12494487
MINMODE:MODE:      57     -0.04723914      0.02737740      0.00173402
MINMODE:MODE:      58     -0.13764747     -0.04133119      0.12582812
MINMODE:MODE:      59     -0.13009316     -0.04410373      0.11439258
MINMODE:MODE:      60      0.03279012      0.02011387      0.04368155
MINMODE:MODE:      61      0.05793270      0.04428732      0.11603126
MINMODE:MODE:      62     -0.00335168     -0.06022033     -0.02224304
MINMODE:MODE:      63     -0.00514233     -0.08102044     -0.01312777
MINMODE:MODE:      64      0.06299680     -0.06220456     -0.07883591
MINMODE:MODE:      65      0.03469810     -0.10067559     -0.08020027
MINMODE:MODE:      66      0.00245948     -0.05152393     -0.07417797
MINMODE:MODE:      67      0.04590006     -0.06054752     -0.02609411
MINMODE:MODE:      68      0.01009317     -0.02830954     -0.03480957
MINMODE:MODE:      69     -0.07727411      0.01616451     -0.09719407
MINMODE:MODE:      70     -0.12680389      0.02659521     -0.14930108
MINMODE:MODE:      71     -0.08391687     -0.00900330     -0.13808774
MINMODE:MODE:      72      0.03667825     -0.04253431      0.01044971
MINMODE:MODE:      73      0.06583943      0.01766605      0.05259727
MINMODE:MODE:      74      0.02893656     -0.06117719      0.00227603
MINMODE:MODE:      75      0.11002191     -0.09523039      0.02208122
MINMODE:MODE:      76      0.04915065     -0.03706486      0.00997741
MINMODE:MODE:      77     -0.10655063      0.04173401     -0.10448064
MINMODE:MODE:      78     -0.19781686      0.06299322     -0.19899205
MINMODE:MODE:      79     -0.11811930     -0.00283660     -0.18532129
MINMODE:MODE: Optimization Step: 20
MINMODE:MODE: Order: 0
MINMODE:MODE:       0      0.00734174     -0.00843886     -0.03814547
MINMODE:MODE:       1      0.00699052     -0.04594633     -0.01720753
MINMODE:MODE:       2      0.00828422     -0.01912821      0.03252296
MINMODE:MODE:       3      0.02369673     -0.00890474      0.05889093
MINMODE:MODE:       4      0.00693104     -0.00764061      0.02391083
MINMODE:MODE:       5     -0.01797735      0.02893198      0.03031408
MINMODE:MODE:       6      0.01801566     -0.00248114      0.02424965
MINMODE:MODE:       7     -0.00067636      0.02783323      0.02734438
MINMODE:MODE:       8     -0.05694668      0.09093392      0.03786401
MINMODE:MODE:       9     -0.09590667      0.12435247      0.04528905
MINMODE:MODE:      10     -0.07735892      0.09496087      0.04245885
MINMODE:MODE:      11      0.03430409     -0.02602386      0.03124725
MINMODE:MODE:      12      0.01498209     -0.04587323     -0.02145224
MINMODE:MODE:      13      0.03270757     -0.05686874     -0.01590263
MINMODE:MODE:      14      0.06999659     -0.04799545      0.04137611
MINMODE:MODE:      15      0.08927647     -0.02809649      0.09339805
MINMODE:MODE:      16      0.07252160     -0.01624179      0.08920827
MINMODE:MODE:      17     -0.01873514     -0.03329971     -0.03402343
MINMODE:MODE:      18     -0.00537757     -0.01080440     -0.03648811
MINMODE:MODE:      19      0.00254117      0.00424365     -0.02451152
MINMODE:MODE:      20      0.02302875      0.00518913      0.00222958
MINMODE:MODE:      21      0.06560070      0.01436481      0.07031739
MINMODE:MODE:      22      0.07953043      0.02406776      0.07778095
MINMODE:MODE:      23      0.05038028      0.02419728      0.02072302
MINMODE:MODE:      24      0.00758067      0.01519937     -0.04591588
MINMODE:MODE:      25     -0.00768430      0.00628343     -0.05550397
MINMODE:MODE:      26     -0.02691695      0.01865117     -0.00883438
MINMODE:MODE:      27      0.02180203      0.05634560     -0.07809908
MINMODE:MODE:      28      0.01450424      0.05794619     -0.07247357
MINMODE:MODE:      29     -0.04211648      0.02351192     -0.00071214
MINMODE:MODE:      30     -0.09224714     -0.01503104      0.06821305
MINMODE:MODE:      31     -0.08579042     -0.01648891      0.06411602
MINMODE:MODE:      32      0.03875847     -0.02040325      0.04550235
MINMODE:MODE:      33     -0.03365581     -0.00334129      0.04038543
MINMODE:MODE:      34      0.05891631     -0.01595394      0.05591089
MINMODE:MODE:      35      0.01660429      0.00270286      0.09107914
MINMODE:MODE:      36      0.06089956     -0.05368406      0.01891364
MINMODE:MODE:      37      0.02785599      0.00105117      0.02155539
MINMODE:MODE:      38     -0.07030765      0.11291724      0.03987797
MINMODE:MODE:      39     -0.14064104      0.17314370      0.05365969
MINMODE:MODE:      40     -0.10792664      0.12284008      0.04893917
MINMODE:MODE:      41     -0.01558658     -0.05115286     -0.06855364
MINMODE:MODE:      42      0.01733510     -0.07161564     -0.05498638
MINMODE:MODE:      43      0.08344384     -0.05652147      0.04574259
MINMODE:MODE:      44      0.11768911     -0.02133101      0.13807114
MINMODE:MODE:      45      0.08874823      0.00002698      0.13053025
MINMODE:MODE:      46     -0.03453299     -0.02108187     -0.04526476
MINMODE:MODE:      47     -0.03453924     -0.05194142     -0.03323450
MINMODE:MODE:      48     -0.01396843      0.00075935     -0.04119479
MINMODE:MODE:      49     -0.00033014     -0.01873526     -0.03355315
MINMODE:MODE:      50      0.08364120      0.01405783      0.11960909
MINMODE:MODE:      51      0.11223143      0.03034774      0.12864799
MINMODE:MODE:      52      0.06087912      0.03075398      0.02715242
MINMODE:MODE:      53     -0.01412692      0.01502276     -0.09116251
MINMODE:MODE:      54     -0.04390009      0.00062878     -0.11049766
MINMODE:MODE:      55      0.06343681      0.08430364     -0.13173846
MINMODE:MODE:      56      0.05409900      0.08860201     -0.12487752
MINMODE:MODE:      57     -0.04721465      0.02727059      0.00185830
MINMODE:MODE:      58     -0.13720001     -0.04170822      0.12578159
MINMODE:MODE:      59     -0.12967852     -0.04448500      0.11431351
MINMODE:MODE:      60      0.03290451      0.02001623      0.04392674
MINMODE:MODE:      61      0.05796181      0.04376031      0.11549086
MINMODE:MODE:      62     -0.00327859     -0.06016387     -0.02293452
MINMODE:MODE:      63     -0.00517424     -0.08123715     -0.01345366
MINMODE:MODE:      64      0.06292948     -0.06226583     -0.08030345
MINMODE:MODE:      65      0.03374645     -0.10305070     -0.08289316
MINMODE:MODE:      66      0.00230757     -0.05125464     -0.07439107
MINMODE:MODE:      67      0.04572613     -0.06029325     -0.02632436
MINMODE:MODE:      68      0.01030428     -0.02835353     -0.03489593
MINMODE:MODE:      69     -0.07749510      0.01628333     -0.09713213
MINMODE:MODE:      70     -0.12653988      0.02678155     -0.14874502
MINMODE:MODE:      71     -0.08358762     -0.00854839     -0.13760072
MINMODE:MODE:      72      0.03671532     -0.04235406      0.01125510
MINMODE:MODE:      73      0.06505385      0.02157382      0.05713367
MINMODE:MODE:      74      0.02838072     -0.06156433      0.00200483
MINMODE:MODE:      75      0.11007800     -0.09498500      0.02155804
MINMODE:MODE:      76      0.04912609     -0.03717368      0.00936054
MINMODE:MODE:      77     -0.10665889      0.04168599     -0.10432092
MINMODE:MODE:      78     -0.19774826      0.06314059     -0.19803036
MINMODE:MODE:      79     -0.11796398     -0.00222011     -0.18435615
MINMODE:MODE: Optimization Step: 21
MINMODE:MODE: Order: 0
MINMODE:MODE:       0      0.00733284     -0.00816871     -0.03871733
MINMODE:MODE:       1      0.00703616     -0.04650375     -0.01764179
MINMODE:MODE:       2      0.00835100     -0.01928530      0.03242490
MINMODE:MODE:       3      0.02372126     -0.00896533      0.05890760
MINMODE:MODE:       4      0.00677055     -0.00764892      0.02394948
MINMODE:MODE:       5     -0.01790657      0.02884822      0.03022138
MINMODE:MODE:       6      0.01816649     -0.00237810      0.02416691
MINMODE:MODE:       7     -0.00057825      0.02784515      0.02725914
MINMODE:MODE:       8     -0.05696943      0.09079244      0.03780090
MINMODE:MODE:       9     -0.09598644      0.12402342      0.04520718
MINMODE:MODE:      10     -0.07741618      0.09471275      0.04238889
MINMODE:MODE:      11      0.03430859     -0.02605137      0.03130735
MINMODE:MODE:      12      0.01507993     -0.04597600     -0.02140701
MINMODE:MODE:      13      0.03273406     -0.05697600     -0.01590930
MINMODE:MODE:      14      0.06996518     -0.04796133      0.04143022
MINMODE:MODE:      15      0.08915103     -0.02798349      0.09343007
MINMODE:MODE:      16      0.07246548     -0.01610696      0.08929761
MINMODE:MODE:      17     -0.01872452     -0.03332023     -0.03398023
MINMODE:MODE:      18     -0.00532705     -0.01076901     -0.03645277
MINMODE:MODE:      19      0.00280875      0.00439630     -0.02449429
MINMODE:MODE:      20      0.02303284      0.00519268      0.00205375
MINMODE:MODE:      21      0.06581646      0.01446114      0.07014135
MINMODE:MODE:      22      0.07968666      0.02412933      0.07754858
MINMODE:MODE:      23      0.05048891      0.02414652      0.02066942
MINMODE:MODE:      24      0.00750456      0.01506537     -0.04597691
MINMODE:MODE:      25     -0.00776651      0.00617786     -0.05557379
MINMODE:MODE:      26     -0.02675536      0.01862137     -0.00878778
MINMODE:MODE:      27      0.02171557      0.05655024     -0.07806496
MINMODE:MODE:      28      0.01443268      0.05811594     -0.07244385
MINMODE:MODE:      29     -0.04202594      0.02341120     -0.00062846
MINMODE:MODE:      30     -0.09193499     -0.01535754      0.06825029
MINMODE:MODE:      31     -0.08549356     -0.01683161      0.06418555
MINMODE:MODE:      32      0.03874566     -0.02052868      0.04553143
MINMODE:MODE:      33     -0.03384803     -0.00336193      0.04023844
MINMODE:MODE:      34      0.05911317     -0.01591772      0.05593466
MINMODE:MODE:      35      0.01653088      0.00258029      0.09120026
MINMODE:MODE:      36      0.06121776     -0.05352491      0.01882954
MINMODE:MODE:      37      0.02798526      0.00117509      0.02147475
MINMODE:MODE:      38     -0.07034974      0.11273155      0.03980484
MINMODE:MODE:      39     -0.14082756      0.17269199      0.05359523
MINMODE:MODE:      40     -0.10802075      0.12243836      0.04885352
MINMODE:MODE:      41     -0.01545125     -0.05134558     -0.06857962
MINMODE:MODE:      42      0.01745070     -0.07176438     -0.05496211
MINMODE:MODE:      43      0.08332718     -0.05649099      0.04573734
MINMODE:MODE:      44      0.11745856     -0.02114517      0.13806673
MINMODE:MODE:      45      0.08860315      0.00019703      0.13052549
MINMODE:MODE:      46     -0.03453580     -0.02110885     -0.04508193
MINMODE:MODE:      47     -0.03438922     -0.05170659     -0.03323071
MINMODE:MODE:      48     -0.01389673      0.00075415     -0.04116497
MINMODE:MODE:      49     -0.00039239     -0.01873549     -0.03349460
MINMODE:MODE:      50      0.08390286      0.01424335      0.11925507
MINMODE:MODE:      51      0.11245062      0.03046054      0.12828996
MINMODE:MODE:      52      0.06098688      0.03068114      0.02711026
MINMODE:MODE:      53     -0.01423908      0.01481682     -0.09099602
MINMODE:MODE:      54     -0.04409509      0.00043241     -0.11054141
MINMODE:MODE:      55      0.06299497      0.08450142     -0.13144664
MINMODE:MODE:      56      0.05368450      0.08886094     -0.12471519
MINMODE:MODE:      57     -0.04714900      0.02713869      0.00198674
MINMODE:MODE:      58     -0.13660896     -0.04213626      0.12567584
MINMODE:MODE:      59     -0.12913443     -0.04491044      0.11416916
MINMODE:MODE:      60      0.03308185      0.02016131      0.04441881
MINMODE:MODE:      61      0.05781470      0.04320014      0.11458472
MINMODE:MODE:      62     -0.00320208     -0.06013133     -0.02374657
MINMODE:MODE:      63     -0.00521633     -0.08164215     -0.01379308
MINMODE:MODE:      64      0.06255405     -0.06257555     -0.08259814
MINMODE:MODE:      65      0.03255124     -0.10645756     -0.08650111
MINMODE:MODE:      66      0.00235721     -0.05100404     -0.07458525
MINMODE:MODE:      67      0.04541615     -0.06007757     -0.02657424
MINMODE:MODE:      68      0.01029923     -0.02850008     -0.03508139
MINMODE:MODE:      69     -0.07742253      0.01650257     -0.09689523
MINMODE:MODE:      70     -0.12614470      0.02703082     -0.14817934
MINMODE:MODE:      71     -0.08334342     -0.00809948     -0.13732058
MINMODE:MODE:      72      0.03675712     -0.04193413      0.01298515
MINMODE:MODE:      73      0.06437191      0.02704700      0.06346566
MINMODE:MODE:      74      0.02764735     -0.06191848      0.00181275
MINMODE:MODE:      75      0.11006325     -0.09479747      0.02095685
MINMODE:MODE:      76      0.04903457     -0.03740094      0.00872047
MINMODE:MODE:      77     -0.10666182      0.04165668     -0.10409912
MINMODE:MODE:      78     -0.19749961      0.06329683     -0.19691896
MINMODE:MODE:      79     -0.11765649     -0.00158961     -0.18327954
MINMODE:MODE: Optimization Step: 22
MINMODE:MODE: Order: 0
MINMODE:MODE:       0      0.00733150     -0.00759739     -0.03963396
MINMODE:MODE:       1      0.00714698     -0.04726721     -0.01801136
MINMODE:MODE:       2      0.00848559     -0.01952538      0.03230122
MINMODE:MODE:       3      0.02372022     -0.00900759      0.05888273
MINMODE:MODE:       4      0.00651146     -0.00759726      0.02397101
MINMODE:MODE:       5     -0.01774455      0.02867339      0.03006290
MINMODE:MODE:       6      0.01837332     -0.00226200      0.02403856
MINMODE:MODE:       7     -0.00042485      0.02782404      0.02713618
MINMODE:MODE:       8     -0.05698740      0.09056759      0.03769762
MINMODE:MODE:       9     -0.09602838      0.12353863      0.04508264
MINMODE:MODE:      10     -0.07746524      0.09435750      0.04228683
MINMODE:MODE:      11      0.03428010     -0.02606991      0.03136898
MINMODE:MODE:      12      0.01515285     -0.04608317     -0.02135544
MINMODE:MODE:      13      0.03273945     -0.05706378     -0.01588747
MINMODE:MODE:      14      0.06985395     -0.04789005      0.04144940
MINMODE:MODE:      15      0.08892645     -0.02781892      0.09340863
MINMODE:MODE:      16      0.07232058     -0.01593953      0.08932135
MINMODE:MODE:      17     -0.01874175     -0.03339098     -0.03387312
MINMODE:MODE:      18     -0.00525217     -0.01069254     -0.03641139
MINMODE:MODE:      19      0.00321325      0.00467868     -0.02448004
MINMODE:MODE:      20      0.02302348      0.00518092      0.00184985
MINMODE:MODE:      21      0.06601352      0.01456310      0.06988289
MINMODE:MODE:      22      0.07982231      0.02418427      0.07722504
MINMODE:MODE:      23      0.05054874      0.02406709      0.02055539
MINMODE:MODE:      24      0.00740945      0.01489628     -0.04596723
MINMODE:MODE:      25     -0.00789049      0.00603304     -0.05558501
MINMODE:MODE:      26     -0.02652969      0.01859952     -0.00871286
MINMODE:MODE:      27      0.02160285      0.05678131     -0.07796734
MINMODE:MODE:      28      0.01435039      0.05830206     -0.07235192
MINMODE:MODE:      29     -0.04188223      0.02327716     -0.00053615
MINMODE:MODE:      30     -0.09148228     -0.01574221      0.06825114
MINMODE:MODE:      31     -0.08508366     -0.01724712      0.06423091
MINMODE:MODE:      32      0.03882594     -0.02073110      0.04556799
MINMODE:MODE:      33     -0.03406145     -0.00333418      0.04001695
MINMODE:MODE:      34      0.05928841     -0.01583341      0.05592660
MINMODE:MODE:      35      0.01643161      0.00247525      0.09125788
MINMODE:MODE:      36      0.06155744     -0.05325786      0.01871711
MINMODE:MODE:      37      0.02811730      0.00133536      0.02136090
MINMODE:MODE:      38     -0.07035089      0.11241237      0.03968340
MINMODE:MODE:      39     -0.14095158      0.17201176      0.05347832
MINMODE:MODE:      40     -0.10803047      0.12186998      0.04874874
MINMODE:MODE:      41     -0.01530212     -0.05156160     -0.06856230
MINMODE:MODE:      42      0.01757194     -0.07189332     -0.05488317
MINMODE:MODE:      43      0.08312386     -0.05640928      0.04570532
MINMODE:MODE:      44      0.11707867     -0.02090146      0.13795595
MINMODE:MODE:      45      0.08836043      0.00040606      0.13041490
MINMODE:MODE:      46     -0.03456778     -0.02120825     -0.04479230
MINMODE:MODE:      47     -0.03419727     -0.05139629     -0.03320122
MINMODE:MODE:      48     -0.01380003      0.00078630     -0.04110727
MINMODE:MODE:      49     -0.00045293     -0.01872389     -0.03341927
MINMODE:MODE:      50      0.08412980      0.01445953      0.11876092
MINMODE:MODE:      51      0.11262600      0.03058688      0.12776965
MINMODE:MODE:      52      0.06106345      0.03057694      0.02702984
MINMODE:MODE:      53     -0.01436714      0.01455512     -0.09073350
MINMODE:MODE:      54     -0.04434480      0.00023990     -0.11040315
MINMODE:MODE:      55      0.06236985      0.08467207     -0.13095173
MINMODE:MODE:      56      0.05316620      0.08912678     -0.12441819
MINMODE:MODE:      57     -0.04702601      0.02697116      0.00212974
MINMODE:MODE:      58     -0.13579769     -0.04263401      0.12547231
MINMODE:MODE:      59     -0.12837201     -0.04540261      0.11391657
MINMODE:MODE:      60      0.03316814      0.02032333      0.04457290
MINMODE:MODE:      61      0.05766324      0.04293057      0.11375776
MINMODE:MODE:      62     -0.00320247     -0.06070383     -0.02439323
MINMODE:MODE:      63     -0.00522584     -0.08172228     -0.01441145
MINMODE:MODE:      64      0.06189636     -0.06315985     -0.08613949
MINMODE:MODE:      65      0.03096870     -0.11124145     -0.09146865
MINMODE:MODE:      66      0.00249265     -0.05077785     -0.07489532
MINMODE:MODE:      67      0.04502252     -0.05986165     -0.02687396
MINMODE:MODE:      68      0.01032815     -0.02862227     -0.03522457
MINMODE:MODE:      69     -0.07735650      0.01667204     -0.09663809
MINMODE:MODE:      70     -0.12560636      0.02728342     -0.14756566
MINMODE:MODE:      71     -0.08300557     -0.00767912     -0.13711210
MINMODE:MODE:      72      0.03676118     -0.04126010      0.01574220
MINMODE:MODE:      73      0.06384005      0.03467748      0.07236252
MINMODE:MODE:      74      0.02668812     -0.06219040      0.00173170
MINMODE:MODE:      75      0.10994671     -0.09468509      0.02024170
MINMODE:MODE:      76      0.04887512     -0.03766466      0.00803761
MINMODE:MODE:      77     -0.10653059      0.04165081     -0.10373603
MINMODE:MODE:      78     -0.19695310      0.06345763     -0.19558629
MINMODE:MODE:      79     -0.11717303     -0.00095451     -0.18207254
MINMODE:MODE: Optimization Step: 23
MINMODE:MODE: Order: 0
MINMODE:MODE:       0      0.00724882     -0.00710343     -0.04081035
MINMODE:MODE:       1      0.00730628     -0.04784742     -0.01785762
MINMODE:MODE:       2      0.00867279     -0.01980602      0.03221554
MINMODE:MODE:       3      0.02371533     -0.00902492      0.05885662
MINMODE:MODE:       4      0.00608666     -0.00751698      0.02402422
MINMODE:MODE:       5     -0.01777199      0.02852992      0.02990728
MINMODE:MODE:       6      0.01855214     -0.00231305      0.02390450
MINMODE:MODE:       7     -0.00046568      0.02786721      0.02708766
MINMODE:MODE:       8     -0.05680275      0.09025295      0.03758429
MINMODE:MODE:       9     -0.09600370      0.12316420      0.04494077
MINMODE:MODE:      10     -0.07729508      0.09390616      0.04210185
MINMODE:MODE:      11      0.03420956     -0.02610141      0.03150804
MINMODE:MODE:      12      0.01516020     -0.04613736     -0.02126813
MINMODE:MODE:      13      0.03272743     -0.05705580     -0.01577029
MINMODE:MODE:      14      0.06972687     -0.04781940      0.04138562
MINMODE:MODE:      15      0.08873707     -0.02772436      0.09334328
MINMODE:MODE:      16      0.07215907     -0.01586465      0.08926181
MINMODE:MODE:      17     -0.01879612     -0.03354182     -0.03362498
MINMODE:MODE:      18     -0.00516506     -0.01059303     -0.03637268
MINMODE:MODE:      19      0.00377407      0.00501851     -0.02446485
MINMODE:MODE:      20      0.02313559      0.00515622      0.00168389
MINMODE:MODE:      21      0.06606099      0.01456395      0.06954180
MINMODE:MODE:      22      0.07988160      0.02414106      0.07691682
MINMODE:MODE:      23      0.05049793      0.02400156      0.02041709
MINMODE:MODE:      24      0.00744776      0.01481965     -0.04587941
MINMODE:MODE:      25     -0.00794925      0.00598176     -0.05562265
MINMODE:MODE:      26     -0.02627248      0.01855699     -0.00845269
MINMODE:MODE:      27      0.02153806      0.05679448     -0.07777736
MINMODE:MODE:      28      0.01425419      0.05820851     -0.07207233
MINMODE:MODE:      29     -0.04176220      0.02315398     -0.00055303
MINMODE:MODE:      30     -0.09103938     -0.01588176      0.06815491
MINMODE:MODE:      31     -0.08463046     -0.01740615      0.06411252
MINMODE:MODE:      32      0.03900737     -0.02103448      0.04559883
MINMODE:MODE:      33     -0.03420253     -0.00330209      0.03988738
MINMODE:MODE:      34      0.05944995     -0.01571813      0.05586748
MINMODE:MODE:      35      0.01639079      0.00240077      0.09131242
MINMODE:MODE:      36      0.06170114     -0.05313947      0.01865664
MINMODE:MODE:      37      0.02818774      0.00139750      0.02132771
MINMODE:MODE:      38     -0.07027649      0.11215257      0.03960985
MINMODE:MODE:      39     -0.14085585      0.17147160      0.05331284
MINMODE:MODE:      40     -0.10797538      0.12139547      0.04855537
MINMODE:MODE:      41     -0.01529551     -0.05169436     -0.06847736
MINMODE:MODE:      42      0.01761319     -0.07190659     -0.05480215
MINMODE:MODE:      43      0.08295728     -0.05630521      0.04563497
MINMODE:MODE:      44      0.11680865     -0.02076203      0.13777191
MINMODE:MODE:      45      0.08818167      0.00050022      0.13031003
MINMODE:MODE:      46     -0.03465327     -0.02139799     -0.04443204
MINMODE:MODE:      47     -0.03401361     -0.05116573     -0.03304808
MINMODE:MODE:      48     -0.01370761      0.00086279     -0.04106354
MINMODE:MODE:      49     -0.00051064     -0.01870344     -0.03334655
MINMODE:MODE:      50      0.08427642      0.01448635      0.11831345
MINMODE:MODE:      51      0.11263956      0.03058178      0.12733448
MINMODE:MODE:      52      0.06108168      0.03049442      0.02698944
MINMODE:MODE:      53     -0.01443188      0.01446088     -0.09052088
MINMODE:MODE:      54     -0.04441980      0.00017142     -0.11039130
MINMODE:MODE:      55      0.06196761      0.08457464     -0.13036680
MINMODE:MODE:      56      0.05279673      0.08908063     -0.12416490
MINMODE:MODE:      57     -0.04696871      0.02678771      0.00220392
MINMODE:MODE:      58     -0.13522295     -0.04284687      0.12520390
MINMODE:MODE:      59     -0.12772295     -0.04559053      0.11373024
MINMODE:MODE:      60      0.03292482      0.02040931      0.04418294
MINMODE:MODE:      61      0.05772431      0.04331816      0.11360842
MINMODE:MODE:      62     -0.00327774     -0.06181537     -0.02483951
MINMODE:MODE:      63     -0.00518185     -0.08131915     -0.01547249
MINMODE:MODE:      64      0.06120588     -0.06392541     -0.08996481
MINMODE:MODE:      65      0.02944881     -0.11540638     -0.09575327
MINMODE:MODE:      66      0.00225568     -0.05044120     -0.07522922
MINMODE:MODE:      67      0.04472333     -0.05956236     -0.02702410
MINMODE:MODE:      68      0.00999405     -0.02842824     -0.03544206
MINMODE:MODE:      69     -0.07690862      0.01664439     -0.09637153
MINMODE:MODE:      70     -0.12512528      0.02734098     -0.14725949
MINMODE:MODE:      71     -0.08216607     -0.00763088     -0.13684365
MINMODE:MODE:      72      0.03662142     -0.04086033      0.01793385
MINMODE:MODE:      73      0.06328726      0.04216836      0.08147623
MINMODE:MODE:      74      0.02551941     -0.06241862      0.00167319
MINMODE:MODE:      75      0.10962627     -0.09437727      0.01979915
MINMODE:MODE:      76      0.04877244     -0.03762267      0.00751692
MINMODE:MODE:      77     -0.10632663      0.04171063     -0.10353058
MINMODE:MODE:      78     -0.19617381      0.06327162     -0.19473334
MINMODE:MODE:      79     -0.11668455     -0.00068694     -0.18115602
MINMODE:MODE: Optimization Step: 24
MINMODE:MODE: Order: 0
MINMODE:MODE:       0      0.00708409     -0.00668547     -0.04189054
MINMODE:MODE:       1      0.00745289     -0.04836014     -0.01759377
MINMODE:MODE:       2      0.00884986     -0.02006965      0.03217821
MINMODE:MODE:       3      0.02370543     -0.00903363      0.05885453
MINMODE:MODE:       4      0.00569609     -0.00745291      0.02406197
MINMODE:MODE:       5     -0.01781833      0.02841613      0.02979796
MINMODE:MODE:       6      0.01865520     -0.00237027      0.02381976
MINMODE:MODE:       7     -0.00051223      0.02789835      0.02705852
MINMODE:MODE:       8     -0.05662926      0.08998107      0.03747701
MINMODE:MODE:       9     -0.09592311      0.12284318      0.04480095
MINMODE:MODE:      10     -0.07711285      0.09350294      0.04193115
MINMODE:MODE:      11      0.03414094     -0.02613151      0.03162552
MINMODE:MODE:      12      0.01514417     -0.04616922     -0.02116980
MINMODE:MODE:      13      0.03271197     -0.05703458     -0.01564511
MINMODE:MODE:      14      0.06961256     -0.04777059      0.04133769
MINMODE:MODE:      15      0.08857869     -0.02767492      0.09327335
MINMODE:MODE:      16      0.07201443     -0.01583362      0.08920055
MINMODE:MODE:      17     -0.01883773     -0.03371880     -0.03333048
MINMODE:MODE:      18     -0.00507806     -0.01049668     -0.03632798
MINMODE:MODE:      19      0.00424392      0.00530097     -0.02446556
MINMODE:MODE:      20      0.02325916      0.00515546      0.00157424
MINMODE:MODE:      21      0.06607734      0.01453852      0.06921904
MINMODE:MODE:      22      0.07989903      0.02407577      0.07663537
MINMODE:MODE:      23      0.05046146      0.02393593      0.02029236
MINMODE:MODE:      24      0.00750807      0.01478007     -0.04579962
MINMODE:MODE:      25     -0.00795211      0.00597590     -0.05566030
MINMODE:MODE:      26     -0.02607524      0.01850483     -0.00822817
MINMODE:MODE:      27      0.02147238      0.05671715     -0.07753145
MINMODE:MODE:      28      0.01416243      0.05805946     -0.07178060
MINMODE:MODE:      29     -0.04164659      0.02305110     -0.00055150
MINMODE:MODE:      30     -0.09064407     -0.01592115      0.06801610
MINMODE:MODE:      31     -0.08420223     -0.01745332      0.06395185
MINMODE:MODE:      32      0.03922776     -0.02132427      0.04565349
MINMODE:MODE:      33     -0.03425508     -0.00330248      0.03982228
MINMODE:MODE:      34      0.05959548     -0.01559368      0.05582639
MINMODE:MODE:      35      0.01636481      0.00237623      0.09136685
MINMODE:MODE:      36      0.06177536     -0.05309549      0.01863320
MINMODE:MODE:      37      0.02822207      0.00142585      0.02131356
MINMODE:MODE:      38     -0.07019764      0.11195541      0.03954375
MINMODE:MODE:      39     -0.14072295      0.17105510      0.05315228
MINMODE:MODE:      40     -0.10791345      0.12101592      0.04837936
MINMODE:MODE:      41     -0.01534111     -0.05179545     -0.06838608
MINMODE:MODE:      42      0.01761854     -0.07190061     -0.05472106
MINMODE:MODE:      43      0.08282290     -0.05622484      0.04558049
MINMODE:MODE:      44      0.11661017     -0.02068015      0.13761543
MINMODE:MODE:      45      0.08806237      0.00055263      0.13023445
MINMODE:MODE:      46     -0.03475624     -0.02160433     -0.04404193
MINMODE:MODE:      47     -0.03388079     -0.05104633     -0.03280553
MINMODE:MODE:      48     -0.01363986      0.00097508     -0.04105376
MINMODE:MODE:      49     -0.00055703     -0.01868250     -0.03327325
MINMODE:MODE:      50      0.08438182      0.01446042      0.11795145
MINMODE:MODE:      51      0.11262408      0.03053101      0.12698261
MINMODE:MODE:      52      0.06109545      0.03041499      0.02696090
MINMODE:MODE:      53     -0.01445810      0.01442380     -0.09036447
MINMODE:MODE:      54     -0.04443893      0.00015511     -0.11042606
MINMODE:MODE:      55      0.06167522      0.08440253     -0.12983568
MINMODE:MODE:      56      0.05253747      0.08895847     -0.12393160
MINMODE:MODE:      57     -0.04692204      0.02663822      0.00227292
MINMODE:MODE:      58     -0.13478216     -0.04293696      0.12497654
MINMODE:MODE:      59     -0.12721075     -0.04566712      0.11358481
MINMODE:MODE:      60      0.03280627      0.02081537      0.04422845
MINMODE:MODE:      61      0.05767938      0.04371834      0.11326235
MINMODE:MODE:      62     -0.00332500     -0.06251394     -0.02556888
MINMODE:MODE:      63     -0.00515529     -0.08124966     -0.01646900
MINMODE:MODE:      64      0.06060451     -0.06452938     -0.09321135
MINMODE:MODE:      65      0.02818423     -0.11845200     -0.09897034
MINMODE:MODE:      66      0.00202811     -0.05013565     -0.07551325
MINMODE:MODE:      67      0.04439234     -0.05926233     -0.02717558
MINMODE:MODE:      68      0.00962465     -0.02823660     -0.03568530
MINMODE:MODE:      69     -0.07643895      0.01661239     -0.09614870
MINMODE:MODE:      70     -0.12459998      0.02730711     -0.14707406
MINMODE:MODE:      71     -0.08134286     -0.00766096     -0.13662156
MINMODE:MODE:      72      0.03642012     -0.04077791      0.01938601
MINMODE:MODE:      73      0.06267784      0.04826447      0.08924474
MINMODE:MODE:      74      0.02443994     -0.06257282      0.00169943
MINMODE:MODE:      75      0.10925372     -0.09408126      0.01948178
MINMODE:MODE:      76      0.04866042     -0.03752716      0.00712727
MINMODE:MODE:      77     -0.10613007      0.04178060     -0.10339388
MINMODE:MODE:      78     -0.19541122      0.06303027     -0.19419461
MINMODE:MODE:      79     -0.11620383     -0.00057581     -0.18054605
MINMODE:MODE: Optimization Step: 25
MINMODE:MODE: Order: 0
MINMODE:MODE:       0      0.00693240     -0.00639613     -0.04282639
MINMODE:MODE:       1      0.00762351     -0.04860317     -0.01701606
MINMODE:MODE:       2      0.00896613     -0.02028205      0.03221795
MINMODE:MODE:       3      0.02369697     -0.00904230      0.05892896
MINMODE:MODE:       4      0.00546069     -0.00742560      0.02409317
MINMODE:MODE:       5     -0.01782637      0.02832120      0.02973920
MINMODE:MODE:       6      0.01870146     -0.00237062      0.02379692
MINMODE:MODE:       7     -0.00045678      0.02785277      0.02702994
MINMODE:MODE:       8     -0.05663343      0.08991654      0.03743840
MINMODE:MODE:       9     -0.09588388      0.12260954      0.04470741
MINMODE:MODE:      10     -0.07711957      0.09332704      0.04184028
MINMODE:MODE:      11      0.03411035     -0.02618903      0.03171835
MINMODE:MODE:      12      0.01515782     -0.04623840     -0.02108989
MINMODE:MODE:      13      0.03270097     -0.05708673     -0.01558267
MINMODE:MODE:      14      0.06959233     -0.04777223      0.04138050
MINMODE:MODE:      15      0.08851905     -0.02766613      0.09330590
MINMODE:MODE:      16      0.07197716     -0.01582512      0.08925876
MINMODE:MODE:      17     -0.01885985     -0.03391079     -0.03304108
MINMODE:MODE:      18     -0.00499230     -0.01042309     -0.03630905
MINMODE:MODE:      19      0.00454323      0.00547771     -0.02448860
MINMODE:MODE:      20      0.02337089      0.00517145      0.00147767
MINMODE:MODE:      21      0.06619321      0.01453826      0.06902780
MINMODE:MODE:      22      0.07998072      0.02404553      0.07644725
MINMODE:MODE:      23      0.05053099      0.02389550      0.02023955
MINMODE:MODE:      24      0.00751515      0.01475590     -0.04584063
MINMODE:MODE:      25     -0.00792988      0.00598004     -0.05571379
MINMODE:MODE:      26     -0.02593955      0.01849046     -0.00810103
MINMODE:MODE:      27      0.02140846      0.05668540     -0.07734700
MINMODE:MODE:      28      0.01414159      0.05803057     -0.07166285
MINMODE:MODE:      29     -0.04157908      0.02297440     -0.00050147
MINMODE:MODE:      30     -0.09040505     -0.01598410      0.06798672
MINMODE:MODE:      31     -0.08390821     -0.01750335      0.06389218
MINMODE:MODE:      32      0.03945368     -0.02157853      0.04575576
MINMODE:MODE:      33     -0.03423297     -0.00336330      0.03981585
MINMODE:MODE:      34      0.05976669     -0.01549325      0.05586888
MINMODE:MODE:      35      0.01634713      0.00239256      0.09150620
MINMODE:MODE:      36      0.06192886     -0.05313267      0.01863796
MINMODE:MODE:      37      0.02827267      0.00145763      0.02131540
MINMODE:MODE:      38     -0.07020480      0.11189113      0.03950708
MINMODE:MODE:      39     -0.14077536      0.17086845      0.05306351
MINMODE:MODE:      40     -0.10796348      0.12080481      0.04827697
MINMODE:MODE:      41     -0.01540281     -0.05193692     -0.06838793
MINMODE:MODE:      42      0.01762961     -0.07197416     -0.05469610
MINMODE:MODE:      43      0.08277850     -0.05622209      0.04559424
MINMODE:MODE:      44      0.11655155     -0.02063265      0.13763963
MINMODE:MODE:      45      0.08805562      0.00059691      0.13030550
MINMODE:MODE:      46     -0.03488950     -0.02182256     -0.04370755
MINMODE:MODE:      47     -0.03381898     -0.05106288     -0.03253334
MINMODE:MODE:      48     -0.01360766      0.00110911     -0.04110668
MINMODE:MODE:      49     -0.00060567     -0.01866233     -0.03323431
MINMODE:MODE:      50      0.08456385      0.01446810      0.11776128
MINMODE:MODE:      51      0.11274691      0.03051454      0.12680631
MINMODE:MODE:      52      0.06117646      0.03036296      0.02695261
MINMODE:MODE:      53     -0.01449156      0.01439669     -0.09032524
MINMODE:MODE:      54     -0.04451988      0.00014768     -0.11058094
MINMODE:MODE:      55      0.06147324      0.08434556     -0.12953291
MINMODE:MODE:      56      0.05239026      0.08895330     -0.12384185
MINMODE:MODE:      57     -0.04690253      0.02654011      0.00235432
MINMODE:MODE:      58     -0.13452493     -0.04306518      0.12494482
MINMODE:MODE:      59     -0.12691327     -0.04578621      0.11358168
MINMODE:MODE:      60      0.03285240      0.02142156      0.04466380
MINMODE:MODE:      61      0.05754384      0.04399890      0.11269986
MINMODE:MODE:      62     -0.00338249     -0.06311198     -0.02614196
MINMODE:MODE:      63     -0.00512266     -0.08120702     -0.01750286
MINMODE:MODE:      64      0.06024438     -0.06480912     -0.09522196
MINMODE:MODE:      65      0.02774664     -0.11860201     -0.09924844
MINMODE:MODE:      66      0.00195472     -0.04989773     -0.07556904
MINMODE:MODE:      67      0.04403222     -0.05904581     -0.02745144
MINMODE:MODE:      68      0.00959625     -0.02819447     -0.03582730
MINMODE:MODE:      69     -0.07633185      0.01667419     -0.09618816
MINMODE:MODE:      70     -0.12411913      0.02726787     -0.14697057
MINMODE:MODE:      71     -0.08096230     -0.00757942     -0.13652072
MINMODE:MODE:      72      0.03614757     -0.04131553      0.01931688
MINMODE:MODE:      73      0.06162065      0.05075564      0.09320809
MINMODE:MODE:      74      0.02358156     -0.06274021      0.00164752
MINMODE:MODE:      75      0.10903289     -0.09393468      0.01923964
MINMODE:MODE:      76      0.04856483     -0.03748536      0.00679091
MINMODE:MODE:      77     -0.10602630      0.04189180     -0.10338450
MINMODE:MODE:      78     -0.19498400      0.06293309     -0.19400292
MINMODE:MODE:      79     -0.11585995     -0.00048994     -0.18028441
MINMODE:MODE: Optimization Step: 26
MINMODE:MODE: Order: 0
MINMODE:MODE:       0      0.00662305     -0.00654180     -0.04384615
MINMODE:MODE:       1      0.00766244     -0.04915972     -0.01716650
MINMODE:MODE:       2      0.00905789     -0.02062060      0.03234553
MINMODE:MODE:       3      0.02374032     -0.00909277      0.05932055
MINMODE:MODE:       4      0.00561548     -0.00749371      0.02402505
MINMODE:MODE:       5     -0.01792809      0.02832941      0.02981370
MINMODE:MODE:       6      0.01890581     -0.00239578      0.02388857
MINMODE:MODE:       7     -0.00027895      0.02784960      0.02708729
MINMODE:MODE:       8     -0.05697926      0.09027464      0.03754469
MINMODE:MODE:       9     -0.09638003      0.12283549      0.04476808
MINMODE:MODE:      10     -0.07764339      0.09360231      0.04193375
MINMODE:MODE:      11      0.03425979     -0.02634353      0.03189213
MINMODE:MODE:      12      0.01523969     -0.04655262     -0.02114552
MINMODE:MODE:      13      0.03282229     -0.05745482     -0.01560691
MINMODE:MODE:      14      0.06988577     -0.04800302      0.04167488
MINMODE:MODE:      15      0.08885219     -0.02775068      0.09385594
MINMODE:MODE:      16      0.07232065     -0.01585196      0.08982493
MINMODE:MODE:      17     -0.01889370     -0.03428941     -0.03294621
MINMODE:MODE:      18     -0.00487514     -0.01033476     -0.03642308
MINMODE:MODE:      19      0.00441568      0.00542623     -0.02469559
MINMODE:MODE:      20      0.02361624      0.00525197      0.00136529
MINMODE:MODE:      21      0.06677486      0.01463784      0.06917398
MINMODE:MODE:      22      0.08055521      0.02414918      0.07654620
MINMODE:MODE:      23      0.05091255      0.02394923      0.02026486
MINMODE:MODE:      24      0.00749848      0.01476882     -0.04616766
MINMODE:MODE:      25     -0.00800548      0.00600362     -0.05607147
MINMODE:MODE:      26     -0.02585219      0.01856285     -0.00815573
MINMODE:MODE:      27      0.02149417      0.05700700     -0.07757880
MINMODE:MODE:      28      0.01422300      0.05836694     -0.07188767
MINMODE:MODE:      29     -0.04166308      0.02294603     -0.00034286
MINMODE:MODE:      30     -0.09050017     -0.01624333      0.06839525
MINMODE:MODE:      31     -0.08403393     -0.01778606      0.06429161
MINMODE:MODE:      32      0.03994768     -0.02194599      0.04611876
MINMODE:MODE:      33     -0.03429747     -0.00349831      0.03993614
MINMODE:MODE:      34      0.06021522     -0.01548420      0.05623029
MINMODE:MODE:      35      0.01633250      0.00249580      0.09213188
MINMODE:MODE:      36      0.06252130     -0.05337096      0.01872554
MINMODE:MODE:      37      0.02850770      0.00155255      0.02136569
MINMODE:MODE:      38     -0.07059481      0.11227731      0.03958303
MINMODE:MODE:      39     -0.14160337      0.17126648      0.05316750
MINMODE:MODE:      40     -0.10855740      0.12099430      0.04837047
MINMODE:MODE:      41     -0.01548331     -0.05238211     -0.06873061
MINMODE:MODE:      42      0.01773669     -0.07246983     -0.05488984
MINMODE:MODE:      43      0.08306394     -0.05650777      0.04586188
MINMODE:MODE:      44      0.11694526     -0.02062819      0.13834916
MINMODE:MODE:      45      0.08842893      0.00068405      0.13099970
MINMODE:MODE:      46     -0.03526126     -0.02225208     -0.04339273
MINMODE:MODE:      47     -0.03384933     -0.05125468     -0.03234853
MINMODE:MODE:      48     -0.01364529      0.00137850     -0.04141166
MINMODE:MODE:      49     -0.00065278     -0.01869493     -0.03328425
MINMODE:MODE:      50      0.08526785      0.01463298      0.11796783
MINMODE:MODE:      51      0.11354381      0.03068420      0.12706180
MINMODE:MODE:      52      0.06162325      0.03040359      0.02702584
MINMODE:MODE:      53     -0.01464295      0.01434998     -0.09068617
MINMODE:MODE:      54     -0.04495150      0.00009451     -0.11125504
MINMODE:MODE:      55      0.06135618      0.08472739     -0.12973312
MINMODE:MODE:      56      0.05239265      0.08948652     -0.12423428
MINMODE:MODE:      57     -0.04700745      0.02651764      0.00254067
MINMODE:MODE:      58     -0.13464284     -0.04355572      0.12552763
MINMODE:MODE:      59     -0.12695264     -0.04623563      0.11403376
MINMODE:MODE:      60      0.03229027      0.02171254      0.04294255
MINMODE:MODE:      61      0.05838641      0.04513761      0.11460418
MINMODE:MODE:      62     -0.00333696     -0.06346496     -0.02708574
MINMODE:MODE:      63     -0.00514223     -0.08184175     -0.01878402
MINMODE:MODE:      64      0.06029904     -0.06375037     -0.09542682
MINMODE:MODE:      65      0.02980819     -0.10885965     -0.08955504
MINMODE:MODE:      66      0.00159421     -0.04920939     -0.07465202
MINMODE:MODE:      67      0.04411025     -0.05895742     -0.02807853
MINMODE:MODE:      68      0.00985477     -0.02821543     -0.03624420
MINMODE:MODE:      69     -0.07667471      0.01691422     -0.09671452
MINMODE:MODE:      70     -0.12434512      0.02746932     -0.14700826
MINMODE:MODE:      71     -0.08159552     -0.00704923     -0.13612395
MINMODE:MODE:      72      0.03601301     -0.04296203      0.01864018
MINMODE:MODE:      73      0.05789506      0.04080375      0.08462860
MINMODE:MODE:      74      0.02341497     -0.06273123      0.00155180
MINMODE:MODE:      75      0.10921289     -0.09405084      0.01880918
MINMODE:MODE:      76      0.04866443     -0.03754240      0.00623129
MINMODE:MODE:      77     -0.10633772      0.04229137     -0.10380507
MINMODE:MODE:      78     -0.19539339      0.06327141     -0.19438895
MINMODE:MODE:      79     -0.11590054     -0.00027749     -0.18055016
MINMODE:MODE: Optimization Step: 27
MINMODE:MODE: Order: 0
MINMODE:MODE:       0      0.00652488     -0.00670892     -0.04411941
MINMODE:MODE:       1      0.00770176     -0.04914554     -0.01680603
MINMODE:MODE:       2      0.00899426     -0.02067615      0.03247038
MINMODE:MODE:       3      0.02372257     -0.00913005      0.05942535
MINMODE:MODE:       4      0.00573071     -0.00756715      0.02397230
MINMODE:MODE:       5     -0.01794826      0.02839622      0.02982929
MINMODE:MODE:       6      0.01900033     -0.00238382      0.02387413
MINMODE:MODE:       7     -0.00024433      0.02797285      0.02706555
MINMODE:MODE:       8     -0.05702579      0.09017772      0.03748694
MINMODE:MODE:       9     -0.09656264      0.12274575      0.04474554
MINMODE:MODE:      10     -0.07786630      0.09350514      0.04193495
MINMODE:MODE:      11      0.03436569     -0.02636294      0.03188071
MINMODE:MODE:      12      0.01528480     -0.04669473     -0.02115617
MINMODE:MODE:      13      0.03289774     -0.05759648     -0.01560805
MINMODE:MODE:      14      0.06990113     -0.04806845      0.04180373
MINMODE:MODE:      15      0.08886510     -0.02770701      0.09397783
MINMODE:MODE:      16      0.07236431     -0.01580255      0.08998642
MINMODE:MODE:      17     -0.01883323     -0.03433715     -0.03276910
MINMODE:MODE:      18     -0.00482336     -0.01032397     -0.03640300
MINMODE:MODE:      19      0.00432543      0.00527585     -0.02474675
MINMODE:MODE:      20      0.02368014      0.00530824      0.00135239
MINMODE:MODE:      21      0.06705239      0.01473297      0.06909022
MINMODE:MODE:      22      0.08078482      0.02422908      0.07647628
MINMODE:MODE:      23      0.05108704      0.02392399      0.02019442
MINMODE:MODE:      24      0.00743489      0.01470077     -0.04622826
MINMODE:MODE:      25     -0.00804889      0.00595632     -0.05618612
MINMODE:MODE:      26     -0.02587196      0.01852245     -0.00828075
MINMODE:MODE:      27      0.02146000      0.05716158     -0.07755617
MINMODE:MODE:      28      0.01416332      0.05855873     -0.07193652
MINMODE:MODE:      29     -0.04161628      0.02288824     -0.00015750
MINMODE:MODE:      30     -0.09038494     -0.01647521      0.06846179
MINMODE:MODE:      31     -0.08386350     -0.01798225      0.06435822
MINMODE:MODE:      32      0.04009855     -0.02202249      0.04623670
MINMODE:MODE:      33     -0.03422744     -0.00363421      0.03995329
MINMODE:MODE:      34      0.06035328     -0.01549696      0.05635964
MINMODE:MODE:      35      0.01625765      0.00255728      0.09233282
MINMODE:MODE:      36      0.06281118     -0.05336650      0.01871646
MINMODE:MODE:      37      0.02863572      0.00163528      0.02132242
MINMODE:MODE:      38     -0.07072161      0.11230208      0.03954801
MINMODE:MODE:      39     -0.14192750      0.17112393      0.05314385
MINMODE:MODE:      40     -0.10877665      0.12086445      0.04837525
MINMODE:MODE:      41     -0.01542528     -0.05260396     -0.06884321
MINMODE:MODE:      42      0.01779847     -0.07268532     -0.05491533
MINMODE:MODE:      43      0.08307545     -0.05658661      0.04596252
MINMODE:MODE:      44      0.11695317     -0.02054752      0.13860062
MINMODE:MODE:      45      0.08845985      0.00079474      0.13119431
MINMODE:MODE:      46     -0.03534539     -0.02236837     -0.04315444
MINMODE:MODE:      47     -0.03387089     -0.05133473     -0.03214143
MINMODE:MODE:      48     -0.01364552      0.00151643     -0.04150087
MINMODE:MODE:      49     -0.00065047     -0.01866343     -0.03327269
MINMODE:MODE:      50      0.08558028      0.01478454      0.11786017
MINMODE:MODE:      51      0.11388645      0.03078634      0.12695074
MINMODE:MODE:      52      0.06179919      0.03037918      0.02701147
MINMODE:MODE:      53     -0.01474334      0.01423269     -0.09072271
MINMODE:MODE:      54     -0.04518275      0.00000239     -0.11141139
MINMODE:MODE:      55      0.06112948      0.08490123     -0.12963865
MINMODE:MODE:      56      0.05225838      0.08979217     -0.12421313
MINMODE:MODE:      57     -0.04697392      0.02646962      0.00267063
MINMODE:MODE:      58     -0.13438417     -0.04389048      0.12566924
MINMODE:MODE:      59     -0.12671306     -0.04655875      0.11409023
MINMODE:MODE:      60      0.03203938      0.02167078      0.04201435
MINMODE:MODE:      61      0.05879637      0.04532832      0.11555375
MINMODE:MODE:      62     -0.00336228     -0.06324213     -0.02754738
MINMODE:MODE:      63     -0.00512780     -0.08210697     -0.01934483
MINMODE:MODE:      64      0.06041650     -0.06304837     -0.09403091
MINMODE:MODE:      65      0.02923348     -0.10903980     -0.09070584
MINMODE:MODE:      66      0.00153562     -0.04879495     -0.07456750
MINMODE:MODE:      67      0.04418998     -0.05865057     -0.02825966
MINMODE:MODE:      68      0.00996066     -0.02821280     -0.03655374
MINMODE:MODE:      69     -0.07679061      0.01698343     -0.09664194
MINMODE:MODE:      70     -0.12451265      0.02766554     -0.14644408
MINMODE:MODE:      71     -0.08182501     -0.00653304     -0.13549371
MINMODE:MODE:      72      0.03583917     -0.04390272      0.01701740
MINMODE:MODE:      73      0.05703755      0.03999820      0.08416307
MINMODE:MODE:      74      0.02359511     -0.06229174      0.00164115
MINMODE:MODE:      75      0.10922249     -0.09390628      0.01835630
MINMODE:MODE:      76      0.04867038     -0.03758166      0.00580851
MINMODE:MODE:      77     -0.10641939      0.04238677     -0.10376752
MINMODE:MODE:      78     -0.19546665      0.06363742     -0.19368758
MINMODE:MODE:      79     -0.11579325      0.00016403     -0.18012700
MINMODE:MODE: Optimization Step: 28
MINMODE:MODE: Order: 0
MINMODE:MODE:       0      0.00633380     -0.00665054     -0.04473067
MINMODE:MODE:       1      0.00768005     -0.04934580     -0.01691703
MINMODE:MODE:       2      0.00889086     -0.02067373      0.03250918
MINMODE:MODE:       3      0.02364869     -0.00913678      0.05948278
MINMODE:MODE:       4      0.00562746     -0.00752101      0.02396008
MINMODE:MODE:       5     -0.01793453      0.02832843      0.02973639
MINMODE:MODE:       6      0.01916129     -0.00230429      0.02375893
MINMODE:MODE:       7     -0.00012451      0.02800242      0.02690995
MINMODE:MODE:       8     -0.05703155      0.08994878      0.03737898
MINMODE:MODE:       9     -0.09672792      0.12234102      0.04466147
MINMODE:MODE:      10     -0.07800149      0.09320678      0.04186282
MINMODE:MODE:      11      0.03441594     -0.02639093      0.03190676
MINMODE:MODE:      12      0.01533976     -0.04688238     -0.02114738
MINMODE:MODE:      13      0.03292447     -0.05771861     -0.01555656
MINMODE:MODE:      14      0.06979647     -0.04805413      0.04185943
MINMODE:MODE:      15      0.08869580     -0.02758334      0.09399843
MINMODE:MODE:      16      0.07226876     -0.01568762      0.08999711
MINMODE:MODE:      17     -0.01872453     -0.03429671     -0.03251219
MINMODE:MODE:      18     -0.00476178     -0.01031569     -0.03628034
MINMODE:MODE:      19      0.00446381      0.00517282     -0.02470983
MINMODE:MODE:      20      0.02377731      0.00531183      0.00127960
MINMODE:MODE:      21      0.06721381      0.01485751      0.06877652
MINMODE:MODE:      22      0.08098826      0.02431441      0.07618735
MINMODE:MODE:      23      0.05119575      0.02386889      0.02007665
MINMODE:MODE:      24      0.00737320      0.01454594     -0.04622990
MINMODE:MODE:      25     -0.00813336      0.00583366     -0.05619979
MINMODE:MODE:      26     -0.02577221      0.01845328     -0.00829187
MINMODE:MODE:      27      0.02134811      0.05737415     -0.07745416
MINMODE:MODE:      28      0.01407066      0.05874565     -0.07179958
MINMODE:MODE:      29     -0.04148886      0.02277211      0.00000175
MINMODE:MODE:      30     -0.08995579     -0.01679609      0.06842624
MINMODE:MODE:      31     -0.08344081     -0.01828230      0.06425012
MINMODE:MODE:      32      0.04015689     -0.02202006      0.04634659
MINMODE:MODE:      33     -0.03405408     -0.00381815      0.03989771
MINMODE:MODE:      34      0.06043127     -0.01547107      0.05645687
MINMODE:MODE:      35      0.01611530      0.00261442      0.09244070
MINMODE:MODE:      36      0.06315985     -0.05318814      0.01863925
MINMODE:MODE:      37      0.02879777      0.00180350      0.02116870
MINMODE:MODE:      38     -0.07077387      0.11206942      0.03940818
MINMODE:MODE:      39     -0.14215325      0.17048964      0.05301734
MINMODE:MODE:      40     -0.10892566      0.12038189      0.04830332
MINMODE:MODE:      41     -0.01527445     -0.05289413     -0.06887069
MINMODE:MODE:      42      0.01788354     -0.07287826     -0.05483582
MINMODE:MODE:      43      0.08291700     -0.05657282      0.04602042
MINMODE:MODE:      44      0.11668123     -0.02033691      0.13865027
MINMODE:MODE:      45      0.08828625      0.00100636      0.13121095
MINMODE:MODE:      46     -0.03533787     -0.02241789     -0.04271839
MINMODE:MODE:      47     -0.03385478     -0.05132941     -0.03179024
MINMODE:MODE:      48     -0.01364222      0.00164678     -0.04149221
MINMODE:MODE:      49     -0.00065834     -0.01856588     -0.03319794
MINMODE:MODE:      50      0.08589064      0.01502102      0.11743616
MINMODE:MODE:      51      0.11419386      0.03092558      0.12651813
MINMODE:MODE:      52      0.06193214      0.03027088      0.02692549
MINMODE:MODE:      53     -0.01489572      0.01397912     -0.09056948
MINMODE:MODE:      54     -0.04544948     -0.00019893     -0.11138377
MINMODE:MODE:      55      0.06051752      0.08505127     -0.12911379
MINMODE:MODE:      56      0.05188293      0.09013773     -0.12392521
MINMODE:MODE:      57     -0.04682310      0.02634326      0.00287939
MINMODE:MODE:      58     -0.13368416     -0.04438558      0.12559812
MINMODE:MODE:      59     -0.12603703     -0.04708244      0.11395513
MINMODE:MODE:      60      0.03175199      0.02130175      0.04117452
MINMODE:MODE:      61      0.05921771      0.04543583      0.11653988
MINMODE:MODE:      62     -0.00346149     -0.06293396     -0.02843267
MINMODE:MODE:      63     -0.00508323     -0.08220443     -0.01995139
MINMODE:MODE:      64      0.06022181     -0.06283478     -0.09350593
MINMODE:MODE:      65      0.02764987     -0.11324872     -0.09577788
MINMODE:MODE:      66      0.00153809     -0.04854857     -0.07490189
MINMODE:MODE:      67      0.04409717     -0.05834972     -0.02846373
MINMODE:MODE:      68      0.00998277     -0.02817392     -0.03675753
MINMODE:MODE:      69     -0.07675762      0.01711276     -0.09632266
MINMODE:MODE:      70     -0.12431888      0.02803590     -0.14558797
MINMODE:MODE:      71     -0.08158294     -0.00607806     -0.13501124
MINMODE:MODE:      72      0.03569361     -0.04461088      0.01575297
MINMODE:MODE:      73      0.05686297      0.04510901      0.08950217
MINMODE:MODE:      74      0.02323217     -0.06200913      0.00147036
MINMODE:MODE:      75      0.10902661     -0.09364322      0.01758820
MINMODE:MODE:      76      0.04858063     -0.03770054      0.00513949
MINMODE:MODE:      77     -0.10639839      0.04236789     -0.10337568
MINMODE:MODE:      78     -0.19519834      0.06408353     -0.19215873
MINMODE:MODE:      79     -0.11545361      0.00087033     -0.17908666
MINMODE:MODE: Optimization Step: 29
MINMODE:MODE: Order: 0
MINMODE:MODE:       0      0.00615494     -0.00574031     -0.04636343
MINMODE:MODE:       1      0.00765453     -0.05050652     -0.01791819
MINMODE:MODE:       2      0.00895003     -0.02079491      0.03225417
MINMODE:MODE:       3      0.02349847     -0.00904735      0.05938592
MINMODE:MODE:       4      0.00487682     -0.00736340      0.02402773
MINMODE:MODE:       5     -0.01796435      0.02801725      0.02942552
MINMODE:MODE:       6      0.01938925     -0.00219419      0.02350180
MINMODE:MODE:       7     -0.00009022      0.02793343      0.02667139
MINMODE:MODE:       8     -0.05673181      0.08928694      0.03707884
MINMODE:MODE:       9     -0.09662329      0.12129233      0.04429635
MINMODE:MODE:      10     -0.07778724      0.09235746      0.04152479
MINMODE:MODE:      11      0.03422765     -0.02643641      0.03203405
MINMODE:MODE:      12      0.01538348     -0.04697645     -0.02101459
MINMODE:MODE:      13      0.03282673     -0.05768177     -0.01534467
MINMODE:MODE:      14      0.06941183     -0.04786617      0.04169353
MINMODE:MODE:      15      0.08810563     -0.02734599      0.09371121
MINMODE:MODE:      16      0.07184048     -0.01548444      0.08970744
MINMODE:MODE:      17     -0.01865604     -0.03428996     -0.03215450
MINMODE:MODE:      18     -0.00463162     -0.01018977     -0.03602977
MINMODE:MODE:      19      0.00532313      0.00554944     -0.02456607
MINMODE:MODE:      20      0.02393291      0.00520930      0.00101882
MINMODE:MODE:      21      0.06718189      0.01494171      0.06804501
MINMODE:MODE:      22      0.08100918      0.02428931      0.07542212
MINMODE:MODE:      23      0.05109621      0.02372448      0.01984736
MINMODE:MODE:      24      0.00739239      0.01428267     -0.04605746
MINMODE:MODE:      25     -0.00824316      0.00562491     -0.05604684
MINMODE:MODE:      26     -0.02532338      0.01834227     -0.00786639
MINMODE:MODE:      27      0.02108739      0.05743054     -0.07703752
MINMODE:MODE:      28      0.01395523      0.05871960     -0.07122713
MINMODE:MODE:      29     -0.04117334      0.02250577      0.00000129
MINMODE:MODE:      30     -0.08889177     -0.01712776      0.06812487
MINMODE:MODE:      31     -0.08250934     -0.01868476      0.06387066
MINMODE:MODE:      32      0.04024202     -0.02210119      0.04642795
MINMODE:MODE:      33     -0.03399922     -0.00387715      0.03957713
MINMODE:MODE:      34      0.06043409     -0.01526223      0.05640589
MINMODE:MODE:      35      0.01588508      0.00268458      0.09234077
MINMODE:MODE:      36      0.06343227     -0.05276017      0.01846192
MINMODE:MODE:      37      0.02894449      0.00202078      0.02093334
MINMODE:MODE:      38     -0.07058316      0.11130734      0.03908776
MINMODE:MODE:      39     -0.14191521      0.16895438      0.05262010
MINMODE:MODE:      40     -0.10882329      0.11921965      0.04795024
MINMODE:MODE:      41     -0.01509077     -0.05322365     -0.06860648
MINMODE:MODE:      42      0.01795685     -0.07289773     -0.05452296
MINMODE:MODE:      43      0.08241500     -0.05631537      0.04591712
MINMODE:MODE:      44      0.11589375     -0.01994667      0.13818308
MINMODE:MODE:      45      0.08772690      0.00129344      0.13079801
MINMODE:MODE:      46     -0.03529936     -0.02257365     -0.04181268
MINMODE:MODE:      47     -0.03365583     -0.05090788     -0.03137627
MINMODE:MODE:      48     -0.01357569      0.00180938     -0.04126551
MINMODE:MODE:      49     -0.00070245     -0.01836365     -0.03297562
MINMODE:MODE:      50      0.08606069      0.01525128      0.11635484
MINMODE:MODE:      51      0.11419247      0.03100768      0.12542509
MINMODE:MODE:      52      0.06190459      0.03003633      0.02672183
MINMODE:MODE:      53     -0.01505364      0.01360173     -0.09001758
MINMODE:MODE:      54     -0.04563020     -0.00053347     -0.11105486
MINMODE:MODE:      55      0.05929888      0.08490078     -0.12760367
MINMODE:MODE:      56      0.05108506      0.09021614     -0.12308232
MINMODE:MODE:      57     -0.04649491      0.02600537      0.00314092
MINMODE:MODE:      58     -0.13221930     -0.04494221      0.12499340
MINMODE:MODE:      59     -0.12450432     -0.04765429      0.11335638
MINMODE:MODE:      60      0.03211186      0.02172583      0.04302540
MINMODE:MODE:      61      0.05865537      0.04520489      0.11499006
MINMODE:MODE:      62     -0.00370657     -0.06354766     -0.02996407
MINMODE:MODE:      63     -0.00495766     -0.08163104     -0.02131234
MINMODE:MODE:      64      0.05890595     -0.06379019     -0.09760431
MINMODE:MODE:      65      0.02440496     -0.12404920     -0.10680493
MINMODE:MODE:      66      0.00155433     -0.04854914     -0.07581815
MINMODE:MODE:      67      0.04342435     -0.05811565     -0.02869296
MINMODE:MODE:      68      0.00956274     -0.02797665     -0.03674443
MINMODE:MODE:      69     -0.07612154      0.01726982     -0.09558359
MINMODE:MODE:      70     -0.12319606      0.02844256     -0.14451048
MINMODE:MODE:      71     -0.08015334     -0.00599618     -0.13477380
MINMODE:MODE:      72      0.03561748     -0.04435680      0.01784500
MINMODE:MODE:      73      0.05742241      0.06179923      0.10719442
MINMODE:MODE:      74      0.02156817     -0.06222817      0.00112104
MINMODE:MODE:      75      0.10819936     -0.09321332      0.01640945
MINMODE:MODE:      76      0.04823808     -0.03780413      0.00421195
MINMODE:MODE:      77     -0.10592727      0.04229462     -0.10245544
MINMODE:MODE:      78     -0.19374384      0.06421334     -0.18972932
MINMODE:MODE:      79     -0.11445617      0.00158104     -0.17719762
MINMODE:MODE: Optimization Step: 30
MINMODE:MODE: Order: 0
MINMODE:MODE:       0      0.00588051     -0.00467062     -0.04829757
MINMODE:MODE:       1      0.00772953     -0.05239900     -0.01909412
MINMODE:MODE:       2      0.00928120     -0.02124161      0.03183088
MINMODE:MODE:       3      0.02342631     -0.00895265      0.05916102
MINMODE:MODE:       4      0.00403911     -0.00713783      0.02406505
MINMODE:MODE:       5     -0.01790423      0.02770502      0.02916386
MINMODE:MODE:       6      0.01942396     -0.00228036      0.02329693
MINMODE:MODE:       7     -0.00011436      0.02786446      0.02652078
MINMODE:MODE:       8     -0.05637724      0.08860199      0.03677936
MINMODE:MODE:       9     -0.09621914      0.12045231      0.04392926
MINMODE:MODE:      10     -0.07743300      0.09152593      0.04114930
MINMODE:MODE:      11      0.03396187     -0.02645578      0.03209996
MINMODE:MODE:      12      0.01526736     -0.04693792     -0.02078665
MINMODE:MODE:      13      0.03267439     -0.05750602     -0.01513700
MINMODE:MODE:      14      0.06899052     -0.04767180      0.04151880
MINMODE:MODE:      15      0.08757970     -0.02720029      0.09331480
MINMODE:MODE:      16      0.07135684     -0.01541022      0.08939471
MINMODE:MODE:      17     -0.01875142     -0.03452299     -0.03201571
MINMODE:MODE:      18     -0.00444988     -0.00996578     -0.03588987
MINMODE:MODE:      19      0.00615523      0.00612920     -0.02451860
MINMODE:MODE:      20      0.02401032      0.00518669      0.00087238
MINMODE:MODE:      21      0.06704073      0.01484667      0.06736684
MINMODE:MODE:      22      0.08076982      0.02413739      0.07479815
MINMODE:MODE:      23      0.05094609      0.02355355      0.01959961
MINMODE:MODE:      24      0.00743425      0.01416715     -0.04581630
MINMODE:MODE:      25     -0.00817290      0.00555075     -0.05593997
MINMODE:MODE:      26     -0.02497972      0.01820181     -0.00748512
MINMODE:MODE:      27      0.02095962      0.05721165     -0.07637035
MINMODE:MODE:      28      0.01382561      0.05837094     -0.07067051
MINMODE:MODE:      29     -0.04079181      0.02231356      0.00003903
MINMODE:MODE:      30     -0.08806615     -0.01715326      0.06769509
MINMODE:MODE:      31     -0.08160269     -0.01873061      0.06355248
MINMODE:MODE:      32      0.04069280     -0.02251913      0.04645557
MINMODE:MODE:      33     -0.03440406     -0.00358259      0.03917471
MINMODE:MODE:      34      0.06042350     -0.01497297      0.05619272
MINMODE:MODE:      35      0.01577839      0.00279264      0.09213747
MINMODE:MODE:      36      0.06330755     -0.05257275      0.01837351
MINMODE:MODE:      37      0.02888870      0.00204001      0.02086546
MINMODE:MODE:      38     -0.07021778      0.11064444      0.03884507
MINMODE:MODE:      39     -0.14125388      0.16778354      0.05217742
MINMODE:MODE:      40     -0.10848248      0.11831263      0.04750785
MINMODE:MODE:      41     -0.01516449     -0.05328135     -0.06822827
MINMODE:MODE:      42      0.01787727     -0.07264969     -0.05418212
MINMODE:MODE:      43      0.08196794     -0.05600895      0.04570725
MINMODE:MODE:      44      0.11525844     -0.01977338      0.13754539
MINMODE:MODE:      45      0.08729565      0.00133260      0.13029900
MINMODE:MODE:      46     -0.03548880     -0.02302944     -0.04091722
MINMODE:MODE:      47     -0.03331843     -0.05026849     -0.03126769
MINMODE:MODE:      48     -0.01344832      0.00203125     -0.04106422
MINMODE:MODE:      49     -0.00074781     -0.01823108     -0.03276900
MINMODE:MODE:      50      0.08590981      0.01514825      0.11545047
MINMODE:MODE:      51      0.11379824      0.03083278      0.12453458
MINMODE:MODE:      52      0.06170968      0.02984627      0.02658756
MINMODE:MODE:      53     -0.01502909      0.01351298     -0.08955003
MINMODE:MODE:      54     -0.04547499     -0.00060687     -0.11080326
MINMODE:MODE:      55      0.05857374      0.08427857     -0.12619569
MINMODE:MODE:      56      0.05060844      0.08970348     -0.12230035
MINMODE:MODE:      57     -0.04627805      0.02567845      0.00320583
MINMODE:MODE:      58     -0.13118315     -0.04489620      0.12426338
MINMODE:MODE:      59     -0.12336651     -0.04757402      0.11280219
MINMODE:MODE:      60      0.03207349      0.02281849      0.04405797
MINMODE:MODE:      61      0.05813641      0.04586373      0.11387257
MINMODE:MODE:      62     -0.00378562     -0.06467998     -0.03117074
MINMODE:MODE:      63     -0.00489406     -0.08119793     -0.02276983
MINMODE:MODE:      64      0.05732307     -0.06490832     -0.10448668
MINMODE:MODE:      65      0.02207393     -0.13149750     -0.11389527
MINMODE:MODE:      66      0.00146994     -0.04841661     -0.07628299
MINMODE:MODE:      67      0.04261558     -0.05776566     -0.02875786
MINMODE:MODE:      68      0.00902117     -0.02777723     -0.03686908
MINMODE:MODE:      69     -0.07532772      0.01732109     -0.09496465
MINMODE:MODE:      70     -0.12191115      0.02830527     -0.14415129
MINMODE:MODE:      71     -0.07870469     -0.00615903     -0.13451702
MINMODE:MODE:      72      0.03562390     -0.04314692      0.02419999
MINMODE:MODE:      73      0.05766765      0.07476637      0.12223036
MINMODE:MODE:      74      0.01987149     -0.06213534      0.00147203
MINMODE:MODE:      75      0.10716881     -0.09282439      0.01594783
MINMODE:MODE:      76      0.04784053     -0.03759734      0.00386304
MINMODE:MODE:      77     -0.10519447      0.04234433     -0.10191312
MINMODE:MODE:      78     -0.19185933      0.06365355     -0.18867592
MINMODE:MODE:      79     -0.11333164      0.00148015     -0.17616344
MINMODE:MODE: Optimization Step: 31
MINMODE:MODE: Order: 0
MINMODE:MODE:       0      0.00562729     -0.00342813     -0.05020438
MINMODE:MODE:       1      0.00786154     -0.05390482     -0.01953317
MINMODE:MODE:       2      0.00974220     -0.02177797      0.03160966
MINMODE:MODE:       3      0.02330367     -0.00886660      0.05891284
MINMODE:MODE:       4      0.00331925     -0.00690877      0.02403303
MINMODE:MODE:       5     -0.01772755      0.02726991      0.02888270
MINMODE:MODE:       6      0.01939671     -0.00231362      0.02312383
MINMODE:MODE:       7      0.00000098      0.02758533      0.02632557
MINMODE:MODE:       8     -0.05613371      0.08807511      0.03651002
MINMODE:MODE:       9     -0.09569272      0.11955073      0.04353855
MINMODE:MODE:      10     -0.07713811      0.09085845      0.04082917
MINMODE:MODE:      11      0.03365880     -0.02647511      0.03208145
MINMODE:MODE:      12      0.01513963     -0.04684680     -0.02056357
MINMODE:MODE:      13      0.03242496     -0.05731855     -0.01498243
MINMODE:MODE:      14      0.06857539     -0.04744440      0.04138669
MINMODE:MODE:      15      0.08701912     -0.02706900      0.09289953
MINMODE:MODE:      16      0.07091394     -0.01533249      0.08907881
MINMODE:MODE:      17     -0.01890948     -0.03490382     -0.03152854
MINMODE:MODE:      18     -0.00426503     -0.00972149     -0.03576811
MINMODE:MODE:      19      0.00687125      0.00671590     -0.02452333
MINMODE:MODE:      20      0.02403256      0.00517575      0.00070045
MINMODE:MODE:      21      0.06689549      0.01474737      0.06680949
MINMODE:MODE:      22      0.08046978      0.02395810      0.07418057
MINMODE:MODE:      23      0.05081716      0.02336823      0.01943992
MINMODE:MODE:      24      0.00739765      0.01406166     -0.04569401
MINMODE:MODE:      25     -0.00807546      0.00551524     -0.05576279
MINMODE:MODE:      26     -0.02464009      0.01808686     -0.00715772
MINMODE:MODE:      27      0.02082289      0.05692304     -0.07571883
MINMODE:MODE:      28      0.01384277      0.05805639     -0.07020886
MINMODE:MODE:      29     -0.04043825      0.02210356      0.00012026
MINMODE:MODE:      30     -0.08730126     -0.01715491      0.06733821
MINMODE:MODE:      31     -0.08083622     -0.01875495      0.06328085
MINMODE:MODE:      32      0.04133820     -0.02306513      0.04647639
MINMODE:MODE:      33     -0.03469331     -0.00329221      0.03886827
MINMODE:MODE:      34      0.06038000     -0.01464827      0.05590606
MINMODE:MODE:      35      0.01567859      0.00295344      0.09185570
MINMODE:MODE:      36      0.06315259     -0.05240540      0.01831190
MINMODE:MODE:      37      0.02877590      0.00205393      0.02078827
MINMODE:MODE:      38     -0.06981911      0.10994170      0.03855874
MINMODE:MODE:      39     -0.14052763      0.16663608      0.05173166
MINMODE:MODE:      40     -0.10804118      0.11739658      0.04708212
MINMODE:MODE:      41     -0.01526802     -0.05329033     -0.06784191
MINMODE:MODE:      42      0.01776366     -0.07235373     -0.05380007
MINMODE:MODE:      43      0.08146257     -0.05570726      0.04550877
MINMODE:MODE:      44      0.11457288     -0.01962391      0.13687320
MINMODE:MODE:      45      0.08685313      0.00134355      0.12972591
MINMODE:MODE:      46     -0.03576422     -0.02358722     -0.03998824
MINMODE:MODE:      47     -0.03297843     -0.04977666     -0.03093576
MINMODE:MODE:      48     -0.01331576      0.00233252     -0.04090378
MINMODE:MODE:      49     -0.00075901     -0.01811464     -0.03259232
MINMODE:MODE:      50      0.08565822      0.01504544      0.11454912
MINMODE:MODE:      51      0.11333032      0.03061844      0.12364157
MINMODE:MODE:      52      0.06148527      0.02961563      0.02642207
MINMODE:MODE:      53     -0.01496535      0.01342731     -0.08906541
MINMODE:MODE:      54     -0.04529259     -0.00064143     -0.11051699
MINMODE:MODE:      55      0.05787768      0.08359840     -0.12483848
MINMODE:MODE:      56      0.05019627      0.08913473     -0.12146361
MINMODE:MODE:      57     -0.04597965      0.02539274      0.00329859
MINMODE:MODE:      58     -0.13013944     -0.04476447      0.12353527
MINMODE:MODE:      59     -0.12228802     -0.04740764      0.11218944
MINMODE:MODE:      60      0.03182820      0.02410475      0.04461571
MINMODE:MODE:      61      0.05770050      0.04700183      0.11317022
MINMODE:MODE:      62     -0.00386604     -0.06586672     -0.03229423
MINMODE:MODE:      63     -0.00482806     -0.08083926     -0.02440035
MINMODE:MODE:      64      0.05578063     -0.06604725     -0.11113924
MINMODE:MODE:      65      0.02006768     -0.13772982     -0.11996117
MINMODE:MODE:      66      0.00159065     -0.04824530     -0.07674302
MINMODE:MODE:      67      0.04165485     -0.05732404     -0.02895531
MINMODE:MODE:      68      0.00895829     -0.02773808     -0.03675950
MINMODE:MODE:      69     -0.07491717      0.01741082     -0.09466195
MINMODE:MODE:      70     -0.12041007      0.02807344     -0.14380945
MINMODE:MODE:      71     -0.07757711     -0.00620601     -0.13453345
MINMODE:MODE:      72      0.03537880     -0.04221249      0.02990778
MINMODE:MODE:      73      0.05762091      0.08562219      0.13589558
MINMODE:MODE:      74      0.01814885     -0.06157294      0.00210364
MINMODE:MODE:      75      0.10612549     -0.09251381      0.01564487
MINMODE:MODE:      76      0.04733644     -0.03743946      0.00361349
MINMODE:MODE:      77     -0.10434120      0.04236896     -0.10136063
MINMODE:MODE:      78     -0.18989770      0.06311041     -0.18780455
MINMODE:MODE:      79     -0.11202267      0.00140035     -0.17534078
MINMODE:MODE: Optimization Step: 32
MINMODE:MODE: Order: 0
MINMODE:MODE:       0      0.00400108     -0.00275868     -0.05217463
MINMODE:MODE:       1      0.00786940     -0.05543261     -0.02010362
MINMODE:MODE:       2      0.01015867     -0.02234332      0.03150137
MINMODE:MODE:       3      0.02320338     -0.00878757      0.05892631
MINMODE:MODE:       4      0.00273622     -0.00679050      0.02395302
MINMODE:MODE:       5     -0.01768498      0.02707009      0.02877443
MINMODE:MODE:       6      0.01951305     -0.00235857      0.02306470
MINMODE:MODE:       7      0.00013607      0.02746171      0.02624998
MINMODE:MODE:       8     -0.05617212      0.08791070      0.03638747
MINMODE:MODE:       9     -0.09564531      0.11916805      0.04333902
MINMODE:MODE:      10     -0.07723953      0.09061239      0.04069656
MINMODE:MODE:      11      0.03350954     -0.02657906      0.03213286
MINMODE:MODE:      12      0.01511820     -0.04695302     -0.02044663
MINMODE:MODE:      13      0.03233640     -0.05738675     -0.01490073
MINMODE:MODE:      14      0.06844784     -0.04743355      0.04145399
MINMODE:MODE:      15      0.08682864     -0.02702140      0.09292572
MINMODE:MODE:      16      0.07079468     -0.01530056      0.08917433
MINMODE:MODE:      17     -0.01909141     -0.03549388     -0.03120519
MINMODE:MODE:      18     -0.00409194     -0.00953982     -0.03579132
MINMODE:MODE:      19      0.00684680      0.00710803     -0.02460875
MINMODE:MODE:      20      0.02405900      0.00521003      0.00061004
MINMODE:MODE:      21      0.06705889      0.01474599      0.06661638
MINMODE:MODE:      22      0.08056154      0.02392734      0.07392540
MINMODE:MODE:      23      0.05092122      0.02328953      0.01934776
MINMODE:MODE:      24      0.00735149      0.01398309     -0.04575404
MINMODE:MODE:      25     -0.00810654      0.00548072     -0.05583658
MINMODE:MODE:      26     -0.02448718      0.01805863     -0.00701643
MINMODE:MODE:      27      0.02077542      0.05696669     -0.07547625
MINMODE:MODE:      28      0.01385875      0.05808316     -0.07005725
MINMODE:MODE:      29     -0.04022063      0.02199333      0.00023848
MINMODE:MODE:      30     -0.08693397     -0.01730501      0.06734239
MINMODE:MODE:      31     -0.08053228     -0.01895617      0.06337439
MINMODE:MODE:      32      0.04218246     -0.02366699      0.04670198
MINMODE:MODE:      33     -0.03510729     -0.00303679      0.03869973
MINMODE:MODE:      34      0.06050203     -0.01441066      0.05591878
MINMODE:MODE:      35      0.01559646      0.00319688      0.09192547
MINMODE:MODE:      36      0.06334676     -0.05234271      0.01832834
MINMODE:MODE:      37      0.02881296      0.00211125      0.02075030
MINMODE:MODE:      38     -0.06978167      0.10969339      0.03840271
MINMODE:MODE:      39     -0.14051278      0.16613929      0.05153464
MINMODE:MODE:      40     -0.10814185      0.11698766      0.04689236
MINMODE:MODE:      41     -0.01534963     -0.05351421     -0.06775399
MINMODE:MODE:      42      0.01774229     -0.07242657     -0.05363804
MINMODE:MODE:      43      0.08128476     -0.05567296      0.04553769
MINMODE:MODE:      44      0.11432009     -0.01953069      0.13682176
MINMODE:MODE:      45      0.08675263      0.00139902      0.12967315
MINMODE:MODE:      46     -0.03621146     -0.02428473     -0.03921890
MINMODE:MODE:      47     -0.03279584     -0.04961236     -0.03063728
MINMODE:MODE:      48     -0.01327997      0.00268811     -0.04094537
MINMODE:MODE:      49     -0.00076708     -0.01805531     -0.03255111
MINMODE:MODE:      50      0.08576810      0.01509535      0.11412905
MINMODE:MODE:      51      0.11342519      0.03060217      0.12323911
MINMODE:MODE:      52      0.06155660      0.02950181      0.02633627
MINMODE:MODE:      53     -0.01499145      0.01332386     -0.08894829
MINMODE:MODE:      54     -0.04536765     -0.00072992     -0.11055727
MINMODE:MODE:      55      0.05733504      0.08339796     -0.12413467
MINMODE:MODE:      56      0.04998753      0.08911221     -0.12113728
MINMODE:MODE:      57     -0.04580222      0.02524466      0.00344030
MINMODE:MODE:      58     -0.12955207     -0.04493064      0.12339836
MINMODE:MODE:      59     -0.12171260     -0.04753253      0.11199186
MINMODE:MODE:      60      0.03151909      0.02643896      0.04578135
MINMODE:MODE:      61      0.05732836      0.04808078      0.11226735
MINMODE:MODE:      62     -0.00424763     -0.06666607     -0.03320851
MINMODE:MODE:      63     -0.00468555     -0.08153328     -0.02629728
MINMODE:MODE:      64      0.05728183     -0.06620207     -0.11639682
MINMODE:MODE:      65      0.02087557     -0.13665359     -0.11804058
MINMODE:MODE:      66      0.00132984     -0.04780210     -0.07701467
MINMODE:MODE:      67      0.04121109     -0.05716364     -0.02941603
MINMODE:MODE:      68      0.00897412     -0.02776271     -0.03695043
MINMODE:MODE:      69     -0.07483678      0.01763321     -0.09477028
MINMODE:MODE:      70     -0.11972638      0.02807481     -0.14396525
MINMODE:MODE:      71     -0.07726234     -0.00601542     -0.13471467
MINMODE:MODE:      72      0.03526048     -0.04210806      0.03496711
MINMODE:MODE:      73      0.05612371      0.08664425      0.13952798
MINMODE:MODE:      74      0.01692356     -0.06116592      0.00285003
MINMODE:MODE:      75      0.10560550     -0.09266036      0.01531633
MINMODE:MODE:      76      0.04708147     -0.03743746      0.00335553
MINMODE:MODE:      77     -0.10392344      0.04259796     -0.10121411
MINMODE:MODE:      78     -0.18875986      0.06295639     -0.18764693
MINMODE:MODE:      79     -0.11119239      0.00136868     -0.17529300
MINMODE:MODE: Optimization Step: 33
MINMODE:MODE: Order: 0
MINMODE:MODE:       0      0.00467801     -0.00209679     -0.05462722
MINMODE:MODE:       1      0.00825943     -0.05736823     -0.01957299
MINMODE:MODE:       2      0.01074089     -0.02345310      0.03170660
MINMODE:MODE:       3      0.02321683     -0.00878854      0.05957578
MINMODE:MODE:       4      0.00325615     -0.00678961      0.02371712
MINMODE:MODE:       5     -0.01808894      0.02728677      0.02895867
MINMODE:MODE:       6      0.01991874     -0.00245072      0.02321135
MINMODE:MODE:       7      0.00033062      0.02757019      0.02640168
MINMODE:MODE:       8     -0.05673852      0.08848551      0.03652073
MINMODE:MODE:       9     -0.09674148      0.11977111      0.04347196
MINMODE:MODE:      10     -0.07820042      0.09107885      0.04085618
MINMODE:MODE:      11      0.03378427     -0.02691458      0.03240819
MINMODE:MODE:      12      0.01519558     -0.04758832     -0.02057750
MINMODE:MODE:      13      0.03257426     -0.05808541     -0.01485538
MINMODE:MODE:      14      0.06893842     -0.04792982      0.04200144
MINMODE:MODE:      15      0.08744379     -0.02721098      0.09400769
MINMODE:MODE:      16      0.07139433     -0.01540897      0.09021890
MINMODE:MODE:      17     -0.01940784     -0.03669655     -0.03098688
MINMODE:MODE:      18     -0.00380590     -0.00930077     -0.03618621
MINMODE:MODE:      19      0.00645618      0.00714638     -0.02532216
MINMODE:MODE:      20      0.02446368      0.00537826      0.00055149
MINMODE:MODE:      21      0.06800229      0.01492263      0.06697813
MINMODE:MODE:      22      0.08162437      0.02416418      0.07426876
MINMODE:MODE:      23      0.05157349      0.02343123      0.01935300
MINMODE:MODE:      24      0.00737891      0.01404121     -0.04625504
MINMODE:MODE:      25     -0.00831471      0.00552299     -0.05647352
MINMODE:MODE:      26     -0.02463959      0.01812803     -0.00702133
MINMODE:MODE:      27      0.02083354      0.05752589     -0.07583128
MINMODE:MODE:      28      0.01394177      0.05870771     -0.07037565
MINMODE:MODE:      29     -0.04028848      0.02207206      0.00040399
MINMODE:MODE:      30     -0.08722689     -0.01776968      0.06811345
MINMODE:MODE:      31     -0.08090805     -0.01939123      0.06405120
MINMODE:MODE:      32      0.04411897     -0.02485394      0.04752352
MINMODE:MODE:      33     -0.03608974     -0.00270988      0.03887138
MINMODE:MODE:      34      0.06118628     -0.01431509      0.05653099
MINMODE:MODE:      35      0.01553704      0.00374299      0.09296040
MINMODE:MODE:      36      0.06435001     -0.05270447      0.01853476
MINMODE:MODE:      37      0.02924568      0.00225206      0.02085441
MINMODE:MODE:      38     -0.07054472      0.11044604      0.03850143
MINMODE:MODE:      39     -0.14210195      0.16693885      0.05172446
MINMODE:MODE:      40     -0.10948749      0.11750600      0.04710913
MINMODE:MODE:      41     -0.01552770     -0.05438829     -0.06830498
MINMODE:MODE:      42      0.01790399     -0.07337844     -0.05392861
MINMODE:MODE:      43      0.08182006     -0.05625439      0.04610683
MINMODE:MODE:      44      0.11504301     -0.01955527      0.13821301
MINMODE:MODE:      45      0.08746382      0.00152008      0.13096388
MINMODE:MODE:      46     -0.03734980     -0.02575227     -0.03832849
MINMODE:MODE:      47     -0.03287512     -0.04996231     -0.03037624
MINMODE:MODE:      48     -0.01340127      0.00343855     -0.04152290
MINMODE:MODE:      49     -0.00069090     -0.01809365     -0.03280864
MINMODE:MODE:      50      0.08691452      0.01539826      0.11458831
MINMODE:MODE:      51      0.11487985      0.03097183      0.12383165
MINMODE:MODE:      52      0.06238465      0.02962838      0.02643418
MINMODE:MODE:      53     -0.01524800      0.01324727     -0.08967964
MINMODE:MODE:      54     -0.04608548     -0.00093389     -0.11166462
MINMODE:MODE:      55      0.05704880      0.08403557     -0.12442850
MINMODE:MODE:      56      0.05015798      0.09016900     -0.12182823
MINMODE:MODE:      57     -0.04590196      0.02527312      0.00373456
MINMODE:MODE:      58     -0.12985381     -0.04577752      0.12450173
MINMODE:MODE:      59     -0.12200160     -0.04828389      0.11281228
MINMODE:MODE:      60      0.03179885      0.02944389      0.04650731
MINMODE:MODE:      61      0.05724016      0.05095601      0.11274933
MINMODE:MODE:      62     -0.00413435     -0.06887227     -0.03550283
MINMODE:MODE:      63     -0.00479069     -0.08318932     -0.02835250
MINMODE:MODE:      64      0.05631291     -0.06520675     -0.11915912
MINMODE:MODE:      65      0.02445302     -0.12081888     -0.10289746
MINMODE:MODE:      66     -0.00001409     -0.04630377     -0.07625240
MINMODE:MODE:      67      0.04161275     -0.05699412     -0.03067668
MINMODE:MODE:      68      0.00886349     -0.02754036     -0.03818005
MINMODE:MODE:      69     -0.07520688      0.01805676     -0.09579668
MINMODE:MODE:      70     -0.12068017      0.02858983     -0.14458467
MINMODE:MODE:      71     -0.07857266     -0.00507103     -0.13445415
MINMODE:MODE:      72      0.03495506     -0.04434201      0.03914430
MINMODE:MODE:      73      0.05126040      0.06718796      0.12330280
MINMODE:MODE:      74      0.01739478     -0.05927240      0.00436192
MINMODE:MODE:      75      0.10597480     -0.09341270      0.01472778
MINMODE:MODE:      76      0.04736129     -0.03749874      0.00271919
MINMODE:MODE:      77     -0.10427413      0.04347600     -0.10203364
MINMODE:MODE:      78     -0.18895338      0.06361810     -0.18867333
MINMODE:MODE:      79     -0.11114101      0.00159941     -0.17656635
MINMODE:MODE: Optimization Step: 34
MINMODE:MODE: Order: 0
MINMODE:MODE:       0      0.00468867     -0.00188792     -0.05473637
MINMODE:MODE:       1      0.00841646     -0.05713480     -0.01809061
MINMODE:MODE:       2      0.01080250     -0.02360283      0.03211190
MINMODE:MODE:       3      0.02313613     -0.00884796      0.05964112
MINMODE:MODE:       4      0.00340525     -0.00691645      0.02356536
MINMODE:MODE:       5     -0.01817517      0.02735070      0.02894326
MINMODE:MODE:       6      0.02001270     -0.00248984      0.02313883
MINMODE:MODE:       7      0.00041435      0.02761135      0.02633615
MINMODE:MODE:       8     -0.05681602      0.08837159      0.03642829
MINMODE:MODE:       9     -0.09689930      0.11962203      0.04339919
MINMODE:MODE:      10     -0.07847231      0.09092092      0.04085643
MINMODE:MODE:      11      0.03391366     -0.02692077      0.03232505
MINMODE:MODE:      12      0.01519136     -0.04770800     -0.02058882
MINMODE:MODE:      13      0.03261254     -0.05818955     -0.01483010
MINMODE:MODE:      14      0.06888864     -0.04798453      0.04213306
MINMODE:MODE:      15      0.08743671     -0.02715186      0.09409403
MINMODE:MODE:      16      0.07141575     -0.01538824      0.09030250
MINMODE:MODE:      17     -0.01937628     -0.03688846     -0.03037150
MINMODE:MODE:      18     -0.00372010     -0.00926220     -0.03616336
MINMODE:MODE:      19      0.00644819      0.00700235     -0.02547859
MINMODE:MODE:      20      0.02452347      0.00541208      0.00050148
MINMODE:MODE:      21      0.06824818      0.01500559      0.06682900
MINMODE:MODE:      22      0.08181585      0.02422936      0.07416114
MINMODE:MODE:      23      0.05174167      0.02339866      0.01928231
MINMODE:MODE:      24      0.00731209      0.01398363     -0.04629780
MINMODE:MODE:      25     -0.00833351      0.00546626     -0.05655128
MINMODE:MODE:      26     -0.02472672      0.01803645     -0.00714522
MINMODE:MODE:      27      0.02073877      0.05756990     -0.07566941
MINMODE:MODE:      28      0.01380854      0.05878250     -0.07028709
MINMODE:MODE:      29     -0.04011203      0.02207220      0.00050834
MINMODE:MODE:      30     -0.08708009     -0.01797996      0.06812250
MINMODE:MODE:      31     -0.08070196     -0.01954648      0.06409047
MINMODE:MODE:      32      0.04467371     -0.02505716      0.04771892
MINMODE:MODE:      33     -0.03595644     -0.00281814      0.03905699
MINMODE:MODE:      34      0.06122741     -0.01431958      0.05660368
MINMODE:MODE:      35      0.01545600      0.00394512      0.09307124
MINMODE:MODE:      36      0.06453989     -0.05266440      0.01852771
MINMODE:MODE:      37      0.02936410      0.00230394      0.02079708
MINMODE:MODE:      38     -0.07061711      0.11039497      0.03841298
MINMODE:MODE:      39     -0.14233029      0.16667086      0.05161216
MINMODE:MODE:      40     -0.10971442      0.11730144      0.04706999
MINMODE:MODE:      41     -0.01548803     -0.05461515     -0.06833072
MINMODE:MODE:      42      0.01792702     -0.07354426     -0.05388386
MINMODE:MODE:      43      0.08176322     -0.05631606      0.04620748
MINMODE:MODE:      44      0.11496588     -0.01948006      0.13836685
MINMODE:MODE:      45      0.08745163      0.00159089      0.13111058
MINMODE:MODE:      46     -0.03753081     -0.02605180     -0.03781811
MINMODE:MODE:      47     -0.03296973     -0.05022483     -0.02980591
MINMODE:MODE:      48     -0.01342269      0.00373689     -0.04162751
MINMODE:MODE:      49     -0.00060737     -0.01798194     -0.03284239
MINMODE:MODE:      50      0.08714294      0.01552486      0.11438884
MINMODE:MODE:      51      0.11514588      0.03104662      0.12365014
MINMODE:MODE:      52      0.06251470      0.02959431      0.02640000
MINMODE:MODE:      53     -0.01533509      0.01315815     -0.08969028
MINMODE:MODE:      54     -0.04625387     -0.00103816     -0.11174435
MINMODE:MODE:      55      0.05676784      0.08405310     -0.12413816
MINMODE:MODE:      56      0.05003675      0.09036296     -0.12167615
MINMODE:MODE:      57     -0.04578941      0.02520929      0.00382844
MINMODE:MODE:      58     -0.12952981     -0.04604067      0.12455248
MINMODE:MODE:      59     -0.12168871     -0.04850158      0.11279230
MINMODE:MODE:      60      0.03190358      0.02994395      0.04598776
MINMODE:MODE:      61      0.05711850      0.05135528      0.11303090
MINMODE:MODE:      62     -0.00405528     -0.06870814     -0.03574829
MINMODE:MODE:      63     -0.00482396     -0.08385310     -0.02901666
MINMODE:MODE:      64      0.05609922     -0.06475816     -0.11730331
MINMODE:MODE:      65      0.02310999     -0.12348200     -0.10719508
MINMODE:MODE:      66     -0.00025359     -0.04576394     -0.07658784
MINMODE:MODE:      67      0.04155537     -0.05641824     -0.03087960
MINMODE:MODE:      68      0.00885371     -0.02735534     -0.03860656
MINMODE:MODE:      69     -0.07526373      0.01818401     -0.09570073
MINMODE:MODE:      70     -0.12081575      0.02884820     -0.14386965
MINMODE:MODE:      71     -0.07885273     -0.00441143     -0.13386129
MINMODE:MODE:      72      0.03436469     -0.04560088      0.03677351
MINMODE:MODE:      73      0.05151154      0.06728218      0.12396945
MINMODE:MODE:      74      0.01763435     -0.05773089      0.00493481
MINMODE:MODE:      75      0.10589237     -0.09308242      0.01430430
MINMODE:MODE:      76      0.04739180     -0.03734566      0.00226504
MINMODE:MODE:      77     -0.10413861      0.04357144     -0.10195203
MINMODE:MODE:      78     -0.18865075      0.06400577     -0.18766701
MINMODE:MODE:      79     -0.11088190      0.00214406     -0.17604839
MINMODE:MODE: Optimization Step: 35
MINMODE:MODE: Order: 0
MINMODE:MODE:       0      0.00478701     -0.00079770     -0.05583880
MINMODE:MODE:       1      0.00834754     -0.05775894     -0.01823907
MINMODE:MODE:       2      0.01085859     -0.02363293      0.03248582
MINMODE:MODE:       3      0.02284375     -0.00886288      0.05957122
MINMODE:MODE:       4      0.00277835     -0.00683103      0.02353052
MINMODE:MODE:       5     -0.01825598      0.02709338      0.02861548
MINMODE:MODE:       6      0.02015266     -0.00242912      0.02283207
MINMODE:MODE:       7      0.00043070      0.02751401      0.02602761
MINMODE:MODE:       8     -0.05651005      0.08758283      0.03602666
MINMODE:MODE:       9     -0.09670982      0.11847991      0.04296867
MINMODE:MODE:      10     -0.07833556      0.09004063      0.04052321
MINMODE:MODE:      11      0.03381293     -0.02690834      0.03228907
MINMODE:MODE:      12      0.01524723     -0.04771753     -0.02040422
MINMODE:MODE:      13      0.03247027     -0.05806853     -0.01461663
MINMODE:MODE:      14      0.06841430     -0.04775937      0.04201891
MINMODE:MODE:      15      0.08683126     -0.02688296      0.09369658
MINMODE:MODE:      16      0.07095918     -0.01522091      0.08984486
MINMODE:MODE:      17     -0.01919647     -0.03694960     -0.02914517
MINMODE:MODE:      18     -0.00358137     -0.00912571     -0.03579128
MINMODE:MODE:      19      0.00732683      0.00719214     -0.02543940
MINMODE:MODE:      20      0.02462459      0.00530758      0.00021200
MINMODE:MODE:      21      0.06818793      0.01510379      0.06603363
MINMODE:MODE:      22      0.08176703      0.02420595      0.07336686
MINMODE:MODE:      23      0.05161249      0.02323541      0.01900545
MINMODE:MODE:      24      0.00729828      0.01371221     -0.04607426
MINMODE:MODE:      25     -0.00836537      0.00524726     -0.05628058
MINMODE:MODE:      26     -0.02447520      0.01783674     -0.00690160
MINMODE:MODE:      27      0.02024525      0.05734415     -0.07493028
MINMODE:MODE:      28      0.01355218      0.05857406     -0.06957072
MINMODE:MODE:      29     -0.03964181      0.02185810      0.00052683
MINMODE:MODE:      30     -0.08603179     -0.01824944      0.06768300
MINMODE:MODE:      31     -0.07965677     -0.01973128      0.06343505
MINMODE:MODE:      32      0.04525843     -0.02504383      0.04805688
MINMODE:MODE:      33     -0.03516347     -0.00312565      0.03933767
MINMODE:MODE:      34      0.06095975     -0.01423545      0.05654513
MINMODE:MODE:      35      0.01520948      0.00425181      0.09274389
MINMODE:MODE:      36      0.06463760     -0.05217577      0.01836695
MINMODE:MODE:      37      0.02948337      0.00244810      0.02050697
MINMODE:MODE:      38     -0.07036474      0.10954346      0.03796555
MINMODE:MODE:      39     -0.14194912      0.16497307      0.05106572
MINMODE:MODE:      40     -0.10960613      0.11604815      0.04669841
MINMODE:MODE:      41     -0.01529470     -0.05489455     -0.06797944
MINMODE:MODE:      42      0.01792079     -0.07345970     -0.05347930
MINMODE:MODE:      43      0.08114763     -0.05605791      0.04612033
MINMODE:MODE:      44      0.11407637     -0.01913012      0.13774434
MINMODE:MODE:      45      0.08684730      0.00184262      0.13060987
MINMODE:MODE:      46     -0.03746408     -0.02624061     -0.03636057
MINMODE:MODE:      47     -0.03307163     -0.05043882     -0.02831805
MINMODE:MODE:      48     -0.01348105      0.00419695     -0.04143920
MINMODE:MODE:      49     -0.00054311     -0.01754573     -0.03267688
MINMODE:MODE:      50      0.08715298      0.01576307      0.11324273
MINMODE:MODE:      51      0.11503343      0.03107664      0.12244227
MINMODE:MODE:      52      0.06242401      0.02934131      0.02614704
MINMODE:MODE:      53     -0.01546756      0.01277902     -0.08910954
MINMODE:MODE:      54     -0.04636143     -0.00135361     -0.11123907
MINMODE:MODE:      55      0.05551962      0.08368409     -0.12251279
MINMODE:MODE:      56      0.04929866      0.09025091     -0.12059671
MINMODE:MODE:      57     -0.04525022      0.02492535      0.00401941
MINMODE:MODE:      58     -0.12799256     -0.04644039      0.12380381
MINMODE:MODE:      59     -0.12015411     -0.04901166      0.11226758
MINMODE:MODE:      60      0.03151451      0.02961605      0.04454189
MINMODE:MODE:      61      0.05696381      0.05218423      0.11387551
MINMODE:MODE:      62     -0.00406521     -0.06865156     -0.03696365
MINMODE:MODE:      63     -0.00484559     -0.08377326     -0.02940777
MINMODE:MODE:      64      0.05429335     -0.06562158     -0.11808110
MINMODE:MODE:      65      0.01942862     -0.13576360     -0.12047275
MINMODE:MODE:      66     -0.00042986     -0.04555279     -0.07813036
MINMODE:MODE:      67      0.04062404     -0.05562361     -0.03119592
MINMODE:MODE:      68      0.00836375     -0.02681256     -0.03877303
MINMODE:MODE:      69     -0.07461723      0.01845970     -0.09488373
MINMODE:MODE:      70     -0.11958751      0.02942189     -0.14255623
MINMODE:MODE:      71     -0.07769018     -0.00400961     -0.13375328
MINMODE:MODE:      72      0.03346613     -0.04631518      0.03528968
MINMODE:MODE:      73      0.05370068      0.08146622      0.13914265
MINMODE:MODE:      74      0.01611519     -0.05600435      0.00511413
MINMODE:MODE:      75      0.10489612     -0.09216227      0.01317818
MINMODE:MODE:      76      0.04711692     -0.03707927      0.00128179
MINMODE:MODE:      77     -0.10336409      0.04343981     -0.10092836
MINMODE:MODE:      78     -0.18674825      0.06427046     -0.18464792
MINMODE:MODE:      79     -0.10972890      0.00313865     -0.17406424
MINMODE:MODE: Optimization Step: 36
MINMODE:MODE: Order: 0
MINMODE:MODE:       0      0.00455022     -0.00008965     -0.05703822
MINMODE:MODE:       1      0.00841232     -0.05889008     -0.01850837
MINMODE:MODE:       2      0.01100178     -0.02381730      0.03239646
MINMODE:MODE:       3      0.02273956     -0.00878755      0.05951294
MINMODE:MODE:       4      0.00215716     -0.00670313      0.02352704
MINMODE:MODE:       5     -0.01830630      0.02690407      0.02842893
MINMODE:MODE:       6      0.02011872     -0.00247576      0.02269291
MINMODE:MODE:       7      0.00040166      0.02744971      0.02590943
MINMODE:MODE:       8     -0.05629915      0.08713650      0.03580890
MINMODE:MODE:       9     -0.09647718      0.11790849      0.04269377
MINMODE:MODE:      10     -0.07817476      0.08950046      0.04026093
MINMODE:MODE:      11      0.03366558     -0.02694779      0.03236335
MINMODE:MODE:      12      0.01520299     -0.04772109     -0.02022315
MINMODE:MODE:      13      0.03236887     -0.05796530     -0.01446312
MINMODE:MODE:      14      0.06815244     -0.04763309      0.04192709
MINMODE:MODE:      15      0.08650941     -0.02680082      0.09344635
MINMODE:MODE:      16      0.07065641     -0.01520148      0.08963223
MINMODE:MODE:      17     -0.01920542     -0.03711251     -0.02882012
MINMODE:MODE:      18     -0.00345814     -0.00894007     -0.03561574
MINMODE:MODE:      19      0.00799307      0.00750862     -0.02542846
MINMODE:MODE:      20      0.02474685      0.00526434      0.00006520
MINMODE:MODE:      21      0.06812679      0.01505360      0.06552576
MINMODE:MODE:      22      0.08165956      0.02410481      0.07294051
MINMODE:MODE:      23      0.05152985      0.02313290      0.01884048
MINMODE:MODE:      24      0.00734265      0.01362721     -0.04594001
MINMODE:MODE:      25     -0.00827238      0.00518411     -0.05619640
MINMODE:MODE:      26     -0.02421394      0.01775196     -0.00661952
MINMODE:MODE:      27      0.02005416      0.05712045     -0.07435620
MINMODE:MODE:      28      0.01345065      0.05830816     -0.06916289
MINMODE:MODE:      29     -0.03938229      0.02173408      0.00052700
MINMODE:MODE:      30     -0.08546016     -0.01823712      0.06737391
MINMODE:MODE:      31     -0.07899066     -0.01971477      0.06315722
MINMODE:MODE:      32      0.04566127     -0.02516732      0.04832227
MINMODE:MODE:      33     -0.03501520     -0.00309784      0.03926205
MINMODE:MODE:      34      0.06085828     -0.01414014      0.05652371
MINMODE:MODE:      35      0.01512781      0.00441237      0.09259605
MINMODE:MODE:      36      0.06455292     -0.05208933      0.01832502
MINMODE:MODE:      37      0.02947006      0.00243275      0.02044273
MINMODE:MODE:      38     -0.07014358      0.10911951      0.03777465
MINMODE:MODE:      39     -0.14156020      0.16420246      0.05072251
MINMODE:MODE:      40     -0.10950787      0.11548226      0.04639215
MINMODE:MODE:      41     -0.01535614     -0.05498911     -0.06773690
MINMODE:MODE:      42      0.01785066     -0.07330865     -0.05325710
MINMODE:MODE:      43      0.08087126     -0.05586837      0.04600395
MINMODE:MODE:      44      0.11370065     -0.01902102      0.13733776
MINMODE:MODE:      45      0.08659768      0.00186700      0.13034594
MINMODE:MODE:      46     -0.03757443     -0.02656362     -0.03545118
MINMODE:MODE:      47     -0.03304130     -0.05014970     -0.02792685
MINMODE:MODE:      48     -0.01347747      0.00446881     -0.04130278
MINMODE:MODE:      49     -0.00058074     -0.01729705     -0.03251962
MINMODE:MODE:      50      0.08709388      0.01570408      0.11268415
MINMODE:MODE:      51      0.11482562      0.03096869      0.12185722
MINMODE:MODE:      52      0.06231560      0.02923198      0.02605397
MINMODE:MODE:      53     -0.01546242      0.01271916     -0.08884506
MINMODE:MODE:      54     -0.04627316     -0.00140256     -0.11111472
MINMODE:MODE:      55      0.05500206      0.08324979     -0.12152407
MINMODE:MODE:      56      0.04898401      0.08987466     -0.12005237
MINMODE:MODE:      57     -0.04506353      0.02472660      0.00400382
MINMODE:MODE:      58     -0.12735998     -0.04642535      0.12333055
MINMODE:MODE:      59     -0.11944453     -0.04901834      0.11202469
MINMODE:MODE:      60      0.03135737      0.03008190      0.04453357
MINMODE:MODE:      61      0.05674452      0.05264004      0.11387776
MINMODE:MODE:      62     -0.00411520     -0.06873697     -0.03781420
MINMODE:MODE:      63     -0.00481897     -0.08382110     -0.03019582
MINMODE:MODE:      64      0.05275434     -0.06649198     -0.12187351
MINMODE:MODE:      65      0.01825013     -0.13904203     -0.12324375
MINMODE:MODE:      66     -0.00056963     -0.04558736     -0.07840740
MINMODE:MODE:      67      0.03984435     -0.05544712     -0.03138608
MINMODE:MODE:      68      0.00795753     -0.02655344     -0.03882468
MINMODE:MODE:      69     -0.07404121      0.01865589     -0.09451312
MINMODE:MODE:      70     -0.11852839      0.02946224     -0.14243048
MINMODE:MODE:      71     -0.07668072     -0.00414841     -0.13378102
MINMODE:MODE:      72      0.03320431     -0.04627699      0.03727206
MINMODE:MODE:      73      0.05433226      0.08855737      0.14738860
MINMODE:MODE:      74      0.01499757     -0.05587151      0.00497841
MINMODE:MODE:      75      0.10411266     -0.09181828      0.01275459
MINMODE:MODE:      76      0.04688293     -0.03682601      0.00097614
MINMODE:MODE:      77     -0.10281096      0.04356028     -0.10059346
MINMODE:MODE:      78     -0.18545607      0.06398785     -0.18409586
MINMODE:MODE:      79     -0.10906834      0.00310195     -0.17355252
MINMODE:MODE: Optimization Step: 37
MINMODE:MODE: Order: 0
MINMODE:MODE:       0      0.00437355      0.00057783     -0.05820856
MINMODE:MODE:       1      0.00848596     -0.05980139     -0.01861329
MINMODE:MODE:       2      0.01122586     -0.02407505      0.03238746
MINMODE:MODE:       3      0.02262449     -0.00871485      0.05946218
MINMODE:MODE:       4      0.00167651     -0.00657933      0.02351265
MINMODE:MODE:       5     -0.01834365      0.02667999      0.02826992
MINMODE:MODE:       6      0.02008084     -0.00252441      0.02259092
MINMODE:MODE:       7      0.00041996      0.02730954      0.02579126
MINMODE:MODE:       8     -0.05615211      0.08681307      0.03561978
MINMODE:MODE:       9     -0.09625668      0.11739191      0.04242934
MINMODE:MODE:      10     -0.07807794      0.08909722      0.04004416
MINMODE:MODE:      11      0.03350554     -0.02699273      0.03239951
MINMODE:MODE:      12      0.01513897     -0.04771687     -0.02008629
MINMODE:MODE:      13      0.03224268     -0.05788847     -0.01433774
MINMODE:MODE:      14      0.06793734     -0.04752693      0.04187277
MINMODE:MODE:      15      0.08621980     -0.02674676      0.09325847
MINMODE:MODE:      16      0.07042740     -0.01518456      0.08948563
MINMODE:MODE:      17     -0.01927388     -0.03733683     -0.02842414
MINMODE:MODE:      18     -0.00333342     -0.00874720     -0.03548494
MINMODE:MODE:      19      0.00848686      0.00779047     -0.02544026
MINMODE:MODE:      20      0.02485747      0.00524587     -0.00007377
MINMODE:MODE:      21      0.06810360      0.01500204      0.06514838
MINMODE:MODE:      22      0.08157336      0.02400064      0.07255557
MINMODE:MODE:      23      0.05148296      0.02303573      0.01872193
MINMODE:MODE:      24      0.00737409      0.01356219     -0.04588964
MINMODE:MODE:      25     -0.00819301      0.00516263     -0.05614148
MINMODE:MODE:      26     -0.02396981      0.01768506     -0.00640058
MINMODE:MODE:      27      0.01992500      0.05690116     -0.07390114
MINMODE:MODE:      28      0.01342899      0.05808493     -0.06881701
MINMODE:MODE:      29     -0.03916166      0.02162265      0.00053598
MINMODE:MODE:      30     -0.08496990     -0.01822328      0.06716512
MINMODE:MODE:      31     -0.07849716     -0.01971658      0.06297751
MINMODE:MODE:      32      0.04614406     -0.02541948      0.04856252
MINMODE:MODE:      33     -0.03493162     -0.00302128      0.03920866
MINMODE:MODE:      34      0.06078351     -0.01402775      0.05648411
MINMODE:MODE:      35      0.01505354      0.00459175      0.09247572
MINMODE:MODE:      36      0.06447755     -0.05204469      0.01830377
MINMODE:MODE:      37      0.02944471      0.00241754      0.02038003
MINMODE:MODE:      38     -0.06994786      0.10873812      0.03758008
MINMODE:MODE:      39     -0.14121784      0.16353512      0.05040481
MINMODE:MODE:      40     -0.10941553      0.11497778      0.04612606
MINMODE:MODE:      41     -0.01543389     -0.05508007     -0.06752571
MINMODE:MODE:      42      0.01777755     -0.07319008     -0.05304019
MINMODE:MODE:      43      0.08061001     -0.05571636      0.04592469
MINMODE:MODE:      44      0.11335418     -0.01893304      0.13700017
MINMODE:MODE:      45      0.08639324      0.00187591      0.13011101
MINMODE:MODE:      46     -0.03776859     -0.02697145     -0.03460998
MINMODE:MODE:      47     -0.03297704     -0.04988727     -0.02752022
MINMODE:MODE:      48     -0.01344804      0.00477007     -0.04119787
MINMODE:MODE:      49     -0.00060789     -0.01708272     -0.03239145
MINMODE:MODE:      50      0.08703955      0.01565241      0.11217732
MINMODE:MODE:      51      0.11465386      0.03085295      0.12133131
MINMODE:MODE:      52      0.06223909      0.02910675      0.02595501
MINMODE:MODE:      53     -0.01543962      0.01266236     -0.08862630
MINMODE:MODE:      54     -0.04618844     -0.00142203     -0.11103438
MINMODE:MODE:      55      0.05453040      0.08281454     -0.12061564
MINMODE:MODE:      56      0.04872324      0.08953419     -0.11953498
MINMODE:MODE:      57     -0.04485924      0.02457098      0.00402295
MINMODE:MODE:      58     -0.12676492     -0.04639338      0.12293239
MINMODE:MODE:      59     -0.11881581     -0.04899214      0.11178238
MINMODE:MODE:      60      0.03120486      0.03067004      0.04466625
MINMODE:MODE:      61      0.05650957      0.05328244      0.11380647
MINMODE:MODE:      62     -0.00419788     -0.06909297     -0.03857251
MINMODE:MODE:      63     -0.00478181     -0.08370346     -0.03115184
MINMODE:MODE:      64      0.05142100     -0.06710852     -0.12517350
MINMODE:MODE:      65      0.01726945     -0.14138115     -0.12555290
MINMODE:MODE:      66     -0.00057894     -0.04551988     -0.07859541
MINMODE:MODE:      67      0.03919685     -0.05523222     -0.03160178
MINMODE:MODE:      68      0.00774856     -0.02640110     -0.03882741
MINMODE:MODE:      69     -0.07363281      0.01877997     -0.09433279
MINMODE:MODE:      70     -0.11761503      0.02943316     -0.14227357
MINMODE:MODE:      71     -0.07590866     -0.00420365     -0.13376789
MINMODE:MODE:      72      0.03290741     -0.04642409      0.03910639
MINMODE:MODE:      73      0.05457138      0.09396162      0.15426179
MINMODE:MODE:      74      0.01409332     -0.05553013      0.00507471
MINMODE:MODE:      75      0.10332639     -0.09157414      0.01237360
MINMODE:MODE:      76      0.04657939     -0.03664878      0.00076202
MINMODE:MODE:      77     -0.10227301      0.04372664     -0.10030445
MINMODE:MODE:      78     -0.18425138      0.06379421     -0.18371724
MINMODE:MODE:      79     -0.10835883      0.00306557     -0.17325592
MINMODE:MODE: Optimization Step: 38
MINMODE:MODE: Order: 0
MINMODE:MODE:       0      0.00421000      0.00100903     -0.05918727
MINMODE:MODE:       1      0.00859876     -0.06054157     -0.01853494
MINMODE:MODE:       2      0.01144167     -0.02437197      0.03243743
MINMODE:MODE:       3      0.02255914     -0.00866303      0.05953036
MINMODE:MODE:       4      0.00140247     -0.00651391      0.02347882
MINMODE:MODE:       5     -0.01835527      0.02650553      0.02819429
MINMODE:MODE:       6      0.02007748     -0.00257181      0.02257311
MINMODE:MODE:       7      0.00053038      0.02716879      0.02571406
MINMODE:MODE:       8     -0.05622921      0.08676852      0.03552681
MINMODE:MODE:       9     -0.09628814      0.11717483      0.04227159
MINMODE:MODE:      10     -0.07824597      0.08899613      0.03993859
MINMODE:MODE:      11      0.03342900     -0.02707265      0.03244668
MINMODE:MODE:      12      0.01508197     -0.04782755     -0.02005496
MINMODE:MODE:      13      0.03217207     -0.05796248     -0.01429831
MINMODE:MODE:      14      0.06789422     -0.04753194      0.04195194
MINMODE:MODE:      15      0.08614136     -0.02673960      0.09332040
MINMODE:MODE:      16      0.07041305     -0.01517257      0.08961105
MINMODE:MODE:      17     -0.01934411     -0.03762368     -0.02812934
MINMODE:MODE:      18     -0.00321156     -0.00857141     -0.03545071
MINMODE:MODE:      19      0.00875757      0.00798304     -0.02553012
MINMODE:MODE:      20      0.02496874      0.00525486     -0.00019286
MINMODE:MODE:      21      0.06831389      0.01500344      0.06503783
MINMODE:MODE:      22      0.08169670      0.02397220      0.07238867
MINMODE:MODE:      23      0.05159371      0.02299273      0.01867199
MINMODE:MODE:      24      0.00736777      0.01352109     -0.04599264
MINMODE:MODE:      25     -0.00818096      0.00515386     -0.05625980
MINMODE:MODE:      26     -0.02379890      0.01768546     -0.00631802
MINMODE:MODE:      27      0.01993028      0.05689227     -0.07374328
MINMODE:MODE:      28      0.01348534      0.05807319     -0.06873173
MINMODE:MODE:      29     -0.03903339      0.02156186      0.00060000
MINMODE:MODE:      30     -0.08475436     -0.01831187      0.06720649
MINMODE:MODE:      31     -0.07832927     -0.01985317      0.06310655
MINMODE:MODE:      32      0.04673052     -0.02574442      0.04888216
MINMODE:MODE:      33     -0.03497699     -0.00293840      0.03924810
MINMODE:MODE:      34      0.06080525     -0.01394266      0.05658491
MINMODE:MODE:      35      0.01501588      0.00478463      0.09253487
MINMODE:MODE:      36      0.06458674     -0.05210509      0.01833546
MINMODE:MODE:      37      0.02949159      0.00241415      0.02035134
MINMODE:MODE:      38     -0.06992459      0.10859359      0.03745580
MINMODE:MODE:      39     -0.14124475      0.16324738      0.05021924
MINMODE:MODE:      40     -0.10953913      0.11473151      0.04598004
MINMODE:MODE:      41     -0.01551941     -0.05527875     -0.06748026
MINMODE:MODE:      42      0.01774523     -0.07325196     -0.05294037
MINMODE:MODE:      43      0.08051986     -0.05570474      0.04596510
MINMODE:MODE:      44      0.11324378     -0.01888504      0.13699894
MINMODE:MODE:      45      0.08637376      0.00188755      0.13014398
MINMODE:MODE:      46     -0.03805895     -0.02741395     -0.03390617
MINMODE:MODE:      47     -0.03298067     -0.04979243     -0.02715620
MINMODE:MODE:      48     -0.01343781      0.00507149     -0.04119518
MINMODE:MODE:      49     -0.00062333     -0.01692078     -0.03234631
MINMODE:MODE:      50      0.08716918      0.01566740      0.11191150
MINMODE:MODE:      51      0.11476795      0.03082447      0.12108121
MINMODE:MODE:      52      0.06231047      0.02903778      0.02589997
MINMODE:MODE:      53     -0.01545662      0.01261123     -0.08861912
MINMODE:MODE:      54     -0.04623693     -0.00144980     -0.11116135
MINMODE:MODE:      55      0.05417324      0.08259422     -0.12004234
MINMODE:MODE:      56      0.04858977      0.08945894     -0.11929593
MINMODE:MODE:      57     -0.04472664      0.02449045      0.00406802
MINMODE:MODE:      58     -0.12643848     -0.04649497      0.12285978
MINMODE:MODE:      59     -0.11846516     -0.04907840      0.11174855
MINMODE:MODE:      60      0.03106502      0.03144341      0.04466276
MINMODE:MODE:      61      0.05645087      0.05391538      0.11410922
MINMODE:MODE:      62     -0.00425632     -0.06924338     -0.03929352
MINMODE:MODE:      63     -0.00475247     -0.08395240     -0.03223298
MINMODE:MODE:      64      0.05049039     -0.06749041     -0.12742844
MINMODE:MODE:      65      0.01727699     -0.14010623     -0.12434478
MINMODE:MODE:      66     -0.00056125     -0.04546268     -0.07866636
MINMODE:MODE:      67      0.03886691     -0.05519707     -0.03187951
MINMODE:MODE:      68      0.00783794     -0.02640526     -0.03883542
MINMODE:MODE:      69     -0.07359224      0.01898952     -0.09445123
MINMODE:MODE:      70     -0.11715768      0.02953136     -0.14239016
MINMODE:MODE:      71     -0.07567068     -0.00411527     -0.13392241
MINMODE:MODE:      72      0.03261224     -0.04700566      0.04016712
MINMODE:MODE:      73      0.05400829      0.09473844      0.15640339
MINMODE:MODE:      74      0.01345595     -0.05516090      0.00515017
MINMODE:MODE:      75      0.10278609     -0.09155761      0.01201038
MINMODE:MODE:      76      0.04636304     -0.03658975      0.00057269
MINMODE:MODE:      77     -0.10197754      0.04399149     -0.10023792
MINMODE:MODE:      78     -0.18356557      0.06382662     -0.18374903
MINMODE:MODE:      79     -0.10786816      0.00304939     -0.17335240
MINMODE:MODE: Optimization Step: 39
MINMODE:MODE: Order: 0
MINMODE:MODE:       0      0.00413997      0.00068947     -0.06047785
MINMODE:MODE:       1      0.00883700     -0.06193200     -0.01783303
MINMODE:MODE:       2      0.01176724     -0.02520682      0.03284994
MINMODE:MODE:       3      0.02265309     -0.00867664      0.06047473
MINMODE:MODE:       4      0.00211080     -0.00674548      0.02326001
MINMODE:MODE:       5     -0.01905673      0.02688201      0.02854608
MINMODE:MODE:       6      0.02051997     -0.00280267      0.02281557
MINMODE:MODE:       7      0.00058090      0.02748668      0.02595338
MINMODE:MODE:       8     -0.05698156      0.08764659      0.03573954
MINMODE:MODE:       9     -0.09784230      0.11825220      0.04252831
MINMODE:MODE:      10     -0.07956239      0.08979910      0.04021186
MINMODE:MODE:      11      0.03388734     -0.02746296      0.03283360
MINMODE:MODE:      12      0.01515747     -0.04867330     -0.02037693
MINMODE:MODE:      13      0.03256871     -0.05888102     -0.01430144
MINMODE:MODE:      14      0.06868245     -0.04823182      0.04268960
MINMODE:MODE:      15      0.08722701     -0.02700700      0.09491342
MINMODE:MODE:      16      0.07138254     -0.01534733      0.09105043
MINMODE:MODE:      17     -0.01948616     -0.03856540     -0.02812312
MINMODE:MODE:      18     -0.00291250     -0.00831120     -0.03588213
MINMODE:MODE:      19      0.00804948      0.00773606     -0.02624988
MINMODE:MODE:      20      0.02561083      0.00543613     -0.00027636
MINMODE:MODE:      21      0.06966694      0.01524425      0.06567432
MINMODE:MODE:      22      0.08317960      0.02429536      0.07295533
MINMODE:MODE:      23      0.05246142      0.02322412      0.01871220
MINMODE:MODE:      24      0.00753638      0.01362073     -0.04667363
MINMODE:MODE:      25     -0.00841960      0.00522022     -0.05723583
MINMODE:MODE:      26     -0.02383039      0.01788630     -0.00652186
MINMODE:MODE:      27      0.02013771      0.05763540     -0.07443833
MINMODE:MODE:      28      0.01355457      0.05879767     -0.06915904
MINMODE:MODE:      29     -0.03926062      0.02174612      0.00073373
MINMODE:MODE:      30     -0.08528701     -0.01880556      0.06821903
MINMODE:MODE:      31     -0.07903256     -0.02038969      0.06407615
MINMODE:MODE:      32      0.04864814     -0.02673753      0.05013160
MINMODE:MODE:      33     -0.03577026     -0.00276828      0.03973444
MINMODE:MODE:      34      0.06143660     -0.01407797      0.05759363
MINMODE:MODE:      35      0.01507830      0.00534269      0.09382566
MINMODE:MODE:      36      0.06581938     -0.05282259      0.01860479
MINMODE:MODE:      37      0.03012553      0.00248204      0.02043842
MINMODE:MODE:      38     -0.07096567      0.10975357      0.03761554
MINMODE:MODE:      39     -0.14345624      0.16468238      0.05049951
MINMODE:MODE:      40     -0.11142780      0.11573854      0.04636808
MINMODE:MODE:      41     -0.01578415     -0.05640536     -0.06836964
MINMODE:MODE:      42      0.01794462     -0.07451890     -0.05347122
MINMODE:MODE:      43      0.08138265     -0.05652132      0.04675215
MINMODE:MODE:      44      0.11433515     -0.01893008      0.13871098
MINMODE:MODE:      45      0.08745294      0.00201099      0.13201302
MINMODE:MODE:      46     -0.03923388     -0.02872565     -0.03299996
MINMODE:MODE:      47     -0.03338998     -0.05026021     -0.02686090
MINMODE:MODE:      48     -0.01354400      0.00586356     -0.04179470
MINMODE:MODE:      49     -0.00054713     -0.01676216     -0.03267321
MINMODE:MODE:      50      0.08875144      0.01603849      0.11284200
MINMODE:MODE:      51      0.11676484      0.03129981      0.12207769
MINMODE:MODE:      52      0.06342949      0.02926939      0.02607351
MINMODE:MODE:      53     -0.01578307      0.01255211     -0.08983035
MINMODE:MODE:      54     -0.04716217     -0.00160387     -0.11278383
MINMODE:MODE:      55      0.05413310      0.08347143     -0.12074501
MINMODE:MODE:      56      0.04892558      0.09080772     -0.12036464
MINMODE:MODE:      57     -0.04493273      0.02469001      0.00430289
MINMODE:MODE:      58     -0.12727484     -0.04757894      0.12451067
MINMODE:MODE:      59     -0.11930876     -0.05014111      0.11318903
MINMODE:MODE:      60      0.03153056      0.03339314      0.04501833
MINMODE:MODE:      61      0.05673421      0.05595504      0.11556719
MINMODE:MODE:      62     -0.00415285     -0.07012084     -0.04131583
MINMODE:MODE:      63     -0.00485461     -0.08530773     -0.03391937
MINMODE:MODE:      64      0.05014272     -0.06552108     -0.12636073
MINMODE:MODE:      65      0.02137220     -0.12023263     -0.10561221
MINMODE:MODE:      66     -0.00181259     -0.04433082     -0.07712897
MINMODE:MODE:      67      0.03971760     -0.05554425     -0.03310013
MINMODE:MODE:      68      0.00781770     -0.02625937     -0.04000483
MINMODE:MODE:      69     -0.07409365      0.01953632     -0.09568155
MINMODE:MODE:      70     -0.11865638      0.03028520     -0.14322633
MINMODE:MODE:      71     -0.07716333     -0.00329439     -0.13355907
MINMODE:MODE:      72      0.03223778     -0.05052615      0.03926191
MINMODE:MODE:      73      0.04902921      0.07030169      0.13362692
MINMODE:MODE:      74      0.01487636     -0.05353028      0.00566701
MINMODE:MODE:      75      0.10319946     -0.09246036      0.01113387
MINMODE:MODE:      76      0.04680976     -0.03679306      0.00012056
MINMODE:MODE:      77     -0.10289211      0.04533803     -0.10137932
MINMODE:MODE:      78     -0.18496424      0.06515860     -0.18571817
MINMODE:MODE:      79     -0.10856445      0.00324468     -0.17546723
MINMODE:MODE: Optimization Step: 40
MINMODE:MODE: Order: 0
MINMODE:MODE:       0      0.00422559      0.00049801     -0.06017269
MINMODE:MODE:       1      0.00883096     -0.06161232     -0.01726126
MINMODE:MODE:       2      0.01165107     -0.02519342      0.03323338
MINMODE:MODE:       3      0.02259700     -0.00877730      0.06058244
MINMODE:MODE:       4      0.00226612     -0.00696572      0.02317853
MINMODE:MODE:       5     -0.01917672      0.02700801      0.02858504
MINMODE:MODE:       6      0.02051723     -0.00282581      0.02280358
MINMODE:MODE:       7      0.00067861      0.02755556      0.02587940
MINMODE:MODE:       8     -0.05716208      0.08759811      0.03565445
MINMODE:MODE:       9     -0.09808007      0.11818860      0.04245940
MINMODE:MODE:      10     -0.07990396      0.08968953      0.04019809
MINMODE:MODE:      11      0.03404749     -0.02748206      0.03276331
MINMODE:MODE:      12      0.01517256     -0.04884897     -0.02040696
MINMODE:MODE:      13      0.03264600     -0.05902214     -0.01430045
MINMODE:MODE:      14      0.06869315     -0.04831230      0.04287276
MINMODE:MODE:      15      0.08731828     -0.02696333      0.09507025
MINMODE:MODE:      16      0.07148067     -0.01532258      0.09121856
MINMODE:MODE:      17     -0.01944239     -0.03859907     -0.02770370
MINMODE:MODE:      18     -0.00287926     -0.00828940     -0.03581692
MINMODE:MODE:      19      0.00796480      0.00749854     -0.02626238
MINMODE:MODE:      20      0.02565390      0.00549232     -0.00029721
MINMODE:MODE:      21      0.06999604      0.01534540      0.06550962
MINMODE:MODE:      22      0.08346069      0.02438090      0.07291963
MINMODE:MODE:      23      0.05266794      0.02320580      0.01858898
MINMODE:MODE:      24      0.00744172      0.01354230     -0.04678039
MINMODE:MODE:      25     -0.00838460      0.00519696     -0.05734877
MINMODE:MODE:      26     -0.02394626      0.01780002     -0.00673718
MINMODE:MODE:      27      0.02006392      0.05770982     -0.07430147
MINMODE:MODE:      28      0.01340301      0.05891116     -0.06914909
MINMODE:MODE:      29     -0.03909540      0.02176507      0.00086040
MINMODE:MODE:      30     -0.08521498     -0.01903782      0.06825853
MINMODE:MODE:      31     -0.07886879     -0.02056788      0.06416392
MINMODE:MODE:      32      0.04901481     -0.02676677      0.05039625
MINMODE:MODE:      33     -0.03563041     -0.00288651      0.03996245
MINMODE:MODE:      34      0.06141089     -0.01417551      0.05776016
MINMODE:MODE:      35      0.01500707      0.00549792      0.09395456
MINMODE:MODE:      36      0.06604931     -0.05288440      0.01859875
MINMODE:MODE:      37      0.03028800      0.00250851      0.02038263
MINMODE:MODE:      38     -0.07109059      0.10978438      0.03752753
MINMODE:MODE:      39     -0.14381630      0.16454488      0.05039165
MINMODE:MODE:      40     -0.11178587      0.11565338      0.04634229
MINMODE:MODE:      41     -0.01575922     -0.05666529     -0.06848505
MINMODE:MODE:      42      0.01797372     -0.07473685     -0.05348990
MINMODE:MODE:      43      0.08140215     -0.05662349      0.04688757
MINMODE:MODE:      44      0.11432250     -0.01885285      0.13889743
MINMODE:MODE:      45      0.08751231      0.00208776      0.13226770
MINMODE:MODE:      46     -0.03934198     -0.02886976     -0.03256181
MINMODE:MODE:      47     -0.03352582     -0.05045909     -0.02634899
MINMODE:MODE:      48     -0.01357909      0.00610787     -0.04188685
MINMODE:MODE:      49     -0.00044519     -0.01658330     -0.03272014
MINMODE:MODE:      50      0.08909642      0.01616291      0.11275033
MINMODE:MODE:      51      0.11713842      0.03138892      0.12196761
MINMODE:MODE:      52      0.06361607      0.02925547      0.02604195
MINMODE:MODE:      53     -0.01588057      0.01245385     -0.08995176
MINMODE:MODE:      54     -0.04736247     -0.00168602     -0.11294772
MINMODE:MODE:      55      0.05391866      0.08350555     -0.12054362
MINMODE:MODE:      56      0.04883283      0.09102353     -0.12024583
MINMODE:MODE:      57     -0.04483531      0.02467658      0.00436403
MINMODE:MODE:      58     -0.12706623     -0.04789260      0.12467618
MINMODE:MODE:      59     -0.11914204     -0.05043758      0.11332415
MINMODE:MODE:      60      0.03155674      0.03337743      0.04439575
MINMODE:MODE:      61      0.05676794      0.05572690      0.11610014
MINMODE:MODE:      62     -0.00414243     -0.06948762     -0.04131522
MINMODE:MODE:      63     -0.00485706     -0.08559809     -0.03424686
MINMODE:MODE:      64      0.05008382     -0.06470709     -0.12312573
MINMODE:MODE:      65      0.02052019     -0.12240379     -0.10901908
MINMODE:MODE:      66     -0.00179344     -0.04399660     -0.07753465
MINMODE:MODE:      67      0.03982183     -0.05510521     -0.03316343
MINMODE:MODE:      68      0.00788046     -0.02615999     -0.04030483
MINMODE:MODE:      69     -0.07421850      0.01964645     -0.09554121
MINMODE:MODE:      70     -0.11891929      0.03059009     -0.14246202
MINMODE:MODE:      71     -0.07744900     -0.00271247     -0.13300664
MINMODE:MODE:      72      0.03190576     -0.05180851      0.03605743
MINMODE:MODE:      73      0.04935126      0.06978858      0.13258173
MINMODE:MODE:      74      0.01516985     -0.05220575      0.00575076
MINMODE:MODE:      75      0.10309053     -0.09207523      0.01066415
MINMODE:MODE:      76      0.04685570     -0.03665992     -0.00020796
MINMODE:MODE:      77     -0.10293893      0.04551716     -0.10132290
MINMODE:MODE:      78     -0.18509286      0.06576846     -0.18480398
MINMODE:MODE:      79     -0.10853684      0.00380768     -0.17506879
MINMODE:MODE: Optimization Step: 41
MINMODE:MODE: Order: 0
MINMODE:MODE:       0      0.00437784      0.00087568     -0.06014360
MINMODE:MODE:       1      0.00862160     -0.06170442     -0.01793649
MINMODE:MODE:       2      0.01141741     -0.02493058      0.03341759
MINMODE:MODE:       3      0.02236761     -0.00883882      0.06049642
MINMODE:MODE:       4      0.00180278     -0.00706070      0.02319660
MINMODE:MODE:       5     -0.01926378      0.02675119      0.02832001
MINMODE:MODE:       6      0.02051811     -0.00272211      0.02257083
MINMODE:MODE:       7      0.00072248      0.02741186      0.02557488
MINMODE:MODE:       8     -0.05701414      0.08698912      0.03526868
MINMODE:MODE:       9     -0.09798408      0.11721179      0.04203636
MINMODE:MODE:      10     -0.07989499      0.08895343      0.03988444
MINMODE:MODE:      11      0.03394631     -0.02748962      0.03272046
MINMODE:MODE:      12      0.01518725     -0.04890142     -0.02030388
MINMODE:MODE:      13      0.03251878     -0.05893338     -0.01414171
MINMODE:MODE:      14      0.06832006     -0.04809702      0.04281818
MINMODE:MODE:      15      0.08681672     -0.02671355      0.09473895
MINMODE:MODE:      16      0.07114777     -0.01513248      0.09089360
MINMODE:MODE:      17     -0.01919897     -0.03830679     -0.02695635
MINMODE:MODE:      18     -0.00281761     -0.00820527     -0.03543167
MINMODE:MODE:      19      0.00862864      0.00751355     -0.02604540
MINMODE:MODE:      20      0.02573134      0.00542257     -0.00052049
MINMODE:MODE:      21      0.07000383      0.01544074      0.06487479
MINMODE:MODE:      22      0.08350383      0.02435858      0.07230479
MINMODE:MODE:      23      0.05256912      0.02305389      0.01826916
MINMODE:MODE:      24      0.00737496      0.01330510     -0.04671360
MINMODE:MODE:      25     -0.00846592      0.00501365     -0.05723430
MINMODE:MODE:      26     -0.02365155      0.01762196     -0.00659089
MINMODE:MODE:      27      0.01965874      0.05747556     -0.07367764
MINMODE:MODE:      28      0.01326255      0.05878755     -0.06864638
MINMODE:MODE:      29     -0.03876619      0.02153515      0.00095559
MINMODE:MODE:      30     -0.08430088     -0.01931397      0.06793396
MINMODE:MODE:      31     -0.07804999     -0.02084924      0.06379137
MINMODE:MODE:      32      0.04909381     -0.02648917      0.05069885
MINMODE:MODE:      33     -0.03512344     -0.00308690      0.04008851
MINMODE:MODE:      34      0.06102644     -0.01422513      0.05775755
MINMODE:MODE:      35      0.01479873      0.00563798      0.09360809
MINMODE:MODE:      36      0.06613642     -0.05255063      0.01842292
MINMODE:MODE:      37      0.03044746      0.00259547      0.02010143
MINMODE:MODE:      38     -0.07088935      0.10903039      0.03706615
MINMODE:MODE:      39     -0.14356612      0.16308264      0.04985712
MINMODE:MODE:      40     -0.11178291      0.11460108      0.04599995
MINMODE:MODE:      41     -0.01558006     -0.05692046     -0.06823777
MINMODE:MODE:      42      0.01796788     -0.07468001     -0.05318052
MINMODE:MODE:      43      0.08088663     -0.05639841      0.04682728
MINMODE:MODE:      44      0.11353286     -0.01851682      0.13828002
MINMODE:MODE:      45      0.08698386      0.00231933      0.13184827
MINMODE:MODE:      46     -0.03913779     -0.02877864     -0.03146133
MINMODE:MODE:      47     -0.03360148     -0.05038308     -0.02528634
MINMODE:MODE:      48     -0.01362072      0.00638454     -0.04163301
MINMODE:MODE:      49     -0.00033848     -0.01610621     -0.03255515
MINMODE:MODE:      50      0.08920540      0.01637994      0.11175259
MINMODE:MODE:      51      0.11709025      0.03140303      0.12090773
MINMODE:MODE:      52      0.06356462      0.02902105      0.02576494
MINMODE:MODE:      53     -0.01602030      0.01211372     -0.08953836
MINMODE:MODE:      54     -0.04745671     -0.00192613     -0.11249537
MINMODE:MODE:      55      0.05285501      0.08313199     -0.11910602
MINMODE:MODE:      56      0.04815991      0.09085751     -0.11921358
MINMODE:MODE:      57     -0.04433865      0.02447772      0.00446985
MINMODE:MODE:      58     -0.12573280     -0.04829769      0.12408622
MINMODE:MODE:      59     -0.11788438     -0.05086026      0.11277914
MINMODE:MODE:      60      0.03151302      0.03239053      0.04392745
MINMODE:MODE:      61      0.05640643      0.05511571      0.11604118
MINMODE:MODE:      62     -0.00418142     -0.06844475     -0.04197000
MINMODE:MODE:      63     -0.00483589     -0.08511855     -0.03399759
MINMODE:MODE:      64      0.04878936     -0.06508221     -0.12161878
MINMODE:MODE:      65      0.01729618     -0.13383624     -0.12144133
MINMODE:MODE:      66     -0.00146613     -0.04419577     -0.07877118
MINMODE:MODE:      67      0.03927462     -0.05462016     -0.03312820
MINMODE:MODE:      68      0.00776099     -0.02581096     -0.04007668
MINMODE:MODE:      69     -0.07381702      0.01996767     -0.09469653
MINMODE:MODE:      70     -0.11796685      0.03118649     -0.14120831
MINMODE:MODE:      71     -0.07648604     -0.00246569     -0.13291440
MINMODE:MODE:      72      0.03148747     -0.05245948      0.03321241
MINMODE:MODE:      73      0.05172858      0.08336133      0.14509781
MINMODE:MODE:      74      0.01425165     -0.05110719      0.00518172
MINMODE:MODE:      75      0.10211467     -0.09112126      0.00960697
MINMODE:MODE:      76      0.04654655     -0.03645150     -0.00085268
MINMODE:MODE:      77     -0.10244378      0.04543429     -0.10030899
MINMODE:MODE:      78     -0.18395939      0.06623670     -0.18215264
MINMODE:MODE:      79     -0.10777870      0.00468219     -0.17326364
MINMODE:MODE: Optimization Step: 42
MINMODE:MODE: Order: 0
MINMODE:MODE:       0      0.00412022      0.00247357     -0.06202552
MINMODE:MODE:       1      0.00859289     -0.06314852     -0.01916050
MINMODE:MODE:       2      0.01157052     -0.02488837      0.03284851
MINMODE:MODE:       3      0.02188111     -0.00860796      0.05970801
MINMODE:MODE:       4      0.00020792     -0.00656800      0.02333448
MINMODE:MODE:       5     -0.01901979      0.02584377      0.02757882
MINMODE:MODE:       6      0.02032074     -0.00249543      0.02204403
MINMODE:MODE:       7      0.00070073      0.02684058      0.02498192
MINMODE:MODE:       8     -0.05612065      0.08534586      0.03446256
MINMODE:MODE:       9     -0.09670426      0.11471652      0.04102748
MINMODE:MODE:      10     -0.07879812      0.08707167      0.03900874
MINMODE:MODE:      11      0.03325944     -0.02736470      0.03271332
MINMODE:MODE:      12      0.01511606     -0.04846580     -0.01971913
MINMODE:MODE:      13      0.03192272     -0.05822520     -0.01368262
MINMODE:MODE:      14      0.06714773     -0.04729584      0.04219871
MINMODE:MODE:      15      0.08512170     -0.02623234      0.09329719
MINMODE:MODE:      16      0.06981996     -0.01486807      0.08949854
MINMODE:MODE:      17     -0.01911831     -0.03803322     -0.02607420
MINMODE:MODE:      18     -0.00261229     -0.00780970     -0.03473394
MINMODE:MODE:      19      0.01037071      0.00836651     -0.02550718
MINMODE:MODE:      20      0.02569273      0.00521154     -0.00095479
MINMODE:MODE:      21      0.06913163      0.01529295      0.06327321
MINMODE:MODE:      22      0.08255808      0.02397105      0.07061207
MINMODE:MODE:      23      0.05182083      0.02262750      0.01776477
MINMODE:MODE:      24      0.00731743      0.01288927     -0.04619368
MINMODE:MODE:      25     -0.00832326      0.00476735     -0.05637194
MINMODE:MODE:      26     -0.02276926      0.01731320     -0.00566939
MINMODE:MODE:      27      0.01881449      0.05649739     -0.07183251
MINMODE:MODE:      28      0.01307720      0.05789471     -0.06713605
MINMODE:MODE:      29     -0.03801885      0.02094479      0.00090753
MINMODE:MODE:      30     -0.08206549     -0.01927164      0.06675078
MINMODE:MODE:      31     -0.07587278     -0.02075622      0.06237790
MINMODE:MODE:      32      0.04883960     -0.02634800      0.05065352
MINMODE:MODE:      33     -0.03476080     -0.00284755      0.03927117
MINMODE:MODE:      34      0.06024310     -0.01390095      0.05707522
MINMODE:MODE:      35      0.01439105      0.00572463      0.09239745
MINMODE:MODE:      36      0.06556766     -0.05165553      0.01807921
MINMODE:MODE:      37      0.03025558      0.00264240      0.01963719
MINMODE:MODE:      38     -0.06986928      0.10697099      0.03616614
MINMODE:MODE:      39     -0.14165283      0.15970450      0.04868557
MINMODE:MODE:      40     -0.11066817      0.11217287      0.04504518
MINMODE:MODE:      41     -0.01545218     -0.05679979     -0.06720992
MINMODE:MODE:      42      0.01774904     -0.07380789     -0.05222052
MINMODE:MODE:      43      0.07946266     -0.05545617      0.04621134
MINMODE:MODE:      44      0.11131914     -0.01794122      0.13599418
MINMODE:MODE:      45      0.08552670      0.00255475      0.13001451
MINMODE:MODE:      46     -0.03876908     -0.02886523     -0.02968151
MINMODE:MODE:      47     -0.03303291     -0.04899303     -0.02449355
MINMODE:MODE:      48     -0.01345936      0.00673542     -0.04078163
MINMODE:MODE:      49     -0.00035226     -0.01546646     -0.03195777
MINMODE:MODE:      50      0.08838558      0.01634535      0.10947354
MINMODE:MODE:      51      0.11571838      0.03103210      0.11843098
MINMODE:MODE:      52      0.06278804      0.02846772      0.02517654
MINMODE:MODE:      53     -0.01598674      0.01163433     -0.08809322
MINMODE:MODE:      54     -0.04699060     -0.00221778     -0.11101370
MINMODE:MODE:      55      0.05085567      0.08171084     -0.11577910
MINMODE:MODE:      56      0.04680556      0.08952661     -0.11677755
MINMODE:MODE:      57     -0.04337097      0.02391006      0.00449753
MINMODE:MODE:      58     -0.12283248     -0.04820249      0.12198827
MINMODE:MODE:      59     -0.11516431     -0.05081559      0.11105050
MINMODE:MODE:      60      0.03044036      0.03157658      0.04290724
MINMODE:MODE:      61      0.05595076      0.05534180      0.11634879
MINMODE:MODE:      62     -0.00438523     -0.06826083     -0.04291592
MINMODE:MODE:      63     -0.00468581     -0.08351225     -0.03478317
MINMODE:MODE:      64      0.04530878     -0.06736670     -0.13005321
MINMODE:MODE:      65      0.01220174     -0.15291831     -0.14037963
MINMODE:MODE:      66     -0.00072118     -0.04473764     -0.08027681
MINMODE:MODE:      67      0.03711244     -0.05409937     -0.03310851
MINMODE:MODE:      68      0.00705141     -0.02543654     -0.03919826
MINMODE:MODE:      69     -0.07225459      0.02009957     -0.09311055
MINMODE:MODE:      70     -0.11455850      0.03109843     -0.13965375
MINMODE:MODE:      71     -0.07331805     -0.00301009     -0.13293679
MINMODE:MODE:      72      0.03106030     -0.05065448      0.03842013
MINMODE:MODE:      73      0.05506979      0.11377194      0.17675002
MINMODE:MODE:      74      0.01170052     -0.05098441      0.00504255
MINMODE:MODE:      75      0.09974620     -0.09025746      0.00858484
MINMODE:MODE:      76      0.04540302     -0.03614103     -0.00121023
MINMODE:MODE:      77     -0.10048150      0.04521622     -0.09820740
MINMODE:MODE:      78     -0.17986123      0.06546769     -0.17889960
MINMODE:MODE:      79     -0.10546682      0.00495479     -0.17048640
MINMODE:MODE: Optimization Step: 43
MINMODE:MODE: Order: 0
MINMODE:MODE:       0      0.00381301      0.00492265     -0.06422911
MINMODE:MODE:       1      0.00883490     -0.06502321     -0.01897846
MINMODE:MODE:       2      0.01201373     -0.02519201      0.03224027
MINMODE:MODE:       3      0.02132059     -0.00827170      0.05863677
MINMODE:MODE:       4     -0.00143907     -0.00586635      0.02315744
MINMODE:MODE:       5     -0.01850609      0.02497052      0.02679784
MINMODE:MODE:       6      0.02011400     -0.00239717      0.02144286
MINMODE:MODE:       7      0.00078934      0.02628806      0.02434875
MINMODE:MODE:       8     -0.05504623      0.08334466      0.03356066
MINMODE:MODE:       9     -0.09494843      0.11196841      0.03996591
MINMODE:MODE:      10     -0.07741452      0.08483802      0.03804152
MINMODE:MODE:      11      0.03241245     -0.02712080      0.03243311
MINMODE:MODE:      12      0.01483470     -0.04786607     -0.01899164
MINMODE:MODE:      13      0.03122135     -0.05733670     -0.01318406
MINMODE:MODE:      14      0.06562961     -0.04639949      0.04148228
MINMODE:MODE:      15      0.08309088     -0.02566516      0.09152326
MINMODE:MODE:      16      0.06810957     -0.01454023      0.08789817
MINMODE:MODE:      17     -0.01913049     -0.03801779     -0.02491974
MINMODE:MODE:      18     -0.00233623     -0.00732372     -0.03402975
MINMODE:MODE:      19      0.01197222      0.00943617     -0.02509300
MINMODE:MODE:      20      0.02542313      0.00506595     -0.00120480
MINMODE:MODE:      21      0.06807269      0.01504557      0.06150272
MINMODE:MODE:      22      0.08117726      0.02351389      0.06874858
MINMODE:MODE:      23      0.05093194      0.02208659      0.01712590
MINMODE:MODE:      24      0.00715531      0.01244559     -0.04538973
MINMODE:MODE:      25     -0.00811727      0.00450888     -0.05537533
MINMODE:MODE:      26     -0.02193291      0.01700093     -0.00490313
MINMODE:MODE:      27      0.01806731      0.05552885     -0.06970997
MINMODE:MODE:      28      0.01274838      0.05685040     -0.06547605
MINMODE:MODE:      29     -0.03693063      0.02040798      0.00095556
MINMODE:MODE:      30     -0.07968107     -0.01918385      0.06530465
MINMODE:MODE:      31     -0.07348094     -0.02061930      0.06106265
MINMODE:MODE:      32      0.04885281     -0.02659083      0.05035888
MINMODE:MODE:      33     -0.03439826     -0.00237974      0.03829224
MINMODE:MODE:      34      0.05949265     -0.01324416      0.05604742
MINMODE:MODE:      35      0.01386931      0.00594366      0.09086437
MINMODE:MODE:      36      0.06469046     -0.05054666      0.01772359
MINMODE:MODE:      37      0.02981942      0.00266425      0.01917879
MINMODE:MODE:      38     -0.06852749      0.10459740      0.03524099
MINMODE:MODE:      39     -0.13907628      0.15590410      0.04744454
MINMODE:MODE:      40     -0.10896104      0.10944579      0.04393989
MINMODE:MODE:      41     -0.01530793     -0.05658987     -0.06548618
MINMODE:MODE:      42      0.01742284     -0.07262617     -0.05098886
MINMODE:MODE:      43      0.07775212     -0.05430998      0.04541621
MINMODE:MODE:      44      0.10873575     -0.01738807      0.13326660
MINMODE:MODE:      45      0.08378806      0.00272852      0.12761674
MINMODE:MODE:      46     -0.03857405     -0.02922384     -0.02781755
MINMODE:MODE:      47     -0.03217244     -0.04745373     -0.02360835
MINMODE:MODE:      48     -0.01320722      0.00722687     -0.03990252
MINMODE:MODE:      49     -0.00037375     -0.01495731     -0.03125790
MINMODE:MODE:      50      0.08698011      0.01617197      0.10694313
MINMODE:MODE:      51      0.11378102      0.03049294      0.11559173
MINMODE:MODE:      52      0.06170821      0.02782291      0.02453431
MINMODE:MODE:      53     -0.01578678      0.01117842     -0.08630265
MINMODE:MODE:      54     -0.04621048     -0.00245860     -0.10904588
MINMODE:MODE:      55      0.04872747      0.07983698     -0.11204607
MINMODE:MODE:      56      0.04542174      0.08783654     -0.11393899
MINMODE:MODE:      57     -0.04230442      0.02327861      0.00450312
MINMODE:MODE:      58     -0.11951279     -0.04772343      0.11942426
MINMODE:MODE:      59     -0.11213993     -0.05033918      0.10878567
MINMODE:MODE:      60      0.03035091      0.03363425      0.04614143
MINMODE:MODE:      61      0.05395802      0.05572513      0.11254290
MINMODE:MODE:      62     -0.00459510     -0.06932728     -0.04489945
MINMODE:MODE:      63     -0.00450380     -0.08205089     -0.03639857
MINMODE:MODE:      64      0.04178589     -0.06948134     -0.14194889
MINMODE:MODE:      65      0.00700076     -0.16904738     -0.15767496
MINMODE:MODE:      66     -0.00024993     -0.04500001     -0.08140059
MINMODE:MODE:      67      0.03490261     -0.05357008     -0.03308817
MINMODE:MODE:      68      0.00630270     -0.02538684     -0.03869508
MINMODE:MODE:      69     -0.07034996      0.02008349     -0.09138646
MINMODE:MODE:      70     -0.11071779      0.03052704     -0.13841597
MINMODE:MODE:      71     -0.06987383     -0.00362879     -0.13259382
MINMODE:MODE:      72      0.03029260     -0.04825623      0.04678118
MINMODE:MODE:      73      0.05664543      0.14111561      0.20870554
MINMODE:MODE:      74      0.00982031     -0.05005037      0.00669284
MINMODE:MODE:      75      0.09689720     -0.08988781      0.00780166
MINMODE:MODE:      76      0.04386353     -0.03593304     -0.00121753
MINMODE:MODE:      77     -0.09790734      0.04502995     -0.09598702
MINMODE:MODE:      78     -0.17457864      0.06422612     -0.17615156
MINMODE:MODE:      79     -0.10230118      0.00458153     -0.16832912
MINMODE:MODE: Optimization Step: 44
MINMODE:MODE: Order: 0
MINMODE:MODE:       0      0.00364810      0.00670193     -0.06599153
MINMODE:MODE:       1      0.00909512     -0.06643690     -0.01835232
MINMODE:MODE:       2      0.01245551     -0.02558139      0.03207268
MINMODE:MODE:       3      0.02098162     -0.00807696      0.05809060
MINMODE:MODE:       4     -0.00248427     -0.00544361      0.02321221
MINMODE:MODE:       5     -0.01809682      0.02453269      0.02636398
MINMODE:MODE:       6      0.02006283     -0.00236833      0.02106628
MINMODE:MODE:       7      0.00094401      0.02604710      0.02396601
MINMODE:MODE:       8     -0.05451143      0.08213541      0.03302598
MINMODE:MODE:       9     -0.09397525      0.11039933      0.03938621
MINMODE:MODE:      10     -0.07675014      0.08345887      0.03751328
MINMODE:MODE:      11      0.03191688     -0.02703600      0.03230150
MINMODE:MODE:      12      0.01461865     -0.04765182     -0.01855066
MINMODE:MODE:      13      0.03085240     -0.05690550     -0.01290031
MINMODE:MODE:      14      0.06469048     -0.04593628      0.04115919
MINMODE:MODE:      15      0.08191514     -0.02529999      0.09055418
MINMODE:MODE:      16      0.06704195     -0.01432460      0.08708397
MINMODE:MODE:      17     -0.01919490     -0.03821081     -0.02393413
MINMODE:MODE:      18     -0.00212915     -0.00699558     -0.03365261
MINMODE:MODE:      19      0.01305782      0.01023436     -0.02485926
MINMODE:MODE:      20      0.02525747      0.00501465     -0.00128925
MINMODE:MODE:      21      0.06758243      0.01493328      0.06042274
MINMODE:MODE:      22      0.08041652      0.02331603      0.06767340
MINMODE:MODE:      23      0.05052363      0.02176102      0.01669004
MINMODE:MODE:      24      0.00698538      0.01215523     -0.04488817
MINMODE:MODE:      25     -0.00800960      0.00428064     -0.05485315
MINMODE:MODE:      26     -0.02149455      0.01682844     -0.00448974
MINMODE:MODE:      27      0.01764800      0.05517108     -0.06841972
MINMODE:MODE:      28      0.01244919      0.05637026     -0.06456841
MINMODE:MODE:      29     -0.03615663      0.02014031      0.00109746
MINMODE:MODE:      30     -0.07829362     -0.01923922      0.06443473
MINMODE:MODE:      31     -0.07198615     -0.02066004      0.06047357
MINMODE:MODE:      32      0.04919702     -0.02695476      0.05032377
MINMODE:MODE:      33     -0.03410910     -0.00209558      0.03783379
MINMODE:MODE:      34      0.05917573     -0.01273316      0.05547802
MINMODE:MODE:      35      0.01351917      0.00620062      0.09003956
MINMODE:MODE:      36      0.06426647     -0.04986095      0.01753271
MINMODE:MODE:      37      0.02957765      0.00272042      0.01893055
MINMODE:MODE:      38     -0.06777057      0.10324631      0.03473116
MINMODE:MODE:      39     -0.13765573      0.15369917      0.04675250
MINMODE:MODE:      40     -0.10801101      0.10787208      0.04330311
MINMODE:MODE:      41     -0.01525599     -0.05653912     -0.06453110
MINMODE:MODE:      42      0.01723569     -0.07200066     -0.05024389
MINMODE:MODE:      43      0.07675573     -0.05367337      0.04500338
MINMODE:MODE:      44      0.10720679     -0.01705546      0.13173850
MINMODE:MODE:      45      0.08279715      0.00282893      0.12627942
MINMODE:MODE:      46     -0.03861379     -0.02964835     -0.02651543
MINMODE:MODE:      47     -0.03172308     -0.04673420     -0.02279583
MINMODE:MODE:      48     -0.01307140      0.00767729     -0.03947896
MINMODE:MODE:      49     -0.00041354     -0.01465626     -0.03086795
MINMODE:MODE:      50      0.08619739      0.01610150      0.10548191
MINMODE:MODE:      51      0.11273120      0.03021030      0.11392711
MINMODE:MODE:      52      0.06110770      0.02745608      0.02415779
MINMODE:MODE:      53     -0.01567300      0.01090328     -0.08527320
MINMODE:MODE:      54     -0.04579102     -0.00265200     -0.10791348
MINMODE:MODE:      55      0.04737075      0.07872168     -0.10971241
MINMODE:MODE:      56      0.04461652      0.08693440     -0.11227332
MINMODE:MODE:      57     -0.04168812      0.02291337      0.00450632
MINMODE:MODE:      58     -0.11750553     -0.04749400      0.11797674
MINMODE:MODE:      59     -0.11034248     -0.05007541      0.10744171
MINMODE:MODE:      60      0.03015665      0.03570014      0.04794501
MINMODE:MODE:      61      0.05273054      0.05655307      0.11046574
MINMODE:MODE:      62     -0.00474045     -0.07049221     -0.04615340
MINMODE:MODE:      63     -0.00438942     -0.08147683     -0.03795992
MINMODE:MODE:      64      0.03965736     -0.07101547     -0.15052548
MINMODE:MODE:      65      0.00429259     -0.17437425     -0.16515535
MINMODE:MODE:      66     -0.00022667     -0.04520597     -0.08224212
MINMODE:MODE:      67      0.03353213     -0.05338511     -0.03320687
MINMODE:MODE:      68      0.00588213     -0.02555503     -0.03868993
MINMODE:MODE:      69     -0.06924486      0.02019302     -0.09040294
MINMODE:MODE:      70     -0.10837489      0.03016831     -0.13811387
MINMODE:MODE:      71     -0.06789149     -0.00400187     -0.13259005
MINMODE:MODE:      72      0.02964440     -0.04693877      0.05251545
MINMODE:MODE:      73      0.05619331      0.15316229      0.22493387
MINMODE:MODE:      74      0.00932167     -0.04884882      0.00869030
MINMODE:MODE:      75      0.09512372     -0.09008769      0.00729512
MINMODE:MODE:      76      0.04287959     -0.03593277     -0.00121656
MINMODE:MODE:      77     -0.09630120      0.04507101     -0.09478477
MINMODE:MODE:      78     -0.17125549      0.06361259     -0.17485469
MINMODE:MODE:      79     -0.10018084      0.00422863     -0.16762077
MINMODE:MODE: Optimization Step: 45
MINMODE:MODE: Order: 0
MINMODE:MODE:       0      0.00351247      0.00811171     -0.06765944
MINMODE:MODE:       1      0.00952085     -0.06736265     -0.01656822
MINMODE:MODE:       2      0.01292887     -0.02610696      0.03231808
MINMODE:MODE:       3      0.02074668     -0.00792497      0.05808066
MINMODE:MODE:       4     -0.00318392     -0.00516042      0.02334371
MINMODE:MODE:       5     -0.01798870      0.02431688      0.02618594
MINMODE:MODE:       6      0.02022654     -0.00237898      0.02090655
MINMODE:MODE:       7      0.00105586      0.02598382      0.02381978
MINMODE:MODE:       8     -0.05438551      0.08171988      0.03281324
MINMODE:MODE:       9     -0.09384241      0.10979784      0.03915626
MINMODE:MODE:      10     -0.07668739      0.08294154      0.03732359
MINMODE:MODE:      11      0.03168436     -0.02714018      0.03243711
MINMODE:MODE:      12      0.01455202     -0.04779919     -0.01836536
MINMODE:MODE:      13      0.03069227     -0.05693067     -0.01271087
MINMODE:MODE:      14      0.06429145     -0.04585730      0.04113910
MINMODE:MODE:      15      0.08142605     -0.02517886      0.09038881
MINMODE:MODE:      16      0.06664566     -0.01423954      0.08700426
MINMODE:MODE:      17     -0.01931170     -0.03867351     -0.02301349
MINMODE:MODE:      18     -0.00193079     -0.00671999     -0.03355651
MINMODE:MODE:      19      0.01391549      0.01082850     -0.02486331
MINMODE:MODE:      20      0.02537925      0.00498849     -0.00139495
MINMODE:MODE:      21      0.06763951      0.01494938      0.05999409
MINMODE:MODE:      22      0.08036373      0.02329844      0.06718160
MINMODE:MODE:      23      0.05049045      0.02165121      0.01646931
MINMODE:MODE:      24      0.00693923      0.01200000     -0.04479978
MINMODE:MODE:      25     -0.00806112      0.00413193     -0.05479247
MINMODE:MODE:      26     -0.02120637      0.01682943     -0.00411770
MINMODE:MODE:      27      0.01744013      0.05522559     -0.06787668
MINMODE:MODE:      28      0.01235998      0.05637494     -0.06416781
MINMODE:MODE:      29     -0.03580736      0.02004805      0.00116242
MINMODE:MODE:      30     -0.07757576     -0.01938836      0.06421660
MINMODE:MODE:      31     -0.07132275     -0.02084459      0.06037920
MINMODE:MODE:      32      0.04991334     -0.02747772      0.05068797
MINMODE:MODE:      33     -0.03393177     -0.00196082      0.03784033
MINMODE:MODE:      34      0.05926563     -0.01235851      0.05541695
MINMODE:MODE:      35      0.01332173      0.00651840      0.08995728
MINMODE:MODE:      36      0.06438216     -0.04955797      0.01749677
MINMODE:MODE:      37      0.02959758      0.00282998      0.01881208
MINMODE:MODE:      38     -0.06761801      0.10277421      0.03451051
MINMODE:MODE:      39     -0.13743210      0.15280805      0.04648676
MINMODE:MODE:      40     -0.10791014      0.10720940      0.04310201
MINMODE:MODE:      41     -0.01526534     -0.05692445     -0.06417163
MINMODE:MODE:      42      0.01720596     -0.07201926     -0.04992572
MINMODE:MODE:      43      0.07638381     -0.05352429      0.04500623
MINMODE:MODE:      44      0.10658345     -0.01687269      0.13139250
MINMODE:MODE:      45      0.08248163      0.00295618      0.12598705
MINMODE:MODE:      46     -0.03889913     -0.03021032     -0.02550130
MINMODE:MODE:      47     -0.03165879     -0.04665716     -0.02196408
MINMODE:MODE:      48     -0.01305391      0.00818754     -0.03943649
MINMODE:MODE:      49     -0.00044747     -0.01447206     -0.03073592
MINMODE:MODE:      50      0.08614280      0.01621753      0.10488781
MINMODE:MODE:      51      0.11265670      0.03021880      0.11323313
MINMODE:MODE:      52      0.06104645      0.02731140      0.02396998
MINMODE:MODE:      53     -0.01569969      0.01069202     -0.08496124
MINMODE:MODE:      54     -0.04578705     -0.00288911     -0.10761396
MINMODE:MODE:      55      0.04642603      0.07832504     -0.10837158
MINMODE:MODE:      56      0.04419385      0.08685711     -0.11156265
MINMODE:MODE:      57     -0.04138655      0.02278072      0.00458804
MINMODE:MODE:      58     -0.11650680     -0.04769299      0.11757389
MINMODE:MODE:      59     -0.10946170     -0.05022742      0.10694856
MINMODE:MODE:      60      0.02963448      0.03734316      0.04807702
MINMODE:MODE:      61      0.05260821      0.05806747      0.11113784
MINMODE:MODE:      62     -0.00494617     -0.07157072     -0.04697453
MINMODE:MODE:      63     -0.00430509     -0.08179053     -0.03999766
MINMODE:MODE:      64      0.03835955     -0.07210745     -0.15717623
MINMODE:MODE:      65      0.00357998     -0.17151915     -0.16545196
MINMODE:MODE:      66     -0.00053240     -0.04530919     -0.08310551
MINMODE:MODE:      67      0.03278628     -0.05362297     -0.03371290
MINMODE:MODE:      68      0.00567970     -0.02579228     -0.03885463
MINMODE:MODE:      69     -0.06881898      0.02034834     -0.09036505
MINMODE:MODE:      70     -0.10729480      0.03015324     -0.13851654
MINMODE:MODE:      71     -0.06710385     -0.00421170     -0.13309545
MINMODE:MODE:      72      0.02898263     -0.04693159      0.05521544
MINMODE:MODE:      73      0.05400154      0.15418749      0.22976680
MINMODE:MODE:      74      0.00984107     -0.04746304      0.01100105
MINMODE:MODE:      75      0.09417028     -0.09096269      0.00677199
MINMODE:MODE:      76      0.04231345     -0.03621241     -0.00129313
MINMODE:MODE:      77     -0.09555019      0.04546542     -0.09438829
MINMODE:MODE:      78     -0.16950135      0.06362749     -0.17491074
MINMODE:MODE:      79     -0.09895408      0.00396804     -0.16821452
MINMODE:MODE: Optimization Step: 46
MINMODE:MODE: Order: 0
MINMODE:MODE:       0      0.00350088      0.00886556     -0.06867354
MINMODE:MODE:       1      0.01017308     -0.06704815     -0.01256963
MINMODE:MODE:       2      0.01334896     -0.02663967      0.03312501
MINMODE:MODE:       3      0.02061205     -0.00776518      0.05863439
MINMODE:MODE:       4     -0.00350329     -0.00515499      0.02343636
MINMODE:MODE:       5     -0.01822617      0.02435044      0.02620925
MINMODE:MODE:       6      0.02054969     -0.00246702      0.02091403
MINMODE:MODE:       7      0.00120000      0.02608196      0.02384348
MINMODE:MODE:       8     -0.05469033      0.08195868      0.03285307
MINMODE:MODE:       9     -0.09441284      0.10994445      0.03917507
MINMODE:MODE:      10     -0.07726432      0.08306687      0.03737642
MINMODE:MODE:      11      0.03171320     -0.02741763      0.03277589
MINMODE:MODE:      12      0.01451930     -0.04833126     -0.01837620
MINMODE:MODE:      13      0.03072988     -0.05738746     -0.01259832
MINMODE:MODE:      14      0.06438303     -0.04612124      0.04145122
MINMODE:MODE:      15      0.08151547     -0.02525747      0.09094181
MINMODE:MODE:      16      0.06681770     -0.01424783      0.08765629
MINMODE:MODE:      17     -0.01932319     -0.03923898     -0.02188657
MINMODE:MODE:      18     -0.00171423     -0.00646641     -0.03364964
MINMODE:MODE:      19      0.01448938      0.01107966     -0.02504857
MINMODE:MODE:      20      0.02576879      0.00502147     -0.00149643
MINMODE:MODE:      21      0.06830828      0.01508726      0.06007028
MINMODE:MODE:      22      0.08096344      0.02345241      0.06715753
MINMODE:MODE:      23      0.05086791      0.02171336      0.01640203
MINMODE:MODE:      24      0.00693636      0.01193426     -0.04508701
MINMODE:MODE:      25     -0.00821774      0.00403780     -0.05520825
MINMODE:MODE:      26     -0.02100022      0.01700127     -0.00388784
MINMODE:MODE:      27      0.01748430      0.05574843     -0.06792751
MINMODE:MODE:      28      0.01239002      0.05681733     -0.06420561
MINMODE:MODE:      29     -0.03573443      0.02010971      0.00123596
MINMODE:MODE:      30     -0.07739474     -0.01968548      0.06454056
MINMODE:MODE:      31     -0.07128645     -0.02123711      0.06087233
MINMODE:MODE:      32      0.05099987     -0.02813208      0.05149302
MINMODE:MODE:      33     -0.03364913     -0.00207493      0.03848860
MINMODE:MODE:      34      0.05955199     -0.01205341      0.05592175
MINMODE:MODE:      35      0.01328241      0.00693784      0.09050509
MINMODE:MODE:      36      0.06496480     -0.04960916      0.01758685
MINMODE:MODE:      37      0.02987090      0.00297038      0.01881395
MINMODE:MODE:      38     -0.06797317      0.10304682      0.03453022
MINMODE:MODE:      39     -0.13829709      0.15302479      0.04654537
MINMODE:MODE:      40     -0.10861828      0.10730188      0.04319163
MINMODE:MODE:      41     -0.01537524     -0.05774419     -0.06426693
MINMODE:MODE:      42      0.01728113     -0.07260666     -0.04996431
MINMODE:MODE:      43      0.07653901     -0.05379072      0.04537426
MINMODE:MODE:      44      0.10671366     -0.01681239      0.13208148
MINMODE:MODE:      45      0.08274524      0.00307200      0.12662168
MINMODE:MODE:      46     -0.03937369     -0.03083254     -0.02461076
MINMODE:MODE:      47     -0.03204953     -0.04738996     -0.02067302
MINMODE:MODE:      48     -0.01309590      0.00880229     -0.03972192
MINMODE:MODE:      49     -0.00047190     -0.01430248     -0.03081389
MINMODE:MODE:      50      0.08676303      0.01645967      0.10498381
MINMODE:MODE:      51      0.11348493      0.03046175      0.11332625
MINMODE:MODE:      52      0.06146078      0.02736283      0.02393925
MINMODE:MODE:      53     -0.01587006      0.01054256     -0.08531334
MINMODE:MODE:      54     -0.04612196     -0.00315077     -0.10807475
MINMODE:MODE:      55      0.04574440      0.07841954     -0.10767875
MINMODE:MODE:      56      0.04410336      0.08744791     -0.11158513
MINMODE:MODE:      57     -0.04135071      0.02282278      0.00471157
MINMODE:MODE:      58     -0.11630266     -0.04826135      0.11806385
MINMODE:MODE:      59     -0.10930145     -0.05070406      0.10718049
MINMODE:MODE:      60      0.02963788      0.03932156      0.04890161
MINMODE:MODE:      61      0.05262343      0.05968296      0.11223349
MINMODE:MODE:      62     -0.00517302     -0.07229470     -0.04821678
MINMODE:MODE:      63     -0.00427737     -0.08272464     -0.04200794
MINMODE:MODE:      64      0.03789491     -0.07274953     -0.16021321
MINMODE:MODE:      65      0.00425296     -0.16258847     -0.16078961
MINMODE:MODE:      66     -0.00130213     -0.04547746     -0.08410638
MINMODE:MODE:      67      0.03261641     -0.05427352     -0.03466255
MINMODE:MODE:      68      0.00572729     -0.02615735     -0.03934880
MINMODE:MODE:      69     -0.06887577      0.02063109     -0.09105662
MINMODE:MODE:      70     -0.10712886      0.03043940     -0.13953736
MINMODE:MODE:      71     -0.06718615     -0.00431914     -0.13404062
MINMODE:MODE:      72      0.02786843     -0.04925200      0.05094525
MINMODE:MODE:      73      0.05049637      0.14752085      0.22646513
MINMODE:MODE:      74      0.01090103     -0.04601981      0.01311466
MINMODE:MODE:      75      0.09369471     -0.09240876      0.00610496
MINMODE:MODE:      76      0.04210363     -0.03669679     -0.00143690
MINMODE:MODE:      77     -0.09551288      0.04633848     -0.09472662
MINMODE:MODE:      78     -0.16910492      0.06434191     -0.17626124
MINMODE:MODE:      79     -0.09841444      0.00367255     -0.17007264
MINMODE:MODE: Optimization Step: 47
MINMODE:MODE: Order: 0
MINMODE:MODE:       0      0.00377353      0.00901715     -0.06893697
MINMODE:MODE:       1      0.01033080     -0.06778044     -0.01106475
MINMODE:MODE:       2      0.01366787     -0.02728597      0.03481006
MINMODE:MODE:       3      0.02055406     -0.00775139      0.06019695
MINMODE:MODE:       4     -0.00323656     -0.00546466      0.02363004
MINMODE:MODE:       5     -0.01898027      0.02481038      0.02659971
MINMODE:MODE:       6      0.02105877     -0.00255353      0.02118927
MINMODE:MODE:       7      0.00141622      0.02644315      0.02408595
MINMODE:MODE:       8     -0.05563709      0.08309830      0.03320311
MINMODE:MODE:       9     -0.09622634      0.11117683      0.03954723
MINMODE:MODE:      10     -0.07889735      0.08403391      0.03778371
MINMODE:MODE:      11      0.03215218     -0.02804774      0.03346596
MINMODE:MODE:      12      0.01462564     -0.04954020     -0.01859377
MINMODE:MODE:      13      0.03105508     -0.05861604     -0.01255701
MINMODE:MODE:      14      0.06513403     -0.04696192      0.04236021
MINMODE:MODE:      15      0.08246265     -0.02561726      0.09269243
MINMODE:MODE:      16      0.06775777     -0.01445858      0.08940260
MINMODE:MODE:      17     -0.01924298     -0.04013404     -0.02041026
MINMODE:MODE:      18     -0.00140608     -0.00626649     -0.03381807
MINMODE:MODE:      19      0.01474974      0.01082922     -0.02549867
MINMODE:MODE:      20      0.02668852      0.00514538     -0.00164921
MINMODE:MODE:      21      0.06998000      0.01545924      0.06067716
MINMODE:MODE:      22      0.08272577      0.02390042      0.06772604
MINMODE:MODE:      23      0.05190725      0.02201364      0.01643352
MINMODE:MODE:      24      0.00702139      0.01197347     -0.04599692
MINMODE:MODE:      25     -0.00844027      0.00398166     -0.05627752
MINMODE:MODE:      26     -0.02087259      0.01738613     -0.00383149
MINMODE:MODE:      27      0.01755564      0.05675276     -0.06839451
MINMODE:MODE:      28      0.01251394      0.05794899     -0.06470835
MINMODE:MODE:      29     -0.03591089      0.02046653      0.00130073
MINMODE:MODE:      30     -0.07788771     -0.02031979      0.06574728
MINMODE:MODE:      31     -0.07183095     -0.02184999      0.06200469
MINMODE:MODE:      32      0.05281566     -0.02882864      0.05331393
MINMODE:MODE:      33     -0.03297224     -0.00264279      0.04019105
MINMODE:MODE:      34      0.06033189     -0.01193041      0.05736263
MINMODE:MODE:      35      0.01328160      0.00775809      0.09222938
MINMODE:MODE:      36      0.06639402     -0.05022822      0.01784348
MINMODE:MODE:      37      0.03061990      0.00321230      0.01895379
MINMODE:MODE:      38     -0.06918258      0.10446729      0.03485563
MINMODE:MODE:      39     -0.14099107      0.15476056      0.04702145
MINMODE:MODE:      40     -0.11081807      0.10845448      0.04372304
MINMODE:MODE:      41     -0.01565340     -0.05952660     -0.06503855
MINMODE:MODE:      42      0.01752937     -0.07420817     -0.05048438
MINMODE:MODE:      43      0.07745523     -0.05473799      0.04641097
MINMODE:MODE:      44      0.10790014     -0.01688272      0.13444281
MINMODE:MODE:      45      0.08391952      0.00326330      0.12889268
MINMODE:MODE:      46     -0.04003974     -0.03160180     -0.02329482
MINMODE:MODE:      47     -0.03323716     -0.04916264     -0.01853465
MINMODE:MODE:      48     -0.01333859      0.00986219     -0.04054754
MINMODE:MODE:      49     -0.00056825     -0.01395517     -0.03108189
MINMODE:MODE:      50      0.08873907      0.01700367      0.10612192
MINMODE:MODE:      51      0.11589815      0.03112780      0.11448830
MINMODE:MODE:      52      0.06272093      0.02769049      0.02410292
MINMODE:MODE:      53     -0.01630710      0.01040159     -0.08669085
MINMODE:MODE:      54     -0.04709658     -0.00355797     -0.10980928
MINMODE:MODE:      55      0.04529868      0.07933938     -0.10769868
MINMODE:MODE:      56      0.04439149      0.08921764     -0.11260172
MINMODE:MODE:      57     -0.04163479      0.02314759      0.00494944
MINMODE:MODE:      58     -0.11706574     -0.04959161      0.11996171
MINMODE:MODE:      59     -0.11008146     -0.05188499      0.10863273
MINMODE:MODE:      60      0.03006240      0.04134822      0.04953639
MINMODE:MODE:      61      0.05324769      0.06242079      0.11563065
MINMODE:MODE:      62     -0.00533649     -0.07293940     -0.05048362
MINMODE:MODE:      63     -0.00444812     -0.08453496     -0.04332607
MINMODE:MODE:      64      0.03802171     -0.07046338     -0.16001439
MINMODE:MODE:      65      0.00727642     -0.14447659     -0.14803140
MINMODE:MODE:      66     -0.00317894     -0.04508687     -0.08553660
MINMODE:MODE:      67      0.03300304     -0.05528783     -0.03668109
MINMODE:MODE:      68      0.00599499     -0.02661951     -0.04071718
MINMODE:MODE:      69     -0.06948999      0.02120349     -0.09285255
MINMODE:MODE:      70     -0.10834563      0.03124875     -0.14141626
MINMODE:MODE:      71     -0.06871931     -0.00407109     -0.13558608
MINMODE:MODE:      72      0.02711538     -0.05285124      0.04404431
MINMODE:MODE:      73      0.04331820      0.12435556      0.20628323
MINMODE:MODE:      74      0.01373375     -0.04239741      0.01665407
MINMODE:MODE:      75      0.09380860     -0.09504787      0.00501517
MINMODE:MODE:      76      0.04239091     -0.03751545     -0.00186554
MINMODE:MODE:      77     -0.09640540      0.04811117     -0.09617466
MINMODE:MODE:      78     -0.17023736      0.06638418     -0.17926518
MINMODE:MODE:      79     -0.09868251      0.00346366     -0.17404787
MINMODE:MODE: Optimization Step: 48
MINMODE:MODE: Order: 0
MINMODE:MODE:       0      0.00376610      0.00885596     -0.06816732
MINMODE:MODE:       1      0.01036240     -0.06765204     -0.01012392
MINMODE:MODE:       2      0.01345440     -0.02722242      0.03522732
MINMODE:MODE:       3      0.02051337     -0.00779287      0.06061459
MINMODE:MODE:       4     -0.00304101     -0.00569153      0.02365269
MINMODE:MODE:       5     -0.01922260      0.02496703      0.02670807
MINMODE:MODE:       6      0.02107899     -0.00254249      0.02123442
MINMODE:MODE:       7      0.00151693      0.02651537      0.02406274
MINMODE:MODE:       8     -0.05584418      0.08316513      0.03316097
MINMODE:MODE:       9     -0.09660025      0.11119873      0.03951396
MINMODE:MODE:      10     -0.07932595      0.08403990      0.03778888
MINMODE:MODE:      11      0.03228140     -0.02817557      0.03350689
MINMODE:MODE:      12      0.01461225     -0.04984937     -0.01859952
MINMODE:MODE:      13      0.03107816     -0.05889243     -0.01250198
MINMODE:MODE:      14      0.06514526     -0.04713473      0.04261690
MINMODE:MODE:      15      0.08253469     -0.02563569      0.09302825
MINMODE:MODE:      16      0.06787187     -0.01450044      0.08974032
MINMODE:MODE:      17     -0.01899797     -0.04008497     -0.01996303
MINMODE:MODE:      18     -0.00128480     -0.00622517     -0.03363479
MINMODE:MODE:      19      0.01473386      0.01048874     -0.02549927
MINMODE:MODE:      20      0.02691651      0.00519988     -0.00168401
MINMODE:MODE:      21      0.07044393      0.01558780      0.06061500
MINMODE:MODE:      22      0.08315148      0.02402144      0.06766127
MINMODE:MODE:      23      0.05218099      0.02202921      0.01631425
MINMODE:MODE:      24      0.00700654      0.01191317     -0.04618051
MINMODE:MODE:      25     -0.00843617      0.00391523     -0.05649143
MINMODE:MODE:      26     -0.02084810      0.01738746     -0.00391972
MINMODE:MODE:      27      0.01743011      0.05684165     -0.06815914
MINMODE:MODE:      28      0.01245907      0.05815426     -0.06464375
MINMODE:MODE:      29     -0.03578378      0.02055051      0.00145098
MINMODE:MODE:      30     -0.07775465     -0.02053105      0.06593417
MINMODE:MODE:      31     -0.07163343     -0.02197999      0.06216522
MINMODE:MODE:      32      0.05323734     -0.02879847      0.05392979
MINMODE:MODE:      33     -0.03261070     -0.00295019      0.04062796
MINMODE:MODE:      34      0.06031086     -0.01195126      0.05784115
MINMODE:MODE:      35      0.01322594      0.00808694      0.09261693
MINMODE:MODE:      36      0.06667771     -0.05028990      0.01785678
MINMODE:MODE:      37      0.03084326      0.00329391      0.01892704
MINMODE:MODE:      38     -0.06940125      0.10461997      0.03481429
MINMODE:MODE:      39     -0.14156260      0.15477770      0.04696876
MINMODE:MODE:      40     -0.11133820      0.10844616      0.04372989
MINMODE:MODE:      41     -0.01569816     -0.06005091     -0.06509021
MINMODE:MODE:      42      0.01751891     -0.07457668     -0.05047495
MINMODE:MODE:      43      0.07748631     -0.05491160      0.04667184
MINMODE:MODE:      44      0.10793420     -0.01683723      0.13488913
MINMODE:MODE:      45      0.08404269      0.00332154      0.12935912
MINMODE:MODE:      46     -0.04004469     -0.03175027     -0.02253148
MINMODE:MODE:      47     -0.03365020     -0.04955179     -0.01764775
MINMODE:MODE:      48     -0.01340465      0.01025626     -0.04068924
MINMODE:MODE:      49     -0.00057012     -0.01364693     -0.03097405
MINMODE:MODE:      50      0.08926845      0.01718727      0.10610449
MINMODE:MODE:      51      0.11648051      0.03127458      0.11443323
MINMODE:MODE:      52      0.06300416      0.02770627      0.02405446
MINMODE:MODE:      53     -0.01644030      0.01029025     -0.08692852
MINMODE:MODE:      54     -0.04730302     -0.00368938     -0.11006330
MINMODE:MODE:      55      0.04495398      0.07933532     -0.10716043
MINMODE:MODE:      56      0.04431448      0.08957033     -0.11249014
MINMODE:MODE:      57     -0.04152524      0.02320742      0.00503293
MINMODE:MODE:      58     -0.11684291     -0.04996078      0.12026240
MINMODE:MODE:      59     -0.10986286     -0.05215641      0.10880689
MINMODE:MODE:      60      0.03012298      0.04157793      0.04907130
MINMODE:MODE:      61      0.05342816      0.06250023      0.11706479
MINMODE:MODE:      62     -0.00533656     -0.07203405     -0.05022046
MINMODE:MODE:      63     -0.00453579     -0.08499136     -0.04336899
MINMODE:MODE:      64      0.03837396     -0.07006181     -0.15666548
MINMODE:MODE:      65      0.00631656     -0.14423045     -0.15086575
MINMODE:MODE:      66     -0.00379790     -0.04492000     -0.08645846
MINMODE:MODE:      67      0.03298000     -0.05508581     -0.03729056
MINMODE:MODE:      68      0.00616750     -0.02652103     -0.04131478
MINMODE:MODE:      69     -0.06947417      0.02141754     -0.09313110
MINMODE:MODE:      70     -0.10844081      0.03159297     -0.14137620
MINMODE:MODE:      71     -0.06913764     -0.00374276     -0.13583368
MINMODE:MODE:      72      0.02690220     -0.05435462      0.03973909
MINMODE:MODE:      73      0.04235948      0.12129249      0.20288360
MINMODE:MODE:      74      0.01416557     -0.04002575      0.01748274
MINMODE:MODE:      75      0.09343682     -0.09543826      0.00440939
MINMODE:MODE:      76      0.04247077     -0.03748672     -0.00221168
MINMODE:MODE:      77     -0.09635846      0.04858379     -0.09634835
MINMODE:MODE:      78     -0.16999259      0.06714099     -0.17923829
MINMODE:MODE:      79     -0.09845942      0.00361387     -0.17463261
MINMODE:MODE: Optimization Step: 49
MINMODE:MODE: Order: 0
MINMODE:MODE:       0      0.00384215      0.00937937     -0.06628299
MINMODE:MODE:       1      0.01013248     -0.06737125     -0.01058822
MINMODE:MODE:       2      0.01311570     -0.02680594      0.03545726
MINMODE:MODE:       3      0.02025848     -0.00774579      0.06062505
MINMODE:MODE:       4     -0.00343724     -0.00575908      0.02384531
MINMODE:MODE:       5     -0.01927210      0.02475518      0.02650547
MINMODE:MODE:       6      0.02100512     -0.00244005      0.02104275
MINMODE:MODE:       7      0.00157766      0.02634100      0.02377077
MINMODE:MODE:       8     -0.05547571      0.08235002      0.03273508
MINMODE:MODE:       9     -0.09621872      0.11000918      0.03902413
MINMODE:MODE:      10     -0.07909659      0.08315224      0.03741467
MINMODE:MODE:      11      0.03204704     -0.02815139      0.03344591
MINMODE:MODE:      12      0.01446526     -0.04983428     -0.01837572
MINMODE:MODE:      13      0.03074888     -0.05869365     -0.01224524
MINMODE:MODE:      14      0.06446544     -0.04686402      0.04247185
MINMODE:MODE:      15      0.08172375     -0.02538267      0.09249280
MINMODE:MODE:      16      0.06726984     -0.01438498      0.08918670
MINMODE:MODE:      17     -0.01855830     -0.03958874     -0.01902800
MINMODE:MODE:      18     -0.00115585     -0.00610878     -0.03297054
MINMODE:MODE:      19      0.01534399      0.01032968     -0.02503244
MINMODE:MODE:      20      0.02696092      0.00513067     -0.00186042
MINMODE:MODE:      21      0.07031436      0.01563297      0.05985303
MINMODE:MODE:      22      0.08290885      0.02394383      0.06676691
MINMODE:MODE:      23      0.05199370      0.02183256      0.01598635
MINMODE:MODE:      24      0.00697393      0.01166087     -0.04597941
MINMODE:MODE:      25     -0.00835537      0.00373927     -0.05614623
MINMODE:MODE:      26     -0.02049579      0.01718581     -0.00367543
MINMODE:MODE:      27      0.01694905      0.05635223     -0.06708741
MINMODE:MODE:      28      0.01226992      0.05784455     -0.06379471
MINMODE:MODE:      29     -0.03525118      0.02039203      0.00157068
MINMODE:MODE:      30     -0.07659921     -0.02061678      0.06548691
MINMODE:MODE:      31     -0.07053687     -0.02201471      0.06166115
MINMODE:MODE:      32      0.05308730     -0.02837379      0.05429920
MINMODE:MODE:      33     -0.03179413     -0.00334797      0.04078195
MINMODE:MODE:      34      0.05965636     -0.01185915      0.05795921
MINMODE:MODE:      35      0.01303415      0.00839355      0.09227656
MINMODE:MODE:      36      0.06643842     -0.04976152      0.01766067
MINMODE:MODE:      37      0.03088860      0.00340650      0.01867710
MINMODE:MODE:      38     -0.06898419      0.10366257      0.03434221
MINMODE:MODE:      39     -0.14091110      0.15303898      0.04636576
MINMODE:MODE:      40     -0.11098198      0.10716190      0.04327473
MINMODE:MODE:      41     -0.01556987     -0.06027879     -0.06442410
MINMODE:MODE:      42      0.01733897     -0.07434141     -0.04990749
MINMODE:MODE:      43      0.07667996     -0.05455612      0.04655999
MINMODE:MODE:      44      0.10681921     -0.01654243      0.13406161
MINMODE:MODE:      45      0.08327285      0.00343366      0.12864772
MINMODE:MODE:      46     -0.03954824     -0.03152452     -0.02117141
MINMODE:MODE:      47     -0.03385682     -0.04941563     -0.01624017
MINMODE:MODE:      48     -0.01337431      0.01059830     -0.04031162
MINMODE:MODE:      49     -0.00058662     -0.01303151     -0.03050009
MINMODE:MODE:      50      0.08914189      0.01732636      0.10487135
MINMODE:MODE:      51      0.11612050      0.03118801      0.11307580
MINMODE:MODE:      52      0.06275644      0.02741747      0.02368879
MINMODE:MODE:      53     -0.01649196      0.00996180     -0.08632219
MINMODE:MODE:      54     -0.04709767     -0.00392423     -0.10925338
MINMODE:MODE:      55      0.04369946      0.07849572     -0.10495754
MINMODE:MODE:      56      0.04358845      0.08913392     -0.11106986
MINMODE:MODE:      57     -0.04086929      0.02305886      0.00513920
MINMODE:MODE:      58     -0.11516439     -0.05004645      0.11936655
MINMODE:MODE:      59     -0.10820514     -0.05211623      0.10786305
MINMODE:MODE:      60      0.02993434      0.04071213      0.04874077
MINMODE:MODE:      61      0.05311675      0.06197325      0.11778325
MINMODE:MODE:      62     -0.00542545     -0.07020960     -0.04959701
MINMODE:MODE:      63     -0.00465099     -0.08420668     -0.04195356
MINMODE:MODE:      64      0.03770112     -0.07000286     -0.15382728
MINMODE:MODE:      65      0.00247364     -0.15533047     -0.16474351
MINMODE:MODE:      66     -0.00419776     -0.04535639     -0.08869396
MINMODE:MODE:      67      0.03204513     -0.05476638     -0.03775082
MINMODE:MODE:      68      0.00613893     -0.02622121     -0.04135799
MINMODE:MODE:      69     -0.06861472      0.02166560     -0.09256027
MINMODE:MODE:      70     -0.10690312      0.03194599     -0.14073316
MINMODE:MODE:      71     -0.06814094     -0.00384749     -0.13661774
MINMODE:MODE:      72      0.02668210     -0.05479694      0.03570101
MINMODE:MODE:      73      0.04338799      0.13266046      0.21279469
MINMODE:MODE:      74      0.01346982     -0.03728292      0.01787891
MINMODE:MODE:      75      0.09178196     -0.09517653      0.00332639
MINMODE:MODE:      76      0.04212473     -0.03719616     -0.00275334
MINMODE:MODE:      77     -0.09523889      0.04870734     -0.09547666
MINMODE:MODE:      78     -0.16762356      0.06748594     -0.17739991
MINMODE:MODE:      79     -0.09706151      0.00381572     -0.17378942
MINMODE:MODE: Optimization Step: 50
MINMODE:MODE: Order: 0
MINMODE:MODE:       0      0.00358029      0.01186006     -0.06485754
MINMODE:MODE:       1      0.00989228     -0.06789231     -0.01223294
MINMODE:MODE:       2      0.01304774     -0.02615459      0.03463823
MINMODE:MODE:       3      0.01940533     -0.00725536      0.05925471
MINMODE:MODE:       4     -0.00578587     -0.00498412      0.02439981
MINMODE:MODE:       5     -0.01864036      0.02332025      0.02536387
MINMODE:MODE:       6      0.02043598     -0.00204268      0.02026673
MINMODE:MODE:       7      0.00145944      0.02532394      0.02286090
MINMODE:MODE:       8     -0.05348667      0.07928475      0.03136908
MINMODE:MODE:       9     -0.09340161      0.10569234      0.03735920
MINMODE:MODE:      10     -0.07659458      0.07985771      0.03591934
MINMODE:MODE:      11      0.03045490     -0.02771784      0.03314989
MINMODE:MODE:      12      0.01388523     -0.04877443     -0.01743757
MINMODE:MODE:      13      0.02935179     -0.05710376     -0.01147118
MINMODE:MODE:      14      0.06198109     -0.04536443      0.04115148
MINMODE:MODE:      15      0.07842797     -0.02458800      0.08960039
MINMODE:MODE:      16      0.06451299     -0.01397491      0.08629280
MINMODE:MODE:      17     -0.01811001     -0.03849903     -0.01739963
MINMODE:MODE:      18     -0.00092692     -0.00553930     -0.03133676
MINMODE:MODE:      19      0.01790006      0.01135265     -0.02348367
MINMODE:MODE:      20      0.02661113      0.00474024     -0.00239515
MINMODE:MODE:      21      0.06824762      0.01522038      0.05713236
MINMODE:MODE:      22      0.08064831      0.02312458      0.06379911
MINMODE:MODE:      23      0.05034540      0.02104351      0.01515101
MINMODE:MODE:      24      0.00697776      0.01105199     -0.04469771
MINMODE:MODE:      25     -0.00792292      0.00341252     -0.05419210
MINMODE:MODE:      26     -0.01897238      0.01661309     -0.00217084
MINMODE:MODE:      27      0.01563753      0.05415315     -0.06353065
MINMODE:MODE:      28      0.01195940      0.05589816     -0.06081850
MINMODE:MODE:      29     -0.03372406      0.01957967      0.00144153
MINMODE:MODE:      30     -0.07278775     -0.02004478      0.06334948
MINMODE:MODE:      31     -0.06689394     -0.02139846      0.05922680
MINMODE:MODE:      32      0.05192802     -0.02761893      0.05381843
MINMODE:MODE:      33     -0.03050183     -0.00331403      0.03965556
MINMODE:MODE:      34      0.05774165     -0.01118949      0.05674449
MINMODE:MODE:      35      0.01245492      0.00860496      0.08996061
MINMODE:MODE:      36      0.06469493     -0.04799670      0.01703384
MINMODE:MODE:      37      0.03024143      0.00344049      0.01800543
MINMODE:MODE:      38     -0.06671996      0.09982370      0.03285692
MINMODE:MODE:      39     -0.13650431      0.14696505      0.04433694
MINMODE:MODE:      40     -0.10805160      0.10270606      0.04148003
MINMODE:MODE:      41     -0.01525980     -0.05951593     -0.06165922
MINMODE:MODE:      42      0.01662502     -0.07224211     -0.04784251
MINMODE:MODE:      43      0.07373752     -0.05269231      0.04529078
MINMODE:MODE:      44      0.10272155     -0.01572107      0.12965843
MINMODE:MODE:      45      0.08026727      0.00357668      0.12475627
MINMODE:MODE:      46     -0.03829179     -0.03103931     -0.01835927
MINMODE:MODE:      47     -0.03288723     -0.04708543     -0.01456775
MINMODE:MODE:      48     -0.01301511      0.01086180     -0.03857383
MINMODE:MODE:      49     -0.00073616     -0.01192264     -0.02904592
MINMODE:MODE:      50      0.08690284      0.01700514      0.10067538
MINMODE:MODE:      51      0.11278957      0.03026088      0.10847198
MINMODE:MODE:      52      0.06093498      0.02638674      0.02259362
MINMODE:MODE:      53     -0.01617393      0.00932266     -0.08348278
MINMODE:MODE:      54     -0.04565272     -0.00423619     -0.10586401
MINMODE:MODE:      55      0.04053002      0.07535478     -0.09870542
MINMODE:MODE:      56      0.04135308      0.08611075     -0.10632961
MINMODE:MODE:      57     -0.03898580      0.02226959      0.00513257
MINMODE:MODE:      58     -0.10997409     -0.04889593      0.11515477
MINMODE:MODE:      59     -0.10322297     -0.05091676      0.10417201
MINMODE:MODE:      60      0.02825811      0.03910641      0.04834727
MINMODE:MODE:      61      0.05213599      0.06137660      0.11798465
MINMODE:MODE:      62     -0.00575326     -0.06740423     -0.04767814
MINMODE:MODE:      63     -0.00469339     -0.08047589     -0.03912448
MINMODE:MODE:      64      0.03304245     -0.07269234     -0.16198112
MINMODE:MODE:      65     -0.00572801     -0.18203107     -0.19336850
MINMODE:MODE:      66     -0.00399361     -0.04718590     -0.09264937
MINMODE:MODE:      67      0.02817527     -0.05450589     -0.03800046
MINMODE:MODE:      68      0.00520439     -0.02573550     -0.03988256
MINMODE:MODE:      69     -0.06524762      0.02168962     -0.09021095
MINMODE:MODE:      70     -0.10059282      0.03143457     -0.13939247
MINMODE:MODE:      71     -0.06265881     -0.00573881     -0.13803576
MINMODE:MODE:      72      0.02623594     -0.05087784      0.03960513
MINMODE:MODE:      73      0.04650862      0.17348752      0.25275677
MINMODE:MODE:      74      0.01011673     -0.03533511      0.01785828
MINMODE:MODE:      75      0.08668430     -0.09427396      0.00173084
MINMODE:MODE:      76      0.04037527     -0.03656489     -0.00290943
MINMODE:MODE:      77     -0.09104066      0.04837966     -0.09216369
MINMODE:MODE:      78     -0.15921089      0.06587725     -0.17321107
MINMODE:MODE:      79     -0.09227869      0.00297236     -0.17074517
MINMODE:MODE: Optimization Step: 51
MINMODE:MODE: Order: 0
MINMODE:MODE:       0      0.00306604      0.01573935     -0.06242393
MINMODE:MODE:       1      0.01013730     -0.06786463     -0.01027883
MINMODE:MODE:       2      0.01324286     -0.02580740      0.03370350
MINMODE:MODE:       3      0.01841337     -0.00663704      0.05718186
MINMODE:MODE:       4     -0.00799706     -0.00407993      0.02459309
MINMODE:MODE:       5     -0.01747128      0.02182675      0.02415048
MINMODE:MODE:       6      0.01979584     -0.00189620      0.01933295
MINMODE:MODE:       7      0.00150781      0.02426013      0.02182851
MINMODE:MODE:       8     -0.05112090      0.07549582      0.02977679
MINMODE:MODE:       9     -0.08945582      0.10065808      0.03549023
MINMODE:MODE:      10     -0.07334774      0.07582246      0.03418017
MINMODE:MODE:      11      0.02859054     -0.02698437      0.03248943
MINMODE:MODE:      12      0.01303428     -0.04719427     -0.01620167
MINMODE:MODE:      13      0.02774907     -0.05504738     -0.01063135
MINMODE:MODE:      14      0.05887214     -0.04350742      0.03955395
MINMODE:MODE:      15      0.07443417     -0.02354699      0.08586868
MINMODE:MODE:      16      0.06103268     -0.01340765      0.08282709
MINMODE:MODE:      17     -0.01764745     -0.03746390     -0.01535165
MINMODE:MODE:      18     -0.00066201     -0.00490875     -0.02968445
MINMODE:MODE:      19      0.02003958      0.01249597     -0.02211574
MINMODE:MODE:      20      0.02578626      0.00447318     -0.00253952
MINMODE:MODE:      21      0.06562328      0.01461715      0.05401280
MINMODE:MODE:      22      0.07739755      0.02211713      0.06047812
MINMODE:MODE:      23      0.04836019      0.02001943      0.01416343
MINMODE:MODE:      24      0.00670901      0.01038193     -0.04288236
MINMODE:MODE:      25     -0.00743381      0.00310027     -0.05192098
MINMODE:MODE:      26     -0.01749968      0.01601850     -0.00093498
MINMODE:MODE:      27      0.01448741      0.05188154     -0.05955887
MINMODE:MODE:      28      0.01144757      0.05355524     -0.05757569
MINMODE:MODE:      29     -0.03175456      0.01874954      0.00151737
MINMODE:MODE:      30     -0.06858605     -0.01934398      0.06053453
MINMODE:MODE:      31     -0.06280084     -0.02066806      0.05675239
MINMODE:MODE:      32      0.05080443     -0.02722699      0.05258755
MINMODE:MODE:      33     -0.02915970     -0.00290774      0.03807828
MINMODE:MODE:      34      0.05575815     -0.01002131      0.05474644
MINMODE:MODE:      35      0.01168039      0.00879639      0.08669825
MINMODE:MODE:      36      0.06233239     -0.04583192      0.01633344
MINMODE:MODE:      37      0.02912788      0.00337816      0.01726576
MINMODE:MODE:      38     -0.06378542      0.09522651      0.03122198
MINMODE:MODE:      39     -0.13070505      0.13994636      0.04212008
MINMODE:MODE:      40     -0.10387098      0.09764275      0.03941593
MINMODE:MODE:      41     -0.01501425     -0.05792171     -0.05865506
MINMODE:MODE:      42      0.01575243     -0.06944711     -0.04534432
MINMODE:MODE:      43      0.07023295     -0.05036588      0.04355834
MINMODE:MODE:      44      0.09772415     -0.01486812      0.12412225
MINMODE:MODE:      45      0.07663396      0.00362543      0.11962589
MINMODE:MODE:      46     -0.03718553     -0.03060633     -0.01584702
MINMODE:MODE:      47     -0.03132281     -0.04447864     -0.01300519
MINMODE:MODE:      48     -0.01243916      0.01112263     -0.03665653
MINMODE:MODE:      49     -0.00086501     -0.01108026     -0.02746065
MINMODE:MODE:      50      0.08349002      0.01638150      0.09583467
MINMODE:MODE:      51      0.10821264      0.02897322      0.10315310
MINMODE:MODE:      52      0.05845976      0.02514710      0.02140702
MINMODE:MODE:      53     -0.01556110      0.00871937     -0.07988850
MINMODE:MODE:      54     -0.04373022     -0.00441712     -0.10149909
MINMODE:MODE:      55      0.03734750      0.07147955     -0.09198959
MINMODE:MODE:      56      0.03900873      0.08227634     -0.10079634
MINMODE:MODE:      57     -0.03691831      0.02128114      0.00503587
MINMODE:MODE:      58     -0.10402800     -0.04707503      0.11003228
MINMODE:MODE:      59     -0.09779291     -0.04907176      0.09954620
MINMODE:MODE:      60      0.02706236      0.03982133      0.05153514
MINMODE:MODE:      61      0.04961132      0.06188997      0.11370875
MINMODE:MODE:      62     -0.00606009     -0.06664532     -0.04693944
MINMODE:MODE:      63     -0.00458194     -0.07596735     -0.03787355
MINMODE:MODE:      64      0.02814506     -0.07587304     -0.17374058
MINMODE:MODE:      65     -0.01401630     -0.20451522     -0.21995782
MINMODE:MODE:      66     -0.00361802     -0.04854853     -0.09510673
MINMODE:MODE:      67      0.02441818     -0.05409134     -0.03776267
MINMODE:MODE:      68      0.00430129     -0.02581773     -0.03849794
MINMODE:MODE:      69     -0.06143571      0.02123178     -0.08724932
MINMODE:MODE:      70     -0.09347709      0.02997031     -0.13751188
MINMODE:MODE:      71     -0.05641027     -0.00778022     -0.13797592
MINMODE:MODE:      72      0.02465966     -0.04627633      0.04498862
MINMODE:MODE:      73      0.04812747      0.21210617      0.29427399
MINMODE:MODE:      74      0.00791174     -0.03384458      0.01919840
MINMODE:MODE:      75      0.08084379     -0.09363519      0.00058041
MINMODE:MODE:      76      0.03791176     -0.03615915     -0.00223090
MINMODE:MODE:      77     -0.08598301      0.04796281     -0.08829443
MINMODE:MODE:      78     -0.14931274      0.06336629     -0.16931546
MINMODE:MODE:      79     -0.08623414      0.00127429     -0.16780502
MINMODE:MODE: Optimization Step: 52
MINMODE:MODE: Order: 0
MINMODE:MODE:       0      0.00281043      0.01906890     -0.06004328
MINMODE:MODE:       1      0.01047339     -0.06711026     -0.00728565
MINMODE:MODE:       2      0.01328158     -0.02543893      0.03284911
MINMODE:MODE:       3      0.01759500     -0.00609113      0.05538809
MINMODE:MODE:       4     -0.00972682     -0.00335408      0.02478533
MINMODE:MODE:       5     -0.01632237      0.02059241      0.02310950
MINMODE:MODE:       6      0.01940492     -0.00192305      0.01848297
MINMODE:MODE:       7      0.00168409      0.02334474      0.02094639
MINMODE:MODE:       8     -0.04916224      0.07230313      0.02846342
MINMODE:MODE:       9     -0.08597963      0.09639656      0.03395690
MINMODE:MODE:      10     -0.07066200      0.07245319      0.03276368
MINMODE:MODE:      11      0.02700345     -0.02629708      0.03184253
MINMODE:MODE:      12      0.01216691     -0.04586621     -0.01531731
MINMODE:MODE:      13      0.02641914     -0.05324308     -0.01000384
MINMODE:MODE:      14      0.05620072     -0.04190856      0.03819716
MINMODE:MODE:      15      0.07102588     -0.02261280      0.08262264
MINMODE:MODE:      16      0.05811594     -0.01281570      0.07997943
MINMODE:MODE:      17     -0.01708274     -0.03646941     -0.01361637
MINMODE:MODE:      18     -0.00043793     -0.00443133     -0.02832087
MINMODE:MODE:      19      0.02176144      0.01341391     -0.02086409
MINMODE:MODE:      20      0.02488460      0.00422551     -0.00261200
MINMODE:MODE:      21      0.06345039      0.01411062      0.05153588
MINMODE:MODE:      22      0.07449897      0.02128735      0.05773532
MINMODE:MODE:      23      0.04669033      0.01915194      0.01336615
MINMODE:MODE:      24      0.00637574      0.00979849     -0.04126977
MINMODE:MODE:      25     -0.00714046      0.00276456     -0.05008960
MINMODE:MODE:      26     -0.01633532      0.01548859     -0.00000555
MINMODE:MODE:      27      0.01372283      0.05025356     -0.05650407
MINMODE:MODE:      28      0.01099556      0.05162632     -0.05499283
MINMODE:MODE:      29     -0.03006125      0.01806716      0.00167387
MINMODE:MODE:      30     -0.06516546     -0.01879054      0.05809805
MINMODE:MODE:      31     -0.05951643     -0.02018958      0.05492516
MINMODE:MODE:      32      0.04986712     -0.02693481      0.05142316
MINMODE:MODE:      33     -0.02780063     -0.00266322      0.03690055
MINMODE:MODE:      34      0.05396542     -0.00894377      0.05297173
MINMODE:MODE:      35      0.01105315      0.00896413      0.08373047
MINMODE:MODE:      36      0.06023923     -0.04388567      0.01573988
MINMODE:MODE:      37      0.02811155      0.00331994      0.01666546
MINMODE:MODE:      38     -0.06121058      0.09129317      0.02989028
MINMODE:MODE:      39     -0.12564345      0.13400972      0.04030181
MINMODE:MODE:      40     -0.10005612      0.09335446      0.03767945
MINMODE:MODE:      41     -0.01475865     -0.05634849     -0.05604363
MINMODE:MODE:      42      0.01499878     -0.06696468     -0.04322549
MINMODE:MODE:      43      0.06722243     -0.04835867      0.04203571
MINMODE:MODE:      44      0.09342939     -0.01418253      0.11934622
MINMODE:MODE:      45      0.07348536      0.00361272      0.11509364
MINMODE:MODE:      46     -0.03620257     -0.03014046     -0.01383128
MINMODE:MODE:      47     -0.03010963     -0.04272258     -0.01132742
MINMODE:MODE:      48     -0.01197394      0.01128994     -0.03510583
MINMODE:MODE:      49     -0.00099996     -0.01041484     -0.02616874
MINMODE:MODE:      50      0.08038745      0.01580419      0.09167613
MINMODE:MODE:      51      0.10415987      0.02785865      0.09866111
MINMODE:MODE:      52      0.05625311      0.02409606      0.02043347
MINMODE:MODE:      53     -0.01500336      0.00824916     -0.07675087
MINMODE:MODE:      54     -0.04199370     -0.00451775     -0.09757472
MINMODE:MODE:      55      0.03478118      0.06816925     -0.08641636
MINMODE:MODE:      56      0.03709309      0.07899054     -0.09613813
MINMODE:MODE:      57     -0.03519956      0.02042199      0.00492241
MINMODE:MODE:      58     -0.09906002     -0.04542157      0.10563782
MINMODE:MODE:      59     -0.09322376     -0.04731850      0.09552017
MINMODE:MODE:      60      0.02635707      0.04170935      0.05518589
MINMODE:MODE:      61      0.04684966      0.06207969      0.10842610
MINMODE:MODE:      62     -0.00628753     -0.06616990     -0.04582354
MINMODE:MODE:      63     -0.00449900     -0.07202349     -0.03662274
MINMODE:MODE:      64      0.02518863     -0.07962536     -0.18105576
MINMODE:MODE:      65     -0.02072163     -0.21842144     -0.24003323
MINMODE:MODE:      66     -0.00345723     -0.05000837     -0.09722459
MINMODE:MODE:      67      0.02161313     -0.05398748     -0.03727293
MINMODE:MODE:      68      0.00382618     -0.02611186     -0.03721588
MINMODE:MODE:      69     -0.05838148      0.02086814     -0.08466653
MINMODE:MODE:      70     -0.08749490      0.02874506     -0.13607579
MINMODE:MODE:      71     -0.05138931     -0.00951180     -0.13816783
MINMODE:MODE:      72      0.02288158     -0.04314802      0.04684832
MINMODE:MODE:      73      0.04831307      0.24036341      0.32538856
MINMODE:MODE:      74      0.00647909     -0.03254147      0.02063214
MINMODE:MODE:      75      0.07575186     -0.09319484     -0.00018692
MINMODE:MODE:      76      0.03575917     -0.03585926     -0.00156395
MINMODE:MODE:      77     -0.08169401      0.04751127     -0.08502406
MINMODE:MODE:      78     -0.14094632      0.06116372     -0.16602249
MINMODE:MODE:      79     -0.08092794     -0.00025893     -0.16536809
MINMODE:MODE: Optimization Step: 53
MINMODE:MODE: Order: 0
MINMODE:MODE:       0      0.00249715      0.02239940     -0.05751759
MINMODE:MODE:       1      0.01066194     -0.06612654     -0.00510098
MINMODE:MODE:       2      0.01334950     -0.02506679      0.03205436
MINMODE:MODE:       3      0.01675518     -0.00554308      0.05369275
MINMODE:MODE:       4     -0.01135496     -0.00262792      0.02503826
MINMODE:MODE:       5     -0.01518037      0.01925845      0.02209953
MINMODE:MODE:       6      0.01910954     -0.00197843      0.01769800
MINMODE:MODE:       7      0.00179593      0.02238744      0.02013301
MINMODE:MODE:       8     -0.04720450      0.06932862      0.02725821
MINMODE:MODE:       9     -0.08264931      0.09235269      0.03250270
MINMODE:MODE:      10     -0.06803991      0.06944600      0.03143704
MINMODE:MODE:      11      0.02542604     -0.02561412      0.03124819
MINMODE:MODE:      12      0.01135771     -0.04454126     -0.01450845
MINMODE:MODE:      13      0.02507796     -0.05147598     -0.00938757
MINMODE:MODE:      14      0.05368514     -0.04034529      0.03685406
MINMODE:MODE:      15      0.06776437     -0.02176108      0.07955149
MINMODE:MODE:      16      0.05539273     -0.01226201      0.07718081
MINMODE:MODE:      17     -0.01652335     -0.03557217     -0.01187061
MINMODE:MODE:      18     -0.00019990     -0.00396216     -0.02704239
MINMODE:MODE:      19      0.02340488      0.01429581     -0.01960321
MINMODE:MODE:      20      0.02410375      0.00396198     -0.00270124
MINMODE:MODE:      21      0.06126969      0.01359318      0.04931074
MINMODE:MODE:      22      0.07172487      0.02044762      0.05513932
MINMODE:MODE:      23      0.04499181      0.01833948      0.01268799
MINMODE:MODE:      24      0.00611620      0.00928335     -0.03977980
MINMODE:MODE:      25     -0.00694640      0.00249553     -0.04831330
MINMODE:MODE:      26     -0.01512291      0.01505836      0.00092528
MINMODE:MODE:      27      0.01310272      0.04864701     -0.05375864
MINMODE:MODE:      28      0.01070068      0.04977045     -0.05248633
MINMODE:MODE:      29     -0.02854640      0.01738589      0.00169748
MINMODE:MODE:      30     -0.06193265     -0.01816486      0.05590816
MINMODE:MODE:      31     -0.05659715     -0.01970315      0.05316824
MINMODE:MODE:      32      0.04893292     -0.02661973      0.05027607
MINMODE:MODE:      33     -0.02639356     -0.00251819      0.03583212
MINMODE:MODE:      34      0.05214231     -0.00786954      0.05127177
MINMODE:MODE:      35      0.01052022      0.00912861      0.08085482
MINMODE:MODE:      36      0.05819593     -0.04202875      0.01517871
MINMODE:MODE:      37      0.02712860      0.00326940      0.01609102
MINMODE:MODE:      38     -0.05873679      0.08753697      0.02863334
MINMODE:MODE:      39     -0.12075946      0.12839145      0.03859228
MINMODE:MODE:      40     -0.09632290      0.08928175      0.03603769
MINMODE:MODE:      41     -0.01454665     -0.05480179     -0.05358328
MINMODE:MODE:      42      0.01426791     -0.06457282     -0.04120643
MINMODE:MODE:      43      0.06433221     -0.04644426      0.04058206
MINMODE:MODE:      44      0.08931825     -0.01354919      0.11477279
MINMODE:MODE:      45      0.07045758      0.00358462      0.11072411
MINMODE:MODE:      46     -0.03518696     -0.02958579     -0.01192324
MINMODE:MODE:      47     -0.02905278     -0.04124829     -0.00958333
MINMODE:MODE:      48     -0.01151006      0.01139540     -0.03366915
MINMODE:MODE:      49     -0.00115532     -0.00978463     -0.02494103
MINMODE:MODE:      50      0.07736519      0.01524174      0.08770639
MINMODE:MODE:      51      0.10022470      0.02678759      0.09440181
MINMODE:MODE:      52      0.05412746      0.02307852      0.01951040
MINMODE:MODE:      53     -0.01445943      0.00780513     -0.07373434
MINMODE:MODE:      54     -0.04032321     -0.00459937     -0.09381107
MINMODE:MODE:      55      0.03237390      0.06504431     -0.08116862
MINMODE:MODE:      56      0.03532904      0.07586492     -0.09173717
MINMODE:MODE:      57     -0.03354804      0.01961555      0.00484073
MINMODE:MODE:      58     -0.09437315     -0.04379529      0.10146600
MINMODE:MODE:      59     -0.08888964     -0.04559539      0.09164527
MINMODE:MODE:      60      0.02512879      0.04321578      0.05704722
MINMODE:MODE:      61      0.04466625      0.06262220      0.10461922
MINMODE:MODE:      62     -0.00651164     -0.06530062     -0.04393154
MINMODE:MODE:      63     -0.00440213     -0.06842611     -0.03539663
MINMODE:MODE:      64      0.02270534     -0.08234386     -0.18665252
MINMODE:MODE:      65     -0.02636033     -0.22973630     -0.25654435
MINMODE:MODE:      66     -0.00343740     -0.05141417     -0.09924998
MINMODE:MODE:      67      0.01899900     -0.05405594     -0.03685607
MINMODE:MODE:      68      0.00336049     -0.02636641     -0.03582435
MINMODE:MODE:      69     -0.05537268      0.02041755     -0.08239111
MINMODE:MODE:      70     -0.08181902      0.02752255     -0.13480616
MINMODE:MODE:      71     -0.04673176     -0.01126885     -0.13839255
MINMODE:MODE:      72      0.02113510     -0.04050038      0.04778370
MINMODE:MODE:      73      0.04762992      0.26427911      0.35169610
MINMODE:MODE:      74      0.00525521     -0.03113244      0.02236636
MINMODE:MODE:      75      0.07087152     -0.09291645     -0.00086451
MINMODE:MODE:      76      0.03369663     -0.03562000     -0.00083981
MINMODE:MODE:      77     -0.07759213      0.04711683     -0.08193497
MINMODE:MODE:      78     -0.13289750      0.05905526     -0.16309904
MINMODE:MODE:      79     -0.07577191     -0.00186711     -0.16330415
MINMODE:MODE: Optimization Step: 54
MINMODE:MODE: Order: 0
MINMODE:MODE:       0      0.00202411      0.02571430     -0.05572707
MINMODE:MODE:       1      0.01064790     -0.06564744     -0.00428197
MINMODE:MODE:       2      0.01344935     -0.02467650      0.03105586
MINMODE:MODE:       3      0.01585273     -0.00494335      0.05182464
MINMODE:MODE:       4     -0.01299135     -0.00179932      0.02518834
MINMODE:MODE:       5     -0.01404650      0.01790853      0.02101855
MINMODE:MODE:       6      0.01868281     -0.00199349      0.01687726
MINMODE:MODE:       7      0.00186523      0.02131956      0.01927746
MINMODE:MODE:       8     -0.04496891      0.06608797      0.02597539
MINMODE:MODE:       9     -0.07894928      0.08800396      0.03094311
MINMODE:MODE:      10     -0.06494473      0.06608751      0.02996606
MINMODE:MODE:      11      0.02369746     -0.02486553      0.03058609
MINMODE:MODE:      12      0.01050026     -0.04299642     -0.01355029
MINMODE:MODE:      13      0.02358527     -0.04948902     -0.00868455
MINMODE:MODE:      14      0.05095431     -0.03862935      0.03535899
MINMODE:MODE:      15      0.06423900     -0.02086696      0.07619351
MINMODE:MODE:      16      0.05241278     -0.01173491      0.07406386
MINMODE:MODE:      17     -0.01596422     -0.03468068     -0.01010937
MINMODE:MODE:      18      0.00007758     -0.00346047     -0.02564239
MINMODE:MODE:      19      0.02494263      0.01523084     -0.01824875
MINMODE:MODE:      20      0.02329521      0.00367780     -0.00275000
MINMODE:MODE:      21      0.05873513      0.01296275      0.04682175
MINMODE:MODE:      22      0.06865829      0.01947883      0.05235249
MINMODE:MODE:      23      0.04304364      0.01745162      0.01196407
MINMODE:MODE:      24      0.00587198      0.00877508     -0.03813891
MINMODE:MODE:      25     -0.00663596      0.00227002     -0.04626193
MINMODE:MODE:      26     -0.01379009      0.01462392      0.00194171
MINMODE:MODE:      27      0.01241345      0.04670923     -0.05064667
MINMODE:MODE:      28      0.01044493      0.04768978     -0.04972149
MINMODE:MODE:      29     -0.02693096      0.01663769      0.00168479
MINMODE:MODE:      30     -0.05847353     -0.01737959      0.05352469
MINMODE:MODE:      31     -0.05335008     -0.01894190      0.05103763
MINMODE:MODE:      32      0.04792009     -0.02624987      0.04897752
MINMODE:MODE:      33     -0.02491605     -0.00234424      0.03458643
MINMODE:MODE:      34      0.05007607     -0.00667881      0.04938237
MINMODE:MODE:      35      0.00998371      0.00930601      0.07768818
MINMODE:MODE:      36      0.05592814     -0.04012790      0.01458571
MINMODE:MODE:      37      0.02601572      0.00317950      0.01550534
MINMODE:MODE:      38     -0.05601266      0.08349810      0.02730658
MINMODE:MODE:      39     -0.11534195      0.12239254      0.03675372
MINMODE:MODE:      40     -0.09220989      0.08494671      0.03426476
MINMODE:MODE:      41     -0.01441747     -0.05302936     -0.05096264
MINMODE:MODE:      42      0.01343845     -0.06190299     -0.03903567
MINMODE:MODE:      43      0.06120474     -0.04435913      0.03898088
MINMODE:MODE:      44      0.08489009     -0.01291552      0.10976924
MINMODE:MODE:      45      0.06719747      0.00350328      0.10597275
MINMODE:MODE:      46     -0.03409790     -0.02900880     -0.00985131
MINMODE:MODE:      47     -0.02788394     -0.03957887     -0.00786304
MINMODE:MODE:      48     -0.01099660      0.01151002     -0.03215593
MINMODE:MODE:      49     -0.00134166     -0.00912383     -0.02359350
MINMODE:MODE:      50      0.07402845      0.01455432      0.08348734
MINMODE:MODE:      51      0.09584132      0.02556604      0.08983944
MINMODE:MODE:      52      0.05177808      0.02198053      0.01854218
MINMODE:MODE:      53     -0.01383254      0.00739511     -0.07045572
MINMODE:MODE:      54     -0.03848433     -0.00462106     -0.08979303
MINMODE:MODE:      55      0.02994178      0.06165420     -0.07565109
MINMODE:MODE:      56      0.03352039      0.07238734     -0.08701225
MINMODE:MODE:      57     -0.03178546      0.01874213      0.00474154
MINMODE:MODE:      58     -0.08942350     -0.04188976      0.09693245
MINMODE:MODE:      59     -0.08434079     -0.04362148      0.08753188
MINMODE:MODE:      60      0.02377369      0.04488003      0.05890922
MINMODE:MODE:      61      0.04232953      0.06342754      0.10051861
MINMODE:MODE:      62     -0.00668945     -0.06419979     -0.04163623
MINMODE:MODE:      63     -0.00431608     -0.06458000     -0.03405019
MINMODE:MODE:      64      0.01949075     -0.08339603     -0.19342037
MINMODE:MODE:      65     -0.03131044     -0.24206400     -0.27085444
MINMODE:MODE:      66     -0.00337156     -0.05248178     -0.10071022
MINMODE:MODE:      67      0.01609647     -0.05387835     -0.03658056
MINMODE:MODE:      68      0.00275578     -0.02648384     -0.03445724
MINMODE:MODE:      69     -0.05196648      0.01979539     -0.07997309
MINMODE:MODE:      70     -0.07571870      0.02602333     -0.13322755
MINMODE:MODE:      71     -0.04167422     -0.01315118     -0.13814047
MINMODE:MODE:      72      0.01952157     -0.03739000      0.05074237
MINMODE:MODE:      73      0.04679354      0.28707747      0.37725123
MINMODE:MODE:      74      0.00354663     -0.02908693      0.02452868
MINMODE:MODE:      75      0.06570108     -0.09256673     -0.00141272
MINMODE:MODE:      76      0.03152912     -0.03524872      0.00003122
MINMODE:MODE:      77     -0.07311263      0.04667393     -0.07867046
MINMODE:MODE:      78     -0.12419264      0.05669370     -0.16005601
MINMODE:MODE:      79     -0.07021415     -0.00373271     -0.16115875
MINMODE:MODE: Optimization Step: 55
MINMODE:MODE: Order: 0
MINMODE:MODE:       0      0.00149452      0.02899010     -0.05402644
MINMODE:MODE:       1      0.01062417     -0.06523029     -0.00337523
MINMODE:MODE:       2      0.01359481     -0.02430211      0.02996925
MINMODE:MODE:       3      0.01489184     -0.00429996      0.04979280
MINMODE:MODE:       4     -0.01457324     -0.00093215      0.02525022
MINMODE:MODE:       5     -0.01287528      0.01653059      0.01989527
MINMODE:MODE:       6      0.01817989     -0.00200386      0.01602952
MINMODE:MODE:       7      0.00195037      0.02016462      0.01837930
MINMODE:MODE:       8     -0.04256855      0.06265796      0.02463328
MINMODE:MODE:       9     -0.07494385      0.08340708      0.02930369
MINMODE:MODE:      10     -0.06158172      0.06252459      0.02841180
MINMODE:MODE:      11      0.02187674     -0.02403441      0.02982564
MINMODE:MODE:      12      0.00957076     -0.04129684     -0.01253705
MINMODE:MODE:      13      0.02199344     -0.04733801     -0.00794544
MINMODE:MODE:      14      0.04805274     -0.03680290      0.03377240
MINMODE:MODE:      15      0.06050778     -0.01993269      0.07261328
MINMODE:MODE:      16      0.04926345     -0.01119628      0.07073371
MINMODE:MODE:      17     -0.01542141     -0.03376754     -0.00827759
MINMODE:MODE:      18      0.00036713     -0.00291502     -0.02417161
MINMODE:MODE:      19      0.02635189      0.01615458     -0.01686510
MINMODE:MODE:      20      0.02241807      0.00340096     -0.00275064
MINMODE:MODE:      21      0.05598586      0.01226614      0.04420387
MINMODE:MODE:      22      0.06534459      0.01842750      0.04942097
MINMODE:MODE:      23      0.04094677      0.01650439      0.01120898
MINMODE:MODE:      24      0.00560770      0.00826223     -0.03638038
MINMODE:MODE:      25     -0.00628228      0.00206691     -0.04405437
MINMODE:MODE:      26     -0.01241746      0.01416571      0.00294830
MINMODE:MODE:      27      0.01170721      0.04459996     -0.04734209
MINMODE:MODE:      28      0.01019403      0.04542193     -0.04679042
MINMODE:MODE:      29     -0.02521636      0.01584547      0.00168768
MINMODE:MODE:      30     -0.05484745     -0.01648906      0.05098125
MINMODE:MODE:      31     -0.04994127     -0.01804904      0.04874017
MINMODE:MODE:      32      0.04690743     -0.02587826      0.04753815
MINMODE:MODE:      33     -0.02340180     -0.00213682      0.03319121
MINMODE:MODE:      34      0.04785633     -0.00540120      0.04732247
MINMODE:MODE:      35      0.00941630      0.00950590      0.07428190
MINMODE:MODE:      36      0.05347784     -0.03815271      0.01396802
MINMODE:MODE:      37      0.02480029      0.00306726      0.01489675
MINMODE:MODE:      38     -0.05309225      0.07923095      0.02592298
MINMODE:MODE:      39     -0.10951158      0.11607752      0.03482200
MINMODE:MODE:      40     -0.08776258      0.08038866      0.03240034
MINMODE:MODE:      41     -0.01432771     -0.05107369     -0.04820270
MINMODE:MODE:      42      0.01252753     -0.05902117     -0.03672835
MINMODE:MODE:      43      0.05787900     -0.04214618      0.03727265
MINMODE:MODE:      44      0.08019817     -0.01227894      0.10443415
MINMODE:MODE:      45      0.06374431      0.00337790      0.10090707
MINMODE:MODE:      46     -0.03300253     -0.02847521     -0.00766267
MINMODE:MODE:      47     -0.02661140     -0.03774952     -0.00617218
MINMODE:MODE:      48     -0.01044642      0.01165379     -0.03059662
MINMODE:MODE:      49     -0.00153832     -0.00845000     -0.02215283
MINMODE:MODE:      50      0.07042897      0.01378126      0.07905015
MINMODE:MODE:      51      0.09111663      0.02423093      0.08502996
MINMODE:MODE:      52      0.04924997      0.02080920      0.01753206
MINMODE:MODE:      53     -0.01314115      0.00699575     -0.06696459
MINMODE:MODE:      54     -0.03650394     -0.00459440     -0.08552419
MINMODE:MODE:      55      0.02748272      0.05804642     -0.06991182
MINMODE:MODE:      56      0.03168104      0.06864549     -0.08201722
MINMODE:MODE:      57     -0.02991855      0.01782031      0.00464389
MINMODE:MODE:      58     -0.08423787     -0.03977793      0.09211942
MINMODE:MODE:      59     -0.07959162     -0.04144112      0.08317521
MINMODE:MODE:      60      0.02247074      0.04719212      0.06115976
MINMODE:MODE:      61      0.03965474      0.06423419      0.09576891
MINMODE:MODE:      62     -0.00683722     -0.06308887     -0.03947256
MINMODE:MODE:      63     -0.00420998     -0.06060107     -0.03272790
MINMODE:MODE:      64      0.01626030     -0.08469900     -0.19994232
MINMODE:MODE:      65     -0.03628298     -0.25308396     -0.28432027
MINMODE:MODE:      66     -0.00336574     -0.05343942     -0.10187127
MINMODE:MODE:      67      0.01309115     -0.05358703     -0.03623673
MINMODE:MODE:      68      0.00215301     -0.02656646     -0.03302669
MINMODE:MODE:      69     -0.04837986      0.01910244     -0.07743046
MINMODE:MODE:      70     -0.06930824      0.02438367     -0.13134953
MINMODE:MODE:      71     -0.03647685     -0.01503277     -0.13753728
MINMODE:MODE:      72      0.01784281     -0.03417819      0.05433131
MINMODE:MODE:      73      0.04583868      0.30851199      0.40183913
MINMODE:MODE:      74      0.00171456     -0.02677753      0.02679620
MINMODE:MODE:      75      0.06027930     -0.09204523     -0.00192253
MINMODE:MODE:      76      0.02925213     -0.03478174      0.00096713
MINMODE:MODE:      77     -0.06833350      0.04613720     -0.07526157
MINMODE:MODE:      78     -0.11500588      0.05416964     -0.15676838
MINMODE:MODE:      79     -0.06429093     -0.00570471     -0.15885510
MINMODE:MODE: Optimization Step: 56
MINMODE:MODE: Order: 0
MINMODE:MODE:       0      0.00098176      0.03255700     -0.05194405
MINMODE:MODE:       1      0.01058672     -0.06471316     -0.00224871
MINMODE:MODE:       2      0.01374959     -0.02396619      0.02898657
MINMODE:MODE:       3      0.01393119     -0.00367507      0.04783160
MINMODE:MODE:       4     -0.01605229     -0.00008685      0.02533445
MINMODE:MODE:       5     -0.01171079      0.01522390      0.01882981
MINMODE:MODE:       6      0.01770436     -0.00202897      0.01522793
MINMODE:MODE:       7      0.00206691      0.01902912      0.01751338
MINMODE:MODE:       8     -0.04025275      0.05936551      0.02335266
MINMODE:MODE:       9     -0.07104664      0.07898759      0.02773911
MINMODE:MODE:      10     -0.05834300      0.05912848      0.02694263
MINMODE:MODE:      11      0.02012623     -0.02320933      0.02907122
MINMODE:MODE:      12      0.00864018     -0.03964793     -0.01159672
MINMODE:MODE:      13      0.02043816     -0.04525109     -0.00725035
MINMODE:MODE:      14      0.04524626     -0.03504346      0.03225592
MINMODE:MODE:      15      0.05690795     -0.01903748      0.06916507
MINMODE:MODE:      16      0.04624175     -0.01067368      0.06753692
MINMODE:MODE:      17     -0.01490471     -0.03293919     -0.00643272
MINMODE:MODE:      18      0.00063387     -0.00238107     -0.02275394
MINMODE:MODE:      19      0.02770721      0.01701996     -0.01552228
MINMODE:MODE:      20      0.02156065      0.00314120     -0.00273090
MINMODE:MODE:      21      0.05334217      0.01158761      0.04172860
MINMODE:MODE:      22      0.06213758      0.01740869      0.04663116
MINMODE:MODE:      23      0.03891478      0.01558743      0.01047574
MINMODE:MODE:      24      0.00533144      0.00777500     -0.03469038
MINMODE:MODE:      25     -0.00596956      0.00187996     -0.04193329
MINMODE:MODE:      26     -0.01114069      0.01372910      0.00388211
MINMODE:MODE:      27      0.01106431      0.04257659     -0.04419088
MINMODE:MODE:      28      0.00998067      0.04327616     -0.04399886
MINMODE:MODE:      29     -0.02355723      0.01508937      0.00171236
MINMODE:MODE:      30     -0.05138688     -0.01560476      0.04854397
MINMODE:MODE:      31     -0.04674085     -0.01718490      0.04657918
MINMODE:MODE:      32      0.04599937     -0.02554296      0.04612101
MINMODE:MODE:      33     -0.02188908     -0.00194404      0.03188293
MINMODE:MODE:      34      0.04570300     -0.00416278      0.04530431
MINMODE:MODE:      35      0.00884339      0.00973928      0.07096672
MINMODE:MODE:      36      0.05108524     -0.03622832      0.01337877
MINMODE:MODE:      37      0.02361087      0.00296093      0.01431532
MINMODE:MODE:      38     -0.05025578      0.07511346      0.02460001
MINMODE:MODE:      39     -0.10383903      0.10999292      0.03297405
MINMODE:MODE:      40     -0.08339903      0.07599560      0.03061666
MINMODE:MODE:      41     -0.01426017     -0.04915500     -0.04554115
MINMODE:MODE:      42      0.01161889     -0.05621522     -0.03448065
MINMODE:MODE:      43      0.05465277     -0.04001583      0.03563225
MINMODE:MODE:      44      0.07565537     -0.01168838      0.09928035
MINMODE:MODE:      45      0.06040081      0.00323388      0.09600079
MINMODE:MODE:      46     -0.03197582     -0.02803697     -0.00551065
MINMODE:MODE:      47     -0.02538304     -0.03601183     -0.00451437
MINMODE:MODE:      48     -0.00993981      0.01185347     -0.02914251
MINMODE:MODE:      49     -0.00173118     -0.00780018     -0.02075511
MINMODE:MODE:      50      0.06691650      0.01302557      0.07476303
MINMODE:MODE:      51      0.08652059      0.02292532      0.08038687
MINMODE:MODE:      52      0.04679202      0.01966841      0.01655582
MINMODE:MODE:      53     -0.01246183      0.00662079     -0.06357895
MINMODE:MODE:      54     -0.03457828     -0.00455280     -0.08136149
MINMODE:MODE:      55      0.02517313      0.05456341     -0.06439174
MINMODE:MODE:      56      0.02994852      0.06501752     -0.07717576
MINMODE:MODE:      57     -0.02809976      0.01693419      0.00456566
MINMODE:MODE:      58     -0.07923762     -0.03769149      0.08747520
MINMODE:MODE:      59     -0.07501012     -0.03926283      0.07893498
MINMODE:MODE:      60      0.02108207      0.04952111      0.06317602
MINMODE:MODE:      61      0.03714541      0.06541010      0.09141218
MINMODE:MODE:      62     -0.00697825     -0.06207418     -0.03716203
MINMODE:MODE:      63     -0.00411155     -0.05673860     -0.03137251
MINMODE:MODE:      64      0.01371076     -0.08637236     -0.20451717
MINMODE:MODE:      65     -0.04169493     -0.26133506     -0.29727106
MINMODE:MODE:      66     -0.00369120     -0.05455796     -0.10305663
MINMODE:MODE:      67      0.01016956     -0.05342803     -0.03580968
MINMODE:MODE:      68      0.00169528     -0.02673791     -0.03154605
MINMODE:MODE:      69     -0.04494923      0.01848723     -0.07504698
MINMODE:MODE:      70     -0.06309219      0.02280709     -0.12963764
MINMODE:MODE:      71     -0.03160690     -0.01684453     -0.13711001
MINMODE:MODE:      72      0.01621817     -0.03126686      0.05738627
MINMODE:MODE:      73      0.04478220      0.32657077      0.42315358
MINMODE:MODE:      74      0.00048050     -0.02451340      0.02909656
MINMODE:MODE:      75      0.05494913     -0.09149469     -0.00241378
MINMODE:MODE:      76      0.02701910     -0.03434217      0.00189199
MINMODE:MODE:      77     -0.06367931      0.04560447     -0.07201954
MINMODE:MODE:      78     -0.10606896      0.05173931     -0.15367498
MINMODE:MODE:      79     -0.05842795     -0.00768997     -0.15682818
MINMODE:MODE: Optimization Step: 57
MINMODE:MODE: Order: 0
MINMODE:MODE:       0      0.00052514      0.03612361     -0.04948490
MINMODE:MODE:       1      0.01064219     -0.06380053     -0.00041299
MINMODE:MODE:       2      0.01387034     -0.02363366      0.02817252
MINMODE:MODE:       3      0.01296464     -0.00305940      0.04601135
MINMODE:MODE:       4     -0.01738189      0.00070500      0.02546164
MINMODE:MODE:       5     -0.01064016      0.01404810      0.01786326
MINMODE:MODE:       6      0.01729417     -0.00209148      0.01448493
MINMODE:MODE:       7      0.00216490      0.01798782      0.01671907
MINMODE:MODE:       8     -0.03802747      0.05624100      0.02215283
MINMODE:MODE:       9     -0.06733710      0.07482291      0.02627841
MINMODE:MODE:      10     -0.05523941      0.05591534      0.02556263
MINMODE:MODE:      11      0.01846007     -0.02242606      0.02837721
MINMODE:MODE:      12      0.00771773     -0.03810689     -0.01072585
MINMODE:MODE:      13      0.01895450     -0.04327384     -0.00656774
MINMODE:MODE:      14      0.04257622     -0.03339435      0.03083791
MINMODE:MODE:      15      0.05348711     -0.01821140      0.06591804
MINMODE:MODE:      16      0.04338074     -0.01018574      0.06454375
MINMODE:MODE:      17     -0.01436945     -0.03211679     -0.00458979
MINMODE:MODE:      18      0.00088907     -0.00185586     -0.02140378
MINMODE:MODE:      19      0.02894072      0.01778216     -0.01422092
MINMODE:MODE:      20      0.02076990      0.00290905     -0.00268279
MINMODE:MODE:      21      0.05084796      0.01094283      0.03940205
MINMODE:MODE:      22      0.05909713      0.01644100      0.04398443
MINMODE:MODE:      23      0.03698833      0.01472056      0.00978367
MINMODE:MODE:      24      0.00507968      0.00732389     -0.03306877
MINMODE:MODE:      25     -0.00569881      0.00171108     -0.03994371
MINMODE:MODE:      26     -0.00994079      0.01333306      0.00477964
MINMODE:MODE:      27      0.01049623      0.04068614     -0.04121870
MINMODE:MODE:      28      0.00976274      0.04119993     -0.04129473
MINMODE:MODE:      29     -0.02196287      0.01439564      0.00174345
MINMODE:MODE:      30     -0.04809741     -0.01472842      0.04623361
MINMODE:MODE:      31     -0.04373796     -0.01634658      0.04457388
MINMODE:MODE:      32      0.04520951     -0.02524218      0.04480575
MINMODE:MODE:      33     -0.02033743     -0.00182259      0.03076500
MINMODE:MODE:      34      0.04368019     -0.00297084      0.04341370
MINMODE:MODE:      35      0.00826398      0.01003294      0.06783291
MINMODE:MODE:      36      0.04881093     -0.03439147      0.01283037
MINMODE:MODE:      37      0.02249631      0.00285814      0.01377213
MINMODE:MODE:      38     -0.04757251      0.07124171      0.02336473
MINMODE:MODE:      39     -0.09847192      0.10427463      0.03124599
MINMODE:MODE:      40     -0.07924454      0.07186347      0.02895090
MINMODE:MODE:      41     -0.01423007     -0.04733783     -0.04303138
MINMODE:MODE:      42      0.01073154     -0.05357136     -0.03234197
MINMODE:MODE:      43      0.05159365     -0.03801636      0.03410640
MINMODE:MODE:      44      0.07135435     -0.01115431      0.09443753
MINMODE:MODE:      45      0.05723801      0.00308551      0.09138403
MINMODE:MODE:      46     -0.03100195     -0.02764229     -0.00340400
MINMODE:MODE:      47     -0.02428567     -0.03449525     -0.00275947
MINMODE:MODE:      48     -0.00947993      0.01210187     -0.02782110
MINMODE:MODE:      49     -0.00192361     -0.00717203     -0.01942623
MINMODE:MODE:      50      0.06358605      0.01230370      0.07071428
MINMODE:MODE:      51      0.08218188      0.02168515      0.07600673
MINMODE:MODE:      52      0.04447058      0.01858530      0.01563511
MINMODE:MODE:      53     -0.01182313      0.00627484     -0.06039273
MINMODE:MODE:      54     -0.03275404     -0.00450244     -0.07739959
MINMODE:MODE:      55      0.02301751      0.05125872     -0.05915892
MINMODE:MODE:      56      0.02835771      0.06158922     -0.07258635
MINMODE:MODE:      57     -0.02636287      0.01610616      0.00450992
MINMODE:MODE:      58     -0.07451997     -0.03568521      0.08311333
MINMODE:MODE:      59     -0.07068581     -0.03714830      0.07492418
MINMODE:MODE:      60      0.01976795      0.05210321      0.06535500
MINMODE:MODE:      61      0.03473084      0.06700450      0.08733772
MINMODE:MODE:      62     -0.00709953     -0.06094976     -0.03438972
MINMODE:MODE:      63     -0.00407579     -0.05309123     -0.02981103
MINMODE:MODE:      64      0.01073529     -0.08724892     -0.20884885
MINMODE:MODE:      65     -0.04617285     -0.26835698     -0.30758014
MINMODE:MODE:      66     -0.00435137     -0.05585640     -0.10438934
MINMODE:MODE:      67      0.00722719     -0.05348437     -0.03551217
MINMODE:MODE:      68      0.00115370     -0.02694747     -0.03013674
MINMODE:MODE:      69     -0.04156359      0.01787291     -0.07284581
MINMODE:MODE:      70     -0.05715680      0.02130618     -0.12829946
MINMODE:MODE:      71     -0.02684865     -0.01878859     -0.13695453
MINMODE:MODE:      72      0.01446078     -0.02906891      0.05809702
MINMODE:MODE:      73      0.04374725      0.34176386      0.44148950
MINMODE:MODE:      74     -0.00055136     -0.02220488      0.03123357
MINMODE:MODE:      75      0.04972631     -0.09113987     -0.00290305
MINMODE:MODE:      76      0.02491761     -0.03398941      0.00288949
MINMODE:MODE:      77     -0.05923984      0.04523801     -0.06902878
MINMODE:MODE:      78     -0.09746436      0.04946528     -0.15109875
MINMODE:MODE:      79     -0.05271767     -0.00979415     -0.15536479
MINMODE:MODE: Optimization Step: 58
MINMODE:MODE: Order: 0
MINMODE:MODE:       0      0.00020938      0.03962447     -0.04620544
MINMODE:MODE:       1      0.01067959     -0.06287859      0.00133758
MINMODE:MODE:       2      0.01394219     -0.02336110      0.02758609
MINMODE:MODE:       3      0.01210913     -0.00250562      0.04458632
MINMODE:MODE:       4     -0.01848260      0.00136599      0.02568243
MINMODE:MODE:       5     -0.00971594      0.01308402      0.01710262
MINMODE:MODE:       6      0.01695827     -0.00213081      0.01391502
MINMODE:MODE:       7      0.00227444      0.01712313      0.01608452
MINMODE:MODE:       8     -0.03617471      0.05367317      0.02118112
MINMODE:MODE:       9     -0.06424715      0.07139189      0.02508499
MINMODE:MODE:      10     -0.05263539      0.05326636      0.02443160
MINMODE:MODE:      11      0.01703706     -0.02179723      0.02785277
MINMODE:MODE:      12      0.00690506     -0.03686297     -0.00998261
MINMODE:MODE:      13      0.01768229     -0.04166756     -0.00597595
MINMODE:MODE:      14      0.04033862     -0.03205833      0.02970491
MINMODE:MODE:      15      0.05062607     -0.01755413      0.06328277
MINMODE:MODE:      16      0.04098025     -0.00981200      0.06211601
MINMODE:MODE:      17     -0.01385879     -0.03143577     -0.00295904
MINMODE:MODE:      18      0.00112178     -0.00139073     -0.02026201
MINMODE:MODE:      19      0.02998042      0.01837973     -0.01304483
MINMODE:MODE:      20      0.02013865      0.00273179     -0.00263089
MINMODE:MODE:      21      0.04879578      0.01040464      0.03746829
MINMODE:MODE:      22      0.05660018      0.01563809      0.04179094
MINMODE:MODE:      23      0.03541572      0.01399957      0.00922366
MINMODE:MODE:      24      0.00485970      0.00696171     -0.03175147
MINMODE:MODE:      25     -0.00545739      0.00158994     -0.03828099
MINMODE:MODE:      26     -0.00890823      0.01304728      0.00556216
MINMODE:MODE:      27      0.01003380      0.03911063     -0.03867073
MINMODE:MODE:      28      0.00960742      0.03950152     -0.03900606
MINMODE:MODE:      29     -0.02060966      0.01384354      0.00179625
MINMODE:MODE:      30     -0.04532789     -0.01396036      0.04434408
MINMODE:MODE:      31     -0.04120145     -0.01558259      0.04291767
MINMODE:MODE:      32      0.04468513     -0.02501845      0.04381547
MINMODE:MODE:      33     -0.01893560     -0.00178753      0.02995244
MINMODE:MODE:      34      0.04200269     -0.00194023      0.04191883
MINMODE:MODE:      35      0.00775213      0.01039422      0.06529591
MINMODE:MODE:      36      0.04695947     -0.03289010      0.01239130
MINMODE:MODE:      37      0.02159427      0.00277583      0.01334483
MINMODE:MODE:      38     -0.04535566      0.06807213      0.02236114
MINMODE:MODE:      39     -0.09405382      0.09959231      0.02983630
MINMODE:MODE:      40     -0.07581335      0.06847339      0.02759130
MINMODE:MODE:      41     -0.01428864     -0.04587759     -0.04097780
MINMODE:MODE:      42      0.00995518     -0.05141552     -0.03054342
MINMODE:MODE:      43      0.04904763     -0.03638843      0.03289500
MINMODE:MODE:      44      0.06777679     -0.01073885      0.09049766
MINMODE:MODE:      45      0.05463130      0.00295985      0.08763969
MINMODE:MODE:      46     -0.03021462     -0.02735042     -0.00150635
MINMODE:MODE:      47     -0.02345930     -0.03335101     -0.00109045
MINMODE:MODE:      48     -0.00911359      0.01238812     -0.02678274
MINMODE:MODE:      49     -0.00210501     -0.00662176     -0.01829372
MINMODE:MODE:      50      0.06085418      0.01170134      0.06738352
MINMODE:MODE:      51      0.07862453      0.02064973      0.07238629
MINMODE:MODE:      52      0.04256832      0.01768581      0.01487566
MINMODE:MODE:      53     -0.01130331      0.00599597     -0.05778925
MINMODE:MODE:      54     -0.03126725     -0.00446358     -0.07413815
MINMODE:MODE:      55      0.02124518      0.04851041     -0.05475738
MINMODE:MODE:      56      0.02708454      0.05876680     -0.06874173
MINMODE:MODE:      57     -0.02489333      0.01543904      0.00449231
MINMODE:MODE:      58     -0.07061267     -0.03402155      0.07957010
MINMODE:MODE:      59     -0.06712921     -0.03537318      0.07166369
MINMODE:MODE:      60      0.01863147      0.05516350      0.06757980
MINMODE:MODE:      61      0.03272031      0.06873357      0.08416294
MINMODE:MODE:      62     -0.00725376     -0.06000717     -0.03161119
MINMODE:MODE:      63     -0.00404917     -0.04985077     -0.02805793
MINMODE:MODE:      64      0.00804845     -0.08875818     -0.21205478
MINMODE:MODE:      65     -0.05004402     -0.27217187     -0.31518441
MINMODE:MODE:      66     -0.00528421     -0.05744417     -0.10607709
MINMODE:MODE:      67      0.00446158     -0.05394202     -0.03550106
MINMODE:MODE:      68      0.00067018     -0.02730813     -0.02896326
MINMODE:MODE:      69     -0.03867923      0.01737554     -0.07122421
MINMODE:MODE:      70     -0.05197332      0.02000359     -0.12768857
MINMODE:MODE:      71     -0.02270116     -0.02073038     -0.13745265
MINMODE:MODE:      72      0.01285946     -0.02763814      0.05700266
MINMODE:MODE:      73      0.04284392      0.35296003      0.45508408
MINMODE:MODE:      74     -0.00117223     -0.02011790      0.03312426
MINMODE:MODE:      75      0.04509104     -0.09128423     -0.00332506
MINMODE:MODE:      76      0.02314431     -0.03386181      0.00391354
MINMODE:MODE:      77     -0.05547351      0.04520115     -0.06665843
MINMODE:MODE:      78     -0.09005395      0.04766470     -0.14964423
MINMODE:MODE:      79     -0.04769873     -0.01189372     -0.15499661
MINMODE:MODE: Optimization Step: 59
MINMODE:MODE: Order: 0
MINMODE:MODE:       0      0.00003791      0.04426741     -0.04035131
MINMODE:MODE:       1      0.01066432     -0.06197020      0.00322060
MINMODE:MODE:       2      0.01396617     -0.02320993      0.02745139
MINMODE:MODE:       3      0.01137009     -0.00197712      0.04385176
MINMODE:MODE:       4     -0.01929114      0.00181646      0.02625998
MINMODE:MODE:       5     -0.00896710      0.01240431      0.01666159
MINMODE:MODE:       6      0.01673384     -0.00213364      0.01362925
MINMODE:MODE:       7      0.00246458      0.01647843      0.01568209
MINMODE:MODE:       8     -0.03491620      0.05197397      0.02055290
MINMODE:MODE:       9     -0.06213138      0.06907709      0.02428473
MINMODE:MODE:      10     -0.05082357      0.05147171      0.02367201
MINMODE:MODE:      11      0.01591599     -0.02146149      0.02765549
MINMODE:MODE:      12      0.00623852     -0.03612063     -0.00939787
MINMODE:MODE:      13      0.01667273     -0.04067260     -0.00550705
MINMODE:MODE:      14      0.03873600     -0.03121254      0.02904534
MINMODE:MODE:      15      0.04857928     -0.01716968      0.06164759
MINMODE:MODE:      16      0.03923960     -0.00962913      0.06061090
MINMODE:MODE:      17     -0.01337012     -0.03099355     -0.00149539
MINMODE:MODE:      18      0.00135076     -0.00095906     -0.01942675
MINMODE:MODE:      19      0.03099210      0.01876710     -0.01201803
MINMODE:MODE:      20      0.01981032      0.00263003     -0.00261532
MINMODE:MODE:      21      0.04747527      0.01002941      0.03608631
MINMODE:MODE:      22      0.05497525      0.01507544      0.04025386
MINMODE:MODE:      23      0.03440227      0.01350988      0.00883071
MINMODE:MODE:      24      0.00467668      0.00671802     -0.03093400
MINMODE:MODE:      25     -0.00524199      0.00153413     -0.03710941
MINMODE:MODE:      26     -0.00803123      0.01299784      0.00621733
MINMODE:MODE:      27      0.00970949      0.03799878     -0.03664667
MINMODE:MODE:      28      0.00960967      0.03841349     -0.03735393
MINMODE:MODE:      29     -0.01959713      0.01350329      0.00189204
MINMODE:MODE:      30     -0.04335572     -0.01340855      0.04320643
MINMODE:MODE:      31     -0.03929921     -0.01491629      0.04182293
MINMODE:MODE:      32      0.04473922     -0.02498796      0.04341400
MINMODE:MODE:      33     -0.01770659     -0.00189386      0.02962271
MINMODE:MODE:      34      0.04080294     -0.00110937      0.04109566
MINMODE:MODE:      35      0.00731329      0.01095010      0.06373695
MINMODE:MODE:      36      0.04582167     -0.03193225      0.01212165
MINMODE:MODE:      37      0.02102657      0.00273675      0.01310854
MINMODE:MODE:      38     -0.04385805      0.06597157      0.02169877
MINMODE:MODE:      39     -0.09111316      0.09647656      0.02889448
MINMODE:MODE:      40     -0.07353637      0.06619868      0.02667878
MINMODE:MODE:      41     -0.01454204     -0.04502364     -0.03962001
MINMODE:MODE:      42      0.00931590     -0.05003438     -0.02921898
MINMODE:MODE:      43      0.04726080     -0.03534072      0.03220385
MINMODE:MODE:      44      0.06526161     -0.01050895      0.08797744
MINMODE:MODE:      45      0.05287548      0.00287416      0.08528875
MINMODE:MODE:      46     -0.02979459     -0.02731437      0.00021812
MINMODE:MODE:      47     -0.02304345     -0.03276695      0.00054557
MINMODE:MODE:      48     -0.00888305      0.01283409     -0.02619037
MINMODE:MODE:      49     -0.00227814     -0.00614883     -0.01745080
MINMODE:MODE:      50      0.05908041      0.01128130      0.06513528
MINMODE:MODE:      51      0.07630959      0.01993707      0.06989975
MINMODE:MODE:      52      0.04133411      0.01706243      0.01434716
MINMODE:MODE:      53     -0.01096844      0.00581114     -0.05608781
MINMODE:MODE:      54     -0.03032825     -0.00446232     -0.07198996
MINMODE:MODE:      55      0.02003050      0.04655518     -0.05145498
MINMODE:MODE:      56      0.02628714      0.05684437     -0.06596663
MINMODE:MODE:      57     -0.02379896      0.01501706      0.00454429
MINMODE:MODE:      58     -0.06781630     -0.03284169      0.07728384
MINMODE:MODE:      59     -0.06472020     -0.03412383      0.06960448
MINMODE:MODE:      60      0.01772905      0.05901309      0.07064198
MINMODE:MODE:      61      0.03127751      0.07153224      0.08230859
MINMODE:MODE:      62     -0.00734666     -0.05925172     -0.02740864
MINMODE:MODE:      63     -0.00419723     -0.04702207     -0.02530165
MINMODE:MODE:      64      0.00653755     -0.09335263     -0.21321324
MINMODE:MODE:      65     -0.05403392     -0.26975590     -0.32092514
MINMODE:MODE:      66     -0.00727825     -0.06016112     -0.10931360
MINMODE:MODE:      67      0.00165135     -0.05556439     -0.03599718
MINMODE:MODE:      68      0.00042365     -0.02819872     -0.02796972
MINMODE:MODE:      69     -0.03657744      0.01717645     -0.07074685
MINMODE:MODE:      70     -0.04751317      0.01896827     -0.12887569
MINMODE:MODE:      71     -0.01924152     -0.02296829     -0.13996165
MINMODE:MODE:      72      0.01145023     -0.02707337      0.05333451
MINMODE:MODE:      73      0.04185607      0.35959008      0.46179447
MINMODE:MODE:      74     -0.00110369     -0.01924912      0.03411807
MINMODE:MODE:      75      0.04107183     -0.09257242     -0.00366773
MINMODE:MODE:      76      0.02177461     -0.03422955      0.00509714
MINMODE:MODE:      77     -0.05261324      0.04590140     -0.06534209
MINMODE:MODE:      78     -0.08410068      0.04658866     -0.15060013
MINMODE:MODE:      79     -0.04343375     -0.01426461     -0.15709146
MINMODE:MODE: Optimization Step: 60
MINMODE:MODE: Order: 0
MINMODE:MODE:       0      0.00012769      0.04996668     -0.03044974
MINMODE:MODE:       1      0.01048704     -0.06147576      0.00398575
MINMODE:MODE:       2      0.01394207     -0.02317906      0.02753556
MINMODE:MODE:       3      0.01071443     -0.00151080      0.04365023
MINMODE:MODE:       4     -0.01975131      0.00218095      0.02720985
MINMODE:MODE:       5     -0.00834639      0.01198889      0.01655191
MINMODE:MODE:       6      0.01677255     -0.00225231      0.01356773
MINMODE:MODE:       7      0.00264419      0.01610383      0.01552768
MINMODE:MODE:       8     -0.03406778      0.05093478      0.02018783
MINMODE:MODE:       9     -0.06085169      0.06773447      0.02383269
MINMODE:MODE:      10     -0.04966502      0.05040642      0.02323286
MINMODE:MODE:      11      0.01498691     -0.02134144      0.02770144
MINMODE:MODE:      12      0.00560288     -0.03581327     -0.00902317
MINMODE:MODE:      13      0.01590010     -0.04017165     -0.00511617
MINMODE:MODE:      14      0.03763515     -0.03079081      0.02877164
MINMODE:MODE:      15      0.04719129     -0.01701740      0.06086155
MINMODE:MODE:      16      0.03805621     -0.00957222      0.05994700
MINMODE:MODE:      17     -0.01299740     -0.03079158     -0.00035353
MINMODE:MODE:      18      0.00157830     -0.00060571     -0.01879084
MINMODE:MODE:      19      0.03179998      0.01904861     -0.01103187
MINMODE:MODE:      20      0.01969741      0.00258077     -0.00256879
MINMODE:MODE:      21      0.04678574      0.00978789      0.03525362
MINMODE:MODE:      22      0.05407779      0.01471832      0.03928234
MINMODE:MODE:      23      0.03381752      0.01320950      0.00853416
MINMODE:MODE:      24      0.00457536      0.00658452     -0.03048736
MINMODE:MODE:      25     -0.00517006      0.00151278     -0.03649220
MINMODE:MODE:      26     -0.00721670      0.01312895      0.00667617
MINMODE:MODE:      27      0.00962942      0.03737235     -0.03520215
MINMODE:MODE:      28      0.00969402      0.03775473     -0.03611036
MINMODE:MODE:      29     -0.01881640      0.01337754      0.00203423
MINMODE:MODE:      30     -0.04197792     -0.01299211      0.04268168
MINMODE:MODE:      31     -0.03802292     -0.01442811      0.04135423
MINMODE:MODE:      32      0.04521182     -0.02506541      0.04346901
MINMODE:MODE:      33     -0.01675295     -0.00205540      0.02963445
MINMODE:MODE:      34      0.04000393     -0.00044340      0.04084335
MINMODE:MODE:      35      0.00690313      0.01168864      0.06297314
MINMODE:MODE:      36      0.04520094     -0.03137719      0.01199971
MINMODE:MODE:      37      0.02074701      0.00272730      0.01303379
MINMODE:MODE:      38     -0.04294664      0.06475981      0.02131769
MINMODE:MODE:      39     -0.08936125      0.09464791      0.02832960
MINMODE:MODE:      40     -0.07218165      0.06483239      0.02612919
MINMODE:MODE:      41     -0.01495989     -0.04465036     -0.03879194
MINMODE:MODE:      42      0.00877219     -0.04929510     -0.02828037
MINMODE:MODE:      43      0.04609051     -0.03478172      0.03195339
MINMODE:MODE:      44      0.06360560     -0.01044426      0.08664506
MINMODE:MODE:      45      0.05179513      0.00279216      0.08406863
MINMODE:MODE:      46     -0.02965376     -0.02749702      0.00183296
MINMODE:MODE:      47     -0.02291286     -0.03250403      0.00199375
MINMODE:MODE:      48     -0.00878519      0.01342529     -0.02596717
MINMODE:MODE:      49     -0.00243632     -0.00573588     -0.01681887
MINMODE:MODE:      50      0.05808319      0.01100301      0.06373668
MINMODE:MODE:      51      0.07500654      0.01947790      0.06832860
MINMODE:MODE:      52      0.04065280      0.01666191      0.01400892
MINMODE:MODE:      53     -0.01077929      0.00571223     -0.05513267
MINMODE:MODE:      54     -0.02977377     -0.00445579     -0.07069882
MINMODE:MODE:      55      0.01926037      0.04521702     -0.04903747
MINMODE:MODE:      56      0.02590153      0.05566887     -0.06404314
MINMODE:MODE:      57     -0.02298906      0.01481417      0.00466787
MINMODE:MODE:      58     -0.06596430     -0.03206608      0.07604578
MINMODE:MODE:      59     -0.06317121     -0.03322511      0.06845322
MINMODE:MODE:      60      0.01711892      0.06390400      0.07497469
MINMODE:MODE:      61      0.03025039      0.07490780      0.08138260
MINMODE:MODE:      62     -0.00739752     -0.05803719     -0.02071772
MINMODE:MODE:      63     -0.00455909     -0.04423121     -0.02057594
MINMODE:MODE:      64      0.00425329     -0.09756833     -0.21650460
MINMODE:MODE:      65     -0.05639318     -0.26754288     -0.32386331
MINMODE:MODE:      66     -0.00987677     -0.06355904     -0.11402876
MINMODE:MODE:      67     -0.00102381     -0.05811978     -0.03703931
MINMODE:MODE:      68      0.00002610     -0.02935826     -0.02726177
MINMODE:MODE:      69     -0.03484611      0.01717432     -0.07109482
MINMODE:MODE:      70     -0.04386774      0.01820783     -0.13177523
MINMODE:MODE:      71     -0.01639623     -0.02560073     -0.14407583
MINMODE:MODE:      72      0.01053750     -0.02653141      0.04996467
MINMODE:MODE:      73      0.04102204      0.36250101      0.46011669
MINMODE:MODE:      74     -0.00114389     -0.01874164      0.03459085
MINMODE:MODE:      75      0.03738045     -0.09509229     -0.00417847
MINMODE:MODE:      76      0.02076955     -0.03500152      0.00647881
MINMODE:MODE:      77     -0.05045464      0.04732218     -0.06488893
MINMODE:MODE:      78     -0.07909262      0.04614510     -0.15360310
MINMODE:MODE:      79     -0.03970566     -0.01705958     -0.16134879
MINMODE:MODE: Optimization Step: 61
MINMODE:MODE: Order: 0
MINMODE:MODE:       0      0.00021299      0.05473878     -0.02154510
MINMODE:MODE:       1      0.01031841     -0.06110132      0.00430979
MINMODE:MODE:       2      0.01385344     -0.02315663      0.02757601
MINMODE:MODE:       3      0.01010658     -0.00108125      0.04357185
MINMODE:MODE:       4     -0.02010049      0.00269608      0.02826815
MINMODE:MODE:       5     -0.00767335      0.01163308      0.01659937
MINMODE:MODE:       6      0.01690148     -0.00238705      0.01360594
MINMODE:MODE:       7      0.00284844      0.01579530      0.01548738
MINMODE:MODE:       8     -0.03339041      0.05017379      0.01993675
MINMODE:MODE:       9     -0.05978395      0.06671763      0.02351608
MINMODE:MODE:      10     -0.04870056      0.04963741      0.02294227
MINMODE:MODE:      11      0.01409268     -0.02128533      0.02781423
MINMODE:MODE:      12      0.00494047     -0.03564658     -0.00872252
MINMODE:MODE:      13      0.01519934     -0.03984279     -0.00476113
MINMODE:MODE:      14      0.03670060     -0.03050889      0.02865771
MINMODE:MODE:      15      0.04601288     -0.01695453      0.06037436
MINMODE:MODE:      16      0.03703028     -0.00956045      0.05959476
MINMODE:MODE:      17     -0.01272720     -0.03064460      0.00050945
MINMODE:MODE:      18      0.00178122     -0.00034171     -0.01821467
MINMODE:MODE:      19      0.03244862      0.01947556     -0.01010970
MINMODE:MODE:      20      0.01957483      0.00255675     -0.00246941
MINMODE:MODE:      21      0.04626340      0.00958774      0.03464718
MINMODE:MODE:      22      0.05338963      0.01444081      0.03852560
MINMODE:MODE:      23      0.03336924      0.01296317      0.00829841
MINMODE:MODE:      24      0.00448833      0.00650509     -0.03017845
MINMODE:MODE:      25     -0.00513843      0.00151231     -0.03603611
MINMODE:MODE:      26     -0.00633028      0.01335938      0.00699180
MINMODE:MODE:      27      0.00967912      0.03690531     -0.03397454
MINMODE:MODE:      28      0.00981739      0.03723663     -0.03498949
MINMODE:MODE:      29     -0.01812450      0.01331363      0.00224767
MINMODE:MODE:      30     -0.04082306     -0.01263441      0.04237258
MINMODE:MODE:      31     -0.03691380     -0.01399575      0.04109107
MINMODE:MODE:      32      0.04564599     -0.02511615      0.04358902
MINMODE:MODE:      33     -0.01604967     -0.00221089      0.02968133
MINMODE:MODE:      34      0.03936868      0.00016440      0.04075551
MINMODE:MODE:      35      0.00649804      0.01246873      0.06247521
MINMODE:MODE:      36      0.04476235     -0.03097666      0.01193127
MINMODE:MODE:      37      0.02057795      0.00272083      0.01304841
MINMODE:MODE:      38     -0.04221644      0.06386498      0.02104732
MINMODE:MODE:      39     -0.08800552      0.09331032      0.02791344
MINMODE:MODE:      40     -0.07113325      0.06378929      0.02571299
MINMODE:MODE:      41     -0.01542554     -0.04442022     -0.03815501
MINMODE:MODE:      42      0.00824992     -0.04877540     -0.02749145
MINMODE:MODE:      43      0.04512498     -0.03440107      0.03186044
MINMODE:MODE:      44      0.06224291     -0.01044037      0.08575419
MINMODE:MODE:      45      0.05093425      0.00270366      0.08325881
MINMODE:MODE:      46     -0.02953262     -0.02774679      0.00333878
MINMODE:MODE:      47     -0.02283134     -0.03223482      0.00320511
MINMODE:MODE:      48     -0.00875913      0.01399839     -0.02582661
MINMODE:MODE:      49     -0.00257742     -0.00538129     -0.01624031
MINMODE:MODE:      50      0.05735580      0.01077460      0.06265844
MINMODE:MODE:      51      0.07403172      0.01909905      0.06710975
MINMODE:MODE:      52      0.04014113      0.01633995      0.01374681
MINMODE:MODE:      53     -0.01064409      0.00565152     -0.05444123
MINMODE:MODE:      54     -0.02934714     -0.00443578     -0.06972552
MINMODE:MODE:      55      0.01865597      0.04410864     -0.04698077
MINMODE:MODE:      56      0.02568663      0.05477355     -0.06242136
MINMODE:MODE:      57     -0.02225242      0.01470768      0.00482834
MINMODE:MODE:      58     -0.06444357     -0.03140926      0.07520317
MINMODE:MODE:      59     -0.06191413     -0.03244269      0.06761656
MINMODE:MODE:      60      0.01665110      0.06874583      0.07992138
MINMODE:MODE:      61      0.02951578      0.07803736      0.08088355
MINMODE:MODE:      62     -0.00736925     -0.05622819     -0.01299491
MINMODE:MODE:      63     -0.00499202     -0.04113099     -0.01415083
MINMODE:MODE:      64      0.00147483     -0.10029671     -0.22033047
MINMODE:MODE:      65     -0.05796314     -0.26709333     -0.32585371
MINMODE:MODE:      66     -0.01206003     -0.06650745     -0.11857843
MINMODE:MODE:      67     -0.00354856     -0.06065369     -0.03859130
MINMODE:MODE:      68     -0.00036041     -0.03060076     -0.02702305
MINMODE:MODE:      69     -0.03333851      0.01721529     -0.07181020
MINMODE:MODE:      70     -0.04056400      0.01746559     -0.13485549
MINMODE:MODE:      71     -0.01413169     -0.02802546     -0.14835699
MINMODE:MODE:      72      0.00982222     -0.02594349      0.04730591
MINMODE:MODE:      73      0.04036770      0.36354134      0.45514101
MINMODE:MODE:      74     -0.00163472     -0.01792196      0.03502934
MINMODE:MODE:      75      0.03387134     -0.09830327     -0.00487195
MINMODE:MODE:      76      0.01988840     -0.03596944      0.00796185
MINMODE:MODE:      77     -0.04850229      0.04900029     -0.06469032
MINMODE:MODE:      78     -0.07437292      0.04606114     -0.15720112
MINMODE:MODE:      79     -0.03622126     -0.01998349     -0.16632427
MINMODE:MODE: Optimization Step: 62
MINMODE:MODE: Order: 0
MINMODE:MODE:       0      0.00071019      0.06084283     -0.00786604
MINMODE:MODE:       1      0.01015150     -0.06031790      0.00526825
MINMODE:MODE:       2      0.01371292     -0.02322523      0.02795216
MINMODE:MODE:       3      0.00946294     -0.00059979      0.04393828
MINMODE:MODE:       4     -0.02019067      0.00322698      0.02990696
MINMODE:MODE:       5     -0.00696277      0.01145783      0.01695652
MINMODE:MODE:       6      0.01723133     -0.00259153      0.01388624
MINMODE:MODE:       7      0.00314730      0.01562046      0.01566768
MINMODE:MODE:       8     -0.03301514      0.04994826      0.01992321
MINMODE:MODE:       9     -0.05920754      0.06638378      0.02346077
MINMODE:MODE:      10     -0.04811311      0.04938954      0.02290478
MINMODE:MODE:      11      0.01320188     -0.02142746      0.02817823
MINMODE:MODE:      12      0.00419088     -0.03582547     -0.00852425
MINMODE:MODE:      13      0.01455381     -0.03990899     -0.00442852
MINMODE:MODE:      14      0.03606693     -0.03055541      0.02890014
MINMODE:MODE:      15      0.04521618     -0.01711010      0.06056737
MINMODE:MODE:      16      0.03630120     -0.00968908      0.05989466
MINMODE:MODE:      17     -0.01249321     -0.03064858      0.00135878
MINMODE:MODE:      18      0.00195111     -0.00010765     -0.01774241
MINMODE:MODE:      19      0.03290938      0.01985345     -0.00874769
MINMODE:MODE:      20      0.01956111      0.00261002     -0.00228894
MINMODE:MODE:      21      0.04615331      0.00947416      0.03442432
MINMODE:MODE:      22      0.05318474      0.01429943      0.03815646
MINMODE:MODE:      23      0.03324117      0.01285056      0.00815398
MINMODE:MODE:      24      0.00441763      0.00653140     -0.03018142
MINMODE:MODE:      25     -0.00517981      0.00159188     -0.03592555
MINMODE:MODE:      26     -0.00528502      0.01386428      0.00719074
MINMODE:MODE:      27      0.00994827      0.03673849     -0.03297280
MINMODE:MODE:      28      0.01008654      0.03704600     -0.03407982
MINMODE:MODE:      29     -0.01754281      0.01339585      0.00257290
MINMODE:MODE:      30     -0.04002360     -0.01232439      0.04258594
MINMODE:MODE:      31     -0.03609357     -0.01357917      0.04126535
MINMODE:MODE:      32      0.04632310     -0.02531436      0.04400008
MINMODE:MODE:      33     -0.01546757     -0.00248734      0.03006595
MINMODE:MODE:      34      0.03907595      0.00075896      0.04110545
MINMODE:MODE:      35      0.00603353      0.01352854      0.06260761
MINMODE:MODE:      36      0.04477728     -0.03091449      0.01198340
MINMODE:MODE:      37      0.02065264      0.00273463      0.01325656
MINMODE:MODE:      38     -0.04187756      0.06363864      0.02100332
MINMODE:MODE:      39     -0.08749314      0.09297653      0.02779442
MINMODE:MODE:      40     -0.07076285      0.06343050      0.02557535
MINMODE:MODE:      41     -0.01615499     -0.04456205     -0.03790102
MINMODE:MODE:      42      0.00770600     -0.04874526     -0.02694637
MINMODE:MODE:      43      0.04455253     -0.03440954      0.03216081
MINMODE:MODE:      44      0.06144741     -0.01059492      0.08584423
MINMODE:MODE:      45      0.05053631      0.00261155      0.08338091
MINMODE:MODE:      46     -0.02954305     -0.02828017      0.00487465
MINMODE:MODE:      47     -0.02298405     -0.03222957      0.00447055
MINMODE:MODE:      48     -0.00887364      0.01474430     -0.02597654
MINMODE:MODE:      49     -0.00272268     -0.00508199     -0.01575376
MINMODE:MODE:      50      0.05722561      0.01062260      0.06223110
MINMODE:MODE:      51      0.07378516      0.01888144      0.06656887
MINMODE:MODE:      52      0.04002722      0.01617077      0.01362154
MINMODE:MODE:      53     -0.01062179      0.00567884     -0.05431883
MINMODE:MODE:      54     -0.02923387     -0.00442049     -0.06942293
MINMODE:MODE:      55      0.01841553      0.04337626     -0.04543044
MINMODE:MODE:      56      0.02583924      0.05438907     -0.06132191
MINMODE:MODE:      57     -0.02163308      0.01478809      0.00508809
MINMODE:MODE:      58     -0.06355135     -0.03100784      0.07524003
MINMODE:MODE:      59     -0.06124223     -0.03185319      0.06751002
MINMODE:MODE:      60      0.01659353      0.07459984      0.08697371
MINMODE:MODE:      61      0.02897287      0.08215952      0.08120365
MINMODE:MODE:      62     -0.00715688     -0.05364896     -0.00187669
MINMODE:MODE:      63     -0.00576010     -0.03754897     -0.00406261
MINMODE:MODE:      64     -0.00168219     -0.10567173     -0.22512224
MINMODE:MODE:      65     -0.05997946     -0.26418874     -0.32760134
MINMODE:MODE:      66     -0.01501034     -0.07065315     -0.12533428
MINMODE:MODE:      67     -0.00644881     -0.06425178     -0.04107035
MINMODE:MODE:      68     -0.00078679     -0.03224050     -0.02720628
MINMODE:MODE:      69     -0.03199524      0.01742126     -0.07357813
MINMODE:MODE:      70     -0.03725999      0.01676099     -0.13990334
MINMODE:MODE:      71     -0.01197534     -0.03106346     -0.15496003
MINMODE:MODE:      72      0.00908148     -0.02567696      0.04302170
MINMODE:MODE:      73      0.03961264      0.36155520      0.44083511
MINMODE:MODE:      74     -0.00193870     -0.01723090      0.03553458
MINMODE:MODE:      75      0.03020593     -0.10315973     -0.00566682
MINMODE:MODE:      76      0.01920835     -0.03735605      0.00977479
MINMODE:MODE:      77     -0.04679836      0.05155092     -0.06531153
MINMODE:MODE:      78     -0.06970625      0.04657266     -0.16322515
MINMODE:MODE:      79     -0.03270507     -0.02357344     -0.17409213
MINMODE:MODE: Optimization Step: 63
MINMODE:MODE: Order: 0
MINMODE:MODE:       0      0.00127555      0.06710829      0.00862464
MINMODE:MODE:       1      0.00979923     -0.05978316      0.00580316
MINMODE:MODE:       2      0.01348020     -0.02335429      0.02854908
MINMODE:MODE:       3      0.00891470     -0.00010358      0.04484575
MINMODE:MODE:       4     -0.01987824      0.00370476      0.03200311
MINMODE:MODE:       5     -0.00624902      0.01153611      0.01772173
MINMODE:MODE:       6      0.01775690     -0.00280806      0.01448289
MINMODE:MODE:       7      0.00349772      0.01568460      0.01613880
MINMODE:MODE:       8     -0.03298604      0.05036497      0.02019979
MINMODE:MODE:       9     -0.05942433      0.06707462      0.02380093
MINMODE:MODE:      10     -0.04798870      0.04979560      0.02320749
MINMODE:MODE:      11      0.01241262     -0.02178749      0.02881552
MINMODE:MODE:      12      0.00343823     -0.03638929     -0.00844814
MINMODE:MODE:      13      0.01406099     -0.04048278     -0.00416768
MINMODE:MODE:      14      0.03587271     -0.03103474      0.02955387
MINMODE:MODE:      15      0.04503386     -0.01750166      0.06166372
MINMODE:MODE:      16      0.03599175     -0.00998772      0.06098438
MINMODE:MODE:      17     -0.01236477     -0.03089096      0.00197053
MINMODE:MODE:      18      0.00204375      0.00001978     -0.01738869
MINMODE:MODE:      19      0.03300387      0.02013916     -0.00712714
MINMODE:MODE:      20      0.01962783      0.00279195     -0.00195847
MINMODE:MODE:      21      0.04648761      0.00948451      0.03472334
MINMODE:MODE:      22      0.05364478      0.01437014      0.03841540
MINMODE:MODE:      23      0.03348721      0.01292667      0.00810796
MINMODE:MODE:      24      0.00437744      0.00670433     -0.03056100
MINMODE:MODE:      25     -0.00529161      0.00176721     -0.03620776
MINMODE:MODE:      26     -0.00417689      0.01463545      0.00725883
MINMODE:MODE:      27      0.01041644      0.03692715     -0.03230209
MINMODE:MODE:      28      0.01051372      0.03732075     -0.03353544
MINMODE:MODE:      29     -0.01712618      0.01369528      0.00296987
MINMODE:MODE:      30     -0.03980187     -0.01216248      0.04350102
MINMODE:MODE:      31     -0.03560460     -0.01314939      0.04183130
MINMODE:MODE:      32      0.04729324     -0.02555880      0.04476758
MINMODE:MODE:      33     -0.01511371     -0.00291716      0.03071569
MINMODE:MODE:      34      0.03900204      0.00126600      0.04201226
MINMODE:MODE:      35      0.00561939      0.01477143      0.06357663
MINMODE:MODE:      36      0.04539519     -0.03132117      0.01219026
MINMODE:MODE:      37      0.02102468      0.00278725      0.01369581
MINMODE:MODE:      38     -0.04207594      0.06430294      0.02126052
MINMODE:MODE:      39     -0.08805102      0.09391981      0.02806414
MINMODE:MODE:      40     -0.07129972      0.06396094      0.02580829
MINMODE:MODE:      41     -0.01713733     -0.04516420     -0.03817418
MINMODE:MODE:      42      0.00721992     -0.04933769     -0.02675542
MINMODE:MODE:      43      0.04455218     -0.03492209      0.03293201
MINMODE:MODE:      44      0.06143510     -0.01093772      0.08712346
MINMODE:MODE:      45      0.05076678      0.00252933      0.08467840
MINMODE:MODE:      46     -0.02981552     -0.02900325      0.00627261
MINMODE:MODE:      47     -0.02336166     -0.03247410      0.00553466
MINMODE:MODE:      48     -0.00913540      0.01553254     -0.02641869
MINMODE:MODE:      49     -0.00284503     -0.00492075     -0.01540182
MINMODE:MODE:      50      0.05785963      0.01058947      0.06269045
MINMODE:MODE:      51      0.07444477      0.01889415      0.06694552
MINMODE:MODE:      52      0.04043710      0.01622406      0.01369363
MINMODE:MODE:      53     -0.01074620      0.00582413     -0.05491848
MINMODE:MODE:      54     -0.02954652     -0.00442581     -0.07002002
MINMODE:MODE:      55      0.01868918      0.04324774     -0.04475203
MINMODE:MODE:      56      0.02640478      0.05467800     -0.06094416
MINMODE:MODE:      57     -0.02123524      0.01510442      0.00545812
MINMODE:MODE:      58     -0.06350528     -0.03093764      0.07631897
MINMODE:MODE:      59     -0.06141350     -0.03160325      0.06836792
MINMODE:MODE:      60      0.01705414      0.08053650      0.09570556
MINMODE:MODE:      61      0.02884653      0.08697016      0.08268197
MINMODE:MODE:      62     -0.00682133     -0.05048594      0.01148539
MINMODE:MODE:      63     -0.00681768     -0.03368744      0.00968814
MINMODE:MODE:      64     -0.00408260     -0.11226129     -0.22904919
MINMODE:MODE:      65     -0.06197835     -0.25804968     -0.32837618
MINMODE:MODE:      66     -0.01899467     -0.07583537     -0.13373686
MINMODE:MODE:      67     -0.00914311     -0.06899234     -0.04443569
MINMODE:MODE:      68     -0.00122931     -0.03413363     -0.02791397
MINMODE:MODE:      69     -0.03094672      0.01788287     -0.07639459
MINMODE:MODE:      70     -0.03463307      0.01636841     -0.14680464
MINMODE:MODE:      71     -0.01067193     -0.03453735     -0.16331497
MINMODE:MODE:      72      0.00864462     -0.02504203      0.03918833
MINMODE:MODE:      73      0.03877067      0.35597062      0.41622468
MINMODE:MODE:      74     -0.00188670     -0.01780836      0.03480513
MINMODE:MODE:      75      0.02673220     -0.10954526     -0.00700312
MINMODE:MODE:      76      0.01887775     -0.03908112      0.01176525
MINMODE:MODE:      77     -0.04560664      0.05491319     -0.06688417
MINMODE:MODE:      78     -0.06560739      0.04782015     -0.17149811
MINMODE:MODE:      79     -0.02961317     -0.02772639     -0.18433183
MINMODE:MODE: Optimization Step: 64
MINMODE:MODE: Order: 0
MINMODE:MODE:       0      0.00121927      0.06778538      0.00718063
MINMODE:MODE:       1      0.00936771     -0.06025033      0.00384352
MINMODE:MODE:       2      0.01320858     -0.02311187      0.02818317
MINMODE:MODE:       3      0.00851627      0.00032114      0.04482073
MINMODE:MODE:       4     -0.01998582      0.00440260      0.03289156
MINMODE:MODE:       5     -0.00543287      0.01125745      0.01806070
MINMODE:MODE:       6      0.01800971     -0.00292365      0.01472527
MINMODE:MODE:       7      0.00375277      0.01547013      0.01634402
MINMODE:MODE:       8     -0.03238035      0.04989803      0.02014182
MINMODE:MODE:       9     -0.05850361      0.06655071      0.02373833
MINMODE:MODE:      10     -0.04701355      0.04935021      0.02314937
MINMODE:MODE:      11      0.01161492     -0.02175957      0.02898526
MINMODE:MODE:      12      0.00273352     -0.03625674     -0.00815072
MINMODE:MODE:      13      0.01336731     -0.04030600     -0.00387292
MINMODE:MODE:      14      0.03509102     -0.03092290      0.02961778
MINMODE:MODE:      15      0.04408655     -0.01754183      0.06151382
MINMODE:MODE:      16      0.03509964     -0.01003946      0.06088289
MINMODE:MODE:      17     -0.01233805     -0.03064243      0.00212066
MINMODE:MODE:      18      0.00202324      0.00006205     -0.01671507
MINMODE:MODE:      19      0.03302318      0.02073920     -0.00597577
MINMODE:MODE:      20      0.01922519      0.00290197     -0.00156254
MINMODE:MODE:      21      0.04585104      0.00931814      0.03452898
MINMODE:MODE:      22      0.05299141      0.01419628      0.03805196
MINMODE:MODE:      23      0.03308216      0.01278479      0.00797256
MINMODE:MODE:      24      0.00425061      0.00676485     -0.03033168
MINMODE:MODE:      25     -0.00533610      0.00187071     -0.03581783
MINMODE:MODE:      26     -0.00318512      0.01500554      0.00744609
MINMODE:MODE:      27      0.01070059      0.03659220     -0.03127513
MINMODE:MODE:      28      0.01078129      0.03693423     -0.03251118
MINMODE:MODE:      29     -0.01647329      0.01371307      0.00331825
MINMODE:MODE:      30     -0.03887116     -0.01179135      0.04346505
MINMODE:MODE:      31     -0.03453239     -0.01263525      0.04161618
MINMODE:MODE:      32      0.04720468     -0.02533604      0.04461385
MINMODE:MODE:      33     -0.01503357     -0.00299562      0.03051912
MINMODE:MODE:      34      0.03831854      0.00183346      0.04202497
MINMODE:MODE:      35      0.00529035      0.01543139      0.06335888
MINMODE:MODE:      36      0.04519052     -0.03114513      0.01219902
MINMODE:MODE:      37      0.02100706      0.00277373      0.01394112
MINMODE:MODE:      38     -0.04146590      0.06380079      0.02118163
MINMODE:MODE:      39     -0.08692433      0.09321827      0.02787283
MINMODE:MODE:      40     -0.07049922      0.06330878      0.02557262
MINMODE:MODE:      41     -0.01782235     -0.04491529     -0.03783244
MINMODE:MODE:      42      0.00666782     -0.04898348     -0.02616378
MINMODE:MODE:      43      0.04379696     -0.03476764      0.03302725
MINMODE:MODE:      44      0.06038573     -0.01106314      0.08674140
MINMODE:MODE:      45      0.05006218      0.00240826      0.08435384
MINMODE:MODE:      46     -0.02958859     -0.02917045      0.00733176
MINMODE:MODE:      47     -0.02309936     -0.03177911      0.00590963
MINMODE:MODE:      48     -0.00928589      0.01575609     -0.02620809
MINMODE:MODE:      49     -0.00293985     -0.00483381     -0.01475790
MINMODE:MODE:      50      0.05735921      0.01036713      0.06204785
MINMODE:MODE:      51      0.07361352      0.01857651      0.06623514
MINMODE:MODE:      52      0.04003056      0.01602360      0.01356194
MINMODE:MODE:      53     -0.01068661      0.00591145     -0.05449111
MINMODE:MODE:      54     -0.02926416     -0.00435905     -0.06941099
MINMODE:MODE:      55      0.01852308      0.04241867     -0.04336836
MINMODE:MODE:      56      0.02642631      0.05397686     -0.05954796
MINMODE:MODE:      57     -0.02051012      0.01513269      0.00571762
MINMODE:MODE:      58     -0.06241485     -0.03032516      0.07595430
MINMODE:MODE:      59     -0.06043655     -0.03085399      0.06788813
MINMODE:MODE:      60      0.01726917      0.08397384      0.10101889
MINMODE:MODE:      61      0.02842787      0.08859533      0.08316912
MINMODE:MODE:      62     -0.00652744     -0.04711247      0.01983337
MINMODE:MODE:      63     -0.00735409     -0.03117077      0.01823614
MINMODE:MODE:      64     -0.00640131     -0.10978608     -0.22964184
MINMODE:MODE:      65     -0.06087095     -0.26126155     -0.32954713
MINMODE:MODE:      66     -0.02016100     -0.07741148     -0.13633939
MINMODE:MODE:      67     -0.01079489     -0.07089554     -0.04694447
MINMODE:MODE:      68     -0.00163137     -0.03488991     -0.02883672
MINMODE:MODE:      69     -0.02951304      0.01793130     -0.07761881
MINMODE:MODE:      70     -0.03239087      0.01577706     -0.14931454
MINMODE:MODE:      71     -0.01009683     -0.03638067     -0.16643478
MINMODE:MODE:      72      0.00851811     -0.02306403      0.04105305
MINMODE:MODE:      73      0.03865875      0.35333454      0.41014040
MINMODE:MODE:      74     -0.00551873     -0.01687075      0.03380731
MINMODE:MODE:      75      0.02361291     -0.11333817     -0.00847820
MINMODE:MODE:      76      0.01832784     -0.03978519      0.01315438
MINMODE:MODE:      77     -0.04364626      0.05670641     -0.06717354
MINMODE:MODE:      78     -0.06105058      0.04824454     -0.17509346
MINMODE:MODE:      79     -0.02670612     -0.03074349     -0.18964778
MINMODE:MODE: Optimization Step: 65
MINMODE:MODE: Order: 0
MINMODE:MODE:       0      0.00061655      0.06758874      0.00401257
MINMODE:MODE:       1      0.00906760     -0.06068497      0.00224265
MINMODE:MODE:       2      0.01307132     -0.02278820      0.02734421
MINMODE:MODE:       3      0.00813981      0.00077940      0.04412308
MINMODE:MODE:       4     -0.02050418      0.00507207      0.03292952
MINMODE:MODE:       5     -0.00465463      0.01073686      0.01796699
MINMODE:MODE:       6      0.01806482     -0.00299491      0.01468884
MINMODE:MODE:       7      0.00396647      0.01504187      0.01631790
MINMODE:MODE:       8     -0.03135154      0.04879268      0.01985071
MINMODE:MODE:       9     -0.05676536      0.06510102      0.02335102
MINMODE:MODE:      10     -0.04550317      0.04825253      0.02280811
MINMODE:MODE:      11      0.01077437     -0.02141299      0.02880832
MINMODE:MODE:      12      0.00201631     -0.03562707     -0.00776382
MINMODE:MODE:      13      0.01250269     -0.03958530     -0.00355114
MINMODE:MODE:      14      0.03386989     -0.03037886      0.02927293
MINMODE:MODE:      15      0.04257916     -0.01734275      0.06047356
MINMODE:MODE:      16      0.03380828     -0.00993408      0.05995387
MINMODE:MODE:      17     -0.01232889     -0.03019532      0.00224473
MINMODE:MODE:      18      0.00198112      0.00022829     -0.01598247
MINMODE:MODE:      19      0.03311198      0.02142544     -0.00523856
MINMODE:MODE:      20      0.01861739      0.00293340     -0.00123754
MINMODE:MODE:      21      0.04462756      0.00903564      0.03391091
MINMODE:MODE:      22      0.05158026      0.01383013      0.03721109
MINMODE:MODE:      23      0.03221831      0.01248481      0.00778151
MINMODE:MODE:      24      0.00404850      0.00674142     -0.02968547
MINMODE:MODE:      25     -0.00532848      0.00194189     -0.03495897
MINMODE:MODE:      26     -0.00234564      0.01505488      0.00779594
MINMODE:MODE:      27      0.01087728      0.03590909     -0.02999257
MINMODE:MODE:      28      0.01093841      0.03608870     -0.03113843
MINMODE:MODE:      29     -0.01563504      0.01351503      0.00361781
MINMODE:MODE:      30     -0.03741142     -0.01124307      0.04275460
MINMODE:MODE:      31     -0.03308830     -0.01203882      0.04089473
MINMODE:MODE:      32      0.04663223     -0.02499291      0.04386277
MINMODE:MODE:      33     -0.01511884     -0.00279325      0.02972828
MINMODE:MODE:      34      0.03727865      0.00251084      0.04139304
MINMODE:MODE:      35      0.00501286      0.01573397      0.06230224
MINMODE:MODE:      36      0.04440786     -0.03053510      0.01208272
MINMODE:MODE:      37      0.02070916      0.00271923      0.01403990
MINMODE:MODE:      38     -0.04027126      0.06245207      0.02086502
MINMODE:MODE:      39     -0.08460312      0.09130676      0.02735184
MINMODE:MODE:      40     -0.06872484      0.06179458      0.02500910
MINMODE:MODE:      41     -0.01828486     -0.04413662     -0.03699075
MINMODE:MODE:      42      0.00604920     -0.04796183     -0.02526041
MINMODE:MODE:      43      0.04248059     -0.03412912      0.03264738
MINMODE:MODE:      44      0.05857381     -0.01103587      0.08515059
MINMODE:MODE:      45      0.04870183      0.00225682      0.08286929
MINMODE:MODE:      46     -0.02918070     -0.02911584      0.00825083
MINMODE:MODE:      47     -0.02239910     -0.03047426      0.00593757
MINMODE:MODE:      48     -0.00926174      0.01574064     -0.02557832
MINMODE:MODE:      49     -0.00302072     -0.00478696     -0.01395117
MINMODE:MODE:      50      0.05601876      0.00999869      0.06059913
MINMODE:MODE:      51      0.07170851      0.01802128      0.06471896
MINMODE:MODE:      52      0.03903505      0.01563945      0.01327800
MINMODE:MODE:      53     -0.01050318      0.00594946     -0.05332222
MINMODE:MODE:      54     -0.02857303     -0.00426596     -0.06790358
MINMODE:MODE:      55      0.01798338      0.04103657     -0.04134598
MINMODE:MODE:      56      0.02606600      0.05253558     -0.05740102
MINMODE:MODE:      57     -0.01954750      0.01493474      0.00589926
MINMODE:MODE:      58     -0.06052821     -0.02930909      0.07454029
MINMODE:MODE:      59     -0.05861065     -0.02972747      0.06646165
MINMODE:MODE:      60      0.01707312      0.08555613      0.10359372
MINMODE:MODE:      61      0.02781545      0.08899337      0.08280884
MINMODE:MODE:      62     -0.00633069     -0.04495098      0.02288233
MINMODE:MODE:      63     -0.00746416     -0.02955780      0.02161110
MINMODE:MODE:      64     -0.00899469     -0.10489574     -0.23002606
MINMODE:MODE:      65     -0.06028725     -0.26810721     -0.33156156
MINMODE:MODE:      66     -0.01979814     -0.07775643     -0.13623628
MINMODE:MODE:      67     -0.01204820     -0.07121668     -0.04848062
MINMODE:MODE:      68     -0.00201806     -0.03496623     -0.02955797
MINMODE:MODE:      69     -0.02786905      0.01766887     -0.07781998
MINMODE:MODE:      70     -0.03002101      0.01504575     -0.14924684
MINMODE:MODE:      71     -0.00919633     -0.03733807     -0.16675532
MINMODE:MODE:      72      0.00821925     -0.02085411      0.04493345
MINMODE:MODE:      73      0.03949666      0.35436408      0.41430092
MINMODE:MODE:      74     -0.00936427     -0.01553308      0.03283639
MINMODE:MODE:      75      0.02059786     -0.11499437     -0.00962181
MINMODE:MODE:      76      0.01760606     -0.03972736      0.01408459
MINMODE:MODE:      77     -0.04109510      0.05735570     -0.06659970
MINMODE:MODE:      78     -0.05617684      0.04801437     -0.17551854
MINMODE:MODE:      79     -0.02373615     -0.03279412     -0.19166773
MINMODE:MODE: Optimization Step: 66
MINMODE:MODE: Order: 0
MINMODE:MODE:       0     -0.00007282      0.06694375     -0.00074612
MINMODE:MODE:       1      0.00885804     -0.06107714      0.00097770
MINMODE:MODE:       2      0.01303107     -0.02242074      0.02607336
MINMODE:MODE:       3      0.00770559      0.00128846      0.04276490
MINMODE:MODE:       4     -0.02131991      0.00576286      0.03242701
MINMODE:MODE:       5     -0.00392602      0.01005517      0.01747645
MINMODE:MODE:       6      0.01792738     -0.00302337      0.01435686
MINMODE:MODE:       7      0.00415542      0.01438416      0.01602999
MINMODE:MODE:       8     -0.02982805      0.04696249      0.01929788
MINMODE:MODE:       9     -0.05416936      0.06265624      0.02262027
MINMODE:MODE:      10     -0.04331186      0.04634076      0.02213831
MINMODE:MODE:      11      0.00975110     -0.02078343      0.02829482
MINMODE:MODE:      12      0.00123815     -0.03450942     -0.00724476
MINMODE:MODE:      13      0.01142333     -0.03829399     -0.00315430
MINMODE:MODE:      14      0.03212426     -0.02939089      0.02849316
MINMODE:MODE:      15      0.04042164     -0.01689567      0.05853198
MINMODE:MODE:      16      0.03201229     -0.00965895      0.05817446
MINMODE:MODE:      17     -0.01230761     -0.02956485      0.00245919
MINMODE:MODE:      18      0.00193626      0.00050593     -0.01512385
MINMODE:MODE:      19      0.03313349      0.02214154     -0.00442434
MINMODE:MODE:      20      0.01776557      0.00290538     -0.00091929
MINMODE:MODE:      21      0.04275895      0.00862537      0.03279636
MINMODE:MODE:      22      0.04938249      0.01324717      0.03582974
MINMODE:MODE:      23      0.03085658      0.01200531      0.00749894
MINMODE:MODE:      24      0.00376014      0.00661889     -0.02859387
MINMODE:MODE:      25     -0.00525960      0.00197717     -0.03358211
MINMODE:MODE:      26     -0.00154101      0.01485224      0.00831033
MINMODE:MODE:      27      0.01089920      0.03480928     -0.02827243
MINMODE:MODE:      28      0.01099268      0.03475247     -0.02932740
MINMODE:MODE:      29     -0.01454660      0.01311447      0.00387250
MINMODE:MODE:      30     -0.03534746     -0.01051400      0.04138111
MINMODE:MODE:      31     -0.03116311     -0.01133351      0.03965519
MINMODE:MODE:      32      0.04572978     -0.02457751      0.04255295
MINMODE:MODE:      33     -0.01523462     -0.00233669      0.02842465
MINMODE:MODE:      34      0.03584783      0.00336530      0.04009653
MINMODE:MODE:      35      0.00471922      0.01579544      0.06035465
MINMODE:MODE:      36      0.04304114     -0.02946136      0.01184921
MINMODE:MODE:      37      0.02012102      0.00263254      0.01396137
MINMODE:MODE:      38     -0.03844476      0.06019190      0.02028776
MINMODE:MODE:      39     -0.08099656      0.08805368      0.02646510
MINMODE:MODE:      40     -0.06589920      0.05933933      0.02410602
MINMODE:MODE:      41     -0.01858059     -0.04280446     -0.03560652
MINMODE:MODE:      42      0.00531756     -0.04623250     -0.02398422
MINMODE:MODE:      43      0.04052607     -0.03297870      0.03178927
MINMODE:MODE:      44      0.05588763     -0.01085752      0.08228232
MINMODE:MODE:      45      0.04661574      0.00207186      0.08016702
MINMODE:MODE:      46     -0.02862487     -0.02889647      0.00920407
MINMODE:MODE:      47     -0.02127741     -0.02860861      0.00584404
MINMODE:MODE:      48     -0.00906119      0.01557939     -0.02455458
MINMODE:MODE:      49     -0.00309948     -0.00473860     -0.01297592
MINMODE:MODE:      50      0.05378967      0.00947907      0.05826740
MINMODE:MODE:      51      0.06867620      0.01720804      0.06228525
MINMODE:MODE:      52      0.03741971      0.01504321      0.01282036
MINMODE:MODE:      53     -0.01018578      0.00592269     -0.05135090
MINMODE:MODE:      54     -0.02747913     -0.00412917     -0.06544398
MINMODE:MODE:      55      0.01705741      0.03905357     -0.03852936
MINMODE:MODE:      56      0.02531287      0.05029017     -0.05436965
MINMODE:MODE:      57     -0.01829245      0.01449852      0.00602080
MINMODE:MODE:      58     -0.05770433     -0.02782340      0.07199880
MINMODE:MODE:      59     -0.05585077     -0.02814359      0.06401483
MINMODE:MODE:      60      0.01662526      0.08549625      0.10424176
MINMODE:MODE:      61      0.02675003      0.08896523      0.08148292
MINMODE:MODE:      62     -0.00617505     -0.04375180      0.02194196
MINMODE:MODE:      63     -0.00729751     -0.02820253      0.02220508
MINMODE:MODE:      64     -0.01173331     -0.09975708     -0.23034772
MINMODE:MODE:      65     -0.06085432     -0.27684921     -0.33494823
MINMODE:MODE:      66     -0.01848587     -0.07725355     -0.13423399
MINMODE:MODE:      67     -0.01310717     -0.07038582     -0.04910589
MINMODE:MODE:      68     -0.00246276     -0.03447611     -0.02989033
MINMODE:MODE:      69     -0.02580984      0.01718308     -0.07695549
MINMODE:MODE:      70     -0.02716487      0.01415603     -0.14709575
MINMODE:MODE:      71     -0.00765777     -0.03774258     -0.16478233
MINMODE:MODE:      72      0.00759453     -0.01827497      0.05078181
MINMODE:MODE:      73      0.04140654      0.35958277      0.42633156
MINMODE:MODE:      74     -0.01351261     -0.01420861      0.03146364
MINMODE:MODE:      75      0.01740191     -0.11478355     -0.01056621
MINMODE:MODE:      76      0.01661390     -0.03900698      0.01465596
MINMODE:MODE:      77     -0.03782644      0.05700122     -0.06516097
MINMODE:MODE:      78     -0.05059102      0.04704098     -0.17320301
MINMODE:MODE:      79     -0.02038459     -0.03415206     -0.19086413
MINMODE:MODE: Optimization Step: 67
MINMODE:MODE: Order: 0
MINMODE:MODE:       0     -0.00062516      0.06704779     -0.00415546
MINMODE:MODE:       1      0.00877398     -0.06077678      0.00148499
MINMODE:MODE:       2      0.01304050     -0.02208799      0.02492818
MINMODE:MODE:       3      0.00717763      0.00179522      0.04118715
MINMODE:MODE:       4     -0.02208301      0.00633361      0.03186206
MINMODE:MODE:       5     -0.00326837      0.00934258      0.01682039
MINMODE:MODE:       6      0.01767971     -0.00301103      0.01388665
MINMODE:MODE:       7      0.00433833      0.01367216      0.01559078
MINMODE:MODE:       8     -0.02812389      0.04483382      0.01862250
MINMODE:MODE:       9     -0.05129945      0.05980299      0.02175448
MINMODE:MODE:      10     -0.04091096      0.04409454      0.02131006
MINMODE:MODE:      11      0.00866658     -0.02003941      0.02764402
MINMODE:MODE:      12      0.00047930     -0.03322308     -0.00667133
MINMODE:MODE:      13      0.01029333     -0.03679566     -0.00273581
MINMODE:MODE:      14      0.03017704     -0.02822885      0.02754035
MINMODE:MODE:      15      0.03802571     -0.01632954      0.05624328
MINMODE:MODE:      16      0.03001721     -0.00930609      0.05604867
MINMODE:MODE:      17     -0.01220724     -0.02889592      0.00306303
MINMODE:MODE:      18      0.00193093      0.00085977     -0.01426597
MINMODE:MODE:      19      0.03328841      0.02271896     -0.00375301
MINMODE:MODE:      20      0.01690571      0.00284935     -0.00064531
MINMODE:MODE:      21      0.04068191      0.00818789      0.03141144
MINMODE:MODE:      22      0.04692372      0.01260210      0.03422673
MINMODE:MODE:      23      0.02930656      0.01145917      0.00716493
MINMODE:MODE:      24      0.00343277      0.00643304     -0.02730211
MINMODE:MODE:      25     -0.00516520      0.00197542     -0.03199496
MINMODE:MODE:      26     -0.00083550      0.01453113      0.00888045
MINMODE:MODE:      27      0.01075041      0.03354415     -0.02630343
MINMODE:MODE:      28      0.01097331      0.03328051     -0.02738029
MINMODE:MODE:      29     -0.01336204      0.01266185      0.00407564
MINMODE:MODE:      30     -0.03305675     -0.00976085      0.03975329
MINMODE:MODE:      31     -0.02904387     -0.01058253      0.03817586
MINMODE:MODE:      32      0.04484059     -0.02419993      0.04105291
MINMODE:MODE:      33     -0.01512653     -0.00186019      0.02708054
MINMODE:MODE:      34      0.03432012      0.00430074      0.03851269
MINMODE:MODE:      35      0.00438245      0.01580454      0.05804415
MINMODE:MODE:      36      0.04150460     -0.02818782      0.01156882
MINMODE:MODE:      37      0.01943183      0.00256032      0.01374072
MINMODE:MODE:      38     -0.03640345      0.05757539      0.01960123
MINMODE:MODE:      39     -0.07694277      0.08420431      0.02544234
MINMODE:MODE:      40     -0.06268679      0.05651624      0.02310112
MINMODE:MODE:      41     -0.01878032     -0.04131118     -0.03403260
MINMODE:MODE:      42      0.00456740     -0.04426495     -0.02256715
MINMODE:MODE:      43      0.03832635     -0.03162798      0.03075101
MINMODE:MODE:      44      0.05284871     -0.01059303      0.07891659
MINMODE:MODE:      45      0.04424658      0.00192559      0.07699558
MINMODE:MODE:      46     -0.02804822     -0.02861946      0.01018447
MINMODE:MODE:      47     -0.02007710     -0.02675996      0.00600923
MINMODE:MODE:      48     -0.00877545      0.01544886     -0.02343696
MINMODE:MODE:      49     -0.00317449     -0.00466085     -0.01199090
MINMODE:MODE:      50      0.05122548      0.00894429      0.05561409
MINMODE:MODE:      51      0.06524670      0.01633731      0.05946382
MINMODE:MODE:      52      0.03557473      0.01436130      0.01229342
MINMODE:MODE:      53     -0.00983694      0.00582916     -0.04905241
MINMODE:MODE:      54     -0.02628305     -0.00400006     -0.06259440
MINMODE:MODE:      55      0.01595492      0.03688767     -0.03536549
MINMODE:MODE:      56      0.02437897      0.04780354     -0.05099520
MINMODE:MODE:      57     -0.01694717      0.01396117      0.00612856
MINMODE:MODE:      58     -0.05446552     -0.02621034      0.06900003
MINMODE:MODE:      59     -0.05273919     -0.02646145      0.06117578
MINMODE:MODE:      60      0.01603213      0.08541116      0.10357529
MINMODE:MODE:      61      0.02538847      0.08888730      0.08011857
MINMODE:MODE:      62     -0.00622053     -0.04284991      0.02016121
MINMODE:MODE:      63     -0.00692386     -0.02763533      0.02054725
MINMODE:MODE:      64     -0.01350008     -0.09833910     -0.22938257
MINMODE:MODE:      65     -0.06346243     -0.28193241     -0.34013969
MINMODE:MODE:      66     -0.01742726     -0.07698095     -0.13249416
MINMODE:MODE:      67     -0.01417862     -0.06941882     -0.04906245
MINMODE:MODE:      68     -0.00290204     -0.03384757     -0.02970764
MINMODE:MODE:      69     -0.02357968      0.01670952     -0.07546127
MINMODE:MODE:      70     -0.02398383      0.01336293     -0.14443554
MINMODE:MODE:      71     -0.00540526     -0.03816663     -0.16239033
MINMODE:MODE:      72      0.00654676     -0.01606557      0.05527755
MINMODE:MODE:      73      0.04309948      0.36664987      0.44043853
MINMODE:MODE:      74     -0.01635446     -0.01354559      0.03010099
MINMODE:MODE:      75      0.01418110     -0.11360486     -0.01140411
MINMODE:MODE:      76      0.01544605     -0.03808543      0.01496081
MINMODE:MODE:      77     -0.03441783      0.05611887     -0.06330025
MINMODE:MODE:      78     -0.04487275      0.04571544     -0.16967527
MINMODE:MODE:      79     -0.01690940     -0.03507443     -0.18883617
MINMODE:MODE: Optimization Step: 68
MINMODE:MODE: Order: 0
MINMODE:MODE:       0     -0.00116032      0.06747534     -0.00682212
MINMODE:MODE:       1      0.00867446     -0.06023090      0.00224214
MINMODE:MODE:       2      0.01305697     -0.02175757      0.02393855
MINMODE:MODE:       3      0.00660618      0.00224046      0.03959799
MINMODE:MODE:       4     -0.02285533      0.00686044      0.03133033
MINMODE:MODE:       5     -0.00263196      0.00861974      0.01610969
MINMODE:MODE:       6      0.01736893     -0.00294620      0.01337042
MINMODE:MODE:       7      0.00450148      0.01295155      0.01507610
MINMODE:MODE:       8     -0.02639777      0.04264399      0.01791098
MINMODE:MODE:       9     -0.04845332      0.05687367      0.02084756
MINMODE:MODE:      10     -0.03850142      0.04177906      0.02043414
MINMODE:MODE:      11      0.00758626     -0.01928108      0.02696187
MINMODE:MODE:      12     -0.00022637     -0.03190648     -0.00609792
MINMODE:MODE:      13      0.00918983     -0.03525586     -0.00232398
MINMODE:MODE:      14      0.02822339     -0.02702329      0.02652702
MINMODE:MODE:      15      0.03560715     -0.01572137      0.05387380
MINMODE:MODE:      16      0.02799587     -0.00892191      0.05383615
MINMODE:MODE:      17     -0.01204113     -0.02823786      0.00391587
MINMODE:MODE:      18      0.00195866      0.00120745     -0.01341403
MINMODE:MODE:      19      0.03358509      0.02324270     -0.00310865
MINMODE:MODE:      20      0.01608742      0.00275229     -0.00043702
MINMODE:MODE:      21      0.03859312      0.00775786      0.02992911
MINMODE:MODE:      22      0.04446289      0.01195225      0.03255717
MINMODE:MODE:      23      0.02772309      0.01089735      0.00682196
MINMODE:MODE:      24      0.00311338      0.00620901     -0.02596092
MINMODE:MODE:      25     -0.00504933      0.00194314     -0.03035028
MINMODE:MODE:      26     -0.00019248      0.01416359      0.00946190
MINMODE:MODE:      27      0.01048883      0.03221022     -0.02427444
MINMODE:MODE:      28      0.01090849      0.03180312     -0.02544942
MINMODE:MODE:      29     -0.01218760      0.01219726      0.00421620
MINMODE:MODE:      30     -0.03075479     -0.00903089      0.03805715
MINMODE:MODE:      31     -0.02690860     -0.00982565      0.03659725
MINMODE:MODE:      32      0.04400095     -0.02382045      0.03956936
MINMODE:MODE:      33     -0.01472210     -0.00147623      0.02589792
MINMODE:MODE:      34      0.03280106      0.00522801      0.03687130
MINMODE:MODE:      35      0.00402697      0.01580412      0.05564306
MINMODE:MODE:      36      0.03994680     -0.02687863      0.01127675
MINMODE:MODE:      37      0.01871739      0.00249634      0.01343338
MINMODE:MODE:      38     -0.03434532      0.05487849      0.01888161
MINMODE:MODE:      39     -0.07283609      0.08018133      0.02438337
MINMODE:MODE:      40     -0.05941323      0.05362467      0.02207611
MINMODE:MODE:      41     -0.01889744     -0.03982292     -0.03242157
MINMODE:MODE:      42      0.00385057     -0.04225807     -0.02114272
MINMODE:MODE:      43      0.03610016     -0.03022017      0.02965309
MINMODE:MODE:      44      0.04976124     -0.01028501      0.07542510
MINMODE:MODE:      45      0.04184094      0.00181441      0.07371667
MINMODE:MODE:      46     -0.02743137     -0.02824957      0.01120170
MINMODE:MODE:      47     -0.01895947     -0.02515001      0.00649974
MINMODE:MODE:      48     -0.00847428      0.01536973     -0.02234981
MINMODE:MODE:      49     -0.00326735     -0.00452748     -0.01104553
MINMODE:MODE:      50      0.04859966      0.00843567      0.05290687
MINMODE:MODE:      51      0.06177793      0.01548198      0.05653814
MINMODE:MODE:      52      0.03368824      0.01366209      0.01175190
MINMODE:MODE:      53     -0.00948827      0.00569348     -0.04667291
MINMODE:MODE:      54     -0.02510123     -0.00388385     -0.05966473
MINMODE:MODE:      55      0.01479142      0.03474716     -0.03213641
MINMODE:MODE:      56      0.02338258      0.04531386     -0.04760324
MINMODE:MODE:      57     -0.01563429      0.01338817      0.00621312
MINMODE:MODE:      58     -0.05115422     -0.02460341      0.06587374
MINMODE:MODE:      59     -0.04959847     -0.02480842      0.05826740
MINMODE:MODE:      60      0.01525971      0.08543280      0.10252667
MINMODE:MODE:      61      0.02401454      0.08885147      0.07846893
MINMODE:MODE:      62     -0.00629754     -0.04252289      0.01786503
MINMODE:MODE:      63     -0.00651545     -0.02702726      0.01813516
MINMODE:MODE:      64     -0.01460901     -0.09785496     -0.22766103
MINMODE:MODE:      65     -0.06643616     -0.28564716     -0.34568984
MINMODE:MODE:      66     -0.01671520     -0.07669108     -0.13106650
MINMODE:MODE:      67     -0.01526009     -0.06845787     -0.04867257
MINMODE:MODE:      68     -0.00326034     -0.03322330     -0.02915442
MINMODE:MODE:      69     -0.02133864      0.01629012     -0.07364713
MINMODE:MODE:      70     -0.02065796      0.01261948     -0.14168182
MINMODE:MODE:      71     -0.00288833     -0.03862690     -0.15996308
MINMODE:MODE:      72      0.00538536     -0.01405504      0.05908534
MINMODE:MODE:      73      0.04413207      0.37411381      0.45409606
MINMODE:MODE:      74     -0.01841427     -0.01321635      0.02923929
MINMODE:MODE:      75      0.01108227     -0.11202282     -0.01213836
MINMODE:MODE:      76      0.01418832     -0.03712955      0.01511424
MINMODE:MODE:      77     -0.03114292      0.05500597     -0.06125166
MINMODE:MODE:      78     -0.03933171      0.04418813     -0.16576877
MINMODE:MODE:      79     -0.01352847     -0.03580328     -0.18625349
MINMODE:MODE: Optimization Step: 69
MINMODE:MODE: Order: 0
MINMODE:MODE:       0     -0.00171087      0.06788900     -0.00913756
MINMODE:MODE:       1      0.00857259     -0.05959649      0.00292794
MINMODE:MODE:       2      0.01307591     -0.02140025      0.02300066
MINMODE:MODE:       3      0.00601990      0.00263195      0.03797642
MINMODE:MODE:       4     -0.02362145      0.00735875      0.03075496
MINMODE:MODE:       5     -0.00201832      0.00788486      0.01535471
MINMODE:MODE:       6      0.01702006     -0.00287220      0.01280968
MINMODE:MODE:       7      0.00463387      0.01221772      0.01450774
MINMODE:MODE:       8     -0.02468890      0.04041546      0.01715741
MINMODE:MODE:       9     -0.04558707      0.05384990      0.01988841
MINMODE:MODE:      10     -0.03613255      0.03946015      0.01952367
MINMODE:MODE:      11      0.00653221     -0.01850930      0.02623971
MINMODE:MODE:      12     -0.00086541     -0.03056440     -0.00553215
MINMODE:MODE:      13      0.00812717     -0.03367433     -0.00193228
MINMODE:MODE:      14      0.02628449     -0.02576874      0.02545261
MINMODE:MODE:      15      0.03318649     -0.01507127      0.05141530
MINMODE:MODE:      16      0.02597888     -0.00850941      0.05153135
MINMODE:MODE:      17     -0.01182416     -0.02756991      0.00486784
MINMODE:MODE:      18      0.00201242      0.00152934     -0.01254485
MINMODE:MODE:      19      0.03387460      0.02369010     -0.00250961
MINMODE:MODE:      20      0.01529306      0.00262307     -0.00027589
MINMODE:MODE:      21      0.03651830      0.00732979      0.02839842
MINMODE:MODE:      22      0.04199178      0.01129390      0.03082615
MINMODE:MODE:      23      0.02613092      0.01032028      0.00647451
MINMODE:MODE:      24      0.00279946      0.00594907     -0.02459875
MINMODE:MODE:      25     -0.00492576      0.00188136     -0.02868804
MINMODE:MODE:      26      0.00041072      0.01376721      0.00999828
MINMODE:MODE:      27      0.01017189      0.03085561     -0.02227790
MINMODE:MODE:      28      0.01079484      0.03030358     -0.02355207
MINMODE:MODE:      29     -0.01105526      0.01170309      0.00431440
MINMODE:MODE:      30     -0.02846233     -0.00831852      0.03628537
MINMODE:MODE:      31     -0.02481506     -0.00911520      0.03499711
MINMODE:MODE:      32      0.04311192     -0.02339293      0.03810174
MINMODE:MODE:      33     -0.01409562     -0.00118042      0.02477542
MINMODE:MODE:      34      0.03128108      0.00609783      0.03519848
MINMODE:MODE:      35      0.00366897      0.01576287      0.05315180
MINMODE:MODE:      36      0.03833687     -0.02553148      0.01096158
MINMODE:MODE:      37      0.01796621      0.00242622      0.01305628
MINMODE:MODE:      38     -0.03228298      0.05210451      0.01811932
MINMODE:MODE:      39     -0.06870896      0.07603564      0.02328312
MINMODE:MODE:      40     -0.05609593      0.05068197      0.02101398
MINMODE:MODE:      41     -0.01891289     -0.03830381     -0.03077914
MINMODE:MODE:      42      0.00317849     -0.04020970     -0.01972803
MINMODE:MODE:      43      0.03386759     -0.02875674      0.02848367
MINMODE:MODE:      44      0.04665500     -0.00992953      0.07182028
MINMODE:MODE:      45      0.03941982      0.00172359      0.07032157
MINMODE:MODE:      46     -0.02674234     -0.02777689      0.01222078
MINMODE:MODE:      47     -0.01791943     -0.02369971      0.00715256
MINMODE:MODE:      48     -0.00816310      0.01529854     -0.02128317
MINMODE:MODE:      49     -0.00336950     -0.00433330     -0.01012877
MINMODE:MODE:      50      0.04592788      0.00794338      0.05014577
MINMODE:MODE:      51      0.05829549      0.01463274      0.05353223
MINMODE:MODE:      52      0.03177276      0.01294486      0.01119248
MINMODE:MODE:      53     -0.00912943      0.00551731     -0.04422851
MINMODE:MODE:      54     -0.02390602     -0.00376639     -0.05666678
MINMODE:MODE:      55      0.01356455      0.03261044     -0.02890529
MINMODE:MODE:      56      0.02233522      0.04282338     -0.04425347
MINMODE:MODE:      57     -0.01436595      0.01278109      0.00625266
MINMODE:MODE:      58     -0.04783035     -0.02301896      0.06264146
MINMODE:MODE:      59     -0.04645355     -0.02318032      0.05528611
MINMODE:MODE:      60      0.01435417      0.08539119      0.10121061
MINMODE:MODE:      61      0.02265210      0.08854501      0.07636769
MINMODE:MODE:      62     -0.00635212     -0.04248948      0.01545228
MINMODE:MODE:      63     -0.00609848     -0.02615293      0.01547136
MINMODE:MODE:      64     -0.01638984     -0.09611592     -0.22790088
MINMODE:MODE:      65     -0.06847625     -0.29075230     -0.34943611
MINMODE:MODE:      66     -0.01594193     -0.07610803     -0.12946332
MINMODE:MODE:      67     -0.01638348     -0.06728863     -0.04802598
MINMODE:MODE:      68     -0.00353639     -0.03262612     -0.02836755
MINMODE:MODE:      69     -0.01919733      0.01584400     -0.07161475
MINMODE:MODE:      70     -0.01725001      0.01181514     -0.13862401
MINMODE:MODE:      71     -0.00021340     -0.03890968     -0.15730201
MINMODE:MODE:      72      0.00422290     -0.01218451      0.06257270
MINMODE:MODE:      73      0.04471109      0.38162339      0.46712848
MINMODE:MODE:      74     -0.01997495     -0.01252773      0.02911912
MINMODE:MODE:      75      0.00817652     -0.11007075     -0.01258219
MINMODE:MODE:      76      0.01287862     -0.03616041      0.01517443
MINMODE:MODE:      77     -0.02799746      0.05368853     -0.05902725
MINMODE:MODE:      78     -0.03403268      0.04246757     -0.16152914
MINMODE:MODE:      79     -0.01027929     -0.03627669     -0.18301520
MINMODE:MODE: Optimization Step: 70
MINMODE:MODE: Order: 0
MINMODE:MODE:       0     -0.00236946      0.06791231     -0.01238858
MINMODE:MODE:       1      0.00845136     -0.05906316      0.00324045
MINMODE:MODE:       2      0.01310767     -0.02099101      0.02192270
MINMODE:MODE:       3      0.00541218      0.00300021      0.03613583
MINMODE:MODE:       4     -0.02436019      0.00785029      0.02998887
MINMODE:MODE:       5     -0.00138629      0.00701185      0.01446319
MINMODE:MODE:       6      0.01655783     -0.00277749      0.01215176
MINMODE:MODE:       7      0.00472606      0.01139928      0.01383064
MINMODE:MODE:       8     -0.02286177      0.03794655      0.01628305
MINMODE:MODE:       9     -0.04244486      0.05046366      0.01878388
MINMODE:MODE:      10     -0.03359712      0.03691700      0.01848540
MINMODE:MODE:      11      0.00544519     -0.01765450      0.02537665
MINMODE:MODE:      12     -0.00147629     -0.02905387     -0.00493483
MINMODE:MODE:      13      0.00703541     -0.03188834     -0.00152550
MINMODE:MODE:      14      0.02420777     -0.02434417      0.02420434
MINMODE:MODE:      15      0.03057634     -0.01432204      0.04862222
MINMODE:MODE:      16      0.02382614     -0.00802857      0.04891229
MINMODE:MODE:      17     -0.01156244     -0.02683480      0.00585727
MINMODE:MODE:      18      0.00208878      0.00185393     -0.01159345
MINMODE:MODE:      19      0.03403975      0.02407460     -0.00190970
MINMODE:MODE:      20      0.01444217      0.00245436     -0.00012879
MINMODE:MODE:      21      0.03426051      0.00685290      0.02668921
MINMODE:MODE:      22      0.03928340      0.01055454      0.02887738
MINMODE:MODE:      23      0.02439588      0.00968030      0.00609689
MINMODE:MODE:      24      0.00247481      0.00563381     -0.02309991
MINMODE:MODE:      25     -0.00478071      0.00178697     -0.02688166
MINMODE:MODE:      26      0.00100498      0.01329283      0.01050608
MINMODE:MODE:      27      0.00978144      0.02935309     -0.02019102
MINMODE:MODE:      28      0.01060831      0.02862388     -0.02154491
MINMODE:MODE:      29     -0.00988908      0.01112204      0.00436416
MINMODE:MODE:      30     -0.02601269     -0.00756666      0.03427443
MINMODE:MODE:      31     -0.02262469     -0.00840798      0.03323209
MINMODE:MODE:      32      0.04204235     -0.02288368      0.03648607
MINMODE:MODE:      33     -0.01329837     -0.00089696      0.02352289
MINMODE:MODE:      34      0.02962217      0.00694759      0.03332423
MINMODE:MODE:      35      0.00330535      0.01563046      0.05032924
MINMODE:MODE:      36      0.03649554     -0.02403054      0.01058298
MINMODE:MODE:      37      0.01708942      0.00233150      0.01257887
MINMODE:MODE:      38     -0.03004117      0.04899813      0.01723286
MINMODE:MODE:      39     -0.06418799      0.07141370      0.02202752
MINMODE:MODE:      40     -0.05245221      0.04743187      0.01980508
MINMODE:MODE:      41     -0.01879749     -0.03657597     -0.02893996
MINMODE:MODE:      42      0.00250698     -0.03791659     -0.01820959
MINMODE:MODE:      43      0.03144764     -0.02709961      0.02711372
MINMODE:MODE:      44      0.04328558     -0.00949517      0.06775373
MINMODE:MODE:      45      0.03678330      0.00162719      0.06647110
MINMODE:MODE:      46     -0.02592450     -0.02718397      0.01326804
MINMODE:MODE:      47     -0.01682555     -0.02218379      0.00785339
MINMODE:MODE:      48     -0.00780099      0.01518518     -0.02012334
MINMODE:MODE:      49     -0.00348542     -0.00406809     -0.00916727
MINMODE:MODE:      50      0.04297396      0.00740402      0.04708043
MINMODE:MODE:      51      0.05447978      0.01369991      0.05018374
MINMODE:MODE:      52      0.02966183      0.01214351      0.01056414
MINMODE:MODE:      53     -0.00871102      0.00529478     -0.04150512
MINMODE:MODE:      54     -0.02255683     -0.00361568     -0.05334047
MINMODE:MODE:      55      0.01217975      0.03027123     -0.02546132
MINMODE:MODE:      56      0.02114320      0.04008896     -0.04070013
MINMODE:MODE:      57     -0.01304741      0.01207947      0.00623007
MINMODE:MODE:      58     -0.04424648     -0.02131106      0.05900240
MINMODE:MODE:      59     -0.04304954     -0.02142341      0.05195471
MINMODE:MODE:      60      0.01337636      0.08485133      0.09927920
MINMODE:MODE:      61      0.02103503      0.08801970      0.07365371
MINMODE:MODE:      62     -0.00634526     -0.04248701      0.01253378
MINMODE:MODE:      63     -0.00567399     -0.02513973      0.01277237
MINMODE:MODE:      64     -0.01887980     -0.09356539     -0.22998118
MINMODE:MODE:      65     -0.06983130     -0.29731617     -0.35231503
MINMODE:MODE:      66     -0.01475407     -0.07493112     -0.12699631
MINMODE:MODE:      67     -0.01750295     -0.06554143     -0.04698999
MINMODE:MODE:      68     -0.00381072     -0.03186873     -0.02733955
MINMODE:MODE:      69     -0.01698310      0.01527858     -0.06911431
MINMODE:MODE:      70     -0.01365712      0.01085771     -0.13473425
MINMODE:MODE:      71      0.00269674     -0.03889971     -0.15369933
MINMODE:MODE:      72      0.00309061     -0.01026399      0.06678303
MINMODE:MODE:      73      0.04497618      0.38970940      0.48106545
MINMODE:MODE:      74     -0.02114965     -0.01097361      0.02994912
MINMODE:MODE:      75      0.00534980     -0.10738641     -0.01272990
MINMODE:MODE:      76      0.01145350     -0.03500250      0.01511353
MINMODE:MODE:      77     -0.02473238      0.05199280     -0.05641657
MINMODE:MODE:      78     -0.02864459      0.04036929     -0.15635378
MINMODE:MODE:      79     -0.00696555     -0.03641780     -0.17849846
MINMODE:MODE: Optimization Step: 71
MINMODE:MODE: Order: 0
MINMODE:MODE:       0     -0.00298985      0.06803838     -0.01536350
MINMODE:MODE:       1      0.00837207     -0.05847536      0.00400153
MINMODE:MODE:       2      0.01317250     -0.02061206      0.02089378
MINMODE:MODE:       3      0.00479426      0.00338077      0.03427462
MINMODE:MODE:       4     -0.02514730      0.00830264      0.02919053
MINMODE:MODE:       5     -0.00081932      0.00623877      0.01353480
MINMODE:MODE:       6      0.01607952     -0.00269950      0.01144507
MINMODE:MODE:       7      0.00477711      0.01059223      0.01312161
MINMODE:MODE:       8     -0.02100899      0.03541115      0.01536949
MINMODE:MODE:       9     -0.03931919      0.04703825      0.01764756
MINMODE:MODE:      10     -0.03105195      0.03431774      0.01739750
MINMODE:MODE:      11      0.00438539     -0.01679687      0.02448669
MINMODE:MODE:      12     -0.00205019     -0.02753515     -0.00433980
MINMODE:MODE:      13      0.00597156     -0.03007155     -0.00112251
MINMODE:MODE:      14      0.02213119     -0.02288358      0.02290822
MINMODE:MODE:      15      0.02797018     -0.01354117      0.04575946
MINMODE:MODE:      16      0.02173096     -0.00751997      0.04623747
MINMODE:MODE:      17     -0.01126138     -0.02612210      0.00695728
MINMODE:MODE:      18      0.00218642      0.00219815     -0.01065055
MINMODE:MODE:      19      0.03424497      0.02442163     -0.00131881
MINMODE:MODE:      20      0.01361428      0.00227491     -0.00000159
MINMODE:MODE:      21      0.03200116      0.00636646      0.02493461
MINMODE:MODE:      22      0.03657008      0.00980743      0.02688537
MINMODE:MODE:      23      0.02264481      0.00902660      0.00569889
MINMODE:MODE:      24      0.00216705      0.00530002     -0.02157239
MINMODE:MODE:      25     -0.00463029      0.00167811     -0.02507893
MINMODE:MODE:      26      0.00156211      0.01279095      0.01101572
MINMODE:MODE:      27      0.00934102      0.02783856     -0.01810975
MINMODE:MODE:      28      0.01038195      0.02692513     -0.01955434
MINMODE:MODE:      29     -0.00873681      0.01053200      0.00436411
MINMODE:MODE:      30     -0.02356937     -0.00683408      0.03222641
MINMODE:MODE:      31     -0.02045998     -0.00772191      0.03144043
MINMODE:MODE:      32      0.04102797     -0.02241982      0.03489140
MINMODE:MODE:      33     -0.01238673     -0.00064817      0.02228057
MINMODE:MODE:      34      0.02793558      0.00777297      0.03143330
MINMODE:MODE:      35      0.00295497      0.01548457      0.04744651
MINMODE:MODE:      36      0.03460642     -0.02250301      0.01018771
MINMODE:MODE:      37      0.01617851      0.00222775      0.01205888
MINMODE:MODE:      38     -0.02779431      0.04583436      0.01631215
MINMODE:MODE:      39     -0.05962477      0.06669344      0.02073049
MINMODE:MODE:      40     -0.04877970      0.04413771      0.01856723
MINMODE:MODE:      41     -0.01862244     -0.03482592     -0.02706557
MINMODE:MODE:      42      0.00186157     -0.03559292     -0.01668140
MINMODE:MODE:      43      0.02901590     -0.02540164      0.02569578
MINMODE:MODE:      44      0.03989693     -0.00903294      0.06358858
MINMODE:MODE:      45      0.03414183      0.00153689      0.06252608
MINMODE:MODE:      46     -0.02512340     -0.02661571      0.01436040
MINMODE:MODE:      47     -0.01577759     -0.02075449      0.00865953
MINMODE:MODE:      48     -0.00742332      0.01510190     -0.01897964
MINMODE:MODE:      49     -0.00361039     -0.00375005     -0.00822136
MINMODE:MODE:      50      0.03998404      0.00685680      0.04396315
MINMODE:MODE:      51      0.05063949      0.01275345      0.04676342
MINMODE:MODE:      52      0.02753654      0.01132122      0.00992210
MINMODE:MODE:      53     -0.00827503      0.00504981     -0.03873631
MINMODE:MODE:      54     -0.02118727     -0.00346260     -0.04996545
MINMODE:MODE:      55      0.01075460      0.02791683     -0.02198425
MINMODE:MODE:      56      0.01991250      0.03733897     -0.03715999
MINMODE:MODE:      57     -0.01175563      0.01135461      0.00618207
MINMODE:MODE:      58     -0.04063311     -0.01960438      0.05527088
MINMODE:MODE:      59     -0.03963607     -0.01967795      0.04856547
MINMODE:MODE:      60      0.01232942      0.08437709      0.09706291
MINMODE:MODE:      61      0.01933303      0.08748671      0.07080893
MINMODE:MODE:      62     -0.00639737     -0.04229904      0.00981896
MINMODE:MODE:      63     -0.00523622     -0.02440429      0.00962865
MINMODE:MODE:      64     -0.02038604     -0.09361954     -0.23072102
MINMODE:MODE:      65     -0.07206639     -0.30088111     -0.35647530
MINMODE:MODE:      66     -0.01367354     -0.07376260     -0.12457336
MINMODE:MODE:      67     -0.01849156     -0.06368241     -0.04577447
MINMODE:MODE:      68     -0.00409803     -0.03100965     -0.02618456
MINMODE:MODE:      69     -0.01470926      0.01466394     -0.06639249
MINMODE:MODE:      70     -0.01006042      0.00989173     -0.13075008
MINMODE:MODE:      71      0.00566687     -0.03893767     -0.14984381
MINMODE:MODE:      72      0.00193944     -0.00853829      0.07059399
MINMODE:MODE:      73      0.04479572      0.39781370      0.49442713
MINMODE:MODE:      74     -0.02188616     -0.00953469      0.03113407
MINMODE:MODE:      75      0.00260897     -0.10449565     -0.01285641
MINMODE:MODE:      76      0.01001049     -0.03378425      0.01500869
MINMODE:MODE:      77     -0.02154656      0.05025168     -0.05367581
MINMODE:MODE:      78     -0.02333865      0.03816447     -0.15093771
MINMODE:MODE:      79     -0.00366478     -0.03645838     -0.17358905
MINMODE:MODE: Optimization Step: 72
MINMODE:MODE: Order: 0
MINMODE:MODE:       0     -0.00362028      0.06814977     -0.01772609
MINMODE:MODE:       1      0.00830745     -0.05789577      0.00477707
MINMODE:MODE:       2      0.01326584     -0.02028441      0.01996977
MINMODE:MODE:       3      0.00421149      0.00373148      0.03253875
MINMODE:MODE:       4     -0.02590551      0.00873303      0.02840448
MINMODE:MODE:       5     -0.00030544      0.00547342      0.01263751
MINMODE:MODE:       6      0.01559783     -0.00261077      0.01076474
MINMODE:MODE:       7      0.00480215      0.00983286      0.01243285
MINMODE:MODE:       8     -0.01927625      0.03301254      0.01449266
MINMODE:MODE:       9     -0.03640943      0.04381108      0.01655748
MINMODE:MODE:      10     -0.02867842      0.03187513      0.01635288
MINMODE:MODE:      11      0.00340342     -0.01599010      0.02365003
MINMODE:MODE:      12     -0.00255628     -0.02610458     -0.00378430
MINMODE:MODE:      13      0.00499419     -0.02836099     -0.00074728
MINMODE:MODE:      14      0.02019949     -0.02150212      0.02167183
MINMODE:MODE:      15      0.02553498     -0.01279441      0.04305836
MINMODE:MODE:      16      0.01974105     -0.00704785      0.04370233
MINMODE:MODE:      17     -0.01096516     -0.02548871      0.00806293
MINMODE:MODE:      18      0.00229134      0.00252042     -0.00976170
MINMODE:MODE:      19      0.03449166      0.02475775     -0.00078888
MINMODE:MODE:      20      0.01284985      0.00209749      0.00009403
MINMODE:MODE:      21      0.02989206      0.00590320      0.02326908
MINMODE:MODE:      22      0.03404147      0.00910126      0.02499954
MINMODE:MODE:      23      0.02100888      0.00840481      0.00531768
MINMODE:MODE:      24      0.00189071      0.00497577     -0.02013985
MINMODE:MODE:      25     -0.00447437      0.00157108     -0.02338417
MINMODE:MODE:      26      0.00206954      0.01231389      0.01150418
MINMODE:MODE:      27      0.00890427      0.02640808     -0.01617102
MINMODE:MODE:      28      0.01015244      0.02533527     -0.01771469
MINMODE:MODE:      29     -0.00767325      0.00997332      0.00433449
MINMODE:MODE:      30     -0.02129597     -0.00616443      0.03029536
MINMODE:MODE:      31     -0.01844462     -0.00708186      0.02973848
MINMODE:MODE:      32      0.04014753     -0.02201754      0.03343944
MINMODE:MODE:      33     -0.01142897     -0.00045871      0.02115826
MINMODE:MODE:      34      0.02632927      0.00852684      0.02967513
MINMODE:MODE:      35      0.00263237      0.01535306      0.04472129
MINMODE:MODE:      36      0.03281718     -0.02106997      0.00980529
MINMODE:MODE:      37      0.01530388      0.00212164      0.01154424
MINMODE:MODE:      38     -0.02569447      0.04284495      0.01542968
MINMODE:MODE:      39     -0.05534926      0.06223769      0.01949778
MINMODE:MODE:      40     -0.04533980      0.04104221      0.01738431
MINMODE:MODE:      41     -0.01842197     -0.03319207     -0.02530270
MINMODE:MODE:      42      0.00127622     -0.03340705     -0.01524661
MINMODE:MODE:      43      0.02674197     -0.02378888      0.02433880
MINMODE:MODE:      44      0.03672462     -0.00858386      0.05963953
MINMODE:MODE:      45      0.03168688      0.00146116      0.05879299
MINMODE:MODE:      46     -0.02439119     -0.02610393      0.01544902
MINMODE:MODE:      47     -0.01484735     -0.01950954      0.00952834
MINMODE:MODE:      48     -0.00706398      0.01505148     -0.01792586
MINMODE:MODE:      49     -0.00373796     -0.00341096     -0.00734229
MINMODE:MODE:      50      0.03717655      0.00633928      0.04102191
MINMODE:MODE:      51      0.04704817      0.01185760      0.04352364
MINMODE:MODE:      52      0.02554712      0.01053819      0.00931341
MINMODE:MODE:      53     -0.00785493      0.00480795     -0.03612777
MINMODE:MODE:      54     -0.01990254     -0.00332283     -0.04680038
MINMODE:MODE:      55      0.00939366      0.02571600     -0.01871886
MINMODE:MODE:      56      0.01874162      0.03476746     -0.03386741
MINMODE:MODE:      57     -0.01057071      0.01066422      0.00611620
MINMODE:MODE:      58     -0.03724519     -0.01801283      0.05173233
MINMODE:MODE:      59     -0.03646330     -0.01806161      0.04538237
MINMODE:MODE:      60      0.01128084      0.08400756      0.09493726
MINMODE:MODE:      61      0.01776773      0.08685661      0.06787961
MINMODE:MODE:      62     -0.00647352     -0.04224463      0.00715719
MINMODE:MODE:      63     -0.00480675     -0.02351032      0.00649073
MINMODE:MODE:      64     -0.02139215     -0.09391240     -0.23099798
MINMODE:MODE:      65     -0.07420044     -0.30338777     -0.36007548
MINMODE:MODE:      66     -0.01277034     -0.07260118     -0.12236551
MINMODE:MODE:      67     -0.01934707     -0.06191739     -0.04458545
MINMODE:MODE:      68     -0.00430256     -0.03019325     -0.02504062
MINMODE:MODE:      69     -0.01257164      0.01406515     -0.06375687
MINMODE:MODE:      70     -0.00664652      0.00896142     -0.12696395
MINMODE:MODE:      71      0.00844541     -0.03897175     -0.14617128
MINMODE:MODE:      72      0.00088773     -0.00697793      0.07401762
MINMODE:MODE:      73      0.04412890      0.40541394      0.50611510
MINMODE:MODE:      74     -0.02240510     -0.00849325      0.03242032
MINMODE:MODE:      75      0.00008407     -0.10172083     -0.01290203
MINMODE:MODE:      76      0.00865077     -0.03261945      0.01489974
MINMODE:MODE:      77     -0.01863142      0.04864420     -0.05103806
MINMODE:MODE:      78     -0.01841400      0.03603953     -0.14579989
MINMODE:MODE:      79     -0.00058451     -0.03648386     -0.16879105
MINMODE:MODE: Optimization Step: 73
MINMODE:MODE: Order: 0
MINMODE:MODE:       0     -0.00419226      0.06793071     -0.02015625
MINMODE:MODE:       1      0.00825259     -0.05743696      0.00535621
MINMODE:MODE:       2      0.01338444     -0.01998738      0.01903814
MINMODE:MODE:       3      0.00365685      0.00403396      0.03081730
MINMODE:MODE:       4     -0.02658802      0.00913819      0.02752911
MINMODE:MODE:       5      0.00017520      0.00470895      0.01173612
MINMODE:MODE:       6      0.01506502     -0.00250160      0.01008415
MINMODE:MODE:       7      0.00481652      0.00906048      0.01172864
MINMODE:MODE:       8     -0.01763231      0.03068082      0.01362041
MINMODE:MODE:       9     -0.03358317      0.04064700      0.01546857
MINMODE:MODE:      10     -0.02639207      0.02949710      0.01531272
MINMODE:MODE:      11      0.00246624     -0.01520540      0.02279679
MINMODE:MODE:      12     -0.00299277     -0.02468335     -0.00323034
MINMODE:MODE:      13      0.00407141     -0.02667433     -0.00039870
MINMODE:MODE:      14      0.01834742     -0.02013578      0.02044259
MINMODE:MODE:      15      0.02318680     -0.01205283      0.04039643
MINMODE:MODE:      16      0.01781491     -0.00658963      0.04119007
MINMODE:MODE:      17     -0.01069494     -0.02490254      0.00909106
MINMODE:MODE:      18      0.00240269      0.00282260     -0.00889263
MINMODE:MODE:      19      0.03459263      0.02502906     -0.00037412
MINMODE:MODE:      20      0.01211097      0.00191851      0.00017077
MINMODE:MODE:      21      0.02784091      0.00544580      0.02162267
MINMODE:MODE:      22      0.03158466      0.00839929      0.02314653
MINMODE:MODE:      23      0.01943228      0.00779062      0.00495138
MINMODE:MODE:      24      0.00162400      0.00465204     -0.01876138
MINMODE:MODE:      25     -0.00429149      0.00146397     -0.02171942
MINMODE:MODE:      26      0.00256021      0.01184983      0.01194104
MINMODE:MODE:      27      0.00848183      0.02500806     -0.01432634
MINMODE:MODE:      28      0.00991992      0.02377929     -0.01596618
MINMODE:MODE:      29     -0.00667730      0.00940479      0.00428820
MINMODE:MODE:      30     -0.01911655     -0.00552516      0.02839670
MINMODE:MODE:      31     -0.01648678     -0.00646243      0.02805268
MINMODE:MODE:      32      0.03931322     -0.02162504      0.03204394
MINMODE:MODE:      33     -0.01046626     -0.00028904      0.02005087
MINMODE:MODE:      34      0.02476090      0.00920974      0.02795226
MINMODE:MODE:      35      0.00232658      0.01519604      0.04202697
MINMODE:MODE:      36      0.03104732     -0.01968171      0.00941699
MINMODE:MODE:      37      0.01442255      0.00200591      0.01101500
MINMODE:MODE:      38     -0.02366078      0.03990440      0.01454309
MINMODE:MODE:      39     -0.05119212      0.05786448      0.01826333
MINMODE:MODE:      40     -0.04200214      0.03802540      0.01620759
MINMODE:MODE:      41     -0.01817629     -0.03157359     -0.02358867
MINMODE:MODE:      42      0.00073575     -0.03125588     -0.01386031
MINMODE:MODE:      43      0.02454098     -0.02219643      0.02297588
MINMODE:MODE:      44      0.03365293     -0.00812880      0.05574301
MINMODE:MODE:      45      0.02932190      0.00138566      0.05510552
MINMODE:MODE:      46     -0.02368006     -0.02560946      0.01651173
MINMODE:MODE:      47     -0.01397028     -0.01831953      0.01036536
MINMODE:MODE:      48     -0.00669223      0.01498166     -0.01689188
MINMODE:MODE:      49     -0.00386059     -0.00305557     -0.00650286
MINMODE:MODE:      50      0.03444270      0.00582943      0.03814730
MINMODE:MODE:      51      0.04356026      0.01097469      0.04035175
MINMODE:MODE:      52      0.02361251      0.00976585      0.00871247
MINMODE:MODE:      53     -0.00743140      0.00456296     -0.03358032
MINMODE:MODE:      54     -0.01864940     -0.00317722     -0.04372947
MINMODE:MODE:      55      0.00803525      0.02355635     -0.01559227
MINMODE:MODE:      56      0.01758781      0.03226218     -0.03072013
MINMODE:MODE:      57     -0.00944944      0.00997722      0.00601633
MINMODE:MODE:      58     -0.03398289     -0.01647848      0.04825251
MINMODE:MODE:      59     -0.03343549     -0.01651433      0.04229280
MINMODE:MODE:      60      0.01022243      0.08351123      0.09274627
MINMODE:MODE:      61      0.01623071      0.08606008      0.06476743
MINMODE:MODE:      62     -0.00654859     -0.04212437      0.00439296
MINMODE:MODE:      63     -0.00437817     -0.02243671      0.00345379
MINMODE:MODE:      64     -0.02318596     -0.09261554     -0.23343527
MINMODE:MODE:      65     -0.07524957     -0.30731480     -0.36117559
MINMODE:MODE:      66     -0.01170502     -0.07118643     -0.11972386
MINMODE:MODE:      67     -0.02015746     -0.06004471     -0.04332078
MINMODE:MODE:      68     -0.00443494     -0.02941432     -0.02388114
MINMODE:MODE:      69     -0.01060891      0.01347028     -0.06115575
MINMODE:MODE:      70     -0.00337008      0.00801216     -0.12298120
MINMODE:MODE:      71      0.01112329     -0.03875492     -0.14229590
MINMODE:MODE:      72     -0.00005554     -0.00539134      0.07763466
MINMODE:MODE:      73      0.04323966      0.41271710      0.51681212
MINMODE:MODE:      74     -0.02276301     -0.00737028      0.03393727
MINMODE:MODE:      75     -0.00220469     -0.09886921     -0.01272028
MINMODE:MODE:      76      0.00733837     -0.03147632      0.01477445
MINMODE:MODE:      77     -0.01586995      0.04698661     -0.04840493
MINMODE:MODE:      78     -0.01379073      0.03387823     -0.14061934
MINMODE:MODE:      79      0.00231706     -0.03633734     -0.16368662
MINMODE:MODE: Optimization Step: 74
MINMODE:MODE: Order: 0
MINMODE:MODE:       0     -0.00472727      0.06777671     -0.02281891
MINMODE:MODE:       1      0.00824674     -0.05698701      0.00613414
MINMODE:MODE:       2      0.01352822     -0.01971187      0.01814617
MINMODE:MODE:       3      0.00309836      0.00431646      0.02907641
MINMODE:MODE:       4     -0.02716008      0.00949716      0.02663570
MINMODE:MODE:       5      0.00060943      0.00397150      0.01081813
MINMODE:MODE:       6      0.01451411     -0.00240493      0.00937413
MINMODE:MODE:       7      0.00480819      0.00829044      0.01100006
MINMODE:MODE:       8     -0.01599919      0.02832516      0.01272175
MINMODE:MODE:       9     -0.03076690      0.03745134      0.01435701
MINMODE:MODE:      10     -0.02412630      0.02709384      0.01424746
MINMODE:MODE:      11      0.00155334     -0.01441691      0.02190387
MINMODE:MODE:      12     -0.00340012     -0.02325421     -0.00268445
MINMODE:MODE:      13      0.00318015     -0.02497153     -0.00005225
MINMODE:MODE:      14      0.01650534     -0.01875372      0.01919335
MINMODE:MODE:      15      0.02084515     -0.01129737      0.03770041
MINMODE:MODE:      16      0.01590274     -0.00612197      0.03864191
MINMODE:MODE:      17     -0.01041703     -0.02432791      0.01015151
MINMODE:MODE:      18      0.00251944      0.00313336     -0.00802871
MINMODE:MODE:      19      0.03464026      0.02522185      0.00002427
MINMODE:MODE:      20      0.01138835      0.00173801      0.00023881
MINMODE:MODE:      21      0.02579903      0.00498508      0.01994717
MINMODE:MODE:      22      0.02913265      0.00769316      0.02126820
MINMODE:MODE:      23      0.01786117      0.00716635      0.00457406
MINMODE:MODE:      24      0.00136777      0.00431775     -0.01737239
MINMODE:MODE:      25     -0.00410336      0.00134797     -0.02006448
MINMODE:MODE:      26      0.00301470      0.01137226      0.01232757
MINMODE:MODE:      27      0.00803325      0.02361348     -0.01250763
MINMODE:MODE:      28      0.00965616      0.02221973     -0.01423439
MINMODE:MODE:      29     -0.00569683      0.00883090      0.00422390
MINMODE:MODE:      30     -0.01694944     -0.00490258      0.02647055
MINMODE:MODE:      31     -0.01455946     -0.00586588      0.02635871
MINMODE:MODE:      32      0.03853344     -0.02126069      0.03066986
MINMODE:MODE:      33     -0.00944736     -0.00013495      0.01894465
MINMODE:MODE:      34      0.02319560      0.00985823      0.02620761
MINMODE:MODE:      35      0.00202345      0.01503747      0.03929874
MINMODE:MODE:      36      0.02925137     -0.01828070      0.00900961
MINMODE:MODE:      37      0.01352106      0.00188472      0.01045120
MINMODE:MODE:      38     -0.02163882      0.03693734      0.01363031
MINMODE:MODE:      39     -0.04704089      0.05345139      0.01700422
MINMODE:MODE:      40     -0.03867181      0.03499251      0.01501733
MINMODE:MODE:      41     -0.01788274     -0.02993622     -0.02186344
MINMODE:MODE:      42      0.00021947     -0.02909564     -0.01247482
MINMODE:MODE:      43      0.02234062     -0.02058830      0.02158810
MINMODE:MODE:      44      0.03057789     -0.00765294      0.05180678
MINMODE:MODE:      45      0.02696367      0.00131635      0.05136805
MINMODE:MODE:      46     -0.02298363     -0.02514364      0.01759230
MINMODE:MODE:      47     -0.01312749     -0.01716297      0.01123690
MINMODE:MODE:      48     -0.00631415      0.01491499     -0.01586382
MINMODE:MODE:      49     -0.00398249     -0.00266995     -0.00567190
MINMODE:MODE:      50      0.03171191      0.00532101      0.03525001
MINMODE:MODE:      51      0.04008125      0.01008587      0.03715077
MINMODE:MODE:      52      0.02168402      0.00897982      0.00810192
MINMODE:MODE:      53     -0.00699766      0.00430194     -0.03102053
MINMODE:MODE:      54     -0.01738829     -0.00302808     -0.04064720
MINMODE:MODE:      55      0.00665185      0.02138084     -0.01248116
MINMODE:MODE:      56      0.01642047      0.02977328     -0.02760466
MINMODE:MODE:      57     -0.00834608      0.00928155      0.00590075
MINMODE:MODE:      58     -0.03071822     -0.01496650      0.04474414
MINMODE:MODE:      59     -0.03042898     -0.01499527      0.03918448
MINMODE:MODE:      60      0.00917473      0.08284616      0.09032481
MINMODE:MODE:      61      0.01462448      0.08524725      0.06158789
MINMODE:MODE:      62     -0.00660738     -0.04174605      0.00174362
MINMODE:MODE:      63     -0.00399305     -0.02154030      0.00050977
MINMODE:MODE:      64     -0.02501021     -0.09194431     -0.23616980
MINMODE:MODE:      65     -0.07616610     -0.31042581     -0.36209808
MINMODE:MODE:      66     -0.01061942     -0.06967839     -0.11683444
MINMODE:MODE:      67     -0.02091849     -0.05805302     -0.04191906
MINMODE:MODE:      68     -0.00459711     -0.02859377     -0.02266019
MINMODE:MODE:      69     -0.00865668      0.01284727     -0.05844747
MINMODE:MODE:      70     -0.00016371      0.00706147     -0.11883449
MINMODE:MODE:      71      0.01379668     -0.03847089     -0.13812572
MINMODE:MODE:      72     -0.00102542     -0.00393839      0.08090512
MINMODE:MODE:      73      0.04226634      0.41966079      0.52701069
MINMODE:MODE:      74     -0.02301868     -0.00594768      0.03579345
MINMODE:MODE:      75     -0.00436911     -0.09588063     -0.01248287
MINMODE:MODE:      76      0.00603949     -0.03032560      0.01463152
MINMODE:MODE:      77     -0.01316975      0.04530063     -0.04571352
MINMODE:MODE:      78     -0.00928326      0.03169553     -0.13524610
MINMODE:MODE:      79      0.00519066     -0.03606234     -0.15827736
MINMODE:MODE: Optimization Step: 75
MINMODE:MODE: Order: 0
MINMODE:MODE:       0     -0.00519772      0.06783195     -0.02534051
MINMODE:MODE:       1      0.00824203     -0.05658799      0.00697689
MINMODE:MODE:       2      0.01368684     -0.01947822      0.01735996
MINMODE:MODE:       3      0.00256274      0.00457258      0.02744856
MINMODE:MODE:       4     -0.02767880      0.00981804      0.02582346
MINMODE:MODE:       5      0.00100623      0.00328480      0.00995023
MINMODE:MODE:       6      0.01400599     -0.00233581      0.00869263
MINMODE:MODE:       7      0.00476740      0.00758608      0.01030813
MINMODE:MODE:       8     -0.01445244      0.02608205      0.01185738
MINMODE:MODE:       9     -0.02813787      0.03443942      0.01330083
MINMODE:MODE:      10     -0.02200232      0.02482414      0.01323053
MINMODE:MODE:      11      0.00070593     -0.01367385      0.02105411
MINMODE:MODE:      12     -0.00378060     -0.02191825     -0.00219302
MINMODE:MODE:      13      0.00236117     -0.02336424      0.00028147
MINMODE:MODE:      14      0.01477666     -0.01744881      0.01800554
MINMODE:MODE:      15      0.01864278     -0.01058209      0.03514471
MINMODE:MODE:      16      0.01411854     -0.00567708      0.03623047
MINMODE:MODE:      17     -0.01014591     -0.02381182      0.01122597
MINMODE:MODE:      18      0.00264043      0.00343393     -0.00721819
MINMODE:MODE:      19      0.03475255      0.02540519      0.00040331
MINMODE:MODE:      20      0.01072469      0.00156180      0.00028929
MINMODE:MODE:      21      0.02389482      0.00454732      0.01836355
MINMODE:MODE:      22      0.02683692      0.00702657      0.01948209
MINMODE:MODE:      23      0.01638391      0.00657273      0.00420458
MINMODE:MODE:      24      0.00114799      0.00399654     -0.01605240
MINMODE:MODE:      25     -0.00393811      0.00123146     -0.01853326
MINMODE:MODE:      26      0.00341559      0.01090765      0.01268290
MINMODE:MODE:      27      0.00759011      0.02229991     -0.01081676
MINMODE:MODE:      28      0.00938453      0.02074705     -0.01260956
MINMODE:MODE:      29     -0.00477447      0.00829662      0.00413988
MINMODE:MODE:      30     -0.01491318     -0.00432157      0.02464219
MINMODE:MODE:      31     -0.01278645     -0.00532376      0.02476763
MINMODE:MODE:      32      0.03788319     -0.02095382      0.02941637
MINMODE:MODE:      33     -0.00840717     -0.00001925      0.01794191
MINMODE:MODE:      34      0.02171992      0.01046002      0.02456677
MINMODE:MODE:      35      0.00173867      0.01491465      0.03672546
MINMODE:MODE:      36      0.02753983     -0.01695575      0.00861276
MINMODE:MODE:      37      0.01266060      0.00176402      0.00989973
MINMODE:MODE:      38     -0.01974701      0.03413508      0.01275612
MINMODE:MODE:      39     -0.04313795      0.04927512      0.01580115
MINMODE:MODE:      40     -0.03554577      0.03213025      0.01388496
MINMODE:MODE:      41     -0.01757940     -0.02839550     -0.02022469
MINMODE:MODE:      42     -0.00025286     -0.02706208     -0.01116581
MINMODE:MODE:      43      0.02027293     -0.01906790      0.02027404
MINMODE:MODE:      44      0.02768576     -0.00719589      0.04808576
MINMODE:MODE:      45      0.02475122      0.00125211      0.04782703
MINMODE:MODE:      46     -0.02234745     -0.02473764      0.01867029
MINMODE:MODE:      47     -0.01237743     -0.01613247      0.01214713
MINMODE:MODE:      48     -0.00596235      0.01488336     -0.01491464
MINMODE:MODE:      49     -0.00411043     -0.00227775     -0.00490105
MINMODE:MODE:      50      0.02914807      0.00483896      0.03250348
MINMODE:MODE:      51      0.03681961      0.00924247      0.03411608
MINMODE:MODE:      52      0.01987956      0.00822936      0.00752273
MINMODE:MODE:      53     -0.00658069      0.00404954     -0.02860753
MINMODE:MODE:      54     -0.01619313     -0.00288684     -0.03774079
MINMODE:MODE:      55      0.00533587      0.01933419     -0.00954340
MINMODE:MODE:      56      0.01531525      0.02744412     -0.02468966
MINMODE:MODE:      57     -0.00731974      0.00862512      0.00578705
MINMODE:MODE:      58     -0.02764542     -0.01355349      0.04142597
MINMODE:MODE:      59     -0.02760608     -0.01357623      0.03624798
MINMODE:MODE:      60      0.00813759      0.08235677      0.08803328
MINMODE:MODE:      61      0.01308882      0.08450421      0.05844710
MINMODE:MODE:      62     -0.00668847     -0.04145173     -0.00069356
MINMODE:MODE:      63     -0.00363791     -0.02073542     -0.00238108
MINMODE:MODE:      64     -0.02626782     -0.09225370     -0.23783782
MINMODE:MODE:      65     -0.07757492     -0.31186682     -0.36361017
MINMODE:MODE:      66     -0.00969481     -0.06825034     -0.11411862
MINMODE:MODE:      67     -0.02154675     -0.05612199     -0.04057255
MINMODE:MODE:      68     -0.00476812     -0.02773497     -0.02147927
MINMODE:MODE:      69     -0.00675747      0.01223246     -0.05579365
MINMODE:MODE:      70      0.00282089      0.00616520     -0.11489894
MINMODE:MODE:      71      0.01629589     -0.03829733     -0.13404504
MINMODE:MODE:      72     -0.00192863     -0.00273646      0.08367902
MINMODE:MODE:      73      0.04131041      0.42570213      0.53617255
MINMODE:MODE:      74     -0.02319320     -0.00460053      0.03772913
MINMODE:MODE:      75     -0.00636846     -0.09301848     -0.01234385
MINMODE:MODE:      76      0.00483978     -0.02919430      0.01449061
MINMODE:MODE:      77     -0.01068156      0.04376613     -0.04312818
MINMODE:MODE:      78     -0.00506716      0.02966119     -0.13010423
MINMODE:MODE:      79      0.00790429     -0.03583212     -0.15307252
MINMODE:MODE: Optimization Step: 76
MINMODE:MODE: Order: 0
MINMODE:MODE:       0     -0.00562052      0.06802570     -0.02726822
MINMODE:MODE:       1      0.00824631     -0.05621742      0.00776207
MINMODE:MODE:       2      0.01384201     -0.01928153      0.01669998
MINMODE:MODE:       3      0.00207167      0.00480085      0.02600360
MINMODE:MODE:       4     -0.02814876      0.01010261      0.02511788
MINMODE:MODE:       5      0.00138546      0.00265379      0.00916723
MINMODE:MODE:       6      0.01353289     -0.00226490      0.00808068
MINMODE:MODE:       7      0.00472993      0.00694384      0.00967503
MINMODE:MODE:       8     -0.01308007      0.02406963      0.01107210
MINMODE:MODE:       9     -0.02578837      0.03173081      0.01234538
MINMODE:MODE:      10     -0.02010845      0.02279496      0.01231333
MINMODE:MODE:      11     -0.00004776     -0.01300932      0.02028806
MINMODE:MODE:      12     -0.00410926     -0.02072245     -0.00175378
MINMODE:MODE:      13      0.00163140     -0.02192482      0.00057326
MINMODE:MODE:      14      0.01322907     -0.01627402      0.01693649
MINMODE:MODE:      15      0.01667005     -0.00993341      0.03284522
MINMODE:MODE:      16      0.01252000     -0.00528027      0.03405547
MINMODE:MODE:      17     -0.00988301     -0.02336413      0.01225284
MINMODE:MODE:      18      0.00275977      0.00370842     -0.00649443
MINMODE:MODE:      19      0.03489888      0.02556493      0.00073073
MINMODE:MODE:      20      0.01014119      0.00139840      0.00031359
MINMODE:MODE:      21      0.02220519      0.00415284      0.01693054
MINMODE:MODE:      22      0.02479238      0.00642560      0.01786843
MINMODE:MODE:      23      0.01507009      0.00603292      0.00386878
MINMODE:MODE:      24      0.00095245      0.00370028     -0.01487800
MINMODE:MODE:      25     -0.00378163      0.00112250     -0.01716008
MINMODE:MODE:      26      0.00376584      0.01048958      0.01299569
MINMODE:MODE:      27      0.00717732      0.02111381     -0.00929773
MINMODE:MODE:      28      0.00913635      0.01943914     -0.01117315
MINMODE:MODE:      29     -0.00395589      0.00781790      0.00405553
MINMODE:MODE:      30     -0.01309902     -0.00381203      0.02299963
MINMODE:MODE:      31     -0.01120332     -0.00484100      0.02333392
MINMODE:MODE:      32      0.03735540     -0.02069693      0.02832985
MINMODE:MODE:      33     -0.00739944      0.00005143      0.01707954
MINMODE:MODE:      34      0.02038134      0.01098826      0.02310925
MINMODE:MODE:      35      0.00148417      0.01483095      0.03441427
MINMODE:MODE:      36      0.02599730     -0.01576642      0.00824217
MINMODE:MODE:      37      0.01187887      0.00165500      0.00939328
MINMODE:MODE:      38     -0.01805444      0.03161061      0.01196065
MINMODE:MODE:      39     -0.03964256      0.04551066      0.01470963
MINMODE:MODE:      40     -0.03275127      0.02955543      0.01286081
MINMODE:MODE:      41     -0.01728729     -0.02702130     -0.01874957
MINMODE:MODE:      42     -0.00066600     -0.02523832     -0.00998579
MINMODE:MODE:      43      0.01841909     -0.01769785      0.01908942
MINMODE:MODE:      44      0.02508831     -0.00677729      0.04473773
MINMODE:MODE:      45      0.02277225      0.00119892      0.04463828
MINMODE:MODE:      46     -0.02178537     -0.02439127      0.01969849
MINMODE:MODE:      47     -0.01174223     -0.01526180      0.01305063
MINMODE:MODE:      48     -0.00565575      0.01488763     -0.01408109
MINMODE:MODE:      49     -0.00423517     -0.00189824     -0.00422132
MINMODE:MODE:      50      0.02685849      0.00440984      0.03002695
MINMODE:MODE:      51      0.03390699      0.00848176      0.03137392
MINMODE:MODE:      52      0.01826669      0.00754771      0.00699860
MINMODE:MODE:      53     -0.00619994      0.00381302     -0.02643777
MINMODE:MODE:      54     -0.01512149     -0.00276605     -0.03513460
MINMODE:MODE:      55      0.00414256      0.01750554     -0.00690227
MINMODE:MODE:      56      0.01431701      0.02536702     -0.02208626
MINMODE:MODE:      57     -0.00640750      0.00803542      0.00567583
MINMODE:MODE:      58     -0.02488654     -0.01229924      0.03844018
MINMODE:MODE:      59     -0.02508720     -0.01232109      0.03361523
MINMODE:MODE:      60      0.00717357      0.08213553      0.08599811
MINMODE:MODE:      61      0.01169551      0.08383964      0.05550519
MINMODE:MODE:      62     -0.00679407     -0.04142888     -0.00283643
MINMODE:MODE:      63     -0.00329012     -0.01978120     -0.00506499
MINMODE:MODE:      64     -0.02727802     -0.09237688     -0.23875581
MINMODE:MODE:      65     -0.07899948     -0.31277836     -0.36491121
MINMODE:MODE:      66     -0.00897900     -0.06692444     -0.11183721
MINMODE:MODE:      67     -0.02213195     -0.05442567     -0.03934039
MINMODE:MODE:      68     -0.00484941     -0.02701714     -0.02039362
MINMODE:MODE:      69     -0.00506746      0.01170104     -0.05340237
MINMODE:MODE:      70      0.00555924      0.00536374     -0.11135044
MINMODE:MODE:      71      0.01857770     -0.03810153     -0.13048333
MINMODE:MODE:      72     -0.00271554     -0.00185211      0.08576782
MINMODE:MODE:      73      0.04051021      0.43061078      0.54405882
MINMODE:MODE:      74     -0.02347498     -0.00343942      0.03935594
MINMODE:MODE:      75     -0.00816314     -0.09041825     -0.01215845
MINMODE:MODE:      76      0.00375309     -0.02820546      0.01435974
MINMODE:MODE:      77     -0.00848926      0.04238822     -0.04077397
MINMODE:MODE:      78     -0.00128887      0.02784349     -0.12547982
MINMODE:MODE:      79      0.01037352     -0.03560969     -0.14836366
MINMODE:MODE: Optimization Step: 77
MINMODE:MODE: Order: 0
MINMODE:MODE:       0     -0.00589855      0.06817207     -0.02949979
MINMODE:MODE:       1      0.00822692     -0.05594679      0.00837307
MINMODE:MODE:       2      0.01398254     -0.01909513      0.01607426
MINMODE:MODE:       3      0.00159632      0.00501412      0.02464156
MINMODE:MODE:       4     -0.02847474      0.01034290      0.02445390
MINMODE:MODE:       5      0.00173390      0.00206186      0.00844349
MINMODE:MODE:       6      0.01305825     -0.00219174      0.00750348
MINMODE:MODE:       7      0.00469833      0.00631266      0.00906487
MINMODE:MODE:       8     -0.01180228      0.02217206      0.01032344
MINMODE:MODE:       9     -0.02356437      0.02916243      0.01142987
MINMODE:MODE:      10     -0.01832359      0.02088026      0.01144119
MINMODE:MODE:      11     -0.00076077     -0.01238764      0.01954867
MINMODE:MODE:      12     -0.00441704     -0.01958349     -0.00133309
MINMODE:MODE:      13      0.00094401     -0.02056024      0.00084026
MINMODE:MODE:      14      0.01179384     -0.01515057      0.01592228
MINMODE:MODE:      15      0.01481686     -0.00931675      0.03066256
MINMODE:MODE:      16      0.01101027     -0.00490712      0.03198142
MINMODE:MODE:      17     -0.00962203     -0.02294903      0.01323296
MINMODE:MODE:      18      0.00289130      0.00397683     -0.00581786
MINMODE:MODE:      19      0.03502716      0.02569795      0.00099812
MINMODE:MODE:      20      0.00961035      0.00123609      0.00031332
MINMODE:MODE:      21      0.02061881      0.00377362      0.01555410
MINMODE:MODE:      22      0.02287048      0.00584546      0.01633098
MINMODE:MODE:      23      0.01383596      0.00551582      0.00355170
MINMODE:MODE:      24      0.00076657      0.00341702     -0.01378424
MINMODE:MODE:      25     -0.00361623      0.00101987     -0.01585809
MINMODE:MODE:      26      0.00409446      0.01009332      0.01327178
MINMODE:MODE:      27      0.00678916      0.01997508     -0.00787737
MINMODE:MODE:      28      0.00890649      0.01819587     -0.00983835
MINMODE:MODE:      29     -0.00319610      0.00735463      0.00396529
MINMODE:MODE:      30     -0.01140777     -0.00333361      0.02144767
MINMODE:MODE:      31     -0.00971129     -0.00438551      0.02196746
MINMODE:MODE:      32      0.03687307     -0.02044917      0.02731266
MINMODE:MODE:      33     -0.00641200      0.00009931      0.01627477
MINMODE:MODE:      34      0.01909532      0.01147245      0.02174041
MINMODE:MODE:      35      0.00124236      0.01476801      0.03221746
MINMODE:MODE:      36      0.02453008     -0.01464762      0.00787682
MINMODE:MODE:      37      0.01112487      0.00154737      0.00890875
MINMODE:MODE:      38     -0.01645434      0.02920800      0.01119646
MINMODE:MODE:      39     -0.03633000      0.04193881      0.01366354
MINMODE:MODE:      40     -0.03011220      0.02711723      0.01187875
MINMODE:MODE:      41     -0.01700158     -0.02570625     -0.01734831
MINMODE:MODE:      42     -0.00104803     -0.02350169     -0.00886930
MINMODE:MODE:      43      0.01667196     -0.01639039      0.01795220
MINMODE:MODE:      44      0.02263902     -0.00637821      0.04155038
MINMODE:MODE:      45      0.02090895      0.00114333      0.04160273
MINMODE:MODE:      46     -0.02124990     -0.02407081      0.02070724
MINMODE:MODE:      47     -0.01116442     -0.01445405      0.01393189
MINMODE:MODE:      48     -0.00536591      0.01491893     -0.01330754
MINMODE:MODE:      49     -0.00435456     -0.00151473     -0.00359193
MINMODE:MODE:      50      0.02469997      0.00399967      0.02767456
MINMODE:MODE:      51      0.03115646      0.00775162      0.02876454
MINMODE:MODE:      52      0.01674269      0.00689592      0.00649797
MINMODE:MODE:      53     -0.00582883      0.00358762     -0.02437993
MINMODE:MODE:      54     -0.01410578     -0.00264429     -0.03267863
MINMODE:MODE:      55      0.00299740      0.01576279     -0.00440498
MINMODE:MODE:      56      0.01336794      0.02340037     -0.01965662
MINMODE:MODE:      57     -0.00555537      0.00747233      0.00555378
MINMODE:MODE:      58     -0.02229798     -0.01111454      0.03560251
MINMODE:MODE:      59     -0.02272815     -0.01114067      0.03113719
MINMODE:MODE:      60      0.00625569      0.08197576      0.08397767
MINMODE:MODE:      61      0.01032372      0.08326813      0.05266469
MINMODE:MODE:      62     -0.00690573     -0.04142720     -0.00479495
MINMODE:MODE:      63     -0.00296909     -0.01885887     -0.00751464
MINMODE:MODE:      64     -0.02831409     -0.09176431     -0.23952530
MINMODE:MODE:      65     -0.08072140     -0.31363243     -0.36564855
MINMODE:MODE:      66     -0.00834322     -0.06550290     -0.10956620
MINMODE:MODE:      67     -0.02270482     -0.05275485     -0.03813742
MINMODE:MODE:      68     -0.00484419     -0.02637671     -0.01932932
MINMODE:MODE:      69     -0.00350939      0.01122586     -0.05116093
MINMODE:MODE:      70      0.00819818      0.00457752     -0.10790342
MINMODE:MODE:      71      0.02076503     -0.03776338     -0.12707999
MINMODE:MODE:      72     -0.00329512     -0.00121886      0.08783236
MINMODE:MODE:      73      0.03989832      0.43463346      0.55155271
MINMODE:MODE:      74     -0.02377873     -0.00250786      0.04054833
MINMODE:MODE:      75     -0.00982051     -0.08787354     -0.01184141
MINMODE:MODE:      76      0.00271541     -0.02729392      0.01421219
MINMODE:MODE:      77     -0.00645121      0.04102948     -0.03854485
MINMODE:MODE:      78      0.00226266      0.02608625     -0.12107242
MINMODE:MODE:      79      0.01272025     -0.03530527     -0.14380480
MINMODE:MODE: Optimization Step: 78
MINMODE:MODE: Order: 0
MINMODE:MODE:       0     -0.00609178      0.06833921     -0.03159877
MINMODE:MODE:       1      0.00823367     -0.05571533      0.00891324
MINMODE:MODE:       2      0.01413375     -0.01892578      0.01546756
MINMODE:MODE:       3      0.00114743      0.00521000      0.02331820
MINMODE:MODE:       4     -0.02876267      0.01058861      0.02379176
MINMODE:MODE:       5      0.00206206      0.00150292      0.00773630
MINMODE:MODE:       6      0.01259270     -0.00212653      0.00693450
MINMODE:MODE:       7      0.00465050      0.00570870      0.00847027
MINMODE:MODE:       8     -0.01056153      0.02031604      0.00958674
MINMODE:MODE:       9     -0.02141199      0.02666576      0.01053842
MINMODE:MODE:      10     -0.01658840      0.01900899      0.01058554
MINMODE:MODE:      11     -0.00142451     -0.01178384      0.01881999
MINMODE:MODE:      12     -0.00468554     -0.01847630     -0.00092008
MINMODE:MODE:      13      0.00029199     -0.01922959      0.00110290
MINMODE:MODE:      14      0.01039835     -0.01405564      0.01492949
MINMODE:MODE:      15      0.01302353     -0.00871312      0.02852294
MINMODE:MODE:      16      0.00955852     -0.00454328      0.02994772
MINMODE:MODE:      17     -0.00936310     -0.02255534      0.01416701
MINMODE:MODE:      18      0.00303792      0.00425317     -0.00517512
MINMODE:MODE:      19      0.03515439      0.02581348      0.00121900
MINMODE:MODE:      20      0.00911431      0.00107671      0.00030129
MINMODE:MODE:      21      0.01909258      0.00340373      0.01419421
MINMODE:MODE:      22      0.02101729      0.00527757      0.01482039
MINMODE:MODE:      23      0.01264278      0.00500773      0.00323290
MINMODE:MODE:      24      0.00059839      0.00313557     -0.01271669
MINMODE:MODE:      25     -0.00344854      0.00091489     -0.01460483
MINMODE:MODE:      26      0.00438801      0.00969342      0.01353092
MINMODE:MODE:      27      0.00639475      0.01886832     -0.00650931
MINMODE:MODE:      28      0.00866405      0.01698392     -0.00855029
MINMODE:MODE:      29     -0.00246434      0.00690464      0.00386610
MINMODE:MODE:      30     -0.00977239     -0.00287741      0.01992673
MINMODE:MODE:      31     -0.00827201     -0.00395061      0.02062932
MINMODE:MODE:      32      0.03642980     -0.02021416      0.02634287
MINMODE:MODE:      33     -0.00544888      0.00013964      0.01549709
MINMODE:MODE:      34      0.01782559      0.01192573      0.02041743
MINMODE:MODE:      35      0.00102056      0.01470325      0.03008075
MINMODE:MODE:      36      0.02309356     -0.01356090      0.00750920
MINMODE:MODE:      37      0.01038490      0.00143955      0.00842911
MINMODE:MODE:      38     -0.01490867      0.02686769      0.01044375
MINMODE:MODE:      39     -0.03311649      0.03846254      0.01263884
MINMODE:MODE:      40     -0.02756199      0.02474605      0.01092024
MINMODE:MODE:      41     -0.01669955     -0.02442593     -0.01598325
MINMODE:MODE:      42     -0.00140697     -0.02181508     -0.00778584
MINMODE:MODE:      43      0.01498142     -0.01511607      0.01684305
MINMODE:MODE:      44      0.02026920     -0.00598454      0.03844023
MINMODE:MODE:      45      0.01910736      0.00108889      0.03863582
MINMODE:MODE:      46     -0.02074013     -0.02378228      0.02171656
MINMODE:MODE:      47     -0.01061442     -0.01367106      0.01479852
MINMODE:MODE:      48     -0.00507457      0.01496948     -0.01257022
MINMODE:MODE:      49     -0.00446595     -0.00111904     -0.00299978
MINMODE:MODE:      50      0.02261513      0.00360146      0.02537877
MINMODE:MODE:      51      0.02850075      0.00703555      0.02621447
MINMODE:MODE:      52      0.01527304      0.00625374      0.00600661
MINMODE:MODE:      53     -0.00546066      0.00336217     -0.02238125
MINMODE:MODE:      54     -0.01311351     -0.00252201     -0.03029448
MINMODE:MODE:      55      0.00186735      0.01406208     -0.00198974
MINMODE:MODE:      56      0.01244182      0.02149540     -0.01732008
MINMODE:MODE:      57     -0.00473794      0.00692462      0.00542608
MINMODE:MODE:      58     -0.01979693     -0.00997393      0.03284001
MINMODE:MODE:      59     -0.02045562     -0.01000976      0.02872736
MINMODE:MODE:      60      0.00538357      0.08169263      0.08199635
MINMODE:MODE:      61      0.00895296      0.08276595      0.04977984
MINMODE:MODE:      62     -0.00698746     -0.04114591     -0.00669390
MINMODE:MODE:      63     -0.00272494     -0.01820419     -0.00969080
MINMODE:MODE:      64     -0.02969654     -0.09047323     -0.24085499
MINMODE:MODE:      65     -0.08226474     -0.31496983     -0.36593583
MINMODE:MODE:      66     -0.00778131     -0.06404696     -0.10714630
MINMODE:MODE:      67     -0.02327931     -0.05101660     -0.03693056
MINMODE:MODE:      68     -0.00486284     -0.02569222     -0.01825867
MINMODE:MODE:      69     -0.00198243      0.01073876     -0.04891202
MINMODE:MODE:      70      0.01070661      0.00382216     -0.10447330
MINMODE:MODE:      71      0.02287728     -0.03743159     -0.12353418
MINMODE:MODE:      72     -0.00377521     -0.00076749      0.08980187
MINMODE:MODE:      73      0.03967129      0.43800489      0.55839526
MINMODE:MODE:      74     -0.02430160     -0.00134187      0.04175452
MINMODE:MODE:      75     -0.01138401     -0.08533644     -0.01154071
MINMODE:MODE:      76      0.00175473     -0.02636371      0.01406059
MINMODE:MODE:      77     -0.00449868      0.03971804     -0.03637709
MINMODE:MODE:      78      0.00567766      0.02437903     -0.11669228
MINMODE:MODE:      79      0.01495660     -0.03493507     -0.13920825
MINMODE:MODE: Optimization Step: 79
MINMODE:MODE: Order: 0
MINMODE:MODE:       0     -0.00606462      0.06836715     -0.03312763
MINMODE:MODE:       1      0.00821900     -0.05554823      0.00932291
MINMODE:MODE:       2      0.01429397     -0.01880543      0.01491212
MINMODE:MODE:       3      0.00075444      0.00537805      0.02213677
MINMODE:MODE:       4     -0.02901933      0.01082101      0.02320243
MINMODE:MODE:       5      0.00238202      0.00098336      0.00709557
MINMODE:MODE:       6      0.01217589     -0.00207213      0.00642368
MINMODE:MODE:       7      0.00457822      0.00518042      0.00794225
MINMODE:MODE:       8     -0.00943923      0.01863590      0.00892061
MINMODE:MODE:       9     -0.01948239      0.02442938      0.00973642
MINMODE:MODE:      10     -0.01501783      0.01733137      0.00981517
MINMODE:MODE:      11     -0.00201452     -0.01123770      0.01816933
MINMODE:MODE:      12     -0.00491256     -0.01747598     -0.00054591
MINMODE:MODE:      13     -0.00028000     -0.01802762      0.00134938
MINMODE:MODE:      14      0.00914817     -0.01307308      0.01402578
MINMODE:MODE:      15      0.01142341     -0.00817295      0.02659603
MINMODE:MODE:      16      0.00826680     -0.00422222      0.02811546
MINMODE:MODE:      17     -0.00914786     -0.02224264      0.01500031
MINMODE:MODE:      18      0.00317955      0.00451354     -0.00461417
MINMODE:MODE:      19      0.03533703      0.02595113      0.00131088
MINMODE:MODE:      20      0.00869688      0.00092813      0.00026347
MINMODE:MODE:      21      0.01773967      0.00306200      0.01295965
MINMODE:MODE:      22      0.01936793      0.00475827      0.01344998
MINMODE:MODE:      23      0.01157497      0.00454841      0.00293708
MINMODE:MODE:      24      0.00047000      0.00288198     -0.01175135
MINMODE:MODE:      25     -0.00328883      0.00082219     -0.01348968
MINMODE:MODE:      26      0.00461701      0.00931177      0.01377532
MINMODE:MODE:      27      0.00603968      0.01786421     -0.00530598
MINMODE:MODE:      28      0.00842708      0.01587315     -0.00738421
MINMODE:MODE:      29     -0.00180264      0.00649692      0.00375685
MINMODE:MODE:      30     -0.00830736     -0.00246367      0.01854647
MINMODE:MODE:      31     -0.00700123     -0.00355846      0.01941587
MINMODE:MODE:      32      0.03607392     -0.02002024      0.02548803
MINMODE:MODE:      33     -0.00458347      0.00017993      0.01479849
MINMODE:MODE:      34      0.01666605      0.01232508      0.01923797
MINMODE:MODE:      35      0.00083046      0.01464276      0.02816233
MINMODE:MODE:      36      0.02178559     -0.01258971      0.00717301
MINMODE:MODE:      37      0.00971102      0.00133642      0.00799714
MINMODE:MODE:      38     -0.01352572      0.02476354      0.00976308
MINMODE:MODE:      39     -0.03022622      0.03534386      0.01171007
MINMODE:MODE:      40     -0.02527752      0.02261840      0.01005075
MINMODE:MODE:      41     -0.01641664     -0.02327104     -0.01475292
MINMODE:MODE:      42     -0.00172431     -0.02029554     -0.00681180
MINMODE:MODE:      43      0.01347106     -0.01396886      0.01584279
MINMODE:MODE:      44      0.01815159     -0.00563076      0.03562738
MINMODE:MODE:      45      0.01750196      0.00102821      0.03595721
MINMODE:MODE:      46     -0.02029854     -0.02356207      0.02266038
MINMODE:MODE:      47     -0.01012724     -0.01295634      0.01557787
MINMODE:MODE:      48     -0.00479559      0.01503287     -0.01191723
MINMODE:MODE:      49     -0.00455695     -0.00074297     -0.00248721
MINMODE:MODE:      50      0.02074906      0.00323279      0.02330650
MINMODE:MODE:      51      0.02612529      0.00637981      0.02390987
MINMODE:MODE:      52      0.01396244      0.00566917      0.00556212
MINMODE:MODE:      53     -0.00512035      0.00316261     -0.02059030
MINMODE:MODE:      54     -0.01221711     -0.00239917     -0.02816485
MINMODE:MODE:      55      0.00082694      0.01251593      0.00017381
MINMODE:MODE:      56      0.01161322      0.01978144     -0.01524007
MINMODE:MODE:      57     -0.00401128      0.00643189      0.00530425
MINMODE:MODE:      58     -0.01756948     -0.00894579      0.03035376
MINMODE:MODE:      59     -0.01843011     -0.00898909      0.02656446
MINMODE:MODE:      60      0.00457397      0.08145658      0.08014262
MINMODE:MODE:      61      0.00771722      0.08223191      0.04704931
MINMODE:MODE:      62     -0.00713947     -0.04095873     -0.00843939
MINMODE:MODE:      63     -0.00246647     -0.01747771     -0.01174165
MINMODE:MODE:      64     -0.03128256     -0.08890164     -0.24259929
MINMODE:MODE:      65     -0.08426482     -0.31607804     -0.36596928
MINMODE:MODE:      66     -0.00730625     -0.06270007     -0.10469266
MINMODE:MODE:      67     -0.02382026     -0.04935592     -0.03586686
MINMODE:MODE:      68     -0.00490377     -0.02498679     -0.01726776
MINMODE:MODE:      69     -0.00059811      0.01027099     -0.04682332
MINMODE:MODE:      70      0.01289544      0.00312550     -0.10127253
MINMODE:MODE:      71      0.02476277     -0.03716681     -0.12006152
MINMODE:MODE:      72     -0.00403924     -0.00055171      0.09171217
MINMODE:MODE:      73      0.04004297      0.44063123      0.56419659
MINMODE:MODE:      74     -0.02475847     -0.00021783      0.04279426
MINMODE:MODE:      75     -0.01277260     -0.08297781     -0.01131538
MINMODE:MODE:      76      0.00095083     -0.02545165      0.01393599
MINMODE:MODE:      77     -0.00275917      0.03857926     -0.03439297
MINMODE:MODE:      78      0.00872110      0.02285394     -0.11266176
MINMODE:MODE:      79      0.01694550     -0.03463606     -0.13494426
MINMODE:MODE: Optimization Step: 80
MINMODE:MODE: Order: 0
MINMODE:MODE:       0     -0.00579591      0.06823824     -0.03403821
MINMODE:MODE:       1      0.00821662     -0.05546248      0.00990510
MINMODE:MODE:       2      0.01448093     -0.01875340      0.01449416
MINMODE:MODE:       3      0.00041606      0.00552136      0.02116700
MINMODE:MODE:       4     -0.02917208      0.01099816      0.02283338
MINMODE:MODE:       5      0.00270577      0.00050780      0.00656362
MINMODE:MODE:       6      0.01183332     -0.00203545      0.00600427
MINMODE:MODE:       7      0.00452461      0.00471896      0.00750087
MINMODE:MODE:       8     -0.00848894      0.01721407      0.00835775
MINMODE:MODE:       9     -0.01783505      0.02253589      0.00905468
MINMODE:MODE:      10     -0.01368029      0.01592480      0.00916672
MINMODE:MODE:      11     -0.00253438     -0.01078571      0.01765224
MINMODE:MODE:      12     -0.00512057     -0.01664031     -0.00022804
MINMODE:MODE:      13     -0.00077843     -0.01701181      0.00156349
MINMODE:MODE:      14      0.00808143     -0.01224244      0.01326507
MINMODE:MODE:      15      0.01005278     -0.00772073      0.02496958
MINMODE:MODE:      16      0.00716227     -0.00395353      0.02658497
MINMODE:MODE:      17     -0.00897283     -0.02203608      0.01578544
MINMODE:MODE:      18      0.00331543      0.00476213     -0.00416799
MINMODE:MODE:      19      0.03560367      0.02610035      0.00130047
MINMODE:MODE:      20      0.00839152      0.00080215      0.00020012
MINMODE:MODE:      21      0.01662767      0.00276177      0.01189809
MINMODE:MODE:      22      0.01798744      0.00430170      0.01226894
MINMODE:MODE:      23      0.01068257      0.00415137      0.00268309
MINMODE:MODE:      24      0.00036464      0.00266803     -0.01094644
MINMODE:MODE:      25     -0.00314650      0.00075130     -0.01255961
MINMODE:MODE:      26      0.00482225      0.00899742      0.01401281
MINMODE:MODE:      27      0.00576014      0.01702941     -0.00429251
MINMODE:MODE:      28      0.00824725      0.01493283     -0.00641211
MINMODE:MODE:      29     -0.00124532      0.00614249      0.00367132
MINMODE:MODE:      30     -0.00705859     -0.00210010      0.01737987
MINMODE:MODE:      31     -0.00593062     -0.00322255      0.01840648
MINMODE:MODE:      32      0.03588671     -0.01989737      0.02480102
MINMODE:MODE:      33     -0.00381976      0.00020228      0.01424342
MINMODE:MODE:      34      0.01565790      0.01269308      0.01825654
MINMODE:MODE:      35      0.00066638      0.01462177      0.02654814
MINMODE:MODE:      36      0.02067354     -0.01177200      0.00688839
MINMODE:MODE:      37      0.00913392      0.00124814      0.00764031
MINMODE:MODE:      38     -0.01234506      0.02297389      0.00918762
MINMODE:MODE:      39     -0.02776197      0.03270248      0.01092004
MINMODE:MODE:      40     -0.02332932      0.02081199      0.00930532
MINMODE:MODE:      41     -0.01620753     -0.02226353     -0.01376690
MINMODE:MODE:      42     -0.00200492     -0.01900616     -0.00597059
MINMODE:MODE:      43      0.01218375     -0.01299412      0.01499783
MINMODE:MODE:      44      0.01634752     -0.00533949      0.03324097
MINMODE:MODE:      45      0.01614163      0.00096597      0.03368667
MINMODE:MODE:      46     -0.01996654     -0.02345350      0.02356506
MINMODE:MODE:      47     -0.00974183     -0.01236744      0.01631843
MINMODE:MODE:      48     -0.00454327      0.01514420     -0.01138534
MINMODE:MODE:      49     -0.00462859     -0.00038362     -0.00207179
MINMODE:MODE:      50      0.01917060      0.00290915      0.02153450
MINMODE:MODE:      51      0.02412037      0.00580853      0.02193637
MINMODE:MODE:      52      0.01285223      0.00516354      0.00518192
MINMODE:MODE:      53     -0.00482522      0.00299641     -0.01907423
MINMODE:MODE:      54     -0.01145787     -0.00228179     -0.02637771
MINMODE:MODE:      55     -0.00009125      0.01117321      0.00206816
MINMODE:MODE:      56      0.01091817      0.01831349     -0.01346555
MINMODE:MODE:      57     -0.00338893      0.00601128      0.00519963
MINMODE:MODE:      58     -0.01567540     -0.00806197      0.02824624
MINMODE:MODE:      59     -0.01671062     -0.00811032      0.02473390
MINMODE:MODE:      60      0.00385938      0.08154318      0.07832536
MINMODE:MODE:      61      0.00660905      0.08198903      0.04496252
MINMODE:MODE:      62     -0.00739609     -0.04102129     -0.00997287
MINMODE:MODE:      63     -0.00216910     -0.01654440     -0.01365742
MINMODE:MODE:      64     -0.03222224     -0.08881938     -0.24293707
MINMODE:MODE:      65     -0.08726990     -0.31479618     -0.36701518
MINMODE:MODE:      66     -0.00725165     -0.06166763     -0.10292311
MINMODE:MODE:      67     -0.02432638     -0.04811734     -0.03498606
MINMODE:MODE:      68     -0.00488512     -0.02449293     -0.01640322
MINMODE:MODE:      69      0.00057699      0.00988648     -0.04507435
MINMODE:MODE:      70      0.01490524      0.00250024     -0.09852764
MINMODE:MODE:      71      0.02640229     -0.03691871     -0.11725092
MINMODE:MODE:      72     -0.00409019     -0.00058228      0.09325571
MINMODE:MODE:      73      0.04058706      0.44276438      0.56904493
MINMODE:MODE:      74     -0.02515330      0.00032076      0.04341946
MINMODE:MODE:      75     -0.01404044     -0.08099898     -0.01109698
MINMODE:MODE:      76      0.00024850     -0.02473419      0.01388786
MINMODE:MODE:      77     -0.00128973      0.03764361     -0.03271771
MINMODE:MODE:      78      0.01138979      0.02156006     -0.10933126
MINMODE:MODE:      79      0.01874431     -0.03441816     -0.13143505
MINMODE:MODE: Optimization Step: 81
MINMODE:MODE: Order: 0
MINMODE:MODE:       0     -0.00526208      0.06823370     -0.03510267
MINMODE:MODE:       1      0.00822246     -0.05543249      0.01057414
MINMODE:MODE:       2      0.01467230     -0.01873629      0.01416499
MINMODE:MODE:       3      0.00009661      0.00565386      0.02032521
MINMODE:MODE:       4     -0.02918564      0.01118186      0.02256452
MINMODE:MODE:       5      0.00303508      0.00006793      0.00610640
MINMODE:MODE:       6      0.01154710     -0.00202416      0.00563834
MINMODE:MODE:       7      0.00449483      0.00428148      0.00711080
MINMODE:MODE:       8     -0.00762281      0.01592649      0.00784955
MINMODE:MODE:       9     -0.01632008      0.02081771      0.00843763
MINMODE:MODE:      10     -0.01244971      0.01464507      0.00858476
MINMODE:MODE:      11     -0.00301929     -0.01038760      0.01721183
MINMODE:MODE:      12     -0.00532068     -0.01589133      0.00007652
MINMODE:MODE:      13     -0.00125236     -0.01609465      0.00176377
MINMODE:MODE:      14      0.00710329     -0.01148989      0.01257942
MINMODE:MODE:      15      0.00878559     -0.00732067      0.02349596
MINMODE:MODE:      16      0.00614617     -0.00370928      0.02521666
MINMODE:MODE:      17     -0.00881139     -0.02188375      0.01655987
MINMODE:MODE:      18      0.00346649      0.00501770     -0.00377018
MINMODE:MODE:      19      0.03593954      0.02625659      0.00123700
MINMODE:MODE:      20      0.00817679      0.00068627      0.00012093
MINMODE:MODE:      21      0.01565518      0.00248123      0.01090255
MINMODE:MODE:      22      0.01675653      0.00386907      0.01117251
MINMODE:MODE:      23      0.00988241      0.00378158      0.00244765
MINMODE:MODE:      24      0.00026763      0.00247414     -0.01023203
MINMODE:MODE:      25     -0.00300709      0.00069406     -0.01172624
MINMODE:MODE:      26      0.00502836      0.00872551      0.01425236
MINMODE:MODE:      27      0.00553021      0.01628562     -0.00338239
MINMODE:MODE:      28      0.00810379      0.01407498     -0.00553372
MINMODE:MODE:      29     -0.00072928      0.00582117      0.00358927
MINMODE:MODE:      30     -0.00592387     -0.00176597      0.01633613
MINMODE:MODE:      31     -0.00495168     -0.00291500      0.01751257
MINMODE:MODE:      32      0.03583227     -0.01981306      0.02421194
MINMODE:MODE:      33     -0.00307310      0.00019737      0.01379610
MINMODE:MODE:      34      0.01469814      0.01306367      0.01739082
MINMODE:MODE:      35      0.00051561      0.01462732      0.02509290
MINMODE:MODE:      36      0.01967262     -0.01103230      0.00663290
MINMODE:MODE:      37      0.00860560      0.00116615      0.00733034
MINMODE:MODE:      38     -0.01126139      0.02134100      0.00866626
MINMODE:MODE:      39     -0.02550379      0.03030642      0.01020168
MINMODE:MODE:      40     -0.02154675      0.01916375      0.00862241
MINMODE:MODE:      41     -0.01604025     -0.02136072     -0.01285042
MINMODE:MODE:      42     -0.00227531     -0.01783268     -0.00518968
MINMODE:MODE:      43      0.01100395     -0.01210691      0.01423361
MINMODE:MODE:      44      0.01470119     -0.00508158      0.03107815
MINMODE:MODE:      45      0.01490975      0.00090065      0.03162440
MINMODE:MODE:      46     -0.01969618     -0.02343193      0.02450498
MINMODE:MODE:      47     -0.00942848     -0.01185540      0.01708043
MINMODE:MODE:      48     -0.00430089      0.01531283     -0.01092935
MINMODE:MODE:      49     -0.00469893     -0.00001692     -0.00172102
MINMODE:MODE:      50      0.01774464      0.00260670      0.01990717
MINMODE:MODE:      51      0.02230978      0.00527138      0.02011719
MINMODE:MODE:      52      0.01184467      0.00469102      0.00483171
MINMODE:MODE:      53     -0.00455148      0.00284949     -0.01769847
MINMODE:MODE:      54     -0.01077929     -0.00214817     -0.02477268
MINMODE:MODE:      55     -0.00095663      0.00992721      0.00385825
MINMODE:MODE:      56      0.01029599      0.01696151     -0.01183934
MINMODE:MODE:      57     -0.00281504      0.00562482      0.00510406
MINMODE:MODE:      58     -0.01394517     -0.00723921      0.02632730
MINMODE:MODE:      59     -0.01514020     -0.00729393      0.02307438
MINMODE:MODE:      60      0.00323503      0.08159652      0.07677997
MINMODE:MODE:      61      0.00556007      0.08192860      0.04309761
MINMODE:MODE:      62     -0.00767034     -0.04068131     -0.01136552
MINMODE:MODE:      63     -0.00197203     -0.01591585     -0.01512120
MINMODE:MODE:      64     -0.03298955     -0.08839548     -0.24274399
MINMODE:MODE:      65     -0.09094798     -0.31284280     -0.36809782
MINMODE:MODE:      66     -0.00761728     -0.06077521     -0.10149138
MINMODE:MODE:      67     -0.02488502     -0.04711454     -0.03424288
MINMODE:MODE:      68     -0.00480064     -0.02414707     -0.01556910
MINMODE:MODE:      69      0.00167328      0.00953817     -0.04352405
MINMODE:MODE:      70      0.01689632      0.00188375     -0.09603151
MINMODE:MODE:      71      0.02790987     -0.03668642     -0.11478387
MINMODE:MODE:      72     -0.00392616     -0.00078369      0.09457804
MINMODE:MODE:      73      0.04133205      0.44461073      0.57331303
MINMODE:MODE:      74     -0.02572110      0.00017162      0.04340208
MINMODE:MODE:      75     -0.01527754     -0.07929218     -0.01089078
MINMODE:MODE:      76     -0.00041296     -0.02415034      0.01391084
MINMODE:MODE:      77      0.00004704      0.03682286     -0.03122701
MINMODE:MODE:      78      0.01393850      0.02036998     -0.10640718
MINMODE:MODE:      79      0.02045271     -0.03426076     -0.12835540
MINMODE:MODE: Optimization Step: 82
MINMODE:MODE: Order: 0
MINMODE:MODE:       0     -0.00496981      0.06856808     -0.03621237
MINMODE:MODE:       1      0.00831719     -0.05536220      0.01108171
MINMODE:MODE:       2      0.01485516     -0.01868897      0.01387795
MINMODE:MODE:       3     -0.00018213      0.00576167      0.01953696
MINMODE:MODE:       4     -0.02920698      0.01135072      0.02225887
MINMODE:MODE:       5      0.00336237     -0.00032691      0.00569786
MINMODE:MODE:       6      0.01127369     -0.00200948      0.00529765
MINMODE:MODE:       7      0.00446413      0.00388620      0.00674958
MINMODE:MODE:       8     -0.00681578      0.01471977      0.00737307
MINMODE:MODE:       9     -0.01490951      0.01922178      0.00787434
MINMODE:MODE:      10     -0.01127971      0.01344386      0.00804138
MINMODE:MODE:      11     -0.00342683     -0.01000225      0.01677459
MINMODE:MODE:      12     -0.00548855     -0.01518364      0.00036024
MINMODE:MODE:      13     -0.00167555     -0.01524201      0.00194612
MINMODE:MODE:      14      0.00619353     -0.01078914      0.01193578
MINMODE:MODE:      15      0.00761892     -0.00693709      0.02211057
MINMODE:MODE:      16      0.00521554     -0.00348066      0.02391354
MINMODE:MODE:      17     -0.00863849     -0.02169336      0.01724609
MINMODE:MODE:      18      0.00361842      0.00525014     -0.00340607
MINMODE:MODE:      19      0.03621718      0.02635706      0.00116400
MINMODE:MODE:      20      0.00797497      0.00057422      0.00003637
MINMODE:MODE:      21      0.01476376      0.00222825      0.00994899
MINMODE:MODE:      22      0.01562855      0.00346954      0.01013567
MINMODE:MODE:      23      0.00914599      0.00342887      0.00221698
MINMODE:MODE:      24      0.00018510      0.00228215     -0.00956088
MINMODE:MODE:      25     -0.00286109      0.00062890     -0.01094630
MINMODE:MODE:      26      0.00521329      0.00846415      0.01442488
MINMODE:MODE:      27      0.00528904      0.01558003     -0.00253054
MINMODE:MODE:      28      0.00794481      0.01328176     -0.00471317
MINMODE:MODE:      29     -0.00025228      0.00553298      0.00351415
MINMODE:MODE:      30     -0.00486922     -0.00147478      0.01535159
MINMODE:MODE:      31     -0.00402806     -0.00263325      0.01665808
MINMODE:MODE:      32      0.03575741     -0.01971422      0.02366437
MINMODE:MODE:      33     -0.00234960      0.00017147      0.01339657
MINMODE:MODE:      34      0.01379254      0.01338884      0.01659195
MINMODE:MODE:      35      0.00039560      0.01460141      0.02372297
MINMODE:MODE:      36      0.01874313     -0.01033608      0.00638248
MINMODE:MODE:      37      0.00811388      0.00109376      0.00703837
MINMODE:MODE:      38     -0.01025708      0.01981765      0.00817650
MINMODE:MODE:      39     -0.02340766      0.02807134      0.00953760
MINMODE:MODE:      40     -0.01989492      0.01762366      0.00799522
MINMODE:MODE:      41     -0.01584364     -0.02052733     -0.01197751
MINMODE:MODE:      42     -0.00251387     -0.01674488     -0.00446497
MINMODE:MODE:      43      0.00990718     -0.01128154      0.01351982
MINMODE:MODE:      44      0.01316234     -0.00483299      0.02905980
MINMODE:MODE:      45      0.01376302      0.00084953      0.02969363
MINMODE:MODE:      46     -0.01942459     -0.02338219      0.02535970
MINMODE:MODE:      47     -0.00913840     -0.01137908      0.01777020
MINMODE:MODE:      48     -0.00408694      0.01547024     -0.01051535
MINMODE:MODE:      49     -0.00475488      0.00034163     -0.00141219
MINMODE:MODE:      50      0.01643673      0.00233977      0.01837734
MINMODE:MODE:      51      0.02065112      0.00476934      0.01840217
MINMODE:MODE:      52      0.01091805      0.00423877      0.00449802
MINMODE:MODE:      53     -0.00429480      0.00269985     -0.01641738
MINMODE:MODE:      54     -0.01014445     -0.00201906     -0.02327838
MINMODE:MODE:      55     -0.00176772      0.00877254      0.00549141
MINMODE:MODE:      56      0.00970888      0.01572048     -0.01033784
MINMODE:MODE:      57     -0.00228553      0.00526863      0.00500969
MINMODE:MODE:      58     -0.01233391     -0.00649848      0.02454449
MINMODE:MODE:      59     -0.01368838     -0.00656007      0.02152590
MINMODE:MODE:      60      0.00273762      0.08138985      0.07566094
MINMODE:MODE:      61      0.00460881      0.08149685      0.04096050
MINMODE:MODE:      62     -0.00781155     -0.04014063     -0.01246570
MINMODE:MODE:      63     -0.00187831     -0.01549129     -0.01628564
MINMODE:MODE:      64     -0.03462875     -0.08617051     -0.24384878
MINMODE:MODE:      65     -0.09285895     -0.31352548     -0.36764136
MINMODE:MODE:      66     -0.00790355     -0.05975611     -0.09996852
MINMODE:MODE:      67     -0.02548116     -0.04600327     -0.03353555
MINMODE:MODE:      68     -0.00474552     -0.02375426     -0.01475578
MINMODE:MODE:      69      0.00269900      0.00918790     -0.04197639
MINMODE:MODE:      70      0.01865732      0.00133884     -0.09361948
MINMODE:MODE:      71      0.02924258     -0.03650242     -0.11227736
MINMODE:MODE:      72     -0.00381658     -0.00099654      0.09533978
MINMODE:MODE:      73      0.04219087      0.44614367      0.57686386
MINMODE:MODE:      74     -0.02697005      0.00063472      0.04345213
MINMODE:MODE:      75     -0.01639479     -0.07765979     -0.01075383
MINMODE:MODE:      76     -0.00097246     -0.02358106      0.01393272
MINMODE:MODE:      77      0.00125335      0.03603774     -0.02979539
MINMODE:MODE:      78      0.01626826      0.01928066     -0.10347823
MINMODE:MODE:      79      0.02196272     -0.03409821     -0.12532018
MINMODE:MODE: Optimization Step: 83
MINMODE:MODE: Order: 0
MINMODE:MODE:       0     -0.00469445      0.06877102     -0.03701930
MINMODE:MODE:       1      0.00840499     -0.05528601      0.01145916
MINMODE:MODE:       2      0.01502240     -0.01862518      0.01358834
MINMODE:MODE:       3     -0.00042010      0.00585552      0.01880111
MINMODE:MODE:       4     -0.02917014      0.01147461      0.02196328
MINMODE:MODE:       5      0.00368379     -0.00069589      0.00532041
MINMODE:MODE:       6      0.01101461     -0.00198879      0.00498539
MINMODE:MODE:       7      0.00442572      0.00353061      0.00641768
MINMODE:MODE:       8     -0.00607092      0.01360515      0.00693566
MINMODE:MODE:       9     -0.01360876      0.01775461      0.00736066
MINMODE:MODE:      10     -0.01018617      0.01233716      0.00754236
MINMODE:MODE:      11     -0.00379646     -0.00963947      0.01634986
MINMODE:MODE:      12     -0.00562094     -0.01451888      0.00062314
MINMODE:MODE:      13     -0.00204883     -0.01444940      0.00210987
MINMODE:MODE:      14      0.00536428     -0.01014090      0.01133266
MINMODE:MODE:      15      0.00656816     -0.00657658      0.02082541
MINMODE:MODE:      16      0.00437121     -0.00326906      0.02269343
MINMODE:MODE:      17     -0.00844934     -0.02148865      0.01782069
MINMODE:MODE:      18      0.00376323      0.00545898     -0.00308881
MINMODE:MODE:      19      0.03641836      0.02638979      0.00105829
MINMODE:MODE:      20      0.00777352      0.00046913     -0.00007107
MINMODE:MODE:      21      0.01394572      0.00199499      0.00905874
MINMODE:MODE:      22      0.01460030      0.00310036      0.00917210
MINMODE:MODE:      23      0.00847506      0.00310124      0.00199750
MINMODE:MODE:      24      0.00012303      0.00209883     -0.00893962
MINMODE:MODE:      25     -0.00271360      0.00056650     -0.01023007
MINMODE:MODE:      26      0.00537230      0.00821526      0.01453840
MINMODE:MODE:      27      0.00504956      0.01490573     -0.00175388
MINMODE:MODE:      28      0.00777791      0.01254246     -0.00395989
MINMODE:MODE:      29      0.00017666      0.00526551      0.00343752
MINMODE:MODE:      30     -0.00391260     -0.00121968      0.01444570
MINMODE:MODE:      31     -0.00318463     -0.00237711      0.01585189
MINMODE:MODE:      32      0.03566351     -0.01960374      0.02315237
MINMODE:MODE:      33     -0.00168439      0.00014530      0.01302150
MINMODE:MODE:      34      0.01295708      0.01366221      0.01585649
MINMODE:MODE:      35      0.00030221      0.01455477      0.02244615
MINMODE:MODE:      36      0.01787855     -0.00969230      0.00613890
MINMODE:MODE:      37      0.00765905      0.00102990      0.00676653
MINMODE:MODE:      38     -0.00933518      0.01841339      0.00772438
MINMODE:MODE:      39     -0.02147942      0.02601547      0.00893068
MINMODE:MODE:      40     -0.01837477      0.01620477      0.00741980
MINMODE:MODE:      41     -0.01563481     -0.01974760     -0.01116033
MINMODE:MODE:      42     -0.00272151     -0.01574087     -0.00380293
MINMODE:MODE:      43      0.00890293     -0.01051857      0.01285499
MINMODE:MODE:      44      0.01175719     -0.00460031      0.02718823
MINMODE:MODE:      45      0.01271083      0.00080552      0.02790433
MINMODE:MODE:      46     -0.01915646     -0.02330413      0.02610969
MINMODE:MODE:      47     -0.00886408     -0.01091856      0.01835566
MINMODE:MODE:      48     -0.00388852      0.01561006     -0.01014051
MINMODE:MODE:      49     -0.00479192      0.00068248     -0.00114657
MINMODE:MODE:      50      0.01524635      0.00209613      0.01695784
MINMODE:MODE:      51      0.01914130      0.00430226      0.01681130
MINMODE:MODE:      52      0.01007257      0.00381448      0.00418480
MINMODE:MODE:      53     -0.00405332      0.00255375     -0.01523812
MINMODE:MODE:      54     -0.00955176     -0.00189218     -0.02190084
MINMODE:MODE:      55     -0.00252078      0.00770766      0.00696137
MINMODE:MODE:      56      0.00915960      0.01458700     -0.00897113
MINMODE:MODE:      57     -0.00180510      0.00494296      0.00491588
MINMODE:MODE:      58     -0.01085440     -0.00582518      0.02288973
MINMODE:MODE:      59     -0.01236282     -0.00589974      0.02009560
MINMODE:MODE:      60      0.00228458      0.08129238      0.07437781
MINMODE:MODE:      61      0.00369513      0.08104498      0.03900016
MINMODE:MODE:      62     -0.00792263     -0.03995051     -0.01337092
MINMODE:MODE:      63     -0.00175035     -0.01485767     -0.01741042
MINMODE:MODE:      64     -0.03643536     -0.08428669     -0.24512879
MINMODE:MODE:      65     -0.09467671     -0.31441235     -0.36717673
MINMODE:MODE:      66     -0.00808734     -0.05881219     -0.09839411
MINMODE:MODE:      67     -0.02608728     -0.04490347     -0.03283614
MINMODE:MODE:      68     -0.00472629     -0.02333596     -0.01395540
MINMODE:MODE:      69      0.00362140      0.00885563     -0.04045515
MINMODE:MODE:      70      0.02018496      0.00084967     -0.09126012
MINMODE:MODE:      71      0.03046317     -0.03631486     -0.10979650
MINMODE:MODE:      72     -0.00372369     -0.00123943      0.09567986
MINMODE:MODE:      73      0.04325092      0.44730046      0.58003465
MINMODE:MODE:      74     -0.02801872      0.00159337      0.04374004
MINMODE:MODE:      75     -0.01741100     -0.07600672     -0.01061511
MINMODE:MODE:      76     -0.00144182     -0.02301436      0.01394765
MINMODE:MODE:      77      0.00232492      0.03528182     -0.02841360
MINMODE:MODE:      78      0.01835064      0.01827531     -0.10060706
MINMODE:MODE:      79      0.02327970     -0.03390617     -0.12231251
MINMODE:MODE: Optimization Step: 84
MINMODE:MODE: Order: 0
MINMODE:MODE:       0     -0.00441033      0.06905363     -0.03768965
MINMODE:MODE:       1      0.00846068     -0.05528406      0.01176999
MINMODE:MODE:       2      0.01515116     -0.01856733      0.01332660
MINMODE:MODE:       3     -0.00063186      0.00595287      0.01815359
MINMODE:MODE:       4     -0.02905442      0.01155397      0.02177501
MINMODE:MODE:       5      0.00400298     -0.00104077      0.00498544
MINMODE:MODE:       6      0.01078979     -0.00197388      0.00470772
MINMODE:MODE:       7      0.00439830      0.00320501      0.00612160
MINMODE:MODE:       8     -0.00539507      0.01260010      0.00654400
MINMODE:MODE:       9     -0.01242021      0.01642870      0.00689981
MINMODE:MODE:      10     -0.00918857      0.01134251      0.00709604
MINMODE:MODE:      11     -0.00411658     -0.00931082      0.01597619
MINMODE:MODE:      12     -0.00574161     -0.01392372      0.00085688
MINMODE:MODE:      13     -0.00239060     -0.01373154      0.00225414
MINMODE:MODE:      14      0.00461346     -0.00955360      0.01078663
MINMODE:MODE:      15      0.00561046     -0.00625223      0.01965997
MINMODE:MODE:      16      0.00361146     -0.00307800      0.02159137
MINMODE:MODE:      17     -0.00824682     -0.02128289      0.01833445
MINMODE:MODE:      18      0.00390715      0.00567338     -0.00282598
MINMODE:MODE:      19      0.03658836      0.02639303      0.00104863
MINMODE:MODE:      20      0.00760818      0.00037358     -0.00017687
MINMODE:MODE:      21      0.01322219      0.00178233      0.00824502
MINMODE:MODE:      22      0.01368088      0.00276020      0.00828965
MINMODE:MODE:      23      0.00787840      0.00279903      0.00179462
MINMODE:MODE:      24      0.00007212      0.00193012     -0.00838523
MINMODE:MODE:      25     -0.00258161      0.00051163     -0.00959940
MINMODE:MODE:      26      0.00551235      0.00798834      0.01463430
MINMODE:MODE:      27      0.00482428      0.01429144     -0.00104977
MINMODE:MODE:      28      0.00762513      0.01187161     -0.00329128
MINMODE:MODE:      29      0.00055932      0.00501999      0.00336166
MINMODE:MODE:      30     -0.00305024     -0.00098417      0.01361833
MINMODE:MODE:      31     -0.00243228     -0.00214845      0.01512116
MINMODE:MODE:      32      0.03562873     -0.01951521      0.02270258
MINMODE:MODE:      33     -0.00107505      0.00012504      0.01269135
MINMODE:MODE:      34      0.01218743      0.01390951      0.01520155
MINMODE:MODE:      35      0.00023039      0.01452606      0.02129327
MINMODE:MODE:      36      0.01709846     -0.00910687      0.00590944
MINMODE:MODE:      37      0.00724822      0.00097561      0.00652420
MINMODE:MODE:      38     -0.00849711      0.01714319      0.00732034
MINMODE:MODE:      39     -0.01973183      0.02416143      0.00838879
MINMODE:MODE:      40     -0.01699106      0.01492066      0.00690021
MINMODE:MODE:      41     -0.01544033     -0.01904003     -0.01040440
MINMODE:MODE:      42     -0.00291022     -0.01483386     -0.00319860
MINMODE:MODE:      43      0.00799302     -0.00982617      0.01225458
MINMODE:MODE:      44      0.01048430     -0.00438815      0.02549526
MINMODE:MODE:      45      0.01175967      0.00076684      0.02628764
MINMODE:MODE:      46     -0.01892446     -0.02324876      0.02681194
MINMODE:MODE:      47     -0.00861689     -0.01049726      0.01890190
MINMODE:MODE:      48     -0.00370606      0.01576092     -0.00981712
MINMODE:MODE:      49     -0.00481873      0.00101426     -0.00092638
MINMODE:MODE:      50      0.01418351      0.00187539      0.01565905
MINMODE:MODE:      51      0.01779020      0.00387119      0.01535914
MINMODE:MODE:      52      0.00931187      0.00342263      0.00389731
MINMODE:MODE:      53     -0.00382992      0.00241645     -0.01417305
MINMODE:MODE:      54     -0.00901056     -0.00177164     -0.02065401
MINMODE:MODE:      55     -0.00319947      0.00674200      0.00830986
MINMODE:MODE:      56      0.00865830      0.01356148     -0.00773574
MINMODE:MODE:      57     -0.00137253      0.00464939      0.00482832
MINMODE:MODE:      58     -0.00951555     -0.00522183      0.02139658
MINMODE:MODE:      59     -0.01116035     -0.00530805      0.01880285
MINMODE:MODE:      60      0.00184993      0.08149213      0.07294090
MINMODE:MODE:      61      0.00280104      0.08092141      0.03752258
MINMODE:MODE:      62     -0.00803367     -0.04005290     -0.01401792
MINMODE:MODE:      63     -0.00160961     -0.01411891     -0.01843316
MINMODE:MODE:      64     -0.03736000     -0.08477911     -0.24451975
MINMODE:MODE:      65     -0.09738104     -0.31296711     -0.36858580
MINMODE:MODE:      66     -0.00850315     -0.05808608     -0.09738468
MINMODE:MODE:      67     -0.02666458     -0.04405594     -0.03212568
MINMODE:MODE:      68     -0.00469610     -0.02304624     -0.01317257
MINMODE:MODE:      69      0.00443931      0.00856328     -0.03906742
MINMODE:MODE:      70      0.02167813      0.00038828     -0.08911994
MINMODE:MODE:      71      0.03162311     -0.03612522     -0.10774798
MINMODE:MODE:      72     -0.00354737     -0.00146601      0.09596453
MINMODE:MODE:      73      0.04415403      0.44810304      0.58293081
MINMODE:MODE:      74     -0.02875541      0.00251355      0.04412007
MINMODE:MODE:      75     -0.01840674     -0.07444605     -0.01046425
MINMODE:MODE:      76     -0.00188537     -0.02255894      0.01399763
MINMODE:MODE:      77      0.00326624      0.03459656     -0.02713042
MINMODE:MODE:      78      0.02027833      0.01735288     -0.09803085
MINMODE:MODE:      79      0.02452248     -0.03371285     -0.11963759
MINMODE:MODE: Optimization Step: 85
MINMODE:MODE: Order: 0
MINMODE:MODE:       0     -0.00415658      0.06982246     -0.03821090
MINMODE:MODE:       1      0.00850694     -0.05524015      0.01205285
MINMODE:MODE:       2      0.01523902     -0.01848642      0.01308685
MINMODE:MODE:       3     -0.00083041      0.00605832      0.01758356
MINMODE:MODE:       4     -0.02897705      0.01166118      0.02167612
MINMODE:MODE:       5      0.00433161     -0.00137723      0.00468128
MINMODE:MODE:       6      0.01060259     -0.00196725      0.00445788
MINMODE:MODE:       7      0.00438343      0.00289967      0.00585519
MINMODE:MODE:       8     -0.00476718      0.01167735      0.00618776
MINMODE:MODE:       9     -0.01131397      0.01521078      0.00648186
MINMODE:MODE:      10     -0.00826316      0.01043467      0.00669526
MINMODE:MODE:      11     -0.00439344     -0.00900851      0.01566136
MINMODE:MODE:      12     -0.00585185     -0.01338567      0.00107325
MINMODE:MODE:      13     -0.00271549     -0.01307407      0.00238619
MINMODE:MODE:      14      0.00391831     -0.00901209      0.01028269
MINMODE:MODE:      15      0.00472285     -0.00595509      0.01858240
MINMODE:MODE:      16      0.00291577     -0.00290053      0.02058095
MINMODE:MODE:      17     -0.00803508     -0.02106969      0.01880341
MINMODE:MODE:      18      0.00405602      0.00589368     -0.00260042
MINMODE:MODE:      19      0.03687985      0.02646583      0.00108761
MINMODE:MODE:      20      0.00747108      0.00028285     -0.00028074
MINMODE:MODE:      21      0.01257260      0.00158373      0.00748912
MINMODE:MODE:      22      0.01284281      0.00244100      0.00746682
MINMODE:MODE:      23      0.00733559      0.00251419      0.00160444
MINMODE:MODE:      24      0.00002683      0.00177371     -0.00788515
MINMODE:MODE:      25     -0.00246487      0.00046377     -0.00902791
MINMODE:MODE:      26      0.00564137      0.00777677      0.01475612
MINMODE:MODE:      27      0.00462153      0.01372859     -0.00040402
MINMODE:MODE:      28      0.00748994      0.01125398     -0.00268410
MINMODE:MODE:      29      0.00090924      0.00479110      0.00328726
MINMODE:MODE:      30     -0.00225184     -0.00076208      0.01285072
MINMODE:MODE:      31     -0.00174115     -0.00194146      0.01444788
MINMODE:MODE:      32      0.03565067     -0.01943588      0.02230335
MINMODE:MODE:      33     -0.00050270      0.00008596      0.01240706
MINMODE:MODE:      34      0.01144691      0.01414203      0.01461666
MINMODE:MODE:      35      0.00017373      0.01451649      0.02024110
MINMODE:MODE:      36      0.01639017     -0.00856624      0.00569245
MINMODE:MODE:      37      0.00687082      0.00092707      0.00631033
MINMODE:MODE:      38     -0.00771783      0.01597237      0.00695532
MINMODE:MODE:      39     -0.01811200      0.02246124      0.00789711
MINMODE:MODE:      40     -0.01570392      0.01373620      0.00642192
MINMODE:MODE:      41     -0.01525758     -0.01839559     -0.00969343
MINMODE:MODE:      42     -0.00308959     -0.01399720     -0.00263623
MINMODE:MODE:      43      0.00715292     -0.00918570      0.01170316
MINMODE:MODE:      44      0.00930899     -0.00419445      0.02393479
MINMODE:MODE:      45      0.01088486      0.00072770      0.02480113
MINMODE:MODE:      46     -0.01871575     -0.02321602      0.02749546
MINMODE:MODE:      47     -0.00838973     -0.01010765      0.01942833
MINMODE:MODE:      48     -0.00353213      0.01592579     -0.00953532
MINMODE:MODE:      49     -0.00484098      0.00134220     -0.00074150
MINMODE:MODE:      50      0.01321552      0.00166752      0.01444598
MINMODE:MODE:      51      0.01655487      0.00346253      0.01400911
MINMODE:MODE:      52      0.00861372      0.00305314      0.00362952
MINMODE:MODE:      53     -0.00362071      0.00229066     -0.01319327
MINMODE:MODE:      54     -0.00850937     -0.00165774     -0.01951098
MINMODE:MODE:      55     -0.00381891      0.00585744      0.00957242
MINMODE:MODE:      56      0.00819351      0.01260998     -0.00659481
MINMODE:MODE:      57     -0.00097601      0.00437692      0.00474427
MINMODE:MODE:      58     -0.00828467     -0.00466468      0.02002291
MINMODE:MODE:      59     -0.01004533     -0.00476272      0.01761575
MINMODE:MODE:      60      0.00144811      0.08172030      0.07214103
MINMODE:MODE:      61      0.00197888      0.08076970      0.03579106
MINMODE:MODE:      62     -0.00812715     -0.03995737     -0.01440793
MINMODE:MODE:      63     -0.00154802     -0.01361072     -0.01908523
MINMODE:MODE:      64     -0.03780843     -0.08562840     -0.24292875
MINMODE:MODE:      65     -0.10070935     -0.31098746     -0.37080443
MINMODE:MODE:      66     -0.00921921     -0.05754720     -0.09682579
MINMODE:MODE:      67     -0.02725638     -0.04339476     -0.03147482
MINMODE:MODE:      68     -0.00462833     -0.02286073     -0.01237753
MINMODE:MODE:      69      0.00521132      0.00830453     -0.03779929
MINMODE:MODE:      70      0.02322536     -0.00005985     -0.08725428
MINMODE:MODE:      71      0.03273554     -0.03600832     -0.10608951
MINMODE:MODE:      72     -0.00325220     -0.00163655      0.09631277
MINMODE:MODE:      73      0.04488178      0.44862540      0.58522560
MINMODE:MODE:      74     -0.02932937      0.00306870      0.04446173
MINMODE:MODE:      75     -0.01935290     -0.07301717     -0.01035673
MINMODE:MODE:      76     -0.00231026     -0.02220567      0.01409364
MINMODE:MODE:      77      0.00411826      0.03399570     -0.02594500
MINMODE:MODE:      78      0.02216100      0.01648113     -0.09574576
MINMODE:MODE:      79      0.02573653     -0.03357601     -0.11729896
MINMODE:MODE: Optimization Step: 86
MINMODE:MODE: Order: 0
MINMODE:MODE:       0     -0.00384119      0.07057732     -0.03759222
MINMODE:MODE:       1      0.00850950     -0.05500085      0.01223598
MINMODE:MODE:       2      0.01530210     -0.01838839      0.01282562
MINMODE:MODE:       3     -0.00099665      0.00614086      0.01705255
MINMODE:MODE:       4     -0.02902501      0.01177740      0.02150486
MINMODE:MODE:       5      0.00463660     -0.00168679      0.00440105
MINMODE:MODE:       6      0.01043197     -0.00196221      0.00423084
MINMODE:MODE:       7      0.00436276      0.00262375      0.00561403
MINMODE:MODE:       8     -0.00419118      0.01083395      0.00586450
MINMODE:MODE:       9     -0.01030489      0.01410774      0.00610575
MINMODE:MODE:      10     -0.00740491      0.00960703      0.00632858
MINMODE:MODE:      11     -0.00461148     -0.00872146      0.01539047
MINMODE:MODE:      12     -0.00592168     -0.01287658      0.00127994
MINMODE:MODE:      13     -0.00300173     -0.01246658      0.00250287
MINMODE:MODE:      14      0.00329357     -0.00851381      0.00980905
MINMODE:MODE:      15      0.00392313     -0.00567899      0.01758509
MINMODE:MODE:      16      0.00229813     -0.00274073      0.01964594
MINMODE:MODE:      17     -0.00784381     -0.02084383      0.01916417
MINMODE:MODE:      18      0.00418718      0.00609005     -0.00240962
MINMODE:MODE:      19      0.03721097      0.02658906      0.00105013
MINMODE:MODE:      20      0.00734770      0.00019635     -0.00039663
MINMODE:MODE:      21      0.01198361      0.00139732      0.00678962
MINMODE:MODE:      22      0.01208376      0.00214631      0.00670857
MINMODE:MODE:      23      0.00684181      0.00225106      0.00143155
MINMODE:MODE:      24     -0.00000809      0.00163065     -0.00742747
MINMODE:MODE:      25     -0.00234874      0.00042169     -0.00849797
MINMODE:MODE:      26      0.00573265      0.00756565      0.01487950
MINMODE:MODE:      27      0.00444838      0.01320465      0.00015743
MINMODE:MODE:      28      0.00735995      0.01067347     -0.00212634
MINMODE:MODE:      29      0.00122565      0.00457811      0.00321253
MINMODE:MODE:      30     -0.00153367     -0.00056689      0.01214785
MINMODE:MODE:      31     -0.00111921     -0.00175722      0.01382576
MINMODE:MODE:      32      0.03561523     -0.01932496      0.02190992
MINMODE:MODE:      33     -0.00000334      0.00005330      0.01212221
MINMODE:MODE:      34      0.01074650      0.01432849      0.01408138
MINMODE:MODE:      35      0.00013171      0.01448108      0.01927551
MINMODE:MODE:      36      0.01573206     -0.00806939      0.00548923
MINMODE:MODE:      37      0.00652014      0.00088137      0.00611852
MINMODE:MODE:      38     -0.00700345      0.01489930      0.00662385
MINMODE:MODE:      39     -0.01662108      0.02091451      0.00745016
MINMODE:MODE:      40     -0.01451788      0.01265879      0.00598457
MINMODE:MODE:      41     -0.01505987     -0.01778994     -0.00902840
MINMODE:MODE:      42     -0.00324752     -0.01322262     -0.00212658
MINMODE:MODE:      43      0.00639471     -0.00859593      0.01118785
MINMODE:MODE:      44      0.00824965     -0.00401932      0.02249295
MINMODE:MODE:      45      0.01009342      0.00068282      0.02342847
MINMODE:MODE:      46     -0.01848417     -0.02315348      0.02807213
MINMODE:MODE:      47     -0.00816185     -0.00971696      0.01983842
MINMODE:MODE:      48     -0.00335709      0.01605082     -0.00927239
MINMODE:MODE:      49     -0.00485163      0.00164396     -0.00059002
MINMODE:MODE:      50      0.01233560      0.00147230      0.01333059
MINMODE:MODE:      51      0.01542862      0.00307933      0.01277121
MINMODE:MODE:      52      0.00797907      0.00271123      0.00338245
MINMODE:MODE:      53     -0.00342368      0.00218042     -0.01229835
MINMODE:MODE:      54     -0.00804879     -0.00154680     -0.01846493
MINMODE:MODE:      55     -0.00438553      0.00505353      0.01067426
MINMODE:MODE:      56      0.00776696      0.01173349     -0.00556961
MINMODE:MODE:      57     -0.00062173      0.00412505      0.00465690
MINMODE:MODE:      58     -0.00717859     -0.00415328      0.01876167
MINMODE:MODE:      59     -0.00902934     -0.00426173      0.01652856
MINMODE:MODE:      60      0.00107207      0.08187406      0.07185832
MINMODE:MODE:      61      0.00126912      0.08022612      0.03355550
MINMODE:MODE:      62     -0.00824140     -0.03956947     -0.01433784
MINMODE:MODE:      63     -0.00148577     -0.01310570     -0.01948427
MINMODE:MODE:      64     -0.03912538     -0.08441305     -0.24333584
MINMODE:MODE:      65     -0.10354458     -0.31169603     -0.37180533
MINMODE:MODE:      66     -0.00984996     -0.05712722     -0.09596041
MINMODE:MODE:      67     -0.02795191     -0.04266383     -0.03099192
MINMODE:MODE:      68     -0.00453933     -0.02260570     -0.01154131
MINMODE:MODE:      69      0.00592393      0.00806811     -0.03658081
MINMODE:MODE:      70      0.02461288     -0.00048120     -0.08555213
MINMODE:MODE:      71      0.03377841     -0.03602106     -0.10435465
MINMODE:MODE:      72     -0.00281689     -0.00163215      0.09661298
MINMODE:MODE:      73      0.04585528      0.44895491      0.58632785
MINMODE:MODE:      74     -0.02969634      0.00382199      0.04496152
MINMODE:MODE:      75     -0.02021064     -0.07172417     -0.01025278
MINMODE:MODE:      76     -0.00263571     -0.02181788      0.01421729
MINMODE:MODE:      77      0.00488411      0.03345900     -0.02484850
MINMODE:MODE:      78      0.02389003      0.01566307     -0.09357073
MINMODE:MODE:      79      0.02678678     -0.03351331     -0.11504143
MINMODE:MODE: Optimization Step: 87
MINMODE:MODE: Order: 0
MINMODE:MODE:       0     -0.00341517      0.07091459     -0.03625739
MINMODE:MODE:       1      0.00853606     -0.05464357      0.01257407
MINMODE:MODE:       2      0.01536044     -0.01826868      0.01258307
MINMODE:MODE:       3     -0.00114266      0.00621663      0.01653811
MINMODE:MODE:       4     -0.02895072      0.01187063      0.02139127
MINMODE:MODE:       5      0.00493340     -0.00197516      0.00414237
MINMODE:MODE:       6      0.01026672     -0.00195964      0.00401419
MINMODE:MODE:       7      0.00434023      0.00236646      0.00538626
MINMODE:MODE:       8     -0.00364652      0.01003862      0.00556175
MINMODE:MODE:       9     -0.00935158      0.01307160      0.00575364
MINMODE:MODE:      10     -0.00658580      0.00882145      0.00598077
MINMODE:MODE:      11     -0.00481514     -0.00844315      0.01513458
MINMODE:MODE:      12     -0.00596863     -0.01238595      0.00148918
MINMODE:MODE:      13     -0.00325808     -0.01188634      0.00261268
MINMODE:MODE:      14      0.00271230     -0.00804174      0.00935557
MINMODE:MODE:      15      0.00317612     -0.00541966      0.01664064
MINMODE:MODE:      16      0.00172133     -0.00258871      0.01876661
MINMODE:MODE:      17     -0.00765737     -0.02060846      0.01948533
MINMODE:MODE:      18      0.00430198      0.00626309     -0.00223600
MINMODE:MODE:      19      0.03741491      0.02663455      0.00102915
MINMODE:MODE:      20      0.00723245      0.00012304     -0.00051832
MINMODE:MODE:      21      0.01143454      0.00122054      0.00611547
MINMODE:MODE:      22      0.01137717      0.00186218      0.00598705
MINMODE:MODE:      23      0.00638062      0.00200023      0.00126485
MINMODE:MODE:      24     -0.00003463      0.00149652     -0.00699189
MINMODE:MODE:      25     -0.00222400      0.00038629     -0.00799901
MINMODE:MODE:      26      0.00581831      0.00736322      0.01497883
MINMODE:MODE:      27      0.00428797      0.01271183      0.00068040
MINMODE:MODE:      28      0.00722794      0.01011833     -0.00159905
MINMODE:MODE:      29      0.00151637      0.00437000      0.00314215
MINMODE:MODE:      30     -0.00086262     -0.00038761      0.01148257
MINMODE:MODE:      31     -0.00053075     -0.00158856      0.01324497
MINMODE:MODE:      32      0.03552253     -0.01918761      0.02150775
MINMODE:MODE:      33      0.00046237      0.00002149      0.01184263
MINMODE:MODE:      34      0.01007795      0.01448577      0.01357517
MINMODE:MODE:      35      0.00009381      0.01442755      0.01835627
MINMODE:MODE:      36      0.01510101     -0.00759402      0.00529248
MINMODE:MODE:      37      0.00618517      0.00084119      0.00593492
MINMODE:MODE:      38     -0.00633010      0.01388688      0.00631185
MINMODE:MODE:      39     -0.01521309      0.01945976      0.00703269
MINMODE:MODE:      40     -0.01339302      0.01164674      0.00557613
MINMODE:MODE:      41     -0.01484764     -0.01719735     -0.00838880
MINMODE:MODE:      42     -0.00339106     -0.01248916     -0.00164884
MINMODE:MODE:      43      0.00568618     -0.00803763      0.01069401
MINMODE:MODE:      44      0.00725821     -0.00385299      0.02112325
MINMODE:MODE:      45      0.00935301      0.00063653      0.02212287
MINMODE:MODE:      46     -0.01822904     -0.02306377      0.02856616
MINMODE:MODE:      47     -0.00793868     -0.00932304      0.02017456
MINMODE:MODE:      48     -0.00318661      0.01615927     -0.00902378
MINMODE:MODE:      49     -0.00484647      0.00193447     -0.00046720
MINMODE:MODE:      50      0.01151378      0.00128763      0.01227225
MINMODE:MODE:      51      0.01437591      0.00271210      0.01159756
MINMODE:MODE:      52      0.00738490      0.00238347      0.00314688
MINMODE:MODE:      53     -0.00323190      0.00207434     -0.01145523
MINMODE:MODE:      54     -0.00760998     -0.00142602     -0.01747523
MINMODE:MODE:      55     -0.00492002      0.00429178      0.01167580
MINMODE:MODE:      56      0.00736354      0.01090587     -0.00461277
MINMODE:MODE:      57     -0.00029240      0.00388731      0.00456886
MINMODE:MODE:      58     -0.00614218     -0.00367413      0.01757019
MINMODE:MODE:      59     -0.00807841     -0.00379278      0.01550064
MINMODE:MODE:      60      0.00053192      0.08199763      0.07099294
MINMODE:MODE:      61      0.00055392      0.07983962      0.03180919
MINMODE:MODE:      62     -0.00833590     -0.03907059     -0.01392134
MINMODE:MODE:      63     -0.00143637     -0.01236164     -0.01941706
MINMODE:MODE:      64     -0.04094212     -0.08341280     -0.24474006
MINMODE:MODE:      65     -0.10609897     -0.31272155     -0.37283458
MINMODE:MODE:      66     -0.01043981     -0.05683264     -0.09502776
MINMODE:MODE:      67     -0.02874527     -0.04200375     -0.03053881
MINMODE:MODE:      68     -0.00447081     -0.02235717     -0.01068547
MINMODE:MODE:      69      0.00658793      0.00783321     -0.03537363
MINMODE:MODE:      70      0.02590074     -0.00090789     -0.08385628
MINMODE:MODE:      71      0.03483772     -0.03608413     -0.10264921
MINMODE:MODE:      72     -0.00234433     -0.00152472      0.09654935
MINMODE:MODE:      73      0.04711702      0.44925096      0.58678785
MINMODE:MODE:      74     -0.02988784      0.00482104      0.04558057
MINMODE:MODE:      75     -0.02108901     -0.07048396     -0.01013205
MINMODE:MODE:      76     -0.00290185     -0.02142667      0.01439303
MINMODE:MODE:      77      0.00558605      0.03296382     -0.02377575
MINMODE:MODE:      78      0.02552107      0.01488269     -0.09146522
MINMODE:MODE:      79      0.02773298     -0.03345773     -0.11280065
MINMODE:MODE: Optimization Step: 88
MINMODE:MODE: Order: 0
MINMODE:MODE:       0     -0.00315272      0.07119404     -0.03565167
MINMODE:MODE:       1      0.00867305     -0.05437688      0.01304043
MINMODE:MODE:       2      0.01546880     -0.01817447      0.01245499
MINMODE:MODE:       3     -0.00128233      0.00629302      0.01607345
MINMODE:MODE:       4     -0.02884040      0.01197762      0.02134420
MINMODE:MODE:       5      0.00523765     -0.00222461      0.00393190
MINMODE:MODE:       6      0.01013472     -0.00195577      0.00382271
MINMODE:MODE:       7      0.00433771      0.00213232      0.00518472
MINMODE:MODE:       8     -0.00313822      0.00930426      0.00528606
MINMODE:MODE:       9     -0.00845787      0.01211027      0.00543894
MINMODE:MODE:      10     -0.00581137      0.00808820      0.00566793
MINMODE:MODE:      11     -0.00502375     -0.00819266      0.01490811
MINMODE:MODE:      12     -0.00602811     -0.01195232      0.00170020
MINMODE:MODE:      13     -0.00349831     -0.01136797      0.00272219
MINMODE:MODE:      14      0.00216292     -0.00760753      0.00895162
MINMODE:MODE:      15      0.00246592     -0.00518009      0.01577257
MINMODE:MODE:      16      0.00116751     -0.00244366      0.01796948
MINMODE:MODE:      17     -0.00746973     -0.02039936      0.01984646
MINMODE:MODE:      18      0.00440980      0.00641617     -0.00205379
MINMODE:MODE:      19      0.03755196      0.02665954      0.00110649
MINMODE:MODE:      20      0.00712293      0.00006866     -0.00060983
MINMODE:MODE:      21      0.01093370      0.00106440      0.00548156
MINMODE:MODE:      22      0.01073315      0.00160175      0.00531229
MINMODE:MODE:      23      0.00596264      0.00175974      0.00110194
MINMODE:MODE:      24     -0.00006131      0.00136781     -0.00659340
MINMODE:MODE:      25     -0.00211001      0.00035194     -0.00754984
MINMODE:MODE:      26      0.00596725      0.00721632      0.01505515
MINMODE:MODE:      27      0.00411719      0.01227657      0.00120773
MINMODE:MODE:      28      0.00710180      0.00963582     -0.00111087
MINMODE:MODE:      29      0.00179120      0.00418809      0.00308165
MINMODE:MODE:      30     -0.00022649     -0.00023244      0.01087650
MINMODE:MODE:      31      0.00004226     -0.00143756      0.01272216
MINMODE:MODE:      32      0.03546288     -0.01907642      0.02116748
MINMODE:MODE:      33      0.00095121     -0.00002645      0.01162546
MINMODE:MODE:      34      0.00947410      0.01465869      0.01312738
MINMODE:MODE:      35      0.00005603      0.01439135      0.01750570
MINMODE:MODE:      36      0.01454042     -0.00714679      0.00510796
MINMODE:MODE:      37      0.00588424      0.00081438      0.00576886
MINMODE:MODE:      38     -0.00570691      0.01295554      0.00603000
MINMODE:MODE:      39     -0.01392033      0.01811402      0.00666187
MINMODE:MODE:      40     -0.01235511      0.01070447      0.00521126
MINMODE:MODE:      41     -0.01465454     -0.01667178     -0.00779390
MINMODE:MODE:      42     -0.00352491     -0.01183127     -0.00119891
MINMODE:MODE:      43      0.00502252     -0.00752515      0.01024719
MINMODE:MODE:      44      0.00632551     -0.00369450      0.01988044
MINMODE:MODE:      45      0.00866719      0.00061023      0.02092650
MINMODE:MODE:      46     -0.01799346     -0.02298222      0.02905326
MINMODE:MODE:      47     -0.00774738     -0.00898167      0.02054913
MINMODE:MODE:      48     -0.00304135      0.01628643     -0.00881301
MINMODE:MODE:      49     -0.00483607      0.00221930     -0.00034657
MINMODE:MODE:      50      0.01077394      0.00112845      0.01128341
MINMODE:MODE:      51      0.01342489      0.00237322      0.01049785
MINMODE:MODE:      52      0.00684340      0.00207060      0.00292639
MINMODE:MODE:      53     -0.00305712      0.00196218     -0.01067635
MINMODE:MODE:      54     -0.00720531     -0.00131913     -0.01656401
MINMODE:MODE:      55     -0.00541998      0.00359092      0.01264334
MINMODE:MODE:      56      0.00698348      0.01016188     -0.00371204
MINMODE:MODE:      57      0.00001658      0.00367326      0.00449347
MINMODE:MODE:      58     -0.00515608     -0.00325227      0.01648073
MINMODE:MODE:      59     -0.00719632     -0.00338465      0.01455137
MINMODE:MODE:      60      0.00026913      0.08218742      0.07008676
MINMODE:MODE:      61     -0.00017315      0.07977791      0.03061052
MINMODE:MODE:      62     -0.00835432     -0.03853608     -0.01345487
MINMODE:MODE:      63     -0.00145322     -0.01163418     -0.01902813
MINMODE:MODE:      64     -0.04228543     -0.08425628     -0.24478758
MINMODE:MODE:      65     -0.10807426     -0.31176561     -0.37440962
MINMODE:MODE:      66     -0.01117340     -0.05650493     -0.09478863
MINMODE:MODE:      67     -0.02945188     -0.04160680     -0.03003638
MINMODE:MODE:      68     -0.00446495     -0.02228635     -0.00999760
MINMODE:MODE:      69      0.00723050      0.00760414     -0.03428842
MINMODE:MODE:      70      0.02719628     -0.00130571     -0.08236490
MINMODE:MODE:      71      0.03580781     -0.03612891     -0.10144565
MINMODE:MODE:      72     -0.00211698     -0.00144823      0.09606410
MINMODE:MODE:      73      0.04800869      0.44974451      0.58751452
MINMODE:MODE:      74     -0.03074270      0.00566578      0.04596344
MINMODE:MODE:      75     -0.02203882     -0.06950402     -0.01006000
MINMODE:MODE:      76     -0.00319700     -0.02122953      0.01465006
MINMODE:MODE:      77      0.00623506      0.03254234     -0.02275174
MINMODE:MODE:      78      0.02715032      0.01416636     -0.08965856
MINMODE:MODE:      79      0.02873519     -0.03346568     -0.11094360
MINMODE:MODE: Optimization Step: 89
MINMODE:MODE: Order: 0
MINMODE:MODE:       0     -0.00307148      0.07168821     -0.03514346
MINMODE:MODE:       1      0.00880827     -0.05412605      0.01344776
MINMODE:MODE:       2      0.01558542     -0.01810049      0.01237091
MINMODE:MODE:       3     -0.00140401      0.00636711      0.01568538
MINMODE:MODE:       4     -0.02883579      0.01211188      0.02131438
MINMODE:MODE:       5      0.00553036     -0.00245261      0.00374989
MINMODE:MODE:       6      0.01003618     -0.00194753      0.00366364
MINMODE:MODE:       7      0.00434737      0.00192630      0.00501606
MINMODE:MODE:       8     -0.00267787      0.00865429      0.00504939
MINMODE:MODE:       9     -0.00765424      0.01125718      0.00517076
MINMODE:MODE:      10     -0.00510746      0.00743967      0.00540155
MINMODE:MODE:      11     -0.00521793     -0.00798005      0.01472591
MINMODE:MODE:      12     -0.00608890     -0.01158005      0.00189486
MINMODE:MODE:      13     -0.00371988     -0.01092010      0.00283135
MINMODE:MODE:      14      0.00166465     -0.00722713      0.00860208
MINMODE:MODE:      15      0.00182459     -0.00496865      0.01501557
MINMODE:MODE:      16      0.00066508     -0.00231737      0.01726945
MINMODE:MODE:      17     -0.00728091     -0.02021366      0.02020280
MINMODE:MODE:      18      0.00451395      0.00654748     -0.00187311
MINMODE:MODE:      19      0.03773202      0.02674025      0.00120808
MINMODE:MODE:      20      0.00701834      0.00002671     -0.00068192
MINMODE:MODE:      21      0.01048793      0.00092882      0.00492117
MINMODE:MODE:      22      0.01016367      0.00137282      0.00471116
MINMODE:MODE:      23      0.00559419      0.00154370      0.00095267
MINMODE:MODE:      24     -0.00008411      0.00125133     -0.00624472
MINMODE:MODE:      25     -0.00201248      0.00032341     -0.00715042
MINMODE:MODE:      26      0.00613501      0.00710540      0.01513393
MINMODE:MODE:      27      0.00396280      0.01189487      0.00169803
MINMODE:MODE:      28      0.00699505      0.00922480     -0.00066646
MINMODE:MODE:      29      0.00204312      0.00403465      0.00303052
MINMODE:MODE:      30      0.00035691     -0.00009666      0.01034981
MINMODE:MODE:      31      0.00057198     -0.00130101      0.01225610
MINMODE:MODE:      32      0.03543846     -0.01899674      0.02090060
MINMODE:MODE:      33      0.00144037     -0.00009228      0.01147420
MINMODE:MODE:      34      0.00894163      0.01483425      0.01274965
MINMODE:MODE:      35      0.00003113      0.01437208      0.01675355
MINMODE:MODE:      36      0.01406181     -0.00674723      0.00494408
MINMODE:MODE:      37      0.00562510      0.00079630      0.00563257
MINMODE:MODE:      38     -0.00514968      0.01213348      0.00578947
MINMODE:MODE:      39     -0.01277005      0.01692418      0.00634581
MINMODE:MODE:      40     -0.01142980      0.00986317      0.00489288
MINMODE:MODE:      41     -0.01449288     -0.01622731     -0.00726126
MINMODE:MODE:      42     -0.00364732     -0.01125967     -0.00079094
MINMODE:MODE:      43      0.00442472     -0.00707330      0.00985971
MINMODE:MODE:      44      0.00547919     -0.00355019      0.01878443
MINMODE:MODE:      45      0.00805690      0.00059424      0.01987651
MINMODE:MODE:      46     -0.01777924     -0.02290919      0.02952005
MINMODE:MODE:      47     -0.00758676     -0.00870250      0.02094119
MINMODE:MODE:      48     -0.00292248      0.01641640     -0.00863580
MINMODE:MODE:      49     -0.00482763      0.00247816     -0.00022242
MINMODE:MODE:      50      0.01013038      0.00099007      0.01039524
MINMODE:MODE:      51      0.01258930      0.00206934      0.00951486
MINMODE:MODE:      52      0.00636705      0.00178554      0.00272968
MINMODE:MODE:      53     -0.00290546      0.00185950     -0.00998505
MINMODE:MODE:      54     -0.00684738     -0.00123455     -0.01576076
MINMODE:MODE:      55     -0.00587256      0.00297405      0.01353525
MINMODE:MODE:      56      0.00664288      0.00951699     -0.00289452
MINMODE:MODE:      57      0.00029554      0.00348881      0.00443043
MINMODE:MODE:      58     -0.00426319     -0.00288728      0.01552474
MINMODE:MODE:      59     -0.00640802     -0.00303129      0.01371407
MINMODE:MODE:      60      0.00006500      0.08246415      0.06976461
MINMODE:MODE:      61     -0.00079194      0.07958260      0.02931430
MINMODE:MODE:      62     -0.00837440     -0.03803993     -0.01298859
MINMODE:MODE:      63     -0.00146287     -0.01099609     -0.01874360
MINMODE:MODE:      64     -0.04342923     -0.08477242     -0.24447642
MINMODE:MODE:      65     -0.10960044     -0.31081083     -0.37557631
MINMODE:MODE:      66     -0.01192856     -0.05626930     -0.09475029
MINMODE:MODE:      67     -0.03007703     -0.04132477     -0.02967219
MINMODE:MODE:      68     -0.00448227     -0.02227328     -0.00942645
MINMODE:MODE:      69      0.00783290      0.00739203     -0.03338324
MINMODE:MODE:      70      0.02843427     -0.00166790     -0.08120304
MINMODE:MODE:      71      0.03657681     -0.03622809     -0.10056773
MINMODE:MODE:      72     -0.00206911     -0.00142857      0.09532751
MINMODE:MODE:      73      0.04856609      0.45030729      0.58811803
MINMODE:MODE:      74     -0.03159922      0.00622932      0.04623610
MINMODE:MODE:      75     -0.02298081     -0.06882253     -0.01004664
MINMODE:MODE:      76     -0.00347476     -0.02114413      0.01493875
MINMODE:MODE:      77      0.00684645      0.03222868     -0.02185243
MINMODE:MODE:      78      0.02873214      0.01353878     -0.08819029
MINMODE:MODE:      79      0.02971319     -0.03355757     -0.10949338
MINMODE:MODE: Optimization Step: 90
MINMODE:MODE: Order: 0
MINMODE:MODE:       0     -0.00311609      0.07216693     -0.03459029
MINMODE:MODE:       1      0.00894582     -0.05381692      0.01388933
MINMODE:MODE:       2      0.01568349     -0.01802135      0.01231691
MINMODE:MODE:       3     -0.00151350      0.00643988      0.01534633
MINMODE:MODE:       4     -0.02888561      0.01224177      0.02130626
MINMODE:MODE:       5      0.00579217     -0.00265497      0.00358382
MINMODE:MODE:       6      0.00995593     -0.00193796      0.00352081
MINMODE:MODE:       7      0.00436186      0.00174108      0.00486803
MINMODE:MODE:       8     -0.00225374      0.00806700      0.00484230
MINMODE:MODE:       9     -0.00692081      0.01048538      0.00493513
MINMODE:MODE:      10     -0.00446260      0.00684991      0.00516577
MINMODE:MODE:      11     -0.00540606     -0.00779530      0.01456736
MINMODE:MODE:      12     -0.00614513     -0.01125027      0.00206483
MINMODE:MODE:      13     -0.00392178     -0.01051729      0.00293513
MINMODE:MODE:      14      0.00120961     -0.00688474      0.00828927
MINMODE:MODE:      15      0.00123631     -0.00477783      0.01433670
MINMODE:MODE:      16      0.00020507     -0.00220257      0.01664171
MINMODE:MODE:      17     -0.00708447     -0.02002680      0.02055575
MINMODE:MODE:      18      0.00460890      0.00666054     -0.00168970
MINMODE:MODE:      19      0.03788080      0.02681734      0.00133807
MINMODE:MODE:      20      0.00690983     -0.00000629     -0.00073712
MINMODE:MODE:      21      0.01007668      0.00080980      0.00441897
MINMODE:MODE:      22      0.00964594      0.00116753      0.00416831
MINMODE:MODE:      23      0.00525849      0.00134775      0.00081574
MINMODE:MODE:      24     -0.00010517      0.00114798     -0.00592851
MINMODE:MODE:      25     -0.00192751      0.00029914     -0.00678650
MINMODE:MODE:      26      0.00630928      0.00701863      0.01520593
MINMODE:MODE:      27      0.00381938      0.01154735      0.00216315
MINMODE:MODE:      28      0.00690089      0.00885912     -0.00024849
MINMODE:MODE:      29      0.00227760      0.00389951      0.00298846
MINMODE:MODE:      30      0.00089514      0.00002497      0.00988061
MINMODE:MODE:      31      0.00106448     -0.00117753      0.01183645
MINMODE:MODE:      32      0.03540243     -0.01892491      0.02067572
MINMODE:MODE:      33      0.00193145     -0.00017290      0.01135572
MINMODE:MODE:      34      0.00846128      0.01500306      0.01242366
MINMODE:MODE:      35      0.00001512      0.01436066      0.01607134
MINMODE:MODE:      36      0.01363633     -0.00638174      0.00479387
MINMODE:MODE:      37      0.00539502      0.00078416      0.00551728
MINMODE:MODE:      38     -0.00464080      0.01139287      0.00557948
MINMODE:MODE:      39     -0.01172193      0.01585037      0.00606844
MINMODE:MODE:      40     -0.01058220      0.00909949      0.00460855
MINMODE:MODE:      41     -0.01434395     -0.01582936     -0.00677341
MINMODE:MODE:      42     -0.00375959     -0.01074434     -0.00041655
MINMODE:MODE:      43      0.00387827     -0.00666502      0.00951195
MINMODE:MODE:      44      0.00470440     -0.00341914      0.01779184
MINMODE:MODE:      45      0.00750163      0.00058040      0.01893088
MINMODE:MODE:      46     -0.01755959     -0.02282055      0.02994969
MINMODE:MODE:      47     -0.00744708     -0.00846369      0.02133529
MINMODE:MODE:      48     -0.00281846      0.01653436     -0.00847769
MINMODE:MODE:      49     -0.00481870      0.00271043     -0.00009841
MINMODE:MODE:      50      0.00955495      0.00086481      0.00958175
MINMODE:MODE:      51      0.01183164      0.00179171      0.00862378
MINMODE:MODE:      52      0.00593742      0.00152444      0.00255162
MINMODE:MODE:      53     -0.00277009      0.00176917     -0.00935763
MINMODE:MODE:      54     -0.00652071     -0.00116382     -0.01503290
MINMODE:MODE:      55     -0.00628025      0.00242525      0.01434487
MINMODE:MODE:      56      0.00633376      0.00894117     -0.00214376
MINMODE:MODE:      57      0.00055182      0.00332732      0.00437346
MINMODE:MODE:      58     -0.00344684     -0.00255839      0.01466370
MINMODE:MODE:      59     -0.00568739     -0.00271128      0.01295707
MINMODE:MODE:      60     -0.00011464      0.08278488      0.06976231
MINMODE:MODE:      61     -0.00133251      0.07931538      0.02792583
MINMODE:MODE:      62     -0.00836662     -0.03756345     -0.01247447
MINMODE:MODE:      63     -0.00147855     -0.01040392     -0.01844439
MINMODE:MODE:      64     -0.04483499     -0.08440539     -0.24469007
MINMODE:MODE:      65     -0.11058949     -0.31068529     -0.37610934
MINMODE:MODE:      66     -0.01255565     -0.05614235     -0.09452919
MINMODE:MODE:      67     -0.03072155     -0.04101767     -0.02950236
MINMODE:MODE:      68     -0.00447411     -0.02221285     -0.00891025
MINMODE:MODE:      69      0.00840371      0.00720455     -0.03259266
MINMODE:MODE:      70      0.02952703     -0.00199642     -0.08024432
MINMODE:MODE:      71      0.03716559     -0.03642840     -0.09971327
MINMODE:MODE:      72     -0.00219478     -0.00148675      0.09414838
MINMODE:MODE:      73      0.04905976      0.45078989      0.58852057
MINMODE:MODE:      74     -0.03227750      0.00674673      0.04654985
MINMODE:MODE:      75     -0.02386330     -0.06832148     -0.01011114
MINMODE:MODE:      76     -0.00369403     -0.02105265      0.01522326
MINMODE:MODE:      77      0.00744384      0.03199953     -0.02105169
MINMODE:MODE:      78      0.03024646      0.01299545     -0.08690536
MINMODE:MODE:      79      0.03061813     -0.03374612     -0.10826181
MINMODE:MODE: Optimization Step: 91
MINMODE:MODE: Order: 0
MINMODE:MODE:       0     -0.00314962      0.07249378     -0.03408544
MINMODE:MODE:       1      0.00902327     -0.05364082      0.01399550
MINMODE:MODE:       2      0.01575126     -0.01794033      0.01223423
MINMODE:MODE:       3     -0.00161286      0.00650838      0.01503408
MINMODE:MODE:       4     -0.02888711      0.01232586      0.02128655
MINMODE:MODE:       5      0.00601523     -0.00282405      0.00343604
MINMODE:MODE:       6      0.00988366     -0.00193039      0.00338814
MINMODE:MODE:       7      0.00438165      0.00156826      0.00473244
MINMODE:MODE:       8     -0.00185408      0.00752059      0.00465347
MINMODE:MODE:       9     -0.00623087      0.00976140      0.00471667
MINMODE:MODE:      10     -0.00386116      0.00629514      0.00494562
MINMODE:MODE:      11     -0.00558718     -0.00762573      0.01441520
MINMODE:MODE:      12     -0.00620006     -0.01094562      0.00222199
MINMODE:MODE:      13     -0.00411029     -0.01014036      0.00303298
MINMODE:MODE:      14      0.00078458     -0.00656592      0.00799847
MINMODE:MODE:      15      0.00068435     -0.00460105      0.01370824
MINMODE:MODE:      16     -0.00022810     -0.00209477      0.01606184
MINMODE:MODE:      17     -0.00689418     -0.01983664      0.02084822
MINMODE:MODE:      18      0.00470019      0.00677081     -0.00151097
MINMODE:MODE:      19      0.03793836      0.02683310      0.00147572
MINMODE:MODE:      20      0.00679646     -0.00003327     -0.00077672
MINMODE:MODE:      21      0.00968510      0.00069948      0.00395366
MINMODE:MODE:      22      0.00915720      0.00097701      0.00366484
MINMODE:MODE:      23      0.00494399      0.00116614      0.00068762
MINMODE:MODE:      24     -0.00012782      0.00105484     -0.00563246
MINMODE:MODE:      25     -0.00184965      0.00027880     -0.00644933
MINMODE:MODE:      26      0.00647759      0.00694329      0.01525326
MINMODE:MODE:      27      0.00368176      0.01122126      0.00261638
MINMODE:MODE:      28      0.00681383      0.00851905      0.00015435
MINMODE:MODE:      29      0.00249816      0.00377476      0.00295275
MINMODE:MODE:      30      0.00139933      0.00013919      0.00944786
MINMODE:MODE:      31      0.00152999     -0.00106395      0.01145222
MINMODE:MODE:      32      0.03535198     -0.01884689      0.02047647
MINMODE:MODE:      33      0.00238282     -0.00023986      0.01123212
MINMODE:MODE:      34      0.00801792      0.01516135      0.01212738
MINMODE:MODE:      35      0.00000516      0.01435446      0.01543211
MINMODE:MODE:      36      0.01323936     -0.00603554      0.00465079
MINMODE:MODE:      37      0.00518400      0.00077698      0.00541114
MINMODE:MODE:      38     -0.00416404      0.01070484      0.00538782
MINMODE:MODE:      39     -0.01074271      0.01484824      0.00581628
MINMODE:MODE:      40     -0.00978385      0.00838678      0.00434818
MINMODE:MODE:      41     -0.01419937     -0.01545060     -0.00631402
MINMODE:MODE:      42     -0.00386399     -0.01026502     -0.00006457
MINMODE:MODE:      43      0.00336502     -0.00628489      0.00918883
MINMODE:MODE:      44      0.00397505     -0.00329547      0.01686483
MINMODE:MODE:      45      0.00698106      0.00056780      0.01805006
MINMODE:MODE:      46     -0.01733219     -0.02271896      0.03035131
MINMODE:MODE:      47     -0.00730570     -0.00821474      0.02169999
MINMODE:MODE:      48     -0.00271905      0.01663198     -0.00832690
MINMODE:MODE:      49     -0.00480857      0.00292553      0.00002842
MINMODE:MODE:      50      0.00902335      0.00074917      0.00881753
MINMODE:MODE:      51      0.01112139      0.00153259      0.00779367
MINMODE:MODE:      52      0.00553720      0.00128091      0.00238596
MINMODE:MODE:      53     -0.00264430      0.00168545     -0.00877039
MINMODE:MODE:      54     -0.00621136     -0.00109799     -0.01434896
MINMODE:MODE:      55     -0.00665174      0.00192098      0.01509097
MINMODE:MODE:      56      0.00604467      0.00841105     -0.00143801
MINMODE:MODE:      57      0.00079443      0.00318164      0.00432023
MINMODE:MODE:      58     -0.00268085     -0.00225350      0.01386364
MINMODE:MODE:      59     -0.00501114     -0.00241017      0.01224682
MINMODE:MODE:      60     -0.00032007      0.08312789      0.06940944
MINMODE:MODE:      61     -0.00185099      0.07934495      0.02701046
MINMODE:MODE:      62     -0.00831114     -0.03712538     -0.01192682
MINMODE:MODE:      63     -0.00152260     -0.00983785     -0.01801561
MINMODE:MODE:      64     -0.04636992     -0.08393717     -0.24528380
MINMODE:MODE:      65     -0.11128523     -0.31074476     -0.37641207
MINMODE:MODE:      66     -0.01305699     -0.05602430     -0.09428690
MINMODE:MODE:      67     -0.03136947     -0.04075698     -0.02938236
MINMODE:MODE:      68     -0.00448064     -0.02214979     -0.00846608
MINMODE:MODE:      69      0.00893909      0.00702676     -0.03186693
MINMODE:MODE:      70      0.03048894     -0.00230976     -0.07933077
MINMODE:MODE:      71      0.03773314     -0.03662029     -0.09894176
MINMODE:MODE:      72     -0.00234014     -0.00145904      0.09330077
MINMODE:MODE:      73      0.04950253      0.45096992      0.58889851
MINMODE:MODE:      74     -0.03281161      0.00737060      0.04688934
MINMODE:MODE:      75     -0.02471231     -0.06786298     -0.01017433
MINMODE:MODE:      76     -0.00387334     -0.02095045      0.01549936
MINMODE:MODE:      77      0.00802662      0.03178733     -0.02030089
MINMODE:MODE:      78      0.03169000      0.01250264     -0.08571114
MINMODE:MODE:      79      0.03146659     -0.03396572     -0.10714353
MINMODE:MODE: Optimization Step: 92
MINMODE:MODE: Order: 0
MINMODE:MODE:       0     -0.00338025      0.07314803     -0.03328479
MINMODE:MODE:       1      0.00905122     -0.05354869      0.01395254
MINMODE:MODE:       2      0.01580331     -0.01788124      0.01213811
MINMODE:MODE:       3     -0.00170079      0.00657604      0.01475693
MINMODE:MODE:       4     -0.02897682      0.01238498      0.02128479
MINMODE:MODE:       5      0.00621506     -0.00297666      0.00329924
MINMODE:MODE:       6      0.00982119     -0.00192109      0.00327274
MINMODE:MODE:       7      0.00440550      0.00140775      0.00461065
MINMODE:MODE:       8     -0.00148487      0.00702581      0.00448663
MINMODE:MODE:       9     -0.00559799      0.00910222      0.00452139
MINMODE:MODE:      10     -0.00331084      0.00579479      0.00474807
MINMODE:MODE:      11     -0.00574850     -0.00746829      0.01428577
MINMODE:MODE:      12     -0.00625462     -0.01066994      0.00236329
MINMODE:MODE:      13     -0.00428821     -0.00979728      0.00312280
MINMODE:MODE:      14      0.00039356     -0.00627811      0.00773771
MINMODE:MODE:      15      0.00018040     -0.00444177      0.01314268
MINMODE:MODE:      16     -0.00062364     -0.00200462      0.01553392
MINMODE:MODE:      17     -0.00671923     -0.01965437      0.02111604
MINMODE:MODE:      18      0.00478255      0.00688777     -0.00135498
MINMODE:MODE:      19      0.03801455      0.02686120      0.00169691
MINMODE:MODE:      20      0.00668315     -0.00005987     -0.00080805
MINMODE:MODE:      21      0.00932295      0.00059694      0.00353449
MINMODE:MODE:      22      0.00870918      0.00080370      0.00321102
MINMODE:MODE:      23      0.00465593      0.00099992      0.00057123
MINMODE:MODE:      24     -0.00014890      0.00097296     -0.00536624
MINMODE:MODE:      25     -0.00178304      0.00026476     -0.00614011
MINMODE:MODE:      26      0.00662803      0.00687689      0.01530470
MINMODE:MODE:      27      0.00357051      0.01091935      0.00303153
MINMODE:MODE:      28      0.00673827      0.00820917      0.00052545
MINMODE:MODE:      29      0.00270258      0.00366142      0.00292388
MINMODE:MODE:      30      0.00185990      0.00024867      0.00905656
MINMODE:MODE:      31      0.00195536     -0.00094792      0.01109717
MINMODE:MODE:      32      0.03532731     -0.01880387      0.02031254
MINMODE:MODE:      33      0.00276383     -0.00027254      0.01109472
MINMODE:MODE:      34      0.00762397      0.01530763      0.01186173
MINMODE:MODE:      35      0.00000829      0.01436360      0.01485880
MINMODE:MODE:      36      0.01288239     -0.00571950      0.00452174
MINMODE:MODE:      37      0.00499729      0.00077236      0.00531909
MINMODE:MODE:      38     -0.00372708      0.01008476      0.00521981
MINMODE:MODE:      39     -0.00984767      0.01393969      0.00559219
MINMODE:MODE:      40     -0.00905218      0.00773852      0.00411216
MINMODE:MODE:      41     -0.01407006     -0.01510292     -0.00589160
MINMODE:MODE:      42     -0.00396338     -0.00983071      0.00026048
MINMODE:MODE:      43      0.00289465     -0.00594121      0.00890027
MINMODE:MODE:      44      0.00330589     -0.00318582      0.01602618
MINMODE:MODE:      45      0.00650879      0.00055437      0.01725835
MINMODE:MODE:      46     -0.01711883     -0.02264230      0.03074043
MINMODE:MODE:      47     -0.00716000     -0.00794621      0.02204020
MINMODE:MODE:      48     -0.00263214      0.01670731     -0.00818652
MINMODE:MODE:      49     -0.00480649      0.00312295      0.00014906
MINMODE:MODE:      50      0.00854408      0.00064223      0.00811917
MINMODE:MODE:      51      0.01047221      0.00129572      0.00704140
MINMODE:MODE:      52      0.00517256      0.00106003      0.00223715
MINMODE:MODE:      53     -0.00253153      0.00161348     -0.00823594
MINMODE:MODE:      54     -0.00592915     -0.00104169     -0.01372433
MINMODE:MODE:      55     -0.00697726      0.00146952      0.01577281
MINMODE:MODE:      56      0.00578364      0.00793160     -0.00078545
MINMODE:MODE:      57      0.00102055      0.00305345      0.00427485
MINMODE:MODE:      58     -0.00198179     -0.00197449      0.01314432
MINMODE:MODE:      59     -0.00439141     -0.00213090      0.01160915
MINMODE:MODE:      60     -0.00051669      0.08358911      0.06922476
MINMODE:MODE:      61     -0.00231728      0.07942972      0.02625377
MINMODE:MODE:      62     -0.00823623     -0.03682320     -0.01118330
MINMODE:MODE:      63     -0.00156600     -0.00920263     -0.01752351
MINMODE:MODE:      64     -0.04779964     -0.08406652     -0.24583947
MINMODE:MODE:      65     -0.11207507     -0.31012176     -0.37741110
MINMODE:MODE:      66     -0.01354170     -0.05593956     -0.09439820
MINMODE:MODE:      67     -0.03196473     -0.04066095     -0.02920699
MINMODE:MODE:      68     -0.00453591     -0.02216330     -0.00811162
MINMODE:MODE:      69      0.00942545      0.00686400     -0.03125609
MINMODE:MODE:      70      0.03142568     -0.00262589     -0.07854036
MINMODE:MODE:      71      0.03841795     -0.03675827     -0.09849169
MINMODE:MODE:      72     -0.00244248     -0.00130690      0.09305726
MINMODE:MODE:      73      0.04982748      0.45056655      0.58905083
MINMODE:MODE:      74     -0.03302824      0.00797085      0.04731008
MINMODE:MODE:      75     -0.02556578     -0.06745833     -0.01011625
MINMODE:MODE:      76     -0.00404424     -0.02090073      0.01577949
MINMODE:MODE:      77      0.00856626      0.03157228     -0.01962584
MINMODE:MODE:      78      0.03306943      0.01203580     -0.08471884
MINMODE:MODE:      79      0.03230975     -0.03415782     -0.10626775
MINMODE:MODE: Optimization Step: 93
MINMODE:MODE: Order: 0
MINMODE:MODE:       0     -0.00371434      0.07407560     -0.03234006
MINMODE:MODE:       1      0.00910453     -0.05343006      0.01406871
MINMODE:MODE:       2      0.01585684     -0.01782914      0.01205546
MINMODE:MODE:       3     -0.00179421      0.00666538      0.01451859
MINMODE:MODE:       4     -0.02919720      0.01247209      0.02129314
MINMODE:MODE:       5      0.00639439     -0.00312312      0.00316595
MINMODE:MODE:       6      0.00977416     -0.00190963      0.00316861
MINMODE:MODE:       7      0.00443565      0.00126328      0.00450372
MINMODE:MODE:       8     -0.00114572      0.00658091      0.00434110
MINMODE:MODE:       9     -0.00502404      0.00850632      0.00434825
MINMODE:MODE:      10     -0.00281542      0.00534213      0.00457091
MINMODE:MODE:      11     -0.00590538     -0.00733460      0.01419071
MINMODE:MODE:      12     -0.00631033     -0.01042810      0.00249488
MINMODE:MODE:      13     -0.00445645     -0.00949422      0.00320966
MINMODE:MODE:      14      0.00003442     -0.00602225      0.00750806
MINMODE:MODE:      15     -0.00028412     -0.00430086      0.01264129
MINMODE:MODE:      16     -0.00099082     -0.00192811      0.01506766
MINMODE:MODE:      17     -0.00656036     -0.01948639      0.02139145
MINMODE:MODE:      18      0.00485445      0.00699454     -0.00120536
MINMODE:MODE:      19      0.03814470      0.02695722      0.00196951
MINMODE:MODE:      20      0.00657067     -0.00008213     -0.00083091
MINMODE:MODE:      21      0.00899281      0.00050304      0.00316345
MINMODE:MODE:      22      0.00830087      0.00064867      0.00280390
MINMODE:MODE:      23      0.00439455      0.00085009      0.00046646
MINMODE:MODE:      24     -0.00017180      0.00090029     -0.00512690
MINMODE:MODE:      25     -0.00172983      0.00025297     -0.00585658
MINMODE:MODE:      26      0.00677740      0.00682502      0.01538222
MINMODE:MODE:      27      0.00347548      0.01065526      0.00341695
MINMODE:MODE:      28      0.00667759      0.00793762      0.00086785
MINMODE:MODE:      29      0.00289721      0.00356525      0.00290165
MINMODE:MODE:      30      0.00228886      0.00035162      0.00870949
MINMODE:MODE:      31      0.00235243     -0.00083438      0.01077680
MINMODE:MODE:      32      0.03533219     -0.01879157      0.02018315
MINMODE:MODE:      33      0.00309722     -0.00028656      0.01096693
MINMODE:MODE:      34      0.00727309      0.01545145      0.01163088
MINMODE:MODE:      35      0.00001027      0.01440413      0.01435448
MINMODE:MODE:      36      0.01257356     -0.00543526      0.00440984
MINMODE:MODE:      37      0.00483518      0.00076896      0.00524198
MINMODE:MODE:      38     -0.00332993      0.00953134      0.00507548
MINMODE:MODE:      39     -0.00903753      0.01312309      0.00539576
MINMODE:MODE:      40     -0.00838668      0.00715634      0.00390290
MINMODE:MODE:      41     -0.01396437     -0.01480057     -0.00550946
MINMODE:MODE:      42     -0.00406010     -0.00944258      0.00055994
MINMODE:MODE:      43      0.00246615     -0.00563486      0.00864869
MINMODE:MODE:      44      0.00269518     -0.00308994      0.01527969
MINMODE:MODE:      45      0.00608292      0.00054055      0.01655683
MINMODE:MODE:      46     -0.01692860     -0.02259302      0.03112974
MINMODE:MODE:      47     -0.00702029     -0.00768626      0.02236069
MINMODE:MODE:      48     -0.00256028      0.01678483     -0.00806342
MINMODE:MODE:      49     -0.00481535      0.00329962      0.00027078
MINMODE:MODE:      50      0.00811492      0.00054323      0.00748732
MINMODE:MODE:      51      0.00988455      0.00108051      0.00636523
MINMODE:MODE:      52      0.00484350      0.00085985      0.00210484
MINMODE:MODE:      53     -0.00243301      0.00155261     -0.00775418
MINMODE:MODE:      54     -0.00567741     -0.00099825     -0.01316468
MINMODE:MODE:      55     -0.00731144      0.00103895      0.01646794
MINMODE:MODE:      56      0.00555265      0.00750207     -0.00018194
MINMODE:MODE:      57      0.00123144      0.00294223      0.00424146
MINMODE:MODE:      58     -0.00134533     -0.00172125      0.01250673
MINMODE:MODE:      59     -0.00382592     -0.00187476      0.01104713
MINMODE:MODE:      60     -0.00068538      0.08415158      0.06976868
MINMODE:MODE:      61     -0.00271402      0.07929954      0.02507907
MINMODE:MODE:      62     -0.00818407     -0.03645657     -0.01026557
MINMODE:MODE:      63     -0.00161826     -0.00859495     -0.01687242
MINMODE:MODE:      64     -0.04887939     -0.08459925     -0.24611341
MINMODE:MODE:      65     -0.11295753     -0.30921994     -0.37889227
MINMODE:MODE:      66     -0.01400267     -0.05594426     -0.09477746
MINMODE:MODE:      67     -0.03252479     -0.04055661     -0.02917077
MINMODE:MODE:      68     -0.00455500     -0.02216653     -0.00777531
MINMODE:MODE:      69      0.00988876      0.00672633     -0.03074555
MINMODE:MODE:      70      0.03238837     -0.00290390     -0.07801478
MINMODE:MODE:      71      0.03905432     -0.03699156     -0.09819818
MINMODE:MODE:      72     -0.00257628     -0.00114580      0.09287772
MINMODE:MODE:      73      0.05001009      0.44986560      0.58889002
MINMODE:MODE:      74     -0.03324024      0.00862568      0.04778308
MINMODE:MODE:      75     -0.02640245     -0.06724967     -0.01011027
MINMODE:MODE:      76     -0.00418714     -0.02086977      0.01605144
MINMODE:MODE:      77      0.00909055      0.03143151     -0.01905804
MINMODE:MODE:      78      0.03441901      0.01162592     -0.08394273
MINMODE:MODE:      79      0.03315257     -0.03439652     -0.10566458
MINMODE:MODE: Optimization Step: 94
MINMODE:MODE: Order: 0
MINMODE:MODE:       0     -0.00418750      0.07512996     -0.03079911
MINMODE:MODE:       1      0.00919357     -0.05315638      0.01459431
MINMODE:MODE:       2      0.01590593     -0.01775732      0.01205285
MINMODE:MODE:       3     -0.00189953      0.00679077      0.01432703
MINMODE:MODE:       4     -0.02947127      0.01249741      0.02131539
MINMODE:MODE:       5      0.00652922     -0.00324328      0.00304265
MINMODE:MODE:       6      0.00974034     -0.00190896      0.00307441
MINMODE:MODE:       7      0.00447863      0.00112870      0.00440817
MINMODE:MODE:       8     -0.00082629      0.00618037      0.00421479
MINMODE:MODE:       9     -0.00449493      0.00795953      0.00419093
MINMODE:MODE:      10     -0.00236558      0.00492502      0.00440554
MINMODE:MODE:      11     -0.00605867     -0.00721899      0.01412382
MINMODE:MODE:      12     -0.00637594     -0.01021889      0.00261842
MINMODE:MODE:      13     -0.00462602     -0.00922382      0.00329860
MINMODE:MODE:      14     -0.00030358     -0.00579588      0.00730818
MINMODE:MODE:      15     -0.00072323     -0.00418162      0.01220146
MINMODE:MODE:      16     -0.00133440     -0.00186228      0.01466375
MINMODE:MODE:      17     -0.00637773     -0.01929881      0.02176046
MINMODE:MODE:      18      0.00491257      0.00709925     -0.00104066
MINMODE:MODE:      19      0.03825654      0.02701562      0.00232745
MINMODE:MODE:      20      0.00645417     -0.00010066     -0.00083655
MINMODE:MODE:      21      0.00868957      0.00041525      0.00282975
MINMODE:MODE:      22      0.00792695      0.00050618      0.00243190
MINMODE:MODE:      23      0.00415422      0.00071400      0.00037151
MINMODE:MODE:      24     -0.00019835      0.00083981     -0.00490947
MINMODE:MODE:      25     -0.00169010      0.00024624     -0.00559678
MINMODE:MODE:      26      0.00693865      0.00679991      0.01546905
MINMODE:MODE:      27      0.00340190      0.01041567      0.00381031
MINMODE:MODE:      28      0.00663914      0.00769903      0.00120425
MINMODE:MODE:      29      0.00309335      0.00348762      0.00288446
MINMODE:MODE:      30      0.00269950      0.00045478      0.00840847
MINMODE:MODE:      31      0.00273616     -0.00072091      0.01050260
MINMODE:MODE:      32      0.03537275     -0.01880397      0.02008842
MINMODE:MODE:      33      0.00346374     -0.00031448      0.01090209
MINMODE:MODE:      34      0.00694760      0.01560175      0.01144866
MINMODE:MODE:      35      0.00001137      0.01450626      0.01391342
MINMODE:MODE:      36      0.01230695     -0.00517791      0.00431149
MINMODE:MODE:      37      0.00469566      0.00076729      0.00517456
MINMODE:MODE:      38     -0.00296491      0.00903798      0.00495140
MINMODE:MODE:      39     -0.00829725      0.01238431      0.00522184
MINMODE:MODE:      40     -0.00777216      0.00663592      0.00371788
MINMODE:MODE:      41     -0.01389049     -0.01453020     -0.00516073
MINMODE:MODE:      42     -0.00416295     -0.00909631      0.00084487
MINMODE:MODE:      43      0.00206869     -0.00536165      0.00843709
MINMODE:MODE:      44      0.00212698     -0.00300854      0.01461820
MINMODE:MODE:      45      0.00569280      0.00052553      0.01594154
MINMODE:MODE:      46     -0.01675291     -0.02255400      0.03155276
MINMODE:MODE:      47     -0.00690420     -0.00747774      0.02273361
MINMODE:MODE:      48     -0.00252331      0.01689176     -0.00797115
MINMODE:MODE:      49     -0.00483463      0.00347390      0.00039851
MINMODE:MODE:      50      0.00773396      0.00044960      0.00690639
MINMODE:MODE:      51      0.00934902      0.00088114      0.00574968
MINMODE:MODE:      52      0.00454490      0.00067522      0.00198652
MINMODE:MODE:      53     -0.00234622      0.00150432     -0.00731744
MINMODE:MODE:      54     -0.00545851     -0.00095968     -0.01265492
MINMODE:MODE:      55     -0.00760167      0.00065805      0.01712540
MINMODE:MODE:      56      0.00535291      0.00711875      0.00039329
MINMODE:MODE:      57      0.00143461      0.00284857      0.00422320
MINMODE:MODE:      58     -0.00075343     -0.00148407      0.01194359
MINMODE:MODE:      59     -0.00330487     -0.00162998      0.01054891
MINMODE:MODE:      60     -0.00088993      0.08497745      0.07039962
MINMODE:MODE:      61     -0.00308777      0.07954301      0.02418297
MINMODE:MODE:      62     -0.00806406     -0.03605036     -0.00898316
MINMODE:MODE:      63     -0.00173596     -0.00794199     -0.01582462
MINMODE:MODE:      64     -0.04981080     -0.08549873     -0.24616804
MINMODE:MODE:      65     -0.11368350     -0.30821387     -0.38117390
MINMODE:MODE:      66     -0.01458191     -0.05626069     -0.09555513
MINMODE:MODE:      67     -0.03322317     -0.04052601     -0.02942570
MINMODE:MODE:      68     -0.00446249     -0.02212946     -0.00741053
MINMODE:MODE:      69      0.01038831      0.00663584     -0.03034732
MINMODE:MODE:      70      0.03343510     -0.00316328     -0.07780742
MINMODE:MODE:      71      0.03973114     -0.03744798     -0.09814106
MINMODE:MODE:      72     -0.00287316     -0.00104467      0.09196671
MINMODE:MODE:      73      0.04995108      0.44851509      0.58837016
MINMODE:MODE:      74     -0.03342221      0.00952783      0.04856173
MINMODE:MODE:      75     -0.02727689     -0.06725275     -0.01020471
MINMODE:MODE:      76     -0.00425493     -0.02078310      0.01632993
MINMODE:MODE:      77      0.00962713      0.03143495     -0.01861157
MINMODE:MODE:      78      0.03582575      0.01128999     -0.08344219
MINMODE:MODE:      79      0.03405657     -0.03479036     -0.10540280
MINMODE:MODE: Optimization Step: 95
MINMODE:MODE: Order: 0
MINMODE:MODE:       0     -0.00462178      0.07592743     -0.02892579
MINMODE:MODE:       1      0.00926116     -0.05283039      0.01502044
MINMODE:MODE:       2      0.01594052     -0.01767467      0.01206056
MINMODE:MODE:       3     -0.00200089      0.00689702      0.01416103
MINMODE:MODE:       4     -0.02970179      0.01253412      0.02131491
MINMODE:MODE:       5      0.00663819     -0.00334765      0.00293048
MINMODE:MODE:       6      0.00971060     -0.00190869      0.00299129
MINMODE:MODE:       7      0.00452472      0.00100280      0.00431975
MINMODE:MODE:       8     -0.00053304      0.00581694      0.00409894
MINMODE:MODE:       9     -0.00401261      0.00745771      0.00404399
MINMODE:MODE:      10     -0.00196143      0.00454452      0.00425305
MINMODE:MODE:      11     -0.00622554     -0.00711820      0.01406490
MINMODE:MODE:      12     -0.00644936     -0.01003366      0.00273268
MINMODE:MODE:      13     -0.00478691     -0.00897889      0.00338476
MINMODE:MODE:      14     -0.00061899     -0.00559397      0.00713349
MINMODE:MODE:      15     -0.00113281     -0.00407584      0.01181549
MINMODE:MODE:      16     -0.00166282     -0.00180500      0.01431333
MINMODE:MODE:      17     -0.00620489     -0.01911937      0.02210788
MINMODE:MODE:      18      0.00495221      0.00715557     -0.00083295
MINMODE:MODE:      19      0.03821949      0.02702104      0.00268210
MINMODE:MODE:      20      0.00631529     -0.00010619     -0.00081614
MINMODE:MODE:      21      0.00839272      0.00033383      0.00253959
MINMODE:MODE:      22      0.00757420      0.00037719      0.00210164
MINMODE:MODE:      23      0.00393283      0.00059064      0.00028757
MINMODE:MODE:      24     -0.00023059      0.00079041     -0.00471032
MINMODE:MODE:      25     -0.00166353      0.00024477     -0.00535803
MINMODE:MODE:      26      0.00711626      0.00679140      0.01554288
MINMODE:MODE:      27      0.00334938      0.01020394      0.00418935
MINMODE:MODE:      28      0.00661539      0.00748675      0.00153451
MINMODE:MODE:      29      0.00328378      0.00342296      0.00288073
MINMODE:MODE:      30      0.00308423      0.00055241      0.00814815
MINMODE:MODE:      31      0.00310322     -0.00061363      0.01026934
MINMODE:MODE:      32      0.03538729     -0.01878163      0.02001066
MINMODE:MODE:      33      0.00383821     -0.00036017      0.01086462
MINMODE:MODE:      34      0.00665042      0.01573427      0.01129960
MINMODE:MODE:      35      0.00000855      0.01463886      0.01351603
MINMODE:MODE:      36      0.01206168     -0.00494406      0.00422397
MINMODE:MODE:      37      0.00457409      0.00076616      0.00510937
MINMODE:MODE:      38     -0.00262959      0.00859265      0.00483932
MINMODE:MODE:      39     -0.00762345      0.01170735      0.00506258
MINMODE:MODE:      40     -0.00720659      0.00616598      0.00355309
MINMODE:MODE:      41     -0.01382494     -0.01427933     -0.00484291
MINMODE:MODE:      42     -0.00426447     -0.00878283      0.00111111
MINMODE:MODE:      43      0.00170191     -0.00511554      0.00824958
MINMODE:MODE:      44      0.00159993     -0.00293744      0.01402546
MINMODE:MODE:      45      0.00533409      0.00051088      0.01539145
MINMODE:MODE:      46     -0.01657202     -0.02248880      0.03197437
MINMODE:MODE:      47     -0.00679542     -0.00729387      0.02309846
MINMODE:MODE:      48     -0.00251459      0.01699572     -0.00788151
MINMODE:MODE:      49     -0.00486002      0.00363502      0.00054712
MINMODE:MODE:      50      0.00738663      0.00036177      0.00637950
MINMODE:MODE:      51      0.00885433      0.00069984      0.00519290
MINMODE:MODE:      52      0.00426951      0.00050813      0.00188126
MINMODE:MODE:      53     -0.00227002      0.00146222     -0.00691830
MINMODE:MODE:      54     -0.00526474     -0.00092280     -0.01218080
MINMODE:MODE:      55     -0.00785511      0.00031675      0.01772110
MINMODE:MODE:      56      0.00517987      0.00677760      0.00093471
MINMODE:MODE:      57      0.00163104      0.00276923      0.00421244
MINMODE:MODE:      58     -0.00020332     -0.00126352      0.01144122
MINMODE:MODE:      59     -0.00282422     -0.00139824      0.01009913
MINMODE:MODE:      60     -0.00115821      0.08592810      0.07065393
MINMODE:MODE:      61     -0.00342763      0.08011076      0.02391374
MINMODE:MODE:      62     -0.00793081     -0.03573856     -0.00739423
MINMODE:MODE:      63     -0.00183256     -0.00708726     -0.01466485
MINMODE:MODE:      64     -0.05113098     -0.08542170     -0.24717383
MINMODE:MODE:      65     -0.11367619     -0.30848864     -0.38235599
MINMODE:MODE:      66     -0.01514655     -0.05664170     -0.09654723
MINMODE:MODE:      67     -0.03394635     -0.04067816     -0.02968521
MINMODE:MODE:      68     -0.00443799     -0.02215398     -0.00715427
MINMODE:MODE:      69      0.01087811      0.00658424     -0.03003097
MINMODE:MODE:      70      0.03448838     -0.00341606     -0.07772386
MINMODE:MODE:      71      0.04056858     -0.03789418     -0.09842128
MINMODE:MODE:      72     -0.00329563     -0.00094310      0.09061038
MINMODE:MODE:      73      0.04992311      0.44688217      0.58770642
MINMODE:MODE:      74     -0.03372514      0.01079962      0.04941616
MINMODE:MODE:      75     -0.02818884     -0.06735956     -0.01024303
MINMODE:MODE:      76     -0.00429133     -0.02071427      0.01661921
MINMODE:MODE:      77      0.01014611      0.03148320     -0.01821967
MINMODE:MODE:      78      0.03723577      0.01096583     -0.08316352
MINMODE:MODE:      79      0.03497190     -0.03523624     -0.10533704
MINMODE:MODE: Optimization Step: 96
MINMODE:MODE: Order: 0
MINMODE:MODE:       0     -0.00517461      0.07709813     -0.02671960
MINMODE:MODE:       1      0.00927558     -0.05247792      0.01520596
MINMODE:MODE:       2      0.01593286     -0.01757629      0.01202660
MINMODE:MODE:       3     -0.00209251      0.00700569      0.01401257
MINMODE:MODE:       4     -0.03005755      0.01265013      0.02131771
MINMODE:MODE:       5      0.00673524     -0.00344878      0.00281398
MINMODE:MODE:       6      0.00969087     -0.00190790      0.00291315
MINMODE:MODE:       7      0.00457305      0.00088091      0.00423551
MINMODE:MODE:       8     -0.00025752      0.00548127      0.00399144
MINMODE:MODE:       9     -0.00356399      0.00699160      0.00390769
MINMODE:MODE:      10     -0.00158830      0.00419191      0.00411210
MINMODE:MODE:      11     -0.00640108     -0.00703320      0.01402740
MINMODE:MODE:      12     -0.00652806     -0.00986716      0.00284148
MINMODE:MODE:      13     -0.00494547     -0.00875428      0.00347154
MINMODE:MODE:      14     -0.00092003     -0.00541109      0.00697971
MINMODE:MODE:      15     -0.00152447     -0.00398084      0.01147283
MINMODE:MODE:      16     -0.00198363     -0.00175908      0.01399962
MINMODE:MODE:      17     -0.00603512     -0.01892060      0.02239089
MINMODE:MODE:      18      0.00496683      0.00719417     -0.00060261
MINMODE:MODE:      19      0.03820001      0.02710030      0.00307345
MINMODE:MODE:      20      0.00614297     -0.00010460     -0.00077910
MINMODE:MODE:      21      0.00809088      0.00025616      0.00228810
MINMODE:MODE:      22      0.00723071      0.00026091      0.00180959
MINMODE:MODE:      23      0.00372064      0.00047702      0.00021515
MINMODE:MODE:      24     -0.00026948      0.00075150     -0.00452415
MINMODE:MODE:      25     -0.00165767      0.00024901     -0.00512415
MINMODE:MODE:      26      0.00731209      0.00679755      0.01564053
MINMODE:MODE:      27      0.00332982      0.01001866      0.00454529
MINMODE:MODE:      28      0.00660262      0.00729474      0.00185966
MINMODE:MODE:      29      0.00347175      0.00336353      0.00289092
MINMODE:MODE:      30      0.00345726      0.00064833      0.00792092
MINMODE:MODE:      31      0.00346338     -0.00050117      0.01005943
MINMODE:MODE:      32      0.03539545     -0.01875555      0.01995691
MINMODE:MODE:      33      0.00418273     -0.00040591      0.01081444
MINMODE:MODE:      34      0.00638084      0.01585044      0.01117043
MINMODE:MODE:      35      0.00001426      0.01479102      0.01315566
MINMODE:MODE:      36      0.01184096     -0.00472687      0.00414801
MINMODE:MODE:      37      0.00446773      0.00076336      0.00504980
MINMODE:MODE:      38     -0.00231458      0.00818378      0.00473752
MINMODE:MODE:      39     -0.00699677      0.01108014      0.00491466
MINMODE:MODE:      40     -0.00667611      0.00573374      0.00340187
MINMODE:MODE:      41     -0.01377526     -0.01404319     -0.00454901
MINMODE:MODE:      42     -0.00436709     -0.00849362      0.00136598
MINMODE:MODE:      43      0.00135594     -0.00489187      0.00808183
MINMODE:MODE:      44      0.00110033     -0.00287650      0.01348894
MINMODE:MODE:      45      0.00500002      0.00049451      0.01489543
MINMODE:MODE:      46     -0.01639828     -0.02243312      0.03240773
MINMODE:MODE:      47     -0.00667176     -0.00709946      0.02341912
MINMODE:MODE:      48     -0.00252387      0.01706915     -0.00777696
MINMODE:MODE:      49     -0.00490348      0.00377816      0.00071794
MINMODE:MODE:      50      0.00705872      0.00027584      0.00589477
MINMODE:MODE:      51      0.00838306      0.00053221      0.00468682
MINMODE:MODE:      52      0.00400842      0.00035522      0.00178755
MINMODE:MODE:      53     -0.00220567      0.00142973     -0.00654642
MINMODE:MODE:      54     -0.00509784     -0.00089681     -0.01173351
MINMODE:MODE:      55     -0.00808397      0.00000030      0.01828367
MINMODE:MODE:      56      0.00503025      0.00646764      0.00145816
MINMODE:MODE:      57      0.00182757      0.00270088      0.00421084
MINMODE:MODE:      58      0.00031950     -0.00105441      0.01098935
MINMODE:MODE:      59     -0.00236748     -0.00117302      0.00969067
MINMODE:MODE:      60     -0.00138239      0.08695910      0.07180054
MINMODE:MODE:      61     -0.00370380      0.08032085      0.02315046
MINMODE:MODE:      62     -0.00775857     -0.03524210     -0.00546890
MINMODE:MODE:      63     -0.00196204     -0.00621967     -0.01314674
MINMODE:MODE:      64     -0.05253196     -0.08556478     -0.24838089
MINMODE:MODE:      65     -0.11341201     -0.30860795     -0.38361759
MINMODE:MODE:      66     -0.01572617     -0.05718239     -0.09776878
MINMODE:MODE:      67     -0.03465267     -0.04101947     -0.02991605
MINMODE:MODE:      68     -0.00453046     -0.02226448     -0.00695128
MINMODE:MODE:      69      0.01135484      0.00654279     -0.02980141
MINMODE:MODE:      70      0.03561294     -0.00367510     -0.07779704
MINMODE:MODE:      71      0.04147330     -0.03835461     -0.09897077
MINMODE:MODE:      72     -0.00378927     -0.00081100      0.08913601
MINMODE:MODE:      73      0.04991425      0.44500439      0.58676403
MINMODE:MODE:      74     -0.03391517      0.01231596      0.05038644
MINMODE:MODE:      75     -0.02916208     -0.06763238     -0.01021283
MINMODE:MODE:      76     -0.00433621     -0.02072066      0.01693861
MINMODE:MODE:      77      0.01066811      0.03160163     -0.01788278
MINMODE:MODE:      78      0.03870386      0.01064599     -0.08312695
MINMODE:MODE:      79      0.03595477     -0.03572047     -0.10552994
MINMODE:MODE: Optimization Step: 97
MINMODE:MODE: Order: 0
MINMODE:MODE:       0     -0.00568119      0.07842249     -0.02442356
MINMODE:MODE:       1      0.00914549     -0.05240046      0.01479177
MINMODE:MODE:       2      0.01587787     -0.01750866      0.01190562
MINMODE:MODE:       3     -0.00219344      0.00714562      0.01389609
MINMODE:MODE:       4     -0.03040854      0.01283626      0.02139201
MINMODE:MODE:       5      0.00682652     -0.00353036      0.00271702
MINMODE:MODE:       6      0.00969590     -0.00191102      0.00284436
MINMODE:MODE:       7      0.00463494      0.00076604      0.00416424
MINMODE:MODE:       8      0.00000602      0.00517763      0.00389923
MINMODE:MODE:       9     -0.00314773      0.00656713      0.00378744
MINMODE:MODE:      10     -0.00124050      0.00386635      0.00398890
MINMODE:MODE:      11     -0.00660521     -0.00697323      0.01402562
MINMODE:MODE:      12     -0.00662632     -0.00973498      0.00294601
MINMODE:MODE:      13     -0.00510915     -0.00856397      0.00356558
MINMODE:MODE:      14     -0.00121093     -0.00525418      0.00685738
MINMODE:MODE:      15     -0.00190916     -0.00390414      0.01118898
MINMODE:MODE:      16     -0.00230673     -0.00172234      0.01374955
MINMODE:MODE:      17     -0.00590179     -0.01875377      0.02255818
MINMODE:MODE:      18      0.00497566      0.00726301     -0.00038069
MINMODE:MODE:      19      0.03815857      0.02725157      0.00348593
MINMODE:MODE:      20      0.00595464     -0.00008418     -0.00071436
MINMODE:MODE:      21      0.00779524      0.00018554      0.00207514
MINMODE:MODE:      22      0.00690222      0.00015768      0.00155548
MINMODE:MODE:      23      0.00351750      0.00037672      0.00015580
MINMODE:MODE:      24     -0.00032126      0.00072802     -0.00435139
MINMODE:MODE:      25     -0.00167445      0.00026288     -0.00490251
MINMODE:MODE:      26      0.00754395      0.00683713      0.01577295
MINMODE:MODE:      27      0.00334337      0.00988118      0.00490958
MINMODE:MODE:      28      0.00661536      0.00714294      0.00218393
MINMODE:MODE:      29      0.00366983      0.00332445      0.00291590
MINMODE:MODE:      30      0.00383070      0.00074614      0.00773882
MINMODE:MODE:      31      0.00382869     -0.00038793      0.00989367
MINMODE:MODE:      32      0.03547248     -0.01874637      0.01994816
MINMODE:MODE:      33      0.00440545     -0.00040144      0.01072146
MINMODE:MODE:      34      0.00612179      0.01597838      0.01107417
MINMODE:MODE:      35      0.00000862      0.01498730      0.01285424
MINMODE:MODE:      36      0.01166212     -0.00453302      0.00408742
MINMODE:MODE:      37      0.00438344      0.00076108      0.00500040
MINMODE:MODE:      38     -0.00202528      0.00782224      0.00465015
MINMODE:MODE:      39     -0.00642813      0.01051625      0.00478554
MINMODE:MODE:      40     -0.00619090      0.00534368      0.00327225
MINMODE:MODE:      41     -0.01376302     -0.01384484     -0.00428454
MINMODE:MODE:      42     -0.00447948     -0.00824282      0.00161511
MINMODE:MODE:      43      0.00102882     -0.00469931      0.00795102
MINMODE:MODE:      44      0.00062204     -0.00282922      0.01303164
MINMODE:MODE:      45      0.00469393      0.00048274      0.01447572
MINMODE:MODE:      46     -0.01627745     -0.02244970      0.03290591
MINMODE:MODE:      47     -0.00651777     -0.00683584      0.02368249
MINMODE:MODE:      48     -0.00252510      0.01714102     -0.00766638
MINMODE:MODE:      49     -0.00496801      0.00390209      0.00090793
MINMODE:MODE:      50      0.00675841      0.00019314      0.00545978
MINMODE:MODE:      51      0.00794526      0.00037981      0.00423713
MINMODE:MODE:      52      0.00376842      0.00021459      0.00170819
MINMODE:MODE:      53     -0.00215837      0.00140741     -0.00621003
MINMODE:MODE:      54     -0.00496543     -0.00088048     -0.01133027
MINMODE:MODE:      55     -0.00827732     -0.00028555      0.01884009
MINMODE:MODE:      56      0.00491226      0.00619979      0.00197455
MINMODE:MODE:      57      0.00202900      0.00264846      0.00423091
MINMODE:MODE:      58      0.00082397     -0.00085850      0.01060562
MINMODE:MODE:      59     -0.00193668     -0.00095695      0.00933580
MINMODE:MODE:      60     -0.00156530      0.08805148      0.07354077
MINMODE:MODE:      61     -0.00398643      0.08074817      0.02207830
MINMODE:MODE:      62     -0.00755315     -0.03458755     -0.00335747
MINMODE:MODE:      63     -0.00217914     -0.00545837     -0.01099814
MINMODE:MODE:      64     -0.05323304     -0.08727922     -0.24858724
MINMODE:MODE:      65     -0.11372379     -0.30696436     -0.38589489
MINMODE:MODE:      66     -0.01675149     -0.05810978     -0.09934792
MINMODE:MODE:      67     -0.03541712     -0.04153340     -0.03041787
MINMODE:MODE:      68     -0.00454870     -0.02241206     -0.00672133
MINMODE:MODE:      69      0.01186222      0.00650683     -0.02971082
MINMODE:MODE:      70      0.03686485     -0.00390086     -0.07815661
MINMODE:MODE:      71      0.04238822     -0.03899991     -0.09954114
MINMODE:MODE:      72     -0.00406852     -0.00038070      0.08887920
MINMODE:MODE:      73      0.04978293      0.44322656      0.58533473
MINMODE:MODE:      74     -0.03405674      0.01354129      0.05114779
MINMODE:MODE:      75     -0.03019201     -0.06826857     -0.01042861
MINMODE:MODE:      76     -0.00437457     -0.02078234      0.01731315
MINMODE:MODE:      77      0.01124338      0.03193989     -0.01765613
MINMODE:MODE:      78      0.04031506      0.01041885     -0.08341071
MINMODE:MODE:      79      0.03708420     -0.03637943     -0.10612216
MINMODE:MODE: Optimization Step: 98
MINMODE:MODE: Order: 0
MINMODE:MODE:       0     -0.00599885      0.07934142     -0.02217275
MINMODE:MODE:       1      0.00900840     -0.05238480      0.01442045
MINMODE:MODE:       2      0.01583092     -0.01746563      0.01176949
MINMODE:MODE:       3     -0.00230400      0.00728618      0.01379016
MINMODE:MODE:       4     -0.03063691      0.01300000      0.02147274
MINMODE:MODE:       5      0.00692574     -0.00359248      0.00265668
MINMODE:MODE:       6      0.00970822     -0.00191333      0.00279653
MINMODE:MODE:       7      0.00469711      0.00066813      0.00410962
MINMODE:MODE:       8      0.00023607      0.00492040      0.00382426
MINMODE:MODE:       9     -0.00278605      0.00620677      0.00369006
MINMODE:MODE:      10     -0.00093420      0.00359690      0.00389014
MINMODE:MODE:      11     -0.00681227     -0.00691837      0.01401981
MINMODE:MODE:      12     -0.00673518     -0.00962401      0.00303490
MINMODE:MODE:      13     -0.00525918     -0.00840828      0.00365221
MINMODE:MODE:      14     -0.00147004     -0.00512784      0.00676687
MINMODE:MODE:      15     -0.00225363     -0.00384419      0.01096942
MINMODE:MODE:      16     -0.00260042     -0.00169381      0.01356110
MINMODE:MODE:      17     -0.00582750     -0.01864238      0.02267393
MINMODE:MODE:      18      0.00497474      0.00732872     -0.00018887
MINMODE:MODE:      19      0.03804146      0.02736237      0.00385450
MINMODE:MODE:      20      0.00576864     -0.00005045     -0.00063627
MINMODE:MODE:      21      0.00752232      0.00012677      0.00191179
MINMODE:MODE:      22      0.00660598      0.00007501      0.00135306
MINMODE:MODE:      23      0.00333522      0.00029508      0.00011233
MINMODE:MODE:      24     -0.00037991      0.00071813     -0.00419658
MINMODE:MODE:      25     -0.00170078      0.00028611     -0.00470860
MINMODE:MODE:      26      0.00775680      0.00688308      0.01587076
MINMODE:MODE:      27      0.00337753      0.00977227      0.00523732
MINMODE:MODE:      28      0.00664436      0.00702681      0.00248522
MINMODE:MODE:      29      0.00385693      0.00330012      0.00295808
MINMODE:MODE:      30      0.00416619      0.00083659      0.00759889
MINMODE:MODE:      31      0.00415467     -0.00028060      0.00976633
MINMODE:MODE:      32      0.03555407     -0.01873674      0.01994023
MINMODE:MODE:      33      0.00449943     -0.00035039      0.01059230
MINMODE:MODE:      34      0.00589223      0.01610317      0.01099434
MINMODE:MODE:      35     -0.00002410      0.01518594      0.01261249
MINMODE:MODE:      36      0.01151622     -0.00437278      0.00403992
MINMODE:MODE:      37      0.00432066      0.00075865      0.00495960
MINMODE:MODE:      38     -0.00177767      0.00752083      0.00457726
MINMODE:MODE:      39     -0.00594627      0.01004128      0.00467746
MINMODE:MODE:      40     -0.00577679      0.00501382      0.00316698
MINMODE:MODE:      41     -0.01377204     -0.01367811     -0.00406187
MINMODE:MODE:      42     -0.00458668     -0.00803716      0.00183700
MINMODE:MODE:      43      0.00074221     -0.00454449      0.00785395
MINMODE:MODE:      44      0.00019653     -0.00279459      0.01266566
MINMODE:MODE:      45      0.00442658      0.00047231      0.01413738
MINMODE:MODE:      46     -0.01620433     -0.02250195      0.03335754
MINMODE:MODE:      47     -0.00635979     -0.00653141      0.02384967
MINMODE:MODE:      48     -0.00251679      0.01720108     -0.00755939
MINMODE:MODE:      49     -0.00502242      0.00399085      0.00108972
MINMODE:MODE:      50      0.00649738      0.00012329      0.00509730
MINMODE:MODE:      51      0.00756005      0.00025312      0.00386716
MINMODE:MODE:      52      0.00355847      0.00009783      0.00164775
MINMODE:MODE:      53     -0.00212835      0.00139402     -0.00592344
MINMODE:MODE:      54     -0.00486167     -0.00086630     -0.01098580
MINMODE:MODE:      55     -0.00828286     -0.00043157      0.01915225
MINMODE:MODE:      56      0.00482788      0.00598654      0.00244099
MINMODE:MODE:      57      0.00221953      0.00261273      0.00426462
MINMODE:MODE:      58      0.00127248     -0.00068714      0.01029747
MINMODE:MODE:      59     -0.00155998     -0.00076407      0.00904285
MINMODE:MODE:      60     -0.00180161      0.08926006      0.07452269
MINMODE:MODE:      61     -0.00420903      0.08134341      0.02175893
MINMODE:MODE:      62     -0.00742492     -0.03415287     -0.00118033
MINMODE:MODE:      63     -0.00231811     -0.00461388     -0.00918776
MINMODE:MODE:      64     -0.05402818     -0.08821330     -0.24901746
MINMODE:MODE:      65     -0.11393755     -0.30619352     -0.38726318
MINMODE:MODE:      66     -0.01756991     -0.05893469     -0.10064558
MINMODE:MODE:      67     -0.03614162     -0.04208989     -0.03100978
MINMODE:MODE:      68     -0.00451922     -0.02257034     -0.00659735
MINMODE:MODE:      69      0.01234121      0.00649881     -0.02971893
MINMODE:MODE:      70      0.03799006     -0.00412064     -0.07857534
MINMODE:MODE:      71      0.04300955     -0.03968575     -0.10028417
MINMODE:MODE:      72     -0.00422240      0.00013188      0.08916870
MINMODE:MODE:      73      0.04970277      0.44172843      0.58374888
MINMODE:MODE:      74     -0.03430917      0.01445875      0.05152996
MINMODE:MODE:      75     -0.03116379     -0.06901164     -0.01075652
MINMODE:MODE:      76     -0.00439111     -0.02086297      0.01769182
MINMODE:MODE:      77      0.01179341      0.03233768     -0.01749292
MINMODE:MODE:      78      0.04186060      0.01028820     -0.08381182
MINMODE:MODE:      79      0.03816265     -0.03714116     -0.10685480
MINMODE:MODE: Optimization Step: 99
MINMODE:MODE: Order: 0
MINMODE:MODE:       0     -0.00621613      0.08011079     -0.02023669
MINMODE:MODE:       1      0.00885732     -0.05234281      0.01404139
MINMODE:MODE:       2      0.01578626     -0.01741392      0.01159138
MINMODE:MODE:       3     -0.00241450      0.00741910      0.01365684
MINMODE:MODE:       4     -0.03082130      0.01315412      0.02153568
MINMODE:MODE:       5      0.00703394     -0.00365180      0.00260604
MINMODE:MODE:       6      0.00971341     -0.00190802      0.00275363
MINMODE:MODE:       7      0.00474740      0.00057865      0.00405757
MINMODE:MODE:       8      0.00044568      0.00468005      0.00375174
MINMODE:MODE:       9     -0.00245464      0.00587983      0.00360279
MINMODE:MODE:      10     -0.00064691      0.00335328      0.00380183
MINMODE:MODE:      11     -0.00700723     -0.00685291      0.01398372
MINMODE:MODE:      12     -0.00683766     -0.00950224      0.00311184
MINMODE:MODE:      13     -0.00539357     -0.00825489      0.00372619
MINMODE:MODE:      14     -0.00170802     -0.00500942      0.00668186
MINMODE:MODE:      15     -0.00256835     -0.00378574      0.01076589
MINMODE:MODE:      16     -0.00287233     -0.00166440      0.01337821
MINMODE:MODE:      17     -0.00580392     -0.01854784      0.02275037
MINMODE:MODE:      18      0.00495185      0.00737464     -0.00001902
MINMODE:MODE:      19      0.03794611      0.02745302      0.00410133
MINMODE:MODE:      20      0.00558330     -0.00002557     -0.00056810
MINMODE:MODE:      21      0.00725167      0.00007423      0.00177059
MINMODE:MODE:      22      0.00631607      0.00000477      0.00118092
MINMODE:MODE:      23      0.00315473      0.00022336      0.00007983
MINMODE:MODE:      24     -0.00044206      0.00071273     -0.00404332
MINMODE:MODE:      25     -0.00173281      0.00030910     -0.00451854
MINMODE:MODE:      26      0.00792279      0.00691233      0.01592035
MINMODE:MODE:      27      0.00343748      0.00969387      0.00550255
MINMODE:MODE:      28      0.00667475      0.00691249      0.00277245
MINMODE:MODE:      29      0.00403150      0.00327271      0.00301233
MINMODE:MODE:      30      0.00446611      0.00092089      0.00746641
MINMODE:MODE:      31      0.00443762     -0.00017857      0.00963760
MINMODE:MODE:      32      0.03557114     -0.01870417      0.01988655
MINMODE:MODE:      33      0.00449408     -0.00025474      0.01042745
MINMODE:MODE:      34      0.00568325      0.01620158      0.01089032
MINMODE:MODE:      35     -0.00007231      0.01534936      0.01237907
MINMODE:MODE:      36      0.01137158     -0.00422037      0.00399590
MINMODE:MODE:      37      0.00426276      0.00075299      0.00492032
MINMODE:MODE:      38     -0.00154694      0.00723760      0.00450619
MINMODE:MODE:      39     -0.00549322      0.00959531      0.00457379
MINMODE:MODE:      40     -0.00539012      0.00470719      0.00306723
MINMODE:MODE:      41     -0.01377172     -0.01350335     -0.00385284
MINMODE:MODE:      42     -0.00468088     -0.00783844      0.00203686
MINMODE:MODE:      43      0.00047795     -0.00440325      0.00775851
MINMODE:MODE:      44     -0.00019755     -0.00276358      0.01232558
MINMODE:MODE:      45      0.00417048      0.00046115      0.01381703
MINMODE:MODE:      46     -0.01613140     -0.02253999      0.03372606
MINMODE:MODE:      47     -0.00618449     -0.00619134      0.02390885
MINMODE:MODE:      48     -0.00251274      0.01722354     -0.00743780
MINMODE:MODE:      49     -0.00506184      0.00404750      0.00125574
MINMODE:MODE:      50      0.00623936      0.00006073      0.00476811
MINMODE:MODE:      51      0.00718279      0.00014157      0.00353993
MINMODE:MODE:      52      0.00335280     -0.00000152      0.00159802
MINMODE:MODE:      53     -0.00210642      0.00138632     -0.00565079
MINMODE:MODE:      54     -0.00476527     -0.00085441     -0.01065344
MINMODE:MODE:      55     -0.00828896     -0.00056330      0.01940888
MINMODE:MODE:      56      0.00475681      0.00579060      0.00287055
MINMODE:MODE:      57      0.00240327      0.00258077      0.00429902
MINMODE:MODE:      58      0.00168301     -0.00052467      0.01000709
MINMODE:MODE:      59     -0.00120528     -0.00058059      0.00876685
MINMODE:MODE:      60     -0.00198797      0.09015773      0.07538705
MINMODE:MODE:      61     -0.00437962      0.08164583      0.02154273
MINMODE:MODE:      62     -0.00734131     -0.03377341      0.00087059
MINMODE:MODE:      63     -0.00239693     -0.00367939     -0.00754473
MINMODE:MODE:      64     -0.05534596     -0.08746289     -0.25091336
MINMODE:MODE:      65     -0.11368746     -0.30728714     -0.38719420
MINMODE:MODE:      66     -0.01808357     -0.05950096     -0.10144272
MINMODE:MODE:      67     -0.03674852     -0.04259210     -0.03146011
MINMODE:MODE:      68     -0.00461245     -0.02272847     -0.00659404
MINMODE:MODE:      69      0.01278214      0.00649893     -0.02972614
MINMODE:MODE:      70      0.03892072     -0.00433358     -0.07885841
MINMODE:MODE:      71      0.04364443     -0.04017356     -0.10090030
MINMODE:MODE:      72     -0.00431403      0.00060786      0.08969310
MINMODE:MODE:      73      0.04988474      0.44021784      0.58211397
MINMODE:MODE:      74     -0.03464829      0.01550102      0.05182207
MINMODE:MODE:      75     -0.03205202     -0.06964193     -0.01098658
MINMODE:MODE:      76     -0.00440918     -0.02094187      0.01805149
MINMODE:MODE:      77      0.01230491      0.03262162     -0.01731569
MINMODE:MODE:      78      0.04327223      0.01017141     -0.08409842
MINMODE:MODE:      79      0.03911944     -0.03780122     -0.10744100
MINMODE:MODE: Optimization Step: 100
MINMODE:MODE: Order: 0
MINMODE:MODE:       0     -0.00635618      0.08089464     -0.01880893
MINMODE:MODE:       1      0.00874955     -0.05223192      0.01392208
MINMODE:MODE:       2      0.01573149     -0.01734537      0.01142249
MINMODE:MODE:       3     -0.00253597      0.00756553      0.01351486
MINMODE:MODE:       4     -0.03097411      0.01331003      0.02162683
MINMODE:MODE:       5      0.00713347     -0.00370114      0.00255994
MINMODE:MODE:       6      0.00972190     -0.00190299      0.00271051
MINMODE:MODE:       7      0.00479712      0.00049433      0.00401006
MINMODE:MODE:       8      0.00064482      0.00445216      0.00368367
MINMODE:MODE:       9     -0.00213676      0.00556986      0.00352245
MINMODE:MODE:      10     -0.00037133      0.00311951      0.00371918
MINMODE:MODE:      11     -0.00719601     -0.00678536      0.01394324
MINMODE:MODE:      12     -0.00694330     -0.00938263      0.00317971
MINMODE:MODE:      13     -0.00551743     -0.00810437      0.00379749
MINMODE:MODE:      14     -0.00193431     -0.00489604      0.00660200
MINMODE:MODE:      15     -0.00286722     -0.00373030      0.01057333
MINMODE:MODE:      16     -0.00313552     -0.00163272      0.01320277
MINMODE:MODE:      17     -0.00578666     -0.01844143      0.02283761
MINMODE:MODE:      18      0.00492174      0.00742980      0.00012066
MINMODE:MODE:      19      0.03793607      0.02758460      0.00433319
MINMODE:MODE:      20      0.00541943     -0.00000820     -0.00051095
MINMODE:MODE:      21      0.00699385      0.00002700      0.00163159
MINMODE:MODE:      22      0.00603400     -0.00006000      0.00102285
MINMODE:MODE:      23      0.00297344      0.00015897      0.00005509
MINMODE:MODE:      24     -0.00050880      0.00070817     -0.00389202
MINMODE:MODE:      25     -0.00177294      0.00032666     -0.00433214
MINMODE:MODE:      26      0.00807485      0.00693951      0.01595678
MINMODE:MODE:      27      0.00348577      0.00960913      0.00574085
MINMODE:MODE:      28      0.00670277      0.00679939      0.00303613
MINMODE:MODE:      29      0.00419574      0.00324574      0.00306892
MINMODE:MODE:      30      0.00474310      0.00100136      0.00733881
MINMODE:MODE:      31      0.00469877     -0.00008193      0.00951334
MINMODE:MODE:      32      0.03556355     -0.01866631      0.01980600
MINMODE:MODE:      33      0.00445399     -0.00014654      0.01026048
MINMODE:MODE:      34      0.00548954      0.01630101      0.01076918
MINMODE:MODE:      35     -0.00013685      0.01550557      0.01215384
MINMODE:MODE:      36      0.01123992     -0.00407066      0.00395471
MINMODE:MODE:      37      0.00421035      0.00074584      0.00488512
MINMODE:MODE:      38     -0.00132612      0.00696740      0.00443916
MINMODE:MODE:      39     -0.00505881      0.00917300      0.00447627
MINMODE:MODE:      40     -0.00502147      0.00441538      0.00297251
MINMODE:MODE:      41     -0.01377591     -0.01333103     -0.00365279
MINMODE:MODE:      42     -0.00476771     -0.00764611      0.00222355
MINMODE:MODE:      43      0.00022684     -0.00427264      0.00766828
MINMODE:MODE:      44     -0.00057331     -0.00273537      0.01200686
MINMODE:MODE:      45      0.00391871      0.00045191      0.01351317
MINMODE:MODE:      46     -0.01606339     -0.02257257      0.03405458
MINMODE:MODE:      47     -0.00600595     -0.00585534      0.02394361
MINMODE:MODE:      48     -0.00251817      0.01724458     -0.00732082
MINMODE:MODE:      49     -0.00509855      0.00408726      0.00140246
MINMODE:MODE:      50      0.00598233      0.00000463      0.00446213
MINMODE:MODE:      51      0.00681277      0.00004163      0.00323976
MINMODE:MODE:      52      0.00314834     -0.00008903      0.00155758
MINMODE:MODE:      53     -0.00209256      0.00138188     -0.00538597
MINMODE:MODE:      54     -0.00468209     -0.00084711     -0.01033025
MINMODE:MODE:      55     -0.00830889     -0.00069824      0.01966461
MINMODE:MODE:      56      0.00469426      0.00560227      0.00327773
MINMODE:MODE:      57      0.00258412      0.00254988      0.00433756
MINMODE:MODE:      58      0.00206934     -0.00036861      0.00972807
MINMODE:MODE:      59     -0.00086106     -0.00040448      0.00850468
MINMODE:MODE:      60     -0.00209887      0.09084492      0.07656741
MINMODE:MODE:      61     -0.00452604      0.08166976      0.02103331
MINMODE:MODE:      62     -0.00725454     -0.03306600      0.00277142
MINMODE:MODE:      63     -0.00251771     -0.00309204     -0.00571749
MINMODE:MODE:      64     -0.05645364     -0.08746689     -0.25231351
MINMODE:MODE:      65     -0.11387154     -0.30762177     -0.38769845
MINMODE:MODE:      66     -0.01845071     -0.05999637     -0.10202759
MINMODE:MODE:      67     -0.03728167     -0.04300344     -0.03186664
MINMODE:MODE:      68     -0.00476591     -0.02287106     -0.00663254
MINMODE:MODE:      69      0.01323175      0.00649254     -0.02971226
MINMODE:MODE:      70      0.03976348     -0.00451458     -0.07906910
MINMODE:MODE:      71      0.04422657     -0.04058323     -0.10133948
MINMODE:MODE:      72     -0.00444489      0.00090193      0.08991383
MINMODE:MODE:      73      0.05029595      0.43878272      0.58063946
MINMODE:MODE:      74     -0.03500762      0.01652901      0.05204001
MINMODE:MODE:      75     -0.03288738     -0.07023056     -0.01121043
MINMODE:MODE:      76     -0.00445072     -0.02104291      0.01837008
MINMODE:MODE:      77      0.01281739      0.03285911     -0.01715799
MINMODE:MODE:      78      0.04461425      0.01008350     -0.08432047
MINMODE:MODE:      79      0.04003734     -0.03837485     -0.10798404
MINMODE:MODE: Optimization Step: 101
MINMODE:MODE: Order: 0
MINMODE:MODE:       0     -0.00638253      0.08183077     -0.01711010
MINMODE:MODE:       1      0.00865916     -0.05202880      0.01417527
MINMODE:MODE:       2      0.01567968     -0.01728344      0.01133665
MINMODE:MODE:       3     -0.00268558      0.00776262      0.01342519
MINMODE:MODE:       4     -0.03109836      0.01344276      0.02185700
MINMODE:MODE:       5      0.00725868     -0.00374891      0.00254285
MINMODE:MODE:       6      0.00976409     -0.00190754      0.00268984
MINMODE:MODE:       7      0.00486356      0.00041281      0.00398220
MINMODE:MODE:       8      0.00084561      0.00424820      0.00363370
MINMODE:MODE:       9     -0.00182469      0.00529064      0.00345985
MINMODE:MODE:      10     -0.00009584      0.00291401      0.00365777
MINMODE:MODE:      11     -0.00739321     -0.00672637      0.01393867
MINMODE:MODE:      12     -0.00706241     -0.00927793      0.00325128
MINMODE:MODE:      13     -0.00567006     -0.00797878      0.00386734
MINMODE:MODE:      14     -0.00216305     -0.00480230      0.00654675
MINMODE:MODE:      15     -0.00316864     -0.00369131      0.01041800
MINMODE:MODE:      16     -0.00339757     -0.00160973      0.01307119
MINMODE:MODE:      17     -0.00573445     -0.01833795      0.02305568
MINMODE:MODE:      18      0.00489620      0.00753615      0.00024433
MINMODE:MODE:      19      0.03804062      0.02775526      0.00469728
MINMODE:MODE:      20      0.00528676      0.00001320     -0.00045713
MINMODE:MODE:      21      0.00676799     -0.00002068      0.00149907
MINMODE:MODE:      22      0.00577775     -0.00012364      0.00087352
MINMODE:MODE:      23      0.00279750      0.00009804      0.00003671
MINMODE:MODE:      24     -0.00058070      0.00071266     -0.00375191
MINMODE:MODE:      25     -0.00182718      0.00035639     -0.00415899
MINMODE:MODE:      26      0.00822754      0.00697714      0.01602470
MINMODE:MODE:      27      0.00354645      0.00953129      0.00599339
MINMODE:MODE:      28      0.00675052      0.00670105      0.00329091
MINMODE:MODE:      29      0.00436900      0.00322559      0.00313594
MINMODE:MODE:      30      0.00502010      0.00109052      0.00723250
MINMODE:MODE:      31      0.00495543      0.00002402      0.00941178
MINMODE:MODE:      32      0.03563544     -0.01865434      0.01975441
MINMODE:MODE:      33      0.00446627     -0.00006569      0.01016792
MINMODE:MODE:      34      0.00527764      0.01644709      0.01068170
MINMODE:MODE:      35     -0.00021691      0.01573661      0.01197419
MINMODE:MODE:      36      0.01114967     -0.00393825      0.00392462
MINMODE:MODE:      37      0.00417651      0.00073851      0.00486833
MINMODE:MODE:      38     -0.00111180      0.00672963      0.00439062
MINMODE:MODE:      39     -0.00464654      0.00879848      0.00439680
MINMODE:MODE:      40     -0.00467216      0.00415077      0.00289029
MINMODE:MODE:      41     -0.01383150     -0.01318852     -0.00346544
MINMODE:MODE:      42     -0.00487101     -0.00747836      0.00241274
MINMODE:MODE:      43     -0.00001585     -0.00416310      0.00761085
MINMODE:MODE:      44     -0.00093978     -0.00272168      0.01174712
MINMODE:MODE:      45      0.00367705      0.00044194      0.01327049
MINMODE:MODE:      46     -0.01601165     -0.02262251      0.03447245
MINMODE:MODE:      47     -0.00586359     -0.00558568      0.02409155
MINMODE:MODE:      48     -0.00254477      0.01735091     -0.00725085
MINMODE:MODE:      49     -0.00515430      0.00414022      0.00154384
MINMODE:MODE:      50      0.00574638     -0.00004984      0.00418328
MINMODE:MODE:      51      0.00647200     -0.00005334      0.00296353
MINMODE:MODE:      52      0.00295307     -0.00017083      0.00152839
MINMODE:MODE:      53     -0.00209198      0.00138813     -0.00514352
MINMODE:MODE:      54     -0.00462652     -0.00083403     -0.01004384
MINMODE:MODE:      55     -0.00832397     -0.00081078      0.01995024
MINMODE:MODE:      56      0.00465457      0.00543330      0.00369004
MINMODE:MODE:      57      0.00277120      0.00252735      0.00439462
MINMODE:MODE:      58      0.00244434     -0.00021134      0.00949014
MINMODE:MODE:      59     -0.00052017     -0.00022506      0.00828613
MINMODE:MODE:      60     -0.00223282      0.09169897      0.07769934
MINMODE:MODE:      61     -0.00469012      0.08205364      0.02071389
MINMODE:MODE:      62     -0.00721519     -0.03247440      0.00457825
MINMODE:MODE:      63     -0.00265053     -0.00260822     -0.00387752
MINMODE:MODE:      64     -0.05664728     -0.08922411     -0.25101578
MINMODE:MODE:      65     -0.11517247     -0.30576609     -0.39025135
MINMODE:MODE:      66     -0.01914526     -0.06081773     -0.10277394
MINMODE:MODE:      67     -0.03789081     -0.04351912     -0.03255713
MINMODE:MODE:      68     -0.00469742     -0.02303841     -0.00661402
MINMODE:MODE:      69      0.01369143      0.00648587     -0.02986295
MINMODE:MODE:      70      0.04071581     -0.00469233     -0.07940452
MINMODE:MODE:      71      0.04473279     -0.04112215     -0.10179209
MINMODE:MODE:      72     -0.00467156      0.00075504      0.08916430
MINMODE:MODE:      73      0.05115067      0.43750118      0.57917119
MINMODE:MODE:      74     -0.03600758      0.01716012      0.05188591
MINMODE:MODE:      75     -0.03380329     -0.07098736     -0.01163166
MINMODE:MODE:      76     -0.00448734     -0.02113923      0.01870379
MINMODE:MODE:      77      0.01340286      0.03323831     -0.01711836
MINMODE:MODE:      78      0.04609179      0.01009406     -0.08473673
MINMODE:MODE:      79      0.04112233     -0.03909342     -0.10893252
MINMODE:MODE: Optimization Step: 102
MINMODE:MODE: Order: 0
MINMODE:MODE:       0     -0.00630713      0.08232100     -0.01552038
MINMODE:MODE:       1      0.00852608     -0.05191871      0.01404679
MINMODE:MODE:       2      0.01560568     -0.01721431      0.01124215
MINMODE:MODE:       3     -0.00282131      0.00790814      0.01334711
MINMODE:MODE:       4     -0.03115458      0.01358132      0.02205725
MINMODE:MODE:       5      0.00742012     -0.00380503      0.00255096
MINMODE:MODE:       6      0.00980536     -0.00190833      0.00269113
MINMODE:MODE:       7      0.00492603      0.00034451      0.00396998
MINMODE:MODE:       8      0.00103039      0.00406709      0.00359459
MINMODE:MODE:       9     -0.00153958      0.00505103      0.00341218
MINMODE:MODE:      10      0.00016682      0.00274332      0.00360979
MINMODE:MODE:      11     -0.00758205     -0.00666680      0.01393915
MINMODE:MODE:      12     -0.00717531     -0.00917366      0.00332742
MINMODE:MODE:      13     -0.00580784     -0.00786564      0.00393124
MINMODE:MODE:      14     -0.00237300     -0.00472219      0.00650121
MINMODE:MODE:      15     -0.00344513     -0.00365668      0.01028837
MINMODE:MODE:      16     -0.00364393     -0.00158937      0.01296179
MINMODE:MODE:      17     -0.00569828     -0.01823445      0.02319952
MINMODE:MODE:      18      0.00487653      0.00760930      0.00037559
MINMODE:MODE:      19      0.03807436      0.02788932      0.00498239
MINMODE:MODE:      20      0.00515449      0.00004165     -0.00039864
MINMODE:MODE:      21      0.00655928     -0.00006246      0.00138844
MINMODE:MODE:      22      0.00554453     -0.00017879      0.00074251
MINMODE:MODE:      23      0.00263493      0.00004375      0.00002464
MINMODE:MODE:      24     -0.00065349      0.00071975     -0.00362046
MINMODE:MODE:      25     -0.00187644      0.00038976     -0.00399821
MINMODE:MODE:      26      0.00838444      0.00701980      0.01609637
MINMODE:MODE:      27      0.00360672      0.00946768      0.00621964
MINMODE:MODE:      28      0.00679504      0.00661642      0.00353021
MINMODE:MODE:      29      0.00452826      0.00321178      0.00320355
MINMODE:MODE:      30      0.00527391      0.00116930      0.00714283
MINMODE:MODE:      31      0.00519688      0.00012133      0.00932687
MINMODE:MODE:      32      0.03566589     -0.01860026      0.01970106
MINMODE:MODE:      33      0.00446581      0.00000261      0.01007876
MINMODE:MODE:      34      0.00507434      0.01659708      0.01060952
MINMODE:MODE:      35     -0.00030420      0.01595535      0.01181287
MINMODE:MODE:      36      0.01106945     -0.00382331      0.00389876
MINMODE:MODE:      37      0.00415206      0.00073106      0.00486010
MINMODE:MODE:      38     -0.00091506      0.00651863      0.00435047
MINMODE:MODE:      39     -0.00427042      0.00846790      0.00432989
MINMODE:MODE:      40     -0.00435573      0.00391504      0.00281971
MINMODE:MODE:      41     -0.01388974     -0.01305614     -0.00330017
MINMODE:MODE:      42     -0.00496734     -0.00732532      0.00258090
MINMODE:MODE:      43     -0.00023405     -0.00406832      0.00756249
MINMODE:MODE:      44     -0.00127308     -0.00271280      0.01152269
MINMODE:MODE:      45      0.00345182      0.00043389      0.01306154
MINMODE:MODE:      46     -0.01593720     -0.02263705      0.03485013
MINMODE:MODE:      47     -0.00573192     -0.00532297      0.02423322
MINMODE:MODE:      48     -0.00257243      0.01744407     -0.00719036
MINMODE:MODE:      49     -0.00521204      0.00418382      0.00168540
MINMODE:MODE:      50      0.00553111     -0.00009626      0.00393617
MINMODE:MODE:      51      0.00616495     -0.00013609      0.00271822
MINMODE:MODE:      52      0.00277214     -0.00024316      0.00150676
MINMODE:MODE:      53     -0.00209853      0.00139713     -0.00492385
MINMODE:MODE:      54     -0.00458451     -0.00081723     -0.00978573
MINMODE:MODE:      55     -0.00833180     -0.00090502      0.02019810
MINMODE:MODE:      56      0.00462645      0.00528175      0.00406352
MINMODE:MODE:      57      0.00294299      0.00250778      0.00444956
MINMODE:MODE:      58      0.00278162     -0.00006772      0.00928068
MINMODE:MODE:      59     -0.00020806     -0.00006192      0.00809158
MINMODE:MODE:      60     -0.00238768      0.09252435      0.07836919
MINMODE:MODE:      61     -0.00482018      0.08239972      0.02077885
MINMODE:MODE:      62     -0.00725113     -0.03227466      0.00616923
MINMODE:MODE:      63     -0.00266937     -0.00185848     -0.00262895
MINMODE:MODE:      64     -0.05725394     -0.08906991     -0.25049179
MINMODE:MODE:      65     -0.11594331     -0.30572390     -0.39125354
MINMODE:MODE:      66     -0.01977262     -0.06145701     -0.10341324
MINMODE:MODE:      67     -0.03846457     -0.04403570     -0.03313394
MINMODE:MODE:      68     -0.00466816     -0.02322286     -0.00666411
MINMODE:MODE:      69      0.01411869      0.00648822     -0.02998890
MINMODE:MODE:      70      0.04156264     -0.00485932     -0.07964283
MINMODE:MODE:      71      0.04521428     -0.04156147     -0.10225974
MINMODE:MODE:      72     -0.00482337      0.00062776      0.08868562
MINMODE:MODE:      73      0.05235632      0.43645424      0.57776523
MINMODE:MODE:      74     -0.03735146      0.01762889      0.05148749
MINMODE:MODE:      75     -0.03465138     -0.07163182     -0.01204394
MINMODE:MODE:      76     -0.00451204     -0.02123183      0.01900735
MINMODE:MODE:      77      0.01393102      0.03355023     -0.01707531
MINMODE:MODE:      78      0.04743652      0.01012306     -0.08505377
MINMODE:MODE:      79      0.04210548     -0.03975189     -0.10978087
MINMODE:MODE: Optimization Step: 103
MINMODE:MODE: Order: 0
MINMODE:MODE:       0     -0.00618327      0.08249727     -0.01470075
MINMODE:MODE:       1      0.00836229     -0.05193958      0.01357135
MINMODE:MODE:       2      0.01550571     -0.01714269      0.01106778
MINMODE:MODE:       3     -0.00292807      0.00800203      0.01323721
MINMODE:MODE:       4     -0.03110978      0.01372256      0.02218235
MINMODE:MODE:       5      0.00756403     -0.00385599      0.00256426
MINMODE:MODE:       6      0.00982771     -0.00190823      0.00269611
MINMODE:MODE:       7      0.00497152      0.00028396      0.00396089
MINMODE:MODE:       8      0.00119385      0.00390067      0.00355609
MINMODE:MODE:       9     -0.00128087      0.00483661      0.00336928
MINMODE:MODE:      10      0.00041493      0.00258435      0.00356059
MINMODE:MODE:      11     -0.00773631     -0.00660520      0.01391714
MINMODE:MODE:      12     -0.00726489     -0.00906105      0.00339717
MINMODE:MODE:      13     -0.00591859     -0.00774719      0.00398450
MINMODE:MODE:      14     -0.00255313     -0.00464250      0.00644801
MINMODE:MODE:      15     -0.00368397     -0.00361890      0.01015661
MINMODE:MODE:      16     -0.00385964     -0.00156632      0.01284484
MINMODE:MODE:      17     -0.00568112     -0.01812639      0.02320554
MINMODE:MODE:      18      0.00485035      0.00765434      0.00048954
MINMODE:MODE:      19      0.03799561      0.02799352      0.00514831
MINMODE:MODE:      20      0.00502396      0.00006916     -0.00034421
MINMODE:MODE:      21      0.00635883     -0.00010013      0.00129069
MINMODE:MODE:      22      0.00532387     -0.00022737      0.00062919
MINMODE:MODE:      23      0.00248067     -0.00000091      0.00001787
MINMODE:MODE:      24     -0.00072038      0.00072826     -0.00349278
MINMODE:MODE:      25     -0.00192192      0.00042311     -0.00384571
MINMODE:MODE:      26      0.00850531      0.00703885      0.01614970
MINMODE:MODE:      27      0.00366641      0.00940077      0.00639757
MINMODE:MODE:      28      0.00682391      0.00652059      0.00374139
MINMODE:MODE:      29      0.00465938      0.00318952      0.00326236
MINMODE:MODE:      30      0.00549199      0.00123562      0.00705357
MINMODE:MODE:      31      0.00540706      0.00020000      0.00924400
MINMODE:MODE:      32      0.03562332     -0.01851896      0.01960710
MINMODE:MODE:      33      0.00437700      0.00010011      0.00992427
MINMODE:MODE:      34      0.00489761      0.01670967      0.01051017
MINMODE:MODE:      35     -0.00038169      0.01610559      0.01164197
MINMODE:MODE:      36      0.01098299     -0.00371104      0.00387284
MINMODE:MODE:      37      0.00412510      0.00072335      0.00485123
MINMODE:MODE:      38     -0.00073524      0.00631943      0.00430918
MINMODE:MODE:      39     -0.00392097      0.00816549      0.00426640
MINMODE:MODE:      40     -0.00406306      0.00369956      0.00274923
MINMODE:MODE:      41     -0.01392204     -0.01290146     -0.00314483
MINMODE:MODE:      42     -0.00504131     -0.00717262      0.00271999
MINMODE:MODE:      43     -0.00042396     -0.00397862      0.00750017
MINMODE:MODE:      44     -0.00156414     -0.00270288      0.01130278
MINMODE:MODE:      45      0.00324322      0.00042484      0.01285017
MINMODE:MODE:      46     -0.01584336     -0.02261466      0.03511512
MINMODE:MODE:      47     -0.00557960     -0.00499969      0.02423349
MINMODE:MODE:      48     -0.00258663      0.01746327     -0.00711035
MINMODE:MODE:      49     -0.00526050      0.00419951      0.00180076
MINMODE:MODE:      50      0.00532367     -0.00013753      0.00371280
MINMODE:MODE:      51      0.00587506     -0.00020768      0.00250094
MINMODE:MODE:      52      0.00259997     -0.00030458      0.00148842
MINMODE:MODE:      53     -0.00210542      0.00140652     -0.00471578
MINMODE:MODE:      54     -0.00454325     -0.00079413     -0.00954037
MINMODE:MODE:      55     -0.00837550     -0.00101526      0.02039606
MINMODE:MODE:      56      0.00459665      0.00513798      0.00438078
MINMODE:MODE:      57      0.00308989      0.00248377      0.00448987
MINMODE:MODE:      58      0.00307253      0.00006152      0.00907576
MINMODE:MODE:      59      0.00007630      0.00008676      0.00790130
MINMODE:MODE:      60     -0.00248668      0.09305203      0.07892352
MINMODE:MODE:      61     -0.00489702      0.08227611      0.02064039
MINMODE:MODE:      62     -0.00726451     -0.03190056      0.00748405
MINMODE:MODE:      63     -0.00267862     -0.00138610     -0.00159991
MINMODE:MODE:      64     -0.05842072     -0.08762730     -0.25136996
MINMODE:MODE:      65     -0.11610085     -0.30709199     -0.39105835
MINMODE:MODE:      66     -0.02024241     -0.06180796     -0.10345872
MINMODE:MODE:      67     -0.03883443     -0.04440768     -0.03346395
MINMODE:MODE:      68     -0.00476240     -0.02334444     -0.00673264
MINMODE:MODE:      69      0.01444042      0.00647741     -0.03000138
MINMODE:MODE:      70      0.04218034     -0.00501484     -0.07956577
MINMODE:MODE:      71      0.04563186     -0.04173222     -0.10229647
MINMODE:MODE:      72     -0.00482537      0.00053231      0.08885478
MINMODE:MODE:      73      0.05433738      0.43555949      0.57656799
MINMODE:MODE:      74     -0.03908420      0.01825694      0.05098033
MINMODE:MODE:      75     -0.03531481     -0.07193673     -0.01233041
MINMODE:MODE:      76     -0.00453249     -0.02127557      0.01923179
MINMODE:MODE:      77      0.01435165      0.03368583     -0.01697524
MINMODE:MODE:      78      0.04850514      0.01010208     -0.08506391
MINMODE:MODE:      79      0.04287560     -0.04018383     -0.11021606
MINMODE:MODE: Optimization Step: 104
MINMODE:MODE: Order: 0
MINMODE:MODE:       0     -0.00604236      0.08281229     -0.01429777
MINMODE:MODE:       1      0.00826939     -0.05197117      0.01338849
MINMODE:MODE:       2      0.01541945     -0.01707932      0.01090041
MINMODE:MODE:       3     -0.00303122      0.00810903      0.01311704
MINMODE:MODE:       4     -0.03107300      0.01386135      0.02229126
MINMODE:MODE:       5      0.00770421     -0.00390054      0.00257405
MINMODE:MODE:       6      0.00986057     -0.00191029      0.00269529
MINMODE:MODE:       7      0.00502669      0.00022824      0.00395723
MINMODE:MODE:       8      0.00135639      0.00373919      0.00352113
MINMODE:MODE:       9     -0.00101896      0.00462528      0.00332984
MINMODE:MODE:      10      0.00066007      0.00242182      0.00351763
MINMODE:MODE:      11     -0.00787659     -0.00654155      0.01390633
MINMODE:MODE:      12     -0.00734848     -0.00895439      0.00346989
MINMODE:MODE:      13     -0.00602720     -0.00763445      0.00403747
MINMODE:MODE:      14     -0.00273304     -0.00456162      0.00639677
MINMODE:MODE:      15     -0.00392101     -0.00358061      0.01002271
MINMODE:MODE:      16     -0.00407290     -0.00153680      0.01273022
MINMODE:MODE:      17     -0.00566880     -0.01801713      0.02322069
MINMODE:MODE:      18      0.00482937      0.00769698      0.00058509
MINMODE:MODE:      19      0.03796950      0.02810727      0.00525000
MINMODE:MODE:      20      0.00490677      0.00009831     -0.00029253
MINMODE:MODE:      21      0.00616308     -0.00012772      0.00118947
MINMODE:MODE:      22      0.00510204     -0.00027310      0.00051771
MINMODE:MODE:      23      0.00232652     -0.00004131      0.00001492
MINMODE:MODE:      24     -0.00079476      0.00073562     -0.00336401
MINMODE:MODE:      25     -0.00197239      0.00044897     -0.00369593
MINMODE:MODE:      26      0.00863007      0.00706261      0.01621840
MINMODE:MODE:      27      0.00370869      0.00935224      0.00657969
MINMODE:MODE:      28      0.00684989      0.00643840      0.00394124
MINMODE:MODE:      29      0.00478305      0.00317011      0.00331854
MINMODE:MODE:      30      0.00570936      0.00130032      0.00696727
MINMODE:MODE:      31      0.00561806      0.00026984      0.00916863
MINMODE:MODE:      32      0.03559040     -0.01846193      0.01949741
MINMODE:MODE:      33      0.00425646      0.00021710      0.00975597
MINMODE:MODE:      34      0.00474302      0.01683467      0.01039762
MINMODE:MODE:      35     -0.00046369      0.01622826      0.01147411
MINMODE:MODE:      36      0.01090562     -0.00359859      0.00384813
MINMODE:MODE:      37      0.00410175      0.00071820      0.00484911
MINMODE:MODE:      38     -0.00055702      0.00612369      0.00427206
MINMODE:MODE:      39     -0.00357641      0.00786871      0.00421129
MINMODE:MODE:      40     -0.00377510      0.00348345      0.00268480
MINMODE:MODE:      41     -0.01394943     -0.01275407     -0.00299498
MINMODE:MODE:      42     -0.00511092     -0.00702412      0.00285441
MINMODE:MODE:      43     -0.00061273     -0.00389259      0.00744126
MINMODE:MODE:      44     -0.00185476     -0.00269072      0.01108841
MINMODE:MODE:      45      0.00303163      0.00042225      0.01264241
MINMODE:MODE:      46     -0.01578117     -0.02262707      0.03535962
MINMODE:MODE:      47     -0.00541810     -0.00465888      0.02421454
MINMODE:MODE:      48     -0.00259212      0.01747784     -0.00703017
MINMODE:MODE:      49     -0.00529701      0.00420528      0.00190726
MINMODE:MODE:      50      0.00511535     -0.00017248      0.00349601
MINMODE:MODE:      51      0.00558715     -0.00027233      0.00228924
MINMODE:MODE:      52      0.00242574     -0.00036366      0.00147410
MINMODE:MODE:      53     -0.00211934      0.00141451     -0.00450505
MINMODE:MODE:      54     -0.00451043     -0.00077412     -0.00929571
MINMODE:MODE:      55     -0.00840418     -0.00112560      0.02059589
MINMODE:MODE:      56      0.00456509      0.00499593      0.00468967
MINMODE:MODE:      57      0.00323310      0.00245822      0.00453179
MINMODE:MODE:      58      0.00336587      0.00018123      0.00887403
MINMODE:MODE:      59      0.00036071      0.00022353      0.00770973
MINMODE:MODE:      60     -0.00253103      0.09337012      0.07961966
MINMODE:MODE:      61     -0.00498882      0.08212392      0.02026385
MINMODE:MODE:      62     -0.00724825     -0.03127744      0.00848152
MINMODE:MODE:      63     -0.00275152     -0.00133970     -0.00036693
MINMODE:MODE:      64     -0.05935057     -0.08786863     -0.25156225
MINMODE:MODE:      65     -0.11700914     -0.30664016     -0.39151798
MINMODE:MODE:      66     -0.02067575     -0.06212979     -0.10370099
MINMODE:MODE:      67     -0.03926813     -0.04466773     -0.03381133
MINMODE:MODE:      68     -0.00478808     -0.02344930     -0.00672642
MINMODE:MODE:      69      0.01475501      0.00645040     -0.02997312
MINMODE:MODE:      70      0.04278822     -0.00510067     -0.07943051
MINMODE:MODE:      71      0.04595555     -0.04195878     -0.10223454
MINMODE:MODE:      72     -0.00483886      0.00045959      0.08911493
MINMODE:MODE:      73      0.05622667      0.43497517      0.57564265
MINMODE:MODE:      74     -0.04023178      0.01849563      0.05034923
MINMODE:MODE:      75     -0.03594207     -0.07224573     -0.01268527
MINMODE:MODE:      76     -0.00457405     -0.02134686      0.01943807
MINMODE:MODE:      77      0.01476736      0.03382013     -0.01688193
MINMODE:MODE:      78      0.04952440      0.01010215     -0.08496824
MINMODE:MODE:      79      0.04360889     -0.04055688     -0.11056053
MINMODE:MODE: Optimization Step: 105
MINMODE:MODE: Order: 0
MINMODE:MODE:       0     -0.00585840      0.08302657     -0.01384908
MINMODE:MODE:       1      0.00818749     -0.05200541      0.01337141
MINMODE:MODE:       2      0.01536685     -0.01705203      0.01076478
MINMODE:MODE:       3     -0.00313577      0.00822078      0.01300752
MINMODE:MODE:       4     -0.03102097      0.01402000      0.02237793
MINMODE:MODE:       5      0.00783920     -0.00386063      0.00259540
MINMODE:MODE:       6      0.00990801     -0.00190320      0.00270003
MINMODE:MODE:       7      0.00508563      0.00017540      0.00396269
MINMODE:MODE:       8      0.00151958      0.00359181      0.00349594
MINMODE:MODE:       9     -0.00075607      0.00443192      0.00330115
MINMODE:MODE:      10      0.00091386      0.00229683      0.00348224
MINMODE:MODE:      11     -0.00801375     -0.00648550      0.01392066
MINMODE:MODE:      12     -0.00743358     -0.00885794      0.00354300
MINMODE:MODE:      13     -0.00613798     -0.00753104      0.00409656
MINMODE:MODE:      14     -0.00291108     -0.00448950      0.00635229
MINMODE:MODE:      15     -0.00416047     -0.00354628      0.00990478
MINMODE:MODE:      16     -0.00428518     -0.00150997      0.01263925
MINMODE:MODE:      17     -0.00565679     -0.01795823      0.02328717
MINMODE:MODE:      18      0.00482077      0.00770669      0.00068915
MINMODE:MODE:      19      0.03793140      0.02823648      0.00528856
MINMODE:MODE:      20      0.00479286      0.00013040     -0.00025129
MINMODE:MODE:      21      0.00597962     -0.00015357      0.00109612
MINMODE:MODE:      22      0.00489127     -0.00031808      0.00040922
MINMODE:MODE:      23      0.00217633     -0.00007756      0.00001822
MINMODE:MODE:      24     -0.00087289      0.00074545     -0.00323959
MINMODE:MODE:      25     -0.00203039      0.00047942     -0.00355281
MINMODE:MODE:      26      0.00878911      0.00710492      0.01631823
MINMODE:MODE:      27      0.00377318      0.00931470      0.00675866
MINMODE:MODE:      28      0.00688388      0.00636957      0.00413652
MINMODE:MODE:      29      0.00490752      0.00315412      0.00337248
MINMODE:MODE:      30      0.00593431      0.00136401      0.00689810
MINMODE:MODE:      31      0.00583861      0.00033847      0.00910956
MINMODE:MODE:      32      0.03559574     -0.01843512      0.01938189
MINMODE:MODE:      33      0.00414032      0.00034389      0.00960599
MINMODE:MODE:      34      0.00458891      0.01696494      0.01030355
MINMODE:MODE:      35     -0.00056336      0.01633217      0.01132178
MINMODE:MODE:      36      0.01084661     -0.00349470      0.00382682
MINMODE:MODE:      37      0.00408671      0.00071306      0.00485325
MINMODE:MODE:      38     -0.00038342      0.00594244      0.00424432
MINMODE:MODE:      39     -0.00324198      0.00759275      0.00416889
MINMODE:MODE:      40     -0.00349336      0.00328036      0.00262199
MINMODE:MODE:      41     -0.01399557     -0.01261710     -0.00285470
MINMODE:MODE:      42     -0.00518334     -0.00688743      0.00298714
MINMODE:MODE:      43     -0.00079585     -0.00381353      0.00739181
MINMODE:MODE:      44     -0.00214181     -0.00268256      0.01089410
MINMODE:MODE:      45      0.00282589      0.00042120      0.01245573
MINMODE:MODE:      46     -0.01575661     -0.02266826      0.03563198
MINMODE:MODE:      47     -0.00526373     -0.00433014      0.02421352
MINMODE:MODE:      48     -0.00259243      0.01749654     -0.00695346
MINMODE:MODE:      49     -0.00530912      0.00420487      0.00200143
MINMODE:MODE:      50      0.00491739     -0.00020513      0.00329120
MINMODE:MODE:      51      0.00531299     -0.00033084      0.00208665
MINMODE:MODE:      52      0.00225509     -0.00042070      0.00146492
MINMODE:MODE:      53     -0.00214092      0.00142523     -0.00430125
MINMODE:MODE:      54     -0.00449366     -0.00075157     -0.00906672
MINMODE:MODE:      55     -0.00842541     -0.00121456      0.02078985
MINMODE:MODE:      56      0.00454054      0.00487030      0.00499696
MINMODE:MODE:      57      0.00337217      0.00243467      0.00457854
MINMODE:MODE:      58      0.00365870      0.00029579      0.00869274
MINMODE:MODE:      59      0.00064341      0.00035639      0.00753341
MINMODE:MODE:      60     -0.00261400      0.09360592      0.08005464
MINMODE:MODE:      61     -0.00508443      0.08211206      0.01998194
MINMODE:MODE:      62     -0.00730657     -0.03089980      0.00910306
MINMODE:MODE:      63     -0.00276683     -0.00124163      0.00048093
MINMODE:MODE:      64     -0.06010838     -0.08896519     -0.25118932
MINMODE:MODE:      65     -0.11826260     -0.30497963     -0.39180421
MINMODE:MODE:      66     -0.02130809     -0.06250923     -0.10409314
MINMODE:MODE:      67     -0.03976221     -0.04496691     -0.03438848
MINMODE:MODE:      68     -0.00465284     -0.02353009     -0.00669816
MINMODE:MODE:      69      0.01508614      0.00643475     -0.02993177
MINMODE:MODE:      70      0.04343578     -0.00514988     -0.07919298
MINMODE:MODE:      71      0.04615343     -0.04220880     -0.10202747
MINMODE:MODE:      72     -0.00477088      0.00043339      0.08966409
MINMODE:MODE:      73      0.05814861      0.43511055      0.57495480
MINMODE:MODE:      74     -0.04144110      0.01785704      0.04904204
MINMODE:MODE:      75     -0.03655853     -0.07261636     -0.01313892
MINMODE:MODE:      76     -0.00459299     -0.02138550      0.01964103
MINMODE:MODE:      77      0.01517748      0.03402071     -0.01681286
MINMODE:MODE:      78      0.05055442      0.01015468     -0.08485255
MINMODE:MODE:      79      0.04440358     -0.04105763     -0.11095985
MINMODE:MODE: Optimization Step: 106
MINMODE:MODE: Order: 0
MINMODE:MODE:       0     -0.00568744      0.08295304     -0.01355333
MINMODE:MODE:       1      0.00817734     -0.05189696      0.01359246
MINMODE:MODE:       2      0.01534703     -0.01702128      0.01069751
MINMODE:MODE:       3     -0.00322591      0.00828816      0.01290250
MINMODE:MODE:       4     -0.03092785      0.01412086      0.02242278
MINMODE:MODE:       5      0.00798744     -0.00397910      0.00260408
MINMODE:MODE:       6      0.00993553     -0.00190198      0.00271420
MINMODE:MODE:       7      0.00513511      0.00013605      0.00396892
MINMODE:MODE:       8      0.00166307      0.00345896      0.00347676
MINMODE:MODE:       9     -0.00052941      0.00426243      0.00327177
MINMODE:MODE:      10      0.00112117      0.00217128      0.00345404
MINMODE:MODE:      11     -0.00812100     -0.00641739      0.01391131
MINMODE:MODE:      12     -0.00750059     -0.00875591      0.00360593
MINMODE:MODE:      13     -0.00622727     -0.00743121      0.00414451
MINMODE:MODE:      14     -0.00306393     -0.00442335      0.00630935
MINMODE:MODE:      15     -0.00436597     -0.00351348      0.00979560
MINMODE:MODE:      16     -0.00446204     -0.00148447      0.01254912
MINMODE:MODE:      17     -0.00565201     -0.01791150      0.02337977
MINMODE:MODE:      18      0.00481311      0.00769557      0.00076931
MINMODE:MODE:      19      0.03783650      0.02829130      0.00532580
MINMODE:MODE:      20      0.00468628      0.00015884     -0.00022139
MINMODE:MODE:      21      0.00581470     -0.00017622      0.00101579
MINMODE:MODE:      22      0.00470496     -0.00035549      0.00031340
MINMODE:MODE:      23      0.00204100     -0.00010782      0.00002270
MINMODE:MODE:      24     -0.00094157      0.00075364     -0.00312326
MINMODE:MODE:      25     -0.00207597      0.00050799     -0.00342652
MINMODE:MODE:      26      0.00890891      0.00713177      0.01636549
MINMODE:MODE:      27      0.00383588      0.00927526      0.00689091
MINMODE:MODE:      28      0.00691190      0.00630569      0.00430735
MINMODE:MODE:      29      0.00501633      0.00313966      0.00342035
MINMODE:MODE:      30      0.00612999      0.00141617      0.00683259
MINMODE:MODE:      31      0.00602570      0.00039969      0.00904877
MINMODE:MODE:      32      0.03555738     -0.01838359      0.01925436
MINMODE:MODE:      33      0.00408169      0.00042503      0.00948764
MINMODE:MODE:      34      0.00445781      0.01706759      0.01020989
MINMODE:MODE:      35     -0.00065700      0.01639352      0.01117542
MINMODE:MODE:      36      0.01078829     -0.00340282      0.00380750
MINMODE:MODE:      37      0.00407240      0.00071075      0.00485419
MINMODE:MODE:      38     -0.00022969      0.00578135      0.00422047
MINMODE:MODE:      39     -0.00294106      0.00735067      0.00413413
MINMODE:MODE:      40     -0.00324232      0.00310221      0.00256699
MINMODE:MODE:      41     -0.01402309     -0.01248158     -0.00273351
MINMODE:MODE:      42     -0.00524168     -0.00676267      0.00309818
MINMODE:MODE:      43     -0.00095585     -0.00374292      0.00734325
MINMODE:MODE:      44     -0.00239388     -0.00267387      0.01071615
MINMODE:MODE:      45      0.00264198      0.00041919      0.01228378
MINMODE:MODE:      46     -0.01571616     -0.02267510      0.03582612
MINMODE:MODE:      47     -0.00513369     -0.00406879      0.02422554
MINMODE:MODE:      48     -0.00258672      0.01748220     -0.00687513
MINMODE:MODE:      49     -0.00530425      0.00419635      0.00208154
MINMODE:MODE:      50      0.00473818     -0.00023090      0.00311107
MINMODE:MODE:      51      0.00506886     -0.00037949      0.00190794
MINMODE:MODE:      52      0.00210114     -0.00047018      0.00145797
MINMODE:MODE:      53     -0.00216191      0.00143385     -0.00411695
MINMODE:MODE:      54     -0.00448028     -0.00072038     -0.00886239
MINMODE:MODE:      55     -0.00844067     -0.00129245      0.02093308
MINMODE:MODE:      56      0.00451809      0.00476294      0.00526193
MINMODE:MODE:      57      0.00349131      0.00241398      0.00462068
MINMODE:MODE:      58      0.00391622      0.00039406      0.00853213
MINMODE:MODE:      59      0.00089179      0.00047241      0.00737299
MINMODE:MODE:      60     -0.00271381      0.09382975      0.07986293
MINMODE:MODE:      61     -0.00516176      0.08218831      0.02013014
MINMODE:MODE:      62     -0.00740311     -0.03089832      0.00947954
MINMODE:MODE:      63     -0.00268502     -0.00089210      0.00071155
MINMODE:MODE:      64     -0.06127946     -0.08846779     -0.25185946
MINMODE:MODE:      65     -0.11877846     -0.30496000     -0.39090185
MINMODE:MODE:      66     -0.02175220     -0.06260231     -0.10420937
MINMODE:MODE:      67     -0.04009434     -0.04524354     -0.03463344
MINMODE:MODE:      68     -0.00470369     -0.02360456     -0.00672985
MINMODE:MODE:      69      0.01536795      0.00639777     -0.02981357
MINMODE:MODE:      70      0.04391304     -0.00523757     -0.07884338
MINMODE:MODE:      71      0.04635793     -0.04227191     -0.10183090
MINMODE:MODE:      72     -0.00479616      0.00028878      0.08977657
MINMODE:MODE:      73      0.05996839      0.43545796      0.57445062
MINMODE:MODE:      74     -0.04254874      0.01710618      0.04769065
MINMODE:MODE:      75     -0.03708711     -0.07279509     -0.01344744
MINMODE:MODE:      76     -0.00460229     -0.02139420      0.01982439
MINMODE:MODE:      77      0.01547647      0.03408628     -0.01666997
MINMODE:MODE:      78      0.05138644      0.01017237     -0.08457554
MINMODE:MODE:      79      0.04500804     -0.04137154     -0.11109517
MINMODE:MODE: Optimization Step: 107
MINMODE:MODE: Order: 0
MINMODE:MODE:       0     -0.00555949      0.08290289     -0.01394586
MINMODE:MODE:       1      0.00820531     -0.05172757      0.01378698
MINMODE:MODE:       2      0.01531985     -0.01696094      0.01064101
MINMODE:MODE:       3     -0.00330181      0.00832197      0.01279013
MINMODE:MODE:       4     -0.03081578      0.01418276      0.02245235
MINMODE:MODE:       5      0.00811474     -0.00404750      0.00260716
MINMODE:MODE:       6      0.00995924     -0.00190924      0.00271564
MINMODE:MODE:       7      0.00517805      0.00009707      0.00396806
MINMODE:MODE:       8      0.00180214      0.00332511      0.00345177
MINMODE:MODE:       9     -0.00031342      0.00408753      0.00324028
MINMODE:MODE:      10      0.00132324      0.00202624      0.00341939
MINMODE:MODE:      11     -0.00819917     -0.00634032      0.01387980
MINMODE:MODE:      12     -0.00754895     -0.00864342      0.00366903
MINMODE:MODE:      13     -0.00630325     -0.00732266      0.00418410
MINMODE:MODE:      14     -0.00320594     -0.00435137      0.00625747
MINMODE:MODE:      15     -0.00455290     -0.00347633      0.00967087
MINMODE:MODE:      16     -0.00461905     -0.00145111      0.01243849
MINMODE:MODE:      17     -0.00562740     -0.01782416      0.02345438
MINMODE:MODE:      18      0.00480748      0.00768623      0.00084564
MINMODE:MODE:      19      0.03773259      0.02829787      0.00542863
MINMODE:MODE:      20      0.00459042      0.00018052     -0.00018768
MINMODE:MODE:      21      0.00565075     -0.00019499      0.00092978
MINMODE:MODE:      22      0.00451841     -0.00039032      0.00021733
MINMODE:MODE:      23      0.00190555     -0.00013679      0.00002673
MINMODE:MODE:      24     -0.00100696      0.00075820     -0.00300620
MINMODE:MODE:      25     -0.00211777      0.00053025     -0.00330242
MINMODE:MODE:      26      0.00898957      0.00713620      0.01638313
MINMODE:MODE:      27      0.00388720      0.00923028      0.00699546
MINMODE:MODE:      28      0.00693120      0.00623346      0.00445870
MINMODE:MODE:      29      0.00511354      0.00312054      0.00346181
MINMODE:MODE:      30      0.00630903      0.00146525      0.00675361
MINMODE:MODE:      31      0.00619274      0.00045283      0.00897643
MINMODE:MODE:      32      0.03546066     -0.01830240      0.01910977
MINMODE:MODE:      33      0.00407552      0.00046838      0.00938682
MINMODE:MODE:      34      0.00433598      0.01714914      0.01009709
MINMODE:MODE:      35     -0.00073573      0.01643065      0.01101416
MINMODE:MODE:      36      0.01072431     -0.00331003      0.00378978
MINMODE:MODE:      37      0.00405347      0.00071173      0.00485308
MINMODE:MODE:      38     -0.00007916      0.00561836      0.00419447
MINMODE:MODE:      39     -0.00264841      0.00710480      0.00409743
MINMODE:MODE:      40     -0.00300015      0.00291939      0.00251780
MINMODE:MODE:      41     -0.01403014     -0.01233426     -0.00261424
MINMODE:MODE:      42     -0.00528758     -0.00663104      0.00319648
MINMODE:MODE:      43     -0.00110885     -0.00366943      0.00728483
MINMODE:MODE:      44     -0.00263220     -0.00266078      0.01052384
MINMODE:MODE:      45      0.00245928      0.00041804      0.01209833
MINMODE:MODE:      46     -0.01563757     -0.02263368      0.03595124
MINMODE:MODE:      47     -0.00501140     -0.00384445      0.02424163
MINMODE:MODE:      48     -0.00257197      0.01743329     -0.00678609
MINMODE:MODE:      49     -0.00530409      0.00418311      0.00214806
MINMODE:MODE:      50      0.00455676     -0.00025240      0.00293452
MINMODE:MODE:      51      0.00482418     -0.00042420      0.00173236
MINMODE:MODE:      52      0.00194645     -0.00051629      0.00145165
MINMODE:MODE:      53     -0.00218194      0.00143980     -0.00392914
MINMODE:MODE:      54     -0.00446799     -0.00068481     -0.00865533
MINMODE:MODE:      55     -0.00845490     -0.00137466      0.02104822
MINMODE:MODE:      56      0.00448811      0.00465045      0.00550384
MINMODE:MODE:      57      0.00359915      0.00239004      0.00465829
MINMODE:MODE:      58      0.00415906      0.00048676      0.00836241
MINMODE:MODE:      59      0.00113169      0.00058306      0.00720509
MINMODE:MODE:      60     -0.00276031      0.09375810      0.07982385
MINMODE:MODE:      61     -0.00522712      0.08199676      0.02006045
MINMODE:MODE:      62     -0.00744419     -0.03055471      0.00956005
MINMODE:MODE:      63     -0.00265925     -0.00091468      0.00108786
MINMODE:MODE:      64     -0.06264644     -0.08753386     -0.25292242
MINMODE:MODE:      65     -0.11918850     -0.30552991     -0.38995993
MINMODE:MODE:      66     -0.02196782     -0.06252165     -0.10396289
MINMODE:MODE:      67     -0.04030923     -0.04534618     -0.03465732
MINMODE:MODE:      68     -0.00487630     -0.02362874     -0.00673389
MINMODE:MODE:      69      0.01558828      0.00634810     -0.02960983
MINMODE:MODE:      70      0.04428501     -0.00532578     -0.07837648
MINMODE:MODE:      71      0.04656821     -0.04221004     -0.10144218
MINMODE:MODE:      72     -0.00492097      0.00000890      0.08960646
MINMODE:MODE:      73      0.06189556      0.43578072      0.57404748
MINMODE:MODE:      74     -0.04346093      0.01659880      0.04657245
MINMODE:MODE:      75     -0.03754167     -0.07278698     -0.01363362
MINMODE:MODE:      76     -0.00463324     -0.02139893      0.01997842
MINMODE:MODE:      77      0.01570901      0.03402703     -0.01645929
MINMODE:MODE:      78      0.05208122      0.01013167     -0.08409533
MINMODE:MODE:      79      0.04548696     -0.04150568     -0.11096224
MINMODE:MODE: Optimization Step: 108
MINMODE:MODE: Order: 0
MINMODE:MODE:       0     -0.00543241      0.08294401     -0.01458723
MINMODE:MODE:       1      0.00821839     -0.05155602      0.01401268
MINMODE:MODE:       2      0.01528545     -0.01688251      0.01060004
MINMODE:MODE:       3     -0.00336672      0.00835580      0.01269432
MINMODE:MODE:       4     -0.03076157      0.01419896      0.02250690
MINMODE:MODE:       5      0.00822280     -0.00410665      0.00260169
MINMODE:MODE:       6      0.00998441     -0.00191451      0.00271083
MINMODE:MODE:       7      0.00521701      0.00005961      0.00396288
MINMODE:MODE:       8      0.00192893      0.00320044      0.00342779
MINMODE:MODE:       9     -0.00010975      0.00392002      0.00321020
MINMODE:MODE:      10      0.00151269      0.00189055      0.00338929
MINMODE:MODE:      11     -0.00824465     -0.00625660      0.01384591
MINMODE:MODE:      12     -0.00757983     -0.00852881      0.00372556
MINMODE:MODE:      13     -0.00636980     -0.00721673      0.00421458
MINMODE:MODE:      14     -0.00333349     -0.00427983      0.00620357
MINMODE:MODE:      15     -0.00471533     -0.00343777      0.00953774
MINMODE:MODE:      16     -0.00474662     -0.00141566      0.01231759
MINMODE:MODE:      17     -0.00558232     -0.01771322      0.02354151
MINMODE:MODE:      18      0.00481299      0.00769733      0.00089869
MINMODE:MODE:      19      0.03772598      0.02830510      0.00567390
MINMODE:MODE:      20      0.00451795      0.00019300     -0.00015034
MINMODE:MODE:      21      0.00550088     -0.00021320      0.00084901
MINMODE:MODE:      22      0.00434303     -0.00042171      0.00012535
MINMODE:MODE:      23      0.00177841     -0.00016530      0.00002956
MINMODE:MODE:      24     -0.00106672      0.00076002     -0.00289863
MINMODE:MODE:      25     -0.00215716      0.00054886     -0.00318131
MINMODE:MODE:      26      0.00901585      0.00711413      0.01640770
MINMODE:MODE:      27      0.00392572      0.00917691      0.00707269
MINMODE:MODE:      28      0.00694449      0.00615964      0.00457639
MINMODE:MODE:      29      0.00519714      0.00309861      0.00349471
MINMODE:MODE:      30      0.00646375      0.00151227      0.00666296
MINMODE:MODE:      31      0.00632761      0.00050039      0.00889317
MINMODE:MODE:      32      0.03535162     -0.01820686      0.01896601
MINMODE:MODE:      33      0.00411980      0.00046792      0.00930607
MINMODE:MODE:      34      0.00422191      0.01723677      0.00998553
MINMODE:MODE:      35     -0.00079491      0.01646053      0.01085888
MINMODE:MODE:      36      0.01066692     -0.00322311      0.00377142
MINMODE:MODE:      37      0.00403451      0.00071278      0.00485478
MINMODE:MODE:      38      0.00006362      0.00546386      0.00417221
MINMODE:MODE:      39     -0.00237344      0.00687212      0.00406313
MINMODE:MODE:      40     -0.00277386      0.00274535      0.00247107
MINMODE:MODE:      41     -0.01402832     -0.01219680     -0.00249998
MINMODE:MODE:      42     -0.00532463     -0.00650226      0.00328274
MINMODE:MODE:      43     -0.00124752     -0.00359646      0.00722436
MINMODE:MODE:      44     -0.00284517     -0.00264663      0.01033266
MINMODE:MODE:      45      0.00228682      0.00041788      0.01191872
MINMODE:MODE:      46     -0.01554096     -0.02255297      0.03603450
MINMODE:MODE:      47     -0.00491075     -0.00367360      0.02428055
MINMODE:MODE:      48     -0.00254274      0.01738914     -0.00671030
MINMODE:MODE:      49     -0.00532618      0.00417369      0.00220603
MINMODE:MODE:      50      0.00438682     -0.00027074      0.00276859
MINMODE:MODE:      51      0.00459345     -0.00046504      0.00156717
MINMODE:MODE:      52      0.00179872     -0.00055681      0.00144749
MINMODE:MODE:      53     -0.00220113      0.00144644     -0.00374967
MINMODE:MODE:      54     -0.00446219     -0.00064919     -0.00846533
MINMODE:MODE:      55     -0.00847118     -0.00144835      0.02114791
MINMODE:MODE:      56      0.00445247      0.00453730      0.00571782
MINMODE:MODE:      57      0.00369122      0.00236344      0.00469055
MINMODE:MODE:      58      0.00437605      0.00057289      0.00819407
MINMODE:MODE:      59      0.00135470      0.00068197      0.00704620
MINMODE:MODE:      60     -0.00277136      0.09373769      0.08011179
MINMODE:MODE:      61     -0.00528813      0.08150213      0.01952487
MINMODE:MODE:      62     -0.00749207     -0.03018428      0.00941299
MINMODE:MODE:      63     -0.00263995     -0.00119389      0.00124144
MINMODE:MODE:      64     -0.06356493     -0.08749864     -0.25275622
MINMODE:MODE:      65     -0.12046855     -0.30534303     -0.39038698
MINMODE:MODE:      66     -0.02203531     -0.06242929     -0.10347686
MINMODE:MODE:      67     -0.04060095     -0.04515314     -0.03488641
MINMODE:MODE:      68     -0.00484638     -0.02355602     -0.00665995
MINMODE:MODE:      69      0.01578563      0.00632653     -0.02939590
MINMODE:MODE:      70      0.04462488     -0.00537008     -0.07782604
MINMODE:MODE:      71      0.04671814     -0.04214035     -0.10078491
MINMODE:MODE:      72     -0.00510239     -0.00047607      0.08919763
MINMODE:MODE:      73      0.06381431      0.43587496      0.57377698
MINMODE:MODE:      74     -0.04402412      0.01637286      0.04585697
MINMODE:MODE:      75     -0.03789188     -0.07273482     -0.01383443
MINMODE:MODE:      76     -0.00466252     -0.02136453      0.02005019
MINMODE:MODE:      77      0.01592537      0.03396550     -0.01627623
MINMODE:MODE:      78      0.05265179      0.01010439     -0.08348838
MINMODE:MODE:      79      0.04585567     -0.04152033     -0.11065342
MINMODE:MODE: Optimization Step: 109
MINMODE:MODE: Order: 0
MINMODE:MODE:       0     -0.00525429      0.08268239     -0.01511195
MINMODE:MODE:       1      0.00817550     -0.05151815      0.01397570
MINMODE:MODE:       2      0.01524365     -0.01679785      0.01053762
MINMODE:MODE:       3     -0.00342082      0.00838951      0.01260494
MINMODE:MODE:       4     -0.03066740      0.01417182      0.02255198
MINMODE:MODE:       5      0.00833996     -0.00417069      0.00259802
MINMODE:MODE:       6      0.01000852     -0.00191585      0.00270993
MINMODE:MODE:       7      0.00525328      0.00002507      0.00395963
MINMODE:MODE:       8      0.00205349      0.00307817      0.00340654
MINMODE:MODE:       9      0.00008989      0.00375567      0.00318189
MINMODE:MODE:      10      0.00169863      0.00176329      0.00336295
MINMODE:MODE:      11     -0.00827979     -0.00616961      0.01381600
MINMODE:MODE:      12     -0.00760301     -0.00841266      0.00377957
MINMODE:MODE:      13     -0.00643003     -0.00710986      0.00424048
MINMODE:MODE:      14     -0.00345453     -0.00420674      0.00614637
MINMODE:MODE:      15     -0.00486791     -0.00339678      0.00939934
MINMODE:MODE:      16     -0.00486391     -0.00137678      0.01219581
MINMODE:MODE:      17     -0.00553785     -0.01761870      0.02362560
MINMODE:MODE:      18      0.00482813      0.00772159      0.00096070
MINMODE:MODE:      19      0.03777504      0.02829060      0.00578371
MINMODE:MODE:      20      0.00447209      0.00019994     -0.00011609
MINMODE:MODE:      21      0.00536529     -0.00023094      0.00077154
MINMODE:MODE:      22      0.00417391     -0.00045262      0.00003245
MINMODE:MODE:      23      0.00165621     -0.00019296      0.00003110
MINMODE:MODE:      24     -0.00112109      0.00076004     -0.00279659
MINMODE:MODE:      25     -0.00217959      0.00056780     -0.00307435
MINMODE:MODE:      26      0.00901334      0.00707399      0.01643623
MINMODE:MODE:      27      0.00393853      0.00911240      0.00715454
MINMODE:MODE:      28      0.00695321      0.00608332      0.00468009
MINMODE:MODE:      29      0.00527304      0.00307444      0.00352136
MINMODE:MODE:      30      0.00660837      0.00155686      0.00656272
MINMODE:MODE:      31      0.00644725      0.00054191      0.00880675
MINMODE:MODE:      32      0.03523306     -0.01809803      0.01882082
MINMODE:MODE:      33      0.00416855      0.00046061      0.00923194
MINMODE:MODE:      34      0.00410049      0.01733276      0.00988403
MINMODE:MODE:      35     -0.00084668      0.01648936      0.01070781
MINMODE:MODE:      36      0.01060658     -0.00314159      0.00375143
MINMODE:MODE:      37      0.00401583      0.00071464      0.00485685
MINMODE:MODE:      38      0.00020541      0.00531050      0.00415112
MINMODE:MODE:      39     -0.00210179      0.00664103      0.00402949
MINMODE:MODE:      40     -0.00254917      0.00257256      0.00242553
MINMODE:MODE:      41     -0.01401964     -0.01205757     -0.00238546
MINMODE:MODE:      42     -0.00535812     -0.00637235      0.00336362
MINMODE:MODE:      43     -0.00138044     -0.00352024      0.00715988
MINMODE:MODE:      44     -0.00304687     -0.00263123      0.01013555
MINMODE:MODE:      45      0.00211651      0.00041944      0.01173836
MINMODE:MODE:      46     -0.01543571     -0.02245026      0.03611227
MINMODE:MODE:      47     -0.00481983     -0.00351971      0.02432756
MINMODE:MODE:      48     -0.00249624      0.01736746     -0.00664883
MINMODE:MODE:      49     -0.00535508      0.00417161      0.00227771
MINMODE:MODE:      50      0.00422120     -0.00028886      0.00260537
MINMODE:MODE:      51      0.00436685     -0.00050515      0.00140128
MINMODE:MODE:      52      0.00165392     -0.00059661      0.00144315
MINMODE:MODE:      53     -0.00222024      0.00145217     -0.00357252
MINMODE:MODE:      54     -0.00443172     -0.00065563     -0.00836494
MINMODE:MODE:      55     -0.00850650     -0.00152787      0.02126270
MINMODE:MODE:      56      0.00441214      0.00442321      0.00591299
MINMODE:MODE:      57      0.00377309      0.00233365      0.00471865
MINMODE:MODE:      58      0.00458095      0.00065827      0.00801871
MINMODE:MODE:      59      0.00157168      0.00077326      0.00688918
MINMODE:MODE:      60     -0.00283796      0.09357472      0.07970836
MINMODE:MODE:      61     -0.00539589      0.08154011      0.01952471
MINMODE:MODE:      62     -0.00757698     -0.03034220      0.00897735
MINMODE:MODE:      63     -0.00253954     -0.00118387      0.00092407
MINMODE:MODE:      64     -0.06428897     -0.08755152     -0.25206559
MINMODE:MODE:      65     -0.12195876     -0.30502486     -0.39122111
MINMODE:MODE:      66     -0.02220230     -0.06226781     -0.10298836
MINMODE:MODE:      67     -0.04088963     -0.04492690     -0.03507291
MINMODE:MODE:      68     -0.00474339     -0.02346082     -0.00657204
MINMODE:MODE:      69      0.01600170      0.00629422     -0.02915064
MINMODE:MODE:      70      0.04494803     -0.00540812     -0.07718660
MINMODE:MODE:      71      0.04693609     -0.04202516     -0.10007917
MINMODE:MODE:      72     -0.00519894     -0.00098330      0.08915211
MINMODE:MODE:      73      0.06557354      0.43576840      0.57371678
MINMODE:MODE:      74     -0.04452184      0.01634026      0.04540433
MINMODE:MODE:      75     -0.03823653     -0.07256585     -0.01404169
MINMODE:MODE:      76     -0.00467657     -0.02127270      0.02007516
MINMODE:MODE:      77      0.01611827      0.03387023     -0.01608203
MINMODE:MODE:      78      0.05315562      0.01007261     -0.08277754
MINMODE:MODE:      79      0.04618871     -0.04148148     -0.11023403
MINMODE:MODE: Optimization Step: 110
MINMODE:MODE: Order: 0
MINMODE:MODE:       0     -0.00502665      0.08211678     -0.01659118
MINMODE:MODE:       1      0.00805212     -0.05177994      0.01345247
MINMODE:MODE:       2      0.01520218     -0.01675241      0.01032854
MINMODE:MODE:       3     -0.00345882      0.00842270      0.01248200
MINMODE:MODE:       4     -0.03046433      0.01413833      0.02251881
MINMODE:MODE:       5      0.00844539     -0.00423569      0.00259230
MINMODE:MODE:       6      0.01001790     -0.00191391      0.00270288
MINMODE:MODE:       7      0.00527314     -0.00000761      0.00395476
MINMODE:MODE:       8      0.00217828      0.00294255      0.00337966
MINMODE:MODE:       9      0.00029705      0.00357776      0.00314845
MINMODE:MODE:      10      0.00188945      0.00162281      0.00333154
MINMODE:MODE:      11     -0.00829451     -0.00608149      0.01376747
MINMODE:MODE:      12     -0.00760773     -0.00828276      0.00383831
MINMODE:MODE:      13     -0.00647473     -0.00698657      0.00426279
MINMODE:MODE:      14     -0.00356671     -0.00412177      0.00607129
MINMODE:MODE:      15     -0.00501166     -0.00334580      0.00923451
MINMODE:MODE:      16     -0.00497073     -0.00132911      0.01205113
MINMODE:MODE:      17     -0.00553328     -0.01756898      0.02361215
MINMODE:MODE:      18      0.00485330      0.00774825      0.00100589
MINMODE:MODE:      19      0.03778205      0.02827805      0.00579749
MINMODE:MODE:      20      0.00446156      0.00019830     -0.00008074
MINMODE:MODE:      21      0.00523838     -0.00024951      0.00068226
MINMODE:MODE:      22      0.00400406     -0.00048689     -0.00007312
MINMODE:MODE:      23      0.00153233     -0.00022164      0.00002628
MINMODE:MODE:      24     -0.00116241      0.00075201     -0.00269123
MINMODE:MODE:      25     -0.00218973      0.00057635     -0.00297319
MINMODE:MODE:      26      0.00895856      0.00699416      0.01645337
MINMODE:MODE:      27      0.00391317      0.00901871      0.00722792
MINMODE:MODE:      28      0.00694209      0.00598227      0.00476374
MINMODE:MODE:      29      0.00533589      0.00303735      0.00353647
MINMODE:MODE:      30      0.00673737      0.00159455      0.00643563
MINMODE:MODE:      31      0.00653913      0.00056694      0.00870289
MINMODE:MODE:      32      0.03510110     -0.01799061      0.01862401
MINMODE:MODE:      33      0.00409213      0.00052741      0.00908525
MINMODE:MODE:      34      0.00397246      0.01742139      0.00976056
MINMODE:MODE:      35     -0.00089827      0.01646199      0.01053796
MINMODE:MODE:      36      0.01052843     -0.00305595      0.00372899
MINMODE:MODE:      37      0.00398772      0.00071674      0.00485416
MINMODE:MODE:      38      0.00035261      0.00513928      0.00412141
MINMODE:MODE:      39     -0.00181200      0.00638855      0.00398716
MINMODE:MODE:      40     -0.00230849      0.00238548      0.00237373
MINMODE:MODE:      41     -0.01398307     -0.01188595     -0.00225592
MINMODE:MODE:      42     -0.00537955     -0.00622545      0.00343661
MINMODE:MODE:      43     -0.00151179     -0.00343037      0.00707098
MINMODE:MODE:      44     -0.00324362     -0.00260859      0.00990088
MINMODE:MODE:      45      0.00194004      0.00042018      0.01151972
MINMODE:MODE:      46     -0.01535376     -0.02235117      0.03617475
MINMODE:MODE:      47     -0.00470128     -0.00330166      0.02425724
MINMODE:MODE:      48     -0.00241854      0.01736007     -0.00659608
MINMODE:MODE:      49     -0.00536092      0.00416665      0.00232889
MINMODE:MODE:      50      0.00404325     -0.00030674      0.00243149
MINMODE:MODE:      51      0.00412734     -0.00054712      0.00121862
MINMODE:MODE:      52      0.00150580     -0.00063950      0.00143185
MINMODE:MODE:      53     -0.00223315      0.00145224     -0.00338481
MINMODE:MODE:      54     -0.00441180     -0.00064369     -0.00823602
MINMODE:MODE:      55     -0.00852644     -0.00159972      0.02131451
MINMODE:MODE:      56      0.00435636      0.00428895      0.00608645
MINMODE:MODE:      57      0.00384241      0.00229391      0.00473417
MINMODE:MODE:      58      0.00477656      0.00074617      0.00780614
MINMODE:MODE:      59      0.00179954      0.00085782      0.00671233
MINMODE:MODE:      60     -0.00290659      0.09321327      0.07871785
MINMODE:MODE:      61     -0.00551341      0.08161638      0.01988645
MINMODE:MODE:      62     -0.00766393     -0.03053743      0.00816908
MINMODE:MODE:      63     -0.00240890     -0.00133537      0.00024002
MINMODE:MODE:      64     -0.06518285     -0.08673507     -0.25206283
MINMODE:MODE:      65     -0.12333753     -0.30539963     -0.39175006
MINMODE:MODE:      66     -0.02233072     -0.06182710     -0.10214113
MINMODE:MODE:      67     -0.04092271     -0.04465270     -0.03482392
MINMODE:MODE:      68     -0.00486223     -0.02336767     -0.00650015
MINMODE:MODE:      69      0.01614476      0.00620279     -0.02878547
MINMODE:MODE:      70      0.04515697     -0.00551082     -0.07626767
MINMODE:MODE:      71      0.04716384     -0.04166442     -0.09917679
MINMODE:MODE:      72     -0.00493997     -0.00137771      0.09060024
MINMODE:MODE:      73      0.06710341      0.43561924      0.57373073
MINMODE:MODE:      74     -0.04462096      0.01647302      0.04534484
MINMODE:MODE:      75     -0.03853071     -0.07206500     -0.01418052
MINMODE:MODE:      76     -0.00470326     -0.02115858      0.02007622
MINMODE:MODE:      77      0.01621725      0.03357138     -0.01576800
MINMODE:MODE:      78      0.05353444      0.00994674     -0.08179236
MINMODE:MODE:      79      0.04642797     -0.04125541     -0.10949309
