evidence_kind,time_s,cat_M,cat_alcohol_M,cat_h2_aldehyde_M,cat_h2_M,cat_h2_imine_M,cat_product_M,dimer_M,cat_co_M,cat_degraded_M,alcohol_M,aldehyde_M,amine_M,hemiaminal_M,imine_M,product_M,water_M,benzene_M,free_base_M,fixture_TOF_s-1,active_metal_fraction,cleavage_fragment_formed_M
software_fixture_not_chemical_prediction,0.0,0.01,0.0,0.0,0.0,0.0,0.0,0.0,0.0,0.0,1.0,0.0,1.0,0.0,0.0,0.0,0.0,0.0,0.05,0.0,1.0,0.0
software_fixture_not_chemical_prediction,7.214428857715431,9.618754342275454e-06,5.7514833547236055e-05,1.1549421302363817e-05,0.001711264146949918,7.590411684301525e-05,1.409984325259244e-05,0.004059676514485656,3.294334511601227e-08,6.629114461749855e-07,0.9894542892749256,0.00041503180947588655,0.9899384182825958,0.003284971058181174,0.006130581364919053,0.0005560253342071999,0.006776610659221863,3.294334511601227e-08,0.0499993370885538,0.01127960718851906,0.18799511162374008,6.629114461749855e-07
software_fixture_not_chemical_prediction,14.428857715430862,7.532190659806599e-06,4.5179853346769036e-05,9.01383998694752e-06,0.0009544464625000535,5.889280634772057e-05,1.0953029169168915e-05,0.0044566196056317455,3.322488512941293e-08,7.093818409118235e-07,0.9887305693405115,0.00018820833567264,0.9889730045944018,0.00117105004290328,0.008508394070302499,0.0012777054568737381,0.009855945362693125,3.322488512941293e-08,0.04999929061815907,0.00876194213927972,0.10860181820104664,7.093818409118235e-07
software_fixture_not_chemical_prediction,21.64328657314629,6.091738277061563e-06,3.643997433358707e-05,7.250017927703794e-06,0.0007198016855019149,4.7868600336158975e-05,8.891107971932563e-06,0.004586438859690161,3.3339006230596594e-08,7.458172650845977e-07,0.9881623263898336,0.00011550425095084792,0.9883215539720509,0.0005784163802193825,0.009198725434705781,0.0018445445047143433,0.01110002964772821,3.3339006230596594e-08,0.049999254182734904,0.007112324553427894,0.08263431243483589,7.458172650845977e-07
software_fixture_not_chemical_prediction,28.857715430861724,5.294715045161711e-06,3.160056165734473e-05,6.278107406042953e-06,0.0006142903344637239,4.17747131462591e-05,7.751166170131546e-06,0.004646100344808491,3.340431730425558e-08,7.763081770463416e-07,0.9876845586096796,8.864290910747735e-05,0.9878111135921664,0.00038807906961873054,0.009429735641037194,0.002321545817859357,0.011800807338212942,3.340431730425558e-08,0.04999922369182292,0.0062003183399267445,0.0706989597888664,7.763081770463416e-07
software_fixture_not_chemical_prediction,36.07214428857716,4.848653046942638e-06,2.8891270326183305e-05,5.735124655030883e-06,0.0005595187304582195,3.835464064171843e-05,7.111694014956325e-06,0.0046773514662805426,3.3452014930947554e-08,8.035022809301477e-07,0.9872570058297017,7.702493203243269e-05,0.9873686906087289,0.00031637561020718196,0.009520787668764765,0.002748679777640674,0.012314933781062106,3.3452014930947554e-08,0.04999919649771904,0.005688688842236114,0.06444601131430511,8.035022809301477e-07
software_fixture_not_chemical_prediction,43.28657314629258,4.59322083685634e-06,2.7337528789659195e-05,5.424057436227857e-06,0.0005290646369177049,3.6388788639346046e-05,6.744298047836645e-06,0.0046947925734622245,3.3491949746160005e-08,8.288304581687505e-07,0.986857928771507,7.129974852744021e-05,0.9869620235982087,0.0002847195097089836,0.00956259703365599,0.0031475267717373905,0.012753256892080558,3.3491949746160005e-08,0.049999171169541806,0.0053947155739916906,0.0609552530667631,8.288304581687505e-07
software_fixture_not_chemical_prediction,50.501002004008015,4.4443932206042264e-06,2.6429153903503244e-05,5.242301099767763e-06,0.0005115062951576773,3.5237586435776365e-05,6.529244386554994e-06,0.004704862209373091,3.352798126133151e-08,8.5307906866751e-07,0.986475357916901,6.82278997825387e-05,0.9865752907996668,0.0002689369713903774,0.00958403231474969,0.0035299730833691268,0.013155772228941138,3.352798126133151e-08,0.04999914692093132,0.005222611079821963,0.05893889742038838,8.5307906866751e-07
software_fixture_not_chemical_prediction,57.71543086172345,4.356769352987076e-06,2.589090004206542e-05,5.134639307811437e-06,0.0005011762522239756,3.455468602725288e-05,6.4017326519003435e-06,0.004710787382773748,3.35618945657191e-08,8.766929519407266e-07,0.9861025104095902,6.650229987474334e-05,0.9862000718107081,0.00026047827885234174,0.00959573687714983,0.003902756614608781,0.013539449910437753,3.35618945657191e-08,0.04999912330704805,0.005120535950999741,0.057751497960599286,8.766929519407266e-07
software_fixture_not_chemical_prediction,64.92985971943888,4.304958898388337e-06,2.556903913248641e-05,5.070275417939285e-06,0.0004950276128478085,3.4146021068568597e-05,6.325472464735877e-06,0.004714311547944058,3.359461080164945e-08,8.999296711489793e-07,0.9857354540734544,6.551459743674375e-05,0.9858316415800511,0.00025580371096392416,0.009602298805724463,0.0042697844097252975,0.013912554708983059,3.359461080164945e-08,0.04999910007032885,0.00505945890946926,0.05704433798299271,8.999296711489793e-07
software_fixture_not_chemical_prediction,72.14428857715431,4.274373391724664e-06,2.537533615941494e-05,5.0315470578628665e-06,0.000491342670147879,3.389994140059414e-05,6.279592960509962e-06,0.00471641998572573,3.362663796980215e-08,9.22940792575774e-07,0.9853718730992732,6.494978293985266e-05,0.9854672633920668,0.00025322722569149297,0.009605972006330033,0.004633357841548718,0.01427950938223985,3.362663796980215e-08,0.04999907705920743,0.005022684133334356,0.05662034611179855,9.22940792575774e-07
software_fixture_not_chemical_prediction,79.35871743486975,4.256470593623268e-06,2.5258167601288748e-05,5.008125303826199e-06,0.0004891251941019957,3.375102026589751e-05,6.25186683573631e-06,0.004717684840284278,3.3658267352110754e-08,9.458164617125345e-07,0.9850103894594644,6.463334079188499e-05,0.9851053227514273,0.00025186113439549254,0.009607966741215833,0.004994846485857868,0.014642816114175328,3.3658267352110754e-08,0.04999905418353828,0.005000430447729712,0.056365084470236776,9.458164617125345e-07
software_fixture_not_chemical_prediction,86.57314629258516,4.2461855169600725e-06,2.5186944192781563e-05,4.993891479133033e-06,0.0004877874707394887,3.36604494752475e-05,6.235042512294872e-06,0.004718443857877967,3.368966978841063e-08,9.686106583588746e-07,0.9846501777507204,6.446474099644225e-05,0.9847448570170568,0.00025120849625770864,0.009608968259571497,0.005355070735124414,0.015003934486683444,3.368966978841063e-08,0.049999031389341635,0.004986897078646009,0.056210998391590564,9.686106583588746e-07
software_fixture_not_chemical_prediction,93.7875751503006,4.240490740520932e-06,2.514339227407109e-05,4.985190956772438e-06,0.00048697921328382334,3.3605030421473454e-05,6.2247855625681914e-06,0.004718898409985226,3.372094681012366e-08,9.913558434922555e-07,0.9842907415446117,6.43848001613305e-05,0.984385288648949,0.00025098130162566244,0.009609376210520491,0.005714524022918767,0.015363730049423287,3.372094681012366e-08,0.049999008644156503,0.004978616830744269,0.05611781032392294,9.913558434922555e-07
software_fixture_not_chemical_prediction,101.00200400801603,4.23756759199421e-06,2.511653949657058e-05,4.9798295440167e-06,0.00048649035223861996,3.357082796821912e-05,6.2184924770788016e-06,0.004719169283467668,3.375215922975609e-08,1.014071588919301e-06,0.983931781514293,6.43582531936977e-05,0.9840262698886848,0.0002510094202244544,0.009609427493596594,0.006073503877046763,0.01572272069108864,3.375215922975609e-08,0.04999898592841108,0.00497350713750308,0.05606136093164992,1.014071588919301e-06
software_fixture_not_chemical_prediction,108.21643286573146,4.236320111405889e-06,2.5099776621006506e-05,4.976485636642813e-06,0.0004861944360317752,3.354944614721863e-05,6.214594671652134e-06,0.004719329193861156,3.378334364166007e-08,1.0367697143282077e-06,0.9835731168957563,6.4363943857526e-05,0.9836675908852136,0.00025119129388206994,0.009609263802670872,0.006432189977412455,0.01608121782090218,3.378334364166007e-08,0.049998963230285666,0.004970313296533622,0.056027105921970126,1.0367697143282077e-06
software_fixture_not_chemical_prediction,115.4308617234469,4.2360865847767966e-06,2.5089114768856927e-05,4.974361633419692e-06,0.00048601517495450055,3.353581696927335e-05,6.212145323541398e-06,0.0047194220139392465,3.38145221301572e-08,1.0594573649917046e-06,0.983214638421073,6.438913078526814e-05,0.983309124842781,0.0002514659411796776,0.00960897031634594,0.006790690937398449,0.016439409216037187,3.38145221301572e-08,0.049998940542635005,0.004968277961094053,0.05600627002343688,1.0594573649917046e-06
software_fixture_not_chemical_prediction,122.64529058116233,4.2364670208889105e-06,2.508214369037628e-05,4.972975599524459e-06,0.00048590648033094064,3.352687786065488e-05,6.210572269793273e-06,0.004719474249328339,3.3845708047694186e-08,1.0821388630816781e-06,0.9828562800025991,6.442612330546523e-05,0.9829507950909008,0.0002517966232612447,0.009608598386712882,0.007149072448992496,0.01679740828583581,3.3845708047694186e-08,0.049998917861136916,0.004966943475351614,0.05599355167721785,1.0821388630816781e-06
software_fixture_not_chemical_prediction,129.85971943887776,4.237219461585541e-06,2.5077405955886536e-05,4.972036121987987e-06,0.000485840485837324,3.3520776843265955e-05,6.209529513841457e-06,0.004719501926266216,3.3876909478382424e-08,1.104816824182869e-06,0.982498001654943,6.447027322079713e-05,0.9825925552471495,0.00025216116363417136,0.009608179024605331,0.007507374258251723,0.017155283589214143,3.3876909478382424e-08,0.049998895183175816,0.004966033091457542,0.05598574537338915,1.104816824182869e-06
software_fixture_not_chemical_prediction,137.0741482965932,4.23819747594713e-06,2.5074019868370208e-05,4.9713669066574115e-06,0.0004858003338537634,3.35163934952855e-05,6.208807730330096e-06,0.004719514739853307,3.390813132287371e-08,1.1274928316922963e-06,0.9821397791793702,6.451876889929813e-05,0.9822343772431742,0.00025254616036767517,0.009607730976162104,0.007865620419068246,0.017513076596455946,3.390813132287371e-08,0.04999887250716831,0.004965379381633734,0.05598091193303537,1.1274928316922963e-06
software_fixture_not_chemical_prediction,144.28857715430863,4.239312426513111e-06,2.507145191504646e-05,4.970861278695246e-06,0.0004857758238823429,3.3513049839316846e-05,6.208280253058395e-06,0.004719518556592033,3.393937655603245e-08,1.150167844389855e-06,0.9817815979297604,6.456990892107175e-05,0.9818762440912501,0.0002529435092446221,0.00960726557952418,0.008223825489886512,0.01787081239950305,3.393937655603245e-08,0.049998849832155606,0.004964881034167078,0.05597787795949728,1.150167844389855e-06
software_fixture_not_chemical_prediction,151.50300601202406,4.240510656560315e-06,2.50693792499931e-05,4.970454685771537e-06,0.0004857607831516715,3.35103356049961e-05,6.207870430379963e-06,0.004719516926565322,3.397064698704673e-08,1.172842442983271e-06,0.9814234490417127,6.462266352037243e-05,0.9815181455098141,0.0002533483081516014,0.009606789693963374,0.008581998282033322,0.018228506182032055,3.397064698704673e-08,0.04999882715755701,0.004964476741545492,0.05597593337793725,1.172842442983271e-06
software_fixture_not_chemical_prediction,158.7174348697395,4.2417596585649e-06,2.50676063490394e-05,4.970108033263244e-06,0.00048575147314787204,3.3508002320199776e-05,6.207531839090689e-06,0.004719511999864307,3.400194372024783e-08,1.1955169796217032e-06,0.9810653271458658,6.467640889506851e-05,0.9811600752710852,0.00025375758903417784,0.00960630747300354,0.008940144132715626,0.01858616713987844,3.400194372024783e-08,0.04999880448302037,0.004964129374136356,0.055974648134803004,1.1955169796217032e-06
software_fixture_not_chemical_prediction,165.93186372745492,4.243039773446501e-06,2.5066015008760904e-05,4.969797686646314e-06,0.0004857456336796297,3.350589977165953e-05,6.207236413751562e-06,0.004719505076365517,3.403326743168409e-08,1.2181916676274678e-06,0.9807072289956122,6.473076782796463e-05,0.9808020296094012,0.00025416955789808103,0.009605821427417206,0.00929826626909582,0.01894380083269842,3.403326743168409e-08,0.04999878180833236,0.004963816485321056,0.05597376223338945,1.2181916676274678e-06
software_fixture_not_chemical_prediction,173.14629258517033,4.2443390791503875e-06,2.5064533569969894e-05,4.9695093178038066e-06,0.0004857418944786508,3.350393689460904e-05,6.2069671398289695e-06,0.004719496944132346,3.40646185394497e-08,1.2408666367427223e-06,0.9803491526222567,6.478551157528877e-05,0.9804440062413367,0.0002545831273050485,0.009605333079244487,0.009656366648077163,0.019301410631356066,3.40646185394497e-08,0.04999875913336325,0.004963524467146823,0.05597311804800129,1.2408666367427223e-06
software_fixture_not_chemical_prediction,180.36072144288576,4.245650363553999e-06,2.5063118696784322e-05,4.969234261799773e-06,0.00048573942683832874,3.350205861767988e-05,6.20671372765636e-06,0.004719488079765518,3.409599730458069e-08,1.26354196584355e-06,0.9799910968347805,6.484050177067476e-05,0.9800860037855051,0.00025499763969714397,0.009604843348904263,0.010014446453545787,0.019658998574795365,3.409599730458069e-08,0.04999873645803415,0.004963245090213773,0.0559726202505803,1.26354196584355e-06
software_fixture_not_chemical_prediction,187.5751503006012,4.2469692567851305e-06,2.5061744139196805e-05,4.96896726998343e-06,0.00048573772875989024,3.350023158232487e-05,6.206469944366792e-06,0.0047194787719702135,3.4127403893319094e-08,1.2862177031187725e-06,0.9796330609113046,6.489565458497408e-05,0.9797280214047009,0.00025541269680574293,0.00960435279390573,0.010372506403058628,0.020016565898491025,3.4127403893319094e-08,0.04999871378229687,0.004962973369702954,0.055972211095254715,1.2862177031187725e-06
software_fixture_not_chemical_prediction,194.78957915831663,4.248293117634884e-06,2.5060394034764985e-05,4.9687051706793665e-06,0.00048573649688044224,3.349843563056167e-05,6.206232023514075e-06,0.004719469195212937,3.415883841424879e-08,1.3088938780991953e-06,0.9792750444151765,6.495091935774458e-05,0.9793700585925764,0.00025582805798441717,0.009603861751125766,0.010730546930657076,0.020374113349436892,3.415883841424879e-08,0.04999869110612189,0.004962706293377561,0.05597185568575972,1.3088938780991953e-06
software_fixture_not_chemical_prediction,202.00400801603206,4.249620344787155e-06,2.5059058767864854e-05,4.968446041253682e-06,0.0004857355472965245,3.349665854288341e-05,6.205997681912088e-06,0.004719459455257362,3.419030094126755e-08,1.3315705090947e-06,0.9789170470812713,6.500626538159621e-05,0.9790121150417612,0.0002562435773692115,0.009603370424759523,0.011088568299883006,0.020731641380867298,3.419030094126755e-08,0.04999866842949089,0.004962442035257583,0.05597153286752258,1.3315705090947e-06
software_fixture_not_chemical_prediction,209.2184368737475,4.250949963335651e-06,2.5057732484430306e-05,4.968188711191369e-06,0.0004857347680413975,3.349489287997248e-05,6.205765529540974e-06,0.004719449616495466,3.4221791527382595e-08,1.354247607658237e-06,0.9785590687477518,6.506167396829345e-05,0.9786541905647056,0.0002566591661660919,0.00960287893910644,0.011446570671610166,0.021089150269126094,3.4221791527382595e-08,0.04999864575239233,0.004962179483673939,0.05597122976098681,1.354247607658237e-06
software_fixture_not_chemical_prediction,216.43286573146293,4.252281391616512e-06,2.5056411690353837e-05,4.967932481849428e-06,0.00048573409228403944,3.349313420154424e-05,6.205534736757317e-06,0.004719439717361254,3.4253310212497024e-08,1.3769251811035062e-06,0.9782011093175854,6.511713397452648e-05,0.9782962850490405,0.00025707477138300493,0.009602387368338829,0.011804554142297046,0.02144664017957415,3.4253310212497024e-08,0.049998623074818886,0.004961917975110072,0.055970938678616064,1.3769251811035062e-06
software_fixture_not_chemical_prediction,223.64729458917836,4.253614273670296e-06,2.5055094246525474e-05,4.967676925515685e-06,0.00048573347910796757,3.3491379789236716e-05,6.205304795658445e-06,0.004719429781385036,3.428485702899396e-08,1.3996032343104998e-06,0.9778431687309447,6.517263858796661e-05,0.97793839842556,0.00025749036058413924,0.009601895757848929,0.012162518771419835,0.021804111213853634,3.428485702899396e-08,0.04999860039676568,0.0049616571033542604,0.05597065491385742,1.3996032343104998e-06
software_fixture_not_chemical_prediction,230.8617234468938,4.25494839534702e-06,2.505377886369626e-05,4.967421784407577e-06,0.00048573290385335344,3.348962800469027e-05,6.205075400154291e-06,0.00471941982274785,3.431643200454862e-08,1.422281770632897e-06,0.9774852469513422,6.52281837168717e-05,0.9775805306521375,0.00025790591422415087,0.009601404134976049,0.012520464595255241,0.02216156343363611,3.431643200454862e-08,0.04999857771822935,0.004961396623586504,0.055970375630164895,1.422281770632897e-06
software_fixture_not_chemical_prediction,238.07615230460922,4.256283623583182e-06,2.5052464739602823e-05,4.967166898115192e-06,0.00048573235117410575,3.348787782839327e-05,6.204846359784771e-06,0.004719409850274343,3.434803516414212e-08,1.4449607925500837e-06,0.9771273439556616,6.528376682579797e-05,0.9772226817021586,0.00025832142014560943,0.009600912516716244,0.012878391636789121,0.022518996877693518,3.434803516414212e-08,0.049998555039207436,0.00496113638345673,0.0559700990623585,1.4449607925500837e-06
software_fixture_not_chemical_prediction,245.29058116232466,4.2576198872112e-06,2.5051151442233836e-05,4.966912180261089e-06,0.00048573181280801966,3.348612871135573e-05,6.204617572019996e-06,0.004719399868715238,3.4379666530726056e-08,1.467640301877193e-06,0.9767694597309575,6.533938656640094e-05,0.9768648515608113,0.00025873687180584195,0.009600420912199745,0.013236299908897577,0.022876411567380673,3.4379666530726056e-08,0.04999853235969811,0.004960876300929736,0.05596982426011015,1.467640301877193e-06
software_fixture_not_chemical_prediction,252.5050100200401,4.258957132183682e-06,2.504983864253962e-05,4.966657565054581e-06,0.0004857312824615572,3.348438023542261e-05,6.204388958774575e-06,0.004719389881689041,3.441132612668551e-08,1.4903203002446819e-06,0.9764115942671107,6.539504191923954e-05,0.976507040216562,0.00025915226422411575,0.00959992932837018,0.013594189421647349,0.0232338075192117,3.441132612668551e-08,0.049998509679699744,0.00496061631351998,0.055969550499553225,1.4903203002446819e-06
software_fixture_not_chemical_prediction,259.7194388777555,4.260295332982822e-06,2.5048526182456945e-05,4.966403020894256e-06,0.0004857307571125669,3.348263219972492e-05,6.204160482566182e-06,0.004719379890932921,3.444301397348546e-08,1.5130007889768901e-06,0.9760537475586996,6.54507324122641e-05,0.9761492476633274,0.0002595675950132041,0.009599437768538992,0.013952060180435825,0.02359118474165708,3.444301397348546e-08,0.049998486999211014,0.004960356391209335,0.05596927743311919,1.5130007889768901e-06
software_fixture_not_chemical_prediction,266.9338677354709,4.261634475570859e-06,2.504721397232356e-05,4.966148529855579e-06,0.0004857302350478498,3.348088449032154e-05,6.203932122160007e-06,0.0047193698974312675,3.447473009224461e-08,1.5356817692764574e-06,0.9756959196021838,6.550645779350815e-05,0.9757914738972079,0.00025998286282259963,0.009598946234564207,0.014309912188790585,0.02394854323996725,3.447473009224461e-08,0.04999846431823071,0.004960096516971699,0.05596900486380813,1.5356817692764574e-06
software_fixture_not_chemical_prediction,274.1482965931864,4.2629745478215125e-06,2.504590193388684e-05,4.965894076295316e-06,0.00048572971477235416,3.3479137007769166e-05,6.203703859030809e-06,0.004719359902042999,3.450647450404506e-08,1.558363242326501e-06,0.9753381103943379,6.556221784772804e-05,0.9754337189146687,0.0002603980664747634,0.009598454728061378,0.014667745449926174,0.024305883018854328,3.450647450404506e-08,0.04999844163675766,0.0049598366759482995,0.055968732619715786,1.558363242326501e-06
software_fixture_not_chemical_prediction,281.3627254509018,4.264315543081514e-06,2.5044590022008233e-05,4.96563965119138e-06,0.0004857291954242981,3.347738969469937e-05,6.20347568251252e-06,0.004719349905262858,3.4538247229741796e-08,1.5810452092491424e-06,0.9749803199328423,6.561801246496963e-05,0.975075982713226,0.00026081320529483315,0.009597963249943003,0.01502555996615667,0.02466320408147686,3.4538247229741796e-08,0.049998418954790735,0.004959576859564657,0.05596846060177911,1.5810452092491424e-06
software_fixture_not_chemical_prediction,288.57715430861725,4.2656574596950105e-06,2.5043278221245142e-05,4.965385251459596e-06,0.0004857286767104261,3.347564253148448e-05,6.203247588994008e-06,0.0047193399072586375,3.457004829012374e-08,1.6037276711166548e-06,0.9746225482162,6.567384163105309e-05,0.9747182652913504,0.0002612282790579261,0.009597471800490453,0.015383355738978512,0.02502050642958942,3.457004829012374e-08,0.04999839627232887,0.004959317064887051,0.055968188776330426,1.6037276711166548e-06
software_fixture_not_chemical_prediction,295.79158316633266,4.267000296916013e-06,2.5041966521514224e-05,4.965130875087375e-06,0.0004857281584400377,3.347389550530789e-05,6.203019576137807e-06,0.004719329908139143,3.4601877705981055e-08,1.6264106289927902e-06,0.9742647952430633,6.572970534922841e-05,0.9743605666476852,0.00026164328762029573,0.009596980379871115,0.015741132769739725,0.025377790064692263,3.4601877705981055e-08,0.049998373589370995,0.004959057290000132,0.0559679171215001,1.6264106289927902e-06
software_fixture_not_chemical_prediction,303.0060120240481,4.268344053998529e-06,2.5040654912732122e-05,4.964876520062128e-06,0.00048572764042243295,3.3472148603353006e-05,6.202791641606449e-06,0.004719319908013181,3.463373549810392e-08,1.6490940839413014e-06,0.9739070610120846,6.578560362274559e-05,0.9740028867808739,0.00026205823083819564,0.009596488988252376,0.01609889105978835,0.025735054988285662,3.463373549810392e-08,0.04999835090591605,0.004958797532988609,0.05596764561541851,1.6490940839413014e-06
software_fixture_not_chemical_prediction,310.2204408817635,4.269688730346192e-06,2.5039343385663598e-05,4.964622184540855e-06,0.00048572712248312974,3.347040181388077e-05,6.202563783264319e-06,0.004719309906980223,3.466562168737393e-08,1.671778037027846e-06,0.9735493455219456,6.584153645775328e-05,0.9736452256895936,0.00026247310858070583,0.009595997625783451,0.016456630610442825,0.026092301201823397,3.466562168737393e-08,0.049998328221962964,0.004958537792098611,0.05596737423808254,1.671778037027846e-06
software_fixture_not_chemical_prediction,317.434869739479,4.271034326380303e-06,2.503803193722384e-05,4.9643678679103206e-06,0.00048572660456524283,3.346865513296569e-05,6.20233600043537e-06,0.004719299905072115,3.469753629455007e-08,1.6944624893039015e-06,0.9731916487714916,6.589750388002075e-05,0.9732875833727114,0.00026288792081025764,0.009595506292482922,0.0168143514228598,0.0264495287064761,3.469753629455007e-08,0.04999830553751069,0.004958278066743153,0.05596710298301584,1.6944624893039015e-06
software_fixture_not_chemical_prediction,324.6492985971944,4.272380842737605e-06,2.5036720565738498e-05,4.964113569839322e-06,0.00048572608663896203,3.346690855847568e-05,6.202108292777459e-06,0.004719289902305152,3.472947934021154e-08,1.7171474418122674e-06,0.9728339707595944,6.595350591945785e-05,0.9729299598291271,0.0002633026675107162,0.009595014988339774,0.01717205349816886,0.02680673750335986,3.472947934021154e-08,0.049998282852558175,0.004958018356602165,0.055966831846853055,1.7171474418122674e-06
software_fixture_not_chemical_prediction,331.86372745490985,4.273728280292331e-06,2.503540927077911e-05,4.963859290245824e-06,0.00048572556869834184,3.346516208986232e-05,6.201880660246174e-06,0.004719279898681884,3.476145084529608e-08,1.7398328956065267e-06,0.9724763114851851,6.600954261060468e-05,0.9725723550578059,0.0002637173486846825,0.009594523713315999,0.01752973683744102,0.027163927593507105,3.476145084529608e-08,0.04999826016710438,0.004957758661593526,0.05596656082897676,1.7398328956065267e-06
software_fixture_not_chemical_prediction,339.07815631262525,4.2750766399187085e-06,2.503409805191722e-05,4.963605029047792e-06,0.00048572505073743677,3.346341572657717e-05,6.201653102797101e-06,0.004719269894204861,3.479345083074146e-08,1.7625188517402616e-06,0.9721186709471946,6.606561398800131e-05,0.9722147690577126,0.0002641319643347572,0.00959403246737359,0.017887401441747303,0.027521098977950246,3.479345083074146e-08,0.04999823748114825,0.004957498981635057,0.055966289928769467,1.7625188517402616e-06
software_fixture_not_chemical_prediction,346.29258517034066,4.276425922490971e-06,2.5032786908724366e-05,4.9633507861631925e-06,0.0004857245327503014,3.346166946807182e-05,6.201425620385828e-06,0.004719259888876633,3.4825479317485425e-08,1.785205311267055e-06,0.9717610491445537,6.612172008618785e-05,0.9718572018278124,0.0002645465144635412,0.009593541250474541,0.01824504731215873,0.027878251657721707,3.4825479317485425e-08,0.049998214794688724,0.0049572393166445235,0.05596601914561375,1.785205311267055e-06
software_fixture_not_chemical_prediction,353.5070140280561,4.277776128883348e-06,2.5031475840772097e-05,4.963096561509989e-06,0.00048572401473099023,3.3459923313797854e-05,6.201198212967943e-06,0.004719249882699749,3.485753632646574e-08,1.80789227524049e-06,0.9714034460761936,6.617786093970439e-05,0.9714996533670701,0.0002649609990736353,0.009593050062580844,0.01860267444974632,0.02823538563385391,3.485753632646574e-08,0.04999819210772475,0.004956979666539629,0.055965748478892144,1.80789227524049e-06
software_fixture_not_chemical_prediction,360.7214428857715,4.2791272599700705e-06,2.503016484763195e-05,4.9628423550061475e-06,0.0004857234966735578,3.345817726320684e-05,6.200970880499032e-06,0.004719239875676761,3.4889621878620154e-08,1.8305797447141486e-06,0.9710458617410449,6.623403658309101e-05,0.9711421236744507,0.00026537541816764037,0.00959255890365449,0.018960282855581094,0.02859250090737927,3.4889621878620154e-08,0.04999816942025528,0.004956720031238022,0.05596547792798719,1.8305797447141486e-06
software_fixture_not_chemical_prediction,367.935871743487,4.28047931662537e-06,2.5028853928875468e-05,4.962588166569634e-06,0.0004857229785720586,3.345643131575037e-05,6.200743622934682e-06,0.004719229867810218,3.4921735994886424e-08,1.8532677207416139e-06,0.9706882961380388,6.629024705088782e-05,0.9707846127489194,0.0002657897717481572,0.009592067773657476,0.019317872530734075,0.028949597479330215,3.4921735994886424e-08,0.049998146732279244,0.004956460410657295,0.055965207492281406,1.8532677207416139e-06
software_fixture_not_chemical_prediction,375.1503006012024,4.281832299723477e-06,2.502754308407419e-05,4.962333996118412e-06,0.00048572246042054735,3.345468547088e-05,6.200516440230482e-06,0.00471921985910267,3.4953878696202304e-08,1.8759562043764683e-06,0.970330749266106,6.63464923776349e-05,0.9704271205894408,0.00026620405981778655,0.009591576672551791,0.019675443476276276,0.029306675350739157,3.4953878696202304e-08,0.04999812404379561,0.00495620080471498,0.05596493717115738,1.8759562043764683e-06
software_fixture_not_chemical_prediction,382.36472945891785,4.283186210241426e-06,2.5026232313037114e-05,4.9620798436181445e-06,0.0004857219422177001,3.3452939728348045e-05,6.200289332402091e-06,0.004719209849553912,3.4986050007365947e-08,1.898645196809079e-06,0.9699732211244404,6.640277260087998e-05,0.9700696471952461,0.0002666182823822692,0.009591085600292388,0.020032995693016108,0.02966373452236922,3.4986050007365947e-08,0.04999810135480318,0.004955941213376565,0.0559646669645347,1.898645196809079e-06
software_fixture_not_chemical_prediction,389.57915831663325,4.284541049090472e-06,2.5024921615910808e-05,4.961825709101569e-06,0.00048572142396849155,3.3451194088337526e-05,6.200062299538165e-06,0.0047191998391603015,3.501824994582669e-08,1.9213346989681832e-06,0.9696157117117574,6.645908775490147e-05,0.9697121925650856,0.00026703243945328664,0.009590594556830982,0.020390529182240002,0.030020774995458833,3.501824994582669e-08,0.049998078665301024,0.004955681636665833,0.055964396873047,1.9213346989681832e-06
software_fixture_not_chemical_prediction,396.7935871743487,4.285896817173635e-06,2.5023610992557917e-05,4.961571592544798e-06,0.00048572090567252507,3.3449448550670346e-05,6.1998353416622736e-06,0.004719189827921241,3.505047853068662e-08,1.944024711841691e-06,0.9692582210268744,6.651543787452991e-05,0.9693547566978109,0.0002674465310379697,0.009590103542123996,0.02074804394513255,0.030377796771148855,3.505047853068662e-08,0.04999805597528815,0.004955422074554468,0.055964126896713394,1.944024711841691e-06
software_fixture_not_chemical_prediction,404.0080160320641,4.287253515435995e-06,2.5022300442855495e-05,4.9613174939269624e-06,0.0004857203873297319,3.344770311518612e-05,6.199608458803737e-06,0.004719179815835882,3.508273578336671e-08,1.966715236499877e-06,0.968900749068763,6.657182299606195e-05,0.96899733959243,0.0002678605571433903,0.009589612556126281,0.021105539982724124,0.03073479985042437,3.508273578336671e-08,0.049998033284763495,0.004955162527018684,0.05596385703559402,1.966715236499877e-06
software_fixture_not_chemical_prediction,411.2224448897796,4.288611144822634e-06,2.5020989966680603e-05,4.961063413227193e-06,0.0004857198689400431,3.3445957781724485e-05,6.1993816509918735e-06,0.00471916980290338,3.5115021725287906e-08,1.9894062740130164e-06,0.9685432958363949,6.662824315579427e-05,0.9686399412479506,0.00026827451777662045,0.009589121598792683,0.0214630172960451,0.031091784234270475,3.5115021725287906e-08,0.04999801059372598,0.004954902994034632,0.05596358728974899,1.9894062740130164e-06
software_fixture_not_chemical_prediction,418.436873747495,4.289969706278633e-06,2.5019679563910294e-05,4.9608093504246196e-06,0.00048571935050338973,3.344421255012505e-05,6.199154918256002e-06,0.0047191597891228865,3.514733637787119e-08,2.012097825451385e-06,0.9681858613287416,6.668469839002353e-05,0.9682825616633807,0.00026868841294473207,0.009588630670078051,0.021820475886125852,0.03144874992367226,3.514733637787119e-08,0.049997987902174544,0.004954643475578399,0.055963317659238426,2.012097825451385e-06
software_fixture_not_chemical_prediction,425.65130260521045,4.291329200749073e-06,2.5018369234421623e-05,4.960555305498373e-06,0.0004857188320197029,3.344246742022744e-05,6.198928260625441e-06,0.004719149774493558,3.517967976253751e-08,2.034789891885258e-06,0.9678284455447751,6.67411887350464e-05,0.967925200837728,0.0002691022426547971,0.009588139769937233,0.022177915753996757,0.031805696919614816,3.517967976253751e-08,0.04999796521010811,0.004954383971626009,0.05596304814412249,2.034789891885258e-06
software_fixture_not_chemical_prediction,432.86573146292585,4.292689629179036e-06,2.5017058978091645e-05,4.960301278427585e-06,0.00048571831348891376,3.344072239187128e-05,6.198701678129509e-06,0.004719139759014545,3.521205190070783e-08,2.0574824743849104e-06,0.9674710484834667,6.679771422715952e-05,0.9675678587700005,0.00026951600691388757,0.009587648898325075,0.022535336900688183,0.03216262522308324,3.521205190070783e-08,0.04999794251752561,0.0049541244821534255,0.05596277874446128,2.0574824743849104e-06
software_fixture_not_chemical_prediction,440.0801603206413,4.294050992513603e-06,2.5015748794797414e-05,4.9600472691913865e-06,0.0004857177949109533,3.3438977464896195e-05,6.198475170797526e-06,0.004719129742685002,3.524445281380312e-08,2.0801755740206173e-06,0.9671136701437882,6.685427490265959e-05,0.967210535459206,0.00026992970572907535,0.00958715805519643,0.022892739327230516,0.03251953483506262,3.524445281380312e-08,0.049997919824425974,0.004953865007136548,0.05596250946031495,2.0801755740206173e-06
software_fixture_not_chemical_prediction,447.2945891783567,4.295413291697854e-06,2.501443868441599e-05,4.9597932777689064e-06,0.0004857172762857527,3.343723263914181e-05,6.198248738658809e-06,0.004719119725504083,3.527688252324434e-08,2.1028691918626543e-06,0.9667563105247113,6.691087079784327e-05,0.9668532309043522,0.00027034333910743255,0.00958666724050614,0.02325012303465412,0.03287642575653804,3.527688252324434e-08,0.04999789713080813,0.004953605546551214,0.055962240291743605,2.1028691918626543e-06
software_fixture_not_chemical_prediction,454.5090180360722,4.296776527676873e-06,2.5013128646824428e-05,4.959539304139277e-06,0.0004857167576132431,3.3435487914447744e-05,6.198022381742678e-06,0.00471910970747094,3.5309341050452454e-08,2.125563328981297e-06,0.9663989696252078,6.69675019490072e-05,0.966495945104447,0.00027075690705603096,0.009586176454209056,0.02360748802398938,0.0332332979884946,3.5309341050452454e-08,0.04999787443667101,0.004953346100373198,0.0559619712388074,2.125563328981297e-06
software_fixture_not_chemical_prediction,461.7234468937876,4.298140701395738e-06,2.501181868189978e-05,4.959285348281627e-06,0.0004857162388933555,3.343374329065362e-05,6.197796100078451e-06,0.004719099688584729,3.534182841684842e-08,2.1482579864468197e-06,0.966041647444249,6.702416839244807e-05,0.9661386780584983,0.0002711704095819427,0.009585685696260027,0.02396483429626666,0.0335901515319174,3.534182841684842e-08,0.049997851742013544,0.004953086668578212,0.05596170230156647,2.1482579864468197e-06
software_fixture_not_chemical_prediction,468.937875751503,4.299505813799533e-06,2.5010508789519108e-05,4.95903141017509e-06,0.000485715720126021,3.343199876759906e-05,6.1975698936954485e-06,0.004719089668844602,3.5374344643853215e-08,2.1709531653294982e-06,0.9656843439808068,6.708087016446255e-05,0.965781429765514,0.0002715838466922396,0.0095851949666139,0.02432216185251634,0.03394698638779151,3.5374344643853215e-08,0.04999782904683466,0.004952827251141905,0.05596143348008092,2.1709531653294982e-06
software_fixture_not_chemical_prediction,476.15230460921845,4.300871865833337e-06,2.5009198969559457e-05,4.958777489798795e-06,0.00048571520131117076,3.3430254345123695e-05,6.197343762622988e-06,0.004719079648249713,3.5406889752887785e-08,2.1936488666996078e-06,0.9653270592338529,6.713760730134729e-05,0.9654242002245016,0.0002719972183939937,0.009584704265225523,0.024679470693768798,0.034303802557102046,3.5406889752887785e-08,0.049997806351133295,0.0049525678480398655,0.0559611647744109,2.1936488666996078e-06
software_fixture_not_chemical_prediction,483.36673346693385,4.3022388584422336e-06,2.5007889221897894e-05,4.958523587131872e-06,0.00048571468244873586,3.342851002306714e-05,6.1971177068903875e-06,0.004719069626799214,3.5439463765373104e-08,2.2163450916274236e-06,0.9649697932023589,6.719437983939897e-05,0.9650669894344693,0.00027241052469427696,0.009584213592049744,0.025036760821054403,0.03466060004083408,3.5439463765373104e-08,0.04999778365490837,0.004952308459247616,0.05596089618461654,2.2163450916274236e-06
software_fixture_not_chemical_prediction,490.5811623246493,4.3036067925713015e-06,2.5006579546411465e-05,4.958269702153454e-06,0.00048571416353864735,3.3426765801269025e-05,6.196891726526967e-06,0.004719059604492261,3.547206670273013e-08,2.239041841183221e-06,0.9646125458852963,6.725118781491424e-05,0.9647097973944248,0.00027282376560016134,0.009583722947041412,0.025394032235403534,0.03501737883997272,3.547206670273013e-08,0.04999776095815881,0.004952049084740621,0.05596062771075795,2.239041841183221e-06
software_fixture_not_chemical_prediction,497.7955911823647,4.304975669165624e-06,2.500526994297723e-05,4.958015834842669e-06,0.0004857136445808364,3.342502167956897e-05,6.196665821562044e-06,0.004719049581328005,3.550469858637982e-08,2.261739116437275e-06,0.964255317281637,6.730803126418978e-05,0.964352624103376,0.0002732369411187188,0.009583232330155372,0.02575128493784656,0.035374138955503044,3.550469858637982e-08,0.04999773826088356,0.004951789724494277,0.055960359352895284,2.261739116437275e-06
software_fixture_not_chemical_prediction,505.0100200400802,4.3063454891702815e-06,2.5003960411472245e-05,4.95776198517865e-06,0.00048571312557523405,3.34232776578066e-05,6.19643999202494e-06,0.004719039557305601,3.5537359437743154e-08,2.2844369184598614e-06,0.9638981073903526,6.736491022352225e-05,0.9639954695603306,0.0002736500512570213,0.009582741741346476,0.026108518929413866,0.03573088038841015,3.5537359437743154e-08,0.04999771556308153,0.004951530378483922,0.05596009111108866,2.2844369184598614e-06
software_fixture_not_chemical_prediction,512.2244488977956,4.307716253530355e-06,2.5002650951773566e-05,4.957508153140527e-06,0.00048571260652177146,3.342153373582153e-05,6.19621423794497e-06,0.004719029532424202,3.557004927824108e-08,2.3071352483212545e-06,0.9635409162104147,6.74218247292083e-05,0.9636383337642964,0.00027406309602214077,0.00958225118056957,0.02646573421113582,0.03608760313967913,3.557004927824108e-08,0.04999769286475167,0.00495127104668483,0.05595982298539824,2.3071352483212545e-06
software_fixture_not_chemical_prediction,519.438877755511,4.309087963190927e-06,2.5001341563758244e-05,4.957254338707429e-06,0.00048571208742037965,3.3419789913453386e-05,6.195988559351456e-06,0.004719019506682963,3.560276812929457e-08,2.3298341070917306e-06,0.9631837437407951,6.747877481754463e-05,0.9632812167142815,0.00027447607542114926,0.009581760647779502,0.026822930784042794,0.036444307210295075,3.560276812929457e-08,0.0499976701658929,0.004951011729072213,0.055959554975884104,2.3298341070917306e-06
software_fixture_not_chemical_prediction,526.6533066132265,4.310460619097077e-06,2.500003224730334e-05,4.957000541858489e-06,0.0004857115682709898,3.34180461905418e-05,6.195762956273715e-06,0.0047190094800810345,3.563551601232458e-08,2.3525334958415645e-06,0.9628265899804652,6.753576052482787e-05,0.9629241184092935,0.0002748889894611186,0.00958127014293112,0.027180108649165168,0.03680099260124308,3.563551601232458e-08,0.049997647466504154,0.0049507524256212215,0.055959287082606425,2.3525334958415645e-06
software_fixture_not_chemical_prediction,533.8677354709419,4.3118342221938865e-06,2.4998723002285906e-05,4.956746762572837e-06,0.0004857110490735329,3.341630256692639e-05,6.195537428741067e-06,0.0047189994526175725,3.566829294875208e-08,2.3752334156410306e-06,0.9624694549283969,6.759278188735472e-05,0.9625670388483403,0.0002753018381491209,0.009580779665979273,0.02753726780753331,0.03715765931350823,3.566829294875208e-08,0.04999762476658435,0.004950493136306941,0.05595901930562528,2.3752334156410306e-06
software_fixture_not_chemical_prediction,541.0821643286573,4.313208773426438e-06,2.4997413828583002e-05,4.9564930008296035e-06,0.00048571052982794013,3.341455904244678e-05,6.19531197678283e-06,0.004718989424291729,3.570109895999803e-08,2.397933867560406e-06,0.9621123385835617,6.764983894142181e-05,0.9622099780304298,0.00027571462149222805,0.009580289216878809,0.027894408260177608,0.03751430734807562,3.570109895999803e-08,0.049997602066132435,0.004950233861104397,0.055958751645000866,2.397933867560406e-06
software_fixture_not_chemical_prediction,548.2965931863728,4.314584273739812e-06,2.4996104726071676e-05,4.956239256607919e-06,0.00048571001053414255,3.341281561694259e-05,6.195086600428322e-06,0.004718979395102659,3.5733934067483386e-08,2.420634852669965e-06,0.9617552409449315,6.770693172332584e-05,0.9618529359545698,0.000276127339497512,0.009579798795584574,0.028251530008128425,0.03787093670593035,3.5733934067483386e-08,0.04999757936514732,0.0049499745999885495,0.055958484100793286,2.420634852669965e-06
software_fixture_not_chemical_prediction,555.5110220440882,4.3159607241185136e-06,2.4994795694626437e-05,4.955985529886555e-06,0.0004857094911920812,3.341107229025023e-05,6.194861299708705e-06,0.00471896936504945,3.576679829494869e-08,2.44333637212194e-06,0.961398162011628,6.7764060270868e-05,0.9614959126199201,0.00027653999217157365,0.009579308402050263,0.028608633052265922,0.03822754738790612,3.576679829494869e-08,0.04999755666362787,0.004949715352935749,0.055958216673067156,2.44333637212194e-06
software_fixture_not_chemical_prediction,562.7254509018036,4.317338126156327e-06,2.499348673408748e-05,4.95573182063974e-06,0.0004857089718019497,3.340932906216441e-05,6.194636074685015e-06,0.0047189593341301515,3.579969170101877e-08,2.4660384283011687e-06,0.9610411017850352,6.782122464500845e-05,0.961138908027925,0.0002769525795136052,0.009578818036211956,0.028965717391210368,0.038584139392559155,3.579969170101877e-08,0.049997533961571694,0.004949456119945786,0.05595794936196827,2.4660384283011687e-06
software_fixture_not_chemical_prediction,569.939879759519,4.318716480040461e-06,2.499217784438581e-05,4.955478128854496e-06,0.0004857084523635824,3.3407585932593786e-05,6.194410925352474e-06,0.004718949302345143,3.583261426054378e-08,2.4887410206325173e-06,0.9606840602611068,6.787842485303847e-05,0.9607819221745457,0.0002773651015397063,0.00957832769804688,0.02932278302900754,0.03894071272391235,3.583261426054378e-08,0.04999751125897936,0.004949196900966578,0.055957682167480954,2.4887410206325173e-06
software_fixture_not_chemical_prediction,577.1543086172345,4.3200957867610414e-06,2.499086902539592e-05,4.955224454509612e-06,0.00048570793287693037,3.340584290137465e-05,6.194185851742569e-06,0.004718939269693528,3.586556599597055e-08,2.511444150222573e-06,0.9603270374388816,6.793566093297487e-05,0.9604249550588587,0.0002777775582565402,0.009577837387508493,0.02967982996662083,0.03929726738288242,3.586556599597055e-08,0.049997488555849776,0.004948937695974526,0.055957415089671426,2.511444150222573e-06
software_fixture_not_chemical_prediction,584.3687374749499,4.321476047308191e-06,2.4989560276992296e-05,4.954970797583877e-06,0.0004857074133419446,3.340409996834331e-05,6.193960853886782e-06,0.004718929236174411,3.58985469297459e-08,2.5341478181779223e-06,0.9599700333173982,6.799293292283445e-05,0.9600680066799409,0.0002781899496707704,0.00957734710455025,0.030036858205013624,0.039653803370386084,3.58985469297459e-08,0.049997465852181816,0.004948678504945957,0.055957148128605895,2.5341478181779223e-06
software_fixture_not_chemical_prediction,591.5831663326653,4.322857262672037e-06,2.4988251599049427e-05,4.9547171580560795e-06,0.000485706893758576,3.340235713333606e-05,6.193735931816601e-06,0.0047189192017868965,3.593155708431665e-08,2.556852025605154e-06,0.9596130478956955,6.805024086063401e-05,0.9597110770368686,0.00027860227578906024,0.009576856849125608,0.03039386774514933,0.04001032068734007,3.593155708431665e-08,0.04999744314797439,0.004948419327857141,0.05595688128435061,2.556852025605154e-06
software_fixture_not_chemical_prediction,598.7975951903808,4.324239433842702e-06,2.4986942991441796e-05,4.954463535905009e-06,0.00048570637412677576,3.3400614396189204e-05,6.19351108556351e-06,0.004718909166530089,3.596459648212963e-08,2.5795567736108552e-06,0.959256081172812,6.810758478439035e-05,0.9593541661287186,0.000279014536618073,0.009576366621188026,0.03075085858799133,0.04036681933466109,3.596459648212963e-08,0.04999742044322639,0.004948160164684272,0.05595661455697181,2.5795567736108552e-06
software_fixture_not_chemical_prediction,606.0120240480962,4.325622561810314e-06,2.49856344540439e-05,4.954209931109454e-06,0.00048570585444649464,3.3398871756739036e-05,6.193286315158995e-06,0.004718899130403092,3.599766514563166e-08,2.602262063301614e-06,0.9588991331477866,6.816496473212025e-05,0.9589972739545674,0.0002794267321644722,0.00957587642069096,0.031107830734503027,0.04072329931326586,3.599766514563166e-08,0.0499973977379367,0.004947901015403489,0.05595634794653564,2.602262063301614e-06
software_fixture_not_chemical_prediction,613.2264529058116,4.327006647564995e-06,2.498432598673022e-05,4.953956343648204e-06,0.0004857053347176838,3.3397129214821865e-05,6.193061620634539e-06,0.004718889093405012,3.603076309726956e-08,2.6249678957840166e-06,0.958542203819658,6.822238074184052e-05,0.9586404005134916,0.0002798388624349211,0.009575386247587867,0.031464784185647805,0.04107976062407111,3.603076309726956e-08,0.04999737503210421,0.004947641879990856,0.05595608145310837,2.6249678957840166e-06
software_fixture_not_chemical_prediction,620.440881763527,4.3283916920968725e-06,2.498301758937525e-05,4.953702773500047e-06,0.00048570481494029417,3.3395386770273985e-05,6.1928370020216286e-06,0.004718879055534951,3.6063890359490156e-08,2.647674272164652e-06,0.9581852931874649,6.827983285156796e-05,0.9582835458045681,0.0002802509274360831,0.009574896101832204,0.03182171894238907,0.04143620326799355,3.6063890359490156e-08,0.04999735232572783,0.004947382758422379,0.0559558150767562,2.647674272164652e-06
software_fixture_not_chemical_prediction,627.6553106212425,4.329777696396069e-06,2.4981709261853473e-05,4.953449220643773e-06,0.0004857042951142767,3.3393644422931694e-05,6.1926124593517484e-06,0.0047188690167920145,3.6097046954740264e-08,2.6703811935501074e-06,0.957828401250246,6.833732109931935e-05,0.9579267098268732,0.00028066292717462163,0.00957440598337743,0.032178635005690216,0.041792627245949905,3.6097046954740264e-08,0.049997329618806444,0.004947123650673993,0.05595554881754535,2.6703811935501074e-06
software_fixture_not_chemical_prediction,634.869739478958,4.331164661452712e-06,2.4980401004039376e-05,4.95319568505817e-06,0.00048570377523958247,3.339190217263129e-05,6.192387992656384e-06,0.004718858977175308,3.6130232905466714e-08,2.69308866104697e-06,0.9574715280070402,6.839484552311151e-05,0.9575698925794837,0.00028107486165720004,0.009573915892177,0.032535532376514624,0.042149032558856894,3.6130232905466714e-08,0.04999730691133895,0.004946864556721572,0.05595528267554205,2.69308866104697e-06
software_fixture_not_chemical_prediction,642.0841683366733,4.332552588256924e-06,2.4979092815807455e-05,4.952942166722027e-06,0.00048570325531616245,3.339016001920909e-05,6.1921636019670204e-06,0.004718848936683934,3.616344823411632e-08,2.7157966757618276e-06,0.957114673456886,6.845240616096122e-05,0.957213094061476,0.0002814867308904816,0.00957342582818437,0.0328924110558257,0.04250541920763122,3.616344823411632e-08,0.049997284203324235,0.004946605476540919,0.0559550166508125,2.7157966757618276e-06
software_fixture_not_chemical_prediction,649.2985971943888,4.333941477798832e-06,2.4977784697032194e-05,4.952688665614134e-06,0.0004857027353439676,3.3388417962501367e-05,6.191939287315142e-06,0.004718838895316997,3.6196692963135916e-08,2.738505238801268e-06,0.9567578375988222,6.851000305088526e-05,0.956856314271927,0.00028189853488112983,0.009572935791353002,0.03324927104458684,0.04286178719318963,3.6196692963135916e-08,0.04999726149476119,0.0049463464101077775,0.055954750743422925,2.738505238801268e-06
software_fixture_not_chemical_prediction,656.5130260521042,4.33533133106856e-06,2.4976476647588077e-05,4.9524351817132795e-06,0.0004857022153229489,3.338667600234444e-05,6.1917150487322345e-06,0.004718828853073603,3.6229967114972315e-08,2.761214351271879e-06,0.9564010204318875,6.856763623090048e-05,0.9564995532099131,0.000282310273635808,0.00957244578163635,0.03360611234376143,0.04321813651644883,3.6229967114972315e-08,0.049997238785648726,0.0049460873573978215,0.05595448495343954,2.761214351271879e-06
software_fixture_not_chemical_prediction,663.7274549098197,4.336722149056233e-06,2.49751686673496e-05,4.952181714998252e-06,0.0004857016952530574,3.33849341385746e-05,6.1914908862497825e-06,0.004718818809952855,3.626327071207234e-08,2.7839240142802474e-06,0.9560442219551206,6.862530573902363e-05,0.956142810874511,0.0002827219471611795,0.00957195579898787,0.033962934954312865,0.04357446717832554,3.626327071207234e-08,0.049997216075985715,0.004945828318386659,0.05595421928092858,2.7839240142802474e-06
software_fixture_not_chemical_prediction,670.941883767535,4.338113932751976e-06,2.4973860756191244e-05,4.95192826544784e-06,0.0004857011751342441,3.338319237102815e-05,6.191266799899272e-06,0.004718808765953858,3.629660377688282e-08,2.806634228932961e-06,0.9556874421675603,6.868301161327152e-05,0.9557860872647973,0.00028313355546390775,0.009571465843361021,0.03431973887720454,0.043930779179736465,3.629660377688282e-08,0.04999719336577106,0.0049455692930498365,0.055953953725956254,2.806634228932961e-06
software_fixture_not_chemical_prediction,678.1563126252505,4.3395066831459145e-06,2.49725529139875e-05,4.951674833040834e-06,0.0004857006549664599,3.338145069954139e-05,6.191042789712187e-06,0.004718798721075716,3.632996633185057e-08,2.8293449963366083e-06,0.9553306810682454,6.874075389166095e-05,0.9554293823798488,0.0002835450985506561,0.00957097591470926,0.03467652411339986,0.04428707252159835,3.632996633185057e-08,0.049997170655003656,0.00494531028136283,0.055953688288588765,2.8293449963366083e-06
software_fixture_not_chemical_prediction,685.370741482966,4.340900401228172e-06,2.497124514061286e-05,4.951421417756022e-06,0.00048570013474965587,3.337970912395062e-05,6.190818855720013e-06,0.0047187886753175335,3.6363358399422424e-08,2.8520563175977757e-06,0.9549739386562144,6.879853261220872e-05,0.9550726962187417,0.0002839565764280879,0.009570486012986046,0.03503329066386221,0.044643347204827905,3.6363358399422424e-08,0.049997147943682395,0.004945051283301056,0.055953422968892344,2.8520563175977757e-06
software_fixture_not_chemical_prediction,692.5851703406813,4.342295087988876e-06,2.4969937435941807e-05,4.951168019572192e-06,0.000485699614483783,3.3377967644092135e-05,6.190594997954236e-06,0.004718778628678416,3.6396780002045195e-08,2.874768193823051e-06,0.9546172149305062,6.885634781293162e-05,0.9547160287805531,0.0002843679891028665,0.009569996138144831,0.035390038529554975,0.044999603230341835,3.6396780002045195e-08,0.049997125231806175,0.004944792298839857,0.05595315776693322,2.874768193823051e-06
software_fixture_not_chemical_prediction,699.7995991983968,4.3436907444181496e-06,2.496862979984883e-05,4.950914638468135e-06,0.00048569909416879226,3.337622625980224e-05,6.19037121644634e-06,0.004718768581157466,3.64302311621657e-08,2.8974806261190226e-06,0.9542605098901595,6.891419953184645e-05,0.9543593800643592,0.0002847793365816554,0.009569506290139078,0.03574676771144157,0.045355840599056875,3.64302311621657e-08,0.04999710251937388,0.004944533327954519,0.055952892682777595,2.8974806261190226e-06
software_fixture_not_chemical_prediction,707.0140280561122,4.345087371506118e-06,2.4967322232208422e-05,4.950661274422638e-06,0.0004856985738046346,3.3374484970917235e-05,6.19014751122781e-06,0.004718758532753788,3.646371190223078e-08,2.9201936155922774e-06,0.953903823534213,6.897208780696999e-05,0.9540027500692368,0.0002851906188711178,0.00956901646892224,0.036103478210485374,0.04571205931188974,3.646371190223078e-08,0.049997079806384404,0.004944274370620256,0.05595262771649168,2.9201936155922774e-06
software_fixture_not_chemical_prediction,714.2284569138277,4.3464849702429055e-06,2.4966014732895064e-05,4.950407927414491e-06,0.00048569805339126115,3.337274377727341e-05,6.189923882330132e-06,0.004718748483466488,3.649722224468724e-08,2.9429071633494033e-06,0.9535471558617055,6.903001267631907e-05,0.9536461387942626,0.00028560183597791717,0.009568526674447774,0.03646017002764979,0.046068259369757156,3.649722224468724e-08,0.049997057092836646,0.004944015426812221,0.05595236286814172,2.9429071633494033e-06
software_fixture_not_chemical_prediction,721.442885771543,4.347883541618639e-06,2.4964707301783247e-05,4.950154597422483e-06,0.00048569753292862283,3.337100267870708e-05,6.1897003297847905e-06,0.00471873843329467,3.653076221198191e-08,2.9656212704969876e-06,0.9531905068716755,6.908797417791047e-05,0.9532895462385131,0.0002860129879087169,0.009568036906669141,0.03681684316389821,0.04642444077357582,3.653076221198191e-08,0.049997034378729495,0.004943756496505499,0.05595209813779391,2.9656212704969876e-06
software_fixture_not_chemical_prediction,728.6573146292585,4.3492830866234415e-06,2.4963399938747462e-05,4.949901284425403e-06,0.00048569701241667055,3.336926167505453e-05,6.18947685362327e-06,0.004718728382237438,3.6564331826561615e-08,2.988335938141618e-06,0.952833876563162,6.914597234976099e-05,0.9529329724010651,0.00028642407467018027,0.009567547165539796,0.03717349762019403,0.04678060352426248,3.6564331826561615e-08,0.049997011664061855,0.004943497579675109,0.055951833525514465,2.988335938141618e-06
software_fixture_not_chemical_prediction,735.871743486974,4.350683606247439e-06,2.496209264366219e-05,4.949647988402038e-06,0.0004856964918553554,3.336752076615207e-05,6.189253453877057e-06,0.004718718330293896,3.659793111087317e-08,3.011051167389882e-06,0.9524772649352035,6.920400722988741e-05,0.952576417280995,0.00028683509626897076,0.009567057451013196,0.03753013339750064,0.047136747622733836,3.659793111087317e-08,0.0499969889488326,0.004943238676296006,0.055951569031369615,3.011051167389882e-06
software_fixture_not_chemical_prediction,743.0861723446894,4.352085101480757e-06,2.496078541640193e-05,4.94939470933118e-06,0.00048569597124462836,3.3365779951835996e-05,6.189030130577635e-06,0.004718708277463148,3.66315600873634e-08,3.0337669593483675e-06,0.9521206719868389,6.926207885630655e-05,0.9522198808773794,0.0002872460527117517,0.009566567763042797,0.03788675049678143,0.04749287306990662,3.66315600873634e-08,0.049996966233040646,0.004942979786343079,0.05595130465542559,3.0337669593483675e-06
software_fixture_not_chemical_prediction,750.3006012024048,4.3534875733135195e-06,2.4959478256841163e-05,4.949141447191616e-06,0.00048569545058444044,3.3364039231942606e-05,6.188806883756491e-06,0.0047186982237443,3.666521877847914e-08,3.0564833151236613e-06,0.9517640977171068,6.932018726703519e-05,0.951863363189295,0.0002876569440051864,0.00956607810158206,0.038243348918999796,0.04784897986669753,3.666521877847914e-08,0.04999694351668487,0.004942720909791154,0.055951040397748585,3.0564833151236613e-06
software_fixture_not_chemical_prediction,757.5150300601202,4.354891022735852e-06,2.4958171164854375e-05,4.9488882019621354e-06,0.0004856949298747426,3.336229860630821e-05,6.188583713445108e-06,0.004718688169136455,3.669890720666719e-08,3.0792002358223523e-06,0.951407542125046,6.937833250009014e-05,0.9515068642158184,0.00028806777015593835,0.009565588466584436,0.038599928665119146,0.048205068014023314,3.669890720666719e-08,0.04999692079976417,0.004942462046614988,0.05595077625840483,3.0792002358223523e-06
software_fixture_not_chemical_prediction,764.7294589178357,4.356295450737879e-06,2.495686414031606e-05,4.9486349736215274e-06,0.0004856944091154858,3.336055807476909e-05,6.188360619674972e-06,0.004718678113638719,3.673262539437439e-08,3.101917722551027e-06,0.9510510052096952,6.943651459348819e-05,0.9511503839560264,0.0002884785311706708,0.009565098858003388,0.03895648973610286,0.048561137512800674,3.673262539437439e-08,0.04999689808227745,0.004942203196789272,0.05595051223746053,3.101917722551027e-06
software_fixture_not_chemical_prediction,771.9438877755512,4.357700858309725e-06,2.4955557183100704e-05,4.94838176214858e-06,0.00048569388830662106,3.335881763716156e-05,6.188137602477569e-06,0.004718668057250195,3.676637336404756e-08,3.1246357764162734e-06,0.9506944869700932,6.949473358524613e-05,0.9507939224089953,0.00028888922705604727,0.00956460927579237,0.03931303213291435,0.04891718836394634,3.676637336404756e-08,0.04999687536422358,0.004941944360288638,0.05595024833498192,3.1246357764162734e-06
software_fixture_not_chemical_prediction,779.1583166332665,4.3591072464415165e-06,2.4954250293082794e-05,4.948128567522084e-06,0.00048569336744809944,3.335707729332191e-05,6.187914661884383e-06,0.004718657999969986,3.680015113813351e-08,3.147354398524679e-06,0.9503379874052785,6.955298951338077e-05,0.950437479573802,0.00028929985781873095,0.00956411971990484,0.039669555856516985,0.049273220568377005,3.680015113813351e-08,0.04999685264560147,0.004941685537087643,0.05594998455103521,3.147354398524679e-06
software_fixture_not_chemical_prediction,786.372745490982,4.360514616123378e-06,2.4952943470136822e-05,4.947875389720826e-06,0.00048569284653987186,3.335533704308644e-05,6.1876917979268995e-06,0.0047186479417971995,3.683395873907908e-08,3.1700735899828316e-06,0.94998150651429,6.96112824159089e-05,0.9500810554495229,0.00028971042346538536,0.009563630190294256,0.040026060907874174,0.049629234127009425,3.683395873907908e-08,0.04999682992641001,0.004941426727160788,0.05594972088568663,3.1700735899828316e-06
software_fixture_not_chemical_prediction,793.5871743486974,4.361922968345433e-06,2.495163671413727e-05,4.947622228723597e-06,0.00048569232558188933,3.335359688629146e-05,6.187469010636603e-06,0.004718637882730939,3.6867796189331085e-08,3.1927933518973186e-06,0.9496250442961666,6.966961233084732e-05,0.9497246500352348,0.00029012092400267385,0.009563140686914074,0.04038254728794931,0.0499852290407603,3.6867796189331085e-08,0.0499968072066481,0.0049411679304825025,0.05594945733900236,3.1927933518973186e-06
software_fixture_not_chemical_prediction,800.8016032064129,4.363332304097808e-06,2.495033002495863e-05,4.947369084509185e-06,0.0004856918045741028,3.335185682277327e-05,6.18724630004498e-06,0.004718627822770308,3.6901663511336344e-08,3.2155136853747273e-06,0.9492686007499466,6.972797929621283e-05,0.9493682633300141,0.0002905313594372597,0.009562651209717752,0.04073901499770579,0.05034120531054634,3.6901663511336344e-08,0.04999678448631462,0.004940909147027153,0.05594919391104867,3.2155136853747273e-06
software_fixture_not_chemical_prediction,808.0160320641282,4.364742624370628e-06,2.494902340247539e-05,4.947115957056378e-06,0.00048569128351646335,3.335011685236815e-05,6.187023666183513e-06,0.0047186177619144105,3.693556072754168e-08,3.2382345915216456e-06,0.948912175874669,6.978638335002222e-05,0.9490118953329376,0.00029094172977580637,0.009562161758658747,0.041095464038107,0.05069716293728428,3.693556072754168e-08,0.04999676176540847,0.00494065037676904,0.055948930601891746,3.2382345915216456e-06
software_fixture_not_chemical_prediction,815.2304609218437,4.366153930154017e-06,2.494771684656204e-05,4.946862846343967e-06,0.00048569076240892196,3.334837697491242e-05,6.1868011090836906e-06,0.004718607700162352,3.6969487860393924e-08,3.260956071444661e-06,0.9485557696693725,6.984482453029229e-05,0.9486555460430819,0.0002913520350249772,0.009561672333690515,0.04145189441011634,0.05105310192189084,3.6969487860393924e-08,0.049996739043928554,0.0049403916196824,0.05594866741159782,3.260956071444661e-06
software_fixture_not_chemical_prediction,822.4448897795592,4.367566222438101e-06,2.4946410357093064e-05,4.946609752350739e-06,0.0004856902412514295,3.334663719024237e-05,6.1865786287769945e-06,0.004718597637513237,3.700344493233989e-08,3.2836781262503614e-06,0.9481993821330958,6.990330287503982e-05,0.9482992154595236,0.0002917622751914356,0.009561182934766514,0.04180830611469721,0.051409022265282725,3.700344493233989e-08,0.049996716321873746,0.0049401328757414,0.055948404340233085,3.2836781262503614e-06
software_fixture_not_chemical_prediction,829.6593186372745,4.368979502213004e-06,2.4945103933942954e-05,4.946356675055484e-06,0.00048568972004393716,3.334489749819431e-05,6.186356225294912e-06,0.0047185875739661695,3.7037431965826404e-08,3.306400757045334e-06,0.9478430132648776,6.996181842228164e-05,0.9479429035813393,0.0002921724502818449,0.009560693561840201,0.04216469915281299,0.05176492396837666,3.7037431965826404e-08,0.04999669359924295,0.004939874144920148,0.05594814138786378,3.306400757045334e-06
software_fixture_not_chemical_prediction,836.87374749499,4.370393770468852e-06,2.4943797576986194e-05,4.946103614436992e-06,0.0004856891987863958,3.3343157898604526e-05,6.186133898668928e-06,0.004718577509520254,3.7071448983300285e-08,3.3291239649361664e-06,0.9474866630637567,7.002037121003452e-05,0.9475866104076055,0.00029258256030286844,0.009560204214865035,0.04252107352542708,0.05212080703208938,3.7071448983300285e-08,0.04999667087603506,0.004939615427192684,0.055947878554556116,3.3291239649361664e-06
software_fixture_not_chemical_prediction,844.0881763527054,4.371809028195769e-06,2.4942491286097276e-05,4.945850570474049e-06,0.00048568867747875643,3.334141839130932e-05,6.185911648930526e-06,0.004718567444174594,3.710549600720836e-08,3.3518477510294466e-06,0.9471303315287717,7.007896127631528e-05,0.947230335937399,0.0002929926052611697,0.00955971489379447,0.04287742923350289,0.05247667145733759,3.710549600720836e-08,0.04999664815224897,0.0049393567225329785,0.05594761584037634,3.3518477510294466e-06
software_fixture_not_chemical_prediction,851.3026052104209,4.37322527638388e-06,2.4941185061150686e-05,4.945597543145446e-06,0.00048568815612097006,3.3339678976145e-05,6.185689476111193e-06,0.004718557377928295,3.7139573059997455e-08,3.374572116431762e-06,0.9467740186589615,7.013758865914069e-05,0.9468740801697964,0.000293402585163412,0.009559225598581965,0.0432337662780038,0.052832517245038006,3.7139573059997455e-08,0.049996625427883565,0.004939098030914942,0.05594735324539062,3.374572116431762e-06
software_fixture_not_chemical_prediction,858.5170340681362,4.374642516023311e-06,2.4939878902020915e-05,4.945344532429973e-06,0.00048568763471298773,3.333793965294786e-05,6.185467380242413e-06,0.004718547310780461,3.7173680164114384e-08,3.397297062249699e-06,0.9464177244533646,7.019625339652756e-05,0.9465178431038741,0.00029381250001625866,0.009558736329180978,0.0435900846598932,0.05318834439610735,3.7173680164114384e-08,0.049996602702937744,0.00493883935231242,0.05594709076966522,3.397297062249699e-06
software_fixture_not_chemical_prediction,865.7314629258517,4.3760607481041866e-06,2.4938572808582448e-05,4.945091538306416e-06,0.00048568711325476033,3.3336200421554204e-05,6.185245361355671e-06,0.004718537242730196,3.720781734200597e-08,3.4200225895898474e-06,0.94606144891102,7.025495552649268e-05,0.946161624738709,0.00029422234982637307,0.009558247085544964,0.043946384380134484,0.05354415291146235,3.720781734200597e-08,0.0499965799774104,0.004938580686699186,0.05594682841326633,3.4200225895898474e-06
software_fixture_not_chemical_prediction,872.9458917835672,4.377479973616631e-06,2.4937266780709772e-05,4.944838560753566e-06,0.0004856865917462389,3.333446128180033e-05,6.1850234194824535e-06,0.004718527173776606,3.724198461611904e-08,3.4427486995587934e-06,0.9457051920309661,7.031369508705287e-05,0.9458054250733776,0.00029463213460041867,0.00955775786762738,0.044302665439691066,0.053899942792019706,3.724198461611904e-08,0.049996557251300436,0.004938322034048958,0.05594656617626016,3.4427486995587934e-06
software_fixture_not_chemical_prediction,880.1603206412826,4.3789001935507695e-06,2.4935960818277382e-05,4.944585599750211e-06,0.0004856860701873745,3.333272223352253e-05,6.184801554654243e-06,0.004718517103918793,3.727618200890042e-08,3.4654753932631254e-06,0.9453489538122419,7.037247211622491e-05,0.9454492441069565,0.0002950418543450588,0.009557268675381685,0.04465892783952632,0.05425571403869617,3.727618200890042e-08,0.049996534524606735,0.004938063394335381,0.05594630405871296,3.4654753932631254e-06
software_fixture_not_chemical_prediction,887.374749498998,4.3803214088967275e-06,2.493465492115976e-05,4.944332655275141e-06,0.000485685548578118,3.3330983276557115e-05,6.184579766902528e-06,0.004718507033155863,3.731040954279692e-08,3.4882026718094297e-06,0.944992734253886,7.043128665202558e-05,0.9450930818385224,0.0002954515090669568,0.009556779508761337,0.04501517158060364,0.05461146665240842,3.731040954279692e-08,0.04999651179732818,0.004937804767532038,0.05594604206069093,3.4882026718094297e-06
software_fixture_not_chemical_prediction,894.5891783567134,4.381743622290896e-06,2.493334908907848e-05,4.944079727282776e-06,0.0004856850269180567,3.332924441057046e-05,6.18435805632929e-06,0.00471849696148567,3.7344667281731e-08,3.510930537758108e-06,0.9446365333575416,7.0490138793542e-05,0.9447369382698171,0.00029586109875204925,0.00955629036767654,0.04537139666128512,0.05496720063142854,3.7344667281731e-08,0.04999648906946223,0.004937546153665681,0.055945780182360856,3.510930537758108e-06
software_fixture_not_chemical_prediction,901.8036072144289,4.3831668340665e-06,2.4932043321968427e-05,4.943826815761503e-06,0.00048568450520728194,3.33275056354658e-05,6.1841364229377315e-06,0.004718486888907984,3.737895522250164e-08,3.5336589913173305e-06,0.9442803511206413,7.054902855441109e-05,0.9443808133982871,0.00029627062341578065,0.00955580125209785,0.045727603084138584,0.05532291597829482,3.737895522250164e-08,0.049996466341008676,0.0049372875526881976,0.05594551842374819,3.5336589913173305e-06
software_fixture_not_chemical_prediction,909.0180360721444,4.384591044422902e-06,2.493073761977797e-05,4.9435739207019055e-06,0.0004856839834459291,3.332576695116063e-05,6.183914866725401e-06,0.004718476815422543,3.7413273365475735e-08,3.556388032819981e-06,0.9439241875408394,7.060795594337659e-05,0.944024707221595,0.00029668008307508095,0.009555312161999207,0.04608379085151056,0.055678612695327645,3.7413273365475735e-08,0.04999644361196717,0.004937028964547291,0.0559452567848718,3.556388032819981e-06
software_fixture_not_chemical_prediction,916.2324649298597,4.386016254418193e-06,2.4929431982375914e-05,4.943321042081893e-06,0.00048568346163394607,3.332402835748399e-05,6.183693387726648e-06,0.004718466741028399,3.7447621734532474e-08,3.579117663422992e-06,0.9435680426172653,7.066692100104866e-05,0.9436686197389109,0.000297089477735988,0.00955482309733199,0.04643995996427363,0.056034290783350815,3.7447621734532474e-08,0.04999642088233657,0.004936770389218427,0.05594499526580327,3.579117663422992e-06
software_fixture_not_chemical_prediction,923.4468937875752,4.387442465110462e-06,2.492812640963105e-05,4.943068179879378e-06,0.0004856829397712807,3.332228985426491e-05,6.183471985975822e-06,0.004718456665724605,3.748200035355108e-08,3.6018478842832974e-06,0.9432119163490488,7.07259237680375e-05,0.943312550949405,0.00029749880740453954,0.009554334058047577,0.04679611042330036,0.056389950243188165,3.748200035355108e-08,0.04999639815211571,0.004936511826676999,0.055944733866614235,3.6018478842832974e-06
software_fixture_not_chemical_prediction,930.6613226452906,4.388869677557802e-06,2.4926820901412186e-05,4.942815334072271e-06,0.0004856824178578807,3.33205514413324e-05,6.1832506615072756e-06,0.004718446589510211,3.751640924641075e-08,3.6245786965578303e-06,0.9428558087353194,7.078496428495326e-05,0.9429565008522475,0.0002979080720867733,0.009553845044097346,0.04715224222946334,0.056745591075663515,3.751640924641075e-08,0.04999637542130344,0.004936253276898333,0.055944472587376254,3.6245786965578303e-06
software_fixture_not_chemical_prediction,937.875751503006,4.390297892818303e-06,2.4925515457588118e-05,4.9425625046384835e-06,0.00048568189589369415,3.331881311851551e-05,6.1830294143553575e-06,0.004718436512384269,3.755084843699069e-08,3.647310101403523e-06,0.9424997197752069,7.084404259240614e-05,0.9426004694466084,0.00029831727178872714,0.009553356055432678,0.04750835538363513,0.05710121328160067,3.755084843699069e-08,0.04999635268989859,0.004935994739857684,0.05594421142816099,3.647310101403523e-06
software_fixture_not_chemical_prediction,945.0901803607214,4.391727111950056e-06,2.492421007802765e-05,4.942309691555926e-06,0.00048568137387866876,3.331707488564325e-05,6.182808244554419e-06,0.004718426434345831,3.7585317949170106e-08,3.6700420999773095e-06,0.9421436494678409,7.090315873100632e-05,0.9422444567316578,0.0002987264065164388,0.009552867092004954,0.04786444988668833,0.05745681686182347,3.7585317949170106e-08,0.049996329957900015,0.004935736215530237,0.05594395038904,3.6700420999773095e-06
software_fixture_not_chemical_prediction,952.3046092184369,4.393157336011153e-06,2.492290476259958e-05,4.9420568948025106e-06,0.0004856808518127525,3.3315336742544665e-05,6.182587152138809e-06,0.004718416355393948,3.761981780682821e-08,3.692774693436122e-06,0.9417875978123511,7.096231274136396e-05,0.941888462706566,0.00029913547627594605,0.00955237815376555,0.04822052573949551,0.057812401817155724,3.761981780682821e-08,0.049996307225306555,0.004935477703891108,0.05594368947008493,3.692774693436122e-06
software_fixture_not_chemical_prediction,959.5190380761524,4.394588566059684e-06,2.492159951117271e-05,4.941804114356149e-06,0.0004856803296958931,3.331359868904877e-05,6.18236613714288e-06,0.004718406275527672,3.76543480338442e-08,3.7155078829368945e-06,0.9414315648078672,7.102150466408926e-05,0.9415324873705032,0.0002995444810732867,0.009551889240665844,0.04857658294292923,0.05816796814842125,3.76543480338442e-08,0.04999628449211706,0.004935219204915341,0.05594342867136733,3.7155078829368945e-06
software_fixture_not_chemical_prediction,966.7334669338677,4.396020803153741e-06,2.492029432361584e-05,4.94155135019475e-06,0.00048567980752803856,3.331186072498459e-05,6.18214519960098e-06,0.004718396194746055,3.768890865409729e-08,3.7382416696365587e-06,0.9410755504535188,7.108073453979238e-05,0.9411765307226393,0.0002999534209144985,0.00955140035265722,0.04893262149786208,0.05852351585644387,3.768890865409729e-08,0.04999626175833036,0.004934960718577911,0.05594316799295885,3.7382416696365587e-06
software_fixture_not_chemical_prediction,973.9478957915832,4.3974540483514145e-06,2.491898919979777e-05,4.941298602296227e-06,0.00048567928530913665,3.331012285018117e-05,6.181924339547461e-06,0.004718386113048147,3.772349969146668e-08,3.7609760546920495e-06,0.9407195547484355,7.114000240908351e-05,0.9408205927621447,0.00030036229580561924,0.009550911489691054,0.049288641405166644,0.05887904494204741,3.772349969146668e-08,0.0499962390239453,0.004934702244853724,0.05594290743493106,3.7609760546920495e-06
software_fixture_not_chemical_prediction,981.1623246492986,4.398888302710796e-06,2.49176841395873e-05,4.94104587063849e-06,0.00048567876303913526,3.330838506446753e-05,6.181703557016672e-06,0.004718376030433001,3.775812116983158e-08,3.783711039260298e-06,0.940363577691747,7.119930831257284e-05,0.9404646734881893,0.00030077110575268663,0.009550422651718725,0.04964464266571549,0.05923455540605568,3.775812116983158e-08,0.04999621628896073,0.0049344437837176135,0.05594264699735559,3.783711039260298e-06
software_fixture_not_chemical_prediction,988.3767535070141,4.400323567289975e-06,2.491637914285323e-05,4.940793155199452e-06,0.00048567824071798224,3.3306647367672695e-05,6.181482852042964e-06,0.0047183659468996685,3.7792773113071186e-08,3.806446624498239e-06,0.940007619282583,7.125865229087052e-05,0.9401087728999434,0.00030117985076173856,0.009549933838691614,0.050000625280381204,0.05959004724929252,3.7792773113071186e-08,0.04999619355337549,0.004934185335144346,0.05594238668030405,3.806446624498239e-06
software_fixture_not_chemical_prediction,995.5911823647294,4.401759843147044e-06,2.4915074209464363e-05,4.940540455957021e-06,0.0004856777183456255,3.330490975962569e-05,6.181262224660688e-06,0.0047183558624472,3.782745554506472e-08,3.829182811562804e-06,0.9396516795200732,7.131803438458675e-05,0.9397528909965772,0.0003015885308388127,0.009549445050561099,0.050356589250036346,0.05994552047258172,3.782745554506472e-08,0.04999617081718843,0.004933926899108617,0.055942126483848026,3.829182811562804e-06
software_fixture_not_chemical_prediction,1002.8056112224449,4.403197131340094e-06,2.49137693392895e-05,4.940287772889111e-06,0.00048567719592201283,3.330317224015556e-05,6.181041674904193e-06,0.004718345777074648,3.786216848969137e-08,3.851919601610928e-06,0.9392957584033473,7.13774546343317e-05,0.9393970277772606,0.00030199714598994694,0.009548956287278558,0.05071253457555352,0.06030097507674712,3.786216848969137e-08,0.04999614808039838,0.004933668475585052,0.05594186640805913,3.851919601610928e-06
software_fixture_not_chemical_prediction,1010.0200400801604,4.404635432927216e-06,2.4912464532197435e-05,4.940035105973633e-06,0.00048567667344709214,3.330143480909131e-05,6.18082120280783e-06,0.004718335690781064,3.7896911970830366e-08,3.874656995799543e-06,0.9389398559315347,7.143691308071555e-05,0.939041183241164,0.00030240569622117896,0.009548467548795372,0.05106846125780528,0.06065641106261254,3.7896911970830366e-08,0.0499961253430042,0.0049334100645482045,0.055941606453008955,3.874656995799543e-06
software_fixture_not_chemical_prediction,1017.2344689378758,4.4060747489665005e-06,2.4911159788056978e-05,4.939782455188496e-06,0.00048567615092081127,3.3299697466261985e-05,6.180600808405951e-06,0.0047183256035654994,3.793168601236089e-08,3.8973949952855804e-06,0.9385839721037654,7.149640976434849e-05,0.9386853573874574,0.0003028141815385466,0.00954797883506292,0.05142436929766422,0.061011828431001794,3.793168601236089e-08,0.04999610260500471,0.004933151665972562,0.055941346618769115,3.8973949952855804e-06
software_fixture_not_chemical_prediction,1024.4488977955912,4.407515080516039e-06,2.4909855106736923e-05,4.939529820511614e-06,0.00048567562834311807,3.329796021149661e-05,6.1803804917329035e-06,0.0047183155154270065,3.796649063816216e-08,3.920133601225976e-06,0.9382281069191688,7.155594472584068e-05,0.938329550215311,0.0003032226019480876,0.00954749014603258,0.0517802586960029,0.061367227182738696,3.796649063816216e-08,0.04999607986639877,0.004932893279832541,0.05594108690541122,3.920133601225976e-06
software_fixture_not_chemical_prediction,1031.6633266533067,4.408956428633922e-06,2.490855048810607e-05,4.939277201920896e-06,0.00048567510571396045,3.329622304462421e-05,6.180160252823039e-06,0.004718305426364635,3.800132587211338e-08,3.942872814777662e-06,0.9378722603768748,7.161551800580231e-05,0.9379737617238948,0.0003036309574558397,0.009547001481655734,0.05213612945369392,0.06172260731864708,3.800132587211338e-08,0.04999605712718522,0.004932634906102484,0.055940827313006855,3.942872814777662e-06
software_fixture_not_chemical_prediction,1038.877755511022,4.410398794378242e-06,2.4907245932033223e-05,4.9390245993942545e-06,0.00048567458303328627,3.329448596547381e-05,6.179940091710708e-06,0.004718295336377438,3.803619173809375e-08,3.96561263709757e-06,0.9375164324760128,7.167512964484355e-05,0.9376179919123792,0.00030403924806784077,0.009546512841883757,0.05249198157160983,0.06207796883955075,3.803619173809375e-08,0.04999603438736289,0.004932376544756669,0.05594056784162765,3.96561263709757e-06
software_fixture_not_chemical_prediction,1046.0921843687374,4.411842178807089e-06,2.490594143838718e-05,4.9387720129096e-06,0.0004856740603010433,3.329274897387445e-05,6.179720008430261e-06,0.004718285245464467,3.8071088259982495e-08,3.9883530693426355e-06,0.9371606232157126,7.173477968357458e-05,0.937262240779934,0.00030444747379012856,0.009546024226668032,0.05284781505062322,0.06243331174627354,3.8071088259982495e-08,0.04999601164693065,0.004932118195769302,0.05594030849134519,3.9883530693426355e-06
software_fixture_not_chemical_prediction,1053.306613226453,4.413286582978553e-06,2.4904637007036743e-05,4.938519442444843e-06,0.0004856735375171795,3.329101206965514e-05,6.179500003016048e-06,0.0047182751536247736,3.8106015461658796e-08,4.01109411266979e-06,0.9368048325951038,7.17944681626056e-05,0.9369065083257297,0.00030485563462874076,0.009545535635959935,0.05320362989160668,0.06278863603963927,3.8106015461658796e-08,0.04999598890588732,0.0049318598591145185,0.05594004926223108,4.01109411266979e-06
software_fixture_not_chemical_prediction,1060.5210420841684,4.414732007950727e-06,2.4903332637850714e-05,4.938266887977897e-06,0.0004856730146816427,3.328927525264493e-05,6.1792800755024185e-06,0.004718265060857408,3.814097336700188e-08,4.033835768235967e-06,0.9364490606133161,7.185419512254676e-05,0.9365507945489362,0.00030526373058971525,0.009545047069710847,0.05355942609543277,0.06314394172047175,3.814097336700188e-08,0.049995966164231756,0.004931601534766386,0.05593979015435694,4.033835768235967e-06
software_fixture_not_chemical_prediction,1067.7354709418837,4.416178454781701e-06,2.4902028330697888e-05,4.9380143494866715e-06,0.00048567249179438075,3.328753852267283e-05,6.179060225923725e-06,0.004718254967161424,3.8175961999890936e-08,4.056578037198099e-06,0.9360933072694793,7.191396060400824e-05,0.9361950994487238,0.0003056717616790898,0.009544558527872147,0.05391520366297407,0.06349922878959481,3.8175961999890936e-08,0.04999594342196279,0.0049313432226989005,0.05593953116779435,4.056578037198099e-06
software_fixture_not_chemical_prediction,1074.9498997995993,4.417625924529566e-06,2.490072408544707e-05,4.937761826949077e-06,0.0004856719688553415,3.328580187956788e-05,6.178840454314316e-06,0.004718244872535871,3.821098138420518e-08,4.07932092071312e-06,0.9357375725627228,7.197376464760025e-05,0.9358394230242626,0.00030607972790290213,0.009544070010395214,0.05427096259510318,0.06385449724783226,3.821098138420518e-08,0.04999592067907928,0.004931084922885988,0.05593927230261495,4.07932092071312e-06
software_fixture_not_chemical_prediction,1082.1643286573146,4.419074418252413e-06,2.4899419901967062e-05,4.937509320343027e-06,0.0004856714458644729,3.3284065323159095e-05,6.1786207607085426e-06,0.004718234776979802,3.8246031543823816e-08,4.102064419937963e-06,0.9353818564921764,7.203360729393293e-05,0.9354837652747225,0.00030648762926719004,0.009543581517231427,0.05462670289269264,0.06420974709600792,3.8246031543823816e-08,0.049995897935580055,0.004930826635301505,0.055939013558890305,4.102064419937963e-06
software_fixture_not_chemical_prediction,1089.37875751503,4.420523937008334e-06,2.4898115780126657e-05,4.937256829646431e-06,0.0004856709228217227,3.328232885327552e-05,6.178401145140754e-06,0.004718224680492268,3.8281112502626055e-08,4.124808536029559e-06,0.9350261590569698,7.209348858361649e-05,0.9351281261992741,0.00030689546577799127,0.009543093048332165,0.054982424556615055,0.06456497833494562,3.8281112502626055e-08,0.049995875191463965,0.00493056835991924,0.05593875493669204,4.124808536029559e-06
software_fixture_not_chemical_prediction,1096.5931863727455,4.421974481855419e-06,2.4896811719794665e-05,4.9370043548372e-06,0.0004856703997270388,3.328059246974617e-05,6.178181607645302e-06,0.0047182145830723205,3.831622428449109e-08,4.147553270144845e-06,0.9346704802562327,7.21534085572611e-05,0.9347725057970871,0.0003073032374413437,0.00954260460364881,0.055338127587743,0.0649201909654692,3.831622428449109e-08,0.04999585244672985,0.004930310096712909,0.05593849643609175,4.147553270144845e-06
software_fixture_not_chemical_prediction,1103.807615230461,4.42342605385176e-06,2.489550772083988e-05,4.936751895893247e-06,0.0004856698765803691,3.3278856172400075e-05,6.177962148256537e-06,0.004718204484719012,3.835136691329814e-08,4.1702986234407505e-06,0.9343148200890945,7.221336725547692e-05,0.934416904067332,0.000307710944263285,0.009542116183132734,0.05569381198694903,0.06527538498840241,3.835136691329814e-08,0.04999582970137655,0.004930051845656159,0.05593823805716106,4.1702986234407505e-06
software_fixture_not_chemical_prediction,1111.0220440881765,4.424878654055446e-06,2.4894203783131102e-05,4.936499452792481e-06,0.0004856693533816614,3.3277119961066275e-05,6.177742767008808e-06,0.004718194385431393,3.838654041292641e-08,4.1930445970742105e-06,0.9339591785546851,7.227336471887415e-05,0.9340613210091787,0.00030811858624985305,0.009541627786735325,0.056049477755105756,0.06563056040456915,3.838654041292641e-08,0.04999580695540292,0.004929793606722571,0.055937979799971546,4.1930445970742105e-06
software_fixture_not_chemical_prediction,1118.2364729458918,4.426332283524571e-06,2.4892899906537138e-05,4.936247025512814e-06,0.0004856688301308636,3.327538383557378e-05,6.177523463936467e-06,0.004718184285208515,3.842174480725509e-08,4.215791192202157e-06,0.9336035556521342,7.233340098806294e-05,0.9337057566217974,0.00030852616340708554,0.009541139414407956,0.05640512489308573,0.06598571721479318,3.842174480725509e-08,0.04999578420880779,0.004929535379885649,0.05593772166459485,4.215791192202157e-06
software_fixture_not_chemical_prediction,1125.4509018036072,4.427786943317224e-06,2.489159609092678e-05,4.935994614032158e-06,0.00048566830682792355,3.3273647795751636e-05,6.177304239073862e-06,0.0047181741840494305,3.845698012016341e-08,4.238538409981523e-06,0.9332479513805713,7.239347610365351e-05,0.9333502109043583,0.0003089336757410203,0.009540651066102008,0.05676075340176153,0.06634085541989836,3.845698012016341e-08,0.04999576146159001,0.004929277165118831,0.05593746365110251,4.238538409981523e-06
software_fixture_not_chemical_prediction,1132.6653306613227,4.429242634491496e-06,2.4890292336168833e-05,4.935742218328423e-06,0.0004856677834727891,3.3271911841428854e-05,6.177085092455346e-06,0.004718164081953191,3.849224637553056e-08,4.261286251569244e-06,0.932892365739126,7.245359010625602e-05,0.9329946838560316,0.00030934112325769504,0.009540162741768861,0.057116363282005755,0.0666959750207085,3.849224637553056e-08,0.049995738713748426,0.004929018962395488,0.0559372057595662,4.261286251569244e-06
software_fixture_not_chemical_prediction,1139.879759519038,4.4306993581054795e-06,2.48889886421321e-05,4.935489838379521e-06,0.00048566726006540813,3.327017597243448e-05,6.1768660241152665e-06,0.004718153978918847,3.852754359723575e-08,4.28403471812225e-06,0.9325367987269282,7.251374303648064e-05,0.9326391754759872,0.0003097485059631476,0.009539674441359895,0.05747195453469096,0.06705107601804738,3.852754359723575e-08,0.04999571596528187,0.0049287607716889175,0.0559369479900575,4.28403471812225e-06
software_fixture_not_chemical_prediction,1147.0941883767534,4.432157115217264e-06,2.4887685008685375e-05,4.935237474163363e-06,0.0004856667366057285,3.326844018859753e-05,6.176647034087977e-06,0.004718143874945451,3.856287180915818e-08,4.306783810797474e-06,0.9321812503431075,7.257393493493756e-05,0.9322836857633954,0.00031015582386341575,0.009539186164826486,0.05782752716068973,0.06740615841273889,3.856287180915818e-08,0.0499956932161892,0.004928502592972348,0.05593669034264799,4.306783810797474e-06
software_fixture_not_chemical_prediction,1154.308617234469,4.433615906884942e-06,2.4886381435697466e-05,4.9349851256578595e-06,0.00048566621309369806,3.3266704489747025e-05,6.176428122407825e-06,0.004718133770032054,3.8598231035177063e-08,4.329533530751853e-06,0.9318257205867934,7.263416584223694e-05,0.9319282147174264,0.00031056307696453726,0.009538697912120015,0.058183081160874645,0.0677612222056068,3.8598231035177063e-08,0.049995670466469244,0.004928244426218939,0.055936432817409315,4.329533530751853e-06
software_fixture_not_chemical_prediction,1161.5230460921844,4.435075734166603e-06,2.4885077923037167e-05,4.934732792840923e-06,0.0004856656895292647,3.326496887571201e-05,6.176209289109163e-06,0.004718123664177708,3.863362129917161e-08,4.352283879142315e-06,0.9314702094571157,7.269443579898898e-05,0.9315727623372502,0.0003109702652725499,0.009538209683191861,0.058538616536118276,0.06811626739747495,3.863362129917161e-08,0.049995647716120854,0.004927986271401779,0.05593617541441306,4.352283879142315e-06
software_fixture_not_chemical_prediction,1168.7374749498997,4.4365365981203394e-06,2.4883774470573283e-05,4.9344804756904635e-06,0.00048566516591237626,3.326323334632151e-05,6.1759905342263395e-06,0.004718113557381465,3.866904262502102e-08,4.375034857125796e-06,0.931114716953204,7.275474484580385e-05,0.9312173286220371,0.00031137738879349143,0.009537721477993403,0.058894133287293204,0.06847129398916715,3.866904262502102e-08,0.04999562496514287,0.004927728128493888,0.05593591813373082,4.375034857125796e-06
software_fixture_not_chemical_prediction,1175.9519038076153,4.437998499804242e-06,2.488247107817461e-05,4.934228174184393e-06,0.0004856646422429806,3.3261497901404546e-05,6.175771857793706e-06,0.004718103449642375,3.87044950366045e-08,4.397786465859229e-06,0.930759243074188,7.281509302329175e-05,0.930861913570957,0.00031178444753339967,0.009537233296476022,0.05924963141527202,0.06882630198150723,3.87044950366045e-08,0.049995602213534135,0.0049274699974682186,0.05593566097543422,4.397786465859229e-06
software_fixture_not_chemical_prediction,1183.1663326653306,4.439461440276401e-06,2.4881167745709953e-05,4.9339758883006225e-06,0.0004856641185210256,3.3259762540790156e-05,6.175553259845613e-06,0.004718093340959491,3.873997855780125e-08,4.420538706499547e-06,0.9304037878191974,7.287548037206282e-05,0.9305065171831804,0.0003121914414983123,0.009536745138591093,0.05960511092092728,0.069181291375319,3.873997855780125e-08,0.049995579461293495,0.004927211878297647,0.05593540393959483,4.420538706499547e-06
software_fixture_not_chemical_prediction,1190.3807615230462,4.440925420594908e-06,2.487986447304811e-05,4.933723618017063e-06,0.00048566359474645906,3.3258027264307354e-05,6.17533474041641e-06,0.004718083231331865,3.8775493212490487e-08,4.4432915802036825e-06,0.9300483511873618,7.293590693272725e-05,0.9301511394578772,0.00031259837069426725,0.00953625700429,0.05996057180513158,0.06953626217142629,3.8775493212490487e-08,0.04999555670841979,0.004926953770954987,0.05593514702628429,4.4432915802036825e-06
software_fixture_not_chemical_prediction,1197.5951903807616,4.442390441817854e-06,2.487856126005788e-05,4.933471363311626e-06,0.00048566307091922893,3.3256292071785175e-05,6.175116299540447e-06,0.004718073120758547,3.8811039024551414e-08,4.466045088128568e-06,0.9296929331778109,7.299637274589523e-05,0.9297957803942175,0.0003130052351273022,0.009535768893524118,0.06031601406875747,0.0698912143706529,3.8811039024551414e-08,0.04999553395491187,0.004926695675412977,0.055934890235574186,4.466045088128568e-06
software_fixture_not_chemical_prediction,1204.809619238477,4.4438565050033305e-06,2.487725810660807e-05,4.933219124162222e-06,0.00048566254703928305,3.3254556963052654e-05,6.174897937252076e-06,0.004718063009238589,3.884661601786323e-08,4.488799231431137e-06,0.9293375337896743,7.305687785217694e-05,0.9294404399913716,0.00031341203480345493,0.00953528080624483,0.06067143771267755,0.07024614797382267,3.884661601786323e-08,0.04999551120076856,0.004926437591644291,0.055934633567536134,4.488799231431137e-06
software_fixture_not_chemical_prediction,1212.0240480961925,4.445323611209428e-06,2.4875955012567472e-05,4.932966900546763e-06,0.0004856620231065692,3.325282193793881e-05,6.174679653585646e-06,0.004718052896771043,3.888222421630515e-08,4.511554011268323e-06,0.9289821530220816,7.311742229218256e-05,0.9290851182485095,0.00031381876972876325,0.009534792742403512,0.0610268427377644,0.07060106298175943,3.888222421630515e-08,0.04999548844598872,0.004926179519621529,0.05593437702224173,4.511554011268323e-06
software_fixture_not_chemical_prediction,1219.2384769539078,4.446791761494237e-06,2.487465197780489e-05,4.93271469244316e-06,0.0004856614991210353,3.325108699627268e-05,6.174461448575508e-06,0.004718042783354961,3.891786364375637e-08,4.53430942879706e-06,0.9286267908741627,7.317800610652225e-05,0.9287298151648015,0.0003142254399092649,0.009534304701951544,0.06138222914489058,0.07095595939528697,3.891786364375637e-08,0.04999546569057119,0.004925921459317224,0.055934120599762584,4.53430942879706e-06
software_fixture_not_chemical_prediction,1226.4529058116232,4.44826095691585e-06,2.4873349002189128e-05,4.932462499829323e-06,0.0004856609750826293,3.324935213788328e-05,6.174243322256012e-06,0.004718032668989394,3.895353432409611e-08,4.557065485174279e-06,0.9282714473450471,7.32386293358062e-05,0.9283745307394176,0.00031463204535099766,0.009533816684840307,0.06173759693492868,0.07131083721522913,3.895353432409611e-08,0.04999544293451482,0.004925663410703837,0.05593386430017028,4.557065485174279e-06
software_fixture_not_chemical_prediction,1233.6673346693387,4.449731198532357e-06,2.487204608558898e-05,4.932210322683166e-06,0.0004856604509912989,3.324761736259964e-05,6.174025274661508e-06,0.004718022553673393,3.898923628120357e-08,4.5798221815569145e-06,0.9279161224338645,7.32992920206446e-05,0.928019264971528,0.0003150385860599994,0.009533328691021177,0.06209294610875128,0.07166569644240972,3.898923628120357e-08,0.04999542017781844,0.004925405373753761,0.055933608123536455,4.5798221815569145e-06
software_fixture_not_chemical_prediction,1240.881763527054,4.4512024874018494e-06,2.4870743227873252e-05,4.931958160982597e-06,0.0004856599268469921,3.3245882670250805e-05,6.173807305826347e-06,0.0047180124374060104,3.9024969538957946e-08,4.6025795191018995e-06,0.9275608161397444,7.33599942016476e-05,0.9276640178603028,0.00031544506204230773,0.009532840720445537,0.06244827666723095,0.07202053707765256,3.9024969538957946e-08,0.04999539742048089,0.004925147348439321,0.05593335206993269,4.6025795191018995e-06
software_fixture_not_chemical_prediction,1248.0961923847697,4.452674824582418e-06,2.486944042891074e-05,4.931706014705529e-06,0.00048565940264965667,3.324414806066579e-05,6.173589415784879e-06,0.004718002320186297,3.9060734121238456e-08,4.625337498966166e-06,0.9272055284618168,7.342073591942541e-05,0.9273087894049122,0.00031585147330396055,0.009532352773064762,0.06280358861124027,0.07237535912178149,3.9060734121238456e-08,0.04999537466250103,0.004924889334732768,0.05593309613943061,4.625337498966166e-06
software_fixture_not_chemical_prediction,1255.310621242485,4.454148211132154e-06,2.4868137688570248e-05,4.9314538838298736e-06,0.0004856588783992405,3.324241353367362e-05,6.173371604571454e-06,0.004717992202013306,3.90965300519243e-08,4.648096122306648e-06,0.9268502593992111,7.34815172145882e-05,0.9269535796045264,0.0003162578198509956,0.009531864848830235,0.06315888194165181,0.07273016257562029,3.90965300519243e-08,0.04999535190387769,0.004924631332606288,0.05593284033210178,4.648096122306648e-06
software_fixture_not_chemical_prediction,1262.5250501002004,4.455622650220164e-06,2.4866835006522048e-05,4.9312017683018e-06,0.00048565835409519737,3.324067908888064e-05,6.173153872309977e-06,0.004717982082884684,3.9132357398357835e-08,4.67085539179017e-06,0.9264950089536975,7.354233820606494e-05,0.9265983884610343,0.00031666410166407703,0.009531376947637043,0.0635141566567012,0.07308494743729942,3.9132357398357835e-08,0.0499953291446082,0.00492437334209752,0.0559325846481432,4.67085539179017e-06
software_fixture_not_chemical_prediction,1269.739478957916,4.457098142255251e-06,2.486553238269655e-05,4.930949668109099e-06,0.0004856578297376437,3.3238944726182784e-05,6.172936219006969e-06,0.004717971962800086,3.9168216161039446e-08,4.69361530776233e-06,0.9261397771229913,7.360319891051955e-05,0.9262432159721673,0.0003170703187580269,0.009530889069453125,0.06386941275867415,0.07343971370907244,3.9168216161039446e-08,0.04999530638469223,0.004924115363157895,0.05593232908758943,4.69361530776233e-06
software_fixture_not_chemical_prediction,1276.9539078156313,4.458574687135744e-06,2.48642298170724e-05,4.9306975832472806e-06,0.00048565730532681533,3.3237210445530834e-05,6.172718644647482e-06,0.004717961841759366,3.9204106337658176e-08,4.716375870470567e-06,0.9257845639046332,7.366409932564171e-05,0.9258880621354639,0.00031747647115326817,0.009530401214260317,0.06422465025003009,0.07379446139338057,3.9204106337658176e-08,0.04999528362412952,0.004923857395723238,0.05593207365044492,4.716375870470567e-06
software_fixture_not_chemical_prediction,1284.1683366733466,4.4600522859977086e-06,2.4862927309511825e-05,4.930445513693236e-06,0.0004856567808626567,3.323547624674537e-05,6.1725011492691325e-06,0.004717951719761517,3.924002795370488e-08,4.7391370811279725e-06,0.9254293692978517,7.372503949501886e-05,0.9255329269501963,0.00031788255885515135,0.009529913382007585,0.06457986913154272,0.0741491904909463,3.924002795370488e-08,0.04999526086291886,0.004923599439767827,0.0559318183367874,4.7391370811279725e-06
software_fixture_not_chemical_prediction,1291.3827655310622,4.46153093997721e-06,2.4861624859877035e-05,4.9301934594238594e-06,0.000485656256345112,3.323374212964697e-05,6.172283732909541e-06,0.00471794159680553,3.927598103467043e-08,4.7618989409476385e-06,0.9250741933018756,7.378601946223846e-05,0.9251778104156365,0.0003182885818690268,0.00952942557264389,0.06493506940398575,0.07450390100249218,3.927598103467043e-08,0.04999523810105905,0.00492334149526586,0.05593156314669465,4.7618989409476385e-06
software_fixture_not_chemical_prediction,1298.5971943887776,4.463010650210314e-06,2.4860322468030254e-05,4.929941420416044e-06,0.00048565573177412555,3.3232008094056224e-05,6.172066395606324e-06,0.004717931472890398,3.9311965606045695e-08,4.784661451142656e-06,0.9247190359159334,7.384703927088795e-05,0.9248227125310569,0.00031869454020024506,0.0095289377861182,0.06529025106813285,0.0748585929287407,3.9311965606045695e-08,0.04999521533854885,0.00492308356219146,0.05593130808024447,4.784661451142656e-06
software_fixture_not_chemical_prediction,1305.811623246493,4.4644914178330864e-06,2.4859020133833698e-05,4.929689396646681e-06,0.0004856552071496416,3.323027413979369e-05,6.171849137397101e-06,0.004717921348015112,3.934798169332153e-08,4.807424612926115e-06,0.924363897139254,7.390809896455476e-05,0.9244676332957292,0.0003191004338541564,0.00952845002237948,0.06564541412475774,0.0752132662704144,3.934798169332153e-08,0.049995192575387065,0.004922825640518677,0.0559310531375146,4.807424612926115e-06
software_fixture_not_chemical_prediction,1313.0260521042085,4.465973243981593e-06,2.4857717857149584e-05,4.9294373880926665e-06,0.0004856546824716044,3.322854026667995e-05,6.1716319583194886e-06,0.004717911222178664,3.9384029321988805e-08,4.830188427511109e-06,0.924008776971066,7.396919858682634e-05,0.9241125727089259,0.00031950626283611133,0.00952796228137669,0.06600055857463412,0.07556792102823578,3.9384029321988805e-08,0.04999516981157248,0.004922567730221483,0.05593079831858277,4.830188427511109e-06
software_fixture_not_chemical_prediction,1320.2404809619238,4.467456129791899e-06,2.4856415637840135e-05,4.9291853947308915e-06,0.0004856541577399583,3.3226806474535594e-05,6.171414858411107e-06,0.004717901095380047,3.9420108517538394e-08,4.852952896110728e-06,0.9236536754105981,7.403033818129015e-05,0.923757530769919,0.0003199120271514602,0.0095274745630588,0.06635568441853565,0.07592255720292738,3.9420108517538394e-08,0.04999514704710388,0.0049223098312737796,0.05593054362352679,4.852952896110728e-06
software_fixture_not_chemical_prediction,1327.4549098196394,4.468940076400071e-06,2.4855113475767562e-05,4.928933416538248e-06,0.0004856536329546476,3.322507276318119e-05,6.171197837709573e-06,0.004717890967618251,3.945621930546116e-08,4.875718019938063e-06,0.9232985924570789,7.409151779153363e-05,0.9234025074779805,0.00032031772680555354,0.009526986867374774,0.06671079165723606,0.0762771747952117,3.945621930546116e-08,0.04999512428198005,0.004922051943649388,0.05593028905242442,4.875718019938063e-06
software_fixture_not_chemical_prediction,1334.6693386773547,4.470425084942175e-06,2.4853811370794093e-05,4.928681453491632e-06,0.00048565310811561646,3.322333913243731e-05,6.170980896252505e-06,0.004717880838892269,3.9492361711247954e-08,4.898483800206204e-06,0.9229435281097371,7.415273746114421e-05,0.9230475028323828,0.0003207233618037417,0.009526499194273575,0.06706588029150902,0.07663177380581127,3.9492361711247954e-08,0.049995101516199784,0.004921794067322059,0.05593003460535341,4.898483800206204e-06
software_fixture_not_chemical_prediction,1341.88376753507,4.471911156554274e-06,2.4852509322781936e-05,4.928429505567934e-06,0.00048565258322280923,3.3221605582124546e-05,6.170764034077522e-06,0.004717870709201093,3.952853576038966e-08,4.921250238128243e-06,0.9225884823678016,7.421399723370936e-05,0.9226925168323978,0.00032112893215137514,0.009526011543704168,0.06742095032212825,0.0769863542354486,3.952853576038966e-08,0.04999507874976186,0.004921536202265466,0.055929780282391546,4.921250238128243e-06
software_fixture_not_chemical_prediction,1349.0981963927857,4.473398292372437e-06,2.4851207331593317e-05,4.928177572744047e-06,0.0004856520582761702,3.321987211206346e-05,6.170547251222242e-06,0.004717860578543714,3.9564741478377134e-08,4.944017334917273e-06,0.9222334552305007,7.42752971528165e-05,0.9223375494772977,0.0003215344378538042,0.009525523915615517,0.06777600174986742,0.07734091608484621,3.9564741478377134e-08,0.04999505598266508,0.004921278348453209,0.05592952608361656,4.944017334917273e-06
software_fixture_not_chemical_prediction,1356.312625250501,4.474886493532728e-06,2.484990539709045e-05,4.927925654996865e-06,0.0004856515332756436,3.3218138722074646e-05,6.1703305477242835e-06,0.004717850446919125,3.9600978890701246e-08,4.966785091786383e-06,0.9218784466970633,7.433663726205309e-05,0.9219826007663547,0.0003219398789163794,0.009525036309956587,0.06813103457550024,0.0776954593547266,3.9600978890701246e-08,0.049995033214908204,0.0049210205058588105,0.05592927200910626,4.966785091786383e-06
software_fixture_not_chemical_prediction,1363.5270541082164,4.476375761171213e-06,2.4848603519135556e-05,4.927673752303282e-06,0.00048565100822117377,3.321640541197866e-05,6.170113923621263e-06,0.004717840314326317,3.9637248022852855e-08,4.9895535099486645e-06,0.9215234567667181,7.439801760500658e-05,0.921627670698841,0.0003223452553444511,0.009524548726676345,0.0684860487998004,0.07804998404581233,3.9637248022852855e-08,0.049995010446490046,0.00492076267445572,0.05592901805893838,4.9895535099486645e-06
software_fixture_not_chemical_prediction,1370.741482965932,4.4778660964239575e-06,2.4847301697590848e-05,4.9274218646401885e-06,0.00048565048311270497,3.32146721815961e-05,6.169897378950802e-06,0.004717830180764282,3.967354890032284e-08,5.01232259061721e-06,0.9211684854386937,7.44594382252644e-05,0.9212727592740285,0.00032275056714336977,0.009524061165723753,0.06884104442354162,0.0784044901588259,3.967354890032284e-08,0.049994987677409376,0.0049205048542173115,0.05592876423319068,5.01232259061721e-06
software_fixture_not_chemical_prediction,1377.9559118236473,4.479357500427027e-06,2.4845999932318553e-05,4.927169991984479e-06,0.00048564995795018147,3.3212939030747535e-05,6.169680913750516e-06,0.004717820046232013,3.970988154860205e-08,5.0350923350051094e-06,0.9208135327122188,7.4520899166414e-05,0.9209178664911895,0.00032315581431848574,0.009523573627047777,0.06919602144749755,0.0787589776944898,3.970988154860205e-08,0.04999496490766499,0.004920247045116885,0.05592851053194095,5.0350923350051094e-06
software_fixture_not_chemical_prediction,1385.1703406813626,4.480849974316488e-06,2.4844698223180883e-05,4.9269181343130466e-06,0.00048564943273354756,3.3211205959253535e-05,6.169464528058024e-06,0.0047178099107285,3.974624599318137e-08,5.057862744325454e-06,0.920458598586522,7.458240047204283e-05,0.920562992349596,0.00032356099687514957,0.00952308611059738,0.06955097987244192,0.0791134466535266,3.974624599318137e-08,0.049994942137255666,0.004919989247127663,0.05592825695526696,5.057862744325454e-06
software_fixture_not_chemical_prediction,1392.3847695390782,4.482343519228405e-06,2.4843396570040057e-05,4.926666291602783e-06,0.00048564890746274745,3.3209472966934694e-05,6.169248221910945e-06,0.004717799774252737,3.9782642259551645e-08,5.0806338197913355e-06,0.9201036830608322,7.464394218573833e-05,0.9202081368485203,0.0003239661148187116,0.00952259861632153,0.06990591969914842,0.07946789703665877,3.9782642259551645e-08,0.0499949193661802,0.004919731460222797,0.05592800350324642,5.0806338197913355e-06
software_fixture_not_chemical_prediction,1399.5991983967936,4.483838136298845e-06,2.4842094972758296e-05,4.926414463830583e-06,0.0004856483821377255,3.3207740053611575e-05,6.169031995346895e-06,0.004717789636803714,3.981907037320376e-08,5.103405562615844e-06,0.9197487861343778,7.470552435108795e-05,0.9198532999872344,0.00032437116815452216,0.009522111144169189,0.07026084092839073,0.07982232884460885,3.981907037320376e-08,0.04999489659443738,0.004919473684375359,0.055927750175957164,5.103405562615844e-06
software_fixture_not_chemical_prediction,1406.8136272545091,4.485333826663873e-06,2.4840793431197818e-05,4.9261626509733385e-06,0.00048564785675842605,3.320600721910476e-05,6.168815848403496e-06,0.004717779498380424,3.985553035962856e-08,5.126177974012073e-06,0.9193939078063877,7.476714701167913e-05,0.9194984817650105,0.0003247761568879319,0.009521623694089322,0.07061574356094256,0.08017674207809938,3.985553035962856e-08,0.04999487382202598,0.004919215919558351,0.055927496973476924,5.126177974012073e-06
software_fixture_not_chemical_prediction,1414.0280561122245,4.486830591459554e-06,2.4839491945220834e-05,4.925910853007942e-06,0.00048564733132479325,3.320427446323483e-05,6.168599781118363e-06,0.004717769358981858,3.989202224431694e-08,5.14895105519311e-06,0.9190390480760906,7.482881021109931e-05,0.9191436821811206,0.000325181081024291,0.009521136266030893,0.0709706275975776,0.08053113673785284,3.989202224431694e-08,0.0499948510489448,0.004918958165744696,0.05592724389588347,5.14895105519311e-06
software_fixture_not_chemical_prediction,1421.2424849699398,4.488328431821955e-06,2.4838190514689573e-05,4.925659069911288e-06,0.0004856468058367714,3.320254178582236e-05,6.168383793529116e-06,0.004717759218607009,3.992854605275973e-08,5.17172480737205e-06,0.918684206942715,7.489051399293595e-05,0.918788901234837,0.00032558594056895007,0.00952064885994287,0.07132549303906954,0.08088551282459175,3.992854605275973e-08,0.04999482827519262,0.004918700422907245,0.05592699094325457,5.17172480737205e-06
software_fixture_not_chemical_prediction,1428.4569138276554,4.489827348887141e-06,2.4836889139466247e-05,4.925407301660268e-06,0.0004856462802943048,3.3200809186687925e-05,6.1681678856733725e-06,0.0047177490772548685,3.9965101810447824e-08,5.194499231761982e-06,0.9183293844054897,7.495225840077648e-05,0.9184341389254318,0.0003259907355272594,0.009520161475774214,0.0716803398861921,0.08123987033903865,3.9965101810447824e-08,0.04999480550076823,0.00491844269101877,0.05592673811566798,5.194499231761982e-06
software_fixture_not_chemical_prediction,1435.6713426853707,4.491327343791178e-06,2.4835587819413077e-05,4.925155548231776e-06,0.00048564575469733776,3.319907666565211e-05,6.167952057588751e-06,0.004717738934924428,4.000168954287208e-08,5.217274329575997e-06,0.9179745804636433,7.501404347820836e-05,0.9180793952521771,0.0003263954659045695,0.00951967411347389,0.07203516813971894,0.08159420928191606,4.000168954287208e-08,0.049994782725670414,0.0049181849700519744,0.05592648541320147,5.217274329575997e-06
software_fixture_not_chemical_prediction,1442.885771543086,4.4928284176701314e-06,2.483428655439228e-05,4.924903809602704e-06,0.0004856452290458146,3.319734422253548e-05,6.167736309312869e-06,0.004717728791614679,4.0038309275523354e-08,5.240050102027187e-06,0.9176197951164045,7.507586926881902e-05,0.917724670214345,0.00032680013170623075,0.009519186772990866,0.07238997780042379,0.08194852965394647,4.0038309275523354e-08,0.049994759949897966,0.004917927259979482,0.0559262328359328,5.240050102027187e-06
software_fixture_not_chemical_prediction,1450.1002004008017,4.494330571660067e-06,2.4832985344266072e-05,4.924652085749947e-06,0.00048564470333967944,3.3195611857158624e-05,6.167520640883346e-06,0.004717718647324615,4.0074961033892525e-08,5.262826550328644e-06,0.917265028363002,7.513773581619592e-05,0.9173699638112077,0.0003272047329375936,0.009518699454274103,0.07274476886908032,0.08230283145585245,4.0074961033892525e-08,0.04999473717344966,0.004917669560773844,0.05592598038393975,5.262826550328644e-06
software_fixture_not_chemical_prediction,1457.314629258517,4.49583380689705e-06,2.4831684188896676e-05,4.9244003766503954e-06,0.0004856441775788767,3.319387956934211e-05,6.1673050523378005e-06,0.0047177085020532255,4.011164484347045e-08,5.285603675693457e-06,0.9169102802026645,7.519964316392649e-05,0.9170152760420373,0.0003276092696040084,0.009518212157272568,0.07309954134646222,0.08265711468835646,4.011164484347045e-08,0.049994714396324295,0.004917411872407536,0.055925728057300075,5.285603675693457e-06
software_fixture_not_chemical_prediction,1464.5290581162326,4.4973381245171466e-06,2.4830383088146306e-05,4.924148682280944e-06,0.0004856436517633506,3.319214735890653e-05,6.1670895437138485e-06,0.004717698355799505,4.0148360729748e-08,5.30838147933472e-06,0.9165555506346207,7.526159135559818e-05,0.9166606069061058,0.00032801374171082567,0.009517724881935224,0.07345429523334324,0.08301137935218106,4.0148360729748e-08,0.04999469161852066,0.004917154194852957,0.05592547585609155,5.30838147933472e-06
software_fixture_not_chemical_prediction,1471.743486973948,4.498843525656422e-06,2.4829082041877183e-05,4.923897002618485e-06,0.00048564312589304546,3.319041522567244e-05,6.1668741150491105e-06,0.004717688208562444,4.018510871821603e-08,5.331159962465521e-06,0.9162008396580992,7.532358043479845e-05,0.9163059564026856,0.0003284181492633958,0.009517237628211038,0.07380903053049699,0.08336562544804874,4.018510871821603e-08,0.049994668840037525,0.004916896528082433,0.055925223780391914,5.331159962465521e-06
software_fixture_not_chemical_prediction,1478.9579158316633,4.500350011450943e-06,2.4827781049951526e-05,4.9236453376399116e-06,0.00048564259996790554,3.318868316946044e-05,6.166658766381204e-06,0.004717678060341033,4.022188883436542e-08,5.353939126298953e-06,0.9158461472723287,7.538561044511473e-05,0.9159513245310487,0.0003288224922670691,0.009516750396048972,0.07416374723869723,0.08371985297668201,4.022188883436542e-08,0.04999464606087369,0.004916638872068217,0.05592497183027896,5.353939126298953e-06
software_fixture_not_chemical_prediction,1486.1723446893789,4.501857583036775e-06,2.482648011223155e-05,4.923393687322117e-06,0.00048564207398787507,3.318695119009109e-05,6.166443497747747e-06,0.004717667911134267,4.0258701103687034e-08,5.3767189720481076e-06,0.9154914734765379,7.544768143013446e-05,0.9155967112904672,0.0003292267707271962,0.009516263185397993,0.07451844535871763,0.08407406193880344,4.0258701103687034e-08,0.049994623281027946,0.004916381226782485,0.055924720005830444,5.3767189720481076e-06
software_fixture_not_chemical_prediction,1493.3867735470942,4.5033662415499825e-06,2.4825179228579478e-05,4.923142051641994e-06,0.0004856415479528984,3.318521928738498e-05,6.166228309186358e-06,0.004717657760941135,4.0295545551671734e-08,5.399499500926074e-06,0.9151368182699554,7.55097934334451e-05,0.9152421166802132,0.00032963098464912734,0.009515775996207062,0.07487312489133188,0.0844282523351355,4.0295545551671734e-08,0.049994600500499066,0.004916123592197338,0.05592446830712412,5.399499500926074e-06
software_fixture_not_chemical_prediction,1500.6012024048096,4.504875988126632e-06,2.4823878398857523e-05,4.922890430576435e-06,0.00048564102186291977,3.318348746116267e-05,6.166013200734655e-06,0.004717647609760631,4.0332422203810383e-08,5.422280714145945e-06,0.9147821816518101,7.557194649863408e-05,0.9148875406995588,0.00033003513403821304,0.009515288828425148,0.07522778583731371,0.08478242416640072,4.0332422203810383e-08,0.049994577719285845,0.0049158659682848015,0.05592421673423776,5.422280714145945e-06
software_fixture_not_chemical_prediction,1507.8156312625251,4.506386823902789e-06,2.4822577622927906e-05,4.922638824102334e-06,0.0004856404957178835,3.318175571124476e-05,6.165798172430256e-06,0.004717637457591746,4.036933108559385e-08,5.445062612920812e-06,0.9144275636213305,7.563414066928885e-05,0.9145329833477763,0.0003304392188998037,0.009514801682001214,0.07558242819743678,0.08513657743332165,4.036933108559385e-08,0.049994554937387074,0.004915608355016829,0.055923965287249154,5.445062612920812e-06
software_fixture_not_chemical_prediction,1515.0300601202405,4.507898750014519e-06,2.4821276900652843e-05,4.9223872321965836e-06,0.0004856399695177338,3.3180024037451816e-05,6.1655832243107815e-06,0.004717627304433472,4.0406272222513e-08,5.467845198463765e-06,0.9140729641777452,7.569637598899686e-05,0.9141784446241378,0.0003308432392392497,0.009514314556884226,0.0759370519724748,0.08549071213662077,4.0406272222513e-08,0.04999453215480153,0.004915350752365299,0.05592371396623603,5.467845198463765e-06
software_fixture_not_chemical_prediction,1522.2444889779558,4.509411767597889e-06,2.481997623189456e-05,4.922135654836076e-06,0.000485639443262415,3.317829243960441e-05,6.165368356413846e-06,0.0047176171502848,4.0443245640058695e-08,5.490628471987896e-06,0.9137183833202831,7.575865250134556e-05,0.9138239245279153,0.00033124719506190154,0.009513827453023146,0.07629165716320145,0.08584482827702059,4.0443245640058695e-08,0.049994509371528,0.004915093160302013,0.05592346277127619,5.490628471987896e-06
software_fixture_not_chemical_prediction,1529.4589178356714,4.510925877788963e-06,2.4818675616515263e-05,4.921884091997706e-06,0.0004856389169518714,3.317656091752314e-05,6.165153568777071e-06,0.004717606995144723,4.048025136372181e-08,5.513412434706297e-06,0.9133638210481727,7.582097024992239e-05,0.913469423058381,0.0003316510863731096,0.009513340370366939,0.07664624377039045,0.08619892585524368,4.048025136372181e-08,0.049994486587565286,0.0049148355787986975,0.05592321170244736,5.513412434706297e-06
software_fixture_not_chemical_prediction,1536.6733466933867,4.512441081723808e-06,2.4817375054377183e-05,4.921632543658365e-06,0.00048563839058604727,3.3174829471028556e-05,6.164938861438073e-06,0.004717596839012232,4.0517289418993206e-08,5.536197087832057e-06,0.9130092773606429,7.588332927831478e-05,0.913114940214807,0.00033205491317822426,0.009512853308864573,0.07700081179481548,0.08655300487201249,4.0517289418993206e-08,0.04999446380291216,0.0049145780078270074,0.05592296075982733,5.536197087832057e-06
software_fixture_not_chemical_prediction,1543.8877755511023,4.513957380538488e-06,2.481607454534253e-05,4.921381009794947e-06,0.0004856378641648868,3.317309809994125e-05,6.164724234434471e-06,0.004717586681886321,4.0554359831363743e-08,5.558982432578269e-06,0.912654752256922,7.594572963011019e-05,0.9127604759964656,0.00033245867548259596,0.009512366268465008,0.07735536123725024,0.0869070653280496,4.0554359831363743e-08,0.04999444101756741,0.0049143204473585216,0.05592270994349385,5.558982432578269e-06
software_fixture_not_chemical_prediction,1551.1022044088177,4.515474775369071e-06,2.4814774089273523e-05,4.921129490384344e-06,0.0004856373376883344,3.3171366804081796e-05,6.164509687803883e-06,0.004717576523765979,4.0591462626324296e-08,5.581768470158023e-06,0.912300245736239,7.600817134889607e-05,0.9124060304026287,0.0003328623732915752,0.009511879249117212,0.07770989209846843,0.0872611072240775,4.0591462626324296e-08,0.049994418231529836,0.004914062897364742,0.05592245925352471,5.581768470158023e-06
software_fixture_not_chemical_prediction,1558.316633266533,4.516993267351621e-06,2.4813473686032382e-05,4.92087798540345e-06,0.0004856368111563342,3.316963558327078e-05,6.1642952215839275e-06,0.004717566364650199,4.0628597829365726e-08,5.60455520178441e-06,0.9119457577978225,7.607065447825986e-05,0.9120516034325685,0.0003332660066105123,0.00951139225077015,0.07806440437924372,0.08761513056081871,4.0628597829365726e-08,0.04999439544479821,0.004913805357817099,0.05592220868999764,5.60455520178441e-06
software_fixture_not_chemical_prediction,1565.5310621242486,4.518512857622203e-06,2.4812173335481326e-05,4.920626494829157e-06,0.0004856362845688307,3.3167904437328764e-05,6.164080835812222e-06,0.004717556204537975,4.066576546597889e-08,5.627342628670523e-06,0.9115912884409012,7.6133179061789e-05,0.9116971950855572,0.0003336695754447578,0.009510905273372785,0.07841889808034985,0.08796913533899575,4.066576546597889e-08,0.04999437265737132,0.004913547828686945,0.05592195825299044,5.627342628670523e-06
software_fixture_not_chemical_prediction,1572.745490981964,4.520033547316885e-06,2.4810873037482573e-05,4.920375018638359e-06,0.00048563575792576793,3.3166173366076344e-05,6.163866530526385e-06,0.004717546043428295,4.070296556165468e-08,5.650130752029451e-06,0.9112368376647038,7.619574514307093e-05,0.911342805360867,0.000334073079799662,0.00951041831687408,0.07877337320256048,0.08832312155933113,4.070296556165468e-08,0.049994349869247966,0.004913290309945564,0.05592170794258085,5.650130752029451e-06
software_fixture_not_chemical_prediction,1579.9599198396793,4.5215553375717304e-06,2.4809572791898343e-05,4.920123556807948e-06,0.00048563523122709037,3.3164442369334085e-05,6.163652305764036e-06,0.004717535881320153,4.074019814188393e-08,5.6729195730742874e-06,0.9108824054684588,7.625835276569311e-05,0.9109884342577698,0.0003344765196805753,0.009509931381223006,0.07912782974664931,0.08867708922254738,4.074019814188393e-08,0.04999432708042692,0.004913032801564157,0.055921457758846646,5.6729195730742874e-06
software_fixture_not_chemical_prediction,1587.1743486973949,4.523078229522807e-06,2.480827259859085e-05,4.919872109314818e-06,0.00048563470447274216,3.316271144692256e-05,6.1634381615627915e-06,0.004717525718212542,4.077746323215753e-08,5.695709093018122e-06,0.910527991851395,7.632100197324298e-05,0.9106340817755378,0.0003348798950928483,0.009509444466368519,0.07948226771339005,0.08903103832936703,4.077746323215753e-08,0.049994304290906975,0.004912775303513857,0.0559212077018656,5.695709093018122e-06
software_fixture_not_chemical_prediction,1594.3887775551102,4.524602224306179e-06,2.4806972457422313e-05,4.919620676135861e-06,0.00048563417766266765,3.3160980598662364e-05,6.1632240979602704e-06,0.004717515554104452,4.081476085796634e-08,5.718499313074045e-06,0.9101735968127411,7.638369280930799e-05,0.9102797479134433,0.0003352832060418313,0.00950895757225959,0.07983668710355638,0.08938496888051256,4.081476085796634e-08,0.04999428150068692,0.004912517815765716,0.055920957771715456,5.718499313074045e-06
software_fixture_not_chemical_prediction,1601.6032064128258,4.526127323057913e-06,2.4805672368254952e-05,4.91936925724797e-06,0.0004856336507968111,3.315924982437406e-05,6.163010114994092e-06,0.004717505388994875,4.0852091044801214e-08,5.741290234455149e-06,0.9098192203517259,7.644642531747557e-05,0.9099254326707583,0.0003356864525328747,0.009508470698845183,0.08019108791792201,0.08973888087670652,4.0852091044801214e-08,0.04999425870976554,0.004912260338290721,0.05592070796847401,5.741290234455149e-06
software_fixture_not_chemical_prediction,1608.8176352705411,4.527653526914074e-06,2.4804372330950988e-05,4.919117852628039e-06,0.00048563312387511683,3.3157519123878224e-05,6.162796212701873e-06,0.004717495222882804,4.0889453818153027e-08,5.764081858374526e-06,0.9094648624675779,7.650919954133316e-05,0.909571136046755,0.00033608963457132894,0.009507983846074262,0.08054547015726062,0.09009277431867142,4.0889453818153027e-08,0.049994235918141616,0.004912002871059774,0.055920458292219,5.764081858374526e-06
software_fixture_not_chemical_prediction,1616.0320641282565,4.529180837010727e-06,2.4803072345372632e-05,4.9188664622529614e-06,0.000485632596897529,3.315578849699544e-05,6.162582391121232e-06,0.004717485055767229,4.0926849203512644e-08,5.786874186045265e-06,0.9091105231595257,7.657201552446824e-05,0.9092168580407054,0.00033649275216254446,0.00950749701389579,0.0808998338223459,0.09044664920712978,4.0926849203512644e-08,0.049994213125813945,0.004911745414043709,0.055920208743028194,5.786874186045265e-06
software_fixture_not_chemical_prediction,1623.246492985972,4.53070925448394e-06,2.480177241138211e-05,4.918615086099628e-06,0.0004856320698639921,3.315405794354629e-05,6.162368650289788e-06,0.004717474887647144,4.096427722637093e-08,5.809667218680459e-06,0.9087562024267981,7.663487331046822e-05,0.9088625986518818,0.00033689580531187175,0.009507010202258732,0.08125417891395158,0.09080050554280411,4.096427722637093e-08,0.04999419033278131,0.004911487967213283,0.05591995932097938,5.809667218680459e-06
software_fixture_not_chemical_prediction,1630.4609218436874,4.532238782415011e-06,2.4800472528660114e-05,4.918363724115979e-06,0.00048563154277403284,3.315232746314378e-05,6.162154990327259e-06,0.004717464718520157,4.100173795674161e-08,5.8324609590249316e-06,0.9084019002712402,7.669777301532783e-05,0.9085083578822447,0.0003372987940022738,0.009506523411058806,0.08160850543023854,0.09115434332375079,4.100173795674161e-08,0.04999416753904097,0.004911230530597515,0.055919710026269505,5.8324609590249316e-06
software_fixture_not_chemical_prediction,1637.6753507014027,4.533769422048216e-06,2.4799172697058884e-05,4.918112376277325e-06,0.00048563101562758184,3.315059705559545e-05,6.161941411275569e-06,0.004717454548385371,4.1039231411568596e-08,5.855255407998609e-06,0.9080476166915838,7.676071468675954e-05,0.9081541357305737,0.0003377017182387481,0.009506036640241423,0.08196281337247702,0.09150816255118528,4.1039231411568596e-08,0.049994144744591996,0.004910973104169796,0.05591946085898373,5.855255407998609e-06
software_fixture_not_chemical_prediction,1644.8897795591183,4.535301172757617e-06,2.4797872916605718e-05,4.91786104258692e-06,0.0004856304884249769,3.314886672090922e-05,6.161727913097847e-06,0.004717444377243092,4.10767575722503e-08,5.878050565298115e-06,0.9076933516844693,7.682369830286775e-05,0.9077999321934873,0.0003381045780474376,0.009505549889803303,0.08231710274402566,0.09186196322846295,4.10767575722503e-08,0.04999412194943469,0.004910715687847628,0.05591921181909343,5.878050565298115e-06
software_fixture_not_chemical_prediction,1652.1042084168337,4.536834035766533e-06,2.4796573187155428e-05,4.91760972302051e-06,0.00048562996116615877,3.314713645889611e-05,6.161514495835352e-06,0.004717434205092246,4.1114316466082376e-08,5.9008464321988336e-06,0.9073391052492328,7.68867239105739e-05,0.9074457472703683,0.00033850737343295485,0.009505063159690675,0.08267137354555107,0.09221574535619645,4.1114316466082376e-08,0.0499940991535678,0.00491045828160403,0.055918962906683266,5.9008464321988336e-06
software_fixture_not_chemical_prediction,1659.318637274549,4.538368012298286e-06,2.479527350856282e-05,4.917358417553841e-06,0.000485629433851068,3.314540626936715e-05,6.1613011595293425e-06,0.004717424031931757,4.1151908120360484e-08,5.923643009976154e-06,0.9069848773852099,7.694979155679943e-05,0.9070915809605994,0.0003389101043999122,0.009504576449849768,0.08302562577771981,0.09256950893499846,4.1151908120360484e-08,0.04999407635699002,0.004910200885411942,0.05591871412183795,5.923643009976154e-06
software_fixture_not_chemical_prediction,1666.5330661322646,4.539903103576195e-06,2.4793973880682706e-05,4.917107126162658e-06,0.00048562890647964514,3.3143676152133365e-05,6.161087904221077e-06,0.00471741385776055,4.118953256238029e-08,5.9464402999054605e-06,0.9066306680917369,7.70129012884658e-05,0.9067374332635632,0.00033931277095292214,0.009504089760226814,0.0833798594411985,0.09292325396548165,4.118953256238029e-08,0.04999405355970009,0.004909943499244219,0.0559184654646421,5.9464402999054605e-06
software_fixture_not_chemical_prediction,1673.74749498998,4.541439310823582e-06,2.47926743033699e-05,4.916855848822706e-06,0.000485628379051831,3.3141946107005795e-05,6.160874729951814e-06,0.004717403682577552,4.122718981943745e-08,5.969238303262141e-06,0.9062764773681495,7.707605315249444e-05,0.9063833041786424,0.00033971537309659716,0.009503603090768042,0.08373407453665369,0.09327698044825866,4.122718981943745e-08,0.049994030761696735,0.0049096861230736415,0.05591821693518048,5.969238303262141e-06
software_fixture_not_chemical_prediction,1680.9619238476955,4.542976635263765e-06,2.4791374776479216e-05,4.916604585509732e-06,0.0004856278515675661,3.3140216133795456e-05,6.160661636762812e-06,0.004717393506381686,4.126487991882762e-08,5.99203702132158e-06,0.9059223052137839,7.713924719580681e-05,0.90602919370522,0.00034011791083554964,0.009503116441419681,0.084088271064752,0.09363068838394221,4.126487991882762e-08,0.049994007962978676,0.004909428756872905,0.05591796853353771,5.99203702132158e-06
software_fixture_not_chemical_prediction,1688.1763527054109,4.544515078120065e-06,2.479007529986546e-05,4.916353336199481e-06,0.0004856273240267911,3.3138486232313385e-05,6.16044862469533e-06,0.0047173833291718785,4.130260288784647e-08,6.014836455359166e-06,0.9055681516279758,7.720248346532434e-05,0.9056751018426784,0.0003405203841743921,0.009502629812127962,0.08444244902615998,0.09398437777314493,4.130260288784647e-08,0.049993985163544634,0.004909171400614625,0.05591772025979847,6.014836455359166e-06
software_fixture_not_chemical_prediction,1695.3907815631262,4.5460546406158025e-06,2.478877587338344e-05,4.916102100867698e-06,0.00048562679642944666,3.3136756402370605e-05,6.160235693790627e-06,0.004717373150947056,4.134035875378965e-08,6.037636606650284e-06,0.9052140166100612,7.726576200796848e-05,0.9053210285904004,0.00034092279311773697,0.009502143202839116,0.08479660842154425,0.09433804861647951,4.134035875378965e-08,0.049993962363393346,0.0049089140542713395,0.05591747211404749,6.037636606650284e-06
software_fixture_not_chemical_prediction,1702.6052104208418,4.5475953239742975e-06,2.478747649688798e-05,4.915850879490128e-06,0.00048562626877547336,3.313502664377814e-05,6.1600228440899606e-06,0.004717362971706141,4.137814754395282e-08,6.0604374764703206e-06,0.904859900159376,7.73290828706607e-05,0.9049669739477689,0.00034132513767019666,0.009501656613499372,0.0851507492515714,0.09469170091455861,4.137814754395282e-08,0.04999393956252352,0.004908656717815501,0.05591722409636938,6.0604374764703206e-06
software_fixture_not_chemical_prediction,1709.8196392785571,4.549137129418869e-06,2.4786177170233877e-05,4.915599672042517e-06,0.00048562574106481184,3.313329695634703e-05,6.15981007563459e-06,0.00471735279144806,4.141596928563164e-08,6.083239066094662e-06,0.9045058022752562,7.739244610032242e-05,0.9046129379141664,0.00034172741783638366,0.009501170044054959,0.08550487151690798,0.0950453346679949,4.141596928563164e-08,0.0499939167609339,0.004908399391219485,0.05591697620684887,6.083239066094662e-06
software_fixture_not_chemical_prediction,1717.0340681362725,4.550680058172839e-06,2.478487789327595e-05,4.915348478500612e-06,0.0004856252132974027,3.313156733988828e-05,6.159597388465774e-06,0.004717342610171739,4.145382400612177e-08,6.106041376798695e-06,0.9041517229570377,7.745585174387509e-05,0.9042589204889757,0.0003421296336209104,0.009500683494452107,0.08585897521822061,0.09539894987740105,4.145382400612177e-08,0.04999389395862319,0.004908142074455583,0.05591672844557062,6.106041376798695e-06
software_fixture_not_chemical_prediction,1724.248496993988,4.552224111459527e-06,2.4783578665869006e-05,4.915097298840156e-06,0.00048562468547318666,3.312983779421295e-05,6.1593847826247706e-06,0.004717332427876103,4.149171173271888e-08,6.1288444098578065e-06,0.9037976622040566,7.751929984824015e-05,0.9039049216715795,0.00034253178502838933,0.009500196964637048,0.08621306035617589,0.09575254654338976,4.149171173271888e-08,0.04999387115559013,0.004907884767496011,0.0559164808126193,6.1288444098578065e-06
software_fixture_not_chemical_prediction,1731.4629258517034,4.553769290502254e-06,2.478227948786786e-05,4.914846133036896e-06,0.0004856241575921043,3.312810831913205e-05,6.159172258152839e-06,0.0047173222445600765,4.1529632492718606e-08,6.151648166547382e-06,0.9034436200156486,7.758279046033907e-05,0.9035509414613606,0.00034293387206343293,0.00949971045455601,0.08656712693144036,0.09610612466657364,4.1529632492718606e-08,0.049993848351833445,0.004907627470312901,0.05591623330807962,6.151648166547382e-06
software_fixture_not_chemical_prediction,1738.6773547094188,4.5553155965243385e-06,2.4780980359127323e-05,4.9145949810665775e-06,0.00048562362965409625,3.312637891445661e-05,6.1589598150912376e-06,0.004717312060222585,4.156758631341663e-08,6.174452648142807e-06,0.9030895963911497,7.764632362709327e-05,0.9031969798577016,0.0003433358947306536,0.009499223964155225,0.08692117494468066,0.0964596842475654,4.156758631341663e-08,0.04999382554735185,0.004907370182878304,0.05591598593203624,6.174452648142807e-06
software_fixture_not_chemical_prediction,1745.8917835671343,4.556863030749102e-06,2.4779681279502205e-05,4.9143438429049456e-06,0.00048562310165910314,3.312464957999765e-05,6.158747453481225e-06,0.004717301874862555,4.16055732221086e-08,6.19725785591947e-06,0.9027355913298959,7.770989939542421e-05,0.9028430368599853,0.0003437378530346639,0.009498737493380921,0.08727520439656333,0.09681322528697771,4.16055732221086e-08,0.04999380274214407,0.004907112905164192,0.05591573868457383,6.19725785591947e-06
software_fixture_not_chemical_prediction,1753.1062124248497,4.558411594399864e-06,2.4778382248847316e-05,4.914092718527746e-06,0.0004856225736070656,3.312292031556622e-05,6.15853517336406e-06,0.00471729168847891,4.1643593246090174e-08,6.220063791152756e-06,0.9023816048312232,7.777351781225334e-05,0.9024891124675944,0.0003441397469800762,0.009498251042179329,0.087629215287755,0.09716674778542322,4.1643593246090174e-08,0.04999377993620884,0.004906855637142455,0.05591549156577708,6.220063791152756e-06
software_fixture_not_chemical_prediction,1760.3206412825652,4.5599612886999445e-06,2.477708326701747e-05,4.913841607910724e-06,0.00048562204549792423,3.3121191120973326e-05,6.158322974781001e-06,0.004717281501070576,4.1681646412657023e-08,6.242870455118052e-06,0.9020276368944674,7.783717892450208e-05,0.9021352066799115,0.0003445415765715029,0.009497764610496676,0.08798320761892223,0.09752025174351463,4.1681646412657023e-08,0.049993757129544875,0.004906598378784904,0.05591524457573067,6.242870455118052e-06
software_fixture_not_chemical_prediction,1767.5350701402806,4.561512114872664e-06,2.4775784333867476e-05,4.913590511029625e-06,0.00048562151733161975,3.311946199603001e-05,6.158110857773307e-06,0.004717271312636479,4.1719732749104794e-08,6.265677849090744e-06,0.9016736875189645,7.79008827790919e-05,0.9017813194963196,0.0003449433418135565,0.009497278198279197,0.0883371813907316,0.09787373716186458,4.1719732749104794e-08,0.0499937343221509,0.004906341130063269,0.055914997714519285,6.265677849090744e-06
software_fixture_not_chemical_prediction,1774.749498997996,4.563064074141343e-06,2.4774485449252144e-05,4.913339427860195e-06,0.0004856209891080927,3.3117732940547286e-05,6.1578988223822364e-06,0.004717261123175542,4.175785228272915e-08,6.288485974346217e-06,0.9013197567040504,7.796462942294424e-05,0.9014274509162011,0.0003453450427108495,0.00949679180547312,0.08869113660384971,0.09822720404108574,4.175785228272915e-08,0.04999371151402565,0.0049060838909492,0.05591475098222758,6.288485974346217e-06
software_fixture_not_chemical_prediction,1781.9639278557115,4.564617167729302e-06,2.477318661302629e-05,4.91308835837818e-06,0.0004856204608272838,3.31160039543362e-05,6.157686868649047e-06,0.004717250932686693,4.1796005040825755e-08,6.3112948321598605e-06,0.9009658444490611,7.802841890298056e-05,0.901073600938939,0.0003457466792679943,0.009496305432024671,0.08904507325894317,0.09858065238179081,4.1796005040825755e-08,0.049993688705167835,0.004905826661414263,0.05591450437894028,6.3112948321598605e-06
software_fixture_not_chemical_prediction,1789.1783567134269,4.56617139685986e-06,2.4771887825044718e-05,4.912837302559324e-06,0.00048561993248913356,3.3114275037207766e-05,6.157474996614999e-06,0.004717240741168856,4.183419105069026e-08,6.334104423807059e-06,0.9006119507533326,7.809225126612227e-05,0.9007197695639156,0.00034614825148960335,0.009495819077880087,0.08939899135667853,0.09893408218459243,4.183419105069026e-08,0.04999366589557619,0.004905569441429949,0.05591425790474201,6.334104423807059e-06
software_fixture_not_chemical_prediction,1796.3927855711422,4.5677267627563375e-06,2.4770589085162247e-05,4.912586260379373e-06,0.0004856194040935827,3.311254618897302e-05,6.157263206321349e-06,0.004717230548620956,4.187241033961833e-08,6.356914750563198e-06,0.9002580756162006,7.815612655929085e-05,0.9003659567905141,0.00034654975938028915,0.009495332742985592,0.0897528908977224,0.09928749345010326,4.187241033961833e-08,0.04999364308524943,0.004905312230967665,0.0559140115597175,6.356914750563198e-06
software_fixture_not_chemical_prediction,1803.6072144288578,4.569283266642056e-06,2.4769290393233683e-05,4.912335231814073e-06,0.0004856188756405719,3.311081740944299e-05,6.157051497809358e-06,0.004717220355041919,4.191066293490563e-08,6.3797258137036654e-06,0.8999042190370012,7.822004482940773e-05,0.900012162618117,0.0003469512029446641,0.00949484642728742,0.09010677188274138,0.09964088617893603,4.191066293490563e-08,0.04999362027418629,0.00490505502999874,0.05591376534395141,6.3797258137036654e-06
software_fixture_not_chemical_prediction,1810.8216432865731,4.570840909740334e-06,2.476799174911384e-05,4.91208421683917e-06,0.00048561834713004167,3.31090886984287e-05,6.1568398711202825e-06,0.004717210160430669,4.1948948863847806e-08,6.402537614503847e-06,0.8995503810150705,7.828400612339436e-05,0.899658387046107,0.0003473525821873406,0.009494360130731799,0.09046063431240202,0.09999426037170334,4.1948948863847806e-08,0.04999359746238549,0.004904797838494417,0.055913519257528396,6.402537614503847e-06
software_fixture_not_chemical_prediction,1818.0360721442887,4.572399693274493e-06,2.4766693152657525e-05,4.911833215430409e-06,0.0004856178185619327,3.3107360055741176e-05,6.1566283262953825e-06,0.004717199964786132,4.1987268153740527e-08,6.42535015423913e-06,0.8991965615497441,7.834801048817218e-05,0.8993046300738669,0.0003477538971129312,0.009493873853264959,0.09081447818737093,0.10034761602901791,4.1987268153740527e-08,0.04999357464984575,0.004904540656425866,0.055913273300533174,6.42535015423913e-06
software_fixture_not_chemical_prediction,1825.250501002004,4.573959618467852e-06,2.4765394603719557e-05,4.911582227563534e-06,0.00048561728993618556,3.310563148119146e-05,6.1564168633759165e-06,0.004717189768107234,4.202562083187945e-08,6.448163434184899e-06,0.8988427606403582,7.841205797066265e-05,0.8989508917007792,0.00034815514772604836,0.00949338759483313,0.0911683035083147,0.10070095315149237,4.202562083187945e-08,0.04999355183656581,0.004904283483764171,0.05591302747305039,6.448163434184899e-06
software_fixture_not_chemical_prediction,1832.4649298597194,4.575520686543732e-06,2.476409610215474e-05,4.911331253214293e-06,0.000485616761252741,3.310390297459056e-05,6.156205482403143e-06,0.0047171795703929,4.2064006925560234e-08,6.470977455616542e-06,0.8984889782862485,7.84761486177872e-05,0.898597171926227,0.00034855633403130444,0.009492901355382541,0.0915221102758999,0.10105427173973941,4.2064006925560234e-08,0.04999352902254438,0.004904026320480338,0.05591278177516474,6.470977455616542e-06
software_fixture_not_chemical_prediction,1839.679358717435,4.5770828987254526e-06,2.4762797647817884e-05,4.91108029235843e-06,0.0004856162325115395,3.310217453574952e-05,6.155994183418319e-06,0.004717169371642054,4.210242646207854e-08,6.493792219809444e-06,0.8981352144867513,7.85402824764673e-05,0.8982434707495927,0.0003489574560333119,0.009492415134859425,0.09187589849079314,0.10140757179437171,4.210242646207854e-08,0.04999350620778018,0.004903769166545293,0.055912536206960906,6.493792219809444e-06
software_fixture_not_chemical_prediction,1846.8937875751503,4.578646256236335e-06,2.476149924056381e-05,4.910829344971691e-06,0.00048561570371252185,3.3100446164479356e-05,6.155782966462705e-06,0.004717159171853623,4.2140879468730025e-08,6.516607728038993e-06,0.8977814692412022,7.860445959362436e-05,0.8978897881702591,0.0003493585137366833,0.00949192893321001,0.09222966815366099,0.10176085331600192,4.2140879468730025e-08,0.049993483392271956,0.00490351202192988,0.055912290768523575,6.516607728038993e-06
software_fixture_not_chemical_prediction,1854.1082164328657,4.580210760299699e-06,2.476020088024732e-05,4.910578411029821e-06,0.00048561517485562857,3.309871786059111e-05,6.1555718315775596e-06,0.004717148971026531,4.217936597281035e-08,6.539423981580573e-06,0.8974277425489372,7.866868001617984e-05,0.897536124187609,0.000349759507146031,0.009491442750380524,0.09258341926517005,0.10211411630524272,4.217936597281035e-08,0.04999346057601842,0.004903254886604864,0.05591204545993741,6.539423981580573e-06
software_fixture_not_chemical_prediction,1861.3226452905812,4.581776412138863e-06,2.4758902566723226e-05,4.910327490508567e-06,0.00048561464594080035,3.3096989623895793e-05,6.155360778804141e-06,0.004717138769159704,4.221788600161518e-08,6.562240981709574e-06,0.8970740344092923,7.87329437910552e-05,0.897182478801025,0.00035016043626596744,0.009490956586317201,0.0929371518259869,0.10246736076270678,4.221788600161518e-08,0.04999343775901829,0.004902997760540929,0.055911800281287095,6.562240981709574e-06
software_fixture_not_chemical_prediction,1868.5370741482966,4.58334321297715e-06,2.4757604299846346e-05,4.910076583383672e-06,0.0004856141169679778,3.309526145420445e-05,6.155149808183707e-06,0.004717128566252066,4.225643958244016e-08,6.585058729701378e-06,0.8967203448216035,7.879725096517187e-05,0.8968288520098898,0.00035056130110110514,0.009490470440966268,0.09329086583677813,0.10282058668900677,4.225643958244016e-08,0.04999341494127029,0.0049027406437086776,0.05591155523265731,6.585058729701378e-06
software_fixture_not_chemical_prediction,1875.751503006012,4.584911164037878e-06,2.4756306079471482e-05,4.909825689630884e-06,0.00048561358793710154,3.30935333513281e-05,6.154938919757518e-06,0.004717118362302544,4.2295026742580964e-08,6.607877226831375e-06,0.8963666737852066,7.886160158545131e-05,0.8964752438135863,0.0003509621016560565,0.009489984314273957,0.09364456129821033,0.10317379408475534,4.2295026742580964e-08,0.049993392122773164,0.004902483536078635,0.05591131031413274,6.607877226831375e-06
software_fixture_not_chemical_prediction,1882.9659318637275,4.586480266544369e-06,2.4755007905453452e-05,4.909574809225947e-06,0.0004856130588481122,3.309180531507778e-05,6.1547281135668306e-06,0.004717108157310063,4.233364750933324e-08,6.63069647437495e-06,0.8960130212994377,7.892599569881496e-05,0.896121654211497,0.00035136283793543396,0.009489498206186496,0.09399823821095007,0.1035269829505652,4.233364750933324e-08,0.04999336930352562,0.004902226437621241,0.05591106552579806,6.63069647437495e-06
software_fixture_not_chemical_prediction,1890.1803607214429,4.588050521719941e-06,2.4753709777647065e-05,4.909323942144607e-06,0.00048561252970095043,3.30900773452645e-05,6.154517389652905e-06,0.004717097951273546,4.237230190999266e-08,6.6535164736074885e-06,0.8956593873636326,7.899043335218426e-05,0.8957680832030048,0.00035176350994385,0.009489012116650116,0.09435189657566398,0.10388015328704898,4.237230190999266e-08,0.04999334648352639,0.0049019693483068625,0.05591082086773794,6.6535164736074885e-06
software_fixture_not_chemical_prediction,1897.3947895791584,4.589621930787917e-06,2.4752411695907132e-05,4.90907308836261e-06,0.00048561200049555684,3.30883494416993e-05,6.154306748056999e-06,0.004717087744191922,4.241098997185487e-08,6.676337225804378e-06,0.8953057719771274,7.905491459248065e-05,0.8954145307874924,0.0003521641176859171,0.009488526045611047,0.0947055363930186,0.10423330509481939,4.241098997185487e-08,0.04999332366277419,0.004901712268105778,0.055910576340037085,6.676337225804378e-06
software_fixture_not_chemical_prediction,1904.6092184368738,4.5911944949716145e-06,2.4751113660088463e-05,4.9088222478557e-06,0.00048561147123187204,3.3086621604193216e-05,6.154096188820372e-06,0.0047170775360641124,4.244971172221554e-08,6.6991587322410046e-06,0.8949521751392577,7.91194394666256e-05,0.8950609969643424,0.00035256466116624765,0.009488039993015519,0.09505915766368053,0.10458643837448905,4.244971172221554e-08,0.049993300841267754,0.004901455196988191,0.05591033194278014,6.6991587322410046e-06
software_fixture_not_chemical_prediction,1911.8236472945891,4.592768215494355e-06,2.4749815670045873e-05,4.908571420599624e-06,0.00048561094190983673,3.308489383255727e-05,6.153885711984282e-06,0.0047170673268890455,4.248846718837032e-08,6.721980994192755e-06,0.8945985968493598,7.918400802154054e-05,0.8947074817329376,0.00035296514038945414,0.009487553958809762,0.09541276038831638,0.10493955312667066,4.248846718837032e-08,0.0499932780190058,0.0049011981349242235,0.05591008767605181,6.721980994192755e-06
software_fixture_not_chemical_prediction,1919.0380761523047,4.594343093579458e-06,2.4748517725634168e-05,4.9083206065701265e-06,0.00048561041252939154,3.308316612660248e-05,6.1536753175899874e-06,0.004717057116665644,4.252725639761488e-08,6.744804012935014e-06,0.8942450371067696,7.924862030414691e-05,0.8943539850926606,0.000353365555360149,0.009487067942940004,0.09576634456759273,0.1052926493519769,4.252725639761488e-08,0.04999325519598706,0.004900941081883916,0.05590984353993678,6.744804012935014e-06
software_fixture_not_chemical_prediction,1926.25250501002,4.5959191304502455e-06,2.4747219826708166e-05,4.908069805742954e-06,0.000485609883090477,3.308143848613988e-05,6.153465005678747e-06,0.004717046905392836,4.2566079377244864e-08,6.76762778974317e-06,0.8938914959108228,7.931327636136617e-05,0.8940005070428944,0.00035376590608294465,0.00948658194535248,0.09611991020217613,0.1056457270510204,4.2566079377244864e-08,0.049993232372210254,0.0049006840378372305,0.0559095995345197,6.76762778974317e-06
software_fixture_not_chemical_prediction,1933.4669338677354,4.597496327330036e-06,2.4745921973122672e-05,4.907819018093851e-06,0.00048560935359303383,3.307971091098051e-05,6.153254776291819e-06,0.0047170366930695444,4.260493615455595e-08,6.790452325892609e-06,0.8935379732608556,7.937797624011976e-05,0.8936470475830214,0.0003541661925624536,0.009486095965993414,0.09647345729273321,0.10599878622441387,4.260493615455595e-08,0.049993209547674104,0.004900427002754047,0.05590935565988527,6.790452325892609e-06
software_fixture_not_chemical_prediction,1940.681362725451,4.59907468544215e-06,2.4744624164732498e-05,4.907568243598565e-06,0.00048560882403700264,3.307798340093538e-05,6.1530446294704635e-06,0.004717026479694696,4.264382675684379e-08,6.8132776226587155e-06,0.8931844691562036,7.944271998732912e-05,0.8932936067124244,0.0003545664148032883,0.009485610004809039,0.09682698583993055,0.10635182687276998,4.264382675684379e-08,0.049993186722377334,0.004900169976604166,0.05590911191611817,6.8132776226587155e-06
software_fixture_not_chemical_prediction,1947.8957915831663,4.600654206009907e-06,2.4743326401392456e-05,4.9073174822328385e-06,0.00048560829442232403,3.307625595581552e-05,6.152834565255938e-06,0.004717016265267215,4.2682751211404034e-08,6.836103681316878e-06,0.8928309835962032,7.950750764991571e-05,0.8929401844304863,0.00035496657281006117,0.009485124061745584,0.09718049584443472,0.10670484899670135,4.2682751211404034e-08,0.04999316389631868,0.004899912959357309,0.055908868303303064,6.836103681316878e-06
software_fixture_not_chemical_prediction,1955.110220440882,4.602234890256628e-06,2.474202868295736e-05,4.907066733972419e-06,0.0004856077647489387,3.3074528575431975e-05,6.152624583689501e-06,0.004717006049786028,4.272170954553236e-08,6.8589305031424835e-06,0.89247751658019,7.957233927480096e-05,0.8925867807365896,0.00035536666658738465,0.00948463813674928,0.09753398730691235,0.10705785259682071,4.272170954553236e-08,0.04999314106949685,0.0048996559509831145,0.05590862482152465,6.8589305031424835e-06
software_fixture_not_chemical_prediction,1962.3246492985973,4.603816739405634e-06,2.4740731009282017e-05,4.9068159987930515e-06,0.0004856072350167872,3.307280125959576e-05,6.152414684812412e-06,0.004716995833250058,4.276070178652441e-08,6.881758089410915e-06,0.8921240681075,7.963721490890633e-05,0.8922333956301172,0.00035576669613987126,0.009484152229766356,0.09788746022802997,0.10741083767374071,4.276070178652441e-08,0.049993118241910585,0.0048993989514511446,0.0559083814708676,6.881758089410915e-06
software_fixture_not_chemical_prediction,1969.5390781563126,4.605399754680243e-06,2.473943338022124e-05,4.906565276670482e-06,0.00048560670522581023,3.307107400811791e-05,6.1522048686659284e-06,0.004716985615658232,4.2799727961675854e-08,6.904586441397561e-06,0.8917706381774693,7.970213459915324e-05,0.8918800291104516,0.00035616666147213335,0.009483666340743043,0.09824091460845419,0.107763804228074,4.2799727961675854e-08,0.0499930954135586,0.004899141960730876,0.0559081382514166,6.904586441397561e-06
software_fixture_not_chemical_prediction,1976.7535070140282,4.606983937303778e-06,2.4738135795629843e-05,4.906314567580455e-06,0.0004856061753759484,3.306934682080944e-05,6.15199513529131e-06,0.004716975397009475,4.283878809828235e-08,6.927415560377809e-06,0.8914172267894336,7.976709839246317e-05,0.8915266811769756,0.00035656656258878345,0.009483180469625572,0.09859435044885162,0.10811675226043327,4.283878809828235e-08,0.049993072584439614,0.00489888497879171,0.05590789516325632,6.927415560377809e-06
software_fixture_not_chemical_prediction,1983.9679358717435,4.608569288499556e-06,2.4736838255362633e-05,4.906063871498716e-06,0.00048560564546714226,3.306761969748139e-05,6.151785484729814e-06,0.0047169651773027125,4.2877882223639545e-08,6.9502454476270434e-06,0.8910638339427289,7.983210633575755e-05,0.8911733518290721,0.00035696639949443396,0.00948269461636017,0.09894776774988881,0.10846968177143117,4.2877882223639545e-08,0.04999304975455237,0.004898628005602965,0.05590765220647143,6.9502454476270434e-06
software_fixture_not_chemical_prediction,1991.1823647294589,4.6101558094909e-06,2.4735540759274425e-05,4.905813188401013e-06,0.00048560511549933255,3.306589263794479e-05,6.151575917022701e-06,0.004716954956536869,4.291701036504312e-08,6.973076104420651e-06,0.8907104596366913,7.989715847595782e-05,0.8908200410661237,0.0003573661721936974,0.009482208780893068,0.09930116651223238,0.10882259276168038,4.291701036504312e-08,0.049993026923895574,0.004898371041133881,0.055907409381146626,6.973076104420651e-06
software_fixture_not_chemical_prediction,1998.3967935871744,4.611743501501129e-06,2.4734243307220024e-05,4.905562518263088e-06,0.0004856045854724599,3.306416564201066e-05,6.1513664322112274e-06,0.00471694473471087,4.295617254978872e-08,6.995907532034019e-06,0.8903571038706566,7.996225485998544e-05,0.890466748887513,0.00035776588069118617,0.009481722963170496,0.0996545467365489,0.1091754852317936,4.295617254978872e-08,0.04999300409246796,0.004898114085353616,0.0559071666873666,6.995907532034019e-06
software_fixture_not_chemical_prediction,2005.6112224448898,4.613332365753563e-06,2.4732945899054246e-05,4.905311861060689e-06,0.00048560405538646483,3.306243870949003e-05,6.151157030336654e-06,0.004716934511823641,4.2995368805172004e-08,7.018739731742533e-06,0.8900037666439607,8.002739553476184e-05,0.8901134752926227,0.0003581655249915127,0.009481237163138685,0.10000790842350496,0.10952835918238345,4.2995368805172004e-08,0.04999298126026825,0.00489785713823125,0.055906924125216,7.018739731742533e-06
software_fixture_not_chemical_prediction,2012.8256513026051,4.614922403471523e-06,2.4731648534631902e-05,4.90506121676956e-06,0.0004856035252412881,3.306071184019393e-05,6.1509477114402376e-06,0.004716924287874107,4.3034599158488635e-08,7.041572704821579e-06,0.8896504479559397,8.009258054720848e-05,0.8897602202808358,0.0003585651050992895,0.009480751380743864,0.10036125157376714,0.10988121461406263,4.3034599158488635e-08,0.049992958427295175,0.004897600199735779,0.05590668169477952,7.041572704821579e-06
software_fixture_not_chemical_prediction,2020.0400801603207,4.616513620607678e-06,2.473035121336358e-05,4.90481058529447e-06,0.0004856029950358641,3.305898503342462e-05,6.150738475762115e-06,0.004716914062857963,4.307386373877336e-08,7.064406456010096e-06,0.889297147811712,8.015781012020192e-05,0.8894069838574928,0.0003589646209664386,0.009480265615801427,0.10071457618222782,0.11023405152153842,4.307386373877336e-08,0.04999293559354398,0.004897343269972743,0.055906439396431654,7.064406456010096e-06
software_fixture_not_chemical_prediction,2027.254509018036,4.618106014073606e-06,2.4729053935509626e-05,4.90455996667599e-06,0.0004856024647710719,3.3057258289454805e-05,6.150529323161844e-06,0.004716903836777362,4.311316246372805e-08,7.087240982854108e-06,0.8889438662043935,8.022308414042664e-05,0.8890537660155968,0.00035936407264703393,0.00947977986837589,0.10106788225576535,0.11058686991175386,4.311316246372805e-08,0.04999291275901714,0.0048970863487857235,0.05590619722999477,7.087240982854108e-06
software_fixture_not_chemical_prediction,2034.4689378757516,4.619699585072368e-06,2.472775670092758e-05,4.90430936089034e-06,0.0004856019344468736,3.305553160809738e-05,6.1503202536797786e-06,0.004716893609631243,4.3152495359898897e-08,7.110076286603755e-06,0.8885906031332789,8.028840265415114e-05,0.8887005667544885,0.00035976346014622226,0.009479294138413643,0.10142116979508752,0.11093966978536292,4.3152495359898897e-08,0.04999288992371339,0.004896829436142827,0.055905955195554115,7.110076286603755e-06
software_fixture_not_chemical_prediction,2041.683366733467,4.621294334927277e-06,2.4726459509463696e-05,4.9040587679119345e-06,0.0004856014040632055,3.305380498915236e-05,6.150111267361334e-06,0.004716883381418453,4.319186245663464e-08,7.132912368604564e-06,0.8882373585978224,8.035376571211639e-05,0.8883473860736726,0.000360162783467795,0.009478808425857762,0.10177443880074304,0.1112924511428573,4.319186245663464e-08,0.049992867087631385,0.004896572532015553,0.05590571329320221,7.132912368604564e-06
software_fixture_not_chemical_prediction,2048.8977955911823,4.622890264961648e-06,2.4725162360964216e-05,4.90380818771519e-06,0.00048560087362000385,3.305207843241974e-05,6.149902364251926e-06,0.004716873152137844,4.323126378328402e-08,7.155749230202058e-06,0.8878841325974777,8.041917336506336e-05,0.8879942239726535,0.0003605620426155435,0.00947832273065132,0.1021276892732807,0.11164521398472867,4.323126378328402e-08,0.04999284425076979,0.004896315636375317,0.05590547152303165,7.155749230202058e-06
software_fixture_not_chemical_prediction,2056.112224448898,4.624487376498795e-06,2.4723865255275388e-05,4.9035576202745225e-06,0.00048560034311720515,3.305035193769952e-05,6.149693544396971e-06,0.004716862921788264,4.327069936919579e-08,7.178586872741766e-06,0.8875309251316987,8.048462566373302e-05,0.8876410804509357,0.0003609612375932591,0.00947783705273739,0.10248092121324927,0.11199795831146873,4.327069936919579e-08,0.04999282141312725,0.004896058749193445,0.055905229885135035,7.178586872741766e-06
software_fixture_not_chemical_prediction,2063.3266533066135,4.626085670862031e-06,2.472256819224346e-05,4.903307065564346e-06,0.0004855998125547456,3.30486255047917e-05,6.149484807841884e-06,0.004716852690368564,4.331016924371869e-08,7.201425297569213e-06,0.8871777361999396,8.055012265886633e-05,0.8872879555080238,0.0003613603684047331,0.009477351392059049,0.10283413462119749,0.11235068412356916,4.331016924371869e-08,0.04999279857470242,0.004895801870441176,0.0559049883796049,7.201425297569213e-06
software_fixture_not_chemical_prediction,2070.5410821643286,4.6276851493746715e-06,2.4721271171714677e-05,4.903056523559076e-06,0.0004855992819325617,3.304689913349628e-05,6.149276154632079e-06,0.004716842457877593,4.334967343620145e-08,7.224264506029922e-06,0.8868245658016541,8.061566440120427e-05,0.8869348491434224,0.0003617594350537568,0.009476865748559368,0.10318732949767413,0.11270339142152162,4.334967343620145e-08,0.04999277573549396,0.004895545000089663,0.05590474700653384,7.224264506029922e-06
software_fixture_not_chemical_prediction,2077.755511022044,4.629285813360029e-06,2.4719974193535285e-05,4.902805994233129e-06,0.0004855987512505896,3.304517282361326e-05,6.149067584812974e-06,0.004716832224314201,4.338921197599283e-08,7.247104499469422e-06,0.8864714139362962,8.068125094148779e-05,0.8865817613566357,0.00036215843754412166,0.009476380122181422,0.10354050584322799,0.11305608020581782,4.338921197599283e-08,0.04999275289550052,0.004895288138109971,0.05590450576601442,7.247104499469422e-06
software_fixture_not_chemical_prediction,2084.9699398797597,4.630887664141417e-06,2.4718677257551533e-05,4.902555477560919e-06,0.00048559822050876577,3.304344657494265e-05,6.148859098429983e-06,0.004716821989677236,4.3428784892441565e-08,7.269945279233239e-06,0.8861182806033199,8.074688233045787e-05,0.8862286921471686,0.0003625573758796189,0.009475894512868286,0.1038936636584078,0.11340875047694944,4.3428784892441565e-08,0.04999273005472076,0.004895031284473077,0.05590426465813923,7.269945279233239e-06
software_fixture_not_chemical_prediction,2092.184368737475,4.632490703042151e-06,2.471738036360967e-05,4.902304973516863e-06,0.00048559768970702646,3.304172038728444e-05,6.148650695528522e-06,0.00471681175396555,4.3468392214896396e-08,7.292786846666895e-06,0.885765165802179,8.081255861885546e-05,0.8858756415145255,0.00036295625006403984,0.009475408920563035,0.1042468029437623,0.11376140223540814,4.3468392214896396e-08,0.049992707213153326,0.004894774439149875,0.055904023683000806,7.292786846666895e-06
software_fixture_not_chemical_prediction,2099.3987975951904,4.6340949313855446e-06,2.471608351155594e-05,4.902054482075375e-06,0.0004855971588453081,3.3039994260438636e-05,6.1484423761540065e-06,0.004716801517177992,4.350803397270607e-08,7.315629203115921e-06,0.8854120695323275,8.087827985742155e-05,0.8855226094582109,0.00036335506010117593,0.00947492334520874,0.10459992369984031,0.11411403548168562,4.350803397270607e-08,0.049992684370796875,0.004894517602111168,0.05590378284069176,7.315629203115921e-06
software_fixture_not_chemical_prediction,2106.613226452906,4.6357003504949105e-06,2.4714786701236586e-05,4.901804003210871e-06,0.00048559662792354696,3.303826819420523e-05,6.148234140351852e-06,0.0047167912793134115,4.3547710195219324e-08,7.338472349925839e-06,0.8850589917932195,8.09440460968971e-05,0.8851695959777293,0.0003637538059948184,0.009474437786748476,0.10495302592719055,0.11446665021627357,4.3547710195219324e-08,0.04999266152765007,0.004894260773327673,0.055903542131304634,7.338472349925839e-06
software_fixture_not_chemical_prediction,2113.827655310621,4.637306961693564e-06,2.471348993249786e-05,4.901553536897766e-06,0.00048559609694167943,3.303654218838423e-05,6.148025988167474e-06,0.004716781040370658,4.3587420911784904e-08,7.361316288442175e-06,0.8847059325843086,8.100985738802306e-05,0.8848166010725853,0.0003641524877487586,0.00947395224512532,0.10530610962636179,0.11481924643966365,4.3587420911784904e-08,0.04999263868371155,0.004894003952770019,0.055903301554932026,7.361316288442175e-06
software_fixture_not_chemical_prediction,2121.0420841683367,4.6389147663048185e-06,2.4712193205186008e-05,4.901303083110475e-06,0.00048559556589964183,3.3034816242775636e-05,6.147817919646288e-06,0.004716770800348581,4.3627166151751555e-08,7.384161020010457e-06,0.8843528919050491,8.107571378154042e-05,0.8844636247422833,0.00036455110536678795,0.009473466720282342,0.10565917479790282,0.11517182415234757,4.3627166151751555e-08,0.04999261583897998,0.004893747140408751,0.055903061111666506,7.384161020010457e-06
software_fixture_not_chemical_prediction,2128.2565130260523,4.640523765651988e-06,2.4710896519147276e-05,4.901052641823415e-06,0.00048559503479737046,3.303309035717945e-05,6.14760993483371e-06,0.004716760559246032,4.366694594446802e-08,7.40700654597621e-06,0.8839998697548946,8.114161532819014e-05,0.884110666986328,0.0003649496588526977,0.00947298121216262,0.10601222144236239,0.115524383354817,4.366694594446802e-08,0.049992592993454016,0.004893490336214326,0.055902820801600625,7.40700654597621e-06
software_fixture_not_chemical_prediction,2135.4709418837674,4.642133961058386e-06,2.470959987422791e-05,4.9008022130110004e-06,0.00048559450363480167,3.3031364531395666e-05,6.147402033775155e-06,0.004716750317061858,4.370676031928304e-08,7.4298528676849575e-06,0.8836468661332992,8.120756207871316e-05,0.8837577278042238,0.00036534814821027916,0.009472495720709224,0.10636524956028923,0.11587692404756361,4.370676031928304e-08,0.049992570147132306,0.00489323354015711,0.055902580624826975,7.4298528676849575e-06
software_fixture_not_chemical_prediction,2142.685370741483,4.643745353847327e-06,2.470830327027416e-05,4.900551796647647e-06,0.0004855939724118719,3.3029638765224286e-05,6.147194216516039e-06,0.004716740073794911,4.374660930554536e-08,7.452699986482229e-06,0.8832938810397168,8.127355408385049e-05,0.8834048071954752,0.00036574657344332377,0.00947201024586523,0.10671825915223215,0.1162294462310791,4.374660930554536e-08,0.04999254730001351,0.004892976752207389,0.05590234058143813,7.452699986482229e-06
software_fixture_not_chemical_prediction,2149.8997995991986,4.645357945342125e-06,2.470700670713227e-05,4.900301392707769e-06,0.0004855934411285173,3.3027913058465316e-05,6.146986483101777e-06,0.004716729829444039,4.3786492932603713e-08,7.475547903713549e-06,0.8829409144736015,8.133959139434309e-05,0.8830519051595869,0.00036614493455562277,0.009471524787573713,0.1070712502187399,0.11658194990585516,4.3786492932603713e-08,0.04999252445209628,0.004892719972335355,0.055902100671526664,7.475547903713549e-06
software_fixture_not_chemical_prediction,2157.1142284569137,4.6469717368660926e-06,2.470571018464849e-05,4.900051001165783e-06,0.0004855929097846744,3.302618741091875e-05,6.146778833577785e-06,0.004716719584008092,4.382641122980685e-08,7.49839662072444e-06,0.882587966434407,8.140567406093189e-05,0.8826990216960633,0.00036654323155096757,0.009471039345777747,0.1074242227603612,0.11693443507238344,4.382641122980685e-08,0.049992501603379265,0.004892463200511118,0.055901860895185125,7.49839662072444e-06
software_fixture_not_chemical_prediction,2164.3286573146293,4.648586729742546e-06,2.4704413702669062e-05,4.8998006219961045e-06,0.0004855923783802794,3.3024461822384595e-05,6.146571267989478e-06,0.0047167093374859215,4.386636422650351e-08,7.521246138860433e-06,0.8822350369215873,8.14718021343579e-05,0.8823461568044089,0.00036694146443314946,0.009470553920420404,0.1077771767776449,0.11728690173115566,4.386636422650351e-08,0.04999247875386113,0.004892206436704699,0.05590162125250611,7.521246138860433e-06
software_fixture_not_chemical_prediction,2171.543086172345,4.650202925294797e-06,2.4703117261040237e-05,4.899550255173148e-06,0.0004855918469152687,3.302273629266285e-05,6.146363786382272e-06,0.004716699089876375,4.390635195204245e-08,7.544096459467052e-06,0.8818821259345964,8.153797566536208e-05,0.8819933104841282,0.0003673396332059597,0.009470068511444761,0.1081301122711397,0.11763934988266349,4.390635195204245e-08,0.049992455903540525,0.004891949680886031,0.0559013817435822,7.544096459467052e-06
software_fixture_not_chemical_prediction,2178.75751503006,4.651820324846161e-06,2.470182085960826e-05,4.899299900671329e-06,0.00048559131538957866,3.302101082155351e-05,6.146156388801582e-06,0.0047166888411783025,4.3946374435772394e-08,7.56694758388982e-06,0.8815292334728883,8.160419470468536e-05,0.881640482734726,0.0003677377378731898,0.00946958311879389,0.10848302924139436,0.11799177952739859,4.3946374435772394e-08,0.0499924330524161,0.004891692933024966,0.055901142368505956,7.56694758388982e-06
software_fixture_not_chemical_prediction,2185.9719438877755,4.653438929719951e-06,2.4700524498219376e-05,4.899049558465064e-06,0.00048559078380314553,3.301928540885657e-05,6.145949075292825e-06,0.004716678591390555,4.3986431707042094e-08,7.5897995134742664e-06,0.8811763595359167,8.167045930306875e-05,0.8812876735557064,0.00036813577843863095,0.009469097742410866,0.10883592768895767,0.11834419066585268,4.3986431707042094e-08,0.04999241020048652,0.004891436193091262,0.05590090312736993,7.5897995134742664e-06
software_fixture_not_chemical_prediction,2193.186372745491,4.6550587412394815e-06,2.4699228176719834e-05,4.898799228528767e-06,0.00048559025215590574,3.301756005437205e-05,6.145741845901415e-06,0.004716668340511981,4.402652379520029e-08,7.612652249565916e-06,0.8808235041231356,8.17367695112532e-05,0.8809348829465742,0.00036853375490607454,0.009468612382238763,0.1091888076143784,0.11869658329851743,4.402652379520029e-08,0.049992387347750425,0.004891179461054591,0.055900664020266715,7.612652249565916e-06
software_fixture_not_chemical_prediction,2200.400801603206,4.656679760728066e-06,2.469793189495588e-05,4.898548910836854e-06,0.00048558972044779563,3.301583475789994e-05,6.1455347006727686e-06,0.004716658088541431,4.406665072959573e-08,7.635505793510293e-06,0.8804706672339991,8.180312537997968e-05,0.8805821109068339,0.0003689316672793119,0.009468127038220652,0.10954166901820526,0.11904895742588449,4.406665072959573e-08,0.049992364494206486,0.004890922736884543,0.05590042504728891,7.635505793510293e-06
software_fixture_not_chemical_prediction,2207.615230460922,4.658301989509019e-06,2.4696635652773763e-05,4.898298605363741e-06,0.00048558918867875147,3.3014109519240234e-05,6.1453276396523e-06,0.004716647835477754,4.410681253957715e-08,7.658360146652926e-06,0.880117848867961,8.186952695998915e-05,0.88022935743599,0.0003693295155621344,0.009467641710299613,0.10989451190098709,0.11940131304844559,4.410681253957715e-08,0.04999234163985334,0.004890666020550616,0.055900186208529046,7.658360146652926e-06
software_fixture_not_chemical_prediction,2214.8296593186374,4.659925428905654e-06,2.469533945001973e-05,4.898048312083842e-06,0.00048558865684870966,3.301238433819294e-05,6.145120662885426e-06,0.0047166375813198,4.41470092544933e-08,7.68121531033934e-06,0.8797650490244753,8.193597430202259e-05,0.8798766225335469,0.0003697272997583333,0.009467156398418716,0.11024733626327261,0.1197536501666924,4.41470092544933e-08,0.049992318784689654,0.004890409312022224,0.05589994750407972,7.68121531033934e-06
software_fixture_not_chemical_prediction,2222.044088176353,4.661550080241285e-06,2.4694043286540023e-05,4.897798030971573e-06,0.0004855881249576065,3.301065921455806e-05,6.144913770417562e-06,0.004716627326066418,4.418724090369291e-08,7.704071285915059e-06,0.8794122677029959,8.200246745682095e-05,0.8795239061990093,0.0003701250198717,0.009466671102521036,0.11060014210561059,0.1201059687811166,4.418724090369291e-08,0.04999229592871408,0.0048901526112686946,0.05589970893403349,7.704071285915059e-06
software_fixture_not_chemical_prediction,2229.258517034068,4.663175944839225e-06,2.4692747162180894e-05,4.8975477620013505e-06,0.0004855875930053783,3.300893414813559e-05,6.144706962294122e-06,0.004716617069716459,4.422750751652473e-08,7.726928074725608e-06,0.8790595049029767,8.206900647512521e-05,0.8791712084318818,0.00037052267590602573,0.009466185822549647,0.11095292942854977,0.12045826889220984,4.422750751652473e-08,0.04999227307192527,0.004889895918259265,0.055899470498482935,7.726928074725608e-06
software_fixture_not_chemical_prediction,2236.4729458917836,4.664803024022789e-06,2.4691451076788587e-05,4.897297505147588e-06,0.0004855870609919615,3.3007209138725534e-05,6.144500238560524e-06,0.004716606812268772,4.426780912233751e-08,7.749785678116516e-06,0.8787067606238717,8.213559140767633e-05,0.8788185292316687,0.00037092026786510196,0.009465700558447624,0.11130569823263896,0.12081055050046385,4.426780912233751e-08,0.049992250214321875,0.00488963923296309,0.055899232197520646,7.749785678116516e-06
software_fixture_not_chemical_prediction,2243.687374749499,4.666431319115292e-06,2.469015503020935e-05,4.897047260384703e-06,0.0004855865289172923,3.3005484186127884e-05,6.144293599262181e-06,0.004716596553722207,4.430814575047999e-08,7.772644097433308e-06,0.8783540348651347,8.220222230521529e-05,0.8784658685978747,0.00037131779575272,0.009465215310158039,0.11165844851842689,0.12116281360637031,4.430814575047999e-08,0.04999222735590256,0.004889382555349234,0.05589899403123917,7.772644097433308e-06
software_fixture_not_chemical_prediction,2250.9018036072143,4.668060831440046e-06,2.4688859022289426e-05,4.896797027687109e-06,0.0004855859967813072,3.300375929014265e-05,6.144087044444511e-06,0.004716586294075614,4.43485174303009e-08,7.795503334021508e-06,0.87800132762622,8.226889921848305e-05,0.8781132265300041,0.0003717152595726711,0.009464730077623967,0.11201118028646231,0.12151505821042086,4.43485174303009e-08,0.04999220449666597,0.004889125885386678,0.05589875599973109,7.795503334021508e-06
software_fixture_not_chemical_prediction,2258.11623246493,4.669691562320365e-06,2.468756305287507e-05,4.8965468070292215e-06,0.0004855854645839424,3.300203445056983e-05,6.143880574152928e-06,0.0047165760333278415,4.4388924191148996e-08,7.818363389226645e-06,0.8776486389065811,8.233562219822056e-05,0.8777606030275618,0.0003721126593287466,0.009464244860788484,0.11236389353729404,0.12186728431310723,4.4388924191148996e-08,0.04999218163661077,0.0048888692230443145,0.05589851810308898,7.818363389226645e-06
software_fixture_not_chemical_prediction,2265.3306613226455,4.671323513079564e-06,2.468626712181252e-05,4.896296598385457e-06,0.00048558493232513436,3.300030966720942e-05,6.143674188432848e-06,0.00471656577147774,4.442936606237302e-08,7.841224264394243e-06,0.8772959687056722,8.240239129516882e-05,0.8774079980900519,0.000372509995024738,0.009463759659594662,0.11271658827147078,0.12221949191492108,4.442936606237302e-08,0.049992158775735596,0.004888612568290947,0.05589828034140542,7.841224264394243e-06
software_fixture_not_chemical_prediction,2272.5450901803606,4.672956685040957e-06,2.468497122894803e-05,4.896046401730231e-06,0.0004855844000048193,3.299858493986143e-05,6.143467887329686e-06,0.004716555508524158,4.4469843073321706e-08,7.864085960869825e-06,0.876943317022947,8.246920656006876e-05,0.8770554117169792,0.0003729072666644364,0.009463274473985575,0.11306926448954133,0.12257168101635409,4.4469843073321706e-08,0.04999213591403912,0.004888355921095295,0.055898042714772965,7.864085960869825e-06
software_fixture_not_chemical_prediction,2279.759519038076,4.674591079527857e-06,2.4683675374127843e-05,4.895796217037957e-06,0.0004855838676229336,3.299686026832585e-05,6.143261670888859e-06,0.004716545244465948,4.4510355253343806e-08,7.886948479998923e-06,0.8765906838578598,8.253606804366139e-05,0.8767028439078481,0.0003733044742516333,0.009462789303904299,0.11342192219205445,0.12292385161789796,4.4510355253343806e-08,0.049992113051519994,0.004888099281425993,0.0558978052232842,7.886948479998923e-06
software_fixture_not_chemical_prediction,2286.9739478957918,4.676226697863578e-06,2.4682379557198207e-05,4.895546044283053e-06,0.00048558333517941367,3.299513565240269e-05,6.143055539155781e-06,0.004716534979301957,4.455090263178806e-08,7.909811823127059e-06,0.8762380692098641,8.260297579668764e-05,0.8763502946621632,0.00037370161779012,0.009462304149293905,0.11377456137955891,0.12327600372004435,4.455090263178806e-08,0.049992090188176866,0.004887842649251584,0.05589756786703169,7.909811823127059e-06
software_fixture_not_chemical_prediction,2294.188376753507,4.6778635413714345e-06,2.468108377800537e-05,4.895295883439933e-06,0.00048558280267419575,3.299341109189194e-05,6.142849492175868e-06,0.004716524713031036,4.4591485238003206e-08,7.932675991599756e-06,0.8758854730784141,8.266992986988848e-05,0.8759977639794291,0.0003740986972836878,0.009461819010097471,0.11412718205260343,0.12362813732328495,4.4591485238003206e-08,0.04999206732400839,0.004887586024540528,0.055897330646108016,7.932675991599756e-06
software_fixture_not_chemical_prediction,2301.4028056112224,4.679501611374741e-06,2.4679788036395574e-05,4.895045734483012e-06,0.0004855822701072162,3.2991686586593606e-05,6.142643529994535e-06,0.004716514445652034,4.4632103101338e-08,7.955540986762545e-06,0.8755328954629638,8.27369303140049e-05,0.8756452518591501,0.000374495712736128,0.009461333886258068,0.11447978421173682,0.12398025242811148,4.4632103101338e-08,0.04999204445901323,0.004887329407261195,0.055897093560605765,7.955540986762545e-06
software_fixture_not_chemical_prediction,2308.617234468938,4.681140909196809e-06,2.467849233221507e-05,4.894795597386706e-06,0.0004855817374784114,3.298996213630769e-05,6.142437652657199e-06,0.004716504177163802,4.467275625114117e-08,7.97840680996095e-06,0.875180336362967,8.280397717977786e-05,0.8752927583008309,0.00037489266415123205,0.00946084877771877,0.11483236785750785,0.12433234903501557,4.467275625114117e-08,0.04999202159319003,0.004887072797381873,0.05589685661061748,7.97840680996095e-06
software_fixture_not_chemical_prediction,2315.831663326653,4.682781436160955e-06,2.4677196665310103e-05,4.8945454721254304e-06,0.00048558120478771767,3.2988237740834184e-05,6.142231860209275e-06,0.0047164939075651875,4.471344471676146e-08,8.001273462540495e-06,0.8748277957778776,8.28710705179483e-05,0.874940283303976,0.0003752895515327912,0.009460363684422653,0.11518493299046523,0.12468442714448891,4.471344471676146e-08,0.04999199872653745,0.004886816194870761,0.05589661979623576,8.001273462540495e-06
software_fixture_not_chemical_prediction,2323.0460921843687,4.684423193590492e-06,2.467590103552692e-05,4.8942953586736e-06,0.0004855806720350713,3.298651339997311e-05,6.142026152696177e-06,0.004716483636855042,4.475416852754762e-08,8.024140945846709e-06,0.8744752737071496,8.293821037925724e-05,0.8745878268680899,0.0003756863748845968,0.009459878606312791,0.11553747961115776,0.12503648675702322,4.475416852754762e-08,0.04999197585905415,0.004886559599695967,0.05589638311755316,8.024140945846709e-06
software_fixture_not_chemical_prediction,2330.2605210420843,4.686066182808734e-06,2.467460544271177e-05,4.894045257005631e-06,0.00048558013922040874,3.298478911352444e-05,6.141820530163323e-06,0.004716473365032215,4.4794927712848395e-08,8.047009261225117e-06,0.8741227701502369,8.30053968144456e-05,0.874235388992677,0.0003760831342104402,0.009459393543332256,0.11589000772013422,0.12538852787311017,4.4794927712848395e-08,0.04999195299073877,0.00488630301182552,0.05589614657466226,8.047009261225117e-06
software_fixture_not_chemical_prediction,2337.4749498997994,4.687710405138994e-06,2.4673309886710902e-05,4.893795167095939e-06,0.00048557960634366623,3.2983064881288194e-05,6.141614992656127e-06,0.004716463092095556,4.483572230201252e-08,8.069878410021242e-06,0.8737702851065935,8.307262987425436e-05,0.8738829696772422,0.0003764798295141127,0.009458908495424124,0.11624251731794333,0.1257405504932414,4.483572230201252e-08,0.04999193012158997,0.0048860464312273574,0.05589591016765564,8.069878410021242e-06
software_fixture_not_chemical_prediction,2344.689378757515,4.689355861904587e-06,2.4672014367370554e-05,4.8935450889189375e-06,0.0004855790734047801,3.298134070306436e-05,6.141409540220005e-06,0.004716452818043913,4.487655232438874e-08,8.092748393580612e-06,0.8734178185756734,8.313990960942449e-05,0.8735305689212897,0.0003768764607994057,0.009458423462531469,0.11659500840513388,0.12609255461790864,4.487655232438874e-08,0.04999190725160641,0.004885789857869332,0.05589567389662585,8.092748393580612e-06
software_fixture_not_chemical_prediction,2351.9038076152306,4.691002554428828e-06,2.467071888453698e-05,4.8932950224490445e-06,0.00048557854040368677,3.297961657865295e-05,6.1412041729003715e-06,0.0047164425428761385,4.4917417809325795e-08,8.115619213248755e-06,0.8730653705569302,8.320723607069697e-05,0.873178186724324,0.0003772730280701105,0.009457938444597363,0.11694748098225465,0.12644454024760354,4.4917417809325795e-08,0.04999188438078674,0.004885533291719208,0.055895437761665494,8.115619213248755e-06
software_fixture_not_chemical_prediction,2359.118236472946,4.692650484035028e-06,2.4669423438056425e-05,4.893044967660674e-06,0.00048557800734032254,3.297789250785396e-05,6.140998890742644e-06,0.004716432266591081,4.495831878617244e-08,8.138490870371193e-06,0.8727129410498182,8.327460930881274e-05,0.8728258230858498,0.0003776695313300184,0.009457453441564883,0.11729993504985436,0.12679650738281784,4.495831878617244e-08,0.04999186150912962,0.004885276732744666,0.055895201762867136,8.138490870371193e-06
software_fixture_not_chemical_prediction,2366.3326653306613,4.694299652046503e-06,2.4668128027775137e-05,4.892794924528241e-06,0.00048557747421462374,3.297616849046739e-05,6.140793693792236e-06,0.00471642198918759,4.4999255284277396e-08,8.161363366293452e-06,0.8723605300537912,8.33420293745128e-05,0.8724734780053716,0.00037806597058292075,0.009456968453377103,0.1176523706084818,0.12714845602404315,4.4999255284277396e-08,0.0499918386366337,0.004885020180913297,0.055894965900323314,8.161363366293452e-06
software_fixture_not_chemical_prediction,2373.547094188377,4.6959500597865665e-06,2.466683265353936e-05,4.892544893026161e-06,0.00048557694102652665,3.2974444526293237e-05,6.140588582094565e-06,0.004716411710664514,4.504022733298943e-08,8.18423670236106e-06,0.8720081375683031,8.340949631853808e-05,0.8721211514823939,0.00037846234583260895,0.009456483479977093,0.11800478765868573,0.1275003861717712,4.504022733298943e-08,0.04999181576329763,0.004884763636192607,0.05589473017412666,8.18423670236106e-06
software_fixture_not_chemical_prediction,2380.7615230460924,4.697601708578532e-06,2.466553731519534e-05,4.892294873128851e-06,0.00048557640777596776,3.2972720615131506e-05,6.140383555695045e-06,0.004716401431020706,4.508123496165727e-08,8.207110879919542e-06,0.8716557635928079,8.347701019162958e-05,0.8717688435164211,0.00037885865708287426,0.009455998521307931,0.11835718620101492,0.12785229782649365,4.508123496165727e-08,0.049991792889120076,0.004884507098550014,0.05589449458436971,8.207110879919542e-06
software_fixture_not_chemical_prediction,2387.9759519038075,4.6992545997457145e-06,2.466424201258933e-05,4.892044864810724e-06,0.00048557587446288326,3.29709967567822e-05,6.140178614639092e-06,0.004716391150255013,4.512227819962966e-08,8.229985900314423e-06,0.8713034081267595,8.354457104452823e-05,0.871416554106958,0.00037925490433750797,0.00945551357731269,0.1187095662360181,0.1282041909887022,4.512227819962966e-08,0.04999177001409968,0.004884250567952852,0.05589425913114503,8.229985900314423e-06
software_fixture_not_chemical_prediction,2395.190380761523,4.700908734611427e-06,2.466294674556757e-05,4.891794868046197e-06,0.0004855753410872096,3.2969272951045306e-05,6.1399737589721215e-06,0.004716380868366285,4.516335707625535e-08,8.25286176489123e-06,0.8709510711696119,8.361217892797504e-05,0.8710642832535088,0.0003796510876003016,0.009455028647934445,0.11906192776424408,0.12855606565888852,4.516335707625535e-08,0.0499917471382351,0.004883994044368367,0.05589402381454523,8.25286176489123e-06
software_fixture_not_chemical_prediction,2402.4048096192387,4.7025641144989834e-06,2.466165151397631e-05,4.891544882809685e-06,0.00048557480764888306,3.296754919772084e-05,6.13976898873955e-06,0.004716370585353373,4.520447162088307e-08,8.275738474995489e-06,0.8705987527208189,8.367983389271096e-05,0.8707120309555783,0.0003800472068750463,0.009454543733116267,0.1194142707862416,0.12890792183754432,4.520447162088307e-08,0.049991724261525,0.004883737527763718,0.05589378863466283,8.275738474995489e-06
software_fixture_not_chemical_prediction,2409.619238476954,4.704220740731698e-06,2.46603563176618e-05,4.891294909075604e-06,0.00048557427414783996,3.29658254966088e-05,6.139564303986792e-06,0.004716360301215125,4.524562186286157e-08,8.298616031972723e-06,0.8702464527798346,8.374753598947693e-05,0.8703597972126709,0.0003804432621655334,0.009454058832801234,0.11976659530255941,0.12925975952516122,4.524562186286157e-08,0.04999170138396802,0.004883481018105977,0.05589355359159047,8.298616031972723e-06
software_fixture_not_chemical_prediction,2416.8336673346694,4.705878617540499e-06,2.4659061156196083e-05,4.891044946774511e-06,0.0004855737405834052,3.296410184719423e-05,6.139359704881152e-06,0.0047163500159483965,4.5286807895217695e-08,8.321494439311255e-06,0.8698941713496103,8.381528537716753e-05,0.8700075820278966,0.00038083925344394016,0.00945357394685121,0.12011890131025389,0.12961157871865717,4.5286807895217695e-08,0.04999167850556068,0.004883224515443002,0.055893318685599165,8.321494439311255e-06
software_fixture_not_chemical_prediction,2424.048096192385,4.707537746523868e-06,2.4657766029399873e-05,4.890794995876762e-06,0.000485573206955474,3.296237824924556e-05,6.139155191479264e-06,0.004716339729552099,4.532802973829397e-08,8.344373698054955e-06,0.8695419084291126,8.38830821169069e-05,0.8696553854002829,0.0003812351807122627,0.009453089075200781,0.1204711888103611,0.1299633794190026,4.532802973829397e-08,0.04999165562630194,0.004882968019748742,0.055893083916799945,8.344373698054955e-06
software_fixture_not_chemical_prediction,2431.2625250501,4.709198126236859e-06,2.465647093738138e-05,4.890545056398714e-06,0.0004855726732645866,3.296065470286176e-05,6.138950763710346e-06,0.0047163294420270625,4.5369287355616655e-08,8.367253807335129e-06,0.869189664014184,8.395092615661061e-05,0.8693032073256199,0.0003816310440050709,0.00945260421786969,0.12082345780703642,0.13031516163037266,4.5369287355616655e-08,0.04999163274619266,0.004882711530912759,0.05589284928511756,8.367253807335129e-06
software_fixture_not_chemical_prediction,2438.4769539078156,4.710859758116915e-06,2.4655175879977002e-05,4.89029512831325e-06,0.0004855721395106743,3.295893120783016e-05,6.138746421624539e-06,0.00471631915337205,4.5410580778860547e-08,8.390134768575883e-06,0.8688374381044073,8.401881755137882e-05,0.868951047803546,0.00038202684332524844,0.009452119374797384,0.12117570830069961,0.13066692535312643,4.5410580778860547e-08,0.049991609865231414,0.0048824550489048775,0.05589261479065361,8.390134768575883e-06
software_fixture_not_chemical_prediction,2445.691382765531,4.7125226436014775e-06,2.4653880857023138e-05,4.890045211593254e-06,0.00048557160569366874,3.2957207763938076e-05,6.138542165271988e-06,0.004716308863585827,4.5451910039700414e-08,8.41301658320132e-06,0.8684852306993659,8.408675635631161e-05,0.8685989068336992,0.0003824225786756787,0.009451634545923307,0.12152794029177036,0.13101867058762287,4.5451910039700414e-08,0.04999158698341679,0.004882198573694829,0.05589238043350968,8.41301658320132e-06
software_fixture_not_chemical_prediction,2452.9058116232463,4.7141867841279876e-06,2.4652585868356196e-05,4.889795306211608e-06,0.00048557107181350134,3.295548437097282e-05,6.138337994702836e-06,0.004716298572667157,4.5493275169811055e-08,8.435899252635543e-06,0.868133041798643,8.415474262650916e-05,0.8682467844157176,0.0003828182500592454,0.009451149731186905,0.12188015378066837,0.13137039733422093,4.5493275169811055e-08,0.04999156410074736,0.004881942105252253,0.055892146213787276,8.435899252635543e-06
software_fixture_not_chemical_prediction,2460.120240480962,4.715852181133887e-06,2.4651290913812572e-05,4.8895454121411965e-06,0.00048557053787010355,3.295376102872173e-05,6.138133909967225e-06,0.004716288280614804,4.553467620086723e-08,8.458782778302658e-06,0.8677808714018217,8.422277641707158e-05,0.8678946805492392,0.00038321385747883195,0.009450664930527623,0.1222323487678134,0.1317221055932797,4.553467620086723e-08,0.04999154121722169,0.004881685643546689,0.05589191213158803,8.458782778302658e-06
software_fixture_not_chemical_prediction,2467.3346693386775,4.717518836056617e-06,2.4649995993228668e-05,4.889295529354903e-06,0.00048557000386340683,3.295203773697211e-05,6.1379299111153e-06,0.004716277987427533,4.5576113164543744e-08,8.48166716162677e-06,0.8674287195084851,8.429085778309901e-05,0.8675425952339022,0.00038360940093732195,0.009450180143884903,0.12258452525362516,0.13207379536515815,4.5576113164543744e-08,0.04999151833283837,0.004881429188547589,0.05589167818701344,8.48166716162677e-06
software_fixture_not_chemical_prediction,2474.5490981963926,4.719186750333618e-06,2.464870110644089e-05,4.889045657825609e-06,0.0004855694697933427,3.2950314495511286e-05,6.137725998197203e-06,0.004716267693104108,4.5617586092515366e-08,8.504552404031982e-06,0.8670765861182166,8.435898677969156e-05,0.8671905284693449,0.0003840048804375989,0.009449695371198191,0.12293668323852334,0.13242546665021523,4.5617586092515366e-08,0.049991495447595964,0.0048811727402243025,0.055891444380165134,8.504552404031982e-06
software_fixture_not_chemical_prediction,2481.763527054108,4.720855925402334e-06,2.4647406253285633e-05,4.888795797526199e-06,0.00048556893565984265,3.294859130412658e-05,6.137522171263078e-06,0.004716257397643293,4.5659095016456877e-08,8.527438506942402e-06,0.866724471230599,8.442716346194938e-05,0.8668384802552052,0.0003844002959825464,0.009449210612406932,0.12328882272292771,0.13277711944881002,4.5659095016456877e-08,0.04999147256149305,0.004880916298546091,0.05589121071114464,8.527438506942402e-06
software_fixture_not_chemical_prediction,2488.9779559118238,4.722526362700205e-06,2.4646111433599304e-05,4.888545948429556e-06,0.00048556840146283815,3.29468681626053e-05,6.137318430363067e-06,0.004716247101043853,4.5700639968043066e-08,8.55032547178213e-06,0.8663723748452159,8.449538788497259e-05,0.8664864505911212,0.00038479564757504795,0.009448725867450571,0.12364094370725796,0.13312875376130148,4.5700639968043066e-08,0.04999144967452821,0.004880659863482121,0.05589097718005356,8.55032547178213e-06
software_fixture_not_chemical_prediction,2496.1923847695393,4.7241980636646726e-06,2.46448166472183e-05,4.888296110508564e-06,0.00048556786720226064,3.294514507073478e-05,6.137114775547315e-06,0.004716236803304551,4.5742220978948705e-08,8.573213299975273e-06,0.8660202969616503,8.456366010386133e-05,0.8661344394767311,0.00038519093521798714,0.009448241136268552,0.12399304619193383,0.13348036958804865,4.5742220978948705e-08,0.049991426786700016,0.004880403435001461,0.05589074378699342,8.573213299975273e-06
software_fixture_not_chemical_prediction,2503.4068136272545,4.725871029733178e-06,2.4643521893979026e-05,4.888046283736105e-06,0.0004855673328780416,3.294342202830233e-05,6.136911206865966e-06,0.004716226504424153,4.578383808084858e-08,8.596101992945934e-06,0.8656682375794852,8.463198017371572e-05,0.865782446911673,0.0003855861589142475,0.009447756418800319,0.12434513017737497,0.13383196692941046,4.578383808084858e-08,0.04999140389800705,0.00488014701307309,0.05589051053206582,8.596101992945934e-06
software_fixture_not_chemical_prediction,2510.62124248497,4.727545262343164e-06,2.464222717371788e-05,4.887796468085063e-06,0.0004855667984901125,3.294169903509528e-05,6.13670772436916e-06,0.0047162162044014225,4.582549130541748e-08,8.618991552118222e-06,0.865316196698304,8.47003481496359e-05,0.8654304728955851,0.00038598131866671246,0.00944727171498532,0.1246971956640012,0.13418354578574596,4.582549130541748e-08,0.049991381008447876,0.004879890597665887,0.0558902774153723,8.618991552118222e-06
software_fixture_not_chemical_prediction,2517.8356713426856,4.72922076293207e-06,2.4640932486271265e-05,4.887546663528321e-06,0.0004855662640384049,3.2939976090900934e-05,6.136504328107044e-06,0.004716205903235123,4.586718068433018e-08,8.641881978916235e-06,0.8649641743176898,8.476876408672199e-05,0.8650785174281053,0.00038637641447826574,0.009446787024762995,0.1250492426522322,0.13453510615741415,4.586718068433018e-08,0.04999135811802108,0.004879634188748642,0.05589004443701446,8.641881978916235e-06
software_fixture_not_chemical_prediction,2525.0501002004007,4.730897532937339e-06,2.4639637831475583e-05,4.887296870038763e-06,0.0004855657295228502,3.293825319550663e-05,6.136301018129759e-06,0.00471619560092402,4.590890624926146e-08,8.664773274764081e-06,0.8646121704372257,8.483722804007413e-05,0.8647265805088719,0.00038677144635179076,0.009446302348072791,0.1254012711424876,0.13488664804477404,4.590890624926146e-08,0.04999133522672523,0.004879377786290047,0.05588981159709383,8.664773274764081e-06
software_fixture_not_chemical_prediction,2532.2645290581163,4.732575573796413e-06,2.4638343209167233e-05,4.887047087589271e-06,0.0004855651949433799,3.2936530348699674e-05,6.136097794487448e-06,0.004716185297466877,4.5950668031886104e-08,8.687665441085866e-06,0.864260185056495,8.490574006479245e-05,0.8643746621375229,0.0003871664142901711,0.009445817684854153,0.12575328113518727,0.13523817144818462,4.5950668031886104e-08,0.049991312334558904,0.0048791213902587005,0.05588957889571199,8.687665441085866e-06
software_fixture_not_chemical_prediction,2539.478957915832,4.734254886946732e-06,2.463704861918262e-05,4.88679731615273e-06,0.00048556466029992543,3.293480755026739e-05,6.135894657230256e-06,0.004716174992862458,4.59924660638789e-08,8.710558479305692e-06,0.8639082181750809,8.497430021597708e-05,0.8640227623136966,0.00038756131829629034,0.009445333035046527,0.12610527263075086,0.13558967636800487,4.59924660638789e-08,0.04999128944152069,0.0048788650006231105,0.05588934633297052,8.710558479305692e-06
software_fixture_not_chemical_prediction,2546.693386773547,4.735935473825739e-06,2.463575406135814e-05,4.8865475557020204e-06,0.0004855641255924183,3.29330847999971e-05,6.135691606408326e-06,0.004716164687109528,4.603430037691462e-08,8.733452390847662e-06,0.8635562697925664,8.504290854872814e-05,0.8636708810370308,0.00038795615837303193,0.009444848398589355,0.12645724562959806,0.1359411628045938,4.603430037691462e-08,0.049991266547609145,0.004878608617351685,0.055889113908970965,8.733452390847662e-06
software_fixture_not_chemical_prediction,2553.9078156312626,4.737617335870874e-06,2.4634459535530205e-05,4.886297806210029e-06,0.00048556359082079,3.293136209767612e-05,6.1354886420718e-06,0.004716154380206851,4.607617100266805e-08,8.756347177135885e-06,0.8632043399085347,8.511156511814578e-05,0.863319018307164,0.00038835093452327954,0.009444363775422081,0.12680920013214866,0.1362926307583105,4.607617100266805e-08,0.049991243652822856,0.004878352240412741,0.055888881623814904,8.756347177135885e-06
software_fixture_not_chemical_prediction,2561.122244488978,4.739300474519579e-06,2.4633165041535203e-05,4.886048067649636e-06,0.0004855630559849721,3.2929639443091775e-05,6.135285764270822e-06,0.0047161440721531925,4.611807797281397e-08,8.779242839594462e-06,0.8628524285225692,8.518026997933012e-05,0.8629671741237339,0.0003887456467499166,0.009443879165484153,0.12716113613882235,0.13664408022951383,4.611807797281397e-08,0.0499912207571604,0.004878095869774499,0.05588864947760391,8.779242839594462e-06
software_fixture_not_chemical_prediction,2568.3366733466933,4.740984891209296e-06,2.4631870579209544e-05,4.885798339993726e-06,0.00048556252108489587,3.292791683603138e-05,6.135082973055536e-06,0.004716133762947315,4.6160021319027165e-08,8.802139379647499e-06,0.8625005356342528,8.524902318738128e-05,0.862615348486379,0.0003891402950558267,0.009443394568715013,0.1275130536500388,0.13699551121856288,4.6160021319027165e-08,0.04999119786062035,0.004877839505405089,0.05588841747043953,8.802139379647499e-06
software_fixture_not_chemical_prediction,2575.551102204409,4.742670587377466e-06,2.4630576148389627e-05,4.885548623215183e-06,0.0004855619861204929,3.292619427628226e-05,6.1348802684760845e-06,0.004716123452587983,4.620200107298242e-08,8.8250367987191e-06,0.8621486612431688,8.53178247973994e-05,0.8622635413947372,0.0003895348794438934,0.009442909985054109,0.12786495266621778,0.13734692372581664,4.620200107298242e-08,0.049991174963201275,0.0048775831472725436,0.05588818560242335,8.8250367987191e-06
software_fixture_not_chemical_prediction,2582.7655310621244,4.744357564461532e-06,2.4629281748911854e-05,4.885298917286889e-06,0.0004855614510916947,3.2924471763631725e-05,6.13467765058261e-06,0.004716113141073961,4.624401726635451e-08,8.847935098233372e-06,0.8617968053489004,8.538667486448463e-05,0.8619117528484467,0.00038992939991700025,0.009442425414440882,0.12821683318777902,0.1376983177516341,4.624401726635451e-08,0.04999115206490176,0.004877326795344801,0.05588795387365694,8.847935098233372e-06
software_fixture_not_chemical_prediction,2589.9799599198395,4.746045823898933e-06,2.4627987380612625e-05,4.885049222181727e-06,0.00048556091599843266,3.292274929786711e-05,6.134475119425258e-06,0.004716102828404014,4.628606993081822e-08,8.870834279614415e-06,0.8614449679510306,8.545557344373708e-05,0.8615599828471454,0.0003903238564780307,0.009441940856814778,0.12856869521514216,0.13804969329637423,4.628606993081822e-08,0.04999112916572038,0.004877070449589708,0.055887722284241825,8.870834279614415e-06
software_fixture_not_chemical_prediction,2597.194388777555,4.747735367127112e-06,2.462669304332834e-05,4.8847995378725826e-06,0.00048556038084063833,3.2921026878775713e-05,6.134272675054171e-06,0.004716092514576905,4.632815909804833e-08,8.893734344286337e-06,0.8610931490491429,8.552452059025687e-05,0.8612082313904718,0.0003907182491298684,0.00944145631211524,0.12892053874872705,0.1384010503603961,4.632815909804833e-08,0.049991106265655706,0.004876814109975016,0.055887490834279616,8.893734344286337e-06
software_fixture_not_chemical_prediction,2604.4088176352707,4.749426195583511e-06,2.4625398736895406e-05,4.884549864332337e-06,0.00048555984561824317,3.2919304506144876e-05,6.134070317519491e-06,0.0047160821995914,4.637028479971963e-08,8.91663529367324e-06,0.8607413486428201,8.559351635914416e-05,0.8608564984780637,0.00039111257787539683,0.009440971780281717,0.12927236378895332,0.1387523889440587,4.637028479971963e-08,0.04999108336470632,0.00487655777646838,0.05588725952387187,8.91663529367324e-06
software_fixture_not_chemical_prediction,2611.623246492986,4.75111831070557e-06,2.462410446115022e-05,4.884300201533873e-06,0.00048555931033117866,3.29175821797619e-05,6.1338680468713625e-06,0.004716071883446261,4.6412447067506884e-08,8.93953712919923e-06,0.8603895667316457,8.566256080549904e-05,0.8605047841095592,0.00039150684271749953,0.009440487261253652,0.12962417033624068,0.13910370904772096,4.6412447067506884e-08,0.049991060462870794,0.004876301449037363,0.055887028353120156,8.93953712919923e-06
software_fixture_not_chemical_prediction,2618.8376753507014,4.752811713930732e-06,2.462281021592918e-05,4.884050549450076e-06,0.0004855587749793762,3.2915859899414124e-05,6.133665863159929e-06,0.004716061566140254,4.645464593308489e-08,8.962439852288413e-06,0.8600378033152026,8.573165398442168e-05,0.8601530882845967,0.0003919010436590601,0.009440002754970487,0.1299759583910089,0.13945501067174196,4.645464593308489e-08,0.0499910375601477,0.004876045127649435,0.05588679732212603,8.962439852288413e-06
software_fixture_not_chemical_prediction,2626.052104208417,4.754506406696437e-06,2.4621516001068696e-05,4.8838009080538265e-06,0.0004855582395627674,3.291413766488885e-05,6.1334637664353325e-06,0.004716051247672144,4.6496881428128424e-08,8.985343464364893e-06,0.8596860583930742,8.58007959510122e-05,0.859801411002814,0.00039229518070296206,0.009439518261371668,0.1303277279536777,0.1398062938164807,4.6496881428128424e-08,0.049991014656535625,0.004875788812271968,0.055886566430991054,8.985343464364893e-06
software_fixture_not_chemical_prediction,2633.2665330661325,4.7562023904401275e-06,2.4620221816405167e-05,4.88355127731801e-06,0.00048555770408128363,3.291241547597341e-05,6.1332617567477175e-06,0.004716040928040693,4.6539153584312275e-08,9.008247966852771e-06,0.8593343319648435,8.586998676037073e-05,0.8594497522638496,0.000392689253852089,0.00943903378039664,0.13067947902466676,0.1401575584822961,4.6539153584312275e-08,0.04999099175203314,0.004875532502872245,0.055886335679816816,9.008247966852771e-06
software_fixture_not_chemical_prediction,2640.4809619238476,4.7578996665992445e-06,2.461892766177499e-05,4.88330165721551e-06,0.0004855571685348564,3.2910693332455117e-05,6.133059834147227e-06,0.004716030607244666,4.6581462433311206e-08,9.031153361176154e-06,0.8589826240300938,8.593922646759738e-05,0.8590981120673411,0.0003930832631093243,0.00943854931198485,0.1310312116043958,0.14050880466954724,4.6581462433311206e-08,0.04999096884663882,0.004875276199417449,0.05588610506870484,9.031153361176154e-06
software_fixture_not_chemical_prediction,2647.695390781563,4.75959823661123e-06,2.461763353701457e-05,4.883052047719207e-06,0.0004855566329234172,3.290897123412129e-05,6.132857998684004e-06,0.004716020285282829,4.662380800680002e-08,9.054059648759148e-06,0.8586309345884082,8.600851512779232e-05,0.858746490412927,0.0003934772084775516,0.009438064856075741,0.13138292569328458,0.14086003237859313,4.662380800680002e-08,0.049990945940351236,0.004875019901874674,0.055885874597756756,9.054059648759148e-06
software_fixture_not_chemical_prediction,2654.909819639279,4.761298101913526e-06,2.4616339441960304e-05,4.882802448801987e-06,0.0004855560972468975,3.290724918075925e-05,6.132656250408192e-06,0.004716009962153944,4.6666190336453494e-08,9.076966831025856e-06,0.8582792636393699,8.607785279605564e-05,0.8583948873002454,0.00039387108995965454,0.009437580412608755,0.13173462129175278,0.1412112416097927,4.6666190336453494e-08,0.04999092303316897,0.004874763610210917,0.05588564426707408,9.076966831025856e-06
software_fixture_not_chemical_prediction,2662.124248496994,4.762999263943572e-06,2.46150453764486e-05,4.882552860436733e-06,0.00048555556150522874,3.290552717215633e-05,6.1324545893699345e-06,0.004715999637856776,4.67086094539464e-08,9.099874909400381e-06,0.8579276111825621,8.61472395274875e-05,0.8580433027289341,0.0003942649075585165,0.00943709598152334,0.13208629840022015,0.14156243236350502,4.67086094539464e-08,0.049990900125090595,0.004874507324393083,0.05588541407675839,9.099874909400381e-06
software_fixture_not_chemical_prediction,2669.3386773547095,4.764701724138812e-06,2.4613751340315857e-05,4.882303282596327e-06,0.0004855550256983424,3.290380520809983e-05,6.132253015619374e-06,0.004715989312390091,4.6751065390953527e-08,9.12278388530683e-06,0.8575759772175678,8.621667537718802e-05,0.8576917366986316,0.00039465866127702114,0.00943661156275894,0.1324379570191064,0.14191360464008906,4.6751065390953527e-08,0.049990877216114685,0.004874251044387982,0.05588518402691125,9.12278388530683e-06
software_fixture_not_chemical_prediction,2676.553106212425,4.766405483936686e-06,2.461245733339847e-05,4.882053715253653e-06,0.0004855544898261701,3.2902083288377074e-05,6.132051529206656e-06,0.00471597898575265,4.679355817914965e-08,9.145693760169307e-06,0.8572243617439704,8.628616040025732e-05,0.8573401892089758,0.00039505235111805196,0.009436127156254998,0.13278959714883126,0.14226475843990383,4.679355817914965e-08,0.049990854306239826,0.004873994770162328,0.05588495411763426,9.145693760169307e-06
software_fixture_not_chemical_prediction,2683.76753507014,4.768110544774636e-06,2.461116335553285e-05,4.881804158381594e-06,0.0004855539538886431,3.290036141277539e-05,6.131850130181921e-06,0.00471596865794322,4.683608785020957e-08,9.168604535411914e-06,0.8568727647613531,8.635569465179554e-05,0.856988660259605,0.00039544597708449244,0.00943564276195096,0.1331412187898144,0.1426158937633083,4.683608785020957e-08,0.049990831395464584,0.004873738501682744,0.05588472434902895,9.168604535411914e-06
software_fixture_not_chemical_prediction,2690.9819639278558,4.769816908090103e-06,2.4609869406555393e-05,4.881554611953033e-06,0.000485553417885693,3.2898639581082095e-05,6.131648818595314e-06,0.004715958328960564,4.687865443580804e-08,9.19151621245876e-06,0.8565211862692989,8.642527818690282e-05,0.8566371498501569,0.00039583953917922627,0.009435158379786273,0.1334928219424756,0.14296701061066155,4.687865443580804e-08,0.049990808483787535,0.004873482238915757,0.055884494721196894,9.19151621245876e-06
software_fixture_not_chemical_prediction,2698.1963927855713,4.771524575320529e-06,2.4608575486302505e-05,4.881305075940854e-06,0.0004855528818172513,3.2896917793084504e-05,6.131447594496977e-06,0.004715947998803446,4.6921257967619866e-08,9.214428792733947e-06,0.8561696262673909,8.649491106067928e-05,0.8562856579802701,0.0003962330374051369,0.009434674009700376,0.13384440660723457,0.1433181089823225,4.6921257967619866e-08,0.04999078557120726,0.004873225981827801,0.05588426523423967,9.214428792733947e-06
software_fixture_not_chemical_prediction,2705.4108216432865,4.773233547903355e-06,2.460728159461058e-05,4.881055550317939e-06,0.00048555234568324943,3.2895196048569945e-05,6.131246457937055e-06,0.004715937667470632,4.696389847731982e-08,9.237342277661578e-06,0.8558180847552125,8.656459332822506e-05,0.8559341846495824,0.00039662647176510785,0.009434189651632719,0.13419597278451098,0.14366918887865018,4.696389847731982e-08,0.04999076265772233,0.004872969730385216,0.05588403588825883,9.237342277661578e-06
software_fixture_not_chemical_prediction,2712.625250501002,4.774943827276023e-06,2.4605987731316025e-05,4.880806035057174e-06,0.00048555180948361883,3.2893474347325726e-05,6.13104540896569e-06,0.0047159273349608845,4.700657599658269e-08,9.26025666866576e-06,0.8554665617323468,8.663432504464028e-05,0.8555827298577321,0.0003970198422620227,0.009433705305522745,0.1345475204747246,0.14402025030000365,4.700657599658269e-08,0.049990739743331326,0.004872713484554248,0.05588380668335595,9.26025666866576e-06
software_fixture_not_chemical_prediction,2719.8396793587176,4.776655414875975e-06,2.4604693896255237e-05,4.880556530131439e-06,0.00048555127321829106,3.289175268913917e-05,6.1308444476330265e-06,0.004715917001272969,4.7049290557083246e-08,9.283171967170598e-06,0.8551150571983769,8.670410626502506e-05,0.8552312936043571,0.00039741314889876495,0.009433220971309898,0.13489904967829516,0.1443712932467418,4.7049290557083246e-08,0.04999071682803282,0.004872457244301048,0.055883577619632585,9.283171967170598e-06
software_fixture_not_chemical_prediction,2727.0541082164327,4.778368312140652e-06,2.4603400089264624e-05,4.880307035513619e-06,0.0004855507368871975,3.289003107379761e-05,6.130643573989206e-06,0.004715906666405648,4.7092042190496276e-08,9.306088174600193e-06,0.854763571152886,8.677393704447956e-05,0.8548798758890958,0.00039780639167821824,0.009432736648933623,0.13525056039564232,0.14472231771922373,4.7092042190496276e-08,0.049990693911825396,0.004872201009591675,0.055883348697190326,9.306088174600193e-06
software_fixture_not_chemical_prediction,2734.2685370741483,4.780082520507494e-06,2.460210631018058e-05,4.880057551176597e-06,0.0004855502004902697,3.2888309501088353e-05,6.130442788084373e-06,0.004715896330357688,4.713483092849657e-08,9.329005292378653e-06,0.8544121035954574,8.684381743810388e-05,0.854528476711586,0.00039819957060326604,0.009432252338333365,0.13560205262718586,0.14507332371780837,4.713483092849657e-08,0.049990670994707616,0.004871944780392091,0.05588311991613071,9.329005292378653e-06
software_fixture_not_chemical_prediction,2741.482965931864,4.781798041413945e-06,2.460081255883951e-05,4.8798080770932565e-06,0.00048554966402743915,3.288658797079872e-05,6.130242089968672e-06,0.004715885993127852,4.7177656802758896e-08,9.351923321930082e-06,0.8540606545256741,8.691374750099818e-05,0.8541770960714662,0.0003985926856767919,0.009431768039448568,0.13595352637334546,0.1454243112428548,4.7177656802758896e-08,0.049990648076678065,0.004871688556668168,0.055882891276555324,9.351923321930082e-06
software_fixture_not_chemical_prediction,2748.697394789579,4.783514876297445e-06,2.459951883507782e-05,4.87955861323648e-06,0.00048554912749863724,3.288486648271603e-05,6.130041479692244e-06,0.004715875654714905,4.7220519844958046e-08,9.374842264678582e-06,0.8537092239431194,8.698372728826258e-05,0.8538257339683741,0.00039898573690167936,0.009431283752218677,0.13630498163454086,0.14577528029472192,4.7220519844958046e-08,0.049990625157735315,0.004871432338385681,0.055882662778565725,9.374842264678582e-06
software_fixture_not_chemical_prediction,2755.9118236472946,4.785233026595436e-06,2.45982251387319e-05,4.879309159579151e-06,0.00048554859090379555,3.288314503662761e-05,6.129840957305232e-06,0.0047158653151176105,4.72634200867688e-08,9.397762122048262e-06,0.8533578118473764,8.70537568549972e-05,0.8534743904019481,0.00039937872428081196,0.009430799476583138,0.13665641841119175,0.14612623087376883,4.72634200867688e-08,0.04999060223787794,0.004871176125510312,0.05588243442226348,9.397762122048262e-06
software_fixture_not_chemical_prediction,2763.12625250501,4.786952493745359e-06,2.4596931469638163e-05,4.879059716094153e-06,0.00048554805424284544,3.288142363232077e-05,6.129640522857782e-06,0.004715854974334733,4.730635755986593e-08,9.420682895463222e-06,0.8530064182380283,8.712383625630217e-05,0.8531230653718261,0.00039977164781707325,0.009430315212481393,0.1370078367037179,0.14647716298035449,4.730635755986593e-08,0.04999057931710453,0.0048709199180076495,0.05588220620775016,9.420682895463222e-06
software_fixture_not_chemical_prediction,2770.3406813627253,4.788673279184656e-06,2.4595637827633003e-05,4.87881028275437e-06,0.0004855475175157185,3.287970226958283e-05,6.129440176400036e-06,0.004715844632365037,4.734933229592423e-08,9.443604586347566e-06,0.8526550431146582,8.719396554727763e-05,0.8527717588776466,0.00040016450751334683,0.009429830959852888,0.137359236512539,0.14682807661483788,4.734933229592423e-08,0.049990556395413645,0.0048706637158431884,0.05588197813512734,9.443604586347566e-06
software_fixture_not_chemical_prediction,2777.555110220441,4.790395384350769e-06,2.4594344212552825e-05,4.8785608595326835e-06,0.00048554698072234616,3.2877980948201124e-05,6.129239917982137e-06,0.004715834289207287,4.739234432661848e-08,9.466527196125406e-06,0.8523036864768494,8.726414478302373e-05,0.8524204709190472,0.00040055730337251613,0.00942934671863707,0.13771061783807478,0.14717897177757805,4.739234432661848e-08,0.04999053347280387,0.0048704075189823295,0.05588175020449656,9.466527196125406e-06
software_fixture_not_chemical_prediction,2784.7695390781564,4.792118810681139e-06,2.459305062423403e-05,4.878311446401979e-06,0.0004855464438626599,3.2876259667962955e-05,6.1290397476542275e-06,0.0047158239448602465,4.743539368362346e-08,9.489450726220839e-06,0.8519523483241851,8.733437401864056e-05,0.8520692014956663,0.0004009500353974648,0.009428862488773379,0.13806198068074496,0.14752984846893397,4.743539368362346e-08,0.049990510549273774,0.0048701513273903775,0.055881522415959416,9.489450726220839e-06
software_fixture_not_chemical_prediction,2791.983967935872,4.793843559613207e-06,2.4591757062513017e-05,4.8780620433351375e-06,0.0004855459069365912,3.2874538428655655e-05,6.1288396654664524e-06,0.00471581359932268,4.747848039861395e-08,9.512375178057971e-06,0.8516010286562482,8.740465330922828e-05,0.8517179506071421,0.0004013427035910763,0.009428378270201264,0.13841332504096926,0.14788070668926465,4.747848039861395e-08,0.04999048762482194,0.004869895141032547,0.055881294769617465,9.512375178057971e-06
software_fixture_not_chemical_prediction,2799.198396793587,4.795569632584415e-06,2.459046352722619e-05,4.877812650305044e-06,0.00048554536994407146,3.287281723006654e-05,6.128639671468954e-06,0.004715803252593352,4.752160450326473e-08,9.535300553060908e-06,0.8512497274726222,8.7474982709887e-05,0.8513667182531124,0.00040173530795623426,0.009427894062860168,0.13876465091916734,0.14823154643892905,4.752160450326473e-08,0.04999046469944693,0.004869638959873956,0.055881067265572265,9.535300553060908e-06
software_fixture_not_chemical_prediction,2806.4128256513027,4.797297031032204e-06,2.4589170018209948e-05,4.87756326728458e-06,0.0004855448328850323,3.287109607198292e-05,6.128439765711877e-06,0.004715792904671027,4.756476602925059e-08,9.558226852653753e-06,0.8508984447728901,8.754536227571686e-05,0.8510155044332156,0.0004021278484958221,0.009427409866689536,0.13911595831575901,0.14858236771828626,4.756476602925059e-08,0.04999044177314734,0.004869382783879632,0.05588083990392538,9.558226852653753e-06
software_fixture_not_chemical_prediction,2813.6272545090183,4.799025756394016e-06,2.4587876535300696e-05,4.87731389424663e-06,0.0004855442957594051,3.286937495419213e-05,6.128239948245362e-06,0.004715782555554469,4.7607965008246306e-08,9.581154078260615e-06,0.8505471805566351,8.761579206181801e-05,0.8506643091470898,0.0004025203252127235,0.00942692568162881,0.13946724723116397,0.14893317052769522,4.7607965008246306e-08,0.04999041884592173,0.004869126613014503,0.05588061268477839,9.581154078260615e-06
software_fixture_not_chemical_prediction,2820.8416833667334,4.800755810107293e-06,2.458658307833483e-05,4.8770645311640775e-06,0.00048554375856712134,3.286765387648148e-05,6.128040219119555e-06,0.004715772205242443,4.765120147192666e-08,9.604082231305591e-06,0.8501959348234405,8.768627212329055e-05,0.850313132394373,0.0004029127381098219,0.009426441507617438,0.1398185176658019,0.14928395486751495,4.765120147192666e-08,0.04999039591776869,0.00486887044724341,0.05588038560823286,9.604082231305591e-06
software_fixture_not_chemical_prediction,2828.056112224449,4.802487197008537e-06,2.4585289646827e-05,4.87681517795829e-06,0.00048554322130740633,3.2865932838267614e-05,6.127840578526646e-06,0.0047157618537314126,4.769447552514219e-08,9.62701131564486e-06,0.8498447075767747,8.77568026416387e-05,0.8499619741787149,0.0004033050871540535,0.009425957344499032,0.14016976961621297,0.1496347207341288,4.769447552514219e-08,0.04999037298868435,0.004868614286621841,0.05588015867459945,9.62701131564486e-06
software_fixture_not_chemical_prediction,2835.2705410821645,4.80421991902489e-06,2.458399624056787e-05,4.876565834594861e-06,0.0004855426839801114,3.2864211839282473e-05,6.1276410265368935e-06,0.004715751501020098,4.7737787192906707e-08,9.649941332482859e-06,0.8494934988158754,8.782738369035648e-05,0.8496108344994264,0.0004036973723444918,0.009425473192198284,0.14052100308316276,0.14998546812822686,4.7737787192906707e-08,0.049990350058667504,0.00486835813112684,0.05587993188401184,9.649941332482859e-06
software_fixture_not_chemical_prediction,2842.4849699398796,4.805953974189513e-06,2.4582702859717154e-05,4.8763165010984894e-06,0.0004855421465859007,3.286249087968367e-05,6.127441563058002e-06,0.004715741147109655,4.778113642750161e-08,9.672872280605883e-06,0.8491423085361144,8.789801519811747e-05,0.849259713351808,0.0004040895937208052,0.009424989050749878,0.14087221807127628,0.1503361970544689,4.778113642750161e-08,0.049990327127719385,0.004868101980631775,0.05587970523636475,9.672872280605883e-06
software_fixture_not_chemical_prediction,2849.699398797595,4.807689364069755e-06,2.4581409504099976e-05,4.8760671774403e-06,0.00048554160912470015,3.286076995924396e-05,6.127242188145482e-06,0.004715730791998751,4.782452326322982e-08,9.695804161525753e-06,0.848791136737216,8.796869722498326e-05,0.848908610735644,0.0004044817512848754,0.009424504920089097,0.1412234145808324,0.15068690751306887,4.782452326322982e-08,0.04999030419583846,0.004867845835104492,0.05587947873176995,9.695804161525753e-06
software_fixture_not_chemical_prediction,2856.913827655311,4.809426090232962e-06,2.458011617354145e-05,4.875817863591418e-06,0.0004855410715964357,3.2859049077736156e-05,6.127042901854837e-06,0.004715720435686055,4.786794773439425e-08,9.71873697675429e-06,0.8484399834189044,8.803942983101543e-05,0.8485575266507186,0.0004048738450385836,0.00942402080015123,0.14157459261210983,0.15103759950424064,4.786794773439425e-08,0.04999028126302323,0.004867589694512731,0.05587925237033924,9.71873697675429e-06
software_fixture_not_chemical_prediction,2864.128256513026,4.811164154246481e-06,2.457882286786671e-05,4.875568559522967e-06,0.0004855405340010334,3.2857328234933036e-05,6.126843704241575e-06,0.004715710078170234,4.791140987529781e-08,9.741670727803317e-06,0.848088848580904,8.811021307627556e-05,0.8482064610968159,0.0004052658749838112,0.009423536690871558,0.14192575216538736,0.15138827302819807,4.791140987529781e-08,0.04999025832927219,0.004867333558824131,0.05587902615218441,9.741670727803317e-06
software_fixture_not_chemical_prediction,2871.3426853707415,4.812903557677658e-06,2.4577529586900868e-05,4.875319265206072e-06,0.0004855399963384192,3.285560743060739e-05,6.126644595361205e-06,0.0047156997194499565,4.795490972024342e-08,9.764605416184653e-06,0.8477377322229392,8.818104702082524e-05,0.8478554140737202,0.0004056578411224396,0.009423052592185364,0.14227689324094378,0.15173892808515513,4.795490972024342e-08,0.049990235394583804,0.004867077428006231,0.05587880007741723,9.764605416184653e-06
software_fixture_not_chemical_prediction,2878.557114228457,4.814644302093841e-06,2.4576236330469046e-05,4.875069980611857e-06,0.00048553945860851916,3.285388666453201e-05,6.126445575269233e-06,0.004715689359523891,4.7998447303533996e-08,9.787541043410123e-06,0.8473866343447344,8.825193172472605e-05,0.8475043855812158,0.0004060497434563503,0.009422568504027938,0.14262801583905788,0.1520895646753256,4.7998447303533996e-08,0.04999021245895658,0.004866821302026463,0.055878574146149516,9.787541043410123e-06
software_fixture_not_chemical_prediction,2885.771543086172,4.816386389062375e-06,2.4574943098396367e-05,4.874820705711448e-06,0.0004855389208112592,3.285216593647967e-05,6.126246644021166e-06,0.004715678998390704,4.804202265947245e-08,9.810477610991544e-06,0.8470355549460138,8.832286724803958e-05,0.8471533756190869,0.0004064415819874246,0.009422084426334562,0.1429791199600084,0.15244018279892346,4.804202265947245e-08,0.049990189522389,0.004866565180852158,0.05587834835849302,9.810477610991544e-06
software_fixture_not_chemical_prediction,2892.9859719438878,4.818129820150609e-06,2.4573649890507952e-05,4.8745714404759695e-06,0.0004855383829465654,3.285044524622317e-05,6.1260478016725115e-06,0.004715668636049066,4.80856358223617e-08,9.833415120440739e-06,0.8466844940265017,8.83938536508274e-05,0.8468023841871177,0.000406833356717544,0.009421600359040522,0.14333020560407414,0.15279078245616257,4.80856358223617e-08,0.04999016658487955,0.004866309064450543,0.05587812271455957,9.833415120440739e-06
software_fixture_not_chemical_prediction,2900.2004008016033,4.819874596925889e-06,2.4572356706628924e-05,4.874322184876545e-06,0.0004855378450143636,3.2848724593535293e-05,6.125849048278776e-06,0.004715658272497643,4.812928682650466e-08,9.856353573269531e-06,0.8463334515859225,8.846489099315111e-05,0.8464514112850924,0.0004072250676485898,0.0094211163020811,0.1436812727715339,0.1531413636472568,4.812928682650466e-08,0.04999014364642672,0.0048660529527887455,0.0558778972144609,9.856353573269531e-06
software_fixture_not_chemical_prediction,2907.4148296593185,4.821620720955561e-06,2.45710635465844e-05,4.874072938884301e-06,0.00048553730701457996,3.284700397818883e-05,6.125650383895469e-06,0.004715647907735103,4.8172975706204236e-08,9.87929297098974e-06,0.8459824276240007,8.853597933507228e-05,0.8461004569127952,0.0004076167147824434,0.009420632255391581,0.1440323214626664,0.15349192637242007,4.8172975706204236e-08,0.049990120707029004,0.004865796845833789,0.05587767185830884,9.87929297098974e-06
software_fixture_not_chemical_prediction,2914.629258517034,4.823368193806973e-06,2.4569770410199504e-05,4.87382370247036e-06,0.00048553676894714034,3.2845283399956566e-05,6.125451808578095e-06,0.004715637541760115,4.8216702495763353e-08,9.902233315113187e-06,0.8456314221404604,8.860711873665252e-05,0.8457495210700106,0.0004080082981209862,0.009420148218907253,0.14438335167775046,0.15384247063186626,4.8216702495763353e-08,0.04999009776668488,0.00486554074355259,0.0558774466462152,9.902233315113187e-06
software_fixture_not_chemical_prediction,2921.8436873747496,4.825117017047471e-06,2.4568477297299356e-05,4.873574475605849e-06,0.00048553623081197084,3.2843562858611286e-05,6.125253322382163e-06,0.004715627174571346,4.826046722948493e-08,9.925174607151694e-06,0.845280435135026,8.867830925795339e-05,0.8453986037565224,0.00040839981766609964,0.009419664192563399,0.1447343634170649,0.15419299642580928,4.826046722948493e-08,0.04999007482539284,0.00486528464591197,0.05587722157829168,9.925174607151694e-06
software_fixture_not_chemical_prediction,2929.058116232465,4.826867192244402e-06,2.4567184207709078e-05,4.873325258261891e-06,0.0004855356926089974,3.284184235392579e-05,6.125054925363179e-06,0.004715616806167465,4.8304269941671876e-08,9.948116848617083e-06,0.8449294666074219,8.874955095903648e-05,0.8450477049721151,0.0004087912734196651,0.009419180176295302,0.1450853566808884,0.154543503754463,4.8304269941671876e-08,0.04999005188315137,0.00486502855287864,0.055876996654650166,9.948116848617083e-06
software_fixture_not_chemical_prediction,2936.2725450901803,4.828618720965113e-06,2.456589114125379e-05,4.873076050409611e-06,0.000485535154338146,3.2840121885672844e-05,6.124856617576651e-06,0.004715606436547139,4.83481106666271e-08,9.971060041021173e-06,0.8445785165573724,8.882084389996336e-05,0.8446968247165729,0.0004091826653835639,0.009418696170038248,0.14543633146949977,0.1548939926180413,4.83481106666271e-08,0.04999002893995897,0.004864772464419215,0.05587677187540239,9.971060041021173e-06
software_fixture_not_chemical_prediction,2943.486973947896,4.8303716047769506e-06,2.4564598097758617e-05,4.8728268520201346e-06,0.0004855346159993426,3.283840145362525e-05,6.124658399078086e-06,0.004715596065709037,4.839198943865353e-08,9.994004185875789e-06,0.8442275849846017,8.889218814079563e-05,0.84434596298968,0.00040957399355967756,0.009418212173727522,0.14578728778317784,0.1552444630167581,4.839198943865353e-08,0.049990005995814116,0.0048645163805002035,0.05587654724066017,9.994004185875789e-06
software_fixture_not_chemical_prediction,2950.7014028056115,4.832125845247262e-06,2.4563305077048678e-05,4.872577663064585e-06,0.0004855340775925133,3.2836681057555806e-05,6.124460269922992e-06,0.0047155856936518265,4.843590629205406e-08,1.001694928469275e-05,0.8438766718888343,8.896358374159488e-05,0.8439951197912207,0.00040996525794988734,0.00941772818729841,0.14613822562220138,0.15559491495082725,4.843590629205406e-08,0.049989983050715295,0.004864260301088013,0.055876322750535265,1.001694928469275e-05
software_fixture_not_chemical_prediction,2957.9158316633266,4.833881443943393e-06,2.456201207894909e-05,4.872328483514088e-06,0.000485533539117584,3.2834960697237275e-05,6.124262230166874e-06,0.004715575320374176,4.847986126113163e-08,1.0039895338983876e-05,0.8435257772697946,8.903503076242267e-05,0.843644295120979,0.00041035645855607474,0.009417244210686194,0.1464891449868491,0.15594534842046268,4.847986126113163e-08,0.04998996010466101,0.004864004226148946,0.05587609840513947,1.0039895338983876e-05
software_fixture_not_chemical_prediction,2965.130260521042,4.835638402432692e-06,2.456071910328498e-05,4.872079313339769e-06,0.0004855330005744807,3.2833240372442466e-05,6.124064279865242e-06,0.004715564945874752,4.852385438018914e-08,1.0062842350260991e-05,0.8431749011272067,8.91065292633406e-05,0.8432934889787393,0.00041074759538012117,0.00941676024382616,0.14684004587739982,0.15629576342587828,4.852385438018914e-08,0.04998993715764973,0.004863748155649206,0.05587587420458458,1.0062842350260991e-05
software_fixture_not_chemical_prediction,2972.3446893787577,4.837396722282504e-06,2.455942614988147e-05,4.87183015251275e-06,0.00048553246196312937,3.283152008294415e-05,6.123866419073601e-06,0.0047155545701522235,4.856788568352952e-08,1.0085790320035917e-05,0.8428240434607951,8.917807930441025e-05,0.842942701364286,0.000411138668423908,0.009416276286653593,0.14719092829413233,0.15664615996728795,4.856788568352952e-08,0.04998991420967996,0.004863492089554893,0.05587565014898238,1.0085790320035917e-05
software_fixture_not_chemical_prediction,2979.559118236473,4.839156405060178e-06,2.4558133218563677e-05,4.871581001004158e-06,0.0004855319232834561,3.282979982851513e-05,6.12366864784746e-06,0.0047155441932052585,4.861195520545566e-08,1.0108739249820472e-05,0.8424732042702842,8.924968094569322e-05,0.8425919322774029,0.0004115296776893165,0.009415792339103777,0.1475417922373254,0.15699653804490551,4.861195520545566e-08,0.04998989126075017,0.004863236027832002,0.055875426238444666,1.0108739249820472e-05
software_fixture_not_chemical_prediction,2986.7735470941884,4.840917452333058e-06,2.4556840309156724e-05,4.871331858785118e-06,0.0004855313845353868,3.2828079608928185e-05,6.123470966242324e-06,0.004715533815032526,4.865606298027049e-08,1.0131689141126482e-05,0.8421223835553981,8.932133424725107e-05,0.8422411817178747,0.00041192062317822823,0.009415308401111997,0.14789263770725777,0.15734689765894494,4.865606298027049e-08,0.049989868310858866,0.004862979970446427,0.05587520247308323,1.0131689141126482e-05
software_fixture_not_chemical_prediction,2993.987975951904,4.842679865668493e-06,2.455554742148573e-05,4.871082725826752e-06,0.00048553084571884746,3.28263594239561e-05,6.1232733743137025e-06,0.004715523435632692,4.8700209042276926e-08,1.0154639995465764e-05,0.8417715813158614,8.939303926914539e-05,0.8418904496854851,0.00041231150489252455,0.009414824472613537,0.1482434647042083,0.1576972388096201,4.8700209042276926e-08,0.049989845360004524,0.004862723917363961,0.05587497885300982,1.0154639995465764e-05
software_fixture_not_chemical_prediction,3001.202404809619,4.8444436466338295e-06,2.455425455537582e-05,4.870833602100188e-06,0.00048553030683376415,3.282463927337167e-05,6.123075872117102e-06,0.004715513055004426,4.874439342577788e-08,1.017759181435014e-05,0.8414207975513982,8.946479607143777e-05,0.8415397361800189,0.0004127023228340868,0.009414340553543683,0.14859427322845567,0.15804756149714486,4.874439342577788e-08,0.04998982240818564,0.004862467868550293,0.05587475537833628,1.017759181435014e-05
software_fixture_not_chemical_prediction,3008.4168336673347,4.846208796796414e-06,2.4552961710652115e-05,4.870584487576548e-06,0.00048552976788006276,3.282291915694768e-05,6.122878459708029e-06,0.004715502673146395,4.878861616507627e-08,1.0200544599291433e-05,0.8410700322617329,8.953660471418979e-05,0.8411890412012598,0.00041309307700479643,0.00941385664383772,0.14894506328027873,0.15839786572173312,4.878861616507627e-08,0.0499897994554007,0.0048622118239710094,0.05587453204917435,1.0200544599291433e-05
software_fixture_not_chemical_prediction,3015.6312625250503,4.847975317723593e-06,2.4551668887139734e-05,4.870335382226959e-06,0.00048552922885766937,3.2821199074456914e-05,6.122681137141991e-06,0.004715492290057268,4.883287729447501e-08,1.0223498351801464e-05,0.84071928544659,8.960846525746304e-05,0.8408383647489924,0.00041348376740653483,0.009413372743430931,0.14929583485995626,0.15874815148359878,4.883287729447501e-08,0.04998977650164819,0.004861955783591592,0.05587430886563586,1.0223498351801464e-05
software_fixture_not_chemical_prediction,3022.8456913827654,4.849743210982713e-06,2.4550376084663798e-05,4.8700862860225436e-06,0.00048552868976650985,3.281947902567217e-05,6.122483904474496e-06,0.004715481905735712,4.8877176848277005e-08,1.0246453073392055e-05,0.8403685571056937,8.968037776131909e-05,0.8404877068230009,0.00041387439404118336,0.009412888852258602,0.14964658796776698,0.15909841878295572,4.8877176848277005e-08,0.0499897535469266,0.004861699747377427,0.05587408582783256,1.0246453073392055e-05
software_fixture_not_chemical_prediction,3030.060120240481,4.851512478141123e-06,2.454908330304943e-05,4.869837198934427e-06,0.0004855281506065103,3.2817759010366224e-05,6.12228676176105e-06,0.004715471520180396,4.8921514860785186e-08,1.0269408765575026e-05,0.8400178472387683,8.975234228581954e-05,0.8401370674230693,0.00041426495691062346,0.009412404970256017,0.1499973226039897,0.15944866762001786,4.8921514860785186e-08,0.04998973059123442,0.0048614437152937895,0.05587386293587626,1.0269408765575026e-05
software_fixture_not_chemical_prediction,3037.2745490981965,4.853283120766167e-06,2.454779054212175e-05,4.8695881209337344e-06,0.00048552761137759674,3.2816039028311865e-05,6.122089709057162e-06,0.004715461133389987,4.896589136630246e-08,1.02923654298622e-05,0.8396671558455382,8.982435889102596e-05,0.8397864465489819,0.00041465545601673646,0.00941192109735846,0.15034803876890324,0.15979889799499905,4.896589136630246e-08,0.04998970763457013,0.004861187687305858,0.05587364018987875,1.02923654298622e-05
software_fixture_not_chemical_prediction,3044.4889779559117,4.855055140425193e-06,2.454649780170588e-05,4.8693390519915906e-06,0.00048552707207969505,3.281431907928189e-05,6.121892746418337e-06,0.0047154507453631535,4.901030639913174e-08,1.0315323067765394e-05,0.8393164829257278,8.989642763699994e-05,0.8394358442005232,0.00041504589136140386,0.009411437233501218,0.15069873646278628,0.1601491099081132,4.901030639913174e-08,0.049989684676932225,0.0048609316633787085,0.0558734175899518,1.0315323067765394e-05
software_fixture_not_chemical_prediction,3051.703406813627,4.8568285386855484e-06,2.454520508162694e-05,4.86908999207912e-06,0.0004855265327127313,3.281259916304908e-05,6.121695873900084e-06,0.004715440356098564,4.9054759993575944e-08,1.0338281680796437e-05,0.8389658284790612,8.996854858380306e-05,0.8390852603774771,0.00041543626294650695,0.009410953378619575,0.15104941568591768,0.1604993033595742,4.9054759993575944e-08,0.049989661718319194,0.0048606756434773106,0.055873195136207206,1.0338281680796437e-05
software_fixture_not_chemical_prediction,3058.917835671343,4.8586033171145794e-06,2.4543912381710055e-05,4.8688409411674474e-06,0.00048552599327663146,3.2810879279386225e-05,6.121499091557909e-06,0.0047154299655948854,4.9099252183937985e-08,1.0361241270467143e-05,0.838615192505263,9.004072179149692e-05,0.8387346950796278,0.0004158265707739272,0.009410469532648813,0.15140007643857623,0.16084947834959598,4.9099252183937985e-08,0.04998963875872953,0.004860419627566534,0.05587297282875677,1.0361241270467143e-05
software_fixture_not_chemical_prediction,3066.1322645290584,4.860379477279633e-06,2.4542619701780342e-05,4.8685918992276975e-06,0.0004855254537713215,3.28091594280661e-05,6.121302399447321e-06,0.0047154195738507865,4.914378300452078e-08,1.0384201838289339e-05,0.8382645750040574,9.011294732014309e-05,0.8383841483067599,0.000416216814845546,0.00940998569552422,0.15175071872104062,0.16119963487839237,4.914378300452078e-08,0.0499896157981617,0.004860163615611148,0.05587275066771225,1.0384201838289339e-05
software_fixture_not_chemical_prediction,3073.3466933867735,4.862157020748056e-06,2.4541327041662924e-05,4.868342866230995e-06,0.0004855249141967274,3.280743960886152e-05,6.121105797623825e-06,0.004715409180864935,4.9188352489627246e-08,1.040716338577484e-05,0.8379139759751688,9.018522522980314e-05,0.8380336200586573,0.00041660699516324465,0.00940950186718108,0.1521013425335897,0.16154977294617726,4.9188352489627246e-08,0.049989592836614215,0.004859907607575814,0.05587252865318547,1.040716338577484e-05
software_fixture_not_chemical_prediction,3080.561122244489,4.863935949087194e-06,2.454003440118292e-05,4.868093842148464e-06,0.0004855243745527752,3.280571982154525e-05,6.1209092861429285e-06,0.004715398786635999,4.923296067356029e-08,1.0430125914435474e-05,0.8375633954183215,9.025755558053867e-05,0.8376831103351043,0.00041699711172890467,0.009409018047554675,0.1524519478765022,0.1618998925531646,4.923296067356029e-08,0.04998956987408555,0.0048596516034250985,0.05587230678528819,1.0430125914435474e-05
software_fixture_not_chemical_prediction,3087.7755511022046,4.865716263864396e-06,2.4538741780165454e-05,4.86784482695123e-06,0.0004855238348393909,3.280400006589008e-05,6.12071286506014e-06,0.0047153883911626475,4.9277607590622836e-08,1.0453089425783059e-05,0.8372128333332397,9.032993843241128e-05,0.8373326191358852,0.00041738716454440736,0.009408534236580295,0.15280253475005698,0.16224999369956822,4.9277607590622836e-08,0.04998954691057421,0.004859395603123459,0.05587208506413222,1.0453089425783059e-05
software_fixture_not_chemical_prediction,3094.9899799599198,4.867497966647007e-06,2.4537449178435646e-05,4.867595820610417e-06,0.00048552329505650047,3.2802280341668806e-05,6.120516534430966e-06,0.004715377994443546,4.93222932751178e-08,1.0476053921329417e-05,0.836862289719648,9.040237384548252e-05,0.8369821464607842,0.0004177771536116342,0.009408050434193219,0.1531531031545327,0.16260007638560203,4.93222932751178e-08,0.04998952394607866,0.004859139606635255,0.055871863489829324,1.0476053921329417e-05
software_fixture_not_chemical_prediction,3102.2044088176353,4.869281059002375e-06,2.453615659581862e-05,4.8673468230971505e-06,0.00048552275520402985,3.2800560648654215e-05,6.120320294310914e-06,0.004715367596477365,4.9367017761348084e-08,1.0499019402586368e-05,0.8365117645772705,9.047486187981399e-05,0.8366316923095853,0.0004181670789324665,0.009407566640328735,0.15350365309020825,0.16295014061147994,4.9367017761348084e-08,0.0499895009805974,0.0048588836139247405,0.0558716420624913,1.0499019402586368e-05
software_fixture_not_chemical_prediction,3109.418837675351,4.8710655424978466e-06,2.4534864032139492e-05,4.867097834382555e-06,0.0004855222152819051,3.279884098661908e-05,6.120124144755492e-06,0.00471535719726277,4.941178108361661e-08,1.0521985871065738e-05,0.8361612579058317,9.054740259546728e-05,0.8362812566820731,0.00041855694050878576,0.009407082854922129,0.15385418455736236,0.16330018637741583,4.941178108361661e-08,0.049989478014128924,0.00485862762495607,0.05587142078222996,1.0521985871065738e-05
software_fixture_not_chemical_prediction,3116.633266533066,4.8728514187007674e-06,2.453357148722339e-05,4.866848854437754e-06,0.00048552167529005216,3.279712135533621e-05,6.119928085820205e-06,0.004715346796798432,4.94565832762263e-08,1.0544953328279341e-05,0.835810769705056,9.061999605250398e-05,0.8359308395780317,0.00041894673834247327,0.009406599077908681,0.15420469755627375,0.1636502136836236,4.94565832762263e-08,0.04998945504667171,0.004858371639693293,0.05587119964915705,1.0544953328279341e-05
software_fixture_not_chemical_prediction,3123.8476953907816,4.874638689178486e-06,2.4532278960895428e-05,4.866599883233873e-06,0.00048552113522839705,3.2795401754578383e-05,6.119732117560562e-06,0.004715336395083017,4.9501424373480064e-08,1.0567921775739006e-05,0.8354602999746674,9.069264231098564e-05,0.8355804409972453,0.00041933647243541053,0.00940611530922368,0.1545551920872213,0.16400022253031712,4.9501424373480064e-08,0.049989432078224254,0.00485811565810036,0.05587097866338437,1.0567921775739006e-05
software_fixture_not_chemical_prediction,3131.062124248497,4.876427355498348e-06,2.453098645298073e-05,4.866350920742038e-06,0.0004855205950968658,3.279368218411839e-05,6.119536240032069e-06,0.004715325992115193,4.954630440968081e-08,1.059089121495655e-05,0.8351098487143905,9.076534143097388e-05,0.835230060939498,0.00041972614278947885,0.00940563154880241,0.15490566815048376,0.16435021291771032,4.954630440968081e-08,0.049989409108785035,0.004857859680141117,0.05587075782502374,1.059089121495655e-05
software_fixture_not_chemical_prediction,3138.2765531062123,4.8782174192277e-06,2.452969396330442e-05,4.8661019669333715e-06,0.0004855200548953843,3.2791962643729004e-05,6.119340453290235e-06,0.004715315587893629,4.959122341913146e-08,1.0613861647443792e-05,0.8347594159239496,9.083809347253027e-05,0.8348796994045742,0.00042011574940655963,0.009405147796580152,0.15525612574633985,0.164700184846017,4.959122341913146e-08,0.04998938613835255,0.0048576037057793085,0.05587053713418691,1.0613861647443792e-05
software_fixture_not_chemical_prediction,3145.490981963928,4.8800088819338905e-06,2.4528401491691618e-05,4.865853021778999e-06,0.0004855195146238787,3.279024313318303e-05,6.119144757390566e-06,0.0047153051824169925,4.963618143613493e-08,1.0636833074712561e-05,0.8344090016030691,9.091089849571638e-05,0.8345293563922581,0.00042050529228853436,0.009404664052492195,0.1556065648750684,0.16505013831545118,4.963618143613493e-08,0.04998936316692528,0.004857347734978574,0.05587031659098568,1.0636833074712561e-05
software_fixture_not_chemical_prediction,3152.7054108216435,4.881801745184265e-06,2.452710903796744e-05,4.865604085250046e-06,0.0004855189742822748,3.278852365225325e-05,6.118949152388569e-06,0.004715294775683951,4.968117849499414e-08,1.0659805498274673e-05,0.8340586057514732,9.098375656059382e-05,0.8341790319023339,0.00042089477143728433,0.009404180316473823,0.1559569855369482,0.16540007332622667,4.968117849499414e-08,0.049989340194501714,0.004857091767702458,0.055870096195531835,1.0659805498274673e-05
software_fixture_not_chemical_prediction,3159.9198396793586,4.88359601054617e-06,2.4525816601957017e-05,4.865355157317636e-06,0.0004855184338704987,3.278680420071245e-05,6.118753638339752e-06,0.004715284367693173,4.972621463001199e-08,1.0682778919641948e-05,0.8337082283688863,9.105666772722416e-05,0.8338287259345858,0.0004212841868546909,0.009403696588460318,0.15630738773225797,0.16574998987855732,4.972621463001199e-08,0.04998931722108035,0.004856835803914394,0.055869875947937166,1.0682778919641948e-05
software_fixture_not_chemical_prediction,3167.134268537074,4.885391679586953e-06,2.452452418348546e-05,4.865106237952894e-06,0.00048551789338847646,3.278508477833342e-05,6.118558215299621e-06,0.004715273958443327,4.977128987549141e-08,1.0705753340326212e-05,0.8333578694550327,9.112963205566897e-05,0.833478438488798,0.00042167353854263563,0.00940321286838697,0.15665777146127655,0.16609988797265715,4.977128987549141e-08,0.04998929424665966,0.004856579843577719,0.055869655848313486,1.0705753340326212e-05
software_fixture_not_chemical_prediction,3174.3486973947897,4.887188753873961e-06,2.4523231782377897e-05,4.864857327126946e-06,0.00048551735283613393,3.278336538488895e-05,6.118362883323685e-06,0.00471526354793308,4.9816404265735296e-08,1.0728728761839284e-05,0.8330075290096367,9.120264960598986e-05,0.8331281695647549,0.0004220628265029998,0.009402729156189057,0.15700813672428268,0.16644976760873995,4.9816404265735296e-08,0.04998927127123815,0.004856323886655667,0.05586943589677254,1.0728728761839284e-05
software_fixture_not_chemical_prediction,3181.563126252505,4.8889872349745395e-06,2.452193939845945e-05,4.864608424810915e-06,0.00048551681221339714,3.278164602015182e-05,6.11816764246745e-06,0.004715253136161101,4.986155783504658e-08,1.0751705185692984e-05,0.8326572070324229,9.12757204382484e-05,0.8327779191622405,0.00042245205073766486,0.009402245451801869,0.15735848352155513,0.16679962878701962,4.986155783504658e-08,0.0499892482948143,0.004856067933111368,0.05586921609342613,1.0751705185692984e-05
software_fixture_not_chemical_prediction,3188.7775551102204,4.890787124456037e-06,2.4520647031555232e-05,4.864359530975926e-06,0.00048551627152019214,3.277992668389483e-05,6.117972492786423e-06,0.004715242723126056,4.9906750617728176e-08,1.0774682613399135e-05,0.8323069035231152,9.134884461250618e-05,0.8324276872810392,0.00042284121124851214,0.009401761755160687,0.1577088118533727,0.1671494715077101,4.9906750617728176e-08,0.049989225317386594,0.004855811982907851,0.055868996438386054,1.0774682613399135e-05
software_fixture_not_chemical_prediction,3195.991983967936,4.892588423885799e-06,2.4519354681490375e-05,4.864110645593104e-06,0.00048551573075644483,3.277820737589075e-05,6.117777434336112e-06,0.004715232308826616,4.995198264808299e-08,1.079766104646956e-05,0.8319566184814382,9.142202218882477e-05,0.8320774739209351,0.00042323030803742307,0.009401278066200799,0.1580591217200142,0.16749929577102524,4.995198264808299e-08,0.04998920233895352,0.004855556036008044,0.055868776931764105,1.079766104646956e-05
software_fixture_not_chemical_prediction,3203.2064128256516,4.8943911348311734e-06,2.4518062348089993e-05,4.863861768633573e-06,0.0004855151899220813,3.277648809591238e-05,6.117582467172024e-06,0.004715221893261447,4.9997253960413944e-08,1.0820640486416079e-05,0.8316063519071163,9.149525322726577e-05,0.8317272790817125,0.00042361934110627904,0.009400794384857488,0.15840941312175838,0.16784910157717894,4.9997253960413944e-08,0.04998917935951357,0.004855300092374772,0.05586855757367204,1.0820640486416079e-05
software_fixture_not_chemical_prediction,3210.4208416833667,4.8961952588595065e-06,2.451677003117921e-05,4.86361290006846e-06,0.0004855146490170275,3.277476884373251e-05,6.117387591349666e-06,0.004715211476429217,5.004256458902395e-08,1.0843620934750509e-05,0.8312561037998737,9.156853778789076e-05,0.8313771027631557,0.0004240083104569615,0.009400310711066038,0.15875968605888396,0.1681988889263851,5.004256458902395e-08,0.04998915637906524,0.0048550441519707565,0.055868338364221684,1.0843620934750509e-05
software_fixture_not_chemical_prediction,3217.6352705410823,4.898000797538144e-06,2.4515477730583142e-05,4.863364039868887e-06,0.0004855141080412094,3.277304961912391e-05,6.117192806924545e-06,0.004715201058328595,5.008791456821593e-08,1.0866602392984679e-05,0.8309058741594347,9.164187593076131e-05,0.8310269449650488,0.00042439721609135176,0.009399827044761735,0.1591099405316698,0.16854865781885758,5.008791456821593e-08,0.04998913339760701,0.004854788214758618,0.0558681193035248,1.0866602392984679e-05
software_fixture_not_chemical_prediction,3224.849699398798,4.899807752434435e-06,2.451418544612692e-05,4.86311518800598e-06,0.000485513566994553,3.27713304218594e-05,6.116998113952169e-06,0.004715190638958248,5.0133303932292786e-08,1.0889584862630406e-05,0.8305556629855237,9.171526771593903e-05,0.8306768056871762,0.0004247860580113313,0.009399343385879864,0.15946017654039465,0.16889840825481034,5.0133303932292786e-08,0.04998911041513736,0.004854532280700876,0.0558679003916932,1.0889584862630406e-05
software_fixture_not_chemical_prediction,3232.064128256513,4.901616125115725e-06,2.4512893177635658e-05,4.8628663444508625e-06,0.00048551302587698434,3.276961125171173e-05,6.116803512488045e-06,0.004715180218316844,5.017873271555744e-08,1.0912568345199511e-05,0.8302054702778652,9.178871320348547e-05,0.8303266849293218,0.0004251748362187814,0.009398859734355709,0.15981039408533726,0.16924814023445717,5.017873271555744e-08,0.04998908743165479,0.004854276349759946,0.05586768162883864,1.0912568345199511e-05
software_fixture_not_chemical_prediction,3239.2785571142285,4.903425917149361e-06,2.4511600924934477e-05,4.862617509174661e-06,0.0004855124846884293,3.276789210845372e-05,6.116609002587679e-06,0.004715169796403053,5.022420095231281e-08,1.0935552842203817e-05,0.8298552960361832,9.186221245346225e-05,0.8299765826912702,0.00042556355071558355,0.009398376090124555,0.16016059316677644,0.16959785375801206,5.022420095231281e-08,0.04998906444715779,0.004854020421898144,0.055867463015072914,1.0935552842203817e-05
software_fixture_not_chemical_prediction,3246.492985971944,4.905237132256068e-06,2.4510308687637335e-05,4.862368682114352e-06,0.0004855119434282565,3.276617299162406e-05,6.116414584396704e-06,0.004715159373214428,5.0269708706891835e-08,1.095853835614117e-05,0.8295051402617487,9.193576560513793e-05,0.8296264989744307,0.0004259522014801349,0.009397892453063153,0.1605107737834478,0.16994754882408694,5.0269708706891835e-08,0.049989041461643846,0.0048537644971328765,0.055867244550628505,1.095853835614117e-05
software_fixture_not_chemical_prediction,3253.7074148296592,4.907049775426303e-06,2.450901646523768e-05,4.862119863187609e-06,0.00048551140209558854,3.27644539006203e-05,6.116220258113334e-06,0.004715148948748029,5.031525604966505e-08,1.098152488970931e-05,0.8291550029561506,9.200937284510874e-05,0.8292764337805786,0.00042634078847914676,0.00939740882301136,0.16086093593377002,0.17029722543094009,5.031525604966505e-08,0.04998901847511028,0.004853508575513234,0.05586702623581737,1.098152488970931e-05
software_fixture_not_chemical_prediction,3260.921843687375,4.908863843381783e-06,2.4507724258039068e-05,4.861871052443075e-06,0.0004855108606916727,3.276273483573989e-05,6.11602602358991e-06,0.004715138523005084,5.03608429415732e-08,1.1004512442012431e-05,0.8288048841153403,9.208303405568125e-05,0.8289263871055478,0.00042672931176886754,0.009396925200034371,0.16121107962178743,0.17064688358268112,5.03608429415732e-08,0.049988995487557975,0.004853252656876531,0.05586680807048664,1.1004512442012431e-05
software_fixture_not_chemical_prediction,3268.1362725450904,4.91067933782573e-06,2.45064320658547e-05,4.861622249850009e-06,0.0004855103192164284,3.276101579674036e-05,6.115831880887538e-06,0.004715128095984167,5.040646941957181e-08,1.1027501014649818e-05,0.8284547837391802,9.215674930209784e-05,0.8285763589492658,0.00042711777135014405,0.00939644158406312,0.16156120484764105,0.1709965232793818,5.040646941957181e-08,0.04998897249898534,0.004852996741188053,0.05586659005475868,1.1027501014649818e-05
software_fixture_not_chemical_prediction,3275.3507014028055,4.912496260461366e-06,2.4505139888497775e-05,4.861373455377672e-06,0.00048550977766977506,3.275929678337925e-05,6.115637830067327e-06,0.004715117667683845,5.045213552061644e-08,1.105049060922075e-05,0.8281047018275328,9.223051864960093e-05,0.8282263493116602,0.00042750616722382335,0.009395957975028539,0.1619113116114718,0.17134614452111377,5.045213552061644e-08,0.049988949509390763,0.004852740828412974,0.05586637218875584,1.105049060922075e-05
software_fixture_not_chemical_prediction,3282.565130260521,4.914314612991912e-06,2.4503847725781488e-05,4.861124668995323e-06,0.000485509236051632,3.275757779541407e-05,6.115443871190384e-06,0.004715107238102689,5.0497841281662634e-08,1.1073481227324517e-05,0.8277546383802603,9.230434216343294e-05,0.8278763581926581,0.0004278944993907525,0.009395474372861562,0.1622613999134207,0.17169574730794887,5.0497841281662634e-08,0.04998892651877266,0.004852484918516354,0.05586615447260051,1.1073481227324517e-05
software_fixture_not_chemical_prediction,3289.7795591182366,4.916134397120589e-06,2.4502555577519032e-05,4.860875890672222e-06,0.0004855086943619186,3.275585883260237e-05,6.115250004317817e-06,0.00471509680723927,5.054358673966594e-08,1.1096472870560402e-05,0.8274045933972252,9.237821990883626e-05,0.8275263855921873,0.00042828276785177835,0.009394990777493123,0.16261146975362872,0.17204533163995875,5.054358673966594e-08,0.049988903527129425,0.004852229011463146,0.055865936906415066,1.1096472870560402e-05
software_fixture_not_chemical_prediction,3296.9939879759518,4.917955614550621e-06,2.450126344352361e-05,4.860627120377629e-06,0.00048550815260055426,3.2754139894701677e-05,6.1150562295107325e-06,0.0047150863750921555,5.058937193158189e-08,1.1119465540527684e-05,0.8270545668782896,9.245215195105328e-05,0.8271764315101748,0.00042867097260774795,0.009394507188854153,0.1629615211322368,0.17239489751721515,5.058937193158189e-08,0.04998888053445946,0.0048519731072181865,0.05586571949032185,1.1119465540527684e-05
software_fixture_not_chemical_prediction,3304.2084168336673,4.919778266985228e-06,2.449997132360842e-05,4.860378358080804e-06,0.00048550761076745835,3.275242098146952e-05,6.11486254683024e-06,0.0047150759416599184,5.063519689436605e-08,1.1142459238825654e-05,0.8267045588233162,9.252613835532644e-05,0.8268264959465484,0.0004290591136595083,0.009394023606875586,0.163311554049386,0.17274444493978985,5.063519689436605e-08,0.04998885754076116,0.004851717205746204,0.05586550222444327,1.1142459238825654e-05
software_fixture_not_chemical_prediction,3311.422845691383,4.921602356127632e-06,2.4498679217586653e-05,4.860129603751006e-06,0.00048550706886255025,3.2750702092663436e-05,6.114668956337445e-06,0.004715065506941127,5.068106166497395e-08,1.1165453967053592e-05,0.826354569232167,9.260017918689814e-05,0.8264765789012353,0.00042944719100790644,0.009393540031488354,0.16366156850521724,0.17309397390775458,5.068106166497395e-08,0.04998883454603294,0.004851461307011815,0.05586528510890164,1.1165453967053592e-05
software_fixture_not_chemical_prediction,3318.637274549098,4.923427883681056e-06,2.449738712527151e-05,4.859880857357496e-06,0.0004855065268857493,3.274898322804095e-05,6.114475458093456e-06,0.004715055070934352,5.0726966280361127e-08,1.1188449726810783e-05,0.8260045981047047,9.267427451101077e-05,0.826126680374163,0.0004298352046537892,0.009393056462623393,0.16401156449987148,0.173443484421181,5.0726966280361127e-08,0.049988811550273175,0.004851205410979524,0.05586506814381938,1.1188449726810783e-05
software_fixture_not_chemical_prediction,3325.8517034068136,4.92525485134872e-06,2.4496095046476187e-05,4.859632118869533e-06,0.00048550598483697495,3.27472643873596e-05,6.114282052159381e-06,0.0047150446336381635,5.0772910777483157e-08,1.121144651969651e-05,0.8256546454407915,9.274842439290674e-05,0.8257768003652589,0.0004302231545980037,0.009392572900211634,0.16436154203348977,0.17379297648014091,5.0772910777483157e-08,0.04998878855348029,0.004850949517613725,0.055864851329318836,1.121144651969651e-05
software_fixture_not_chemical_prediction,3333.066132264529,4.927083260833847e-06,2.449480298101388e-05,4.859383388256378e-06,0.00048550544271614647,3.2745545570376906e-05,6.114088738596327e-06,0.004715034195051131,5.081889519329556e-08,1.1234444347310062e-05,0.8253047112402897,9.282262889782847e-05,0.8254269388744504,0.0004306110408413969,0.00939208934418401,0.16471150110621305,0.17414245008470602,5.081889519329556e-08,0.049988765555652674,0.0048506936268787,0.055864634665522384,1.1234444347310062e-05
software_fixture_not_chemical_prediction,3340.2805611222448,4.928913113839659e-06,2.4493510928697792e-05,4.85913466548729e-06,0.0004855049005231833,3.274382677685041e-05,6.113895517465402e-06,0.004715023755171825,5.0864919564753894e-08,1.1257443211250718e-05,0.8249547955030618,9.289688809101835e-05,0.8250770959016649,0.00043099886338481577,0.009391605794471455,0.1650614417181823,0.17449190523494804,5.0864919564753894e-08,0.049988742556788736,0.00485043773873862,0.055864418152552386,1.1257443211250718e-05
software_fixture_not_chemical_prediction,3347.49498997996,4.930744412069376e-06,2.4492218889341113e-05,4.8588859505315295e-06,0.00048550435825800485,3.274210800653763e-05,6.113702388827713e-06,0.004715013313998815,5.091098392881369e-08,1.1280443113117761e-05,0.8246048982289701,9.29712020377188e-05,0.82472727144683,0.00043138662222910723,0.009391122251004901,0.16541136386953847,0.17484134193093873,5.091098392881369e-08,0.04998871955688687,0.004850181853157546,0.055864201790531226,1.1280443113117761e-05
software_fixture_not_chemical_prediction,3354.7094188376755,4.932577157226222e-06,2.4490926862757047e-05,4.858637243358355e-06,0.0004855038159205304,3.274038925919612e-05,6.113509352744369e-06,0.004715002871530672,5.0957088322430515e-08,1.130344405451048e-05,0.8242550194178769,9.304557080317223e-05,0.8243774655098729,0.0004317743173751184,0.009390638713715281,0.1657612675604226,0.17519076017274982,5.0957088322430515e-08,0.049988696555945476,0.004849925970099425,0.055863985579581256,1.130344405451048e-05
software_fixture_not_chemical_prediction,3361.923847695391,4.934411351013417e-06,2.4489634848758783e-05,4.858388543937028e-06,0.0004855032735106794,3.2738670534583394e-05,6.113316409276476e-06,0.004714992427765965,5.10032327825599e-08,1.1326446037028157e-05,0.8239051590696446,9.311999445262103e-05,0.8240276780907211,0.0004321619488236962,0.009390155182533529,0.16611115279097563,0.17554015996045302,5.10032327825599e-08,0.049988673553962956,0.004849670089528095,0.05586376951982485,1.1326446037028157e-05
software_fixture_not_chemical_prediction,3369.138276553106,4.936246995134184e-06,2.4488342847159527e-05,4.858139852236807e-06,0.0004855027310283712,3.273695183245699e-05,6.113123558485142e-06,0.004714981982703265,5.104941734615739e-08,1.1349449062270075e-05,0.8235553171841357,9.31944730513076e-05,0.8236779091893021,0.00043254951657568756,0.009389671657390578,0.16646101956133855,0.17588954129412004,5.104941734615739e-08,0.049988650550937715,0.004849414211407281,0.05586355361138439,1.1349449062270075e-05
software_fixture_not_chemical_prediction,3376.3527054108217,4.938084091291745e-06,2.448705085777247e-05,4.857891168226953e-06,0.0004855021884735252,3.2735233152574434e-05,6.112930800431475e-06,0.004714971536341141,5.109564205017854e-08,1.137245313183552e-05,0.8232054937612122,9.326900666447438e-05,0.8233281588055431,0.00043293702063193956,0.009389188138217363,0.16681086787165236,0.1762389041738227,5.109564205017854e-08,0.04998862754686815,0.004849158335700601,0.055863337854382224,1.137245313183552e-05
software_fixture_not_chemical_prediction,3383.5671342685373,4.93992264118932e-06,2.4485758880410813e-05,4.857642491876725e-06,0.0004855016458460607,3.273351449469327e-05,6.112738135176582e-06,0.004714961088678163,5.114190693157889e-08,1.1395458247323776e-05,0.8228556888007369,9.334359535736375e-05,0.8229784269393718,0.00043332446099329916,0.009388704624944812,0.167160697722058,0.17658824859963268,5.114190693157889e-08,0.04998860454175266,0.004848902462371555,0.05586312224894073,1.1395458247323776e-05
software_fixture_not_chemical_prediction,3390.7815631262524,4.941762646530132e-06,2.4484466914887746e-05,4.8573938231553835e-06,0.0004855011031458972,3.273179585857101e-05,6.11254556278157e-06,0.004714950639712902,5.118821202731398e-08,1.1418464410334124e-05,0.8225059023025718,9.341823919521812e-05,0.8226287135907155,0.00043371183766061327,0.009388221117503863,0.16751050911269647,0.17693757457162168,5.118821202731398e-08,0.04998858153558965,0.0048486465913835375,0.055862906795182306,1.1418464410334124e-05
software_fixture_not_chemical_prediction,3397.995991983968,4.943604109017402e-06,2.4483174961016475e-05,4.857145162032188e-06,0.00048550056037295397,3.27300772439652e-05,6.112353083307549e-06,0.004714940189443928,5.123455737433937e-08,1.1441471622465852e-05,0.8221561342665795,9.349293824327991e-05,0.8222790187595016,0.000434099150634729,0.009387737615825446,0.16786030204370875,0.17728688208986146,5.123455737433937e-08,0.049988558528377525,0.00484839072269983,0.055862691493229276,1.1441471622465852e-05
software_fixture_not_chemical_prediction,3405.2104208416836,4.945447030354353e-06,2.4481883018610195e-05,4.856896508476398e-06,0.0004855000175271504,3.2728358650633364e-05,6.1121606968156235e-06,0.004714929737869811,5.1280943009610594e-08,1.1464479885318243e-05,0.8218063846926222,9.356769256679152e-05,0.8219293424456575,0.0004344863999164933,0.009387254119840496,0.16821007651523584,0.17763617115442376,5.1280943009610594e-08,0.04998853552011467,0.004848134856283601,0.05586247634320403,1.1464479885318243e-05
software_fixture_not_chemical_prediction,3412.4248496993987,4.947291412244205e-06,2.44805910874821e-05,4.8566478624572745e-06,0.00048549947460840593,3.272664007833304e-05,6.111968403366904e-06,0.00471491928498912,5.1327368970083195e-08,1.148748920049058e-05,0.8214566535805625,9.364250223099534e-05,0.8215796846491108,0.00043487358550675306,0.009386770629479946,0.16855983252741866,0.17798544176538028,5.1327368970083195e-08,0.0499885125107995,0.004847878992097912,0.055862261345228946,1.148748920049058e-05
software_fixture_not_chemical_prediction,3419.6392785571143,4.9491372563901826e-06,2.4479299167445388e-05,4.856399223944077e-06,0.00048549893161663985,3.272492152682175e-05,6.111776203022496e-06,0.004714908830800425,5.137383529271273e-08,1.1510499569582149e-05,0.8211069409302625,9.37173673011338e-05,0.8212300453697886,0.0004352607074063554,0.009386287144674729,0.16890957008039825,0.17833469392280282,5.137383529271273e-08,0.0499884895004304,0.00484762313010571,0.05586204649942638,1.1510499569582149e-05
software_fixture_not_chemical_prediction,3426.85370741483,4.950984564495505e-06,2.447800725831326e-05,4.856150592906064e-06,0.0004854983885517716,3.272320299585703e-05,6.111584095843508e-06,0.004714898375302298,5.142034201445473e-08,1.1533510994192231e-05,0.8207572467415846,9.37922878424493e-05,0.8208804246076186,0.00043564776561614725,0.009385803665355776,0.16925928917431557,0.17868392762676302,5.142034201445473e-08,0.049988466489005796,0.004847367270269831,0.055861831805918694,1.1533510994192231e-05
software_fixture_not_chemical_prediction,3434.068136272545,4.952833338263395e-06,2.447671535989891e-05,4.855901969312498e-06,0.0004854978454137205,3.272148448519642e-05,6.111392081891047e-06,0.0047148879184933075,5.146688917226476e-08,1.1556523475920113e-05,0.8204075710143912,9.386726392018422e-05,0.8205308223625282,0.0004360347601369755,0.009385320191454022,0.16960898980931158,0.17903314287733268,5.146688917226476e-08,0.04998844347652407,0.004847111412553002,0.05586161726482829,1.1556523475920113e-05
software_fixture_not_chemical_prediction,3441.2825651302605,4.954683579397074e-06,2.4475423472015533e-05,4.855653353132636e-06,0.000485497302202406,3.2719765994597446e-05,6.111200161226222e-06,0.004714877460372024,5.151347680309835e-08,1.1579537016365079e-05,0.8200579137485446,9.394229559958102e-05,0.8201812386344446,0.0004364216909696873,0.0093848367229004,0.1699586719855273,0.1793823396745835,5.151347680309835e-08,0.04998842046298362,0.004846855556917836,0.055861402876277486,1.1579537016365079e-05
software_fixture_not_chemical_prediction,3448.496993987976,4.956535289599764e-06,2.4474131594476326e-05,4.85540474433574e-06,0.0004854967589177474,3.271804752381763e-05,6.111008333910139e-06,0.004714867000937016,5.1560104943911057e-08,1.1602551617126412e-05,0.8197082749439074,9.401738294588205e-05,0.8198316734232954,0.0004368085581151296,0.009384353259625843,0.1703083357031037,0.17973151801858722,5.1560104943911057e-08,0.04998839744838286,0.004846599703326839,0.0558611886403887,1.1602551617126412e-05
software_fixture_not_chemical_prediction,3455.7114228456912,4.958388470574687e-06,2.4472839727094495e-05,4.855156142891068e-06,0.0004854962155596641,3.271632907261452e-05,6.110816600003907e-06,0.004714856540186856,5.1606773631658406e-08,1.1625567279803396e-05,0.8193586546003417,9.409252602432976e-05,0.8194821267290081,0.0004371953615741493,0.009383869801561284,0.17065798096218168,0.18008067790941557,5.1606773631658406e-08,0.04998837443272018,0.0048463438517424035,0.055860974557284275,1.1625567279803396e-05
software_fixture_not_chemical_prediction,3462.925851703407,4.960243124025064e-06,2.4471547869683228e-05,4.854907548767882e-06,0.0004854956721280755,3.271461064074563e-05,6.110624959568631e-06,0.004714846078120113,5.165348290329597e-08,1.1648584005995316e-05,0.81900905271771,9.416772490016654e-05,0.8191325985515099,0.00043758210134759346,0.009383386348637657,0.17100760776290233,0.1804298193471403,5.165348290329597e-08,0.04998835141599399,0.004846088002126809,0.055860760627086586,1.1648584005995316e-05
software_fixture_not_chemical_prediction,3470.1402805611224,4.962099251654118e-06,2.4470256022055723e-05,4.85465896193544e-06,0.00048549512862290097,3.27128922279685e-05,6.110433412665421e-06,0.004714835614735356,5.1700232795779276e-08,1.1671601797301455e-05,0.8186594692958746,9.424297963863479e-05,0.8187830888907284,0.000437968777436309,0.009382902900785892,0.1713572161054066,0.18077894233183311,5.1700232795779276e-08,0.049988328398202685,0.0048458321544422285,0.05586054684991802,1.1671601797301455e-05
software_fixture_not_chemical_prediction,3477.3547094188375,4.963956855165069e-06,2.4468964184025183e-05,4.854410382363003e-06,0.00048549458504405985,3.271117383404066e-05,6.110241959355384e-06,0.0047148251500311565,5.174702334606387e-08,1.1694620655321098e-05,0.8183099043346979,9.431829030497692e-05,0.818433597746591,0.000438355389841143,0.009382419457936927,0.17170680598983543,0.18112804686356573,5.174702334606387e-08,0.049988305379344664,0.00484557630865072,0.05586033322590091,1.1694620655321098e-05
software_fixture_not_chemical_prediction,3484.569138276553,4.9658159362611404e-06,2.44676723554048e-05,4.854161810019831e-06,0.0004854940413914716,3.2709455458719643e-05,6.110050599699628e-06,0.004714814684006084,5.179385459110531e-08,1.171764058165353e-05,0.8179603578340421,9.439365696443534e-05,0.818084125119025,0.00043874193856294235,0.009381936020021691,0.17205637741632984,0.1814771329424099,5.179385459110531e-08,0.04998828235941833,0.004845320464714234,0.05586011975515766,1.171764058165353e-05
software_fixture_not_chemical_prediction,3491.7835671342687,4.967676496645554e-06,2.4466380536007774e-05,4.853913244875183e-06,0.00048549349766505547,3.2707737101762985e-05,6.1098593337592595e-06,0.004714804216658709,5.184072656785913e-08,1.1740661577898034e-05,0.8176108297937698,9.446907968225246e-05,0.8177346710079578,0.00043912842360255413,0.009381452586971118,0.17240593038503077,0.1818262005684374,5.184072656785913e-08,0.04998825933842209,0.004845064622594607,0.055859906437810615,1.1740661577898034e-05
software_fixture_not_chemical_prediction,3498.997995991984,4.96953853802153e-06,2.44650887256473e-05,4.853664686898319e-06,0.0004854929538647309,3.2706018762928204e-05,6.109668161595387e-06,0.004714793747987601,5.188763931328088e-08,1.1763683645653894e-05,0.8172613202137432,9.454455852367068e-05,0.8173852354133171,0.0004395148449608253,0.009380969158716142,0.17275546489607926,0.1821752497417199,5.188763931328088e-08,0.04998823631635433,0.004844808782253565,0.055859693273982165,1.1763683645653894e-05
software_fixture_not_chemical_prediction,3506.2124248496993,4.9714020620922915e-06,2.4463796924136574e-05,4.853416136058499e-06,0.0004854924099904173,3.2704300441972845e-05,6.109477083269117e-06,0.004714783277991329,5.193459286432611e-08,1.1786706786520393e-05,0.8169118290938246,9.462009355393241e-05,0.81703581833503,0.00043990120263860276,0.009380485735187696,0.1731049809496162,0.18252428046232913,5.193459286432611e-08,0.049988213293213464,0.004844552943652726,0.055859480263794656,1.1786706786520393e-05
software_fixture_not_chemical_prediction,3513.426853707415,4.97326707056106e-06,2.4462505131288798e-05,4.853167592324983e-06,0.00048549186604203394,3.270258213865443e-05,6.109286098841559e-06,0.004714772806668465,5.198158725795035e-08,1.1809731002096818e-05,0.8165623564338766,9.469568483828005e-05,0.8166864197730241,0.00044028749663673356,0.009380002316316713,0.17345447854578266,0.18287329273033687,5.198158725795035e-08,0.04998819026899789,0.004844297106753593,0.05585926740737048,1.1809731002096818e-05
software_fixture_not_chemical_prediction,3520.6412825651305,4.975133565131056e-06,2.4461213346917164e-05,4.852919055667032e-06,0.0004854913220195003,3.27008638527305e-05,6.109095208373819e-06,0.004714762334017578,5.202862253110917e-08,1.1832756293982452e-05,0.8162129022337614,9.477133244195602e-05,0.8163370397272269,0.0004406737269560648,0.009379518902034124,0.1738039576847196,0.18322228654581482,5.202862253110917e-08,0.04998816724370601,0.004844041271517561,0.055859054704832004,1.1832756293982452e-05
software_fixture_not_chemical_prediction,3527.8557114228456,4.977001547505504e-06,2.4459921570834873e-05,4.852670526053904e-06,0.00048549077792273577,3.269914558395858e-05,6.108904411927005e-06,0.004714751860037238,5.207569872075809e-08,1.1855782663776576e-05,0.8158634664933415,9.484703643020271e-05,0.8159876781975657,0.0004410598935974432,0.009379035492270866,0.17415341836656795,0.1835712619088347,5.207569872075809e-08,0.04998814421733621,0.004843785437905915,0.055858842156301554,1.1855782663776576e-05
software_fixture_not_chemical_prediction,3535.070140280561,4.978871019387623e-06,2.445862980285512e-05,4.852422003454859e-06,0.0004854902337516596,3.269742733209619e-05,6.108713709562224e-06,0.0047147413847260155,5.2122815863852666e-08,1.187881011307848e-05,0.815514049212479,9.492279686826253e-05,0.8156383351839678,0.00044144599656171596,0.009378552086957868,0.17450286059146874,0.18392021881946824,5.2122815863852666e-08,0.04998812118988691,0.004843529605879825,0.05585862976190157,1.187881011307848e-05
software_fixture_not_chemical_prediction,3542.2845691382768,4.980741982480637e-06,2.4457338042791103e-05,4.852173487839158e-06,0.0004854896895061913,3.2695709096900885e-05,6.108523101340585e-06,0.00471473090808248,5.216997399734845e-08,1.1901838643487443e-05,0.8151646503910365,9.49986138213779e-05,0.8152890106863608,0.00044183203584973005,0.009378068686026067,0.17485228435956293,0.1842691572777872,5.216997399734845e-08,0.0499880981613565,0.004843273775400352,0.05585841752175437,1.1901838643487443e-05
software_fixture_not_chemical_prediction,3549.498997995992,4.982614438487766e-06,2.4456046290456017e-05,4.851924979176061e-06,0.0004854891451862502,3.2693990878130185e-05,6.108332587323194e-06,0.004714720430105203,5.221717315820098e-08,1.192486825660275e-05,0.8148152700288762,9.507448735479121e-05,0.8149397047046721,0.00044221801146233236,0.009377585289406394,0.17520168967099148,0.1846180772838633,5.221717315820098e-08,0.04998807513174339,0.0048430179464284484,0.05585820543598234,1.192486825660275e-05
software_fixture_not_chemical_prediction,3556.7134268537075,4.984488389112232e-06,2.4454754545663066e-05,4.851676477434827e-06,0.00048548860079175566,3.2692272675541615e-05,6.1081421675711604e-06,0.004714709950792752,5.2264413383365815e-08,1.1947898954023689e-05,0.8144659081258605,9.515041753374488e-05,0.8145904172388292,0.00044260392340036997,0.00937710189702978,0.1755510765258954,0.18496697883776828,5.2264413383365815e-08,0.04998805210104596,0.0048427621189249545,0.055857993504707854,1.1947898954023689e-05
software_fixture_not_chemical_prediction,3563.927855711423,4.9863638360572585e-06,2.445346280822544e-05,4.851427982584715e-06,0.000485488056322627,3.2690554488892715e-05,6.10795184214559e-06,0.004714699470143698,5.2311694709798476e-08,1.1970930737349541e-05,0.8141165646818519,9.522640442348132e-05,0.8142411482887593,0.0004429897716646898,0.009376618508827162,0.17590044492441567,0.18531586193957386,5.2311694709798476e-08,0.04998802906926264,0.004842506292850598,0.05585778172805326,1.1970930737349541e-05
software_fixture_not_chemical_prediction,3571.142284569138,4.988240781026065e-06,2.445217107795634e-05,4.851179494594987e-06,0.0004854875117787837,3.2688836317941016e-05,6.107761611107591e-06,0.004714688988156613,5.235901717445453e-08,1.1993963608179588e-05,0.8137672396967126,9.53024480892429e-05,0.8138918978543899,0.00044337555625613884,0.009376135124729472,0.17624979486669326,0.18566472658935174,5.235901717445453e-08,0.04998800603639181,0.004842250468165997,0.05585757010614097,1.1993963608179588e-05
software_fixture_not_chemical_prediction,3578.3567134268537,4.990119225721875e-06,2.4450879354668957e-05,4.850931013434902e-06,0.0004854869671601451,3.268711816244405e-05,6.107571474518271e-06,0.004714678504830065,5.2406380814289514e-08,1.2016997568113118e-05,0.813417933170305,9.537854859627208e-05,0.8135426659356485,0.00044376127717556417,0.009375651744667642,0.17659912635286915,0.18601357278717373,5.2406380814289514e-08,0.049987983002431874,0.004841994644831659,0.05585735863909331,1.2016997568113118e-05
software_fixture_not_chemical_prediction,3585.5711422845693,4.991999171847909e-06,2.4449587638176494e-05,4.850682539073718e-06,0.0004854864224666305,3.268540002215934e-05,6.107381432438738e-06,0.004714668020162623,5.245378566625897e-08,1.2040032618749414e-05,0.8130686451024914,9.545470600981123e-05,0.8131934525324624,0.00044414693442381266,0.009375168368572608,0.1769484393830843,0.18636240053311148,5.245378566625897e-08,0.049987959967381236,0.004841738822807984,0.05585714732703268,1.2040032618749414e-05
software_fixture_not_chemical_prediction,3592.7855711422844,4.99388062110739e-06,2.4448295928292152e-05,4.850434071480699e-06,0.0004854858776981594,3.268368189684442e-05,6.1071914849300995e-06,0.0047146575341528605,5.250123176731845e-08,1.2063068761687758e-05,0.8127193754931343,9.553092039510276e-05,0.8128442576447593,0.0004445325280017313,0.009374684996375298,0.17729773395747972,0.18671120982723677,5.250123176731845e-08,0.0499879369312383,0.004841483002055254,0.05585693617008141,1.2063068761687758e-05
software_fixture_not_chemical_prediction,3600.0,4.995763575203539e-06,2.444700422482912e-05,4.850185610625101e-06,0.0004854853328546511,3.268196378625683e-05,6.107001632053462e-06,0.0047146470467993445,5.25487191544235e-08,1.2086105998527439e-05,0.812370124342096,9.56071918173891e-05,0.8124950812724663,0.0004449180579101672,0.009374201628006649,0.17764701007619638,0.1870600006696213,5.25487191544235e-08,0.04998791389400146,0.004841227182533646,0.05585672516836191,1.2086105998527439e-05
