75
 energy: -92.789061401510 gnorm: 0.528341789205 xtb: 6.7.1 (edcfbbe)
Ru           0.05101028093852       -0.19945120637531       -0.32752790343628
N           -0.09293178743860       -2.11677784218385       -0.63275422559148
C            0.99960942889020       -3.07311359140985       -0.53305312659556
C            2.21546915771042       -2.47271121166253        0.17138358935023
P            2.27027658261854       -0.70841470457976       -0.35226557158379
C            3.09445189017768       -0.89325023767084       -2.02995293667656
C            4.60815962933966       -1.08204654873655       -1.99502662593974
C            2.69333900930748        0.24713508900275       -2.96231302760839
C            3.55688073874099        0.05467020615075        0.75996294078663
C            3.63459050430910        1.54239747751934        0.42502418055477
C            3.15084625637966       -0.13445869563079        2.21953820486317
C           -1.29702308605049       -2.84582362285243       -0.99556242755498
C           -2.48033604243469       -1.92600834419177       -1.29878037807286
P           -2.22529503531149       -0.33379545494819       -0.39205565127431
C           -3.13131326221667       -0.66793802340317        1.21152021470053
C           -3.22936142465341        0.60002525923818        2.05570332185127
C           -2.38894553430381       -1.75111898415867        1.99090136002333
C           -3.43325391076665        0.84265338977579       -1.21564603062472
C           -2.97697538388036        2.27849855290695       -0.94646014196068
C           -3.55820061869653        0.63223659222821       -2.72261562921116
H            1.28248518278656       -3.43639500522446       -1.53974073643999
H            0.65925404727611       -3.96472040548648        0.02798552808410
H            2.03959230585982       -2.48267736562425        1.25107890371607
H            3.13243817841228       -3.02486737820369       -0.05357811870563
H            2.64321395282419       -1.81406860530125       -2.42939034026890
H            4.96182513061821       -1.36304292765944       -2.98695964998174
H            5.11163842045250       -0.16117430819007       -1.70963797059703
H            4.89552534810369       -1.86999725376380       -1.30041865715821
H            1.60449323234125        0.33454531205504       -2.99528940804512
H            3.05639073419811        0.05945922962727       -3.97286924098417
H            3.09647502227723        1.19980236535233       -2.62483196109002
H            4.52650751779203       -0.42476071261087        0.58521523104997
H            4.31059607847086        2.05621951846035        1.10734893071237
H            3.98918473480230        1.70518942435109       -0.59089038772962
H            2.64061729870516        1.98412017663972        0.51659945824206
H            3.73300729009022        0.52736818160062        2.85876427229822
H            2.09346031753119        0.11307263964667        2.33840915624865
H            3.31707526645707       -1.15651792456277        2.55347161615552
H           -1.56015353220431       -3.55110411782117       -0.18608792998253
H           -1.08989573963873       -3.47339999011617       -1.88505827425379
H           -3.43669443456163       -2.39892227742643       -1.05647286708776
H           -2.46560921877994       -1.68258241096130       -2.36483702751235
H           -4.14192398776682       -1.01922119106653        0.95539312844304
H           -3.88637372717821        1.33645714761784        1.59956602678435
H           -2.23589623309572        1.03395160932214        2.17599464579958
H           -3.62529087361454        0.36286040936285        3.04275385187755
H           -2.54109190298647       -2.73436919658950        1.55198576009762
H           -2.73838691181579       -1.78780775428709        3.02216702814612
H           -1.31800113481299       -1.52311803604607        1.99562489927793
H           -4.41238750023898        0.67434469511674       -0.74795936139541
H           -3.79570456315145        2.97840473292171       -1.10967521295018
H           -2.60422552341520        2.39967332441655        0.06865625292570
H           -2.16524254170781        2.53903453981971       -1.62226698036648
H           -2.56944080609281        0.60855770750488       -3.18332111212006
H           -4.09019494054779       -0.28581089821202       -2.96400142632947
H           -4.11096343327439        1.46347930129052       -3.15934171197582
C            0.25687497198914        1.48772131198250       -1.02505206729250
O            0.40248412163492        2.49577685788452       -1.59337609841815
H            0.06795001578937        0.45259808699791        1.09289466269175
O           -0.31947733205467       -1.47828831598863        1.97034938551950
C            0.76402619261699       -0.61164315945764        2.16542762189426
C            1.97364644863470       -1.38855158116324        2.60638485233837
C            2.15122350461327       -1.71195798726028        3.96170951803500
C            3.25904001227634       -2.46343575788661        4.36671309072293
C            4.18903363907543       -2.90562306241576        3.42164056842718
C            4.01037142063392       -2.60083250666449        2.06931790714509
C            2.90392707100768       -1.84954213009052        1.66022110563618
H           -0.15873282076942       -1.94362374682213        1.10796010843695
H            0.97813959770671       -0.04052100328514        1.23312865709141
H            0.49064855219633        0.13217535883054        2.94392924060605
H            1.43310001612498       -1.38269152123638        4.70257228716252
H            3.39464924534604       -2.70591749447161        5.41280599370566
H            5.04515633226751       -3.48820709929543        3.73646649768647
H            4.72742017989207       -2.94972366432621        1.33746103091336
H            2.77236776133644       -1.62797196866259        0.60830127949361
75
 energy: -93.026325503064 gnorm: 0.362253547545 xtb: 6.7.1 (edcfbbe)
Ru           0.04754238992386       -0.17849190866856       -0.36493057485746
N           -0.09791141938514       -2.12911848847911       -0.62902519772052
C            0.97086839417276       -3.10444469594136       -0.56307707137068
C            2.18103463001677       -2.50930109448230        0.11468483332651
P            2.26458516281453       -0.69191127180229       -0.37516850425018
C            3.09693179073894       -0.89081203453860       -2.03706468258823
C            4.60959060793573       -1.08203947723411       -1.99486189333939
C            2.69289467121214        0.24940762924846       -2.96519566567350
C            3.56587492463140        0.09271448038664        0.74870478357135
C            3.64047337581368        1.56325496872721        0.41637888675387
C            3.21380095274000       -0.04306045575220        2.22787548972831
C           -1.30186880520029       -2.84856946450641       -0.99606473592501
C           -2.48152205326303       -1.92526652602791       -1.29974708375045
P           -2.24149593154181       -0.33448906649749       -0.38955657360630
C           -3.14608035304544       -0.67004189676797        1.21213381990731
C           -3.23003974052530        0.59935996473955        2.05514469582631
C           -2.46320350573879       -1.76878776742804        1.99394548736647
C           -3.43348300486891        0.84485753536913       -1.21788196045931
C           -2.97654273346636        2.27961604121246       -0.94669718774457
C           -3.55789870618933        0.63211218897640       -2.72402359741650
H            1.27590219986206       -3.45190718785273       -1.55949065027871
H            0.65370986233078       -3.98270479665914        0.02678858644908
H            1.99997612800942       -2.54752640409034        1.22347848699616
H            3.11433086565905       -3.04607921217001       -0.08163233151883
H            2.64191634085927       -1.81369357221980       -2.42922064370317
H            4.96221549420282       -1.36307041752782       -2.98594409303175
H            5.11291605253257       -0.16096630046766       -1.71001084041234
H            4.89738337579950       -1.87123955378387       -1.29978519374988
H            1.60408247488970        0.33423997618984       -2.99582852904828
H            3.05639905129667        0.05989379376539       -3.97308663173714
H            3.09677098176231        1.20051051496275       -2.62559042210275
H            4.52836923127731       -0.41510339124257        0.58232061400411
H            4.31370292329519        2.06409952861781        1.10543876351337
H            3.99121197105168        1.71228508025072       -0.59790961598948
H            2.64124435326435        1.99099556177671        0.51429602944749
H            3.76978306922866        0.59050175200554        2.88052366726868
H            2.16140406759689        0.16051383979739        2.34045490606317
H            3.37161121704077       -1.09444789978869        2.58783294586462
H           -1.56390843163936       -3.55521544770356       -0.18620120345890
H           -1.09238009650655       -3.47443742933538       -1.88499804124227
H           -3.43582873621955       -2.39832489732692       -1.05633918302972
H           -2.46527043474628       -1.68224822951921       -2.36461763869933
H           -4.15242383616524       -1.01155147265323        0.94668177783871
H           -3.88528984059287        1.33703473339232        1.60046070382833
H           -2.23627516231986        1.03536168879793        2.17749723972458
H           -3.62523384372770        0.36314159688170        3.04218770745556
H           -2.56698863079862       -2.75014725876356        1.55008947536296
H           -2.76504864103961       -1.79548415778642        3.03271682555315
H           -1.37108170303410       -1.53003995896727        2.00006599703783
H           -4.41094735020907        0.67383337712509       -0.74768102288010
H           -3.79517920326821        2.97797263661162       -1.10939508619083
H           -2.60498940231221        2.40089481948274        0.06905096369167
H           -2.16514528384499        2.53926281924740       -1.62275839185436
H           -2.56869069632171        0.60852116449125       -3.18345759859353
H           -4.09022381991354       -0.28563212849607       -2.96376784088222
H           -4.11086007406798        1.46319944704760       -3.15886255426162
C            0.25378439901945        1.50185918794450       -1.02787901462759
O            0.40559158215233        2.50315621897560       -1.59394044685255
H           -0.00631265828679        0.52032906090476        1.00210975113489
O           -0.26332375899709       -1.50066215809342        1.98391112979754
C            0.80208411655515       -0.63057194688536        2.21351338257041
C            1.95944581220188       -1.43130644654473        2.65885088204688
C            2.12146602714295       -1.74508094563825        3.97618810592069
C            3.27546311007477       -2.47807173237761        4.37351981862939
C            4.18812428246984       -2.92096178352671        3.44531593372731
C            4.02272454421443       -2.63759874954393        2.07902353632970
C            2.91811416341889       -1.88245414220696        1.69331144711827
H           -0.14011476657459       -1.92824098990571        1.08616709612105
H            1.00943588387488       -0.07810280004106        1.25810355516875
H            0.48822744556196        0.11942634914772        2.96491841811388
H            1.42608908187103       -1.38015304183329        4.71081245895241
H            3.40166882484088       -2.70787054454812        5.41674819633757
H            5.04892102265366       -3.49119915840493        3.74708855827113
H            4.74111982507920       -2.95170003520862        1.33724234593227
H            2.81592531981267       -1.61379634519721        0.64337649277531
75
 energy: -93.225597280621 gnorm: 0.226806103109 xtb: 6.7.1 (edcfbbe)
Ru           0.03118811244789       -0.16242519698963       -0.40105398705157
N           -0.10362484140907       -2.14310152096859       -0.63629186988258
C            0.94700377411100       -3.12923721204715       -0.59888719851523
C            2.13474043279231       -2.54690540567089        0.04366065459061
P            2.25755082178285       -0.67968612603866       -0.39574365127264
C            3.09900971159973       -0.88901112180037       -2.04039098412866
C            4.61070019786326       -1.08183819226409       -1.99567008470272
C            2.69352628409630        0.25077327819237       -2.96800359525743
C            3.58023619787876        0.13180566246799        0.73771144887093
C            3.64693488023797        1.58409887048835        0.40172459551535
C            3.28549407688982        0.06346450715509        2.22854966070762
C           -1.31027867745137       -2.85138387002347       -0.99892281725908
C           -2.48536045847336       -1.92511867147328       -1.30157125436500
P           -2.25434951576138       -0.33648784904217       -0.39016015712041
C           -3.16060375122062       -0.67150360530740        1.21151608135628
C           -3.23203039769709        0.59905203955206        2.05459237259165
C           -2.51910801570889       -1.77769378454710        1.99534129594321
C           -3.43425407810146        0.84544876070886       -1.21832381400695
C           -2.97615943492517        2.28012461785652       -0.94701811307352
C           -3.55762845075250        0.63218649808910       -2.72468340815558
H            1.26065457124145       -3.46991879655694       -1.58433080142211
H            0.64678458363828       -3.99527669548101        0.01742988708784
H            1.95057538062443       -2.61634382520144        1.17129652463758
H            3.09491499957654       -3.05963252704094       -0.10761465781542
H            2.64111777779320       -1.81314751182951       -2.42920456813427
H            4.96319321577416       -1.36334089757764       -2.98590206944528
H            5.11393110594546       -0.16098992458815       -1.71000884489897
H            4.89812948611598       -1.87155842553182       -1.30001815629649
H            1.60387731174782        0.33395035587356       -2.99655181700229
H            3.05654636278630        0.06114151867845       -3.97473201298609
H            3.09694835178011        1.20134696402028       -2.62627244167630
H            4.53064977748796       -0.40585476171518        0.57179046016948
H            4.31569916966873        2.07392508880854        1.09992831269337
H            3.99390195365724        1.72588754754008       -0.60957736043888
H            2.64320297510134        1.99915726861422        0.51045794692148
H            3.82057888994558        0.65976604175886        2.88904750343017
H            2.23810994604136        0.21662652056590        2.34908945422224
H            3.43843797798478       -0.97791313458343        2.61849359672474
H           -1.56865493855250       -3.55787836617498       -0.18677920443035
H           -1.09771366507426       -3.47598818491823       -1.88617197141689
H           -3.43767652285563       -2.39811120335309       -1.05638637070156
H           -2.46574283587192       -1.68193106302389       -2.36540498144381
H           -4.16591588798806       -1.00028563659671        0.93507478726149
H           -3.88525259359540        1.33851492348177        1.60123397363266
H           -2.23743515961004        1.03457429150977        2.17751636040902
H           -3.62486719790625        0.36336258020626        3.04218770715873
H           -2.58537573406595       -2.75831927798136        1.54887883432814
H           -2.78686032820971       -1.79988183805489        3.03822557835250
H           -1.44265243524007       -1.53705793006494        2.01036848553247
H           -4.41161941524201        0.67430237557404       -0.74761399649673
H           -3.79477109482667        2.97774914762883       -1.10925403647290
H           -2.60556240511513        2.40163802843341        0.06913864214069
H           -2.16494211248150        2.53953724875594       -1.62326921459566
H           -2.56813517144052        0.60854273505684       -3.18360618052828
H           -4.09010991401457       -0.28544291296065       -2.96359850808651
H           -4.11065817520802        1.46309525806996       -3.15871229725758
C            0.25220766161749        1.51287842233526       -1.03868907937254
O            0.40854315766981        2.51274862442901       -1.59753349364550
H           -0.05617468323136        0.57345918834563        0.92833251910052
O           -0.20122810749779       -1.54091520373235        1.99960467035937
C            0.83204155568485       -0.65915585358564        2.25784578474483
C            1.91475324466179       -1.52177553506700        2.72058429619227
C            2.09840198075739       -1.78695666278324        3.99402682096730
C            3.28841708757128       -2.49132693668003        4.38249827754752
C            4.18553816947687       -2.93938215747205        3.46394520113555
C            4.02932993950597       -2.68481934111952        2.09972901494914
C            2.93422014638252       -1.92199701831290        1.75326155347662
H           -0.13084420116807       -1.91764516545793        1.06203245952815
H            1.02945942960091       -0.11582762735885        1.29701647848528
H            0.48264688655174        0.10220314335918        2.97740941185529
H            1.42632616633012       -1.38244186874502        4.72396709582690
H            3.40710296914968       -2.70743398731119        5.42459962510438
H            5.05604487000023       -3.49395468484439        3.75590532279937
H            4.75150964970775       -2.95282687324110        1.34428241927300
H            2.88455833650982       -1.58720585079758        0.72691997641161
75
 energy: -93.355118696482 gnorm: 0.156403004286 xtb: 6.7.1 (edcfbbe)
Ru           0.02635041940507       -0.15528407185343       -0.43517487866182
N           -0.11585688821795       -2.15433664365112       -0.65575762894017
C            0.92628691113571       -3.15025715367886       -0.64205427292553
C            2.10156403394934       -2.57371424165239       -0.01156145954175
P            2.25526286310772       -0.68138759021079       -0.40533390966125
C            3.10121245070781       -0.88716972928487       -2.04355615338894
C            4.61229011097306       -1.08133292494704       -1.99696726110069
C            2.69471896255352        0.25246403635816       -2.97169710554924
C            3.59738478111458        0.16413150025683        0.72947395843765
C            3.65465292856704        1.61048608250506        0.37962580688642
C            3.34587687167806        0.14603766787355        2.22952375227949
C           -1.32551088758722       -2.85656720273127       -1.00413771426655
C           -2.49431395901341       -1.92602380510111       -1.30404485069184
P           -2.26434264239472       -0.33997657301795       -0.39175915806421
C           -3.18509305825220       -0.67061899689786        1.20699352471956
C           -3.23679985906562        0.59929933765971        2.05398861605468
C           -2.57119404798171       -1.78702598136862        1.99788381454353
C           -3.43697003050543        0.84595969728118       -1.21844598535849
C           -2.97615712858890        2.28030900264630       -0.94710468482416
C           -3.55778410936759        0.63250682603324       -2.72516265836704
H            1.22771691087584       -3.49818707853949       -1.62795227056660
H            0.63274545580957       -4.01113081014966       -0.00719236780818
H            1.90992899802406       -2.66867085663913        1.10846094143830
H            3.07317856383434       -3.07274625413451       -0.14310231771308
H            2.64132347638886       -1.81147982225728       -2.43078190311251
H            4.96517031712066       -1.36364807803817       -2.98659446709392
H            5.11561619544065       -0.16084095325867       -1.71034374949898
H            4.89839784687044       -1.87133848943201       -1.30109736568165
H            1.60397600000485        0.33389658232749       -2.99811270338431
H            3.05694459204126        0.06352651053900       -3.97865396522224
H            3.09706758724534        1.20302706749096       -2.62796572791405
H            4.53678096314838       -0.38724296868326        0.55385501656847
H            4.31996321901734        2.09453323780047        1.08636666464091
H            3.99820107925944        1.75143271971518       -0.63084007571898
H            2.64703769552962        2.01414360713012        0.50136466312818
H            3.88660845590386        0.74754599501750        2.89156660421578
H            2.29903713885321        0.27854688259728        2.36884171543068
H            3.51219438886866       -0.85856844748540        2.63824184037282
H           -1.57756618598667       -3.56165608885612       -0.18817773468885
H           -1.11029982599603       -3.48084033662159       -1.89018813774995
H           -3.44506705688342       -2.39901728698541       -1.05823115547771
H           -2.46838515556029       -1.68122070649713       -2.36738524739869
H           -4.19171662484756       -0.98337166262883        0.91912919589054
H           -3.88625742302794        1.34267987733749        1.60273736347925
H           -2.23947925734651        1.02985369156274        2.17573950164281
H           -3.62597970784815        0.36412405459509        3.04282452306915
H           -2.61942371608092       -2.76822028366717        1.54856641809084
H           -2.82882482696530       -1.80849278098188        3.04369717953807
H           -1.51928825910929       -1.54999732651367        2.02381703427127
H           -4.41473998578346        0.67640630974665       -0.74865439158143
H           -3.79467202774810        2.97813812858554       -1.10928638971617
H           -2.60612014475603        2.40219919148100        0.06916590075675
H           -2.16483651319630        2.53950598997303       -1.62355202321740
H           -2.56768920748267        0.60856617338313       -3.18331624570845
H           -4.09012397095444       -0.28535454418630       -2.96376311087841
H           -4.11059633653147        1.46338744759158       -3.15934012154084
C            0.24307406672300        1.52508412186148       -1.06117893061769
O            0.41609968970546        2.53297486694949       -1.60349447628254
H           -0.10583781728391        0.62911199732005        0.86123435924201
O           -0.15156320769645       -1.59292628315409        2.01254246720073
C            0.85418441553895       -0.68699372344054        2.28560801326022
C            1.89944877727901       -1.59062725603499        2.76099573037840
C            2.10792422206613       -1.81918692263410        4.04381989874897
C            3.29497856658204       -2.51844235767073        4.41160974400837
C            4.19178163535173       -2.97164790973422        3.49035148747627
C            4.03598653210686       -2.73094377423559        2.13151868288213
C            2.95558883452189       -1.95790870219909        1.81764759743033
H           -0.12117289475169       -1.90550417480165        1.03716508393310
H            1.05040376263091       -0.15024613932592        1.33144315717020
H            0.48144058436158        0.07309099716325        2.99599212230428
H            1.42926597199572       -1.39793810320369        4.75744019291305
H            3.42109122809164       -2.71330719381699        5.45151979946066
H            5.07380222723841       -3.50564361375045        3.77916168728808
H            4.76228805238030       -2.95966276967505        1.36270012940693
H            2.95796434990190       -1.56183971551471        0.82661050403482
75
 energy: -93.447500688726 gnorm: 0.112314400063 xtb: 6.7.1 (edcfbbe)
Ru           0.00542627348702       -0.14939365349641       -0.46854867167546
N           -0.13101296528612       -2.16078679791896       -0.68636214505639
C            0.90713461393821       -3.16570865436027       -0.68977452713021
C            2.08473762195698       -2.58851819507784       -0.04925401185213
P            2.25269042985618       -0.68944778109640       -0.40833382728353
C            3.10365839341918       -0.88493798686938       -2.04746536748567
C            4.61451771504687       -1.08041014861604       -1.99914724568741
C            2.69655781029223        0.25468083931794       -2.97571962976566
C            3.61330775704613        0.19173644614321        0.72275829848134
C            3.66122110902120        1.63987217913270        0.35243574700494
C            3.39967484333072        0.21448841867166        2.23547480993793
C           -1.34509175791618       -2.86274960863587       -1.01253962532761
C           -2.50925213076949       -1.92919140647927       -1.30866508736791
P           -2.27676960828039       -0.34681916748312       -0.39473790941248
C           -3.21489692783239       -0.66856232990350        1.20105605365798
C           -3.24510533444595        0.59971529454298        2.05282179369020
C           -2.61898899002245       -1.79664342101203        1.99999603819771
C           -3.44202988297195        0.84727874831448       -1.21934443137107
C           -2.97675854780024        2.28041245743165       -0.94712257592853
C           -3.55870507437896        0.63348232289133       -2.72600210954146
H            1.18282856487569       -3.52800828168172       -1.68253783899756
H            0.61257940643056       -4.02707305390768       -0.04894078446649
H            1.87408330530838       -2.70557739123227        1.04362433277519
H            3.05355331533251       -3.08566826076080       -0.18716603419102
H            2.64294079802693       -1.80874123702548       -2.43457837219593
H            4.96863261272601       -1.36373802367351       -2.98811156980308
H            5.11801715792569       -0.16036482130626       -1.71146917305244
H            4.89832925357275       -1.87066096535081       -1.30290158072241
H            1.60493608497809        0.33420359039133       -3.00035866856319
H            3.05783704138446        0.06697300509736       -3.98364799165401
H            3.09719144065585        1.20553244884191       -2.63080479480437
H            4.54665493598635       -0.35886950744272        0.53257931367441
H            4.32536507877042        2.12523567696294        1.06161920344655
H            4.00182589505318        1.78381296831328       -0.65885374809519
H            2.65215251703107        2.03614068629893        0.48503489714780
H            3.95700575894680        0.85549825796186        2.87138116964664
H            2.35220245404028        0.35225197696394        2.39993339248537
H            3.59263507799494       -0.75403832388669        2.65941134139688
H           -1.58967379259186       -3.56427314896863       -0.19080953690310
H           -1.13303594570016       -3.48986945248323       -1.89737253811446
H           -3.45964577858638       -2.40082118799425       -1.06319028275045
H           -2.47527261995128       -1.68028480768993       -2.37114673327032
H           -4.22474014190394       -0.96119829559085        0.90121092971934
H           -3.88886886116270        1.35018568156424        1.60551244455832
H           -2.24302826292335        1.02047160436670        2.17139584511396
H           -3.62923335669948        0.36573058522154        3.04379680212854
H           -2.66911929862051       -2.77779839861830        1.54802477656767
H           -2.89172001206673       -1.82013276503890        3.04447990123221
H           -1.58277017781746       -1.56730433646445        2.03939656578730
H           -4.42053739375604        0.68070045948162       -0.75130779717056
H           -3.79454640265255        2.97947562865730       -1.10939005116644
H           -2.60693787797895        2.40242454680657        0.06914172374605
H           -2.16502056524229        2.53901931923233       -1.62361252772138
H           -2.56751428356384        0.60890238721725       -3.18234279588318
H           -4.09046835882481       -0.28481875007897       -2.96460178955356
H           -4.11066299788081        1.46435521624601       -3.16124865356312
C            0.24766543618350        1.53362683193238       -1.09530419797853
O            0.41992440353031        2.55687905675301       -1.61223907108069
H           -0.14211294536523        0.67863958555481        0.80527412960481
O           -0.11421408791964       -1.65369182661117        2.02110233329885
C            0.87379748932131       -0.72300607914365        2.31220652859000
C            1.92070937207592       -1.63053397119485        2.79597927183957
C            2.13228848698942       -1.85291090696685        4.09872993838314
C            3.29964751948285       -2.55499011705600        4.45096820320856
C            4.20654664486178       -3.01383046682034        3.53147681087987
C            4.04483957905723       -2.77418012389634        2.17592781292251
C            2.97651003898372       -1.99262284260451        1.88447207962090
H           -0.11006350175435       -1.89463971284200        1.01662334023939
H            1.07750400635350       -0.18563238979186        1.37288948669074
H            0.48267419081892        0.02870829009453        3.02307425921786
H            1.43706628154380       -1.42220659649024        4.79554887783799
H            3.44460398669402       -2.72326665045683        5.49292613748020
H            5.09818447401891       -3.52838692112419        3.82164727406099
H            4.77331470671648       -2.97346428811951        1.39690551242724
H            3.02397337669254       -1.54023018550307        0.92537841256711
75
 energy: -93.517473773751 gnorm: 0.081220569702 xtb: 6.7.1 (edcfbbe)
Ru           0.00541533860118       -0.15054071958188       -0.48950115229936
N           -0.14859148977731       -2.16394158941836       -0.72328524840056
C            0.89078621016833       -3.17061312807387       -0.73701344800040
C            2.07694603346509       -2.59380085939720       -0.07920175853362
P            2.25009887524345       -0.69726008797466       -0.41089085125131
C            3.10625048937042       -0.88274957101994       -2.05330198186045
C            4.61702208100002       -1.07924469054833       -2.00221546183285
C            2.69892710684206        0.25730118408616       -2.98029201046774
C            3.62526059304787        0.21902973083725        0.71533628333508
C            3.66473307015144        1.66934939685232        0.32167300564283
C            3.44642981671342        0.27822760617097        2.24100431242486
C           -1.36856194660823       -2.86875145568623       -1.02426555742073
C           -2.53014770106975       -1.93255435212242       -1.31471390842860
P           -2.28811708764689       -0.35327494839607       -0.39842974995234
C           -3.24425065716919       -0.66579827356900        1.19399170139615
C           -3.25567355507455        0.60008297887633        2.05057962459064
C           -2.66235886731529       -1.80466347664511        1.99978530156280
C           -3.44865970264802        0.84882293371389       -1.22086988690299
C           -2.97800581362737        2.28010718760388       -0.94734118260795
C           -3.56059959333135        0.63532321994216       -2.72739921925653
H            1.13819305190310       -3.54647164622249       -1.73718504960740
H            0.59186117787685       -4.03739965133891       -0.10223366148789
H            1.84180804242166       -2.73168971280965        0.98136333223992
H            3.03652343648861       -3.09743759153463       -0.23700920710672
H            2.64567899274836       -1.80573570977454       -2.44083752338720
H            4.97299515194208       -1.36375298136285       -2.99033514668905
H            5.12087860630897       -0.15974578047313       -1.71367933233976
H            4.89773224734837       -1.86963864935283       -1.30517105817529
H            1.60678552365754        0.33477357305654       -3.00399631464435
H            3.05932020016303        0.07110936978795       -3.98929888669461
H            3.09765153562711        1.20859779219637       -2.63492505158275
H            4.55754456460302       -0.32319672740977        0.51014444740629
H            4.33090481143166        2.16290296437324        1.02500286133615
H            4.00274991941977        1.81640506432844       -0.69133503041076
H            2.65697557620563        2.06382553320804        0.46084646355723
H            4.02451959442341        0.97584733520345        2.82148961822844
H            2.40108512541465        0.43452502557135        2.43863704145595
H            3.67685020649473       -0.66228082449555        2.68637755613848
H           -1.60449999050663       -3.56409411859394       -0.19427481961263
H           -1.16674287668663       -3.50304378373873       -1.90705389281668
H           -3.48127385473017       -2.40314415244243       -1.07160673328119
H           -2.48798894024100       -1.67900750246026       -2.37620945675771
H           -4.25886834775457       -0.93640160627801        0.88388960190240
H           -3.89256619600962        1.36015682936784        1.60930194273402
H           -2.24768440401991        1.00783818833312        2.16446733070771
H           -3.63473762690195        0.36801989765550        3.04413941520000
H           -2.72911354374269       -2.78530582793333        1.54510543028668
H           -2.97032558689634       -1.83233761029652        3.03814643056972
H           -1.62590582363381       -1.58522539893862        2.05762132416549
H           -4.42907804059604        0.68731521052177       -0.75581488775775
H           -3.79422685345155        2.98147452787387       -1.10965519331738
H           -2.60797709426726        2.40166623405167        0.06876125979742
H           -2.16532508457786        2.53754941715174       -1.62335806488501
H           -2.56764664094441        0.60979446167723       -3.18050812126323
H           -4.09146975671667       -0.28346569432648       -2.96655869549935
H           -4.11087688502131        1.46615045803500       -3.16483974891060
C            0.22847473856310        1.53506460094683       -1.13794099501624
O            0.43183060981704        2.57446324678203       -1.61875224707861
H           -0.16668201494022        0.72168976410251        0.76303921315288
O           -0.08349537884870       -1.71557315461467        2.02286560067098
C            0.89049024916349       -0.76625500087766        2.33953592312062
C            1.96249825912723       -1.65119527585299        2.83297930112628
C            2.15622567187301       -1.89605267527292        4.15006679023928
C            3.30815988383059       -2.59519780506074        4.50035184194455
C            4.22686088267352       -3.06340295091415        3.58455350645566
C            4.05979975080895       -2.81295394891309        2.23338951213234
C            2.99539432056248       -2.02361471512622        1.94967526913033
H           -0.09625685114917       -1.88779137199222        1.00594608529935
H            1.10869502625174       -0.21811609505968        1.41803675224278
H            0.48363894473612       -0.02873770975283        3.05573084329027
H            1.45012768971895       -1.45743819966282        4.83703120733550
H            3.47457156426379       -2.73992441618255        5.54576662581692
H            5.12559876544013       -3.56206807212752        3.87897739757007
H            4.78530554568886       -2.99817396423002        1.44791117381564
H            3.07725830139594       -1.52391898281171        1.01504130019457
75
 energy: -93.568954698086 gnorm: 0.062825304118 xtb: 6.7.1 (edcfbbe)
Ru          -0.02509257659707       -0.15053880560158       -0.50329186647880
N           -0.16415738765291       -2.16246165940197       -0.76278031039091
C            0.88050375357713       -3.16486957981032       -0.78376473222527
C            2.07684788004259       -2.59323779686263       -0.10574931753812
P            2.24599290408913       -0.70071173803113       -0.41193091431832
C            3.10774433632858       -0.87930799458607       -2.05826939904293
C            4.61875096619570       -1.07765852370498       -2.00590959067514
C            2.70162727008256        0.26015810256019       -2.98555461652761
C            3.63219838016175        0.24758953961488        0.70671398965883
C            3.66408013125146        1.69763286486422        0.28677639791497
C            3.48441359670723        0.33735616655353        2.24171258863444
C           -1.39065358857738       -2.87254953667644       -1.03770676224023
C           -2.55355107196994       -1.93626818388034       -1.32284020212457
P           -2.30596016229053       -0.36028742869570       -0.40210275372960
C           -3.27170777375935       -0.66237465727272        1.18851512884190
C           -3.26742734028100        0.60147572481382        2.04796128399271
C           -2.70259488721795       -1.81023913875082        1.99821329628693
C           -3.45725156953466        0.85223244544487       -1.22414194278778
C           -2.97993786726626        2.28061151443690       -0.94800668226332
C           -3.56364311665231        0.63839719273292       -2.73031780071900
H            1.10257662355620       -3.54817796669428       -1.79106344076403
H            0.57499779394985       -4.04068040703399       -0.16304841644600
H            1.82306310790230       -2.75114661805828        0.93297688680646
H            3.02495714083605       -3.10720944198157       -0.28903576224194
H            2.64898457389019       -1.80151054960776       -2.44834097211757
H            4.97708051952784       -1.36368105463532       -2.99309018329770
H            5.12383531947014       -0.15901978472870       -1.71725415778801
H            4.89636202903072       -1.86794620210567       -1.30766511500457
H            1.60942595638386        0.33586199904008       -3.00919826293427
H            3.06171612798642        0.07528843167115       -3.99540262147681
H            3.09832894226631        1.21204343706943       -2.64044904871238
H            4.56725454624444       -0.28311773134085        0.48860373100052
H            4.33570475423609        2.20614629700221        0.97560352888551
H            3.99865860649273        1.84411733111592       -0.72908166699370
H            2.65945281678131        2.09595097639058        0.42770356048880
H            4.08353003127568        1.09105668733165        2.74916597174159
H            2.44534730289013        0.51561947205802        2.47879721795631
H            3.75919349612272       -0.58117509039022        2.71526685813093
H           -1.61824014953821       -3.55892902875307       -0.19753258037539
H           -1.20670954620822       -3.51780900808191       -1.91744329685885
H           -3.50655269191954       -2.40518388970904       -1.08269802455321
H           -2.50694721723553       -1.67761292900419       -2.38295689174764
H           -4.29088982055737       -0.91164658500984        0.86965351459734
H           -3.89701257390150        1.37203316636847        1.61366239313185
H           -2.25314724265082        0.99432156543400        2.15660088387536
H           -3.64249652000773        0.37152259083701        3.04373096966474
H           -2.79303159546091       -2.78873145728060        1.53875985596283
H           -3.05749494026434       -1.84347534113758        3.02504838597223
H           -1.65697088561792       -1.60577301005825        2.08315723195890
H           -4.43982444359079        0.69624195834658       -0.76232105879434
H           -3.79346869365241        2.98531145200857       -1.11021398235796
H           -2.60971300745504        2.40030757997560        0.06819881411928
H           -2.16583539254452        2.53577172395631       -1.62327768949065
H           -2.56837270298974        0.61125299715493       -3.17865861278471
H           -4.09369219500274       -0.28069941076769       -2.97017277185438
H           -4.11139770073875        1.46920518910094       -3.17069276028965
C            0.26468103500914        1.52717097907261       -1.17412564307577
O            0.41819242284618        2.58101463055611       -1.63290474217763
H           -0.17091638034466        0.75889343969632        0.72944134319688
O           -0.05913683231701       -1.77748405689631        2.02375746108337
C            0.90284531114367       -0.81680429441014        2.36945098090219
C            2.01103548319673       -1.66107308164062        2.87543706643462
C            2.17983160178809       -1.94012279649758        4.20193084951062
C            3.32349234708410       -2.63542477877958        4.55939958285130
C            4.24876739569599       -3.11182415181396        3.64383764874998
C            4.08283254945707       -2.84266377707119        2.29886933137771
C            3.01798739948484       -2.04655366785630        2.00606954976272
H           -0.08323459120012       -1.88656712912327        1.00720688498653
H            1.13850575880745       -0.25384425822245        1.46111259719938
H            0.48211930562580       -0.09689352977454        3.09326346414243
H            1.46781201794164       -1.50551544856944        4.88631080873183
H            3.50539791284674       -2.76831075427460        5.60608378586807
H            5.14964366126986       -3.60436228779944        3.94476494937070
H            4.80083482721277       -3.03404950901069        1.51196202623179
H            3.11960390540029       -1.51463011217415        1.09053586585437
75
 energy: -93.607035665914 gnorm: 0.062280693463 xtb: 6.7.1 (edcfbbe)
Ru          -0.00033714591234       -0.15800974271663       -0.51527708746930
N           -0.18447992877480       -2.15828982009467       -0.80304454809772
C            0.86959363448171       -3.15068906088888       -0.82881077147797
C            2.07960675314323       -2.59191589302376       -0.13234314515089
P            2.25116550645463       -0.70430505416475       -0.41486152193085
C            3.11041871663708       -0.87522293592346       -2.06668406782475
C            4.62107067502603       -1.07572639523178       -2.01064367494715
C            2.70491901814749        0.26382359300947       -2.99351671767608
C            3.63661803621929        0.27689525871168        0.69840928796012
C            3.65909793150340        1.72388080994139        0.24743959185610
C            3.51665523349553        0.39350302477851        2.23806584002321
C           -1.41610925130114       -2.87465342623875       -1.05326212852173
C           -2.57970901757843       -1.93628068640927       -1.33066822049101
P           -2.31149784278144       -0.36218365928271       -0.40649148534326
C           -3.29164280856040       -0.65644830796368        1.17961977596815
C           -3.27796529118268        0.60382808389360        2.04376633919338
C           -2.73865531416582       -1.81218414309833        1.99506611669530
C           -3.46458071224974        0.85390114443624       -1.22677264864504
C           -2.98222824764634        2.28020662402327       -0.94937150092873
C           -3.56719839785801        0.64186667385249       -2.73337055845728
H            1.07520762312043       -3.53165216675393       -1.84306087941195
H            0.56025485066194       -4.03834297329100       -0.22639234895855
H            1.81719987693414       -2.77027533632586        0.89754608645583
H            3.01545926445783       -3.11719448809585       -0.34228739181954
H            2.65273877706808       -1.79661782580773       -2.45829819762304
H            4.98117269076345       -1.36397781375633       -2.99673606728830
H            5.12778465106683       -0.15796404900718       -1.72258067176708
H            4.89467957394082       -1.86559302668769       -1.31043629292066
H            1.61285820935777        0.33722761153220       -3.01786345976099
H            3.06517140840471        0.07975296170755       -4.00358641742201
H            3.09993273146051        1.21632829098860       -2.64881967626372
H            4.57565044233119       -0.24161328995393        0.46986287713014
H            4.33851634716892        2.25318370206621        0.91466393981617
H            3.98872192035753        1.86332790358228       -0.77283851637970
H            2.65838533197693        2.13039773514430        0.38721232157824
H            4.13138777983579        1.19110953480871        2.66795110538538
H            2.48778925651600        0.59197110223077        2.51763235277025
H            3.83855852583330       -0.50160040636829        2.74330693717950
H           -1.63382152015325       -3.54961316815684       -0.20071433583715
H           -1.25261076249313       -3.53339276698292       -1.92835050145578
H           -3.53479659700908       -2.40519724890927       -1.09410359471814
H           -2.53185277797414       -1.67502490733287       -2.39002234530319
H           -4.31584859151505       -0.88781488777622        0.85712729192741
H           -3.90080258991908        1.38440713602904        1.61690715635417
H           -2.25840753103904        0.98225048255776        2.14835110576685
H           -3.65140716339392        0.37509034109990        3.04087335211488
H           -2.85317872512396       -2.78689482937337        1.52841056889538
H           -3.14564710723652       -1.85118887625201        3.00594624916771
H           -1.68360833065873       -1.62755432799719        2.11425425009358
H           -4.45116882849903        0.70544897809480       -0.76985295160371
H           -3.79271563931645        2.98874400476577       -1.11131032236444
H           -2.61175899733392        2.39758207428476        0.06685746565556
H           -2.16627193841477        2.53277329510888       -1.62331486059073
H           -2.56964425508091        0.61301492459408       -3.17668558701573
H           -4.09706449993314       -0.27688085643928       -2.97513805977414
H           -4.11193045547450        1.47290230942572       -3.17717160585595
C            0.17314634718885        1.52112128236358       -1.22790231429644
O            0.45607993278029        2.58344760742935       -1.63717712286164
H           -0.17355501416767        0.78568001727602        0.70395661277433
O           -0.03766078570682       -1.83803978819655        2.02561976796422
C            0.91229081245038       -0.87139744629854        2.40658661770372
C            2.05837104859554       -1.66856517185058        2.92555114176380
C            2.20521811831104       -1.98023595117712        4.25562889671689
C            3.34337617596514       -2.67453678655595        4.62521025062736
C            4.27194375576684       -3.15393877776990        3.70817392021539
C            4.11288009675822       -2.86481017001149        2.36993762350779
C            3.04788347795121       -2.06568611615124        2.05593730469693
H           -0.07043039268952       -1.88543713876254        1.01596125535589
H            1.17000611020061       -0.28435757320250        1.51641516323084
H            0.47608315436997       -0.17167910156662        3.13766651444269
H            1.48793258802887       -1.56169885097741        4.94282677288919
H            3.53183060833579       -2.80733770419274        5.67180445498854
H            5.16800068409448       -3.65372432032347        4.01682211072539
H            4.82341851547047       -3.07712833193871        1.58517827074686
H            3.15865964560352       -1.51635963681693        1.15447700059466
75
 energy: -93.636758558072 gnorm: 0.049254823199 xtb: 6.7.1 (edcfbbe)
Ru          -0.02983805933547       -0.15866296402228       -0.52018858397945
N           -0.20165507810142       -2.14914270303525       -0.84072154816195
C            0.86187540412799       -3.13177350711446       -0.87561346930139
C            2.08153337623498       -2.58709459385601       -0.16342539175252
P            2.24374864493151       -0.69846980780460       -0.41737261392185
C            3.11035057606237       -0.86765090640154       -2.07086575934908
C            4.62137892659999       -1.07235222677904       -2.01452145987387
C            2.70797539871655        0.26847032560320       -3.00150434839408
C            3.63419499546729        0.30530626667720        0.68720211369486
C            3.64963512646998        1.74693350931295        0.20486430324611
C            3.54514082342077        0.44890969639628        2.22975410811862
C           -1.43660212373328       -2.87353685342995       -1.06737135959316
C           -2.60496165213901       -1.93801829735205       -1.34009381683825
P           -2.33393743105994       -0.36613160994040       -0.41062699419385
C           -3.31193611516503       -0.65123829650496        1.17611937144056
C           -3.28825886067490        0.60802862519347        2.04095175491187
C           -2.77407922044526       -1.81415539910729        1.99409409932909
C           -3.47639570741670        0.85963478833926       -1.23234403398845
C           -2.98537576458446        2.28198526716554       -0.95137110265483
C           -3.57210047770607        0.64725149564757       -2.73907570237392
H            1.06016433674643       -3.50116609427554       -1.89680172775722
H            0.55104677115720       -4.03218126848834       -0.29267573504016
H            1.82014204982008       -2.79053160722021        0.86719021964902
H            3.00705310902032       -3.12105778960459       -0.39838350193946
H            2.65534082105081       -1.78859681204654       -2.46603016484819
H            4.98295870106893       -1.36366430705096       -2.99961210298983
H            5.13144924319491       -0.15600229024152       -1.72841717364989
H            4.89194565699273       -1.86166107463197       -1.31251686125815
H            1.61629204657372        0.34016794084742       -3.02777159469792
H            3.06988415016233        0.08295312284094       -4.01089707390244
H            3.10104342644816        1.22207125044340       -2.65878258336924
H            4.57821916110440       -0.20144550739659        0.45097443073877
H            4.33873195742393        2.29895032986889        0.84639613812607
H            3.97251749559671        1.87293172626847       -0.82094011474651
H            2.65347952450975        2.16463010923548        0.34141528658242
H            4.16869848946378        1.27655989360157        2.58508351888340
H            2.52936538776192        0.66261228472366        2.55071977608690
H            3.91295689631486       -0.41856630557234        2.76766720865724
H           -1.64437942777683       -3.53659860400532       -0.20313999040599
H           -1.29323691256769       -3.54509722186195       -1.93708085654799
H           -3.56154397407190       -2.40733443060279       -1.10663984202051
H           -2.55939496551883       -1.67315855066569       -2.39854210876557
H           -4.33924400384163       -0.86825578832197        0.85081344451350
H           -3.90463513511710        1.39701149768505        1.61977094212439
H           -2.26393034667688        0.97257153679009        2.14159329183884
H           -3.66157827930747        0.38080323414816        3.03864143837718
H           -2.90792628788900       -2.78272105389085        1.51602830881440
H           -3.23073442581517       -1.85840200087652        2.98585779041359
H           -1.71258638335551       -1.65178224831673        2.15106657703395
H           -4.46589410066924        0.71748833422342       -0.77974469389360
H           -3.79116377468912        2.99593000665263       -1.11304143675437
H           -2.61482396543642        2.39491079459874        0.06533493264385
H           -2.16671882375018        2.53022155414122       -1.62363828704404
H           -2.57165654233015        0.61539534632971       -3.17588756196709
H           -4.10235747686056       -0.27080223707447       -2.98250614647015
H           -4.11265545763929        1.47878250259683       -3.18686738195660
C            0.28895949651205        1.50114702051259       -1.24824663646924
O            0.38859280201656        2.56864359231997       -1.67454156541876
H           -0.15706677719235        0.81153126454964        0.68637721522656
O           -0.01776872507161       -1.90001828951802        2.03083705796482
C            0.91949431505243       -0.93057420304393        2.44643175880788
C            2.09960132209077       -1.67978300514885        2.98035741618444
C            2.23251265222398       -2.01604461745997        4.30965832184319
C            3.36547956317804       -2.71315198350582        4.69371647862125
C            4.29502653374295       -3.19058294188366        3.77501118096272
C            4.14630324088412       -2.88148527781858        2.44205260275390
C            3.08278789234813       -2.08235635594331        2.10071108595612
H           -0.06116073353098       -1.88379231659930        1.02921548178128
H            1.19545306631253       -0.32401181635389        1.57094980417277
H            0.46590609262734       -0.25045274726697        3.18256906978513
H            1.50839819961722       -1.62210615356622        5.00330146870774
H            3.55223509103524       -2.85437766723940        5.74036177434700
H            5.18110020430854       -3.70821004516618        4.09169752304304
H            4.85297896411252       -3.12247079298950        1.66245273234006
H            3.19279445405654       -1.52073147407654        1.20782339124386
75
 energy: -93.658652409742 gnorm: 0.041960356236 xtb: 6.7.1 (edcfbbe)
Ru          -0.04683372747581       -0.16307867943606       -0.52338536638092
N           -0.21611756694384       -2.13940356363114       -0.86650060153633
C            0.85780526895038       -3.11091355947406       -0.91367000509995
C            2.08381013689626       -2.58622654495797       -0.18472993900727
P            2.24226570123596       -0.69570733757780       -0.41806352849171
C            3.11091488791857       -0.85772754457796       -2.07563124990792
C            4.62189991560156       -1.06735042180903       -2.01954441122141
C            2.71206159118668        0.27409377106254       -3.01317917125564
C            3.63075447697619        0.32898287197859        0.67596400316680
C            3.63286491156899        1.76281502384228        0.15502495012187
C            3.56983350895367        0.49677507595236        2.21950434327271
C           -1.45344361790841       -2.86736726269228       -1.07930586848314
C           -2.62530987135050       -1.93325506805400       -1.34742556020716
P           -2.34060085813030       -0.36282472591871       -0.41695778317410
C           -3.31944825506245       -0.64256339568663        1.16968530253951
C           -3.29333239846098        0.61501074085361        2.03645582280874
C           -2.80268239624891       -1.81474397399132        1.99247333177455
C           -3.48439385135214        0.86422605799538       -1.23851768020268
C           -2.98883155843288        2.28417876502903       -0.95506705042995
C           -3.57706358625914        0.65299105158138       -2.74574212860878
H            1.06070833102766       -3.45076838451325       -1.94501048971816
H            0.54725998239343       -4.02645656080316       -0.35720858189898
H            1.83622587386992       -2.81156091803874        0.84967854240899
H            3.00108915952775       -3.12269519742536       -0.44550462157749
H            2.65769899949824       -1.77806138312758       -2.47386663845777
H            4.98337065839482       -1.36359835639240       -3.00352680965033
H            5.13641376990895       -0.15258263465590       -1.73666574625745
H            4.88883275429662       -1.85542613821985       -1.31474711211416
H            1.62068002343084        0.34404624741853       -3.04338536669264
H            3.07696125893395        0.08463868163131       -4.02094904220818
H            3.10309828725543        1.22981410818483       -2.67496415585569
H            4.57913084173530       -0.16676629234910        0.43571633094553
H            4.33141853684106        2.34132271872969        0.76546027416773
H            3.94447016700998        1.86287054897041       -0.87881066834991
H            2.63964420848663        2.18969757241178        0.28692154711522
H            4.19218915978711        1.34494976425838        2.51522623082326
H            2.56615014797399        0.71430668060789        2.57105801863187
H            3.97360627038264       -0.34239305097567        2.78631698023560
H           -1.65440764848965       -3.51921707638938       -0.20578321386372
H           -1.32813009470525       -3.54967544923744       -1.94363022440003
H           -3.58314813902528       -2.40124501583027       -1.11228953634251
H           -2.58898825947909       -1.66871176867800       -2.40614097484253
H           -4.34843423116947       -0.85121349850557        0.84271760877737
H           -3.90494582841028        1.40901364985322        1.61773225075965
H           -2.26714105129489        0.97104312759250        2.13880425411227
H           -3.67112926080489        0.38702561109934        3.03234044234229
H           -2.94556094627831       -2.77515144844531        1.49965239623234
H           -3.30182407918683       -1.86165272976686        2.96393254952953
H           -1.73882709994954       -1.67518639601770        2.18866768407403
H           -4.47625172043841        0.72626460528504       -0.78951790043410
H           -3.79059677365702        3.00258093376168       -1.11648479084827
H           -2.61891307631359        2.39280602530872        0.06232654033593
H           -2.16792516879205        2.52876108193618       -1.62574782217651
H           -2.57495075872234        0.61784054843750       -3.17815404395899
H           -4.10962917352520       -0.26303725564844       -2.99185717437103
H           -4.11318127292670        1.48607752449140       -3.19607430797959
C            0.22710555129889        1.49020114110240       -1.28239255619300
O            0.40137492766342        2.55695595616032       -1.69098958204036
H           -0.13533596328964        0.81940000038004        0.67646103464366
O            0.00271686606146       -1.95624285809719        2.04356188711913
C            0.92909887521000       -0.98651124012112        2.49102148808382
C            2.13297797062820       -1.69948878427553        3.03268651533753
C            2.26215164790327       -2.04497971142677        4.36049320288855
C            3.38808910627015       -2.74749478809289        4.76048762672506
C            4.31834958468150       -3.21947343098756        3.84377987720534
C            4.18274046174458       -2.89280777988904        2.51178993186857
C            3.12182037454715       -2.09754736122953        2.14348068781493
H           -0.05389369874179       -1.88013208008379        1.04451104080118
H            1.21444875164761       -0.36186881761501        1.63010880243244
H            0.45437893999506       -0.32932074863329        3.23517983279124
H            1.52693627179535       -1.68053416341388        5.06057304517373
H            3.55953716778568       -2.90922129042165        5.80801000077732
H            5.18767564175881       -3.76534035568644        4.16715677648649
H            4.89320070133612       -3.16308407739667        1.74364795335746
H            3.22665963954733       -1.53364949407831        1.25007468923195
75
 energy: -93.675435298931 gnorm: 0.033745416049 xtb: 6.7.1 (edcfbbe)
Ru          -0.04274617700848       -0.17157488197350       -0.53000034038180
N           -0.23166802759359       -2.12848762820582       -0.88016646893478
C            0.85387830393387       -3.08763266128264       -0.94798621795160
C            2.08302946748262       -2.58331794758013       -0.20267313244947
P            2.24079729796541       -0.68896301076983       -0.41805528792502
C            3.10994801132642       -0.84482640338612       -2.08048695321215
C            4.62080114371385       -1.05926546461827       -2.02337687801781
C            2.71458928769808        0.28173153969065       -3.02673207541203
C            3.62567754388513        0.34876960535053        0.66195379557964
C            3.61088598034195        1.77168019215413        0.10309710619022
C            3.59250668319209        0.54555691108109        2.20419952881685
C           -1.46957186026167       -2.85983527601083       -1.08620187556604
C           -2.64487401005326       -1.92798676439270       -1.35164310576719
P           -2.34985776968740       -0.35898375212294       -0.42058509755822
C           -3.32842261644730       -0.63497075815955        1.16554742646091
C           -3.29706451566886        0.62241432886659        2.03306417431662
C           -2.83051514102137       -1.81556900398542        1.98996073867670
C           -3.49315076610310        0.86945039445649       -1.24503547205454
C           -2.99342218976107        2.28737143332483       -0.95987139806763
C           -3.58282024796566        0.66059791398253       -2.75333899391233
H            1.06778388387541       -3.38616130566509       -1.99181946663096
H            0.54637216081861       -4.02188138016545       -0.42608241838238
H            1.85871226513744       -2.83106360722350        0.83493863206201
H            2.99421365320921       -3.11584830195602       -0.49212832808596
H            2.65772316195418       -1.76456503041662       -2.48042000422808
H            4.97979408436629       -1.36192723161820       -3.00650132165742
H            5.14120070227609       -0.14611377498574       -1.74611798647214
H            4.88507419179357       -1.84535486188048       -1.31544189782027
H            1.62383902676385        0.35121551117853       -3.06318399945176
H            3.08425997846903        0.08368129463495       -4.03132095287919
H            3.10390578808803        1.24103697291376       -2.69786463171656
H            4.57653110574594       -0.13851490098973        0.41717436427783
H            4.31685922300379        2.37585603072807        0.67999984969947
H            3.90810268104945        1.83875739773091       -0.93878877020248
H            2.61914845714365        2.20453714704043        0.22907670874319
H            4.20819663609421        1.41342994777518        2.44447132363100
H            2.59978014309596        0.76059266392533        2.58082834496439
H            4.02566579931096       -0.26253435480762        2.79774368370785
H           -1.66540645536812       -3.50417340912732       -0.20780528319713
H           -1.35339520447290       -3.54663255950098       -1.94670946596960
H           -3.60239002737554       -2.39690439865650       -1.11390704857262
H           -2.61802045857698       -1.66501961828450       -2.41147417333826
H           -4.35897042939420       -0.83739302746731        0.83847326829286
H           -3.90366470024573        1.41994365961230        1.61359242228755
H           -2.26919272975321        0.97184080868313        2.13748240366753
H           -3.68071159381319        0.39556352343857        3.02711000172056
H           -2.97309948184807       -2.76748500504032        1.48150544124606
H           -3.36297334639917       -1.86439544867544        2.94099451719791
H           -1.77078222941474       -1.69390704598055        2.21709267148302
H           -4.48744343069318        0.73520021419693       -0.80002703712273
H           -3.79087994719240        3.01055923674745       -1.12125548787046
H           -2.62399347711680        2.39139390058716        0.05810356444984
H           -2.17038135700917        2.52830495932569       -1.62890842267186
H           -2.57944495584140        0.62040422255489       -3.18216545991697
H           -4.11992005879829       -0.25188024814740       -3.00312680876988
H           -4.11299672115791        1.49654609803905       -3.20588709824049
C            0.20611076768599        1.47472898412619       -1.30987602195633
O            0.40892401949530        2.54516037742034       -1.71735735367316
H           -0.11808689785582        0.81643981193490        0.67091045576803
O            0.02275029916847       -2.00565701859983        2.05466390746135
C            0.94000422682102       -1.04007488990768        2.53911982381744
C            2.16020227170072       -1.72795990911285        3.08280011766444
C            2.28869681254546       -2.07627997104164        4.40940069729974
C            3.40704152451934       -2.78529666512157        4.82583267234189
C            4.33942139331031       -3.24983255206127        3.91337128507676
C            4.22027864093825       -2.90193651996713        2.58173047190730
C            3.16331011800260       -2.11152145810587        2.18958426941524
H           -0.04278881023129       -1.88912249621494        1.07345180217893
H            1.22874775491950       -0.39227988852197        1.69818707586398
H            0.44506192347187       -0.41077438483695        3.29395435195993
H            1.54294593426277       -1.73819201748371        5.11489397720718
H            3.55794900507613       -2.96832000547785        5.87630054710886
H            5.19408452830509       -3.82081651727217        4.24136574751199
H            4.94348899222808       -3.19467073005306        1.83108242950389
H            3.25951013703517       -1.55242972300454        1.28852522915323
75
 energy: -93.688407128223 gnorm: 0.035288721938 xtb: 6.7.1 (edcfbbe)
Ru          -0.05021250621747       -0.17120080867199       -0.52639086045239
N           -0.23992139368473       -2.11003369465945       -0.89212367509705
C            0.85336434587303       -3.06136071556639       -0.97762909356164
C            2.08354724324007       -2.58081719196840       -0.21572566161028
P            2.23635269540249       -0.68243015644544       -0.41575688609472
C            3.10767600250084       -0.83040162035738       -2.08277989558020
C            4.61850450045824       -1.04927914231541       -2.02713133282231
C            2.71642528638380        0.28799054576308       -3.04180457392949
C            3.61792842203262        0.36304968066132        0.64525734512235
C            3.58494207043065        1.77267021670092        0.04835709104260
C            3.61169340145209        0.59243988262821        2.18445161484083
C           -1.47785801526437       -2.84837101783697       -1.09158042680878
C           -2.65865213611033       -1.92115779514348       -1.35395977029205
P           -2.35556498532554       -0.35178762839041       -0.42725098642785
C           -3.33182179721584       -0.62590821255695        1.15991274692247
C           -3.29860143656266        0.63007977031111        2.02949821390296
C           -2.85607476498997       -1.81729665451761        1.98728995309204
C           -3.50076190504474        0.87636277755570       -1.25282741772883
C           -2.99763730763890        2.29258169833971       -0.96604366923243
C           -3.58846126380229        0.66890481120209       -2.76184883906686
H            1.08030824447095       -3.31654858924328       -2.03192050325752
H            0.54767219502950       -4.01486548864494       -0.49464345149330
H            1.88482299728775       -2.84949945392075        0.82307446266216
H            2.99100175053007       -3.10458062592083       -0.53288315521367
H            2.65654384356855       -1.74969783017195       -2.48365175146244
H            4.97413578284359       -1.35979943341521       -3.00930833411836
H            5.14499575410141       -0.13737992723125       -1.75729550748204
H            4.88091850893973       -1.83219399014547       -1.31510714849024
H            1.62648452102393        0.35782723312220       -3.08518801247378
H            3.09136712914010        0.07749359888803       -4.04241255709017
H            3.10408418242921        1.25243732230228       -2.72700385303701
H            4.57023278039304       -0.11796359894615        0.39624479513092
H            4.29577013204140        2.40201871037986        0.59063212581012
H            3.86549866273859        1.80608238043806       -1.00003272680308
H            2.59272564434722        2.20628744633401        0.16992807203464
H            4.21569157864391        1.47861192742139        2.37636388000157
H            2.62669079764481        0.80057686612450        2.58150687071246
H            4.06992937893807       -0.18507244141649        2.80108947260093
H           -1.66967734397663       -3.48688279413875       -0.20894328963171
H           -1.36784140166815       -3.53825917305046       -1.94940718467597
H           -3.61460752518018       -2.39090002599650       -1.10882681698993
H           -2.64400505947426       -1.66197364182319       -2.41527449101447
H           -4.36429166664966       -0.82087500714450        0.83126206738524
H           -3.89978351372966        1.43049057327993        1.60708331962695
H           -2.26989925985866        0.97484587826331        2.13845020109706
H           -3.68938825804820        0.40483816659377        3.02121729047596
H           -2.99358919040297       -2.76000339995891        1.46078069932532
H           -3.42416239451499       -1.87144655121912        2.91705507242081
H           -1.80111774593569       -1.71587908944111        2.25508063292970
H           -4.49644229722928        0.74361566281776       -0.81037125068438
H           -3.79155206944334        3.01947005690750       -1.12804202131872
H           -2.62918828328862        2.39332768927529        0.05249914856357
H           -2.17214651825169        2.53015500459642       -1.63313215664599
H           -2.58456630548360        0.62296712959501       -3.18855724107338
H           -4.13158093630539       -0.23919176537128       -3.01528186914834
H           -4.11192522682059        1.50894502738907       -3.21510110577586
C            0.18997332058889        1.46483145140325       -1.32831717303344
O            0.40224558376193        2.51990259175355       -1.76585279199009
H           -0.09889278976870        0.81087201601440        0.68055835528228
O            0.04759603532980       -2.05965516365519        2.07813165339986
C            0.95250343287632       -1.09388790125112        2.59281135954185
C            2.18366914253824       -1.76567322267069        3.12977754050351
C            2.31015840861127       -2.11373491842055        4.45633917932584
C            3.42227678332051       -2.82660735702813        4.88748698078917
C            4.36073059668886       -3.28055103013127        3.98068022038355
C            4.25881011748257       -2.91166169738566        2.64964811894056
C            3.20563162821436       -2.12617354727038        2.23930364970335
H           -0.04066645814241       -1.87166593081929        1.08899580782817
H            1.23500694863598       -0.41698691786272        1.77342334259285
H            0.44130652170550       -0.49899440080485        3.36391852869364
H            1.55558926074661       -1.79483836329208        5.16316357197986
H            3.54991445092413       -3.02926251478658        5.93996507422631
H            5.20318758958148       -3.87035965310578        4.31044554776847
H            5.00058627096688       -3.21379970826550        1.91937449008162
H            3.29154718926152       -1.57833505204049        1.32561107754102
75
 energy: -93.698396281842 gnorm: 0.042539615294 xtb: 6.7.1 (edcfbbe)
Ru          -0.05688644571320       -0.17476260966732       -0.52196504941157
N           -0.24620159823998       -2.09738181526024       -0.88661869194317
C            0.85767361440671       -3.03704981074367       -1.00178487034799
C            2.08732170541118       -2.57584605832959       -0.22624974008556
P            2.23511361429443       -0.67363527549876       -0.41123761077011
C            3.10421782905974       -0.81413036389241       -2.08503005559701
C            4.61508646431268       -1.03648014022379       -2.03163057075938
C            2.71580432553892        0.29409472244694       -3.05873669700347
C            3.61180244887689        0.37517759244742        0.62689616164639
C            3.55815788431602        1.76985283624831       -0.00752373349239
C            3.62935989150727        0.64013139198221        2.15996265172786
C           -1.48377761604102       -2.83751312191234       -1.09219856617227
C           -2.66827380586391       -1.91259951452555       -1.35342456233190
P           -2.36159256610762       -0.34262483070202       -0.43060142367652
C           -3.34214317971642       -0.61591888532993        1.15369198030230
C           -3.30164479792179        0.63779163577615        2.02698177643730
C           -2.88369550398416       -1.81659488878753        1.97674422051950
C           -3.50709684077500        0.88509010821389       -1.25987467818117
C           -3.00189756935668        2.30007298790651       -0.97152745051795
C           -3.59386913270080        0.67946135565216       -2.76962681587985
H            1.09169708733462       -3.24486965115829       -2.06713719907711
H            0.55633555635809       -4.01036207557632       -0.56092467258087
H            1.91152601521267       -2.86446248495086        0.81120149062394
H            2.99204595278220       -3.08785181010621       -0.57013535098287
H            2.65412351471616       -1.73344619444406       -2.48549810977381
H            4.96637316874295       -1.35568658016119       -3.01279984516536
H            5.14740041450548       -0.12527345616869       -1.77082245283336
H            4.87701757320861       -1.81519449301771       -1.31494558507187
H            1.62685881019966        0.36483120661935       -3.10878984600838
H            3.09533299897664        0.06797588537337       -4.05478640083682
H            3.10270887864778        1.26469298677950       -2.76247935189377
H            4.56450679528506       -0.10183368811574        0.37426572767812
H            4.27113422914969        2.42395574965680        0.49940849649872
H            3.82066591544416        1.77112177625291       -1.06031762199468
H            2.56356922064499        2.19969333279239        0.11185461550346
H            4.21812602862572        1.54332541122957        2.30923519151153
H            2.64984451431226        0.84154244019094        2.57167888583063
H            4.10797768159869       -0.10762068126994        2.79591119421436
H           -1.67475477799063       -3.47514727060898       -0.21083817453218
H           -1.37335950049385       -3.52440732432876       -1.95081882769950
H           -3.62268690524942       -2.38260656760618       -1.10086799442732
H           -2.66511331277782       -1.65757568564557       -2.41625351535884
H           -4.37578002292970       -0.80391346055360        0.82368985631245
H           -3.89612074235452        1.44265856713748        1.60240015356945
H           -2.27093159186840        0.97628543717128        2.14039517044827
H           -3.69842005661807        0.41394358254100        3.01655369730615
H           -3.01143596360723       -2.75243688252789        1.43664175793230
H           -3.47563858662882       -1.87610359041346        2.88840055765500
H           -1.83988860844140       -1.72200693741478        2.26432297173604
H           -4.50380528741748        0.75290994315044       -0.81951386346505
H           -3.79304305205986        3.02968921828714       -1.13454640831162
H           -2.63481081787045        2.39824517944995        0.04772085530760
H           -2.17427165972642        2.53512960116823       -1.63677020741902
H           -2.59010622850978        0.62677482568086       -3.19550858782864
H           -4.14414911513125       -0.22355845953824       -3.02642642561466
H           -4.11007320952699        1.52440193010558       -3.22267870934762
C            0.17864812125367        1.45391897477956       -1.33857282385712
O            0.38796859690149        2.49157622890013       -1.81875706898661
H           -0.07478932060436        0.80731215879949        0.68911403053126
O            0.06820893795595       -2.09332670897933        2.08794750161532
C            0.96689280395759       -1.14006700425895        2.64136131264051
C            2.20323931597612       -1.80772426633837        3.17462166465601
C            2.32417029833931       -2.15926760705923        4.50286823014848
C            3.43066661961270       -2.87500929769237        4.94699056588345
C            4.38141701879905       -3.31384091213019        4.04795566512214
C            4.29722644047343       -2.92393247702080        2.71880397295273
C            3.24773591450413       -2.14115018370446        2.29472671423363
H           -0.01763830308764       -1.91204812808848        1.14883451148643
H            1.24444367824260       -0.43558230478867        1.84546046064183
H            0.44078322378000       -0.58000483580426        3.42844337970325
H            1.56178718521143       -1.85448470416505        5.20751157559278
H            3.53686138189511       -3.09309301428590        6.00026104999195
H            5.21528311393687       -3.91517736105287        4.37834364396083
H            5.06141802832851       -3.22256792486923        2.00972019362647
H            3.32451268376821       -1.61105445637987        1.36455976636157
75
 energy: -93.706823333326 gnorm: 0.029565151493 xtb: 6.7.1 (edcfbbe)
Ru          -0.05306290952369       -0.17067326860585       -0.51577620948551
N           -0.24573973913104       -2.07895412974590       -0.89217332889037
C            0.86437732347966       -3.00969959381598       -1.02111982548771
C            2.09383161005560       -2.56702323087987       -0.23377602205814
P            2.23582591903942       -0.66333088242970       -0.40736465243747
C            3.10008834219396       -0.80102487426561       -2.08780975257805
C            4.61110906653398       -1.02501450150465       -2.03610614437483
C            2.71260395051477        0.29478261705155       -3.07753095543594
C            3.60607509591917        0.38376679378719        0.60818227298370
C            3.53174564498992        1.76274712010224       -0.05977479211482
C            3.63893521994927        0.68343372589521        2.13229265354758
C           -1.48401659316482       -2.82429397106910       -1.09457476687492
C           -2.67363114427937       -1.90345894176873       -1.35141887553192
P           -2.36261409189252       -0.33280643683298       -0.43193461994391
C           -3.34582891983187       -0.60651765282770        1.15038245834701
C           -3.30149457754372        0.64542481570576        2.02538467014385
C           -2.90691893808588       -1.81846505478728        1.97030197790650
C           -3.50924556695573        0.89272196202741       -1.26714892014414
C           -3.00528598889042        2.30803245995944       -0.97950780466721
C           -3.59739909634570        0.68867133658325       -2.77747358245025
H            1.10504044644897       -3.18231268412530       -2.08971984511059
H            0.56439295357551       -3.99593393784399       -0.61480099639629
H            1.93425416929345       -2.87356346982677        0.79982636537000
H            2.99667983803574       -3.06797437027780       -0.59719759911945
H            2.65082412619324       -1.72165960055838       -2.48451831482803
H            4.95783583521269       -1.35393411345165       -3.01581293365955
H            5.14789623401580       -0.11330478153588       -1.78598516568432
H            4.87401419511772       -1.79801898664100       -1.31361942603626
H            1.62468414521172        0.36688914345628       -3.13243513954232
H            3.09479048992800        0.04971026604914       -4.06865636496934
H            3.10026885716150        1.27202111396723       -2.80379642942566
H            4.55863848153608       -0.09198395867986        0.35459425226223
H            4.24440813757175        2.43903418347880        0.41478895574336
H            3.77746838076934        1.73477884647769       -1.11493217141514
H            2.53331410335675        2.18486464036046        0.05902531378715
H            4.21084219992990        1.60151942386230        2.24824954775960
H            2.66060974030644        0.87616753270250        2.55398181947249
H            4.13786199380980       -0.03912252986902        2.78118709298066
H           -1.67108115067401       -3.46170961992805       -0.21213197748827
H           -1.37265315425589       -3.50964845571921       -1.95399767212634
H           -3.62476350782438       -2.37487611956242       -1.08778102093277
H           -2.68281902646603       -1.65416747232875       -2.41572564270996
H           -4.38025718108770       -0.78546602419297        0.81589153542445
H           -3.88920783600693        1.45355358390452        1.59694674983849
H           -2.26938870563022        0.97895275279936        2.14332857761006
H           -3.70522507668347        0.42405927149847        3.01256338865883
H           -3.02502877787303       -2.74610092449943        1.41338202768848
H           -3.52978393666711       -1.88806505648030        2.86262760440429
H           -1.87051358190497       -1.73903329828954        2.29596211200842
H           -4.50660934756886        0.76079002850808       -0.82798387172422
H           -3.79534977958655        3.03841964672859       -1.14451668629581
H           -2.63981327003945        2.40593942749540        0.04030835901258
H           -2.17650451720634        2.54182207929639       -1.64355869266225
H           -2.59454236528526        0.62861775626279       -3.20422464802329
H           -4.15507464184677       -0.20942451180299       -3.03601614586135
H           -4.10695601362676        1.53817757473076       -3.23019541576656
C            0.17845606601975        1.44997005500372       -1.34631900611788
O            0.36769072726132        2.47094270533785       -1.87771527225319
H           -0.06682749576952        0.79039021051713        0.71241348430542
O            0.09450901965776       -2.14244569512928        2.11645231767154
C            0.97859009631910       -1.18844485940115        2.69621550409477
C            2.22150988558141       -1.85291103856249        3.21529653600602
C            2.33381806378465       -2.20968738118449        4.54541502352732
C            3.43650355132232       -2.92353584334605        4.99881051737221
C            4.40344162610233       -3.34288406099905        4.10726365099572
C            4.33419359345641       -2.93533046585213        2.78116230341216
C            3.28517744529153       -2.15525416789199        2.34911779073444
H           -0.02361911788558       -1.87698219575479        1.15571619055628
H            1.23978524648743       -0.44907537856301        1.92473051035943
H            0.44410489955602       -0.66812192470909        3.50547743791235
H            1.56258878244257       -1.91484705141158        5.24358751462068
H            3.52493810331065       -3.15336349427774        6.05108549763641
H            5.23294549485457       -3.94797249387494        4.43820582529637
H            5.11948760913655       -3.21829930758595        2.08974472555284
H            3.35424871588956       -1.64505198921672        1.40249021829167
75
 energy: -93.713291798770 gnorm: 0.027071716573 xtb: 6.7.1 (edcfbbe)
Ru          -0.05397538810937       -0.16178524271688       -0.49787635189322
N           -0.24007719702163       -2.06234691700538       -0.88379534844401
C            0.87492781230275       -2.98623470231872       -1.03306097333653
C            2.10445487829546       -2.55647603028756       -0.23752060588163
P            2.23625274770214       -0.65477765961654       -0.40445347306687
C            3.09501954518437       -0.78841692799723       -2.09171253514715
C            4.60674468237470       -1.01050600319924       -2.04354480340221
C            2.70535697561939        0.29152915967425       -3.09958721226910
C            3.60040697980696        0.39121628897242        0.58656295689061
C            3.50686173617938        1.75463965591275       -0.11096649799700
C            3.64301382140413        0.72365549625487        2.10140860361534
C           -1.47643199205104       -2.81092923527958       -1.09385823691286
C           -2.67067532766998       -1.89462474185891       -1.34831278907423
P           -2.36195170084076       -0.32068070396715       -0.43521248124535
C           -3.35295351877371       -0.59434189713323        1.14256225026357
C           -3.30262601282808        0.65228247346541        2.02442296218830
C           -2.93176309294974       -1.81722025049441        1.95670357088240
C           -3.50937525621623        0.90371975447956       -1.27382133881536
C           -3.00769696165632        2.31990527133851       -0.98679146507599
C           -3.59905876549369        0.69931199251394       -2.78412591294933
H            1.11630806702272       -3.12539770040048       -2.10486986469071
H            0.58039794327212       -3.98442962878878       -0.65690965919216
H            1.95208678550494       -2.87840282304561        0.79094217015942
H            3.00642328440385       -3.04723117924092       -0.61461429564603
H            2.64804930875808       -1.71223836064436       -2.48179305468658
H            4.94946690073820       -1.34986724393907       -3.02117632449911
H            5.14550869946097       -0.09668293430757       -1.80533609964333
H            4.87268662766229       -1.77601108235719       -1.31414482517054
H            1.61815938447560        0.36466732604165       -3.15498566647457
H            3.08595702315662        0.02486885673900       -4.08626216267857
H            3.09505832264375        1.27555115600392       -2.85220995357547
H            4.55358376432746       -0.08396388063957        0.33432774012084
H            4.21787918034344        2.45116878396176        0.33390283842826
H            3.73581481197198        1.70143120416836       -1.16772672123695
H            2.50385691814017        2.16621153387878        0.01114140698663
H            4.19832321306322        1.65506705807605        2.19156985581338
H            2.66405530528148        0.90860900660960        2.52751161439690
H            4.16031139665344        0.02194524105009        2.75867401673704
H           -1.66253686191804       -3.45365750341130       -0.21543696335200
H           -1.36033164263074       -3.49022672383158       -1.95731074890701
H           -3.61865511628279       -2.36712204228225       -1.07483137979400
H           -2.69016531197456       -1.64962237475863       -2.41321058264229
H           -4.38773196713543       -0.76220857655861        0.80213854624527
H           -3.88227950301230        1.46615573030241        1.59529025159569
H           -2.26858114703823        0.97866963961542        2.14742395292546
H           -3.71206567276402        0.43117357501513        3.00919987325665
H           -3.03822091498207       -2.73789252150929        1.38534842519004
H           -3.57673211995341       -1.89936982200370        2.83311403885401
H           -1.90355225581414       -1.74427766393174        2.31022184808571
H           -4.50658415439761        0.77052934573454       -0.83455400534633
H           -3.79846091079559        3.04905317988078       -1.15403570033935
H           -2.64413592833310        2.41915351935874        0.03360959170552
H           -2.17839284464037        2.55422088506934       -1.64978382727675
H           -2.59761435911315        0.63242650759804       -3.21288266784386
H           -4.16395071841225       -0.19420728986178       -3.04307175895016
H           -4.10271521428434        1.55310985682246       -3.23555039356477
C            0.16359662262939        1.44829857749640       -1.35292774813051
O            0.34087312930203        2.44207854605041       -1.94309840241024
H           -0.05346119040303        0.77892022970796        0.74608377718683
O            0.11583171038892       -2.17588260840999        2.14124928586339
C            0.98999621879499       -1.22978898361264        2.74785353338700
C            2.23743616871285       -1.89634001384034        3.25513700137345
C            2.33813468761944       -2.26577265882799        4.58586450575739
C            3.43794240092042       -2.97619133561128        5.04562951562426
C            4.42563708154796       -3.36940677998860        4.16246598802696
C            4.36971816467895       -2.94502406620211        2.84135207952082
C            3.31716800912263       -2.16907883494052        2.40436160177660
H           -0.01399830796880       -1.88500030329178        1.19709997241535
H            1.23933662312783       -0.46232806319116        2.00052751125017
H            0.45104204092054       -0.74360412887177        3.57371984462622
H            1.55330095817981       -1.98586535009910        5.27511203482849
H            3.51036629945956       -3.22142387994347        6.09500124462094
H            5.25468716543530       -3.97314981844629        4.49578679597278
H            5.17326293277886       -3.20395897490416        2.16274512920165
H            3.38060440318571       -1.68117311658129        1.44255858845859
75
 energy: -93.719004168365 gnorm: 0.022454310789 xtb: 6.7.1 (edcfbbe)
Ru          -0.04890876994954       -0.15294992045858       -0.48050910895208
N           -0.22944296193273       -2.05022758809397       -0.87266827223319
C            0.89089792739186       -2.96425468421815       -1.03852606915991
C            2.12006383102823       -2.53715436585726       -0.23819072434563
P            2.23929345294888       -0.64150985784186       -0.40398196545775
C            3.08819487344559       -0.77896013284405       -2.09902801745809
C            4.60130328000067       -0.99479665504903       -2.05427215946823
C            2.69245070815110        0.28158035485388       -3.12603489886735
C            3.59699662140954        0.40070852485007        0.56179325806029
C            3.48529393123651        1.74815698553554       -0.16129915218557
C            3.63749117889183        0.76099379384331        2.06495555381607
C           -1.46435247924778       -2.79821206730838       -1.09295288963635
C           -2.66131066557750       -1.88332557561078       -1.34331388925930
P           -2.35871416345553       -0.30642074950731       -0.43180426488942
C           -3.36338466252489       -0.58213061126116        1.13698461042042
C           -3.30426811658772        0.65905243513905        2.02523310073478
C           -2.95580207993849       -1.81453868327486        1.94051824020824
C           -3.50478506204719        0.91518745891143       -1.27972150834337
C           -3.00866296527961        2.33375552891221       -0.99470388371547
C           -3.59706250606600        0.70968495558207       -2.78995843701826
H            1.12797864251711       -3.07742878547460       -2.11087265923319
H            0.60331344306426       -3.96960500300880       -0.68404939317180
H            1.96271516761026       -2.87314019265426        0.78362496368877
H            3.02228963242085       -3.02100192173097       -0.61988629413745
H            2.64588827986596       -1.70861001561068       -2.47906252839344
H            4.94053841110161       -1.34553916965313       -3.02894407656301
H            5.13901780611354       -0.07677257393125       -1.83009787349314
H            4.87334323537830       -1.75036163128593       -1.31669260002579
H            1.60573508990776        0.35670198438262       -3.17648563236852
H            3.06581702773887       -0.01016668582638       -4.10849405704581
H            3.08704512269831        1.27115733601439       -2.90930599574676
H            4.55157191290961       -0.07534835135598        0.31562677646706
H            4.19247103067790        2.46173741806049        0.25698652614553
H            3.69839517124654        1.67362267611644       -1.21805324273035
H            2.47764398427130        2.14782678315982       -0.03301233395706
H            4.17531289350759        1.70109609708392        2.14079105488645
H            2.65477936970865        0.93845467183438        2.48751501455592
H            4.17090019857162        0.07498539768330        2.72254165157227
H           -1.65071825582888       -3.45030129464091       -0.22113672585456
H           -1.34204892871249       -3.46852991386997       -1.96323823348702
H           -3.60616001159861       -2.35707076203745       -1.06206612168432
H           -2.68920266876784       -1.64172706222578       -2.40834468452929
H           -4.39723753412033       -0.73768343218891        0.78974983170341
H           -3.87429787381265        1.48037062177780        1.59732391629451
H           -2.26750791335705        0.97580730192579        2.15215564726171
H           -3.71874670885264        0.43765823514304        3.00763479464647
H           -3.04950094895681       -2.72917833479462        1.35864332582900
H           -3.61195471509494       -1.90814048466398        2.80412596904451
H           -1.93743297884528       -1.74290968666155        2.30897591651822
H           -4.50203326537996        0.78098008903036       -0.84043938169537
H           -3.80261291882573        3.05902864938644       -1.16484880725571
H           -2.64735749206166        2.43649987956438        0.02623093594115
H           -2.17995981940671        2.57114366568362       -1.65701784508841
H           -2.59753256591912        0.63661163108960       -3.22166759545895
H           -4.16821933752574       -0.18017526467777       -3.04744640554394
H           -4.09607743861833        1.56653565160338       -3.24076294751072
C            0.15166122219537        1.44865048746097       -1.35251358087414
O            0.30699279168289        2.41116105333009       -1.99876037422772
H           -0.03788073620689        0.76564686574069        0.78334902181407
O            0.13534030326020       -2.20449859198262        2.16547522569516
C            0.99917461565157       -1.26767160784415        2.79811059877639
C            2.25047928523834       -1.93906149353622        3.29608898360613
C            2.33606868642893       -2.33118465082548        4.62535707277401
C            3.43568704198905       -3.03376922981195        5.08865190029361
C            4.44818639520092       -3.39261884204583        4.21477340952391
C            4.40371127333178       -2.95066945024133        2.90156906798405
C            3.34234885019402       -2.18167253660842        2.46236092092421
H           -0.00300813431356       -1.89526542734966        1.23947165662478
H            1.23888231934141       -0.47668143812233        2.07525766662757
H            0.45650167914545       -0.81414976754702        3.63876220954550
H            1.53485775563112       -2.07049403362286        5.30329559047750
H            3.49487814797602       -3.29948005091332        6.13306599398421
H            5.28135258723299       -3.98854590522666        4.55305617126424
H            5.22035905096669       -3.17836581481305        2.23020280616127
H            3.40210982662129       -1.71806496394662        1.48716733986312
75
 energy: -93.723817503136 gnorm: 0.018114938156 xtb: 6.7.1 (edcfbbe)
Ru          -0.04703219670316       -0.14247176217513       -0.45650064468853
N           -0.21584096769974       -2.04005009705775       -0.85555404290293
C            0.90950177321499       -2.94552718515095       -1.03785242915985
C            2.13730501603725       -2.51299916029468       -0.23318136936978
P            2.23844553003026       -0.62860878066696       -0.40937669051221
C            3.08029214935217       -0.77356006839543       -2.11001969415129
C            4.59551464547116       -0.97833466304154       -2.06912465372556
C            2.67441479849975        0.26642932382561       -3.15423313034033
C            3.59129252196524        0.41147158549427        0.52981559856177
C            3.46773153898410        1.74516847074847       -0.21293740943699
C            3.62275372898543        0.79296837560325        2.02368983275862
C           -1.44717832075805       -2.78653847283630       -1.09098334292790
C           -2.64635108863176       -1.87357535384007       -1.33992096991332
P           -2.35289855460290       -0.29233700594725       -0.43080572183822
C           -3.37200545939380       -0.56785164167306        1.12778747872841
C           -3.30500403948933        0.66494965642269        2.02683732907227
C           -2.97926515355322       -1.81096323185268        1.92108526802818
C           -3.49766771425814        0.92773237624810       -1.28508096569359
C           -3.00851024774364        2.34943105191183       -1.00223092713208
C           -3.59138743379449        0.71897498483636       -2.79480481693052
H            1.14158983183981       -3.03679054418560       -2.11256171569712
H            0.63223623729138       -3.95830172453864       -0.69770183078536
H            1.96682412195025       -2.85880548898677        0.78254110046629
H            3.04167735863383       -2.99405496633915       -0.61246587600118
H            2.64562893261200       -1.71127879358888       -2.47753970003377
H            4.93244473790954       -1.34022273200211       -3.04032305027859
H            5.12883828334167       -0.05429580557213       -1.85951903997661
H            4.87597115461904       -1.72241673503875       -1.32297522853930
H            1.58761628435683        0.34416904521817       -3.19370669236829
H            3.03450762777189       -0.05068818579185       -4.13379075689872
H            3.07614684504317        1.25937202118484       -2.96824356149390
H            4.54836881104550       -0.06550539171326        0.29312605999265
H            4.17400513316060        2.47247658081394        0.18142233830458
H            3.66347377534148        1.65192643680189       -1.27140650801543
H            2.45765371829758        2.13638868920754       -0.07423058051135
H            4.14842382572660        1.74598725839653        2.08768936027970
H            2.63431606774347        0.96238310689100        2.43975176672793
H            4.16975762534157        0.11653642143709        2.67793106447084
H           -1.63583198429821       -3.45106546980589       -0.22863888270807
H           -1.31692971317967       -3.44583436909766       -1.96914194366071
H           -3.58891819090061       -2.34857324275223       -1.05433933529636
H           -2.67888752397765       -1.63307084497781       -2.40448032565127
H           -4.40443336902213       -0.70987062100825        0.77243257806827
H           -3.86483729593903        1.49487024343922        1.60228527625724
H           -2.26576564515348        0.97107316245244        2.15912381678943
H           -3.72492892482113        0.44110918397066        3.00639080936962
H           -3.06008380695023       -2.71807270692083        1.32462059192697
H           -3.65455416572389       -1.91983157915845        2.77262681558318
H           -1.96657483344924       -1.74056638474599        2.31033710942935
H           -4.49469913629084        0.79186818443654       -0.84554039233909
H           -3.80732682766038        3.06922805136094       -1.17442003886347
H           -2.64882721074993        2.45633950377136        0.01901265104377
H           -2.18169996237584        2.59194468378990       -1.66476183802683
H           -2.59358409492358        0.64159519070124       -3.22927035580552
H           -4.16669208796415       -0.16888427695745       -3.04946991047893
H           -4.08787439802637        1.57717501984390       -3.24560135503351
C            0.13914465549327        1.45146330141623       -1.34552593294482
O            0.28355629996165        2.38159668686109       -2.03616102343044
H           -0.01851342228332        0.75356634225715        0.82739273649017
O            0.15393599432738       -2.23184484050767        2.19614427091082
C            1.00628347795994       -1.30250373350036        2.84930173674992
C            2.26079383082525       -1.97808463569305        3.34055575523847
C            2.33125101909221       -2.39930698492621        4.66474955752319
C            3.43303016059005       -3.09248757858739        5.12835459839451
C            4.47014140246461       -3.41138316152186        4.26342964897332
C            4.43541685398248       -2.94970021027676        2.96000668019286
C            3.36078425828472       -2.19283151601137        2.52037654445254
H            0.00357070823075       -1.90205940319788        1.28279005348256
H            1.23984138345757       -0.49221497110487        2.14904990586143
H            0.45940956320920       -0.87682412168921        3.70072362563659
H            1.51252540629006       -2.16414148966867        5.33153822870454
H            3.48072329577114       -3.38533913020030        6.16629911473749
H            5.31062634413494       -3.99499586135932        4.60778100236618
H            5.26043055298902       -3.14510687455918        2.29048438671360
H            3.41505586577721       -1.75399186878108        1.53420008394046
75
 energy: -93.727883409756 gnorm: 0.020293214605 xtb: 6.7.1 (edcfbbe)
Ru          -0.03708447659470       -0.13406379377413       -0.43547893672907
N           -0.20189720233490       -2.03079656972060       -0.84258706797172
C            0.92925913890327       -2.92526493680222       -1.03277715922807
C            2.15560515144096       -2.48159403197926       -0.22436861395095
P            2.24058484593004       -0.61101810824749       -0.42102395818103
C            3.07215074634034       -0.77152991738395       -2.12700524444385
C            4.58967119333103       -0.96130126340545       -2.08951993602391
C            2.65195911681409        0.24690306008524       -3.18667972034034
C            3.58760587225593        0.42829391332194        0.49480832842347
C            3.45503011276398        1.75097314188370       -0.26623348300753
C            3.60047595538281        0.81889818951529        1.98135125319154
C           -1.43048464409062       -2.77563953478252       -1.09051078563015
C           -2.63134664613719       -1.86303148054922       -1.33713506846469
P           -2.34675236955287       -0.27979112241946       -0.42447610185336
C           -3.38281544497233       -0.55584596677083        1.12172082089342
C           -3.30590345548220        0.67018109502971        2.02913034185193
C           -3.00018747721207       -1.80760737592662        1.90280724658807
C           -3.48768601068104        0.93857956249790       -1.28988422619676
C           -3.00658897806398        2.36379931385753       -1.00912628977556
C           -3.58174582410870        0.72721222280941       -2.79939390943348
H            1.15599162712183       -3.00766105351166       -2.10735370475569
H            0.66146518221859       -3.94165976701943       -0.69831219873688
H            1.96643599761219       -2.83193500461686        0.78660794031904
H            3.06294521996228       -2.96602790637012       -0.59330257251532
H            2.64782095129669       -1.71940766893430       -2.47945738647242
H            4.92504361839985       -1.33409034362854       -3.05696502949947
H            5.11592225062228       -0.02985280848661       -1.89506625146993
H            4.88018249359126       -1.69256993194606       -1.33453395398453
H            1.56479771599739        0.32880302432030       -3.20937748734930
H            2.99300571626825       -0.09491297749245       -4.16477558844026
H            3.06243496019233        1.24144651085654       -3.03142615777000
H            4.54752431888794       -0.04946517066336        0.27013671232677
H            4.16276505558865        2.48627285519966        0.10804802853207
H            3.63432860328943        1.64420220846666       -1.32570703999470
H            2.44539361138492        2.13963124336323       -0.11700914361920
H            4.11125517593327        1.77032061725176        2.05262401179239
H            2.60517858064978        0.97888134269880        2.38571005931504
H            4.15500811948259        0.14586522307582        2.62746113604427
H           -1.62261583833140       -3.45192792059881       -0.23709947785538
H           -1.29415175036642       -3.42493313206355       -1.97609922672667
H           -3.57288170804333       -2.34001897557979       -1.05238146277757
H           -2.66463875035604       -1.62168256096091       -2.40127211545207
H           -4.41431253120338       -0.68395692017223        0.76075116087896
H           -3.85474277477249        1.50969610825970        1.60899823969512
H           -2.26348548049571        0.96355959255019        2.16598819109102
H           -3.73134373890398        0.44380120900552        3.00576779054363
H           -3.07222356757643       -2.70868089918792        1.29965580357922
H           -3.67408310841173       -1.92420925897688        2.74677957686132
H           -1.99399524805652       -1.73676503398535        2.29338267715592
H           -4.48558866188640        0.80252199387350       -0.85204216980537
H           -3.81115060919939        3.07744268839085       -1.18215737792791
H           -2.64801268159399        2.47451940069250        0.01222013457044
H           -2.18250701784414        2.61291004969665       -1.67249919539090
H           -2.58491498041026        0.64736522544962       -3.23518461026066
H           -4.15892348844381       -0.16020006055335       -3.05119474828977
H           -4.07738305467826        1.58519281312499       -3.25171966499502
C            0.13662728749142        1.45480880773331       -1.33570768047913
O            0.25883116294604        2.35680391068328       -2.06216321311743
H            0.00139502479879        0.73666531272422        0.86913056677312
O            0.16986862393758       -2.25933470186833        2.22029939478756
C            1.01049106721209       -1.33662809760468        2.90019585259256
C            2.26664804637252       -2.01473885446433        3.38943440029781
C            2.32394112622263       -2.46923944038228        4.70516697251960
C            3.43001784305922       -3.15294147481407        5.16830380197978
C            4.49000400893053       -3.42783066664197        4.31337917540068
C            4.46349518858898       -2.94372754031074        3.02025979638534
C            3.37482529329931       -2.20248176251145        2.57852890829633
H            0.00963270216846       -1.90709155971481        1.31612415922274
H            1.24452119290686       -0.50815682294111        2.22189537774833
H            0.45518642381661       -0.93564699853674        3.75979841175373
H            1.48928387335456       -2.26555634364280        5.36264341646725
H            3.46772046274122       -3.47715510979401        6.19841735687115
H            5.33868169890087       -3.99753273065836        4.66408361858578
H            5.29522617488426       -3.10944599732368        2.35153120546206
H            3.42235836360044       -1.78616976705471        1.58312818278230
75
 energy: -93.731455180502 gnorm: 0.020978801326 xtb: 6.7.1 (edcfbbe)
Ru          -0.03174590764148       -0.12857962330774       -0.41473835661107
N           -0.18835207713833       -2.02429721087144       -0.82487819582333
C            0.94769278394679       -2.91054998538550       -1.02065478740958
C            2.17136294791064       -2.45117377611031       -0.20991363895133
P            2.23790863805979       -0.59665985771616       -0.44119039681875
C            3.06347027036163       -0.77227011380597       -2.14932803149478
C            4.58362856571688       -0.94265718964598       -2.11544725814644
C            2.62586002049082        0.22613341119457       -3.22023229973384
C            3.58164034964242        0.44556741292650        0.44943330157570
C            3.44857918575938        1.76304580176278       -0.31436335760279
C            3.57266442554183        0.83781013602462        1.93340645727208
C           -1.41284701586314       -2.76629054431450       -1.08968806093829
C           -2.61287540919065       -1.85158639499119       -1.33764005089673
P           -2.33866225717206       -0.26620284133147       -0.42150278325228
C           -3.38951456757713       -0.54327456877493        1.11183923932779
C           -3.30629257034376        0.67315774622615        2.03149065702563
C           -3.01964929514257       -1.80531005757917        1.88331315723517
C           -3.47684902680256        0.95053567113039       -1.29501411608654
C           -3.00328374564845        2.37853376842690       -1.01407264715514
C           -3.56874416445038        0.73625704701386       -2.80419985256360
H            1.17210021853918       -2.98953332531854       -2.09700579490505
H            0.69049398202315       -3.93045895875830       -0.68543472973257
H            1.96219604992398       -2.79638645085828        0.79861968513499
H            3.08251876324258       -2.94326850105987       -0.56353596062002
H            2.65232245976428       -1.73100979401417       -2.48655932120331
H            4.91910473585027       -1.32413664830960       -3.07922883828457
H            5.10006124508708       -0.00304206221477       -1.93481373316651
H            4.88552420380453       -1.66096150543495       -1.35269701711415
H            1.53840055394987        0.31345031673994       -3.22222622376619
H            2.94413155959329       -0.13693198224206       -4.19818514501816
H            3.04543798495837        1.22038087541061       -3.09285496196755
H            4.54533421805609       -0.03057747142068        0.23789308483175
H            4.16280116570001        2.49593583317859        0.04716757173690
H            3.61275014171951        1.64938784539565       -1.37481879680418
H            2.44244163386809        2.15612666658510       -0.15377709673814
H            4.07619069078778        1.80649501486032        2.00245390577744
H            2.57027241774101        0.98676780405524        2.32478746285998
H            4.13117583976223        0.16264974641989        2.57647097948014
H           -1.61121978218706       -3.45293193044545       -0.24575408789863
H           -1.26875952462209       -3.40588268567764       -1.98120746597939
H           -3.55524926579843       -2.33036872811130       -1.05914412563759
H           -2.64202204645502       -1.60745114819116       -2.40130328888516
H           -4.41948362704706       -0.65886820420252        0.74351170889608
H           -3.84426778611193        1.52192261341881        1.61631500591326
H           -2.26185076914479        0.95475571187623        2.17573532613914
H           -3.73885961496676        0.44189223021008        3.00406917715564
H           -3.08311764921795       -2.69709637433931        1.26252885942939
H           -3.71343889961005       -1.93690800496265        2.71797583240202
H           -2.01395752341200       -1.73606317846993        2.29246743440441
H           -4.47553223339853        0.81317709517166       -0.85953933505056
H           -3.81362457512340        3.08635268442227       -1.18511598296505
H           -2.64427735179183        2.49067929611988        0.00704813468734
H           -2.18277386681387        2.63530330430103       -1.67893097615889
H           -2.57200064482185        0.65692135276977       -3.23977309136555
H           -4.14476725669506       -0.15253072403660       -3.05388006622949
H           -4.06576761679470        1.59247278105492       -3.25842604368508
C            0.13261936442451        1.45767515944620       -1.32253140443318
O            0.23856160448895        2.33588158247259       -2.07677497579269
H            0.02279781536217        0.72042229989544        0.90662689750346
O            0.18553288192824       -2.28724642673926        2.25492389635521
C            1.01368063919042       -1.36975393467487        2.95080267867369
C            2.27071095779541       -2.04700857805714        3.44262277957591
C            2.31843890756706       -2.53309969548978        4.74671055007650
C            3.42949417216765       -3.20975463989239        5.20792310337960
C            4.50843802040366       -3.44033946881543        4.36370290444698
C            4.48701387609878       -2.93415660773499        3.08055872833409
C            3.38516666543148       -2.21295735803195        2.63581560976939
H            0.01281249423531       -1.91881287401340        1.36080066984535
H            1.24996151980357       -0.53264792337349        2.28862007276659
H            0.45040631322784       -0.98293591744168        3.80853595522280
H            1.46962143192172       -2.36566273069305        5.39674756188765
H            3.45755671073253       -3.56814537968204        6.22822865739210
H            5.36434162295709       -3.99740096232836        4.71846475469112
H            5.32423925556688       -3.07582157382481        2.41275153146871
H            3.42147614296847       -1.81625602417099        1.63328105687330
75
 energy: -93.734811105460 gnorm: 0.020792543763 xtb: 6.7.1 (edcfbbe)
Ru          -0.02778636709797       -0.12135731072441       -0.39977076307070
N           -0.17521642699783       -2.01475695239066       -0.81461289076291
C            0.96456517796815       -2.89532031918295       -1.00565621268965
C            2.18483075156694       -2.41755291192711       -0.19430768463467
P            2.23892476303520       -0.57629044928461       -0.46600261051616
C            3.05552878688673       -0.77462367534538       -2.17549250733214
C            4.57799027789148       -0.92423490515294       -2.14790589547671
C            2.59779524698095        0.20479957501360       -3.25467942330089
C            3.57946542417894        0.46853232742042        0.40614798629362
C            3.44828514546232        1.78496616639557       -0.36412693802644
C            3.54311407257592        0.84730599180582        1.89097778600305
C           -1.39644901730976       -2.75677267639128       -1.09068120543605
C           -2.59662993584291       -1.84203037271271       -1.34235546048577
P           -2.33391927096689       -0.25815473840484       -0.41815245000022
C           -3.39647070391497       -0.53505147415725        1.10498970614159
C           -3.30692385027953        0.67428859198450        2.03356603343267
C           -3.03370184756171       -1.80365159697689        1.86768377280837
C           -3.46574076072428        0.96067904449958       -1.29971572279067
C           -2.99873280228736        2.39088590789306       -1.01717095429241
C           -3.55212684131450        0.74475569743406       -2.80896635492023
H            1.18908625673053       -2.98336577450787       -2.08203709181506
H            0.71499896156851       -3.91528515389693       -0.66192036724684
H            1.95459077166360       -2.74833784253710        0.81460943235035
H            3.09964657982274       -2.92162973028551       -0.52685499070789
H            2.65807211647260       -1.74457228814347       -2.49613989696716
H            4.91353902704130       -1.31308719391139       -3.10866165781475
H            5.08332371746798        0.02383475875713       -1.98091660957321
H            4.89195289042809       -1.62951738380176       -1.37823025025223
H            1.51053074682641        0.29864284139395       -3.23319239928089
H            2.89025412200917       -0.17684871910258       -4.23358218551126
H            3.02626902343098        1.19783094434794       -3.15292756285145
H            4.54594212237649       -0.00534626945807        0.20433686687133
H            4.17852935665049        2.51686790931771       -0.01858661996535
H            3.58934297354375        1.66227030353317       -1.43171450330912
H            2.44769750585063        2.18712635935031       -0.18956501274753
H            4.03616528571517        1.81092775953731        1.98349784456281
H            2.53270743567232        0.98466888789493        2.26470066627533
H            4.09458477166947        0.16362158697254        2.52683521626689
H           -1.60032596371189       -3.44948911545698       -0.25293045418843
H           -1.24649709089154       -3.39039450873705       -1.98514884418845
H           -3.54120225922922       -2.32311343454515       -1.07467298727697
H           -2.61730117993977       -1.59191569979781       -2.40521284502398
H           -4.42558594964057       -0.64061382994056        0.73373471608355
H           -3.83416241763038        1.53155255849392        1.62256443585079
H           -2.26056397042016        0.94422924518728        2.18463236958023
H           -3.74676506451061        0.43996604395440        3.00228249937032
H           -3.09599461314349       -2.68957833513025        1.24213525287415
H           -3.72544012885969       -1.93774439282489        2.69841873673686
H           -2.02954817137684       -1.73682533290660        2.27454552947936
H           -4.46618723325737        0.82237341200745       -0.86887036940631
H           -3.81404438764820        3.09407796474686       -1.18392275547977
H           -2.63764012746306        2.50255906070793        0.00331079416594
H           -2.18245958162140        2.65553837513363       -1.68414605170017
H           -2.55435232075088        0.66882813507797       -3.24244992967094
H           -4.12444857811286       -0.14654337614581       -3.05881860789491
H           -4.05185673231257        1.59841849815865       -3.26529404063389
C            0.12619508296362        1.46427765330796       -1.31217209024062
O            0.22050074325756        2.32265836158187       -2.09009337215984
H            0.04366353261546        0.70488894514372        0.93661599820638
O            0.20010393996968       -2.31700675838503        2.27988534494313
C            1.01499131711706       -1.40284259888513        3.00004810393053
C            2.27039177966910       -2.07843683274094        3.49808640199554
C            2.31044035683693       -2.59494542371190        4.78846557324727
C            3.42785090764886       -3.26512587431718        5.24860592231352
C            4.52252971448772       -3.45220238795793        4.41701311001170
C            4.50370455658336       -2.92494850659838        3.14191529905226
C            3.39218958439537       -2.22483915559384        2.69218315099775
H            0.01861248542182       -1.93040786300773        1.39389181094314
H            1.25925533089900       -0.55476377601459        2.35244750480338
H            0.43662877181233       -1.03071240438182        3.85838492186736
H            1.45263723931067       -2.46215610176243        5.43285315063044
H            3.44874739082923       -3.65230670170786        6.25806125873105
H            5.38629327626614       -3.99552922058122        4.77378546096889
H            5.34876291524119       -3.04658883548584        2.47840524320110
H            3.41599073509680       -1.84012343049619        1.68530276131048
75
 energy: -93.738121812027 gnorm: 0.022659366173 xtb: 6.7.1 (edcfbbe)
Ru          -0.02028166220509       -0.11616562246171       -0.40088633386867
N           -0.16428382424151       -2.00614629965013       -0.80918514747032
C            0.97819511792761       -2.88479931513951       -0.98518848943183
C            2.19491168712075       -2.38537979548095       -0.17800190966388
P            2.24110499252418       -0.55585950625297       -0.50263142980217
C            3.04808421667296       -0.77963662088096       -2.21051743454638
C            4.57228347345985       -0.90620298924372       -2.18884705317627
C            2.56759913844750        0.18334103222386       -3.29327622953087
C            3.57909931672823        0.49291116888572        0.35352989108804
C            3.45569236444333        1.81603336491814       -0.40315255118694
C            3.51061797485144        0.84804919319572        1.84351062574544
C           -1.38403444712876       -2.74857088994617       -1.09095599467608
C           -2.58196901646051       -1.83160982786219       -1.34885796299606
P           -2.32773679130518       -0.25112982394528       -0.41526562947570
C           -3.40017357407675       -0.52980883792795        1.09897925124909
C           -3.30685543710102        0.67370469504652        2.03451931582433
C           -3.04312370531337       -1.80390193330479        1.85570253241767
C           -3.45463320311557        0.96871854096994       -1.30389814753490
C           -2.99356771835898        2.40021606217643       -1.01722764765737
C           -3.53275758882684        0.75403235511676       -2.81376142379333
H            1.20501652433824       -2.99553793769946       -2.06001444714728
H            0.73250817594771       -3.89941959501476       -0.62220561101176
H            1.94446880943827       -2.68638609147312        0.83514671914670
H            3.11268446940325       -2.90415800917593       -0.48452736788691
H            2.66438598701669       -1.76060054742640       -2.51285154377049
H            4.90873995601854       -1.29999541842844       -3.14719909341329
H            5.06424392927131        0.05064989903675       -2.03394836470931
H            4.89881146745297       -1.59889977948604       -1.41354163256415
H            1.48151851980547        0.28476762644644       -3.24603932238375
H            2.83260673149259       -0.21241599661462       -4.27371858880306
H            3.00387058836603        1.17441134591274       -3.21362260161388
H            4.54915641524063        0.02400920832868        0.16281176355720
H            4.19644477346438        2.52341635152431       -0.05064471547582
H            3.59007836204401        1.70629879002128       -1.46649580765354
H            2.46417379884853        2.23524287540454       -0.22100150510236
H            3.99643650149375        1.81270631196667        1.96484054860685
H            2.49071549009531        0.97255126860918        2.19420208166714
H            4.04712794084216        0.14898433899444        2.47738794330388
H           -1.59317969772758       -3.44131013795058       -0.25511468029501
H           -1.22946636668481       -3.38090978160020       -1.98489282202754
H           -3.53036881349035       -2.31503846637025       -1.09726428949585
H           -2.58881995780505       -1.57443046706715       -2.41092039801298
H           -4.42890804156681       -0.62802746161024        0.72526263747020
H           -3.82324857490633        1.53849129625415        1.62602555358472
H           -2.25909384644693        0.93268213109458        2.19410983993586
H           -3.75568975538177        0.43688365473163        2.99858229685052
H           -3.10801046364727       -2.68444461234820        1.22381695637529
H           -3.73420230942946       -1.93956617281651        2.68437967972723
H           -2.03854012626544       -1.74108218278052        2.26105699520145
H           -4.45763522233064        0.82894616282636       -0.87965325631259
H           -3.81336571175478        3.09987458152472       -1.17621779596207
H           -2.62766515143224        2.50868307309046        0.00193283826573
H           -2.18271619460351        2.67335925521315       -1.68730172167584
H           -2.53256849795181        0.68529540955919       -3.24290669678794
H           -4.09809161300185       -0.14107617027652       -3.06692222026927
H           -4.03668180949839        1.60446374589407       -3.27193375830669
C            0.12235735528847        1.47445726628704       -1.30524137732924
O            0.20224579605916        2.32297050731021       -2.09331590511970
H            0.05574829601525        0.68599716039570        0.94953712133605
O            0.21431199401618       -2.34942786939803        2.30714085019143
C            1.01461185281446       -1.43683930639138        3.04652124779138
C            2.26890241343108       -2.10717361814340        3.55470720104985
C            2.30316523376069       -2.64858323752599        4.83086627359550
C            3.42700043792511       -3.31345783317100        5.29123926620156
C            4.53495658618997       -3.45902521212038        4.47453754862869
C            4.51575322448578       -2.91588353773308        3.20452004391095
C            3.39682658841749       -2.24025889615258        2.74780061653410
H            0.02328619880296       -1.94726974693893        1.43036050385262
H            1.26725049636594       -0.58508285364411        2.40776710918179
H            0.42296702319063       -1.06976077969047        3.89669132571707
H            1.43763974105642       -2.55067463625771        5.46966399048076
H            3.43833918136353       -3.72833573320561        6.28885257495258
H            5.40549185885017       -3.99026850732857        4.83091340425608
H            5.36986705794566       -3.02371594408228        2.54933229002430
H            3.40552044041489       -1.85944939929590        1.74016216287474
75
 energy: -93.741250719751 gnorm: 0.010920373450 xtb: 6.7.1 (edcfbbe)
Ru          -0.02497675246551       -0.11287917250561       -0.42582735402299
N           -0.16840248668714       -2.00437881918494       -0.82299672756921
C            0.96947636050822       -2.89371987837787       -0.98614612348336
C            2.18943103523307       -2.38144532534701       -0.20078005502697
P            2.23713579981239       -0.54918798600397       -0.53190014989676
C            3.05014681394030       -0.78138445899910       -2.23021900027636
C            4.57376049322185       -0.90468718689206       -2.20431569876989
C            2.56410510132911        0.18262009197463       -3.30861813183502
C            3.57197741357024        0.49573235466585        0.33771602166367
C            3.46248304911762        1.82703929704532       -0.41059976259016
C            3.48928146302527        0.83583270850650        1.83083319305636
C           -1.38906565741343       -2.74841783818311       -1.09458857494777
C           -2.58434625624817       -1.82959501246011       -1.35439040686560
P           -2.32828315874066       -0.25033672419696       -0.42117906068943
C           -3.39587205136462       -0.53064049153120        1.09782454527311
C           -3.30505495152485        0.67320172801328        2.03368399639745
C           -3.03554718880438       -1.80395382515128        1.85585876287366
C           -3.45464576982140        0.97211741493409       -1.30515913758003
C           -2.99240034501923        2.40240716466085       -1.01471331407466
C           -3.52865049441371        0.75975000936312       -2.81534805728903
H            1.19639045544095       -3.02060157058915       -2.05972179974898
H            0.72256402466775       -3.90170406000459       -0.60461086798360
H            1.97034520770804       -2.62983183612064        0.83602432293769
H            3.10802769506930       -2.89920763531683       -0.49866874716088
H            2.66622559390193       -1.76306173234352       -2.52853218139387
H            4.91283919148950       -1.29874766366786       -3.16169561875762
H            5.06234220006524        0.05379476755974       -2.04931619543520
H            4.90002348847396       -1.59538028868020       -1.42691732899064
H            1.47870414236155        0.28207320106268       -3.25508040418275
H            2.82577023611334       -0.21217475702403       -4.29027175606809
H            2.99936777882694        1.17475269583521       -3.22710236361589
H            4.54188596201844        0.02447069677711        0.15117918447828
H            4.20858890596901        2.53089500034913       -0.04867316987795
H            3.59793171982757        1.72060532655854       -1.47823462261048
H            2.47140663706353        2.24773728828286       -0.22827579023332
H            3.99645283726291        1.78879514309399        1.98552778237855
H            2.46401731748189        0.97116301640701        2.16197450341338
H            3.98599189717115        0.10648501470404        2.46566120059214
H           -1.59534657817296       -3.43504865671327       -0.25338362588851
H           -1.23531017095163       -3.38593122893064       -1.98503317107829
H           -3.53318948876816       -2.31189759032275       -1.10396644477630
H           -2.58813338088706       -1.57196846673641       -2.41604685744749
H           -4.42568049963164       -0.63209310847449        0.72510670572394
H           -3.82144835046002        1.53754938631532        1.62369454216187
H           -2.25779379783313        0.93323560614992        2.19578883273040
H           -3.75574148251431        0.43660800403315        2.99680210858288
H           -3.10679148651826       -2.68608238599475        1.22443798791964
H           -3.72679602732755       -1.93799711163109        2.68715945267238
H           -2.02853106601818       -1.74357273469699        2.26048048856547
H           -4.45794577558544        0.83072129001658       -0.88228752340122
H           -3.81179963862201        3.10308468210181       -1.17043974543523
H           -2.62435783480924        2.50794354869756        0.00405487444162
H           -2.18239077878767        2.67667169323997       -1.68516910297047
H           -2.52708406952201        0.69320312157635       -3.24196850830939
H           -4.09173990555383       -0.13574672775581       -3.07169092315724
H           -4.03225562950137        1.61046689401567       -3.27300371052476
C            0.10403698270073        1.48748605969806       -1.31376127086775
O            0.22070710007153        2.35087097683685       -2.08787310228830
H            0.03460496606478        0.70011002943062        0.91953951693524
O            0.21888608862512       -2.35844666413196        2.31577878968254
C            1.01940797767662       -1.45247103443799        3.06501306319874
C            2.27370929387378       -2.12347022099089        3.57347212414609
C            2.30241835765243       -2.66645152032889        4.84940471945417
C            3.42629242256206       -3.32923833099254        5.31231923910362
C            4.53909021139845       -3.47144373850506        4.50036332418777
C            4.52547321314556       -2.92578451076057        3.23089128813031
C            3.40940346158472       -2.24709236965052        2.77878983108041
H            0.01932531429634       -1.93907767957883        1.45046325132262
H            1.27338817568812       -0.59700843563168        2.43064333939091
H            0.42427158172025       -1.08824672411035        3.91409000907433
H            1.43412199190135       -2.56700317765841        5.48473553463616
H            3.43283031142134       -3.74316754943679        6.30957647400545
H            5.41056164020689       -4.00003954298992        4.85663145888022
H            5.38574152423244       -3.01991698019280        2.58188065569968
H            3.44778701556352       -1.80246018702826        1.79836735498761
75
 energy: -93.742922961879 gnorm: 0.027672166068 xtb: 6.7.1 (edcfbbe)
Ru          -0.04773837121253       -0.10041826180893       -0.45963641492731
N           -0.17012958322976       -1.99636764048577       -0.83370056952599
C            0.96789698242499       -2.89606854818144       -0.96625264805167
C            2.19343286967950       -2.36313256490786       -0.21344913008847
P            2.22722716426587       -0.53076244475366       -0.58001683136374
C            3.04836086313521       -0.77845119051091       -2.26540432309216
C            4.57151014897283       -0.89944153297829       -2.23434427998251
C            2.55817394601073        0.18383912371834       -3.34215818059436
C            3.56201301338660        0.50150280581457        0.30998828846791
C            3.47407126687340        1.84550812856976       -0.42297727588679
C            3.44856615114643        0.82204135894386        1.80528617666374
C           -1.39147832396746       -2.74436697829707       -1.09727636241979
C           -2.58795168047590       -1.82966813123565       -1.36506700484897
P           -2.33682513908339       -0.25164509618507       -0.43335127712156
C           -3.39145256615376       -0.53221316264590        1.09637981938518
C           -3.30281317428412        0.67287334115113        2.03125736827788
C           -3.02498316404684       -1.80417984118718        1.85513698320168
C           -3.45769836141644        0.97860766342004       -1.30872185860842
C           -2.99040595957015        2.40565753145034       -1.01024949667263
C           -3.52226109858166        0.77202058382901       -2.81973545928515
H            1.19466956592979       -3.05512480325924       -2.03789024518260
H            0.71534469141587       -3.89258085029007       -0.55674640608668
H            2.02789962810070       -2.53369208227013        0.85795350347376
H            3.10862435741868       -2.88185713288393       -0.50939364191216
H            2.66383185056063       -1.76217498238556       -2.55715076186528
H            4.91606055374793       -1.29504939154624       -3.18933269638687
H            5.05677551075538        0.06058059520203       -2.07901106027787
H            4.89680766528483       -1.58722445039193       -1.45366002488221
H            1.47354054436521        0.28131115168997       -3.27796792533042
H            2.81429371597369       -0.20895331562025       -4.32598222390401
H            2.99243294831638        1.17686685869670       -3.25717826859225
H            4.53249555116906        0.02696005525107        0.13221832502722
H            4.22852469489114        2.53927280867018       -0.04460851438263
H            3.61477807407591        1.74750420726768       -1.49527910507399
H            2.48560375644326        2.27288931517517       -0.24304032606629
H            3.99376573153941        1.75183280245534        2.00467306783024
H            2.41351209467377        0.98688066797214        2.09858027457465
H            3.88108781590159        0.05364189168346        2.44909511386975
H           -1.59642159608698       -3.42205042248921       -0.24921228968113
H           -1.23831688658984       -3.39104667543804       -1.98157750310296
H           -3.53764574880994       -2.31202292079725       -1.11953284898543
H           -2.58473302922194       -1.57008741187720       -2.42603422957568
H           -4.42279571435420       -0.63901743533830        0.72638087087269
H           -3.81844438742454        1.53677808356187        1.61881857575349
H           -2.25624758995286        0.93378929222290        2.19702046147423
H           -3.75632850785834        0.43702309623725        2.99304358904534
H           -3.10530862964853       -2.68880258171898        1.22565808111040
H           -3.71342570612338       -1.93543480319642        2.69203009342497
H           -2.01460984428728       -1.74681114106575        2.25623520875931
H           -4.46223694504311        0.83632263738595       -0.88953624866750
H           -3.80768484752197        3.10999543770304       -1.15986786865099
H           -2.61865138565704        2.50485874167799        0.00792621910424
H           -2.18101101890771        2.68098184354254       -1.68089647213619
H           -2.51714339986830        0.70852289731618       -3.23941954872979
H           -4.08147025155486       -0.12380793302855       -3.08277854371016
H           -4.02378110599159        1.62376238765738       -3.27735360025006
C            0.17575693593230        1.49982802471544       -1.33180567978005
O            0.20956243581048        2.39591467234024       -2.08281607724305
H            0.03452273236300        0.70077697850265        0.89133448550423
O            0.22617857606724       -2.37511991141403        2.32731663539643
C            1.02306555831779       -1.47882820927825        3.09549493151224
C            2.27453678928350       -2.15495383425247        3.60411791094165
C            2.29760019525108       -2.70006774961397        4.88051111791396
C            3.42288145668028       -3.35723130332819        5.34747986167976
C            4.54180948327179       -3.49267934677546        4.54196829565745
C            4.53492401284217       -2.94296229901751        3.27245539671815
C            3.41639018627443       -2.27077372973282        2.82061394529808
H            0.01302169300866       -1.92852400580572        1.48072208268029
H            1.28146165970338       -0.61680399613850        2.47055611165522
H            0.42331367789950       -1.12164015250124        3.94443647224976
H            1.42590722875686       -2.60001905104310        5.51147123033160
H            3.42517206986233       -3.76622656649672        6.34620391221412
H            5.41555900716930       -4.01625956080272        4.89897882676619
H            5.40233976522526       -3.02340199200829        2.63161177407059
H            3.46383877383351       -1.79596827719738        1.85472030467840
75
 energy: -93.745448995349 gnorm: 0.028693380665 xtb: 6.7.1 (edcfbbe)
Ru          -0.02936578695120       -0.09127388860652       -0.48355336019715
N           -0.17063537992265       -1.98781969945334       -0.83771813177636
C            0.96897523413108       -2.89417330180733       -0.94121086257523
C            2.20013520939675       -2.34994138197375       -0.21277170624247
P            2.23503161425259       -0.52185694782710       -0.61542919417971
C            3.04635896136030       -0.77440450861725       -2.29934851715717
C            4.56903293724703       -0.89393567474829       -2.26508397810499
C            2.55310375181683        0.18690418359014       -3.37504865570577
C            3.56066149584609        0.50874161015251        0.28733572134826
C            3.48492610985085        1.86054849218042       -0.43472759416131
C            3.41154281589935        0.81620173449457        1.78147971557525
C           -1.39297616811314       -2.73768234478952       -1.09954337322767
C           -2.58927718212988       -1.82495164386680       -1.37355569263238
P           -2.33040645126648       -0.24764506143394       -0.44453051388255
C           -3.38149033769167       -0.53209597407012        1.09023378302574
C           -3.29872509059085        0.67229103476012        2.02670581004174
C           -3.01492974096285       -1.80340903439152        1.85098808663364
C           -3.45733411976357        0.98259724768824       -1.31053095511158
C           -2.98882449240642        2.40801328237873       -1.00548263958661
C           -3.51611975569928        0.78349503004431       -2.82275007312704
H            1.19596927723222       -3.08235193935908       -2.01061247098872
H            0.70800373563640       -3.87964495207950       -0.50908029225568
H            2.06337430214901       -2.47215180875163        0.87385190386989
H            3.10951269281014       -2.87336645935360       -0.51147841618243
H            2.66048131909079       -1.76002058286324       -2.58597331024973
H            4.91836600288804       -1.29078368384650       -3.21788354370427
H            5.05189751828474        0.06708937830652       -2.10858729931524
H            4.89293187559324       -1.57967994947222       -1.48181862999767
H            1.46869885590942        0.28318580491816       -3.30177247919672
H            2.80380340703039       -0.20241335149919       -4.36154704541458
H            2.98711466718468        1.18001809102539       -3.28620345610547
H            4.53273560183976        0.03362796767564        0.11936418173459
H            4.24367239457440        2.54558450995059       -0.04390092515003
H            3.63208360766736        1.77070300511102       -1.50898513465381
H            2.49892513016273        2.29430527285097       -0.25844564186770
H            3.98627706783808        1.72455414842387        2.01087846545498
H            2.36766639834212        1.01174798639037        2.03758623902284
H            3.79278094618511        0.02563561593070        2.43705922191736
H           -1.59884908330171       -3.40832074241646       -0.24658041496983
H           -1.24136055042304       -3.39262977854697       -1.97860191175185
H           -3.54035955393279       -2.30717395410079       -1.13241646862697
H           -2.58045410617860       -1.56526298958176       -2.43460106339925
H           -4.41382711283070       -0.64303687876955        0.72205989399462
H           -3.81378731112555        1.53596026824958        1.61296392433413
H           -2.25346767193958        0.93455280106353        2.19792229593419
H           -3.75644694756360        0.43505134824688        2.98622968238239
H           -3.10177690095731       -2.69040797694064        1.22477397560637
H           -3.70083247865361       -1.93105843973777        2.69193082758387
H           -2.00334601501754       -1.74928425100758        2.25002006342078
H           -4.46316609374761        0.83901660945129       -0.89457196804216
H           -3.80536765977556        3.11451854623020       -1.14894677898891
H           -2.61340032687496        2.50189955528544        0.01189355556979
H           -2.18056253883370        2.68573262153433       -1.67660380123029
H           -2.50809060319329        0.72371098578616       -3.23689071048937
H           -4.07180257897720       -0.11252816231210       -3.09253679855227
H           -4.01646508539118        1.63631998997255       -3.27956085240211
C            0.09231162477045        1.52153359664639       -1.35021370735177
O            0.25619126386771        2.42626506082465       -2.07741337437125
H            0.03342160758855        0.69329278257082        0.87783055078550
O            0.23741679473108       -2.38982402087477        2.33472020568880
C            1.02728899795646       -1.50097690264409        3.12203858645339
C            2.27493576088718       -2.18243286992925        3.63294077599087
C            2.29253301413227       -2.73163562423347        4.90900816075977
C            3.41881112354144       -3.38378717592458        5.38053333777735
C            4.54302207625609       -3.51313548517267        4.58152247135062
C            4.54343668661354       -2.95759954432706        3.31315696466160
C            3.42209779162283       -2.29250697478506        2.85760044161467
H            0.01123903226146       -1.92067570301930        1.50461914110458
H            1.29033621229014       -0.63192508642461        2.50842027606479
H            0.42209465091042       -1.15319448020360        3.97119697821914
H            1.41737913455044       -2.63371365380971        5.53548517966998
H            3.41762912085213       -3.78902322900521        6.38074211965496
H            5.41822873330181       -4.03284590756190        4.94059078721479
H            5.41568145488804       -3.03117917234643        2.67875750669183
H            3.46447849005902       -1.82490609760618        1.89133300443406
75
 energy: -93.747863265971 gnorm: 0.015758246686 xtb: 6.7.1 (edcfbbe)
Ru          -0.02170445887851       -0.08752975291707       -0.49635986881980
N           -0.17138713912730       -1.98376638897025       -0.84030712710728
C            0.96759924370588       -2.89045810265290       -0.93427156688311
C            2.19607457410039       -2.33367477791182       -0.21721857405004
P            2.23330103033551       -0.51104669157531       -0.63432453177705
C            3.04019510513284       -0.76984071271052       -2.32066356215298
C            4.56336473921562       -0.88924254078634       -2.28957566965361
C            2.54846583771543        0.19199051190624       -3.39767437094452
C            3.55536148565195        0.51538546853607        0.26914902782878
C            3.49354947253818        1.86918475013237       -0.44847629140186
C            3.37976853369754        0.81897001583964        1.75890613697185
C           -1.39297885920105       -2.73441933990545       -1.10025922725950
C           -2.58617375275695       -1.81821033446056       -1.37809558652730
P           -2.32558532585852       -0.24023154469431       -0.44876214216824
C           -3.37670285538315       -0.53167612727195        1.08535045440088
C           -3.29580458164504        0.67172270581638        2.02262584141850
C           -3.00949878091441       -1.80268734764684        1.84580317028437
C           -3.45669206233164        0.98709205130957       -1.31244692981290
C           -2.98780139685575        2.41103636177553       -1.00094587718691
C           -3.51150890502650        0.79437236849854       -2.82582534425594
H            1.19546987616714       -3.09825404965149       -1.99932388574987
H            0.70547075391712       -3.86617538749974       -0.48045354596409
H            2.03281824902523       -2.47124623467966        0.84528597317126
H            3.10557614903600       -2.86176498095692       -0.51106388257035
H            2.65254016289015       -1.75634757484384       -2.60595099833586
H            4.91346933138380       -1.28620637018471       -3.24205391835376
H            5.04563427026784        0.07226071196983       -2.13354361336492
H            4.88789707546986       -1.57413012499186       -1.50598144969506
H            1.46370761495751        0.29024689421042       -3.32599508580278
H            2.79815964033725       -0.19577848569489       -4.38490745072669
H            2.98412500106628        1.18407280570782       -3.30763295978598
H            4.52867705920107        0.03866897332847        0.11283293280990
H            4.25318422061628        2.54576961595041       -0.05057017122175
H            3.64779994144339        1.78477763041295       -1.52083725456600
H            2.51076138264517        2.31103948800350       -0.27685664583911
H            3.96382134188549        1.71304071715888        1.99642529531012
H            2.33446030692674        1.03826955744583        1.99071463043116
H            3.73748712190886        0.02986576692266        2.42039044014288
H           -1.59977854845035       -3.40088996605629       -0.24442145671805
H           -1.24013984168549       -3.39280986688073       -1.97647327477080
H           -3.53812799013456       -2.30096962659951       -1.14048913033398
H           -2.57483875649002       -1.56048509809113       -2.44015500286621
H           -4.40871224311129       -0.64379884806469        0.71762115180523
H           -3.81009247927325        1.53553263659992        1.60876749806176
H           -2.25112604897892        0.93403761901405        2.19639256592756
H           -3.75595559761195        0.43316184863734        2.98078258377287
H           -3.09785798012662       -2.69021180049807        1.22205108481017
H           -3.69156364305044       -1.92842080142412        2.68910302554363
H           -1.99785575404231       -1.74883944225752        2.24150932031250
H           -4.46361424655042        0.84227188712844       -0.89939841572305
H           -3.80377577995144        3.11921302149076       -1.13953553229988
H           -2.61007759436527        2.49944596433036        0.01603837379946
H           -2.17994564719199        2.69086644601416       -1.67182500364467
H           -2.50150650506143        0.73723560927160       -3.23577619797814
H           -4.06507797408102       -0.10125630351620       -3.10152162898070
H           -4.01068270154337        1.64847351982019       -3.28165620962527
C            0.10348625065130        1.52950652070416       -1.35699100811316
O            0.24520087169408        2.44095194729228       -2.07189997324252
H            0.03823173243481        0.69142029819259        0.86833588160943
O            0.25660306890326       -2.40123097022315        2.33898014678012
C            1.03709656074619       -1.51805750981566        3.14325435620324
C            2.28088514398984       -2.20237580235690        3.66159637897430
C            2.28967246255300       -2.75770602232752        4.93538218762703
C            3.41421742919692       -3.40850303666908        5.41357112343158
C            4.54474753791156       -3.53357804760460        4.62355645936383
C            4.55458197804891       -2.97359294681643        3.35818131670322
C            3.43742753647441       -2.30648798464700        2.89636091293591
H            0.02148575932564       -1.91977789156301        1.51946776972464
H            1.30415154428761       -0.64129771917549        2.54354873649045
H            0.42248453106551       -1.18211136982696        3.99078556796303
H            1.40906556031269       -2.66660052987427        5.55509999739275
H            3.40621166393993       -3.81831474633971        6.41217510324441
H            5.41867486408958       -4.05199362093267        4.98771427543586
H            5.43087759186643       -3.04389315150823        2.72945488422058
H            3.49187521803159       -1.83956246870411        1.93056785403339
75
 energy: -93.750861469118 gnorm: 0.012996227603 xtb: 6.7.1 (edcfbbe)
Ru          -0.03378950380464       -0.07659050018594       -0.51428384708802
N           -0.16629095287313       -1.97666911938489       -0.83867795593481
C            0.97268414025918       -2.88384001188842       -0.91172614760207
C            2.20573144551042       -2.30074708234328       -0.21870705929086
P            2.22375424479780       -0.49125869076054       -0.66948623584204
C            3.02922865852683       -0.76472037282129       -2.35611058242607
C            4.55318950982003       -0.88293733692407       -2.32999231861692
C            2.53976434479861        0.20118182935198       -3.43186733139179
C            3.54151795838052        0.52677894850530        0.23477425285440
C            3.50839179129875        1.88275769528928       -0.47811773908740
C            3.32629586394478        0.82650495412299        1.71756242972868
C           -1.38630918182961       -2.72818805645795       -1.09939511109691
C           -2.57743271093858       -1.81085195008833       -1.38765531238465
P           -2.32455707972760       -0.23174385705663       -0.45732446600530
C           -3.37121698862925       -0.53053142138662        1.07827403477330
C           -3.29172748683972        0.67116616457474        2.01708529084265
C           -3.00001196874185       -1.80120440747193        1.83651322472252
C           -3.45571949198921        0.99692104669753       -1.31657416546928
C           -2.98700653384276        2.41869349554357       -0.99347927380046
C           -3.50298890895504        0.81385556136878       -2.83148597956032
H            1.19180952087118       -3.12877529874166       -1.97093717701634
H            0.71151441615979       -3.84279774470682       -0.42137543775769
H            2.04517246302999       -2.42222290328889        0.83979348742347
H            3.11539736399402       -2.83211050997676       -0.51242228470785
H            2.63745991242198       -1.75164127353905       -2.63915332199908
H            4.90283659683913       -1.27902780419699       -3.28297783842661
H            5.03379328102127        0.07978305338079       -2.17512127165805
H            4.88008516374421       -1.56644985080672       -1.54653298240793
H            1.45447733332855        0.30318347805682       -3.36500328362924
H            2.78974438685640       -0.18379416002618       -4.42008552182692
H            2.97906671938222        1.19122521658817       -3.33759808596365
H            4.51622143666066        0.04450974122830        0.10115448027746
H            4.27058806707626        2.54468898521968       -0.06719443100042
H            3.67434386391084        1.80434927204463       -1.54760778182631
H            2.53083549604034        2.33859350227373       -0.31452137675407
H            3.92884628486608        1.69640884615655        1.97867155477750
H            2.27985678235747        1.08283473349760        1.90644401588265
H            3.63526835166832        0.02787296496286        2.38501465945467
H           -1.59777706308809       -3.38874795800517       -0.24042596499969
H           -1.22978987351389       -3.39166531539763       -1.97081122404830
H           -3.53127271373268       -2.29328054891732       -1.15591331806750
H           -2.56110392977076       -1.55496025006468       -2.45082153738822
H           -4.40226131705800       -0.64421937136783        0.71058888632237
H           -3.80467604775065        1.53539562421893        1.60319376113618
H           -2.24761863194946        0.93299294490325        2.19405506786272
H           -3.75495513636376        0.43100964628087        2.97347195604769
H           -3.09209498092575       -2.68882722445987        1.21536099272938
H           -3.67559060369503       -1.92432485613094        2.68394790501411
H           -1.98685269390404       -1.74730317398931        2.22519090824136
H           -4.46394419006872        0.84841999031619       -0.90831869991632
H           -3.80246338180794        3.12909132472352       -1.12311492418741
H           -2.60536246763350        2.49741808471388        0.02290425379871
H           -2.18050301434930        2.70342208614240       -1.66406282090872
H           -2.49019895580080        0.76067591344282       -3.23526634248324
H           -4.05334947673061       -0.08091443107035       -3.11652713762539
H           -4.00048039597926        1.67027575906147       -3.28490542129012
C            0.11856366540737        1.54582676530857       -1.36348861093860
O            0.24714206086421        2.47065553145588       -2.05863994548728
H            0.05860379412332        0.68908502321043        0.85606422808848
O            0.28339182611092       -2.41905915367804        2.34564909380936
C            1.04872664741989       -1.54847447653600        3.17922951057043
C            2.28400666011716       -2.24216105675122        3.70601801746239
C            2.28303751269446       -2.80002164599866        4.97860612251860
C            3.40460675727942       -3.44849209692001        5.46740992927987
C            4.54497208319228       -3.56392847577503        4.69106464410233
C            4.56279066314861       -3.00700782759997        3.42529491582976
C            3.44537789525651       -2.34974379888169        2.94698245696333
H            0.03568362068242       -1.91664816211302        1.54402776382236
H            1.32650307393676       -0.66020559032255        2.60324100630078
H            0.41960756250267       -1.23069654605482        4.02380831713270
H            1.39505931609244       -2.71883908279113        5.58917360421472
H            3.38656543135307       -3.86590335191918        6.46345644358188
H            5.41748413539794       -4.07890555344801        5.06468292351695
H            5.44631136134568       -3.07216046538937        2.80642498226485
H            3.50018559488209       -1.90855414536645        1.96983723922956
75
 energy: -93.753611052640 gnorm: 0.012004646423 xtb: 6.7.1 (edcfbbe)
Ru          -0.02734528147423       -0.06245841660872       -0.53115720363488
N           -0.16073297769663       -1.96511084985195       -0.83838830705641
C            0.97669285705312       -2.87438978247093       -0.88764550378470
C            2.21680650385893       -2.26593498615661       -0.22213541898563
P            2.22020628930585       -0.47408152369798       -0.71192086533088
C            3.01580799318994       -0.75758318526635       -2.40084948758426
C            4.53959024425720       -0.87683685224108       -2.37646935989077
C            2.52832287264100        0.21316958453827       -3.47328121470643
C            3.52790200248140        0.53953402176023        0.19363968051171
C            3.52748142155338        1.89790250096308       -0.51468415578835
C            3.26851296666174        0.83164005577877        1.67027465408079
C           -1.37937212162926       -2.71834000458637       -1.09880390997856
C           -2.57044054065313       -1.80393517760871       -1.39856221748182
P           -2.32049846587172       -0.22527940117045       -0.46645683605383
C           -3.36556197844209       -0.52865227513328        1.06889625446446
C           -3.28745943020239        0.67047334973474        2.01087419622504
C           -2.98914700032408       -1.79912412965226        1.82452013187674
C           -3.45217194538298        1.00645589179624       -1.31990358310676
C           -2.98636775564681        2.42691272077524       -0.98480931652579
C           -3.49214634989401        0.83502537154707       -2.83648331669879
H            1.18806761587035       -3.15833043649477       -1.93872824654444
H            0.71896609459254       -3.81472282387577       -0.35967686377594
H            2.06841057692681       -2.35640091616865        0.84470722322680
H            3.12701132206501       -2.79924985110968       -0.51399705838276
H            2.61771967291963       -1.74419672063406       -2.67886323967730
H            4.88733507423094       -1.27206504261882       -3.33038534195225
H            5.01917601211636        0.08652882348658       -2.22233178528743
H            4.86900722526405       -1.55933748524740       -1.59352612159911
H            1.44285979010264        0.31900804923349       -3.40887953211989
H            2.77929660691769       -0.16796680788211       -4.46289681816931
H            2.97113274466118        1.20084940425402       -3.37207270391217
H            4.50203522570755        0.04773515955288        0.08587207871667
H            4.29266005352304        2.54418264257505       -0.08764647504666
H            3.70886939522076        1.82295019047407       -1.58100207327237
H            2.55499236187793        2.36957497286333       -0.36422863262145
H            3.89471035830840        1.67435162635899        1.96878570556826
H            2.22301914176241        1.12513899073089        1.81256199744435
H            3.51563993926483        0.00836889524176        2.33757143090299
H           -1.59563924402478       -3.37407301004386       -0.23743814582824
H           -1.21872914154217       -3.38772665509112       -1.96489512342533
H           -3.52600183152752       -2.28640294086571       -1.17300738962219
H           -2.54660369944917       -1.54869810688384       -2.46229301236644
H           -4.39631403855282       -0.64384144839214        0.70224259886404
H           -3.79935660865269        1.53574984093446        1.59833773232589
H           -2.24360027580794        0.93129491545498        2.19038877698362
H           -3.75280876785508        0.42815715620774        2.96577675487692
H           -3.08659995527294       -2.68679862243298        1.20524673991891
H           -3.65712279621163       -1.92026536200769        2.67748667761255
H           -1.97281803188215       -1.74448255644814        2.20392950136028
H           -4.46195239410991        0.85347785761399       -0.91713980930405
H           -3.80318469235496        3.13752101910439       -1.10404396798213
H           -2.60033197083934        2.49621113917932        0.03061723092533
H           -2.18278330347063        2.71967684529201       -1.65559781084121
H           -2.47706002516449        0.78642476315452       -3.23512117981854
H           -4.03927185950950       -0.05858862448157       -3.13131515832620
H           -3.98868653981765        1.69417753468745       -3.28607030149266
C            0.13452971363199        1.56705470120857       -1.36698509012422
O            0.24454717961526        2.50928640298642       -2.04094371485212
H            0.05126403829103        0.68021355716197        0.85255228025845
O            0.31801819935012       -2.43751655847990        2.34977872617073
C            1.06207265873540       -1.58296261503292        3.22024865646319
C            2.28833155584736       -2.28599076424084        3.75675417615055
C            2.27421075891233       -2.84755561796713        5.02752711651876
C            3.39078535872800       -3.49513250960931        5.52912165334968
C            4.54292741409170       -3.59985179968666        4.76876733278119
C            4.57129660536670       -3.04521549832262        3.50247772585432
C            3.45556965309255       -2.39616460007946        3.00601154374693
H            0.05579265818931       -1.90981377548412        1.56956936216900
H            1.35094204468762       -0.67946601515157        2.67425070753727
H            0.41439586534194       -1.28820414972211        4.06022595268565
H            1.37906858708043       -2.77328052370266        5.62852946492563
H            3.36118047249748       -3.91908898979988        6.52270362985207
H            5.41414277027416       -4.10841070372579        5.15541473300084
H            5.46235745389792       -3.10779854234721        2.89416587412659
H            3.51559305037164       -1.97329005453639        2.01807008414665
75
 energy: -93.756013937001 gnorm: 0.008207894443 xtb: 6.7.1 (edcfbbe)
Ru          -0.03470515387701       -0.04823707624181       -0.54557763839813
N           -0.15308630902816       -1.95413605844892       -0.83916388468710
C            0.98462164515170       -2.86118339578667       -0.86642074421446
C            2.23141435192254       -2.22950177093036       -0.22809676041513
P            2.21260745400710       -0.45661503629809       -0.75011411544913
C            2.99737764859805       -0.74809527258431       -2.44232094912085
C            4.52073268598945       -0.87256338315171       -2.42351563781274
C            2.51391525265043        0.22735314416885       -3.51192625291505
C            3.51663614197624        0.55023362260679        0.14978380746716
C            3.54824714392170        1.90996388919675       -0.55411934784113
C            3.21862768408628        0.83393731022579        1.61993156105950
C           -1.36940077667278       -2.70905462011012       -1.10065418900314
C           -2.56074752354313       -1.79716606861322       -1.40921305486888
P           -2.31985872028164       -0.21725481164236       -0.47629237170338
C           -3.36125006661510       -0.52569967241886        1.05930441999646
C           -3.28394918320837        0.67027670795997        2.00555743890509
C           -2.97829052143035       -1.79672676254724        1.81087878696834
C           -3.45019171894721        1.01844789783208       -1.32459492658711
C           -2.98768054747129        2.43725279570690       -0.97644002028578
C           -3.48154241004389        0.85671471601759       -2.84213129574606
H            1.19034522139358       -3.17745821227300       -1.90702860104506
H            0.73459056371876       -3.78372033158031       -0.30762847479959
H            2.09639407189420       -2.29265507716505        0.84825339616990
H            3.14246149975649       -2.76391599304724       -0.51653150755238
H            2.59137062033528       -1.73294450094191       -2.71606484949057
H            4.86384946072248       -1.26708615327279       -3.37943938425384
H            5.00215141391535        0.08991276563800       -2.27029034390313
H            4.85324381082188       -1.55524328757216       -1.64243203419118
H            1.42867685875775        0.33735507428891       -3.45053131247659
H            2.76740488226297       -0.15004160196551       -4.50269328862993
H            2.95976191875479        1.21274994219420       -3.40409031174662
H            4.48892677007216        0.04931981770298        0.06554808550027
H            4.31451329341213        2.54240383553371       -0.10998973423112
H            3.74933941025093        1.83475985566267       -1.61655073157425
H            2.58002055920139        2.39644974540311       -0.42198475230814
H            3.85149341916066        1.65518391609478        1.95485837481552
H            2.18171056011766        1.14694923953996        1.73027656613100
H            3.42135370654768       -0.00636522945783        2.27261494185975
H           -1.58987154263708       -3.36106708661679       -0.23738883453691
H           -1.20452175746987       -3.38336103014695       -1.96214950580396
H           -3.51717265543984       -2.28003812092316       -1.18853591320205
H           -2.53079109512222       -1.54195099032488       -2.47287223140545
H           -4.39218979587774       -0.64199973126411        0.69451180699433
H           -3.79604961844718        1.53696041659932        1.59642979880367
H           -2.24001776021689        0.93028204454509        2.18574746662001
H           -3.74902348088411        0.42465701736300        2.95972643700015
H           -3.08221520891088       -2.68386284447568        1.19209986984192
H           -3.63703771147764       -1.91776457042205        2.67070810572006
H           -1.95717832489587       -1.74056745250354        2.17827600057878
H           -4.46107450207267        0.85955280632213       -0.92707627706838
H           -3.80752355020089        3.14600799393032       -1.08437888722210
H           -2.59718015686970        2.49730244448175        0.03783505513342
H           -2.18796452593482        2.74033408280470       -1.64740015971192
H           -2.46444257172543        0.81251578129243       -3.23594063375714
H           -4.02526281072574       -0.03602956381505       -3.14542033062183
H           -3.97753166127800        1.71829992843599       -3.28774395591148
C            0.11901990483667        1.59214699937713       -1.36133618058753
O            0.25249558120383        2.54743174072736       -2.01631298053227
H            0.06289725765651        0.67022135924244        0.84943173026265
O            0.35702704867034       -2.45361716802475        2.35364238576873
C            1.07488587796665       -1.61794507309568        3.26311131050593
C            2.29269777442002       -2.32934063083318        3.80907408013246
C            2.26358271322015       -2.89378334373929        5.07789746840346
C            3.37321719580132       -3.54216768596873        5.59367047846385
C            4.53679609724729       -3.63875789517441        4.84956411369223
C            4.57701866564419       -3.08749927022074        3.58226434078972
C            3.46562995867825       -2.44350141918232        3.06764298171021
H            0.08324814532052       -1.90370461240138        1.59436701367725
H            1.37194932491062       -0.69757891242284        2.75060484970116
H            0.40635809593793       -1.34876184526017        4.09597621245501
H            1.36178666875277       -2.82306843959679        5.66916481067013
H            3.33098189346205       -3.97229257232116        6.58436487177851
H            5.40560467079966       -4.14023800019583        5.25151341897877
H            5.47520543495518       -3.15139415203641        2.98430995949368
H            3.53471067949188       -2.03458889224178        2.07071255223796
75
 energy: -93.757970037956 gnorm: 0.010449054046 xtb: 6.7.1 (edcfbbe)
Ru          -0.03381909383621       -0.03302672784310       -0.56147702719970
N           -0.14537145792918       -1.94074759122613       -0.84389568955359
C            0.99343453673929       -2.84724015999651       -0.84610995609042
C            2.24402473657173       -2.19094345661904       -0.23738636183377
P            2.20852796960935       -0.43279089355618       -0.79390816562247
C            2.97836008924532       -0.73741967820291       -2.48781401973692
C            4.50070772924104       -0.87005022996655       -2.47439267959438
C            2.49628263499907        0.24315775659315       -3.55244749757778
C            3.51394130022900        0.56269285386993        0.10643889556925
C            3.57578678315190        1.92470588313217       -0.59153180799758
C            3.17942806718874        0.83028066578442        1.57269441739209
C           -1.35996571365956       -2.69854332306119       -1.10354171374524
C           -2.55193690285419       -1.78913823603834       -1.41881005307689
P           -2.31768186855667       -0.20833072846936       -0.48487032234146
C           -3.35694773829238       -0.52266944540818        1.05032978687771
C           -3.28071820562610        0.67052292062339        2.00059367444790
C           -2.96611071013640       -1.79435245148254        1.79745970190583
C           -3.44877423602480        1.02871859114349       -1.32929643098241
C           -2.99074801083303        2.44616519336916       -0.96887757271637
C           -3.47111327447425        0.87686627658900       -2.84783077306038
H            1.19756063430411       -3.19661399468434       -1.87681278609677
H            0.74784043066859       -3.75189884396522       -0.25621098773098
H            2.12995418591146       -2.22269570099812        0.84826466995337
H            3.15372809483613       -2.72788806115539       -0.52175273633992
H            2.56329417307333       -1.71982968264109       -2.75727130140285
H            4.83884160667349       -1.26529884492052       -3.43185874234315
H            4.98641966409837        0.09025381174300       -2.32173729698332
H            4.83382168951805       -1.55378098045628       -1.69462136152665
H            1.41166186536497        0.35585118595635       -3.48937154019890
H            2.74951643067452       -0.12986034372683       -4.54510011625633
H            2.94391822848923        1.22712370958907       -3.43848495208266
H            4.48081365403143        0.04905508002393        0.04019275776204
H            4.34067605339726        2.54678751065696       -0.12794549571718
H            3.79893413570228        1.84850189701322       -1.65107943476916
H            2.61038356670541        2.42181767803160       -0.48033620133011
H            3.83049368021733        1.62556215436302        1.95016845273594
H            2.14344799237062        1.17407822012348        1.64312253139975
H            3.32492806496989       -0.04146865760955        2.21314269483730
H           -1.58181057376565       -3.34690167621667       -0.23770262371859
H           -1.19246801558219       -3.37780928762188       -1.96107631298805
H           -3.50818580627584       -2.27444423042107       -1.20319627751986
H           -2.51653300485316       -1.53335076595338       -2.48214333219041
H           -4.38905285922627       -0.64131380761668        0.68847722257111
H           -3.79458339631770        1.53809071113599        1.59544235000812
H           -2.23678271185661        0.93111429099633        2.18048663993351
H           -3.74428553391077        0.42079830876536        2.95436959334105
H           -3.07875639544211       -2.68145866769928        1.17920804876379
H           -3.61446168899047       -1.91594605659803        2.66585011843750
H           -1.93944481846718       -1.73772107322873        2.15175206210562
H           -4.46112404186513        0.86458459943270       -0.93756941657685
H           -3.81451306251381        3.15214801538683       -1.06522466652384
H           -2.59489415201423        2.49806159636280        0.04378588888229
H           -2.19589399656430        2.76037665143885       -1.64052796523847
H           -2.45140847080038        0.83775209667491       -3.23582404102092
H           -4.01038685958543       -0.01567451482826       -3.15959693936112
H           -3.96657630166341        1.74015045863656       -3.29071851128016
C            0.11259048327099        1.61822877377160       -1.35500651417831
O            0.25217038085654        2.58248084940654       -1.99553983932412
H            0.05024263886593        0.66277678861383        0.84425178550200
O            0.39414276049983       -2.47023174007240        2.36050234977153
C            1.08423459826078       -1.65535651965170        3.30932674924474
C            2.29506230194731       -2.37337274956300        3.86271346661541
C            2.25113761821646       -2.93948601722095        5.13036547772473
C            3.35473537187925       -3.58727372320825        5.65950980163945
C            4.52776248373158       -3.67997447625557        4.92956629227206
C            4.58083862065513       -3.13138747085196        3.66112804304570
C            3.47460685470070       -2.48965476664409        3.13338641688008
H            0.10949605675229       -1.89627540422417        1.62324839668245
H            1.38568962823611       -0.71746236126149        2.83081449667125
H            0.39600494006811       -1.41244133209321        4.13455005796476
H            1.34272932666899       -2.86927221375610        5.71163258804866
H            3.30043633683951       -4.01983700111136        6.64822945273123
H            5.39343186916116       -4.17613443928645        5.34418059833894
H            5.48657740925871       -3.19543559044693        3.07398592711885
H            3.55488060113081       -2.08146933973279        2.13699014933306
75
 energy: -93.759593243881 gnorm: 0.013866811760 xtb: 6.7.1 (edcfbbe)
Ru          -0.02873246262313       -0.01507694379665       -0.56910581934200
N           -0.13459534148797       -1.92472781281275       -0.84663217913281
C            1.00543849058346       -2.82811529223150       -0.83018357914338
C            2.25910790006435       -2.15652503323509       -0.24513901651255
P            2.20708945211328       -0.41400373206058       -0.82913231887111
C            2.95526485341213       -0.72520704883498       -2.52914153015397
C            4.47619720608522       -0.87108095856822       -2.52514891357237
C            2.47444430037229        0.26304408485033       -3.58663512365148
C            3.51720144274159        0.57337118902037        0.06540506778568
C            3.60398002807764        1.93504192087961       -0.62734572184144
C            3.16249692196699        0.82597409841747        1.52715779414499
C           -1.34679624745392       -2.68604096381329       -1.10649417293110
C           -2.54192033065252       -1.78218256617521       -1.42721807553574
P           -2.31570386326480       -0.20100651061310       -0.49094052846737
C           -3.35495825937700       -0.51852414278953        1.04192647506967
C           -3.27864481026624        0.67138783870039        1.99688656152968
C           -2.95492011242108       -1.79139120843866        1.78252593382596
C           -3.44684885141236        1.03751271553926       -1.33395470018587
C           -2.99708153881102        2.45499987854515       -0.96268132842001
C           -3.46111430126500        0.89478528573051       -2.85316254544996
H            1.20802114674817       -3.20214315460773       -1.85016916762057
H            0.76507641673525       -3.71644186234408       -0.21898385998762
H            2.16650925843586       -2.16661209207602        0.84717528818820
H            3.16800899274309       -2.69337268429892       -0.52880790395030
H            2.52869644174107       -1.70292617764548       -2.79620657045077
H            4.80440086242157       -1.26747154936130       -3.48566064031123
H            4.97091720584872        0.08478467758468       -2.37368988533303
H            4.80926603340169       -1.55835702050482       -1.74858754472893
H            1.39046911559202        0.37822363179335       -3.52264966755156
H            2.72783763992192       -0.10456712154024       -4.58143948348903
H            2.92375336513354        1.24555751117567       -3.46612975755031
H            4.47638260176710        0.04814888558858        0.00819555589861
H            4.36209733752690        2.55215509060037       -0.14654066615148
H            3.85323315499770        1.85365846510859       -1.68196573191660
H            2.64025909750469        2.43934765828069       -0.54157079159157
H            3.79974428601554        1.60845075846176        1.93228764504335
H            2.13685258019042        1.16997879466647        1.58799404457459
H            3.29158567673848       -0.05485402270925        2.13681285449667
H           -1.56915231861772       -3.33431255821438       -0.24059046542806
H           -1.17605386456365       -3.36717202552188       -1.96218276410207
H           -3.49680888091185       -2.27161516466831       -1.21560944854644
H           -2.50241974431932       -1.52474828288404       -2.48984684287436
H           -4.38837142829620       -0.63870961270364        0.68341324138284
H           -3.79648272122461        1.53946234405493        1.59764471939132
H           -2.23436745827649        0.93358250900091        2.17328508243125
H           -3.73748190769355        0.41659220577698        2.95155194681872
H           -3.07660862857332       -2.67748001377247        1.16382583929524
H           -3.59073004926589       -1.91525486277999        2.66028056155407
H           -1.92198908232481       -1.73383014214607        2.12083912088594
H           -4.46062565067640        0.86769654290548       -0.94831869969139
H           -3.82681933239044        3.15560649489296       -1.04717489621748
H           -2.59561808029074        2.50037531266208        0.04793367315500
H           -2.20878546344608        2.78284368340804       -1.63558689351296
H           -2.43942316494533        0.86060335028071       -3.23626696169527
H           -3.99594642232429        0.00231331825662       -3.17226630856729
H           -3.95677156846690        1.75915535191717       -3.29372434173642
C            0.10707516420802        1.64623467726576       -1.34030441270210
O            0.24581607458239        2.61038592675385       -1.97713610829714
H            0.02884088365447        0.65509619996064        0.84801828107130
O            0.43175422354313       -2.48137443048100        2.36795202833474
C            1.08940095033437       -1.69013915853210        3.35509152689499
C            2.29348505294802       -2.41348980140279        3.91521256857275
C            2.23557453881168       -2.97921903065215        5.18206972138932
C            3.33190365725807       -3.62839650972110        5.72372334577788
C            4.51162133671377       -3.72191680587141        5.00554596920864
C            4.57659172721829       -3.17762717231973        3.73539061574414
C            3.47689022559565       -2.53503961933699        3.19545371331846
H            0.14351068736628       -1.89212684548538        1.64870974401058
H            1.39277826889402       -0.73417312244586        2.91410349960507
H            0.38075888294213       -1.47611806614893        4.17030130633015
H            1.32163543857857       -2.90663203488756        5.75401343973512
H            3.26665996964781       -4.06158920955402        6.71088818629588
H            5.37235768574556       -4.21541945602199        5.43237045526898
H            5.48828693714710       -3.24688710348604        3.15793565279648
H            3.56564774863145       -2.12804020295016        2.19966600007621
75
 energy: -93.761039054396 gnorm: 0.008979970898 xtb: 6.7.1 (edcfbbe)
Ru          -0.03578515262069        0.00162714017251       -0.58094344175179
N           -0.12551473351819       -1.90949080712539       -0.85231792594481
C            1.01642981946845       -2.81137429246744       -0.81609444917546
C            2.27064002990099       -2.12610352602540       -0.25479458095683
P            2.20445691493054       -0.39228319372603       -0.86028539509758
C            2.93211383161384       -0.71157503696217       -2.56644298675302
C            4.45192577542608       -0.87230229506579       -2.57757705496090
C            2.45116686686913        0.28343752211516       -3.61805870570579
C            3.52803924205099        0.58456144711390        0.02519446249290
C            3.63585256653569        1.94830056329928       -0.65875714466541
C            3.14892401240616        0.81706127147331        1.48491870692607
C           -1.33470998315113       -2.67542498919730       -1.11158780453334
C           -2.53241410676596       -1.77571053218246       -1.43648881597296
P           -2.31587219493808       -0.19322945718216       -0.50024106672979
C           -3.35025510132987       -0.51604837808969        1.03483081803777
C           -3.27611634048954        0.67105120154562        1.99375174035462
C           -2.94224239707461       -1.78978535831678        1.76960474452901
C           -3.44904317079765        1.04539818437864       -1.33943389634659
C           -3.00580685494793        2.46237810342604       -0.95708848095640
C           -3.45320822456599        0.91046712671704       -2.85927927521578
H            1.21883938369230       -3.21145372888210       -1.82753095842905
H            0.77678264454326       -3.68408687779340       -0.18094414174329
H            2.19213818401666       -2.11896605404402        0.83495669605758
H            3.17849957572034       -2.66335868938999       -0.53990845033906
H            2.49318456725305       -1.68501945128231       -2.83084989971619
H            4.76920257128598       -1.27104733255412       -3.54096201098578
H            4.95724294547388        0.07856478230209       -2.42885616764978
H            4.78475693249105       -1.56329552794944       -1.80422968422915
H            1.36758997966586        0.40037008123062       -3.55049379698585
H            2.70088316823499       -0.07802629659662       -4.61619526118839
H            2.90253619962120        1.26457158542924       -3.49153821853714
H            4.48010050160184        0.04668287989134       -0.02687859189819
H            4.38580755986216        2.56222965136950       -0.16031554809772
H            3.90891076263273        1.86629981702777       -1.70873221203256
H            2.67312955660629        2.45705628259459       -0.59487554198159
H            3.79838487484927        1.57642205094503        1.92456802605548
H            2.12337651941327        1.18343764247956        1.52364151476133
H            3.23826232846771       -0.08880332055821        2.07721592882006
H           -1.55567763159131       -3.32152713706288       -0.24374562866088
H           -1.16090670834411       -3.35883683658358       -1.96520151449046
H           -3.48574736767400       -2.26956979917612       -1.22849445269720
H           -2.49022152843524       -1.51703405437247       -2.49872964453492
H           -4.38465886253946       -0.63905600724756        0.67962693897475
H           -3.79916843510259        1.53827823256191        1.59938088576120
H           -2.23233987782543        0.93715422876626        2.16751481133496
H           -3.73060531241110        0.41097692914374        2.94913297230523
H           -3.07358510960333       -2.67522718133883        1.15168869600335
H           -3.56569755806204       -1.91455571832750        2.65643871582886
H           -1.90439367446945       -1.73321418121026        2.09322185430295
H           -4.46396777952496        0.86920600835706       -0.95965164307836
H           -3.84036072123432        3.15885681349946       -1.02957746413109
H           -2.59793503848593        2.50070632911550        0.05145631511747
H           -2.22376731344925        2.80200731386459       -1.63159814490649
H           -2.42846345867531        0.88201474409094       -3.23547935781868
H           -3.98220593153215        0.01725073297630       -3.18632998807046
H           -3.94896777166365        1.77515600724948       -3.29891795155419
C            0.09379906113752        1.67460585374730       -1.32883690426915
O            0.24779842004897        2.64587250499267       -1.95663510684601
H            0.04583449316911        0.64838248426726        0.84512374448477
O            0.46817534258989       -2.49086160857740        2.37250552874329
C            1.09317550753500       -1.72271905177216        3.39965160375462
C            2.29022529854972       -2.45059947130471        3.96819125189878
C            2.21911815426894       -3.01785289700364        5.23426824243920
C            3.31009516839395       -3.66745052401087        5.78581803751510
C            4.49529381668460       -3.76353535497394        5.07717083945900
C            4.57309460769506       -3.21902231116171        3.80725677576768
C            3.48021434917597       -2.57197209881381        3.25978719051314
H            0.17344384731612       -1.87986656190913        1.67313345625338
H            1.40017790187809       -0.74851760102540        2.99650232215588
H            0.36373206114124       -1.53961666101692        4.20576556197330
H            1.29977702177011       -2.94307341919049        5.79744072610898
H            3.23590813677396       -4.09795575376010        6.77328180692147
H            5.35157801297102       -4.25737480009347        5.51169507972359
H            5.48991535340102       -3.29161790175723        3.23871789622173
H            3.57825384874206       -2.15751216743050        2.26870751073416
75
 energy: -93.762252761404 gnorm: 0.006511793146 xtb: 6.7.1 (edcfbbe)
Ru          -0.03263836350839        0.01578095426350       -0.58517600061774
N           -0.11491814418112       -1.89538096603442       -0.85581427537287
C            1.02701960539425       -2.79687820349433       -0.80484808643751
C            2.28320054170695       -2.10034931256391       -0.26711686459434
P            2.20516179717424       -0.37168007698005       -0.88824579676123
C            2.90727211964246       -0.69902779789495       -2.60231669501731
C            4.42524418344287       -0.87732076445964       -2.63291909981122
C            2.42400397433523        0.30826138425853       -3.64200832450102
C            3.54505329926484        0.59361476422197       -0.01002796824955
C            3.66876172686781        1.95837688761122       -0.68542179556648
C            3.15769544303202        0.80710444447612        1.44895085346131
C           -1.32155072546768       -2.66392110576707       -1.11685877631635
C           -2.52063268290232       -1.76611793849989       -1.44306280448365
P           -2.31180533806345       -0.18239184200237       -0.50645732497354
C           -3.34460984668620       -0.51419594815280        1.02822600828625
C           -3.27348834108620        0.67013484118683        1.99074498600779
C           -2.92882928381730       -1.78895878681617        1.75643920418476
C           -3.45144055837618        1.05027570654343       -1.34539570783849
C           -3.01815017802158        2.46788701453247       -0.95340877304437
C           -3.44591380706302        0.92196891416201       -2.86574399854790
H            1.22549442725558       -3.21724670720302       -1.80902613473002
H            0.78662652751654       -3.65540294940614       -0.15089507364878
H            2.22278029379743       -2.07569544529718        0.82172862666497
H            3.19010584160706       -2.63658666673684       -0.55860712407066
H            2.45301215068090       -1.66622137299796       -2.86552418128758
H            4.72680079153149       -1.27840872847658       -3.60050978703008
H            4.94356367179009        0.06736129547201       -2.48825833609945
H            4.75829124329068       -1.57354831714090       -1.86432718464977
H            1.34075511143429        0.42706701955009       -3.56847449269284
H            2.66741372015494       -0.04391265084514       -4.64514110614668
H            2.87844108985280        1.28719039066448       -3.50676222873676
H            4.48983437213702        0.04387832725453       -0.06625272723991
H            4.40704065679259        2.57209891122331       -0.16938781966226
H            3.96717979248961        1.87684242576440       -1.72880572997996
H            2.70613123688244        2.46879817842558       -0.64420836762052
H            3.81437667284706        1.54564389444954        1.91194406082273
H            2.13510435297955        1.18923516756748        1.48491095171223
H            3.22303986206111       -0.11569195110441        2.02089543041182
H           -1.54131876554822       -3.30981504923540       -0.24882384570944
H           -1.14427317477100       -3.34699121492606       -1.97015917837936
H           -3.47212742337203       -2.26498477250244       -1.23829044771707
H           -2.47760086810927       -1.50710977721932       -2.50535852680878
H           -4.37937281854748       -0.64007924701470        0.67523645189863
H           -3.80444290656549        1.53513174379889        1.60199699998971
H           -2.23065666941029        0.94272837361530        2.16044663720484
H           -3.72173203068054        0.40361410965464        2.94740410969020
H           -3.07041952197025       -2.67332400878997        1.13953823259957
H           -3.53902152129573       -1.91425149392529        2.65207456864330
H           -1.88648330821601       -1.73403018369475        2.06431860763068
H           -4.46717858736717        0.86581970656624       -0.97160167066487
H           -3.85905638939000        3.15777569860594       -1.01417430937510
H           -2.60368607311062        2.50080661295137        0.05267421093870
H           -2.24343186562267        2.82030023812374       -1.62987691888101
H           -2.41831591963802        0.90031087085639       -3.23511043625921
H           -3.96802775755060        0.02735928061632       -3.20022786689371
H           -3.94308499123649        1.78591370275597       -3.30516704604371
C            0.09314895266582        1.69775739264011       -1.31412852310276
O            0.23299269975875        2.67135273654375       -1.94079021034304
H            0.05007492049975        0.64375995794057        0.84772713099644
O            0.50137310019313       -2.49049532057158        2.38179377301516
C            1.09381476524794       -1.74722053742263        3.44199594442320
C            2.28168296436039       -2.48112539398354        4.02068331621104
C            2.19936401252430       -3.04811264375168        5.28652371328146
C            3.28463257504365       -3.70082648231831        5.84499877451756
C            4.47231766705885       -3.80446297767906        5.14218148945566
C            4.56146230384812       -3.25959776960415        3.87290639946869
C            3.47589121658524       -2.60479245784770        3.32038542453170
H            0.20640491961398       -1.86679912708041        1.69707946409543
H            1.40488576346183       -0.76167893970198        3.07355080276558
H            0.34399894335841       -1.59091318897461        4.23357468631254
H            1.27568559866979       -2.97044770955298        5.84216048317746
H            3.20303861331211       -4.12789136200304        6.83349986932142
H            5.32297072960526       -4.30389592401664        5.58080745754316
H            5.48186076633523       -3.33763336136982        3.31168676132964
H            3.57835222051754       -2.18430319960669        2.33288822801366
75
 energy: -93.763401775556 gnorm: 0.008231331121 xtb: 6.7.1 (edcfbbe)
Ru          -0.02547673898466        0.03072477839156       -0.58599989967632
N           -0.10324569212304       -1.88078780228680       -0.85787703434294
C            1.03687326442490       -2.78414915505598       -0.79780571793889
C            2.29660871661806       -2.08537215060861       -0.28129551933168
P            2.20964209301207       -0.35781934028779       -0.90931173410333
C            2.87928694977411       -0.68501939395698       -2.63546394056591
C            4.39428152678920       -0.88399671317673       -2.69277999750785
C            2.39197126522119        0.33906033053825       -3.65787889181290
C            3.56726680394959        0.59847139577473       -0.04136661849865
C            3.70150616249723        1.96496110534562       -0.70748016842788
C            3.18779107015511        0.79478449176564        1.41979591293249
C           -1.30718938056974       -2.65182356715701       -1.12286107248530
C           -2.50814860286511       -1.75722985074995       -1.45037523212526
P           -2.30634884521644       -0.17470014352222       -0.51100462123079
C           -3.33795426358237       -0.51408273686817        1.02334200095950
C           -3.27050375694732        0.66777684382535        1.98884252842405
C           -2.91346880654864       -1.78983032861183        1.74406048522389
C           -3.45272724348712        1.05102324118348       -1.35153988178565
C           -3.03472157423483        2.47125851246509       -0.95147510475151
C           -3.43865898790258        0.92892652441208       -2.87236756513660
H            1.22865124194321       -3.22105055699265       -1.79613188305380
H            0.79480371851065       -3.63012641027434       -0.12907079646810
H            2.25297459375657       -2.04771057354213        0.80428160848434
H            3.20205157515001       -2.61896671183576       -0.58438641167728
H            2.40685723378125       -1.64396511732659       -2.89851786140068
H            4.67396435473662       -1.28697277342329       -3.66638219871102
H            4.92789172892603        0.05320220876745       -2.55431964945193
H            4.73002124668126       -1.58709650444491       -1.93158074428349
H            1.30924577015593        0.46027356062624       -3.57448025346486
H            2.62557626173115        0.00045908150871       -4.66818676118334
H            2.85113449099473        1.31424815255990       -3.51041044453968
H            4.50599977615951        0.03922575277143       -0.11153262984684
H            4.42487666082743        2.58031397026130       -0.17211245367913
H            4.02739177586814        1.88739434006940       -1.74247660642874
H            2.73784032561127        2.47419866686675       -0.68864175027115
H            3.85326006452656        1.51240406229580        1.89547971881757
H            2.16998681562759        1.18855381161630        1.47190561067397
H            3.24201388894791       -0.13613636064028        1.97317225202008
H           -1.52643420424203       -3.29953705526821       -0.25644534164936
H           -1.12577495306038       -3.33242507124246       -1.97722240538953
H           -3.45820461486780       -2.25981761207454       -1.24792148088566
H           -2.46489002700094       -1.49727420482178       -2.51276730290418
H           -4.37224234735271       -0.64324419277215        0.67123067714173
H           -3.81190593893764        1.52886078336693        1.60576780444310
H           -2.22911955456941        0.94946718603720        2.15294185276708
H           -3.71045980921647        0.39455140098886        2.94754840705782
H           -3.06736148069719       -2.67286748652637        1.12865445891534
H           -3.50885783484772       -1.91438021523832        2.64906358897408
H           -1.86629876879475       -1.73775316822747        2.03396632816222
H           -4.46865062506100        0.85543897045412       -0.98395933444473
H           -3.88374588792909        3.15183370945195       -1.00070616482185
H           -2.61369200129430        2.50059732981760        0.05189651760190
H           -2.26853838455725        2.83804070332208       -1.63008067406304
H           -2.40884833477434        0.91547831429866       -3.23572192982587
H           -3.95271857101455        0.03226671651332       -3.21365563406893
H           -3.93921139565670        1.79102047432010       -3.31173443303796
C            0.09288096525103        1.71966849292858       -1.30039716492686
O            0.21200219005547        2.69585846400105       -1.92834592588029
H            0.06178702036186        0.63976155299239        0.85474625690447
O            0.54172135958282       -2.47880018558328        2.37988874286177
C            1.09142466751668       -1.76345747863826        3.48251864869755
C            2.26810441524157       -2.50440290145996        4.07379996955219
C            2.17490665640337       -3.07191173499429        5.33881214766273
C            3.25433638947903       -3.73043438641441        5.90147813430413
C            4.44298063352411       -3.84472796396095        5.20179842639541
C            4.54312241973356       -3.29750643103292        3.93434172028487
C            3.46590281608537       -2.63064043843978        3.37989459214113
H            0.24146139000046       -1.83135130507708        1.71382620249391
H            1.40970622344225       -0.76348577737375        3.15692219572715
H            0.31606326985152       -1.64014892109683        4.25630346173849
H            1.24859316769195       -2.98921319488540        5.88899387755674
H            3.16660550880685       -4.15391070931028        6.89149278400894
H            5.28711173948301       -4.35529382765254        5.64076185665238
H            5.46573114012981       -3.38233541886297        3.37852731221122
H            3.57033665435795       -2.20391778619372        2.39527724699560
75
 energy: -93.764394305965 gnorm: 0.011467669559 xtb: 6.7.1 (edcfbbe)
Ru          -0.01539377454761        0.04221938835604       -0.58079173807574
N           -0.09092274721606       -1.86937473225211       -0.85831470781260
C            1.04641002842117       -2.77551856739356       -0.79426730278490
C            2.31269582213826       -2.07692654638317       -0.29864318768256
P            2.21585361164838       -0.34702030109234       -0.92372162479935
C            2.84920274099983       -0.66883880661693       -2.66414354324366
C            4.35981271782804       -0.89018805686175       -2.75431276839240
C            2.35686729466779        0.37559362851025       -3.66414949928767
C            3.59314714097511        0.59872903891410       -0.06932309663919
C            3.73255207875641        1.96821186169379       -0.72551378604681
C            3.23715374108486        0.77876677783280        1.39844032328004
C           -1.29275138050878       -2.64114544468773       -1.12923819305148
C           -2.49435344628339       -1.74832894434662       -1.45683062857284
P           -2.29831759625632       -0.16765151349997       -0.51435032403449
C           -3.32958512318946       -0.51555532616035        1.01888237064387
C           -3.26671038180206        0.66399743753151        1.98717346454014
C           -2.89634162937689       -1.79216672927271        1.73245501518213
C           -3.45323416910777        1.04847418278740       -1.35806875732049
C           -3.05430494586908        2.47263604489002       -0.95157469057761
C           -3.43112471659590        0.93095504261528       -2.87924248962639
H            1.22702920005748       -3.22574682770120       -1.78839195732968
H            0.80462615776252       -3.61092636777233       -0.11325064936685
H            2.28927521996328       -2.03110427331827        0.78544960643689
H            3.21559571039499       -2.60677490572677       -0.61762695582776
H            2.35633079652158       -1.61773724196758       -2.92754462628363
H            4.61237018498415       -1.29383483228958       -3.73548197102404
H            4.90964207490470        0.03875150377667       -2.62389920797437
H            4.70143803385268       -1.60134992515053       -2.00319171578861
H            1.27517501386961        0.50028747958278       -3.56755339639798
H            2.57798464994577        0.05403047535197       -4.68299421757231
H            2.82258248268121        1.34527088968960       -3.50204761443705
H            4.52656673507748        0.03077531293762       -0.16061537890910
H            4.43850123443046        2.58575632114177       -0.16945004644989
H            4.08680378981980        1.89747510161070       -1.75075145142700
H            2.76643875522669        2.47311314173927       -0.72753848397289
H            3.92448783259614        1.47099630908010        1.88252676534302
H            2.22590586374520        1.18829613269477        1.47912703849094
H            3.27979074857197       -0.16471805862588        1.93492039733199
H           -1.51289319791212       -3.29242493689019       -0.26609667626906
H           -1.10709106557722       -3.31764516713231       -1.98581211722628
H           -3.44390499756896       -2.25250469052210       -1.25594903215664
H           -2.45132788640028       -1.48730069400239       -2.51922415239003
H           -4.36305768516198       -0.64838994708753        0.66712084979544
H           -3.82025211566613        1.52002779845779        1.60994886225874
H           -2.22721270701230        0.95661146065885        2.14460432250737
H           -3.69688336925490        0.38406343463553        2.94846698806349
H           -3.06455551074594       -2.67404790624906        1.11936449670780
H           -3.47527916362577       -1.91476143983905        2.64786749291427
H           -1.84358441920402       -1.74378737679836        2.00192028239504
H           -4.46856929607047        0.83895408748189       -0.99642871311527
H           -3.91328389026970        3.14091403508408       -0.99058558651461
H           -2.62742068119468        2.50082266690525        0.04917264605635
H           -2.29745466539759        2.85495389359209       -1.63216317329866
H           -2.39985583022071        0.92732658877723       -3.23796879573509
H           -3.93614561402972        0.03146059709162       -3.22617119396887
H           -3.93724506536159        1.79003455459129       -3.31839335795103
C            0.09108331799784        1.73539899056752       -1.28669934739801
O            0.18479007753833        2.71194767999867       -1.91886376565379
H            0.07921428141085        0.63998344888073        0.86458004690720
O            0.57325851904042       -2.44949396227636        2.39130736004207
C            1.08763781711662       -1.76325022328348        3.51916535301133
C            2.24905021790628       -2.51765651526177        4.12430465695186
C            2.14688518941816       -3.08275871380156        5.38930522763270
C            3.21885713642128       -3.75310758267345        5.95295133901189
C            4.40660151373597       -3.88211269643102        5.25389853364261
C            4.51636521087478       -3.33323183262268        3.98820891315767
C            3.44732941933302       -2.65361747777579        3.43286185034533
H            0.28623083293583       -1.80514145101663        1.73034048027843
H            1.41514068220628       -0.76120054367658        3.22702924129265
H            0.29084859708758       -1.65854102699348        4.26727393222207
H            1.21964743962048       -2.99337507179695        5.93650487229766
H            3.12573469115814       -4.17527236607436        6.94366575312506
H            5.24358635074447       -4.40741691366334        5.69113544077296
H            5.43992910535235       -3.42656764233065        3.43563798661436
H            3.55177638763620       -2.22389045651458        2.44883010584958
75
 energy: -93.765289379141 gnorm: 0.010221727365 xtb: 6.7.1 (edcfbbe)
Ru          -0.00442884120502        0.04878160243005       -0.57377951615216
N           -0.07926155053703       -1.86245635893232       -0.85728554646418
C            1.05564729629686       -2.77134795543932       -0.78846250120679
C            2.33046287671127       -2.06697379835947       -0.31544819665522
P            2.22071113102013       -0.33653319178188       -0.93929790702240
C            2.81965740048682       -0.65174063728635       -2.69284046060002
C            4.32519159729993       -0.89169943356493       -2.81469024676992
C            2.32337221512375        0.41269642516313       -3.66959748904899
C            3.61429448530334        0.59514746926953       -0.09875696819920
C            3.75855507895484        1.96989914408162       -0.74436322615076
C            3.28117891676215        0.76042230159157        1.37719661376863
C           -1.27994645101832       -2.63307483876448       -1.13476069096881
C           -2.48029230447394       -1.73982623315907       -1.46319004794239
P           -2.28906298090756       -0.16077479192487       -0.51753982359579
C           -3.32025860521594       -0.51832083041714        1.01371080981312
C           -3.26180425270420        0.65902775064420        1.98486704884994
C           -2.87819141430862       -1.79562087007783        1.72123761557673
C           -3.45229510298656        1.04587256924699       -1.36395829503173
C           -3.07203944028417        2.47359415501078       -0.95088115856577
C           -3.42223380667883        0.93318747470284       -2.88570314124533
H            1.22380080305262       -3.23806780753579       -1.77855582779913
H            0.81728903160054       -3.59613474293956       -0.09121145832395
H            2.33072520672617       -2.01242365125620        0.77249266542140
H            3.22946535561063       -2.59430439702429       -0.64923682530876
H            2.30754281471633       -1.59096815920730       -2.95579308277653
H            4.55185245302365       -1.29400403814836       -3.80312610020384
H            4.88818779381694        0.03018878484745       -2.69198298004504
H            4.67494582874454       -1.61019246921240       -2.07430994475043
H            1.24328104868447        0.54201319267363       -3.55988764182138
H            2.53255871223147        0.10828258679348       -4.69631238389521
H            2.79660478358393        1.37603090407296       -3.49300142868444
H            4.54418245245098        0.02169074987522       -0.20803554899926
H            4.44889127938943        2.58676398786713       -0.16743315263609
H            4.13906713658766        1.90789517259973       -1.76086036591097
H            2.78993413177194        2.47084015702459       -0.76437365642252
H            3.99225568910496        1.42731109276256        1.86410781316849
H            2.27838238317660        1.18738199103596        1.48276569923937
H            3.31082277550420       -0.19262404267135        1.90023094737738
H           -1.50318302758212       -3.28758599603593       -0.27499684399582
H           -1.09037343063976       -3.30649186025838       -1.99296128765680
H           -3.43068634993237       -2.24373795557955       -1.26509822693534
H           -2.43552798807149       -1.47752856682107       -2.52530089894904
H           -4.35331640693282       -0.65505161277494        0.66281984439401
H           -3.82569005108717        1.51074723407812        1.61305120702080
H           -2.22408922513731        0.96095042097138        2.13666257225950
H           -3.68346210918758        0.37324294196577        2.94822664600384
H           -3.06127495375567       -2.67707499913610        1.11131224000844
H           -3.44012779589549       -1.91569256636125        2.64793066547269
H           -1.81939551414249       -1.75061788847701        1.96990495276273
H           -4.46685085187239        0.82224636087104       -1.00801103857884
H           -3.94111368334692        3.12926046290630       -0.98098439629224
H           -2.64037039191241        2.50130760656468        0.04782407259221
H           -2.32407957614976        2.87132084330942       -1.63289009952155
H           -2.38976757707258        0.94012795252052       -3.24076218905733
H           -3.91824166095586        0.03074272653740       -3.23819358374295
H           -3.93451243663983        1.78934321250430       -3.32369786898847
C            0.08791767450535        1.74519463058969       -1.27478410553127
O            0.15995816469258        2.72260382479414       -1.90757564527249
H            0.09266062448882        0.64288401452914        0.87342787308489
O            0.62060869410575       -2.41710427684703        2.37635300134383
C            1.08422275997056       -1.76284951905577        3.55576707003772
C            2.23146054134407       -2.52981482580853        4.17285034284665
C            2.11833402751760       -3.09524614104104        5.43644285996764
C            3.18237045247005       -3.77760426383011        6.00239544523316
C            4.37133735037423       -3.91723953588123        5.30650751280058
C            4.49136444566961       -3.36656544141639        4.04238710115450
C            3.43059009616384       -2.67584179898144        3.48439658654620
H            0.32669441866393       -1.74035134972116        1.73744186639329
H            1.42096737182660       -0.74267087424739        3.31412567376115
H            0.25678857048191       -1.69342277557755        4.28224123309128
H            1.19073260857191       -2.99788586110215        5.98186692775759
H            3.08256189426098       -4.20181984074750        6.99205833584012
H            5.20156824540238       -4.45428928479165        5.74449072552908
H            5.41596526962840       -3.46850358093185        3.49251208097287
H            3.53606326978579       -2.25048940908332        2.49758784035357
75
 energy: -93.766050060010 gnorm: 0.011888764449 xtb: 6.7.1 (edcfbbe)
Ru           0.00374952079795        0.05242792125922       -0.56613905066059
N           -0.06839455549025       -1.85921766406000       -0.85653060342856
C            1.06519695575795       -2.76947681757050       -0.79186896387103
C            2.34646889075855       -2.07115662422200       -0.32947644125806
P            2.22720060861254       -0.33706060515931       -0.93849163442757
C            2.79171944099428       -0.63429116230694       -2.70733836455387
C            4.29125659280578       -0.88826556877597       -2.86239921792387
C            2.29288950931423        0.44900703377116       -3.66106491665489
C            3.63621345675982        0.58296584838945       -0.11815290670901
C            3.77398981287204        1.96397406930036       -0.75465052089085
C            3.33671621693055        0.73863499644927        1.36887616798100
C           -1.26847003630900       -2.62909386261370       -1.13972198809928
C           -2.46810598390156       -1.73598083363699       -1.46808071872409
P           -2.28127365360834       -0.15958811275506       -0.51802398178030
C           -3.31176157779524       -0.52253144038457        1.01154915392054
C           -3.25645764612892        0.65392807137844        1.98397503201071
C           -2.86105249795451       -1.80002979023721        1.71404788686160
C           -3.44932745414878        1.04003519315998       -1.36832626391916
C           -3.08796675136050        2.47177799339503       -0.95217586424422
C           -3.41407724417118        0.93018457138084       -2.89047831342232
H            1.22525611714438       -3.24023026742550       -1.77943639509959
H            0.83107864996830       -3.58981065425186       -0.09053118939331
H            2.36039080615920       -2.02953610304172        0.75694180182328
H            3.23993668758265       -2.59588902283109       -0.68003833528663
H            2.26345668681798       -1.56392389931894       -2.97125111767074
H            4.49239789501878       -1.28644428965179       -3.85796559671718
H            4.86491038196349        0.02758804539745       -2.74730316753637
H            4.65155363428573       -1.61447035002792       -2.13462735985785
H            1.21508671527078        0.58347632954770       -3.53868532090704
H            2.49030226377806        0.16141396536352       -4.69465342357960
H            2.77469198903485        1.40536735574367       -3.47190393757776
H            4.56378233445865        0.00948669254227       -0.25026150815910
H            4.44921863136688        2.58299940608277       -0.16470249626694
H            4.17044385105189        1.91126929909574       -1.76395735216473
H            2.80201107235345        2.45665442561257       -0.78390366062875
H            4.06847634685443        1.38798427247491        1.83834950765021
H            2.34153514793313        1.17857245251973        1.50334045620099
H            3.36598240312383       -0.21412781432253        1.88681599710055
H           -1.49455670578476       -3.28774012526511       -0.28368401973727
H           -1.07656385528590       -3.29930210544156       -2.00012660022394
H           -3.41980572173661       -2.23845207130882       -1.27218245655333
H           -2.42128402435014       -1.47129161305977       -2.52933201369057
H           -4.34471186371344       -0.66308470437925        0.66180795845791
H           -3.82885921723591        1.50155436341793        1.61607744879631
H           -2.22022889174389        0.96346423534964        2.13007911692960
H           -3.67029654634956        0.36451634007401        2.94942829619542
H           -3.05784459469318       -2.68171875874255        1.10833149635683
H           -3.40683682569192       -1.91734205406455        2.65092976240213
H           -1.79737498361935       -1.75810069349136        1.94374391247075
H           -4.46251951511851        0.80393308794497       -1.01682440265798
H           -3.96664094908192        3.11440090766096       -0.97805398166714
H           -2.65418645899619        2.50286500586822        0.04544548051010
H           -2.34789059673977        2.88253921392418       -1.63478899458856
H           -2.38138218387779        0.94692845724908       -3.24404620565892
H           -3.90185144437238        0.02445685413171       -3.24587276653006
H           -3.93326113876825        1.78265717284323       -3.32771626862398
C            0.08116096073859        1.74993166313027       -1.26684937425086
O            0.14458519515394        2.72839013082061       -1.89906760523702
H            0.11018724572223        0.64977265106926        0.88176805335274
O            0.65216266121489       -2.37452947617271        2.37983655677131
C            1.08242136941171       -1.74589815300900        3.58008286742181
C            2.21497932751768       -2.52756653666550        4.20499552878692
C            2.09255313927198       -3.09013053345503        5.46859113125921
C            3.14696662187215       -3.78898404334196        6.03454426119249
C            4.33558582698265       -3.94215535635197        5.34036149607652
C            4.46423063543999       -3.39262696677533        4.07634410798281
C            3.41180477018611       -2.69142236029542        3.51640358114591
H            0.35366264062653       -1.68048354559742        1.75319698880564
H            1.42253446345125       -0.72323068522733        3.36792567925357
H            0.23898379365052       -1.68942490904251        4.28407286806517
H            1.16653741251031       -2.98097000881985        6.01524327738413
H            3.04081960803744       -4.21647959244516        7.02221572746244
H            5.15876851792544       -4.48989778778234        5.77919112096585
H            5.38816038877896       -3.50513988392349        3.52667616881570
H            3.52011509678647       -2.27162990747407        2.52675850315376
75
 energy: -93.766773409977 gnorm: 0.006363243398 xtb: 6.7.1 (edcfbbe)
Ru           0.01055325306278        0.05510949049779       -0.55787914222869
N           -0.05660912526679       -1.85697694093510       -0.85605212365556
C            1.07595560648905       -2.76886137661128       -0.79403469907882
C            2.36385179511161       -2.07155850612140       -0.34486651889970
P            2.23208879474948       -0.33667321348159       -0.94148829403239
C            2.76177242506348       -0.61428584681287       -2.72444564125196
C            4.25450361415501       -0.87923993089119       -2.91256265464490
C            2.26034865117913        0.48790469973608       -3.65365435066853
C            3.65358729045587        0.57012844682126       -0.14266980299438
C            3.78596406462797        1.95894988835928       -0.76813189100235
C            3.38703872006725        0.71371793435622        1.35477890553535
C           -1.25606363663997       -2.62703217911765       -1.14328150243142
C           -2.45536405001971       -1.73495102467897       -1.47396926473895
P           -2.27380974355515       -0.16088307297737       -0.51955813388650
C           -3.30186573715495       -0.52782784538779        1.00894789283628
C           -3.24918537993237        0.64791499959286        1.98274721663595
C           -2.84123220451706       -1.80507820409296        1.70647387618415
C           -3.44473176112558        1.03428292180623       -1.37234627333008
C           -3.10158880396584        2.46931306224665       -0.95237664942265
C           -3.40364172595580        0.92863471831233       -2.89501058805313
H            1.22887278149929       -3.24928632798039       -1.77856581968464
H            0.84642377190889       -3.58288440106358       -0.08256230076396
H            2.39337326741298       -2.04504446169560        0.74364650595463
H            3.25073765126883       -2.59467467664570       -0.71167959597968
H            2.21818780680729       -1.53398523937350       -2.99005528859802
H            4.43107873002599       -1.27066601437355       -3.91498225354549
H            4.83671642789656        0.03165251894977       -2.80383759216000
H            4.62616417082963       -1.61338745885119       -2.19865365122379
H            1.18542587947669        0.62848508913041       -3.51859909066787
H            2.44594099211094        0.21721250405675       -4.69358923393556
H            2.75156700465218        1.43685988146542       -3.45334069856158
H            4.57742805708252       -0.00349826722611       -0.29452640625129
H            4.44729939358536        2.57844780213665       -0.16406348559088
H            4.19772108162274        1.91597951045316       -1.77195090571835
H            2.80947334118711        2.44242985031302       -0.80639693653643
H            4.14615168520683        1.34325749534601        1.81753643413238
H            2.40415386940610        1.16588221386471        1.51274135230894
H            3.40721724753483       -0.24971575037297        1.86031419951882
H           -1.48455705165958       -3.28858455090317       -0.28987899695690
H           -1.06222965746189       -3.29573225270933       -2.00484052549005
H           -3.40832433184655       -2.23683557367021       -1.28221023867909
H           -2.40388834565680       -1.46692376865691       -2.53387923192663
H           -4.33545708318430       -0.67265511789910        0.66208313768010
H           -3.82812188849863        1.49237417596556        1.61822361169764
H           -2.21409684612660        0.96316841330946        2.12396260697220
H           -3.65664829603315        0.35559630058662        2.94979230122150
H           -3.05214501585955       -2.68742081405246        1.10612780182684
H           -3.36925687695039       -1.91965167023338        2.65414431376307
H           -1.77264477003187       -1.76569654335514        1.91560949305190
H           -4.45685256289111        0.78697052288377       -1.02592495800534
H           -3.98953957852907        3.09925196776462       -0.97486238085781
H           -2.66682260802613        2.50403281391034        0.04481285943703
H           -2.36906548493231        2.89314197496650       -1.63491441722296
H           -2.37038365440274        0.95567934051799       -3.24641097007897
H           -3.88253140360805        0.01948926616602       -3.25395676821574
H           -3.92954395906983        1.77743971602207       -3.33129004513173
C            0.07752847850718        1.75387372626173       -1.25684226225925
O            0.13604827618846        2.73711530940499       -1.88217681949853
H            0.12295603806983        0.65771384643991        0.89070880970234
O            0.68399210746137       -2.32023439279108        2.38094890620136
C            1.08245456241300       -1.72332069518642        3.60665203880816
C            2.19792993992726       -2.52506097189576        4.23814101159235
C            2.06353614719091       -3.08499881935517        5.50148036030898
C            3.10606777025131       -3.80102006988546        6.06990045226715
C            4.29565651997309       -3.96850865072820        5.38087262743806
C            4.43472616640768       -3.42386917778153        4.11544714885899
C            3.39266861646720       -2.71187162301072        3.55096900523816
H            0.40214395519211       -1.62596804510055        1.75871680639769
H            1.43218876592157       -0.69420085103872        3.43066468072254
H            0.22059773359203       -1.68204056673452        4.28950718180969
H            1.13958382422091       -2.96002932059771        6.04917745265413
H            2.99089096189231       -4.23151091196837        7.05487654051589
H            5.11073257949707       -4.52320365448606        5.82497676837541
H            5.35823497421115       -3.54963456778363        3.56699613715612
H            3.50781616805672       -2.30209578150881        2.55760205979511
75
 energy: -93.767297411491 gnorm: 0.007741644860 xtb: 6.7.1 (edcfbbe)
Ru           0.01854248663617        0.05164805258926       -0.54938206308839
N           -0.04719981150809       -1.85957971645469       -0.85691452957720
C            1.08440148164725       -2.77329835047143       -0.79955724386007
C            2.37773777530701       -2.07493589031911       -0.36291395269466
P            2.23577450758341       -0.33623897482728       -0.94281859942049
C            2.73485686861577       -0.59569592959463       -2.73628902910107
C            4.22111580982472       -0.86777250554074       -2.95627080577195
C            2.22854075080656        0.52449126543767       -3.64080366895544
C            3.67231316166539        0.55436549964244       -0.16184817096391
C            3.79192363132457        1.95096666163251       -0.77591977150654
C            3.43579995130691        0.68588725074907        1.34415054371876
C           -1.24661878431531       -2.62909190901799       -1.14604313378893
C           -2.44415313021181       -1.73559125048079       -1.47788115479123
P           -2.26546377349070       -0.16258067796952       -0.52111106243238
C           -3.29022233932804       -0.53484752779375        1.00723991648518
C           -3.24009869410166        0.64080176949467        1.98161379629430
C           -2.82087147185371       -1.81084753896164        1.70162099732410
C           -3.44045288486062        1.02729622662259       -1.37559942790125
C           -3.11075650037049        2.46406638615918       -0.95264449338580
C           -3.39274817685075        0.92504402145887       -2.89857904027495
H            1.23036078893132       -3.25812564701948       -1.78312486547219
H            0.85678053684684       -3.58365165863251       -0.08320563664329
H            2.42281118788439       -2.06393542582035        0.72976149190109
H            3.25915245849285       -2.59520653813495       -0.74588188851379
H            2.17770111339395       -1.50591299088067       -3.00556985743343
H            4.37532553707985       -1.25023995545820       -3.96535734820251
H            4.80945471516986        0.03969628847929       -2.85163712228306
H            4.60355209378050       -1.60991190614471       -2.25661838226650
H            1.15652930625213        0.67093653804688       -3.49144313511467
H            2.40034819637267        0.26973660519245       -4.68717944843129
H            2.72906063202587        1.46659241747640       -3.43206353344853
H            4.59256349830497       -0.01753601794280       -0.33549853662954
H            4.44123705538312        2.57328774549045       -0.16277112420296
H            4.21057871126150        1.91931979021175       -1.77721349667244
H            2.80991769472282        2.42254888437497       -0.81691030332180
H            4.21334907073539        1.30283308897853        1.79253368021230
H            2.46354566880898        1.15024687258756        1.52164973596529
H            3.45330605782345       -0.28125413934900        1.84185508382771
H           -1.47562186278507       -3.29117936687196       -0.29329628814120
H           -1.05194620908110       -3.29738371187872       -2.00804888009605
H           -3.39774913608058       -2.23836874677493       -1.29152977470233
H           -2.38749513261334       -1.46469740767987       -2.53657755502251
H           -4.32479647165205       -0.68408953615831        0.66426003452202
H           -3.82359473483830        1.48273825813741        1.61879685331152
H           -2.20595292192059        0.96039960036062        2.11980592421816
H           -3.64370976777602        0.34653333696253        2.94953425385040
H           -3.04382301587653       -2.69424832869753        1.10744448880352
H           -3.33297011273266       -1.92237225963691        2.65786465520537
H           -1.74922904738966       -1.77340201304145        1.89278653526104
H           -4.45201069699432        0.77149413538014       -1.03405218047622
H           -4.00516546711439        3.08436681850318       -0.97451207500464
H           -2.67692862848164        2.50260211156144        0.04496318897857
H           -2.38312412833895        2.89684894392288       -1.63388505488098
H           -2.35840887452837        0.96182221788832       -3.24651956804914
H           -3.86259423586945        0.01249867421176       -3.26117293833117
H           -3.92445299442506        1.77005512194503       -3.33482010288724
C            0.08045079397742        1.75241326833239       -1.24440640325754
O            0.13260363439065        2.74474036686978       -1.85769645290986
H            0.13396323305274        0.66756150701816        0.89513798629166
O            0.71266222496565       -2.26322636811767        2.38277820187680
C            1.08510348684712       -1.69606499575649        3.62614035137081
C            2.18389092151159       -2.51636136032862        4.26184186585703
C            2.03710828784445       -3.07099224080036        5.52609386366686
C            3.06622834336193       -3.80371345249261        6.09798908136268
C            4.25551010822269       -3.99080265586296        5.41414397435022
C            4.40590463374636       -3.45362531671408        4.14632359671135
C            3.37604311590370       -2.72835056230799        3.57725013387035
H            0.43612932815254       -1.55650872653763        1.77048874259824
H            1.44073192205530       -0.66760250778310        3.47755286759498
H            0.21034477261324       -1.66310085015780        4.29012024271880
H            1.11447159250866       -2.92914215409796        6.07306404588334
H            2.94022426088205       -4.23340163515372        7.08166125848494
H            5.06096189000394       -4.55350851894062        5.86420064265090
H            5.32819129902901       -3.59524488025062        3.59952153183723
H            3.50020378534331       -2.32576630724230        2.58264062564875
75
 energy: -93.767727735192 gnorm: 0.007678999898 xtb: 6.7.1 (edcfbbe)
Ru           0.02562507067670        0.05264556370984       -0.54087829616260
N           -0.03605233929207       -1.85848893506682       -0.85803724119781
C            1.09511904799407       -2.77245533488195       -0.80863343234777
C            2.39190015721618       -2.08065806256464       -0.38094935432930
P            2.24142353208366       -0.33861557037049       -0.94451591124141
C            2.70501049133204       -0.57632308526566       -2.75070470695269
C            4.18539056774822       -0.85566832989554       -3.00386515213461
C            2.19195703660586        0.56183172259161       -3.63033741759914
C            3.69323358212318        0.54126017747159       -0.18198879714418
C            3.80056841619008        1.94362099217901       -0.78516515435665
C            3.48083395641121        0.65763430204055        1.32881426755605
C           -1.23453549037896       -2.62955330813411       -1.14824527546379
C           -2.43236849219332       -1.73754190825173       -1.48180056687847
P           -2.25804493458316       -0.16610047379356       -0.52187894327755
C           -3.27876753615489       -0.54246682360379        1.00703901246639
C           -3.22983889586988        0.63331135429673        1.98137517345143
C           -2.79845808232915       -1.81683497374518        1.69726221513413
C           -3.43533252295853        1.01951580694776       -1.37911731124212
C           -3.11780978485492        2.45777285577389       -0.95228841074132
C           -3.37997723270617        0.92136349525383       -2.90220013374683
H            1.23413934201143       -3.25653518529914       -1.79120874418632
H            0.86827342361377       -3.58012587120104       -0.09350725831293
H            2.44530896338073       -2.08690606864168        0.70992217710905
H            3.26953404410549       -2.59596495014139       -0.77997992741887
H            2.13436380030833       -1.47730562298351       -3.02426098725418
H            4.31635703145510       -1.22790599996354       -4.02061185890166
H            4.78110357141543        0.04795341509516       -2.90115892225851
H            4.57787532781629       -1.60739624331807       -2.32000321413493
H            1.12277556657517        0.71234307751088       -3.46473814172605
H            2.34821705221151        0.32298724395858       -4.68348671731858
H            2.70084175438461        1.49790926608358       -3.41403676806037
H            4.60806568043946       -0.03150181143539       -0.37801798178873
H            4.43842087027009        2.57040916182084       -0.16502838958904
H            4.22418660647663        1.92304786535818       -1.78505355827434
H            2.81272854633939        2.40343454625446       -0.82852393874292
H            4.27166861713202        1.26267490965430        1.76987290308549
H            2.51821864137247        1.13604260076939        1.52133184285492
H            3.49288221078188       -0.31606717672451        1.81522604978606
H           -1.46285993282116       -3.29127138482418       -0.29545131867778
H           -1.03895985414318       -3.29806964141069       -2.00998641987062
H           -3.38547217391354       -2.24305008111309       -1.30125364615176
H           -2.37067897543377       -1.46405929398886       -2.53950435804506
H           -4.31415750724707       -0.69585777930555        0.66839791459352
H           -3.81742691452229        1.47309261703997        1.61980712218279
H           -2.19627769378835        0.95660280479088        2.11660943401021
H           -3.63007553573932        0.33746969014864        2.95027459694996
H           -3.03465080334808       -2.70101739504268        1.10906934111613
H           -3.29250741087631       -1.92491640893901        2.66359386982491
H           -1.72246506765723       -1.78094566692394        1.86696953664106
H           -4.44688726879194        0.75595875471722       -1.04310045590897
H           -4.01765574714102        3.07039043954258       -0.97288352467646
H           -2.68524626818685        2.49811150252727        0.04585634705436
H           -2.39358011205257        2.89896833033661       -1.63171905346106
H           -2.34425527064712        0.96734504886499       -3.24503832293740
H           -3.84049628808738        0.00594447625120       -3.26942043046552
H           -3.91657065548221        1.76288928157055       -3.33891672211050
C            0.08175773297341        1.75628869252438       -1.22830189757405
O            0.13192439465410        2.75465575066015       -1.82965752782821
H            0.14301662372179        0.67248483066256        0.90331134257492
O            0.74912338835193       -2.20322844567983        2.37429129475863
C            1.08969107572778       -1.67108083587425        3.64637882604165
C            2.17024750541791       -2.51023337659000        4.28797932807020
C            2.00843657155946       -3.05837678708743        5.55343013907326
C            3.02249049266656       -3.80603387471810        6.13215338550458
C            4.21122011314679       -4.01718714149965        5.45455277241335
C            4.37573387891397       -3.48830872930014        4.18453428753984
C            3.36123027695426       -2.74560476984840        3.60936113895064
H            0.48066869604061       -1.47935441927003        1.77588374382253
H            1.45490373504378       -0.63688572924706        3.53679051949239
H            0.19659013274570       -1.65514736778532        4.29192860913035
H            1.08592131500081       -2.89862833777212        6.09613462390766
H            2.88362455381998       -4.22959719360813        7.11671873314621
H            5.00441478531927       -4.59170283324759        5.91125807679251
H            5.29692483732508       -3.64960987363253        3.64136130199929
H            3.49661515035227       -2.34694620279825        2.61522835620921
75
 energy: -93.768114605390 gnorm: 0.006474790967 xtb: 6.7.1 (edcfbbe)
Ru           0.03182700946431        0.04973566593741       -0.53960786196655
N           -0.02835607275513       -1.86096456009312       -0.86498697352443
C            1.10189542641882       -2.77852334350038       -0.82174920578581
C            2.40048404537870       -2.08938101520980       -0.39999809897579
P            2.24559503741043       -0.34328117684945       -0.94895860789546
C            2.68361040310612       -0.56018336264712       -2.76108433409518
C            4.15862258068386       -0.83695553914702       -3.03689575682915
C            2.16158525620663        0.58818840110381       -3.62086295745090
C            3.70658155428100        0.52914133202844       -0.19498040315107
C            3.80018279247904        1.93725610911418       -0.78730721073475
C            3.50556923602423        0.63014931386642        1.31574822567607
C           -1.22716643989911       -2.63429048287511       -1.14862253973412
C           -2.42500626447060       -1.74347254543385       -1.48395253986837
P           -2.25133570593883       -0.17355637700551       -0.52194339960822
C           -3.26709411511880       -0.55119762022471        1.00920781087199
C           -3.21802689400144        0.62565743839906        1.98215655324085
C           -2.77701755623327       -1.82283002426358        1.69757116501190
C           -3.42821430687231        1.01072036343615       -1.38083992528475
C           -3.11460277467228        2.44852694095528       -0.95154795585529
C           -3.36601791551944        0.91587261819834       -2.90377973374446
H            1.23370720327188       -3.26590347299302       -1.80729697745919
H            0.87431728402970       -3.58560289381474       -0.10134720226448
H            2.45813406920605       -2.10700781995234        0.69087088499127
H            3.27614035858882       -2.59945369024080       -0.80915945382075
H            2.10823102026888       -1.45614901608613       -3.03798589981088
H            4.27616142368748       -1.19576263949183       -4.05848633852831
H            4.75537204462500        0.06556616780336       -2.93047914576588
H            4.55785227957766       -1.59734969597382       -2.36774455116364
H            1.09524629066833        0.73832502242782       -3.43827767364425
H            2.30247656387604        0.35996112224668       -4.67777620215270
H            2.67525412427665        1.52078470902167       -3.40373455868042
H            4.61735025228072       -0.04130378665979       -0.40811410628203
H            4.43535862287046        2.56693243492329       -0.16778534071172
H            4.21522117069591        1.92947735088073       -1.79136649495552
H            2.80690421113446        2.38674472469079       -0.82188428521585
H            4.29944250298267        1.23226029076157        1.75553842328549
H            2.55070504309631        1.11398199575736        1.51341937357704
H            3.51637737480456       -0.34518381912536        1.79422809348815
H           -1.45285902131887       -3.29112415199579       -0.29187767242614
H           -1.03378312834015       -3.30698607646495       -2.00752143051026
H           -3.37729451950923       -2.25147377439171       -1.30853033718383
H           -2.35848388887208       -1.46847989401453       -2.54098631815316
H           -4.30336392114995       -0.70822592089879        0.67534844843884
H           -3.80439717460592        1.46535869574964        1.61875037344845
H           -2.18438124566527        0.94817663970547        2.11809248493551
H           -3.61986403185597        0.33127663539163        2.95075581556556
H           -3.02243400447214       -2.70882759807540        1.11632551557493
H           -3.25638662092653       -1.92697456789942        2.67108873570653
H           -1.69886740359139       -1.78679469001725        1.85045959552284
H           -4.44042423227702        0.74484516864222       -1.04907656934286
H           -4.01452503018631        3.06033760321901       -0.97518526386760
H           -2.68628437711656        2.48913137615162        0.04850154645341
H           -2.38822034681416        2.89070636197463       -1.62748456139632
H           -2.32889683138510        0.96795734394406       -3.24078843557322
H           -3.81921960443541       -0.00112287400845       -3.27525107901454
H           -3.90480568248315        1.75501736400026       -3.34184891258053
C            0.08838772495205        1.75910056221570       -1.21252469759378
O            0.14082781284065        2.77018152948365       -1.79162560436528
H            0.14607957632921        0.67190730016472        0.90521026168507
O            0.77339055952924       -2.14850597098072        2.37570727456898
C            1.10027750203010       -1.64097460863834        3.65284663399966
C            2.16352868121014       -2.49773130267888        4.29783515862382
C            1.98579438878864       -3.03554072195568        5.56629705909272
C            2.98290226796907       -3.79606648121537        6.15518549483290
C            4.17041735144215       -4.03545417546324        5.48474301665192
C            4.35045810681857       -3.51821400210101        4.21178411877595
C            3.35361360803282       -2.75761591373898        3.62803293003093
H            0.51009280745657       -1.41426179647023        1.78766196552831
H            1.47246444126440       -0.61082912406167        3.56546735396108
H            0.20208276548148       -1.62487998012138        4.28637793376245
H            1.06262496304784       -2.85672857231719        6.10159095387776
H            2.82962443386064       -4.20707738574167        7.14310147189927
H            4.94965594803947       -4.62222027121000        5.94944327369249
H            5.27018446092109       -3.70194943817143        3.67368650479512
H            3.50386590608031       -2.36243513635740        2.63548425815847
75
 energy: -93.768427646201 gnorm: 0.007688190077 xtb: 6.7.1 (edcfbbe)
Ru           0.03937881674137        0.04510747449837       -0.53606010183381
N           -0.02114810298868       -1.86446070459053       -0.86926644859065
C            1.10886805708362       -2.78238445254594       -0.83286088312620
C            2.41085767504624       -2.09218992694932       -0.42129247426578
P            2.24765885219178       -0.34166990103108       -0.96052178420051
C            2.66218908520895       -0.54638467560528       -2.77780932489379
C            4.13340215788751       -0.82413405646811       -3.07681456317898
C            2.12906094506616        0.61204689669874       -3.61833720792649
C            3.72002447709152        0.52280608908218       -0.21074710418813
C            3.80751247420251        1.93552971493996       -0.79136920534907
C            3.52629208966281        0.60748664651402        1.30019545167386
C           -1.22025982152744       -2.63763922247620       -1.15006436762689
C           -2.41691547611285       -1.74618815457370       -1.48550127492505
P           -2.24326793576244       -0.17707809313889       -0.52294566042084
C           -3.25523959283309       -0.55834020697183        1.01023841644111
C           -3.20756123370074        0.61827648909142        1.98338559964503
C           -2.75561780603500       -1.82800516916982        1.69583544600585
C           -3.42260885587917        1.00340645246614       -1.38326606118431
C           -3.11332542024829        2.44142431239095       -0.95052950318924
C           -3.35236426919896        0.91126267115795       -2.90599439989068
H            1.23207263971795       -3.26559762568008       -1.82033658277287
H            0.88491348481939       -3.59058788525498       -0.11467248311797
H            2.48106646421350       -2.10851936500411        0.67049558958649
H            3.28592521904513       -2.59572136623673       -0.84101773467309
H            2.08000066187528       -1.43845256484408       -3.05513774696983
H            4.23601771374109       -1.17058123692918       -4.10498173781383
H            4.73389844273602        0.07561079835112       -2.96619888570502
H            4.53913074017395       -1.59392921461191       -2.42202933178283
H            1.06508201173577        0.76042647810848       -3.41812486627673
H            2.25366208773151        0.39495563031139       -4.68005573581306
H            2.64638794091913        1.54215286602033       -3.39793310277610
H            4.62765231975578       -0.04786894099837       -0.43962494726950
H            4.44293677942406        2.56415231298417       -0.16981310543275
H            4.21793892444747        1.93855262482941       -1.79780398967028
H            2.81201256224554        2.38104225098434       -0.81817027449697
H            4.32668479074447        1.20002209677087        1.74746328045948
H            2.57641265862915        1.10020012736644        1.50799782848634
H            3.53233231926718       -0.37266464267934        1.76704844315981
H           -1.44482302614882       -3.29127824854422       -0.29098184279805
H           -1.02811368136784       -3.31241303552489       -2.00730612719321
H           -3.36910770072065       -2.25454225952118       -1.31240541200350
H           -2.34873640069198       -1.47060145308416       -2.54235679164404
H           -4.29182861638475       -0.71918080993519        0.68009628905045
H           -3.79485619936710        1.45756612527833        1.61991684287835
H           -2.17409781858045        0.94176426435274        2.11934036015704
H           -3.60938731370393        0.32359857880098        2.95215090202560
H           -3.01136727843978       -2.71583938305752        1.12132208689283
H           -3.21904112980229       -1.92823129662023        2.67791858414582
H           -1.67453090778705       -1.79218613135073        1.83069164507500
H           -4.43549710605087        0.73346871335591       -1.05579701002036
H           -4.01404135937850        3.05245249095725       -0.97510615281904
H           -2.68709061379029        2.48017419243462        0.05039212232426
H           -2.38512540222896        2.88569243173477       -1.62393701142911
H           -2.31353895179599        0.96918603160628       -3.23672818317944
H           -3.79879556432599       -0.00692958717168       -3.28244141298710
H           -3.89281063083145        1.74878812589230       -3.34533516660916
C            0.09418650739360        1.76328431849733       -1.18873719281204
O            0.13859441919251        2.78772775402987       -1.74768389921083
H            0.15411863626809        0.66572584887092        0.90807801384085
O            0.80640033356115       -2.10160761058109        2.36753536728202
C            1.10883363917556       -1.61864610915254        3.66271303016284
C            2.15492951103051       -2.49033515758443        4.31667454270877
C            1.96133740042204       -3.01823305044283        5.58749787985500
C            2.94243202725781       -3.79142589685557        6.18621503040973
C            4.12793759923654       -4.05799386997446        5.52113640766948
C            4.32394503210777       -3.54912612641127        4.24754574746053
C            3.34494245337354       -2.77057538848042        3.65577932534903
H            0.54807930777820       -1.35546948259913        1.79171928471207
H            1.49081916470137       -0.58930278441917        3.60421626723075
H            0.19669946755453       -1.60916550116709        4.27986970272407
H            1.03720578474399       -2.82193511326267        6.11434494558611
H            2.77727873431180       -4.18963953399729        7.17784199844190
H            4.89346987251015       -4.65983328493293        5.99077450226236
H            5.24289080420035       -3.75354501551090        3.71548714076509
H            3.50677450645733       -2.37902600081905        2.66344111036388
75
 energy: -93.768714181764 gnorm: 0.007479400435 xtb: 6.7.1 (edcfbbe)
Ru           0.04319197030328        0.03918962279743       -0.52926571740918
N           -0.01624851504119       -1.86957497962230       -0.87350038885665
C            1.11469235238295       -2.78565751699245       -0.85146909714870
C            2.41728073961085       -2.09821682336936       -0.44037881463409
P            2.24924165305761       -0.34409045741704       -0.97026250475372
C            2.64964971810298       -0.53818649714840       -2.78961717222175
C            4.11873477450107       -0.80718724401420       -3.10232583725622
C            2.10264156277919        0.62201584048557       -3.61711977614292
C            3.72378880042425        0.52033115835645       -0.21791959404113
C            3.80722084237681        1.93562823652212       -0.78889648331888
C            3.52839905813359        0.59187517232543        1.29050722764429
C           -1.21600859818781       -2.64347092874378       -1.14903972811685
C           -2.41278736394487       -1.75266888888345       -1.48316751087960
P           -2.23751423382776       -0.18363946299585       -0.52174051300738
C           -3.24512562071640       -0.56556587489604        1.01436925076802
C           -3.19741682993991        0.61131073715875        1.98681732260942
C           -2.73654011250985       -1.83242501288086        1.69890087572087
C           -3.41548623820623        0.99604720613820       -1.38379542055867
C           -3.10348983609829        2.43320866704842       -0.95006408118961
C           -3.33890547986933        0.90419173430707       -2.90593701065184
H            1.23238367494730       -3.25597219824112       -1.84337567873609
H            0.89739186243005       -3.60152858941993       -0.14367052858261
H            2.49155097597073       -2.11282000744355        0.64935210325833
H            3.29236700850533       -2.59686886303777       -0.86551856521039
H            2.06930849452264       -1.43168493406296       -3.06515693115047
H            4.21527949897340       -1.13790343150016       -4.13568140701568
H            4.71778842793418        0.09185896695397       -2.98194406222035
H            4.52905538492301       -1.58581295393796       -2.46130207165165
H            1.04100024433749        0.76419047667955       -3.40098002907509
H            2.21268838204673        0.41126583227691       -4.68073628270563
H            2.61972044141343        1.55266094814132       -3.39847455017530
H            4.63069346937680       -0.04814610299828       -0.45415674567098
H            4.45635319199845        2.55674011084950       -0.17450355133392
H            4.19921040116676        1.94584000356139       -1.80186705622445
H            2.81338639746624        2.38564616919163       -0.79466593398303
H            4.32432008989370        1.18132767863335        1.74771930920345
H            2.57895299552681        1.08292284884646        1.50142919491382
H            3.53046682081547       -0.39424416056228        1.74751373688225
H           -1.43878398782167       -3.29410299502696       -0.28740618435882
H           -1.02707925583891       -3.32110130597601       -2.00437630415786
H           -3.36514252952509       -2.25991383983911       -1.30876961361773
H           -2.34590371994051       -1.47778688893790       -2.54029198993723
H           -4.28183661342327       -0.72980570971547        0.68750970958657
H           -3.78179170197004        1.45198374255480        1.62164246174826
H           -2.16344036144557        0.93219185243524        2.12509830990856
H           -3.60236348011560        0.31837627165099        2.95499229065422
H           -2.99785361803943       -2.72284864295913        1.13179270199493
H           -3.18701959809003       -1.92930240024623        2.68643123377854
H           -1.65454207410727       -1.79443138185393        1.82021100869252
H           -4.42928621863171        0.72696174952394       -1.05876853726036
H           -4.00081780438644        3.04883251390446       -0.98084530600635
H           -2.68232986695473        2.46993213065828        0.05274941121476
H           -2.36838184360733        2.87272444051994       -1.61961235753154
H           -2.29876214542146        0.96322491178092       -3.23108980547815
H           -3.78246224325953       -0.01350816057425       -3.28552724896258
H           -3.87775512323727        1.74175172190122       -3.34741028731442
C            0.09825167892699        1.76298998999108       -1.16353890909083
O            0.14760879403906        2.79339428377152       -1.70390729553357
H            0.16038636219393        0.65267266463621        0.91481877589635
O            0.83667564418253       -2.06456843768586        2.35653453424281
C            1.12155988439343       -1.59354592969748        3.65802706705073
C            2.15177122314606       -2.47656103627116        4.32153088746241
C            1.94245950209697       -2.99123107909801        5.59531647701749
C            2.90616691541742       -3.77587191729844        6.20583678357468
C            4.08812746689323       -4.07020653796524        5.54614089964074
C            4.30032787592823       -3.57214205681231        4.27212300743602
C            3.34079472336271       -2.77782340829856        3.66989694418149
H            0.57988519518449       -1.31381575948241        1.78906998178872
H            1.51257784664759       -0.56856431137771        3.61839212177790
H            0.20033679277672       -1.58082149786939        4.26253308236340
H            1.01821678336225       -2.77523258005396        6.11277730279431
H            2.73007413771200       -4.16003975632931        7.20111167294917
H            4.83898794172267       -4.68630283169182        6.02100542506811
H            5.21794998353971       -3.79825153084709        3.74710143120137
H            3.51530640570576       -2.39341148790888        2.67608643291711
75
 energy: -93.768967584573 gnorm: 0.007295179310 xtb: 6.7.1 (edcfbbe)
Ru           0.04914817438502        0.03462509844026       -0.53408851967718
N           -0.00985509396255       -1.87435499189647       -0.88188031052591
C            1.12237703326477       -2.78982022290373       -0.87094341157178
C            2.42578103444861       -2.10299652038718       -0.46088433247167
P            2.25219788294188       -0.34686596917059       -0.98203162782432
C            2.63797353400268       -0.52959114542353       -2.80643256666641
C            4.10585767304651       -0.78911840768766       -3.13299098374279
C            2.07446998954997        0.63175243223746       -3.62111724711512
C            3.72444063853238        0.51976258990100       -0.22757647025855
C            3.80942910164090        1.93935629958630       -0.78653614752390
C            3.52516012571543        0.57790362262627        1.28110686056914
C           -1.21091019858771       -2.64938576979147       -1.14935048042706
C           -2.40864613809519       -1.75936302460969       -1.47989998045155
P           -2.23118892687808       -0.19094256568012       -0.51840129885231
C           -3.23595588630444       -0.57310105472463        1.01929040079105
C           -3.18810359167407        0.60400374465425        1.99087621880898
C           -2.71646353954090       -1.83687338629635        1.70227555666502
C           -3.40680140131073        0.98845809694497       -1.38344808855633
C           -3.09406767674710        2.42585660611753       -0.94958098212338
C           -3.32485028878560        0.89725710836507       -2.90544524927758
H            1.23478689534917       -3.25883642808980       -1.86821826150733
H            0.91230470032174       -3.61146023192978       -0.16098434407807
H            2.50494672662714       -2.11418281878560        0.62594618276114
H            3.29942818619512       -2.59935499504767       -0.89108929392765
H            2.06112258190169       -1.42595472210150       -3.08014396924250
H            4.19632240004893       -1.10278022864848       -4.17273568319867
H            4.70380739672562        0.10891578027915       -3.00151239390188
H            4.52212282393735       -1.57738691582629       -2.50699864885317
H            1.01519645761429        0.76709642006858       -3.38844828723713
H            2.16949564803009        0.42877331192548       -4.68772322333959
H            2.59030629571914        1.56356872579956       -3.40264185972841
H            4.63320566476418       -0.04515757137028       -0.46670254366558
H            4.47753141126080        2.54686583402828       -0.17647999281033
H            4.18360835180148        1.95654275404258       -1.80662841018622
H            2.81984617560549        2.39975715640938       -0.76810798271892
H            4.31969497848029        1.16005453867809        1.74830234676051
H            2.57369760866582        1.06562978676785        1.49666498937489
H            3.52353419493039       -0.41173914391479        1.72830236506733
H           -1.43115779620583       -3.29818038405281       -0.28550872842131
H           -1.02636780633678       -3.32949867148998       -2.00362590564492
H           -3.36161529459568       -2.26445173283916       -1.30116178532059
H           -2.34573495228482       -1.48563852172611       -2.53756603532768
H           -4.27296414321095       -0.74155930548850        0.69579593400187
H           -3.77047388401182        1.44566456252671        1.62461590726581
H           -2.15365235592744        0.92293870008355        2.13074977184750
H           -3.59523194233526        0.31220352343176        2.95857355550387
H           -2.98645386773285       -2.73022802362622        1.14295773719193
H           -3.15058360139314       -1.92933390684811        2.69852124440544
H           -1.63116438949467       -1.79682800630506        1.80543937083662
H           -4.42156804164243        0.71998458291669       -1.06103953558591
H           -3.98908272257799        3.04490000729870       -0.98751903542961
H           -2.67864493678105        2.46198119687024        0.05528517820588
H           -2.35249765072946        2.86143447198761       -1.61553321846870
H           -2.28337011785288        0.95616337372955       -3.22596728857636
H           -3.76716335687079       -0.01960604713023       -3.28803080987102
H           -3.86121413947620        1.73567596061082       -3.34883679087416
C            0.10452447602467        1.76916820163239       -1.13929343324852
O            0.15321754388172        2.81616204877254       -1.65224646849789
H            0.16474869290001        0.63270064715235        0.91619454655146
O            0.87272476407195       -2.03064260948748        2.34307744421607
C            1.13556510611495       -1.57002666302740        3.65328216772593
C            2.14720720136017       -2.46564208754873        4.33041456844895
C            1.92121962630661       -2.96499501791926        5.60734924972530
C            2.86658726626145       -3.76261347666570        6.23017179893121
C            4.04575981222555       -4.08328467724455        5.57740752316715
C            4.27561553955355       -3.59705488249265        4.30241254193772
C            3.33506988787611       -2.79056765620321        3.68761038001252
H            0.61151289294116       -1.27550135902316        1.78457601503878
H            1.53681492997751       -0.54676593089969        3.63458205036033
H            0.20302571496209       -1.55428120868898        4.24179986847612
H            0.99783111795604       -2.72633340325337        6.11655459413043
H            2.67940694903155       -4.13657970799426        7.22715597366363
H            4.78191469866889       -4.71212277745072        6.05864908539706
H            5.19287500161617       -3.84309861664244        3.78570124657658
H            3.52151821110109       -2.41662512393344        2.69097104508636
75
 energy: -93.769115872007 gnorm: 0.003078798476 xtb: 6.7.1 (edcfbbe)
Ru           0.04606458002508        0.03462787822975       -0.53162805866239
N           -0.01019944758312       -1.87421987440640       -0.88224950613754
C            1.12362947436793       -2.78758503618890       -0.87291496714887
C            2.42677796741575       -2.10045094864012       -0.46234083374268
P            2.24964021926257       -0.34523868569771       -0.98352062082522
C            2.64010165125735       -0.52856477951295       -2.80820840592452
C            4.10905958933595       -0.78514115463645       -3.13378430141275
C            2.07428820693468        0.63135016805084       -3.62363946723070
C            3.72141641386499        0.51967725292227       -0.22909968076241
C            3.80925626747944        1.93994569690172       -0.78584937319837
C            3.52538973001730        0.57909085165522        1.28185610865045
C           -1.21062243390527       -2.65029576764743       -1.15000297158619
C           -2.41030394438085       -1.76120931694946       -1.47773950495110
P           -2.23258688596278       -0.19133566859866       -0.51824321935209
C           -3.23491506552447       -0.57272134796503        1.02088630914601
C           -3.18804999085468        0.60469807210713        1.99229320900080
C           -2.71459086836240       -1.83614182529626        1.70362023493493
C           -3.40755443729512        0.98941550293971       -1.38225844989820
C           -3.09506305877038        2.42708287794178       -0.94963792092905
C           -3.32636913710018        0.89678276005527       -2.90438636552886
H            1.23932801034311       -3.25273062086365       -1.87099547724821
H            0.91319224526391       -3.61282044075660       -0.16824231953664
H            2.50592018909919       -2.11918485070993        0.62550628443225
H            3.29945305125961       -2.59721474209295       -0.89424812984381
H            2.06605019920094       -1.42687615593822       -3.08351090010739
H            4.20124025566791       -1.09772378428979       -4.17371943114436
H            4.70610782508634        0.11348012938351       -3.00095462630028
H            4.52593939784583       -1.57348304781900       -2.50901061203178
H            1.01468172322915        0.76501976687879       -3.39177272240460
H            2.17076572879997        0.42788931948761       -4.69013452759831
H            2.58769579516804        1.56462225918766       -3.40527465670334
H            4.63128088454378       -0.04490540134288       -0.46647686330366
H            4.48363791462438        2.54321355855097       -0.17888576748587
H            4.17740106098319        1.95544564841100       -1.80863091683290
H            2.82204708097650        2.40464326250899       -0.76059992209001
H            4.32285799061191        1.15781967201511        1.74729464692264
H            2.57143001813377        1.06314338531082        1.50039749044989
H            3.52575973189160       -0.41177410346575        1.72752690187575
H           -1.42830847358529       -3.30126838091868       -0.28691283809358
H           -1.02621391180509       -3.32858553363474       -2.00610882513177
H           -3.36251646217421       -2.26726855579295       -1.29567320099152
H           -2.35046332572158       -1.48782833946389       -2.53571198730237
H           -4.27223041715820       -0.74203918513103        0.69827970177570
H           -3.77177670849870        1.44547738533722        1.62646199286685
H           -2.15395744785281        0.92500104843225        2.13133130431377
H           -3.59399436409493        0.31225517831643        2.96015452991386
H           -2.98536943938486       -2.72981379608802        1.14568226760127
H           -3.14647841632398       -1.92811339483371        2.70013379725062
H           -1.62975765031121       -1.79640007853830        1.80494437258748
H           -4.42234818265187        0.72162527262414       -1.05931714067731
H           -3.99054483233095        3.04521550406055       -0.98930222853665
H           -2.68110066599596        2.46558137796418        0.05603376815931
H           -2.35399477240605        2.86267837219369       -1.61553808515520
H           -2.28456823785798        0.95223576582589       -3.22627496067850
H           -3.77199104069570       -0.01974856778707       -3.28531293471328
H           -3.86081176109782        1.73621416893644       -3.34799031764024
C            0.09893365188053        1.76788616173442       -1.13762793709774
O            0.16139304734007        2.81366500237677       -1.64905369355154
H            0.16934970165805        0.63356692393087        0.91725486128389
O            0.88092289288791       -2.03816990910732        2.34344688968709
C            1.13837010350975       -1.56927625938459        3.65098770177769
C            2.14747964700752       -2.46325020974694        4.33218297471751
C            1.91961919359587       -2.96070416719459        5.60877273687379
C            2.86231768793535       -3.76084437625116        6.23179158176461
C            4.04170824194250       -4.08330660443991        5.58163074081451
C            4.27311458562294       -3.59991858997794        4.30542653002285
C            3.33362314844444       -2.79390898034617        3.68910588117373
H            0.61066816758738       -1.29032015731812        1.77697081032537
H            1.53643085906076       -0.54464833323354        3.62291356717777
H            0.20415349837273       -1.55215961473617        4.23434961029180
H            0.99751050780447       -2.71898063104290        6.11872892254254
H            2.67314459962194       -4.13683395630897        7.22721330642773
H            4.77655945929580       -4.71078296312970        6.06551705755354
H            5.19022134907507       -3.84734000563776        3.78955568869386
H            3.51989721134431       -2.42379080979017        2.69179498125689
75
 energy: -93.769009925577 gnorm: 0.011079622249 xtb: 6.7.1 (edcfbbe)
Ru           0.04134908270715        0.03455346931000       -0.53324689363164
N           -0.01094447323374       -1.87477890773065       -0.88406018686250
C            1.12600143907568       -2.78395664032969       -0.88146234401299
C            2.42792360224531       -2.09534944805369       -0.46737808060292
P            2.24657793341833       -0.34119139807943       -0.98572824374485
C            2.64492555176489       -0.52511890971667       -2.81179204408043
C            4.11641420068479       -0.77366304067286       -3.13471628654205
C            2.07329075322280        0.63043264095337       -3.63001108380474
C            3.71629363028003        0.52104396882931       -0.23170216851910
C            3.80977158042855        1.94267670441179       -0.78427388511250
C            3.52637772523487        0.57953168154233        1.28361650847118
C           -1.21079453621155       -2.65232380684242       -1.15088684840069
C           -2.41512183196992       -1.76506468715866       -1.47045178135507
P           -2.23559481615913       -0.19260503342750       -0.51398661397655
C           -3.23481863815540       -0.57244677541690        1.02637992999796
C           -3.18865219173247        0.60639076410995        1.99632510006604
C           -2.71024282823093       -1.83432442132430        1.70823048261974
C           -3.40899603083954        0.98989235924267       -1.37806761627918
C           -3.09657510944286        2.42848130262967       -0.94944456664139
C           -3.33021789975668        0.89422617459795       -2.90059686555379
H            1.24680833385740       -3.23953268703151       -1.88257336112626
H            0.91644846011059       -3.61674799591245       -0.18706620976202
H            2.50871390718979       -2.12832852987842        0.62203053103118
H            3.29936639485779       -2.59099884657503       -0.90333054086824
H            2.07820441148345       -1.42827104535940       -3.09008473740362
H            4.21222635859764       -1.08295116429435       -4.17541938674988
H            4.71054441003116        0.12671205487562       -2.99859489104664
H            4.53535633529213       -1.56222446532120       -2.51276289454465
H            1.01268717517454        0.75904268583393       -3.40044519394936
H            2.17339053899739        0.42560221868772       -4.69611543292105
H            2.58033646645503        1.56753559821776       -3.41221381040988
H            4.62747627543928       -0.04356322410264       -0.46653266772617
H            4.50177955868839        2.53526731905718       -0.18699594830039
H            4.15979925274052        1.95526469056649       -1.81442505647274
H            2.82861273310044        2.41832621168756       -0.73997721414841
H            4.32856441005738        1.15296565613783        1.74494121986187
H            2.56862868667003        1.05680775663750        1.50855632493201
H            3.53084929612647       -0.41416995872493        1.72562727493186
H           -1.42243359980922       -3.30889616238966       -0.29002912323149
H           -1.02750285314420       -3.32573041487575       -2.01171717464467
H           -3.36503477544357       -2.27365325859286       -1.28001785474104
H           -2.36389456737851       -1.49311915583968       -2.52932998680163
H           -4.27282136254576       -0.74410482616474        0.70598935990913
H           -3.77572100615747        1.44492232986032        1.63114603137695
H           -2.15514535496521        0.92985713183082        2.13225036491561
H           -3.59113795670432        0.31325900448837        2.96516349851243
H           -2.98251588084432       -2.72898537804129        1.15326702752611
H           -3.13623993397587       -1.92525201107465        2.70617885762065
H           -1.62587949816735       -1.79370892835807        1.80391905923073
H           -4.42398835210462        0.72421350125211       -1.05383561633358
H           -3.99278798947901        3.04528993201808       -0.99397378326508
H           -2.68653452162628        2.47233680047788        0.05808661926516
H           -2.35538192086210        2.86299024404450       -1.61498674671517
H           -2.28794296595973        0.94063954697135       -3.22540043960019
H           -3.78408071370758       -0.02066177062972       -3.27810871931692
H           -3.85909180572719        1.73655773742109       -3.34506281002442
C            0.13609158051426        1.76727318083080       -1.13170074692889
O            0.15638768433108        2.81187129069818       -1.64524367208325
H            0.16458698218235        0.63111236199140        0.91613839082992
O            0.90041866802214       -2.05660935812128        2.34003579947092
C            1.14504321846068       -1.56833441842067        3.64220411021303
C            2.14763801730878       -2.45781114635413        4.33514840699748
C            1.91454536986411       -2.94910465341757        5.61187080830213
C            2.85049450075813       -3.75529186598642        6.23686573432336
C            4.03040064942395       -4.08403121156881        5.59297653265756
C            4.26676629124008       -3.60760824808826        4.31414881600537
C            3.33084939948882       -2.80209334900842        3.69309375415834
H            0.60807671922581       -1.32552566519479        1.75704059359771
H            1.53896246051901       -0.54191045295081        3.59508850380831
H            0.20695598246241       -1.54532804484123        4.21499497717496
H            0.99526119508491       -2.69906645534044        6.12286858459006
H            2.65632113832743       -4.13392771097463        7.22972078860478
H            4.76120292488956       -4.70997237722285        6.08317903524036
H            5.18315208599904       -3.86055661911283        3.80044060242065
H            3.51736941928992       -2.44175057907188        2.69348799234810
75
 energy: -93.769244950581 gnorm: 0.009107751129 xtb: 6.7.1 (edcfbbe)
Ru           0.05126143383950        0.03424998516061       -0.53583134302364
N           -0.01088722887914       -1.87522261505875       -0.88518034513245
C            1.12647350916223       -2.78383819053525       -0.88818204015322
C            2.42891342527712       -2.09654404735276       -0.47104870081091
P            2.25224060264308       -0.34229807229958       -0.98648461234269
C            2.64871839818050       -0.52322530462093       -2.81432836697531
C            4.12140224956624       -0.76613201957652       -3.13579621731249
C            2.07266726838121        0.62984088713070       -3.63323976190827
C            3.71764354543260        0.52250394150909       -0.23190985360003
C            3.81089999912721        1.94473896208511       -0.78317327124812
C            3.52804481642671        0.57763969118744        1.28454428285916
C           -1.21127876248766       -2.65237257124470       -1.15123219442404
C           -2.41720602130876       -1.76490249564409       -1.46512160454861
P           -2.23156194361572       -0.19126017367625       -0.51026627017653
C           -3.23289234173919       -0.57156821508870        1.02857764547711
C           -3.18821006046806        0.60759355233361        1.99827506947297
C           -2.70660562839541       -1.83258017450463        1.71081387645099
C           -3.40828024949188        0.98865870171004       -1.37460776275956
C           -3.09719712025824        2.42839475250390       -0.94905651712018
C           -3.33235628424318        0.89158757407344       -2.89744052685175
H            1.24710518548645       -3.23378949650679       -1.89194838824978
H            0.91810941222474       -3.61996371989366       -0.19775495784653
H            2.51165856977167       -2.13311843720375        0.61840692475053
H            3.29991988757157       -2.59106333963812       -0.90910325078017
H            2.08614365594584       -1.42893832430918       -3.09325968608832
H            4.21881239493263       -1.07277048034873       -4.17720589676188
H            4.71297386873244        0.13563047850158       -2.99735740489617
H            4.54188270117208       -1.55487603533620       -2.51524419494126
H            1.01144558615774        0.75445569439102       -3.40444139692154
H            2.17415683542058        0.42485545320641       -4.69922819044908
H            2.57576269684131        1.56928475487165       -3.41582480415355
H            4.62919743798511       -0.04161156867158       -0.46643327254312
H            4.51370388293707        2.53213344317100       -0.19315539907983
H            4.14806479492393        1.95723934802750       -1.81799001233229
H            2.83266121171953        2.42543565616316       -0.72632462899378
H            4.33003765140584        1.15121143574743        1.74457702039466
H            2.56957913640450        1.05243569321073        1.51140803034066
H            3.53431216621338       -0.41738251003251        1.72462143413072
H           -1.42030658846937       -3.31212262689793       -0.29194574234976
H           -1.02969831233898       -3.32300641313076       -2.01475754086944
H           -3.36584073532310       -2.27409423613660       -1.26896093449411
H           -2.37209035641980       -1.49496677580798       -2.52478744128935
H           -4.27103332106415       -0.74466250559685        0.70871728088896
H           -3.77740502630483        1.44468410489923        1.63325097776980
H           -2.15523361260821        0.93324787544471        2.13310110442738
H           -3.58926870543318        0.31383716439828        2.96749230612832
H           -2.97962400876540       -2.72789724856744        1.15720241998952
H           -3.13019053758228       -1.92267570052244        2.70977000021490
H           -1.62209345360181       -1.79122555791475        1.80375016865364
H           -4.42302380066665        0.72333551596593       -1.04900194444607
H           -3.99400527356518        3.04439698338584       -0.99671672782937
H           -2.68957516377251        2.47518921405308        0.05936692174294
H           -2.35519198579336        2.86203568444885       -1.61420721118280
H           -2.29033182921583        0.93306741923917       -3.22411438911518
H           -3.79073607151626       -0.02187023410191       -3.27335846373289
H           -3.85811589197005        1.73565360346204       -3.34223452138910
C            0.10238072486853        1.76857380058568       -1.13342195044216
O            0.17148782468607        2.81455678187684       -1.63910349738405
H            0.15439632132624        0.62657070271357        0.91688367930987
O            0.91057072215075       -2.06654397800282        2.33441767136004
C            1.14850940212334       -1.56859061019468        3.63454438354914
C            2.14712034796408       -2.45538307166223        4.33548343924441
C            1.91052971351476       -2.94174460871387        5.61318112190987
C            2.84255888785379       -3.75088164518375        6.24081744688461
C            4.02271339429172       -4.08488261762213        5.60038575489283
C            4.26288530900460       -3.61254269718154        4.32036486812480
C            3.32987616882519       -2.80677836024747        3.69565450824419
H            0.60651889083477       -1.34357736848449        1.74531798487876
H            1.54330003849615       -0.54255909152647        3.58031453491626
H            0.20834686051987       -1.54018938953189        4.20301292328754
H            0.99244785593123       -2.68641363381233        6.12386036239502
H            2.64541461112911       -4.12874088714854        7.23339184674939
H            4.75048738460898       -4.71149315877744        6.09403696803931
H            5.17874060778119       -3.87024920449273        3.80817110740409
H            3.51731230249374       -2.45205817103593        2.69432926484317
75
 energy: -93.769347591381 gnorm: 0.002808913270 xtb: 6.7.1 (edcfbbe)
Ru           0.04368520574090        0.03354639131084       -0.53090132544395
N           -0.01018952686264       -1.87467161758351       -0.88767579027472
C            1.12636347263505       -2.78477846459701       -0.89034363223830
C            2.42911640373901       -2.09824013943390       -0.47384654298809
P            2.25081498266081       -0.34216953305741       -0.98626808122758
C            2.64822730947864       -0.52259257810695       -2.81255847552595
C            4.12039209095891       -0.76583901612753       -3.13490514809623
C            2.07270369353164        0.63052475885785       -3.63099727724744
C            3.71936581657719        0.52100494005065       -0.23100667979011
C            3.81020586685899        1.94339640936188       -0.78191358355980
C            3.52721212692992        0.57415831878637        1.28274376487993
C           -1.21055741410118       -2.65208932263420       -1.15210344690601
C           -2.41626313375037       -1.76553771742387       -1.46730469703410
P           -2.23384122017866       -0.19163440274818       -0.51368128851760
C           -3.23154483348920       -0.57120390795028        1.02837168972635
C           -3.18723262637484        0.60780730154321        1.99822616633799
C           -2.70582608176502       -1.83234958278923        1.71139086492703
C           -3.41085298364342        0.98864763625934       -1.37598633260398
C           -3.09730385495813        2.42753773272312       -0.94875915601068
C           -3.33357050320855        0.89126056788483       -2.89822421562299
H            1.24297232820352       -3.23699128811266       -1.89412807413717
H            0.91995857949416       -3.61892262419597       -0.19573361466126
H            2.51136598742422       -2.12729397565425        0.61412622121555
H            3.30160860809778       -2.59158687014681       -0.91059737567436
H            2.08454602692092       -1.42705343509765       -3.08989426587631
H            4.21751936652192       -1.07235285969410       -4.17637360476173
H            4.71125015818437        0.13611447655307       -2.99652123322992
H            4.54123172147620       -1.55439816188697       -2.51338691964587
H            1.01137018217981        0.75437879768195       -3.40175825734631
H            2.17363748790799        0.42583319872966       -4.69695327512303
H            2.57623046652455        1.56956929405997       -3.41364353720024
H            4.63014028831650       -0.04250284189482       -0.46862760110886
H            4.51128590782752        2.53263866480816       -0.19194941014124
H            4.14775219831656        1.95943795557032       -1.81547266532250
H            2.83107603441015        2.42173655624620       -0.72604903147633
H            4.32528550864042        1.15242880646466        1.74531403767929
H            2.57177328801114        1.05271603743827        1.50682242644742
H            3.53223840642788       -0.41958279615381        1.72364889450480
H           -1.42054356324700       -3.30964640131895       -0.29170187773754
H           -1.02956010657780       -3.32432258323577       -2.01385040912449
H           -3.36466718986921       -2.27378720864701       -1.27111289872462
H           -2.37143996306455       -1.49590005475152       -2.52676666825496
H           -4.26920187546037       -0.74422945280160        0.70827388020063
H           -3.77623406788024        1.44500403327421        1.63274006001220
H           -2.15433437942019        0.93339530507866        2.13361341304258
H           -3.58879273695116        0.31473639560920        2.96765051499495
H           -2.97839307332388       -2.72771058151464        1.15704736869440
H           -3.13081546038289       -1.92259752854383        2.71071055666242
H           -1.62065242526848       -1.79059274718318        1.80518731934959
H           -4.42495797856082        0.72245309695899       -1.04955029322134
H           -3.99239716968123        3.04610907896808       -0.99587266793303
H           -2.68915695519657        2.47127921387092        0.05914649865061
H           -2.35281701187665        2.85933159063023       -1.61314570976491
H           -2.29174797201288        0.93398333035949       -3.22281301175271
H           -3.79015270401265       -0.02173364554373       -3.27525035412673
H           -3.85939989329000        1.73518878197037       -3.34318251404706
C            0.09579517619101        1.76807200306729       -1.13260053111153
O            0.17297282329083        2.81483608023675       -1.63988060983550
H            0.18084246732772        0.62411221959417        0.91980579339684
O            0.90407514914041       -2.06135745335705        2.32912522315745
C            1.14674909705176       -1.57051422276645        3.63150108531372
C            2.14567365033213       -2.45913471068045        4.33172184974694
C            1.90915336972422       -2.94333086649811        5.61114758252626
C            2.84231984440294       -3.74926940693626        6.24192511271239
C            4.02208555061080       -4.08557910667546        5.60033220329792
C            4.26299191026359       -3.61329946244987        4.32102383931317
C            3.33102180127465       -2.80682308976025        3.69497378557375
H            0.60909455923661       -1.33137082468234        1.74984206975454
H            1.54768235598153       -0.54725337342322        3.58677872851572
H            0.20727013923225       -1.54007684116150        4.20410383435045
H            0.98953712701878       -2.68854726516623        6.11931870723211
H            2.64567406234460       -4.12156584197416        7.23724608762374
H            4.74930973153666       -4.71471811939139        6.09294736268177
H            5.17944431751076       -3.87195938477927        3.80980855919545
H            3.52057343492922       -2.44969639379736        2.69393867548526
75
 energy: -93.769444170601 gnorm: 0.001713744445 xtb: 6.7.1 (edcfbbe)
Ru           0.04623924093609        0.03303902660257       -0.53251157834498
N           -0.01002289108159       -1.87484660959000       -0.89020984594175
C            1.12721494585984       -2.78411201148398       -0.89635123725916
C            2.42997856150209       -2.09787931240948       -0.47921935167804
P            2.25136999957144       -0.34109240017667       -0.98949386446752
C            2.65074275658800       -0.52011510499212       -2.81550805599131
C            4.12407330930706       -0.75860980602703       -3.13609981094864
C            2.07158284757068        0.63108515658580       -3.63387671252225
C            3.71932314991017        0.52065181186947       -0.23152893765317
C            3.81016624495532        1.94408575453261       -0.77939854977219
C            3.52832323461125        0.57193159388401        1.28246338769054
C           -1.21073484886138       -2.65249495017435       -1.15263553925298
C           -2.41815640382920       -1.76663247479343       -1.46368708796179
P           -2.23306956258176       -0.19209468002564       -0.51121104625137
C           -3.23020944936196       -0.57090736289214        1.03138760854436
C           -3.18658002144859        0.60896425586548        2.00019299915466
C           -2.70238641489183       -1.83111410236158        1.71451239920933
C           -3.41111871753297        0.98743162596528       -1.37348494832694
C           -3.09731795437932        2.42672026337251       -0.94800030950738
C           -3.33574439410606        0.88887838391343       -2.89579704592156
H            1.24341772892566       -3.23299295333233       -1.90159177988033
H            0.92205066365170       -3.62079323966456       -0.20443391371435
H            2.51216442064585       -2.12939651666638        0.60866553344007
H            3.30244415869990       -2.59040133580245       -0.91710223507735
H            2.09040910615624       -1.42647966131247       -3.09306275323668
H            4.22339465994913       -1.06323987627282       -4.17789422786562
H            4.71241504442811        0.14464335123442       -2.99548336164309
H            4.54626711921986       -1.54705485500167       -2.51532091505626
H            1.00973612074035        0.75121908409901       -3.40485962394098
H            2.17366842366857        0.42662229272902       -4.69975965343519
H            2.57164876176497        1.57193309246065       -3.41627987207273
H            4.63037404144217       -0.04191935840024       -0.47046127684423
H            4.51979778438768        2.52900694559984       -0.19502395594610
H            4.13712020627696        1.96129836696323       -1.81648094129920
H            2.83333058184445        2.42600681741033       -0.71268380681919
H            4.32594471107603        1.15060708224310        1.74553455593239
H            2.57238023357092        1.04885557303954        1.50799822530977
H            3.53509958110130       -0.42244741122251        1.72167368616295
H           -1.41823634229275       -3.31124799778877       -0.29247560258382
H           -1.03138883779559       -3.32348610183482       -2.01567022437767
H           -3.36542959583773       -2.27524576953452       -1.26287475480097
H           -2.37828058011479       -1.49808452126871       -2.52360090823147
H           -4.26785106356715       -0.74526434926263        0.71196717571316
H           -3.77724302903720        1.44500334173369        1.63467376243904
H           -2.15402052374113        0.93617062959034        2.13435368446926
H           -3.58682277753329        0.31600801034820        2.97019376676922
H           -2.97492274698450       -2.72723140309731        1.16140921826962
H           -3.12546758226793       -1.92093434036964        2.71464435085287
H           -1.61710764966854       -1.78824736769540        1.80636976256599
H           -4.42487526078711        0.72176461133131       -1.04553398707926
H           -3.99180703682746        3.04596514082829       -0.99824262546048
H           -2.69138593399104        2.47192328016983        0.06071438708270
H           -2.35110400078424        2.85664167312486       -1.61166408661240
H           -2.29405530057448        0.92789192573151       -3.22136601934852
H           -3.79590479746317       -0.02278780797333       -3.27173687638251
H           -3.85912754810552        1.73428566156715       -3.34089421281719
C            0.10602267026168        1.76881661402909       -1.12987307278645
O            0.17050478639235        2.81608209261858       -1.63674208935989
H            0.17370459342626        0.62222181511467        0.91945668891793
O            0.90974555951678       -2.06688814844353        2.32322475313978
C            1.14978007949320       -1.57119935956732        3.62409789477918
C            2.14482628180477       -2.45966011318798        4.32992274881294
C            1.90502974226825       -2.93823674841021        5.61080742453938
C            2.83498460580583       -3.74463402968850        6.24580483573432
C            4.01460595786871       -4.08693125060690        5.60709128618864
C            4.25911328955998       -3.61951287796144        4.32662973916583
C            3.33042253804272       -2.81259976652218        3.69638160396777
H            0.60953846617443       -1.33991671140013        1.74300879398232
H            1.55321919948821       -0.54897969549199        3.57581053124342
H            0.20868170136422       -1.53602880182026        4.19386256489788
H            0.98554116527616       -2.67890938205267        6.11695135401495
H            2.63577361242654       -4.11288660632771        7.24215178090473
H            4.73895186464613       -4.71696236807573        6.10286105351706
H            5.17595123195981       -3.88199783476828        3.81800381331136
H            3.52244565829799       -2.45882662718550        2.69456742052609
75
 energy: -93.769641248808 gnorm: 0.003634380866 xtb: 6.7.1 (edcfbbe)
Ru           0.05077360990349        0.03139671386118       -0.54121852900235
N           -0.00918573665855       -1.87543623760604       -0.90008833973843
C            1.13039691681153       -2.78208520164967       -0.92160717448085
C            2.43349798834248       -2.09855920392600       -0.50047871780594
P            2.25544869614572       -0.33816461833496       -0.99923850263382
C            2.66024426754905       -0.50867219602163       -2.82526589176055
C            4.13788216586302       -0.72721536669018       -3.14105873109151
C            2.06591350739785        0.63408859777318       -3.64448348716951
C            3.72112013453614        0.52025815600761       -0.23319161829282
C            3.80981870252422        1.94799886824670       -0.76908085922182
C            3.53278295367602        0.56022285990088        1.28118356394439
C           -1.21093142689847       -2.65431978958102       -1.15471873162408
C           -2.42506337552659       -1.77125134131823       -1.44938219483521
P           -2.23097095876542       -0.19397245463016       -0.50188587800375
C           -3.22446973573044       -0.57035259662226        1.04374609749955
C           -3.18397760814810        0.61295964856921        2.00833389588943
C           -2.68753294225486       -1.82619124022381        1.72784720300779
C           -3.41298413785646        0.98289182755655       -1.36341577679015
C           -3.09690609167340        2.42344906218217       -0.94486476282794
C           -3.34499347668326        0.87961575183780       -2.88595358321749
H            1.24363177034312       -3.21783520143306       -1.93301398404713
H            0.92993768176493       -3.62842837653307       -0.23996181537880
H            2.51661732753265       -2.13889413018269        0.58694384775551
H            3.30540774127134       -2.58732770176461       -0.94385946556504
H            2.11418426963520       -1.42294594712075       -3.10486681250266
H            4.24547200721075       -1.02387446958970       -4.18435932366867
H            4.71583490892445        0.18140447843677       -2.99168916643387
H            4.56626389365858       -1.51523738518112       -2.52379272056278
H            1.00195927665826        0.73857059434024       -3.41635455671915
H            2.17233337644104        0.43112555133911       -4.71026744025720
H            2.55138031920701        1.58258467125690       -3.42609043064787
H            4.63290860659572       -0.03849924440974       -0.47826878474317
H            4.55411216760705        2.51554117570980       -0.20833626271817
H            4.09160353636485        1.97172334208782       -1.82078391510820
H            2.84222770998457        2.44316499175283       -0.65589270479385
H            4.32747373280576        1.14182747353589        1.74634030836825
H            2.57433157605749        1.02988900272251        1.51193186623631
H            3.54754664369827       -0.43681956267797        1.71375667330706
H           -1.40829253992324       -3.31744922514838       -0.29521988291983
H           -1.03805454811977       -3.32061282683188       -2.02262848038661
H           -3.36761569315299       -2.28146512377147       -1.23012451389132
H           -2.40510129438872       -1.50718014476954       -2.51099464964332
H           -4.26198806043148       -0.75063813607407        0.72718559771586
H           -3.78168244798947        1.44398053163295        1.64250935848841
H           -2.15302881763543        0.94728866779755        2.13773483937568
H           -3.57887160178683        0.32047703445128        2.98069146679285
H           -2.95929763939427       -2.72543446590818        1.17952766978036
H           -3.10349208366464       -1.91446420035972        2.73106328483280
H           -1.60186148958115       -1.77841035799916        1.81231763665783
H           -4.42522760478238        0.71929214611826       -1.02912168043351
H           -3.98833778717651        3.04612840477490       -1.00888025893504
H           -2.70135294639272        2.47414645968357        0.06766936862691
H           -2.34224885891413        2.84506075773227       -1.60449599042595
H           -2.30391137488733        0.90331277664763       -3.21551685452509
H           -3.81966322118885       -0.02655457555648       -3.25753671281468
H           -3.85816458671250        1.73109942174092       -3.33169356612407
C            0.12071048165339        1.77245590484311       -1.12268944267627
O            0.17494981150040        2.82325175007741       -1.62306644506309
H            0.16795439347339        0.61093366884893        0.91574994782396
O            0.93280823684394       -2.08686481005277        2.29770510150063
C            1.16312762668298       -1.57346273963187        3.59318864367906
C            2.14196411197842       -2.46195723208455        4.32142375246741
C            1.88766937091910       -2.91758183528827        5.60805419680616
C            2.80366367352538       -3.72597187789813        6.26123207579212
C            3.98288545485560       -4.09321490854033        5.63504012811234
C            4.24289632255045       -3.64631677125349        4.34990874566554
C            3.32863705278807       -2.83693381529867        3.70166194770912
H            0.61223565985081       -1.37048816817339        1.71501651142377
H            1.57809474708297       -0.55598377844304        3.53237337724599
H            0.21617335112232       -1.51894742646801        4.15252339607785
H            0.96827050749504       -2.63910753549260        6.10470961408807
H            2.59368711845988       -4.07593960026204        7.26232155323781
H            4.69520988062772       -4.72659739530541        6.14438284716945
H            5.16092479563146       -3.92622052320108        3.85217788542965
H            3.53138937774915       -2.49782928053425        2.69644832975198
75
 energy: -93.769755091514 gnorm: 0.002916563160 xtb: 6.7.1 (edcfbbe)
Ru           0.05361463551597        0.03020366135182       -0.53974413777684
N           -0.00847228308991       -1.87491282217800       -0.90669134608913
C            1.13172120878725       -2.78087929539649       -0.93631799827267
C            2.43528299139731       -2.09909808220274       -0.51383017425216
P            2.25704970684643       -0.33653273497263       -1.00618965255773
C            2.66538743391375       -0.50161546440327       -2.83168815033888
C            4.14513893926745       -0.70848858076378       -3.14564999775987
C            2.06225394537327        0.63729065066885       -3.64974678758285
C            3.72190707864874        0.51960822822240       -0.23438112296977
C            3.80820519629009        1.95034676645787       -0.76205158196725
C            3.53495884103574        0.55083374513170        1.27987032102966
C           -1.21079063718203       -2.65511823665480       -1.15554010788350
C           -2.42838840871505       -1.77434776716145       -1.44246809134863
P           -2.22944323128901       -0.19500951868701       -0.49936267201787
C           -3.21866604427963       -0.57001302039087        1.04990616220253
C           -3.18078191386174        0.61489254791292        2.01261157136453
C           -2.67754798611824       -1.82319457562068        1.73567330043492
C           -3.41471181407632        0.98065051061169       -1.35805891148665
C           -3.09618818766268        2.42148829536131       -0.94295602723190
C           -3.35079837696932        0.87467748512710       -2.88052751770830
H            1.24224209168433       -3.21050983793204       -1.95070908173645
H            0.93369419660959       -3.63140930055887       -0.25904239412567
H            2.51966575367563       -2.14285063270148        0.57315812271228
H            3.30675518084821       -2.58579358692666       -0.96029643459598
H            2.12698908537749       -1.41977661714117       -3.11302443866066
H            4.25690488708853       -1.00046683559555       -4.18981087510722
H            4.71659537459968        0.20345316365690       -2.99159479952380
H            4.57740996482715       -1.49597301342377       -2.53019855374496
H            0.99731249074361        0.73276348328280       -3.42146170080192
H            2.17050891980370        0.43631153862471       -4.71568093091929
H            2.53964548489368        1.58970164334669       -3.43033075340862
H            4.63425615457550       -0.03628815571704       -0.48361118336248
H            4.56645712761709        2.51003598818368       -0.21293299532026
H            4.06828672477769        1.98065575395880       -1.81878260714490
H            2.84605580245115        2.44977493522784       -0.62687606897951
H            4.32692988708293        1.13487927778766        1.74710130562689
H            2.57504995654754        1.01579649086484        1.51362295175015
H            3.55493126755540       -0.44792053538980        1.70817001890843
H           -1.40239846218959       -3.31949678042611       -0.29560603048021
H           -1.04182894226867       -3.32005805642091       -2.02507636653257
H           -3.36825482105768       -2.28537587855008       -1.21393137015951
H           -2.41829820565673       -1.51276310065836       -2.50466558907675
H           -4.25615178283528       -0.75382590030258        0.73539788856736
H           -3.78244848299690        1.44302631042906        1.64660480492626
H           -2.15092109322651        0.95335633542277        2.13971919580214
H           -3.57290412009793        0.32269788702971        2.98624705485175
H           -2.94819409545762       -2.72430415476703        1.18982627438997
H           -3.09087777530678       -1.91050593564460        2.74016676179279
H           -1.59179602708400       -1.77257717182415        1.81730759909234
H           -4.42593599421034        0.71811990171101       -1.01983514526335
H           -3.98516937468803        3.04687432898191       -1.01510197007407
H           -2.70703879968964        2.47470652994791        0.07182795123746
H           -2.33580940977943        2.83772534483345       -1.59957498616072
H           -2.31032827491553        0.89101920379701       -3.21227498043344
H           -3.83232475956616       -0.02869067819539       -3.24985040284616
H           -3.85906028529950        1.72897595183008       -3.32644906543240
C            0.12221604160603        1.77240507832017       -1.11877918575077
O            0.17973192631328        2.82417126602830       -1.61679821449648
H            0.17358352860699        0.60500715618700        0.91849272805194
O            0.94345419910347       -2.09539853828290        2.28296219783143
C            1.17071918594634       -1.57487791405387        3.57600516988113
C            2.14024526425624       -2.46426957699247        4.31557444977316
C            1.87720531472624       -2.90635227045028        5.60531882976310
C            2.78478446983388       -3.71497755408117        6.26999098975157
C            3.96361176639920       -4.09686227657005        5.65154218006844
C            4.23248965412696       -3.66303718446680        4.36373467061121
C            3.32730071790607       -2.85214448997131        3.70438096496196
H            0.61674957450185       -1.38261955938117        1.70003765944577
H            1.59359110560213       -0.56084680101649        3.51079064234658
H            0.22155132449928       -1.50954611089042        4.13081440737139
H            0.95739953813335       -2.61683220128407        6.09504508728085
H            2.56834592387579       -4.05307584039104        7.27397174091481
H            4.66895288418664       -4.73164464024386        6.16909294580741
H            5.15068641300193       -3.95440522372651        3.87259759545704
H            3.53684980608989       -2.52233173626454        2.69719895015427
75
 energy: -93.769908536223 gnorm: 0.002160605556 xtb: 6.7.1 (edcfbbe)
Ru           0.05380656787198        0.02814402106483       -0.54600228992829
N           -0.00699246962796       -1.87562422022601       -0.91539782383250
C            1.13416128835415       -2.78027934062648       -0.95633727491019
C            2.43904898644471       -2.10151486057864       -0.53339473202512
P            2.25994891870689       -0.33549447136880       -1.01445084818287
C            2.67089960350087       -0.48999426994663       -2.84024214679168
C            4.15299786125100       -0.68027813086944       -3.15392970710895
C            2.05578642962389        0.64424414528382       -3.65601279952616
C            3.72407209904673        0.51844597653168       -0.23649703824068
C            3.80415519487405        1.95426363414473       -0.75080521071480
C            3.53911646576808        0.53458845288258        1.27761847991408
C           -1.21030728608305       -2.65708642317491       -1.15595654317981
C           -2.43124313965368       -1.77799572881983       -1.43291585240794
P           -2.22770130255279       -0.19681268645316       -0.49387653904996
C           -3.21072273101506       -0.57047317830140        1.06002586802884
C           -3.17533395688805        0.61734350812815        2.01904961194239
C           -2.66239957814657       -1.81939062735018        1.74774688834069
C           -3.41613592704204        0.97735579605321       -1.35015234863049
C           -3.09417630312161        2.41861438062962       -0.94029991054620
C           -3.35874833086920        0.86780746391383       -2.87266341221482
H            1.24001860225220       -3.20237183052371       -1.97438995463409
H            0.93927482888884       -3.63562815587136       -0.28436330166863
H            2.52651172419460       -2.15032279127248        0.55301043191117
H            3.30924280698847       -2.58523428525935       -0.98538780464105
H            2.14317965911692       -1.41316634665370       -3.12529167464016
H            4.26912345848640       -0.96559307125131       -4.19936888084078
H            4.71518710732968        0.23638196656297       -2.99431140256228
H            4.59184950655519       -1.46681620684965       -2.54174386208234
H            0.98984133797060        0.72754926255206       -3.42737081064867
H            2.16606023233390        0.44722081752443       -4.72244888576177
H            2.52242355303138        1.60145475713786       -3.43442754090884
H            4.63751133059049       -0.03220470285122       -0.49296929602495
H            4.57691048326982        2.50454546763434       -0.21545543559871
H            4.03743740110256        1.99597811699905       -1.81211138504963
H            2.84885569963815        2.45551452758474       -0.58771439882522
H            4.32653188202143        1.12220986554230        1.74846603937132
H            2.57597462636383        0.99050701486148        1.51636532695536
H            3.56818250724473       -0.46726151431782        1.69840343093265
H           -1.39439030752052       -3.32147807344189       -0.29446143389649
H           -1.04698833040266       -3.32153099581687       -2.02672879747119
H           -3.36776826023592       -2.28980474083313       -1.19388008370523
H           -2.43276178213709       -1.51928736828610       -2.49549318295283
H           -4.24814520685253       -0.75950193750108        0.74847825456707
H           -3.78220232356369        1.44146286266214        1.65255988160560
H           -2.14679929318698        0.96110238710265        2.14230434682427
H           -3.56326163940930        0.32608443663216        2.99467459916987
H           -2.92995402107721       -2.72326645664140        1.20493623345647
H           -3.07307258135856       -1.90582717914117        2.75341820769960
H           -1.57675077642196       -1.76360358561599        1.82656450581203
H           -4.42590454246535        0.71655232183308       -1.00638851596649
H           -3.97933096385003        3.04791688363037       -1.02506732632368
H           -2.71517055720516        2.47583879934267        0.07798068509777
H           -2.32511146757105        2.82678070060376       -1.59192650278203
H           -2.31961270360032        0.87571684004056       -3.20835266974003
H           -3.84834992509318       -0.03241933173690       -3.23852003704944
H           -3.86189344005268        1.72494222938507       -3.31865761837638
C            0.11812491740099        1.77297959957741       -1.11787388567268
O            0.19017106593153        2.82709241521139       -1.60938476514895
H            0.18602909464125        0.59931547664353        0.91270086425248
O            0.95678339221078       -2.10440459548183        2.26342519286083
C            1.18191554258249       -1.57635266728579        3.55339356721910
C            2.13800021449884       -2.46811067154657        4.30712757129320
C            1.86230156147957       -2.89061976298590        5.60086889268750
C            2.75723359859427       -3.69906676016808        6.28242244352119
C            3.93524377741204       -4.10181481898235        5.67574695521786
C            4.21620205512737       -3.68848295059878        4.38385863952950
C            3.32450672208285       -2.87575329010158        3.70807576332764
H            0.62708716021038       -1.39458788649566        1.67943841496981
H            1.61609651952614       -0.56744450799742        3.48325335108963
H            0.23065052775939       -1.49652212050458        4.10247971078497
H            0.94191998731731       -2.58499121881653        6.07966430975551
H            2.53134690590250       -4.01971948463697        7.29009770297291
H            4.63078626819057       -4.73723476812396        6.20570021917205
H            5.13392779804859       -3.99737287951114        3.90239384704478
H            3.54394125224173       -2.56078196125344        2.69803578571579
75
 energy: -93.770043903941 gnorm: 0.002283986468 xtb: 6.7.1 (edcfbbe)
Ru           0.05620408076414        0.02680764939006       -0.54769633343785
N           -0.00505856947954       -1.87525417485411       -0.92425506143016
C            1.13653412541557       -2.77913473479382       -0.97690620743890
C            2.44316820163811       -2.10300887294479       -0.55526489076279
P            2.26162444864813       -0.33395885170377       -1.02507456581915
C            2.67578559484181       -0.47657168555666       -2.85125219647749
C            4.16007426661074       -0.64918023726636       -3.16536660762770
C            2.04848066368086        0.65451134163495       -3.66219507167294
C            3.72462443558264        0.51686953985766       -0.24010058615938
C            3.79695733618251        1.95925602708474       -0.73743301529873
C            3.54468262710932        0.51406830264795        1.27482988534708
C           -1.20935406337792       -2.65873064867069       -1.15515333576054
C           -2.43373930929453       -1.78233095055056       -1.42405421572088
P           -2.22470974754324       -0.19929893337019       -0.48961886538825
C           -3.20009047094968       -0.57108126328379        1.07000151992046
C           -3.16712513678272        0.61950090847582        2.02564117172914
C           -2.64460024892623       -1.81529486737535        1.76037912567567
C           -3.41735425030997        0.97385617498111       -1.34125614042593
C           -3.09146807075982        2.41558110068437       -0.93735624350920
C           -3.36745267390275        0.86063480978332       -2.86381463520972
H            1.23763008735898       -3.19399363676390       -1.99836396501540
H            0.94516264109313       -3.63909926479103       -0.30998219388679
H            2.53590921674833       -2.15865042513809        0.53058934197493
H            3.31130494069698       -2.58351639070790       -1.01453633570898
H            2.15864888515606       -1.40434014029149       -3.14105691684766
H            4.27977633699302       -0.92746046190772       -4.21223269650694
H            4.71228647487519        0.27260059442549       -3.00047711820643
H            4.60659135068459       -1.43443499532222       -2.55703990522949
H            0.98172485283979        0.72527291515121       -3.43288313260983
H            2.16067520565947        0.46325978722797       -4.72948762884297
H            2.50469095595707        1.61582317309208       -3.43662643508847
H            4.63933373182718       -0.02706227024907       -0.50619079413283
H            4.58429084675610        2.49914852563055       -0.21383355279495
H            4.00354188032435        2.01415443902961       -1.80336135935881
H            2.84757452787194        2.46042705253701       -0.54441001397115
H            4.32746451571156        1.10467093171423        1.74947906840370
H            2.57754585443002        0.95801678131257        1.52137239709023
H            3.58531261733406       -0.49207348984586        1.68531098618815
H           -1.38562990235360       -3.32224885487113       -0.29133626087362
H           -1.05187209979928       -3.32398184187903       -2.02628302522491
H           -3.36721344292626       -2.29515662903119       -1.17599830819422
H           -2.44471289883685       -1.52575683800545       -2.48676647081525
H           -4.23777250638131       -0.76563569342804        0.76255104864981
H           -3.77932614289035        1.43956484990277        1.65900569833626
H           -2.13990391327923        0.96849457677327        2.14459357488848
H           -3.55037797796953        0.32921749600752        3.00344084907716
H           -2.90786159253158       -2.72209477818731        1.22038080457796
H           -3.05366412868077       -1.90117883327364        2.76671425729121
H           -1.55931454204356       -1.75365714201703        1.83758940999427
H           -4.42560977770475        0.71524686546306       -0.99137360040327
H           -3.97234384183156        3.04897165203510       -1.03608412445882
H           -2.72363623541561        2.47788243644918        0.08465646431586
H           -2.31316598330388        2.81476823085299       -1.58347526381428
H           -2.32994968006750        0.86202652037363       -3.20444922185383
H           -3.86371061469144       -0.03756263611087       -3.22542492526643
H           -3.86761916410885        1.71957753975770       -3.30934684177151
C            0.11772608902566        1.77186228946919       -1.11911680819510
O            0.19934192866293        2.82695196584515       -1.60725638571764
H            0.19754640721488        0.59431894851793        0.91121657975124
O            0.97049966639682       -2.11256499461098        2.24444159032172
C            1.19339818445185       -1.57735243693172        3.53162700029976
C            2.13499300045764       -2.47222478390926        4.29925457538907
C            1.84614285362651       -2.87395379735072        5.59679277163289
C            2.72703131666297       -3.68270217300564        6.29565966746073
C            3.90388698847470       -4.10734195647364        5.70188069333339
C            4.19678885031883       -3.71689702257785        4.40549445035639
C            3.31945262618918       -2.90276732117883        3.71235691965736
H            0.64233806662911       -1.40535547641621        1.65619198533803
H            1.63875767634793       -0.57366954714645        3.45659079699413
H            0.24019887005243       -1.48303316877711        4.07444282146081
H            0.92584642723694       -2.55075151163828        6.06414665995452
H            2.49109119911146       -3.98578055012029        7.30632185999305
H            4.58930301986330       -4.74221033712295        6.24539566269251
H            5.11311992742359       -4.04500375661696        3.93408483444374
H            3.54872256217495       -2.60555377841313        2.69901887717200
75
 energy: -93.770177176294 gnorm: 0.002683513545 xtb: 6.7.1 (edcfbbe)
Ru           0.05946277594248        0.02446918210263       -0.55281491487936
N           -0.00240154337419       -1.87636520948134       -0.93276372932181
C            1.13951481586719       -2.77920622262791       -0.99640705651390
C            2.44835497994625       -2.10496235601212       -0.57851172188944
P            2.26378012258942       -0.33279186080306       -1.03604118495913
C            2.67859425673078       -0.46151153498492       -2.86327760534365
C            4.16426996506869       -0.61746279923836       -3.17926017329568
C            2.04046498200519        0.66842296180881       -3.66729352106997
C            3.72564702540371        0.51422163232672       -0.24433968955831
C            3.78732837345736        1.96408852016687       -0.72189100904247
C            3.55263032832175        0.48961484180874        1.27133227750012
C           -1.20803510252007       -2.66104970069165       -1.15338411527281
C           -2.43427621339314       -1.78572054489482       -1.41595955932898
P           -2.22124501671435       -0.20141887658409       -0.48473002653840
C           -3.18838335443841       -0.57207944969300        1.08038310020194
C           -3.15637685880294        0.62149289896932        2.03224434556826
C           -2.62548857250097       -1.81156010839820        1.77309394238752
C           -3.41807331290925        0.97029260000743       -1.33215901848638
C           -3.08824349901010        2.41251401103922       -0.93453290615449
C           -3.37643134712345        0.85333141277816       -2.85474649821563
H            1.23481901801684       -3.18830638693461       -2.02061593588247
H            0.95205367884293       -3.64256137614587       -0.33296625354787
H            2.54832759680244       -2.16765509890855        0.50643569928375
H            3.31390815259971       -2.58173052410377       -1.04658110819348
H            2.17039914180728       -1.39245395653873       -3.15841842566816
H            4.28585606353341       -0.88880737028558       -4.22766831195954
H            4.70678146423137        0.30922813041448       -3.00990660889599
H            4.61913716498592       -1.40134191761034       -2.57533262706743
H            0.97324136967202        0.72777533848797       -3.43743183709952
H            2.15425358412226        0.48482873320086       -4.73578529328506
H            2.48773126359064        1.63247356750817       -3.43586772462195
H            4.64208266486122       -0.02082558134458       -0.52228415376385
H            4.58395415743281        2.49665218969957       -0.20660611103048
H            3.97193769079688        2.03489224513991       -1.79026761875183
H            2.84201573305351        2.46052569386607       -0.50293739621475
H            4.33042875697776        1.08315259873175        1.75021194889491
H            2.58156147844889        0.91991559610024        1.52727055376259
H            3.60652567429274       -0.52131424598556        1.66912028931107
H           -1.37765040880206       -3.32171712287242       -0.28617919904407
H           -1.05642577036616       -3.32885451169317       -2.02352161199466
H           -3.36567925790201       -2.29906760312669       -1.16214028829181
H           -2.45133875082024       -1.53043329347086       -2.47866575876366
H           -4.22646920518979       -0.77183480797552        0.77761223957905
H           -3.77336070249233        1.43795751029883        1.66574114684558
H           -2.13008027892737        0.97475455753033        2.14607087203355
H           -3.53453314792589        0.33258489559692        3.01245187159942
H           -2.88304457804624       -2.72120066207183        1.23512961229990
H           -3.03417204117672       -1.89775652518509        2.77957344875767
H           -1.54067828808131       -1.74305468006864        1.85011372130478
H           -4.42461254094060        0.71381197811018       -0.97582103780245
H           -3.96458387017938        3.04982410449031       -1.04732562677837
H           -2.73141310303182        2.48028620403309        0.09086027566588
H           -2.30091952773938        2.80244538941048       -1.57516543661428
H           -2.34091394376689        0.85202822594172       -3.20093984184473
H           -3.87625150959246       -0.04461406600533       -3.21160181141462
H           -3.87712617761294        1.71219587258567       -3.29952833971290
C            0.11918317011421        1.76993192095497       -1.12343444189863
O            0.20506136960969        2.82575906718454       -1.60903761476368
H            0.20678632352536        0.59490438078107        0.90397665381140
O            0.98240615600176       -2.11780261428382        2.22707659214499
C            1.20331453687885       -1.57854519593153        3.51269435038186
C            2.13047616813643       -2.47743942880054        4.29263531381273
C            1.82983947523357       -2.85812190145730        5.59383477732390
C            2.69694853610635       -3.66673105708129        6.30919302254013
C            3.87182312880914       -4.11308560567301        5.72774618926752
C            4.17513320477248       -3.74594085322426        4.42714359168578
C            3.31171083802755       -2.93113831172056        3.71738011895681
H            0.66296545519755       -1.41045950634005        1.63394907050249
H            1.65940505001224       -0.58005598876666        3.43551138150757
H            0.24814388357952       -1.47121052330697        4.04914453985549
H            0.91056684640169       -2.51731852646663        6.05032502049337
H            2.45182199661491       -3.95228690192737        7.32254255058750
H            4.54753183827576       -4.74685779441524        6.28426686160171
H            5.08923461256280       -4.09301813031388        3.96538105720392
H            3.54994243108492       -2.65227425600053        2.70095880088772
75
 energy: -93.770318792289 gnorm: 0.002205660987 xtb: 6.7.1 (edcfbbe)
Ru           0.06352132830570        0.02343746381050       -0.55855665891913
N            0.00126143740477       -1.87698499895136       -0.94018995685540
C            1.14333497572669       -2.77896086737782       -1.01631964273206
C            2.45533696917575       -2.10704135131549       -0.60414090485284
P            2.26625191277260       -0.33179869974604       -1.04752550145568
C            2.68006491370593       -0.44411492682952       -2.87667911482042
C            4.16659550926936       -0.58344644969499       -3.19590834930039
C            2.03168968351772        0.68629175729419       -3.67183974966116
C            3.72678107686674        0.51068967722532       -0.25005082569672
C            3.77472332260314        1.96904531840906       -0.70388538475255
C            3.56416960417012        0.46048044908888        1.26668204789238
C           -1.20555172532448       -2.66305697017492       -1.15026087516010
C           -2.43349459362044       -1.78894248444731       -1.40821585196138
P           -2.21672726106272       -0.20398563799118       -0.47904362494668
C           -3.17519780458317       -0.57315151639049        1.09145104438729
C           -3.14251271376535        0.62350640726054        2.03943295440503
C           -2.60422883909209       -1.80780921310881        1.78585561564083
C           -3.41831484069600        0.96625347817405       -1.32183685923966
C           -3.08528611013714        2.40953249383833       -0.93182612234293
C           -3.38663717332621        0.84536471721624       -2.84448208557494
H            1.23190940580006       -3.18247767238940       -2.04329338609365
H            0.96069276326869       -3.64584575304062       -0.35622302410614
H            2.56537929500707       -2.17896228446168        0.47957159636448
H            3.31721013938328       -2.57934592916086       -1.08379887163633
H            2.17986645587302       -1.37737877366640       -3.17804408837845
H            4.28893033631333       -0.84720796707258       -4.24619478569562
H            4.69947197495387        0.34802513024562       -3.02205872760638
H            4.63069577469836       -1.36615101002602       -2.59759777942012
H            0.96398530104478        0.73423282389554       -3.44221702797363
H            2.14759738918716        0.51241220908604       -4.74180791265394
H            2.47033421323668        1.65241759891136       -3.43237382376459
H            4.64545285545687       -0.01285045383598       -0.54243244389904
H            4.57988784860220        2.49536825405600       -0.19492148101880
H            3.93767142642782        2.05820014493163       -1.77485737050762
H            2.83160025466606        2.45761513466997       -0.45774826197778
H            4.33759038008989        1.05608413505497        1.74941901007692
H            2.58944610339216        0.87512708479044        1.53497663901868
H            3.63342524747530       -0.55584560054703        1.64877079343381
H           -1.36898589472203       -3.32029280175090       -0.27931812042826
H           -1.05979504285558       -3.33425253560431       -2.01884275961200
H           -3.36358198220705       -2.30284907215112       -1.15059143793059
H           -2.45425759972842       -1.53410400226330       -2.47100488735666
H           -4.21404126659986       -0.77785928122130        0.79447779364241
H           -3.76429177272446        1.43664045411792        1.67376726433884
H           -2.11681449578499        0.98051694765395        2.14680058432410
H           -3.51448189158272        0.33619007354010        3.02246987813410
H           -2.85526626720551       -2.72008321289946        1.24937778448801
H           -3.01280327199799       -1.89515764744987        2.79228469272555
H           -1.52000412502534       -1.73167638062239        1.86303565689378
H           -4.42286731956814        0.71200623175273       -0.95829429100400
H           -3.95726729483326        3.04998184747629       -1.05902526467195
H           -2.73930113480876        2.48423824875362        0.09662229595192
H           -2.28977521669863        2.79024762452443       -1.56742885015134
H           -2.35342628496950        0.84457444119175       -3.19759725884240
H           -3.88769770891226       -0.05419335816913       -3.19554125457968
H           -3.89137350568243        1.70245772318973       -3.28814045449001
C            0.12293830590794        1.76817711213212       -1.13126315340977
O            0.20867222671902        2.82383569679594       -1.61651669125550
H            0.21565163677444        0.59589929707213        0.89686985754814
O            0.99610934452021       -2.12271961717570        2.21012540766664
C            1.21169290290075       -1.58017677057637        3.49529412692900
C            2.12356337756380       -2.48308924436134        4.28814803367492
C            1.81240399281625       -2.84141438061773        5.59315116353131
C            2.66534546373656       -3.65067694287383        6.32385778338843
C            3.83704378151307       -4.11990033905284        5.75432638046013
C            4.14962502946296       -3.77691767721889        4.44951927114021
C            3.29992055260803       -2.96182673389807        3.72382443664617
H            0.68808924272507       -1.41476968889653        1.60998134068880
H            1.67735097117198       -0.58638392004384        3.41737269421629
H            0.25341756301754       -1.46126530635784        4.02336393503030
H            0.89590920041426       -2.48169711135515        6.04026710454786
H            2.41184302301872       -3.91892918283417        7.33954115683974
H            4.50275795744224       -4.75267731529386        6.32352620903287
H            5.06044735678276       -4.14336799943401        3.99687202838721
H            3.54547268698367       -2.70277962217828        2.70412042807629
75
 energy: -93.770459800673 gnorm: 0.002697998497 xtb: 6.7.1 (edcfbbe)
Ru           0.07001358416464        0.02143121221689       -0.56431867986621
N            0.00649722339711       -1.87861853690807       -0.94762448894883
C            1.14839705362165       -2.77960525461282       -1.03653876879862
C            2.46378751227651       -2.10895271844720       -0.63269870193252
P            2.26990547604242       -0.33015540812764       -1.06003622525320
C            2.67981643174468       -0.42427401424291       -2.89152690273892
C            4.16641478287009       -0.54814098429930       -3.21526686506951
C            2.02237133568598        0.70867159445498       -3.67545631194828
C            3.72962731263144        0.50622946528817       -0.25702174792505
C            3.75981508094375        1.97356136686890       -0.68334514659089
C            3.57997815358241        0.42630687417666        1.26011768921523
C           -1.20183936032707       -2.66528710730173       -1.14613810812004
C           -2.43029408861211       -1.79101762234877       -1.40080191551544
P           -2.21071526626704       -0.20548560589822       -0.47316058712178
C           -3.15969828071485       -0.57382763692096        1.10281519477432
C           -3.12444835581106        0.62577575373442        2.04702390721872
C           -2.58101022429007       -1.80408073826216        1.79821840082329
C           -3.41865471841170        0.96202533537747       -1.31096728487518
C           -3.08317373292352        2.40671875323498       -0.92937803103833
C           -3.39844046262207        0.83660664418176       -2.83348533395235
H            1.22861442805556       -3.17846774957925       -2.06595196189946
H            0.97133739002308       -3.64923251751913       -0.37854619995497
H            2.58623905620362       -2.19073923186831        0.44905998864482
H            3.32115311473245       -2.57586305646756       -1.12592436532447
H            2.18569733669332       -1.35845835762928       -3.19959643889261
H            4.28805772337015       -0.80368479191388       -4.26772628196548
H            4.69034224733592        0.38751294767223       -3.03672582537579
H            4.63986111567330       -1.33029094279840       -2.62370209554583
H            0.95417429461084        0.74548317702270       -3.44694425728038
H            2.14096227878586        0.54692899096349       -4.74711221612824
H            2.45310541568487        1.67576947924907       -3.42536934719575
H            4.65097193380554       -0.00279728219295       -0.56627639828567
H            4.56619227627922        2.49811824231002       -0.17560057252282
H            3.90787905463918        2.08395365092125       -1.75380891099989
H            2.81600096271214        2.44779266291841       -0.41644255429647
H            4.34921496942975        1.02347382186723        1.74732696050241
H            2.60232539093718        0.82381648243178        1.54261843553267
H            3.66578993783248       -0.59557732634361        1.62355589303174
H           -1.35997633358726       -3.31778558652661       -0.27076356283451
H           -1.06221556963686       -3.34099597709042       -2.01226228855982
H           -3.36012514464702       -2.30496109413247       -1.14198280523144
H           -2.45200261598301       -1.53602549675111       -2.46375114386402
H           -4.19963036115963       -0.78264967552650        0.81266227152809
H           -3.75083581069321        1.43611898997733        1.68312141542734
H           -2.09894538379978        0.98571306758938        2.14652331700806
H           -3.48914261882533        0.34027554985345        3.03330995684536
H           -2.82538523937476       -2.71846758947585        1.26243077120036
H           -2.98971653658875       -1.89345345121939        2.80451705574292
H           -1.49740717987780       -1.72021925262065        1.87579969620921
H           -4.42058614389359        0.70931769976973       -0.93911389696798
H           -3.95133867057058        3.04916796842587       -1.07007776268509
H           -2.74667269769487        2.48901122457485        0.10131935034283
H           -2.28080028529727        2.77873406015555       -1.56099765671510
H           -2.36804990248699        0.84109182797360       -3.19480352802845
H           -3.89699051867532       -0.06696803083688       -3.17778316583180
H           -3.91195094128772        1.68944147299940       -3.27561621771636
C            0.12798140892150        1.76544729367806       -1.13968093490521
O            0.20851195037931        2.82067242251112       -1.62664748719735
H            0.22421447722516        0.60094741267238        0.88813938908625
O            1.01041430945677       -2.12567311062730        2.19346848352054
C            1.21680238934806       -1.58329593478013        3.48023934066112
C            2.11327809789060       -2.49013068082300        4.28572123283706
C            1.79386583565799       -2.82473493337933        5.59497309737324
C            2.63318334684856       -3.63477066849186        6.33973981351601
C            3.79996833655931       -4.12806148653120        5.78060692471363
C            4.11998140303986       -3.80950801740034        4.47172680365652
C            3.28342278900471       -2.99407257798029        3.73152387324513
H            0.71707465199337       -1.41507984974062        1.58767354454470
H            1.69049654448977       -0.59337226517966        3.40624544831969
H            0.25400609069898       -1.45624326575754        3.99795554282094
H            0.88179889288338       -2.44535020813176        6.03436433628615
H            2.37316011851000       -3.88479843609536        7.35827243963775
H            4.45563782179083       -4.76062927465351        6.36123560812119
H            5.02655769515841       -4.19518083412524        4.02727547110656
H            3.53429678739087       -2.75469959187936        2.70865341519431
75
 energy: -93.770577920079 gnorm: 0.002828769962 xtb: 6.7.1 (edcfbbe)
Ru           0.07638257003331        0.02075694492544       -0.56910965112366
N            0.01262910134093       -1.87918157891989       -0.95478318288063
C            1.15445101738852       -2.77907492922743       -1.05866110918776
C            2.47352637093183       -2.11072794513918       -0.66279334181350
P            2.27450424201373       -0.32829991920373       -1.07252275580493
C            2.67996104196419       -0.40321932895137       -2.90661621746110
C            4.16675028100085       -0.51148688066780       -3.23499894734272
C            2.01304170412164        0.73209489160707       -3.67931705361947
C            3.73374375720747        0.50226539903110       -0.26538093984064
C            3.74469393989716        1.97842535439607       -0.66232518489224
C            3.59936849287431        0.39101225629458        1.25192988378822
C           -1.19683918517372       -2.66675305998184       -1.14228179853339
C           -2.42668402140326       -1.79302849073993       -1.39283384328532
P           -2.20458872608673       -0.20692217312462       -0.46663366351887
C           -3.14368264862583       -0.57392502704970        1.11504822326698
C           -3.10478371912047        0.62850701815098        2.05566794929632
C           -2.55724912651963       -1.80041817095177        1.81022317678522
C           -3.41936716432188        0.95771574829671       -1.29934782087011
C           -3.08274564151603        2.40437195908020       -0.92700846150026
C           -3.41191126272016        0.82713965164291       -2.82160807257219
H            1.22581264590886       -3.17199011108658       -2.09113550578341
H            0.98358008855488       -3.65257718309449       -0.40401248536106
H            2.60878284093299       -2.20362046354904        0.41667843993316
H            3.32589063147167       -2.57164112490287       -1.17057891324202
H            2.19202084103825       -1.33855046962259       -3.22167946862241
H            4.28791935500347       -0.75746467041088       -4.28998982047229
H            4.68217346638605        0.42792045219464       -3.05031137209677
H            4.64900896993506       -1.29410727857698       -2.65125640144050
H            0.94392190878880        0.75666325473929       -3.45327536634581
H            2.13568682411275        0.58320667063639       -4.75246845408239
H            2.43461895050680        1.70054054899602       -3.41762574394227
H            4.65750207301671        0.00895489814720       -0.59273089764628
H            4.55528797356829        2.50020208653725       -0.15533892744363
H            3.87456663735496        2.11097961606194       -1.73459140673628
H            2.79887527138020        2.43849197620440       -0.37029268587545
H            4.36545642199584        0.98871947142479        1.74316291616235
H            2.61927132500871        0.77056229468674        1.55063915642228
H            3.70209789947082       -0.63648240585114        1.59515974723955
H           -1.34920512519886       -3.31576843372063       -0.26325551555281
H           -1.06327498718452       -3.34587749536711       -2.00674388091152
H           -3.35610869887486       -2.30730805007410       -1.13189631566871
H           -2.45028647640596       -1.53791762743739       -2.45611802532139
H           -4.18491161101196       -0.78620502852811        0.83212487848556
H           -3.73631477218129        1.43608352790212        1.69435774515965
H           -2.07941266382693        0.99156647208922        2.14612194716053
H           -3.46097563014200        0.34464718240063        3.04554857028623
H           -2.79684615009542       -2.71646295587760        1.27533609764480
H           -2.96412006212019       -1.89168855091125        2.81714428008731
H           -1.47410835581044       -1.70986634062506        1.88595335687795
H           -4.41818704463498        0.70595754976497       -0.91841956506564
H           -3.94826284031985        3.04754097857414       -1.08040945469806
H           -2.75473432165637        2.49499683436458        0.10565391359585
H           -2.27476061076788        2.76874213369801       -1.55575258278860
H           -2.38465704731833        0.83755780841978       -3.19231893399076
H           -3.90760661068921       -0.08108938892829       -3.15839918665490
H           -3.93543112973950        1.67508727882425       -3.26196095108109
C            0.13166615662371        1.76423828939141       -1.14617316915717
O            0.20712137525534        2.81884615884470       -1.63525177437338
H            0.23624697162916        0.60271597834549        0.88223232295617
O            1.02982682349144       -2.13082256754735        2.17550844684936
C            1.22042474011703       -1.58772052851221        3.46469536821372
C            2.10108297567784       -2.49702247292061        4.28487587005570
C            1.77457970414025       -2.80610663489161        5.59910206504539
C            2.60019949696925       -3.61821491816579        6.35710297311613
C            3.76068648439846       -4.13780086811311        5.80740842741855
C            4.08762459740376       -3.84425869680657        4.49396420653703
C            3.26418989157238       -3.02770948512238        3.73998875229247
H            0.74379752002702       -1.42018002438153        1.56503205120713
H            1.69983791164890       -0.60016559603923        3.39566255456755
H            0.25094328636723       -1.45482924827230        3.96884339562014
H            0.86818376241680       -2.40568106891162        6.03230639886635
H            2.33460876971758       -3.84976714724881        7.37883668275219
H            4.40554449475582       -4.77167132823678        6.39890748978696
H            4.98925305620697       -4.25015417230207        4.05678665230315
H            3.51886034878463       -2.80831957404508        2.71346700161160
75
 energy: -93.770684220007 gnorm: 0.003280657240 xtb: 6.7.1 (edcfbbe)
Ru           0.08420373737672        0.02109458460258       -0.57206401805661
N            0.01986618048032       -1.87894498546703       -0.96017886950955
C            1.16087370612637       -2.77830541170377       -1.07734899216971
C            2.48352641568732       -2.11210268823362       -0.69029709190530
P            2.27999592926001       -0.32657097644706       -1.08388187536285
C            2.67840157827901       -0.38336329867831       -2.92039755207729
C            4.16416820497449       -0.48143631312103       -3.25459477782755
C            2.00559744782926        0.75638495446262       -3.68121040344512
C            3.73933198511849        0.49900353612281       -0.27368232542048
C            3.73137280270701        1.98146343381432       -0.64380496375650
C            3.62104191112771        0.35838589243349        1.24229131431392
C           -1.19043209723267       -2.66709422819377       -1.13824921641792
C           -2.42068452436784       -1.79350243930265       -1.38696118225982
P           -2.19723195474090       -0.20737240289398       -0.46124785906068
C           -3.12782629760836       -0.57291548571612        1.12530738741275
C           -3.08266162204646        0.63135147761181        2.06348601519702
C           -2.53627652208151       -1.79754506271424        1.81881688315817
C           -3.41981545159566        0.95336633487938       -1.28927878485087
C           -3.08434986402515        2.40235133790233       -0.92556977302406
C           -3.42512424965777        0.81814117404407       -2.81102343377400
H            1.22312880011827       -3.16731656379299       -2.11187897168512
H            0.99563950650900       -3.65428504104030       -0.42455177941246
H            2.63097463541824       -2.21414722789556        0.38643849583611
H            3.33070189407793       -2.56738633820075       -1.21151230453766
H            2.19276093266841       -1.31761120925701       -3.24197502379741
H            4.28285771863683       -0.71815332124194       -4.31204762729152
H            4.67450089592660        0.45946495156143       -3.06400940546597
H            4.65281607011137       -1.26593791660448       -2.67900006966082
H            0.93591454397364        0.77168401639487       -3.45829633572277
H            2.13207787997125        0.62111070869127       -4.75570066441745
H            2.42064215090910        1.72416577076068       -3.40686964095762
H            4.66500381796718        0.02169843362043       -0.61764885013115
H            4.53287933104942        2.50793685266304       -0.12828160096647
H            3.86046275620571        2.13335763116697       -1.71151341972143
H            2.78001018734858        2.42156290754316       -0.34616849217044
H            4.38602693302595        0.95442500404640        1.73715007222875
H            2.64078167975271        0.72270909552948        1.55667967939335
H            3.73754233206258       -0.67350403910084        1.56562303840358
H           -1.33883016486794       -3.31253543276653       -0.25600458685786
H           -1.06192926423611       -3.34976509773154       -2.00063718235050
H           -3.35054142498577       -2.30780711293992       -1.12680853045884
H           -2.44315050100497       -1.53749159055328       -2.45034165135707
H           -4.17069264042541       -0.78610100513093        0.84955472274240
H           -3.71792065841334        1.43763522089019        1.70590260047441
H           -2.05688424862070        0.99562241118714        2.14460983175574
H           -3.43027525869216        0.34913860491032        3.05684371082267
H           -2.77418162651990       -2.71404886135442        1.28428614072490
H           -2.94041895388832       -1.89038804040764        2.82676914670004
H           -1.45336599444281       -1.70322487563943        1.89151902349239
H           -4.41515120632907        0.70112573419943       -0.89962014318731
H           -3.94941666034067        3.04369902294479       -1.08613467200060
H           -2.75985393001198        2.50053979322896        0.10712229627797
H           -2.27508848818107        2.76276396603737       -1.55433506734294
H           -2.40145845187854        0.83923259029350       -3.19148344633559
H           -3.91374519802185       -0.09674403981245       -3.14048422107738
H           -3.96273889758706        1.65884870933965       -3.24908068733930
C            0.13409849861416        1.76402634780923       -1.15103558204648
O            0.20034882666784        2.81758099542783       -1.64393271603865
H            0.24852571429773        0.60318861736472        0.87936598081106
O            1.04809105485891       -2.13296836733120        2.16231002182296
C            1.21739489934792       -1.59427037081417        3.45663911053980
C            2.08597017086834       -2.50436435011830        4.28794206145312
C            1.75778414623366       -2.79215826331914        5.60604531363237
C            2.57366924813079       -3.60603130006732        6.37198298915717
C            3.72615077068558       -4.14708581494251        5.82748961805955
C            4.05530075493294       -3.87302767094718        4.51106293862410
C            3.24129311543612       -3.05548057764891        3.74888300502708
H            0.76616333887954       -1.42135209220330        1.55110639581083
H            1.69682201055432       -0.60608535684401        3.39919662321702
H            0.24004643988625       -1.46416244445911        3.94595177910518
H            0.85816717595713       -2.37508199295453        6.03645914767963
H            2.30699954616868       -3.82229676830023        7.39646725641549
H            4.36262905803602       -4.78290865276042        6.42541329454616
H            4.95108642075995       -4.29461025942230        4.07789071587273
H            3.49555237372864       -2.85114355177377        2.71979927333272
75
 energy: -93.770767326340 gnorm: 0.002716374840 xtb: 6.7.1 (edcfbbe)
Ru           0.09092021012172        0.01974481681617       -0.57416652878420
N            0.02666635405194       -1.87915712906840       -0.96774912212263
C            1.16757349777075       -2.77677697548079       -1.09802514989760
C            2.49223297577553       -2.11155676197921       -0.71670089772715
P            2.28532241256253       -0.32281295471136       -1.09477750329887
C            2.67905464199306       -0.36490600444979       -2.93278983531303
C            4.16461489340394       -0.45236351643227       -3.27158737716843
C            1.99913218215021        0.77735945909001       -3.68360667381260
C            3.74620851236184        0.49765677997589       -0.28190053639751
C            3.72089453294162        1.98530757467977       -0.62808372961150
C            3.64291848650940        0.32997285823646        1.23245779600948
C           -1.18460810859758       -2.66760347967370       -1.13658458011576
C           -2.41612375415669       -1.79391318540672       -1.37939955542695
P           -2.19081124591127       -0.20650795909754       -0.45605729061755
C           -3.11298660758992       -0.57130715642709        1.13559192343440
C           -3.06211959020625        0.63442494795905        2.07174217230732
C           -2.51715945027323       -1.79497019566922        1.82697490457157
C           -3.42158089545251        0.94956359329950       -1.27964644129415
C           -3.08746335757270        2.40061645501907       -0.92373173613348
C           -3.43891372296248        0.80922749647578       -2.80071943166551
H            1.22222166438465       -3.15944133562358       -2.13541315616766
H            1.00756249303267       -3.65673446076961       -0.44914057826026
H            2.64881389042182       -2.22208727557748        0.35762175488849
H            3.33531585848417       -2.56148901172213       -1.24874370043436
H            2.19714120917400       -1.29932876713892       -3.26015981080312
H            4.28204673056331       -0.67893076294548       -4.33148677239224
H            4.67014411490534        0.48985645529493       -3.07380497032751
H            4.65878541635448       -1.23952565545196       -2.70424146772746
H            0.92853962493309        0.78210321395653       -3.46404520761521
H            2.12998550289469        0.65402882319544       -4.75895241465350
H            2.40586077220361        1.74564883708282       -3.39821580218102
H            4.67263329457847        0.03420867229172       -0.64195513040110
H            4.51964128757764        2.51212115582174       -0.10659833171342
H            3.84230093329564        2.15615261208258       -1.69543953942545
H            2.76491525077586        2.41061184608720       -0.31762920330555
H            4.40776501217256        0.92390895871155        1.73022684682589
H            2.66314080093805        0.68105512302424        1.56248729612785
H            3.77110795149398       -0.70615869412871        1.53722667425481
H           -1.32748344863870       -3.31137309461826       -0.25213930466272
H           -1.06160663436681       -3.35158755832807       -1.99865396362276
H           -3.34507905476546       -2.30855247479779       -1.11602971113015
H           -2.44226707392947       -1.53815691635798       -2.44296088270357
H           -4.15741824350829       -0.78496215036770        0.86637555453031
H           -3.70168058952184        1.43917340358384        1.71816543906081
H           -2.03624325120898        1.00062306528300        2.14370718671680
H           -3.40098189752048        0.35324443354789        3.06842601889451
H           -2.75699446036987       -2.71192857438801        1.29412490388757
H           -2.91564176101705       -1.88772162749963        2.83723939755627
H           -1.43403342919044       -1.69919584962611        1.89335624428213
H           -4.41327228543982        0.69627658505411       -0.88130206582962
H           -3.95314022675073        3.03997127683250       -1.08998273586406
H           -2.76539017855774        2.50521994537181        0.10909251101275
H           -2.27731401711249        2.75806400961239       -1.55338040692480
H           -2.41892677777954        0.83709138876200       -3.19047488964469
H           -3.92332715803789       -0.11039848576410       -3.12326750596775
H           -3.98696176488127        1.64433920294651       -3.23651723242125
C            0.13384320402174        1.76444052084186       -1.14841517771308
O            0.19523621634534        2.81830217113224       -1.64154682489572
H            0.26278311475070        0.60137492909715        0.87685379280393
O            1.07059426368011       -2.13806418190613        2.14744771610185
C            1.21511589380456       -1.60169868012332        3.44597691434597
C            2.07207952609337       -2.51132696259800        4.28966652288482
C            1.74141899318990       -2.77698180348050        5.61232521706348
C            2.54741205560453       -3.59305478093121        6.38739874216086
C            3.69186904881259       -4.15747173968541        5.84801435798358
C            4.02442995590846       -3.90317501169122        4.52783279858166
C            3.22042458755881       -3.08364679417311        3.75645110380063
H            0.78190512741291       -1.42900784420472        1.53746049739043
H            1.69287173815459       -0.61164790362108        3.39912915704104
H            0.22878597317679       -1.47506503894519        3.91891902586234
H            0.84801549140704       -2.34209657075733        6.03952031272454
H            2.27923359233198       -3.79299673715536        7.41546097580137
H            4.31953746930875       -4.79590872395690        6.45309202098371
H            4.91469682180768       -4.34173484353709        4.09869858935486
H            3.47496478105696       -2.89393370925959        2.72422089972274
75
 energy: -93.770835805244 gnorm: 0.002376972559 xtb: 6.7.1 (edcfbbe)
Ru           0.09591022015416        0.02083870767093       -0.57435863018534
N            0.03227481867922       -1.87706815545016       -0.97315415472325
C            1.17288685619575       -2.77342178708063       -1.11335597017202
C            2.49866502345728       -2.11005382871914       -0.73388343337712
P            2.29023229298117       -0.31975965324566       -1.10218627760943
C            2.67963141033856       -0.35174752337671       -2.94091540237330
C            4.16453525564683       -0.43497237968185       -3.28361543882462
C            1.99613234235181        0.79309665073887       -3.68425337626916
C            3.75334754675080        0.49855826072820       -0.28906200331604
C            3.71683786094503        1.98805218401364       -0.61965570663760
C            3.66248561785364        0.31311551615832        1.22271217968852
C           -1.17902321820816       -2.66649813408264       -1.13665136876137
C           -2.41241376464756       -1.79421909407386       -1.37431321494303
P           -2.18605447151156       -0.20601671911399       -0.45286469480222
C           -3.10238467730355       -0.56889223380878        1.14280815554719
C           -3.04424427088541        0.63705137193369        2.07839798153270
C           -2.50576236738646       -1.79425623589404        1.83033761767638
C           -3.42310725797319        0.94626000892171       -1.27336403024506
C           -3.09239740615356        2.39920332042057       -0.92257064035438
C           -3.44988793716482        0.80243124009797       -2.79367884189708
H            1.22280731972791       -3.15045570728183       -2.15294772346405
H            1.01623079790597       -3.65706012406310       -0.46869199481367
H            2.65927571771270       -2.22530609866636        0.33875870438647
H            3.33927653349501       -2.55646690485178       -1.27169627140985
H            2.19862946485966       -1.28530923984919       -3.27217681535482
H            4.27979670793801       -0.65293995916925       -4.34539153418531
H            4.66956535032164        0.50608679625170       -3.07938095427543
H            4.66045522658477       -1.22616436951615       -2.72352685266601
H            0.92512599717940        0.79116231926463       -3.46736026635885
H            2.13002017319296        0.67906949067998       -4.75996897298901
H            2.39747388057546        1.76065625428041       -3.39010719819786
H            4.67901013442561        0.04458692172406       -0.66029820638640
H            4.50814758824833        2.51718520673193       -0.08789426937126
H            3.84204988252636        2.17026149298140       -1.68448726717337
H            2.75550802451471        2.40218567490805       -0.31047147949652
H            4.43005505584030        0.90311839933319        1.72128230926233
H            2.68521849646004        0.65694620151806        1.56523068258020
H            3.79592098381003       -0.72540206108964        1.51392131454276
H           -1.31746782393468       -3.31065799468776       -0.25179427841451
H           -1.05942817259351       -3.35000569629303       -1.99936248184041
H           -3.33984154688823       -2.30961681772855       -1.10717064409630
H           -2.44290788854956       -1.53866883721442       -2.43772784686941
H           -4.14842398522456       -0.78010739002629        0.87850921805513
H           -3.68614598892063        1.44184325063724        1.72922838168267
H           -2.01790652520014        1.00323950944399        2.14263932397779
H           -3.37578742972008        0.35654380162601        3.07761542587668
H           -2.75346564035978       -2.71058931121708        1.29982292395777
H           -2.89594703369206       -1.88482222541666        2.84405818820485
H           -1.42178503859813       -1.70212103237645        1.88716804235191
H           -4.41156185478186        0.69086471047874       -0.86864864601940
H           -3.96135855148357        3.03472589507883       -1.08662397357143
H           -2.76652367567386        2.50746846248970        0.10862437894085
H           -2.28627705423010        2.75852792771160       -1.55660322373361
H           -2.43329121949563        0.83563143569272       -3.19097862605624
H           -3.93072791595532       -0.12068160556023       -3.11110168623106
H           -4.00621080992250        1.63296137697137       -3.22697765571139
C            0.13133173638825        1.76814619976103       -1.14105757089853
O            0.18899180811561        2.82300703891984       -1.63233999748633
H            0.27565352711770        0.59326508511693        0.87949643654029
O            1.09074582401345       -2.14126027736128        2.13920068243749
C            1.20795517272197       -1.61011704222132        3.44246510397512
C            2.05922943462739       -2.51703078421005        4.29384713205966
C            1.73033064401429       -2.76934001031123        5.61882999476245
C            2.53157401167274       -3.58696867845440        6.39738205076916
C            3.66840896922608       -4.16606347035047        5.85907392468397
C            4.00046626771618       -3.92258297798085        4.53717513343796
C            3.20175928954829       -3.10133365061444        3.76245759475990
H            0.78719479756424       -1.43613916435547        1.53307967429717
H            1.67741407226891       -0.61481434015236        3.40882253713656
H            0.21293417330584       -1.49469728400402        3.89996559324761
H            0.84221232529235       -2.32401985630186        6.04537181193047
H            2.26535850926447       -3.77699640386891        7.42757792806812
H            4.29096830335041       -4.80703331885133        6.46666131952949
H            4.88571596951251       -4.37120031974169        4.10884350996903
H            3.45373148699421       -2.91878074233148        2.72856645848838
75
 energy: -93.770875934352 gnorm: 0.002102608526 xtb: 6.7.1 (edcfbbe)
Ru           0.09976211955430        0.02175417478547       -0.57506685391204
N            0.03616065852685       -1.87473703856023       -0.97949203365313
C            1.17689316251760       -2.76965330224501       -1.12936661846237
C            2.50345090966002       -2.10842668083501       -0.74930687944213
P            2.29383660651968       -0.31657202602271       -1.10947653942614
C            2.68082769388839       -0.33959556063619       -2.94863982206324
C            4.16559927178871       -0.41728584711804       -3.29444843028272
C            1.99282884275144        0.80709239262434       -3.68509740937598
C            3.75910180755399        0.50010585170546       -0.29573725408508
C            3.71426707522719        1.99274783577066       -0.61223406094565
C            3.67886896899289        0.29770778408289        1.21459277944747
C           -1.17522769297357       -2.66563349659749       -1.13751837299628
C           -2.41112407226934       -1.79543495518730       -1.36852331162032
P           -2.18196213927646       -0.20612010941582       -0.44985168729851
C           -3.09293635867177       -0.56706578396023        1.14978154215019
C           -3.02819962680618        0.63902932743601        2.08480259310250
C           -2.49541727771289       -1.79395231037171        1.83397382219981
C           -3.42470198393960        0.94267610562818       -1.26734303111696
C           -3.09591508578282        2.39699913149707       -0.92080777422587
C           -3.46008328001667        0.79616273546517       -2.78723948948009
H            1.22357842840642       -3.13977067073746       -2.17165923696200
H            1.02303826540204       -3.65773842362308       -0.49005410492787
H            2.66561714187357       -2.22784221874906        0.32268933924224
H            3.34297082675166       -2.55215924324160       -1.29105377536027
H            2.20228722050823       -1.27312811541373       -3.28374245801893
H            4.27968496608386       -0.62696130376361       -4.35796136259554
H            4.66925910101449        0.52327042244374       -3.08389143162738
H            4.66365312482305       -1.21202744364453       -2.74098488868330
H            0.92154314830775        0.79800921858318       -3.46917225688074
H            2.12868601384414        0.70145160528818       -4.76148627734031
H            2.38860168828437        1.77457146792551       -3.38328788610863
H            4.68418210298113        0.05375077388798       -0.67817258204601
H            4.50000710166034        2.52206770223274       -0.07376956304121
H            3.84197676424388        2.18567367642624       -1.67466369194877
H            2.75010624772008        2.39925934530491       -0.30321798894368
H            4.44815161500414        0.88551008815289        1.71367706147553
H            2.70285139804379        0.63440076340253        1.56911933247122
H            3.81851086341757       -0.74408046034526        1.49366879545108
H           -1.30835625147211       -3.31046674773490       -0.25224655177678
H           -1.05924877110428       -3.34837144346681       -2.00127206359931
H           -3.33599732286799       -2.31188259804169       -1.09514939854025
H           -2.44867135173910       -1.54096576137161       -2.43175948176669
H           -4.14056488979875       -0.77623461098845        0.89018139191401
H           -3.67229898799407        1.44377088420438        1.73953218507155
H           -2.00144880479086        1.00529750556384        2.14208856190110
H           -3.35316946270622        0.35910858070660        3.08635838014718
H           -2.75172973729694       -2.71009479102653        1.30680925992437
H           -2.87673949487086       -1.88140431972579        2.85136247246736
H           -1.41048193965780       -1.70608490612950        1.88067650974185
H           -4.41045406608063        0.68595650124223       -0.85679543739247
H           -3.96743762484920        3.03016877379593       -1.08212967523246
H           -2.76614410691110        2.50774633441669        0.10900409390156
H           -2.29333158614716        2.75751642208441       -1.55912777446670
H           -2.44632277087543        0.83028009826613       -3.19108366084125
H           -3.94133524402241       -0.12818706902721       -3.10006243197688
H           -4.02056903026627        1.62472119947049       -3.21834374563248
C            0.13033913327426        1.77214259038211       -1.13274578475349
O            0.18601111390997        2.82928042219419       -1.61924079880104
H            0.28524376383177        0.58458241810378        0.88155016621660
O            1.10857498882135       -2.14361008393578        2.12947533523189
C            1.20416477605980       -1.61806280056999        3.43582570886693
C            2.04956285099894       -2.52353146295600        4.29469330453642
C            1.71970702386705       -2.76123479199758        5.62278271103704
C            2.51517730957740       -3.57912288453368        6.40775446654379
C            3.64602403861534       -4.17383119425102        5.87240713775332
C            3.97955923912696       -3.94399736015143        4.54756409187679
C            3.18756859038392       -3.12135410388019        3.76676622480958
H            0.79350121040222       -1.44178569871148        1.52584092885090
H            1.66731391850518       -0.61884066491592        3.41331694732145
H            0.20237431870250       -1.51095725705675        3.88044465890364
H            0.83533356519926       -2.30434132559263        6.04624041736177
H            2.24854616533397       -3.75764492363286        7.44042332871002
H            4.26311721641966       -4.81630524793503        6.48452262358012
H            4.86061722886618       -4.40438772644380        4.12166395349535
H            3.43997875057855       -2.94749609688924        2.73089584474242
75
 energy: -93.770909128820 gnorm: 0.001916430129 xtb: 6.7.1 (edcfbbe)
Ru           0.10096021789682        0.02201636444641       -0.57503790987882
N            0.03751214820077       -1.87280354604020       -0.98466678700372
C            1.17883188249944       -2.76582524888594       -1.13947591058945
C            2.50440608333554       -2.10506047655285       -0.75519410468075
P            2.29545563228038       -0.31266557441640       -1.11284482216477
C            2.68122313291815       -0.33301208024382       -2.95190531045275
C            4.16559392292238       -0.41010706135865       -3.29970460855988
C            1.99189279640952        0.81551513703349       -3.68396706769261
C            3.76358081967188        0.50262790688399       -0.30040997164097
C            3.71773331477133        1.99615138340726       -0.61186328417563
C            3.68963864011861        0.29410168524221        1.20853995779672
C           -1.17356693573836       -2.66507278702338       -1.14010808925215
C           -2.41165649263349       -1.79664418342573       -1.36482531776483
P           -2.18044663308711       -0.20594303768874       -0.44909009995653
C           -3.08806385354953       -0.56560780598287        1.15316314852433
C           -3.01667832184361        0.63953670728116        2.08886294790293
C           -2.49244480922907       -1.79571202311541        1.83349550554846
C           -3.42637670132695        0.94045258630499       -1.26495570810563
C           -3.09875692344063        2.39517516947195       -0.91933220009694
C           -3.46624367300156        0.79278148988077       -2.78457307124856
H            1.22607451450735       -3.12977476339249       -2.18375608864381
H            1.02568883719817       -3.65765514221889       -0.50538262504889
H            2.66281725016566       -2.22541854896246        0.31732987978197
H            3.34534248244436       -2.54828476432957       -1.29497049109672
H            2.20299092833786       -1.26572213840391       -3.28923061404593
H            4.27816000159493       -0.61436813786477       -4.36420800059045
H            4.67067136540309        0.52861867657756       -3.08500239405762
H            4.66328660723574       -1.20823461797038       -2.75080593261683
H            0.92092541329562        0.80393762217479       -3.46746300425048
H            2.12737620136095        0.71458806563216       -4.76073444359688
H            2.38618815353850        1.78183480634134       -3.37792086003941
H            4.68670918301999        0.05790373121440       -0.68833684245514
H            4.49966746113246        2.52414606462477       -0.06730073910531
H            3.85114570117882        2.19349433546366       -1.67298755176571
H            2.75117953985098        2.40052782158858       -0.30652764802810
H            4.46186374224091        0.87896291617604        1.70674137317132
H            2.71606699548225        0.63016299045464        1.56859535569328
H            3.82842627405162       -0.74849563394255        1.48289848170433
H           -1.30257517879980       -3.31145230573171       -0.25535620431405
H           -1.05928394729248       -3.34604200644256       -2.00537994257483
H           -3.33368697019780       -2.31414485641040       -1.08483677079070
H           -2.45687501036153       -1.54371771693561       -2.42783577238741
H           -4.13714109428813       -0.77098469157023        0.89658885440285
H           -3.66076822745683        1.44568551980344        1.74705364522814
H           -1.98913760006104        1.00397660583857        2.14170326344913
H           -3.33763376374669        0.35975213393447        3.09165579171861
H           -2.76040007121161       -2.71093415250770        1.31003424842406
H           -2.86422652187705       -1.87898916344183        2.85473992985581
H           -1.40638436698141       -1.71546448255310        1.86929535329853
H           -4.41051656839122        0.68245721781111       -0.85156832335410
H           -3.97365371762542        3.02609557229833       -1.07155125843640
H           -2.76023438114926        2.50492142780891        0.10778762259918
H           -2.30279387422540        2.75942819650143       -1.56410519266173
H           -2.45406313898021        0.82433968055203       -3.19179241963612
H           -3.95040799526316       -0.13072857448978       -3.09497821170948
H           -4.02644342366729        1.62198795333156       -3.21421620890322
C            0.12890680175437        1.77606427016549       -1.12170725128887
O            0.18453108020712        2.83676517816464       -1.60047075164660
H            0.29045550188783        0.57790489517858        0.88308001579591
O            1.11980566048138       -2.14325697443432        2.12545912384640
C            1.19888281017874       -1.62568373360359        3.43454063791747
C            2.04340917075143       -2.52942298281328        4.29577261914636
C            1.71454579224376       -2.76124432628171        5.62461203828661
C            2.50834071013000       -3.57807112870607        6.41182537034362
C            3.63569201732247       -4.17844275760636        5.87763137796876
C            3.96851563740523       -3.95403512192184        4.55220952109521
C            3.17914080006078       -3.13146946612323        3.76933572998625
H            0.79531463550857       -1.44389704869285        1.52415770030241
H            1.65372622108250       -0.62200161948651        3.42277825663892
H            0.19285439825308       -1.52927791965571        3.87086096876307
H            0.83217075524805       -2.29983683800592        6.04617098216297
H            2.24281252656624       -3.75118413806790        7.44524299778479
H            4.25107733105741       -4.82083214112508        6.49113151603416
H            4.84677139600739       -4.41939330536003        4.12721009596126
H            3.43124708313941       -2.96056781616203        2.73313758797158
75
 energy: -93.770945276731 gnorm: 0.002025423161 xtb: 6.7.1 (edcfbbe)
Ru           0.10185169159848        0.02371351399910       -0.57718591487874
N            0.03830589577973       -1.86953613055377       -0.99221497045741
C            1.18083955731468       -2.75989312219348       -1.15640932234765
C            2.50572792177906       -2.10107986975312       -0.76570971843495
P            2.29712837361716       -0.30760114733332       -1.11872954275449
C            2.68052702689304       -0.32078105670767       -2.95864890491760
C            4.16441023054909       -0.39408030229008       -3.30954726226093
C            1.98777899090231        0.83106774505763       -3.68252526275921
C            3.76753852169852        0.50471317629726       -0.30664308907431
C            3.72222036631838        2.00107186186493       -0.60928679355464
C            3.70165217410877        0.28691974510160        1.20150626760641
C           -1.17206436632658       -2.66471395864746       -1.14308204053141
C           -2.41421766788844       -1.80018567931379       -1.35907776149482
P           -2.17940649357481       -0.20796001190873       -0.44708761820085
C           -3.08026291952042       -0.56501739416156        1.15975689275399
C           -2.99894847003295        0.63931954016599        2.09568015235227
C           -2.48526399044490       -1.79868210226369        1.83458546143261
C           -3.42850691260404        0.93672511637586       -1.26002663000489
C           -3.09970782928754        2.39177360123374       -0.91651847253868
C           -3.47529354993329        0.78720176615868       -2.77958811175424
H            1.22860311389970       -3.11357170434638       -2.20427421321909
H            1.02944556369659       -3.65810258483166       -0.53096953855510
H            2.65888449207225       -2.22379055522243        0.30788429338578
H            3.34921189656564       -2.54373506190720       -1.30279152394061
H            2.20375780365399       -1.25250625249751       -3.29999127768381
H            4.27508347865022       -0.59057918019959       -4.37570215745099
H            4.66928883480565        0.54342515906864       -3.08922310713386
H            4.66354012866123       -1.19596963945996       -2.76732118332171
H            0.91728930995992        0.81549584527589       -3.46370021851538
H            2.12145099776011        0.73766695795108       -4.76036757961184
H            2.38061729343231        1.79596588794770       -3.37010065335990
H            4.68865333591871        0.06200892818730       -0.70213307601821
H            4.50355175029697        2.52465075583519       -0.06047453005390
H            3.85893683285897        2.20457088384568       -1.66894378757605
H            2.75504563621084        2.40413353965752       -0.30400721767051
H            4.47655041563188        0.86870943977658        1.69900942385058
H            2.72980313861358        0.62012750841028        1.56948173513581
H            3.84223261146904       -0.75780047621272        1.46867505484873
H           -1.29440559561299       -3.31268266064767       -0.25853921250729
H           -1.06035566029138       -3.34389816353591       -2.01000632519564
H           -3.33185959358144       -2.31936521903873       -1.06862690213482
H           -2.47116846348793       -1.54980136510840       -2.42187377084141
H           -4.13153692886276       -0.76593636782087        0.90859908181202
H           -3.64277407115309        1.44755905057533        1.75832088962889
H           -1.96990032528182        1.00067926035342        2.14185274512178
H           -3.31421365448694        0.36021113636700        3.10051409017033
H           -2.76782923569849       -2.71282290577071        1.31671913704934
H           -2.84368232398876       -1.87688123144716        2.86091943933374
H           -1.39803863878714       -1.72756504248788        1.85536241362078
H           -4.41085267998549        0.67866310306604       -0.84240664502226
H           -3.97741065350971        3.02177389223456       -1.05706808806254
H           -2.74906997336022        2.50033246965426        0.10691528427526
H           -2.31192926464832        2.75825468144178       -1.57020649291455
H           -2.46469644369325        0.81212097839782       -3.19137563145226
H           -3.96661377833395       -0.13395183991881       -3.08624303589079
H           -4.03257276449286        1.61924201644053       -3.20810146412869
C            0.12907551347620        1.78177435091075       -1.11108224214041
O            0.18404751141940        2.84800717474774       -1.57733913467675
H            0.29533293853977        0.57033563979681        0.88335769638543
O            1.13576182253482       -2.14289042518855        2.11530400189783
C            1.19569360046287       -1.63602039558307        3.42821469759745
C            2.03666840554634       -2.53932796954245        4.29415516550636
C            1.70533969885547       -2.75826328080436        5.62507739601023
C            2.49356804879846       -3.57282578265334        6.41982534878416
C            3.61728258236500       -4.18553879257385        5.89076720409842
C            3.95213103970029       -3.97446954405420        4.56348100358359
C            3.16923098537974       -3.15280045755033        3.77302762407435
H            0.80835421913669       -1.44466627718611        1.51425989871355
H            1.64343142863934       -0.62886941006520        3.43023117307584
H            0.18442412951144       -1.54976406270752        3.85446916517681
H            0.82515183871468       -2.28726164665587        6.04095827829673
H            2.22611212242910       -3.73480148881385        7.45461469123140
H            4.22876113786738       -4.82620842336105        6.50999911231189
H            4.82725074053274       -4.44993547155156        4.14320162141226
H            3.42418647716237       -2.99164900068394        2.73568607730609
75
 energy: -93.770967163069 gnorm: 0.001588948520 xtb: 6.7.1 (edcfbbe)
Ru           0.10115991907613        0.02398277540720       -0.57807267864085
N            0.03766665210182       -1.86903018550162       -0.99454276337816
C            1.18090818550945       -2.75798319227852       -1.16137821158858
C            2.50488663359705       -2.09891640839368       -0.76799469318556
P            2.29627789942344       -0.30510179117141       -1.11975716187266
C            2.67850720142396       -0.31607414500172       -2.96023220016616
C            4.16181148539530       -0.38927179670787       -3.31282085724558
C            1.98564938803993        0.83772765946554       -3.68087259729229
C            3.76739868473776        0.50452662542442       -0.30774482129215
C            3.72595747698351        2.00103604790016       -0.61052342076876
C            3.70109299690434        0.28744486731983        1.20055120704669
C           -1.17231866339125       -2.66512852454761       -1.14423346941164
C           -2.41569553134149       -1.80154466024833       -1.35739626380673
P           -2.17936713036364       -0.20862011155503       -0.44673053839908
C           -3.07788763020800       -0.56567074809693        1.16111341890058
C           -2.99243931063840        0.63790373878425        2.09757121643769
C           -2.48324286535242       -1.80082030070423        1.83368631720300
C           -3.42923132118391        0.93579908827353       -1.25859856771145
C           -3.09798611414704        2.39046342872580       -0.91536485929629
C           -3.47692051313113        0.78592153540157       -2.77816092889429
H            1.22953322321840       -3.10781293938868       -2.21040527027319
H            1.03014841639655       -3.65841156641708       -0.53920755931374
H            2.65543549002060       -2.22198302786694        0.30609568868967
H            3.35001368493866       -2.54178595711750       -1.30270079646792
H            2.20079253460267       -1.24671610718380       -3.30272436548796
H            4.27121166876100       -0.58432779697419       -4.37938981173224
H            4.66709521391677        0.54773050367365       -3.09180244259536
H            4.66138107588444       -1.19194741802698       -2.77239018384428
H            0.91558429299829        0.82324557204455       -3.45998510369351
H            2.11686012300003        0.74595296846182       -4.75909731805868
H            2.38064533603096        1.80150549408513       -3.36760780590509
H            4.68777048208511        0.06000232145313       -0.70282725451041
H            4.50916528326180        2.52217208158613       -0.06174280340659
H            3.86321236431628        2.20413252536197       -1.67018069830289
H            2.76002695129915        2.40645675869212       -0.30482250702573
H            4.47674630488705        0.86829845150012        1.69770377916185
H            2.72981415039269        0.62182147886634        1.56849305278610
H            3.84051824311509       -0.75725680295717        1.46797034574345
H           -1.29274289931352       -3.31360268319746       -0.25988046508297
H           -1.06118128944923       -3.34361302508332       -2.01175921680287
H           -3.33195711064797       -2.32121251669688       -1.06368437637579
H           -2.47643844684316       -1.55237064187936       -2.42017346278323
H           -4.13010741497637       -0.76461927914556        0.91231223690815
H           -3.63460125305204        1.44800681388010        1.76152114852657
H           -1.96242602658390        0.99659482785272        2.14251076550141
H           -3.30698132899576        0.35901626567982        3.10263567489003
H           -2.77075884379484       -2.71425656971933        1.31774737289605
H           -2.83683758812812       -1.87776147539373        2.86160673385092
H           -1.39592549356662       -1.73284772926505        1.84931730626530
H           -4.41158488611650        0.67877452348761       -0.84032877268709
H           -3.97608590223484        3.02115409127699       -1.04930711354197
H           -2.74035629940626        2.49731055692605        0.10590206127192
H           -2.31418379404030        2.75717738532322       -1.57350143701510
H           -2.46613144634683        0.80665591476443       -3.18995824448475
H           -3.97198932602939       -0.13339323418335       -3.08438303645676
H           -4.03079721958781        1.62020437631576       -3.20727125596488
C            0.12898259706333        1.78296751632393       -1.10868656488035
O            0.18314828106778        2.85156364939596       -1.56932705054704
H            0.29397162055758        0.57091151647405        0.88235193345771
O            1.13903560811423       -2.14230862656030        2.11217469517194
C            1.19578675201802       -1.63971672823629        3.42668880368860
C            2.03595640742774       -2.54395414921463        4.29267119346413
C            1.70317269258496       -2.75963535846236        5.62372067796754
C            2.48967527297588       -3.57251716901866        6.42133148152839
C            3.61375324935880       -4.18669386919867        5.89520095923618
C            3.94938611749067       -3.97979398114613        4.56773778156594
C            3.16785973997505       -3.15989400116084        3.77405861436019
H            0.81540460703483       -1.44195848325923        1.51126724401392
H            1.64160082238829       -0.63206956313006        3.43312183868238
H            0.18357249555644       -1.55676636808052        3.85141922372944
H            0.82315777595532       -2.28669173611446        6.03726843398494
H            2.22086606176689       -3.73171518008847        7.45595015601173
H            4.22431784646058       -4.82604091736177        6.51655847501848
H            4.82419043001180       -4.45761315213573        4.14980788428015
H            3.42421528566271       -3.00258017061511        2.73676332074734
75
 energy: -93.770995005372 gnorm: 0.001661021364 xtb: 6.7.1 (edcfbbe)
Ru           0.10069626683394        0.02524957268516       -0.58071349622833
N            0.03748929915540       -1.86771631826765       -1.00104412332359
C            1.18228735273027       -2.75298746578203       -1.17854939033253
C            2.50506514944857       -2.09428664202997       -0.78140560251486
P            2.29528039867213       -0.29909430220426       -1.12524569343217
C            2.67195720529746       -0.29862574657085       -2.96760340436841
C            4.15363429347276       -0.36986103130074       -3.32570052967473
C            1.97780099200842        0.86125108202058       -3.67743022716710
C            3.76752013679379        0.50259369474654       -0.31125235402022
C            3.73332896237961        2.00029532846809       -0.61040726222168
C            3.70000380620481        0.28312996894713        1.19739428952672
C           -1.17136099700649       -2.66645511688561       -1.14647203704657
C           -2.41832752643638       -1.80594205681055       -1.35272981919947
P           -2.17906821103253       -0.21200315291477       -0.44446069094925
C           -3.06842790433746       -0.56777687159088        1.16782256701778
C           -2.97095038778347        0.63436115964009        2.10500530986222
C           -2.47221371641614       -1.80608428668167        1.83357476661619
C           -3.43026196601241        0.93318040834234       -1.25255793210087
C           -3.09253492758055        2.38725359007246       -0.91195068157488
C           -3.48269009043554        0.78090639929737       -2.77185929098036
H            1.22993803919654       -3.09198502559523       -2.23115179968324
H            1.03508112856450       -3.65983362990814       -0.56517267268515
H            2.65357384123932       -2.22079163826861        0.29279820350425
H            3.35229420139886       -2.53549007620534       -1.31491561913865
H            2.19169885219954       -1.22630314714811       -3.31427114476945
H            4.25906672749124       -0.55970059592572       -4.39383761102527
H            4.65915525477585        0.56630963713587       -3.10199180343395
H            4.65565295746261       -1.17486254461553       -2.79128516496312
H            0.90870537248456        0.84858809122607       -3.45102777339503
H            2.10286058089626        0.77580974929177       -4.75692618014448
H            2.37763958749277        1.82224228570027       -3.36051773908190
H            4.68667080693859        0.05509697143338       -0.70637019825671
H            4.52153767166146        2.51587292042104       -0.06245696354551
H            3.86861102562300        2.20530188637797       -1.67024342050589
H            2.77070055013636        2.40993762515253       -0.29987464228296
H            4.47658423609796        0.86172950467501        1.69551934496797
H            2.72961574974202        0.61867962420637        1.56589937302355
H            3.83773091618084       -0.76209769896795        1.46295453187711
H           -1.28614113881713       -3.31612496811868       -0.26232407105206
H           -1.06243577689429       -3.34344039247630       -2.01534715734521
H           -3.33135308433759       -2.32691236315488       -1.05127637767001
H           -2.48787904333957       -1.55894111415296       -2.41539690583911
H           -4.12328514427581       -0.76220197181303        0.92674979180234
H           -3.60864588602664        1.44938645426205        1.77211789659589
H           -1.93810368073958        0.98579108217548        2.14543807212254
H           -3.28289876958244        0.35681609454116        3.11122382670667
H           -2.77147304675082       -2.71796631258540        1.32204352742051
H           -2.81260862141505       -1.88056154748051        2.86611069981884
H           -1.38443950427201       -1.74379577850861        1.83472225567100
H           -4.41189064675606        0.67930713665140       -0.83060666500145
H           -3.97144520878454        3.01968347816854       -1.03021258781334
H           -2.71715037324132        2.49121527456180        0.10365173289030
H           -2.31882334152683        2.75340709662876       -1.58205614994489
H           -2.47206954440483        0.79217678329450       -3.18528173122679
H           -3.98632534105387       -0.13469223087876       -3.07551373649454
H           -4.02981880048823        1.61941369458949       -3.20227852332485
C            0.12760268616938        1.78651249925883       -1.10388125953580
O            0.17877039749463        2.86062779636398       -1.55128374462301
H            0.29389788078339        0.57187773342794        0.88014056755835
O            1.15161940348401       -2.14399979194765        2.10069361837914
C            1.19728951729562       -1.65055476024820        3.41995992561810
C            2.03219627184256       -2.55675968983162        4.28961523464927
C            1.69467067881336       -2.75872196051419        5.62200705309944
C            2.47381359645321       -3.56855329178748        6.42913822062227
C            3.59703653279015       -4.19284194402467        5.91153740250030
C            3.93597650267527       -4.00119129867746        4.58295325669252
C            3.16039550301097       -3.18516033279133        3.77881211187907
H            0.83591338986431       -1.43706571318758        1.50189241248654
H            1.63939336158113       -0.64180515520780        3.43757910296031
H            0.18078861208192       -1.57450133245454        3.83769335648289
H            0.81620378587902       -2.27715063088773        6.02879208868221
H            2.20078052131795       -3.71670979594858        7.46434086576541
H            4.20357496734300       -4.82823682027526        6.54082702291058
H            4.80948245722316       -4.48769443073795        4.17252355254622
H            3.42018462797959       -3.04209237675706        2.74061428845951
75
 energy: -93.771010073376 gnorm: 0.001247592557 xtb: 6.7.1 (edcfbbe)
Ru           0.10108860088119        0.02502758340896       -0.57972789369514
N            0.03836068665077       -1.86769192334167       -1.00238010322665
C            1.18306165656456       -2.75224979793684       -1.18296093348385
C            2.50615981393779       -2.09367064036740       -0.78733878978252
P            2.29500445804211       -0.29795388367298       -1.12692488650804
C            2.66995142458135       -0.29357067070804       -2.96928815188692
C            4.15118640282696       -0.36565846801574       -3.32920032890299
C            1.97610948764417        0.86778628114727       -3.67680736135500
C            3.76761374351532        0.50245108729403       -0.31180758920089
C            3.73451388902797        1.99981871771687       -0.61045159253679
C            3.69819119906753        0.28234836633860        1.19662511028533
C           -1.17040715570249       -2.66649990627567       -1.14702928685255
C           -2.41767146377885       -1.80589027002685       -1.35168577143924
P           -2.17751330224146       -0.21206551335233       -0.44335114413716
C           -3.06542232945535       -0.56813914790479        1.16949278483412
C           -2.96546704120440        0.63348542250962        2.10697958942543
C           -2.46865357438988       -1.80708238504479        1.83355847277085
C           -3.42965944006068        0.93277366449705       -1.25069787492077
C           -3.09150077349230        2.38694153267728       -0.91108730976643
C           -3.48373682149469        0.77984311820902       -2.76978683410817
H            1.22876312277754       -3.08984466862897       -2.23601179954233
H            1.03723569148000       -3.65990364121070       -0.57058311880757
H            2.65746994979108       -2.22229886175946        0.28615841421912
H            3.35216183296693       -2.53299945715952       -1.32408689863074
H            2.18829565066419       -1.22028936469937       -3.31715329467262
H            4.25535969329273       -0.55430377082493       -4.39763189825617
H            4.65784911804200        0.56977781376580       -3.10483592946423
H            4.65311529263706       -1.17164063345112       -2.79621391538273
H            0.90728668115210        0.85613361889462       -3.44909589871096
H            2.09976333868675        0.78341377785260       -4.75645581076221
H            2.37717925276058        1.82806740824309       -3.35959519942669
H            4.68675757628925        0.05417847049157       -0.70609409890932
H            4.52276022827284        2.51523717217273       -0.06245859331180
H            3.86996882549972        2.20453637677803       -1.66997242742473
H            2.77223417127907        2.41007630199897       -0.30049307006795
H            4.47488635130390        0.86015570981388        1.69572347884535
H            2.72755913404371        0.61854919762849        1.56441742481539
H            3.83482915014959       -0.76327174795322        1.46168936286469
H           -1.28432631050874       -3.31687625024914       -0.26323384883004
H           -1.06234124839962       -3.34291542588193       -2.01650042334508
H           -3.33050717621866       -2.32716632087404       -1.05004838461217
H           -2.48771316510887       -1.55856778633499       -2.41426248896104
H           -4.12079633112382       -0.76171847113815        0.93023823152320
H           -3.60148258548490        1.44991394987812        1.77436288297076
H           -1.93200863648571        0.98288603218896        2.14723008683143
H           -3.27772311278939        0.35625556347946        3.11312392717552
H           -2.76980711294253       -2.71873491714604        1.32243690335875
H           -2.80641426984773       -1.88160875725508        2.86693819270434
H           -1.38081723501159       -1.74546181924882        1.83187100084761
H           -4.41074357628311        0.67923062508418       -0.82736469354821
H           -3.97132558870023        3.01879020078693       -1.02532119078347
H           -2.71187766222456        2.49065817947824        0.10290863315656
H           -2.32097669552833        2.75427134485489       -1.58425704712629
H           -2.47365928612626        0.79090898557621       -3.18424200852859
H           -3.98743564119752       -0.13593766683914       -3.07241442172461
H           -4.03134241032983        1.61781495251570       -3.19995288217790
C            0.12609138475129        1.78695192141405       -1.10096815236409
O            0.17705987334874        2.86150027212647       -1.54721685983979
H            0.29573507073157        0.56944287282745        0.88187642392504
O            1.15392886977902       -2.14665761145713        2.09962843917255
C            1.19747062701386       -1.65336203329252        3.41905410864048
C            2.03049437356676       -2.55931773311194        4.29036906506735
C            1.69311430760070       -2.75805894673388        5.62318709360315
C            2.47097753749205       -3.56789692980643        6.43153154147857
C            3.59309409503547       -4.19452668090094        5.91498683656206
C            3.93200701636435       -4.00602922133764        4.58599850326746
C            3.15720220300149       -3.19068606641492        3.78046049334938
H            0.83643669407338       -1.43910242371067        1.50256741474801
H            1.63898711575833       -0.64420551431746        3.43680041428636
H            0.18026686315558       -1.57735532290293        3.83459268811717
H            0.81568264673281       -2.27426693101340        6.02967844236233
H            2.19783746951650       -3.71461433562385        7.46667144309026
H            4.19838347789122       -4.83010235675801        6.54521618763878
H            4.80457444883302       -4.49474716550664        4.17587247720130
H            3.41641882457007       -3.04985380981667        2.74200623067463
75
 energy: -93.771035062622 gnorm: 0.001351131957 xtb: 6.7.1 (edcfbbe)
Ru           0.10312963696258        0.02383992372648       -0.57808159871274
N            0.04094862246956       -1.86788656249232       -1.00682162297516
C            1.18506147099376       -2.75079273931739       -1.19569694959659
C            2.51009852553770       -2.09291271145636       -0.80630457424392
P            2.29508052151854       -0.29544000193671       -1.13258029868751
C            2.66420722421061       -0.27852117575328       -2.97507312310943
C            4.14440664591006       -0.35281182689907       -3.33962972639573
C            1.97106195576678        0.88732309221145       -3.67569741816211
C            3.76836347612620        0.50153032799963       -0.31358640431476
C            3.73692596401968        1.99896684341683       -0.60997213966187
C            3.69236537181420        0.27933785264961        1.19425047566310
C           -1.16765506085923       -2.66708627012300       -1.14879352671397
C           -2.41549461306620       -1.80654113222427       -1.34981451269323
P           -2.17477083124060       -0.21393468202621       -0.44007784426850
C           -3.05703833620743       -0.56967778641401        1.17565133866731
C           -2.95092000592020        0.63095800729391        2.11354704432882
C           -2.45781605954653       -1.80961726180752        1.83541316142129
C           -3.42769986289122        0.93205511316931       -1.24470827347804
C           -3.08867602076954        2.38659965997532       -0.90775194635697
C           -3.48720193305602        0.77686168775521       -2.76322283024353
H            1.22439437704987       -3.08567072564106       -2.24972202317175
H            1.04318384621915       -3.66010276905616       -0.58499827312321
H            2.67178385268900       -2.22867317294811        0.26456260689058
H            3.35136638805497       -2.52624945698604       -1.35448554137284
H            2.17885120414313       -1.20242991040121       -3.32663007823152
H            4.24517358758551       -0.53791686256449       -4.40890691490275
H            4.65413979247130        0.58063298840433       -3.11326834068026
H            4.64602229906923       -1.16161050794616       -2.81060187738843
H            0.90296774832405        0.87787399008783       -3.44411595594255
H            2.09060551864704        0.80607900522206       -4.75603665818814
H            2.37538387087344        1.84581036167142       -3.35728705789950
H            4.68776883004101        0.05132130136081       -0.70569201731828
H            4.52593527306662        2.51320668861032       -0.06279972005741
H            3.86985870173710        2.20577012040831       -1.66959323423253
H            2.77550953102566        2.41028473356922       -0.29767466604710
H            4.46851618616908        0.85435130660731        1.69772188640615
H            2.72130983610871        0.61901201099508        1.55716652852595
H            3.82319366596369       -0.76649910090652        1.45958775034010
H           -1.27920727532654       -3.31882468427057       -0.26557153815800
H           -1.06202533310814       -3.34246263227011       -2.01938458314485
H           -3.32809255115607       -2.32846705041490       -1.04864676591214
H           -2.48586809732709       -1.55700394938155       -2.41186029140028
H           -4.11354242719713       -0.76177886731543        0.94114671693044
H           -3.58219017323132        1.45098972372337        1.78069079982502
H           -1.91563576258625        0.97491751444538        2.15363463326637
H           -3.26475174198483        0.35517159767716        3.11961203574466
H           -2.76223756835915       -2.72062478259522        1.32485700246572
H           -2.78924187892721       -1.88514784284215        2.87065584298057
H           -1.37004129793256       -1.74850617969498        1.82695555285360
H           -4.40706260706865        0.67915126661059       -0.81739233289071
H           -3.97088775978708        3.01687703120359       -1.01201514118896
H           -2.69833413395171        2.49031462076270        0.10208732474537
H           -2.32635623051419        2.75664681880184       -1.58894593441941
H           -2.47887464873937        0.78872188704738       -3.18147050971999
H           -3.99038200039111       -0.14021349917950       -3.06247301359934
H           -4.03779703175557        1.61297800762303       -3.19208269600455
C            0.12330381945013        1.78806352865082       -1.09201949752995
O            0.17368777355471        2.86357848334105       -1.53602355404512
H            0.30200892501939        0.56201897245316        0.88496946446923
O            1.16207498574548       -2.15696394631434        2.09602848408958
C            1.19951982607640       -1.66056110773676        3.41508218170565
C            2.02613559497521       -2.56521168149217        4.29297154739099
C            1.68856197374247       -2.75420977558750        5.62692026045979
C            2.46187457778916       -3.56514704018133        6.43896227277338
C            3.57984626512721       -4.20171248609723        5.92509279002631
C            3.91948583873519       -4.02222882175216        4.59515831910516
C            3.14856230044738       -3.20663109766758        3.78608293212333
H            0.84181678600556       -1.44992091449325        1.50051193144090
H            1.64312523063932       -0.65204437735168        3.43132391468037
H            0.18041423545393       -1.58068031214799        3.82423518720594
H            0.81428046138120       -2.26334038706872        6.03206259686455
H            2.18898410060321       -3.70419744749613        7.47585940860112
H            4.18175329801679       -4.83675764816024        6.55915395322820
H            4.78963217195716       -4.51651970613484        4.18675238952130
H            3.40626853052333       -3.07328230128507        2.74606476424221
75
 energy: -93.771045933922 gnorm: 0.001208688524 xtb: 6.7.1 (edcfbbe)
Ru           0.10330370032941        0.02329885382261       -0.57720581962883
N            0.04192965244983       -1.86722299363269       -1.01071244600966
C            1.18608338709252       -2.74890059600157       -1.20523934271347
C            2.51187011793959       -2.09118609492525       -0.81758141412803
P            2.29439283130362       -0.29263985931202       -1.13630621078983
C            2.66050428669966       -0.26869193873957       -2.97908153850183
C            4.14004663739249       -0.34446783734229       -3.34652246367058
C            1.96791539269324        0.90092526067240       -3.67416377493139
C            3.76780616591729        0.50216636586169       -0.31554248093774
C            3.74115374897818        1.99955957060871       -0.61159772065532
C            3.68802917113231        0.28032225048341        1.19224127758232
C           -1.16660428040425       -2.66701865869769       -1.15066053392386
C           -2.41555290962530       -1.80700477844497       -1.34751332347075
P           -2.17298373670720       -0.21464854163241       -0.43764231022295
C           -3.05230527267520       -0.57124071194959        1.17928984763074
C           -2.94130191723309        0.62849402789092        2.11776582760874
C           -2.45228269117367       -1.81254875808479        1.83587353528385
C           -3.42770823989818        0.93092736874346       -1.24017114469827
C           -3.08692872880171        2.38544454938547       -0.90435727489608
C           -3.49084439940759        0.77518471340030       -2.75853893272188
H            1.22304572977925       -3.08071206178426       -2.26043849477442
H            1.04654793768247       -3.66022379007185       -0.59675131082041
H            2.67803705930281       -2.23153064807197        0.25202423774841
H            3.35125294593732       -2.52155537897911       -1.37068519393474
H            2.17280476196879       -1.19039331488033       -3.33346848575882
H            4.23867122773908       -0.52638483539983       -4.41659840681546
H            4.65196147436800        0.58733911696155       -3.11799254512025
H            4.64106525731395       -1.15580568120143       -2.82079365807856
H            0.90054518997674        0.89339408112223       -3.43919921215699
H            2.08366265784908        0.82214747133839       -4.75518078699780
H            2.37552597290746        1.85764033499456       -3.35461829025141
H            4.68693893234483        0.04976124882500       -0.70592149156375
H            4.53241980479528        2.51079905359208       -0.06461156090066
H            3.87460915756663        2.20540658613613       -1.67069338360740
H            2.78120864763903        2.41364524115080       -0.29958855888370
H            4.46528776900909        0.85214749720471        1.69739242725592
H            2.71675212452604        0.62322293254712        1.55349964746617
H            3.81492620493655       -0.76675785461565        1.45747113994788
H           -1.27544676823031       -3.31990221328976       -0.26787665843417
H           -1.06265970034569       -3.34133076314265       -2.02231368725575
H           -3.32710920810003       -2.32991182899780       -1.04439159437469
H           -2.48889368921239       -1.55682020189219       -2.40937145912066
H           -4.10990841480226       -0.76150167885137        0.94801532828122
H           -3.56900607946817        1.45151299354040        1.78532251738714
H           -1.90452456126864        0.96806554574704        2.15807409452791
H           -3.25636478796111        0.35343277027420        3.12364000614177
H           -2.76153186247094       -2.72297515416163        1.32685953551853
H           -2.77792556859843       -1.88721441295502        2.87310460026455
H           -1.36428275714630       -1.75354952246009        1.82112848271422
H           -4.40627570348266        0.67865093352249       -0.81061959064463
H           -3.97108065401775        3.01502268091409       -0.99891759794069
H           -2.68661093850374        2.48790588649184        0.10211176658899
H           -2.33145105637487        2.75750558353729       -1.59251325432270
H           -2.48348870620205        0.78586768859688       -3.17932577879141
H           -3.99561888413494       -0.14162386218310       -3.05610378070737
H           -4.04173117816572        1.61169660444851       -3.18649584723476
C            0.12251371781122        1.78963834447107       -1.08354974482271
O            0.17282135286138        2.86714456275639       -1.52307210466926
H            0.30369030386536        0.55429737481947        0.88769867959057
O            1.16949698381669       -2.16408705688146        2.09277007809576
C            1.20191302091904       -1.66610579377962        3.41141412714683
C            2.02401653138637       -2.57086722260907        4.29343871111018
C            1.68575015657136       -2.75266532034347        5.62843499834402
C            2.45632308470516       -3.56277381445593        6.44396243090952
C            3.57198651743641       -4.20524379428287        5.93314633515216
C            3.91224579216050       -4.03308790826791        4.60214329500657
C            3.14410233277128       -3.21849169716212        3.78937214161203
H            0.84926477241423       -1.45900034827361        1.49495389315204
H            1.64680175737084       -0.65809100436311        3.42815676523418
H            0.18138952408369       -1.58448534047507        3.81637627591763
H            0.81339235506072       -2.25672008910608        6.03159690375171
H            2.18242451012342       -3.69864830628806        7.48025217759591
H            4.17078713199970       -4.84105030992892        6.56946129753286
H            4.78004955642677       -4.53358178723009        4.19508148459347
H            3.40230472196605       -3.08947245706925        2.74911743598970
75
 energy: -93.771040542075 gnorm: 0.001949439519 xtb: 6.7.1 (edcfbbe)
Ru           0.10323707240893        0.02337952982960       -0.57854456809384
N            0.04150514745390       -1.86684854726060       -1.01197428050330
C            1.18588179776809       -2.74876514288326       -1.20504229658687
C            2.51176532854801       -2.09084935909299       -0.81742710020997
P            2.29421122211113       -0.29223638579380       -1.13674449001126
C            2.66016212495708       -0.26868012057281       -2.97978322221942
C            4.13967800382031       -0.34455646747357       -3.34702697601031
C            1.96795606635154        0.90158886113027       -3.67410637650518
C            3.76786261354988        0.50207623410183       -0.31642499554910
C            3.74195197962620        1.99989344556903       -0.61314320406532
C            3.68824989728801        0.28109199130824        1.19153415358413
C           -1.16697159589527       -2.66705582809027       -1.15119881206441
C           -2.41604873858301       -1.80755675978294       -1.34817788397012
P           -2.17433326933982       -0.21561454538260       -0.43751754888900
C           -3.05335508851155       -0.57184621433294        1.17962385691103
C           -2.94288090754333        0.62795827427319        2.11805847902751
C           -2.45327851415966       -1.81300019174598        1.83637335034750
C           -3.42837375658166        0.93085666481647       -1.23957065766651
C           -3.08725214128605        2.38523119166683       -0.90313985532307
C           -3.49206152683390        0.77588063492885       -2.75801542710319
H            1.22340499857396       -3.08189058427792       -2.25989525306511
H            1.04595214513785       -3.65942276630199       -0.59553771864488
H            2.67794873743422       -2.23115441778852        0.25205848210283
H            3.35131711434832       -2.52152677034184       -1.37023295003686
H            2.17240192597822       -1.19002636773395       -3.33431278256737
H            4.23830225008322       -0.52590061729589       -4.41713121879295
H            4.65168575472658        0.58691320227652       -3.11803288705094
H            4.64055133887956       -1.15627300211041       -2.82179783203123
H            0.90070501901554        0.89417127739354       -3.43881919048320
H            2.08332547567804        0.82343447542966       -4.75519596172905
H            2.37626240416285        1.85782342562798       -3.35392238165042
H            4.68666794694938        0.04924707277247       -0.70706745874230
H            4.53273950835252        2.51055139845811       -0.06489224328677
H            3.87733046714414        2.20616026763720       -1.67246195090263
H            2.78169987195095        2.41439581025260       -0.30172355547992
H            4.46631646654509        0.85198826832956        1.69632675771152
H            2.71776770458500        0.62620254178172        1.55241935171037
H            3.81277375404354       -0.76587313871930        1.45799389081181
H           -1.27550117572281       -3.31916645726189       -0.26793848811325
H           -1.06298459619377       -3.34187088155095       -2.02236747357591
H           -3.32738012407069       -2.33055647170893       -1.04501984824220
H           -2.48953754734107       -1.55712345073394       -2.40986531364964
H           -4.11080037219631       -0.76228209250055        0.94774400379916
H           -3.57050998589111        1.45081346550734        1.78519795118966
H           -1.90605025949124        0.96751820083038        2.15878179485641
H           -3.25844460265482        0.35301583584975        3.12390754011112
H           -2.76203958109482       -2.72340793628457        1.32744623156730
H           -2.77954912666628       -1.88771538594847        2.87333972010168
H           -1.36533985038153       -1.75380636662894        1.82243569295385
H           -4.40697783366677        0.67845231816198       -0.81012973410451
H           -3.97076342947835        3.01535540796964       -0.99725302881712
H           -2.68675373717403        2.48711295760563        0.10307736629136
H           -2.33176933261953        2.75705742295655       -1.59095775283302
H           -2.48483605907402        0.78761200490283       -3.17913218159124
H           -3.99642539898790       -0.14106629268848       -3.05604294743078
H           -4.04368164839377        1.61245545940543       -3.18539869103438
C            0.13138825535617        1.79080161443558       -1.08021187518900
O            0.17019860224802        2.86770367613016       -1.52210948841663
H            0.30181011549124        0.55272887480819        0.88684614310361
O            1.17143957472612       -2.16515315911694        2.09240365481447
C            1.20366575915783       -1.66651557267786        3.41059557629590
C            2.02558611903462       -2.57093054996928        4.29318786118322
C            1.68651054612247       -2.75236346391225        5.62785380518737
C            2.45647575014159       -3.56234454350470        6.44392579896800
C            3.57135415681015       -4.20649054720910        5.93353976307399
C            3.91234596233876       -4.03448547903068        4.60289865224871
C            3.14585637584825       -3.21889379794121        3.78986550752929
H            0.85123182524736       -1.46148769082127        1.49314066315895
H            1.64915524885601       -0.65894384735235        3.42774285179374
H            0.18311837056164       -1.58441103349991        3.81563195242311
H            0.81476081102767       -2.25515999742761        6.03024828658882
H            2.18329520197060       -3.69520788488355        7.48115833173913
H            4.17052756124917       -4.84114032010908        6.57056472679743
H            4.77993015760410       -4.53518321601835        4.19704453631146
H            3.40478504547775       -3.09025686874094        2.74958326073762
75
 energy: -93.771039417479 gnorm: 0.003612115081 xtb: 6.7.1 (edcfbbe)
Ru           0.10591653612492        0.02350567220704       -0.58033055238275
N            0.04081280608241       -1.86600197901939       -1.01388992025902
C            1.18536230134056       -2.74876099004954       -1.20420469212919
C            2.51190147208156       -2.09108912750596       -0.81710177936228
P            2.29524446537704       -0.29239781257462       -1.13788278354355
C            2.65989409550021       -0.26883926359172       -2.98154482352022
C            4.13929408694942       -0.34485413799387       -3.34850902761396
C            1.96826269101444        0.90297258354910       -3.67381149961366
C            3.76861169194791        0.50191452826526       -0.31829408748785
C            3.74381656920021        2.00052520537474       -0.61644511721356
C            3.68877113598831        0.28298640340074        1.19001516502253
C           -1.16771423920740       -2.66673096300209       -1.15219558055974
C           -2.41666714065525       -1.80775746408192       -1.34942324689821
P           -2.17521018182285       -0.21649715543654       -0.43762692684686
C           -3.05464818977115       -0.57289903746056        1.17943970586552
C           -2.94604598490927        0.62674334635814        2.11828345368462
C           -2.45508188057068       -1.81384249336100        1.83697315666828
C           -3.42944566876606        0.93069409608757       -1.23811187345351
C           -3.08808235453605        2.38487195228145       -0.90040481615379
C           -3.49468353650284        0.77744888533046       -2.75671577489436
H            1.22371830375368       -3.08453159989521       -2.25836240552772
H            1.04444034921959       -3.65800910186932       -0.59262858754901
H            2.67830380262383       -2.23108607542823        0.25214160527553
H            3.35149788034668       -2.52264928094839       -1.36949855364408
H            2.17184715511560       -1.18938625054753       -3.33638311990205
H            4.23787332873167       -0.52483461941326       -4.41871592793431
H            4.65149607927188        0.58589260797594       -3.11833267760704
H            4.63978706491135       -1.15746580961165       -2.82439534008239
H            0.90128272385361        0.89583163653981       -3.43766276039071
H            2.08263856739054        0.82639913066652       -4.75510014562265
H            2.37804805839510        1.85815461863236       -3.35220631289326
H            4.68693427733706        0.04838611421545       -0.70917819252170
H            4.53323956813071        2.51035446901647       -0.06539470325964
H            3.88345090623022        2.20748889093681       -1.67610541522870
H            2.78267463644737        2.41560890620938       -0.30683046001098
H            4.46860501628461        0.85179753171955        1.69413115095619
H            2.71986652641223        0.63284539703560        1.54992628771868
H            3.80817778126454       -0.76377594454260        1.45900426374914
H           -1.27589379242238       -3.31737855123444       -0.26806492489147
H           -1.06377237577271       -3.34254019582436       -2.02244105865189
H           -3.32770119872794       -2.33074695232924       -1.04613535972577
H           -2.49047454334156       -1.55698031011380       -2.41081745646433
H           -4.11173011250473       -0.76376759073438        0.94603699658551
H           -3.57358396348573        1.44924059245670        1.78462546089244
H           -1.90922936596432        0.96650087320482        2.16048167377228
H           -3.26302529214365        0.35163983519240        3.12384378834913
H           -2.76273097485711       -2.72421633823583        1.32808635827024
H           -2.78319594187370       -1.88860823185601        2.87326127920669
H           -1.36725590587371       -1.75436652442134        1.82526642326407
H           -4.40798660293656        0.67773585773305       -0.80867687856729
H           -3.97059024380832        3.01576497760000       -0.99344661777963
H           -2.68715214612014        2.48556592864257        0.10531631385861
H           -2.33275459621650        2.75654525909198       -1.58763008675272
H           -2.48788125912426        0.79167559418769       -3.17884814521118
H           -3.99802815819899       -0.13987854090015       -3.05565795343897
H           -4.04819690472297        1.61401146397236       -3.18263519940540
C            0.12249599792905        1.79158468091275       -1.07938814272573
O            0.17563662946252        2.87047509958763       -1.51399924925928
H            0.29865474825340        0.54872036343206        0.88663074281216
O            1.17562509903965       -2.16751180263568        2.09151593188131
C            1.20764415439642       -1.66742278194447        3.40870129311175
C            2.02899202675279       -2.57124487152422        4.29255954390201
C            1.68834537442710       -2.75151139499200        5.62666552429300
C            2.45704925722820       -3.56106246166190        6.44406508775854
C            3.57031534735148       -4.20875464982623        5.93471202411205
C            3.91274502050530       -4.03749147079338        4.60468487840703
C            3.14957103341150       -3.22010966140793        3.79088002612447
H            0.85527678910264       -1.46682036597539        1.48929233487752
H            1.65440999049987       -0.66074437830566        3.42644246186039
H            0.18708194624909       -1.58415969786115        3.81390915547543
H            0.81770647376941       -2.25177475204651        6.02732831360737
H            2.18491445868965       -3.68810500265948        7.48301858581322
H            4.16973064255898       -4.84160651290274        6.57312161526145
H            4.77974989572886       -4.53902675636268        4.20130657406548
H            3.41019716906213       -3.09221232729014        2.75062309327780
75
 energy: -93.771057307761 gnorm: 0.001334585522 xtb: 6.7.1 (edcfbbe)
Ru           0.10260134814597        0.02316753027023       -0.57798199551841
N            0.04118382635220       -1.86625605945479       -1.01315681980105
C            1.18556226828789       -2.74889626819071       -1.20444897688057
C            2.51184406934913       -2.09087628075054       -0.81774520284483
P            2.29397232870543       -0.29222033804167       -1.13749168510275
C            2.65985404303029       -0.26865484269482       -2.98086693115959
C            4.13920606109905       -0.34495690573028       -3.34846120371102
C            1.96821792556437        0.90293879141616       -3.67354640657187
C            3.76798688271863        0.50203267791295       -0.31845654455834
C            3.74386048262397        2.00026254257965       -0.61613832713676
C            3.68807115014785        0.28342232479569        1.18981612593728
C           -1.16743128468275       -2.66659819498197       -1.15195117131619
C           -2.41632663166892       -1.80710291420188       -1.34899702222512
P           -2.17472971023234       -0.21533535462340       -0.43790018692453
C           -3.05436913494496       -0.57305558444958        1.17888993560894
C           -2.94601643942984        0.62650565109260        2.11788328514437
C           -2.45478985061213       -1.81394360753139        1.83662580200566
C           -3.42994478663034        0.93099266575365       -1.23812075338293
C           -3.08804771888156        2.38496318075839       -0.90043107059518
C           -3.49484160832019        0.77759867353423       -2.75667086267416
H            1.22342352758500       -3.08414963639795       -2.25868799487230
H            1.04508495170386       -3.65833599823540       -0.59315402117971
H            2.67874902589287       -2.23100432487463        0.25151910513979
H            3.35119047856563       -2.52193807427739       -1.37073963260103
H            2.17155287465954       -1.18928728079697       -3.33575861605534
H            4.23763693214901       -0.52501258707659       -4.41876868240139
H            4.65171565964687        0.58581459718844       -3.11836987401509
H            4.63964177206303       -1.15765321241257       -2.82435560923176
H            0.90115606363207        0.89609560480332       -3.43748037588255
H            2.08275753609969        0.82614303397936       -4.75482300520514
H            2.37779182642118        1.85827271361252       -3.35227538859114
H            4.68644028995904        0.04830781311132       -0.70888471099492
H            4.53327813561147        2.51034869111966       -0.06535806711243
H            3.88326376931776        2.20650433659698       -1.67533548359308
H            2.78283117065501        2.41552667416794       -0.30756107859999
H            4.46853103569134        0.85183083398435        1.69362390863475
H            2.71911172820273        0.63318453352312        1.55019788522272
H            3.80790979953985       -0.76354918636943        1.45806421901836
H           -1.27574202889626       -3.31778295414132       -0.26811550711916
H           -1.06358654392834       -3.34206320806705       -2.02254393811393
H           -3.32752717599389       -2.33028162877111       -1.04595795239144
H           -2.49002255398352       -1.55630404682523       -2.41050881197498
H           -4.11148538168993       -0.76413718471990        0.94576731859381
H           -3.57366056340031        1.44907017722311        1.78449686670828
H           -1.90938284648487        0.96652937542932        2.16041261786385
H           -3.26297650347344        0.35104415567596        3.12324646135129
H           -2.76218265809679       -2.72443973618460        1.32735210013551
H           -2.78308266606012       -1.88877789755759        2.87294842663536
H           -1.36691590030378       -1.75414713401135        1.82504678229848
H           -4.40840379374588        0.67822550270712       -0.80839863001362
H           -3.97102165151105        3.01562996463459       -0.99348463828706
H           -2.68708628561554        2.48550813721592        0.10556785558461
H           -2.33260002031402        2.75673178196256       -1.58800166963599
H           -2.48808327002562        0.79163811274501       -3.17884589142918
H           -3.99810223834870       -0.13975491900148       -3.05541160484848
H           -4.04834851383345        1.61393714403026       -3.18253648167186
C            0.12093333308466        1.79078799930605       -1.07930339719562
O            0.17640162989656        2.86961654482792       -1.51443950745497
H            0.30443081561541        0.54834315401781        0.88793018351868
O            1.17522562008452       -2.16752089753731        2.09135890398417
C            1.20792166427836       -1.66738998841043        3.40853199266591
C            2.02882158455245       -2.57167720345906        4.29238900020595
C            1.68884149092269       -2.75093507364503        5.62700574096242
C            2.45777026401860       -3.56013884156862        6.44470468249219
C            3.57145404311371       -4.20723974343760        5.93555892991552
C            3.91333961969059       -4.03713110960061        4.60497524732651
C            3.14907208547769       -3.22099053942138        3.79063671416274
H            0.85443468128024       -1.46612055287242        1.49000636443937
H            1.65452571275612       -0.66043450837608        3.42526884601990
H            0.18747494685901       -1.58384212607801        3.81375512086808
H            0.81750881505549       -2.25196977239225        6.02764981834248
H            2.18406883760171       -3.68979317394661        7.48253116290103
H            4.16923612231386       -4.84225654576887        6.57342505212830
H            4.78012818681294       -4.53973717326969        4.20093427060897
H            3.40984072118172       -3.09285103817674        2.75060709725021
75
 energy: -93.771061252883 gnorm: 0.001041018647 xtb: 6.7.1 (edcfbbe)
Ru           0.10348066408201        0.02297077812769       -0.57767398044724
N            0.04139920411335       -1.86687058577297       -1.01205666126775
C            1.18540831226723       -2.74933887539189       -1.20471528808263
C            2.51159948369315       -2.09093388502942       -0.81898670154814
P            2.29399832071536       -0.29226355533414       -1.13779599888606
C            2.65933294413047       -0.26813117598104       -2.98099188709671
C            4.13862021356716       -0.34523444637180       -3.34904947835795
C            1.96786706186432        0.90360393640075       -3.67363827840343
C            3.76785253883468        0.50260601826476       -0.31856515253515
C            3.74466209940681        2.00002968423137       -0.61670148519849
C            3.68736419571687        0.28454662537899        1.18966488017228
C           -1.16753763000617       -2.66650249126014       -1.15157129036971
C           -2.41623560592505       -1.80631455323888       -1.34860847578598
P           -2.17347947524575       -0.21483298617520       -0.43699394024213
C           -3.05468945890369       -0.57376613002609        1.17869794181690
C           -2.94693239146249        0.62581147963042        2.11770093833663
C           -2.45455926445929       -1.81438108373472        1.83640164604636
C           -3.42939300486438        0.93102415789771       -1.23732576596125
C           -3.08756375678101        2.38496750768121       -0.89986060353822
C           -3.49508945376177        0.77786288829157       -2.75583642937998
H            1.22219153316325       -3.08403050687880       -2.25898641575483
H            1.04552755947097       -3.65882879629416       -0.59356821959977
H            2.67970876115093       -2.23125145876189        0.25025236964709
H            3.35033944276894       -2.52122443522493       -1.37314063558087
H            2.17034551066437       -1.18878520992003       -3.33586879804549
H            4.23659727681860       -0.52518448220506       -4.41952299956988
H            4.65191863265748        0.58534762412417       -3.11892297307390
H            4.63874979462433       -1.15833680797414       -2.82517776956443
H            0.90075460798279        0.89738044427662       -3.43742607698846
H            2.08236117847006        0.82675106226323       -4.75492284113368
H            2.37747168387973        1.85893017563485       -3.35255974479996
H            4.68627158473530        0.04800670353646       -0.70803816660858
H            4.53357037540733        2.51057354894516       -0.06572152790669
H            3.88471360667401        2.20485852384519       -1.67519037552008
H            2.78362358207048        2.41582077451297       -0.31049073941103
H            4.46917460974520        0.85169590788155        1.69304154403329
H            2.71871206967333        0.63530030722005        1.55053373859458
H            3.80657096118912       -0.76282899845727        1.45712768803098
H           -1.27632924708233       -3.31851181649986       -0.26823403740941
H           -1.06375062046004       -3.34142149264483       -2.02270165263779
H           -3.32784944552345       -2.32963181547776       -1.04628807055225
H           -2.48926614377232       -1.55513175937768       -2.41028417287050
H           -4.11170291406765       -0.76538143458015        0.94551856051971
H           -3.57471717012603        1.44833970935076        1.78432468791638
H           -1.91054064553256        0.96622795742043        2.16064374569167
H           -3.26407396609003        0.34998973953554        3.12275306384229
H           -2.76097696812081       -2.72508856929597        1.32627144934017
H           -2.78340546072689       -1.88966056416884        2.87262315068282
H           -1.36662124263498       -1.75350625237535        1.82524614202145
H           -4.40765085809541        0.67856757522698       -0.80706413198162
H           -3.97133173150567        3.01519919664705       -0.99288280200986
H           -2.68645888075061        2.48553477245231        0.10645774525394
H           -2.33219386763916        2.75711204784356       -1.58804138999978
H           -2.48870140647667        0.79202935557496       -3.17874093580550
H           -3.99817906564647       -0.13959403806193       -3.05422403327550
H           -4.04914551516189        1.61379480163835       -3.18110792254300
C            0.12523703192852        1.79130282859208       -1.07721567191967
O            0.17257479089366        2.86995830604076       -1.51432526171151
H            0.29958464004257        0.54898514721549        0.88912333981240
O            1.17559043543976       -2.16833050100916        2.09090278734308
C            1.20940099814232       -1.66763290029969        3.40790190025225
C            2.02972463726649       -2.57206227099068        4.29215359488540
C            1.69022158483761       -2.74965245216347        5.62739939265442
C            2.45868826414505       -3.55889098360766        6.44573242472076
C            3.57275932070685       -4.20575996387487        5.93719848912552
C            3.91442509063060       -4.03743215982243        4.60596282821503
C            3.14930617807364       -3.22261252852226        3.79063514730402
H            0.85337953287831       -1.46606881814996        1.49099443891921
H            1.65604587842674       -0.66037467025205        3.42272600095309
H            0.18916323691342       -1.58322058334790        3.81320471287883
H            0.81824730734460       -2.25103467542321        6.02788606477518
H            2.18328007893711       -3.69092048584276        7.48224373752498
H            4.16872518216823       -4.84275402441148        6.57493118712313
H            4.78103937003505       -4.54167302043257        4.20131286137164
H            3.40994319938289       -3.09531006937396        2.75071267636947
75
 energy: -93.771067920404 gnorm: 0.000578555092 xtb: 6.7.1 (edcfbbe)
Ru           0.10225958745663        0.02310295799140       -0.57709160601667
N            0.04109032080639       -1.86649239667199       -1.01254321791026
C            1.18529690070211       -2.74895987898023       -1.20457725224345
C            2.51179564921095       -2.09062042829779       -0.81958402154656
P            2.29345672501986       -0.29189579177600       -1.13796141950371
C            2.65849200028814       -0.26763328314144       -2.98130865144588
C            4.13763810366106       -0.34552882605747       -3.34979623008783
C            1.96768204122953        0.90482557403375       -3.67334891052478
C            3.76784467653305        0.50265046430384       -0.31939616450624
C            3.74580713215792        1.99998204134832       -0.61896684198058
C            3.68699432002159        0.28574560608309        1.18901687883896
C           -1.16760701146675       -2.66652961317053       -1.15224073098875
C           -2.41644958644822       -1.80679216849789       -1.34969089605237
P           -2.17523326737950       -0.21579339387121       -0.43714991917939
C           -3.05555547435778       -0.57472082027038        1.17895972144911
C           -2.94907241800247        0.62480168688316        2.11817595400169
C           -2.45503319126049       -1.81506672757179        1.83674214379472
C           -3.43022088124354        0.93157716736121       -1.23651101326699
C           -3.08785357529639        2.38529827196684       -0.89844160062448
C           -3.49673020694141        0.77887144207204       -2.75498489231023
H            1.22194121921051       -3.08451185771746       -2.25859934870675
H            1.04550529567633       -3.65806736505104       -0.59279091891211
H            2.68068114098192       -2.23126800443083        0.24945344250351
H            3.35020951396862       -2.52084284233611       -1.37437565682053
H            2.16895154512042       -1.18785405526465       -3.33642010207527
H            4.23522649743122       -0.52490301707907       -4.42037758946103
H            4.65166670294719        0.58450377051477       -3.11934666203932
H            4.63744761836041       -1.15924080680417       -2.82659294256190
H            0.90065072318721        0.89909553532934       -3.43679913480612
H            2.08177787731147        0.82833428447049       -4.75469606477344
H            2.37808897825858        1.85971531984162       -3.35192758030907
H            4.68596474125055        0.04699752497064       -0.70841748418002
H            4.53385818280662        2.51024007059976       -0.06647214988591
H            3.88841749067363        2.20443443901379       -1.67742586456887
H            2.78441649151903        2.41655589651807       -0.31450382521614
H            4.47016846024819        0.85130948382879        1.69199954872987
H            2.71931361687322        0.63939423785093        1.54948232106709
H            3.80321694630305       -0.76168360313972        1.45756815183099
H           -1.27648874478818       -3.31830499505044       -0.26878360166413
H           -1.06348714523322       -3.34158446021026       -2.02318383052039
H           -3.32804105778352       -2.33019755136801       -1.04776333568676
H           -2.48911589610278       -1.55510995435063       -2.41123277600590
H           -4.11226879554601       -0.76693099074702        0.94508859777925
H           -3.57701105285809        1.44699326484860        1.78428939512707
H           -1.91283852210793        0.96566139513252        2.16182330754817
H           -3.26684283409886        0.34883763942660        3.12303111769879
H           -2.76031116818055       -2.72579261989338        1.32614052005608
H           -2.78482861994216       -1.89096253552407        2.87257931248752
H           -1.36715222442646       -1.75346228308336        1.82666501286046
H           -4.40826768792098        0.67901523736695       -0.80591953375189
H           -3.97119625222639        3.01604625039876       -0.99084796197225
H           -2.68635947828470        2.48532292471178        0.10768012922687
H           -2.33259645519042        2.75746817855139       -1.58653152399070
H           -2.49059587812315        0.79400623303062       -3.17846136395661
H           -3.99931428509196       -0.13887717384470       -3.05343858390939
H           -4.05169887848210        1.61465680780387       -3.17950088400742
C            0.12464062347499        1.79167485109196       -1.07556986009011
O            0.17368219181751        2.87066946158825       -1.51143186352805
H            0.30314366095598        0.54710858305349        0.88965765486443
O            1.17798154427778       -2.16998929562745        2.09022474157280
C            1.21206192462636       -1.66820130961045        3.40678490106377
C            2.03198310009204       -2.57211282794868        4.29189717409408
C            1.69165505006631       -2.74873887615091        5.62698734750817
C            2.45896109786369       -3.55822508455410        6.44610119877425
C            3.57238900432404       -4.20679192631526        5.93831917635320
C            3.91490805649566       -4.03929334322890        4.60729848255042
C            3.15128876205985       -3.22385915795890        3.79127806800647
H            0.85476190590233       -1.46863358191376        1.48985233829840
H            1.65954611263626       -0.66134705026733        3.42101215597317
H            0.19190439167477       -1.58273635006077        3.81219915332198
H            0.82037649219794       -2.24853645384871        6.02684457908667
H            2.18402039412791       -3.68768950228874        7.48318552432229
H            4.16857589708107       -4.84250534014838        6.57709578410922
H            4.78143770396627       -4.54409355374504        4.20366512710286
H            3.41214155283634       -3.09808423247361        2.75116694238610
75
 energy: -93.771067740797 gnorm: 0.001294446062 xtb: 6.7.1 (edcfbbe)
Ru           0.10103255130838        0.02323536261503       -0.57650289330161
N            0.04077798110951       -1.86611108989958       -1.01303420412093
C            1.18518360098523       -2.74857801076626       -1.20443784522385
C            2.51199314830895       -2.09030400098979       -0.82018855910395
P            2.29291077151529       -0.29152442083390       -1.13813014317612
C            2.65764140488102       -0.26712930466723       -2.98163045492488
C            4.13664475557589       -0.34582672717150       -3.35055243793575
C            1.96749472823184        0.90606168692315       -3.67305742163345
C            3.76783743538612        0.50269545138010       -0.32023658168159
C            3.74696614617199        1.99993387693254       -0.62125692632217
C            3.68662002989192        0.28695848504801        1.18836152506262
C           -1.16767822882753       -2.66655606433252       -1.15291706865698
C           -2.41666528837251       -1.80727104257027       -1.35078317708151
P           -2.17699951201802       -0.21676046849670       -0.43730547412119
C           -3.05643037018728       -0.57568654657994        1.17922251077846
C           -2.95123591937262        0.62378007478855        2.11865455582976
C           -2.45551122171614       -1.81575982305686        1.83708537223617
C           -3.43105671329619        0.93213459854386       -1.23568551331653
C           -3.08814615457688        2.38563121193864       -0.89700602857193
C           -3.49838887675508        0.77989037226452       -2.75412245473354
H            1.22168691566489       -3.08499961648818       -2.25820826667681
H            1.04548249371036       -3.65729884879084       -0.59200519902176
H            2.68166439288979       -2.23128468417682        0.24864496267418
H            3.35007716654559       -2.52045751288700       -1.37562491703692
H            2.16754110575437       -1.18691177242852       -3.33697879252530
H            4.23384035695464       -0.52461894895325       -4.42124276222908
H            4.65141208342026        0.58365008663125       -3.11977621863637
H            4.63612989223671       -1.16015530715671       -2.82802459553615
H            0.90054548311352        0.90083108276328       -3.43616615137550
H            2.08118767281541        0.82993614563521       -4.75446789338399
H            2.37871313280625        1.86051000959504       -3.35128973888187
H            4.68565539318801        0.04597701311391       -0.70880049458415
H            4.53414996891099        2.50990387278852       -0.06723082676941
H            3.89216396064645        2.20400465906607       -1.67968563593316
H            2.78521922826061        2.41729929139989       -0.31856239623816
H            4.47117312821472        0.85091857796073        1.69094658025260
H            2.71992159915618        0.64353436237109        1.54841907215320
H            3.79982476578577       -0.76052509999326        1.45801263840106
H           -1.27665191039448       -3.31809573825356       -0.26933941964462
H           -1.06322278736882       -3.34174749053919       -2.02367168334472
H           -3.32823478920582       -2.33076546254127       -1.04925369142530
H           -2.48896266646298       -1.55508390832724       -2.41218992291313
H           -4.11284039154671       -0.76849878876386        0.94465206051852
H           -3.57933049687973        1.44563122575677        1.78425264299073
H           -1.91516180763104        0.96508846448365        2.16301474512253
H           -3.26964219477280        0.34767122844675        3.12331025831676
H           -2.75963572040148       -2.72650471650073        1.32600694732374
H           -2.78626691216824       -1.89227886114952        2.87253383311190
H           -1.36768794789646       -1.75341651760063        1.82809921129191
H           -4.40889021494918        0.67946621555447       -0.80476009096086
H           -3.97105987662019        3.01689992670265       -0.98878946518901
H           -2.68625823382637        2.48510777834490        0.10891680447381
H           -2.33300373934990        2.75782738774736       -1.58500475260724
H           -2.49251148044518        0.79600484959133       -3.17817818159193
H           -4.00046159492106       -0.13815324641580       -3.05264294199253
H           -4.05428102144093        1.61552727826264       -3.17787414006068
C            0.12402754555302        1.79204976489360       -1.07390656343671
O            0.17480274906006        2.87138892691248       -1.50850237282647
H            0.30672504216724        0.54521166209533        0.89020089738004
O            1.18039893356791       -2.17166717934771        2.08953929066318
C            1.21475342472214       -1.66877579095819        3.40565536987393
C            2.03426653983219       -2.57216474472290        4.29163778555974
C            1.69310540489433       -2.74781420062624        5.62657118501752
C            2.45923851388010       -3.55754982684443        6.44647499812137
C            3.57201621129919       -4.20783341544472        5.93945341647426
C            3.91539707317897       -4.04117497064617        4.60864954816052
C            3.15329281311853       -3.22512114678529        3.79192799841197
H            0.85615904916086       -1.47122733651152        1.48869801049099
H            1.66308681167063       -0.66233017978542        3.41927783602348
H            0.19467724085246       -1.58224547295703        3.81118230380109
H            0.82252988793817       -2.24601007478824        6.02579185934518
H            2.18476808281513       -3.68442417288226        7.48413750072354
H            4.16842377447397       -4.84225560312421        6.57928456323408
H            4.78184026915198       -4.54654208852625        4.20604354044828
H            3.41436478753448       -3.10088943462569        2.75162656726093
75
 energy: -93.771075446190 gnorm: 0.000687295607 xtb: 6.7.1 (edcfbbe)
Ru           0.10153761705486        0.02272410603165       -0.57615651855360
N            0.04072194687728       -1.86624378769788       -1.01350197752176
C            1.18504173734276       -2.74887254398911       -1.20466069598670
C            2.51197705791543       -2.09018639045107       -0.82126142228780
P            2.29259859537679       -0.29127524349193       -1.13869561153440
C            2.65658654378153       -0.26638206836177       -2.98232313240358
C            4.13536222170421       -0.34625789175030       -3.35180953902702
C            1.96713972464677        0.90778924773818       -3.67274823220156
C            3.76794530926082        0.50261134439139       -0.32127204675254
C            3.74868446739618        1.99976922358313       -0.62358304338113
C            3.68607516497406        0.28876021543276        1.18758599835844
C           -1.16802154697335       -2.66613602118803       -1.15340507650670
C           -2.41646614113976       -1.80591492163281       -1.35076344144499
P           -2.17593427967946       -0.21573873746891       -0.43653044657524
C           -3.05715522696096       -0.57698909442469        1.17864618158374
C           -2.95364106246391        0.62230529671672        2.11847402399450
C           -2.45574273237605       -1.81657379751297        1.83700548578546
C           -3.43161204552335        0.93219317985117       -1.23404967294024
C           -3.08813846074090        2.38551465058245       -0.89527797063677
C           -3.50011968479475        0.78067454918273       -2.75255123928360
H            1.22128292523341       -3.08600049052887       -2.25826525649686
H            1.04549917944235       -3.65714388319819       -0.59145503220328
H            2.68279936079527       -2.23153405264488        0.24728720923485
H            3.34966136767570       -2.52009335558454       -1.37752845967808
H            2.16552864340443       -1.18553097355161       -3.33779447781990
H            4.23199817968983       -0.52449651688561       -4.42261923443448
H            4.65108786032405        0.58252217912027       -3.12064562155754
H            4.63425943040409       -1.16134036420780       -2.82992746897479
H            0.90031708764308        0.90331368211211       -3.43533984186248
H            2.08023715746489        0.83213179599351       -4.75424859887117
H            2.37939392385993        1.86166986580877       -3.35062055740086
H            4.68543512177359        0.04460379497782       -0.70916057502197
H            4.53478163487243        2.50980941554543       -0.06799965918962
H            3.89683528293087        2.20294578882938       -1.68195932657005
H            2.78638664674960        2.41800740229566       -0.32344344187880
H            4.47229810062639        0.85069973995709        1.68980063932826
H            2.72049172537851        0.64868481530972        1.54716520622837
H            3.79572899553278       -0.75878163152790        1.45834926160584
H           -1.27719404221344       -3.31779774450300       -0.26998125166037
H           -1.06386284850850       -3.34121929891972       -2.02427045833827
H           -3.32822249400321       -2.32959072839876       -1.05003702673290
H           -2.48844239961023       -1.55325624958674       -2.41206621238322
H           -4.11333976891410       -0.77071570808051        0.94343866414220
H           -3.58197029984754        1.44383949519979        1.78376865066764
H           -1.91780946436464        0.96425589899467        2.16402014105426
H           -3.27287647086015        0.34564976462215        3.12274746011683
H           -2.75810920309525       -2.72748577408362        1.32531250357806
H           -2.78778992684470       -1.89388202772913        2.87197054311053
H           -1.36799589186423       -1.75294901893763        1.82959595973717
H           -4.40936660436756        0.67969631449298       -0.80264207228024
H           -3.97091094561849        3.01693736893650       -0.98631344801041
H           -2.68561215728721        2.48469561321580        0.11033078734863
H           -2.33343569378636        2.75778813599122       -1.58356951162355
H           -2.49466615881015        0.79802993376477       -3.17757445695649
H           -4.00162253434932       -0.13769055087844       -3.05110659197837
H           -4.05719972110448        1.61603061128863       -3.17548251482061
C            0.12283716564464        1.79197620216201       -1.07182926561138
O            0.17491222988638        2.87199338340144       -1.50467134449239
H            0.30334802690448        0.54388108296399        0.89131817810850
O            1.18304332825303       -2.17362627382900        2.08879200854982
C            1.21808527278563       -1.66940428927488        3.40439167280592
C            2.03645054670749       -2.57295078949802        4.29125798378613
C            1.69496441954989       -2.74664276285404        5.62630703977995
C            2.46039362780300       -3.55577876922020        6.44738816889271
C            3.57255110675326       -4.20786570185511        5.94129315612829
C            3.91619904456050       -4.04316216216160        4.61040675148252
C            3.15501015530538       -3.22748360914695        3.79253613152586
H            0.85788867720875       -1.47403085109109        1.48754124192736
H            1.66765009345203       -0.66353558468306        3.41706688808244
H            0.19814872572489       -1.58128805925632        3.80991659156373
H            0.82493560159510       -2.24341008067522        6.02472425678974
H            2.18535012897453       -3.68136722252922        7.48517447038339
H            4.16794383221802       -4.84252074611863        6.58181462408081
H            4.78211764569438       -4.54972808643758        4.20871848450070
H            3.41688454385723       -3.10419897100228        2.75225750242337
75
 energy: -93.771084830695 gnorm: 0.000556500582 xtb: 6.7.1 (edcfbbe)
Ru           0.10198989859701        0.02277001494440       -0.57488556042016
N            0.04049774958102       -1.86604072615089       -1.01343048519086
C            1.18440212391456       -2.74897725405580       -1.20538738352392
C            2.51202660043206       -2.09026031664788       -0.82442550007342
P            2.29218824384920       -0.29108193822993       -1.13956427923276
C            2.65335139522732       -0.26415522152506       -2.98355620359591
C            4.13149928367559       -0.34741506359384       -3.35494741522282
C            1.96577999584300        0.91241091081262       -3.67182379171543
C            3.76822569026639        0.50276262174696       -0.32325497133769
C            3.75312822900749        1.99911606896516       -0.62901067511614
C            3.68406420462347        0.29329024237292        1.18605049064755
C           -1.16845813208442       -2.66527144920010       -1.15475456322992
C           -2.41657447351399       -1.80451483261934       -1.35227587310701
P           -2.17595392647454       -0.21600060866931       -0.43506691487826
C           -3.05887575707652       -0.58049339243641        1.17844908436379
C           -2.95962773025901        0.61873186652348        2.11881796448608
C           -2.45544270113582       -1.81882812342680        1.83712957786977
C           -3.43240961770658        0.93301106771857       -1.23035116918051
C           -3.08769183649978        2.38594649677193       -0.89135138643165
C           -3.50414688801303        0.78265112334477       -2.74879743515556
H            1.21923258668575       -3.08700652267227       -2.25873425882849
H            1.04544186060316       -3.65664215779715       -0.59118415980518
H            2.68618260088943       -2.23277942182114        0.24344716951032
H            3.34828629679100       -2.51909387157802       -1.38353832278911
H            2.15945204714891       -1.18176642729191       -3.33934163202887
H            4.22628871757434       -0.52461581875829       -4.42611833667834
H            4.65010662457407        0.57967093541628       -3.12325840883941
H            4.62891016644142       -1.16442463570941       -2.83464796351545
H            0.89920857950353        0.91028224491360       -3.43321598740548
H            2.07747813953096        0.83767649103320       -4.75353994589919
H            2.38054136566930        1.86498844156129       -3.34919196129341
H            4.68490105106461        0.04124416505376       -0.70896987076312
H            4.53661672991966        2.50959366764414       -0.07013193973077
H            3.90790903173672        2.19932284395622       -1.68674973307758
H            2.78975293887342        2.41967811456213       -0.33597842470659
H            4.47466121597092        0.85014690214241        1.68717549183265
H            2.72095802352344        0.66115243221095        1.54454820166446
H            3.78570050723546       -0.75458081514259        1.45882092705662
H           -1.27840472200267       -3.31786919186743       -0.27207907170359
H           -1.06415690311859       -3.33962756242969       -2.02621645032429
H           -3.32889034644776       -2.32861437163076       -1.05368818141144
H           -2.48691585656610       -1.54987455622715       -2.41330483570280
H           -4.11429073558658       -0.77674715049735        0.94172160041256
H           -3.58866091229861        1.43932081893007        1.78305407213677
H           -1.92453032426762        0.96245428584005        2.16687421880010
H           -3.28059764130526        0.34104235444318        3.12221529400138
H           -2.75338015796059       -2.73017089223911        1.32341140812055
H           -2.79030162057601       -1.89823216506810        2.87107381022825
H           -1.36783389061558       -1.75138589955333        1.83285884127690
H           -4.40963553070056        0.68107313845636       -0.79740030779982
H           -3.97055712756458        3.01770948635940       -0.98058753286672
H           -2.68351555824619        2.48422736479710        0.11382280041109
H           -2.33393181366353        2.75830975530710       -1.58085266583601
H           -2.49980772731473        0.80207604398391       -3.17625523488432
H           -4.00474158069817       -0.13632862666456       -3.04684995610244
H           -4.06376229753928        1.61727843629035       -3.16970484406339
C            0.12216352108137        1.79307732966978       -1.06696457198325
O            0.17375200542052        2.87423543311562       -1.49717620451845
H            0.29986580529866        0.54066539895870        0.89440687751875
O            1.18909906225037       -2.17820078186030        2.08700043700020
C            1.22624744292876       -1.67089788530300        3.40147624013942
C            2.04181564421443       -2.57474654848165        4.29058104403169
C            1.69997219675270       -2.74317224966686        5.62631987031817
C            2.46337634880914       -3.55142541470605        6.45016989904670
C            3.57441080040370       -4.20726305098596        5.94641803437552
C            3.91852292982288       -4.04781670784926        4.61490926605959
C            3.15883489599121       -3.23355658059630        3.79404355145309
H            0.86095637593751       -1.47986404654419        1.48588710500369
H            1.67863821646313       -0.66618397019410        3.41086307789491
H            0.20670499901761       -1.57864334677280        3.80684491294061
H            0.83067276254244       -2.23715826684130        6.02295807995080
H            2.18658985878602       -3.67513413377290        7.48757838569009
H            4.16690981040568       -4.84303995904192        6.58855490537315
H            4.78313388588486       -4.55813905453676        4.21464654871893
H            3.42179672538018       -3.11344421554489        2.75369731443600
75
 energy: -93.771092312653 gnorm: 0.000759127875 xtb: 6.7.1 (edcfbbe)
Ru           0.10118901625690        0.02175654589445       -0.57220778056107
N            0.04002804687337       -1.86618309135447       -1.01445932930127
C            1.18390051302200       -2.74886743384229       -1.20689390392975
C            2.51205493573214       -2.08930202325727       -0.82906396210040
P            2.29037895254927       -0.28959748957125       -1.14062636644116
C            2.64839583264810       -0.26083979596507       -2.98506988202488
C            4.12557297456398       -0.34919040969487       -3.35947845463820
C            1.96381196117545        0.91933331565928       -3.67013560248858
C            3.76824557749665        0.50282505867802       -0.32601303785168
C            3.75916247532944        1.99800834373464       -0.63722273244109
C            3.68104074938560        0.29908645340186        1.18392212432400
C           -1.16909675586713       -2.66459848933502       -1.15744810147522
C           -2.41641367711095       -1.80245556021988       -1.35446656546640
P           -2.17671821139713       -0.21589576853005       -0.43344017609504
C           -3.06098240988769       -0.58552001436341        1.17815366233311
C           -2.96797437958367        0.61348151777973        2.11940555036257
C           -2.45426653776863       -1.82185151130722        1.83745961774429
C           -3.43422798639592        0.93455338131690       -1.22529473475351
C           -3.08712475667676        2.38679143881491       -0.88581824724945
C           -3.51027794120932        0.78546872424815       -2.74359624208839
H            1.21702971250877       -3.08799886470627       -2.25990155631067
H            1.04592209570086       -3.65584002884003       -0.59145201095737
H            2.69059444432185       -2.23386709881053        0.23785199653808
H            3.34654133607155       -2.51663842082094       -1.39193152381158
H            2.15028987426553       -1.17609383035760       -3.34142526201547
H            4.21766793949994       -0.52514881530292       -4.43110687277593
H            4.64832995567307        0.57548584567671       -3.12741765272134
H            4.62097224516049       -1.16878860631200       -2.84132476623164
H            0.89763266505596        0.92060130416125       -3.42972284181416
H            2.07340893988164        0.84584353853788       -4.75216511100230
H            2.38241657469239        1.86995336018830       -3.34674875305020
H            4.68375761382377        0.03621277451012       -0.70859070024400
H            4.53921360252049        2.50836724050962       -0.07345006907645
H            3.92344590587978        2.19446713230154       -1.69413135573964
H            2.79455573564251        2.42205375935067       -0.35349894659881
H            4.47729638004392        0.84910372478158        1.68375979733809
H            2.72143446947359        0.67816025551292        1.54043475126136
H            3.77128381057404       -0.74908518535970        1.46004916238706
H           -1.27995822154343       -3.31833591073095       -0.27569876522491
H           -1.06463102429713       -3.33788611643059       -2.02975966780838
H           -3.32939066421965       -2.32711747956341       -1.05872773911029
H           -2.48480723709135       -1.54522864820940       -2.41507212077292
H           -4.11526857248369       -0.78559608961271        0.93936949526217
H           -3.59819232225230        1.43250320155488        1.78199571617834
H           -1.93398523079072        0.95996669246392        2.17095652833336
H           -3.29140673697368        0.33431749435750        3.12159403649759
H           -2.74590222696158       -2.73382670066283        1.32114143653782
H           -2.79278788341434       -1.90441714946382        2.86999673949498
H           -1.36691643128132       -1.74909431089383        1.83743065850860
H           -4.41059742113286        0.68327925275726       -0.79002549577274
H           -3.96973333571777        3.01942040021090       -0.97217441096409
H           -2.68025404593496        2.48370376341318        0.11850209991879
H           -2.33481554372724        2.75923652692006       -1.57697281205737
H           -2.50738761912427        0.80741836367750       -3.17424006487406
H           -4.00986229006260       -0.13429817546198       -3.04086095840110
H           -4.07302544483236        1.61929906216240       -3.16181376282759
C            0.12183875263444        1.79352986036358       -1.05913718036511
O            0.17274577904056        2.87608940506257       -1.48603836999840
H            0.29841183053989        0.53712688123238        0.89808304590485
O            1.19810578233497       -2.18440989609989        2.08466583628903
C            1.23756856682655       -1.67304924033316        3.39769255372916
C            2.04980097645936       -2.57658590669702        4.29005970540401
C            1.70682647021995       -2.73859511345480        5.62638359102294
C            2.46681758544626       -3.54651778317696        6.45371136775087
C            3.57587700280589       -4.20809918649206        5.95303689415253
C            3.92114893348723       -4.05510476674249        4.62101625130538
C            3.16461891319573       -3.24138676523678        3.79652944093172
H            0.86591419886556       -1.48802310982125        1.48350525979097
H            1.69396708797722       -0.67005921027784        3.40312577296859
H            0.21848583444420       -1.57523275714229        3.80279363966595
H            0.83917968522856       -2.22786476457317        6.02077185165990
H            2.18950120074049       -3.66490717866739        7.49153902196015
H            4.16629559132013       -4.84277457796549        6.59821077527249
H            4.78437059816498       -4.56987633172207        4.22305707941807
H            3.42810515909155       -3.12696374020669        2.75568052198690
75
 energy: -93.771096868715 gnorm: 0.000415499198 xtb: 6.7.1 (edcfbbe)
Ru           0.10012982057525        0.02241892683495       -0.57081850893078
N            0.03963381824371       -1.86521066087024       -1.01526163441729
C            1.18330140852799       -2.74811625630189       -1.20857330298081
C            2.51232897615101       -2.08933817710429       -0.83255449349258
P            2.28943414745573       -0.28936553646728       -1.14143481144227
C            2.64389748853167       -0.25781887891635       -2.98643926882228
C            4.12013357209429       -0.35046532897474       -3.36348764190442
C            1.96188620749402        0.92550762591402       -3.66864813965532
C            3.76831582375818        0.50249445935744       -0.32820293686781
C            3.76384846285848        1.99694694331630       -0.64333033332369
C            3.67855733615146        0.30319755506653        1.18219734939787
C           -1.16933186847681       -2.66357806074110       -1.16002558026740
C           -2.41668235786531       -1.80156820184332       -1.35682166596736
P           -2.17790154148021       -0.21717697229347       -0.43207585580422
C           -3.06236076507563       -0.58975460260929        1.17853155243181
C           -2.97436947842694        0.60933403167951        2.12011393097074
C           -2.45207553063144       -1.82416796552418        1.83794911381021
C           -3.43533060663132        0.93543501416440       -1.22112974276569
C           -3.08640171419694        2.38726449444602       -0.88154218643893
C           -3.51507548357861        0.78733037689609       -2.73931188875331
H            1.21530737199589       -3.08774884003065       -2.26148579832523
H            1.04582521375330       -3.65490926503402       -0.59273782943361
H            2.69378849073456       -2.23547487905013        0.23362723532303
H            3.34550817343712       -2.51558331669452       -1.39815237259403
H            2.14221430658172       -1.17093309422538       -3.34325621941788
H            4.20976441467127       -0.52586959397682       -4.43539415899295
H            4.64626751430500        0.57229007873571       -3.13164535616636
H            4.61399452208301       -1.17193333096976       -2.84688097476508
H            0.89612429118031        0.92956946788605       -3.42654301047958
H            2.06951761972405        0.85329642128792       -4.75097233176221
H            2.38390465048371        1.87434036542904       -3.34448001422051
H            4.68289507364061        0.03212263942432       -0.70845791297375
H            4.54151821433975        2.50715345784580       -0.07616258540665
H            3.93504951374086        2.19058069792637       -1.69966953128315
H            2.79854122113735        2.42369676837386       -0.36614970741384
H            4.47824927653676        0.84855295360524        1.68151080850994
H            2.72141357546905        0.68994588157789        1.53681870128992
H            3.76073534963064       -0.74486131228399        1.46098445247340
H           -1.28076867673158       -3.31860055171976       -0.27931219323551
H           -1.06445370020123       -3.33576869557286       -2.03315393589903
H           -3.32995122663519       -2.32679684324267       -1.06309049119180
H           -2.48370793401689       -1.54200523676351       -2.41695103592334
H           -4.11568153182698       -0.79326128782161        0.93836984471252
H           -3.60564774111949        1.42692526345956        1.78119083534550
H           -1.94129358361434        0.95811306076020        2.17417267940180
H           -3.29955047687078        0.32926596507162        3.12149067051537
H           -2.73875323257212       -2.73678437499739        1.32011862845860
H           -2.79257663612299       -1.90913826115460        2.86959424398521
H           -1.36503572501832       -1.74684894352758        1.84036895883815
H           -4.41103035190492        0.68485795265119       -0.78401069803097
H           -3.96860649380248        3.02075469356111       -0.96531807903579
H           -2.67704597021844        2.48321447199319        0.12185914655289
H           -2.33552060707462        2.75968853978825       -1.57419221025546
H           -2.51332548836689        0.81037153763997       -3.17246456505655
H           -4.01466088027412       -0.13267691542627       -3.03583941441279
H           -4.07955207351987        1.62098571399200       -3.15558109066297
C            0.12163017570934        1.79507762331274       -1.05424539813373
O            0.17275712068258        2.87857035026297       -1.47858923229002
H            0.29815321340813        0.53251478875694        0.90128472853839
O            1.20513148761265       -2.18850252913099        2.08339713119487
C            1.24599675969037       -1.67447501875474        3.39543627952278
C            2.05546358179471       -2.57819562057991        4.29004314741535
C            1.71206002078415       -2.73519968989029        5.62682835675036
C            2.46999229800743       -3.54241147008529        6.45666902335437
C            3.57716851874926       -4.20864867236881        5.95801121859374
C            3.92261108517505       -4.06095042243965        4.62549971196793
C            3.16832074633451       -3.24771306443025        3.79850648037847
H            0.87058117307153       -1.49360335184983        1.48189400809648
H            1.70551448839850       -0.67291589761451        3.39861065521276
H            0.22722172787043       -1.57264455576465        3.80018391354267
H            0.84599407717175       -2.22068332949680        6.01969284426489
H            2.19257323762430       -3.65660519734331        7.49497470293931
H            4.16606941531125       -4.84259673137544        6.60526604519112
H            4.78442229448859       -4.57918594391551        4.22916814004690
H            3.43209377599110       -3.13729997019420        2.75729169297109
75
 energy: -93.771100047441 gnorm: 0.000379249539 xtb: 6.7.1 (edcfbbe)
Ru           0.09982106060037        0.02183425143558       -0.56952918026626
N            0.03923916179155       -1.86519799147245       -1.01655695842735
C            1.18296818188124       -2.74778023570747       -1.21067183312579
C            2.51197238895514       -2.08873729029441       -0.83509382858133
P            2.28854195918389       -0.28844522128266       -1.14194626979458
C            2.64070541750155       -0.25568516831764       -2.98729289470464
C            4.11621387034435       -0.35117280545866       -3.36642397965104
C            1.96035569931804        0.92984221256438       -3.66731904811211
C            3.76834610037406        0.50223144833239       -0.32942535522842
C            3.76654908355037        1.99625787764157       -0.64630145281082
C            3.67686539694941        0.30482431131258        1.18110532048651
C           -1.16961004524853       -2.66345757807271       -1.16242102025047
C           -2.41698175552179       -1.80133859679492       -1.35832522530763
P           -2.17898403313084       -0.21801775856302       -0.43177113786184
C           -3.06201269757451       -0.59248869345346        1.17899517524511
C           -2.97741941600329        0.60677860837220        2.12060170440920
C           -2.44875851051199       -1.82540416546346        1.83836904187572
C           -3.43618068285490        0.93616574398472       -1.21866295523393
C           -3.08569656501665        2.38761911468798       -0.87905603767269
C           -3.51810544695016        0.78811513051321       -2.73667623898494
H            1.21455016082485       -3.08675188614265       -2.26379376827491
H            1.04577368336425       -3.65495832895710       -0.59534554848209
H            2.69465544082641       -2.23594616640682        0.23071235333066
H            3.34471246160010       -2.51425828547738       -1.40181807900452
H            2.13644489505955       -1.16726169026094       -3.34444284356134
H            4.20402667038614       -0.52686352071150       -4.43842829802351
H            4.64442547917128        0.57057162946143       -3.13541574822229
H            4.60928028823546       -1.17345166050044       -2.85040693141974
H            0.89489331110478        0.93587439491881       -3.42404060997507
H            2.06658240809250        0.85855026676877       -4.74983591826860
H            2.38469424558206        1.87745385827271       -3.34271856866321
H            4.68231702064639        0.02978611924391       -0.70852702735716
H            4.54343355364597        2.50608654681239       -0.07783211277142
H            3.94065618028949        2.18841228616961       -1.70226482900532
H            2.80125244260030        2.42450701711344       -0.37194405245730
H            4.47764522160920        0.84831473623997        1.68050823357878
H            2.72063206193951        0.69468646822801        1.53436909917713
H            3.75572953789887       -0.74302781495746        1.46100427722791
H           -1.28100422770894       -3.31958635890279       -0.28252774608843
H           -1.06453075541334       -3.33450781226133       -2.03639926135950
H           -3.33023808846667       -2.32685535177783       -1.06523239442278
H           -2.48386455951278       -1.54032404062205       -2.41808853474978
H           -4.11469045601660       -0.79861055220993        0.93846975797498
H           -3.60961041065770        1.42326097458781        1.78069315553311
H           -1.94502651800653        0.95726089155645        2.17593826542196
H           -3.30340445547035        0.32622354415261        3.12157567149151
H           -2.73267528024684       -2.73861477911237        1.32016652579031
H           -2.78933544555510       -1.91159543975639        2.86985832219775
H           -1.36197885221569       -1.74497244918411        1.84108378099707
H           -4.41132227251579        0.68605465681941       -0.78014652501779
H           -3.96766153009545        3.02171275967057       -0.96080755078875
H           -2.67425759281594        2.48277096167425        0.12361844926641
H           -2.33593409976340        2.75980003289218       -1.57307220569332
H           -2.51695889349078        0.81052718285369       -3.17119002163842
H           -4.01868282001698       -0.13158096971577       -3.03249592112208
H           -4.08259913173249        1.62215694268288       -3.15204127934368
C            0.12142079767930        1.79512362367261       -1.05066354136028
O            0.17277953686891        2.87914037506018       -1.47365317308331
H            0.29966415386533        0.53160059423137        0.90229766641172
O            1.20901230331472       -2.18964758697760        2.08331909215170
C            1.25011650027160       -1.67501848152468        3.39510044829448
C            2.05816431391122       -2.57905846508334        4.29062828769335
C            1.71522191688265       -2.73313975155267        5.62785289835150
C            2.47230456779004       -3.54010236809598        6.45867518626993
C            3.57809679379864       -4.20901271257492        5.96062736437106
C            3.92289888239796       -4.06443151266912        4.62763101914816
C            3.16949235393799       -3.25142480766392        3.79962916459416
H            0.87370430199780       -1.49522318009466        1.48178506066718
H            1.71100088899378       -0.67412774965958        3.39781174644940
H            0.23139958889658       -1.57151611902871        3.79939756035409
H            0.85016563215276       -2.21662626446793        6.02022769251816
H            2.19539587686947       -3.65189840246963        7.49734208631396
H            4.16639668144548       -4.84260600891981        6.60874885305584
H            4.78343903707236       -4.58503107049694        4.23165962413735
H            3.43271640794813       -3.14335619716490        2.75806511418402
75
 energy: -93.771103988402 gnorm: 0.000495514265 xtb: 6.7.1 (edcfbbe)
Ru           0.09880407255085        0.02174789140068       -0.56911973156177
N            0.03894154775284       -1.86483838980628       -1.01827588948833
C            1.18276337219943       -2.74699267209252       -1.21383939515038
C            2.51170665311423       -2.08829822068880       -0.83770793972280
P            2.28752051402518       -0.28777032392094       -1.14261361079700
C            2.63727810748243       -0.25325984504870       -2.98830239334979
C            4.11197954671928       -0.35150254528370       -3.36979276592073
C            1.95848443983458        0.93456406090258       -3.66587087214978
C            3.76822798513594        0.50161259643178       -0.33059573449586
C            3.76875509729463        1.99543102631612       -0.64831203503790
C            3.67548425750635        0.30495236872413        1.17997692585569
C           -1.16972513267164       -2.66316432056826       -1.16531867610372
C           -2.41738380726826       -1.80106242549477       -1.35930476829106
P           -2.17928636392841       -0.21877461690473       -0.43111351561336
C           -3.06097201904311       -0.59529780839323        1.17968749311491
C           -2.97930464125459        0.60438985115098        2.12093233464887
C           -2.44355506208910       -1.82624487501326        1.83884032833516
C           -3.43679416423762        0.93625863486306       -1.21607857496332
C           -3.08460498378189        2.38739941289081       -0.87682490156504
C           -3.52103834258939        0.78826911183335       -2.73397878323852
H            1.21415742436566       -3.08454452205296       -2.26742668370143
H            1.04578016192424       -3.65508340805403       -0.59982166220541
H            2.69451701611777       -2.23648749743451        0.22794985021915
H            3.34442174830700       -2.51322748743309       -1.40489080139408
H            2.13041967642426       -1.16325003895825       -3.34580924543613
H            4.19778718723200       -0.52804531790931       -4.44182693122615
H            4.64209338970567        0.56949929366987       -3.14020257103857
H            4.60451966038870       -1.17424163345300       -2.85403294604841
H            0.89337632204693        0.94248954077163       -3.42121547039962
H            2.06312842613798        0.86445557256244       -4.74862254945955
H            2.38516946776780        1.88088733165172       -3.34066960195586
H            4.68166885345674        0.02765979787385       -0.70905191975007
H            4.54583038592087        2.50433865899573       -0.07933238551951
H            3.94420513012390        2.18681884445315       -1.70407470273451
H            2.80392938881351        2.42513319288032       -0.37497581972190
H            4.47626378680333        0.84805115070561        1.67975875433401
H            2.71931860631113        0.69597563884109        1.53199566225995
H            3.75311610648180       -0.74276841933503        1.46044721092945
H           -1.28074372895242       -3.32091720779737       -0.28657612116437
H           -1.06465774829757       -3.33262317150885       -2.04054282517626
H           -3.33029410353975       -2.32710299141489       -1.06609205748960
H           -2.48510234609106       -1.53890055329657       -2.41871358271087
H           -4.11310820291261       -0.80442485212690        0.93942103934565
H           -3.61250771039561        1.41967846330961        1.78004077700838
H           -1.94758054050910        0.95662863556062        2.17718483315198
H           -3.30579027893885        0.32357163559761        3.12165800773821
H           -2.72528170635337       -2.74037141778838        1.32112599133996
H           -2.78270272689113       -1.91314693125229        2.87072668046762
H           -1.35701796132025       -1.74255754111667        1.84023221334280
H           -4.41140410420553        0.68678865813988       -0.77606359832068
H           -3.96635718172123        3.02209265356517       -0.95619229196327
H           -2.67063943893861        2.48185035549788        0.12492119309617
H           -2.33627339972393        2.75933473542353       -1.57256153035561
H           -2.52042933601493        0.80879966296051       -3.16982950989927
H           -4.02367457829145       -0.13058076146129       -3.02896798621890
H           -4.08452099952965        1.62328755227689       -3.14870595988843
C            0.12107624349846        1.79559956714228       -1.04806482812809
O            0.17315133085781        2.88009413047516       -1.46973628606143
H            0.29949203106192        0.52973517051421        0.90318110328776
O            1.21239760163603       -2.18893685495690        2.08402137976887
C            1.25261348024640       -1.67505480875191        3.39605375289779
C            2.05997585698502       -2.57938224592693        4.29191201350692
C            1.71812265235577       -2.73114105110696        5.62968058172526
C            2.47470150664590       -3.53838143612897        6.46070408972649
C            3.57876112990358       -4.20989950123221        5.96236135128143
C            3.92226265340559       -4.06784704068513        4.62874850957107
C            3.16948936359722       -3.25444714068018        3.80056183721542
H            0.87704691595164       -1.49449198990986        1.48258723763035
H            1.71386981285102       -0.67436574983274        3.39968567053144
H            0.23368187107993       -1.57135289583795        3.79970110512514
H            0.85434039605728       -2.21267043995225        6.02226579998005
H            2.19933297192281       -3.64749826372702        7.50005272044377
H            4.16732689403988       -4.84272026051738        6.61098129751278
H            4.78141247118525       -4.59056293664560        4.23251505183940
H            3.43119647117211       -3.14873151423595        2.75839875098745
75
 energy: -93.771108946298 gnorm: 0.000464436041 xtb: 6.7.1 (edcfbbe)
Ru           0.09834775173822        0.02148082410427       -0.56809573997133
N            0.03827569339437       -1.86422736987408       -1.02141044134191
C            1.18220757985102       -2.74582102090964       -1.21902430945067
C            2.51085552786942       -2.08768749725708       -0.84120886899003
P            2.28633717270177       -0.28691326697197       -1.14417583402303
C            2.63280263470144       -0.24973866272532       -2.99029280142185
C            4.10649117818248       -0.35127462457386       -3.37467734956874
C            1.95576870675287        0.94112418776677       -3.66429691121215
C            3.76813813258271        0.50058116076069       -0.33245918391116
C            3.77138896380351        1.99452045048575       -0.64993239201980
C            3.67441817564434        0.30388842242750        1.17817156527203
C           -1.17006240937078       -2.66288555597671       -1.16972130416383
C           -2.41856022137424       -1.80132386699343       -1.36034319534509
P           -2.17946880138117       -0.22006493298676       -0.43079105237541
C           -3.05861992516718       -0.59895842578624        1.18061401027150
C           -2.98077872467569        0.60138858405020        2.12129216629555
C           -2.43522183355456       -1.82709196977351        1.83943495505936
C           -3.43785935408355        0.93596326255013       -1.21256511292219
C           -3.08306137914495        2.38662473739351       -0.87377967828554
C           -3.52540807036936        0.78812783961368       -2.73033021939014
H            1.21384818254486       -3.08081042038700       -2.27345988580408
H            1.04539262460734       -3.65552355112021       -0.60730892303703
H            2.69284393454024       -2.23697982684416        0.22446342308116
H            3.34404664901389       -2.51195676806661       -1.40820315507511
H            2.12277542717504       -1.15770527544044       -3.34836265201259
H            4.18973085998586       -0.52908880516520       -4.44670300290095
H            4.63880220701309        0.56894114576367       -3.14704221402227
H            4.59857028213284       -1.17441407936743       -2.85911180927094
H            0.89114881575375        0.95116029356534       -3.41765191695592
H            2.05823174274554        0.87294211875252       -4.74738725124856
H            2.38541515072359        1.88572098702072       -3.33793966665069
H            4.68084655864303        0.02513747816369       -0.71091216764719
H            4.54963034440548        2.50167008177621       -0.08086138307437
H            3.94733448044355        2.18571137685477       -1.70578597180408
H            2.80740299897083        2.42615336057995       -0.37627845062494
H            4.47442688721140        0.84753865063220        1.67873675163086
H            2.71766397062192        0.69452342235663        1.52935324121323
H            3.75222733513853       -0.74385706762246        1.45882973630719
H           -1.27994571547889       -3.32314069119294       -0.29269727860141
H           -1.06512940143322       -3.32990229680269       -2.04682561162141
H           -3.33051852866451       -2.32825758105076       -1.06575948888511
H           -2.48868280925377       -1.53804749810761       -2.41928631028223
H           -4.11016808275838       -0.81229406281956        0.94140228511658
H           -3.61538259162344        1.41505865119198        1.77911106516617
H           -1.94987026012877        0.95589508500010        2.17845216045852
H           -3.30773924784988        0.32043953048845        3.12185627403967
H           -2.71494793354666       -2.74276351680851        1.32341634603498
H           -2.77087736421721       -1.91425869105056        2.87245076681511
H           -1.34897308164217       -1.73935402478176        1.83738193015524
H           -4.41173903155217        0.68743550702925       -0.77038673077899
H           -3.96432175066129        3.02236804260394       -0.94947524756883
H           -2.66519597665494        2.48004010896743        0.12645680939124
H           -2.33692528106390        2.75818120429565       -1.57202258166578
H           -2.52549319025205        0.80541876443126       -3.16803824457431
H           -4.03152935409789       -0.12920205922493       -3.02421409486286
H           -4.08690192567524        1.62496565389982       -3.14419293745188
C            0.12093439746588        1.79614578634585       -1.04400293814179
O            0.17334401533248        2.88127172891143       -1.46395991626105
H            0.29864544483314        0.52742123335856        0.90479572667325
O            1.21706957908690       -2.18624767180277        2.08546264875089
C            1.25460958143323       -1.67464419032101        3.39835758709812
C            2.06143579711913       -2.57976263913116        4.29398136899947
C            1.72199691084004       -2.72834400264389        5.63274243026337
C            2.47870147952296       -3.53563376099376        6.46362625423253
C            3.57997609272754       -4.21085952136303        5.96403217458244
C            3.92068508736062       -4.07233102547277        4.62932388851340
C            3.16816681000607       -3.25849947919156        3.80136980018886
H            0.88200834134780       -1.49147414635417        1.48427873041202
H            1.71495945196391       -0.67349883695694        3.40478168648626
H            0.23498307200394       -1.57265954409642        3.80082847549018
H            0.86035612088853       -2.20700129935015        6.02626471002396
H            2.20537446492968       -3.64207672946784        7.50384275330251
H            4.16853365090690       -4.84386412705619        6.61248556627479
H            4.77762372906098       -4.59789456299234        4.23220029039556
H            3.42775762686038       -3.15507346262043        2.75843874002361
75
 energy: -93.771112066255 gnorm: 0.000518824285 xtb: 6.7.1 (edcfbbe)
Ru           0.09714300835548        0.02105681654819       -0.56984228506232
N            0.03751459043553       -1.86426170476572       -1.02440871432135
C            1.18162486557275       -2.74507071371422       -1.22425475511501
C            2.50994610942629       -2.08721898106437       -0.84498022811506
P            2.28546713046829       -0.28606474465202       -1.14532965814369
C            2.62876657707446       -0.24629341024165       -2.99199165973892
C            4.10153200741441       -0.35028200441810       -3.37931066465662
C            1.95309557384770        0.94720402861636       -3.66280846987219
C            3.76865678587809        0.49967456082236       -0.33460855765834
C            3.77408517754976        1.99381683358955       -0.65113944912029
C            3.67469869301245        0.30230894674188        1.17593138973028
C           -1.17064351978560       -2.66292954785223       -1.17388447428604
C           -2.41987975768404       -1.80154415679100       -1.36070358642121
P           -2.17986295200793       -0.22115415567392       -0.42973425336656
C           -3.05688244252684       -0.60264704689906        1.18195133163082
C           -2.98226949145073        0.59847322558340        2.12180851632275
C           -2.42759699404626       -1.82815795357274        1.84001780673483
C           -3.43906807699532        0.93555726810066       -1.20901882036960
C           -3.08181001851418        2.38570947507906       -0.87065097428921
C           -3.53025545901706        0.78806153541155       -2.72666224330041
H            1.21332488464777       -3.07761634772060       -2.27949846689423
H            1.04508794306772       -3.65625429335893       -0.61466825540467
H            2.69113387199391       -2.23745917579912        0.22071606552681
H            3.34361654831540       -2.51090717888728       -1.41173835751343
H            2.11615797793333       -1.15248800352153       -3.35090223877023
H            4.18242691687843       -0.52860790542599       -4.45144470642720
H            4.63574136102653        0.56915801793495       -3.15295791326336
H            4.59334889552002       -1.17402126880521       -2.86444422115658
H            0.88888270685746        0.95898253231932       -3.41455103668586
H            2.05370294211242        0.88091932692415       -4.74618289451886
H            2.38513299128607        1.89033365681602       -3.33538482277078
H            4.68058056666365        0.02315719152692       -0.71371872160617
H            4.55352305815498        2.49939998650406       -0.08225924955291
H            3.94974871266237        2.18536727286716       -1.70704811354166
H            2.81091987451202        2.42692620771360       -0.37668268363811
H            4.47408236523792        0.84645969332025        1.67701759473318
H            2.71739101046314        0.69192296137959        1.52712900016873
H            3.75325210916142       -0.74555463828825        1.45622721393639
H           -1.27930410378678       -3.32556988582254       -0.29849552148914
H           -1.06606248776727       -3.32753699428036       -2.05286667131634
H           -3.33072509988303       -2.32935723475746       -1.06421398890550
H           -2.49310770009051       -1.53753359958916       -2.41925389091378
H           -4.10789291265547       -0.81985151066930        0.94374612137081
H           -3.61808879680446        1.41070142157764        1.77844126640225
H           -1.95205846261169        0.95491867862818        2.17970147300313
H           -3.30963855679307        0.31745779174322        3.12221700395663
H           -2.70605732126827       -2.74533217258687        1.32593183064447
H           -2.75918274649399       -1.91521722527263        2.87436230258008
H           -1.34158608380038       -1.73680375264376        1.83382903792233
H           -4.41217818947490        0.68790615665201       -0.76466580701399
H           -3.96269792735828        3.02237528844216       -0.94263076960562
H           -2.66007979445314        2.47794206529725        0.12811511957670
H           -2.33785734074979        2.75691238647134       -1.57142863708548
H           -2.53123949159860        0.80280442694810       -3.16655815084988
H           -4.03936038891849       -0.12796539176065       -3.01947968918905
H           -4.09041891067364        1.62637501145480       -3.13941002697416
C            0.11948040288857        1.79714564108318       -1.04045633192114
O            0.17413799045772        2.88368359950089       -1.45657631398563
H            0.29730252346681        0.52482689513538        0.90387646176217
O            1.22271775582184       -2.18283080038049        2.08663849384938
C            1.25654764009541       -1.67418749930122        3.40067613987817
C            2.06319656156583       -2.57981857589853        4.29601094321566
C            1.72651463239259       -2.72481851528474        5.63590008256729
C            2.48296056428578       -3.53260565742845        6.46652738696176
C            3.58122275902920       -4.21180554305831        5.96560587933050
C            3.91924234744828       -4.07663504685694        4.62987559400747
C            3.16696085051154       -3.26241339448703        3.80209517356657
H            0.88730070936848       -1.48759795641116        1.48616079037312
H            1.71478664588880       -0.67203160113978        3.41043683108307
H            0.23589270984661       -1.57512434532359        3.80143705413752
H            0.86713834570678       -2.20045070951338        6.03039876307468
H            2.21155041513711       -3.63657429889237        7.50753399521482
H            4.16931347151343       -4.84562938109262        6.61369831303573
H            4.77364292795906       -4.60552832228436        4.23169815160432
H            3.42445989520287       -3.16135498289916        2.75839523973090
75
 energy: -93.771115045375 gnorm: 0.000304787568 xtb: 6.7.1 (edcfbbe)
Ru           0.09699503147754        0.02103505980880       -0.56835896325351
N            0.03677505773118       -1.86362456764342       -1.02648082642917
C            1.18085228511870       -2.74414249734156       -1.22783561016005
C            2.50909893702180       -2.08665866383278       -0.84783538081784
P            2.28452389897303       -0.28537113636162       -1.14710759683998
C            2.62670109440075       -0.24401052554885       -2.99385210945472
C            4.09904009576361       -0.34886966386206       -3.38251830712472
C            1.95140186254323        0.95095727954684       -3.66240704290803
C            3.76862057865831        0.49902452105658       -0.33653482193673
C            3.77554901842340        1.99337808958053       -0.65189207605490
C            3.67581633291258        0.30068760396567        1.17392978038705
C           -1.17117434722243       -2.66260740640912       -1.17645463262144
C           -2.42130146751625       -1.80196076144561       -1.36079151945087
P           -2.17988757551309       -0.22185275255042       -0.42964147837353
C           -3.05566554175352       -0.60497869731649        1.18233858389942
C           -2.98316087994486        0.59631265621020        2.12212726594702
C           -2.42313860965062       -1.82899341893119        1.84002321731202
C           -3.44037319156838        0.93519021691673       -1.20641970267397
C           -3.08139652947997        2.38494804200475       -0.86821871832596
C           -3.53435278887205        0.78825491617719       -2.72394637043378
H            1.21252255119651       -3.07532679145679       -2.28351311461300
H            1.04457410072707       -3.65621383173675       -0.61950479276074
H            2.68987361899090       -2.23748241450695        0.21787673373390
H            3.34294929696855       -2.51007986296064       -1.41453093251336
H            2.11288967293003       -1.14930232057159       -3.35331254504387
H            4.17882627360076       -0.52660163729778       -4.45482749448622
H            4.63415057583101        0.57001548944357       -3.15602707957655
H            4.59063920309328       -1.17332411566003       -2.86856825720884
H            0.88741819431453        0.96331622679160       -3.41311416458851
H            2.05100995069648        0.88604374238906       -4.74594105648674
H            2.38449495135625        1.89327949584103       -3.33410325390948
H            4.67991149999247        0.02202834859977       -0.71660043916789
H            4.55585907904755        2.49773532307844       -0.08312170098658
H            3.95080692228612        2.18563528113966       -1.70771473026397
H            2.81304307320518        2.42739446702708       -0.37666244553458
H            4.47532033334569        0.84481167350519        1.67488445576443
H            2.71854728359740        0.68961012145389        1.52614854137062
H            3.75500758353771       -0.74735935431566        1.45348061782417
H           -1.27884734982254       -3.32693681399747       -0.30217857070089
H           -1.06694806025637       -3.32564539797588       -2.05666918914062
H           -3.33120594745087       -2.33047824082954       -1.06250624527962
H           -2.49700256586646       -1.53773029370389       -2.41911339203751
H           -4.10638867425810       -0.82440959236775        0.94483370147700
H           -3.61969554035072        1.40772664167415        1.77817859827526
H           -1.95342394278403        0.95398422746083        2.18075854591631
H           -3.31095431796398        0.31505101165374        3.12232922040316
H           -2.70154155520959       -2.74703509162186        1.32741318983673
H           -2.75181149672627       -1.91562436768565        2.87534168347137
H           -1.33725820312896       -1.73604304400998        1.83080555026233
H           -4.41289065570657        0.68807234574961       -0.76043251280828
H           -3.96206339409859        3.02222769191657       -0.93754891383050
H           -2.65702150941998        2.47625075632630        0.12955456612305
H           -2.33894539007927        2.75601877341909       -1.57071995496340
H           -2.53614613578484        0.80226702060332       -3.16566356409261
H           -4.04476258958682       -0.12722772250863       -3.01610441424610
H           -4.09452688640801        1.62716046287985       -3.13545971955326
C            0.11959460289145        1.79767644822918       -1.03694045169155
O            0.17400561287197        2.88491673254918       -1.45119177148485
H            0.29556879487768        0.52194378036496        0.90647106740348
O            1.22798788301379       -2.18009154410510        2.08696771223114
C            1.25826629854401       -1.67396303541452        3.40201796205712
C            2.06506539183041       -2.57955307499120        4.29728204105819
C            1.73035259533233       -2.72172912265120        5.63800475052435
C            2.48611137879278       -3.53028042290264        6.46849003474626
C            3.58199903123656       -4.21271720643711        5.96672897687055
C            3.91835881339769       -4.07990181415888        4.63035834965430
C            3.16656721457265       -3.26515798847986        3.80259337270054
H            0.89138282170678       -1.48469742004581        1.48734448074158
H            1.71411287181567       -0.67070168205830        3.41457863235427
H            0.23661207177974       -1.57794842459232        3.80108002776417
H            0.87277442527735       -2.19486858963642        6.03313291038121
H            2.21603139492743       -3.63232471653589        7.51003124970602
H            4.16950281608398       -4.84726856790861        6.61465688748709
H            4.77092607547247       -4.61131015393021        4.23152289457058
H            3.42259607116331       -3.16611842741871        2.75834235437696
75
 energy: -93.771118285169 gnorm: 0.000361230818 xtb: 6.7.1 (edcfbbe)
Ru           0.09669295595372        0.02083413100134       -0.56806982630132
N            0.03597324829835       -1.86341791277913       -1.02810317879438
C            1.18007679201226       -2.74364957380246       -1.23035769562056
C            2.50843684529928       -2.08650051075647       -0.85018612716291
P            2.28418395079738       -0.28506621598864       -1.14856875353919
C            2.62548019199216       -0.24206697049527       -2.99546191480439
C            4.09768182836278       -0.34665435102090       -3.38469016732503
C            1.94991160445322        0.95344960018896       -3.66272289296903
C            3.76907352826040        0.49850662875671       -0.33844475270775
C            3.77624508368358        1.99312156658859       -0.65254330732297
C            3.67814376706413        0.29877286326846        1.17194236693217
C           -1.17187230342007       -2.66253268210614       -1.17821446880172
C           -2.42256060301241       -1.80227374048147       -1.36068310087500
P           -2.18033726953421       -0.22231185604540       -0.42939011958711
C           -3.05531369688936       -0.60664464405180        1.18276839216891
C           -2.98410132981011        0.59445676403184        2.12286244434809
C           -2.42112491572908       -1.83008959379526        1.83987882413057
C           -3.44187351276800        0.93496959792178       -1.20423039700939
C           -3.08168979086699        2.38444016343532       -0.86606056853064
C           -3.53841566736535        0.78857501114801       -2.72161873180809
H            1.21144524097615       -3.07406236712798       -2.28627431276779
H            1.04409935035057       -3.65617972533686       -0.62265240721365
H            2.68936133543300       -2.23788254121990        0.21542706535327
H            3.34213032335489       -2.50960610782351       -1.41732166105808
H            2.11164224368229       -1.14711302969579       -3.35543025320252
H            4.17700466459257       -0.52253006033192       -4.45732931697355
H            4.63314416554734        0.57167947072126       -3.15683619269005
H            4.58925711423240       -1.17216180323106       -2.87239112955045
H            0.88604350656640        0.96551276367107       -3.41286289822784
H            2.04907645998817        0.88955235287413       -4.74636100829798
H            2.38315992692824        1.89543018686357       -3.33363007155328
H            4.67969841896804        0.02142527207904       -0.72002289432557
H            4.55712515024297        2.49656787071546       -0.08372745407471
H            3.95113586549975        2.18625526453083       -1.70830744117208
H            2.81411634442144        2.42743571536125       -0.37641416226372
H            4.47854206395406        0.84223925819479        1.67221488912662
H            2.72148671130219        0.68762251306874        1.52594339351032
H            3.75746597562510       -0.74958942509438        1.45042260614946
H           -1.27882215860539       -3.32785319892556       -0.30458586956748
H           -1.06794972124051       -3.32459663871892       -2.05917966900206
H           -3.33171366374386       -2.33123005896879       -1.06083469264986
H           -2.50027090731053       -1.53809698623001       -2.41885384115671
H           -4.10585674644914       -0.82716427213833        0.94551324018442
H           -3.62095174711570        1.40551110151564        1.77865266464225
H           -1.95463680271400        0.95275924907460        2.18210506999107
H           -3.31231076802263        0.31282660467029        3.12283357727683
H           -2.70034283989816       -2.74849957207033        1.32835512193826
H           -2.74750737479647       -1.91627348626871        2.87594423133537
H           -1.33528124342256       -1.73684541834516        1.82821774353894
H           -4.41380247778347        0.68807106868200       -0.75682743126645
H           -3.96213235285055        3.02218835890375       -0.93349392630957
H           -2.65548114635416        2.47508108218293        0.13098186857497
H           -2.34031629720763        2.75555693535344       -1.56966525840945
H           -2.54106977322858        0.80354407793840       -3.16517253845592
H           -4.04866601558880       -0.12715938560522       -3.01322538303358
H           -4.10002821643991        1.62723626788695       -3.13167368940450
C            0.11931632081674        1.79829027328266       -1.03367197452153
O            0.17335314268030        2.88649844239926       -1.44533126587527
H            0.29529706383420        0.52066953502526        0.90708183357190
O            1.23415851617057       -2.17769032655966        2.08657465673854
C            1.26050103030634       -1.67383525347199        3.40257469201120
C            2.06734042835301       -2.57922420062771        4.29798095230560
C            1.73412980137055       -2.71853787673823        5.63941292170992
C            2.48908984838302       -3.52751160420489        6.47016583773618
C            3.58272525292223       -4.21330398524721        5.96797857647449
C            3.91781103798991       -4.08300778750011        4.63105452299831
C            3.16680383703875       -3.26777083042806        3.80298923371163
H            0.89547358386393       -1.48247536793458        1.48795143654304
H            1.71370920806759       -0.66937373041263        3.41790246944210
H            0.23775068651692       -1.58121530905980        3.79968964072722
H            0.87840344034402       -2.18890356448503        6.03488839208415
H            2.21978670327415       -3.62786903493881        7.51205358963558
H            4.16916948956809       -4.84881975657334        6.61592997767164
H            4.76893318967981       -4.61652316508579        4.23199380398438
H            3.42199148005097       -3.17053479796623        2.75839880243891
75
 energy: -93.771123034868 gnorm: 0.000413543199 xtb: 6.7.1 (edcfbbe)
Ru           0.09596014727520        0.02065409419554       -0.56812839576862
N            0.03465555903482       -1.86314475153553       -1.03005202521022
C            1.17865267870902       -2.74295901843265       -1.23451210289551
C            2.50734741039461       -2.08598762929991       -0.85515758258553
P            2.28302375741531       -0.28406622945836       -1.15071358691773
C            2.62367464045427       -0.23908548354442       -2.99783909247258
C            4.09577265880375       -0.34192589714498       -3.38819890689356
C            1.94691246294745        0.95688564669577       -3.66310022497612
C            3.76994336543379        0.49751677459187       -0.34199419206558
C            3.77677996967156        1.99270409375367       -0.65327324636563
C            3.68324127604885        0.29481810497214        1.16823566342259
C           -1.17307155255797       -2.66234235704709       -1.18055440056621
C           -2.42444556002563       -1.80248500337997       -1.36042290972469
P           -2.18154298932249       -0.22298468879526       -0.42840381928759
C           -3.05523254472535       -0.60939387251448        1.18398095551754
C           -2.98556770316754        0.59123392495379        2.12473543355027
C           -2.41900402432850       -1.83263515091038        1.83956638900865
C           -3.44449687299322        0.93484654338892       -1.20039028612358
C           -3.08281014075902        2.38396112907368       -0.86242538023335
C           -3.54581523211510        0.78914036607170       -2.71748369788702
H            1.20893951320880       -3.07223381285350       -2.29081936951573
H            1.04348603006835       -3.65617387365806       -0.62761178206817
H            2.68940337437533       -2.23863760739404        0.21005744796619
H            3.34036778342967       -2.50848294265077       -1.42374952529491
H            2.11047906784796       -1.14409319470448       -3.35887247487537
H            4.17468303738798       -0.51328217898636       -4.46162439788997
H            4.63142636755883        0.57542615993499       -3.15684408929944
H            4.58756271169108       -1.16958282065589       -2.87958906802275
H            0.88314576457152        0.96797751713207       -3.41261513656653
H            2.04554620157498        0.89442384653174       -4.74686826537396
H            2.37975643943806        1.89873926111474       -3.33308050694912
H            4.67947466156342        0.02090328646334       -0.72679995060525
H            4.55844608761746        2.49507795249208       -0.08455619931953
H            3.95032838739956        2.18776487766772       -1.70889143020631
H            2.81507257944126        2.42661997253054       -0.37517536100746
H            4.48595820762088        0.83628080769410        1.66699765575123
H            2.72825823120214        0.68394526187289        1.52623442781575
H            3.76227792231332       -0.75418784925812        1.44429609878906
H           -1.27910307665314       -3.32920901374985       -0.30795215492525
H           -1.06959876637505       -3.32290163727452       -2.06270466576226
H           -3.33262898760868       -2.33199130789061       -1.05859299460451
H           -2.50481711472372       -1.53811883082772       -2.41832355169738
H           -4.10554410212175       -0.83108458122700        0.94682630868503
H           -3.62267015941202        1.40206183061997        1.78040579151643
H           -1.95641893574958        0.95018856869513        2.18503874492576
H           -3.31449654833825        0.30880021261495        3.12423948655621
H           -2.70031804089022       -2.75127373462415        1.32951154314461
H           -2.74167220559018       -1.91817336741606        2.87683317634991
H           -1.33310005440526       -1.73960616417548        1.82385922555818
H           -4.41529510565493        0.68820039066160       -0.75043576103622
H           -3.96305178937259        3.02226192032583       -0.92714114943905
H           -2.65392818512930        2.47369879872251        0.13357554151679
H           -2.34305204601080        2.75506675903770       -1.56775850381427
H           -2.55012661561317        0.80707960827663       -3.16452786006606
H           -4.05463178768561       -0.12776694535976       -3.00793447637158
H           -4.11123950101174        1.62654008639022       -3.12489816630571
C            0.11866246730960        1.79925176149449       -1.02945667472058
O            0.17250655220414        2.88923831109312       -1.43635926965196
H            0.29563572119789        0.51736002209380        0.90811515345510
O            1.24623341687494       -2.17323580578160        2.08511269532187
C            1.26512682055576       -1.67371414251717        3.40290656841150
C            2.07187008009054       -2.57861368009217        4.29888809029850
C            1.74124954344346       -2.71221159943640        5.64163427349229
C            2.49437083793393       -3.52206221144062        6.47309015151179
C            3.58403651826513       -4.21400604968175        5.97055125060250
C            3.91725953972527       -4.08837395399815        4.63276770476435
C            3.16769091710755       -3.27267498239708        3.80373997818616
H            0.90293677761810       -1.47862405939305        1.48845839195408
H            1.71356081846681       -0.66713397755150        3.42337710645555
H            0.24031671533351       -1.58714259925174        3.79614448957675
H            0.88873735991135       -2.17758700475928        6.03736473541102
H            2.22672204712801       -3.61852912987744        7.51577611115453
H            4.16861590422245       -4.85077241170973        6.61895814180267
H            4.76542078194887       -4.62641076439411        4.23337735895041
H            3.42129990541020       -3.17933430245868        2.75843863674321
75
 energy: -93.771126236988 gnorm: 0.000362290160 xtb: 6.7.1 (edcfbbe)
Ru           0.09520121313885        0.02026522333793       -0.56796196929886
N            0.03387887716631       -1.86311808751580       -1.03171092703534
C            1.17771458374156       -2.74267595848082       -1.23815651991146
C            2.50695632075383       -2.08650313016025       -0.85943008883533
P            2.28287064876384       -0.28422329511665       -1.15262624538872
C            2.62140008385177       -0.23619040893568       -3.00016635787983
C            4.09326789674156       -0.33772189106651       -3.39172714853754
C            1.94343911252467        0.96024232376854       -3.66341979351728
C            3.77059018426328        0.49652380587324       -0.34462396048304
C            3.77671807927424        1.99217325225832       -0.65366931186686
C            3.68699810975312        0.29126637561873        1.16539999415399
C           -1.17394508883931       -2.66205905291716       -1.18252383765063
C           -2.42550495947143       -1.80209418144994       -1.36062923174999
P           -2.18233011471545       -0.22335993299259       -0.42741589396848
C           -3.05474906088930       -0.61188784224299        1.18513172189619
C           -2.98635366328183        0.58813817165351        2.12670865537852
C           -2.41663209643114       -1.83497774401828        1.83933057522176
C           -3.44655239881482        0.93496514686779       -1.19678969052912
C           -3.08362425048268        2.38391659863039       -0.85950496440054
C           -3.55189353353934        0.78937785955673       -2.71358289065498
H            1.20672608444268       -3.07079179834514       -2.29485835871253
H            1.04303676195044       -3.65657529265033       -0.63218752796831
H            2.69038528320775       -2.24047920635479        0.20533437524560
H            3.33918457149963       -2.50812432328551       -1.42976786824330
H            2.10853180356453       -1.14107554328116       -3.36201465404523
H            4.17138003896200       -0.50533245923043       -4.46581196886991
H            4.62919376098608        0.57877520169751       -3.15761166429694
H            4.58532153837846       -1.16720737184231       -2.88636792841911
H            0.87987540812184        0.97054258197515       -3.41194744947645
H            2.04115514097959        0.89918537940532       -4.74737460628946
H            2.37614819167233        1.90187537674735       -3.33255625109917
H            4.67936997831372        0.02054465119905       -0.73185177577780
H            4.55892024794925        2.49396058755489       -0.08521562968827
H            3.94883890844652        2.18890568262544       -1.70914516259872
H            2.81527743960780        2.42540971989337       -0.37377971898062
H            4.49167514839088        0.83073849405908        1.66311220934226
H            2.73348582871654        0.68103911723154        1.52631875249879
H            3.76524460894960       -0.75826691457975        1.43944982557759
H           -1.27954262369056       -3.33009656031144       -0.31073875577448
H           -1.07090727721577       -3.32146341080226       -2.06558967112539
H           -3.33339657951304       -2.33185888457188       -1.05836866337603
H           -2.50680175817080       -1.53686622909600       -2.41823361587659
H           -4.10489649392964       -0.83467282812812        0.94818311863199
H           -3.62367061220024        1.39880736571801        1.78234843897165
H           -1.95748473871361        0.94769409388448        2.18794803244474
H           -3.31588312031294        0.30492692404678        3.12579504016684
H           -2.69928514451313       -2.75365160318317        1.33003500840843
H           -2.73654165174336       -1.92048853393702        2.87745052072179
H           -1.33069384533550       -1.74185282598090        1.82070618674661
H           -4.41633396233515        0.68857774761971       -0.74449602337431
H           -3.96382321705321        3.02250405443806       -0.92233345044311
H           -2.65271783054088        2.47331261197289        0.13571123981153
H           -2.34514424999589        2.75487617192259       -1.56632378741083
H           -2.55763906714270        0.80959593879076       -3.16365325869875
H           -4.05959916685084       -0.12856080853855       -3.00276115130261
H           -4.12042941918603        1.62560893994068       -3.11902122214095
C            0.11766201033076        1.79969398363307       -1.02622327159370
O            0.17125433331441        2.89082043269830       -1.42998110948457
H            0.29645858020450        0.51696347306441        0.90809823030958
O            1.25635316682607       -2.16983326566351        2.08386386707226
C            1.26946241619183       -1.67376330939760        3.40298539777911
C            2.07569821394509       -2.57838720380348        4.29969102723532
C            1.74731654308088       -2.70663450156064        5.64358159257119
C            2.49909072601723       -3.51674546525851        6.47591500211105
C            3.58533459576407       -4.21408316933732        5.97329716274023
C            3.91653954787744       -4.09342908370909        4.63456040158255
C            3.16819767853809       -3.27756094376563        3.80451823089860
H            0.90958606320502       -1.47577403295274        1.48863130746374
H            1.71485292466995       -0.66589359543075        3.42751267769225
H            0.24309170008376       -1.59112561924773        3.79296322271072
H            0.89744773344723       -2.16780166683293        6.03932012675726
H            2.23325033493534       -3.60910901611645        7.51943670262232
H            4.16892981883712       -4.85086390606005        6.62256050357151
H            4.76220341129820       -4.63537671161074        4.23507608236952
H            3.42000964913455       -3.18823840627307        2.75844023887368
75
 energy: -93.771129991299 gnorm: 0.000324517293 xtb: 6.7.1 (edcfbbe)
Ru           0.09488334563822        0.02003216257277       -0.56792595422248
N            0.03329036783252       -1.86299924578044       -1.03314162322133
C            1.17693373104424       -2.74231054405555       -1.24183395085325
C            2.50670525671737       -2.08672830561687       -0.86404574825526
P            2.28198195457627       -0.28394890724489       -1.15404133104910
C            2.61860869059866       -0.23337546720861       -3.00196570248286
C            4.09005177404822       -0.33368535690552       -3.39550440571874
C            1.93936959870339        0.96348101862887       -3.66313040723906
C            3.77096766249818        0.49530906138358       -0.34700830973355
C            3.77594387021709        1.99146742794657       -0.65368981757532
C            3.68976474793787        0.28757367360106        1.16280218274441
C           -1.17462243126950       -2.66171022188196       -1.18435783631905
C           -2.42597160342159       -1.80131244185770       -1.36136356941310
P           -2.18269623049349       -0.22384136283243       -0.42616868815779
C           -3.05383390746325       -0.61439508130651        1.18650885362782
C           -2.98640584957388        0.58505493610499        2.12883467263096
C           -2.41382536445328       -1.83733990630127        1.83921264814915
C           -3.44804029715498        0.93501967198469       -1.19313660765770
C           -3.08418566273949        2.38397347093426       -0.85684756065156
C           -3.55736407572700        0.78932644378891       -2.70961363338594
H            1.20459411789889       -3.06921406345589       -2.29896013009877
H            1.04290949052821       -3.65695067265784       -0.63681982442674
H            2.69185547535112       -2.24244653788971        0.20015099409268
H            3.33802907397462       -2.50740533810573       -1.43642722977051
H            2.10582637918732       -1.13805150212799       -3.36445779701153
H            4.16700136242979       -0.49805135323195       -4.47017095180815
H            4.62622891932138        0.58210015830181       -3.15928704434513
H            4.58266361037260       -1.16466460309315       -2.89319546803966
H            0.87610186508031        0.97299394140959       -3.41042114829170
H            2.03581765687265        0.90363828124915       -4.74727772593183
H            2.37204837862309        1.90494929632369       -3.33175418596666
H            4.67929535030595        0.02016377496962       -0.73634690251547
H            4.55881206179651        2.49256858376129       -0.08558653222393
H            3.94637466823328        2.19000240341149       -1.70910492935982
H            2.81476027835073        2.42386280633622       -0.37158989084746
H            4.49632895718885        0.82490908715775        1.65973862179038
H            2.73768178233524        0.67839984195665        1.52617308623815
H            3.76671712477689       -0.76250136028314        1.43505279859011
H           -1.28016794383127       -3.33058933976335       -0.31322011611150
H           -1.07197392581499       -3.32027146458598       -2.06811088525473
H           -3.33404092988477       -2.33123735359419       -1.05998636707723
H           -2.50682589605443       -1.53460748917272       -2.41862405906468
H           -4.10385040665568       -0.83819729558790        0.94991830454291
H           -3.62378011645071        1.39570300913017        1.78447768349805
H           -1.95773321715498        0.94496814380194        2.19082260227021
H           -3.31643185312679        0.30115182819849        3.12756557867898
H           -2.69723649281377       -2.75595360989033        1.33025063408413
H           -2.73149575083830       -1.92321006368727        2.87796865790985
H           -1.32791694692574       -1.74374587917869        1.81826282452056
H           -4.41682809907542        0.68894403010196       -0.73856014589502
H           -3.96430553539073        3.02278097843527       -0.91848457000371
H           -2.65178620321084        2.47352038139291        0.13772217307559
H           -2.34673327532091        2.75463118110047       -1.56488491976105
H           -2.56448630494748        0.81130870576449       -3.16254648102217
H           -4.06428727260335       -0.12950189876087       -2.99736271103376
H           -4.12856221629143        1.62454522219490       -3.11337175754690
C            0.11708731286013        1.79988107162885       -1.02447520381086
O            0.17004630797426        2.89163500646817       -1.42650313452352
H            0.29796877736391        0.51592533033582        0.90832259496065
O            1.26551076894633       -2.16690716390689        2.08270627130786
C            1.27381561025168       -1.67383411242516        3.40286672895306
C            2.07902320235485       -2.57857809824281        4.30037836266753
C            1.75288834864822       -2.70131572897608        5.64536268353820
C            2.50392143696875       -3.51080778747482        6.47890960220675
C            3.58693766120432       -4.21327591805314        5.97645207084708
C            3.91562321579288       -4.09839665023576        4.63658988545649
C            3.16819984069043       -3.28289738471200        3.80532090786555
H            0.91606907070498       -1.47338831895909        1.48846792854297
H            1.71728373989877       -0.66520077152046        3.43101207984937
H            0.24619898211211       -1.59390963213842        3.78999983917226
H            0.90560352982855       -2.15833827705469        6.04098137981373
H            2.24002697409560       -3.59878181009749        7.52329378716441
H            4.16992096611360       -4.84952417406283        6.62677705367718
H            4.75883116169069       -4.64419102476133        4.23721319839843
H            3.41803272565385       -3.19779614004858        2.75845065961766
75
 energy: -93.771136019547 gnorm: 0.000397507077 xtb: 6.7.1 (edcfbbe)
Ru           0.09450885695876        0.01938012530400       -0.56751796311499
N            0.03290399902709       -1.86302422477102       -1.03549256108743
C            1.17599110852111       -2.74225725327483       -1.24780195332888
C            2.50655310206843       -2.08750117725106       -0.87159849518037
P            2.28091747686093       -0.28398146182576       -1.15659920633831
C            2.61352877403867       -0.22923612413439       -3.00515862913296
C            4.08415665305913       -0.32758534971651       -3.40210314572265
C            1.93203777302666        0.96856842759700       -3.66230838693700
C            3.77097934943333        0.49352624085347       -0.35030721533578
C            3.77427269827502        1.99051794493577       -0.65302300680660
C            3.69288125770205        0.28204967305441        1.15916584147001
C           -1.17533910229785       -2.66109958240484       -1.18706396220335
C           -2.42595552478420       -1.79957945667351       -1.36301814902915
P           -2.18310508197188       -0.22433713492762       -0.42423475267967
C           -3.05158573596825       -0.61854642421527        1.18882799405273
C           -2.98522189492252        0.58019202063734        2.13208547054414
C           -2.40843390083668       -1.84110997588480        1.83921798993632
C           -3.45008103023273        0.93533948338662       -1.18743029931125
C           -3.08473010498665        2.38425113970538       -0.85276271887785
C           -3.56541726946551        0.78916169028107       -2.70339140590034
H            1.20153790166738       -3.06724860015049       -2.30559019205566
H            1.04278771144125       -3.65796065176818       -0.64419251810419
H            2.69458314186333       -2.24596990305650        0.19165268006851
H            3.33647170464780       -2.50650869236670       -1.44724237133074
H            2.10052223758809       -1.13346788678987       -3.36844288839294
H            4.15880668554096       -0.48778460930040       -4.47754769945767
H            4.62060322194105        0.58740283958268       -3.16352442834606
H            4.57797542967077       -1.16035087108335       -2.90401270363509
H            0.86932644476930        0.97688103807161       -3.40726650896012
H            2.02603077435623        0.91081381461516       -4.74678093433268
H            2.36486519325719        1.90972029095340       -3.33021505410384
H            4.67885583778109        0.01999582073927       -0.74261346314881
H            4.55824456099694        2.49076667732999       -0.08568655640519
H            3.94153336327627        2.19190620257111       -1.70842976978453
H            2.81339216339566        2.42120095755118       -0.36716162786761
H            4.50212610463958        0.81583809061649        1.65557625452294
H            2.74280778582873        0.67458188450367        1.52573544773093
H            3.76737371911396       -0.76888714217494        1.42862995865077
H           -1.28103570691902       -3.33082684866867       -0.31664545041880
H           -1.07333240048133       -3.31879767086243       -2.07153492440388
H           -3.33481539221881       -2.32966071700281       -1.06439786296104
H           -2.50484566318126       -1.52985632478498       -2.41968803162325
H           -4.10143646902617       -0.84395648294233        0.95308010106636
H           -3.62257445734908        1.39094233379603        1.78786371879085
H           -1.95674629668275        0.94044580352888        2.19506498378331
H           -3.31587809875612        0.29533081639293        3.13033518546601
H           -2.69210935560282       -2.75964856708979        1.33028864220497
H           -2.72328361101690       -1.92803580981564        2.87872567357404
H           -1.32263406310971       -1.74606798144938        1.81543415442863
H           -4.41722713672836        0.68974821284456       -0.72915045589658
H           -3.96464503902663        3.02345683726457       -0.91328434754186
H           -2.65056990476353        2.47420145607100        0.14103274538870
H           -2.34842541947319        2.75399856179926       -1.56244011333056
H           -2.57460004607157        0.81298186919198       -3.16063849435129
H           -4.07183100648429       -0.13069489260423       -2.98876155184956
H           -4.13994350974837        1.62321258566130       -3.10481365003956
C            0.11602622303870        1.79961707693186       -1.02255063166326
O            0.16831856654739        2.89180718548838       -1.42347841333362
H            0.29916314886096        0.51440613113565        0.90894013408123
O            1.27826938943944       -2.16350265098707        2.08109039276435
C            1.28051629376933       -1.67412909879697        3.40240786492470
C            2.08383606440300       -2.57910824018234        4.30142779500571
C            1.76141222445468       -2.69266726114692        5.64817357964833
C            2.51143328322026       -3.50089406595940        6.48381988240072
C            3.58960325040510       -4.21118220534592        5.98189078314303
C            3.91418536168480       -4.10577638616340        4.64027506260618
C            3.16774983381180       -3.29168631514248        3.80672149901941
H            0.92581302341731       -1.47073434964777        1.48781075104429
H            1.72227706740787       -0.66484943773420        3.43520641265074
H            0.25134267808839       -1.59676061155915        3.78583185277345
H            0.91788732150680       -2.14355560437554        6.04332378865766
H            2.25103925281571       -3.58109699495649        7.52976047009308
H            4.17228638274513       -4.84568102689038        6.63418966073604
H            4.75317946194055       -4.65824771166142        4.24114319654698
H            3.41403874070708       -3.21395818320697        2.75843461935511
75
 energy: -93.771141295591 gnorm: 0.000401025466 xtb: 6.7.1 (edcfbbe)
Ru           0.09444241573870        0.01867659525379       -0.56710170249430
N            0.03241409824167       -1.86303039009249       -1.03845347648607
C            1.17501740813412       -2.74205365475555       -1.25444246045795
C            2.50649443185358       -2.08825619777077       -0.87985969983425
P            2.27936457225448       -0.28401146602097       -1.15941424252082
C            2.60763011487828       -0.22452458400881       -3.00863786998382
C            4.07721156315607       -0.32077707594680       -3.40989450354734
C            1.92344044324229        0.97409536137417       -3.66145128904414
C            3.77071084747285        0.49169347794954       -0.35409187379301
C            3.77217879161437        1.98964856477165       -0.65221899294623
C            3.69546042661103        0.27593425563900        1.15493392747561
C           -1.17624818032998       -2.66050008392298       -1.19008871598205
C           -2.42619952796301       -1.79804072760141       -1.36519810583295
P           -2.18282272146178       -0.22534856865866       -0.42256665678445
C           -3.04853383351804       -0.62323164346695        1.19097641253784
C           -2.98289150550050        0.57463519550978        2.13540014155138
C           -2.40167197902855       -1.84501316219252        1.83910268375854
C           -3.45226439175889        0.93522360297091       -1.18069426179053
C           -3.08500199810010        2.38405745162994       -0.84790455572703
C           -3.57439663649145        0.78916175579476       -2.69615592105202
H            1.19832160844837       -3.06530219537546       -2.31282577925097
H            1.04277686754606       -3.65881540458558       -0.65223786832526
H            2.69763673281855       -2.24970512615375        0.18237136894527
H            3.33497919584840       -2.50533122075691       -1.45902815642628
H            2.09434759124165       -1.12825236160281       -3.37275962745964
H            4.14910474118543       -0.47737612129705       -4.48607239338108
H            4.61371446974105        0.59373990065046       -3.16967166867878
H            4.57277576802319       -1.15490487539541       -2.91583441288869
H            0.86138618813592        0.98085852095349       -3.40364993738537
H            2.01459831701948        0.91893517622797       -4.74631231791927
H            2.35630232965396        1.91485447257640       -3.32832441148119
H            4.67820335221155        0.01995672078943       -0.74951729114786
H            4.55757241298848        2.48867203066085       -0.08581669626216
H            3.93575272062757        2.19454880213533       -1.70754656677979
H            2.81186307554373        2.41871255088221       -0.36191074417515
H            4.50735805678126        0.80599109242560        1.65098928419320
H            2.74736578240361        0.67020141090841        1.52472568018227
H            3.76738143562158       -0.77592028529860        1.42144119462719
H           -1.28206968692057       -3.33082021558375       -0.32017993296158
H           -1.07513435031000       -3.31759013907207       -2.07511785690251
H           -3.33595276098405       -2.32835676799857       -1.06964829393246
H           -2.50278931454389       -1.52496663541658       -2.42124471267678
H           -4.09834777736878       -0.85047469771782        0.95675305995004
H           -3.62012312092483        1.38560054049379        1.79145506523472
H           -1.95451093754576        0.93501412499536        2.19911666653701
H           -3.31401092822446        0.28893362856454        3.13327087588504
H           -2.68503016832366       -2.76364673392611        1.33017756890914
H           -2.71375735727088       -1.93319872016045        2.87935249341196
H           -1.31603844218863       -1.74790289151613        1.81263604123950
H           -4.41767890336752        0.69030373790819       -0.71836395613790
H           -3.96449250311480        3.02398746982863       -0.90751337528044
H           -2.64923205598806        2.47435669875298        0.14517963131388
H           -2.34955038036450        2.75257587671502       -1.55912347420978
H           -2.58584153984570        0.81431800050681       -3.15817868497136
H           -4.08100182012321       -0.13129387112049       -2.97919381395119
H           -4.15182713889462        1.62255302524096       -3.09483574207751
C            0.11499295843990        1.79948096840404       -1.01988098591694
O            0.16661137361997        2.89195484238963       -1.42026026006471
H            0.30118567229580        0.51220263357555        0.90958860881289
O            1.29090698519538       -2.16142875109344        2.07950426806747
C            1.28770331458284       -1.67477795309187        3.40158617451595
C            2.08917938345781       -2.57949758080462        4.30259671213548
C            1.77115429785982       -2.68228590739884        5.65135412651227
C            2.52015201592534       -3.48872740854587        6.48959409099743
C            3.59265910038581       -4.20816602879492        5.98833667291403
C            3.91221482512954       -4.11413721949591        4.64462103638695
C            3.16699421647237       -3.30161508691381        3.80840218271582
H            0.93570937582602       -1.46955970609797        1.48675800379697
H            1.72793164869330       -0.66486953962492        3.43815368708406
H            0.25707461410502       -1.59936377637872        3.78161799212407
H            0.93192265662951       -2.12611474349486        6.04587809852703
H            2.26340214849304       -3.56034633609799        7.53707516113052
H            4.17493601946211       -4.84078984488605        6.64283385774788
H            4.74669209070846       -4.67383740264704        4.24609983207455
H            3.40934088104132       -3.23228411204649        2.75860278043181
75
 energy: -93.771145186824 gnorm: 0.000357551499 xtb: 6.7.1 (edcfbbe)
Ru           0.09418063515449        0.01797143305415       -0.56686021426060
N            0.03213870721771       -1.86310767490558       -1.04102966163535
C            1.17436344350915       -2.74204561567212       -1.25928329183038
C            2.50629667889062       -2.08852735344685       -0.88586335043952
P            2.27835334403109       -0.28386241003832       -1.16214854095930
C            2.60327354357010       -0.22132495182317       -3.01178670834858
C            4.07218334158674       -0.31563789812458       -3.41574949639735
C            1.91688414770685        0.97791955310798       -3.66111194855061
C            3.77032269694066        0.49070038137328       -0.35706572295818
C            3.77058454633464        1.98931899826635       -0.65175115573940
C            3.69711564402131        0.27181737211994        1.15162011893044
C           -1.17676360985002       -2.66026542484647       -1.19248260368595
C           -2.42626637071186       -1.79697700363530       -1.36654891836334
P           -2.18311298783931       -0.22591359874209       -0.42122958643695
C           -3.04599812274504       -0.62684724485126        1.19294471657484
C           -2.98035450703461        0.57065218033010        2.13779201264975
C           -2.39642163280520       -1.84805226707420        1.83930329749114
C           -3.45409333706159        0.93521769589687       -1.17591058834212
C           -3.08506526891799        2.38372222650244       -0.84390619689173
C           -3.58117892338508        0.78939837267264       -2.69096458130791
H            1.19634096493173       -3.06427038434151       -2.31800388582101
H            1.04280680426678       -3.65939655538558       -0.65779864708259
H            2.69950212854093       -2.25195547400383        0.17567761476641
H            3.33382807495793       -2.50430692297242       -1.46730413708718
H            2.08999242805247       -1.12488931611209       -3.37631301752158
H            4.14213635035834       -0.47045325567077       -4.49228675206954
H            4.60830529095433        0.59898175724482       -3.17507372368176
H            4.56938342807761       -1.15012498062101       -2.92396508645735
H            0.85527381129649        0.98316403699979       -3.40141487610896
H            2.00614534552692        0.92480482207904       -4.74620734432397
H            2.34947640185105        1.91846998133724       -3.32700383932523
H            4.67753848034198        0.02029494875980       -0.75473287928338
H            4.55719664970089        2.48719391420611       -0.08601501028714
H            3.93152166822102        2.19674198532584       -1.70703595545481
H            2.81078725566554        2.41737415048602       -0.35810658972082
H            4.51059596259861        0.79948769859522        1.64761213927020
H            2.75020575523342        0.66686453749286        1.52361098984549
H            3.76756500657356       -0.78070559314262        1.41589524489359
H           -1.28250172998979       -3.33082254094796       -0.32277955395279
H           -1.07629352828338       -3.31713437334425       -2.07775301336576
H           -3.33637975311080       -2.32763469450965       -1.07278575928119
H           -2.50188144412801       -1.52186417879431       -2.42217388613080
H           -4.09582270870229       -0.85528238935085        0.96004157449759
H           -3.61755910274010        1.38182883765883        1.79428949260186
H           -1.95192676951251        0.93090452031645        2.20146481314686
H           -3.31134520498740        0.28442682676719        3.13554114087369
H           -2.67919895199373       -2.76681127324008        1.33030268791066
H           -2.70662440803007       -1.93727538025694        2.88002472936830
H           -1.31097427177869       -1.74913072835894        1.81103606113974
H           -4.41814466908156        0.69064812739682       -0.71060756504285
H           -3.96396998329925        3.02446675240386       -0.90312085377177
H           -2.64846117756501        2.47403626290957        0.14880589970898
H           -2.34985394155202        2.75116289932155       -1.55589705853622
H           -2.59423593051379        0.81507146434169       -3.15631898790092
H           -4.08842459580976       -0.13115871550208       -2.97251028107824
H           -4.16014503528316        1.62278490603023       -3.08743244198553
C            0.11451031628585        1.79932102705134       -1.01749392520140
O            0.16616101144496        2.89190397788198       -1.41751407839689
H            0.30103386063748        0.50871012561571        0.91064312717548
O            1.29872758264295       -2.16183383985945        2.07843074433493
C            1.29265831967380       -1.67563143323903        3.40053266657173
C            2.09306370358323       -2.57956287244997        4.30331043869218
C            1.77850453406685       -2.67404300598201        5.65349212281177
C            2.52670844006421       -3.47899202639341        6.49382436541612
C            3.59489080038852       -4.20529764464991        5.99329195717652
C            3.91076258103001       -4.11971426099678        4.64821471885136
C            3.16634742004053       -3.30867364475672        3.80979577261686
H            0.94193056323054       -1.47090566391587        1.48553391976684
H            1.73182929893542       -0.66526864794430        3.43833563850341
H            0.26126779485418       -1.60119700702857        3.77876570460878
H            0.94281097246208       -2.11217066175575        6.04749990988825
H            2.27272029754091       -3.54401971568578        7.54239755066377
H            4.17650163854535       -4.83693875368954        6.64933298556990
H            4.74162568990786       -4.68515120154448        4.25027163381022
H            3.40579398216847       -3.24575192228795        2.75896801769606
75
 energy: -93.771149549933 gnorm: 0.000308212985 xtb: 6.7.1 (edcfbbe)
Ru           0.09407056161858        0.01728544815320       -0.56696608980454
N            0.03169248193526       -1.86328687097089       -1.04355286387703
C            1.17369958384946       -2.74208304304393       -1.26338178866697
C            2.50598317383072       -2.08867108626293       -0.89090477493140
P            2.27728965259660       -0.28374059644507       -1.16458383720366
C            2.59965458047019       -0.21866813554832       -3.01453874095062
C            4.06803246286967       -0.31094902592418       -3.42078980065157
C            1.91110085981696        0.98073794501042       -3.66123157981236
C            3.76979047756560        0.49029720151378       -0.36000662176257
C            3.76935886985634        1.98945702908369       -0.65174424075167
C            3.69827276687087        0.26881526250515        1.14837109606657
C           -1.17742253102732       -2.66023502577688       -1.19457172340842
C           -2.42696269511478       -1.79677408413115       -1.36754583866151
P           -2.18294971969117       -0.22701233768295       -0.42033997035816
C           -3.04356914801119       -0.62991898871358        1.19449520019217
C           -2.97724810403260        0.56714860908609        2.13988375708628
C           -2.39182360561458       -1.85059000800607        1.83950005264929
C           -3.45562092452808        0.93475897995233       -1.17134837994913
C           -3.08500633151488        2.38295310863435       -0.84000559584426
C           -3.58699081418330        0.78975493738196       -2.68610628899435
H            1.19474404117598       -3.06378443287651       -2.32227595866345
H            1.04278635009961       -3.65974588386136       -0.66221391102809
H            2.70079594064057       -2.25339997119474        0.17011841234451
H            3.33288141986336       -2.50334038789927       -1.47402736171576
H            2.08673004190094       -1.12228045282319       -3.37945114069803
H            4.13653068830957       -0.46521525454829       -4.49749122003933
H            4.60330826890673        0.60427908822514       -3.18050325088008
H            4.56703855879324       -1.14499209292304       -2.93010539974967
H            0.84977258620369        0.98427119578109       -3.40029633973563
H            1.99914719933367        0.92952792846455       -4.74649142765938
H            2.34294264017038        1.92125953207011       -3.32606027626946
H            4.67676729877482        0.02104101463189       -0.75955505695843
H            4.55708864446978        2.48638847197120       -0.08668681746327
H            3.92794846044612        2.19893850231548       -1.70698614720239
H            2.81009756183544        2.41673454524882       -0.35525321242200
H            4.51263585336275        0.79504698284137        1.64441221291894
H            2.75201055830297        0.66376970298195        1.52210785687613
H            3.76826539470864       -0.78419795068125        1.41076172963701
H           -1.28268018424558       -3.33113905558921       -0.32508129536403
H           -1.07762328435184       -3.31676426745748       -2.08015276910715
H           -3.33710604253870       -2.32777311464143       -1.07444116000775
H           -2.50259636631076       -1.52012170657433       -2.42280192878104
H           -4.09356746721818       -0.85915282350148        0.96316491184828
H           -3.61460767343506        1.37854616571083        1.79722906748939
H           -1.94870342967739        0.92725609688030        2.20287441419892
H           -3.30748866118162        0.28055412673307        3.13776957354874
H           -2.67393416394412       -2.76950156511173        1.33042833490087
H           -2.70065277171685       -1.94070292323966        2.88055261056248
H           -1.30656412481800       -1.75011063662145        1.80998567515901
H           -4.41855893321498        0.69061257669896       -0.70351558922265
H           -3.96322352598713        3.02466213931094       -0.89912990949614
H           -2.64796134402748        2.47310227112297        0.15251745982859
H           -2.34962623318843        2.74928373005269       -1.55240537341014
H           -2.60148694419003        0.81544232696074       -3.15445742341899
H           -4.09531818625955       -0.13049778820939       -2.96664203014667
H           -4.16682497839060        1.62357032397480       -3.08042869279761
C            0.11420836304225        1.79945926762398       -1.01435146429426
O            0.16642158981125        2.89235338887036       -1.41361025839969
H            0.30177730173764        0.50512834396792        0.91117405025715
O            1.30356310392640       -2.16466962793626        2.07744224635880
C            1.29639892122172       -1.67696472650911        3.39894385770498
C            2.09646569562104       -2.57920096230661        4.30371536319096
C            1.78526200570025       -2.66572702189745        5.65521606973820
C            2.53249550676482       -3.46948292917061        6.49750907385958
C            3.59661631772363       -4.20225408998367        5.99776103491128
C            3.90940096572404       -4.12416587712176        4.65161078857683
C            3.16574508154396       -3.31458746049731        3.81104907598810
H            0.94591413738952       -1.47482292315749        1.48384347422254
H            1.73486526056621       -0.66627401348816        3.43582323420411
H            0.26471498891462       -1.60262257781793        3.77646361176667
H            0.95264819779846       -2.09892392319834        6.04850476140121
H            2.28100031227934       -3.52837687760989        7.54702762925767
H            4.17756983030246       -4.83294193171935        6.65530465390724
H            4.73707188240718       -4.69470615067364        4.25437995086403
H            3.40269112426477       -3.25763436876057        2.75935440185018
75
 energy: -93.771155619540 gnorm: 0.000320620074 xtb: 6.7.1 (edcfbbe)
Ru           0.09359132068102        0.01629392231466       -0.56717202576144
N            0.03096287346157       -1.86355601911295       -1.04698141300792
C            1.17292421693802       -2.74195781933505       -1.26840356434606
C            2.50556344789616       -2.08851903731323       -0.89691606897042
P            2.27599058367252       -0.28331244463413       -1.16790804215661
C            2.59558352650761       -0.21547432049036       -3.01820392730649
C            4.06349718210885       -0.30482489032904       -3.42676852668133
C            1.90402770136800        0.98375438828164       -3.66199718861070
C            3.76925986986301        0.49011141216790       -0.36404350158775
C            3.76780719466942        1.98984132420855       -0.65266764110251
C            3.69990677652829        0.26554728540021        1.14397611793935
C           -1.17826514231579       -2.66045161037081       -1.19751814165907
C           -2.42819392895858       -1.79692561763753       -1.36783712022609
P           -2.18322551036696       -0.22829211544092       -0.41891168672820
C           -3.04053719016479       -0.63365047279069        1.19699492089194
C           -2.97276806669711        0.56290661138177        2.14295403458886
C           -2.38643935660488       -1.85404609504792        1.83997410909230
C           -3.45774745735374        0.93423584399007       -1.16565432205632
C           -3.08482735647080        2.38187024032247       -0.83477444393060
C           -3.59441260729417        0.79023089981161       -2.68003011686511
H            1.19293587719769       -3.06328948312680       -2.32741624204614
H            1.04280273691931       -3.65991480815356       -0.66749746479167
H            2.70206748306644       -2.25462601947846        0.16360141776403
H            3.33178517483234       -2.50204765866293       -1.48181796738900
H            2.08357503770469       -1.11942457809859       -3.38360754242963
H            4.13063528095712       -0.45917313476397       -4.50355970016990
H            4.59715287411367        0.61164802785766       -3.18747320870535
H            4.56504994678101       -1.13771091433583       -2.93665339245124
H            0.84289993904766        0.98469354603692       -3.40001243177771
H            1.99118566985362        0.93494171401691       -4.74743458396513
H            2.33431574378874        1.92443229329534       -3.32522305306855
H            4.67586768571125        0.02208300715181       -0.76588814936118
H            4.55698819528086        2.48558884610640       -0.08860151719433
H            3.92360707616538        2.20170890073212       -1.70783332177551
H            2.80938082563701        2.41655050714570       -0.35277225557307
H            4.51474200784025        0.79106837813773        1.63994268189742
H            2.75399470391829        0.65944193045266        1.51978275862855
H            3.77063394161782       -0.78795451129990        1.40422547334005
H           -1.28250656785302       -3.33223747059710       -0.32856597182042
H           -1.07945718928988       -3.31611204904387       -2.08386312986277
H           -3.33778738931291       -2.32859503014287       -1.07416232995754
H           -2.50541023909800       -1.51904401087235       -2.42268364804993
H           -4.09085107875252       -0.86343985444464        0.96771746648756
H           -3.61076157840165        1.37449557836601        1.80195171802081
H           -1.94406719342046        0.92296159876456        2.20420110556154
H           -3.30114932210328        0.27570927921495        3.14126575967476
H           -2.66801135191870       -2.77295154693997        1.33058824381769
H           -2.69358477712536       -1.94538549720585        2.88143572817327
H           -1.30138312423172       -1.75194135546733        1.80887050599111
H           -4.41928844252136        0.69054213783253       -0.69472639182496
H           -3.96212986350981        3.02484841535623       -0.89389585673997
H           -2.64746123944538        2.47162274366397        0.15764713025374
H           -2.34901520132424        2.74678490253623       -1.54751503730773
H           -2.61061461888860        0.81573220489372       -3.15191783984141
H           -4.10424477537106       -0.12954976273283       -2.95939904652534
H           -4.17510642787387        1.62469566619286       -3.07173688519964
C            0.11404346377656        1.79969268976614       -1.00968129518775
O            0.16748154842327        2.89324243918107       -1.40703122759784
H            0.30232491980784        0.49914492750929        0.91218021528742
O            1.30777236427920       -2.17025533988805        2.07590319847636
C            1.30044129441944       -1.67925149165322        3.39628420365242
C            2.10056355540627       -2.57864073478471        4.30383508234644
C            1.79375634512079       -2.65466228586413        5.65707243533478
C            2.53998334090693       -3.45636763780689        6.50214210477513
C            3.59887975635283       -4.19753867039978        6.00351544233977
C            3.90758451567317       -4.12953649660408        4.65581796068148
C            3.16491070130478       -3.32190607346476        3.81241255666010
H            0.94949455850923       -1.48177646340255        1.48119960156623
H            1.73811856761470       -0.66811721535992        3.43043256916457
H            0.26864601910468       -1.60457457568896        3.77357857376694
H            0.96532399336194       -2.08108829292818        6.04949606532668
H            2.29146216914624       -3.50760073639485        7.55274058746179
H            4.17861822840590       -4.82732194035169        6.66301358039991
H            4.73142431099267       -4.70629230583290        4.25960714064794
H            3.39883182683813       -3.27265200214220        2.75965882440753
75
 energy: -93.771162731722 gnorm: 0.000395562790 xtb: 6.7.1 (edcfbbe)
Ru           0.09308981497455        0.01512856164344       -0.56762114957274
N            0.02988871489222       -1.86388254251396       -1.05101058257995
C            1.17176275774403       -2.74187797860398       -1.27452411090336
C            2.50481167026718       -2.08840530373601       -0.90426985106064
P            2.27443712687557       -0.28284593467603       -1.17210860992879
C            2.59090849961645       -0.21175375550746       -3.02283367044369
C            4.05843031493306       -0.29691052518872       -3.43375094585913
C            1.89547407360673        0.98700121294933       -3.66338896109690
C            3.76868460771434        0.49006222805956       -0.36942313879003
C            3.76582896225341        1.99043789117516       -0.65450800625553
C            3.70246914451404        0.26205097073215        1.13821454198234
C           -1.17936950871146       -2.66078199453405       -1.20121373975651
C           -2.43013851599398       -1.79753917552212       -1.36742557737715
P           -2.18342472313312       -0.23018169857783       -0.41670318198548
C           -3.03689640958097       -0.63786963324147        1.20058941574463
C           -2.96679838261696        0.55773502443287        2.14761801985000
C           -2.38068021228219       -1.85861874837684        1.84058470986469
C           -3.46026354664625        0.93333579536620       -1.15822271080173
C           -3.08475868481639        2.38042961351292       -0.82818500225418
C           -3.60339214203427        0.79043778945327       -2.67211181366212
H            1.19060187481308       -3.06245412193400       -2.33378842059432
H            1.04267102370239       -3.66030703915750       -0.67405772535546
H            2.70331106295781       -2.25607352811367        0.15566023415015
H            3.33021057657356       -2.50065301421832       -1.49125372067074
H            2.08053245576617       -1.11640520902726       -3.38880447705924
H            4.12434088396451       -0.45159576861430       -4.51057452135893
H            4.58972835456374        0.62129974584255       -3.19573859392235
H            4.56324552678291       -1.12809105436723       -2.94402340063344
H            0.83449192676570        0.98426802616730       -3.40057179515853
H            1.98199052668207        0.94097219378607       -4.74900001934365
H            2.32326487963097        1.92814465580658       -3.32463504928958
H            4.67484540390122        0.02365614096206       -0.77412660853891
H            4.55681613479303        2.48505223603413       -0.09192743257405
H            3.91801949594382        2.20478562385604       -1.70971594331995
H            2.80833037494347        2.41624716260762       -0.35044453798495
H            4.51731888081131        0.78781679730702        1.63391177845975
H            2.75654798696842        0.65354623394313        1.51655716646286
H            3.77544760412674       -0.79194150080388        1.39595593063379
H           -1.28186175964240       -3.33448163071374       -0.33348873223105
H           -1.08184631816854       -3.31456749540971       -2.08909263781823
H           -3.33863363574289       -2.33009004375596       -1.07186425061729
H           -2.51056968361953       -1.51837565611934       -2.42172130855207
H           -4.08773302304155       -0.86774361234295        0.97382905788603
H           -3.60602223808270        1.36948584039037        1.80930041774364
H           -1.93796553002401        0.91797328810248        2.20605311823989
H           -3.29205827881307        0.26950372060592        3.14665223674392
H           -2.66235368434864       -2.77709482678818        1.33050854972766
H           -2.68569124828015       -1.95164034128323        2.88253035771096
H           -1.29582367123791       -1.75542288952474        1.80745512979638
H           -4.42015043387336        0.69034974083100       -0.68354340532277
H           -3.96088489327117        3.02499893472162       -0.88747574032535
H           -2.64712388530882        2.46988029240100        0.16412944012231
H           -2.34838622038775        2.74360165422474       -1.54126051581181
H           -2.62171406161681        0.81590413532821       -3.14837997179447
H           -4.11483939932785       -0.12893113419994       -2.94990115644107
H           -4.18543099355726        1.62544761025486       -3.06072124519659
C            0.11403206233367        1.80011892701282       -1.00364574352287
O            0.16865304533515        2.89481293697329       -1.39767055339671
H            0.30402266726091        0.49222749905143        0.91297094682521
O            1.31190469927004       -2.17818753695584        2.07368228506285
C            1.30505418448974       -1.68242931687557        3.39247205565317
C            2.10541120758635       -2.57792145832299        4.30360818298230
C            1.80423710163800       -2.64065364978550        5.65887555643867
C            2.54930031565272       -3.43969162040439        6.50741454631358
C            3.60175437807338       -4.19109986433268        6.01042873900471
C            3.90549316333316       -4.13547056581860        4.66107151318346
C            3.16371577479041       -3.33081530127649        3.81395433143257
H            0.95317223609403       -1.49139668776898        1.47744192417881
H            1.74200744969195       -0.67087684659718        3.42251683737951
H            0.27330282002834       -1.60695717414779        3.76979121458070
H            0.98096689702119       -2.05880285573783        6.05003134120908
H            2.30514470016818       -3.48052464405036        7.55960548790368
H            4.18036527456452       -4.81908905196688        6.67262777649065
H            4.72437800548088       -4.72022861985994        4.26612678930791
H            3.39354381716808       -3.29159986112687        2.75982101890549
75
 energy: -93.771169998094 gnorm: 0.000511959546 xtb: 6.7.1 (edcfbbe)
Ru           0.09240738406563        0.01375042049563       -0.56787364940552
N            0.02869301464297       -1.86422547831617       -1.05545223427856
C            1.17056371777799       -2.74150713905272       -1.28194274240203
C            2.50421382757331       -2.08830566327517       -0.91301211949885
P            2.27269316790518       -0.28230254286528       -1.17695954483481
C            2.58564534501240       -0.20737698005122       -3.02819917846406
C            4.05267765543626       -0.28761881159924       -3.44196048529962
C            1.88536563586881        0.99048353349700       -3.66518081991802
C            3.76819444900724        0.48998561735020       -0.37596438858654
C            3.76324282997602        1.99104350315459       -0.65739514738020
C            3.70586323783151        0.25803119284492        1.13122666249400
C           -1.18060314310526       -2.66105857880519       -1.20552661606290
C           -2.43251272839490       -1.79822489561362       -1.36593440370317
P           -2.18391412867093       -0.23215885907544       -0.41343887115879
C           -3.03269872028932       -0.64275132794923        1.20553540472015
C           -2.95937419311567        0.55154595362804        2.15400305633591
C           -2.37463311449680       -1.86457004584019        1.84153672659939
C           -3.46326373952267        0.93243922616225       -1.14917436501498
C           -3.08485572436354        2.37893482520529       -0.82029539110889
C           -3.61387313147308        0.79023646914768       -2.66238033593593
H            1.18765755130034       -3.06084589710562       -2.34159954392980
H            1.04264091645668       -3.66074304731986       -0.68245488333599
H            2.70511160671398       -2.25781158412242        0.14620845753572
H            3.32858930144246       -2.49906756521121       -1.50251379610935
H            2.07729589268452       -1.11283441267194       -3.39498617666990
H            4.11723063672222       -0.44236101105503       -4.51888216207943
H            4.58116921253222        0.63252600125460       -3.20511623172355
H            4.56125793150432       -1.11690969510461       -2.95285676472736
H            0.82455900887397        0.98342704919163       -3.40140369613831
H            1.97115332864455        0.94762480289078       -4.75099540282545
H            2.31014340815006        1.93221772572653       -3.32423393441017
H            4.67383007454040        0.02557050885547       -0.78406582274136
H            4.55626576247050        2.48474527223450       -0.09689873729345
H            3.91084301151626        2.20816288536834       -1.71268176087550
H            2.80682791353463        2.41556631936645       -0.34832009170105
H            4.52024203631171        0.78500135317514        1.62639873948460
H            2.75966175252525        0.64597915103759        1.51252562048630
H            3.78249644098473       -0.79637088856721        1.38632858644026
H           -1.28082310884392       -3.33772351102519       -0.33978730562194
H           -1.08468908500085       -3.31188667545002       -2.09577629307942
H           -3.33953901461341       -2.33185853736993       -1.06774687020947
H           -2.51725890020885       -1.51759593756981       -2.41949102637306
H           -4.08423673699936       -0.87212526440018        0.98155765663858
H           -3.60033941969396        1.36347991852632        1.81937751360638
H           -1.93046380612785        0.91223493304037        2.20881327534926
H           -3.28044573252195        0.26178578183896        3.15394724744536
H           -2.65718991713170       -2.78208748285224        1.33022091736587
H           -2.67710198948859       -1.95983753050856        2.88401985034571
H           -1.28991685045735       -1.76089369041506        1.80594110977865
H           -4.42109452416163        0.69021364474655       -0.66999026276668
H           -3.95980058329962        3.02511104373773       -0.87982360949246
H           -2.64689311278575        2.46818341633445        0.17190985336901
H           -2.34796750269268        2.74004844848315       -1.53393860610346
H           -2.63469863518158        0.81590594960245       -3.14370503214771
H           -4.12680980310252       -0.12896235458790       -2.93800648435551
H           -4.19781870622157        1.62548720810649       -3.04759153021953
C            0.11375289068317        1.80038443885554       -0.99707394826307
O            0.16951326521465        2.89663306803978       -1.38661033236521
H            0.30645380030068        0.48464225469032        0.91398619406222
O            1.31633776948777       -2.18760323017457        2.07066774007584
C            1.31034288479548       -1.68632191907949        3.38754180126452
C            2.11084963467871       -2.57730906727932        4.30290243248313
C            1.81674103363390       -2.62376633148391        5.66055215958005
C            2.56103193571772       -3.41885178328988        6.51341031609265
C            3.60572378278663       -4.18257426938944        6.01851290169434
C            3.90262102913870       -4.14289203584159        4.66691387254964
C            3.16171868613780       -3.34197217382212        3.81539397023045
H            0.95725920165736       -1.50272213153040        1.47259219933188
H            1.74705620073824       -0.67460147037657        3.41274935902229
H            0.27873667544807       -1.60926370954780        3.76494557296918
H            0.99934389397158       -2.03255613362990        6.04992835596894
H            2.32198525496195       -3.44763536733866        7.56712521082534
H            4.18350203390484       -4.80771553477282        6.68414492307545
H            4.71598100153343       -4.73646542198521        4.27379383838265
H            3.38647840207121       -3.31468465761028        2.75979116581746
75
 energy: -93.771171385463 gnorm: 0.000608709166 xtb: 6.7.1 (edcfbbe)
Ru           0.09183240182662        0.01389265155581       -0.56793160083072
N            0.02872897839772       -1.86417296830507       -1.05493833633824
C            1.17066649945222       -2.74129638676810       -1.28192951454897
C            2.50428432788104       -2.08816671602144       -0.91293724363608
P            2.27262160488437       -0.28210831282699       -1.17666725261760
C            2.58550382884360       -0.20752575961855       -3.02799601954615
C            4.05249399419330       -0.28806614035243       -3.44184385533680
C            1.88556579006655        0.99044648819554       -3.66514179419878
C            3.76841936628755        0.48997627561675       -0.37617659121666
C            3.76317302420721        1.99095459093229       -0.65822961155351
C            3.70615197593452        0.25856274390903        1.13107255323642
C           -1.18039096489440       -2.66117576504647       -1.20541321265911
C           -2.43237123019446       -1.79847991936178       -1.36532972530197
P           -2.18422575035727       -0.23255418885759       -0.41261085574665
C           -3.03295601765988       -0.64262877711675        1.20647048311125
C           -2.95958585338265        0.55144308721282        2.15517321050806
C           -2.37547608552056       -1.86508755673494        1.84195233995732
C           -3.46305889158196        0.93239502898996       -1.14868560926707
C           -3.08494098985150        2.37906530973562       -0.82006948980112
C           -3.61352197823946        0.78978553857771       -2.66184825639225
H            1.18767860860962       -3.05998557884394       -2.34178320785566
H            1.04285573841054       -3.66091009602844       -0.68299423705207
H            2.70519184443298       -2.25783985930542        0.14624678562958
H            3.32860721080445       -2.49896363738583       -1.50249281697280
H            2.07698158524115       -1.11290247037808       -3.39469412862841
H            4.11696136477971       -0.44235201142001       -4.51881520813798
H            4.58143245065314        0.63168664929148       -3.20466706438252
H            4.56074027213723       -1.11778177751854       -2.95321440513645
H            0.82484414658250        0.98368369350539       -3.40120466897151
H            1.97111047147620        0.94721608479379       -4.75096957680988
H            2.31061816627748        1.93218454433162       -3.32457466896256
H            4.67404769118733        0.02544180172790       -0.78412533536712
H            4.55613599428866        2.48498068081690       -0.09797144911962
H            3.91076502168576        2.20761598226652       -1.71359269642757
H            2.80670823797796        2.41543964949767       -0.34929741654538
H            4.52017581574733        0.78633251498855        1.62609092022564
H            2.75968861817601        0.64611517403335        1.51210781625961
H            3.78346700008954       -0.79570498213438        1.38658091462522
H           -1.28043034808963       -3.33836176839622       -0.34010910554497
H           -1.08442707030584       -3.31137796258079       -2.09607996334752
H           -3.33925855303392       -2.33210584037606       -1.06686260490533
H           -2.51741896816095       -1.51772915838023       -2.41877868571859
H           -4.08451812011421       -0.87160375247625        0.98218475294864
H           -3.60069506233438        1.36333878564087        1.82073322974453
H           -1.93075866296606        0.91227584132319        2.20985134496007
H           -3.28042793972724        0.26147347140460        3.15512091207665
H           -2.65870606922578       -2.78222741302928        1.33031218798130
H           -2.67791880848540       -1.96054748694047        2.88439480311198
H           -1.29066033907599       -1.76214653120941        1.80629338730472
H           -4.42090638925932        0.69019970246893       -0.66959544919265
H           -3.96004249809056        3.02503120607728       -0.87939504794585
H           -2.64675440447169        2.46854106758811        0.17201318948726
H           -2.34839061904755        2.74037074062712       -1.53390529383916
H           -2.63429963930395        0.81563563992371       -3.14302384663101
H           -4.12607168205566       -0.12969180394623       -2.93725262259697
H           -4.19776372365792        1.62467799180198       -3.04735293722912
C            0.11456515107785        1.80041362265206       -0.99746188251671
O            0.16862374809580        2.89667315677177       -1.38693285329097
H            0.30867593248262        0.48588531628853        0.91330984424668
O            1.31625749250867       -2.18703517956902        2.07009902742734
C            1.31038218867734       -1.68620943566219        3.38703190612516
C            2.11045235363827       -2.57766190513298        4.30228988279313
C            1.81660733378662       -2.62380324401634        5.65972245486112
C            2.56137001322375       -3.41838688072149        6.51261057000850
C            3.60605018692132       -4.18199190713024        6.01795319082681
C            3.90230951237089       -4.14300417734241        4.66649587505533
C            3.16106877900655       -3.34252762759437        3.81492686398322
H            0.95718915937192       -1.50208405445263        1.47208324844114
H            1.74777829155580       -0.67481991871105        3.41272078131282
H            0.27882111454790       -1.60858161529616        3.76437827193718
H            0.99960732252436       -2.03208420777883        6.04907841138059
H            2.32342927839831       -3.44584482427148        7.56651127240464
H            4.18452326664786       -4.80626329465885        6.68376260808010
H            4.71510028153790       -4.73728291477467        4.27336153768783
H            3.38486259908489       -3.31622795241793        2.75922365719028
75
 energy: -93.771158017724 gnorm: 0.002518568900 xtb: 6.7.1 (edcfbbe)
Ru           0.09315359271262        0.01428047891309       -0.56730287744881
N            0.02901722368745       -1.86394555642009       -1.05269857305564
C            1.17095918303277       -2.74072949614359       -1.28171468009927
C            2.50470995186905       -2.08826818047404       -0.91253641018298
P            2.27352733027367       -0.28209713555126       -1.17631633970414
C            2.58538303950748       -0.20817567483919       -3.02791457657296
C            4.05221339551114       -0.28992404464019       -3.44188187562422
C            1.88643288632336        0.99026267571029       -3.66525888749517
C            3.76955808617946        0.49008994226510       -0.37700545404334
C            3.76304983372245        1.99074811358615       -0.66141584872226
C            3.70737765770549        0.26070073058038        1.13048781258667
C           -1.17972881123661       -2.66122217905515       -1.20457877350672
C           -2.43177943761830       -1.79868638428736       -1.36246868852623
P           -2.18357458999428       -0.23302474856147       -0.40953560307682
C           -3.03332518597423       -0.64206411238956        1.20928720466786
C           -2.95992892855593        0.55095544345763        2.15919063500721
C           -2.37849909019586       -1.86693989258208        1.84327433551585
C           -3.46193954880177        0.93198461644396       -1.14662267646124
C           -3.08529579208686        2.37937005619699       -0.81897004767285
C           -3.61204643536699        0.78801373496303       -2.65965169762723
H            1.18748688672131       -3.05698425706622       -2.34230911669421
H            1.04339499240046       -3.66169157577741       -0.68481412159118
H            2.70559900955334       -2.25820787092266        0.14658493728371
H            3.32878651462362       -2.49937702703312       -1.50219364507795
H            2.07610081845178       -1.11321388976838       -3.39418943892570
H            4.11638526147396       -0.44237150439615       -4.51906524412439
H            4.58274843792443        0.62837294615317       -3.20320576877093
H            4.55908589254087       -1.12131353053412       -2.95495466572757
H            0.82604710678589        0.98463576457979       -3.40048294703947
H            1.97089885431857        0.94585875407729       -4.75114832136504
H            2.31263289841371        1.93192491015889       -3.32601323067353
H            4.67524079220604        0.02524770581967       -0.78431231876641
H            4.55562275082127        2.48621358495049       -0.10198446818387
H            3.91063464248747        2.20566484996098       -1.71707816473910
H            2.80624753889588        2.41489659372544       -0.35316908484851
H            4.51992607006316        0.79152421172442        1.62502403926550
H            2.75986096407424        0.64659332042881        1.51054103907257
H            3.78735739794122       -0.79304261199173        1.38752482680186
H           -1.27917129374496       -3.34046289111581       -0.34094865003547
H           -1.08380737789071       -3.30911727967867       -2.09684619130769
H           -3.33824392384989       -2.33220951222816       -1.06288862682612
H           -2.51804817631512       -1.51768990416902       -2.41559119832749
H           -4.08502549117209       -0.86944532209048        0.98378496009548
H           -3.60155812103939        1.36279752034942        1.82560078709493
H           -1.93141869684946        0.91235399513864        2.21373957895110
H           -3.28015651860537        0.25995513907120        3.15901915247490
H           -2.66426096905278       -2.78265745190061        1.33041539662077
H           -2.68113745926828       -1.96303843552337        2.88552023886072
H           -1.29331175157677       -1.76695498863827        1.80767716342360
H           -4.41981992946005        0.68972344355280       -0.66779491787797
H           -3.96123051769848        3.02424024459590       -0.87743686299243
H           -2.64620289694268        2.46975193542406        0.17262707455592
H           -2.35018899670985        2.74164087537640       -1.53363299142632
H           -2.63271927259712        0.81475829376168       -3.14044566348904
H           -4.12312329374878       -0.13250710810002       -2.93429455484624
H           -4.19754417235888        1.62154959654310       -3.04608601686520
C            0.10563830896128        1.79974263476394       -1.00173324183400
O            0.16912770135359        2.89746661312745       -1.38498128837144
H            0.31220908683420        0.49050792861128        0.91271363469568
O            1.31567966966492       -2.18501545420159        2.06784534012354
C            1.31048635583065       -1.68575799290897        3.38497922235993
C            2.10897310134165       -2.57895274436526        4.29983721001453
C            1.81649128375586       -2.62343051570439        5.65679033295270
C            2.56307051222681       -3.41605070825175        6.50985317481833
C            3.60739749945708       -4.17971072842567        6.01582481722223
C            3.90086481052186       -4.14387744402376        4.66452431060005
C            3.15831546844020       -3.34506499951538        3.81274109213442
H            0.95660881005132       -1.49977789639700        1.47009498442304
H            1.75050013786152       -0.67559547797369        3.41229033408369
H            0.27914256663878       -1.60590367331936        3.76227029163618
H            1.00062029249587       -2.03026027291450        6.04606406181214
H            2.32864886136266       -3.43927182295501        7.56436517463488
H            4.18829973973114       -4.80094128018427        6.68227012931246
H            4.71184734188226       -4.74039527957268        4.27131809597715
H            3.37887549698027       -3.32202652576353        2.75665445427745
75
 energy: -93.771172708409 gnorm: 0.001216919610 xtb: 6.7.1 (edcfbbe)
Ru           0.09357481694049        0.01405026223739       -0.56677147686988
N            0.02906595220065       -1.86399293776079       -1.05312493816227
C            1.17095359764697       -2.74085356807762       -1.28186055506505
C            2.50462037929161       -2.08821358059623       -0.91255984947514
P            2.27336002691910       -0.28213305874741       -1.17678616576593
C            2.58549522273525       -0.20805645732301       -3.02825079504195
C            4.05236012374255       -0.28984072199621       -3.44209617707256
C            1.88628802137969        0.99026162748602       -3.66551288958360
C            3.76917500981433        0.49023078875375       -0.37703639718160
C            3.76317445600178        1.99092422566627       -0.66106850657692
C            3.70716901682489        0.26054865811907        1.13046104708598
C           -1.17990136615755       -2.66107305113843       -1.20437853236622
C           -2.43200634824232       -1.79845568295141       -1.36237858693422
P           -2.18317824005921       -0.23251640018194       -0.40987950722448
C           -3.03323071976560       -0.64228317840396        1.20867680841896
C           -2.95960435878980        0.55087354076870        2.15845102155954
C           -2.37813123190352       -1.86673326513123        1.84312003718290
C           -3.46219080890874        0.93189907365252       -1.14676227380027
C           -3.08523319121333        2.37908890037911       -0.81884911672280
C           -3.61223663874593        0.78825282739958       -2.65985016448586
H            1.18754387543769       -3.05754766587203       -2.34232054550082
H            1.04334165732151       -3.66154714672305       -0.68456897946823
H            2.70543072532936       -2.25790458033917        0.14663291212992
H            3.32884351766098       -2.49924459528730       -1.50205890619205
H            2.07624767670888       -1.11312249606263       -3.39452976052630
H            4.11658536794083       -0.44249322689097       -4.51927699473513
H            4.58267167624236        0.62866251567245       -3.20350444606246
H            4.55933687762119       -1.12106275215994       -2.95486183506122
H            0.82584782719282        0.98458666614959       -3.40072096609602
H            1.97086368870582        0.94605912843413       -4.75139043295271
H            2.31245819561468        1.93186988224806       -3.32607456054654
H            4.67480525648391        0.02538662374413       -0.78449215119937
H            4.55582175540027        2.48616808777354       -0.10149943133088
H            3.91076623041116        2.20605549787192       -1.71670406155195
H            2.80642701913734        2.41519246182613       -0.35278682707445
H            4.51993100874187        0.79091632596029        1.62499987467023
H            2.75983965217271        0.64658725177726        1.51083548345347
H            3.78685996093964       -0.79325212561741        1.38728034404240
H           -1.27930062192424       -3.34002614431329       -0.34045434675930
H           -1.08412765085888       -3.30938285990128       -2.09640072182669
H           -3.33852309545976       -2.33209394138621       -1.06294967728141
H           -2.51820560873210       -1.51758477335334       -2.41559085632524
H           -4.08497123170584       -0.86979874659258        0.98345779632894
H           -3.60109660047248        1.36283457993045        1.82486149912999
H           -1.93099803388649        0.91211872437008        2.21312360682563
H           -3.27999454804561        0.25997749299606        3.15827048379795
H           -2.66350981926163       -2.78266589427532        1.33045514876513
H           -2.68081266298186       -1.96268282986777        2.88540479649908
H           -1.29301576780312       -1.76638886880809        1.80759528962728
H           -4.42010025462561        0.68964797177153       -0.66788637404001
H           -3.96110745344805        3.02406131919180       -0.87735334914978
H           -2.64619760351382        2.46924016927403        0.17280649193085
H           -2.34996209775046        2.74125325596240       -1.53346853503052
H           -2.63290615331337        0.81494136373190       -3.14070288106846
H           -4.12355670522487       -0.13207116546503       -2.93471236448357
H           -4.19752893140724        1.62203590654724       -3.04608231506850
C            0.11108540927016        1.79984843922810       -0.99959920773544
O            0.16676090395345        2.89691443699942       -1.38619011782939
H            0.30856173885729        0.48996957515270        0.91378794989554
O            1.31544697238137       -2.18544275820712        2.06802156092982
C            1.31041629185491       -1.68577683355237        3.38508979294357
C            2.10920992760861       -2.57868528108365        4.30000435806479
C            1.81693112737154       -2.62287720659978        5.65738047608212
C            2.56328653807157       -3.41570156513791        6.51049131993142
C            3.60733748206965       -4.17987746951020        6.01608609246328
C            3.90079280815058       -4.14417518300498        4.66437195334467
C            3.15838925550695       -3.34513632417932        3.81257583482842
H            0.95636836235698       -1.50020579060559        1.47026813655371
H            1.75010002757090       -0.67541494077196        3.41193460059889
H            0.27909339356808       -1.60614521666607        3.76256616440629
H            1.00056662028342       -2.03033438165009        6.04667228196203
H            2.32774319171031       -3.44023648400643        7.56483923277162
H            4.18770731936734       -4.80177109388508        6.68241594543827
H            4.71233903076058       -4.73999592018933        4.27114620601095
H            3.37978212783001       -3.32122814514568        2.75652412236146
75
 energy: -93.771173809110 gnorm: 0.001129666380 xtb: 6.7.1 (edcfbbe)
Ru           0.09150417505612        0.01392528520931       -0.56637270606377
N            0.02918429896262       -1.86411661563886       -1.05345193504368
C            1.17118314007525       -2.74088361687583       -1.28180714174818
C            2.50480736301964       -2.08806983294932       -0.91247343619369
P            2.27275819921208       -0.28218849615813       -1.17681405902496
C            2.58549656884528       -0.20796130101173       -3.02817581986587
C            4.05232396163098       -0.28997598798936       -3.44239504868280
C            1.88610893413116        0.99011845430671       -3.66573699829728
C            3.76871791525163        0.49067470129184       -0.37737718314932
C            3.76349330791836        1.99138147930009       -0.66086347594284
C            3.70684397721980        0.26054037583030        1.13010938711403
C           -1.17991597057189       -2.66117363095672       -1.20379061881959
C           -2.43235611664578       -1.79878313400397       -1.36240960530313
P           -2.18386226764007       -0.23231428077057       -0.41058215525907
C           -3.03309905614699       -0.64280904144821        1.20826791196014
C           -2.95874131778003        0.55065061453246        2.15773767841893
C           -2.37758129445117       -1.86662909411359        1.84323196169943
C           -3.46310857686376        0.93193478414766       -1.14700148530666
C           -3.08550741284993        2.37866436447210       -0.81819438533051
C           -3.61273389160555        0.78894350957244       -2.66019829626182
H            1.18779916689362       -3.05841409267397       -2.34202432546175
H            1.04365076401352       -3.66116544617194       -0.68389049844631
H            2.70539867415669       -2.25720167697003        0.14687403486130
H            3.32927914478116       -2.49907661922472       -1.50168753212390
H            2.07621473877086       -1.11301719929592       -3.39458671420117
H            4.11644024850979       -0.44291530061065       -4.51961988810431
H            4.58251359792365        0.62878738229846       -3.20403204190451
H            4.55951526838219       -1.12103107010728       -2.95482849304483
H            0.82557135232946        0.98471203807247       -3.40090507143199
H            1.97077322534616        0.94600290334727       -4.75159542094270
H            2.31245202558330        1.93166724601705       -3.32631619062199
H            4.67425665509922        0.02579012117736       -0.78515783875181
H            4.55625533212478        2.48628610867276       -0.10107695213318
H            3.91110427165011        2.20688779378743       -1.71646827877603
H            2.80681989108890        2.41587815819017       -0.35253115654405
H            4.51984188125104        0.79028947391036        1.62459694992496
H            2.75966656698981        0.64661203425152        1.51092728328473
H            3.78625617286297       -0.79332429502048        1.38660072626075
H           -1.27922092941521       -3.33925277514341       -0.33903229812129
H           -1.08415741205402       -3.31052529001667       -2.09514815676480
H           -3.33884296114824       -2.33262460635798       -1.06301440338309
H           -2.51855696075472       -1.51825234974875       -2.41580776249698
H           -4.08489664533006       -0.87034367056050        0.98357548149637
H           -3.59977363324685        1.36299184064053        1.82411674006346
H           -1.92983924409866        0.91132188956765        2.21251692801601
H           -3.27941621942629        0.26008008350724        3.15758869263776
H           -2.66238722751528       -2.78289194678040        1.33088388166403
H           -2.68035584053755       -1.96228106485972        2.88559018795133
H           -1.29261021014213       -1.76579304372486        1.80782622621774
H           -4.42103277647487        0.68946250946526       -0.66816018215649
H           -3.96118945910750        3.02395917778148       -0.87652047426814
H           -2.64649524958600        2.46801826794541        0.17357361256608
H           -2.34986767833315        2.74074289118709       -1.53263218583221
H           -2.63329318825877        0.81542013077182       -3.14096253225015
H           -4.12454583053114       -0.13095120810653       -2.93559158592091
H           -4.19746195588246        1.62329960569336       -3.04607310755047
C            0.11345724730437        1.79991810450235       -0.99815597827444
O            0.16647610476013        2.89656868599656       -1.38707073305045
H            0.30969284942825        0.48812172225868        0.91411901691558
O            1.31456165281621       -2.18624965083181        2.06805326807356
C            1.31010921395468       -1.68565714666122        3.38496714558473
C            2.10974254373398       -2.57785167969921        4.29994580296096
C            1.81814651810976       -2.62119123398018        5.65831977962403
C            2.56395503065348       -3.41453675944530        6.51150499038160
C            3.60727465704936       -4.17995697798708        6.01618880278615
C            3.90051186615789       -4.14472349354273        4.66352580248802
C            3.15833240448545       -3.34529822777513        3.81169073562336
H            0.95532816222880       -1.50095615803057        1.47037607301758
H            1.74905092394861       -0.67483572950967        3.41064107295325
H            0.27888047691060       -1.60646223775479        3.76299587640731
H            1.00140651667506       -2.02918583148626        6.04786966955319
H            2.32680127707965       -3.44097283778027        7.56572957765863
H            4.18668342298379       -4.80309134964123        6.68228756950403
H            4.71261226011971       -4.73982468992576        4.27006226191274
H            3.38074475582072       -3.32045977470745        2.75550111607923
75
 energy: -93.771176502126 gnorm: 0.000343473016 xtb: 6.7.1 (edcfbbe)
Ru           0.09325415323306        0.01397526345067       -0.56677466188519
N            0.02915507137500       -1.86420153727052       -1.05282672353193
C            1.17116916156635       -2.74081734894611       -1.28161064005396
C            2.50470593357723       -2.08783472859989       -0.91228315353069
P            2.27321633061622       -0.28192614295393       -1.17711513339887
C            2.58533158711263       -0.20825909401340       -3.02855815705727
C            4.05213835009187       -0.29074382195636       -3.44265189446898
C            1.88639284902955        0.99009718623174       -3.66606301612291
C            3.76913693671848        0.49093997040092       -0.37778186136878
C            3.76356897007352        1.99152009248796       -0.66205819030076
C            3.70735049093704        0.26141229272415        1.12978723923482
C           -1.17985939384869       -2.66139725499423       -1.20319614705158
C           -2.43230516905056       -1.79907107722455       -1.36133125897427
P           -2.18335120362403       -0.23278025010865       -0.40933855377484
C           -3.03319383832326       -0.64272003089493        1.20934761863895
C           -2.95852046024417        0.55040493011491        2.15916921243973
C           -2.37855273438713       -1.86730947756002        1.84379088332742
C           -3.46254425416568        0.93146680433157       -1.14607455457411
C           -3.08565439748055        2.37846390268683       -0.81743774107078
C           -3.61217477981695        0.78842392348434       -2.65927290466811
H            1.18773541075666       -3.05773018167514       -2.34200658643878
H            1.04379150624615       -3.66141036937539       -0.68413934608396
H            2.70521280951760       -2.25687681705358        0.14709357662858
H            3.32918325857377       -2.49903756808505       -1.50132181654550
H            2.07571209252976       -1.11321497030518       -3.39471830681092
H            4.11614010311052       -0.44315335958033       -4.51992388863758
H            4.58291578960080        0.62752685185316       -3.20384778778691
H            4.55883175383276       -1.12234884629173       -2.95559221252437
H            0.82599980052468        0.98519569203278       -3.40081347950519
H            1.97056674628052        0.94553503808422       -4.75193908103372
H            2.31326142744613        1.93158083760478       -3.32712383288923
H            4.67461942822606        0.02584490473139       -0.78539284795874
H            4.55623510487648        2.48678462674692       -0.10249739733709
H            3.91125972920934        2.20647641584257       -1.71774874701049
H            2.80683730200317        2.41606882128460       -0.35400020580663
H            4.51985542748476        0.79212769012907        1.62414579356492
H            2.75983127185412        0.64692149852762        1.51030329198797
H            3.78759807762441       -0.79230559230220        1.38671102190787
H           -1.27893894736324       -3.33981356421179       -0.33871226390565
H           -1.08421359640098       -3.31033107421965       -2.09484434942237
H           -3.33863879823953       -2.33287963609085       -1.06151224134269
H           -2.51889532779480       -1.51859910403579       -2.41468182610119
H           -4.08509099920250       -0.86961709179109        0.98439804050569
H           -3.59948780449517        1.36290235890274        1.82581424135516
H           -1.92958706897943        0.91091779313021        2.21378830996493
H           -3.27903639979314        0.25963152694599        3.15900867266217
H           -2.66412052103442       -2.78316713470612        1.33111253907934
H           -2.68143655027207       -1.96311231851010        2.88607878353838
H           -1.29347248341041       -1.76736518106368        1.80845790637553
H           -4.42053544164620        0.68889383405226       -0.66744782296870
H           -3.96163494518260        3.02338328388961       -0.87537358012658
H           -2.64630027879622        2.46803299756899        0.17414750595612
H           -2.35052800158517        2.74100670790636       -1.53211302148980
H           -2.63270420580373        0.81516339267200       -3.13992089720617
H           -4.12364299209155       -0.13166444503222       -2.93465134636873
H           -4.19718587311612        1.62251337631083       -3.04530451026562
C            0.11384472138661        1.79998840874703       -0.99844635382092
O            0.16476639354026        2.89676741703466       -1.38696161758909
H            0.30741818944461        0.48981335520020        0.91388292760318
O            1.31401450424145       -2.18578595189950        2.06730464101837
C            1.30997764670379       -1.68543809098007        3.38422002291345
C            2.10941210514442       -2.57794555677294        4.29901711900064
C            1.81846509412041       -2.62064124297419        5.65728065980336
C            2.56468998145173       -3.41359532452078        6.51042222036053
C            3.60767125885013       -4.17923819077374        6.01518040545768
C            3.89997942673750       -4.14492490741128        4.66258982062399
C            3.15741967970418       -3.34593664806178        3.81075734260308
H            0.95469107877329       -1.50042089570607        1.46973639919781
H            1.74951311428614       -0.67489593519843        3.41008534265884
H            0.27886543353873       -1.60567911532264        3.76239700461779
H            1.00259670967277       -2.02758801424000        6.04698357009149
H            2.32911089008503       -3.43824963931612        7.56495615306360
H            4.18781497611704       -4.80152429647567        6.68139647939163
H            4.71110096541825       -4.74118629891951        4.26896356115084
H            3.37839679980587       -3.32261179602951        2.75434374489560
75
 energy: -93.771177787533 gnorm: 0.000433872605 xtb: 6.7.1 (edcfbbe)
Ru           0.09307404137704        0.01398044902757       -0.56587909628373
N            0.02921536781558       -1.86409161298947       -1.05238244927312
C            1.17129318300231       -2.74060438935928       -1.28136525767442
C            2.50474384254748       -2.08752076450019       -0.91203068146763
P            2.27303489310860       -0.28170210069827       -1.17738448247913
C            2.58518108091862       -0.20848351487106       -3.02882533866256
C            4.05193319656121       -0.29149636815540       -3.44297190621168
C            1.88660733814533        0.99002620715540       -3.66641276324080
C            3.76912902736418        0.49119870062604       -0.37836952373203
C            3.76357928282358        1.99169884035244       -0.66316025491268
C            3.70757135754573        0.26220898004189        1.12928781815740
C           -1.17965625693755       -2.66154255175494       -1.20252312251547
C           -2.43222222898442       -1.79938596927611       -1.36035605609692
P           -2.18321804990470       -0.23291996540771       -0.40869021299142
C           -3.03302645638105       -0.64273972951199        1.21011160607470
C           -2.95791393415378        0.55005495479782        2.16029631958885
C           -2.37921377312175       -1.86793433989389        1.84433305885482
C           -3.46260055281004        0.93116789553591       -1.14532603601079
C           -3.08599105870129        2.37821590735785       -0.81648913245260
C           -3.61188186788165        0.78816721677579       -2.65855015664543
H            1.18789028271211       -3.05726022941194       -2.34183807481205
H            1.04409572890904       -3.66136607830566       -0.68410324975990
H            2.70508550942935       -2.25633483366581        0.14741508224307
H            3.32928661148636       -2.49889043543660       -1.50085235298215
H            2.07524725375136       -1.11333567125399       -3.39476235432772
H            4.11582723607410       -0.44358403463633       -4.52027803281739
H            4.58318604278151        0.62639827756547       -3.20390722145300
H            4.55822384933243       -1.12350133416331       -2.95623942633549
H            0.82633395157719        0.98564933804609       -3.40075591422260
H            1.97034384045991        0.94503668862570       -4.75230947008223
H            2.31401397553817        1.93143173906672       -3.32794855092148
H            4.67457453412163        0.02594393416764       -0.78586119188318
H            4.55621592644267        2.48714721520515       -0.10372604547849
H            3.91140547910218        2.20626934728985       -1.71890077988286
H            2.80684718543071        2.41638555614287       -0.35532676766770
H            4.51974430375847        0.79366962931848        1.62347323582482
H            2.75981937471827        0.64728969550831        1.50964344744992
H            3.78850715653730       -0.79137922999418        1.38657690147771
H           -1.27843845387752       -3.34001359674486       -0.33807558888838
H           -1.08412638149204       -3.31040628263649       -2.09420648066754
H           -3.33838762886869       -2.33325765040172       -1.06017731074047
H           -2.51918212464689       -1.51907606527644       -2.41368845192473
H           -4.08505716184339       -0.86906559883891        0.98514898569346
H           -3.59871727318167        1.36279202144192        1.82724836055363
H           -1.92891495224349        0.91030652259760        2.21487345352517
H           -3.27835688573706        0.25910175095853        3.16010064715608
H           -2.66537072966765       -2.78347789651655        1.33141220085667
H           -2.68226831242336       -1.96384816664902        2.88655242620337
H           -1.29405222123534       -1.76876485343746        1.80916867032193
H           -4.42062875316566        0.68837562255519       -0.66689393057571
H           -3.96217101860635        3.02287972835352       -0.87395252306375
H           -2.64631250358973        2.46773555693796        0.17495007476506
H           -2.35125341111385        2.74120571289847       -1.53130046806011
H           -2.63229683809296        0.81505555624316       -3.13894170288028
H           -4.12312962087141       -0.13199624211974       -2.93408267018854
H           -4.19694044553543        1.62217726075952       -3.04466491273393
C            0.11186456614540        1.79965928320939       -0.99910898640286
O            0.16495011990289        2.89650772257665       -1.38689612623190
H            0.30883555253277        0.49025983747772        0.91440891624875
O            1.31314944885631       -2.18562940092825        2.06669973665945
C            1.30971568749544       -1.68516762800741        3.38353152406866
C            2.10918113811967       -2.57777606264688        4.29816047445935
C            1.81921932290318       -2.61954566977699        5.65645945556785
C            2.56577696819040       -3.41226267589306        6.50949662588338
C            3.60801376338474       -4.17861475192639        6.01410868129941
C            3.89921745073552       -4.14532861169206        4.66148576951971
C            3.15638077929176       -3.34656598765729        3.80973347298393
H            0.95389353368458       -1.50023932037395        1.46911471438966
H            1.74963086548906       -0.67480770219786        3.40920389983158
H            0.27877363901134       -1.60500557808289        3.76204843981270
H            1.00407709630282       -2.02565386925147        6.04634749497514
H            2.33131572819086       -3.43577701806281        7.56423284473999
H            4.18855738839920       -4.80052607575581        6.68030075291002
H            4.70960050449064       -4.74242406129107        4.26768055444641
H            3.37631386547219       -3.32426195750878        2.75317150190192
75
 energy: -93.771179688310 gnorm: 0.000358568644 xtb: 6.7.1 (edcfbbe)
Ru           0.09269076515507        0.01405853381582       -0.56641192313834
N            0.02929950227275       -1.86429395955991       -1.05174342113443
C            1.17154062966846       -2.74053257846873       -1.28088146571041
C            2.50489328747731       -2.08719738929182       -0.91163513934200
P            2.27306729041257       -0.28152771600304       -1.17758374716383
C            2.58479413170489       -0.20876008086791       -3.02912308980755
C            4.05141877219318       -0.29265102312020       -3.44357691245891
C            1.88674732630050        0.98989806141145       -3.66703565126110
C            3.76933525854840        0.49185297547145       -0.37930847637403
C            3.76385159933990        1.99222511472359       -0.66473933867033
C            3.70790293956501        0.26338956347587        1.12843017083876
C           -1.17949167278454       -2.66198200202841       -1.20120894588525
C           -2.43226378290933       -1.80005341268943       -1.35891628688435
P           -2.18333061938891       -0.23342769612121       -0.40745695660224
C           -3.03295674493670       -0.64307925699630        1.21150258593929
C           -2.95665660159085        0.54948051423775        2.16188649936729
C           -2.37998501631440       -1.86890542715273        1.84533599394775
C           -3.46269558500548        0.93056285107699       -1.14422652322516
C           -3.08654223199981        2.37760246281074       -0.81479717436798
C           -3.61143880206025        0.78797900705873       -2.65755156964478
H            1.18808796775396       -3.05721105131670       -2.34134880463102
H            1.04462415992170       -3.66129280509446       -0.68357683251361
H            2.70497659407437       -2.25538649690145        0.14796121148943
H            3.32961027898566       -2.49878362590672       -1.50005217479332
H            2.07436217358537       -1.11344438151265       -3.39479305110399
H            4.11500974330808       -0.44447588264684       -4.52094310655849
H            4.58334434823249        0.62481577634362       -3.20435794077387
H            4.55725009465084       -1.12513733160865       -2.95718337791696
H            0.82661811759417        0.98648756470818       -3.40081185012938
H            1.96985082030638        0.94428948692219       -4.75295573694748
H            2.31506170808447        1.93115903815059       -3.32932950187918
H            4.67465335683211        0.02634049117634       -0.78679891423744
H            4.55644691446441        2.48788416094417       -0.10542510017612
H            3.91183852402001        2.20634914285628       -1.72055465740301
H            2.80710781573880        2.41711207694172       -0.35720457635289
H            4.51966876767655        0.79566446830457        1.62237816004392
H            2.75985059837527        0.64788463291290        1.50865885432441
H            3.78967778749515       -0.79003855889615        1.38611014359249
H           -1.27786469816816       -3.34006808702611       -0.33641484832673
H           -1.08412817789301       -3.31121077318025       -2.09264068282700
H           -3.33823614296910       -2.33402030386941       -1.05833634958856
H           -2.51964187418469       -1.52002894461844       -2.41229405307729
H           -4.08520019728165       -0.86854276431063        0.98669635113747
H           -3.59695552700969        1.36275994262861        1.82920978672084
H           -1.92737140543713        0.90896761681263        2.21624188153379
H           -3.27703607730606        0.25853274258952        3.16170816598827
H           -2.66674001099591       -2.78410919575499        1.33213923010535
H           -2.68324910690539       -1.96489299994288        2.88749237766657
H           -1.29476737098684       -1.77052782735703        1.81036152875874
H           -4.42080544237697        0.68735026775199       -0.66617799720604
H           -3.96300358792905        3.02194720203487       -0.87152727029051
H           -2.64642774304941        2.46677456988598        0.17648061001594
H           -2.35225455303425        2.74125728196134       -1.52973854603433
H           -2.63167080006304        0.81495848485859       -3.13757712068866
H           -4.12262049626633       -0.13208531104171       -2.93354043073797
H           -4.19632667213243        1.62212136750485       -3.04364634217410
C            0.11063795128974        1.79974178249177       -0.99962514248336
O            0.16432668152771        2.89667297099449       -1.38711201040497
H            0.30936400739447        0.49075672013819        0.91365894203996
O            1.31136199627005       -2.18570495357211        2.06591147581445
C            1.30910401844176       -1.68467422511945        3.38254133963718
C            2.10906593008344       -2.57706642187083        4.29692482396681
C            1.82090276558939       -2.61714290228336        5.65569583409436
C            2.56774223017250       -3.40979090865994        6.50853865259868
C            3.60854509274119       -4.17771316001811        6.01249114809462
C            3.89800761893973       -4.14604794813293        4.65942667884154
C            3.15483467413552       -3.34739834650429        3.80784291424154
H            0.95224493065785       -1.50020877588947        1.46831963396018
H            1.74918602122660       -0.67436829695246        3.40739477988491
H            0.27846604917422       -1.60416604757085        3.76183390682327
H            1.00678149641399       -2.02213414927551        6.04603198358657
H            2.33444200203946       -3.43227747003189        7.56356158335512
H            4.18927085979064       -4.79965187585818        6.67850121177847
H            4.70740921799193       -4.74418614947441        4.26517035484715
H            3.37353550026381       -3.32624708684088        2.75098631870143
75
 energy: -93.771185359371 gnorm: 0.000316754670 xtb: 6.7.1 (edcfbbe)
Ru           0.09218653460467        0.01409626891668       -0.56570533146307
N            0.02948376449412       -1.86466658876920       -1.04969901551373
C            1.17223330723579       -2.74010254184245       -1.27905825431752
C            2.50507137972430       -2.08542008636039       -0.91032569919274
P            2.27248541541235       -0.28033829035558       -1.17904712536571
C            2.58340321511512       -0.20987492191568       -3.03075142262216
C            4.04965343468472       -0.29684453843886       -3.44603778297435
C            1.88723778219292        0.98944071844427       -3.66950362744459
C            3.76944966767331        0.49419122817563       -0.38281453595729
C            3.76467690406555        1.99413447972592       -0.67030180310599
C            3.70877768328355        0.26755581693689        1.12526023654311
C           -1.17893699732352       -2.66348677646288       -1.19639116764336
C           -2.43259134544117       -1.80270628824572       -1.35409651315376
P           -2.18357544172740       -0.23532183988845       -0.40389690961401
C           -3.03210892094151       -0.64418245343244        1.21602441098391
C           -2.95157643489027        0.54735218526178        2.16740664054997
C           -2.38239475934153       -1.87229003544327        1.84870651836273
C           -3.46327178882302        0.92835321008377       -1.14031547291760
C           -3.08874995353487        2.37532428134742       -0.80858813645193
C           -3.60989744339336        0.78745052087444       -2.65401365164446
H            1.18878140359780       -3.05720482843566       -2.33939194875008
H            1.04636167143877       -3.66070695408442       -0.68131076522849
H            2.70424924138463       -2.25129473779994        0.14983703908998
H            3.33046759061141       -2.49788040076111       -1.49716013116863
H            2.07108984517954       -1.11396539601487       -3.39534691033783
H            4.11231212882663       -0.44807222987054       -4.52356144521284
H            4.58381982034056        0.61926325912564       -3.20646554122397
H            4.55386832842887       -1.13082850572542       -2.96046939521032
H            0.82762171563331        0.98946645539604       -3.40116110798632
H            1.96807491679905        0.94162414510956       -4.75549481177506
H            2.31883469702168        1.93016407519522       -3.33447275586058
H            4.67429277523232        0.02768922933408       -0.79030023561889
H            4.55723591024096        2.49022969896379       -0.11128313998664
H            3.91336958621745        2.20678417257588       -1.72633598005420
H            2.80799587820143        2.41995884157685       -0.36384320310394
H            4.51931326126035        0.80239746201813        1.61835317172492
H            2.75984214414385        0.65020590802647        1.50523116929865
H            3.79325673786056       -0.78533894618301        1.38426189647889
H           -1.27577727680165       -3.33999660255545       -0.33015530938937
H           -1.08417809696808       -3.31428915248072       -2.08673979853769
H           -3.33790722645628       -2.33703581154861       -1.05215779767178
H           -2.52122548368939       -1.52368777977438       -2.40766357432864
H           -4.08517848852470       -0.86651712704365        0.99207802125151
H           -3.59003643739719        1.36266178940374        1.83620327688969
H           -1.92123502116326        0.90402394325821        2.22096122200809
H           -3.27170283702583        0.25638722740419        3.16731237803251
H           -2.67128286406975       -2.78630937213216        1.33458951886649
H           -2.68651741225890       -1.96846838215954        2.89063114661979
H           -1.29699337767958       -1.77684762951220        1.81454060296506
H           -4.42169877300593        0.68354447768890       -0.66369916013028
H           -3.96620377845004        3.01856307049524       -0.86258590761393
H           -2.64702380847164        2.46312528346727        0.18209897588107
H           -2.35606534755716        2.74141228572154       -1.52396889588666
H           -2.62937646655134        0.81467254597837       -3.13256326959096
H           -4.12093962969615       -0.13215356179851       -2.93180778676637
H           -4.19397741704082        1.62221833984567       -3.04000549371173
C            0.10898103911314        1.79951943478849       -1.00019066970805
O            0.16108784322722        2.89609016272382       -1.38920895580955
H            0.31086140900215        0.49171140797035        0.91371558945582
O            1.30464233180263       -2.18589218360470        2.06332417760486
C            1.30659796155832       -1.68280632161899        3.37925381711475
C            2.10872474797142       -2.57422200168295        4.29265595863985
C            1.82702503799815       -2.60856307835959        5.65321066152760
C            2.57479089633943       -3.40128385604095        6.50513999867293
C            3.61046446958283       -4.17472759543643        6.00645089797486
C            3.89384755035170       -4.14834689217185        4.65174975936386
C            3.14946900990055       -3.34985792634668        3.80097624139156
H            0.94614494262701       -1.50001886406712        1.46566250178028
H            1.74688045718315       -0.67252251409214        3.40112181833729
H            0.27705429232180       -1.60145814466074        3.76146540317828
H            1.01682985033168       -2.00935197659454        6.04542364609796
H            2.34594614641419       -3.42001590140443        7.56129847002663
H            4.19177376241741       -4.79702489213106        6.67163865768953
H            4.69947983601494       -4.75040072995148        4.25559892245460
H            3.36352388006309       -3.33285599697928        2.74296978599706
75
 energy: -93.771190530144 gnorm: 0.000567942836 xtb: 6.7.1 (edcfbbe)
Ru           0.09164919115736        0.01404331017735       -0.56504906213885
N            0.02997200724495       -1.86531779060051       -1.04651286672641
C            1.17333647206103       -2.73973560129236       -1.27636232937602
C            2.50547530030976       -2.08321788447565       -0.90858828849643
P            2.27184983982251       -0.27892790963021       -1.18133132759785
C            2.58106854086875       -0.21154634545204       -3.03336443300642
C            4.04674136606367       -0.30293765108636       -3.44976915903744
C            1.88755207743272        0.98867230265259       -3.67330664129046
C            3.76957708676571        0.49731551252077       -0.38797290470087
C            3.76542146335521        1.99663050042546       -0.67882443022490
C            3.71007278598539        0.27383037021439        1.12064360781803
C           -1.17803622685915       -2.66546150622842       -1.18941560307595
C           -2.43248635007746       -1.80558590639317       -1.34617981866208
P           -2.18287331009965       -0.23725222990352       -0.39748838361132
C           -3.03078465135215       -0.64571995349443        1.22312143526059
C           -2.94406182504256        0.54402488267671        2.17622841677458
C           -2.38609530953836       -1.87758712537414        1.85377764574988
C           -3.46370168071620        0.92493565588316       -1.13406306213329
C           -3.09194577755989        2.37204020919524       -0.79950207190416
C           -3.60698490726383        0.78595738517970       -2.64830409372522
H            1.18962171404049       -3.05730586999518       -2.33654983172787
H            1.04894969132562       -3.66012806763454       -0.67800066043988
H            2.70376023012271       -2.24596306228036        0.15226927443539
H            3.33160691020267       -2.49679717199330       -1.49353277693674
H            2.06603159306805       -1.11480951329570       -3.39618920700941
H            4.10803955766221       -0.45374724128780       -4.52742841059512
H            4.58402911845930        0.61132017152435       -3.21011069369487
H            4.54870836106542       -1.13880242664551       -2.96511172512110
H            0.82875163361776        0.99349717040904       -3.40192125650695
H            1.96508197193848        0.93758561409733       -4.75940435482617
H            2.32374594915938        1.92865810259667       -3.34218543771065
H            4.67386602584125        0.02949995013907       -0.79518535231765
H            4.55781174943494        2.49373220914460       -0.12043418427013
H            3.91504195295528        2.20679581182491       -1.73522646309705
H            2.80872514361619        2.42357257582503       -0.37400432493664
H            4.51889101160186        0.81249607608995        1.61242551193201
H            2.75993788596465        0.65412658556831        1.50003220604574
H            3.79826311373809       -0.77823088092007        1.38189593879607
H           -1.27265773416952       -3.34027072548146       -0.32162618338322
H           -1.08439345685093       -3.31790207536259       -2.07866288769786
H           -3.33701631885331       -2.34040365705310       -1.04270832174617
H           -2.52276835013099       -1.52772222659811       -2.39991496308714
H           -4.08512389846630       -0.86332918507192        1.00032585352170
H           -3.58029514981336        1.36210628835315        1.84763922128952
H           -1.91237819109587        0.89705710222356        2.22835588933453
H           -3.26330542857633        0.25259460311535        3.17627641790541
H           -2.67853508608462       -2.78953491946382        1.33795731269895
H           -2.69137345335792       -1.97438084345233        2.89532584113490
H           -1.30035171815108       -1.78686574864005        1.82071299783933
H           -4.42265357501491        0.67785028441620       -0.65962875183194
H           -3.97114517152976        3.01319195429639       -0.84962605269053
H           -2.64785239905173        2.45843444744387        0.19024212413133
H           -2.36193015549377        2.74189214778328       -1.51567381895901
H           -2.62528169947734        0.81370941516564       -3.12447878279386
H           -4.11741117818313       -0.13327433938882       -2.92848919386731
H           -4.19012978756371        1.62122276882569       -3.03462620138654
C            0.10615912771592        1.79888030546522       -1.00196263630057
O            0.15543487236039        2.89483904371452       -1.39313867836930
H            0.31141807005174        0.49483493437769        0.91321137299750
O            1.29456099235488       -2.18573943652028        2.05974280097950
C            1.30295878285949       -1.67982024535489        3.37453903576854
C            2.10789177442937       -2.57026100735949        4.28638272245022
C            1.83602466541374       -2.59613314093082        5.64921581094360
C            2.58576948358379       -3.38854174212027        6.49962845828269
C            3.61366129291701       -4.17002834695676        5.99718500915655
C            3.88748918503866       -4.15173272950186        4.64034844334727
C            3.14108611005704       -3.35360013045559        3.79097647323781
H            0.93789286832941       -1.49916781598820        1.46161366916756
H            1.74424595892556       -0.66993361864229        3.39233197906986
H            0.27512019183957       -1.59659303200485        3.76109874193357
H            1.03187517153666       -1.99055586846834        6.04422344461030
H            2.36449072488044       -3.40086274299512        7.55755207893322
H            4.19638492476364       -4.79225513704051        6.66119916007551
H            4.68713397049470       -4.75993246858484        4.24132474733442
H            3.34754425484201       -3.34300109824967        2.73131407686365
75
 energy: -93.771193780050 gnorm: 0.000458350486 xtb: 6.7.1 (edcfbbe)
Ru           0.09192968145464        0.01434270972708       -0.56400477771657
N            0.03023509862143       -1.86553957198490       -1.04369016381247
C            1.17393847161485       -2.73936543819610       -1.27410209422524
C            2.50580641774755       -2.08169928424399       -0.90762982653641
P            2.27128702000112       -0.27794994833842       -1.18295023802957
C            2.57903829355217       -0.21293190531338       -3.03528742795684
C            4.04422090897506       -0.30725382685364       -3.45275714833378
C            1.88710195179749        0.98769699075913       -3.67617339263536
C            3.76953055952972        0.49957543149358       -0.39183836222816
C            3.76547757081988        1.99839499580190       -0.68533474368391
C            3.71068367661192        0.27848489293140        1.11717808156833
C           -1.17733403070807       -2.66686393617710       -1.18428505530597
C           -2.43260896673130       -1.80827913257451       -1.34087742961963
P           -2.18310305932880       -0.23970839207361       -0.39280334236637
C           -3.02945410330490       -0.64691774870518        1.22905088817182
C           -2.93814329803238        0.54139772475130        2.18355379579543
C           -2.38850137964537       -1.88175609331715        1.85776029238952
C           -3.46380632451682        0.92250345832711       -1.12923505995461
C           -3.09447562330035        2.36981813317140       -0.79259271967289
C           -3.60438966983139        0.78471122163123       -2.64382706530944
H            1.18970124345588       -3.05750093902254       -2.33412063334621
H            1.05064312773225       -3.65951011662372       -0.67515852735823
H            2.70406566821517       -2.24234451823448        0.15357148136740
H            3.33218039167760       -2.49597077127670       -1.49171004542114
H            2.06212268587095       -1.11568973587038       -3.39669919804242
H            4.10445629869264       -0.45861977701348       -4.53040225572867
H            4.58339018583936        0.60608593270250       -3.21386900277509
H            4.54499452387824       -1.14383836862007       -2.96813850995547
H            0.82887969964688        0.99566627557685       -3.40281351527311
H            1.96239852334835        0.93428416555196       -4.76231259006394
H            2.32624462620836        1.92726767854676       -3.34788440667447
H            4.67350346870526        0.03090914262241       -0.79878425064238
H            4.55765608958246        2.49644453464212       -0.12749392101473
H            3.91563280451051        2.20662604040725       -1.74203795325894
H            2.80866972582093        2.42590896689875       -0.38168586531269
H            4.51861653630989        0.81945718060546        1.60784681106656
H            2.75996711515471        0.65769441003709        1.49623006746111
H            3.80097171398764       -0.77295713493245        1.38021675730491
H           -1.27035652101556       -3.34071423011448       -0.31560797629144
H           -1.08422201011970       -3.32020386546260       -2.07290544972600
H           -3.33671033277354       -2.34335202907790       -1.03669780758079
H           -2.52349728006860       -1.53060781141558       -2.39459369593753
H           -4.08468416268482       -0.86096802916695        1.00718462865576
H           -3.57309973621404        1.36135514219978        1.85721115922019
H           -1.90557993894339        0.89205459075477        2.23415070495032
H           -3.25617500663397        0.24949975322634        3.18385874671022
H           -2.68382567102001       -2.79197269181229        1.34052744509009
H           -2.69441464240579       -1.97912909755773        2.89907074027639
H           -1.30252837254406       -1.79469460989520        1.82521070284859
H           -4.42311508059269        0.67366582338394       -0.65650666641417
H           -3.97499288208790        3.00935605623903       -0.84002485961944
H           -2.64878495240782        2.45527026743574        0.19651457527116
H           -2.36640118816738        2.74244282105137       -1.50927522694124
H           -2.62169490891228        0.81272565996635       -3.11800544237332
H           -4.11430065049279       -0.13430301785843       -2.92565389575994
H           -4.18677768865826        1.62026354759710       -3.03063246333621
C            0.10384011830908        1.79846355477651       -1.00416450246124
O            0.15082433178366        2.89365787860720       -1.39760587221704
H            0.31377008670992        0.49780984988439        0.91305925243928
O            1.28646686754594       -2.18547055284795        2.05738305573631
C            1.30034268428513       -1.67724786292841        3.37117856939281
C            2.10731534358232       -2.56711686997920        4.28180660847272
C            1.84334641148260       -2.58638899113906        5.64632139597881
C            2.59483336166422       -3.37850444047939        6.49545374191866
C            3.61647888079938       -4.16628270749896        5.99008196530400
C            3.88249791739843       -4.15444519747378        4.63161534313826
C            3.13442732033866       -3.35654937968859        3.78346758920696
H            0.93176989998620       -1.49830986096943        1.45861815551540
H            1.74281499181782       -0.66786542748306        3.38569380158654
H            0.27397888563212       -1.59207444099613        3.76135791582682
H            1.04384939862261       -1.97611176545787        6.04350162050327
H            2.37962009660303       -3.38589876275491        7.55467086304606
H            4.20036505412784       -4.78844162158437        6.65314032140378
H            4.67738786422925       -4.76736889831867        4.23033077865680
H            3.33485326376214       -3.35068475831929        2.72261761744657
75
 energy: -93.771197045387 gnorm: 0.000256287513 xtb: 6.7.1 (edcfbbe)
Ru           0.09185620970219        0.01409871970847       -0.56332694089351
N            0.03057984094200       -1.86610575654667       -1.04144410670229
C            1.17445947967388       -2.73954092783754       -1.27218833778988
C            2.50611233528822       -2.08067827024095       -0.90727496727683
P            2.27062672182174       -0.27725688461087       -1.18419207993924
C            2.57711931515468       -0.21421706728026       -3.03679294030692
C            4.04193655818730       -0.31003188986635       -3.45515826077735
C            1.88581129300707        0.98637606634626       -3.67839946799838
C            3.76922580608480        0.50112239268444       -0.39472654229427
C            3.76484964788996        1.99955037220020       -0.69018922311749
C            3.71090879028617        0.28189495599333        1.11459200799332
C           -1.17682003587574       -2.66789730282856       -1.18056097168059
C           -2.43218865472046       -1.80941864854321       -1.33659088168543
P           -2.18250817244711       -0.24071606463976       -0.38878548313813
C           -3.02809384812784       -0.64789270333997        1.23358946489294
C           -2.93327879381946        0.53921605657886        2.18925124395319
C           -2.38981546843039       -1.88497734698156        1.86068079634984
C           -3.46386644850392        0.92059640746784       -1.12531712992674
C           -3.09653259504496        2.36809865693671       -0.78719911318144
C           -3.60211917220886        0.78366352996000       -2.64021299523239
H            1.18955086449913       -3.05832488675885       -2.33201583084619
H            1.05203445144393       -3.65930358822338       -0.67248317763702
H            2.70507198888708       -2.24007367690973        0.15399354779728
H            3.33234858288424       -2.49523347127657       -1.49133130769729
H            2.05915624207807       -1.11687753551192       -3.39695360031030
H            4.10132367809956       -0.46300760088094       -4.53262087598875
H            4.58184318789097        0.60330814320656       -3.21798381531177
H            4.54255726007556       -1.14619197197069       -2.96969730696702
H            0.82795176665754        0.99587671685619       -3.40397204824791
H            1.95985717747218        0.93138590423804       -4.76452825052417
H            2.32633295315723        1.92589243906794       -3.35194864011944
H            4.67311088444403        0.03201764957763       -0.80138152269231
H            4.55678688129291        2.49851545322717       -0.13284848902548
H            3.91521745039708        2.20633249228970       -1.74713212389492
H            2.80785104210577        2.42720407527946       -0.38732195599131
H            4.51873151419751        0.82379498828413        1.60437312487585
H            2.76013303888681        0.66118946105457        1.49341137179854
H            3.80170998822243       -0.76917013856553        1.37893190415567
H           -1.26888448971464       -3.34127553529941       -0.31145462500646
H           -1.08425960332492       -3.32162153436426       -2.06895912902442
H           -3.33619323137429       -2.34464458592545       -1.03245143488399
H           -2.52321056869877       -1.53167438338321       -2.39026957541689
H           -4.08402280434402       -0.85930874425509        1.01257556712713
H           -3.56773078038954        1.36041313552372        1.86508724815615
H           -1.90017565964824        0.88845896846872        2.23827590984601
H           -3.24978686336025        0.24663792578538        3.18984769513524
H           -2.68733026140956       -2.79384808165143        1.34236390381758
H           -2.69603281071883       -1.98293102225775        2.90184744633043
H           -1.30369543173633       -1.80067044231585        1.82841499970843
H           -4.42351126944015        0.67036505418624       -0.65400639687070
H           -3.97809597561855        3.00626683626239       -0.83293898947703
H           -2.64995390254732        2.45302895450507        0.20153483562460
H           -2.36980332731684        2.74286040903993       -1.50408379168574
H           -2.61857663621897        0.81193620783795       -3.11267056145190
H           -4.11149658934537       -0.13524189988366       -2.92333776445108
H           -4.18389041708224        1.61934377830295       -3.02762585871256
C            0.10158206231621        1.79747018832451       -1.00670415180342
O            0.14691105951910        2.89192004526084       -1.40237266943658
H            0.31513271952631        0.50100112602703        0.91243796024238
O            1.27992543834793       -2.18505758531078        2.05605568548855
C            1.29861896108645       -1.67487666788055        3.36893677441418
C            2.10711978639064       -2.56443995163303        4.27856060198196
C            1.84940005376930       -2.57880305427388        5.64421980741170
C            2.60229317718542       -3.37081958667691        6.49220128021500
C            3.61900764735935       -4.16335495093180        5.98457888410902
C            3.87881205995726       -4.15636105301071        4.62499369758111
C            3.12937501959190       -3.35858878770725        3.77795576720896
H            0.92733371075866       -1.49732871365465        1.45656326089083
H            1.74242896405167       -0.66608668546549        3.38068146086438
H            0.27357185150757       -1.58766226595864        3.76220509584888
H            1.05396592207661       -1.96451524287569        6.04323793275498
H            2.39249035599573       -3.37386687921332        7.55247175766425
H            4.20400711403362       -4.78531632970554        6.64683971251409
H            4.66950395873607       -4.77339461923000        4.22184512745631
H            3.32448837542870       -3.35680150314890        2.71615955401412
75
 energy: -93.771201544791 gnorm: 0.000276408160 xtb: 6.7.1 (edcfbbe)
Ru           0.09170093674778        0.01428422708901       -0.56264742051646
N            0.03101854514449       -1.86653843087566       -1.03848051424805
C            1.17489527032398       -2.73998248733599       -1.26930801729920
C            2.50676652955445       -2.08035339994466       -0.90692120201928
P            2.26993058689075       -0.27743179879117       -1.18597275625224
C            2.57425422310522       -0.21608688642918       -3.03892618034615
C            4.03865669529098       -0.31260426473832       -3.45841784854034
C            1.88253811573016        0.98373910743962       -3.68150423947108
C            3.76840264963082        0.50284420927028       -0.39836320205698
C            3.76305196758235        2.00082878713610       -0.69613285788206
C            3.71092969721335        0.28599491375715        1.11135049264160
C           -1.17615997774032       -2.66895199524736       -1.17601020890858
C           -2.43167877832937       -1.81076179959617       -1.33155301886073
P           -2.18174667853857       -0.24224764862663       -0.38365702044381
C           -3.02605717740673       -0.64931523176843        1.23952913942175
C           -2.92662276435318        0.53624607508710        2.19668530648143
C           -2.39069113903700       -1.88914253913777        1.86426260289698
C           -3.46379547303177        0.91818530562563       -1.12017311689215
C           -3.09935841227385        2.36599550921693       -0.77999223744548
C           -3.59895726956603        0.78252335875271       -2.63549177807879
H            1.18885439946099       -3.06031598994860       -2.32868999117021
H            1.05347760710772       -3.65890646853885       -0.66811595079731
H            2.70744381967859       -2.23841908861848        0.15424426306654
H            3.33234792256732       -2.49504792019009       -1.49178894119449
H            2.05577431260949       -1.11915594243366       -3.39724650725985
H            4.09696416071850       -0.46925413594872       -4.53540133534536
H            4.57826437752589        0.60185821615916       -3.22494102639285
H            4.54030480007963       -1.14678804586644       -2.97065597224497
H            0.82494956478965        0.99361613151030       -3.40635381820807
H            1.95577676133253        0.92727249944729       -4.76760777569785
H            2.32336057949806        1.92361850217302       -3.35661293422367
H            4.67239184409473        0.03361369633023       -0.80459858722938
H            4.55453175998425        2.50129631512602       -0.13951389242055
H            3.91342904330028        2.20593417286347       -1.75338075717277
H            2.80567683718002        2.42825269929041       -0.39408101420840
H            4.51949173215587        0.82793238368530        1.59990190492806
H            2.76066718343614        0.66670515978205        1.49003818431001
H            3.80090944200867       -0.76477211048085        1.37724126807062
H           -1.26731067318752       -3.34198462929668       -0.30659024259790
H           -1.08417949063335       -3.32305020483132       -2.06420327016208
H           -3.33572679931314       -2.34616292418889       -1.02791281630007
H           -2.52234647582301       -1.53256839619170       -2.38513890508105
H           -4.08288979043534       -0.85753205324333        1.01982449952799
H           -3.56108481541895        1.35870671119801        1.87579645909407
H           -1.89297207518598        0.88421615898825        2.24302195429298
H           -3.24031513191153        0.24258878975074        3.19785750480670
H           -2.69104841999744       -2.79631694823546        1.34462086876654
H           -2.69688323628073       -1.98796859492650        2.90535492351432
H           -1.30438243063237       -1.80815856092237        1.83196750030192
H           -4.42384807248435        0.66591843644436       -0.65077705005337
H           -3.98231329376727        3.00229866198244       -0.82416581939436
H           -2.65228257678829        2.45045038964414        0.20852978063434
H           -2.37398570828009        2.74356680165329       -1.49671234930389
H           -2.61428162819943        0.81120864390190       -3.10563033669547
H           -4.10761875738236       -0.13620105226164       -2.92047849307286
H           -4.17988246098637        1.61842819169348       -3.02363396967032
C            0.09871265039842        1.79627275907094       -1.01134228217160
O            0.14139809485377        2.88939406569057       -1.41086498325636
H            0.31614491939566        0.50515698679264        0.91169253783681
O            1.27133642501306       -2.18423675391671        2.05505849497674
C            1.29707917178623       -1.67116606367909        3.36657718965492
C            2.10730850667902       -2.56070768882965        4.27474410799187
C            1.85823074173030       -2.56837587585112        5.64191055684966
C            2.61312738987081       -3.36022708140578        6.48826982634594
C            3.62293176259051       -4.15941868423872        5.97753931891793
C            3.87402048887221       -4.15916998164895        4.61645451602084
C            3.12279033555716       -3.36143021446039        3.77103497647995
H            0.92226975234649       -1.49555063279290        1.45442257067585
H            1.74340728894270       -0.66349404882497        3.37429354043727
H            0.27396861422332       -1.58046925383203        3.76422342282275
H            1.06823936222058       -1.94880590287801        6.04345204373599
H            2.41040401848838       -3.35781479755345        7.54982421781834
H            4.20945318977861       -4.78117774566424        6.63863145004092
H            4.65917562553358       -4.78153129805495        4.21084147722449
H            3.31080918086151       -3.36492102265118        2.70805583280715
75
 energy: -93.771206095664 gnorm: 0.000354074584 xtb: 6.7.1 (edcfbbe)
Ru           0.09162425982777        0.01337444349464       -0.56226181660029
N            0.03113763931628       -1.86796058987860       -1.03564014616815
C            1.17516421057613       -2.74123827066601       -1.26586288371038
C            2.50704397114355       -2.07970321868965       -0.90687154357025
P            2.26849628816261       -0.27713174959722       -1.18749392229586
C            2.57094853154975       -0.21869551855146       -3.04084789442285
C            4.03495156058205       -0.31448581836350       -3.46194955057649
C            1.87750056279323        0.97945753748170       -3.68468589084327
C            3.76729821565931        0.50484681687228       -0.40238924914690
C            3.76027513452806        2.00234462855510       -0.70240556468732
C            3.71070294877141        0.29018275340501        1.10769152925469
C           -1.17598595742029       -2.67061788945855       -1.17140767636700
C           -2.43138121130641       -1.81220588915425       -1.32646549389751
P           -2.18128745889345       -0.24369251190532       -0.37868751459364
C           -3.02331612698949       -0.65104266385668        1.24576736469118
C           -2.91893638737232        0.53284065316466        2.20456000627912
C           -2.39078694409189       -1.89370707113935        1.86787648804831
C           -3.46420507229859        0.91586371739185       -1.11467721390271
C           -3.10295089687734        2.36383270169670       -0.77166322110976
C           -3.59576576212859        0.78205430597695       -2.63050523137176
H            1.18786568580246       -3.06399114573997       -2.32452550719567
H            1.05487277739153       -3.65877471259841       -0.66230992666248
H            2.71023943637140       -2.23651548816114        0.15401731928562
H            3.33177307247317       -2.49444557280022       -1.49296745951747
H            2.05279415546342       -1.12275953213589       -3.39717374307508
H            4.09221505224604       -0.47645349829151       -4.53822515673248
H            4.57290513295700        0.60232225249338       -3.23375754347918
H            4.53901765344897       -1.14512554689735       -2.97060478847925
H            0.81989104553115        0.98818035761455       -3.40968400044272
H            1.95085680254715        0.92184841669003       -4.77072314502066
H            2.31698201523578        1.92034146619672       -3.36086933625493
H            4.67147821644905        0.03578634672940       -0.80843948193020
H            4.55117545367918        2.50451870187090       -0.14653218277434
H            3.91034640296466        2.20597682508941       -1.75997513813393
H            2.80236387821513        2.42902933880266       -0.40091090256533
H            4.52096019220410        0.83095942267099        1.59472098618902
H            2.76161276241018        0.67358179875982        1.48664815785468
H            3.79855249740716       -0.76042385297776        1.37508659936186
H           -1.26622238409234       -3.34306601367335       -0.30147175463085
H           -1.08466231315087       -3.32524426909849       -2.05929774292966
H           -3.33557325422020       -2.34761410203971       -1.02334317442899
H           -2.52168368414453       -1.53353770181631       -2.37996808585790
H           -4.08112575418688       -0.85602015219765        1.02776778274854
H           -3.55397715275740        1.35640981257862        1.88767716871196
H           -1.88480218005989        0.87987065629838        2.24737417893539
H           -3.22883471940398        0.23778253476058        3.20651269933318
H           -2.69417517807673       -2.79913432476131        1.34692351847686
H           -2.69660149091576       -1.99351503601185        2.90900288763221
H           -1.30431007886125       -1.81605115759767        1.83520872477649
H           -4.42463578266489        0.66105031057003       -0.64741464352779
H           -3.98737561392967        2.99816691843119       -0.81464984135507
H           -2.65601092193044        2.44747999224523        0.21696475408237
H           -2.37848201339392        2.74444878499940       -1.48765142631784
H           -2.60981131670477        0.81136414904973       -3.09803425891429
H           -4.10361336322397       -0.13638691169835       -2.91785660832155
H           -4.17574920301738        1.61835251076497       -3.01914843932979
C            0.09525917513244        1.79382706369027       -1.01672418414873
O            0.13540961275679        2.88540654226875       -1.42078669799699
H            0.31889559693731        0.51064407190665        0.90956048029780
O            1.26233544859385       -2.18274753735029        2.05438537407463
C            1.29643402149565       -1.66640038347281        3.36439139811868
C            2.10835110265147       -2.55618855037585        4.27086517264814
C            1.86924388637168       -2.55609205623716        5.63987812901051
C            2.62613676215113       -3.34803140727510        6.48437872341746
C            3.62794255931116       -4.15500395745721        5.97000864922197
C            3.86898165554457       -4.16258447853292        4.60709191115367
C            3.11581190819454       -3.36477641310903        3.76348964631993
H            0.91746505089638       -1.49275771865130        1.45266974409844
H            1.74601121549365       -0.66019016784207        3.36735345425784
H            0.27561034162072       -1.57128008558966        3.76704098377615
H            1.08546530115008       -1.93048887556949        6.04432271908022
H            2.43123977281606       -3.33961719854184        7.54738271513823
H            4.21600412017575       -4.77679405352572        6.62969905608222
H            4.64783807616147       -4.79102480336824        4.19864642978908
H            3.29593043585127       -3.37419666420901        2.69915732394703
75
 energy: -93.771209791065 gnorm: 0.000247487836 xtb: 6.7.1 (edcfbbe)
Ru           0.09107072748012        0.01333846564912       -0.56229766823668
N            0.03102835767223       -1.86868517755460       -1.03337313619975
C            1.17499075770764       -2.74224657162135       -1.26297241721196
C            2.50727207093422       -2.08004030562444       -0.90663635953790
P            2.26758694156049       -0.27788461146405       -1.18892480034961
C            2.56848335705562       -0.22126096125506       -3.04252644274927
C            4.03236635628526       -0.31496215026890       -3.46453459716341
C            1.87248348227038        0.97489826174362       -3.68732524124098
C            3.76610489909775        0.50629061753763       -0.40549942619272
C            3.75741085898866        2.00348535702055       -0.70695728874899
C            3.71070382141384        0.29317849817276        1.10485292966715
C           -1.17604031243669       -2.67161018640344       -1.16812425328619
C           -2.43168384277650       -1.81350166334352       -1.32297252113739
P           -2.18112197104589       -0.24512994776078       -0.37517013693982
C           -3.02134513013290       -0.65250913647521        1.25029358429706
C           -2.91317540311668        0.53020946819364        2.21017679316188
C           -2.39045944423058       -1.89710462960344        1.87024912791309
C           -3.46468139706578        0.91400332309977       -1.11055222225238
C           -3.10606626907246        2.36203090838559       -0.76494265671371
C           -3.59373327281837        0.78242677796228       -2.62682454741503
H            1.18678707516300       -3.06735039529190       -2.32093949646404
H            1.05527785214306       -3.65846763613015       -0.65730164426488
H            2.71226058517012       -2.23577452227141        0.15407425735269
H            3.33127140288660       -2.49490881539678       -1.49371561696799
H            2.05160040072629       -1.12668347843829       -3.39726234848489
H            4.08909974221362       -0.48140434662963       -4.54015077861081
H            4.56799267721296        0.60432422958305       -3.24072310955327
H            4.53914743820464       -1.14211064057020       -2.97004418698828
H            0.81461937768398        0.98102167885840       -3.41316500567122
H            1.94683327323846        0.91711859508125       -4.77327970107396
H            2.30929626191449        1.91703279436964       -3.36344609484308
H            4.67050093287906        0.03775728007724       -0.81164680004954
H            4.54782840561957        2.50710708710585       -0.15170354331217
H            3.90701533526606        2.20624795090828       -1.76476175397048
H            2.79904279212749        2.42934854871914       -0.40567342224096
H            4.52270571219510        0.83257315677485        1.59051633320438
H            2.76285148071354        0.67898481234186        1.48445211926984
H            3.79655347056730       -0.75737393950162        1.37318638108752
H           -1.26568113101776       -3.34375632571774       -0.29788962382030
H           -1.08517510737938       -3.32662822352802       -2.05581328088844
H           -3.33582233510681       -2.34898580255889       -1.01982102601776
H           -2.52209743650436       -1.53465376791631       -2.37643936161327
H           -4.07988135272357       -0.85523346605307        1.03372964094976
H           -3.54907586480260        1.35437879967703        1.89660115407571
H           -1.87878091553055        0.87689131810759        2.24988804810030
H           -3.21967968556136        0.23400552440088        3.21282735545701
H           -2.69615500620901       -2.80130929462897        1.34852557740865
H           -2.69562180120902       -1.99754761447203        2.91150865374072
H           -1.30388012143930       -1.82178450612461        1.83687741681801
H           -4.42541552436020        0.65712033823796       -0.64502406138195
H           -3.99152580341575        2.99496307464946       -0.80756655909341
H           -2.65997559918088        2.44489131870694        0.22410138933518
H           -2.38174028349738        2.74501592142705       -1.47980074996791
H           -2.60691181098390        0.81259612983353       -3.09252701692858
H           -4.10085877386224       -0.13571843042182       -2.91637356234706
H           -4.17320443837160        1.61912509937859       -3.01535872689666
C            0.09297249598083        1.79251715122338       -1.02158260908419
O            0.13101036834268        2.88281864948320       -1.42931728941741
H            0.31935937690581        0.51314859497953        0.90846668759469
O            1.25692194511518       -2.18060939664230        2.05392081113652
C            1.29730334803662       -1.66217493257763        3.36291825680587
C            2.11014726422138       -2.55248397886202        4.26807248800466
C            1.87856027287409       -2.54649333541242        5.63841027647437
C            2.63665710951296       -3.33868107588020        6.48158675550122
C            3.63231961158577       -4.15160634875750        5.96463760449059
C            3.86574616049593       -4.16517711398603        4.60041275762490
C            3.11124454840410       -3.36729774869225        3.75805339643013
H            0.91490716826447       -1.48955735987885        1.45172650079363
H            1.74960478031890       -0.65723493813202        3.36252960361954
H            0.27820332672880       -1.56345176874983        3.76908260497461
H            1.09978177867517       -1.91597798427148        6.04494074105650
H            2.44786164450518       -3.32537110532649        7.54570242313067
H            4.22152129695342       -4.77337225465187        6.62333738310426
H            4.63949444245022       -4.79861691836618        4.18988919223217
H            3.28513662498859       -3.38168565282112        2.69267493332071
75
 energy: -93.771213702223 gnorm: 0.000253015778 xtb: 6.7.1 (edcfbbe)
Ru           0.09035939813966        0.01292665436794       -0.56276351602761
N            0.03044861427930       -1.86966376753097       -1.03189978534636
C            1.17442989484128       -2.74359305716306       -1.26006100605117
C            2.50702132982987       -2.08073493641061       -0.90587375225242
P            2.26645085921522       -0.27904913651086       -1.19039569891699
C            2.56624712354076       -0.22431663906616       -3.04416617609676
C            4.03021146377966       -0.31460261805394       -3.46666154854127
C            1.86648227454041        0.96896571853256       -3.69020198093017
C            3.76461596660087        0.50761441881859       -0.40869358444449
C            3.75377034944899        2.00457695981247       -0.71135335099288
C            3.71103963510540        0.29592151326104        1.10190698762966
C           -1.17657323029779       -2.67282527201345       -1.16562723739342
C           -2.43248322775497       -1.81492022641148       -1.31976706192606
P           -2.18139379837559       -0.24640068941838       -0.37235363441942
C           -3.01946919611590       -0.65394690797600        1.25428432763777
C           -2.90790936962005        0.52751006038745        2.21538277721175
C           -2.38990187155802       -1.90029031981321        1.87217996468907
C           -3.46571025768049        0.91243895979503       -1.10665487798427
C           -3.10960101403696        2.36035887099665       -0.75793207389889
C           -3.59230997493878        0.78346001569309       -2.62336859275741
H            1.18564337586173       -3.07117141415480       -2.31725808076145
H            1.05512036427962       -3.65841637755355       -0.65219487450830
H            2.71343178265854       -2.23529973229120        0.15473192222512
H            3.33042266262215       -2.49582127106695       -1.49365172044295
H            2.05182615665173       -1.13175050692918       -3.39727693853382
H            4.08688352648677       -0.48520403577787       -4.54158881292363
H            4.56261184981632        0.60751778791459       -3.24690260817945
H            4.54028653342419       -1.13790794440049       -2.96914009928253
H            0.80813425648246        0.97073390920804       -3.41765207409521
H            1.94279995836108        0.91155727294869       -4.77604929325407
H            2.29895599597739        1.91282699419698       -3.36537620530012
H            4.66928862956191        0.03993391139473       -0.81514802119588
H            4.54373287850604        2.50974067558894       -0.15685054707754
H            3.90259722142641        2.20673538692596       -1.76938411869870
H            2.79495738805273        2.42939056270714       -0.40994882778338
H            4.52487349128559        0.83407719178637        1.58595336039955
H            2.76451650598840        0.68399227501743        1.48244806430352
H            3.79514379030524       -0.75459794519778        1.37103309272569
H           -1.26563558094805       -3.34482450140497       -0.29521790312224
H           -1.08616633884488       -3.32805385097370       -2.05321621847696
H           -3.33632947965686       -2.35045629304596       -1.01584553525991
H           -2.52375698550591       -1.53626786071249       -2.37320990960356
H           -4.07867765973094       -0.85473382414369        1.03922380995923
H           -3.54517881717267        1.35192572245810        1.90531260980934
H           -1.87345353472480        0.87439388446625        2.25175466123780
H           -3.21063461753184        0.22996384163841        3.21877423839258
H           -2.69798489075922       -2.80339143419572        1.34994167080603
H           -2.69408516416944       -2.00128470600776        2.91367470303118
H           -1.30321329930039       -1.82718298156264        1.83778088144646
H           -4.42667068796522        0.65319302052852       -0.64288300913592
H           -3.99592593568454        2.99206024077565       -0.80080851337646
H           -2.66508774938810        2.44227226383042        0.23185240754815
H           -2.38479841803161        2.74565191761341       -1.47103691142361
H           -2.60470895138876        0.81506441898823       -3.08735597016565
H           -4.09843804864488       -0.13441186395455       -2.91553326245472
H           -4.17158495977188        1.62058390259525       -3.01126126892694
C            0.09057682949907        1.79102604418932       -1.02593670572940
O            0.12648715938072        2.88024015152569       -1.43670495222855
H            0.32000118082261        0.51681843762628        0.90638079783927
O            1.25395434550233       -2.17742888074051        2.05343277717511
C            1.29987879709081       -1.65740244649774        3.36157219996785
C            2.11310598475560       -2.54867601524277        4.26540479254010
C            1.88889999777093       -2.53657362449705        5.63690232014906
C            2.64803353190702       -3.32887268905705        6.47900981339352
C            3.63725161873918       -4.14821329769432        5.95981645722591
C            3.86304855246454       -4.16814432630280        4.59443164856578
C            3.10759565946460       -3.37005359264375        3.75311559101210
H            0.91366630675884       -1.48561584988901        1.45111781726449
H            1.75507663668375       -0.65381518040611        3.35848203869712
H            0.28232490117505       -1.55518845018716        3.77068412579137
H            1.11490103504623       -1.90134426634711        6.04507621719751
H            2.46459158581313       -3.31121857828465        7.54390512539432
H            4.22738689267660       -4.76997169471248        6.61767785917341
H            4.63197896643080       -4.80625434695288        4.18225531643219
H            3.27576917744702       -3.38914836073724        2.68696797585380
75
 energy: -93.771217890850 gnorm: 0.000276923954 xtb: 6.7.1 (edcfbbe)
Ru           0.08917103476619        0.01261234028312       -0.56371569044231
N            0.02936177705039       -1.87076283915943       -1.02999755244664
C            1.17344262338411       -2.74493497203715       -1.25685392652682
C            2.50620420052711       -2.08103566291018       -0.90479892776915
P            2.26470794153563       -0.27985056647894       -1.19181907751018
C            2.56398031514676       -0.22855859801720       -3.04578829898299
C            4.02814177137528       -0.31414983520179       -3.46876769053183
C            1.85943559750335        0.96101918952238       -3.69348262748515
C            3.76294099198382        0.50934042906486       -0.41263760163840
C            3.74929922534352        2.00601019064900       -0.71669369242936
C            3.71177394512834        0.29901513032517        1.09821192331303
C           -1.17761106921880       -2.67412642883558       -1.16296270752201
C           -2.43403334201125       -1.81664048938138       -1.31599676127643
P           -2.18196098855777       -0.24792858522614       -0.36907344458244
C           -3.01770428783893       -0.65574308639067        1.25882288266617
C           -2.90242078050156        0.52437333986427        2.22120702935981
C           -2.38934876715036       -1.90398796352983        1.87425913469111
C           -3.46726814975020        0.91046662529219       -1.10217398689670
C           -3.11413888930462        2.35820042460903       -0.74961294369351
C           -3.59112223581787        0.78514449959549       -2.61945465808297
H            1.18426661265989       -3.07505129430606       -2.31326632108366
H            1.05456599628284       -3.65838929131772       -0.64681766554981
H            2.71351088936634       -2.23399878634843        0.15584534160227
H            3.32927349036468       -2.49673622682625       -1.49265517310089
H            2.05293164389150       -1.13857594181677       -3.39713705578535
H            4.08512022177612       -0.48823039782526       -4.54309859578207
H            4.55675539249333        0.61093842615413       -3.25242969451566
H            4.54180367409141       -1.13360579977013       -2.96860209426747
H            0.80043492416091        0.95721244003498       -3.42316328833916
H            1.93841578437806        0.90407576359253       -4.77917176710336
H            2.28621467625597        1.90715226158970       -3.36752138241807
H            4.66781716459089        0.04271877396832       -0.81983166951799
H            4.53889575847280        2.51292998418591       -0.16326908676898
H            3.89680921100402        2.20757872409747       -1.77503508003026
H            2.79004148602353        2.42946616305936       -0.41476617066889
H            4.52718889760842        0.83667480425564        1.58016555283890
H            2.76645990060489        0.68857487703205        1.48014248748235
H            3.79522501380066       -0.75135219551690        1.36818865185118
H           -1.26587303833160       -3.34629083228848       -0.29259062949445
H           -1.08767308280423       -3.32929748913332       -2.05066124836264
H           -3.33729691224901       -2.35232921869449       -1.01057998166520
H           -2.52700483063684       -1.53843755099887       -2.36941114774972
H           -4.07764175785889       -0.85449622096863        1.04542034404662
H           -3.54137955609979        1.34900955650519        1.91523332710513
H           -1.86793122861935        0.87159775423897        2.25382261389029
H           -3.20080240142692        0.22517724737034        3.22539530066896
H           -2.70007147395477       -2.80597545638657        1.35162882382711
H           -2.69221164624783       -2.00548355767981        2.91609372996491
H           -1.30255516248838       -1.83313868656773        1.83846868483846
H           -4.42851467027937        0.64845041250246       -0.64050859141002
H           -4.00139892642174        2.98858631752611       -0.79304135571158
H           -2.67184351317563        2.43881237731510        0.24121135594980
H           -2.38842120115740        2.74614074381802       -1.46034631715977
H           -2.60266261330564        0.81874197420412       -3.08152755122034
H           -4.09589685995416       -0.13242185349070       -2.91489023009557
H           -4.17043346438210        1.62273718216763       -3.00632683591829
C            0.08779627542153        1.78950442646980       -1.03133602082766
O            0.12186304931384        2.87771011825739       -1.44495293985906
H            0.32030199407415        0.51889462625420        0.90433961877469
O            1.25276087236228       -2.17275427556351        2.05236022150174
C            1.30403760934149       -1.65161168168289        3.35981900319374
C            2.11762927100353       -2.54396183812017        4.26226445894823
C            1.90157944369890       -2.52476861955742        5.63509167663976
C            2.66135481353443       -3.31755385376463        6.47611803214515
C            3.64329959368694       -4.14426772820424        5.95459643745477
C            3.86073210446943       -4.17146738030848        4.58793755506930
C            3.10448582757821       -3.37306672460948        3.74757089675525
H            0.91256388146962       -1.48055709601352        1.45039238288223
H            1.76198015375234       -0.64930193121789        3.35444995322085
H            0.28797722131134       -1.54618863225217        3.77181002450342
H            1.13346550582749       -1.88342123364641        6.04504827260751
H            2.48441491477832       -3.29410534499250        7.54211455207917
H            4.23417082609881       -4.76619268934500        6.61163532349599
H            4.62368693988129       -4.81568262881862        4.17391069223624
H            3.26607976727028       -3.39800436694846        2.68045328942338
75
 energy: -93.771221487196 gnorm: 0.000372250713 xtb: 6.7.1 (edcfbbe)
Ru           0.08774040477599        0.01188565337521       -0.56431374903148
N            0.02798669695418       -1.87209070427495       -1.02837452394706
C            1.17226817974922       -2.74632368118141       -1.25389003745107
C            2.50504758146741       -2.08159209266983       -0.90312949390178
P            2.26328692986902       -0.28107600275181       -1.19374506793299
C            2.56174006214488       -0.23313709290851       -3.04791852184598
C            4.02620242614518       -0.31399589227524       -3.47079283602533
C            1.85235333692536        0.95252030548620       -3.69750795126887
C            3.76111299303540        0.51125162605004       -0.41691987054285
C            3.74452847188418        2.00763579287745       -0.72233737771829
C            3.71278701563504        0.30230533539326        1.09418879908357
C           -1.17894238633912       -2.67558528159913       -1.16073471844299
C           -2.43590411173771       -1.81846106533732       -1.31215930358386
P           -2.18302556958252       -0.24937653028611       -0.36599828203545
C           -3.01596789374071       -0.65761746527754        1.26340635652462
C           -2.89741280418098        0.52100128072756        2.22729385883106
C           -2.38869629708004       -1.90765930679755        1.87645511712513
C           -3.46934705638843        0.90862663367333       -1.09760208052434
C           -3.11921607932276        2.35606313539583       -0.74089830294832
C           -3.59022947024334        0.78698416568845       -2.61542857322234
H            1.18299371559798       -3.07828242314997       -2.30971320418247
H            1.05358541369599       -3.65872000661326       -0.64222812508894
H            2.71237778071537       -2.23251623183133        0.15778870380724
H            3.32818681831840       -2.49802473956462       -1.49036090034099
H            2.05429031718538       -1.14585903028324       -3.39736907383417
H            4.08370854991518       -0.48994002204431       -4.54477965220342
H            4.55140478389689        0.61344813794086       -3.25631725673845
H            4.54282453893268       -1.13063592301303       -2.96908437559053
H            0.79278467811713        0.94311472140843       -3.42932031836988
H            1.93391731462300        0.89588760531697       -4.78300843287598
H            2.27337876723579        1.90093396128375       -3.37060794069690
H            4.66612205551530        0.04578184597332       -0.82502397144761
H            4.53401398158113        2.51644894703227       -0.17047193220520
H            3.89016320457862        2.20851669563268       -1.78108396692437
H            2.78494276164719        2.42970291174131       -0.41947246543753
H            4.52883546501173        0.84083955019285        1.57407759661488
H            2.76801255827853        0.69169618075141        1.47753692456129
H            3.79740432971463       -0.74776104996096        1.36493145514725
H           -1.26624676247591       -3.34823763428606       -0.29061681558700
H           -1.08950156094932       -3.33026998415986       -2.04885315684789
H           -3.33845007472820       -2.35428436584535       -1.00486321076894
H           -2.53107988919424       -1.54068830097313       -2.36548109953872
H           -4.07656260150449       -0.85456449656631        1.05165945551772
H           -3.53812436503958        1.34577125313717        1.92540778249600
H           -1.86298895549642        0.86876371986424        2.25632981249542
H           -3.19156351378752        0.22000379475744        3.23219576234747
H           -2.70191010926951       -2.80857798990207        1.35346694561792
H           -2.69016561423110       -2.00972836852381        2.91864796355125
H           -1.30183429651312       -1.83888795270621        1.83921081481671
H           -4.43086227478993        0.64370029581792       -0.63813617957947
H           -4.00733354561210        2.98520137221658       -0.78511324616843
H           -2.67943890870201        2.43517227996942        0.25110769247912
H           -2.39232675346650        2.74657702847822       -1.44900790869519
H           -2.60084824569558        0.82279901307307       -3.07542536665387
H           -4.09345567532074       -0.13031325341710       -2.91430562059343
H           -4.16967939334518        1.62497028882202       -3.00124824129402
C            0.08452079794088        1.78774302253108       -1.03585847787220
O            0.11671932048068        2.87504341588348       -1.45211842526709
H            0.32051373226779        0.52281990027446        0.90183987141786
O            1.25345595158911       -2.16759391813121        2.05111247415173
C            1.30911629590443       -1.64567351562095        3.35799976993989
C            2.12319306019633       -2.53887046792219        4.25918017985506
C            1.91538708045423       -2.51227249642712        5.63326547940889
C            2.67547131959864       -3.30570298027211        6.47333210719902
C            3.64969945125570       -4.14029829690402        5.94967468988981
C            3.85885960018725       -4.17484816169262        4.58185223135293
C            3.10216874756568       -3.37593864465593        3.74230740022953
H            0.91157795913074       -1.47558467678862        1.44978642640811
H            1.76908097986865       -0.64428632212622        3.35086714769419
H            0.29427939606043       -1.53783228348512        3.77242008259583
H            1.15334690196869       -1.86463179765625        6.04475487411923
H            2.50499427281521       -3.27638254497673        7.54029323934154
H            4.24095685944413       -4.76260853887346        6.60600029342994
H            4.61564175153976       -4.82533937546773        4.16617354091370
H            3.25727897422192       -3.40670768991088        2.67431729906597
75
 energy: -93.771224345316 gnorm: 0.000332836285 xtb: 6.7.1 (edcfbbe)
Ru           0.08645584796634        0.01179457417063       -0.56508374304256
N            0.02668206708884       -1.87272803545327       -1.02712566491057
C            1.17114967880151       -2.74686275151351       -1.25214549028164
C            2.50378498091485       -2.08152640659436       -0.90181936266984
P            2.26131861341814       -0.28154704800344       -1.19506988079065
C            2.55994236367117       -0.23685085494786       -3.04937724291948
C            4.02455441914317       -0.31455235694731       -3.47238880992915
C            1.84714371027000        0.94568740616256       -3.70087700616650
C            3.75948825789001        0.51270512085324       -0.42071677816809
C            3.74047018529399        2.00887860743620       -0.72714587633907
C            3.71365182098736        0.30474280750895        1.09058299031542
C           -1.18010482642710       -2.67649157646475       -1.15930793825388
C           -2.43756541869041       -1.81973544831188       -1.30897448906818
P           -2.18374157972479       -0.25054966428423       -0.36316066903100
C           -3.01498071367819       -0.65926919912255        1.26714494915663
C           -2.89414215677571        0.51819120861872        2.23220149354291
C           -2.38799435872684       -1.91042671252601        1.87828842286425
C           -3.47105517241344        0.90691443794266       -1.09375064342646
C           -3.12343159955580        2.35418218268896       -0.73391581113995
C           -3.58958702744803        0.78818116530014       -2.61200700369089
H            1.18192383456062       -3.07958407408277       -2.30773243456125
H            1.05280706266379       -3.65891383066983       -0.63987609886500
H            2.71052024136359       -2.23076226269809        0.15944545242209
H            3.32724694609026       -2.49880002610420       -1.48804566003288
H            2.05511842222588       -1.15153771847655       -3.39732005893115
H            4.08253543603484       -0.49024887972403       -4.54639871286621
H            4.54781352057487        0.61393710209448       -3.25786345866835
H            4.54278388384054       -1.13018975404639       -2.97074562963133
H            0.78729610995326        0.93260619809432       -3.43396653825932
H            1.93026001007991        0.88857806166578       -4.78623328610889
H            2.26427816587682        1.89582610058059       -3.37405740047901
H            4.66464110263465        0.04820841951084       -0.82961433794499
H            4.53030511108184        2.51906521671504       -0.17706156181862
H            3.88389555690947        2.20929869969050       -1.78629265566618
H            2.78091134033375        2.42996562572717       -0.42284122028280
H            4.52910054065245        0.84557584230879        1.56891224542481
H            2.76853514548199        0.69230359016068        1.47490152590006
H            3.80111157310605       -0.74493355547571        1.36197740198576
H           -1.26667276491879       -3.35004642957484       -0.28978952034291
H           -1.09105766675254       -3.33034748047666       -2.04810051322000
H           -3.33948827305247       -2.35580475300040       -1.00025677953480
H           -2.53454189428131       -1.54213007833494       -2.36215965305850
H           -4.07602675399018       -0.85513191765599        1.05664608089519
H           -3.53614020607583        1.34302927876738        1.93333823981787
H           -1.85983294863303        0.86646449422864        2.25882177182373
H           -3.18530968315042        0.21574247778245        3.23752208106273
H           -2.70275006095403       -2.81060465859877        1.35497605847003
H           -2.68834067166089       -2.01309901258352        2.92074961101148
H           -1.30110518936307       -1.84279970643980        1.83991587808617
H           -4.43281443677342        0.63968907842464       -0.63609493017365
H           -4.01222880345686        2.98228875560885       -0.77902498785684
H           -2.68589977286415        2.43226795894975        0.25909755606424
H           -2.39550478653605        2.74673334848606       -1.43980459234555
H           -2.59947411480914        0.82577984090729       -3.07030997415067
H           -4.09155738359084       -0.12889751879138       -2.91363234447489
H           -4.16913411226066        1.62645270135075       -2.99706519117827
C            0.08194494109805        1.78670799741889       -1.03995023856068
O            0.11257567608832        2.87327781209375       -1.45828478723270
H            0.32042422686694        0.52495502413687        0.90015651726464
O            1.25552055213454       -2.16319984136926        2.05021262401517
C            1.31367540749546       -1.64101160658871        3.35676986614016
C            2.12823707148554       -2.53470380035356        4.25702542880285
C            1.92695972427808       -2.50213024359503        5.63194929684263
C            2.68720756594477       -3.29598837276688        6.47140827678700
C            3.65501130385934       -4.13713872238256        5.94631438483530
C            3.85775614343747       -4.17748211259991        4.57773209952126
C            3.10096993222171       -3.37802724160516        3.73874122450677
H            0.91097365476166       -1.47176915846365        1.44959944295363
H            1.77451281308989       -0.64000399746531        3.34875377442971
H            0.29954862392583       -1.53214480221704        3.77269823830035
H            1.16966981087438       -1.84966994661444        6.04437331997261
H            2.52138844680566       -3.26253743787266        7.53884914579407
H            4.24618937468288       -4.76002969744384        6.60215754260011
H            4.60990071309444       -4.83253282798867        4.16106861295936
H            3.25143982240899       -3.41285834350073        2.67031951430815
75
 energy: -93.771227306709 gnorm: 0.000237220717 xtb: 6.7.1 (edcfbbe)
Ru           0.08527978474059        0.01153088494984       -0.56553753711176
N            0.02558411160823       -1.87330616376978       -1.02631403894694
C            1.17024335638626       -2.74715715002699       -1.25136475470403
C            2.50255925332740       -2.08127159472870       -0.90083886469999
P            2.26020679357297       -0.28176482492827       -1.19670789600125
C            2.55814751653568       -0.23975695478785       -3.05120841248785
C            4.02282679634165       -0.31601737599196       -3.47408716493174
C            1.84351598376478        0.94078352006059       -3.70425136574184
C            3.75826649733007        0.51418454951016       -0.42401238957389
C            3.73718153415691        2.01014461194805       -0.73132510376538
C            3.71425398656581        0.30678939687381        1.08739886791850
C           -1.18109886007726       -2.67720962289412       -1.15834689831985
C           -2.43892769140180       -1.82066916989904       -1.30635520447097
P           -2.18468504683542       -0.25147740608035       -0.36065162518782
C           -3.01407485237590       -0.66082879983743        1.27055615618584
C           -2.89189692398000        0.51573387897951        2.23654945745733
C           -2.38696497342710       -1.91272188419839        1.88013209958716
C           -3.47269358247880        0.90554474150749       -1.09044365111920
C           -3.12707299786434        2.35266765773958       -0.72816883923334
C           -3.58909585023637        0.78889525208274       -2.60902588704330
H            1.18117353942763       -3.07970804192275       -2.30700195261224
H            1.05211322966838       -3.65935241208217       -0.63925772470554
H            2.70822825216527       -2.22892452375526        0.16085205440159
H            3.32657021239367       -2.49931486545035       -1.48571019658466
H            2.05474890632598       -1.15571700076349       -3.39773667369828
H            4.08093933283892       -0.49000911088138       -4.54838802136579
H            4.54570014803769        0.61234593656642       -3.25811338637903
H            4.54128168029315       -1.13226771296929       -2.97367410992821
H            0.78372588941786        0.92633300025007       -3.43732869066685
H            1.92675742233471        0.88235262109131       -4.78952223107252
H            2.25912460709611        1.89197818827139       -3.37869234968449
H            4.66340917037853        0.05040479877826       -0.83367884077496
H            4.52778246561532        2.52138566025967       -0.18332910696110
H            3.87797379452688        2.21006461338145       -1.79093869517190
H            2.77788658893547        2.43049499317599       -0.42515934159013
H            4.52791233840233        0.85110795591260        1.56480878752554
H            2.76792654628784        0.69094521431014        1.47220793011854
H            3.80605066813340       -0.74241999579204        1.35922344139068
H           -1.26687230722083       -3.35167362560506       -0.28943898962057
H           -1.09236426898528       -3.33019591110856       -2.04781426674302
H           -3.34037032989262       -2.35699470949858       -0.99671916811511
H           -2.53725581824473       -1.54288795120783       -2.35935328242320
H           -4.07539045360313       -0.85615922131396        1.06103365509062
H           -3.53476452703480        1.34064014671386        1.93981769836300
H           -1.85767768335046        0.86436329258477        2.26169916853867
H           -3.18115744763273        0.21212078475395        3.24205927356297
H           -2.70239491696625       -2.81239369185042        1.35636622918122
H           -2.68654925677427       -2.01615801812948        2.92274311395843
H           -1.30008838109423       -1.84542182433967        1.84105483923140
H           -4.43459748897980        0.63641190018355       -0.63421632651648
H           -4.01642731559794        2.97991977159029       -0.77404989311107
H           -2.69133987134886        2.42999748726396        0.26564491397726
H           -2.39831420240745        2.74678275484663       -1.43229303156095
H           -2.59828844415332        0.82758854065156       -3.06577728477291
H           -4.09020691973183       -0.12795501866453       -2.91272084815577
H           -4.16846287574715        1.62744712498416       -2.99373438345310
C            0.07931121486213        1.78568211534254       -1.04318736439468
O            0.10871138804795        2.87150776962215       -1.46350428327762
H            0.32028680320668        0.52725217898243        0.89867559071974
O            1.25779966943421       -2.15972189165619        2.04981612595925
C            1.31722344253178       -1.63749071355556        3.35622036423627
C            2.13264331910928       -2.53112137654547        4.25576672379405
C            1.93668371088248       -2.49377981385263        5.63132815939285
C            2.69689827580688       -3.28824977497941        6.47021114279495
C            3.65958696170424       -4.13448097704716        5.94397795459428
C            3.85738687760694       -4.17915064206494        4.57485996531062
C            3.10051047509829       -3.37922278788153        3.73634052368487
H            0.91047198995059       -1.46901141443655        1.44986920174495
H            1.77788386380510       -0.63637586171834        3.34780531596421
H            0.30347552929932       -1.52880234201351        3.77321194088992
H            1.18369482084842       -1.83688551935277        6.04466441226015
H            2.53550547375025       -3.25080383811376        7.53826915363871
H            4.25052317591196       -4.75804623141645        6.59940869524593
H            4.60535459239986       -4.83841985437709        4.15724382976814
H            3.24686067347679       -3.41767245002473        2.66742538299526
75
 energy: -93.771231074480 gnorm: 0.000269686224 xtb: 6.7.1 (edcfbbe)
Ru           0.08388757845349        0.01137504938175       -0.56603365003561
N            0.02429023360413       -1.87386266508684       -1.02532659451451
C            1.16920621708775       -2.74716196554436       -1.25108612753275
C            2.50112156871188       -2.08073611510233       -0.90023752907033
P            2.25831352203061       -0.28183910493932       -1.19903599255967
C            2.55552894708656       -0.24287137987856       -3.05375617143347
C            4.02012412094761       -0.31881286209654       -3.47687788833263
C            1.83987831985876        0.93590535641702       -3.70882865335879
C            3.75648544088769        0.51588166629353       -0.42846016411965
C            3.73304825947152        2.01164900878275       -0.73652058876936
C            3.71456417419655        0.30915638463671        1.08309651668507
C           -1.18219486026849       -2.67801817640399       -1.15722980457820
C           -2.44036568410031       -1.82169290354220       -1.30324928202142
P           -2.18534940537162       -0.25277105216654       -0.35734066996215
C           -3.01275698852286       -0.66293517684821        1.27482062419113
C           -2.88948628768059        0.51249319858128        2.24207185607085
C           -2.38497602382942       -1.91540651749393        1.88258280973992
C           -3.47442308589563        0.90364541867239       -1.08602571011878
C           -3.13154354342761        2.35079301452693       -0.72124966334551
C           -3.58837383738246        0.78931518351601       -2.60499273018492
H            1.18022453615691       -3.07900499294332       -2.30696723130708
H            1.05153995429834       -3.65984086452831       -0.63958969204230
H            2.70539977268799       -2.22649511272147        0.16199029409971
H            3.32589020810707       -2.49960461422296       -1.48344063838673
H            2.05278692513083       -1.15982795573575       -3.39849197862012
H            4.07802215552595       -0.49009192704377       -4.55166914742231
H            4.54375890963248        0.60861660591429       -3.25857450407273
H            4.53792821874263       -1.13681179322904       -2.97857498279632
H            0.78046608822160        0.92188610834664       -3.44056468383024
H            1.92172688912999        0.87470969655838       -4.79405797835027
H            2.25568092673817        1.88803344704041       -3.38632026706776
H            4.66171319479071        0.05305712819733       -0.83898103675367
H            4.52515986068807        2.52404940611539       -0.19178260698545
H            3.86974303273158        2.21093282265988       -1.79680411365466
H            2.77440739984150        2.43126086740222       -0.42727254641805
H            4.52500204731124        0.85886954668564        1.55983296197012
H            2.76605930811605        0.68773032323123        1.46819128807124
H            3.81306668010786       -0.73932179138972        1.35540473364946
H           -1.26696590974594       -3.35358654710403       -0.28907138755590
H           -1.09401577048482       -3.32987464199915       -2.04760341676821
H           -3.34138014251284       -2.35832954022905       -0.99294900359340
H           -2.53990700968349       -1.54329660933538       -2.35595511829282
H           -4.07434501638268       -0.85807327652856        1.06652060637008
H           -3.53333911717547        1.33742115590224        1.94758031352820
H           -1.85542298317299        0.86163767558795        2.26586749243965
H           -3.17685423491471        0.20747813235398        3.24772826227130
H           -2.70052626604168       -2.81458369497525        1.35806958065766
H           -2.68388067688824       -2.02007235366788        2.92526944755123
H           -1.29813418813718       -1.84788858007769        1.84294520060382
H           -4.43652845938026        0.63235784401344       -0.63149089510824
H           -4.02166017319539        2.97689542158993       -0.76811667085816
H           -2.69784260988196        2.42756171655816        0.27344355488644
H           -2.40196475640234        2.74673389411056       -1.42344890228896
H           -2.59667625054356        0.82877348247889       -3.05980137695441
H           -4.08881562120421       -0.12712556922041       -2.91098647779441
H           -4.16710808605775        1.62834174256258       -2.98959991646830
C            0.07575172511478        1.78446026419247       -1.04755852873665
O            0.10323032270835        2.86911057078488       -1.47115261978876
H            0.32031360027196        0.53056817880499        0.89683246007810
O            1.26008655559680       -2.15569601499560        2.05018864021870
C            1.32093928684594       -1.63353826496448        3.35649640651990
C            2.13784501178649       -2.52680713057381        4.25510805175791
C            1.94883392887477       -2.48348396325532        5.63148209520785
C            2.70934810137927       -3.27853446497134        6.46950985803871
C            3.66554171722357       -4.13114376587199        5.94165590416871
C            3.85693687103809       -4.18117425902135        4.57181916142325
C            3.09973024260014       -3.38072020385744        3.73408241644271
H            0.91012319348113       -1.46567786398164        1.45091893589646
H            1.78089783302499       -0.63209253223707        3.34767109616788
H            0.30761107492501       -1.52552354180757        3.77483381265269
H            1.20086598290078       -1.82169734310677        6.04599164162169
H            2.55336327126766       -3.23653200086906        7.53817632012318
H            4.25649034071268       -4.75532108480625        6.59650537005858
H            4.60005882062964       -4.84508616797176        4.15299604255571
H            3.24099399450689       -3.42330265389872        2.66465527893900
75
 energy: -93.771234668487 gnorm: 0.000285355639 xtb: 6.7.1 (edcfbbe)
Ru           0.08243001216769        0.01125839233516       -0.56684321495969
N            0.02314221802405       -1.87435241768903       -1.02465466914947
C            1.16819437469790       -2.74722249778167       -1.25118453705826
C            2.49968741995217       -2.08001802348554       -0.90040742544522
P            2.25638612936152       -0.28166681639852       -1.20196720713896
C            2.55232987734714       -0.24571246189950       -3.05697544311261
C            4.01670818356797       -0.32227123073880       -3.48065643296476
C            1.83605511811193        0.93157337569246       -3.71403700667191
C            3.75452237409927        0.51776734386701       -0.43329228396413
C            3.72834563761273        2.01331033424365       -0.74214972525144
C            3.71444158409808        0.31127865924359        1.07834292575431
C           -1.18319965647787       -2.67874840242500       -1.15597357607712
C           -2.44170480226138       -1.82256569447343       -1.29987352958414
P           -2.18637072434694       -0.25393972259913       -0.35357934421397
C           -3.01110425777164       -0.66564474414706        1.27961650924848
C           -2.88683993186416        0.50884713172072        2.24788898193845
C           -2.38198094139811       -1.91842919467228        1.88540420675050
C           -3.47644826888312        0.90177584958258       -1.08121442432860
C           -3.13622901282338        2.34885570516688       -0.71373091976902
C           -3.58766092451536        0.78957901704317       -2.60058171893569
H            1.17900131625477       -3.07859856194684       -2.30723779476700
H            1.05111436504659       -3.66028363184641       -0.64011558425393
H            2.70312490081357       -2.22394448794267        0.16224985298160
H            3.32496673936654       -2.49966139614613       -1.48230571051185
H            2.04956646433887       -1.16333373610554       -3.39988618542056
H            4.07402458859026       -0.49157668535954       -4.55580926478754
H            4.54132624058269        0.60427486589396       -3.26080885762714
H            4.53388096011124       -1.14175351028960       -2.98403147263392
H            0.77721902838342        0.91932877198273       -3.44342220700543
H            1.91543813757035        0.86678174873715       -4.79925267137384
H            2.25342066236422        1.88441739527324       -3.39565323869385
H            4.65987248350210        0.05604407127702       -0.84473903604448
H            4.52231417171011        2.52681770336895       -0.20118859117665
H            3.86010376142513        2.21204827640047       -1.80318428050818
H            2.77055047361306        2.43204258836366       -0.42905205983917
H            4.52137335906086        0.86653676095696        1.55456862573694
H            2.76365832324400        0.68402671843768        1.46360097705705
H            3.81986285247966       -0.73642008375175        1.35107537483552
H           -1.26689024298894       -3.35531061383091       -0.28848496163162
H           -1.09564090410883       -3.32969301201779       -2.04709617068862
H           -3.34236511587616       -2.35961355032558       -0.98928606512229
H           -2.54217724844529       -1.54339345087995       -2.35228102912838
H           -4.07290135780268       -0.86095959689855        1.07260932987896
H           -3.53197417531028        1.33359877853523        1.95571748172648
H           -1.85304379003655        0.85886366227326        2.27029536059730
H           -3.17214435479721        0.20232610151263        3.25369456361220
H           -2.69721870901603       -2.81717331253578        1.35998112536081
H           -2.68013470232601       -2.02461347652274        2.92815656549996
H           -1.29520854229388       -1.85016274317874        1.84517199188029
H           -4.43862911591262        0.62804770002452       -0.62828679386572
H           -4.02724218384075        2.97358254778272       -0.76169337656890
H           -2.70472517825277        2.42512217017226        0.28192316644221
H           -2.40585431789932        2.74679856479947       -1.41395118292225
H           -2.59498468868632        0.82942554819359       -3.05333009579519
H           -4.08776791891570       -0.12628080446068       -2.90887216200829
H           -4.16535915670245        1.62930905146419       -2.98514165068123
C            0.07193151852838        1.78296869625784       -1.05326387356124
O            0.09713932457380        2.86602527914226       -1.48102070000063
H            0.32011957279645        0.53365354764039        0.89475536390909
O            1.26157095933385       -2.15139443478918        2.05160671870842
C            1.32440488747481       -1.62942373842379        3.35785152553664
C            2.14292481781683       -2.52254770913771        4.25520732609624
C            1.96179182949739       -2.47290513572459        5.63243829334617
C            2.72334658087684       -3.26806448339631        6.46941732802680
C            3.67275029916132       -4.12702197805503        5.93970066276618
C            3.85656696509710       -4.18305889802723        4.56902526671999
C            3.09832589783500       -3.38252638237513        3.73227674395129
H            0.91056149821827       -1.46149921187014        1.45283201899995
H            1.78382301324011       -0.62774004241861        3.34852930412223
H            0.31166370987292       -1.52199454025875        3.77788342765368
H            1.21933779385353       -1.80585703680807        6.04849876316757
H            2.57351603828274       -3.22119290194800        7.53875638601871
H            4.26408286666027       -4.75169122143410        6.59373427529414
H            4.59437234358634       -4.85196046385336        4.14869586177582
H            3.23365792624982       -3.42963304686106        2.66227226265180
75
 energy: -93.771237631182 gnorm: 0.000295120789 xtb: 6.7.1 (edcfbbe)
Ru           0.08127243498396        0.01115898073729       -0.56784787101541
N            0.02208923829338       -1.87486008794843       -1.02416773716754
C            1.16725081747931       -2.74740412012195       -1.25124178400297
C            2.49862574924339       -2.07964427271110       -0.90127669791754
P            2.25454277767367       -0.28173530375583       -1.20475467805752
C            2.54936424547769       -0.24777941171577       -3.05998042122547
C            4.01349702949624       -0.32495874681707       -3.48438822944223
C            1.83303098988133        0.92860345329384       -3.71860473023583
C            3.75261728166584        0.51916555976746       -0.43755578792955
C            3.72423820360104        2.01460233764602       -0.74656610000745
C            3.71399420376774        0.31286471170347        1.07416060792230
C           -1.18411484971151       -2.67949738844420       -1.15485251219920
C           -2.44287818565528       -1.82354262861035       -1.29754286039721
P           -2.18660406178892       -0.25534830354465       -0.35085277270897
C           -3.00924052114987       -0.66796527096873        1.28324677103390
C           -2.88454765530762        0.50570700111040        2.25248762668273
C           -2.37880301302594       -1.92082678546944        1.88753605179488
C           -3.47787852866371        0.89996190498414       -1.07691357418835
C           -3.14010041980898        2.34711020946912       -0.70741858158474
C           -3.58733463346084        0.78991646482418       -2.59659777395065
H            1.17767088674455       -3.07893413699408       -2.30726582091960
H            1.05081360141934       -3.66045115045497       -0.64002238153448
H            2.70209142733158       -2.22222376023133        0.16156742453586
H            3.32404175215908       -2.49966882796333       -1.48270771793200
H            2.04622993665080       -1.16578238557964       -3.40137902380697
H            4.07018329233997       -0.49436633570184       -4.55955433005742
H            4.53868752432186        0.60134990170529       -3.26480149414068
H            4.53047126986081       -1.14469004472962       -2.98797721523084
H            0.77482148947383        0.91836632421346       -3.44554077941798
H            1.90975221296883        0.86060022852847       -4.80381678023092
H            2.25223895561162        1.88192578366381       -3.40404842832730
H            4.65817697616908        0.05854789502505       -0.84976637266670
H            4.51977518288049        2.52902351540786       -0.20878689264104
H            3.85177962317158        2.21294921397019       -1.80818624843404
H            2.76716762439593        2.43255484520946       -0.43017942407483
H            4.51857664628271        0.87173235794851        1.55005580318385
H            2.76175063976670        0.68158828312325        1.45968971269485
H            3.82409779731996       -0.73427901700753        1.34701681051358
H           -1.26687931681445       -3.35649003054971       -0.28761134415896
H           -1.09712922446357       -3.33000693349934       -2.04636784470927
H           -3.34330628856430       -2.36082914690627       -0.98666583485844
H           -2.54396492406338       -1.54373285334762       -2.34973266572125
H           -4.07121600560713       -0.86372864525443        1.07752427400492
H           -3.53102902814684        1.33008866688252        1.96225250098972
H           -1.85106501084846        0.85672358901631        2.27348218113708
H           -3.16784220828874        0.19796846373926        3.25851597991768
H           -2.69365552781445       -2.81937938034714        1.36156005858886
H           -2.67625844648835       -2.02816986132692        2.93037308656033
H           -1.29210408872802       -1.85176029128192        1.84675048374136
H           -4.44013152151816        0.62437661428000       -0.62523209673536
H           -4.03180458142131        2.97081799762230       -0.75619006955335
H           -2.71028059055104        2.42294747636042        0.28894483206495
H           -2.40909172600867        2.74665798538322       -1.40603360155702
H           -2.59396216032134        0.82977647203322       -3.04787539927798
H           -4.08747472077921       -0.12529380648897       -2.90673386908138
H           -4.16399249878422        1.63043827744587       -2.98098694573267
C            0.06848983016297        1.78174120013141       -1.05810988154662
O            0.09153836667503        2.86339068227867       -1.48961831260327
H            0.32059288734448        0.53694139856057        0.89237854793255
O            1.26200223640018       -2.14786149974918        2.05360289181040
C            1.32691502269095       -1.62608256539965        3.35981366157835
C            2.14688933379310       -2.51909599416084        4.25601842586638
C            1.97260478683676       -2.46429172494736        5.63394453073627
C            2.73533272437102       -3.25948742736518        6.46983149584164
C            3.67919593510508       -4.12347840555566        5.93837820537077
C            3.85625680413918       -4.18454209414677        4.56705219004779
C            3.09675890169782       -3.38412795705527        3.73132816488772
H            0.91177429049400       -1.45747834308387        1.45499652083826
H            1.78624618394008       -0.62439874608795        3.34998232995171
H            0.31481434403761       -1.51877392964458        3.78150231940483
H            1.23442470808162       -1.79341551646350        6.05137656422966
H            2.59105896322780       -3.20833020593493        7.53981261461750
H            4.27173507715906       -4.74780357933843        6.59165824367993
H            4.58976668443601       -4.85731259124248        4.14539306689969
H            3.22659222365913       -3.43533701646192        2.66078100072346
75
 energy: -93.771240554748 gnorm: 0.000223023765 xtb: 6.7.1 (edcfbbe)
Ru           0.08000967297200        0.01090665073335       -0.56897736724709
N            0.02116352225394       -1.87542198796089       -1.02392131014976
C            1.16634699740170       -2.74782422573230       -1.25117818494326
C            2.49767855665762       -2.07928962437138       -0.90266563496608
P            2.25268476215508       -0.28173690076049       -1.20780001013243
C            2.54647972705404       -0.24949880440915       -3.06320778813697
C            4.01039824705629       -0.32717868785553       -3.48827740693042
C            1.82990464047631        0.92603143270198       -3.72309457191463
C            3.75063875608919        0.52042405036278       -0.44174705318923
C            3.72010799745309        2.01577564008317       -0.75085624101977
C            3.71350976643044        0.31409575131537        1.07002535266671
C           -1.18491654682559       -2.68031455711700       -1.15381704027841
C           -2.44386498821050       -1.82443283995417       -1.29525467706147
P           -2.18737918996460       -0.25647408056197       -0.34825778878786
C           -3.00736827761690       -0.67046174716172        1.28680861515552
C           -2.88211541040909        0.50266679001491        2.25664538640851
C           -2.37536197407180       -1.92330627521115        1.88956813576013
C           -3.47956435778669        0.89850643486448       -1.07290417509571
C           -3.14374675117335        2.34551342994131       -0.70111155190762
C           -3.58754951814285        0.79040592859479       -2.59285592310108
H            1.17614291260643       -3.08021939004116       -2.30694524587090
H            1.05056140023030       -3.66041653972661       -0.63914022870767
H            2.70188671954325       -2.22078936913204        0.16019748019588
H            3.32286015488651       -2.49958955396803       -1.48424255935800
H            2.04301593986051       -1.16785491852714       -3.40322170102170
H            4.06648731734414       -0.49866027437050       -4.56312956958580
H            4.53534105439626        0.59976735617752       -3.27076831980821
H            4.52792311023973       -1.14576379810653       -2.99057099219733
H            0.77230020121019        0.91773046257609       -3.44770036131838
H            1.90411382072318        0.85512199287376       -4.80828122078745
H            2.25092110812098        1.87970677891788       -3.41206694608700
H            4.65642068764785        0.06094354630231       -0.85470244316256
H            4.51692932363812        2.53097596983552       -0.21577436041447
H            3.84396827703376        2.21393644145736       -1.81293312609029
H            2.76365597970796        2.43290700039006       -0.43151558294683
H            4.51687245419415        0.87509003237893        1.54541717364528
H            2.76059451054427        0.68049528317491        1.45602313354737
H            3.82645015254374       -0.73270476590703        1.34293005269666
H           -1.26687807449648       -3.35743812272453       -0.28662779220637
H           -1.09850880373281       -3.33071229616238       -2.04549282906174
H           -3.34400768844196       -2.36196415896378       -0.98401584693542
H           -2.54568309670351       -1.54429504347557       -2.34728794606504
H           -4.06947968303605       -0.86675758848950        1.08226578099210
H           -3.53033999725567        1.32639307661650        1.96845091296098
H           -1.84905635296767        0.85504016611991        2.27583401238463
H           -3.16294801005355        0.19371740554625        3.26299605376021
H           -2.69010539081171       -2.82170756473425        1.36326014766015
H           -2.67178414509482       -2.03163893331324        2.93259383362029
H           -1.28873048009361       -1.85353863847788        1.84784326995827
H           -4.44170408757957        0.62098465989688       -0.62218432374020
H           -4.03607954079880        2.96826435707820       -0.75054123531565
H           -2.71549721485650        2.42077953888549        0.29593427740439
H           -2.41218661617110        2.74662869422118       -1.39821673249318
H           -2.59358415001239        0.83033616111568       -3.04289979525491
H           -4.08777900847825       -0.12416408993496       -2.90474810444030
H           -4.16328673233595        1.63172057179158       -2.97684652395889
C            0.06528574468262        1.78037121062772       -1.06321136305179
O            0.08633754701145        2.86066916631779       -1.49815048229022
H            0.32039381396101        0.53902399913128        0.89023458211961
O            1.26195746193069       -2.14421619240891        2.05598226925775
C            1.32924163497918       -1.62283238450585        3.36221605315809
C            2.15034610534138       -2.51616517796767        4.25716263599523
C            1.98295400550625       -2.45636044610200        5.63574329366191
C            2.74750002533588       -3.25095610951601        6.47053382657635
C            3.68616663434783       -4.11953857479029        5.93733200174507
C            3.85598845668027       -4.18594256582993        4.56534343747015
C            3.09476330288386       -3.38603867536424        3.73070989689651
H            0.91362127081321       -1.45287449137131        1.45745392057073
H            1.78891876623615       -0.62136381237077        3.35197109061373
H            0.31786061078506       -1.51521626499560        3.78556390959598
H            1.24885946824668       -1.78190267661158        6.05461345357293
H            2.60846836464177       -3.19605351140454        7.54092336975035
H            4.28021756615673       -4.74334873060939        6.58972371738769
H            4.58530135165110       -4.86240458572681        4.14231414024117
H            3.21910556235946       -3.44112973166380        2.65978923240425
75
 energy: -93.771243248807 gnorm: 0.000263779931 xtb: 6.7.1 (edcfbbe)
Ru           0.07886815093876        0.01073381680325       -0.57032956993240
N            0.02003068271333       -1.87594317520213       -1.02376999761052
C            1.16521626781211       -2.74840980215387       -1.25069505107137
C            2.49668380692241       -2.07918782948843       -0.90404311657564
P            2.25094669225716       -0.28196404280660       -1.21066748742734
C            2.54378022648977       -0.25115745511916       -3.06629104176241
C            4.00752996260707       -0.32879643097370       -3.49198683149011
C            1.82662059618947        0.92329291450834       -3.72749374096073
C            3.74881639313880        0.52165855316864       -0.44601117393637
C            3.71622072554878        2.01692470983897       -0.75532511469089
C            3.71327846647683        0.31536756194765        1.06581107868639
C           -1.18597874840800       -2.68111693660495       -1.15259864871624
C           -2.44536438264380       -1.82566721782896       -1.29297215106044
P           -2.18791456634796       -0.25786230641844       -0.34599129112826
C           -3.00553791655688       -0.67289568009588        1.29002222469030
C           -2.87940271146344        0.49960823434349        2.26056581969902
C           -2.37229584012814       -1.92587793918544        1.89129068120598
C           -3.48138922051780        0.89676792036636       -1.06873691802065
C           -3.14741100232691        2.34362424218043       -0.69464733224307
C           -3.58815949482622        0.79101704926498       -2.58897795891213
H            1.17428379299123       -3.08233360845877       -2.30598742359593
H            1.05010592828461       -3.66019425573238       -0.63730850218648
H            2.70205330635591       -2.21957379161139        0.15875792417707
H            3.32141538900957       -2.49974125479121       -1.48609495441152
H            2.04042307814926       -1.17003021846725       -3.40508820624905
H            4.06322517635496       -0.50393116304068       -4.56626547995237
H            4.53137501415310        0.59958562418501       -3.27795875904572
H            4.52637376525860       -1.14499197584653       -2.99174481382407
H            0.76947226149874        0.91613891003881       -3.45039880772414
H            1.89903727257604        0.85005158229891       -4.81264621906981
H            2.24867506305077        1.87740202010404       -3.41923008077034
H            4.65472768140568        0.06322376100397       -0.85980258638136
H            4.51382499264449        2.53295350439855       -0.22223428024422
H            3.83730884830260        2.21492816777013       -1.81774633660083
H            2.76010286391642        2.43317528008990       -0.43383157219880
H            4.51671430988253        0.87704466456267        1.54027502558092
H            2.76048967060057        0.68114461762103        1.45268770781985
H            3.82731679538457       -0.73131316088811        1.33876761753619
H           -1.26702941516781       -3.35837337111241       -0.28543354265040
H           -1.10010901904823       -3.33147579719567       -2.04435250533608
H           -3.34511355063181       -2.36343583749915       -0.98092568055310
H           -2.54821562640362       -1.54542007791646       -2.34488447454728
H           -4.06788509255940       -0.86949713595575        1.08685261940755
H           -3.52963988653426        1.32261769872363        1.97484276467402
H           -1.84681760488670        0.85348985078474        2.27744952952096
H           -3.15716800626505        0.18939882202000        3.26738217027308
H           -2.68761826615661       -2.82410485317864        1.36502081888919
H           -2.66725205948689       -2.03481173222268        2.93467231214015
H           -1.28572241456434       -1.85595882869593        1.84814651675938
H           -4.44341577603490        0.61733861107669       -0.61888849937353
H           -4.04036667697580        2.96547349803308       -0.74438746967133
H           -2.72051384280054        2.41812676621258        0.30299061502345
H           -2.41542067249836        2.74646277613748       -1.39031054924316
H           -2.59378356404708        0.83150722950473       -3.03813824901642
H           -4.08825162279543       -0.12300047457710       -2.90272875128055
H           -4.16341288592058        1.63301837318238       -2.97216902133842
C            0.06217588121264        1.77923866514567       -1.06778240249441
O            0.08102085367455        2.85848444541217       -1.50544633397217
H            0.32104553281707        0.54138657643528        0.88772636127696
O            1.26197157038145       -2.14041485063150        2.05825462185170
C            1.33164419275013       -1.61944612658138        3.36450184987979
C            2.15379092714185       -2.51319868897990        4.25815047241901
C            1.99338558691392       -2.44835490741667        5.63739112918163
C            2.75978942998190       -3.24239982890372        6.47098768925078
C            3.69333164777443       -4.11547439280703        5.93598935429950
C            3.85563546282090       -4.18741956835564        4.56337468735366
C            3.09249670752478       -3.38815755359216        3.72984300055457
H            0.91545547420100       -1.44808322954391        1.45986098335133
H            1.79191146396919       -0.61828268056608        3.35387256635511
H            0.32099175607635       -1.51137164678632        3.78950489188290
H            1.26339271773464       -1.77026532937717        6.05773470582123
H            2.62651719637267       -3.18320374484127        7.54198217354392
H            4.28925635984160       -4.73842681510105        6.58748907404528
H            4.58067706016205       -4.86764039080918        4.13894667481851
H            3.21093224063111       -3.44754906814745        2.65843935810301
75
 energy: -93.771245701372 gnorm: 0.000230203863 xtb: 6.7.1 (edcfbbe)
Ru           0.07740309975124        0.01040002541945       -0.57160786656916
N            0.01873176118331       -1.87660594574163       -1.02349606709487
C            1.16400003679728       -2.74899880199904       -1.25013416183029
C            2.49557061105756       -2.07898984245480       -0.90537222089700
P            2.24910047965185       -0.28209107475434       -1.21354700563517
C            2.54140953485602       -0.25295167102644       -3.06931074427415
C            4.00512481004315       -0.32999013964927       -3.49529886017191
C            1.82361733545385        0.92052736974018       -3.73151787805081
C            3.74705492254372        0.52269949525765       -0.45025061667389
C            3.71283001699932        2.01787686415659       -0.75974727168904
C            3.71348216936084        0.31677205792340        1.06167156240844
C           -1.18710489618198       -2.68210854298273       -1.15168267022743
C           -2.44684856238271       -1.82694543475255       -1.29077751176094
P           -2.18883799627402       -0.25920501007298       -0.34384761428419
C           -3.00390444391483       -0.67516497906813        1.29322632684167
C           -2.87687632322944        0.49676253094793        2.26436486417386
C           -2.36970599050264       -1.92848122858133        1.89288085853620
C           -3.48332563442485        0.89522328450094       -1.06486995878005
C           -3.15110420861377        2.34186598258520       -0.68844020587421
C           -3.58944137222939        0.79176072987354       -2.58530589390815
H            1.17243643760014       -3.08443771221622       -2.30494358849452
H            1.04951197070709       -3.65993609033249       -0.63536337760390
H            2.70192644899785       -2.21829694410926        0.15738702097203
H            3.31990499107545       -2.49987957537688       -1.48776965694390
H            2.03840567859316       -1.17244481648284       -3.40698154711239
H            4.06071140980764       -0.50911363721016       -4.56891228213773
H            4.52757713501680        0.60002841911539       -3.28495295246347
H            4.52543421096249       -1.14346480981384       -2.99219383988300
H            0.76677679479770        0.91388677341666       -3.45331453447742
H            1.89489967707407        0.84550814974457       -4.81661642309229
H            2.24605864465602        1.87513489181174       -3.42531475101379
H            4.65300011124313        0.06513510202141       -0.86489931148461
H            4.51079900091952        2.53471751098415       -0.22798631617457
H            3.83215826082094        2.21563112109948       -1.82240216129713
H            2.75682022802372        2.43340572705058       -0.43700417336069
H            4.51773694497494        0.87827370632513        1.53500315034539
H            2.76130292377238        0.68282208394937        1.44977257231257
H            3.82762105409982       -0.72990718219831        1.33464477766560
H           -1.26728510664789       -3.35952776944447       -0.28456724597619
H           -1.10168023927717       -3.33228916137837       -2.04363023270033
H           -3.34604224365981       -2.36493769575418       -0.97753831287187
H           -2.55117547115717       -1.54681487946084       -2.34257704327581
H           -4.06645768844653       -0.87188936892416        1.09128666915223
H           -3.52919892668810        1.31897652863373        1.98115414081336
H           -1.84477422844643        0.85217161901157        2.27866115598655
H           -3.15136978093590        0.18533332535515        3.27168788822369
H           -2.68614382468635       -2.82649936259747        1.36690336137881
H           -2.66284939429624       -2.03774227769079        2.93673862825383
H           -1.28318795558743       -1.85877268587851        1.84788032420557
H           -4.44516326224942        0.61401720643798       -0.61575194738830
H           -4.04457903159026        2.96299128094651       -0.73819936445237
H           -2.72523233180100        2.41539602898699        0.30966385854737
H           -2.41878791213518        2.74623289559857       -1.38283703108793
H           -2.59479444725074        0.83319343907434       -3.03380851213145
H           -4.08904567226785       -0.12193507851051       -2.90073974619426
H           -4.16472861368725        1.63417892823099       -2.96754267927835
C            0.05913635713435        1.77816043487020       -1.07166713749646
O            0.07626557532934        2.85672849600843       -1.51104075700510
H            0.32069637639693        0.54301343669980        0.88554648273677
O            1.26286779125099       -2.13654099607497        2.05999828054887
C            1.33422102081457       -1.61628643315969        3.36639667406971
C            2.15736924422618       -2.51033906189070        4.25890399800087
C            2.00364475405623       -2.44056467479727        5.63869797146457
C            2.77175692529509       -3.23402866470769        6.47123905443407
C            3.70036631752222       -4.11145660727334        5.93469595278825
C            3.85552293276311       -4.18872146506860        4.56161431023192
C            3.09062855290865       -3.39008268488144        3.72906505266279
H            0.91709170412875       -1.44351190982566        1.46203458565359
H            1.79470169125989       -0.61524515221460        3.35576721385373
H            0.32409548761645       -1.50815556183931        3.79264944309362
H            1.27736026547244       -1.75929081079402        6.06019213604737
H            2.64355719757664       -3.17119967159464        7.54255435111871
H            4.29799807155436       -4.73361360761369        6.58538571091784
H            4.57650832659721       -4.87248774526357        4.13599806393060
H            3.20359964271970       -3.45344740866031        2.65735712455082
75
 energy: -93.771248049271 gnorm: 0.000232982043 xtb: 6.7.1 (edcfbbe)
Ru           0.07604716067530        0.01011002962382       -0.57268010826028
N            0.01731314354884       -1.87717914238597       -1.02322420559432
C            1.16267352584076       -2.74951431436668       -1.24951880317201
C            2.49430270995503       -2.07887374438552       -0.90619621309773
P            2.24737305822877       -0.28231067445524       -1.21598362203874
C            2.53928628834765       -0.25462057573144       -3.07190214106980
C            4.00296533507025       -0.33120686111371       -3.49814201869120
C            1.82066529438935        0.91766884008738       -3.73530704189429
C            3.74553135384166        0.52376317253546       -0.45437185221191
C            3.70996132020714        2.01879020010503       -0.76454870556413
C            3.71393677336343        0.31830404291699        1.05762352199249
C           -1.18840449958271       -2.68297295191910       -1.15078689449049
C           -2.44865630305580       -1.82827525121074       -1.28835827310799
P           -2.18979792820489       -0.26047416946989       -0.34173484780442
C           -3.00262093937310       -0.67732287379218        1.29630999510586
C           -2.87419238760589        0.49390676213327        2.26817179501010
C           -2.36766394421829       -1.93109474230995        1.89432591954039
C           -3.48559410301573        0.89353300586139       -1.06090829462305
C           -3.15480068589660        2.33992674750775       -0.68226024480787
C           -3.59108479708711        0.79226923896705       -2.58154907508859
H            1.17058843675398       -3.08620569478926       -2.30392652885255
H            1.04876556411693       -3.65976421621041       -0.63360821378557
H            2.70130472800452       -2.21703551921269        0.15658706427906
H            3.31836002015494       -2.50015455455135       -1.48870518451497
H            2.03684697353183       -1.17476067634859       -3.40857886514867
H            4.05852884387159       -0.51387941677363       -4.57114253313596
H            4.52403904531961        0.60031147050061       -3.29112725566130
H            4.52467379118897       -1.14217417719023       -2.99247357024091
H            0.76398304233204        0.91108991245871       -3.45654011978573
H            1.89144907814229        0.84137040587820       -4.82035374573431
H            2.24301625674526        1.87274053160102       -3.43048007732825
H            4.65135166472985        0.06671486770375       -0.86981710744878
H            4.50786440001186        2.53643862895103       -0.23349132042611
H            3.82851102165299        2.21618608360767       -1.82735971217006
H            2.75385451125345        2.43377283748954       -0.44139536102756
H            4.51937658917036        0.87937376574985        1.52949861488150
H            2.76263273854294        0.68520303868026        1.44702244515669
H            3.82771285734146       -0.72838276394450        1.33083106580406
H           -1.26770084977494       -3.36086775767028       -0.28395919062917
H           -1.10346357324064       -3.33273809411586       -2.04308839906245
H           -3.34722186186027       -2.36654804138702       -0.97377936570626
H           -2.55464837456015       -1.54830513170196       -2.34002220166764
H           -4.06547206607722       -0.87387292780274        1.09568055545287
H           -3.52851236140526        1.31545594285870        1.98768391249674
H           -1.84254847235897        0.85072953201299        2.27985708705303
H           -3.14531813917591        0.18122275878393        3.27600456887303
H           -2.68572873994498       -2.82880876801785        1.36880933233294
H           -2.65874058627794       -2.04052025561215        2.93874623356776
H           -1.28117742262428       -1.86207595855647        1.84720247146007
H           -4.44721921425776        0.61057315328672       -0.61239601430410
H           -4.04880460367667        2.96029927653455       -0.73174077311026
H           -2.72965032629936        2.41252341650649        0.31617904202416
H           -2.42240546340401        2.74592277883686       -1.37561553987293
H           -2.59629255733682        0.83517283535010       -3.02963208792370
H           -4.08987855900875       -0.12129458570237       -2.89864493722562
H           -4.16688603594270        1.63483803369965       -2.96267198836426
C            0.05620299649409        1.77729024163475       -1.07476657755129
O            0.07145689395277        2.85547381168544       -1.51525950094802
H            0.32104842508620        0.54440081915506        0.88361508370598
O            1.26464616795466       -2.13265111945665        2.06102748817370
C            1.33693576955427       -1.61319244366111        3.36764765443137
C            2.16118084660042       -2.50734627089563        4.25910942533991
C            2.01390224704115       -2.43265877446592        5.63938303268992
C            2.78350506179597       -3.22560228411885        6.47099230160406
C            3.70714821577430       -4.10750967121091        5.93306634505593
C            3.85548783766694       -4.19000021217354        4.55957923159370
C            3.08907726969280       -3.39186159825452        3.72790283116923
H            0.91829036366882       -1.43936921852923        1.46372058521002
H            1.79705140229715       -0.61198117217831        3.35729527441906
H            0.32710793240214       -1.50567046711896        3.79480085361435
H            1.29176714115000       -1.74752470479829        6.06202245371217
H            2.66057149860506       -3.15871531121344        7.54273617367002
H            4.30617705259184       -4.72904855434005        6.58305458788700
H            4.57238429446267       -4.87740005595346        4.13289156213868
H            3.19677722904203       -3.45917921195169        2.65593209649926
75
 energy: -93.771250417887 gnorm: 0.000213529178 xtb: 6.7.1 (edcfbbe)
Ru           0.07458204739770        0.00981825657416       -0.57348888823385
N            0.01589662552097       -1.87769765978444       -1.02298167915605
C            1.16138115581840       -2.74987878828744       -1.24917357449813
C            2.49297510819708       -2.07863966006105       -0.90683352353645
P            2.24575878026467       -0.28236698177986       -1.21808246169399
C            2.53725279907069       -0.25636736479900       -3.07414653003230
C            4.00093283644618       -0.33250879986170       -3.50052977989106
C            1.81806526298805        0.91510090005000       -3.73834314601275
C            3.74424631687681        0.52462217196650       -0.45806069602743
C            3.70783322704263        2.01943862218665       -0.76919735782867
C            3.71446019451065        0.32005163329596        1.05406395828216
C           -1.18968012830848       -2.68376412425243       -1.15011666991649
C           -2.45040077277023       -1.82946492681395       -1.28608315747144
P           -2.19081974823493       -0.26169303471172       -0.33959777997029
C           -3.00144216573559       -0.67926992291319        1.29944181438093
C           -2.87161031526824        0.49128271739474        2.27195698719890
C           -2.36605991319182       -1.93370375353486        1.89569698382274
C           -3.48778739552271        0.89191912242534       -1.05715419720534
C           -3.15833494744311        2.33813760919202       -0.67669025650841
C           -3.59312562959920        0.79256025296629       -2.57792258892389
H            1.16893731817349       -3.08730367662443       -2.30334151274641
H            1.04797397185181       -3.65976316072938       -0.63260929700168
H            2.70018572577236       -2.21574185038741        0.15604275729760
H            3.31694375355109       -2.50038918694190       -1.48912575997205
H            2.03524769868134       -1.17705402760123       -3.40994992733449
H            4.05646631813524       -0.51771447627913       -4.57308281903644
H            4.52110415316606        0.60002831203611       -3.29590451226069
H            4.52358781029694       -1.14170865631166       -2.99305292038500
H            0.76141565178944        0.90829980914915       -3.45948801583845
H            1.88882473412163        0.83794548246741       -4.82333149221929
H            2.24004167808496        1.87060303615176       -3.43432342555865
H            4.64982362960372        0.06769756377279       -0.87414992098338
H            4.50532039599880        2.53786708226894       -0.23826442951118
H            3.82657944250787        2.21621911749576       -1.83210607561155
H            2.75141665280556        2.43411538776188       -0.44655779227499
H            4.52118306242866        0.88054444643362        1.52446472495540
H            2.76408080800572        0.68804057092597        1.44465866962485
H            3.82760253308428       -0.72662304626724        1.32762355672963
H           -1.26810990183587       -3.36238014808236       -0.28375994483565
H           -1.10512668037453       -3.33285163246712       -2.04294644989675
H           -3.34835877917338       -2.36801696203596       -0.97025130206048
H           -2.55802301227191       -1.54949857895498       -2.33757398830696
H           -4.06458378419786       -0.87546851280467        1.10007889653533
H           -3.52758968044266        1.31237427022919        1.99404708493522
H           -1.84032040306602        0.84917818506089        2.28117041747839
H           -3.13963410944678        0.17744086427264        3.28024638360403
H           -2.68590110858985       -2.83104587195597        1.37061215426389
H           -2.65497632178154       -2.04324523832450        2.94070857621271
H           -1.27962779690673       -1.86545518208450        1.84632259706530
H           -4.44914275883253        0.60745558451264       -0.60901514550141
H           -4.05285127656290        2.95781982778884       -0.72560625854484
H           -2.73349015210742        2.40987103282096        0.32191065731885
H           -2.42609333030023        2.74557200928459       -1.36935323290070
H           -2.59832741180689        0.83710718169831       -3.02583964872653
H           -4.09090615549752       -0.12110301181046       -2.89629349406835
H           -4.16982061202714        1.63501119862501       -2.95797425621799
C            0.05340418809427        1.77656888311834       -1.07699403859680
O            0.06737829266369        2.85457610698193       -1.51790755644927
H            0.32081050494648        0.54556556157762        0.88210195513807
O            1.26728595016432       -2.12914752978223        2.06132526213275
C            1.33959147621688       -1.61044881925433        3.36821034121439
C            2.16515990712862       -2.50421899752560        4.25887261041356
C            2.02384321993461       -2.42478412802311        5.63954004129898
C            2.79444489813545       -3.21751861516794        6.47036957289112
C            3.71333718217347       -4.10375799390233        5.93136388383796
C            3.85574056754245       -4.19090208996028        4.55760064020233
C            3.08816743619320       -3.39313594134053        3.72658660298564
H            0.91912759274788       -1.43609940109413        1.46477993582326
H            1.79859981455952       -0.60870519358718        3.35832567348398
H            0.32979482832886       -1.50434165901365        3.79587576291896
H            1.30529996559902       -1.73649256639575        6.06288930647492
H            2.67606717706539       -3.14713414445537        7.54233902904454
H            4.31318744585469       -4.72509019787559        6.58078378863190
H            4.56878909642717       -4.88177271073761        4.13007284310145
H            3.19114443222691       -3.46413330425200        2.65438412724850
75
 energy: -93.771253133708 gnorm: 0.000240361609 xtb: 6.7.1 (edcfbbe)
Ru           0.07307717957868        0.00942976979201       -0.57396525879635
N            0.01435123942009       -1.87832572767340       -1.02252905254189
C            1.15998535672701       -2.75018749676828       -1.24909195333087
C            2.49150288950184       -2.07852369221239       -0.90731931766442
P            2.24396706042743       -0.28256903253560       -1.22000897536170
C            2.53487467156114       -0.25808217749102       -3.07621499513951
C            3.99844551304784       -0.33429631514430       -3.50301245181293
C            1.81523865094608        0.91265871505051       -3.74117192419653
C            3.74291414473103        0.52539977437495       -0.46187735601109
C            3.70609347453649        2.01993449472209       -0.77440774255238
C            3.71479402811754        0.32221823825967        1.05044537062213
C           -1.19104418312770       -2.68465570109396       -1.14954421156125
C           -2.45217608590478       -1.83065258158231       -1.28354120384032
P           -2.19193740946825       -0.26295593788471       -0.33712269320289
C           -3.00017228251131       -0.68134875319380        1.30300464917257
C           -2.86844491739048        0.48832566514463        2.27636090039999
C           -2.36438325916830       -1.93657001073119        1.89725309195926
C           -3.49025068684717        0.89017534299840       -1.05287949090261
C           -3.16212199636370        2.33624195128280       -0.67073812274529
C           -3.59573117000597        0.79251968852176       -2.57373594826821
H            1.16724977645151       -3.08777139320774       -2.30321287545571
H            1.04706473674089       -3.66002143484823       -0.63235655653613
H            2.69861059657363       -2.21464265369730        0.15569578000771
H            3.31553634458976       -2.50067760648749       -1.48921305693537
H            2.03303885328249       -1.17916626191282       -3.41108866156705
H            4.05373670150912       -0.52120829123136       -4.57527861887898
H            4.51828562837521        0.59878001877554       -3.30007521143538
H            4.52161053220347       -1.14244917616763       -2.99442177673192
H            0.75857442020568        0.90557441332665       -3.46239517471909
H            1.88616141295130        0.83495450574752       -4.82611731617063
H            2.23679620451303        1.86847622969981       -3.43759298845165
H            4.64818893374511        0.06823041699421       -0.87834662549078
H            4.50278876308960        2.53926554450913       -0.24314902949267
H            3.82589430906458        2.21577571534984       -1.83737681126235
H            2.74916607578578        2.43450920877829       -0.45313396873906
H            4.52282815720327        0.88216168506176        1.51926828199393
H            2.76537662714208        0.69157079484742        1.44204016968567
H            3.82709296002799       -0.72436420112139        1.32472574223819
H           -1.26856836947760       -3.36417586947694       -0.28380298011899
H           -1.10694307109597       -3.33283306035161       -2.04310194881000
H           -3.34951602638101       -2.36953553878508       -0.96655768342356
H           -2.56144248806050       -1.55048224471286       -2.33479305196111
H           -4.06368658486693       -0.87696701790493        1.10511554165363
H           -3.52589485411077        1.30913342068820        2.00117154325378
H           -1.83743672104230        0.84708326217542        2.28303279665112
H           -3.13335698975983        0.17330664319608        3.28509525934812
H           -2.68629178234078       -2.83339202243095        1.37255034707953
H           -2.65095202163640       -2.04635729324060        2.94288614757676
H           -1.27799342109089       -1.86932150832955        1.84542079666208
H           -4.45123507113505        0.60419545010106       -0.60491485058248
H           -4.05720696097615        2.95516137235620       -0.71881462259240
H           -2.73721340293792        2.40718214713697        0.32786907133049
H           -2.43032113885942        2.74510705089564       -1.36300278482153
H           -2.60103262639934        0.83894927373448       -3.02168637613448
H           -4.09232886020699       -0.12138779974488       -2.89322896946971
H           -4.17362626454886        1.63466129421934       -2.95266061726310
C            0.05036386568296        1.77578959945357       -1.07887431467779
O            0.06265514933725        2.85366507613002       -1.52033782636993
H            0.32064548610983        0.54666900555777        0.88088064905346
O            1.27070932707617       -2.12536636357384        2.06089896059195
C            1.34240553388910       -1.60767699199922        3.36818236917044
C            2.16962400404307       -2.50078315704866        4.25802445306893
C            2.03463594590353       -2.41616584219894        5.63902706411741
C            2.80623696830142       -3.20859453350744        6.46919279717532
C            3.71984740485497       -4.09969144556359        5.92918046324869
C            3.85605856661557       -4.19183609343347        4.55513424234616
C            3.08748028968013       -3.39433817341375        3.72475454725223
H            0.91979594713484       -1.43281547893788        1.46534130040801
H            1.79945625989651       -0.60502066459202        3.35908107394629
H            0.33244651070443       -1.50384336511440        3.79613177773832
H            1.32063152650236       -1.72348691995315        6.06323124927231
H            2.69299191113373       -3.13402295670188        7.54149144738028
H            4.32039556724514       -4.72083535058125        6.57814717204870
H            4.56507171984462       -4.88631311648958        4.12687470164985
H            3.18576079660859       -3.46896324415427        2.65244773071817
75
 energy: -93.771253791662 gnorm: 0.000194272794 xtb: 6.7.1 (edcfbbe)
Ru           0.07323341138113        0.00932050141369       -0.57370312769488
N            0.01448912674387       -1.87836738530734       -1.02265243680955
C            1.16008276103431       -2.75022343973235       -1.24943935614459
C            2.49156801835461       -2.07864415733931       -0.90736021522817
P            2.24410000096852       -0.28261388770418       -1.21971817856842
C            2.53450381991520       -0.25808930416004       -3.07596328042907
C            3.99797601139103       -0.33458287425174       -3.50301067725989
C            1.81493740319127        0.91292314954114       -3.74055032006090
C            3.74303946434794        0.52516971276774       -0.46146582874653
C            3.70645229325033        2.01963293290245       -0.77435209290948
C            3.71444373046522        0.32223791325725        1.05088848372301
C           -1.19096759183730       -2.68458150157763       -1.14976046970028
C           -2.45201584678807       -1.83048407229703       -1.28377474604259
P           -2.19178888762306       -0.26295742227268       -0.33708149698330
C           -3.00008860367265       -0.68137558938917        1.30299222012417
C           -2.86828581387050        0.48828116415737        2.27633469760656
C           -2.36431684629566       -1.93664905871634        1.89712011338742
C           -3.49016379131274        0.89006997717524       -1.05294411405719
C           -3.16195933413776        2.33623847313005       -0.67119603223122
C           -3.59581539683965        0.79213620155701       -2.57379485376787
H            1.16739236659358       -3.08734092016963       -2.30372311873717
H            1.04707502829355       -3.66034292446324       -0.63311336703511
H            2.69858189181908       -2.21503380475969        0.15564277679378
H            3.31563867184785       -2.50070697069767       -1.48926211767883
H            2.03238538478789       -1.17903126091212       -3.41084689569929
H            4.05295251839094       -0.52065809988462       -4.57546441756059
H            4.51833065032401        0.59810726704637       -3.29940383781049
H            4.52084712199513       -1.14343383559525       -2.99513551938311
H            0.75824063812761        0.90570898696407       -3.46189940368649
H            1.88595577325504        0.83555539744268       -4.82551632629996
H            2.23642956145558        1.86867181954787       -3.43661627607282
H            4.64830462435998        0.06770430382937       -0.87764718815613
H            4.50296482660300        2.53895904491858       -0.24281936727925
H            3.82674846633282        2.21530656757109       -1.83730674098000
H            2.74940653559723        2.43432681980547       -0.45354024943257
H            4.52238368233334        0.88218474900748        1.51983062317007
H            2.76494994430510        0.69180235363615        1.44209278240142
H            3.82650562444039       -0.72429159828078        1.32541924764183
H           -1.26856711422833       -3.36428193323030       -0.28417037915365
H           -1.10689314139591       -3.33259105225402       -2.04343053024563
H           -3.34949535006620       -2.36937365776257       -0.96718092982637
H           -2.56094070166639       -1.55002718598220       -2.33499458844441
H           -4.06361168095074       -0.87694534105855        1.10516282786340
H           -3.52544819607652        1.30928912085242        2.00101137538406
H           -1.83718315915702        0.84676239759493        2.28322127454962
H           -3.13349071713774        0.17330642479742        3.28501967851516
H           -2.68607429399591       -2.83342188716782        1.37225163653424
H           -2.65099026099903       -2.04659057651173        2.94269987476995
H           -1.27793238570905       -1.86928754419485        1.84541513144751
H           -4.45112157642016        0.60422291204258       -0.60480277021717
H           -4.05705409539187        2.95512651479842       -0.71929735770961
H           -2.73694273010117        2.40743352560581        0.32735833842495
H           -2.43025843920198        2.74499757276022       -1.36364480655925
H           -2.60117153884067        0.83846651298319       -3.02188669147507
H           -4.09247441813126       -0.12184126432002       -2.89302038356863
H           -4.17373780464546        1.63419261019265       -2.95285902611515
C            0.04997270601337        1.77564954045487       -1.07859383314061
O            0.06306499602215        2.85349575275800       -1.51998069370502
H            0.32046162919948        0.54665978155459        0.88115724100325
O            1.27093311545471       -2.12561299503601        2.06071972838804
C            1.34232186171970       -1.60772603926234        3.36795833242071
C            2.16982801278053       -2.50040509752008        4.25794344190952
C            2.03500083975378       -2.41541069603369        5.63886480196744
C            2.80639576715840       -3.20789087187228        6.46918082585588
C            3.71974715556668       -4.09928447677988        5.92940973633403
C            3.85625008122506       -4.19140033819204        4.55540831774564
C            3.08777754745429       -3.39398144865679        3.72486622736960
H            0.91983122079308       -1.43326334258571        1.46503253684175
H            1.79894747497289       -0.60487563076944        3.35879029643994
H            0.33227741348352       -1.50429647457558        3.79584950707365
H            1.32094107094852       -1.72285900033864        6.06282430363532
H            2.69312412071686       -3.13318280885433        7.54138574319001
H            4.32003044829096       -4.72054334978425        6.57851778200603
H            4.56509872790213       -4.88613998205047        4.12728802526552
H            3.18601555203071       -3.46886762810564        2.65252820562433
