MINMODE:MODE: Optimization Step: 0
MINMODE:MODE: Order: 0
MINMODE:MODE:       0     -0.03541292     -0.03727259     -0.03564264
MINMODE:MODE:       1      0.03542093      0.01968947      0.06304263
MINMODE:MODE:       2      0.02471187      0.00229476      0.05324565
MINMODE:MODE:       3      0.01337992      0.01456858      0.01596291
MINMODE:MODE:       4     -0.01608555     -0.01519986     -0.01682387
MINMODE:MODE:       5     -0.00476157     -0.03315651      0.00344994
MINMODE:MODE:       6     -0.00232720     -0.05580415      0.02339507
MINMODE:MODE:       7     -0.00252830     -0.06523663      0.03069294
MINMODE:MODE:       8     -0.00497097     -0.05134939      0.02129504
MINMODE:MODE:       9     -0.00720112     -0.02749023      0.00179072
MINMODE:MODE:      10     -0.00728025     -0.01631725     -0.00676773
MINMODE:MODE:      11     -0.01982017     -0.00118527     -0.03221735
MINMODE:MODE:      12     -0.02702597      0.01383974     -0.01223316
MINMODE:MODE:      13     -0.02066487      0.00975639     -0.03108057
MINMODE:MODE:      14     -0.00492181     -0.00720046     -0.06938208
MINMODE:MODE:      15      0.00410234     -0.02223123     -0.09043217
MINMODE:MODE:      16     -0.00202128     -0.01814853     -0.07307397
MINMODE:MODE:      17      0.00967188      0.01840761      0.05716672
MINMODE:MODE:      18      0.00283380      0.00663257      0.02169610
MINMODE:MODE:      19     -0.00201254      0.00428554      0.01012373
MINMODE:MODE:      20      0.00094584      0.00098840      0.01889524
MINMODE:MODE:      21      0.00045943      0.01369107      0.03725365
MINMODE:MODE:      22     -0.01547974      0.01062870      0.05109660
MINMODE:MODE:      23     -0.03023851     -0.00338753      0.04523505
MINMODE:MODE:      24     -0.03038895     -0.01605311      0.02685008
MINMODE:MODE:      25     -0.01448983     -0.01283772      0.01396662
MINMODE:MODE:      26     -0.00169615     -0.00361844      0.01588914
MINMODE:MODE:      27      0.00296427      0.00519283      0.01867895
MINMODE:MODE:      28      0.00431685      0.00014759      0.01416371
MINMODE:MODE:      29      0.00203708     -0.01513861      0.00571282
MINMODE:MODE:      30     -0.00188914     -0.02703502      0.00154263
MINMODE:MODE:      31     -0.00319356     -0.02159040      0.00708574
MINMODE:MODE:      32      0.00582355     -0.00415831      0.05863342
MINMODE:MODE:      33      0.03632061      0.01049031      0.06154969
MINMODE:MODE:      34      0.02012904      0.02094060      0.02110087
MINMODE:MODE:      35      0.02029631      0.03694167      0.00253205
MINMODE:MODE:      36     -0.00303304     -0.06497722      0.03243428
MINMODE:MODE:      37     -0.00140079     -0.08306905      0.04306200
MINMODE:MODE:      38     -0.00454424     -0.05896372      0.02710624
MINMODE:MODE:      39     -0.00803998     -0.01612308     -0.00677857
MINMODE:MODE:      40     -0.00761734      0.01018378     -0.02190799
MINMODE:MODE:      41     -0.03346350      0.02833657      0.01915028
MINMODE:MODE:      42     -0.02735504      0.01946652     -0.01595147
MINMODE:MODE:      43     -0.00043717     -0.01022449     -0.08405894
MINMODE:MODE:      44      0.01464245     -0.03613948     -0.12201001
MINMODE:MODE:      45      0.00830939     -0.02682168     -0.08989496
MINMODE:MODE:      46      0.00128441      0.03326453      0.05101009
MINMODE:MODE:      47      0.01192840      0.02138113      0.06445687
MINMODE:MODE:      48      0.01435706     -0.00467360      0.00922397
MINMODE:MODE:      49     -0.02296172      0.01092239      0.01502411
MINMODE:MODE:      50      0.00907176      0.02909470      0.04248781
MINMODE:MODE:      51     -0.01554531      0.01854224      0.06280917
MINMODE:MODE:      52     -0.04320245     -0.00551381      0.05408295
MINMODE:MODE:      53     -0.04369180     -0.02784341      0.02191518
MINMODE:MODE:      54     -0.01672305     -0.02008610      0.00008069
MINMODE:MODE:      55      0.00602788      0.01074644      0.02586899
MINMODE:MODE:      56      0.00673429      0.00895538      0.01723954
MINMODE:MODE:      57      0.00297365     -0.01816848      0.00224153
MINMODE:MODE:      58     -0.00346063     -0.03995141     -0.00525135
MINMODE:MODE:      59     -0.00666766     -0.02977463      0.00450432
MINMODE:MODE:      60      0.11321981      0.28631468      0.03895619
MINMODE:MODE:      61      0.11822325      0.29556369      0.04261039
MINMODE:MODE:      62     -0.00529688      0.03692020     -0.10967407
MINMODE:MODE:      63     -0.19832656     -0.17158627     -0.25117503
MINMODE:MODE:      64     -0.09717927     -0.10356270     -0.12291211
MINMODE:MODE:      65     -0.04611459     -0.02884800     -0.08344014
MINMODE:MODE:      66     -0.01021327     -0.00414513     -0.08239995
MINMODE:MODE:      67      0.02070323      0.01413727     -0.05385849
MINMODE:MODE:      68      0.01340141      0.00011012     -0.02931685
MINMODE:MODE:      69     -0.01962412     -0.01370499     -0.02402617
MINMODE:MODE:      70     -0.04738650     -0.02060399     -0.04958567
MINMODE:MODE:      71      0.10348158      0.05378304      0.35219913
MINMODE:MODE:      72     -0.09527301      0.20969947     -0.06823172
MINMODE:MODE:      73      0.40844448     -0.01305685      0.18651843
MINMODE:MODE:      74     -0.00607009      0.00112308     -0.11245237
MINMODE:MODE:      75      0.04449702      0.03151240     -0.05398121
MINMODE:MODE:      76      0.03279597     -0.00124238     -0.01284549
MINMODE:MODE:      77     -0.02426545     -0.02278763     -0.00121614
MINMODE:MODE:      78     -0.07120591     -0.03227414     -0.04640766
MINMODE:MODE: Optimization Step: 0
MINMODE:MODE: Order: 0
MINMODE:MODE:       0     -0.01157881      0.00634545     -0.01599638
MINMODE:MODE:       1      0.06377096      0.03456737      0.11127451
MINMODE:MODE:       2      0.03898334      0.00690373      0.06897024
MINMODE:MODE:       3      0.02344407      0.01577808      0.01783723
MINMODE:MODE:       4     -0.01539648     -0.01579802     -0.01424475
MINMODE:MODE:       5     -0.00494025     -0.03640379      0.00337498
MINMODE:MODE:       6     -0.00412755     -0.06239607      0.02638126
MINMODE:MODE:       7     -0.00414233     -0.07293022      0.03461872
MINMODE:MODE:       8     -0.00629082     -0.05733962      0.02392435
MINMODE:MODE:       9     -0.00712195     -0.03117118      0.00163423
MINMODE:MODE:      10     -0.00653376     -0.01881409     -0.00825407
MINMODE:MODE:      11     -0.02062690     -0.00056001     -0.03753736
MINMODE:MODE:      12     -0.03039345      0.01720000     -0.01499293
MINMODE:MODE:      13     -0.02415188      0.01232033     -0.03595218
MINMODE:MODE:      14     -0.00626868     -0.00997870     -0.07696007
MINMODE:MODE:      15      0.00434023     -0.02690912     -0.10003343
MINMODE:MODE:      16     -0.00163016     -0.02209102     -0.08072615
MINMODE:MODE:      17      0.03142433      0.03765874      0.09108039
MINMODE:MODE:      18      0.00827696      0.00768468      0.02505032
MINMODE:MODE:      19     -0.00031621      0.00165561      0.01080099
MINMODE:MODE:      20     -0.00032331      0.00074596      0.02105857
MINMODE:MODE:      21     -0.00101413      0.01504551      0.04276397
MINMODE:MODE:      22     -0.01759330      0.01127511      0.05737249
MINMODE:MODE:      23     -0.03388517     -0.00449941      0.05044076
MINMODE:MODE:      24     -0.03365024     -0.01821317      0.02967893
MINMODE:MODE:      25     -0.01610018     -0.01404297      0.01537271
MINMODE:MODE:      26     -0.00271264     -0.00450525      0.01757657
MINMODE:MODE:      27      0.00233388      0.00493008      0.02110818
MINMODE:MODE:      28      0.00430036      0.00025874      0.01609089
MINMODE:MODE:      29      0.00257864     -0.01685186      0.00628089
MINMODE:MODE:      30     -0.00182720     -0.03004768      0.00146850
MINMODE:MODE:      31     -0.00361800     -0.02374057      0.00788643
MINMODE:MODE:      32      0.00141737      0.00161944      0.06976302
MINMODE:MODE:      33      0.04479708      0.01010286      0.07060714
MINMODE:MODE:      34      0.02662343      0.02321476      0.02265473
MINMODE:MODE:      35      0.02348490      0.04143525      0.00221728
MINMODE:MODE:      36     -0.00443232     -0.07298277      0.03609353
MINMODE:MODE:      37     -0.00382977     -0.09272419      0.04867151
MINMODE:MODE:      38     -0.00576632     -0.06568717      0.03068646
MINMODE:MODE:      39     -0.00802684     -0.01811946     -0.00780628
MINMODE:MODE:      40     -0.00581005      0.01165857     -0.02454344
MINMODE:MODE:      41     -0.03839594      0.03537963      0.01885377
MINMODE:MODE:      42     -0.03224360      0.02297424     -0.01935114
MINMODE:MODE:      43     -0.00157796     -0.01359587     -0.09344826
MINMODE:MODE:      44      0.01668543     -0.04456798     -0.13418292
MINMODE:MODE:      45      0.01043786     -0.03103456     -0.10051058
MINMODE:MODE:      46      0.01001824      0.05138743      0.08593766
MINMODE:MODE:      47      0.01760199      0.02908895      0.07295823
MINMODE:MODE:      48      0.01929085     -0.00616443      0.01046320
MINMODE:MODE:      49     -0.02630510      0.01285558      0.01518776
MINMODE:MODE:      50      0.00969456      0.03308821      0.04754738
MINMODE:MODE:      51     -0.01795138      0.02043518      0.07076053
MINMODE:MODE:      52     -0.04839515     -0.00703153      0.06026259
MINMODE:MODE:      53     -0.04833740     -0.03154662      0.02384455
MINMODE:MODE:      54     -0.01815330     -0.02206260     -0.00048314
MINMODE:MODE:      55      0.00567689      0.01188030      0.02914189
MINMODE:MODE:      56      0.00728982      0.00973740      0.01975549
MINMODE:MODE:      57      0.00362297     -0.02036954      0.00242962
MINMODE:MODE:      58     -0.00325533     -0.04443441     -0.00655219
MINMODE:MODE:      59     -0.00739069     -0.03299411      0.00460588
MINMODE:MODE:      60      0.08982770      0.26770999      0.00286261
MINMODE:MODE:      61      0.13771992      0.35892992      0.02643484
MINMODE:MODE:      62      0.00668228      0.03652144     -0.08070287
MINMODE:MODE:      63     -0.26014455     -0.16743985     -0.29236903
MINMODE:MODE:      64     -0.01013036      0.01242689     -0.08702667
MINMODE:MODE:      65     -0.03411214     -0.00695496     -0.09010596
MINMODE:MODE:      66     -0.01026739     -0.00306560     -0.09463436
MINMODE:MODE:      67      0.02146388      0.01248826     -0.06317130
MINMODE:MODE:      68      0.01494889      0.00065302     -0.03325494
MINMODE:MODE:      69     -0.01880275     -0.01884864     -0.02894683
MINMODE:MODE:      70     -0.04383887     -0.02497750     -0.05857713
MINMODE:MODE:      71      0.01454520     -0.01018902      0.27812166
MINMODE:MODE:      72     -0.04242645      0.23770787     -0.00691371
MINMODE:MODE:      73      0.30641257     -0.19112178      0.10627612
MINMODE:MODE:      74     -0.00634791      0.00395126     -0.12364503
MINMODE:MODE:      75      0.04888328      0.03528807     -0.06139910
MINMODE:MODE:      76      0.03728469      0.00054959     -0.01397040
MINMODE:MODE:      77     -0.02505223     -0.02551333     -0.00123440
MINMODE:MODE:      78     -0.07862543     -0.03573483     -0.05065657
MINMODE:MODE: Optimization Step: 1
MINMODE:MODE: Order: 0
MINMODE:MODE:       0     -0.00743643      0.01990079     -0.02129250
MINMODE:MODE:       1      0.04838456      0.02306731      0.10893320
MINMODE:MODE:       2      0.03573398      0.00914911      0.07217282
MINMODE:MODE:       3      0.02489063      0.01710461      0.01882944
MINMODE:MODE:       4     -0.01409377     -0.01454780     -0.01274659
MINMODE:MODE:       5     -0.00528626     -0.03619904      0.00402497
MINMODE:MODE:       6     -0.00481987     -0.06327110      0.02705646
MINMODE:MODE:       7     -0.00496603     -0.07403729      0.03543768
MINMODE:MODE:       8     -0.00651880     -0.05839498      0.02421785
MINMODE:MODE:       9     -0.00711707     -0.03174675      0.00155220
MINMODE:MODE:      10     -0.00588304     -0.01897918     -0.00845945
MINMODE:MODE:      11     -0.01968619     -0.00078921     -0.03896132
MINMODE:MODE:      12     -0.03039617      0.01812476     -0.01580068
MINMODE:MODE:      13     -0.02447008      0.01288046     -0.03660344
MINMODE:MODE:      14     -0.00649138     -0.01044662     -0.07819331
MINMODE:MODE:      15      0.00428226     -0.02826425     -0.10123545
MINMODE:MODE:      16     -0.00163637     -0.02291338     -0.08201893
MINMODE:MODE:      17      0.03426726      0.04088932      0.09508463
MINMODE:MODE:      18      0.01107914      0.00917672      0.02810149
MINMODE:MODE:      19      0.00163829      0.00235442      0.01217171
MINMODE:MODE:      20     -0.00116062      0.00079541      0.02142583
MINMODE:MODE:      21     -0.00158499      0.01502822      0.04362357
MINMODE:MODE:      22     -0.01807804      0.01108041      0.05839231
MINMODE:MODE:      23     -0.03450587     -0.00479061      0.05127688
MINMODE:MODE:      24     -0.03417120     -0.01859388      0.03013344
MINMODE:MODE:      25     -0.01665358     -0.01422554      0.01567337
MINMODE:MODE:      26     -0.00202516     -0.00556674      0.01793094
MINMODE:MODE:      27      0.00220610      0.00410304      0.02153221
MINMODE:MODE:      28      0.00418656      0.00022151      0.01642484
MINMODE:MODE:      29      0.00250109     -0.01709545      0.00634097
MINMODE:MODE:      30     -0.00166640     -0.03043139      0.00139423
MINMODE:MODE:      31     -0.00344383     -0.02413269      0.00798074
MINMODE:MODE:      32      0.00024542      0.00512688      0.07414491
MINMODE:MODE:      33      0.04933865      0.01005242      0.07333072
MINMODE:MODE:      34      0.02966715      0.02324089      0.02259213
MINMODE:MODE:      35      0.02604505      0.04295966      0.00284219
MINMODE:MODE:      36     -0.00498889     -0.07431381      0.03672596
MINMODE:MODE:      37     -0.00485483     -0.09420749      0.04978673
MINMODE:MODE:      38     -0.00611915     -0.06685451      0.03115900
MINMODE:MODE:      39     -0.00781813     -0.01861914     -0.00820256
MINMODE:MODE:      40     -0.00468108      0.01184502     -0.02499270
MINMODE:MODE:      41     -0.03944430      0.03710340      0.01827223
MINMODE:MODE:      42     -0.03303432      0.02397857     -0.02002888
MINMODE:MODE:      43     -0.00181671     -0.01458843     -0.09471716
MINMODE:MODE:      44      0.01699191     -0.04673556     -0.13563091
MINMODE:MODE:      45      0.01081409     -0.03212731     -0.10232801
MINMODE:MODE:      46      0.01333535      0.05800327      0.09883427
MINMODE:MODE:      47      0.02157555      0.03382409      0.07999052
MINMODE:MODE:      48      0.02478876     -0.00697353      0.01130560
MINMODE:MODE:      49     -0.02827335      0.01514045      0.01608389
MINMODE:MODE:      50      0.00976732      0.03367019      0.04819153
MINMODE:MODE:      51     -0.01851591      0.02050500      0.07221340
MINMODE:MODE:      52     -0.04921033     -0.00748275      0.06121451
MINMODE:MODE:      53     -0.04896764     -0.03222621      0.02409188
MINMODE:MODE:      54     -0.01847843     -0.02237692     -0.00057676
MINMODE:MODE:      55      0.00522890      0.01189401      0.02961834
MINMODE:MODE:      56      0.00719601      0.00986583      0.02012772
MINMODE:MODE:      57      0.00368733     -0.02072296      0.00236396
MINMODE:MODE:      58     -0.00313201     -0.04504337     -0.00694135
MINMODE:MODE:      59     -0.00740870     -0.03347183      0.00461109
MINMODE:MODE:      60      0.08018232      0.25721834     -0.01226231
MINMODE:MODE:      61      0.14215177      0.36887488      0.02960903
MINMODE:MODE:      62      0.01306693      0.03577106     -0.06202638
MINMODE:MODE:      63     -0.26735061     -0.16617009     -0.30286100
MINMODE:MODE:      64     -0.01439462      0.00549372     -0.08162657
MINMODE:MODE:      65     -0.03110227      0.00364403     -0.08450112
MINMODE:MODE:      66     -0.00871476     -0.00034971     -0.09454770
MINMODE:MODE:      67      0.02193128      0.01082218     -0.06621207
MINMODE:MODE:      68      0.01593208      0.00056174     -0.03494770
MINMODE:MODE:      69     -0.01611596     -0.02085464     -0.03213768
MINMODE:MODE:      70     -0.04082179     -0.02364918     -0.05955613
MINMODE:MODE:      71      0.00520350     -0.02247501      0.25104505
MINMODE:MODE:      72     -0.02088665      0.25237053      0.01098855
MINMODE:MODE:      73      0.27985085     -0.21234065      0.08618915
MINMODE:MODE:      74     -0.00569553      0.00548801     -0.12364930
MINMODE:MODE:      75      0.04922462      0.03518699     -0.06411522
MINMODE:MODE:      76      0.03848149      0.00222875     -0.01444009
MINMODE:MODE:      77     -0.02210086     -0.02667730     -0.00264543
MINMODE:MODE:      78     -0.07785821     -0.03605971     -0.05078542
MINMODE:MODE: Optimization Step: 2
MINMODE:MODE: Order: 0
MINMODE:MODE:       0     -0.00608321      0.02583317     -0.02490188
MINMODE:MODE:       1      0.03791873      0.01513210      0.10669544
MINMODE:MODE:       2      0.03292569      0.01033506      0.07404081
MINMODE:MODE:       3      0.02430620      0.01825000      0.01967207
MINMODE:MODE:       4     -0.01349795     -0.01355676     -0.01196406
MINMODE:MODE:       5     -0.00550297     -0.03594312      0.00465121
MINMODE:MODE:       6     -0.00532210     -0.06368332      0.02754897
MINMODE:MODE:       7     -0.00561841     -0.07460149      0.03598869
MINMODE:MODE:       8     -0.00669964     -0.05900824      0.02436256
MINMODE:MODE:       9     -0.00711456     -0.03197628      0.00155127
MINMODE:MODE:      10     -0.00539109     -0.01893147     -0.00849760
MINMODE:MODE:      11     -0.01882939     -0.00092666     -0.03995474
MINMODE:MODE:      12     -0.03007636      0.01864860     -0.01636366
MINMODE:MODE:      13     -0.02437725      0.01327332     -0.03691494
MINMODE:MODE:      14     -0.00653291     -0.01069024     -0.07887446
MINMODE:MODE:      15      0.00431124     -0.02907442     -0.10191473
MINMODE:MODE:      16     -0.00156787     -0.02342916     -0.08291257
MINMODE:MODE:      17      0.03485906      0.04215700      0.09624523
MINMODE:MODE:      18      0.01307216      0.01096888      0.03045002
MINMODE:MODE:      19      0.00290692      0.00301347      0.01307467
MINMODE:MODE:      20     -0.00166847      0.00109051      0.02167145
MINMODE:MODE:      21     -0.00194705      0.01511084      0.04397378
MINMODE:MODE:      22     -0.01842926      0.01096524      0.05896534
MINMODE:MODE:      23     -0.03489799     -0.00501344      0.05177406
MINMODE:MODE:      24     -0.03455891     -0.01879264      0.03045165
MINMODE:MODE:      25     -0.01711826     -0.01431192      0.01592832
MINMODE:MODE:      26     -0.00130900     -0.00644723      0.01820643
MINMODE:MODE:      27      0.00221929      0.00330234      0.02182635
MINMODE:MODE:      28      0.00418908      0.00005120      0.01667585
MINMODE:MODE:      29      0.00244605     -0.01725724      0.00638320
MINMODE:MODE:      30     -0.00140529     -0.03065426      0.00135289
MINMODE:MODE:      31     -0.00312413     -0.02446164      0.00801338
MINMODE:MODE:      32     -0.00031627      0.00696195      0.07672722
MINMODE:MODE:      33      0.05281058      0.01059311      0.07527291
MINMODE:MODE:      34      0.03019143      0.02399026      0.02261472
MINMODE:MODE:      35      0.02832285      0.04410479      0.00330859
MINMODE:MODE:      36     -0.00537142     -0.07507060      0.03715895
MINMODE:MODE:      37     -0.00564159     -0.09501238      0.05056126
MINMODE:MODE:      38     -0.00635136     -0.06757418      0.03138903
MINMODE:MODE:      39     -0.00762190     -0.01891098     -0.00844663
MINMODE:MODE:      40     -0.00391098      0.01191242     -0.02524297
MINMODE:MODE:      41     -0.04002658      0.03806707      0.01788053
MINMODE:MODE:      42     -0.03320877      0.02474526     -0.02026919
MINMODE:MODE:      43     -0.00185086     -0.01513894     -0.09537019
MINMODE:MODE:      44      0.01712285     -0.04803279     -0.13637803
MINMODE:MODE:      45      0.01095461     -0.03297067     -0.10339742
MINMODE:MODE:      46      0.01399576      0.06097628      0.10412820
MINMODE:MODE:      47      0.02497787      0.03821070      0.08706773
MINMODE:MODE:      48      0.02965156     -0.00759225      0.01208730
MINMODE:MODE:      49     -0.02982646      0.01747781      0.01730572
MINMODE:MODE:      50      0.00972246      0.03389931      0.04854431
MINMODE:MODE:      51     -0.01887620      0.02044385      0.07310003
MINMODE:MODE:      52     -0.04964886     -0.00779919      0.06177530
MINMODE:MODE:      53     -0.04934485     -0.03259581      0.02432146
MINMODE:MODE:      54     -0.01881992     -0.02259688     -0.00055287
MINMODE:MODE:      55      0.00490858      0.01178161      0.02983715
MINMODE:MODE:      56      0.00712118      0.00992322      0.02041895
MINMODE:MODE:      57      0.00366430     -0.02090826      0.00230429
MINMODE:MODE:      58     -0.00297271     -0.04533466     -0.00719672
MINMODE:MODE:      59     -0.00734465     -0.03376985      0.00463267
MINMODE:MODE:      60      0.07509368      0.25125213     -0.02021932
MINMODE:MODE:      61      0.14410726      0.37344331      0.03181614
MINMODE:MODE:      62      0.01692586      0.03503935     -0.05019761
MINMODE:MODE:      63     -0.27221820     -0.16520670     -0.30918785
MINMODE:MODE:      64     -0.01741404     -0.00115764     -0.07945524
MINMODE:MODE:      65     -0.02990586      0.00781321     -0.08064342
MINMODE:MODE:      66     -0.00712456      0.00206759     -0.09262552
MINMODE:MODE:      67      0.02227229      0.00982155     -0.06710496
MINMODE:MODE:      68      0.01684616      0.00023118     -0.03621587
MINMODE:MODE:      69     -0.01431719     -0.02171606     -0.03376061
MINMODE:MODE:      70     -0.03906100     -0.02156444     -0.05927073
MINMODE:MODE:      71      0.00134709     -0.03049742      0.23124551
MINMODE:MODE:      72     -0.00746192      0.26245006      0.02046855
MINMODE:MODE:      73      0.26220136     -0.22200085      0.07362233
MINMODE:MODE:      74     -0.00468733      0.00678031     -0.12258614
MINMODE:MODE:      75      0.04936562      0.03412195     -0.06579846
MINMODE:MODE:      76      0.03946705      0.00367199     -0.01530590
MINMODE:MODE:      77     -0.01966609     -0.02778982     -0.00448110
MINMODE:MODE:      78     -0.07616319     -0.03591209     -0.05108714
MINMODE:MODE: Optimization Step: 3
MINMODE:MODE: Order: 0
MINMODE:MODE:       0     -0.00601298      0.02785436     -0.02706214
MINMODE:MODE:       1      0.03092744      0.00946747      0.10498165
MINMODE:MODE:       2      0.03087753      0.01097115      0.07525663
MINMODE:MODE:       3      0.02309253      0.01945257      0.02031204
MINMODE:MODE:       4     -0.01328139     -0.01284533     -0.01157496
MINMODE:MODE:       5     -0.00566620     -0.03577956      0.00516911
MINMODE:MODE:       6     -0.00568674     -0.06394433      0.02796401
MINMODE:MODE:       7     -0.00613567     -0.07497563      0.03642894
MINMODE:MODE:       8     -0.00685827     -0.05942518      0.02448806
MINMODE:MODE:       9     -0.00711663     -0.03206954      0.00159065
MINMODE:MODE:      10     -0.00506180     -0.01885108     -0.00848034
MINMODE:MODE:      11     -0.01818116     -0.00102449     -0.04067864
MINMODE:MODE:      12     -0.02971442      0.01897468     -0.01680362
MINMODE:MODE:      13     -0.02414372      0.01355964     -0.03712719
MINMODE:MODE:      14     -0.00647280     -0.01083584     -0.07935634
MINMODE:MODE:      15      0.00441038     -0.02961906     -0.10243862
MINMODE:MODE:      16     -0.00143305     -0.02382800     -0.08366541
MINMODE:MODE:      17      0.03440563      0.04255719      0.09627655
MINMODE:MODE:      18      0.01433561      0.01268298      0.03226556
MINMODE:MODE:      19      0.00366378      0.00352617      0.01376000
MINMODE:MODE:      20     -0.00200945      0.00143113      0.02184549
MINMODE:MODE:      21     -0.00221010      0.01525774      0.04414266
MINMODE:MODE:      22     -0.01872689      0.01094153      0.05936989
MINMODE:MODE:      23     -0.03520982     -0.00518463      0.05216011
MINMODE:MODE:      24     -0.03490977     -0.01891609      0.03072909
MINMODE:MODE:      25     -0.01751799     -0.01434428      0.01612219
MINMODE:MODE:      26     -0.00073510     -0.00715298      0.01840402
MINMODE:MODE:      27      0.00230480      0.00257952      0.02202490
MINMODE:MODE:      28      0.00425638     -0.00018946      0.01688766
MINMODE:MODE:      29      0.00243782     -0.01741155      0.00643292
MINMODE:MODE:      30     -0.00112087     -0.03084908      0.00134173
MINMODE:MODE:      31     -0.00279010     -0.02478119      0.00803831
MINMODE:MODE:      32     -0.00049148      0.00773139      0.07841895
MINMODE:MODE:      33      0.05546319      0.01133393      0.07688836
MINMODE:MODE:      34      0.02940938      0.02499108      0.02264237
MINMODE:MODE:      35      0.03011426      0.04507628      0.00367198
MINMODE:MODE:      36     -0.00563849     -0.07560252      0.03753246
MINMODE:MODE:      37     -0.00626310     -0.09555813      0.05120766
MINMODE:MODE:      38     -0.00653108     -0.06809284      0.03157061
MINMODE:MODE:      39     -0.00745940     -0.01907650     -0.00858632
MINMODE:MODE:      40     -0.00341508      0.01199006     -0.02538630
MINMODE:MODE:      41     -0.04035372      0.03867817      0.01760383
MINMODE:MODE:      42     -0.03312927      0.02540946     -0.02032373
MINMODE:MODE:      43     -0.00179386     -0.01544248     -0.09581172
MINMODE:MODE:      44      0.01719925     -0.04888135     -0.13692364
MINMODE:MODE:      45      0.01105650     -0.03371383     -0.10415740
MINMODE:MODE:      46      0.01390744      0.06239089      0.10521047
MINMODE:MODE:      47      0.02761970      0.04198773      0.09369171
MINMODE:MODE:      48      0.03350691     -0.00799531      0.01280415
MINMODE:MODE:      49     -0.03092656      0.01959038      0.01847655
MINMODE:MODE:      50      0.00960267      0.03400182      0.04882255
MINMODE:MODE:      51     -0.01912079      0.02039766      0.07375191
MINMODE:MODE:      52     -0.04994523     -0.00804688      0.06220959
MINMODE:MODE:      53     -0.04965088     -0.03282608      0.02457647
MINMODE:MODE:      54     -0.01915170     -0.02275449     -0.00049538
MINMODE:MODE:      55      0.00472090      0.01160655      0.02995019
MINMODE:MODE:      56      0.00710470      0.00993562      0.02071284
MINMODE:MODE:      57      0.00366210     -0.02103245      0.00229219
MINMODE:MODE:      58     -0.00276357     -0.04551319     -0.00736498
MINMODE:MODE:      59     -0.00723056     -0.03402912      0.00467231
MINMODE:MODE:      60      0.07268081      0.24837774     -0.02428432
MINMODE:MODE:      61      0.14485550      0.37529136      0.03367180
MINMODE:MODE:      62      0.01909194      0.03434160     -0.04308452
MINMODE:MODE:      63     -0.27677350     -0.16329830     -0.31323955
MINMODE:MODE:      64     -0.01918592     -0.00577867     -0.07895274
MINMODE:MODE:      65     -0.02907103      0.00919302     -0.07842535
MINMODE:MODE:      66     -0.00572835      0.00397335     -0.09068218
MINMODE:MODE:      67      0.02269915      0.00933887     -0.06707681
MINMODE:MODE:      68      0.01763529     -0.00009467     -0.03709783
MINMODE:MODE:      69     -0.01298201     -0.02187519     -0.03463322
MINMODE:MODE:      70     -0.03762911     -0.01974391     -0.05874140
MINMODE:MODE:      71     -0.00002490     -0.03607459      0.21664692
MINMODE:MODE:      72      0.00173120      0.26896947      0.02617433
MINMODE:MODE:      73      0.24955448     -0.22738032      0.06485092
MINMODE:MODE:      74     -0.00361024      0.00797107     -0.12104640
MINMODE:MODE:      75      0.04944673      0.03259783     -0.06664639
MINMODE:MODE:      76      0.04014019      0.00473811     -0.01618289
MINMODE:MODE:      77     -0.01793873     -0.02878593     -0.00633896
MINMODE:MODE:      78     -0.07411072     -0.03554551     -0.05137398
MINMODE:MODE: Optimization Step: 4
MINMODE:MODE: Order: 0
MINMODE:MODE:       0     -0.00666231      0.02787489     -0.02857383
MINMODE:MODE:       1      0.02601087      0.00498820      0.10384116
MINMODE:MODE:       2      0.02943997      0.01127677      0.07615758
MINMODE:MODE:       3      0.02176665      0.02065953      0.02079647
MINMODE:MODE:       4     -0.01324884     -0.01231967     -0.01145030
MINMODE:MODE:       5     -0.00579176     -0.03570735      0.00558554
MINMODE:MODE:       6     -0.00597142     -0.06415276      0.02833279
MINMODE:MODE:       7     -0.00654837     -0.07526042      0.03681919
MINMODE:MODE:       8     -0.00699547     -0.05973202      0.02462238
MINMODE:MODE:       9     -0.00713619     -0.03210798      0.00164700
MINMODE:MODE:      10     -0.00486494     -0.01877710     -0.00843786
MINMODE:MODE:      11     -0.01770353     -0.00109363     -0.04122423
MINMODE:MODE:      12     -0.02938343      0.01919508     -0.01717805
MINMODE:MODE:      13     -0.02386947      0.01376893     -0.03732037
MINMODE:MODE:      14     -0.00637040     -0.01092114     -0.07973765
MINMODE:MODE:      15      0.00456797     -0.03003665     -0.10292305
MINMODE:MODE:      16     -0.00123849     -0.02417716     -0.08433745
MINMODE:MODE:      17      0.03357291      0.04253811      0.09588396
MINMODE:MODE:      18      0.01508973      0.01404130      0.03366698
MINMODE:MODE:      19      0.00403581      0.00388724      0.01435019
MINMODE:MODE:      20     -0.00227389      0.00175823      0.02197858
MINMODE:MODE:      21     -0.00242283      0.01544726      0.04424471
MINMODE:MODE:      22     -0.01899756      0.01097763      0.05970747
MINMODE:MODE:      23     -0.03548605     -0.00531133      0.05249118
MINMODE:MODE:      24     -0.03523746     -0.01899913      0.03098099
MINMODE:MODE:      25     -0.01787083     -0.01433738      0.01627000
MINMODE:MODE:      26     -0.00030645     -0.00771838      0.01854503
MINMODE:MODE:      27      0.00241467      0.00198225      0.02214954
MINMODE:MODE:      28      0.00434942     -0.00046008      0.01706818
MINMODE:MODE:      29      0.00248065     -0.01757778      0.00650075
MINMODE:MODE:      30     -0.00084150     -0.03104477      0.00134831
MINMODE:MODE:      31     -0.00249642     -0.02509562      0.00807109
MINMODE:MODE:      32     -0.00039895      0.00785359      0.07970606
MINMODE:MODE:      33      0.05754467      0.01210311      0.07831643
MINMODE:MODE:      34      0.02806800      0.02598403      0.02263802
MINMODE:MODE:      35      0.03142623      0.04597555      0.00396404
MINMODE:MODE:      36     -0.00583893     -0.07601990      0.03788244
MINMODE:MODE:      37     -0.00675822     -0.09598392      0.05178595
MINMODE:MODE:      38     -0.00668708     -0.06849440      0.03175752
MINMODE:MODE:      39     -0.00733331     -0.01916272     -0.00866504
MINMODE:MODE:      40     -0.00309989      0.01209571     -0.02547239
MINMODE:MODE:      41     -0.04052626      0.03911871      0.01739296
MINMODE:MODE:      42     -0.03296272      0.02601324     -0.02031327
MINMODE:MODE:      43     -0.00170420     -0.01560893     -0.09615652
MINMODE:MODE:      44      0.01726009     -0.04948974     -0.13737065
MINMODE:MODE:      45      0.01119787     -0.03440170     -0.10475908
MINMODE:MODE:      46      0.01379160      0.06320553      0.10398313
MINMODE:MODE:      47      0.02957888      0.04520668      0.09964816
MINMODE:MODE:      48      0.03633936     -0.00822712      0.01347341
MINMODE:MODE:      49     -0.03163289      0.02138191      0.01946772
MINMODE:MODE:      50      0.00941971      0.03407818      0.04910231
MINMODE:MODE:      51     -0.01930467      0.02038935      0.07428852
MINMODE:MODE:      52     -0.05017739     -0.00824700      0.06260062
MINMODE:MODE:      53     -0.04992420     -0.03298672      0.02484210
MINMODE:MODE:      54     -0.01945792     -0.02285774     -0.00044462
MINMODE:MODE:      55      0.00463863      0.01139192      0.03001365
MINMODE:MODE:      56      0.00713711      0.00992018      0.02099844
MINMODE:MODE:      57      0.00369674     -0.02112925      0.00232705
MINMODE:MODE:      58     -0.00253240     -0.04564999     -0.00745959
MINMODE:MODE:      59     -0.00708344     -0.03428240      0.00472221
MINMODE:MODE:      60      0.07189718      0.24753087     -0.02587122
MINMODE:MODE:      61      0.14491917      0.37577083      0.03507741
MINMODE:MODE:      62      0.02023584      0.03377079     -0.03892265
MINMODE:MODE:      63     -0.28137262     -0.16004366     -0.31594384
MINMODE:MODE:      64     -0.02022365     -0.00892860     -0.07931604
MINMODE:MODE:      65     -0.02826004      0.00952232     -0.07710293
MINMODE:MODE:      66     -0.00451570      0.00539876     -0.08908778
MINMODE:MODE:      67      0.02316840      0.00914636     -0.06670470
MINMODE:MODE:      68      0.01832557     -0.00031867     -0.03771856
MINMODE:MODE:      69     -0.01185913     -0.02169787     -0.03515598
MINMODE:MODE:      70     -0.03632256     -0.01837577     -0.05826449
MINMODE:MODE:      71     -0.00021257     -0.04019303      0.20563005
MINMODE:MODE:      72      0.00862425      0.27290499      0.03006154
MINMODE:MODE:      73      0.24002961     -0.23106955      0.05812958
MINMODE:MODE:      74     -0.00257773      0.00910381     -0.11926825
MINMODE:MODE:      75      0.04946748      0.03097849     -0.06704628
MINMODE:MODE:      76      0.04056516      0.00547714     -0.01698416
MINMODE:MODE:      77     -0.01664442     -0.02964866     -0.00807371
MINMODE:MODE:      78     -0.07193173     -0.03506978     -0.05158388
MINMODE:MODE: Optimization Step: 5
MINMODE:MODE: Order: 0
MINMODE:MODE:       0     -0.00773964      0.02678138     -0.02970105
MINMODE:MODE:       1      0.02238293      0.00123870      0.10311050
MINMODE:MODE:       2      0.02844504      0.01134605      0.07693622
MINMODE:MODE:       3      0.02049741      0.02181088      0.02117167
MINMODE:MODE:       4     -0.01333576     -0.01193432     -0.01146979
MINMODE:MODE:       5     -0.00590245     -0.03570875      0.00592192
MINMODE:MODE:       6     -0.00619962     -0.06434824      0.02867797
MINMODE:MODE:       7     -0.00688197     -0.07551364      0.03717937
MINMODE:MODE:       8     -0.00712512     -0.05997613      0.02477845
MINMODE:MODE:       9     -0.00716660     -0.03212488      0.00171651
MINMODE:MODE:      10     -0.00475538     -0.01872291     -0.00838709
MINMODE:MODE:      11     -0.01735843     -0.00114361     -0.04165597
MINMODE:MODE:      12     -0.02910349      0.01936204     -0.01750888
MINMODE:MODE:      13     -0.02361638      0.01394210     -0.03752012
MINMODE:MODE:      14     -0.00624042     -0.01098822     -0.08007970
MINMODE:MODE:      15      0.00476337     -0.03038829     -0.10339028
MINMODE:MODE:      16     -0.00100445     -0.02450318     -0.08496453
MINMODE:MODE:      17      0.03265406      0.04231636      0.09536426
MINMODE:MODE:      18      0.01550910      0.01511107      0.03474439
MINMODE:MODE:      19      0.00414745      0.00410942      0.01487513
MINMODE:MODE:      20     -0.00249610      0.00205944      0.02208412
MINMODE:MODE:      21     -0.00262288      0.01564720      0.04433786
MINMODE:MODE:      22     -0.01925330      0.01105243      0.06001535
MINMODE:MODE:      23     -0.03574783     -0.00539997      0.05280431
MINMODE:MODE:      24     -0.03554894     -0.01905335      0.03121596
MINMODE:MODE:      25     -0.01819587     -0.01430326      0.01637932
MINMODE:MODE:      26     -0.00000325     -0.00816859      0.01865047
MINMODE:MODE:      27      0.00253567      0.00149944      0.02223982
MINMODE:MODE:      28      0.00445493     -0.00073192      0.01722047
MINMODE:MODE:      29      0.00255292     -0.01775659      0.00657951
MINMODE:MODE:      30     -0.00059344     -0.03125308      0.00137235
MINMODE:MODE:      31     -0.00224539     -0.02540535      0.00810942
MINMODE:MODE:      32     -0.00010875      0.00756921      0.08083003
MINMODE:MODE:      33      0.05927183      0.01278877      0.07964763
MINMODE:MODE:      34      0.02656965      0.02689365      0.02259390
MINMODE:MODE:      35      0.03233122      0.04683932      0.00419803
MINMODE:MODE:      36     -0.00600615     -0.07638131      0.03822269
MINMODE:MODE:      37     -0.00715819     -0.09635726      0.05232535
MINMODE:MODE:      38     -0.00683055     -0.06882620      0.03196377
MINMODE:MODE:      39     -0.00724230     -0.01920276     -0.00871546
MINMODE:MODE:      40     -0.00290726      0.01223138     -0.02552730
MINMODE:MODE:      41     -0.04060118      0.03947408      0.01721977
MINMODE:MODE:      42     -0.03278845      0.02657204     -0.02029550
MINMODE:MODE:      43     -0.00160320     -0.01569852     -0.09645657
MINMODE:MODE:      44      0.01733294     -0.04997715     -0.13778640
MINMODE:MODE:      45      0.01139833     -0.03505678     -0.10528677
MINMODE:MODE:      46      0.01385938      0.06385417      0.10148877
MINMODE:MODE:      47      0.03099739      0.04796568      0.10495682
MINMODE:MODE:      48      0.03830828     -0.00833155      0.01412356
MINMODE:MODE:      49     -0.03202278      0.02283973      0.02027347
MINMODE:MODE:      50      0.00919258      0.03416830      0.04940387
MINMODE:MODE:      51     -0.01946570      0.02041753      0.07477510
MINMODE:MODE:      52     -0.05038429     -0.00840860      0.06298848
MINMODE:MODE:      53     -0.05018269     -0.03311491      0.02510819
MINMODE:MODE:      54     -0.01974280     -0.02292049     -0.00040841
MINMODE:MODE:      55      0.00463146      0.01116032      0.03006444
MINMODE:MODE:      56      0.00720193      0.00988713      0.02126497
MINMODE:MODE:      57      0.00376591     -0.02121636      0.00240132
MINMODE:MODE:      58     -0.00230160     -0.04577892     -0.00749555
MINMODE:MODE:      59     -0.00691827     -0.03454001      0.00477765
MINMODE:MODE:      60      0.07205746      0.24809407     -0.02624764
MINMODE:MODE:      61      0.14463267      0.37548100      0.03624710
MINMODE:MODE:      62      0.02079786      0.03342806     -0.03662653
MINMODE:MODE:      63     -0.28534623     -0.15599863     -0.31811260
MINMODE:MODE:      64     -0.02124793     -0.01075310     -0.07984926
MINMODE:MODE:      65     -0.02747162      0.00949438     -0.07623696
MINMODE:MODE:      66     -0.00346957      0.00642379     -0.08778715
MINMODE:MODE:      67      0.02363545      0.00910762     -0.06625132
MINMODE:MODE:      68      0.01894344     -0.00042657     -0.03817248
MINMODE:MODE:      69     -0.01086307     -0.02138860     -0.03552857
MINMODE:MODE:      70     -0.03510973     -0.01739478     -0.05788722
MINMODE:MODE:      71      0.00009872     -0.04345793      0.19714170
MINMODE:MODE:      72      0.01407983      0.27495046      0.03298645
MINMODE:MODE:      73      0.23251867     -0.23392555      0.05255376
MINMODE:MODE:      74     -0.00160844      0.01018945     -0.11736299
MINMODE:MODE:      75      0.04943689      0.02944212     -0.06724456
MINMODE:MODE:      76      0.04083829      0.00597497     -0.01772275
MINMODE:MODE:      77     -0.01557524     -0.03039829     -0.00962952
MINMODE:MODE:      78     -0.06975037     -0.03454524     -0.05173327
MINMODE:MODE: Optimization Step: 6
MINMODE:MODE: Order: 0
MINMODE:MODE:       0     -0.00912167      0.02501450     -0.03073652
MINMODE:MODE:       1      0.01954596     -0.00202864      0.10259145
MINMODE:MODE:       2      0.02772878      0.01125636      0.07766501
MINMODE:MODE:       3      0.01932030      0.02286456      0.02146944
MINMODE:MODE:       4     -0.01349253     -0.01165595     -0.01157772
MINMODE:MODE:       5     -0.00600357     -0.03576183      0.00620579
MINMODE:MODE:       6     -0.00639357     -0.06453773      0.02900589
MINMODE:MODE:       7     -0.00715614     -0.07574638      0.03752092
MINMODE:MODE:       8     -0.00724835     -0.06017763      0.02495058
MINMODE:MODE:       9     -0.00720831     -0.03213262      0.00179215
MINMODE:MODE:      10     -0.00470390     -0.01868100     -0.00833688
MINMODE:MODE:      11     -0.01711443     -0.00118391     -0.04200921
MINMODE:MODE:      12     -0.02886915      0.01948422     -0.01782990
MINMODE:MODE:      13     -0.02339476      0.01408588     -0.03773039
MINMODE:MODE:      14     -0.00609745     -0.01104423     -0.08039560
MINMODE:MODE:      15      0.00498099     -0.03070916     -0.10384072
MINMODE:MODE:      16     -0.00075471     -0.02481616     -0.08554063
MINMODE:MODE:      17      0.03176422      0.04200747      0.09479252
MINMODE:MODE:      18      0.01571151      0.01591508      0.03557848
MINMODE:MODE:      19      0.00407912      0.00422384      0.01535405
MINMODE:MODE:      20     -0.00269774      0.00232672      0.02216871
MINMODE:MODE:      21     -0.00281829      0.01584638      0.04442967
MINMODE:MODE:      22     -0.01949871      0.01114608      0.06030939
MINMODE:MODE:      23     -0.03600323     -0.00545755      0.05310260
MINMODE:MODE:      24     -0.03584642     -0.01909318      0.03143305
MINMODE:MODE:      25     -0.01849106     -0.01426869      0.01646533
MINMODE:MODE:      26      0.00020387     -0.00853892      0.01873111
MINMODE:MODE:      27      0.00266492      0.00106575      0.02229623
MINMODE:MODE:      28      0.00456699     -0.00099640      0.01734991
MINMODE:MODE:      29      0.00264351     -0.01794377      0.00666495
MINMODE:MODE:      30     -0.00037794     -0.03147196      0.00141213
MINMODE:MODE:      31     -0.00203312     -0.02571963      0.00815172
MINMODE:MODE:      32      0.00032401      0.00701366      0.08189998
MINMODE:MODE:      33      0.06077517      0.01336139      0.08091726
MINMODE:MODE:      34      0.02508624      0.02771066      0.02252218
MINMODE:MODE:      35      0.03291721      0.04767871      0.00437110
MINMODE:MODE:      36     -0.00615769     -0.07670255      0.03855590
MINMODE:MODE:      37     -0.00748905     -0.09669456      0.05283275
MINMODE:MODE:      38     -0.00696645     -0.06910504      0.03218484
MINMODE:MODE:      39     -0.00717785     -0.01921233     -0.00875409
MINMODE:MODE:      40     -0.00279609      0.01233262     -0.02556914
MINMODE:MODE:      41     -0.04060398      0.03980694      0.01709284
MINMODE:MODE:      42     -0.03263423      0.02708931     -0.02029108
MINMODE:MODE:      43     -0.00150018     -0.01574485     -0.09671877
MINMODE:MODE:      44      0.01742232     -0.05040115     -0.13817264
MINMODE:MODE:      45      0.01166533     -0.03568534     -0.10578435
MINMODE:MODE:      46      0.01412496      0.06445867      0.09836624
MINMODE:MODE:      47      0.03202989      0.05038886      0.10967888
MINMODE:MODE:      48      0.03960563     -0.00833163      0.01478967
MINMODE:MODE:      49     -0.03217272      0.02402623      0.02091038
MINMODE:MODE:      50      0.00892994      0.03427937      0.04972598
MINMODE:MODE:      51     -0.01961846      0.02046843      0.07522760
MINMODE:MODE:      52     -0.05057712     -0.00853984      0.06338053
MINMODE:MODE:      53     -0.05042780     -0.03322420      0.02536672
MINMODE:MODE:      54     -0.02001446     -0.02295273     -0.00038375
MINMODE:MODE:      55      0.00463688      0.01099472      0.03013176
MINMODE:MODE:      56      0.00728465      0.00984048      0.02150485
MINMODE:MODE:      57      0.00385546     -0.02129753      0.00250285
MINMODE:MODE:      58     -0.00208566     -0.04590765     -0.00748428
MINMODE:MODE:      59     -0.00674372     -0.03479997      0.00483656
MINMODE:MODE:      60      0.07286516      0.24953139     -0.02587357
MINMODE:MODE:      61      0.14411164      0.37478085      0.03713727
MINMODE:MODE:      62      0.02103819      0.03338282     -0.03552056
MINMODE:MODE:      63     -0.28888449     -0.15149273     -0.31988572
MINMODE:MODE:      64     -0.02202417     -0.01167865     -0.08052776
MINMODE:MODE:      65     -0.02665540      0.00938610     -0.07560189
MINMODE:MODE:      66     -0.00253632      0.00719287     -0.08672384
MINMODE:MODE:      67      0.02406556      0.00913630     -0.06581002
MINMODE:MODE:      68      0.01950165     -0.00044748     -0.03852447
MINMODE:MODE:      69     -0.00995401     -0.02105410     -0.03582974
MINMODE:MODE:      70     -0.03397124     -0.01668708     -0.05758632
MINMODE:MODE:      71      0.00057043     -0.04628263      0.19045862
MINMODE:MODE:      72      0.01857747      0.27573461      0.03560469
MINMODE:MODE:      73      0.22626081     -0.23615099      0.04762786
MINMODE:MODE:      74     -0.00068543      0.01123010     -0.11541655
MINMODE:MODE:      75      0.04935780      0.02804214     -0.06735360
MINMODE:MODE:      76      0.04101785      0.00630412     -0.01841713
MINMODE:MODE:      77     -0.01463104     -0.03105021     -0.01100720
MINMODE:MODE:      78     -0.06760180     -0.03399959     -0.05183436
MINMODE:MODE: Optimization Step: 7
MINMODE:MODE: Order: 0
MINMODE:MODE:       0     -0.01081684      0.02280133     -0.03205583
MINMODE:MODE:       1      0.01723237     -0.00531787      0.10250578
MINMODE:MODE:       2      0.02722711      0.01097732      0.07838566
MINMODE:MODE:       3      0.01824441      0.02378982      0.02171045
MINMODE:MODE:       4     -0.01361716     -0.01155810     -0.01173018
MINMODE:MODE:       5     -0.00611827     -0.03575518      0.00638724
MINMODE:MODE:       6     -0.00657188     -0.06471116      0.02930430
MINMODE:MODE:       7     -0.00738847     -0.07595402      0.03784423
MINMODE:MODE:       8     -0.00736409     -0.06033069      0.02512574
MINMODE:MODE:       9     -0.00725169     -0.03213386      0.00186611
MINMODE:MODE:      10     -0.00469334     -0.01865251     -0.00829010
MINMODE:MODE:      11     -0.01694728     -0.00121096     -0.04229558
MINMODE:MODE:      12     -0.02869013      0.01960306     -0.01810227
MINMODE:MODE:      13     -0.02320214      0.01420958     -0.03794198
MINMODE:MODE:      14     -0.00594352     -0.01108848     -0.08067171
MINMODE:MODE:      15      0.00521270     -0.03098840     -0.10423463
MINMODE:MODE:      16     -0.00047239     -0.02511233     -0.08609158
MINMODE:MODE:      17      0.03094180      0.04161931      0.09425795
MINMODE:MODE:      18      0.01577352      0.01649294      0.03620136
MINMODE:MODE:      19      0.00383353      0.00429055      0.01577784
MINMODE:MODE:      20     -0.00287880      0.00256329      0.02224179
MINMODE:MODE:      21     -0.00300984      0.01606476      0.04451742
MINMODE:MODE:      22     -0.01975648      0.01126177      0.06059341
MINMODE:MODE:      23     -0.03623704     -0.00548772      0.05339326
MINMODE:MODE:      24     -0.03611814     -0.01911933      0.03162437
MINMODE:MODE:      25     -0.01876138     -0.01422769      0.01653570
MINMODE:MODE:      26      0.00032556     -0.00883819      0.01878515
MINMODE:MODE:      27      0.00277305      0.00076919      0.02233349
MINMODE:MODE:      28      0.00466127     -0.00124252      0.01745669
MINMODE:MODE:      29      0.00274171     -0.01813134      0.00675389
MINMODE:MODE:      30     -0.00020200     -0.03168530      0.00145580
MINMODE:MODE:      31     -0.00186808     -0.02598756      0.00820090
MINMODE:MODE:      32      0.00085120      0.00626766      0.08293184
MINMODE:MODE:      33      0.06213063      0.01376106      0.08213526
MINMODE:MODE:      34      0.02371835      0.02842837      0.02244010
MINMODE:MODE:      35      0.03324520      0.04847303      0.00449362
MINMODE:MODE:      36     -0.00630215     -0.07699313      0.03886539
MINMODE:MODE:      37     -0.00776676     -0.09698772      0.05330018
MINMODE:MODE:      38     -0.00709556     -0.06932799      0.03240948
MINMODE:MODE:      39     -0.00712943     -0.01919751     -0.00878451
MINMODE:MODE:      40     -0.00274128      0.01240276     -0.02561286
MINMODE:MODE:      41     -0.04055331      0.04009661      0.01697277
MINMODE:MODE:      42     -0.03250597      0.02755243     -0.02030433
MINMODE:MODE:      43     -0.00139843     -0.01576409     -0.09692689
MINMODE:MODE:      44      0.01752437     -0.05080087     -0.13853713
MINMODE:MODE:      45      0.01198111     -0.03627857     -0.10623285
MINMODE:MODE:      46      0.01453437      0.06505466      0.09499008
MINMODE:MODE:      47      0.03275815      0.05249746      0.11385490
MINMODE:MODE:      48      0.04037529     -0.00826207      0.01546268
MINMODE:MODE:      49     -0.03213135      0.02495687      0.02140112
MINMODE:MODE:      50      0.00861999      0.03444196      0.05007513
MINMODE:MODE:      51     -0.01977131      0.02052342      0.07563994
MINMODE:MODE:      52     -0.05075461     -0.00864417      0.06376644
MINMODE:MODE:      53     -0.05064923     -0.03332149      0.02560174
MINMODE:MODE:      54     -0.02026920     -0.02295863     -0.00036716
MINMODE:MODE:      55      0.00470989      0.01081437      0.03018747
MINMODE:MODE:      56      0.00737335      0.00978154      0.02171296
MINMODE:MODE:      57      0.00395625     -0.02137266      0.00262235
MINMODE:MODE:      58     -0.00188950     -0.04603100     -0.00743798
MINMODE:MODE:      59     -0.00656877     -0.03504786      0.00489175
MINMODE:MODE:      60      0.07411204      0.25177820     -0.02531250
MINMODE:MODE:      61      0.14340904      0.37393662      0.03787922
MINMODE:MODE:      62      0.02113858      0.03376932     -0.03528600
MINMODE:MODE:      63     -0.29223173     -0.14581904     -0.32089897
MINMODE:MODE:      64     -0.02260069     -0.01267474     -0.08134913
MINMODE:MODE:      65     -0.02577355      0.00932112     -0.07499029
MINMODE:MODE:      66     -0.00169302      0.00777767     -0.08580646
MINMODE:MODE:      67      0.02443874      0.00917492     -0.06540611
MINMODE:MODE:      68      0.01999247     -0.00043096     -0.03879115
MINMODE:MODE:      69     -0.00909834     -0.02074730     -0.03611565
MINMODE:MODE:      70     -0.03285363     -0.01615288     -0.05734860
MINMODE:MODE:      71      0.00103049     -0.04883144      0.18519963
MINMODE:MODE:      72      0.02249914      0.27559772      0.03791425
MINMODE:MODE:      73      0.22108182     -0.23815587      0.04298682
MINMODE:MODE:      74      0.00017499      0.01219835     -0.11346809
MINMODE:MODE:      75      0.04923774      0.02680576     -0.06740907
MINMODE:MODE:      76      0.04112915      0.00651087     -0.01905523
MINMODE:MODE:      77     -0.01376643     -0.03158114     -0.01224220
MINMODE:MODE:      78     -0.06553613     -0.03345132     -0.05189662
MINMODE:MODE: Optimization Step: 8
MINMODE:MODE: Order: 0
MINMODE:MODE:       0     -0.01292710      0.02009946     -0.03387168
MINMODE:MODE:       1      0.01517897     -0.00895870      0.10286631
MINMODE:MODE:       2      0.02686740      0.01043837      0.07917291
MINMODE:MODE:       3      0.01720276      0.02461671      0.02189960
MINMODE:MODE:       4     -0.01377355     -0.01147570     -0.01199701
MINMODE:MODE:       5     -0.00619950     -0.03581005      0.00654234
MINMODE:MODE:       6     -0.00672903     -0.06486223      0.02957210
MINMODE:MODE:       7     -0.00759013     -0.07612725      0.03813689
MINMODE:MODE:       8     -0.00747106     -0.06044424      0.02530059
MINMODE:MODE:       9     -0.00730127     -0.03212274      0.00193750
MINMODE:MODE:      10     -0.00470791     -0.01862620     -0.00824827
MINMODE:MODE:      11     -0.01683030     -0.00122109     -0.04253211
MINMODE:MODE:      12     -0.02854891      0.01971430     -0.01834249
MINMODE:MODE:      13     -0.02302780      0.01431958     -0.03813567
MINMODE:MODE:      14     -0.00577670     -0.01112381     -0.08090627
MINMODE:MODE:      15      0.00546519     -0.03126552     -0.10459909
MINMODE:MODE:      16     -0.00016623     -0.02540511     -0.08661733
MINMODE:MODE:      17      0.03014739      0.04110315      0.09381071
MINMODE:MODE:      18      0.01575387      0.01690334      0.03666917
MINMODE:MODE:      19      0.00344175      0.00431569      0.01613756
MINMODE:MODE:      20     -0.00304321      0.00279113      0.02230193
MINMODE:MODE:      21     -0.00321519      0.01631222      0.04459599
MINMODE:MODE:      22     -0.02002911      0.01140311      0.06087423
MINMODE:MODE:      23     -0.03646075     -0.00548562      0.05368226
MINMODE:MODE:      24     -0.03636969     -0.01913189      0.03179768
MINMODE:MODE:      25     -0.01901355     -0.01417954      0.01659195
MINMODE:MODE:      26      0.00036994     -0.00907788      0.01881825
MINMODE:MODE:      27      0.00288858      0.00049064      0.02232933
MINMODE:MODE:      28      0.00474882     -0.00147255      0.01754396
MINMODE:MODE:      29      0.00284114     -0.01831435      0.00684279
MINMODE:MODE:      30     -0.00006185     -0.03188896      0.00150615
MINMODE:MODE:      31     -0.00174591     -0.02623390      0.00825287
MINMODE:MODE:      32      0.00145696      0.00533760      0.08396745
MINMODE:MODE:      33      0.06348598      0.01390948      0.08336929
MINMODE:MODE:      34      0.02244184      0.02908773      0.02235724
MINMODE:MODE:      35      0.03336979      0.04921178      0.00457985
MINMODE:MODE:      36     -0.00644796     -0.07724528      0.03915517
MINMODE:MODE:      37     -0.00801128     -0.09723022      0.05373232
MINMODE:MODE:      38     -0.00722041     -0.06949599      0.03262981
MINMODE:MODE:      39     -0.00708772     -0.01916353     -0.00881429
MINMODE:MODE:      40     -0.00273713      0.01248536     -0.02563569
MINMODE:MODE:      41     -0.04044433      0.04035840      0.01684898
MINMODE:MODE:      42     -0.03238763      0.02796729     -0.02032882
MINMODE:MODE:      43     -0.00129035     -0.01576186     -0.09706475
MINMODE:MODE:      44      0.01763991     -0.05116489     -0.13883208
MINMODE:MODE:      45      0.01235406     -0.03685033     -0.10663491
MINMODE:MODE:      46      0.01504099      0.06565002      0.09143097
MINMODE:MODE:      47      0.03324668      0.05438667      0.11778612
MINMODE:MODE:      48      0.04078293     -0.00813814      0.01617408
MINMODE:MODE:      49     -0.03193140      0.02569046      0.02178438
MINMODE:MODE:      50      0.00824400      0.03467967      0.05046805
MINMODE:MODE:      51     -0.01993213      0.02057587      0.07601355
MINMODE:MODE:      52     -0.05091695     -0.00872123      0.06415137
MINMODE:MODE:      53     -0.05084808     -0.03340685      0.02581721
MINMODE:MODE:      54     -0.02051615     -0.02293937     -0.00035408
MINMODE:MODE:      55      0.00482727      0.01061536      0.03023943
MINMODE:MODE:      56      0.00745956      0.00970798      0.02189155
MINMODE:MODE:      57      0.00405979     -0.02144144      0.00275478
MINMODE:MODE:      58     -0.00171308     -0.04614360     -0.00736314
MINMODE:MODE:      59     -0.00639236     -0.03527816      0.00494349
MINMODE:MODE:      60      0.07582979      0.25508672     -0.02440273
MINMODE:MODE:      61      0.14243827      0.37280730      0.03796538
MINMODE:MODE:      62      0.02120660      0.03475328     -0.03581344
MINMODE:MODE:      63     -0.29573367     -0.13969551     -0.32110854
MINMODE:MODE:      64     -0.02284544     -0.01318135     -0.08225148
MINMODE:MODE:      65     -0.02478308      0.00942526     -0.07431147
MINMODE:MODE:      66     -0.00086517      0.00825062     -0.08495158
MINMODE:MODE:      67      0.02476340      0.00919357     -0.06502065
MINMODE:MODE:      68      0.02044134     -0.00039815     -0.03901862
MINMODE:MODE:      69     -0.00824899     -0.02047154     -0.03640649
MINMODE:MODE:      70     -0.03169680     -0.01567286     -0.05711340
MINMODE:MODE:      71      0.00138916     -0.05138240      0.18091556
MINMODE:MODE:      72      0.02614456      0.27459156      0.03997739
MINMODE:MODE:      73      0.21659302     -0.23976117      0.03843716
MINMODE:MODE:      74      0.00101101      0.01309030     -0.11148811
MINMODE:MODE:      75      0.04907652      0.02568122     -0.06741223
MINMODE:MODE:      76      0.04118880      0.00663776     -0.01966533
MINMODE:MODE:      77     -0.01290901     -0.03201868     -0.01339736
MINMODE:MODE:      78     -0.06345015     -0.03289909     -0.05193455
MINMODE:MODE: Optimization Step: 9
MINMODE:MODE: Order: 0
MINMODE:MODE:       0     -0.01528503      0.01669810     -0.03546062
MINMODE:MODE:       1      0.01340322     -0.01207460      0.10298531
MINMODE:MODE:       2      0.02659536      0.00980229      0.07995247
MINMODE:MODE:       3      0.01621050      0.02530878      0.02207877
MINMODE:MODE:       4     -0.01392059     -0.01154223     -0.01223822
MINMODE:MODE:       5     -0.00626720     -0.03590012      0.00666417
MINMODE:MODE:       6     -0.00686384     -0.06499404      0.02981362
MINMODE:MODE:       7     -0.00776969     -0.07626683      0.03840548
MINMODE:MODE:       8     -0.00757585     -0.06052147      0.02547330
MINMODE:MODE:       9     -0.00734873     -0.03210410      0.00199869
MINMODE:MODE:      10     -0.00474093     -0.01860775     -0.00821846
MINMODE:MODE:      11     -0.01677528     -0.00122703     -0.04271185
MINMODE:MODE:      12     -0.02843922      0.01980680     -0.01855059
MINMODE:MODE:      13     -0.02287405      0.01440389     -0.03832569
MINMODE:MODE:      14     -0.00561141     -0.01115921     -0.08109423
MINMODE:MODE:      15      0.00572352     -0.03153522     -0.10492306
MINMODE:MODE:      16      0.00011936     -0.02568827     -0.08709647
MINMODE:MODE:      17      0.02943617      0.04058362      0.09332354
MINMODE:MODE:      18      0.01567601      0.01714927      0.03702230
MINMODE:MODE:      19      0.00296649      0.00427054      0.01650128
MINMODE:MODE:      20     -0.00319658      0.00299054      0.02235008
MINMODE:MODE:      21     -0.00342447      0.01652799      0.04465920
MINMODE:MODE:      22     -0.02029588      0.01153542      0.06112881
MINMODE:MODE:      23     -0.03667852     -0.00546295      0.05395627
MINMODE:MODE:      24     -0.03660313     -0.01914147      0.03195402
MINMODE:MODE:      25     -0.01924888     -0.01412885      0.01663806
MINMODE:MODE:      26      0.00034740     -0.00926975      0.01882812
MINMODE:MODE:      27      0.00296979      0.00031944      0.02231673
MINMODE:MODE:      28      0.00481100     -0.00167936      0.01760817
MINMODE:MODE:      29      0.00293058     -0.01848984      0.00693557
MINMODE:MODE:      30      0.00004316     -0.03207517      0.00155812
MINMODE:MODE:      31     -0.00166328     -0.02645487      0.00830265
MINMODE:MODE:      32      0.00211105      0.00425408      0.08502063
MINMODE:MODE:      33      0.06482332      0.01386086      0.08456307
MINMODE:MODE:      34      0.02128142      0.02970852      0.02228721
MINMODE:MODE:      35      0.03333948      0.04989345      0.00461487
MINMODE:MODE:      36     -0.00659594     -0.07744383      0.03942943
MINMODE:MODE:      37     -0.00822921     -0.09742608      0.05412088
MINMODE:MODE:      38     -0.00734151     -0.06961398      0.03284085
MINMODE:MODE:      39     -0.00705149     -0.01911532     -0.00884626
MINMODE:MODE:      40     -0.00275465      0.01255642     -0.02565536
MINMODE:MODE:      41     -0.04030344      0.04059167      0.01672619
MINMODE:MODE:      42     -0.03228716      0.02832334     -0.02036325
MINMODE:MODE:      43     -0.00117949     -0.01574908     -0.09713773
MINMODE:MODE:      44      0.01776389     -0.05149792     -0.13906703
MINMODE:MODE:      45      0.01271771     -0.03740730     -0.10700772
MINMODE:MODE:      46      0.01558808      0.06621273      0.08789619
MINMODE:MODE:      47      0.03357866      0.05610502      0.12137978
MINMODE:MODE:      48      0.04090002     -0.00798942      0.01689787
MINMODE:MODE:      49     -0.03161311      0.02624177      0.02207125
MINMODE:MODE:      50      0.00786236      0.03489939      0.05082332
MINMODE:MODE:      51     -0.02009747      0.02062702      0.07634522
MINMODE:MODE:      52     -0.05106294     -0.00877160      0.06452907
MINMODE:MODE:      53     -0.05102854     -0.03348401      0.02601373
MINMODE:MODE:      54     -0.02075024     -0.02290556     -0.00034921
MINMODE:MODE:      55      0.00497931      0.01041112      0.03029754
MINMODE:MODE:      56      0.00753796      0.00962503      0.02203621
MINMODE:MODE:      57      0.00415929     -0.02150365      0.00289065
MINMODE:MODE:      58     -0.00156132     -0.04624369     -0.00726943
MINMODE:MODE:      59     -0.00622126     -0.03548460      0.00498818
MINMODE:MODE:      60      0.07771654      0.25884305     -0.02339406
MINMODE:MODE:      61      0.14135024      0.37174089      0.03752776
MINMODE:MODE:      62      0.02125690      0.03621813     -0.03688152
MINMODE:MODE:      63     -0.29807091     -0.13449085     -0.32144623
MINMODE:MODE:      64     -0.02339158     -0.01278348     -0.08279056
MINMODE:MODE:      65     -0.02383467      0.00959841     -0.07376511
MINMODE:MODE:      66     -0.00009969      0.00868831     -0.08415300
MINMODE:MODE:      67      0.02503645      0.00921691     -0.06465830
MINMODE:MODE:      68      0.02082878     -0.00036250     -0.03921818
MINMODE:MODE:      69     -0.00745854     -0.02020722     -0.03665531
MINMODE:MODE:      70     -0.03062084     -0.01527686     -0.05685900
MINMODE:MODE:      71      0.00162929     -0.05397688      0.17756148
MINMODE:MODE:      72      0.02940893      0.27321205      0.04217502
MINMODE:MODE:      73      0.21263619     -0.24070971      0.03418500
MINMODE:MODE:      74      0.00180508      0.01389706     -0.10953048
MINMODE:MODE:      75      0.04888345      0.02467162     -0.06738723
MINMODE:MODE:      76      0.04121262      0.00669049     -0.02024611
MINMODE:MODE:      77     -0.01208054     -0.03236574     -0.01445575
MINMODE:MODE:      78     -0.06142249     -0.03235157     -0.05192013
MINMODE:MODE: Optimization Step: 10
MINMODE:MODE: Order: 0
MINMODE:MODE:       0     -0.01833154      0.01243079     -0.03793737
MINMODE:MODE:       1      0.01162194     -0.01597862      0.10362441
MINMODE:MODE:       2      0.02637547      0.00891960      0.08083597
MINMODE:MODE:       3      0.01517613      0.02596020      0.02218337
MINMODE:MODE:       4     -0.01419894     -0.01153562     -0.01273874
MINMODE:MODE:       5     -0.00633866     -0.03601651      0.00676750
MINMODE:MODE:       6     -0.00697850     -0.06511088      0.03004188
MINMODE:MODE:       7     -0.00791800     -0.07638354      0.03863850
MINMODE:MODE:       8     -0.00768053     -0.06057139      0.02563409
MINMODE:MODE:       9     -0.00740373     -0.03207317      0.00205165
MINMODE:MODE:      10     -0.00477783     -0.01858838     -0.00820435
MINMODE:MODE:      11     -0.01676609     -0.00120965     -0.04288130
MINMODE:MODE:      12     -0.02837039      0.01989461     -0.01875441
MINMODE:MODE:      13     -0.02274099      0.01447196     -0.03851120
MINMODE:MODE:      14     -0.00544307     -0.01119440     -0.08123117
MINMODE:MODE:      15      0.00600281     -0.03181956     -0.10521104
MINMODE:MODE:      16      0.00043389     -0.02596461     -0.08758493
MINMODE:MODE:      17      0.02872120      0.03991971      0.09288930
MINMODE:MODE:      18      0.01554382      0.01729667      0.03728108
MINMODE:MODE:      19      0.00229763      0.00421767      0.01680547
MINMODE:MODE:      20     -0.00332168      0.00319846      0.02237324
MINMODE:MODE:      21     -0.00363513      0.01678859      0.04468775
MINMODE:MODE:      22     -0.02059773      0.01168147      0.06138942
MINMODE:MODE:      23     -0.03688166     -0.00541387      0.05422789
MINMODE:MODE:      24     -0.03682194     -0.01913742      0.03209630
MINMODE:MODE:      25     -0.01946501     -0.01408258      0.01665609
MINMODE:MODE:      26      0.00027130     -0.00940857      0.01880984
MINMODE:MODE:      27      0.00308835      0.00023687      0.02229102
MINMODE:MODE:      28      0.00489082     -0.00186104      0.01765176
MINMODE:MODE:      29      0.00300635     -0.01864595      0.00701248
MINMODE:MODE:      30      0.00011152     -0.03225175      0.00162604
MINMODE:MODE:      31     -0.00158596     -0.02664846      0.00835180
MINMODE:MODE:      32      0.00281964      0.00296351      0.08614182
MINMODE:MODE:      33      0.06626594      0.01355470      0.08580261
MINMODE:MODE:      34      0.02018098      0.03032164      0.02223131
MINMODE:MODE:      35      0.03316726      0.05055221      0.00462772
MINMODE:MODE:      36     -0.00675271     -0.07759219      0.03969504
MINMODE:MODE:      37     -0.00842189     -0.09757530      0.05447755
MINMODE:MODE:      38     -0.00745607     -0.06969085      0.03303687
MINMODE:MODE:      39     -0.00702063     -0.01905759     -0.00889506
MINMODE:MODE:      40     -0.00281799      0.01264684     -0.02566004
MINMODE:MODE:      41     -0.04011823      0.04080993      0.01659476
MINMODE:MODE:      42     -0.03220198      0.02863486     -0.02041226
MINMODE:MODE:      43     -0.00107197     -0.01573752     -0.09713370
MINMODE:MODE:      44      0.01790237     -0.05184189     -0.13922653
MINMODE:MODE:      45      0.01317166     -0.03797825     -0.10733391
MINMODE:MODE:      46      0.01619392      0.06677205      0.08426191
MINMODE:MODE:      47      0.03377545      0.05773044      0.12494700
MINMODE:MODE:      48      0.04078672     -0.00783847      0.01767689
MINMODE:MODE:      49     -0.03116809      0.02665418      0.02232343
MINMODE:MODE:      50      0.00735913      0.03522708      0.05127423
MINMODE:MODE:      51     -0.02029423      0.02065929      0.07665404
MINMODE:MODE:      52     -0.05120607     -0.00880538      0.06492044
MINMODE:MODE:      53     -0.05119953     -0.03355639      0.02620156
MINMODE:MODE:      54     -0.02099445     -0.02284638     -0.00032945
MINMODE:MODE:      55      0.00535179      0.00988889      0.03027467
MINMODE:MODE:      56      0.00759513      0.00952808      0.02214869
MINMODE:MODE:      57      0.00423801     -0.02156218      0.00303006
MINMODE:MODE:      58     -0.00144603     -0.04633508     -0.00715284
MINMODE:MODE:      59     -0.00606689     -0.03567899      0.00504330
MINMODE:MODE:      60      0.08016460      0.26418385     -0.02170958
MINMODE:MODE:      61      0.13995669      0.37039926      0.03643935
MINMODE:MODE:      62      0.02142997      0.03863722     -0.03870137
MINMODE:MODE:      63     -0.30027987     -0.12780660     -0.32109686
MINMODE:MODE:      64     -0.02367375     -0.01307451     -0.08339361
MINMODE:MODE:      65     -0.02273997      0.00989314     -0.07298473
MINMODE:MODE:      66      0.00065458      0.00910705     -0.08325862
MINMODE:MODE:      67      0.02529037      0.00922398     -0.06429815
MINMODE:MODE:      68      0.02120288     -0.00033843     -0.03938982
MINMODE:MODE:      69     -0.00664554     -0.01995839     -0.03692503
MINMODE:MODE:      70     -0.02944160     -0.01487429     -0.05662002
MINMODE:MODE:      71      0.00172437     -0.05688516      0.17480176
MINMODE:MODE:      72      0.03270617      0.27116688      0.04421668
MINMODE:MODE:      73      0.20896725     -0.24133690      0.02978703
MINMODE:MODE:      74      0.00259246      0.01469191     -0.10746034
MINMODE:MODE:      75      0.04864370      0.02371393     -0.06731705
MINMODE:MODE:      76      0.04119049      0.00668954     -0.02082322
MINMODE:MODE:      77     -0.01123865     -0.03264000     -0.01549073
MINMODE:MODE:      78     -0.05935929     -0.03176036     -0.05186813
MINMODE:MODE: Optimization Step: 11
MINMODE:MODE: Order: 0
MINMODE:MODE:       0     -0.02227624      0.00681465     -0.04115463
MINMODE:MODE:       1      0.00981846     -0.02058921      0.10472736
MINMODE:MODE:       2      0.02622391      0.00768712      0.08183898
MINMODE:MODE:       3      0.01407366      0.02654355      0.02223752
MINMODE:MODE:       4     -0.01440685     -0.01172999     -0.01328484
MINMODE:MODE:       5     -0.00636922     -0.03615399      0.00682457
MINMODE:MODE:       6     -0.00707542     -0.06519193      0.03022751
MINMODE:MODE:       7     -0.00804844     -0.07643266      0.03883402
MINMODE:MODE:       8     -0.00776930     -0.06056395      0.02577412
MINMODE:MODE:       9     -0.00746291     -0.03203366      0.00208273
MINMODE:MODE:      10     -0.00482482     -0.01857639     -0.00819950
MINMODE:MODE:      11     -0.01682158     -0.00116586     -0.04300576
MINMODE:MODE:      12     -0.02834309      0.01994960     -0.01895147
MINMODE:MODE:      13     -0.02262131      0.01450241     -0.03866700
MINMODE:MODE:      14     -0.00526073     -0.01122475     -0.08127325
MINMODE:MODE:      15      0.00630937     -0.03209829     -0.10541748
MINMODE:MODE:      16      0.00077518     -0.02623003     -0.08805562
MINMODE:MODE:      17      0.02798577      0.03904903      0.09257411
MINMODE:MODE:      18      0.01539124      0.01732161      0.03744084
MINMODE:MODE:      19      0.00143267      0.00414139      0.01710599
MINMODE:MODE:      20     -0.00342334      0.00341809      0.02237750
MINMODE:MODE:      21     -0.00386782      0.01710070      0.04467851
MINMODE:MODE:      22     -0.02092970      0.01186756      0.06163915
MINMODE:MODE:      23     -0.03708302     -0.00532490      0.05450178
MINMODE:MODE:      24     -0.03701192     -0.01913624      0.03221305
MINMODE:MODE:      25     -0.01966284     -0.01403385      0.01665399
MINMODE:MODE:      26      0.00011028     -0.00950412      0.01876156
MINMODE:MODE:      27      0.00321413      0.00011165      0.02217242
MINMODE:MODE:      28      0.00495932     -0.00202213      0.01767153
MINMODE:MODE:      29      0.00308598     -0.01877548      0.00709269
MINMODE:MODE:      30      0.00014231     -0.03239150      0.00168321
MINMODE:MODE:      31     -0.00157301     -0.02679335      0.00839836
MINMODE:MODE:      32      0.00357414      0.00145634      0.08729080
MINMODE:MODE:      33      0.06787206      0.01287894      0.08708646
MINMODE:MODE:      34      0.01911244      0.03096292      0.02218134
MINMODE:MODE:      35      0.03284586      0.05114869      0.00459135
MINMODE:MODE:      36     -0.00691841     -0.07765668      0.03992742
MINMODE:MODE:      37     -0.00859083     -0.09763591      0.05476739
MINMODE:MODE:      38     -0.00756713     -0.06969542      0.03319813
MINMODE:MODE:      39     -0.00699005     -0.01898333     -0.00895821
MINMODE:MODE:      40     -0.00289414      0.01269687     -0.02565680
MINMODE:MODE:      41     -0.03988884      0.04098761      0.01645062
MINMODE:MODE:      42     -0.03212036      0.02887112     -0.02046097
MINMODE:MODE:      43     -0.00095543     -0.01571750     -0.09699903
MINMODE:MODE:      44      0.01804553     -0.05215306     -0.13926273
MINMODE:MODE:      45      0.01366826     -0.03853920     -0.10759739
MINMODE:MODE:      46      0.01680663      0.06724728      0.08059046
MINMODE:MODE:      47      0.03380047      0.05922551      0.12857988
MINMODE:MODE:      48      0.04048368     -0.00768111      0.01849535
MINMODE:MODE:      49     -0.03060937      0.02691303      0.02251748
MINMODE:MODE:      50      0.00675001      0.03565518      0.05176422
MINMODE:MODE:      51     -0.02050415      0.02067708      0.07689564
MINMODE:MODE:      52     -0.05132888     -0.00880492      0.06530754
MINMODE:MODE:      53     -0.05133772     -0.03361772      0.02636231
MINMODE:MODE:      54     -0.02123085     -0.02275495     -0.00030040
MINMODE:MODE:      55      0.00569149      0.00937693      0.03026942
MINMODE:MODE:      56      0.00763686      0.00941311      0.02222301
MINMODE:MODE:      57      0.00431192     -0.02160505      0.00316866
MINMODE:MODE:      58     -0.00135631     -0.04639359     -0.00702093
MINMODE:MODE:      59     -0.00591782     -0.03583174      0.00509105
MINMODE:MODE:      60      0.08351002      0.27135003     -0.01968557
MINMODE:MODE:      61      0.13814828      0.36892517      0.03416434
MINMODE:MODE:      62      0.02178287      0.04228062     -0.04144874
MINMODE:MODE:      63     -0.30168838     -0.12047467     -0.32005309
MINMODE:MODE:      64     -0.02403311     -0.01343917     -0.08393724
MINMODE:MODE:      65     -0.02157024      0.01026591     -0.07204297
MINMODE:MODE:      66      0.00142375      0.00949632     -0.08226088
MINMODE:MODE:      67      0.02546829      0.00919316     -0.06385300
MINMODE:MODE:      68      0.02152690     -0.00032321     -0.03954529
MINMODE:MODE:      69     -0.00580183     -0.01970569     -0.03719140
MINMODE:MODE:      70     -0.02819365     -0.01442862     -0.05630629
MINMODE:MODE:      71      0.00161155     -0.06022912      0.17265657
MINMODE:MODE:      72      0.03592418      0.26853454      0.04611003
MINMODE:MODE:      73      0.20555596     -0.24133157      0.02543674
MINMODE:MODE:      74      0.00337761      0.01543213     -0.10526749
MINMODE:MODE:      75      0.04834881      0.02280200     -0.06714628
MINMODE:MODE:      76      0.04111838      0.00663689     -0.02138933
MINMODE:MODE:      77     -0.01035898     -0.03283375     -0.01649298
MINMODE:MODE:      78     -0.05723021     -0.03112650     -0.05175114
MINMODE:MODE: Optimization Step: 12
MINMODE:MODE: Order: 0
MINMODE:MODE:       0     -0.02754873     -0.00103088     -0.04536822
MINMODE:MODE:       1      0.00787158     -0.02607797      0.10624001
MINMODE:MODE:       2      0.02609899      0.00600986      0.08303483
MINMODE:MODE:       3      0.01281847      0.02703650      0.02225889
MINMODE:MODE:       4     -0.01459069     -0.01211526     -0.01398563
MINMODE:MODE:       5     -0.00637461     -0.03633521      0.00683580
MINMODE:MODE:       6     -0.00714282     -0.06520958      0.03036441
MINMODE:MODE:       7     -0.00815190     -0.07640002      0.03896832
MINMODE:MODE:       8     -0.00785038     -0.06048754      0.02587882
MINMODE:MODE:       9     -0.00752075     -0.03196773      0.00209296
MINMODE:MODE:      10     -0.00486564     -0.01856390     -0.00820483
MINMODE:MODE:      11     -0.01696186     -0.00108375     -0.04307852
MINMODE:MODE:      12     -0.02836550      0.01997079     -0.01914471
MINMODE:MODE:      13     -0.02251213      0.01447849     -0.03878576
MINMODE:MODE:      14     -0.00506219     -0.01125142     -0.08119582
MINMODE:MODE:      15      0.00664322     -0.03238036     -0.10552300
MINMODE:MODE:      16      0.00112855     -0.02649233     -0.08852366
MINMODE:MODE:      17      0.02719088      0.03789005      0.09237283
MINMODE:MODE:      18      0.01520878      0.01721104      0.03752797
MINMODE:MODE:      19      0.00032820      0.00400999      0.01738978
MINMODE:MODE:      20     -0.00348449      0.00367448      0.02235677
MINMODE:MODE:      21     -0.00411623      0.01747948      0.04459360
MINMODE:MODE:      22     -0.02131008      0.01209557      0.06187066
MINMODE:MODE:      23     -0.03725895     -0.00520679      0.05477018
MINMODE:MODE:      24     -0.03718670     -0.01910328      0.03231065
MINMODE:MODE:      25     -0.01983892     -0.01397347      0.01665511
MINMODE:MODE:      26     -0.00015050     -0.00956912      0.01866983
MINMODE:MODE:      27      0.00332040     -0.00002978      0.02196732
MINMODE:MODE:      28      0.00500095     -0.00218003      0.01765623
MINMODE:MODE:      29      0.00314964     -0.01887445      0.00716302
MINMODE:MODE:      30      0.00011549     -0.03248439      0.00173254
MINMODE:MODE:      31     -0.00162206     -0.02688946      0.00844691
MINMODE:MODE:      32      0.00438598     -0.00035325      0.08851480
MINMODE:MODE:      33      0.06978391      0.01166542      0.08846388
MINMODE:MODE:      34      0.01804666      0.03164642      0.02214554
MINMODE:MODE:      35      0.03237139      0.05168815      0.00453665
MINMODE:MODE:      36     -0.00708953     -0.07761618      0.04011830
MINMODE:MODE:      37     -0.00873682     -0.09758009      0.05497178
MINMODE:MODE:      38     -0.00767293     -0.06960685      0.03331440
MINMODE:MODE:      39     -0.00695472     -0.01888882     -0.00904171
MINMODE:MODE:      40     -0.00301606      0.01273154     -0.02564947
MINMODE:MODE:      41     -0.03959119      0.04110985      0.01629113
MINMODE:MODE:      42     -0.03203193      0.02901270     -0.02050011
MINMODE:MODE:      43     -0.00082128     -0.01568794     -0.09668443
MINMODE:MODE:      44      0.01819838     -0.05243311     -0.13913040
MINMODE:MODE:      45      0.01422469     -0.03911010     -0.10777272
MINMODE:MODE:      46      0.01743748      0.06760475      0.07680760
MINMODE:MODE:      47      0.03362827      0.06062141      0.13252948
MINMODE:MODE:      48      0.03999121     -0.00752568      0.01937153
MINMODE:MODE:      49     -0.02993353      0.02702317      0.02267824
MINMODE:MODE:      50      0.00597162      0.03620580      0.05232254
MINMODE:MODE:      51     -0.02074299      0.02067024      0.07705741
MINMODE:MODE:      52     -0.05143282     -0.00877217      0.06569756
MINMODE:MODE:      53     -0.05144731     -0.03366755      0.02650392
MINMODE:MODE:      54     -0.02146554     -0.02262886     -0.00025128
MINMODE:MODE:      55      0.00605451      0.00885911      0.03025908
MINMODE:MODE:      56      0.00766001      0.00927548      0.02225826
MINMODE:MODE:      57      0.00437617     -0.02162306      0.00330989
MINMODE:MODE:      58     -0.00129682     -0.04640355     -0.00687283
MINMODE:MODE:      59     -0.00577462     -0.03594109      0.00513214
MINMODE:MODE:      60      0.08816221      0.28112129     -0.01731812
MINMODE:MODE:      61      0.13579626      0.36724298      0.03045300
MINMODE:MODE:      62      0.02240707      0.04771216     -0.04549401
MINMODE:MODE:      63     -0.30145048     -0.11262625     -0.31822491
MINMODE:MODE:      64     -0.02462298     -0.01374639     -0.08437806
MINMODE:MODE:      65     -0.02039653      0.01063347     -0.07095332
MINMODE:MODE:      66      0.00220513      0.00986731     -0.08108992
MINMODE:MODE:      67      0.02559492      0.00911554     -0.06330075
MINMODE:MODE:      68      0.02182457     -0.00029245     -0.03964912
MINMODE:MODE:      69     -0.00493811     -0.01940789     -0.03742637
MINMODE:MODE:      70     -0.02688853     -0.01391061     -0.05588367
MINMODE:MODE:      71      0.00124462     -0.06431358      0.17111718
MINMODE:MODE:      72      0.03894358      0.26523361      0.04786524
MINMODE:MODE:      73      0.20230156     -0.24022336      0.02127133
MINMODE:MODE:      74      0.00416929      0.01611942     -0.10287299
MINMODE:MODE:      75      0.04796557      0.02188189     -0.06684219
MINMODE:MODE:      76      0.04097781      0.00653140     -0.02196333
MINMODE:MODE:      77     -0.00942516     -0.03294106     -0.01748424
MINMODE:MODE:      78     -0.05495298     -0.03042275     -0.05155421
MINMODE:MODE: Optimization Step: 13
MINMODE:MODE: Order: 0
MINMODE:MODE:       0     -0.03261381     -0.00878496     -0.04985200
MINMODE:MODE:       1      0.00618593     -0.03137510      0.10793365
MINMODE:MODE:       2      0.02599400      0.00420117      0.08404811
MINMODE:MODE:       3      0.01163905      0.02730043      0.02225938
MINMODE:MODE:       4     -0.01472354     -0.01261070     -0.01466678
MINMODE:MODE:       5     -0.00634496     -0.03648947      0.00678917
MINMODE:MODE:       6     -0.00713761     -0.06506924      0.03036706
MINMODE:MODE:       7     -0.00819321     -0.07618288      0.03894974
MINMODE:MODE:       8     -0.00790185     -0.06026189      0.02589280
MINMODE:MODE:       9     -0.00755022     -0.03184414      0.00206819
MINMODE:MODE:      10     -0.00490084     -0.01854841     -0.00821824
MINMODE:MODE:      11     -0.01713766     -0.00100117     -0.04300536
MINMODE:MODE:      12     -0.02837858      0.01992632     -0.01926306
MINMODE:MODE:      13     -0.02240304      0.01439619     -0.03879181
MINMODE:MODE:      14     -0.00488704     -0.01126789     -0.08089100
MINMODE:MODE:      15      0.00694081     -0.03256146     -0.10534674
MINMODE:MODE:      16      0.00145855     -0.02667124     -0.08876688
MINMODE:MODE:      17      0.02639562      0.03656369      0.09224436
MINMODE:MODE:      18      0.01500962      0.01696952      0.03750485
MINMODE:MODE:      19     -0.00085910      0.00387956      0.01753203
MINMODE:MODE:      20     -0.00350063      0.00387671      0.02225894
MINMODE:MODE:      21     -0.00436348      0.01782883      0.04440180
MINMODE:MODE:      22     -0.02162703      0.01230928      0.06194651
MINMODE:MODE:      23     -0.03734449     -0.00505540      0.05490553
MINMODE:MODE:      24     -0.03724598     -0.01904485      0.03231119
MINMODE:MODE:      25     -0.01993318     -0.01390076      0.01657784
MINMODE:MODE:      26     -0.00046223     -0.00958456      0.01852590
MINMODE:MODE:      27      0.00337681     -0.00015611      0.02171190
MINMODE:MODE:      28      0.00500726     -0.00230368      0.01757316
MINMODE:MODE:      29      0.00317143     -0.01889660      0.00719392
MINMODE:MODE:      30      0.00004074     -0.03246663      0.00177332
MINMODE:MODE:      31     -0.00171018     -0.02688326      0.00846937
MINMODE:MODE:      32      0.00509340     -0.00213386      0.08944659
MINMODE:MODE:      33      0.07155949      0.01016051      0.08951263
MINMODE:MODE:      34      0.01713398      0.03220714      0.02209920
MINMODE:MODE:      35      0.03177844      0.05198970      0.00447077
MINMODE:MODE:      36     -0.00722557     -0.07735789      0.04016820
MINMODE:MODE:      37     -0.00882182     -0.09727002      0.05497005
MINMODE:MODE:      38     -0.00774264     -0.06933630      0.03331359
MINMODE:MODE:      39     -0.00690756     -0.01876250     -0.00911752
MINMODE:MODE:      40     -0.00313078      0.01276235     -0.02559982
MINMODE:MODE:      41     -0.03924596      0.04110833      0.01610968
MINMODE:MODE:      42     -0.03191822      0.02898942     -0.02049420
MINMODE:MODE:      43     -0.00070909     -0.01564507     -0.09610427
MINMODE:MODE:      44      0.01830489     -0.05256220     -0.13864535
MINMODE:MODE:      45      0.01472143     -0.03953269     -0.10768117
MINMODE:MODE:      46      0.01791867      0.06760524      0.07354542
MINMODE:MODE:      47      0.03325965      0.06159893      0.13588485
MINMODE:MODE:      48      0.03939007     -0.00740956      0.02012011
MINMODE:MODE:      49     -0.02924199      0.02694275      0.02274891
MINMODE:MODE:      50      0.00517818      0.03671620      0.05273326
MINMODE:MODE:      51     -0.02093145      0.02062416      0.07700355
MINMODE:MODE:      52     -0.05142164     -0.00869896      0.06592056
MINMODE:MODE:      53     -0.05142888     -0.03364779      0.02655799
MINMODE:MODE:      54     -0.02161063     -0.02245243     -0.00020022
MINMODE:MODE:      55      0.00633224      0.00843268      0.03018221
MINMODE:MODE:      56      0.00764040      0.00912766      0.02221041
MINMODE:MODE:      57      0.00439926     -0.02157577      0.00341422
MINMODE:MODE:      58     -0.00129216     -0.04629029     -0.00672735
MINMODE:MODE:      59     -0.00566913     -0.03592113      0.00516176
MINMODE:MODE:      60      0.09135364      0.28821468     -0.01661626
MINMODE:MODE:      61      0.13458421      0.36742655      0.02771047
MINMODE:MODE:      62      0.02312347      0.05366987     -0.04987854
MINMODE:MODE:      63     -0.30148029     -0.10514586     -0.31596599
MINMODE:MODE:      64     -0.02416164     -0.01327355     -0.08442115
MINMODE:MODE:      65     -0.01911224      0.01105640     -0.06985373
MINMODE:MODE:      66      0.00285302      0.01015215     -0.07986552
MINMODE:MODE:      67      0.02561452      0.00902796     -0.06261180
MINMODE:MODE:      68      0.02198866     -0.00029445     -0.03961843
MINMODE:MODE:      69     -0.00418081     -0.01911099     -0.03752929
MINMODE:MODE:      70     -0.02561888     -0.01341884     -0.05539262
MINMODE:MODE:      71      0.00065644     -0.06817099      0.16989169
MINMODE:MODE:      72      0.04178001      0.26193068      0.04983046
MINMODE:MODE:      73      0.19961246     -0.23947248      0.01767307
MINMODE:MODE:      74      0.00482787      0.01660766     -0.10056377
MINMODE:MODE:      75      0.04750556      0.02106423     -0.06633896
MINMODE:MODE:      76      0.04071827      0.00638821     -0.02238312
MINMODE:MODE:      77     -0.00861313     -0.03289398     -0.01826291
MINMODE:MODE:      78     -0.05286494     -0.02971709     -0.05124450
MINMODE:MODE: Optimization Step: 14
MINMODE:MODE: Order: 0
MINMODE:MODE:       0     -0.03831513     -0.01787896     -0.05499230
MINMODE:MODE:       1      0.00426583     -0.03744366      0.10979718
MINMODE:MODE:       2      0.02586213      0.00196908      0.08508136
MINMODE:MODE:       3      0.01028143      0.02742433      0.02221855
MINMODE:MODE:       4     -0.01491262     -0.01327423     -0.01542306
MINMODE:MODE:       5     -0.00624349     -0.03662425      0.00667509
MINMODE:MODE:       6     -0.00709116     -0.06479043      0.03026406
MINMODE:MODE:       7     -0.00819476     -0.07575038      0.03877516
MINMODE:MODE:       8     -0.00792565     -0.05986527      0.02581412
MINMODE:MODE:       9     -0.00756389     -0.03164751      0.00200400
MINMODE:MODE:      10     -0.00491976     -0.01850667     -0.00825257
MINMODE:MODE:      11     -0.01738233     -0.00092485     -0.04280579
MINMODE:MODE:      12     -0.02840167      0.01982370     -0.01932382
MINMODE:MODE:      13     -0.02227350      0.01422797     -0.03868646
MINMODE:MODE:      14     -0.00469640     -0.01127246     -0.08032231
MINMODE:MODE:      15      0.00724100     -0.03270409     -0.10487430
MINMODE:MODE:      16      0.00178724     -0.02682277     -0.08882295
MINMODE:MODE:      17      0.02543210      0.03489070      0.09211191
MINMODE:MODE:      18      0.01475549      0.01656635      0.03739183
MINMODE:MODE:      19     -0.00211776      0.00354947      0.01754137
MINMODE:MODE:      20     -0.00349308      0.00404889      0.02205699
MINMODE:MODE:      21     -0.00465350      0.01819795      0.04407834
MINMODE:MODE:      22     -0.02195072      0.01254433      0.06189303
MINMODE:MODE:      23     -0.03735483     -0.00485884      0.05494090
MINMODE:MODE:      24     -0.03721389     -0.01895080      0.03222641
MINMODE:MODE:      25     -0.01996422     -0.01380813      0.01644248
MINMODE:MODE:      26     -0.00087861     -0.00955532      0.01831829
MINMODE:MODE:      27      0.00339526     -0.00028033      0.02135196
MINMODE:MODE:      28      0.00496681     -0.00242167      0.01741973
MINMODE:MODE:      29      0.00315722     -0.01885808      0.00719889
MINMODE:MODE:      30     -0.00009864     -0.03234454      0.00180195
MINMODE:MODE:      31     -0.00187470     -0.02678978      0.00847420
MINMODE:MODE:      32      0.00583711     -0.00423545      0.09031853
MINMODE:MODE:      33      0.07354375      0.00814131      0.09046590
MINMODE:MODE:      34      0.01616773      0.03274703      0.02204186
MINMODE:MODE:      35      0.03096484      0.05212857      0.00438657
MINMODE:MODE:      36     -0.00735434     -0.07687478      0.04008705
MINMODE:MODE:      37     -0.00886717     -0.09667104      0.05477122
MINMODE:MODE:      38     -0.00779255     -0.06885330      0.03319812
MINMODE:MODE:      39     -0.00683577     -0.01858638     -0.00921499
MINMODE:MODE:      40     -0.00325572      0.01278312     -0.02548403
MINMODE:MODE:      41     -0.03880111      0.04099034      0.01588118
MINMODE:MODE:      42     -0.03175578      0.02881268     -0.02044072
MINMODE:MODE:      43     -0.00059059     -0.01557970     -0.09516784
MINMODE:MODE:      44      0.01838630     -0.05257687     -0.13774946
MINMODE:MODE:      45      0.01520345     -0.03988551     -0.10734036
MINMODE:MODE:      46      0.01836043      0.06724886      0.07007723
MINMODE:MODE:      47      0.03268665      0.06237837      0.13928219
MINMODE:MODE:      48      0.03860015     -0.00731491      0.02089616
MINMODE:MODE:      49     -0.02842469      0.02671096      0.02274957
MINMODE:MODE:      50      0.00425873      0.03728389      0.05301173
MINMODE:MODE:      51     -0.02111547      0.02053323      0.07672851
MINMODE:MODE:      52     -0.05130450     -0.00857801      0.06603497
MINMODE:MODE:      53     -0.05128928     -0.03356664      0.02653972
MINMODE:MODE:      54     -0.02170302     -0.02220334     -0.00013932
MINMODE:MODE:      55      0.00661482      0.00797873      0.03004155
MINMODE:MODE:      56      0.00757847      0.00894359      0.02207707
MINMODE:MODE:      57      0.00438759     -0.02145760      0.00350405
MINMODE:MODE:      58     -0.00133460     -0.04603604     -0.00656029
MINMODE:MODE:      59     -0.00557824     -0.03577601      0.00518330
MINMODE:MODE:      60      0.09612322      0.29832835     -0.01438542
MINMODE:MODE:      61      0.13182417      0.36539469      0.02244415
MINMODE:MODE:      62      0.02408085      0.06122315     -0.05530399
MINMODE:MODE:      63     -0.30163282     -0.09693978     -0.31318609
MINMODE:MODE:      64     -0.02356587     -0.01219733     -0.08413092
MINMODE:MODE:      65     -0.01757490      0.01178523     -0.06838925
MINMODE:MODE:      66      0.00355523      0.01048508     -0.07838376
MINMODE:MODE:      67      0.02555932      0.00889218     -0.06177163
MINMODE:MODE:      68      0.02208463     -0.00030890     -0.03948221
MINMODE:MODE:      69     -0.00331353     -0.01876871     -0.03757395
MINMODE:MODE:      70     -0.02409819     -0.01282719     -0.05474211
MINMODE:MODE:      71     -0.00024233     -0.07265335      0.16875218
MINMODE:MODE:      72      0.04523903      0.25864642      0.05250497
MINMODE:MODE:      73      0.19726440     -0.23922875      0.01409143
MINMODE:MODE:      74      0.00550137      0.01701565     -0.09785475
MINMODE:MODE:      75      0.04687414      0.02018610     -0.06560414
MINMODE:MODE:      76      0.04030768      0.00619454     -0.02275518
MINMODE:MODE:      77     -0.00769380     -0.03271311     -0.01902881
MINMODE:MODE:      78     -0.05050396     -0.02886913     -0.05075420
MINMODE:MODE: Optimization Step: 15
MINMODE:MODE: Order: 0
MINMODE:MODE:       0     -0.04310667     -0.02539108     -0.05824918
MINMODE:MODE:       1      0.00214477     -0.04362958      0.11105380
MINMODE:MODE:       2      0.02574805     -0.00053804      0.08613696
MINMODE:MODE:       3      0.00886951      0.02741645      0.02223724
MINMODE:MODE:       4     -0.01544476     -0.01398935     -0.01612246
MINMODE:MODE:       5     -0.00612797     -0.03680516      0.00650355
MINMODE:MODE:       6     -0.00699526     -0.06450542      0.03010734
MINMODE:MODE:       7     -0.00814538     -0.07529518      0.03853043
MINMODE:MODE:       8     -0.00792000     -0.05941658      0.02567013
MINMODE:MODE:       9     -0.00758767     -0.03148457      0.00190873
MINMODE:MODE:      10     -0.00496781     -0.01850873     -0.00831060
MINMODE:MODE:      11     -0.01774707     -0.00098008     -0.04260522
MINMODE:MODE:      12     -0.02850805      0.01966251     -0.01935392
MINMODE:MODE:      13     -0.02218904      0.01396588     -0.03854354
MINMODE:MODE:      14     -0.00452318     -0.01127976     -0.07967996
MINMODE:MODE:      15      0.00751575     -0.03285240     -0.10435505
MINMODE:MODE:      16      0.00206569     -0.02700553     -0.08881498
MINMODE:MODE:      17      0.02455176      0.03299567      0.09186682
MINMODE:MODE:      18      0.01446329      0.01600418      0.03726863
MINMODE:MODE:      19     -0.00306258      0.00293135      0.01742489
MINMODE:MODE:      20     -0.00354760      0.00409488      0.02177122
MINMODE:MODE:      21     -0.00508385      0.01855455      0.04377061
MINMODE:MODE:      22     -0.02230231      0.01280569      0.06179394
MINMODE:MODE:      23     -0.03737487     -0.00464253      0.05499451
MINMODE:MODE:      24     -0.03717014     -0.01887488      0.03212919
MINMODE:MODE:      25     -0.01997184     -0.01374239      0.01627309
MINMODE:MODE:      26     -0.00132389     -0.00950531      0.01811314
MINMODE:MODE:      27      0.00338520     -0.00040326      0.02098388
MINMODE:MODE:      28      0.00490051     -0.00254114      0.01723308
MINMODE:MODE:      29      0.00310250     -0.01879862      0.00718556
MINMODE:MODE:      30     -0.00031098     -0.03219400      0.00182219
MINMODE:MODE:      31     -0.00211022     -0.02665839      0.00847466
MINMODE:MODE:      32      0.00666239     -0.00668028      0.09122155
MINMODE:MODE:      33      0.07573530      0.00583705      0.09149146
MINMODE:MODE:      34      0.01523541      0.03330300      0.02203534
MINMODE:MODE:      35      0.03001701      0.05223735      0.00428633
MINMODE:MODE:      36     -0.00745553     -0.07633786      0.03996853
MINMODE:MODE:      37     -0.00885280     -0.09601518      0.05448081
MINMODE:MODE:      38     -0.00781915     -0.06832565      0.03302299
MINMODE:MODE:      39     -0.00676989     -0.01841599     -0.00936152
MINMODE:MODE:      40     -0.00337593      0.01285363     -0.02531896
MINMODE:MODE:      41     -0.03837255      0.04078445      0.01568053
MINMODE:MODE:      42     -0.03161540      0.02851843     -0.02036026
MINMODE:MODE:      43     -0.00047174     -0.01551333     -0.09411645
MINMODE:MODE:      44      0.01846913     -0.05253651     -0.13680878
MINMODE:MODE:      45      0.01561638     -0.04019397     -0.10705491
MINMODE:MODE:      46      0.01878255      0.06656253      0.06661722
MINMODE:MODE:      47      0.03212166      0.06329843      0.14270783
MINMODE:MODE:      48      0.03767863     -0.00729276      0.02169890
MINMODE:MODE:      49     -0.02759497      0.02643885      0.02276351
MINMODE:MODE:      50      0.00333602      0.03794244      0.05309966
MINMODE:MODE:      51     -0.02131596      0.02047944      0.07640652
MINMODE:MODE:      52     -0.05119103     -0.00842322      0.06618279
MINMODE:MODE:      53     -0.05115132     -0.03350588      0.02651832
MINMODE:MODE:      54     -0.02178578     -0.02194965     -0.00007886
MINMODE:MODE:      55      0.00689348      0.00747795      0.02991637
MINMODE:MODE:      56      0.00748520      0.00875368      0.02190153
MINMODE:MODE:      57      0.00433612     -0.02131123      0.00357699
MINMODE:MODE:      58     -0.00145605     -0.04574521     -0.00638922
MINMODE:MODE:      59     -0.00553118     -0.03557808      0.00520956
MINMODE:MODE:      60      0.10143384      0.31013594     -0.01312680
MINMODE:MODE:      61      0.12801825      0.36238727      0.01476455
MINMODE:MODE:      62      0.02549891      0.06969723     -0.06057847
MINMODE:MODE:      63     -0.29855869     -0.09090017     -0.30974722
MINMODE:MODE:      64     -0.02448123     -0.01161031     -0.08422502
MINMODE:MODE:      65     -0.01646091      0.01257691     -0.06686499
MINMODE:MODE:      66      0.00427903      0.01091336     -0.07684818
MINMODE:MODE:      67      0.02556646      0.00879746     -0.06086239
MINMODE:MODE:      68      0.02213897     -0.00038017     -0.03932310
MINMODE:MODE:      69     -0.00254286     -0.01841095     -0.03753167
MINMODE:MODE:      70     -0.02276220     -0.01208545     -0.05394098
MINMODE:MODE:      71     -0.00213422     -0.07881749      0.16867049
MINMODE:MODE:      72      0.04777504      0.25685789      0.05455461
MINMODE:MODE:      73      0.19596255     -0.23745589      0.01165811
MINMODE:MODE:      74      0.00623493      0.01741101     -0.09517303
MINMODE:MODE:      75      0.04621131      0.01928099     -0.06477857
MINMODE:MODE:      76      0.03983640      0.00595258     -0.02309959
MINMODE:MODE:      77     -0.00679016     -0.03248472     -0.01979832
MINMODE:MODE:      78     -0.04806131     -0.02791708     -0.05026588
MINMODE:MODE: Optimization Step: 16
MINMODE:MODE: Order: 0
MINMODE:MODE:       0     -0.04682452     -0.03079120     -0.06219659
MINMODE:MODE:       1      0.00023197     -0.04923560      0.11247835
MINMODE:MODE:       2      0.02555122     -0.00279597      0.08696391
MINMODE:MODE:       3      0.00754100      0.02731939      0.02226899
MINMODE:MODE:       4     -0.01574533     -0.01461822     -0.01673330
MINMODE:MODE:       5     -0.00604985     -0.03693642      0.00634602
MINMODE:MODE:       6     -0.00691007     -0.06418391      0.02991927
MINMODE:MODE:       7     -0.00808287     -0.07480462      0.03824281
MINMODE:MODE:       8     -0.00791137     -0.05896918      0.02549463
MINMODE:MODE:       9     -0.00758561     -0.03130518      0.00178978
MINMODE:MODE:      10     -0.00500734     -0.01851403     -0.00835837
MINMODE:MODE:      11     -0.01806009     -0.00105094     -0.04237925
MINMODE:MODE:      12     -0.02861251      0.01945618     -0.01935544
MINMODE:MODE:      13     -0.02214501      0.01369231     -0.03835496
MINMODE:MODE:      14     -0.00440018     -0.01131490     -0.07900945
MINMODE:MODE:      15      0.00771448     -0.03296674     -0.10375706
MINMODE:MODE:      16      0.00228156     -0.02715594     -0.08868976
MINMODE:MODE:      17      0.02379380      0.03110041      0.09151388
MINMODE:MODE:      18      0.01420520      0.01539877      0.03710397
MINMODE:MODE:      19     -0.00400538      0.00249444      0.01733741
MINMODE:MODE:      20     -0.00361196      0.00412238      0.02150083
MINMODE:MODE:      21     -0.00549134      0.01885742      0.04342509
MINMODE:MODE:      22     -0.02260449      0.01301117      0.06164358
MINMODE:MODE:      23     -0.03736266     -0.00444806      0.05499059
MINMODE:MODE:      24     -0.03709034     -0.01880751      0.03200132
MINMODE:MODE:      25     -0.01995733     -0.01369097      0.01609535
MINMODE:MODE:      26     -0.00169068     -0.00948683      0.01789991
MINMODE:MODE:      27      0.00335581     -0.00051935      0.02065218
MINMODE:MODE:      28      0.00482093     -0.00263282      0.01704636
MINMODE:MODE:      29      0.00302184     -0.01870993      0.00714948
MINMODE:MODE:      30     -0.00051523     -0.03200317      0.00183872
MINMODE:MODE:      31     -0.00231158     -0.02649464      0.00845797
MINMODE:MODE:      32      0.00740827     -0.00897958      0.09192201
MINMODE:MODE:      33      0.07762786      0.00376984      0.09219562
MINMODE:MODE:      34      0.01443637      0.03375202      0.02204849
MINMODE:MODE:      35      0.02907365      0.05225309      0.00418102
MINMODE:MODE:      36     -0.00753165     -0.07577465      0.03979099
MINMODE:MODE:      37     -0.00881736     -0.09531957      0.05411535
MINMODE:MODE:      38     -0.00782441     -0.06777586      0.03279616
MINMODE:MODE:      39     -0.00669825     -0.01825733     -0.00951068
MINMODE:MODE:      40     -0.00345660      0.01292665     -0.02516223
MINMODE:MODE:      41     -0.03800828      0.04053604      0.01550095
MINMODE:MODE:      42     -0.03151719      0.02814947     -0.02026647
MINMODE:MODE:      43     -0.00039735     -0.01547339     -0.09304620
MINMODE:MODE:      44      0.01852311     -0.05246644     -0.13582091
MINMODE:MODE:      45      0.01596346     -0.04042291     -0.10671741
MINMODE:MODE:      46      0.01909276      0.06556246      0.06360005
MINMODE:MODE:      47      0.03163368      0.06422819      0.14536930
MINMODE:MODE:      48      0.03681987     -0.00732993      0.02238376
MINMODE:MODE:      49     -0.02689452      0.02615847      0.02271393
MINMODE:MODE:      50      0.00248047      0.03853772      0.05305723
MINMODE:MODE:      51     -0.02152225      0.02041369      0.07602426
MINMODE:MODE:      52     -0.05105555     -0.00828192      0.06626597
MINMODE:MODE:      53     -0.05097689     -0.03345157      0.02645989
MINMODE:MODE:      54     -0.02177029     -0.02176709     -0.00002267
MINMODE:MODE:      55      0.00710964      0.00700361      0.02977950
MINMODE:MODE:      56      0.00737326      0.00857149      0.02171061
MINMODE:MODE:      57      0.00425500     -0.02114676      0.00361607
MINMODE:MODE:      58     -0.00160324     -0.04542020     -0.00624846
MINMODE:MODE:      59     -0.00553634     -0.03532520      0.00523074
MINMODE:MODE:      60      0.10440546      0.31764964     -0.01357202
MINMODE:MODE:      61      0.12579054      0.36153796      0.00937971
MINMODE:MODE:      62      0.02717491      0.07780375     -0.06479662
MINMODE:MODE:      63     -0.29599578     -0.08505833     -0.30601663
MINMODE:MODE:      64     -0.02464503     -0.01081242     -0.08472886
MINMODE:MODE:      65     -0.01537104      0.01320659     -0.06576892
MINMODE:MODE:      66      0.00483012      0.01135839     -0.07555297
MINMODE:MODE:      67      0.02553627      0.00873418     -0.06001354
MINMODE:MODE:      68      0.02214569     -0.00044280     -0.03909852
MINMODE:MODE:      69     -0.00193989     -0.01805832     -0.03739573
MINMODE:MODE:      70     -0.02162069     -0.01141075     -0.05319591
MINMODE:MODE:      71     -0.00408903     -0.08463658      0.16885546
MINMODE:MODE:      72      0.05052783      0.25494970      0.05727654
MINMODE:MODE:      73      0.19484335     -0.23625455      0.00966049
MINMODE:MODE:      74      0.00681156      0.01776456     -0.09284276
MINMODE:MODE:      75      0.04560134      0.01850580     -0.06395435
MINMODE:MODE:      76      0.03936080      0.00568675     -0.02333401
MINMODE:MODE:      77     -0.00610745     -0.03221713     -0.02038492
MINMODE:MODE:      78     -0.04598827     -0.02699313     -0.04980954
MINMODE:MODE: Optimization Step: 17
MINMODE:MODE: Order: 0
MINMODE:MODE:       0     -0.05173549     -0.03805166     -0.06673355
MINMODE:MODE:       1     -0.00231381     -0.05646191      0.11446985
MINMODE:MODE:       2      0.02533003     -0.00558098      0.08771294
MINMODE:MODE:       3      0.00601147      0.02716391      0.02214230
MINMODE:MODE:       4     -0.01603124     -0.01530064     -0.01739915
MINMODE:MODE:       5     -0.00591601     -0.03697922      0.00614782
MINMODE:MODE:       6     -0.00678536     -0.06361895      0.02958423
MINMODE:MODE:       7     -0.00797489     -0.07398836      0.03775140
MINMODE:MODE:       8     -0.00785595     -0.05828173      0.02518842
MINMODE:MODE:       9     -0.00755817     -0.03099339      0.00161749
MINMODE:MODE:      10     -0.00500750     -0.01846762     -0.00840178
MINMODE:MODE:      11     -0.01836404     -0.00110437     -0.04197124
MINMODE:MODE:      12     -0.02865369      0.01911293     -0.01928751
MINMODE:MODE:      13     -0.02206326      0.01331412     -0.03796241
MINMODE:MODE:      14     -0.00426032     -0.01134684     -0.07798192
MINMODE:MODE:      15      0.00787738     -0.03297892     -0.10270599
MINMODE:MODE:      16      0.00247685     -0.02721931     -0.08827815
MINMODE:MODE:      17      0.02276031      0.02888308      0.09125034
MINMODE:MODE:      18      0.01390862      0.01464922      0.03676061
MINMODE:MODE:      19     -0.00508145      0.00206184      0.01719535
MINMODE:MODE:      20     -0.00363308      0.00416916      0.02112535
MINMODE:MODE:      21     -0.00590839      0.01915876      0.04281722
MINMODE:MODE:      22     -0.02289775      0.01320126      0.06125490
MINMODE:MODE:      23     -0.03722321     -0.00421765      0.05479402
MINMODE:MODE:      24     -0.03687502     -0.01867914      0.03174864
MINMODE:MODE:      25     -0.01986327     -0.01360377      0.01585793
MINMODE:MODE:      26     -0.00212066     -0.00943712      0.01759255
MINMODE:MODE:      27      0.00328689     -0.00064327      0.02018845
MINMODE:MODE:      28      0.00468440     -0.00271555      0.01677969
MINMODE:MODE:      29      0.00290099     -0.01853586      0.00707708
MINMODE:MODE:      30     -0.00075917     -0.03165563      0.00183564
MINMODE:MODE:      31     -0.00256383     -0.02620634      0.00840890
MINMODE:MODE:      32      0.00815504     -0.01152397      0.09240904
MINMODE:MODE:      33      0.07968040      0.00109480      0.09272135
MINMODE:MODE:      34      0.01350277      0.03415368      0.02201444
MINMODE:MODE:      35      0.02785460      0.05203492      0.00408638
MINMODE:MODE:      36     -0.00758343     -0.07487574      0.03941592
MINMODE:MODE:      37     -0.00872753     -0.09419709      0.05346231
MINMODE:MODE:      38     -0.00779088     -0.06692257      0.03238757
MINMODE:MODE:      39     -0.00659579     -0.01803399     -0.00966858
MINMODE:MODE:      40     -0.00353025      0.01296024     -0.02491454
MINMODE:MODE:      41     -0.03752425      0.04006270      0.01528440
MINMODE:MODE:      42     -0.03132641      0.02756578     -0.02007446
MINMODE:MODE:      43     -0.00034144     -0.01540009     -0.09149205
MINMODE:MODE:      44      0.01850262     -0.05220508     -0.13423102
MINMODE:MODE:      45      0.01626785     -0.04050941     -0.10595854
MINMODE:MODE:      46      0.01939083      0.06425590      0.06011414
MINMODE:MODE:      47      0.03082968      0.06476030      0.14817484
MINMODE:MODE:      48      0.03572836     -0.00741208      0.02300782
MINMODE:MODE:      49     -0.02601085      0.02569272      0.02259106
MINMODE:MODE:      50      0.00146251      0.03914688      0.05281423
MINMODE:MODE:      51     -0.02170152      0.02026784      0.07531381
MINMODE:MODE:      52     -0.05074035     -0.00810221      0.06614073
MINMODE:MODE:      53     -0.05061333     -0.03330118      0.02630081
MINMODE:MODE:      54     -0.02168945     -0.02149799      0.00005695
MINMODE:MODE:      55      0.00730220      0.00646275      0.02952534
MINMODE:MODE:      56      0.00721553      0.00834029      0.02141873
MINMODE:MODE:      57      0.00412987     -0.02087882      0.00363114
MINMODE:MODE:      58     -0.00178235     -0.04487867     -0.00608594
MINMODE:MODE:      59     -0.00555246     -0.03490981      0.00523527
MINMODE:MODE:      60      0.10832535      0.32657455     -0.01359697
MINMODE:MODE:      61      0.12262141      0.35929439      0.00253277
MINMODE:MODE:      62      0.02907701      0.08729575     -0.07006394
MINMODE:MODE:      63     -0.29500285     -0.08002715     -0.30363982
MINMODE:MODE:      64     -0.02351275     -0.00892192     -0.08278986
MINMODE:MODE:      65     -0.01390480      0.01407398     -0.06382915
MINMODE:MODE:      66      0.00540989      0.01171468     -0.07373376
MINMODE:MODE:      67      0.02534721      0.00859917     -0.05886843
MINMODE:MODE:      68      0.02207081     -0.00048460     -0.03872299
MINMODE:MODE:      69     -0.00122309     -0.01762917     -0.03718820
MINMODE:MODE:      70     -0.02019974     -0.01060858     -0.05227076
MINMODE:MODE:      71     -0.00555658     -0.08976590      0.16795879
MINMODE:MODE:      72      0.05313632      0.25224920      0.05957959
MINMODE:MODE:      73      0.19537558     -0.23356475      0.00882400
MINMODE:MODE:      74      0.00729540      0.01803153     -0.09007872
MINMODE:MODE:      75      0.04477255      0.01766026     -0.06285801
MINMODE:MODE:      76      0.03870790      0.00536255     -0.02348668
MINMODE:MODE:      77     -0.00534144     -0.03178826     -0.02089938
MINMODE:MODE:      78     -0.04370154     -0.02586185     -0.04912908
MINMODE:MODE: Optimization Step: 18
MINMODE:MODE: Order: 0
MINMODE:MODE:       0     -0.06029158     -0.05261378     -0.07334499
MINMODE:MODE:       1     -0.00534037     -0.06601854      0.11670608
MINMODE:MODE:       2      0.02476702     -0.00941039      0.08850908
MINMODE:MODE:       3      0.00379329      0.02677692      0.02186108
MINMODE:MODE:       4     -0.01607428     -0.01633374     -0.01849490
MINMODE:MODE:       5     -0.00566990     -0.03697244      0.00583009
MINMODE:MODE:       6     -0.00656533     -0.06263032      0.02898055
MINMODE:MODE:       7     -0.00779531     -0.07261554      0.03690862
MINMODE:MODE:       8     -0.00775224     -0.05712536      0.02463576
MINMODE:MODE:       9     -0.00748645     -0.03049419      0.00137185
MINMODE:MODE:      10     -0.00495957     -0.01834262     -0.00847457
MINMODE:MODE:      11     -0.01868242     -0.00103879     -0.04134541
MINMODE:MODE:      12     -0.02868184      0.01858210     -0.01906880
MINMODE:MODE:      13     -0.02185986      0.01267707     -0.03734587
MINMODE:MODE:      14     -0.00414275     -0.01134333     -0.07619252
MINMODE:MODE:      15      0.00805999     -0.03291175     -0.10091075
MINMODE:MODE:      16      0.00264076     -0.02710294     -0.08744404
MINMODE:MODE:      17      0.02146188      0.02562658      0.09063139
MINMODE:MODE:      18      0.01349125      0.01355466      0.03618391
MINMODE:MODE:      19     -0.00696076      0.00167467      0.01704487
MINMODE:MODE:      20     -0.00348944      0.00438581      0.02056769
MINMODE:MODE:      21     -0.00630419      0.01958076      0.04168776
MINMODE:MODE:      22     -0.02327176      0.01343569      0.06051616
MINMODE:MODE:      23     -0.03689313     -0.00388943      0.05433483
MINMODE:MODE:      24     -0.03644262     -0.01845278      0.03128944
MINMODE:MODE:      25     -0.01962199     -0.01345466      0.01549197
MINMODE:MODE:      26     -0.00276354     -0.00935383      0.01704035
MINMODE:MODE:      27      0.00319882     -0.00078273      0.01941801
MINMODE:MODE:      28      0.00447157     -0.00280903      0.01635763
MINMODE:MODE:      29      0.00269120     -0.01821351      0.00694616
MINMODE:MODE:      30     -0.00110125     -0.03104890      0.00181263
MINMODE:MODE:      31     -0.00289629     -0.02570569      0.00830014
MINMODE:MODE:      32      0.00908774     -0.01483243      0.09269128
MINMODE:MODE:      33      0.08226169     -0.00280369      0.09311472
MINMODE:MODE:      34      0.01221919      0.03464981      0.02191287
MINMODE:MODE:      35      0.02610564      0.05141797      0.00402891
MINMODE:MODE:      36     -0.00761681     -0.07337070      0.03870969
MINMODE:MODE:      37     -0.00858526     -0.09230366      0.05231133
MINMODE:MODE:      38     -0.00771459     -0.06551827      0.03167980
MINMODE:MODE:      39     -0.00641594     -0.01767861     -0.00986947
MINMODE:MODE:      40     -0.00363324      0.01294190     -0.02455707
MINMODE:MODE:      41     -0.03676863      0.03921448      0.01493260
MINMODE:MODE:      42     -0.03099980      0.02658730     -0.01972731
MINMODE:MODE:      43     -0.00030104     -0.01529433     -0.08901972
MINMODE:MODE:      44      0.01836585     -0.05168196     -0.13151549
MINMODE:MODE:      45      0.01659916     -0.04049099     -0.10443392
MINMODE:MODE:      46      0.01952084      0.06210467      0.05555296
MINMODE:MODE:      47      0.02971308      0.06518940      0.15145934
MINMODE:MODE:      48      0.03416457     -0.00756895      0.02366930
MINMODE:MODE:      49     -0.02480695      0.02490702      0.02241362
MINMODE:MODE:      50     -0.00013107      0.03999707      0.05245796
MINMODE:MODE:      51     -0.02191201      0.01995523      0.07405749
MINMODE:MODE:      52     -0.05015433     -0.00784031      0.06574041
MINMODE:MODE:      53     -0.04994273     -0.03300785      0.02597476
MINMODE:MODE:      54     -0.02150057     -0.02106384      0.00019991
MINMODE:MODE:      55      0.00756406      0.00576891      0.02907409
MINMODE:MODE:      56      0.00697215      0.00801100      0.02095902
MINMODE:MODE:      57      0.00391246     -0.02043285      0.00362380
MINMODE:MODE:      58     -0.00202845     -0.04395162     -0.00585996
MINMODE:MODE:      59     -0.00561653     -0.03419226      0.00523617
MINMODE:MODE:      60      0.11594470      0.34198187     -0.01129351
MINMODE:MODE:      61      0.11727276      0.35433276     -0.00822622
MINMODE:MODE:      62      0.03172472      0.10211431     -0.07925683
MINMODE:MODE:      63     -0.29398984     -0.07196975     -0.29864839
MINMODE:MODE:      64     -0.02134330     -0.00715879     -0.07988201
MINMODE:MODE:      65     -0.01147405      0.01538624     -0.06086096
MINMODE:MODE:      66      0.00614582      0.01203643     -0.07087442
MINMODE:MODE:      67      0.02490086      0.00829829     -0.05708578
MINMODE:MODE:      68      0.02181386     -0.00052534     -0.03808136
MINMODE:MODE:      69     -0.00015862     -0.01698186     -0.03690599
MINMODE:MODE:      70     -0.01794983     -0.00950986     -0.05093354
MINMODE:MODE:      71     -0.00784757     -0.09725435      0.16763767
MINMODE:MODE:      72      0.05657475      0.24686510      0.06216816
MINMODE:MODE:      73      0.19626160     -0.22815255      0.00785740
MINMODE:MODE:      74      0.00790790      0.01810513     -0.08612170
MINMODE:MODE:      75      0.04352533      0.01652651     -0.06110396
MINMODE:MODE:      76      0.03768850      0.00493003     -0.02353016
MINMODE:MODE:      77     -0.00427855     -0.03107590     -0.02144908
MINMODE:MODE:      78     -0.04060634     -0.02429067     -0.04803062
MINMODE:MODE: Optimization Step: 19
MINMODE:MODE: Order: 0
MINMODE:MODE:       0     -0.07083193     -0.07095271     -0.08222898
MINMODE:MODE:       1     -0.00886505     -0.07750998      0.11961760
MINMODE:MODE:       2      0.02428359     -0.01392349      0.08937545
MINMODE:MODE:       3      0.00138124      0.02628158      0.02152455
MINMODE:MODE:       4     -0.01591496     -0.01770499     -0.01995208
MINMODE:MODE:       5     -0.00530623     -0.03700640      0.00537989
MINMODE:MODE:       6     -0.00622366     -0.06149103      0.02820178
MINMODE:MODE:       7     -0.00753147     -0.07098301      0.03582631
MINMODE:MODE:       8     -0.00760576     -0.05578826      0.02395330
MINMODE:MODE:       9     -0.00740281     -0.02989992      0.00103268
MINMODE:MODE:      10     -0.00487798     -0.01822736     -0.00857165
MINMODE:MODE:      11     -0.01911621     -0.00085869     -0.04053671
MINMODE:MODE:      12     -0.02872648      0.01789720     -0.01884401
MINMODE:MODE:      13     -0.02168730      0.01194537     -0.03648192
MINMODE:MODE:      14     -0.00398871     -0.01138023     -0.07410998
MINMODE:MODE:      15      0.00823156     -0.03272855     -0.09870654
MINMODE:MODE:      16      0.00285687     -0.02691159     -0.08655721
MINMODE:MODE:      17      0.02003591      0.02203398      0.09005328
MINMODE:MODE:      18      0.01303678      0.01238463      0.03546109
MINMODE:MODE:      19     -0.00943760      0.00138614      0.01668711
MINMODE:MODE:      20     -0.00320882      0.00470663      0.01992712
MINMODE:MODE:      21     -0.00673688      0.02019160      0.04032883
MINMODE:MODE:      22     -0.02368405      0.01378128      0.05964738
MINMODE:MODE:      23     -0.03648863     -0.00348213      0.05378395
MINMODE:MODE:      24     -0.03590090     -0.01818568      0.03075105
MINMODE:MODE:      25     -0.01928243     -0.01329011      0.01506793
MINMODE:MODE:      26     -0.00362083     -0.00921561      0.01636156
MINMODE:MODE:      27      0.00304641     -0.00089412      0.01848830
MINMODE:MODE:      28      0.00419283     -0.00288948      0.01584553
MINMODE:MODE:      29      0.00241267     -0.01782262      0.00677252
MINMODE:MODE:      30     -0.00154294     -0.03030691      0.00176437
MINMODE:MODE:      31     -0.00333813     -0.02509041      0.00816270
MINMODE:MODE:      32      0.00999005     -0.01843325      0.09279868
MINMODE:MODE:      33      0.08509554     -0.00760556      0.09342903
MINMODE:MODE:      34      0.01085733      0.03511730      0.02181960
MINMODE:MODE:      35      0.02421224      0.05057860      0.00405890
MINMODE:MODE:      36     -0.00760340     -0.07156709      0.03780281
MINMODE:MODE:      37     -0.00835767     -0.09004144      0.05085318
MINMODE:MODE:      38     -0.00760026     -0.06385496      0.03078543
MINMODE:MODE:      39     -0.00622852     -0.01728481     -0.01009513
MINMODE:MODE:      40     -0.00376373      0.01293946     -0.02422130
MINMODE:MODE:      41     -0.03592569      0.03815805      0.01456401
MINMODE:MODE:      42     -0.03060415      0.02533786     -0.01928703
MINMODE:MODE:      43     -0.00027903     -0.01517976     -0.08607653
MINMODE:MODE:      44      0.01816272     -0.05098754     -0.12828183
MINMODE:MODE:      45      0.01699096     -0.04041073     -0.10252016
MINMODE:MODE:      46      0.01976763      0.05956580      0.05135672
MINMODE:MODE:      47      0.02831910      0.06533513      0.15525147
MINMODE:MODE:      48      0.03246018     -0.00779094      0.02426751
MINMODE:MODE:      49     -0.02355239      0.02387154      0.02220670
MINMODE:MODE:      50     -0.00213586      0.04109579      0.05216377
MINMODE:MODE:      51     -0.02212841      0.01960448      0.07251363
MINMODE:MODE:      52     -0.04946073     -0.00751382      0.06521912
MINMODE:MODE:      53     -0.04914659     -0.03265889      0.02557763
MINMODE:MODE:      54     -0.02127186     -0.02052498      0.00038533
MINMODE:MODE:      55      0.00776410      0.00521020      0.02858185
MINMODE:MODE:      56      0.00667608      0.00766383      0.02040748
MINMODE:MODE:      57      0.00363094     -0.01989252      0.00359819
MINMODE:MODE:      58     -0.00234007     -0.04283202     -0.00560802
MINMODE:MODE:      59     -0.00574481     -0.03330129      0.00523274
MINMODE:MODE:      60      0.12560576      0.36108929     -0.00820455
MINMODE:MODE:      61      0.11100845      0.34864261     -0.02063085
MINMODE:MODE:      62      0.03497794      0.12054889     -0.09128071
MINMODE:MODE:      63     -0.28667410     -0.06394404     -0.28842838
MINMODE:MODE:      64     -0.02014381     -0.00804088     -0.07832915
MINMODE:MODE:      65     -0.00926875      0.01670415     -0.05760261
MINMODE:MODE:      66      0.00686153      0.01232640     -0.06766477
MINMODE:MODE:      67      0.02438253      0.00794182     -0.05501218
MINMODE:MODE:      68      0.02149336     -0.00056269     -0.03731170
MINMODE:MODE:      69      0.00090636     -0.01627484     -0.03645836
MINMODE:MODE:      70     -0.01569366     -0.00809779     -0.04923687
MINMODE:MODE:      71     -0.01058744     -0.10644140      0.16833662
MINMODE:MODE:      72      0.05846206      0.24214740      0.06289352
MINMODE:MODE:      73      0.19596828     -0.21959772      0.00720678
MINMODE:MODE:      74      0.00847191      0.01791987     -0.08184539
MINMODE:MODE:      75      0.04205795      0.01530695     -0.05903180
MINMODE:MODE:      76      0.03653065      0.00450717     -0.02353861
MINMODE:MODE:      77     -0.00306530     -0.03021848     -0.02199753
MINMODE:MODE:      78     -0.03723556     -0.02262027     -0.04667242
MINMODE:MODE: Optimization Step: 20
MINMODE:MODE: Order: 0
MINMODE:MODE:       0     -0.09111682     -0.10941362     -0.09556279
MINMODE:MODE:       1     -0.01413685     -0.09531478      0.12435017
MINMODE:MODE:       2      0.02350437     -0.02062944      0.09011067
MINMODE:MODE:       3     -0.00207237      0.02536218      0.02080996
MINMODE:MODE:       4     -0.01510259     -0.02008677     -0.02239992
MINMODE:MODE:       5     -0.00454443     -0.03686482      0.00453574
MINMODE:MODE:       6     -0.00554179     -0.05932912      0.02669946
MINMODE:MODE:       7     -0.00701859     -0.06798023      0.03381932
MINMODE:MODE:       8     -0.00730604     -0.05335210      0.02269618
MINMODE:MODE:       9     -0.00721435     -0.02878249      0.00048484
MINMODE:MODE:      10     -0.00467145     -0.01788830     -0.00872653
MINMODE:MODE:      11     -0.01961078     -0.00023468     -0.03902742
MINMODE:MODE:      12     -0.02862265      0.01676337     -0.01828550
MINMODE:MODE:      13     -0.02124000      0.01073068     -0.03486970
MINMODE:MODE:      14     -0.00375264     -0.01131748     -0.07031634
MINMODE:MODE:      15      0.00845254     -0.03214113     -0.09459782
MINMODE:MODE:      16      0.00310204     -0.02620184     -0.08473980
MINMODE:MODE:      17      0.01785660      0.01667643      0.08896944
MINMODE:MODE:      18      0.01230943      0.01071167      0.03411002
MINMODE:MODE:      19     -0.01368418      0.00112748      0.01605680
MINMODE:MODE:      20     -0.00243927      0.00544971      0.01879451
MINMODE:MODE:      21     -0.00700373      0.02112869      0.03781060
MINMODE:MODE:      22     -0.02410943      0.01428826      0.05792280
MINMODE:MODE:      23     -0.03554776     -0.00279017      0.05253897
MINMODE:MODE:      24     -0.03476024     -0.01764245      0.02969664
MINMODE:MODE:      25     -0.01852689     -0.01295400      0.01431525
MINMODE:MODE:      26     -0.00503281     -0.00886744      0.01508155
MINMODE:MODE:      27      0.00282559     -0.00090502      0.01677917
MINMODE:MODE:      28      0.00370556     -0.00293957      0.01492088
MINMODE:MODE:      29      0.00192329     -0.01708214      0.00644177
MINMODE:MODE:      30     -0.00223329     -0.02892476      0.00165329
MINMODE:MODE:      31     -0.00400094     -0.02394655      0.00786170
MINMODE:MODE:      32      0.01099669     -0.02307922      0.09191487
MINMODE:MODE:      33      0.08853088     -0.01507755      0.09288208
MINMODE:MODE:      34      0.00886137      0.03545294      0.02156331
MINMODE:MODE:      35      0.02157597      0.04870363      0.00427484
MINMODE:MODE:      36     -0.00745895     -0.06825142      0.03604074
MINMODE:MODE:      37     -0.00790223     -0.08589598      0.04813705
MINMODE:MODE:      38     -0.00736025     -0.06085239      0.02914891
MINMODE:MODE:      39     -0.00592148     -0.01658540     -0.01032138
MINMODE:MODE:      40     -0.00404292      0.01282149     -0.02365929
MINMODE:MODE:      41     -0.03439298      0.03622721      0.01394143
MINMODE:MODE:      42     -0.02976804      0.02319248     -0.01843048
MINMODE:MODE:      43     -0.00023474     -0.01490465     -0.08094533
MINMODE:MODE:      44      0.01765604     -0.04948783     -0.12231080
MINMODE:MODE:      45      0.01741435     -0.03990349     -0.09856577
MINMODE:MODE:      46      0.01997169      0.05520533      0.04625101
MINMODE:MODE:      47      0.02600525      0.06488981      0.15947802
MINMODE:MODE:      48      0.02992843     -0.00812891      0.02472974
MINMODE:MODE:      49     -0.02182911      0.02206855      0.02171531
MINMODE:MODE:      50     -0.00538999      0.04266718      0.05164973
MINMODE:MODE:      51     -0.02225156      0.01889229      0.06955864
MINMODE:MODE:      52     -0.04805386     -0.00689222      0.06387096
MINMODE:MODE:      53     -0.04754826     -0.03186778      0.02474752
MINMODE:MODE:      54     -0.02073040     -0.01956369      0.00071099
MINMODE:MODE:      55      0.00819116      0.00444445      0.02759762
MINMODE:MODE:      56      0.00617398      0.00715252      0.01941889
MINMODE:MODE:      57      0.00312605     -0.01891688      0.00351601
MINMODE:MODE:      58     -0.00280790     -0.04079160     -0.00518718
MINMODE:MODE:      59     -0.00595534     -0.03167073      0.00520992
MINMODE:MODE:      60      0.14415625      0.39685856      0.00078648
MINMODE:MODE:      61      0.09959371      0.33587679     -0.04219514
MINMODE:MODE:      62      0.03988833      0.15103335     -0.11234549
MINMODE:MODE:      63     -0.26783099     -0.05106653     -0.26592560
MINMODE:MODE:      64     -0.01916794     -0.01158782     -0.07668515
MINMODE:MODE:      65     -0.00642623      0.01740193     -0.05306190
MINMODE:MODE:      66      0.00760820      0.01237450     -0.06281200
MINMODE:MODE:      67      0.02342972      0.00750524     -0.05157421
MINMODE:MODE:      68      0.02078990     -0.00057057     -0.03580770
MINMODE:MODE:      69      0.00236914     -0.01499410     -0.03539466
MINMODE:MODE:      70     -0.01243772     -0.00598357     -0.04642389
MINMODE:MODE:      71     -0.01440755     -0.11928650      0.16917219
MINMODE:MODE:      72      0.06014244      0.23145319      0.06153985
MINMODE:MODE:      73      0.19201096     -0.20126193      0.00683873
MINMODE:MODE:      74      0.00891656      0.01709000     -0.07553889
MINMODE:MODE:      75      0.03960329      0.01359929     -0.05551148
MINMODE:MODE:      76      0.03455450      0.00390573     -0.02320404
MINMODE:MODE:      77     -0.00144608     -0.02865106     -0.02241010
MINMODE:MODE:      78     -0.03251982     -0.02019420     -0.04431822
MINMODE:MODE: Optimization Step: 21
MINMODE:MODE: Order: 0
MINMODE:MODE:       0     -0.11387390     -0.15359070     -0.10745293
MINMODE:MODE:       1     -0.01966329     -0.11344491      0.12809791
MINMODE:MODE:       2      0.02238808     -0.02818890      0.08972892
MINMODE:MODE:       3     -0.00573445      0.02368131      0.01981937
MINMODE:MODE:       4     -0.01447377     -0.02284610     -0.02470397
MINMODE:MODE:       5     -0.00352028     -0.03629450      0.00340884
MINMODE:MODE:       6     -0.00449223     -0.05603751      0.02444905
MINMODE:MODE:       7     -0.00618350     -0.06365510      0.03089115
MINMODE:MODE:       8     -0.00682377     -0.04981464      0.02082550
MINMODE:MODE:       9     -0.00687342     -0.02718795     -0.00019613
MINMODE:MODE:      10     -0.00432518     -0.01727344     -0.00888423
MINMODE:MODE:      11     -0.02019196      0.00034261     -0.03682702
MINMODE:MODE:      12     -0.02832165      0.01530224     -0.01730383
MINMODE:MODE:      13     -0.02044558      0.00912940     -0.03261075
MINMODE:MODE:      14     -0.00351456     -0.01099153     -0.06487696
MINMODE:MODE:      15      0.00858104     -0.03094253     -0.08858606
MINMODE:MODE:      16      0.00317241     -0.02491234     -0.08128590
MINMODE:MODE:      17      0.01508756      0.01024303      0.08721755
MINMODE:MODE:      18      0.01121736      0.00864199      0.03239144
MINMODE:MODE:      19     -0.01839002      0.00041180      0.01529325
MINMODE:MODE:      20     -0.00148197      0.00597119      0.01708964
MINMODE:MODE:      21     -0.00715505      0.02185195      0.03436888
MINMODE:MODE:      22     -0.02417136      0.01472793      0.05511515
MINMODE:MODE:      23     -0.03389438     -0.00190635      0.05034084
MINMODE:MODE:      24     -0.03287609     -0.01678376      0.02802815
MINMODE:MODE:      25     -0.01724495     -0.01242766      0.01318019
MINMODE:MODE:      26     -0.00665747     -0.00818259      0.01342773
MINMODE:MODE:      27      0.00251917     -0.00076709      0.01457755
MINMODE:MODE:      28      0.00306762     -0.00289542      0.01359737
MINMODE:MODE:      29      0.00131668     -0.01595499      0.00591682
MINMODE:MODE:      30     -0.00310476     -0.02692766      0.00145554
MINMODE:MODE:      31     -0.00482876     -0.02223871      0.00739904
MINMODE:MODE:      32      0.01178548     -0.02756553      0.08917657
MINMODE:MODE:      33      0.09131224     -0.02396975      0.09081727
MINMODE:MODE:      34      0.00671159      0.03506952      0.02103289
MINMODE:MODE:      35      0.01860079      0.04568574      0.00457282
MINMODE:MODE:      36     -0.00705050     -0.06347709      0.03340598
MINMODE:MODE:      37     -0.00710772     -0.07995870      0.04416548
MINMODE:MODE:      38     -0.00693975     -0.05659605      0.02678568
MINMODE:MODE:      39     -0.00553860     -0.01558886     -0.01041684
MINMODE:MODE:      40     -0.00428329      0.01252486     -0.02270743
MINMODE:MODE:      41     -0.03221568      0.03347109      0.01299910
MINMODE:MODE:      42     -0.02841461      0.02035077     -0.01715296
MINMODE:MODE:      43     -0.00017255     -0.01437781     -0.07395120
MINMODE:MODE:      44      0.01678401     -0.04688035     -0.11368387
MINMODE:MODE:      45      0.01750322     -0.03858969     -0.09253237
MINMODE:MODE:      46      0.01977433      0.04984133      0.04075355
MINMODE:MODE:      47      0.02267874      0.06265005      0.16238394
MINMODE:MODE:      48      0.02688098     -0.00851607      0.02473823
MINMODE:MODE:      49     -0.01994101      0.01968610      0.02101593
MINMODE:MODE:      50     -0.00894317      0.04390668      0.05025223
MINMODE:MODE:      51     -0.02198155      0.01789506      0.06511602
MINMODE:MODE:      52     -0.04576881     -0.00601819      0.06137134
MINMODE:MODE:      53     -0.04501604     -0.03049802      0.02341562
MINMODE:MODE:      54     -0.01965753     -0.01821093      0.00101983
MINMODE:MODE:      55      0.00859962      0.00358973      0.02610065
MINMODE:MODE:      56      0.00548583      0.00656096      0.01797666
MINMODE:MODE:      57      0.00248060     -0.01751905      0.00334983
MINMODE:MODE:      58     -0.00337967     -0.03787101     -0.00463157
MINMODE:MODE:      59     -0.00615259     -0.02929080      0.00508674
MINMODE:MODE:      60      0.16176698      0.43067008      0.00727463
MINMODE:MODE:      61      0.08840845      0.32149535     -0.06454507
MINMODE:MODE:      62      0.04494829      0.18405497     -0.13552150
MINMODE:MODE:      63     -0.24619450     -0.04071995     -0.24096543
MINMODE:MODE:      64     -0.01505624     -0.01259743     -0.07194726
MINMODE:MODE:      65     -0.00322100      0.01828573     -0.04726640
MINMODE:MODE:      66      0.00798873      0.01189663     -0.05674738
MINMODE:MODE:      67      0.02189512      0.00680644     -0.04707463
MINMODE:MODE:      68      0.01966865     -0.00048086     -0.03349887
MINMODE:MODE:      69      0.00358814     -0.01345185     -0.03346435
MINMODE:MODE:      70     -0.00926688     -0.00391029     -0.04274354
MINMODE:MODE:      71     -0.01839471     -0.13129746      0.16732328
MINMODE:MODE:      72      0.06059445      0.21564451      0.05910224
MINMODE:MODE:      73      0.18830167     -0.17645899      0.01008724
MINMODE:MODE:      74      0.00890239      0.01547192     -0.06800365
MINMODE:MODE:      75      0.03637050      0.01176675     -0.05083759
MINMODE:MODE:      76      0.03191355      0.00331423     -0.02236654
MINMODE:MODE:      77      0.00011796     -0.02646895     -0.02215178
MINMODE:MODE:      78     -0.02747352     -0.01736393     -0.04100562
MINMODE:MODE: Optimization Step: 22
MINMODE:MODE: Order: 0
MINMODE:MODE:       0     -0.14622104     -0.21956036     -0.12543159
MINMODE:MODE:       1     -0.02547715     -0.13476449      0.13153394
MINMODE:MODE:       2      0.02026958     -0.03709493      0.08651481
MINMODE:MODE:       3     -0.01016666      0.02071791      0.01775771
MINMODE:MODE:       4     -0.01214417     -0.02620019     -0.02798495
MINMODE:MODE:       5     -0.00181981     -0.03445601      0.00175733
MINMODE:MODE:       6     -0.00288372     -0.04983457      0.02057803
MINMODE:MODE:       7     -0.00484124     -0.05575672      0.02591283
MINMODE:MODE:       8     -0.00590846     -0.04348177      0.01762868
MINMODE:MODE:       9     -0.00619516     -0.02417557     -0.00111223
MINMODE:MODE:      10     -0.00357388     -0.01587932     -0.00882023
MINMODE:MODE:      11     -0.02031445      0.00164081     -0.03257541
MINMODE:MODE:      12     -0.02703517      0.01287004     -0.01545544
MINMODE:MODE:      13     -0.01873734      0.00671444     -0.02853298
MINMODE:MODE:      14     -0.00310549     -0.01014601     -0.05546975
MINMODE:MODE:      15      0.00841982     -0.02824296     -0.07759147
MINMODE:MODE:      16      0.00306352     -0.02208001     -0.07420476
MINMODE:MODE:      17      0.01091586      0.00141228      0.08297977
MINMODE:MODE:      18      0.00943124      0.00582829      0.02918126
MINMODE:MODE:      19     -0.02514397      0.00017065      0.01357994
MINMODE:MODE:      20      0.00040119      0.00697334      0.01435055
MINMODE:MODE:      21     -0.00665285      0.02231030      0.02840732
MINMODE:MODE:      22     -0.02338889      0.01483926      0.04960278
MINMODE:MODE:      23     -0.03048867     -0.00062901      0.04569558
MINMODE:MODE:      24     -0.02920595     -0.01507462      0.02482661
MINMODE:MODE:      25     -0.01485117     -0.01132083      0.01124266
MINMODE:MODE:      26     -0.00879122     -0.00698893      0.01066433
MINMODE:MODE:      27      0.00210587     -0.00043218      0.01104263
MINMODE:MODE:      28      0.00215191     -0.00267191      0.01141901
MINMODE:MODE:      29      0.00045914     -0.01391148      0.00502524
MINMODE:MODE:      30     -0.00413889     -0.02335822      0.00112120
MINMODE:MODE:      31     -0.00575614     -0.01919738      0.00652219
MINMODE:MODE:      32      0.01203605     -0.03169163      0.08223919
MINMODE:MODE:      33      0.09191707     -0.03533455      0.08468584
MINMODE:MODE:      34      0.00385187      0.03321938      0.01967089
MINMODE:MODE:      35      0.01451116      0.03983967      0.00512129
MINMODE:MODE:      36     -0.00621769     -0.05500966      0.02868266
MINMODE:MODE:      37     -0.00579537     -0.06941628      0.03731240
MINMODE:MODE:      38     -0.00616315     -0.04909019      0.02272715
MINMODE:MODE:      39     -0.00489035     -0.01378581     -0.01015127
MINMODE:MODE:      40     -0.00450151      0.01176781     -0.02092474
MINMODE:MODE:      41     -0.02823748      0.02869378      0.01134834
MINMODE:MODE:      42     -0.02571467      0.01589166     -0.01490332
MINMODE:MODE:      43     -0.00006497     -0.01319701     -0.06224305
MINMODE:MODE:      44      0.01499637     -0.04182140     -0.09832096
MINMODE:MODE:      45      0.01705141     -0.03548531     -0.08109409
MINMODE:MODE:      46      0.01849839      0.04126287      0.03371457
MINMODE:MODE:      47      0.01726403      0.05694585      0.16106813
MINMODE:MODE:      48      0.02220001     -0.00882316      0.02377422
MINMODE:MODE:      49     -0.01724253      0.01580061      0.01961906
MINMODE:MODE:      50     -0.01361451      0.04412606      0.04726505
MINMODE:MODE:      51     -0.02084609      0.01584243      0.05702348
MINMODE:MODE:      52     -0.04121686     -0.00460380      0.05591925
MINMODE:MODE:      53     -0.04008321     -0.02766282      0.02077147
MINMODE:MODE:      54     -0.01749620     -0.01584094      0.00144718
MINMODE:MODE:      55      0.00897694      0.00245274      0.02326541
MINMODE:MODE:      56      0.00442122      0.00561779      0.01551337
MINMODE:MODE:      57      0.00153451     -0.01508833      0.00299604
MINMODE:MODE:      58     -0.00399489     -0.03273440     -0.00376915
MINMODE:MODE:      59     -0.00625868     -0.02514296      0.00476034
MINMODE:MODE:      60      0.18809811      0.47669802      0.02511360
MINMODE:MODE:      61      0.06677247      0.28406260     -0.09468224
MINMODE:MODE:      62      0.04948448      0.22459898     -0.16646203
MINMODE:MODE:      63     -0.21526354     -0.02799784     -0.20434481
MINMODE:MODE:      64     -0.01005072     -0.01399689     -0.06296628
MINMODE:MODE:      65      0.00116217      0.01965759     -0.03748700
MINMODE:MODE:      66      0.00803161      0.01067499     -0.04708030
MINMODE:MODE:      67      0.01902279      0.00548793     -0.03973572
MINMODE:MODE:      68      0.01745675     -0.00027559     -0.02930078
MINMODE:MODE:      69      0.00509878     -0.01123638     -0.02999909
MINMODE:MODE:      70     -0.00470867     -0.00126276     -0.03669810
MINMODE:MODE:      71     -0.02150873     -0.13975242      0.15930959
MINMODE:MODE:      72      0.06033136      0.18968131      0.05557409
MINMODE:MODE:      73      0.18267271     -0.13920836      0.01668865
MINMODE:MODE:      74      0.00816457      0.01230770     -0.05636524
MINMODE:MODE:      75      0.03105173      0.00917539     -0.04310886
MINMODE:MODE:      76      0.02747114      0.00265177     -0.02023358
MINMODE:MODE:      77      0.00204026     -0.02281086     -0.02068072
MINMODE:MODE:      78     -0.02062477     -0.01340739     -0.03522553
MINMODE:MODE: Optimization Step: 23
MINMODE:MODE: Order: 0
MINMODE:MODE:       0     -0.17825200     -0.29176543     -0.13936857
MINMODE:MODE:       1     -0.02924666     -0.14950327      0.13025513
MINMODE:MODE:       2      0.01730793     -0.04396476      0.07977996
MINMODE:MODE:       3     -0.01388618      0.01684290      0.01500360
MINMODE:MODE:       4     -0.00819130     -0.02856040     -0.03083482
MINMODE:MODE:       5      0.00009945     -0.03127562     -0.00010819
MINMODE:MODE:       6     -0.00095770     -0.04170636      0.01581842
MINMODE:MODE:       7     -0.00321528     -0.04562853      0.01980130
MINMODE:MODE:       8     -0.00478779     -0.03547372      0.01377446
MINMODE:MODE:       9     -0.00529503     -0.02016842     -0.00205956
MINMODE:MODE:      10     -0.00258273     -0.01384471     -0.00846165
MINMODE:MODE:      11     -0.01967486      0.00348247     -0.02683407
MINMODE:MODE:      12     -0.02464447      0.00992433     -0.01303879
MINMODE:MODE:      13     -0.01634142      0.00420849     -0.02311972
MINMODE:MODE:      14     -0.00244438     -0.00891582     -0.04399048
MINMODE:MODE:      15      0.00792978     -0.02426478     -0.06338033
MINMODE:MODE:      16      0.00281509     -0.01814032     -0.06460424
MINMODE:MODE:      17      0.00657944     -0.00723752      0.07552844
MINMODE:MODE:      18      0.00722153      0.00310783      0.02482780
MINMODE:MODE:      19     -0.03189041      0.00072667      0.01115097
MINMODE:MODE:      20      0.00272107      0.00796057      0.01100213
MINMODE:MODE:      21     -0.00519569      0.02200438      0.02099713
MINMODE:MODE:      22     -0.02156181      0.01441376      0.04220249
MINMODE:MODE:      23     -0.02578255      0.00075038      0.03914970
MINMODE:MODE:      24     -0.02425759     -0.01277784      0.02058322
MINMODE:MODE:      25     -0.01171734     -0.00982060      0.00878019
MINMODE:MODE:      26     -0.01069367     -0.00556986      0.00724687
MINMODE:MODE:      27      0.00172071      0.00002904      0.00682846
MINMODE:MODE:      28      0.00115445     -0.00226317      0.00877546
MINMODE:MODE:      29     -0.00040969     -0.01130046      0.00391692
MINMODE:MODE:      30     -0.00503420     -0.01881921      0.00073683
MINMODE:MODE:      31     -0.00645445     -0.01542149      0.00538230
MINMODE:MODE:      32      0.01148292     -0.03365044      0.07156461
MINMODE:MODE:      33      0.08817831     -0.04516841      0.07475892
MINMODE:MODE:      34      0.00112604      0.02983100      0.01757306
MINMODE:MODE:      35      0.01058287      0.03222483      0.00577052
MINMODE:MODE:      36     -0.00505781     -0.04425478      0.02277036
MINMODE:MODE:      37     -0.00418967     -0.05611522      0.02889311
MINMODE:MODE:      38     -0.00517436     -0.03962110      0.01776601
MINMODE:MODE:      39     -0.00411896     -0.01144671     -0.00941186
MINMODE:MODE:      40     -0.00468393      0.01064337     -0.01861557
MINMODE:MODE:      41     -0.02302958      0.02284184      0.00936124
MINMODE:MODE:      42     -0.02192054      0.01081055     -0.01206192
MINMODE:MODE:      43      0.00010796     -0.01145865     -0.04806643
MINMODE:MODE:      44      0.01255352     -0.03501273     -0.07898352
MINMODE:MODE:      45      0.01599320     -0.03092374     -0.06602458
MINMODE:MODE:      46      0.01640400      0.03111647      0.02752300
MINMODE:MODE:      47      0.01117747      0.04876088      0.15303428
MINMODE:MODE:      48      0.01680626     -0.00874111      0.02172651
MINMODE:MODE:      49     -0.01433015      0.01126837      0.01751862
MINMODE:MODE:      50     -0.01793115      0.04250785      0.04295229
MINMODE:MODE:      51     -0.01873787      0.01307381      0.04659042
MINMODE:MODE:      52     -0.03501511     -0.00295089      0.04810087
MINMODE:MODE:      53     -0.03349687     -0.02368816      0.01722061
MINMODE:MODE:      54     -0.01455210     -0.01282556      0.00186384
MINMODE:MODE:      55      0.00922054      0.00135958      0.01952405
MINMODE:MODE:      56      0.00322040      0.00451398      0.01245074
MINMODE:MODE:      57      0.00054584     -0.01206902      0.00252862
MINMODE:MODE:      58     -0.00443593     -0.02630769     -0.00273736
MINMODE:MODE:      59     -0.00614097     -0.02000934      0.00427870
MINMODE:MODE:      60      0.21630427      0.52119930      0.05190123
MINMODE:MODE:      61      0.03741721      0.22537655     -0.12515372
MINMODE:MODE:      62      0.05168509      0.25983486     -0.19516150
MINMODE:MODE:      63     -0.17429621     -0.01611672     -0.15740221
MINMODE:MODE:      64     -0.00479230     -0.01616590     -0.05374736
MINMODE:MODE:      65      0.00490959      0.01998191     -0.02699428
MINMODE:MODE:      66      0.00737684      0.00912032     -0.03604794
MINMODE:MODE:      67      0.01537576      0.00396396     -0.03097350
MINMODE:MODE:      68      0.01452052     -0.00007251     -0.02383380
MINMODE:MODE:      69      0.00607059     -0.00877217     -0.02515302
MINMODE:MODE:      70     -0.00062922      0.00135100     -0.02925064
MINMODE:MODE:      71     -0.02361908     -0.14112042      0.14529236
MINMODE:MODE:      72      0.05638605      0.15887075      0.04952731
MINMODE:MODE:      73      0.17007765     -0.09826800      0.02338875
MINMODE:MODE:      74      0.00676705      0.00823946     -0.04300094
MINMODE:MODE:      75      0.02467928      0.00634204     -0.03375224
MINMODE:MODE:      76      0.02208409      0.00208602     -0.01703155
MINMODE:MODE:      77      0.00363223     -0.01834917     -0.01808670
MINMODE:MODE:      78     -0.01356602     -0.00923878     -0.02813074
MINMODE:MODE: Optimization Step: 24
MINMODE:MODE: Order: 0
MINMODE:MODE:       0     -0.20188581     -0.35024012     -0.14449254
MINMODE:MODE:       1     -0.02983576     -0.15512315      0.12717855
MINMODE:MODE:       2      0.01485131     -0.04775934      0.07275828
MINMODE:MODE:       3     -0.01590587      0.01342245      0.01267759
MINMODE:MODE:       4     -0.00485897     -0.02976826     -0.03239623
MINMODE:MODE:       5      0.00160440     -0.02820637     -0.00153479
MINMODE:MODE:       6      0.00067391     -0.03464441      0.01181024
MINMODE:MODE:       7     -0.00185188     -0.03702173      0.01474556
MINMODE:MODE:       8     -0.00387166     -0.02862882      0.01057815
MINMODE:MODE:       9     -0.00453721     -0.01670585     -0.00267614
MINMODE:MODE:      10     -0.00170416     -0.01189405     -0.00805080
MINMODE:MODE:      11     -0.01874361      0.00489550     -0.02197015
MINMODE:MODE:      12     -0.02229867      0.00764129     -0.01078518
MINMODE:MODE:      13     -0.01402997      0.00225384     -0.01863187
MINMODE:MODE:      14     -0.00190437     -0.00762704     -0.03429509
MINMODE:MODE:      15      0.00751544     -0.02062093     -0.05132388
MINMODE:MODE:      16      0.00243695     -0.01451771     -0.05590685
MINMODE:MODE:      17      0.00310899     -0.01326601      0.06860643
MINMODE:MODE:      18      0.00523622      0.00120920      0.02121313
MINMODE:MODE:      19     -0.03657941      0.00133129      0.00901536
MINMODE:MODE:      20      0.00460408      0.00841065      0.00820022
MINMODE:MODE:      21     -0.00340668      0.02120412      0.01477135
MINMODE:MODE:      22     -0.01956607      0.01380651      0.03576838
MINMODE:MODE:      23     -0.02154777      0.00180740      0.03324620
MINMODE:MODE:      24     -0.01991969     -0.01076562      0.01685054
MINMODE:MODE:      25     -0.00897074     -0.00849079      0.00666648
MINMODE:MODE:      26     -0.01190070     -0.00440215      0.00447892
MINMODE:MODE:      27      0.00143931      0.00041137      0.00342731
MINMODE:MODE:      28      0.00039091     -0.00188329      0.00657090
MINMODE:MODE:      29     -0.00101039     -0.00906731      0.00299253
MINMODE:MODE:      30     -0.00559911     -0.01499024      0.00041941
MINMODE:MODE:      31     -0.00686128     -0.01226977      0.00441730
MINMODE:MODE:      32      0.01062196     -0.03362937      0.06151789
MINMODE:MODE:      33      0.08268570     -0.05113052      0.06526721
MINMODE:MODE:      34     -0.00070653      0.02636965      0.01562763
MINMODE:MODE:      35      0.00789108      0.02569569      0.00625401
MINMODE:MODE:      36     -0.00404546     -0.03513553      0.01779711
MINMODE:MODE:      37     -0.00286850     -0.04487599      0.02189986
MINMODE:MODE:      38     -0.00434371     -0.03163090      0.01366894
MINMODE:MODE:      39     -0.00348190     -0.00941388     -0.00857131
MINMODE:MODE:      40     -0.00480030      0.00955334     -0.01659852
MINMODE:MODE:      41     -0.01852613      0.01798838      0.00764595
MINMODE:MODE:      42     -0.01849648      0.00684133     -0.00965161
MINMODE:MODE:      43      0.00028300     -0.00985753     -0.03641563
MINMODE:MODE:      44      0.01041641     -0.02896502     -0.06264304
MINMODE:MODE:      45      0.01491599     -0.02662352     -0.05304485
MINMODE:MODE:      46      0.01451643      0.02311977      0.02346398
MINMODE:MODE:      47      0.00629239      0.04127621      0.14282186
MINMODE:MODE:      48      0.01250864     -0.00845529      0.01958915
MINMODE:MODE:      49     -0.01209424      0.00763866      0.01559639
MINMODE:MODE:      50     -0.02069319      0.04021681      0.03901796
MINMODE:MODE:      51     -0.01658322      0.01064773      0.03767496
MINMODE:MODE:      52     -0.02954172     -0.00162975      0.04099362
MINMODE:MODE:      53     -0.02772340     -0.02011911      0.01409406
MINMODE:MODE:      54     -0.01191731     -0.01023841      0.00209888
MINMODE:MODE:      55      0.00927945      0.00064522      0.01625046
MINMODE:MODE:      56      0.00227067      0.00363342      0.00986118
MINMODE:MODE:      57     -0.00016813     -0.00953936      0.00212742
MINMODE:MODE:      58     -0.00461952     -0.02089766     -0.00189628
MINMODE:MODE:      59     -0.00587860     -0.01571297      0.00379884
MINMODE:MODE:      60      0.23025044      0.54067308      0.06832509
MINMODE:MODE:      61      0.01995863      0.18465780     -0.14002447
MINMODE:MODE:      62      0.05084272      0.28028646     -0.21539873
MINMODE:MODE:      63     -0.13956705     -0.00654046     -0.11724649
MINMODE:MODE:      64     -0.00074654     -0.01953788     -0.04696355
MINMODE:MODE:      65      0.00719000      0.01946278     -0.01875955
MINMODE:MODE:      66      0.00645407      0.00768617     -0.02723754
MINMODE:MODE:      67      0.01229089      0.00279746     -0.02386760
MINMODE:MODE:      68      0.01196417      0.00009238     -0.01919239
MINMODE:MODE:      69      0.00652833     -0.00678265     -0.02092365
MINMODE:MODE:      70      0.00210777      0.00310802     -0.02310273
MINMODE:MODE:      71     -0.02461107     -0.13707010      0.13056082
MINMODE:MODE:      72      0.05166909      0.13253901      0.04332577
MINMODE:MODE:      73      0.15683971     -0.06567222      0.02831873
MINMODE:MODE:      74      0.00537971      0.00484953     -0.03240458
MINMODE:MODE:      75      0.01945229      0.00421951     -0.02613684
MINMODE:MODE:      76      0.01763461      0.00170733     -0.01405037
MINMODE:MODE:      77      0.00454931     -0.01463528     -0.01553605
MINMODE:MODE:      78     -0.00845223     -0.00611297     -0.02226129
MINMODE:MODE: Optimization Step: 25
MINMODE:MODE: Order: 0
MINMODE:MODE:       0     -0.21978712     -0.39652672     -0.14730252
MINMODE:MODE:       1     -0.02889435     -0.15456110      0.12244379
MINMODE:MODE:       2      0.01301619     -0.04923985      0.06576954
MINMODE:MODE:       3     -0.01668066      0.01051530      0.01060991
MINMODE:MODE:       4     -0.00180399     -0.03024296     -0.03324394
MINMODE:MODE:       5      0.00284111     -0.02523341     -0.00254995
MINMODE:MODE:       6      0.00191695     -0.02842075      0.00844937
MINMODE:MODE:       7     -0.00076287     -0.02956886      0.01054455
MINMODE:MODE:       8     -0.00308442     -0.02269553      0.00789965
MINMODE:MODE:       9     -0.00388626     -0.01366991     -0.00305097
MINMODE:MODE:      10     -0.00091314     -0.01004327     -0.00757255
MINMODE:MODE:      11     -0.01755291      0.00612398     -0.01777994
MINMODE:MODE:      12     -0.02000302      0.00584760     -0.00877102
MINMODE:MODE:      13     -0.01183911      0.00068899     -0.01486076
MINMODE:MODE:      14     -0.00147651     -0.00637491     -0.02600209
MINMODE:MODE:      15      0.00704683     -0.01730772     -0.04092651
MINMODE:MODE:      16      0.00199275     -0.01114832     -0.04796631
MINMODE:MODE:      17      0.00033869     -0.01714417      0.06231159
MINMODE:MODE:      18      0.00351342     -0.00006082      0.01809054
MINMODE:MODE:      19     -0.03984323      0.00207664      0.00695036
MINMODE:MODE:      20      0.00634534      0.00870617      0.00581823
MINMODE:MODE:      21     -0.00152272      0.02004778      0.00949417
MINMODE:MODE:      22     -0.01749369      0.01293961      0.03006062
MINMODE:MODE:      23     -0.01772796      0.00257133      0.02787569
MINMODE:MODE:      24     -0.01609217     -0.00899190      0.01352616
MINMODE:MODE:      25     -0.00655987     -0.00730637      0.00483843
MINMODE:MODE:      26     -0.01262636     -0.00346573      0.00219768
MINMODE:MODE:      27      0.00123801      0.00070331      0.00067595
MINMODE:MODE:      28     -0.00016758     -0.00155082      0.00473189
MINMODE:MODE:      29     -0.00143215     -0.00714747      0.00222903
MINMODE:MODE:      30     -0.00587249     -0.01171236      0.00016267
MINMODE:MODE:      31     -0.00698604     -0.00958785      0.00355657
MINMODE:MODE:      32      0.00954225     -0.03232594      0.05221342
MINMODE:MODE:      33      0.07623000     -0.05440798      0.05632899
MINMODE:MODE:      34     -0.00183907      0.02293997      0.01381450
MINMODE:MODE:      35      0.00594431      0.02004747      0.00663203
MINMODE:MODE:      36     -0.00318504     -0.02730850      0.01358203
MINMODE:MODE:      37     -0.00179549     -0.03524309      0.01603554
MINMODE:MODE:      38     -0.00365026     -0.02478728      0.01024941
MINMODE:MODE:      39     -0.00295771     -0.00763155     -0.00769241
MINMODE:MODE:      40     -0.00486729      0.00849045     -0.01480367
MINMODE:MODE:      41     -0.01459746      0.01385902      0.00615268
MINMODE:MODE:      42     -0.01539901      0.00370311     -0.00759296
MINMODE:MODE:      43      0.00045981     -0.00836855     -0.02669560
MINMODE:MODE:      44      0.00855088     -0.02362505     -0.04861848
MINMODE:MODE:      45      0.01377269     -0.02268982     -0.04163836
MINMODE:MODE:      46      0.01283794      0.01684232      0.02077462
MINMODE:MODE:      47      0.00218827      0.03424174      0.13135848
MINMODE:MODE:      48      0.00898813     -0.00805349      0.01746698
MINMODE:MODE:      49     -0.01031515      0.00470546      0.01392425
MINMODE:MODE:      50     -0.02237054      0.03741358      0.03544764
MINMODE:MODE:      51     -0.01447790      0.00845739      0.02998700
MINMODE:MODE:      52     -0.02466481     -0.00055702      0.03451573
MINMODE:MODE:      53     -0.02261070     -0.01690034      0.01131017
MINMODE:MODE:      54     -0.00959193     -0.00800207      0.00223403
MINMODE:MODE:      55      0.00916488      0.00016759      0.01337546
MINMODE:MODE:      56      0.00151167      0.00289048      0.00766607
MINMODE:MODE:      57     -0.00069182     -0.00738900      0.00177492
MINMODE:MODE:      58     -0.00461806     -0.01627952     -0.00120461
MINMODE:MODE:      59     -0.00552676     -0.01208466      0.00335176
MINMODE:MODE:      60      0.24089407      0.55242090      0.08493297
MINMODE:MODE:      61      0.00431019      0.14495719     -0.14759905
MINMODE:MODE:      62      0.04728924      0.28925447     -0.22999808
MINMODE:MODE:      63     -0.10987711      0.00002593     -0.08394837
MINMODE:MODE:      64      0.00188706     -0.02251186     -0.04108494
MINMODE:MODE:      65      0.00850042      0.01844998     -0.01231357
MINMODE:MODE:      66      0.00545449      0.00636567     -0.02009251
MINMODE:MODE:      67      0.00963738      0.00188488     -0.01796063
MINMODE:MODE:      68      0.00968647      0.00023066     -0.01517998
MINMODE:MODE:      69      0.00658485     -0.00512779     -0.01714833
MINMODE:MODE:      70      0.00393158      0.00419391     -0.01797553
MINMODE:MODE:      71     -0.02331478     -0.12819526      0.11600408
MINMODE:MODE:      72      0.04648319      0.10904098      0.03740396
MINMODE:MODE:      73      0.14392181     -0.03816832      0.03218885
MINMODE:MODE:      74      0.00401710      0.00205414     -0.02390001
MINMODE:MODE:      75      0.01506449      0.00258122     -0.01977033
MINMODE:MODE:      76      0.01388874      0.00141936     -0.01135374
MINMODE:MODE:      77      0.00499735     -0.01147746     -0.01307092
MINMODE:MODE:      78     -0.00462905     -0.00372323     -0.01729329
MINMODE:MODE: Optimization Step: 26
MINMODE:MODE: Order: 0
MINMODE:MODE:       0     -0.23067867     -0.42769754     -0.14644063
MINMODE:MODE:       1     -0.02684322     -0.15042210      0.11726119
MINMODE:MODE:       2      0.01163607     -0.04906978      0.05944961
MINMODE:MODE:       3     -0.01663723      0.00818169      0.00888227
MINMODE:MODE:       4      0.00059621     -0.03001284     -0.03365797
MINMODE:MODE:       5      0.00373247     -0.02260450     -0.00327227
MINMODE:MODE:       6      0.00284382     -0.02336051      0.00583621
MINMODE:MODE:       7      0.00004609     -0.02355038      0.00728276
MINMODE:MODE:       8     -0.00247042     -0.01795400      0.00584164
MINMODE:MODE:       9     -0.00334803     -0.01115000     -0.00327099
MINMODE:MODE:      10     -0.00031205     -0.00848301     -0.00706166
MINMODE:MODE:      11     -0.01646071      0.00715190     -0.01427067
MINMODE:MODE:      12     -0.01793890      0.00439588     -0.00714471
MINMODE:MODE:      13     -0.01004244     -0.00037542     -0.01175021
MINMODE:MODE:      14     -0.00105633     -0.00532368     -0.01955898
MINMODE:MODE:      15      0.00658512     -0.01449568     -0.03250211
MINMODE:MODE:      16      0.00164901     -0.00842135     -0.04143244
MINMODE:MODE:      17     -0.00151010     -0.01924237      0.05679493
MINMODE:MODE:      18      0.00208608     -0.00079186      0.01557138
MINMODE:MODE:      19     -0.04181494      0.00279874      0.00500366
MINMODE:MODE:      20      0.00770351      0.00882593      0.00397526
MINMODE:MODE:      21      0.00013560      0.01882351      0.00544369
MINMODE:MODE:      22     -0.01552451      0.01201732      0.02531940
MINMODE:MODE:      23     -0.01456289      0.00306400      0.02337606
MINMODE:MODE:      24     -0.01295978     -0.00754230      0.01080773
MINMODE:MODE:      25     -0.00460747     -0.00633344      0.00335883
MINMODE:MODE:      26     -0.01296079     -0.00271501      0.00043527
MINMODE:MODE:      27      0.00110118      0.00093687     -0.00139428
MINMODE:MODE:      28     -0.00055580     -0.00127075      0.00331197
MINMODE:MODE:      29     -0.00170094     -0.00562093      0.00163572
MINMODE:MODE:      30     -0.00594844     -0.00910516     -0.00002870
MINMODE:MODE:      31     -0.00692231     -0.00747011      0.00286181
MINMODE:MODE:      32      0.00845495     -0.03037766      0.04429709
MINMODE:MODE:      33      0.06983141     -0.05558968      0.04867554
MINMODE:MODE:      34     -0.00242019      0.01991354      0.01225972
MINMODE:MODE:      35      0.00462963      0.01553315      0.00693669
MINMODE:MODE:      36     -0.00249317     -0.02105010      0.01026589
MINMODE:MODE:      37     -0.00098114     -0.02755888      0.01147249
MINMODE:MODE:      38     -0.00310229     -0.01931934      0.00759437
MINMODE:MODE:      39     -0.00254322     -0.00617308     -0.00686256
MINMODE:MODE:      40     -0.00482402      0.00758009     -0.01335159
MINMODE:MODE:      41     -0.01138254      0.01064817      0.00497711
MINMODE:MODE:      42     -0.01278999      0.00138297     -0.00596355
MINMODE:MODE:      43      0.00061559     -0.00709345     -0.01913314
MINMODE:MODE:      44      0.00700933     -0.01924213     -0.03746559
MINMODE:MODE:      45      0.01272239     -0.01937592     -0.03237524
MINMODE:MODE:      46      0.01135594      0.01220164      0.01902571
MINMODE:MODE:      47     -0.00088893      0.02822758      0.12012275
MINMODE:MODE:      48      0.00629270     -0.00759223      0.01556857
MINMODE:MODE:      49     -0.00897853      0.00252086      0.01259538
MINMODE:MODE:      50     -0.02309164      0.03441867      0.03227998
MINMODE:MODE:      51     -0.01260153      0.00664064      0.02381157
MINMODE:MODE:      52     -0.02062699      0.00022950      0.02904843
MINMODE:MODE:      53     -0.01841950     -0.01421801      0.00901433
MINMODE:MODE:      54     -0.00768890     -0.00621245      0.00228255
MINMODE:MODE:      55      0.00896563     -0.00015922      0.01104173
MINMODE:MODE:      56      0.00095088      0.00229586      0.00593918
MINMODE:MODE:      57     -0.00104522     -0.00569021      0.00149507
MINMODE:MODE:      58     -0.00450346     -0.01261731     -0.00066839
MINMODE:MODE:      59     -0.00515667     -0.00923018      0.00297604
MINMODE:MODE:      60      0.25019187      0.56260558      0.10194383
MINMODE:MODE:      61     -0.01217096      0.10286705     -0.15370852
MINMODE:MODE:      62      0.04224230      0.28978359     -0.23923080
MINMODE:MODE:      63     -0.08635401      0.00341215     -0.05901941
MINMODE:MODE:      64      0.00262099     -0.02452059     -0.03637759
MINMODE:MODE:      65      0.00912663      0.01728601     -0.00747548
MINMODE:MODE:      66      0.00452287      0.00524299     -0.01461195
MINMODE:MODE:      67      0.00749663      0.00119542     -0.01334914
MINMODE:MODE:      68      0.00783227      0.00033673     -0.01194632
MINMODE:MODE:      69      0.00638418     -0.00387668     -0.01405032
MINMODE:MODE:      70      0.00495514      0.00478228     -0.01392371
MINMODE:MODE:      71     -0.02123349     -0.11757859      0.10289483
MINMODE:MODE:      72      0.04158760      0.08945138      0.03237838
MINMODE:MODE:      73      0.13366326     -0.01580709      0.03549995
MINMODE:MODE:      74      0.00284802     -0.00007978     -0.01736231
MINMODE:MODE:      75      0.01162034      0.00138842     -0.01478149
MINMODE:MODE:      76      0.01093464      0.00120121     -0.00910896
MINMODE:MODE:      77      0.00513028     -0.00895813     -0.01091744
MINMODE:MODE:      78     -0.00194824     -0.00200786     -0.01337741
MINMODE:MODE: Optimization Step: 27
MINMODE:MODE: Order: 0
MINMODE:MODE:       0     -0.24085072     -0.46131907     -0.13842058
MINMODE:MODE:       1     -0.02361033     -0.14392799      0.11198045
MINMODE:MODE:       2      0.01067266     -0.04846756      0.05352292
MINMODE:MODE:       3     -0.01607033      0.00579025      0.00745685
MINMODE:MODE:       4      0.00218226     -0.02984818     -0.03414730
MINMODE:MODE:       5      0.00469862     -0.02027439     -0.00401104
MINMODE:MODE:       6      0.00379298     -0.01873894      0.00337595
MINMODE:MODE:       7      0.00082529     -0.01804070      0.00426941
MINMODE:MODE:       8     -0.00192165     -0.01360506      0.00397610
MINMODE:MODE:       9     -0.00286285     -0.00880725     -0.00346461
MINMODE:MODE:      10      0.00018528     -0.00700842     -0.00661095
MINMODE:MODE:      11     -0.01562101      0.00812629     -0.01095969
MINMODE:MODE:      12     -0.01607255      0.00314238     -0.00557242
MINMODE:MODE:      13     -0.00843046     -0.00134606     -0.00888527
MINMODE:MODE:      14     -0.00066516     -0.00432096     -0.01369296
MINMODE:MODE:      15      0.00617707     -0.01181984     -0.02476331
MINMODE:MODE:      16      0.00136361     -0.00588137     -0.03530189
MINMODE:MODE:      17     -0.00299445     -0.02051586      0.05215306
MINMODE:MODE:      18      0.00053689     -0.00130462      0.01356500
MINMODE:MODE:      19     -0.04348957      0.00292072      0.00268769
MINMODE:MODE:      20      0.00908540      0.00870660      0.00216467
MINMODE:MODE:      21      0.00188702      0.01746465      0.00189493
MINMODE:MODE:      22     -0.01348440      0.01106724      0.02092408
MINMODE:MODE:      23     -0.01160737      0.00346685      0.01912482
MINMODE:MODE:      24     -0.01003871     -0.00626473      0.00824944
MINMODE:MODE:      25     -0.00269673     -0.00545582      0.00192514
MINMODE:MODE:      26     -0.01346919     -0.00198762     -0.00111312
MINMODE:MODE:      27      0.00089994      0.00116100     -0.00321209
MINMODE:MODE:      28     -0.00088946     -0.00099320      0.00199944
MINMODE:MODE:      29     -0.00191673     -0.00421888      0.00109691
MINMODE:MODE:      30     -0.00604394     -0.00672144     -0.00019929
MINMODE:MODE:      31     -0.00697910     -0.00554852      0.00222191
MINMODE:MODE:      32      0.00740427     -0.02823105      0.03688015
MINMODE:MODE:      33      0.06352114     -0.05626695      0.04163354
MINMODE:MODE:      34     -0.00266287      0.01700438      0.01086907
MINMODE:MODE:      35      0.00356493      0.01143001      0.00726532
MINMODE:MODE:      36     -0.00183640     -0.01527645      0.00724375
MINMODE:MODE:      37     -0.00020886     -0.02053175      0.00727784
MINMODE:MODE:      38     -0.00262014     -0.01430392      0.00518033
MINMODE:MODE:      39     -0.00219237     -0.00481646     -0.00607062
MINMODE:MODE:      40     -0.00472094      0.00672526     -0.01215620
MINMODE:MODE:      41     -0.00841822      0.00776813      0.00389972
MINMODE:MODE:      42     -0.01037250     -0.00070389     -0.00450260
MINMODE:MODE:      43      0.00078431     -0.00589038     -0.01224970
MINMODE:MODE:      44      0.00559142     -0.01513025     -0.02725083
MINMODE:MODE:      45      0.01172337     -0.01617858     -0.02391559
MINMODE:MODE:      46      0.00996187      0.00821312      0.01795613
MINMODE:MODE:      47     -0.00367478      0.02253235      0.10918555
MINMODE:MODE:      48      0.00381240     -0.00714853      0.01381984
MINMODE:MODE:      49     -0.00793550      0.00058965      0.01156029
MINMODE:MODE:      50     -0.02344247      0.03130301      0.02914602
MINMODE:MODE:      51     -0.01076269      0.00499061      0.01814270
MINMODE:MODE:      52     -0.01690128      0.00094250      0.02390268
MINMODE:MODE:      53     -0.01452881     -0.01174061      0.00684897
MINMODE:MODE:      54     -0.00586210     -0.00456691      0.00226190
MINMODE:MODE:      55      0.00879782     -0.00041461      0.00887652
MINMODE:MODE:      56      0.00043595      0.00175926      0.00432673
MINMODE:MODE:      57     -0.00134871     -0.00413766      0.00122870
MINMODE:MODE:      58     -0.00440765     -0.00926946     -0.00017883
MINMODE:MODE:      59     -0.00479877     -0.00661941      0.00261832
MINMODE:MODE:      60      0.25168073      0.56327122      0.10979927
MINMODE:MODE:      61     -0.01959275      0.07711324     -0.15242576
MINMODE:MODE:      62      0.03398057      0.28622274     -0.25254712
MINMODE:MODE:      63     -0.06516990      0.00579351     -0.03662652
MINMODE:MODE:      64      0.00304207     -0.02685418     -0.03240196
MINMODE:MODE:      65      0.00958892      0.01612485     -0.00317444
MINMODE:MODE:      66      0.00358184      0.00421058     -0.00964572
MINMODE:MODE:      67      0.00552286      0.00058975     -0.00914629
MINMODE:MODE:      68      0.00610705      0.00043264     -0.00894769
MINMODE:MODE:      69      0.00610450     -0.00277415     -0.01116861
MINMODE:MODE:      70      0.00574225      0.00516883     -0.01019361
MINMODE:MODE:      71     -0.01880167     -0.10614925      0.09056524
MINMODE:MODE:      72      0.03682741      0.07128821      0.02767440
MINMODE:MODE:      73      0.12596541      0.00597318      0.03957114
MINMODE:MODE:      74      0.00172542     -0.00204963     -0.01151379
MINMODE:MODE:      75      0.00848223      0.00033666     -0.01021701
MINMODE:MODE:      76      0.00823483      0.00100570     -0.00698415
MINMODE:MODE:      77      0.00513036     -0.00664263     -0.00883764
MINMODE:MODE:      78      0.00035314     -0.00052216     -0.00981367
MINMODE:MODE: Optimization Step: 28
MINMODE:MODE: Order: 0
MINMODE:MODE:       0     -0.24783702     -0.48603029     -0.12941341
MINMODE:MODE:       1     -0.02106011     -0.13990705      0.10716719
MINMODE:MODE:       2      0.00978596     -0.04803590      0.04778545
MINMODE:MODE:       3     -0.01520870      0.00328368      0.00621722
MINMODE:MODE:       4      0.00322550     -0.03030154     -0.03430993
MINMODE:MODE:       5      0.00572704     -0.01815628     -0.00495025
MINMODE:MODE:       6      0.00489232     -0.01418710      0.00084972
MINMODE:MODE:       7      0.00171871     -0.01265178      0.00113294
MINMODE:MODE:       8     -0.00134100     -0.00929230      0.00205129
MINMODE:MODE:       9     -0.00235375     -0.00655784     -0.00372637
MINMODE:MODE:      10      0.00067451     -0.00561369     -0.00629767
MINMODE:MODE:      11     -0.01512688      0.00882001     -0.00773934
MINMODE:MODE:      12     -0.01449969      0.00201942     -0.00403236
MINMODE:MODE:      13     -0.00692212     -0.00237989     -0.00611140
MINMODE:MODE:      14     -0.00034021     -0.00330905     -0.00775126
MINMODE:MODE:      15      0.00572796     -0.00911279     -0.01703847
MINMODE:MODE:      16      0.00098952     -0.00333840     -0.02896956
MINMODE:MODE:      17     -0.00431332     -0.02165722      0.04759250
MINMODE:MODE:      18     -0.00110245     -0.00186909      0.01183945
MINMODE:MODE:      19     -0.04550538      0.00210578      0.00053816
MINMODE:MODE:      20      0.01042886      0.00816922      0.00011089
MINMODE:MODE:      21      0.00357826      0.01591107     -0.00145995
MINMODE:MODE:      22     -0.01128253      0.01001748      0.01658530
MINMODE:MODE:      23     -0.00860242      0.00381912      0.01484314
MINMODE:MODE:      24     -0.00701256     -0.00508112      0.00558516
MINMODE:MODE:      25     -0.00060560     -0.00468436      0.00032508
MINMODE:MODE:      26     -0.01431440     -0.00118951     -0.00265626
MINMODE:MODE:      27      0.00060660      0.00145284     -0.00500653
MINMODE:MODE:      28     -0.00128835     -0.00067965      0.00062775
MINMODE:MODE:      29     -0.00217775     -0.00281130      0.00052525
MINMODE:MODE:      30     -0.00635176     -0.00434497     -0.00038641
MINMODE:MODE:      31     -0.00731188     -0.00363264      0.00163766
MINMODE:MODE:      32      0.00642247     -0.02595258      0.02962994
MINMODE:MODE:      33      0.05723836     -0.05700663      0.03486802
MINMODE:MODE:      34     -0.00255771      0.01391577      0.00962253
MINMODE:MODE:      35      0.00279214      0.00732063      0.00756691
MINMODE:MODE:      36     -0.00110078     -0.00951428      0.00419634
MINMODE:MODE:      37      0.00067312     -0.01358911      0.00296486
MINMODE:MODE:      38     -0.00213738     -0.00933905      0.00272926
MINMODE:MODE:      39     -0.00186219     -0.00346969     -0.00532532
MINMODE:MODE:      40     -0.00454345      0.00614283     -0.01105802
MINMODE:MODE:      41     -0.00557527      0.00494261      0.00276503
MINMODE:MODE:      42     -0.00805934     -0.00284569     -0.00310683
MINMODE:MODE:      43      0.00097024     -0.00471623     -0.00536376
MINMODE:MODE:      44      0.00425691     -0.01096681     -0.01706258
MINMODE:MODE:      45      0.01077997     -0.01291638     -0.01564499
MINMODE:MODE:      46      0.00862149      0.00447363      0.01775494
MINMODE:MODE:      47     -0.00632565      0.01714635      0.09847627
MINMODE:MODE:      48      0.00131452     -0.00678592      0.01225813
MINMODE:MODE:      49     -0.00722670     -0.00127527      0.01084682
MINMODE:MODE:      50     -0.02367018      0.02819850      0.02596525
MINMODE:MODE:      51     -0.00882837      0.00341331      0.01249336
MINMODE:MODE:      52     -0.01322947      0.00165298      0.01869747
MINMODE:MODE:      53     -0.01060524     -0.00935526      0.00457752
MINMODE:MODE:      54     -0.00389622     -0.00291477      0.00210231
MINMODE:MODE:      55      0.00858951     -0.00077657      0.00681746
MINMODE:MODE:      56     -0.00013158      0.00125183      0.00265949
MINMODE:MODE:      57     -0.00167514     -0.00257894      0.00093296
MINMODE:MODE:      58     -0.00447488     -0.00594130      0.00030595
MINMODE:MODE:      59     -0.00450686     -0.00400370      0.00225324
MINMODE:MODE:      60      0.25188999      0.56377021      0.11458386
MINMODE:MODE:      61     -0.02577395      0.05169877     -0.14922221
MINMODE:MODE:      62      0.02387378      0.27961197     -0.26806720
MINMODE:MODE:      63     -0.04442176      0.00839465     -0.01404697
MINMODE:MODE:      64      0.00526415     -0.02868283     -0.02732612
MINMODE:MODE:      65      0.01015343      0.01488440      0.00097989
MINMODE:MODE:      66      0.00264631      0.00319354     -0.00472472
MINMODE:MODE:      67      0.00355762      0.00002350     -0.00495834
MINMODE:MODE:      68      0.00436309      0.00053713     -0.00591998
MINMODE:MODE:      69      0.00579400     -0.00166738     -0.00825430
MINMODE:MODE:      70      0.00657285      0.00552508     -0.00653322
MINMODE:MODE:      71     -0.01698143     -0.09499665      0.07825610
MINMODE:MODE:      72      0.03251095      0.05316670      0.02301780
MINMODE:MODE:      73      0.11741869      0.02662531      0.04292820
MINMODE:MODE:      74      0.00056434     -0.00405268     -0.00576968
MINMODE:MODE:      75      0.00534586     -0.00067147     -0.00568823
MINMODE:MODE:      76      0.00554312      0.00082782     -0.00481826
MINMODE:MODE:      77      0.00507843     -0.00435280     -0.00668517
MINMODE:MODE:      78      0.00255086      0.00087959     -0.00623901
MINMODE:MODE: Optimization Step: 29
MINMODE:MODE: Order: 0
MINMODE:MODE:       0     -0.24789080     -0.48686832     -0.12898245
MINMODE:MODE:       1     -0.02174125     -0.14224725      0.10519342
MINMODE:MODE:       2      0.00907658     -0.04852841      0.04516105
MINMODE:MODE:       3     -0.01514494      0.00223800      0.00547304
MINMODE:MODE:       4      0.00408278     -0.03072450     -0.03405521
MINMODE:MODE:       5      0.00618658     -0.01702556     -0.00547839
MINMODE:MODE:       6      0.00538193     -0.01186537     -0.00042198
MINMODE:MODE:       7      0.00218329     -0.00991163     -0.00047971
MINMODE:MODE:       8     -0.00097953     -0.00712745      0.00102717
MINMODE:MODE:       9     -0.00204099     -0.00545098     -0.00390129
MINMODE:MODE:      10      0.00089243     -0.00497246     -0.00615065
MINMODE:MODE:      11     -0.01482027      0.00914792     -0.00609849
MINMODE:MODE:      12     -0.01373538      0.00141663     -0.00333679
MINMODE:MODE:      13     -0.00622152     -0.00288058     -0.00468494
MINMODE:MODE:      14     -0.00017032     -0.00280861     -0.00469115
MINMODE:MODE:      15      0.00547205     -0.00777276     -0.01309000
MINMODE:MODE:      16      0.00084159     -0.00211388     -0.02582682
MINMODE:MODE:      17     -0.00512043     -0.02289915      0.04483569
MINMODE:MODE:      18     -0.00168845     -0.00241121      0.01081469
MINMODE:MODE:      19     -0.04654220      0.00165135      0.00019339
MINMODE:MODE:      20      0.01093039      0.00806191     -0.00082368
MINMODE:MODE:      21      0.00410069      0.01529235     -0.00309208
MINMODE:MODE:      22     -0.01022960      0.00954053      0.01437010
MINMODE:MODE:      23     -0.00703940      0.00397917      0.01273955
MINMODE:MODE:      24     -0.00542085     -0.00448311      0.00422347
MINMODE:MODE:      25      0.00040354     -0.00427168     -0.00045490
MINMODE:MODE:      26     -0.01471424     -0.00073357     -0.00350683
MINMODE:MODE:      27      0.00046575      0.00164651     -0.00601133
MINMODE:MODE:      28     -0.00155119     -0.00051180     -0.00008858
MINMODE:MODE:      29     -0.00237253     -0.00209915      0.00022231
MINMODE:MODE:      30     -0.00656206     -0.00314438     -0.00049152
MINMODE:MODE:      31     -0.00747733     -0.00260719      0.00131584
MINMODE:MODE:      32      0.00597569     -0.02473895      0.02602273
MINMODE:MODE:      33      0.05459152     -0.05798771      0.03167788
MINMODE:MODE:      34     -0.00266621      0.01239857      0.00902321
MINMODE:MODE:      35      0.00267534      0.00504887      0.00762941
MINMODE:MODE:      36     -0.00067554     -0.00660806      0.00258223
MINMODE:MODE:      37      0.00115702     -0.01006228      0.00071293
MINMODE:MODE:      38     -0.00184778     -0.00684211      0.00143449
MINMODE:MODE:      39     -0.00165685     -0.00280269     -0.00498045
MINMODE:MODE:      40     -0.00444878      0.00602722     -0.01038217
MINMODE:MODE:      41     -0.00414889      0.00349916      0.00217336
MINMODE:MODE:      42     -0.00695441     -0.00399135     -0.00241900
MINMODE:MODE:      43      0.00108010     -0.00413596     -0.00181588
MINMODE:MODE:      44      0.00356356     -0.00887961     -0.01183900
MINMODE:MODE:      45      0.01031351     -0.01128873     -0.01151785
MINMODE:MODE:      46      0.00778080      0.00240078      0.01758783
MINMODE:MODE:      47     -0.00760981      0.01465385      0.09373689
MINMODE:MODE:      48      0.00013402     -0.00668047      0.01159316
MINMODE:MODE:      49     -0.00689632     -0.00229688      0.01035652
MINMODE:MODE:      50     -0.02378432      0.02690000      0.02447776
MINMODE:MODE:      51     -0.00783253      0.00254271      0.00958715
MINMODE:MODE:      52     -0.01135461      0.00200585      0.01604162
MINMODE:MODE:      53     -0.00857846     -0.00820879      0.00334570
MINMODE:MODE:      54     -0.00290933     -0.00209454      0.00197932
MINMODE:MODE:      55      0.00851022     -0.00105917      0.00582327
MINMODE:MODE:      56     -0.00044065      0.00101811      0.00181644
MINMODE:MODE:      57     -0.00189746     -0.00177226      0.00077145
MINMODE:MODE:      58     -0.00459028     -0.00424360      0.00055235
MINMODE:MODE:      59     -0.00441465     -0.00266297      0.00208505
MINMODE:MODE:      60      0.25465812      0.56836723      0.11843649
MINMODE:MODE:      61     -0.03525955      0.02843661     -0.15376419
MINMODE:MODE:      62      0.02297437      0.27971310     -0.26882549
MINMODE:MODE:      63     -0.03386573      0.01061698     -0.00198157
MINMODE:MODE:      64      0.00709380     -0.02901982     -0.02396699
MINMODE:MODE:      65      0.01054862      0.01437855      0.00330636
MINMODE:MODE:      66      0.00222396      0.00255237     -0.00215207
MINMODE:MODE:      67      0.00252522     -0.00032004     -0.00282400
MINMODE:MODE:      68      0.00347460      0.00061598     -0.00440631
MINMODE:MODE:      69      0.00571000     -0.00110956     -0.00684436
MINMODE:MODE:      70      0.00713616      0.00583579     -0.00469608
MINMODE:MODE:      71     -0.01753866     -0.09152210      0.07192237
MINMODE:MODE:      72      0.03099976      0.04400629      0.02072149
MINMODE:MODE:      73      0.11105795      0.03491344      0.04307852
MINMODE:MODE:      74     -0.00004564     -0.00509995     -0.00282390
MINMODE:MODE:      75      0.00375599     -0.00116056     -0.00341917
MINMODE:MODE:      76      0.00419426      0.00079103     -0.00370681
MINMODE:MODE:      77      0.00512218     -0.00321890     -0.00559022
MINMODE:MODE:      78      0.00360539      0.00156919     -0.00442345
MINMODE:MODE: Optimization Step: 30
MINMODE:MODE: Order: 0
MINMODE:MODE:       0     -0.24568639     -0.48087163     -0.12611361
MINMODE:MODE:       1     -0.02648098     -0.15329732      0.10564329
MINMODE:MODE:       2      0.00888936     -0.05142424      0.04551024
MINMODE:MODE:       3     -0.01598044      0.00184520      0.00524826
MINMODE:MODE:       4      0.00381071     -0.03250413     -0.03397548
MINMODE:MODE:       5      0.00660311     -0.01709327     -0.00618996
MINMODE:MODE:       6      0.00583375     -0.01112696     -0.00112496
MINMODE:MODE:       7      0.00254291     -0.00895768     -0.00139554
MINMODE:MODE:       8     -0.00076754     -0.00632546      0.00047041
MINMODE:MODE:       9     -0.00185050     -0.00512769     -0.00413915
MINMODE:MODE:      10      0.00080120     -0.00496180     -0.00630123
MINMODE:MODE:      11     -0.01517966      0.00917385     -0.00554404
MINMODE:MODE:      12     -0.01384179      0.00114272     -0.00316429
MINMODE:MODE:      13     -0.00616641     -0.00323461     -0.00410496
MINMODE:MODE:      14     -0.00009672     -0.00269552     -0.00329052
MINMODE:MODE:      15      0.00549387     -0.00733737     -0.01158037
MINMODE:MODE:      16      0.00098930     -0.00181372     -0.02488734
MINMODE:MODE:      17     -0.00587727     -0.02487671      0.04414754
MINMODE:MODE:      18     -0.00193651     -0.00315897      0.01052006
MINMODE:MODE:      19     -0.04794756      0.00003855      0.00071402
MINMODE:MODE:      20      0.01100947      0.00806828     -0.00133480
MINMODE:MODE:      21      0.00355303      0.01563645     -0.00343309
MINMODE:MODE:      22     -0.01005683      0.00977350      0.01366636
MINMODE:MODE:      23     -0.00654469      0.00418628      0.01225090
MINMODE:MODE:      24     -0.00478604     -0.00430906      0.00374639
MINMODE:MODE:      25      0.00087912     -0.00413223     -0.00081089
MINMODE:MODE:      26     -0.01552555     -0.00029025     -0.00400843
MINMODE:MODE:      27      0.00033251      0.00183944     -0.00666877
MINMODE:MODE:      28     -0.00177889     -0.00043935     -0.00050026
MINMODE:MODE:      29     -0.00257852     -0.00181096      0.00004219
MINMODE:MODE:      30     -0.00698522     -0.00267942     -0.00057517
MINMODE:MODE:      31     -0.00795445     -0.00212060      0.00120103
MINMODE:MODE:      32      0.00616080     -0.02525651      0.02518354
MINMODE:MODE:      33      0.05583645     -0.06119525      0.03165076
MINMODE:MODE:      34     -0.00317329      0.01213335      0.00902835
MINMODE:MODE:      35      0.00274666      0.00389649      0.00763554
MINMODE:MODE:      36     -0.00037242     -0.00542901      0.00179036
MINMODE:MODE:      37      0.00152669     -0.00865777     -0.00046692
MINMODE:MODE:      38     -0.00167833     -0.00585362      0.00077206
MINMODE:MODE:      39     -0.00153233     -0.00257402     -0.00501377
MINMODE:MODE:      40     -0.00436369      0.00633879     -0.01011746
MINMODE:MODE:      41     -0.00367882      0.00289687      0.00188138
MINMODE:MODE:      42     -0.00670494     -0.00477220     -0.00215363
MINMODE:MODE:      43      0.00115790     -0.00399712     -0.00005296
MINMODE:MODE:      44      0.00335269     -0.00806849     -0.00967755
MINMODE:MODE:      45      0.01029365     -0.01080774     -0.01023594
MINMODE:MODE:      46      0.00746195      0.00104185      0.01723479
MINMODE:MODE:      47     -0.00830498      0.01429992      0.09529155
MINMODE:MODE:      48     -0.00043031     -0.00693306      0.01171790
MINMODE:MODE:      49     -0.00690540     -0.00293943      0.01032226
MINMODE:MODE:      50     -0.02435204      0.02757124      0.02408863
MINMODE:MODE:      51     -0.00756130      0.00235912      0.00839994
MINMODE:MODE:      52     -0.01078960      0.00228522      0.01532601
MINMODE:MODE:      53     -0.00787706     -0.00794742      0.00285811
MINMODE:MODE:      54     -0.00247923     -0.00176828      0.00188779
MINMODE:MODE:      55      0.00870464     -0.00142105      0.00555995
MINMODE:MODE:      56     -0.00065666      0.00097172      0.00142474
MINMODE:MODE:      57     -0.00211605     -0.00140441      0.00070880
MINMODE:MODE:      58     -0.00489996     -0.00353269      0.00068842
MINMODE:MODE:      59     -0.00455829     -0.00202601      0.00203724
MINMODE:MODE:      60      0.25163007      0.56675157      0.10759793
MINMODE:MODE:      61     -0.03577613      0.03153218     -0.15981784
MINMODE:MODE:      62      0.02782129      0.29050846     -0.26912956
MINMODE:MODE:      63     -0.02975265      0.01351299      0.00460851
MINMODE:MODE:      64      0.01009902     -0.02854243     -0.02129445
MINMODE:MODE:      65      0.01126163      0.01458417      0.00478939
MINMODE:MODE:      66      0.00225799      0.00219279     -0.00079441
MINMODE:MODE:      67      0.00209060     -0.00054994     -0.00182991
MINMODE:MODE:      68      0.00314846      0.00069457     -0.00381336
MINMODE:MODE:      69      0.00593751     -0.00083490     -0.00640257
MINMODE:MODE:      70      0.00786113      0.00642109     -0.00392144
MINMODE:MODE:      71     -0.02047072     -0.09709333      0.07190374
MINMODE:MODE:      72      0.03216098      0.04111340      0.02027209
MINMODE:MODE:      73      0.10816470      0.03654485      0.04217263
MINMODE:MODE:      74     -0.00034942     -0.00578320     -0.00143118
MINMODE:MODE:      75      0.00305182     -0.00146301     -0.00242241
MINMODE:MODE:      76      0.00363528      0.00085524     -0.00330899
MINMODE:MODE:      77      0.00540143     -0.00278864     -0.00530716
MINMODE:MODE:      78      0.00430388      0.00201829     -0.00365875
MINMODE:MODE: Optimization Step: 31
MINMODE:MODE: Order: 0
MINMODE:MODE:       0     -0.22570574     -0.42524296     -0.12049675
MINMODE:MODE:       1     -0.04567088     -0.19477570      0.11085954
MINMODE:MODE:       2      0.00903184     -0.06718742      0.05259006
MINMODE:MODE:       3     -0.02106184     -0.00034520      0.00705844
MINMODE:MODE:       4     -0.00269237     -0.03970561     -0.03333257
MINMODE:MODE:       5      0.00781785     -0.02043651     -0.00869498
MINMODE:MODE:       6      0.00755607     -0.01226827     -0.00267256
MINMODE:MODE:       7      0.00390761     -0.00963409     -0.00344575
MINMODE:MODE:       8     -0.00022179     -0.00664617     -0.00073130
MINMODE:MODE:       9     -0.00148372     -0.00597680     -0.00558467
MINMODE:MODE:      10      0.00018244     -0.00659848     -0.00775086
MINMODE:MODE:      11     -0.01906178      0.00654723     -0.00598717
MINMODE:MODE:      12     -0.01677849      0.00079597     -0.00380113
MINMODE:MODE:      13     -0.00797523     -0.00451672     -0.00392999
MINMODE:MODE:      14     -0.00028814     -0.00327513     -0.00206934
MINMODE:MODE:      15      0.00575503     -0.00804156     -0.01141552
MINMODE:MODE:      16      0.00166600     -0.00378194     -0.02555788
MINMODE:MODE:      17     -0.00812655     -0.03321688      0.04732630
MINMODE:MODE:      18     -0.00286521     -0.00757695      0.01276940
MINMODE:MODE:      19     -0.05015520     -0.00844343      0.00275768
MINMODE:MODE:      20      0.00910702      0.00642798     -0.00248396
MINMODE:MODE:      21     -0.00167962      0.01801082     -0.00178457
MINMODE:MODE:      22     -0.01143667      0.01199570      0.01440035
MINMODE:MODE:      23     -0.00725729      0.00511748      0.01416196
MINMODE:MODE:      24     -0.00466971     -0.00471731      0.00404182
MINMODE:MODE:      25      0.00144813     -0.00432368     -0.00114337
MINMODE:MODE:      26     -0.01908137      0.00104419     -0.00413590
MINMODE:MODE:      27     -0.00062986      0.00231198     -0.00737716
MINMODE:MODE:      28     -0.00262293     -0.00023145     -0.00138634
MINMODE:MODE:      29     -0.00343337     -0.00163437     -0.00046141
MINMODE:MODE:      30     -0.00947046     -0.00254247     -0.00089228
MINMODE:MODE:      31     -0.01093764     -0.00145900      0.00120689
MINMODE:MODE:      32      0.00916121     -0.03337806      0.02872122
MINMODE:MODE:      33      0.07020717     -0.07830381      0.03872214
MINMODE:MODE:      34     -0.00541399      0.01348093      0.01064035
MINMODE:MODE:      35      0.00228797      0.00303737      0.00736418
MINMODE:MODE:      36      0.00055813     -0.00520172      0.00063510
MINMODE:MODE:      37      0.00292476     -0.00855862     -0.00278106
MINMODE:MODE:      38     -0.00127451     -0.00583514     -0.00050298
MINMODE:MODE:      39     -0.00128122     -0.00292852     -0.00633728
MINMODE:MODE:      40     -0.00342476      0.00848465     -0.01014953
MINMODE:MODE:      41     -0.00465319      0.00275268      0.00129595
MINMODE:MODE:      42     -0.00817864     -0.00706015     -0.00227209
MINMODE:MODE:      43      0.00122784     -0.00461331      0.00244770
MINMODE:MODE:      44      0.00383734     -0.00793635     -0.00885968
MINMODE:MODE:      45      0.01075057     -0.01147934     -0.01277539
MINMODE:MODE:      46      0.00647971     -0.00360336      0.01284776
MINMODE:MODE:      47     -0.00942763      0.01798589      0.11539172
MINMODE:MODE:      48     -0.00194294     -0.00923055      0.01431847
MINMODE:MODE:      49     -0.00796269     -0.00451019      0.01185897
MINMODE:MODE:      50     -0.02702499      0.03397056      0.02330835
MINMODE:MODE:      51     -0.00834158      0.00377864      0.00809567
MINMODE:MODE:      52     -0.01185377      0.00315857      0.01737275
MINMODE:MODE:      53     -0.00839141     -0.00918601      0.00282071
MINMODE:MODE:      54     -0.00187296     -0.00172119      0.00141365
MINMODE:MODE:      55      0.00985457     -0.00357661      0.00622711
MINMODE:MODE:      56     -0.00151444      0.00127677      0.00067113
MINMODE:MODE:      57     -0.00297053     -0.00099898      0.00049249
MINMODE:MODE:      58     -0.00701092     -0.00316230      0.00081791
MINMODE:MODE:      59     -0.00577499     -0.00115942      0.00198239
MINMODE:MODE:      60      0.23072680      0.54467034      0.05632468
MINMODE:MODE:      61     -0.02007783      0.09250164     -0.18290521
MINMODE:MODE:      62      0.05058728      0.34403212     -0.28057461
MINMODE:MODE:      63     -0.02291187      0.01388176      0.01186748
MINMODE:MODE:      64      0.01750843     -0.01523601     -0.01087800
MINMODE:MODE:      65      0.01465767      0.01851971      0.00826282
MINMODE:MODE:      66      0.00331398      0.00206163      0.00140102
MINMODE:MODE:      67      0.00190970     -0.00114055     -0.00084795
MINMODE:MODE:      68      0.00327455      0.00103022     -0.00372769
MINMODE:MODE:      69      0.00767317     -0.00043450     -0.00690206
MINMODE:MODE:      70      0.01099756      0.00872233     -0.00300038
MINMODE:MODE:      71     -0.04016627     -0.14132602      0.08528741
MINMODE:MODE:      72      0.04141137      0.04456066      0.02327528
MINMODE:MODE:      73      0.10996377      0.03104707      0.04089465
MINMODE:MODE:      74     -0.00029480     -0.00759675      0.00024205
MINMODE:MODE:      75      0.00232958     -0.00232996     -0.00155779
MINMODE:MODE:      76      0.00325596      0.00129730     -0.00359882
MINMODE:MODE:      77      0.00709051     -0.00277037     -0.00631979
MINMODE:MODE:      78      0.00661021      0.00335369     -0.00304780
