MINMODE:MODE: Optimization Step: 0
MINMODE:MODE: Order: 0
MINMODE:MODE:       0      0.00037738      0.00552159     -0.00485245
MINMODE:MODE:       1     -0.00326684      0.00435313     -0.01483074
MINMODE:MODE:       2     -0.01331503      0.00660991      0.02337236
MINMODE:MODE:       3      0.00445757      0.00113182      0.04156382
MINMODE:MODE:       4      0.00027571      0.00067743      0.01521068
MINMODE:MODE:       5     -0.01464412      0.01763906      0.01846555
MINMODE:MODE:       6      0.01895851      0.00021104      0.01268489
MINMODE:MODE:       7      0.00940027      0.01753201      0.01219149
MINMODE:MODE:       8     -0.03294256      0.05053290      0.01723798
MINMODE:MODE:       9     -0.06621512      0.06658254      0.02283873
MINMODE:MODE:      10     -0.05818840      0.05084335      0.02401999
MINMODE:MODE:      11      0.01799604     -0.00904728      0.02310622
MINMODE:MODE:      12      0.00997374     -0.02581772     -0.00921531
MINMODE:MODE:      13      0.02094585     -0.03225587     -0.00465394
MINMODE:MODE:      14      0.03840202     -0.02380116      0.03084411
MINMODE:MODE:      15      0.04550982     -0.00839139      0.06205431
MINMODE:MODE:      16      0.03564770     -0.00034942      0.05934996
MINMODE:MODE:      17     -0.02433077     -0.00293855     -0.05634848
MINMODE:MODE:      18     -0.00399916      0.00374625     -0.01941351
MINMODE:MODE:      19     -0.00035902      0.01595850     -0.00218667
MINMODE:MODE:      20      0.01018795      0.01643972      0.00756055
MINMODE:MODE:      21      0.04205507      0.02757497      0.04554994
MINMODE:MODE:      22      0.04577838      0.03302850      0.04395109
MINMODE:MODE:      23      0.02012869      0.02676660      0.00675955
MINMODE:MODE:      24     -0.00968418      0.01565652     -0.02924515
MINMODE:MODE:      25     -0.01521157      0.01041060     -0.02950323
MINMODE:MODE:      26     -0.00725613      0.02870365     -0.00262690
MINMODE:MODE:      27      0.03563472      0.10194477     -0.07319317
MINMODE:MODE:      28      0.03477503      0.09810240     -0.07024629
MINMODE:MODE:      29     -0.00864365      0.02474778      0.00093321
MINMODE:MODE:      30     -0.05064792     -0.04652548      0.06979130
MINMODE:MODE:      31     -0.05168356     -0.04565286      0.07051292
MINMODE:MODE:      32     -0.00718828      0.00527892      0.03227022
MINMODE:MODE:      33     -0.04178427      0.01289005      0.02597734
MINMODE:MODE:      34      0.02871488     -0.00917997      0.04400959
MINMODE:MODE:      35     -0.00470041      0.00581377      0.06562312
MINMODE:MODE:      36      0.05464246     -0.02881974      0.00930370
MINMODE:MODE:      37      0.03526308      0.00414851      0.00784047
MINMODE:MODE:      38     -0.03975199      0.06299916      0.01672410
MINMODE:MODE:      39     -0.09861963      0.09119025      0.02663550
MINMODE:MODE:      40     -0.08573541      0.06340715      0.02820068
MINMODE:MODE:      41     -0.00617935     -0.03567453     -0.03928107
MINMODE:MODE:      42      0.01527099     -0.04426126     -0.02949129
MINMODE:MODE:      43      0.04599820     -0.02945813      0.03338937
MINMODE:MODE:      44      0.05839398     -0.00200740      0.08844820
MINMODE:MODE:      45      0.04011964      0.01240214      0.08532624
MINMODE:MODE:      46     -0.04344971      0.04103975     -0.09582121
MINMODE:MODE:      47     -0.04076854     -0.05675537     -0.07929539
MINMODE:MODE:      48     -0.01049218      0.01400577     -0.01054188
MINMODE:MODE:      49      0.02083667     -0.01229467     -0.01817651
MINMODE:MODE:      50      0.06254519      0.03216665      0.07634680
MINMODE:MODE:      51      0.06860892      0.04157209      0.07177596
MINMODE:MODE:      52      0.02331735      0.03067340      0.00611447
MINMODE:MODE:      53     -0.02922108      0.01088611     -0.05678988
MINMODE:MODE:      54     -0.03852534      0.00004508     -0.05846459
MINMODE:MODE:      55      0.07112904      0.16722465     -0.12688158
MINMODE:MODE:      56      0.06561345      0.15343495     -0.12372949
MINMODE:MODE:      57     -0.00999571      0.02403694      0.00240176
MINMODE:MODE:      58     -0.08366647     -0.10259262      0.12387806
MINMODE:MODE:      59     -0.08773322     -0.10244074      0.12542879
MINMODE:MODE:      60      0.01081392      0.01153510      0.02428893
MINMODE:MODE:      61      0.01883841      0.01549791      0.05166910
MINMODE:MODE:      62      0.00397358     -0.01277739     -0.00135042
MINMODE:MODE:      63      0.00860474     -0.02324365      0.00315787
MINMODE:MODE:      64      0.14494717     -0.01129675      0.02392720
MINMODE:MODE:      65      0.09578825     -0.16557872     -0.06980172
MINMODE:MODE:      66      0.02035578     -0.09688012     -0.05419091
MINMODE:MODE:      67      0.08767887     -0.13815017      0.00271676
MINMODE:MODE:      68      0.03050487     -0.07187880      0.01913474
MINMODE:MODE:      69     -0.07589076      0.02677140     -0.01743909
MINMODE:MODE:      70     -0.13929759      0.06686522     -0.07360382
MINMODE:MODE:      71     -0.10117278      0.01057099     -0.09346554
MINMODE:MODE:      72      0.03412859      0.01399735     -0.01862869
MINMODE:MODE:      73     -0.00932497      0.02322237     -0.00990168
MINMODE:MODE:      74      0.11550827     -0.37225311     -0.16004592
MINMODE:MODE:      75      0.17032757     -0.21651446      0.03236813
MINMODE:MODE:      76      0.07236796     -0.09957791      0.06015105
MINMODE:MODE:      77     -0.10976083      0.07304806     -0.00303119
MINMODE:MODE:      78     -0.21857529      0.14412031     -0.10185891
MINMODE:MODE:      79     -0.15257443      0.04285614     -0.13700022
MINMODE:MODE: Optimization Step: 0
MINMODE:MODE: Order: 0
MINMODE:MODE:       0      0.00045128      0.00586015     -0.00494456
MINMODE:MODE:       1     -0.00299608      0.00454057     -0.01488326
MINMODE:MODE:       2     -0.01326436      0.00670634      0.02342433
MINMODE:MODE:       3      0.00448759      0.00123900      0.04156577
MINMODE:MODE:       4      0.00049032      0.00076945      0.01520931
MINMODE:MODE:       5     -0.01438859      0.01796636      0.01856721
MINMODE:MODE:       6      0.01919718      0.00077003      0.01240449
MINMODE:MODE:       7      0.00971286      0.01803645      0.01190588
MINMODE:MODE:       8     -0.03324144      0.05022569      0.01699992
MINMODE:MODE:       9     -0.06653000      0.06601913      0.02302460
MINMODE:MODE:      10     -0.05855544      0.05025323      0.02417231
MINMODE:MODE:      11      0.01827750     -0.00886074      0.02318510
MINMODE:MODE:      12      0.01022300     -0.02587652     -0.00913306
MINMODE:MODE:      13      0.02113634     -0.03244799     -0.00464683
MINMODE:MODE:      14      0.03821083     -0.02377315      0.03100003
MINMODE:MODE:      15      0.04516449     -0.00814481      0.06202079
MINMODE:MODE:      16      0.03538836     -0.00005794      0.05942649
MINMODE:MODE:      17     -0.02437239     -0.00295971     -0.05627966
MINMODE:MODE:      18     -0.00403481      0.00387942     -0.01934947
MINMODE:MODE:      19      0.00004423      0.01662828     -0.00148469
MINMODE:MODE:      20      0.00982935      0.01661588      0.00776149
MINMODE:MODE:      21      0.04235524      0.02810648      0.04506090
MINMODE:MODE:      22      0.04603995      0.03360458      0.04349710
MINMODE:MODE:      23      0.02043536      0.02667574      0.00653670
MINMODE:MODE:      24     -0.01001135      0.01513150     -0.02880972
MINMODE:MODE:      25     -0.01546232      0.00991297     -0.02910621
MINMODE:MODE:      26     -0.00684401      0.02984627     -0.00110778
MINMODE:MODE:      27      0.03642926      0.09911800     -0.07343420
MINMODE:MODE:      28      0.03707419      0.09594970     -0.07071956
MINMODE:MODE:      29     -0.01063316      0.02531600     -0.00011916
MINMODE:MODE:      30     -0.05275198     -0.04446206      0.07038838
MINMODE:MODE:      31     -0.05446869     -0.04291166      0.07087145
MINMODE:MODE:      32     -0.00726076      0.00540092      0.03236859
MINMODE:MODE:      33     -0.04188211      0.01292619      0.02584784
MINMODE:MODE:      34      0.02864039     -0.00910937      0.04419778
MINMODE:MODE:      35     -0.00488264      0.00589624      0.06556301
MINMODE:MODE:      36      0.05545272     -0.02771118      0.00899062
MINMODE:MODE:      37      0.03556761      0.00477757      0.00727492
MINMODE:MODE:      38     -0.03993047      0.06268084      0.01648316
MINMODE:MODE:      39     -0.09918907      0.09005385      0.02688477
MINMODE:MODE:      40     -0.08606962      0.06271145      0.02861418
MINMODE:MODE:      41     -0.00568669     -0.03612477     -0.03946290
MINMODE:MODE:      42      0.01553774     -0.04460225     -0.02934416
MINMODE:MODE:      43      0.04581974     -0.02945823      0.03353202
MINMODE:MODE:      44      0.05782693     -0.00162168      0.08852461
MINMODE:MODE:      45      0.03976982      0.01277033      0.08516579
MINMODE:MODE:      46     -0.04393224      0.04040477     -0.09625479
MINMODE:MODE:      47     -0.04058800     -0.05719011     -0.07870337
MINMODE:MODE:      48     -0.01044137      0.01405025     -0.01043294
MINMODE:MODE:      49      0.02093258     -0.01217702     -0.01813229
MINMODE:MODE:      50      0.06282154      0.03319397      0.07585366
MINMODE:MODE:      51      0.06930966      0.04229629      0.07094875
MINMODE:MODE:      52      0.02355562      0.03055149      0.00592254
MINMODE:MODE:      53     -0.02948930      0.00990107     -0.05629470
MINMODE:MODE:      54     -0.03920484     -0.00068155     -0.05757898
MINMODE:MODE:      55      0.07680347      0.16191133     -0.12485329
MINMODE:MODE:      56      0.06816770      0.14937820     -0.12531259
MINMODE:MODE:      57     -0.01121750      0.02409272      0.00155210
MINMODE:MODE:      58     -0.08730322     -0.09973086      0.12403973
MINMODE:MODE:      59     -0.09056289     -0.09850783      0.12715997
MINMODE:MODE:      60      0.01081010      0.01124193      0.02437582
MINMODE:MODE:      61      0.01874808      0.01537660      0.05163868
MINMODE:MODE:      62      0.00406595     -0.01270985     -0.00139188
MINMODE:MODE:      63      0.00858023     -0.02320123      0.00309780
MINMODE:MODE:      64      0.15955463     -0.01379398      0.03018808
MINMODE:MODE:      65      0.10194210     -0.16848306     -0.07130697
MINMODE:MODE:      66      0.02783209     -0.09727903     -0.05762308
MINMODE:MODE:      67      0.09033419     -0.14102347     -0.00040475
MINMODE:MODE:      68      0.02959701     -0.07248905      0.01596975
MINMODE:MODE:      69     -0.07595926      0.02732901     -0.01510319
MINMODE:MODE:      70     -0.13848194      0.06844758     -0.07215953
MINMODE:MODE:      71     -0.10144599      0.01372074     -0.09172758
MINMODE:MODE:      72      0.03446380      0.01396578     -0.01861217
MINMODE:MODE:      73     -0.00914879      0.02304779     -0.00959774
MINMODE:MODE:      74      0.08690897     -0.36887671     -0.16581915
MINMODE:MODE:      75      0.16995497     -0.21970997      0.02744537
MINMODE:MODE:      76      0.07143526     -0.10157465      0.05792376
MINMODE:MODE:      77     -0.11011348      0.07312366     -0.00072213
MINMODE:MODE:      78     -0.21793416      0.14672770     -0.09784370
MINMODE:MODE:      79     -0.15110129      0.04640091     -0.13388553
MINMODE:MODE: Optimization Step: 1
MINMODE:MODE: Order: 0
MINMODE:MODE:       0      0.00053692      0.00591273     -0.00485056
MINMODE:MODE:       1     -0.00298234      0.00453672     -0.01483275
MINMODE:MODE:       2     -0.01319767      0.00681072      0.02345485
MINMODE:MODE:       3      0.00448094      0.00134911      0.04155045
MINMODE:MODE:       4      0.00051749      0.00082250      0.01514199
MINMODE:MODE:       5     -0.01445150      0.01792557      0.01836289
MINMODE:MODE:       6      0.01935880      0.00108315      0.01222947
MINMODE:MODE:       7      0.00976260      0.01815215      0.01174355
MINMODE:MODE:       8     -0.03318862      0.05014659      0.01698889
MINMODE:MODE:       9     -0.06660690      0.06555543      0.02296597
MINMODE:MODE:      10     -0.05859064      0.04999874      0.02414177
MINMODE:MODE:      11      0.01828726     -0.00874265      0.02331877
MINMODE:MODE:      12      0.01036860     -0.02587417     -0.00907038
MINMODE:MODE:      13      0.02114154     -0.03243907     -0.00459453
MINMODE:MODE:      14      0.03811691     -0.02366461      0.03096421
MINMODE:MODE:      15      0.04487977     -0.00802005      0.06194211
MINMODE:MODE:      16      0.03524996      0.00009812      0.05939381
MINMODE:MODE:      17     -0.02432974     -0.00315511     -0.05615086
MINMODE:MODE:      18     -0.00395696      0.00396047     -0.01925659
MINMODE:MODE:      19      0.00003811      0.01674957     -0.00143945
MINMODE:MODE:      20      0.00995899      0.01656461      0.00780520
MINMODE:MODE:      21      0.04236887      0.02833036      0.04482978
MINMODE:MODE:      22      0.04613488      0.03377773      0.04315821
MINMODE:MODE:      23      0.02037193      0.02673565      0.00656911
MINMODE:MODE:      24     -0.01008145      0.01491095     -0.02863714
MINMODE:MODE:      25     -0.01561567      0.00972257     -0.02880326
MINMODE:MODE:      26     -0.00744897      0.02964511     -0.00132423
MINMODE:MODE:      27      0.03745335      0.09710901     -0.07267883
MINMODE:MODE:      28      0.03788835      0.09451791     -0.07091626
MINMODE:MODE:      29     -0.01038538      0.02544669     -0.00005285
MINMODE:MODE:      30     -0.05411888     -0.04312387      0.07043656
MINMODE:MODE:      31     -0.05562737     -0.04123857      0.07122354
MINMODE:MODE:      32     -0.00727603      0.00549004      0.03240434
MINMODE:MODE:      33     -0.04186733      0.01298215      0.02585755
MINMODE:MODE:      34      0.02853038     -0.00901331      0.04422025
MINMODE:MODE:      35     -0.00490165      0.00595536      0.06548152
MINMODE:MODE:      36      0.05571366     -0.02718713      0.00876099
MINMODE:MODE:      37      0.03572222      0.00510929      0.00705916
MINMODE:MODE:      38     -0.03988885      0.06241226      0.01640525
MINMODE:MODE:      39     -0.09930801      0.08937560      0.02698595
MINMODE:MODE:      40     -0.08620099      0.06221830      0.02863599
MINMODE:MODE:      41     -0.00551499     -0.03633373     -0.03947826
MINMODE:MODE:      42      0.01566256     -0.04464672     -0.02924678
MINMODE:MODE:      43      0.04567076     -0.02935943      0.03352946
MINMODE:MODE:      44      0.05745145     -0.00140033      0.08840318
MINMODE:MODE:      45      0.03947367      0.01290920      0.08497687
MINMODE:MODE:      46     -0.04416251      0.04000910     -0.09622599
MINMODE:MODE:      47     -0.04050168     -0.05744625     -0.07830523
MINMODE:MODE:      48     -0.01040245      0.01415107     -0.01030712
MINMODE:MODE:      49      0.02103483     -0.01205243     -0.01799869
MINMODE:MODE:      50      0.06294448      0.03359909      0.07541472
MINMODE:MODE:      51      0.06951465      0.04266139      0.07045088
MINMODE:MODE:      52      0.02357948      0.03056169      0.00588106
MINMODE:MODE:      53     -0.02965255      0.00950353     -0.05590622
MINMODE:MODE:      54     -0.03939520     -0.00108397     -0.05707164
MINMODE:MODE:      55      0.07843040      0.15838968     -0.12320884
MINMODE:MODE:      56      0.06975245      0.14670145     -0.12566086
MINMODE:MODE:      57     -0.01167219      0.02440126      0.00137580
MINMODE:MODE:      58     -0.08951860     -0.09750069      0.12414321
MINMODE:MODE:      59     -0.09270691     -0.09570776      0.12774739
MINMODE:MODE:      60      0.01087114      0.01110945      0.02461753
MINMODE:MODE:      61      0.01852762      0.01525212      0.05128095
MINMODE:MODE:      62      0.00416703     -0.01261912     -0.00153015
MINMODE:MODE:      63      0.00855323     -0.02311061      0.00315126
MINMODE:MODE:      64      0.16459546     -0.01041456      0.03027204
MINMODE:MODE:      65      0.09864309     -0.16920478     -0.07188843
MINMODE:MODE:      66      0.02928574     -0.09944309     -0.05626420
MINMODE:MODE:      67      0.09250360     -0.14334569     -0.00176438
MINMODE:MODE:      68      0.02960168     -0.07258240      0.01520286
MINMODE:MODE:      69     -0.07555824      0.02782384     -0.01530330
MINMODE:MODE:      70     -0.13782892      0.06944632     -0.07106922
MINMODE:MODE:      71     -0.10083721      0.01491296     -0.09080140
MINMODE:MODE:      72      0.03476522      0.01399129     -0.01858867
MINMODE:MODE:      73     -0.00886623      0.02283608     -0.00943121
MINMODE:MODE:      74      0.08123681     -0.37018202     -0.16913971
MINMODE:MODE:      75      0.17012423     -0.22160712      0.02496038
MINMODE:MODE:      76      0.07091320     -0.10174029      0.05608297
MINMODE:MODE:      77     -0.10978841      0.07393923     -0.00005469
MINMODE:MODE:      78     -0.21725790      0.14830017     -0.09615369
MINMODE:MODE:      79     -0.15049540      0.04833547     -0.13151630
MINMODE:MODE: Optimization Step: 2
MINMODE:MODE: Order: 0
MINMODE:MODE:       0      0.00055264      0.00586695     -0.00481309
MINMODE:MODE:       1     -0.00298366      0.00447109     -0.01474869
MINMODE:MODE:       2     -0.01315953      0.00686569      0.02349592
MINMODE:MODE:       3      0.00447104      0.00140798      0.04152961
MINMODE:MODE:       4      0.00049241      0.00082650      0.01514529
MINMODE:MODE:       5     -0.01448272      0.01787788      0.01823599
MINMODE:MODE:       6      0.01940293      0.00120420      0.01213604
MINMODE:MODE:       7      0.00977682      0.01817613      0.01166599
MINMODE:MODE:       8     -0.03310743      0.05005929      0.01696421
MINMODE:MODE:       9     -0.06656316      0.06528050      0.02288211
MINMODE:MODE:      10     -0.05856244      0.04983768      0.02405448
MINMODE:MODE:      11      0.01825586     -0.00867296      0.02337738
MINMODE:MODE:      12      0.01040588     -0.02582628     -0.00901482
MINMODE:MODE:      13      0.02111566     -0.03237053     -0.00455379
MINMODE:MODE:      14      0.03803693     -0.02356737      0.03091741
MINMODE:MODE:      15      0.04470459     -0.00794293      0.06185472
MINMODE:MODE:      16      0.03514862      0.00017403      0.05934282
MINMODE:MODE:      17     -0.02429608     -0.00328837     -0.05602506
MINMODE:MODE:      18     -0.00388860      0.00398304     -0.01918938
MINMODE:MODE:      19     -0.00011705      0.01663150     -0.00162932
MINMODE:MODE:      20      0.01006356      0.01651309      0.00780636
MINMODE:MODE:      21      0.04235368      0.02839248      0.04468230
MINMODE:MODE:      22      0.04612652      0.03382986      0.04297403
MINMODE:MODE:      23      0.02029645      0.02677758      0.00659890
MINMODE:MODE:      24     -0.01010018      0.01483872     -0.02852666
MINMODE:MODE:      25     -0.01562104      0.00965165     -0.02862735
MINMODE:MODE:      26     -0.00797121      0.02942205     -0.00144853
MINMODE:MODE:      27      0.03762235      0.09596547     -0.07205050
MINMODE:MODE:      28      0.03817039      0.09369176     -0.07075760
MINMODE:MODE:      29     -0.01007760      0.02559914      0.00016119
MINMODE:MODE:      30     -0.05468311     -0.04243365      0.07036060
MINMODE:MODE:      31     -0.05616827     -0.04040808      0.07123794
MINMODE:MODE:      32     -0.00725325      0.00555353      0.03242860
MINMODE:MODE:      33     -0.04181948      0.01303499      0.02589296
MINMODE:MODE:      34      0.02842899     -0.00892479      0.04420188
MINMODE:MODE:      35     -0.00489228      0.00600592      0.06540517
MINMODE:MODE:      36      0.05574684     -0.02696898      0.00862253
MINMODE:MODE:      37      0.03577428      0.00525093      0.00699466
MINMODE:MODE:      38     -0.03978225      0.06223307      0.01638290
MINMODE:MODE:      39     -0.09924562      0.08900715      0.02698809
MINMODE:MODE:      40     -0.08622219      0.06192805      0.02852590
MINMODE:MODE:      41     -0.00549407     -0.03641239     -0.03944743
MINMODE:MODE:      42      0.01569805     -0.04458046     -0.02917906
MINMODE:MODE:      43      0.04556593     -0.02925305      0.03348057
MINMODE:MODE:      44      0.05722380     -0.00129437      0.08824492
MINMODE:MODE:      45      0.03927415      0.01293842      0.08482213
MINMODE:MODE:      46     -0.04425872      0.03976400     -0.09604937
MINMODE:MODE:      47     -0.04046275     -0.05758963     -0.07807539
MINMODE:MODE:      48     -0.01036988      0.01423674     -0.01018108
MINMODE:MODE:      49      0.02111996     -0.01194894     -0.01793209
MINMODE:MODE:      50      0.06296604      0.03369887      0.07511443
MINMODE:MODE:      51      0.06949885      0.04279560      0.07018545
MINMODE:MODE:      52      0.02352246      0.03060699      0.00590088
MINMODE:MODE:      53     -0.02972609      0.00939540     -0.05566532
MINMODE:MODE:      54     -0.03937891     -0.00125967     -0.05681682
MINMODE:MODE:      55      0.07851407      0.15628971     -0.12192441
MINMODE:MODE:      56      0.07046578      0.14532309     -0.12538882
MINMODE:MODE:      57     -0.01158938      0.02474134      0.00156995
MINMODE:MODE:      58     -0.09035844     -0.09631614      0.12413501
MINMODE:MODE:      59     -0.09383455     -0.09433827      0.12761027
MINMODE:MODE:      60      0.01071900      0.01112826      0.02417534
MINMODE:MODE:      61      0.01850654      0.01507368      0.05155738
MINMODE:MODE:      62      0.00423780     -0.01258891     -0.00160106
MINMODE:MODE:      63      0.00852309     -0.02296946      0.00321539
MINMODE:MODE:      64      0.16613984     -0.00730563      0.03050618
MINMODE:MODE:      65      0.09721462     -0.16928660     -0.07251131
MINMODE:MODE:      66      0.02937470     -0.09992255     -0.05591801
MINMODE:MODE:      67      0.09383741     -0.14459447     -0.00221865
MINMODE:MODE:      68      0.03001076     -0.07285288      0.01499818
MINMODE:MODE:      69     -0.07518552      0.02823077     -0.01550299
MINMODE:MODE:      70     -0.13725435      0.06985216     -0.07052044
MINMODE:MODE:      71     -0.10038843      0.01533484     -0.09041159
MINMODE:MODE:      72      0.03497285      0.01402781     -0.01856978
MINMODE:MODE:      73     -0.00861949      0.02269395     -0.00930031
MINMODE:MODE:      74      0.07917673     -0.37234891     -0.17117383
MINMODE:MODE:      75      0.17053584     -0.22264071      0.02399406
MINMODE:MODE:      76      0.07053042     -0.10159909      0.05502949
MINMODE:MODE:      77     -0.10947256      0.07474112      0.00000761
MINMODE:MODE:      78     -0.21679351      0.14911960     -0.09544625
MINMODE:MODE:      79     -0.15039130      0.04915581     -0.13019444
MINMODE:MODE: Optimization Step: 3
MINMODE:MODE: Order: 0
MINMODE:MODE:       0      0.00052018      0.00584350     -0.00484360
MINMODE:MODE:       1     -0.00296931      0.00443462     -0.01466762
MINMODE:MODE:       2     -0.01311755      0.00689973      0.02353838
MINMODE:MODE:       3      0.00446012      0.00144720      0.04150744
MINMODE:MODE:       4      0.00043552      0.00083143      0.01511549
MINMODE:MODE:       5     -0.01449535      0.01783337      0.01815205
MINMODE:MODE:       6      0.01940547      0.00125626      0.01208055
MINMODE:MODE:       7      0.00978311      0.01816369      0.01161840
MINMODE:MODE:       8     -0.03302450      0.04997594      0.01692169
MINMODE:MODE:       9     -0.06649720      0.06510014      0.02280119
MINMODE:MODE:      10     -0.05850545      0.04971729      0.02396581
MINMODE:MODE:      11      0.01821008     -0.00861773      0.02339716
MINMODE:MODE:      12      0.01040408     -0.02576834     -0.00897010
MINMODE:MODE:      13      0.02107629     -0.03228753     -0.00451651
MINMODE:MODE:      14      0.03795896     -0.02347821      0.03087566
MINMODE:MODE:      15      0.04457271     -0.00788141      0.06177040
MINMODE:MODE:      16      0.03505967      0.00022376      0.05927859
MINMODE:MODE:      17     -0.02426101     -0.00337925     -0.05590671
MINMODE:MODE:      18     -0.00384947      0.00400688     -0.01914265
MINMODE:MODE:      19     -0.00024437      0.01651322     -0.00177677
MINMODE:MODE:      20      0.01012410      0.01647563      0.00779736
MINMODE:MODE:      21      0.04231729      0.02840604      0.04456572
MINMODE:MODE:      22      0.04608681      0.03383898      0.04284595
MINMODE:MODE:      23      0.02023567      0.02679963      0.00661889
MINMODE:MODE:      24     -0.01009362      0.01480712     -0.02843878
MINMODE:MODE:      25     -0.01558338      0.00962420     -0.02849774
MINMODE:MODE:      26     -0.00834386      0.02926121     -0.00139628
MINMODE:MODE:      27      0.03758449      0.09509013     -0.07149295
MINMODE:MODE:      28      0.03831011      0.09301264     -0.07048120
MINMODE:MODE:      29     -0.00984984      0.02564797      0.00030948
MINMODE:MODE:      30     -0.05500727     -0.04187273      0.07028620
MINMODE:MODE:      31     -0.05653047     -0.03980263      0.07118297
MINMODE:MODE:      32     -0.00721111      0.00559338      0.03245409
MINMODE:MODE:      33     -0.04175539      0.01307805      0.02593538
MINMODE:MODE:      34      0.02832972     -0.00884588      0.04417385
MINMODE:MODE:      35     -0.00487936      0.00605106      0.06532843
MINMODE:MODE:      36      0.05570208     -0.02685520      0.00852742
MINMODE:MODE:      37      0.03578372      0.00532147      0.00697192
MINMODE:MODE:      38     -0.03966792      0.06208313      0.01634989
MINMODE:MODE:      39     -0.09909530      0.08872632      0.02694293
MINMODE:MODE:      40     -0.08619471      0.06171061      0.02839926
MINMODE:MODE:      41     -0.00551484     -0.03643954     -0.03940090
MINMODE:MODE:      42      0.01570032     -0.04448597     -0.02911476
MINMODE:MODE:      43      0.04546829     -0.02915434      0.03342732
MINMODE:MODE:      44      0.05704385     -0.00123267      0.08807080
MINMODE:MODE:      45      0.03911353      0.01293979      0.08467464
MINMODE:MODE:      46     -0.04432460      0.03952696     -0.09588654
MINMODE:MODE:      47     -0.04041006     -0.05770817     -0.07784267
MINMODE:MODE:      48     -0.01035519      0.01429478     -0.01004983
MINMODE:MODE:      49      0.02119212     -0.01183693     -0.01789551
MINMODE:MODE:      50      0.06294076      0.03371385      0.07486917
MINMODE:MODE:      51      0.06942084      0.04284459      0.06998971
MINMODE:MODE:      52      0.02346060      0.03063568      0.00592065
MINMODE:MODE:      53     -0.02975639      0.00936324     -0.05548192
MINMODE:MODE:      54     -0.03930409     -0.00134846     -0.05663938
MINMODE:MODE:      55      0.07828285      0.15468780     -0.12084313
MINMODE:MODE:      56      0.07090780      0.14425323     -0.12504738
MINMODE:MODE:      57     -0.01141807      0.02498360      0.00171112
MINMODE:MODE:      58     -0.09085311     -0.09541851      0.12405875
MINMODE:MODE:      59     -0.09460634     -0.09330759      0.12736573
MINMODE:MODE:      60      0.01050534      0.01100116      0.02356526
MINMODE:MODE:      61      0.01857099      0.01502437      0.05210729
MINMODE:MODE:      62      0.00426336     -0.01254738     -0.00164430
MINMODE:MODE:      63      0.00850432     -0.02283029      0.00320799
MINMODE:MODE:      64      0.16665411     -0.00439960      0.03093297
MINMODE:MODE:      65      0.09635225     -0.16923509     -0.07300457
MINMODE:MODE:      66      0.02926553     -0.09995223     -0.05584034
MINMODE:MODE:      67      0.09475762     -0.14530117     -0.00242781
MINMODE:MODE:      68      0.03051936     -0.07307649      0.01488670
MINMODE:MODE:      69     -0.07486280      0.02850913     -0.01566820
MINMODE:MODE:      70     -0.13670963      0.07009785     -0.07026029
MINMODE:MODE:      71     -0.10010258      0.01562481     -0.09026505
MINMODE:MODE:      72      0.03512160      0.01406747     -0.01856129
MINMODE:MODE:      73     -0.00839205      0.02254573     -0.00919333
MINMODE:MODE:      74      0.07809801     -0.37470769     -0.17276832
MINMODE:MODE:      75      0.17103210     -0.22337178      0.02360144
MINMODE:MODE:      76      0.07025300     -0.10142990      0.05432230
MINMODE:MODE:      77     -0.10924385      0.07537867     -0.00002064
MINMODE:MODE:      78     -0.21637445      0.14964260     -0.09511430
MINMODE:MODE:      79     -0.15038422      0.04966287     -0.12932303
MINMODE:MODE: Optimization Step: 4
MINMODE:MODE: Order: 0
MINMODE:MODE:       0      0.00047475      0.00584283     -0.00487922
MINMODE:MODE:       1     -0.00293981      0.00443524     -0.01459539
MINMODE:MODE:       2     -0.01306327      0.00692957      0.02358032
MINMODE:MODE:       3      0.00445403      0.00148010      0.04148331
MINMODE:MODE:       4      0.00037840      0.00083618      0.01508116
MINMODE:MODE:       5     -0.01450627      0.01779281      0.01808748
MINMODE:MODE:       6      0.01938471      0.00127488      0.01204116
MINMODE:MODE:       7      0.00978109      0.01813335      0.01157975
MINMODE:MODE:       8     -0.03294018      0.04989658      0.01687125
MINMODE:MODE:       9     -0.06640267      0.06495205      0.02271766
MINMODE:MODE:      10     -0.05843771      0.04961953      0.02388194
MINMODE:MODE:      11      0.01815300     -0.00856865      0.02339065
MINMODE:MODE:      12      0.01038147     -0.02570853     -0.00893583
MINMODE:MODE:      13      0.02102968     -0.03220020     -0.00448106
MINMODE:MODE:      14      0.03788166     -0.02339387      0.03083939
MINMODE:MODE:      15      0.04445973     -0.00782987      0.06168363
MINMODE:MODE:      16      0.03497780      0.00026316      0.05920707
MINMODE:MODE:      17     -0.02422811     -0.00345629     -0.05579087
MINMODE:MODE:      18     -0.00383335      0.00404786     -0.01910442
MINMODE:MODE:      19     -0.00032858      0.01643253     -0.00185569
MINMODE:MODE:      20      0.01016660      0.01645254      0.00780432
MINMODE:MODE:      21      0.04226307      0.02840055      0.04446086
MINMODE:MODE:      22      0.04602923      0.03382873      0.04274177
MINMODE:MODE:      23      0.02018659      0.02680613      0.00663098
MINMODE:MODE:      24     -0.01007425      0.01479729     -0.02836231
MINMODE:MODE:      25     -0.01553273      0.00962129     -0.02838961
MINMODE:MODE:      26     -0.00862238      0.02914542     -0.00118026
MINMODE:MODE:      27      0.03754276      0.09426512     -0.07100387
MINMODE:MODE:      28      0.03842840      0.09231309     -0.07015358
MINMODE:MODE:      29     -0.00965552      0.02562195      0.00029380
MINMODE:MODE:      30     -0.05531008     -0.04131065      0.07028088
MINMODE:MODE:      31     -0.05687734     -0.03922612      0.07112979
MINMODE:MODE:      32     -0.00715741      0.00562072      0.03248367
MINMODE:MODE:      33     -0.04167961      0.01311272      0.02598449
MINMODE:MODE:      34      0.02823284     -0.00877464      0.04414239
MINMODE:MODE:      35     -0.00486427      0.00609450      0.06525245
MINMODE:MODE:      36      0.05561676     -0.02679489      0.00845953
MINMODE:MODE:      37      0.03577102      0.00535487      0.00696453
MINMODE:MODE:      38     -0.03955101      0.06195179      0.01630488
MINMODE:MODE:      39     -0.09891485      0.08850912      0.02687650
MINMODE:MODE:      40     -0.08614090      0.06153174      0.02827727
MINMODE:MODE:      41     -0.00554727     -0.03643781     -0.03934377
MINMODE:MODE:      42      0.01568623     -0.04438255     -0.02904942
MINMODE:MODE:      43      0.04537258     -0.02906254      0.03337696
MINMODE:MODE:      44      0.05689257     -0.00119256      0.08789624
MINMODE:MODE:      45      0.03897305      0.01293289      0.08453033
MINMODE:MODE:      46     -0.04439264      0.03925149     -0.09579200
MINMODE:MODE:      47     -0.04032589     -0.05783313     -0.07755174
MINMODE:MODE:      48     -0.01036040      0.01434008     -0.00991313
MINMODE:MODE:      49      0.02125585     -0.01170674     -0.01785886
MINMODE:MODE:      50      0.06289027      0.03369748      0.07465289
MINMODE:MODE:      51      0.06932456      0.04284835      0.06982619
MINMODE:MODE:      52      0.02340568      0.03064865      0.00593344
MINMODE:MODE:      53     -0.02976220      0.00936291     -0.05532908
MINMODE:MODE:      54     -0.03921097     -0.00139176     -0.05649160
MINMODE:MODE:      55      0.07801703      0.15317705     -0.11991535
MINMODE:MODE:      56      0.07132705      0.14312081     -0.12477200
MINMODE:MODE:      57     -0.01122995      0.02510675      0.00172776
MINMODE:MODE:      58     -0.09134882     -0.09450201      0.12397513
MINMODE:MODE:      59     -0.09526708     -0.09220343      0.12716364
MINMODE:MODE:      60      0.01036767      0.01083084      0.02326469
MINMODE:MODE:      61      0.01859018      0.01499298      0.05245502
MINMODE:MODE:      62      0.00426250     -0.01249857     -0.00175640
MINMODE:MODE:      63      0.00848614     -0.02269171      0.00319363
MINMODE:MODE:      64      0.16650492     -0.00146439      0.03136119
MINMODE:MODE:      65      0.09573905     -0.16902963     -0.07333580
MINMODE:MODE:      66      0.02908670     -0.09982300     -0.05579071
MINMODE:MODE:      67      0.09546297     -0.14579806     -0.00253785
MINMODE:MODE:      68      0.03102141     -0.07326677      0.01479999
MINMODE:MODE:      69     -0.07457999      0.02868977     -0.01581531
MINMODE:MODE:      70     -0.13618715      0.07029230     -0.07013113
MINMODE:MODE:      71     -0.09993196      0.01593153     -0.09017940
MINMODE:MODE:      72      0.03524590      0.01411337     -0.01856482
MINMODE:MODE:      73     -0.00816141      0.02236600     -0.00911604
MINMODE:MODE:      74      0.07764259     -0.37726091     -0.17416510
MINMODE:MODE:      75      0.17155435     -0.22401744      0.02342374
MINMODE:MODE:      76      0.07005075     -0.10130994      0.05377555
MINMODE:MODE:      77     -0.10906800      0.07589513     -0.00009989
MINMODE:MODE:      78     -0.21594896      0.15005000     -0.09497097
MINMODE:MODE:      79     -0.15037056      0.05012402     -0.12867681
MINMODE:MODE: Optimization Step: 5
MINMODE:MODE: Order: 0
MINMODE:MODE:       0      0.00043566      0.00579100     -0.00488120
MINMODE:MODE:       1     -0.00293503      0.00439001     -0.01450143
MINMODE:MODE:       2     -0.01302565      0.00695197      0.02362370
MINMODE:MODE:       3      0.00444432      0.00151183      0.04146100
MINMODE:MODE:       4      0.00033388      0.00083721      0.01505821
MINMODE:MODE:       5     -0.01451592      0.01776333      0.01804101
MINMODE:MODE:       6      0.01935619      0.00127977      0.01200743
MINMODE:MODE:       7      0.00977824      0.01810785      0.01154318
MINMODE:MODE:       8     -0.03286277      0.04980686      0.01681365
MINMODE:MODE:       9     -0.06629977      0.06481775      0.02263662
MINMODE:MODE:      10     -0.05836904      0.04952291      0.02380522
MINMODE:MODE:      11      0.01809964     -0.00852704      0.02337692
MINMODE:MODE:      12      0.01034727     -0.02564640     -0.00891076
MINMODE:MODE:      13      0.02098374     -0.03211189     -0.00444706
MINMODE:MODE:      14      0.03780515     -0.02331491      0.03080793
MINMODE:MODE:      15      0.04435524     -0.00778197      0.06159677
MINMODE:MODE:      16      0.03489690      0.00029867      0.05913384
MINMODE:MODE:      17     -0.02419329     -0.00355536     -0.05567844
MINMODE:MODE:      18     -0.00379588      0.00404251     -0.01905248
MINMODE:MODE:      19     -0.00042983      0.01635073     -0.00192796
MINMODE:MODE:      20      0.01019531      0.01644630      0.00780934
MINMODE:MODE:      21      0.04220929      0.02839115      0.04437023
MINMODE:MODE:      22      0.04596668      0.03381125      0.04265118
MINMODE:MODE:      23      0.02014698      0.02680450      0.00663624
MINMODE:MODE:      24     -0.01004869      0.01479591     -0.02828825
MINMODE:MODE:      25     -0.01548599      0.00962267     -0.02830009
MINMODE:MODE:      26     -0.00896175      0.02899990     -0.00107246
MINMODE:MODE:      27      0.03731948      0.09365833     -0.07044040
MINMODE:MODE:      28      0.03838280      0.09178170     -0.06983956
MINMODE:MODE:      29     -0.00949517      0.02568442      0.00041711
MINMODE:MODE:      30     -0.05544166     -0.04098345      0.07014565
MINMODE:MODE:      31     -0.05705635     -0.03881659      0.07107539
MINMODE:MODE:      32     -0.00710094      0.00564771      0.03251948
MINMODE:MODE:      33     -0.04160087      0.01314370      0.02602727
MINMODE:MODE:      34      0.02813710     -0.00871156      0.04411560
MINMODE:MODE:      35     -0.00484809      0.00613915      0.06517730
MINMODE:MODE:      36      0.05553029     -0.02674017      0.00840382
MINMODE:MODE:      37      0.03575234      0.00537862      0.00695275
MINMODE:MODE:      38     -0.03944073      0.06182644      0.01624727
MINMODE:MODE:      39     -0.09873288      0.08831098      0.02680007
MINMODE:MODE:      40     -0.08607842      0.06137111      0.02816526
MINMODE:MODE:      41     -0.00558111     -0.03641819     -0.03928350
MINMODE:MODE:      42      0.01566445     -0.04427613     -0.02898353
MINMODE:MODE:      43      0.04527778     -0.02897539      0.03333253
MINMODE:MODE:      44      0.05674941     -0.00115930      0.08772897
MINMODE:MODE:      45      0.03884452      0.01292482      0.08439041
MINMODE:MODE:      46     -0.04440019      0.03907425     -0.09562388
MINMODE:MODE:      47     -0.04029102     -0.05789698     -0.07737426
MINMODE:MODE:      48     -0.01035327      0.01438497     -0.00977385
MINMODE:MODE:      49      0.02132008     -0.01159112     -0.01784931
MINMODE:MODE:      50      0.06282621      0.03367251      0.07445652
MINMODE:MODE:      51      0.06921754      0.04283356      0.06968040
MINMODE:MODE:      52      0.02335886      0.03064981      0.00594030
MINMODE:MODE:      53     -0.02975363      0.00937082     -0.05519232
MINMODE:MODE:      54     -0.03911557     -0.00141315     -0.05634679
MINMODE:MODE:      55      0.07754396      0.15193721     -0.11898793
MINMODE:MODE:      56      0.07151637      0.14233661     -0.12430595
MINMODE:MODE:      57     -0.01101518      0.02523263      0.00175185
MINMODE:MODE:      58     -0.09150688     -0.09386230      0.12384468
MINMODE:MODE:      59     -0.09568748     -0.09144916      0.12680502
MINMODE:MODE:      60      0.01041582      0.01089096      0.02363035
MINMODE:MODE:      61      0.01843559      0.01479665      0.05215361
MINMODE:MODE:      62      0.00422035     -0.01241797     -0.00190061
MINMODE:MODE:      63      0.00849486     -0.02260167      0.00318841
MINMODE:MODE:      64      0.16655611      0.00070018      0.03213699
MINMODE:MODE:      65      0.09530127     -0.16855689     -0.07360317
MINMODE:MODE:      66      0.02887210     -0.09949220     -0.05590062
MINMODE:MODE:      67      0.09614924     -0.14605226     -0.00261262
MINMODE:MODE:      68      0.03143625     -0.07335027      0.01473729
MINMODE:MODE:      69     -0.07421389      0.02883025     -0.01591515
MINMODE:MODE:      70     -0.13576579      0.07039985     -0.07010205
MINMODE:MODE:      71     -0.09978424      0.01618854     -0.09022336
MINMODE:MODE:      72      0.03534671      0.01416596     -0.01852495
MINMODE:MODE:      73     -0.00796420      0.02222690     -0.00907055
MINMODE:MODE:      74      0.07694909     -0.37966074     -0.17573074
MINMODE:MODE:      75      0.17213565     -0.22456086      0.02338420
MINMODE:MODE:      76      0.06996949     -0.10114085      0.05338288
MINMODE:MODE:      77     -0.10895138      0.07634598     -0.00014347
MINMODE:MODE:      78     -0.21554085      0.15034314     -0.09493736
MINMODE:MODE:      79     -0.15043480      0.05047297     -0.12823783
MINMODE:MODE: Optimization Step: 6
MINMODE:MODE: Order: 0
MINMODE:MODE:       0      0.00041405      0.00575515     -0.00485820
MINMODE:MODE:       1     -0.00292655      0.00435707     -0.01441068
MINMODE:MODE:       2     -0.01298874      0.00696865      0.02366942
MINMODE:MODE:       3      0.00443534      0.00153703      0.04144774
MINMODE:MODE:       4      0.00028986      0.00083945      0.01503404
MINMODE:MODE:       5     -0.01453468      0.01774157      0.01800520
MINMODE:MODE:       6      0.01932855      0.00127676      0.01197883
MINMODE:MODE:       7      0.00976244      0.01809013      0.01151302
MINMODE:MODE:       8     -0.03278182      0.04971858      0.01675266
MINMODE:MODE:       9     -0.06620025      0.06470173      0.02256029
MINMODE:MODE:      10     -0.05829590      0.04943244      0.02373444
MINMODE:MODE:      11      0.01804612     -0.00848414      0.02335930
MINMODE:MODE:      12      0.01031456     -0.02557170     -0.00887707
MINMODE:MODE:      13      0.02094135     -0.03202472     -0.00441069
MINMODE:MODE:      14      0.03773317     -0.02324396      0.03078006
MINMODE:MODE:      15      0.04426242     -0.00773888      0.06151747
MINMODE:MODE:      16      0.03482071      0.00032966      0.05906350
MINMODE:MODE:      17     -0.02416425     -0.00362786     -0.05557798
MINMODE:MODE:      18     -0.00376751      0.00403848     -0.01900769
MINMODE:MODE:      19     -0.00051371      0.01627479     -0.00197805
MINMODE:MODE:      20      0.01021582      0.01644338      0.00781614
MINMODE:MODE:      21      0.04215301      0.02837718      0.04428988
MINMODE:MODE:      22      0.04590747      0.03378777      0.04257606
MINMODE:MODE:      23      0.02011216      0.02679837      0.00663759
MINMODE:MODE:      24     -0.01001497      0.01480251     -0.02821384
MINMODE:MODE:      25     -0.01543611      0.00963360     -0.02821805
MINMODE:MODE:      26     -0.00922068      0.02888882     -0.00093221
MINMODE:MODE:      27      0.03705759      0.09310321     -0.06989529
MINMODE:MODE:      28      0.03830855      0.09134339     -0.06950320
MINMODE:MODE:      29     -0.00939187      0.02569253      0.00050322
MINMODE:MODE:      30     -0.05550762     -0.04068734      0.07001923
MINMODE:MODE:      31     -0.05719491     -0.03849479      0.07099497
MINMODE:MODE:      32     -0.00704284      0.00566917      0.03256209
MINMODE:MODE:      33     -0.04152323      0.01317157      0.02607278
MINMODE:MODE:      34      0.02804614     -0.00865823      0.04409462
MINMODE:MODE:      35     -0.00483289      0.00618289      0.06511396
MINMODE:MODE:      36      0.05544314     -0.02669743      0.00836095
MINMODE:MODE:      37      0.03573381      0.00539337      0.00694031
MINMODE:MODE:      38     -0.03933940      0.06171539      0.01618553
MINMODE:MODE:      39     -0.09856032      0.08814085      0.02672052
MINMODE:MODE:      40     -0.08601962      0.06123421      0.02806719
MINMODE:MODE:      41     -0.00562164     -0.03639071     -0.03922653
MINMODE:MODE:      42      0.01563961     -0.04417556     -0.02892179
MINMODE:MODE:      43      0.04519138     -0.02889597      0.03329552
MINMODE:MODE:      44      0.05662320     -0.00113242      0.08757803
MINMODE:MODE:      45      0.03873049      0.01291811      0.08426284
MINMODE:MODE:      46     -0.04439919      0.03891087     -0.09547579
MINMODE:MODE:      47     -0.04026089     -0.05795440     -0.07721372
MINMODE:MODE:      48     -0.01034976      0.01442102     -0.00963317
MINMODE:MODE:      49      0.02139004     -0.01148418     -0.01784604
MINMODE:MODE:      50      0.06275987      0.03364518      0.07428567
MINMODE:MODE:      51      0.06911099      0.04281740      0.06955161
MINMODE:MODE:      52      0.02332042      0.03064650      0.00594294
MINMODE:MODE:      53     -0.02973828      0.00938711     -0.05507654
MINMODE:MODE:      54     -0.03902325     -0.00141548     -0.05622284
MINMODE:MODE:      55      0.07701534      0.15087352     -0.11810314
MINMODE:MODE:      56      0.07160779      0.14167968     -0.12382567
MINMODE:MODE:      57     -0.01081703      0.02533794      0.00174648
MINMODE:MODE:      58     -0.09158669     -0.09333681      0.12369245
MINMODE:MODE:      59     -0.09600553     -0.09080979      0.12645107
MINMODE:MODE:      60      0.01040463      0.01091882      0.02377597
MINMODE:MODE:      61      0.01833087      0.01464344      0.05203005
MINMODE:MODE:      62      0.00415268     -0.01231618     -0.00199982
MINMODE:MODE:      63      0.00853001     -0.02257568      0.00317806
MINMODE:MODE:      64      0.16639778      0.00231116      0.03263713
MINMODE:MODE:      65      0.09501691     -0.16789318     -0.07359843
MINMODE:MODE:      66      0.02846510     -0.09896681     -0.05600517
MINMODE:MODE:      67      0.09680026     -0.14617716     -0.00266962
MINMODE:MODE:      68      0.03164166     -0.07322762      0.01465334
MINMODE:MODE:      69     -0.07368312      0.02880694     -0.01596441
MINMODE:MODE:      70     -0.13545037      0.07049796     -0.07012149
MINMODE:MODE:      71     -0.09948963      0.01628275     -0.09023067
MINMODE:MODE:      72      0.03540959      0.01422701     -0.01848263
MINMODE:MODE:      73     -0.00779250      0.02213437     -0.00902584
MINMODE:MODE:      74      0.07646765     -0.38200883     -0.17732676
MINMODE:MODE:      75      0.17277645     -0.22508852      0.02341780
MINMODE:MODE:      76      0.07001553     -0.10096090      0.05311085
MINMODE:MODE:      77     -0.10890376      0.07676954     -0.00016572
MINMODE:MODE:      78     -0.21516149      0.15057940     -0.09498644
MINMODE:MODE:      79     -0.15058348      0.05079088     -0.12797563
MINMODE:MODE: Optimization Step: 7
MINMODE:MODE: Order: 0
MINMODE:MODE:       0      0.00036698      0.00574415     -0.00486895
MINMODE:MODE:       1     -0.00290161      0.00436448     -0.01432610
MINMODE:MODE:       2     -0.01293648      0.00698543      0.02370997
MINMODE:MODE:       3      0.00442558      0.00155981      0.04141826
MINMODE:MODE:       4      0.00025251      0.00084277      0.01499545
MINMODE:MODE:       5     -0.01455275      0.01771364      0.01796483
MINMODE:MODE:       6      0.01928520      0.00126664      0.01194921
MINMODE:MODE:       7      0.00974041      0.01805832      0.01147816
MINMODE:MODE:       8     -0.03268736      0.04961939      0.01668587
MINMODE:MODE:       9     -0.06606746      0.06457133      0.02247248
MINMODE:MODE:      10     -0.05819953      0.04933503      0.02365704
MINMODE:MODE:      11      0.01797574     -0.00844286      0.02332218
MINMODE:MODE:      12      0.01027278     -0.02549342     -0.00884213
MINMODE:MODE:      13      0.02089010     -0.03192006     -0.00436934
MINMODE:MODE:      14      0.03764936     -0.02316533      0.03074421
MINMODE:MODE:      15      0.04415960     -0.00769474      0.06141938
MINMODE:MODE:      16      0.03473454      0.00035924      0.05897219
MINMODE:MODE:      17     -0.02412748     -0.00368013     -0.05547005
MINMODE:MODE:      18     -0.00375650      0.00405819     -0.01896439
MINMODE:MODE:      19     -0.00057503      0.01622379     -0.00198824
MINMODE:MODE:      20      0.01022757      0.01643384      0.00783342
MINMODE:MODE:      21      0.04207691      0.02834575      0.04420418
MINMODE:MODE:      22      0.04582365      0.03374737      0.04249118
MINMODE:MODE:      23      0.02007232      0.02678259      0.00663884
MINMODE:MODE:      24     -0.00997579      0.01481192     -0.02813240
MINMODE:MODE:      25     -0.01538296      0.00964938     -0.02812720
MINMODE:MODE:      26     -0.00936548      0.02881579     -0.00073337
MINMODE:MODE:      27      0.03685404      0.09243482     -0.06936694
MINMODE:MODE:      28      0.03830049      0.09080931     -0.06915634
MINMODE:MODE:      29     -0.00931874      0.02557730      0.00048644
MINMODE:MODE:      30     -0.05559478     -0.04027721      0.06992817
MINMODE:MODE:      31     -0.05735792     -0.03811309      0.07092835
MINMODE:MODE:      32     -0.00697763      0.00568401      0.03259822
MINMODE:MODE:      33     -0.04142268      0.01319167      0.02612035
MINMODE:MODE:      34      0.02794544     -0.00860778      0.04405527
MINMODE:MODE:      35     -0.00481451      0.00622515      0.06503499
MINMODE:MODE:      36      0.05532807     -0.02666628      0.00832434
MINMODE:MODE:      37      0.03569854      0.00539360      0.00692826
MINMODE:MODE:      38     -0.03922217      0.06159057      0.01611516
MINMODE:MODE:      39     -0.09834987      0.08796505      0.02662448
MINMODE:MODE:      40     -0.08593069      0.06109568      0.02796418
MINMODE:MODE:      41     -0.00566240     -0.03633918     -0.03915324
MINMODE:MODE:      42      0.01560453     -0.04405826     -0.02885156
MINMODE:MODE:      43      0.04509318     -0.02880933      0.03324920
MINMODE:MODE:      44      0.05648984     -0.00111054      0.08740320
MINMODE:MODE:      45      0.03860940      0.01290760      0.08410887
MINMODE:MODE:      46     -0.04440151      0.03867853     -0.09535644
MINMODE:MODE:      47     -0.04019315     -0.05801726     -0.07696749
MINMODE:MODE:      48     -0.01035759      0.01445019     -0.00948143
MINMODE:MODE:      49      0.02146187     -0.01136442     -0.01781883
MINMODE:MODE:      50      0.06266681      0.03359952      0.07410669
MINMODE:MODE:      51      0.06898615      0.04277447      0.06941272
MINMODE:MODE:      52      0.02327721      0.03063162      0.00594051
MINMODE:MODE:      53     -0.02970649      0.00941394     -0.05495616
MINMODE:MODE:      54     -0.03891905     -0.00140333     -0.05609644
MINMODE:MODE:      55      0.07654297      0.14973961     -0.11724572
MINMODE:MODE:      56      0.07172894      0.14082468     -0.12339832
MINMODE:MODE:      57     -0.01064643      0.02536748      0.00165903
MINMODE:MODE:      58     -0.09179664     -0.09267906      0.12352101
MINMODE:MODE:      59     -0.09633865     -0.08995073      0.12617520
MINMODE:MODE:      60      0.01041541      0.01086561      0.02398474
MINMODE:MODE:      61      0.01822036      0.01455101      0.05189392
MINMODE:MODE:      62      0.00414288     -0.01239626     -0.00204582
MINMODE:MODE:      63      0.00850713     -0.02240763      0.00310734
MINMODE:MODE:      64      0.16609490      0.00478655      0.03333597
MINMODE:MODE:      65      0.09450917     -0.16779021     -0.07388308
MINMODE:MODE:      66      0.02805933     -0.09851465     -0.05599973
MINMODE:MODE:      67      0.09717395     -0.14618840     -0.00269237
MINMODE:MODE:      68      0.03191073     -0.07311463      0.01458627
MINMODE:MODE:      69     -0.07323224      0.02878430     -0.01603456
MINMODE:MODE:      70     -0.13502306      0.07055351     -0.07011607
MINMODE:MODE:      71     -0.09915320      0.01639769     -0.09014807
MINMODE:MODE:      72      0.03543564      0.01428604     -0.01845378
MINMODE:MODE:      73     -0.00761788      0.02204415     -0.00900813
MINMODE:MODE:      74      0.07628190     -0.38445792     -0.17881716
MINMODE:MODE:      75      0.17350027     -0.22561628      0.02352875
MINMODE:MODE:      76      0.07012249     -0.10079520      0.05286708
MINMODE:MODE:      77     -0.10884365      0.07715434     -0.00023829
MINMODE:MODE:      78     -0.21478140      0.15083441     -0.09508071
MINMODE:MODE:      79     -0.15072417      0.05117293     -0.12775668
MINMODE:MODE: Optimization Step: 8
MINMODE:MODE: Order: 0
MINMODE:MODE:       0      0.00033849      0.00574576     -0.00483739
MINMODE:MODE:       1     -0.00287226      0.00439433     -0.01423550
MINMODE:MODE:       2     -0.01286926      0.00700318      0.02373276
MINMODE:MODE:       3      0.00442335      0.00158082      0.04136777
MINMODE:MODE:       4      0.00020470      0.00084569      0.01493339
MINMODE:MODE:       5     -0.01454968      0.01766633      0.01791114
MINMODE:MODE:       6      0.01921795      0.00125537      0.01192188
MINMODE:MODE:       7      0.00973895      0.01798740      0.01143338
MINMODE:MODE:       8     -0.03259734      0.04951800      0.01661409
MINMODE:MODE:       9     -0.06589385      0.06441828      0.02236842
MINMODE:MODE:      10     -0.05809505      0.04924114      0.02357531
MINMODE:MODE:      11      0.01788937     -0.00840064      0.02326158
MINMODE:MODE:      12      0.01022013     -0.02540624     -0.00880600
MINMODE:MODE:      13      0.02081992     -0.03180518     -0.00433468
MINMODE:MODE:      14      0.03755175     -0.02307365      0.03069922
MINMODE:MODE:      15      0.04404193     -0.00764826      0.06129236
MINMODE:MODE:      16      0.03463362      0.00038462      0.05884676
MINMODE:MODE:      17     -0.02407229     -0.00373659     -0.05533139
MINMODE:MODE:      18     -0.00375601      0.00409664     -0.01891332
MINMODE:MODE:      19     -0.00060006      0.01619505     -0.00196589
MINMODE:MODE:      20      0.01023292      0.01642020      0.00785728
MINMODE:MODE:      21      0.04198558      0.02829485      0.04411704
MINMODE:MODE:      22      0.04572381      0.03368157      0.04240512
MINMODE:MODE:      23      0.02003113      0.02675264      0.00664504
MINMODE:MODE:      24     -0.00994777      0.01481701     -0.02805732
MINMODE:MODE:      25     -0.01531177      0.00967631     -0.02802304
MINMODE:MODE:      26     -0.00946673      0.02871125     -0.00048397
MINMODE:MODE:      27      0.03675054      0.09167685     -0.06889197
MINMODE:MODE:      28      0.03835610      0.09012467     -0.06880283
MINMODE:MODE:      29     -0.00925798      0.02538070      0.00044651
MINMODE:MODE:      30     -0.05573077     -0.03976436      0.06984573
MINMODE:MODE:      31     -0.05753034     -0.03758928      0.07079088
MINMODE:MODE:      32     -0.00690719      0.00569372      0.03262055
MINMODE:MODE:      33     -0.04129814      0.01320128      0.02615916
MINMODE:MODE:      34      0.02783744     -0.00855709      0.04399258
MINMODE:MODE:      35     -0.00478570      0.00626256      0.06492462
MINMODE:MODE:      36      0.05518077     -0.02664271      0.00829398
MINMODE:MODE:      37      0.03563950      0.00537700      0.00691788
MINMODE:MODE:      38     -0.03908293      0.06144140      0.01603392
MINMODE:MODE:      39     -0.09809071      0.08777074      0.02651247
MINMODE:MODE:      40     -0.08579308      0.06094736      0.02784931
MINMODE:MODE:      41     -0.00570365     -0.03626432     -0.03905983
MINMODE:MODE:      42      0.01555810     -0.04391748     -0.02876628
MINMODE:MODE:      43      0.04497661     -0.02871097      0.03318839
MINMODE:MODE:      44      0.05634189     -0.00109235      0.08719343
MINMODE:MODE:      45      0.03847670      0.01289196      0.08391864
MINMODE:MODE:      46     -0.04440406      0.03839134     -0.09525229
MINMODE:MODE:      47     -0.04008619     -0.05808545     -0.07662191
MINMODE:MODE:      48     -0.01037346      0.01447348     -0.00932301
MINMODE:MODE:      49      0.02152346     -0.01122721     -0.01776487
MINMODE:MODE:      50      0.06253940      0.03352942      0.07390771
MINMODE:MODE:      51      0.06882272      0.04270956      0.06924919
MINMODE:MODE:      52      0.02322403      0.03060150      0.00593370
MINMODE:MODE:      53     -0.02965459      0.00944747     -0.05482019
MINMODE:MODE:      54     -0.03879436     -0.00137666     -0.05595949
MINMODE:MODE:      55      0.07614755      0.14846299     -0.11641254
MINMODE:MODE:      56      0.07188978      0.13969170     -0.12300383
MINMODE:MODE:      57     -0.01047899      0.02530950      0.00151127
MINMODE:MODE:      58     -0.09212707     -0.09181352      0.12332710
MINMODE:MODE:      59     -0.09672504     -0.08886331      0.12595647
MINMODE:MODE:      60      0.01037735      0.01076140      0.02401989
MINMODE:MODE:      61      0.01815179      0.01445477      0.05189882
MINMODE:MODE:      62      0.00409134     -0.01238593     -0.00215199
MINMODE:MODE:      63      0.00851506     -0.02230739      0.00308932
MINMODE:MODE:      64      0.16554496      0.00808412      0.03428356
MINMODE:MODE:      65      0.09394373     -0.16801142     -0.07439555
MINMODE:MODE:      66      0.02810080     -0.09844931     -0.05587764
MINMODE:MODE:      67      0.09732158     -0.14625133     -0.00262217
MINMODE:MODE:      68      0.03260720     -0.07335530      0.01463276
MINMODE:MODE:      69     -0.07326492      0.02906749     -0.01618598
MINMODE:MODE:      70     -0.13443403      0.07061955     -0.07011689
MINMODE:MODE:      71     -0.09930201      0.01691740     -0.09014958
MINMODE:MODE:      72      0.03543437      0.01435456     -0.01843474
MINMODE:MODE:      73     -0.00744187      0.02195526     -0.00896943
MINMODE:MODE:      74      0.07630192     -0.38694261     -0.18010326
MINMODE:MODE:      75      0.17420420     -0.22608760      0.02369633
MINMODE:MODE:      76      0.07019538     -0.10071061      0.05259822
MINMODE:MODE:      77     -0.10868360      0.07743511     -0.00041786
MINMODE:MODE:      78     -0.21440200      0.15112619     -0.09520189
MINMODE:MODE:      79     -0.15072308      0.05162921     -0.12748043
MINMODE:MODE: Optimization Step: 9
MINMODE:MODE: Order: 0
MINMODE:MODE:       0      0.00037498      0.00571818     -0.00476001
MINMODE:MODE:       1     -0.00286381      0.00438536     -0.01414516
MINMODE:MODE:       2     -0.01281725      0.00702173      0.02376953
MINMODE:MODE:       3      0.00442433      0.00160683      0.04134528
MINMODE:MODE:       4      0.00015592      0.00085192      0.01491037
MINMODE:MODE:       5     -0.01455703      0.01764084      0.01787676
MINMODE:MODE:       6      0.01918033      0.00123316      0.01189941
MINMODE:MODE:       7      0.00973094      0.01794592      0.01140005
MINMODE:MODE:       8     -0.03252106      0.04943838      0.01654750
MINMODE:MODE:       9     -0.06578436      0.06432853      0.02229158
MINMODE:MODE:      10     -0.05803255      0.04917847      0.02351557
MINMODE:MODE:      11      0.01782603     -0.00836455      0.02323047
MINMODE:MODE:      12      0.01016886     -0.02534373     -0.00878380
MINMODE:MODE:      13      0.02076622     -0.03171977     -0.00430502
MINMODE:MODE:      14      0.03748186     -0.02300279      0.03067420
MINMODE:MODE:      15      0.04395916     -0.00761061      0.06120615
MINMODE:MODE:      16      0.03455625      0.00040773      0.05875943
MINMODE:MODE:      17     -0.02404349     -0.00381782     -0.05521995
MINMODE:MODE:      18     -0.00374186      0.00411679     -0.01885731
MINMODE:MODE:      19     -0.00061211      0.01617156     -0.00195536
MINMODE:MODE:      20      0.01025490      0.01642511      0.00789795
MINMODE:MODE:      21      0.04192359      0.02826643      0.04406171
MINMODE:MODE:      22      0.04565834      0.03364713      0.04235272
MINMODE:MODE:      23      0.02000696      0.02674120      0.00664890
MINMODE:MODE:      24     -0.00992642      0.01483386     -0.02800353
MINMODE:MODE:      25     -0.01526516      0.00970289     -0.02795545
MINMODE:MODE:      26     -0.00962153      0.02863027     -0.00030072
MINMODE:MODE:      27      0.03663782      0.09109559     -0.06849882
MINMODE:MODE:      28      0.03837584      0.08955148     -0.06856377
MINMODE:MODE:      29     -0.00919776      0.02527174      0.00047032
MINMODE:MODE:      30     -0.05587272     -0.03937032      0.06977078
MINMODE:MODE:      31     -0.05772404     -0.03716451      0.07077076
MINMODE:MODE:      32     -0.00684462      0.00570845      0.03266151
MINMODE:MODE:      33     -0.04121183      0.01321953      0.02620378
MINMODE:MODE:      34      0.02775741     -0.00851772      0.04396497
MINMODE:MODE:      35     -0.00475479      0.00630047      0.06485117
MINMODE:MODE:      36      0.05506827     -0.02662831      0.00827650
MINMODE:MODE:      37      0.03560439      0.00536260      0.00690649
MINMODE:MODE:      38     -0.03897712      0.06134082      0.01596159
MINMODE:MODE:      39     -0.09789856      0.08763745      0.02641844
MINMODE:MODE:      40     -0.08570488      0.06084691      0.02776340
MINMODE:MODE:      41     -0.00574827     -0.03621166     -0.03899261
MINMODE:MODE:      42      0.01552260     -0.04380905     -0.02869555
MINMODE:MODE:      43      0.04489442     -0.02863469      0.03315412
MINMODE:MODE:      44      0.05623672     -0.00107602      0.08704619
MINMODE:MODE:      45      0.03837642      0.01288748      0.08378831
MINMODE:MODE:      46     -0.04440958      0.03818707     -0.09517850
MINMODE:MODE:      47     -0.04002411     -0.05818537     -0.07637663
MINMODE:MODE:      48     -0.01038354      0.01450362     -0.00918240
MINMODE:MODE:      49      0.02158457     -0.01109836     -0.01772507
MINMODE:MODE:      50      0.06244926      0.03348286      0.07376571
MINMODE:MODE:      51      0.06870112      0.04266582      0.06913548
MINMODE:MODE:      52      0.02319080      0.03058999      0.00593019
MINMODE:MODE:      53     -0.02961755      0.00948499     -0.05472241
MINMODE:MODE:      54     -0.03868775     -0.00133868     -0.05585271
MINMODE:MODE:      55      0.07581383      0.14737078     -0.11571917
MINMODE:MODE:      56      0.07203353      0.13872293     -0.12264301
MINMODE:MODE:      57     -0.01029619      0.02526063      0.00138782
MINMODE:MODE:      58     -0.09238395     -0.09107790      0.12319898
MINMODE:MODE:      59     -0.09707445     -0.08796041      0.12575138
MINMODE:MODE:      60      0.01032152      0.01079041      0.02400273
MINMODE:MODE:      61      0.01806290      0.01423195      0.05181117
MINMODE:MODE:      62      0.00401295     -0.01221533     -0.00212936
MINMODE:MODE:      63      0.00856079     -0.02231870      0.00306087
MINMODE:MODE:      64      0.16433320      0.00875282      0.03402738
MINMODE:MODE:      65      0.09408140     -0.16648042     -0.07368471
MINMODE:MODE:      66      0.02808447     -0.09807061     -0.05583364
MINMODE:MODE:      67      0.09810272     -0.14655265     -0.00252113
MINMODE:MODE:      68      0.03289837     -0.07337601      0.01467091
MINMODE:MODE:      69     -0.07298449      0.02919062     -0.01624056
MINMODE:MODE:      70     -0.13435211      0.07091522     -0.07025552
MINMODE:MODE:      71     -0.09958843      0.01741757     -0.09028378
MINMODE:MODE:      72      0.03547569      0.01443775     -0.01840228
MINMODE:MODE:      73     -0.00728529      0.02190345     -0.00885330
MINMODE:MODE:      74      0.07644075     -0.38938976     -0.18150999
MINMODE:MODE:      75      0.17480410     -0.22650440      0.02383246
MINMODE:MODE:      76      0.07036486     -0.10070884      0.05242707
MINMODE:MODE:      77     -0.10862171      0.07770891     -0.00055743
MINMODE:MODE:      78     -0.21402674      0.15135393     -0.09535049
MINMODE:MODE:      79     -0.15080231      0.05206286     -0.12733892
MINMODE:MODE: Optimization Step: 10
MINMODE:MODE: Order: 0
MINMODE:MODE:       0      0.00040200      0.00570274     -0.00467448
MINMODE:MODE:       1     -0.00284811      0.00436255     -0.01404527
MINMODE:MODE:       2     -0.01276515      0.00703222      0.02380410
MINMODE:MODE:       3      0.00442231      0.00162889      0.04131139
MINMODE:MODE:       4      0.00013093      0.00085800      0.01489671
MINMODE:MODE:       5     -0.01455731      0.01761659      0.01784537
MINMODE:MODE:       6      0.01914016      0.00121466      0.01187584
MINMODE:MODE:       7      0.00972047      0.01790461      0.01136351
MINMODE:MODE:       8     -0.03244106      0.04934351      0.01647424
MINMODE:MODE:       9     -0.06565705      0.06422155      0.02221035
MINMODE:MODE:      10     -0.05795074      0.04910067      0.02345116
MINMODE:MODE:      11      0.01776095     -0.00832679      0.02319493
MINMODE:MODE:      12      0.01011434     -0.02527546     -0.00875984
MINMODE:MODE:      13      0.02070764     -0.03162793     -0.00427242
MINMODE:MODE:      14      0.03739956     -0.02292688      0.03064189
MINMODE:MODE:      15      0.04386203     -0.00757177      0.06110396
MINMODE:MODE:      16      0.03446895      0.00043255      0.05865954
MINMODE:MODE:      17     -0.02400789     -0.00390915     -0.05509687
MINMODE:MODE:      18     -0.00371050      0.00412344     -0.01879469
MINMODE:MODE:      19     -0.00065175      0.01612069     -0.00194877
MINMODE:MODE:      20      0.01027271      0.01642677      0.00793505
MINMODE:MODE:      21      0.04185291      0.02823357      0.04399662
MINMODE:MODE:      22      0.04557833      0.03360616      0.04228590
MINMODE:MODE:      23      0.01997878      0.02672227      0.00664814
MINMODE:MODE:      24     -0.00989889      0.01484647     -0.02794151
MINMODE:MODE:      25     -0.01520869      0.00972456     -0.02787596
MINMODE:MODE:      26     -0.00980269      0.02854545     -0.00017842
MINMODE:MODE:      27      0.03644847      0.09053605     -0.06806016
MINMODE:MODE:      28      0.03832571      0.08899896     -0.06827104
MINMODE:MODE:      29     -0.00913237      0.02519719      0.00052059
MINMODE:MODE:      30     -0.05595067     -0.03903033      0.06965066
MINMODE:MODE:      31     -0.05786072     -0.03678139      0.07071654
MINMODE:MODE:      32     -0.00677768      0.00572016      0.03269403
MINMODE:MODE:      33     -0.04111313      0.01323416      0.02623950
MINMODE:MODE:      34      0.02767238     -0.00847874      0.04392760
MINMODE:MODE:      35     -0.00472451      0.00633815      0.06475829
MINMODE:MODE:      36      0.05494512     -0.02660056      0.00826013
MINMODE:MODE:      37      0.03556015      0.00534809      0.00688823
MINMODE:MODE:      38     -0.03886342      0.06122307      0.01588013
MINMODE:MODE:      39     -0.09768366      0.08747788      0.02631627
MINMODE:MODE:      40     -0.08559221      0.06073241      0.02767596
MINMODE:MODE:      41     -0.00578877     -0.03614492     -0.03891719
MINMODE:MODE:      42      0.01548217     -0.04369007     -0.02861342
MINMODE:MODE:      43      0.04479900     -0.02854990      0.03311381
MINMODE:MODE:      44      0.05611340     -0.00105846      0.08687673
MINMODE:MODE:      45      0.03826734      0.01288021      0.08363470
MINMODE:MODE:      46     -0.04439302      0.03799614     -0.09504883
MINMODE:MODE:      47     -0.03996498     -0.05825236     -0.07614548
MINMODE:MODE:      48     -0.01038091      0.01453491     -0.00903912
MINMODE:MODE:      49      0.02163578     -0.01097312     -0.01768514
MINMODE:MODE:      50      0.06233963      0.03343098      0.07360758
MINMODE:MODE:      51      0.06855959      0.04260890      0.06900267
MINMODE:MODE:      52      0.02315337      0.03056864      0.00592418
MINMODE:MODE:      53     -0.02957047      0.00951663     -0.05460948
MINMODE:MODE:      54     -0.03857258     -0.00129748     -0.05572527
MINMODE:MODE:      55      0.07541725      0.14633103     -0.11502628
MINMODE:MODE:      56      0.07208532      0.13781465     -0.12217560
MINMODE:MODE:      57     -0.01009217      0.02521512      0.00128893
MINMODE:MODE:      58     -0.09248736     -0.09039766      0.12301209
MINMODE:MODE:      59     -0.09731369     -0.08715173      0.12544741
MINMODE:MODE:      60      0.01029415      0.01073786      0.02407240
MINMODE:MODE:      61      0.01790713      0.01407631      0.05151059
MINMODE:MODE:      62      0.00400920     -0.01218436     -0.00205595
MINMODE:MODE:      63      0.00853716     -0.02215798      0.00306356
MINMODE:MODE:      64      0.16383442      0.01058551      0.03479138
MINMODE:MODE:      65      0.09363961     -0.16654315     -0.07410865
MINMODE:MODE:      66      0.02795626     -0.09768806     -0.05578176
MINMODE:MODE:      67      0.09872395     -0.14663629     -0.00244203
MINMODE:MODE:      68      0.03323250     -0.07332753      0.01463181
MINMODE:MODE:      69     -0.07270021      0.02928910     -0.01630087
MINMODE:MODE:      70     -0.13424303      0.07115126     -0.07031668
MINMODE:MODE:      71     -0.09968652      0.01784533     -0.09027689
MINMODE:MODE:      72      0.03549542      0.01450114     -0.01835253
MINMODE:MODE:      73     -0.00715164      0.02183772     -0.00874753
MINMODE:MODE:      74      0.07630336     -0.39141463     -0.18284612
MINMODE:MODE:      75      0.17543130     -0.22682390      0.02397355
MINMODE:MODE:      76      0.07057765     -0.10063629      0.05226926
MINMODE:MODE:      77     -0.10852077      0.07793378     -0.00067782
MINMODE:MODE:      78     -0.21358608      0.15151845     -0.09544092
MINMODE:MODE:      79     -0.15090843      0.05250915     -0.12719422
MINMODE:MODE: Optimization Step: 11
MINMODE:MODE: Order: 0
MINMODE:MODE:       0      0.00040221      0.00566377     -0.00458981
MINMODE:MODE:       1     -0.00282793      0.00434825     -0.01391306
MINMODE:MODE:       2     -0.01270920      0.00703760      0.02382640
MINMODE:MODE:       3      0.00442135      0.00164317      0.04125368
MINMODE:MODE:       4      0.00011087      0.00085754      0.01487321
MINMODE:MODE:       5     -0.01454153      0.01757990      0.01780282
MINMODE:MODE:       6      0.01907614      0.00121101      0.01184998
MINMODE:MODE:       7      0.00971183      0.01784962      0.01131931
MINMODE:MODE:       8     -0.03235177      0.04922552      0.01639579
MINMODE:MODE:       9     -0.06548100      0.06406913      0.02211399
MINMODE:MODE:      10     -0.05782873      0.04899420      0.02337236
MINMODE:MODE:      11      0.01768697     -0.00828485      0.02314305
MINMODE:MODE:      12      0.01005731     -0.02518996     -0.00872735
MINMODE:MODE:      13      0.02063831     -0.03151764     -0.00423574
MINMODE:MODE:      14      0.03729426     -0.02283807      0.03059221
MINMODE:MODE:      15      0.04373845     -0.00752848      0.06096705
MINMODE:MODE:      16      0.03436280      0.00045725      0.05852765
MINMODE:MODE:      17     -0.02395472     -0.00397949     -0.05494472
MINMODE:MODE:      18     -0.00367901      0.00411615     -0.01871781
MINMODE:MODE:      19     -0.00069358      0.01605642     -0.00193871
MINMODE:MODE:      20      0.01028316      0.01642032      0.00796052
MINMODE:MODE:      21      0.04175332      0.02818622      0.04390059
MINMODE:MODE:      22      0.04546757      0.03354714      0.04219094
MINMODE:MODE:      23      0.01994083      0.02668795      0.00664324
MINMODE:MODE:      24     -0.00985992      0.01484901     -0.02786003
MINMODE:MODE:      25     -0.01512732      0.00974296     -0.02776500
MINMODE:MODE:      26     -0.00998530      0.02844339     -0.00005180
MINMODE:MODE:      27      0.03618437      0.08994650     -0.06755461
MINMODE:MODE:      28      0.03820212      0.08842831     -0.06790345
MINMODE:MODE:      29     -0.00906959      0.02512856      0.00056643
MINMODE:MODE:      30     -0.05596230     -0.03871140      0.06947963
MINMODE:MODE:      31     -0.05790390     -0.03638420      0.07055595
MINMODE:MODE:      32     -0.00670464      0.00572606      0.03271050
MINMODE:MODE:      33     -0.04097887      0.01323663      0.02626339
MINMODE:MODE:      34      0.02756625     -0.00843388      0.04386618
MINMODE:MODE:      35     -0.00469357      0.00637345      0.06463904
MINMODE:MODE:      36      0.05479794     -0.02655521      0.00824029
MINMODE:MODE:      37      0.03549628      0.00533098      0.00686498
MINMODE:MODE:      38     -0.03872702      0.06106772      0.01578787
MINMODE:MODE:      39     -0.09742073      0.08727020      0.02619960
MINMODE:MODE:      40     -0.08543238      0.06058698      0.02757664
MINMODE:MODE:      41     -0.00582429     -0.03605619     -0.03882312
MINMODE:MODE:      42      0.01543151     -0.04354739     -0.02851563
MINMODE:MODE:      43      0.04467598     -0.02844718      0.03305595
MINMODE:MODE:      44      0.05595597     -0.00103850      0.08666016
MINMODE:MODE:      45      0.03813718      0.01286576      0.08343322
MINMODE:MODE:      46     -0.04433156      0.03778459     -0.09485026
MINMODE:MODE:      47     -0.03989046     -0.05825865     -0.07588827
MINMODE:MODE:      48     -0.01037508      0.01455989     -0.00888294
MINMODE:MODE:      49      0.02167848     -0.01085244     -0.01764690
MINMODE:MODE:      50      0.06219270      0.03336274      0.07341291
MINMODE:MODE:      51      0.06838099      0.04252787      0.06883485
MINMODE:MODE:      52      0.02310196      0.03052742      0.00591386
MINMODE:MODE:      53     -0.02950734      0.00953819     -0.05446716
MINMODE:MODE:      54     -0.03844456     -0.00125865     -0.05556732
MINMODE:MODE:      55      0.07494832      0.14529790     -0.11429025
MINMODE:MODE:      56      0.07203979      0.13691363     -0.12159960
MINMODE:MODE:      57     -0.00988059      0.02516358      0.00119955
MINMODE:MODE:      58     -0.09245514     -0.08973123      0.12272636
MINMODE:MODE:      59     -0.09744388     -0.08640971      0.12505557
MINMODE:MODE:      60      0.01022826      0.01067581      0.02400396
MINMODE:MODE:      61      0.01777331      0.01393337      0.05130006
MINMODE:MODE:      62      0.00397865     -0.01209712     -0.00198204
MINMODE:MODE:      63      0.00853293     -0.02204153      0.00307457
MINMODE:MODE:      64      0.16406908      0.01434628      0.03680973
MINMODE:MODE:      65      0.09283908     -0.16784539     -0.07541345
MINMODE:MODE:      66      0.02770356     -0.09748939     -0.05579394
MINMODE:MODE:      67      0.09867348     -0.14645573     -0.00240336
MINMODE:MODE:      68      0.03370026     -0.07339442      0.01460654
MINMODE:MODE:      69     -0.07255699      0.02943518     -0.01642229
MINMODE:MODE:      70     -0.13377099      0.07117706     -0.07031366
MINMODE:MODE:      71     -0.09950557      0.01813526     -0.09026042
MINMODE:MODE:      72      0.03546321      0.01457489     -0.01827862
MINMODE:MODE:      73     -0.00702628      0.02177763     -0.00865054
MINMODE:MODE:      74      0.07583237     -0.39340897     -0.18421564
MINMODE:MODE:      75      0.17609404     -0.22710755      0.02415856
MINMODE:MODE:      76      0.07076734     -0.10053188      0.05209182
MINMODE:MODE:      77     -0.10833501      0.07809364     -0.00081720
MINMODE:MODE:      78     -0.21312204      0.15165832     -0.09548676
MINMODE:MODE:      79     -0.15098799      0.05296420     -0.12704949
MINMODE:MODE: Optimization Step: 12
MINMODE:MODE: Order: 0
MINMODE:MODE:       0      0.00035926      0.00566937     -0.00455610
MINMODE:MODE:       1     -0.00281649      0.00435125     -0.01379265
MINMODE:MODE:       2     -0.01265901      0.00704719      0.02386632
MINMODE:MODE:       3      0.00442911      0.00165383      0.04122889
MINMODE:MODE:       4      0.00006833      0.00085838      0.01485970
MINMODE:MODE:       5     -0.01453636      0.01755146      0.01776678
MINMODE:MODE:       6      0.01901830      0.00121607      0.01183493
MINMODE:MODE:       7      0.00970381      0.01780820      0.01128712
MINMODE:MODE:       8     -0.03228340      0.04914783      0.01633590
MINMODE:MODE:       9     -0.06534484      0.06396378      0.02203301
MINMODE:MODE:      10     -0.05773412      0.04892127      0.02330712
MINMODE:MODE:      11      0.01762280     -0.00825238      0.02310415
MINMODE:MODE:      12      0.01001240     -0.02512336     -0.00870019
MINMODE:MODE:      13      0.02058754     -0.03143081     -0.00420117
MINMODE:MODE:      14      0.03721937     -0.02276940      0.03056199
MINMODE:MODE:      15      0.04365203     -0.00749373      0.06087507
MINMODE:MODE:      16      0.03428579      0.00047842      0.05843809
MINMODE:MODE:      17     -0.02393229     -0.00402437     -0.05484685
MINMODE:MODE:      18     -0.00367237      0.00412838     -0.01866731
MINMODE:MODE:      19     -0.00072058      0.01602673     -0.00191727
MINMODE:MODE:      20      0.01029836      0.01642052      0.00799648
MINMODE:MODE:      21      0.04169232      0.02815083      0.04386297
MINMODE:MODE:      22      0.04538518      0.03350763      0.04212568
MINMODE:MODE:      23      0.01991780      0.02667570      0.00664277
MINMODE:MODE:      24     -0.00981807      0.01486533     -0.02778928
MINMODE:MODE:      25     -0.01504455      0.00977110     -0.02765695
MINMODE:MODE:      26     -0.01012148      0.02836693      0.00013942
MINMODE:MODE:      27      0.03602051      0.08939797     -0.06716332
MINMODE:MODE:      28      0.03816501      0.08790896     -0.06759986
MINMODE:MODE:      29     -0.00902271      0.02503739      0.00054287
MINMODE:MODE:      30     -0.05603876     -0.03836598      0.06940012
MINMODE:MODE:      31     -0.05802670     -0.03603104      0.07046708
MINMODE:MODE:      32     -0.00663981      0.00573231      0.03274548
MINMODE:MODE:      33     -0.04086121      0.01324134      0.02631086
MINMODE:MODE:      34      0.02747965     -0.00840084      0.04383097
MINMODE:MODE:      35     -0.00466679      0.00640966      0.06458332
MINMODE:MODE:      36      0.05468075     -0.02653004      0.00822947
MINMODE:MODE:      37      0.03545379      0.00531428      0.00685216
MINMODE:MODE:      38     -0.03861905      0.06095950      0.01571398
MINMODE:MODE:      39     -0.09723296      0.08713850      0.02610486
MINMODE:MODE:      40     -0.08533199      0.06049522      0.02750176
MINMODE:MODE:      41     -0.00586001     -0.03598889     -0.03876013
MINMODE:MODE:      42      0.01539161     -0.04344125     -0.02844396
MINMODE:MODE:      43      0.04458871     -0.02836702      0.03302115
MINMODE:MODE:      44      0.05584805     -0.00102179      0.08651055
MINMODE:MODE:      45      0.03803977      0.01285888      0.08329420
MINMODE:MODE:      46     -0.04430229      0.03755511     -0.09474743
MINMODE:MODE:      47     -0.03981064     -0.05825729     -0.07565158
MINMODE:MODE:      48     -0.01039773      0.01459258     -0.00873021
MINMODE:MODE:      49      0.02173989     -0.01075198     -0.01762104
MINMODE:MODE:      50      0.06208774      0.03331127      0.07327860
MINMODE:MODE:      51      0.06825501      0.04247489      0.06872655
MINMODE:MODE:      52      0.02306501      0.03050734      0.00590678
MINMODE:MODE:      53     -0.02946676      0.00956860     -0.05437360
MINMODE:MODE:      54     -0.03835242     -0.00122063     -0.05546061
MINMODE:MODE:      55      0.07463082      0.14438488     -0.11369374
MINMODE:MODE:      56      0.07205528      0.13605094     -0.12119795
MINMODE:MODE:      57     -0.00969886      0.02510691      0.00107829
MINMODE:MODE:      58     -0.09256352     -0.08909186      0.12252563
MINMODE:MODE:      59     -0.09764593     -0.08562335      0.12474652
MINMODE:MODE:      60      0.01017305      0.01062450      0.02395799
MINMODE:MODE:      61      0.01768912      0.01382891      0.05126417
MINMODE:MODE:      62      0.00393648     -0.01204589     -0.00197265
MINMODE:MODE:      63      0.00856087     -0.02200011      0.00309692
MINMODE:MODE:      64      0.16335915      0.01599913      0.03728533
MINMODE:MODE:      65      0.09276079     -0.16699449     -0.07515561
MINMODE:MODE:      66      0.02739883     -0.09709643     -0.05572621
MINMODE:MODE:      67      0.09843729     -0.14624683     -0.00241762
MINMODE:MODE:      68      0.03413967     -0.07351591      0.01458504
MINMODE:MODE:      69     -0.07249551      0.02955166     -0.01656889
MINMODE:MODE:      70     -0.13321972      0.07112210     -0.07035530
MINMODE:MODE:      71     -0.09930974      0.01828473     -0.09028513
MINMODE:MODE:      72      0.03543240      0.01467752     -0.01821158
MINMODE:MODE:      73     -0.00692225      0.02180093     -0.00848907
MINMODE:MODE:      74      0.07591773     -0.39582958     -0.18567132
MINMODE:MODE:      75      0.17676780     -0.22754584      0.02435584
MINMODE:MODE:      76      0.07094851     -0.10055570      0.05193836
MINMODE:MODE:      77     -0.10819623      0.07824911     -0.00099600
MINMODE:MODE:      78     -0.21281074      0.15187589     -0.09565321
MINMODE:MODE:      79     -0.15109979      0.05337555     -0.12704745
MINMODE:MODE: Optimization Step: 13
MINMODE:MODE: Order: 0
MINMODE:MODE:       0      0.00032710      0.00566541     -0.00452705
MINMODE:MODE:       1     -0.00281411      0.00435604     -0.01368856
MINMODE:MODE:       2     -0.01261802      0.00705871      0.02391210
MINMODE:MODE:       3      0.00442820      0.00167172      0.04122063
MINMODE:MODE:       4      0.00003050      0.00086534      0.01485282
MINMODE:MODE:       5     -0.01454616      0.01753722      0.01774206
MINMODE:MODE:       6      0.01899047      0.00119942      0.01181499
MINMODE:MODE:       7      0.00968497      0.01778878      0.01126259
MINMODE:MODE:       8     -0.03220642      0.04907264      0.01627450
MINMODE:MODE:       9     -0.06524338      0.06388780      0.02196507
MINMODE:MODE:      10     -0.05766085      0.04885810      0.02325129
MINMODE:MODE:      11      0.01756748     -0.00822050      0.02308102
MINMODE:MODE:      12      0.00997046     -0.02506496     -0.00867413
MINMODE:MODE:      13      0.02054258     -0.03135636     -0.00416891
MINMODE:MODE:      14      0.03715648     -0.02270805      0.03054175
MINMODE:MODE:      15      0.04357826     -0.00746209      0.06079988
MINMODE:MODE:      16      0.03421397      0.00049667      0.05835900
MINMODE:MODE:      17     -0.02391388     -0.00407963     -0.05475260
MINMODE:MODE:      18     -0.00366831      0.00413979     -0.01862361
MINMODE:MODE:      19     -0.00075855      0.01599877     -0.00189674
MINMODE:MODE:      20      0.01032037      0.01642835      0.00804931
MINMODE:MODE:      21      0.04164544      0.02812915      0.04383608
MINMODE:MODE:      22      0.04532146      0.03348156      0.04208058
MINMODE:MODE:      23      0.01989995      0.02667024      0.00664392
MINMODE:MODE:      24     -0.00977757      0.01488680     -0.02772414
MINMODE:MODE:      25     -0.01498418      0.00979580     -0.02757375
MINMODE:MODE:      26     -0.01026968      0.02830045      0.00028317
MINMODE:MODE:      27      0.03588245      0.08894818     -0.06682403
MINMODE:MODE:      28      0.03812270      0.08745431     -0.06735319
MINMODE:MODE:      29     -0.00899201      0.02496664      0.00056440
MINMODE:MODE:      30     -0.05610986     -0.03804359      0.06930593
MINMODE:MODE:      31     -0.05817221     -0.03572358      0.07044369
MINMODE:MODE:      32     -0.00658320      0.00574113      0.03278962
MINMODE:MODE:      33     -0.04076249      0.01324874      0.02636012
MINMODE:MODE:      34      0.02741452     -0.00837569      0.04381525
MINMODE:MODE:      35     -0.00464158      0.00644901      0.06453723
MINMODE:MODE:      36      0.05456516     -0.02649603      0.00822491
MINMODE:MODE:      37      0.03541840      0.00530202      0.00683853
MINMODE:MODE:      38     -0.03852362      0.06087241      0.01564596
MINMODE:MODE:      39     -0.09706313      0.08702461      0.02601616
MINMODE:MODE:      40     -0.08524622      0.06042020      0.02743625
MINMODE:MODE:      41     -0.00589729     -0.03592944     -0.03870502
MINMODE:MODE:      42      0.01535630     -0.04334718     -0.02837716
MINMODE:MODE:      43      0.04451709     -0.02829642      0.03299804
MINMODE:MODE:      44      0.05575680     -0.00100572      0.08638699
MINMODE:MODE:      45      0.03795392      0.01285663      0.08317691
MINMODE:MODE:      46     -0.04427413      0.03736804     -0.09465407
MINMODE:MODE:      47     -0.03975519     -0.05829487     -0.07545595
MINMODE:MODE:      48     -0.01041747      0.01462533     -0.00858511
MINMODE:MODE:      49      0.02181141     -0.01065756     -0.01759347
MINMODE:MODE:      50      0.06199238      0.03326820      0.07316057
MINMODE:MODE:      51      0.06814151      0.04243181      0.06863036
MINMODE:MODE:      52      0.02303563      0.03049753      0.00590005
MINMODE:MODE:      53     -0.02942721      0.00960242     -0.05429034
MINMODE:MODE:      54     -0.03825855     -0.00117704     -0.05535400
MINMODE:MODE:      55      0.07431705      0.14352772     -0.11311607
MINMODE:MODE:      56      0.07207393      0.13525011     -0.12080231
MINMODE:MODE:      57     -0.00951973      0.02502833      0.00095964
MINMODE:MODE:      58     -0.09266254     -0.08851088      0.12234933
MINMODE:MODE:      59     -0.09783086     -0.08490170      0.12444806
MINMODE:MODE:      60      0.01013881      0.01058374      0.02397881
MINMODE:MODE:      61      0.01760073      0.01374169      0.05122319
MINMODE:MODE:      62      0.00394684     -0.01210504     -0.00187228
MINMODE:MODE:      63      0.00853695     -0.02186472      0.00302882
MINMODE:MODE:      64      0.16254500      0.01692631      0.03744493
MINMODE:MODE:      65      0.09267871     -0.16601736     -0.07480967
MINMODE:MODE:      66      0.02713392     -0.09664876     -0.05572081
MINMODE:MODE:      67      0.09904808     -0.14645750     -0.00234494
MINMODE:MODE:      68      0.03416299     -0.07336695      0.01455835
MINMODE:MODE:      69     -0.07210682      0.02953770     -0.01658593
MINMODE:MODE:      70     -0.13316551      0.07137134     -0.07048505
MINMODE:MODE:      71     -0.09936489      0.01855532     -0.09035931
MINMODE:MODE:      72      0.03542987      0.01478095     -0.01814988
MINMODE:MODE:      73     -0.00682693      0.02183232     -0.00835584
MINMODE:MODE:      74      0.07601917     -0.39808874     -0.18711761
MINMODE:MODE:      75      0.17713726     -0.22771002      0.02444044
MINMODE:MODE:      76      0.07117724     -0.10055353      0.05181605
MINMODE:MODE:      77     -0.10808308      0.07836875     -0.00112543
MINMODE:MODE:      78     -0.21232501      0.15191906     -0.09577304
MINMODE:MODE:      79     -0.15112187      0.05367458     -0.12700937
MINMODE:MODE: Optimization Step: 14
MINMODE:MODE: Order: 0
MINMODE:MODE:       0      0.00034188      0.00565394     -0.00442881
MINMODE:MODE:       1     -0.00280685      0.00437309     -0.01357814
MINMODE:MODE:       2     -0.01257083      0.00706974      0.02394287
MINMODE:MODE:       3      0.00442329      0.00169358      0.04119947
MINMODE:MODE:       4      0.00000080      0.00087411      0.01483577
MINMODE:MODE:       5     -0.01455059      0.01752142      0.01771524
MINMODE:MODE:       6      0.01896651      0.00117016      0.01179242
MINMODE:MODE:       7      0.00966412      0.01775815      0.01123558
MINMODE:MODE:       8     -0.03211295      0.04898127      0.01620780
MINMODE:MODE:       9     -0.06512691      0.06379872      0.02189153
MINMODE:MODE:      10     -0.05757880      0.04879370      0.02319315
MINMODE:MODE:      11      0.01750663     -0.00818623      0.02304907
MINMODE:MODE:      12      0.00992249     -0.02500107     -0.00864561
MINMODE:MODE:      13      0.02048331     -0.03127620     -0.00414209
MINMODE:MODE:      14      0.03708205     -0.02263912      0.03051074
MINMODE:MODE:      15      0.04348869     -0.00742921      0.06070081
MINMODE:MODE:      16      0.03413071      0.00051623      0.05826019
MINMODE:MODE:      17     -0.02388584     -0.00412273     -0.05463168
MINMODE:MODE:      18     -0.00367027      0.00416655     -0.01856150
MINMODE:MODE:      19     -0.00078418      0.01596425     -0.00186771
MINMODE:MODE:      20      0.01034083      0.01643028      0.00810776
MINMODE:MODE:      21      0.04158596      0.02809814      0.04380303
MINMODE:MODE:      22      0.04524738      0.03344308      0.04203281
MINMODE:MODE:      23      0.01987508      0.02665796      0.00664495
MINMODE:MODE:      24     -0.00974266      0.01490154     -0.02766029
MINMODE:MODE:      25     -0.01493545      0.00981882     -0.02750189
MINMODE:MODE:      26     -0.01037637      0.02826455      0.00042610
MINMODE:MODE:      27      0.03578657      0.08845743     -0.06651272
MINMODE:MODE:      28      0.03811467      0.08695222     -0.06709559
MINMODE:MODE:      29     -0.00897134      0.02483278      0.00056389
MINMODE:MODE:      30     -0.05620712     -0.03768457      0.06921594
MINMODE:MODE:      31     -0.05836979     -0.03542405      0.07044138
MINMODE:MODE:      32     -0.00652578      0.00574477      0.03281962
MINMODE:MODE:      33     -0.04066098      0.01325010      0.02640017
MINMODE:MODE:      34      0.02735390     -0.00834735      0.04378819
MINMODE:MODE:      35     -0.00461013      0.00648157      0.06444709
MINMODE:MODE:      36      0.05441142     -0.02644620      0.00822424
MINMODE:MODE:      37      0.03536375      0.00528722      0.00682574
MINMODE:MODE:      38     -0.03841309      0.06076786      0.01557304
MINMODE:MODE:      39     -0.09684151      0.08687434      0.02591450
MINMODE:MODE:      40     -0.08511578      0.06032424      0.02735878
MINMODE:MODE:      41     -0.00593150     -0.03585424     -0.03862741
MINMODE:MODE:      42      0.01531475     -0.04323445     -0.02829395
MINMODE:MODE:      43      0.04443414     -0.02821708      0.03296438
MINMODE:MODE:      44      0.05564848     -0.00099100      0.08623144
MINMODE:MODE:      45      0.03785554      0.01284980      0.08302624
MINMODE:MODE:      46     -0.04424597      0.03717740     -0.09455247
MINMODE:MODE:      47     -0.03968243     -0.05837010     -0.07520651
MINMODE:MODE:      48     -0.01042614      0.01463991     -0.00844681
MINMODE:MODE:      49      0.02187635     -0.01054990     -0.01753353
MINMODE:MODE:      50      0.06186564      0.03320846      0.07301325
MINMODE:MODE:      51      0.06799133      0.04236660      0.06850108
MINMODE:MODE:      52      0.02299918      0.03048076      0.00589123
MINMODE:MODE:      53     -0.02936609      0.00963758     -0.05417893
MINMODE:MODE:      54     -0.03812795     -0.00112030     -0.05521046
MINMODE:MODE:      55      0.07402680      0.14258087     -0.11253913
MINMODE:MODE:      56      0.07211914      0.13435571     -0.12042456
MINMODE:MODE:      57     -0.00933503      0.02492622      0.00082102
MINMODE:MODE:      58     -0.09279810     -0.08785341      0.12214694
MINMODE:MODE:      59     -0.09798689     -0.08406977      0.12412365
MINMODE:MODE:      60      0.01005428      0.01048402      0.02388229
MINMODE:MODE:      61      0.01752650      0.01363828      0.05123458
MINMODE:MODE:      62      0.00389724     -0.01201415     -0.00188419
MINMODE:MODE:      63      0.00855626     -0.02180171      0.00306510
MINMODE:MODE:      64      0.16205639      0.01942226      0.03839399
MINMODE:MODE:      65      0.09216391     -0.16653019     -0.07546656
MINMODE:MODE:      66      0.02703131     -0.09652982     -0.05568782
MINMODE:MODE:      67      0.09992201     -0.14695843     -0.00215864
MINMODE:MODE:      68      0.03409556     -0.07317142      0.01456661
MINMODE:MODE:      69     -0.07164157      0.02949278     -0.01658479
MINMODE:MODE:      70     -0.13330653      0.07180747     -0.07064344
MINMODE:MODE:      71     -0.09966182      0.01903399     -0.09047458
MINMODE:MODE:      72      0.03542019      0.01488740     -0.01809706
MINMODE:MODE:      73     -0.00674176      0.02185426     -0.00821963
MINMODE:MODE:      74      0.07610199     -0.40006474     -0.18834308
MINMODE:MODE:      75      0.17717621     -0.22753689      0.02444502
MINMODE:MODE:      76      0.07132246     -0.10045912      0.05169919
MINMODE:MODE:      77     -0.10787640      0.07842320     -0.00126015
MINMODE:MODE:      78     -0.21156767      0.15174690     -0.09581211
MINMODE:MODE:      79     -0.15099260      0.05394775     -0.12685603
MINMODE:MODE: Optimization Step: 15
MINMODE:MODE: Order: 0
MINMODE:MODE:       0      0.00035638      0.00569242     -0.00428075
MINMODE:MODE:       1     -0.00278118      0.00441535     -0.01346202
MINMODE:MODE:       2     -0.01250515      0.00708310      0.02396769
MINMODE:MODE:       3      0.00442983      0.00171274      0.04116058
MINMODE:MODE:       4     -0.00003878      0.00087961      0.01480917
MINMODE:MODE:       5     -0.01453046      0.01749572      0.01767734
MINMODE:MODE:       6      0.01889929      0.00116475      0.01178003
MINMODE:MODE:       7      0.00966533      0.01768849      0.01120123
MINMODE:MODE:       8     -0.03205282      0.04890536      0.01616985
MINMODE:MODE:       9     -0.06496928      0.06368730      0.02181025
MINMODE:MODE:      10     -0.05748487      0.04873893      0.02313464
MINMODE:MODE:      11      0.01742972     -0.00815316      0.02300778
MINMODE:MODE:      12      0.00986462     -0.02493879     -0.00862017
MINMODE:MODE:      13      0.02040895     -0.03118981     -0.00412407
MINMODE:MODE:      14      0.03699640     -0.02256349      0.03046747
MINMODE:MODE:      15      0.04338872     -0.00739441      0.06058382
MINMODE:MODE:      16      0.03404586      0.00053674      0.05815041
MINMODE:MODE:      17     -0.02384192     -0.00417815     -0.05449383
MINMODE:MODE:      18     -0.00367380      0.00419410     -0.01849292
MINMODE:MODE:      19     -0.00078333      0.01593559     -0.00181833
MINMODE:MODE:      20      0.01035700      0.01642702      0.00816275
MINMODE:MODE:      21      0.04150561      0.02805716      0.04374915
MINMODE:MODE:      22      0.04515618      0.03338975      0.04197909
MINMODE:MODE:      23      0.01984455      0.02664095      0.00664943
MINMODE:MODE:      24     -0.00971874      0.01491363     -0.02760413
MINMODE:MODE:      25     -0.01486689      0.00985280     -0.02740908
MINMODE:MODE:      26     -0.01044830      0.02825811      0.00058502
MINMODE:MODE:      27      0.03571387      0.08782275     -0.06615937
MINMODE:MODE:      28      0.03816071      0.08629244     -0.06681518
MINMODE:MODE:      29     -0.00892833      0.02466394      0.00048494
MINMODE:MODE:      30     -0.05640119     -0.03723387      0.06920336
MINMODE:MODE:      31     -0.05861527     -0.03498208      0.07041337
MINMODE:MODE:      32     -0.00646141      0.00574637      0.03283813
MINMODE:MODE:      33     -0.04054229      0.01324692      0.02644739
MINMODE:MODE:      34      0.02727673     -0.00831202      0.04373929
MINMODE:MODE:      35     -0.00456340      0.00650907      0.06433828
MINMODE:MODE:      36      0.05424574     -0.02641310      0.00822528
MINMODE:MODE:      37      0.03529211      0.00526004      0.00682108
MINMODE:MODE:      38     -0.03828658      0.06065053      0.01550119
MINMODE:MODE:      39     -0.09656348      0.08670566      0.02576016
MINMODE:MODE:      40     -0.08496655      0.06022296      0.02726632
MINMODE:MODE:      41     -0.00596124     -0.03576165     -0.03852540
MINMODE:MODE:      42      0.01526648     -0.04310401     -0.02819798
MINMODE:MODE:      43      0.04434139     -0.02812817      0.03292024
MINMODE:MODE:      44      0.05552987     -0.00097694      0.08604976
MINMODE:MODE:      45      0.03774896      0.01283568      0.08285116
MINMODE:MODE:      46     -0.04424433      0.03694252     -0.09449136
MINMODE:MODE:      47     -0.03957935     -0.05849182     -0.07487688
MINMODE:MODE:      48     -0.01043935      0.01464845     -0.00830366
MINMODE:MODE:      49      0.02192482     -0.01041460     -0.01744460
MINMODE:MODE:      50      0.06172601      0.03313372      0.07286216
MINMODE:MODE:      51      0.06781648      0.04228236      0.06835885
MINMODE:MODE:      52      0.02295558      0.03046095      0.00588148
MINMODE:MODE:      53     -0.02929078      0.00968122     -0.05405132
MINMODE:MODE:      54     -0.03798160     -0.00105790     -0.05505581
MINMODE:MODE:      55      0.07391025      0.14155984     -0.11208052
MINMODE:MODE:      56      0.07229095      0.13324807     -0.12015549
MINMODE:MODE:      57     -0.00913878      0.02476810      0.00062971
MINMODE:MODE:      58     -0.09307939     -0.08701977      0.12194762
MINMODE:MODE:      59     -0.09823679     -0.08304458      0.12388116
MINMODE:MODE:      60      0.01001243      0.01036856      0.02392510
MINMODE:MODE:      61      0.01738355      0.01347165      0.05097742
MINMODE:MODE:      62      0.00386723     -0.01191622     -0.00190026
MINMODE:MODE:      63      0.00855397     -0.02166983      0.00316088
MINMODE:MODE:      64      0.16119578      0.02222915      0.03934530
MINMODE:MODE:      65      0.09173227     -0.16684553     -0.07591046
MINMODE:MODE:      66      0.02723067     -0.09656411     -0.05544653
MINMODE:MODE:      67      0.09974624     -0.14687296     -0.00206795
MINMODE:MODE:      68      0.03471329     -0.07343487      0.01456466
MINMODE:MODE:      69     -0.07180687      0.02973351     -0.01681652
MINMODE:MODE:      70     -0.13286678      0.07186649     -0.07068988
MINMODE:MODE:      71     -0.09995411      0.01961264     -0.09049485
MINMODE:MODE:      72      0.03539381      0.01499855     -0.01805888
MINMODE:MODE:      73     -0.00663055      0.02183811     -0.00807287
MINMODE:MODE:      74      0.07648984     -0.40236587     -0.18945386
MINMODE:MODE:      75      0.17744132     -0.22764006      0.02461317
MINMODE:MODE:      76      0.07140178     -0.10048335      0.05157671
MINMODE:MODE:      77     -0.10757349      0.07849087     -0.00150624
MINMODE:MODE:      78     -0.21093554      0.15174606     -0.09595279
MINMODE:MODE:      79     -0.15096761      0.05444429     -0.12679588
MINMODE:MODE: Optimization Step: 16
MINMODE:MODE: Order: 0
MINMODE:MODE:       0      0.00036336      0.00569145     -0.00420103
MINMODE:MODE:       1     -0.00275442      0.00443770     -0.01334964
MINMODE:MODE:       2     -0.01244708      0.00709651      0.02400764
MINMODE:MODE:       3      0.00444906      0.00172378      0.04113893
MINMODE:MODE:       4     -0.00007061      0.00088286      0.01480609
MINMODE:MODE:       5     -0.01452675      0.01748571      0.01765199
MINMODE:MODE:       6      0.01883694      0.00116859      0.01177101
MINMODE:MODE:       7      0.00964532      0.01766108      0.01117976
MINMODE:MODE:       8     -0.03199020      0.04884372      0.01612166
MINMODE:MODE:       9     -0.06484059      0.06360785      0.02174311
MINMODE:MODE:      10     -0.05739143      0.04868077      0.02308032
MINMODE:MODE:      11      0.01735940     -0.00813144      0.02296780
MINMODE:MODE:      12      0.00981537     -0.02488687     -0.00859906
MINMODE:MODE:      13      0.02035932     -0.03111530     -0.00409386
MINMODE:MODE:      14      0.03692631     -0.02250634      0.03043360
MINMODE:MODE:      15      0.04331447     -0.00736452      0.06050106
MINMODE:MODE:      16      0.03397833      0.00055883      0.05807414
MINMODE:MODE:      17     -0.02380734     -0.00426223     -0.05439155
MINMODE:MODE:      18     -0.00365754      0.00419406     -0.01842587
MINMODE:MODE:      19     -0.00079692      0.01591532     -0.00178593
MINMODE:MODE:      20      0.01038192      0.01643528      0.00821313
MINMODE:MODE:      21      0.04142990      0.02802616      0.04369943
MINMODE:MODE:      22      0.04507417      0.03335561      0.04192740
MINMODE:MODE:      23      0.01981848      0.02663255      0.00665023
MINMODE:MODE:      24     -0.00967645      0.01494087     -0.02753467
MINMODE:MODE:      25     -0.01478123      0.00988951     -0.02730112
MINMODE:MODE:      26     -0.01058871      0.02822521      0.00069212
MINMODE:MODE:      27      0.03558237      0.08729217     -0.06579102
MINMODE:MODE:      28      0.03818164      0.08577099     -0.06662338
MINMODE:MODE:      29     -0.00889066      0.02453936      0.00051320
MINMODE:MODE:      30     -0.05655773     -0.03688109      0.06914558
MINMODE:MODE:      31     -0.05877536     -0.03453212      0.07033840
MINMODE:MODE:      32     -0.00640342      0.00575740      0.03287115
MINMODE:MODE:      33     -0.04042767      0.01324803      0.02650574
MINMODE:MODE:      34      0.02720981     -0.00827031      0.04371074
MINMODE:MODE:      35     -0.00452106      0.00654174      0.06428791
MINMODE:MODE:      36      0.05412749     -0.02639435      0.00822799
MINMODE:MODE:      37      0.03524550      0.00523580      0.00681383
MINMODE:MODE:      38     -0.03818483      0.06056404      0.01544082
MINMODE:MODE:      39     -0.09635791      0.08658537      0.02563537
MINMODE:MODE:      40     -0.08488011      0.06015788      0.02719786
MINMODE:MODE:      41     -0.00599171     -0.03568965     -0.03844764
MINMODE:MODE:      42      0.01522625     -0.04300600     -0.02811931
MINMODE:MODE:      43      0.04426952     -0.02805394      0.03289247
MINMODE:MODE:      44      0.05543980     -0.00096220      0.08591630
MINMODE:MODE:      45      0.03766594      0.01283032      0.08272597
MINMODE:MODE:      46     -0.04423384      0.03673763     -0.09444058
MINMODE:MODE:      47     -0.03951809     -0.05856699     -0.07464184
MINMODE:MODE:      48     -0.01046722      0.01468494     -0.00815386
MINMODE:MODE:      49      0.02197537     -0.01030371     -0.01739991
MINMODE:MODE:      50      0.06162231      0.03308092      0.07276441
MINMODE:MODE:      51      0.06769120      0.04222792      0.06826257
MINMODE:MODE:      52      0.02292219      0.03045387      0.00587390
MINMODE:MODE:      53     -0.02923833      0.00972676     -0.05396311
MINMODE:MODE:      54     -0.03788146     -0.00101002     -0.05494232
MINMODE:MODE:      55      0.07376443      0.14068446     -0.11169178
MINMODE:MODE:      56      0.07241947      0.13229116     -0.11984268
MINMODE:MODE:      57     -0.00892937      0.02463585      0.00048194
MINMODE:MODE:      58     -0.09328302     -0.08631200      0.12179765
MINMODE:MODE:      59     -0.09851108     -0.08222881      0.12369178
MINMODE:MODE:      60      0.00994160      0.01031036      0.02386846
MINMODE:MODE:      61      0.01727979      0.01334091      0.05084580
MINMODE:MODE:      62      0.00389905     -0.01192768     -0.00171186
MINMODE:MODE:      63      0.00850419     -0.02147188      0.00312483
MINMODE:MODE:      64      0.15997383      0.02295943      0.03940312
MINMODE:MODE:      65      0.09186106     -0.16555088     -0.07523308
MINMODE:MODE:      66      0.02681526     -0.09593870     -0.05541216
MINMODE:MODE:      67      0.09966631     -0.14655290     -0.00209588
MINMODE:MODE:      68      0.03494479     -0.07341728      0.01450724
MINMODE:MODE:      69     -0.07163888      0.02976373     -0.01696484
MINMODE:MODE:      70     -0.13250304      0.07183754     -0.07073636
MINMODE:MODE:      71     -0.09957764      0.01964023     -0.09039601
MINMODE:MODE:      72      0.03537140      0.01512097     -0.01800773
MINMODE:MODE:      73     -0.00652186      0.02183900     -0.00789171
MINMODE:MODE:      74      0.07687943     -0.40487957     -0.19092254
MINMODE:MODE:      75      0.17797448     -0.22805136      0.02485105
MINMODE:MODE:      76      0.07161748     -0.10057625      0.05152188
MINMODE:MODE:      77     -0.10744365      0.07865013     -0.00170983
MINMODE:MODE:      78     -0.21056970      0.15194509     -0.09614128
MINMODE:MODE:      79     -0.15118740      0.05493695     -0.12691393
MINMODE:MODE: Optimization Step: 17
MINMODE:MODE: Order: 0
MINMODE:MODE:       0      0.00035832      0.00568241     -0.00412121
MINMODE:MODE:       1     -0.00271489      0.00448087     -0.01324297
MINMODE:MODE:       2     -0.01237354      0.00710609      0.02404787
MINMODE:MODE:       3      0.00447394      0.00172699      0.04110645
MINMODE:MODE:       4     -0.00009262      0.00088732      0.01478612
MINMODE:MODE:       5     -0.01452899      0.01747168      0.01762309
MINMODE:MODE:       6      0.01876769      0.00117226      0.01176457
MINMODE:MODE:       7      0.00959882      0.01764979      0.01116420
MINMODE:MODE:       8     -0.03190344      0.04876743      0.01606563
MINMODE:MODE:       9     -0.06469359      0.06351696      0.02166711
MINMODE:MODE:      10     -0.05726370      0.04860178      0.02301337
MINMODE:MODE:      11      0.01727997     -0.00810707      0.02291348
MINMODE:MODE:      12      0.00976135     -0.02482620     -0.00857437
MINMODE:MODE:      13      0.02031663     -0.03102819     -0.00404598
MINMODE:MODE:      14      0.03685245     -0.02244930      0.03039360
MINMODE:MODE:      15      0.04323707     -0.00733647      0.06040862
MINMODE:MODE:      16      0.03390421      0.00057677      0.05798412
MINMODE:MODE:      17     -0.02376733     -0.00432692     -0.05428826
MINMODE:MODE:      18     -0.00365540      0.00420006     -0.01837721
MINMODE:MODE:      19     -0.00082017      0.01589493     -0.00175152
MINMODE:MODE:      20      0.01041238      0.01643886      0.00826140
MINMODE:MODE:      21      0.04132610      0.02798454      0.04362020
MINMODE:MODE:      22      0.04497093      0.03331042      0.04185256
MINMODE:MODE:      23      0.01978535      0.02662193      0.00664760
MINMODE:MODE:      24     -0.00960447      0.01497611     -0.02743541
MINMODE:MODE:      25     -0.01467315      0.00993259     -0.02716803
MINMODE:MODE:      26     -0.01067473      0.02821037      0.00081649
MINMODE:MODE:      27      0.03549527      0.08673536     -0.06548195
MINMODE:MODE:      28      0.03822832      0.08521134     -0.06641131
MINMODE:MODE:      29     -0.00889705      0.02431579      0.00055635
MINMODE:MODE:      30     -0.05669108     -0.03643204      0.06906240
MINMODE:MODE:      31     -0.05892522     -0.03402165      0.07020612
MINMODE:MODE:      32     -0.00634325      0.00576388      0.03289765
MINMODE:MODE:      33     -0.04028665      0.01324323      0.02656906
MINMODE:MODE:      34      0.02712648     -0.00823073      0.04366314
MINMODE:MODE:      35     -0.00447765      0.00657470      0.06425337
MINMODE:MODE:      36      0.05400205     -0.02638075      0.00823282
MINMODE:MODE:      37      0.03519529      0.00520803      0.00680442
MINMODE:MODE:      38     -0.03807550      0.06046658      0.01537959
MINMODE:MODE:      39     -0.09614892      0.08646861      0.02551398
MINMODE:MODE:      40     -0.08478249      0.06009074      0.02713193
MINMODE:MODE:      41     -0.00602713     -0.03561070     -0.03836857
MINMODE:MODE:      42      0.01518296     -0.04290942     -0.02804360
MINMODE:MODE:      43      0.04418781     -0.02797501      0.03285584
MINMODE:MODE:      44      0.05534609     -0.00095037      0.08576808
MINMODE:MODE:      45      0.03758075      0.01282640      0.08259538
MINMODE:MODE:      46     -0.04420260      0.03645614     -0.09437936
MINMODE:MODE:      47     -0.03943155     -0.05858440     -0.07436772
MINMODE:MODE:      48     -0.01051950      0.01473170     -0.00798834
MINMODE:MODE:      49      0.02202308     -0.01020036     -0.01736740
MINMODE:MODE:      50      0.06150404      0.03301551      0.07266590
MINMODE:MODE:      51      0.06756583      0.04217021      0.06816565
MINMODE:MODE:      52      0.02287976      0.03043966      0.00586391
MINMODE:MODE:      53     -0.02918694      0.00977747     -0.05388086
MINMODE:MODE:      54     -0.03779610     -0.00096732     -0.05483499
MINMODE:MODE:      55      0.07359697      0.13970356     -0.11128212
MINMODE:MODE:      56      0.07256592      0.13125139     -0.11953201
MINMODE:MODE:      57     -0.00873135      0.02447322      0.00033728
MINMODE:MODE:      58     -0.09351427     -0.08552431      0.12161941
MINMODE:MODE:      59     -0.09883108     -0.08137825      0.12355747
MINMODE:MODE:      60      0.00986053      0.01027215      0.02379620
MINMODE:MODE:      61      0.01719271      0.01322583      0.05077809
MINMODE:MODE:      62      0.00386090     -0.01184542     -0.00168375
MINMODE:MODE:      63      0.00852801     -0.02142099      0.00321154
MINMODE:MODE:      64      0.15883868      0.02456755      0.03967773
MINMODE:MODE:      65      0.09164478     -0.16504410     -0.07504259
MINMODE:MODE:      66      0.02598747     -0.09510735     -0.05538136
MINMODE:MODE:      67      0.09964395     -0.14621535     -0.00209522
MINMODE:MODE:      68      0.03487503     -0.07311239      0.01440690
MINMODE:MODE:      69     -0.07121195      0.02962036     -0.01706039
MINMODE:MODE:      70     -0.13211824      0.07181085     -0.07071926
MINMODE:MODE:      71     -0.09878426      0.01939099     -0.09013538
MINMODE:MODE:      72      0.03532659      0.01524197     -0.01795098
MINMODE:MODE:      73     -0.00640184      0.02181505     -0.00772851
MINMODE:MODE:      74      0.07736983     -0.40739145     -0.19235771
MINMODE:MODE:      75      0.17858145     -0.22847863      0.02515232
MINMODE:MODE:      76      0.07192060     -0.10059619      0.05146129
MINMODE:MODE:      77     -0.10735626      0.07879371     -0.00192197
MINMODE:MODE:      78     -0.21025807      0.15220854     -0.09631048
MINMODE:MODE:      79     -0.15139143      0.05537065     -0.12698958
MINMODE:MODE: Optimization Step: 18
MINMODE:MODE: Order: 0
MINMODE:MODE:       0      0.00033126      0.00569406     -0.00402804
MINMODE:MODE:       1     -0.00269690      0.00451319     -0.01311253
MINMODE:MODE:       2     -0.01230043      0.00711313      0.02406231
MINMODE:MODE:       3      0.00448537      0.00174191      0.04104686
MINMODE:MODE:       4     -0.00011155      0.00089209      0.01474934
MINMODE:MODE:       5     -0.01450499      0.01743115      0.01757626
MINMODE:MODE:       6      0.01869936      0.00116912      0.01174466
MINMODE:MODE:       7      0.00957598      0.01759880      0.01113224
MINMODE:MODE:       8     -0.03179908      0.04865613      0.01599797
MINMODE:MODE:       9     -0.06448795      0.06335882      0.02156794
MINMODE:MODE:      10     -0.05711980      0.04850241      0.02293342
MINMODE:MODE:      11      0.01719678     -0.00806754      0.02285044
MINMODE:MODE:      12      0.00970490     -0.02473760     -0.00853366
MINMODE:MODE:      13      0.02024541     -0.03091942     -0.00400769
MINMODE:MODE:      14      0.03675155     -0.02236326      0.03033898
MINMODE:MODE:      15      0.04311798     -0.00730260      0.06025597
MINMODE:MODE:      16      0.03379293      0.00058712      0.05782678
MINMODE:MODE:      17     -0.02371264     -0.00439077     -0.05412806
MINMODE:MODE:      18     -0.00366348      0.00421241     -0.01830994
MINMODE:MODE:      19     -0.00084644      0.01586133     -0.00172170
MINMODE:MODE:      20      0.01042217      0.01642922      0.00830047
MINMODE:MODE:      21      0.04120970      0.02792227      0.04353056
MINMODE:MODE:      22      0.04483824      0.03323648      0.04175500
MINMODE:MODE:      23      0.01974462      0.02658858      0.00665144
MINMODE:MODE:      24     -0.00954311      0.01499255     -0.02733048
MINMODE:MODE:      25     -0.01457382      0.00996407     -0.02703448
MINMODE:MODE:      26     -0.01075901      0.02815481      0.00091500
MINMODE:MODE:      27      0.03542813      0.08616373     -0.06519554
MINMODE:MODE:      28      0.03821822      0.08454500     -0.06611523
MINMODE:MODE:      29     -0.00886085      0.02412744      0.00056464
MINMODE:MODE:      30     -0.05679763     -0.03597407      0.06892693
MINMODE:MODE:      31     -0.05907588     -0.03355587      0.07007887
MINMODE:MODE:      32     -0.00628022      0.00576241      0.03288893
MINMODE:MODE:      33     -0.04011420      0.01322159      0.02659490
MINMODE:MODE:      34      0.02704705     -0.00818730      0.04358863
MINMODE:MODE:      35     -0.00442739      0.00659537      0.06413141
MINMODE:MODE:      36      0.05381573     -0.02632681      0.00823358
MINMODE:MODE:      37      0.03510599      0.00517649      0.00679179
MINMODE:MODE:      38     -0.03792996      0.06031232      0.01530275
MINMODE:MODE:      39     -0.09585160      0.08626807      0.02537337
MINMODE:MODE:      40     -0.08459250      0.05996933      0.02703751
MINMODE:MODE:      41     -0.00605834     -0.03550053     -0.03826214
MINMODE:MODE:      42      0.01512346     -0.04277070     -0.02794532
MINMODE:MODE:      43      0.04406435     -0.02787196      0.03278943
MINMODE:MODE:      44      0.05520265     -0.00093786      0.08554050
MINMODE:MODE:      45      0.03746058      0.01281193      0.08238636
MINMODE:MODE:      46     -0.04411479      0.03614257     -0.09420110
MINMODE:MODE:      47     -0.03930797     -0.05855330     -0.07400967
MINMODE:MODE:      48     -0.01055939      0.01475374     -0.00782919
MINMODE:MODE:      49      0.02205925     -0.01009138     -0.01730859
MINMODE:MODE:      50      0.06131526      0.03291659      0.07248606
MINMODE:MODE:      51      0.06737016      0.04206977      0.06799850
MINMODE:MODE:      52      0.02281451      0.03039768      0.00584766
MINMODE:MODE:      53     -0.02910547      0.00981833     -0.05374805
MINMODE:MODE:      54     -0.03766635     -0.00091787     -0.05467012
MINMODE:MODE:      55      0.07341740      0.13862045     -0.11081333
MINMODE:MODE:      56      0.07263214      0.13006565     -0.11907074
MINMODE:MODE:      57     -0.00853017      0.02426279      0.00020896
MINMODE:MODE:      58     -0.09364637     -0.08462895      0.12131209
MINMODE:MODE:      59     -0.09902911     -0.08044062      0.12327330
MINMODE:MODE:      60      0.00982513      0.01022558      0.02387041
MINMODE:MODE:      61      0.01705547      0.01309773      0.05053407
MINMODE:MODE:      62      0.00381977     -0.01178052     -0.00171367
MINMODE:MODE:      63      0.00855144     -0.02136111      0.00333249
MINMODE:MODE:      64      0.15832758      0.02858559      0.04132442
MINMODE:MODE:      65      0.09088345     -0.16627118     -0.07616115
MINMODE:MODE:      66      0.02603491     -0.09516588     -0.05529507
MINMODE:MODE:      67      0.09973381     -0.14629519     -0.00192208
MINMODE:MODE:      68      0.03516282     -0.07315401      0.01447523
MINMODE:MODE:      69     -0.07116356      0.02982973     -0.01716860
MINMODE:MODE:      70     -0.13168374      0.07193657     -0.07074453
MINMODE:MODE:      71     -0.09902624      0.01996585     -0.09016148
MINMODE:MODE:      72      0.03526835      0.01537374     -0.01788612
MINMODE:MODE:      73     -0.00628502      0.02177397     -0.00759268
MINMODE:MODE:      74      0.07742184     -0.40957424     -0.19347725
MINMODE:MODE:      75      0.17881717     -0.22848113      0.02537394
MINMODE:MODE:      76      0.07209809     -0.10054120      0.05131823
MINMODE:MODE:      77     -0.10704302      0.07873892     -0.00216056
MINMODE:MODE:      78     -0.20971354      0.15227275     -0.09638093
MINMODE:MODE:      79     -0.15120844      0.05574153     -0.12678087
MINMODE:MODE: Optimization Step: 19
MINMODE:MODE: Order: 0
MINMODE:MODE:       0      0.00031016      0.00572584     -0.00393250
MINMODE:MODE:       1     -0.00269583      0.00454023     -0.01297452
MINMODE:MODE:       2     -0.01223974      0.00712600      0.02408102
MINMODE:MODE:       3      0.00449348      0.00176989      0.04101427
MINMODE:MODE:       4     -0.00015612      0.00090435      0.01472951
MINMODE:MODE:       5     -0.01448159      0.01739488      0.01753605
MINMODE:MODE:       6      0.01865858      0.00114880      0.01172254
MINMODE:MODE:       7      0.00958257      0.01753178      0.01109782
MINMODE:MODE:       8     -0.03171036      0.04856698      0.01593598
MINMODE:MODE:       9     -0.06431666      0.06323766      0.02148032
MINMODE:MODE:      10     -0.05702104      0.04844129      0.02286991
MINMODE:MODE:      11      0.01712636     -0.00802649      0.02281012
MINMODE:MODE:      12      0.00965263     -0.02465873     -0.00848916
MINMODE:MODE:      13      0.02017660     -0.03082183     -0.00397733
MINMODE:MODE:      14      0.03665876     -0.02228510      0.03029140
MINMODE:MODE:      15      0.04301166     -0.00727123      0.06011883
MINMODE:MODE:      16      0.03369338      0.00059713      0.05768435
MINMODE:MODE:      17     -0.02367241     -0.00445741     -0.05396467
MINMODE:MODE:      18     -0.00368304      0.00423721     -0.01823822
MINMODE:MODE:      19     -0.00086226      0.01584644     -0.00170855
MINMODE:MODE:      20      0.01042835      0.01642032      0.00834605
MINMODE:MODE:      21      0.04113075      0.02787560      0.04348393
MINMODE:MODE:      22      0.04474011      0.03317835      0.04169858
MINMODE:MODE:      23      0.01971770      0.02656681      0.00666967
MINMODE:MODE:      24     -0.00951159      0.01500949     -0.02726021
MINMODE:MODE:      25     -0.01450176      0.00999911     -0.02693412
MINMODE:MODE:      26     -0.01084067      0.02812088      0.00099425
MINMODE:MODE:      27      0.03542559      0.08562851     -0.06497836
MINMODE:MODE:      28      0.03823480      0.08387682     -0.06585493
MINMODE:MODE:      29     -0.00878949      0.02398313      0.00052353
MINMODE:MODE:      30     -0.05696828     -0.03555452      0.06884314
MINMODE:MODE:      31     -0.05931438     -0.03313979      0.07005626
MINMODE:MODE:      32     -0.00622055      0.00576461      0.03288606
MINMODE:MODE:      33     -0.03996822      0.01320259      0.02661839
MINMODE:MODE:      34      0.02700734     -0.00815154      0.04354220
MINMODE:MODE:      35     -0.00437203      0.00661521      0.06400555
MINMODE:MODE:      36      0.05363447     -0.02627044      0.00824094
MINMODE:MODE:      37      0.03502508      0.00514437      0.00678530
MINMODE:MODE:      38     -0.03779841      0.06018468      0.01522877
MINMODE:MODE:      39     -0.09557553      0.08609141      0.02524184
MINMODE:MODE:      40     -0.08442126      0.05987300      0.02694926
MINMODE:MODE:      41     -0.00609522     -0.03540406     -0.03816562
MINMODE:MODE:      42      0.01506982     -0.04264109     -0.02786230
MINMODE:MODE:      43      0.04396121     -0.02777985      0.03273814
MINMODE:MODE:      44      0.05508049     -0.00092419      0.08534415
MINMODE:MODE:      45      0.03735147      0.01279798      0.08219476
MINMODE:MODE:      46     -0.04404598      0.03586272     -0.09404857
MINMODE:MODE:      47     -0.03920096     -0.05859013     -0.07365686
MINMODE:MODE:      48     -0.01059403      0.01475756     -0.00768860
MINMODE:MODE:      49      0.02211383     -0.00996701     -0.01723295
MINMODE:MODE:      50      0.06113700      0.03282868      0.07231759
MINMODE:MODE:      51      0.06718281      0.04197712      0.06784401
MINMODE:MODE:      52      0.02275965      0.03037263      0.00583441
MINMODE:MODE:      53     -0.02902852      0.00986523     -0.05362804
MINMODE:MODE:      54     -0.03752862     -0.00085597     -0.05451334
MINMODE:MODE:      55      0.07328726      0.13755155     -0.11040699
MINMODE:MODE:      56      0.07271662      0.12885465     -0.11862628
MINMODE:MODE:      57     -0.00832585      0.02403785      0.00008235
MINMODE:MODE:      58     -0.09382617     -0.08371420      0.12104552
MINMODE:MODE:      59     -0.09923817     -0.07947510      0.12301055
MINMODE:MODE:      60      0.00973849      0.01013223      0.02373878
MINMODE:MODE:      61      0.01698368      0.01299110      0.05051764
MINMODE:MODE:      62      0.00383131     -0.01178979     -0.00158041
MINMODE:MODE:      63      0.00852276     -0.02121327      0.00330976
MINMODE:MODE:      64      0.15698988      0.03027706      0.04168710
MINMODE:MODE:      65      0.09082241     -0.16548139     -0.07585625
MINMODE:MODE:      66      0.02665149     -0.09543105     -0.05508118
MINMODE:MODE:      67      0.10025209     -0.14670514     -0.00168097
MINMODE:MODE:      68      0.03561354     -0.07341225      0.01464242
MINMODE:MODE:      69     -0.07120095      0.03015167     -0.01727394
MINMODE:MODE:      70     -0.13157890      0.07227623     -0.07094508
MINMODE:MODE:      71     -0.10006100      0.02105907     -0.09050844
MINMODE:MODE:      72      0.03524818      0.01553468     -0.01781926
MINMODE:MODE:      73     -0.00617356      0.02180077     -0.00737659
MINMODE:MODE:      74      0.07777661     -0.41188027     -0.19467420
MINMODE:MODE:      75      0.17895217     -0.22848906      0.02555751
MINMODE:MODE:      76      0.07226224     -0.10063486      0.05122751
MINMODE:MODE:      77     -0.10676027      0.07874523     -0.00244796
MINMODE:MODE:      78     -0.20917849      0.15232803     -0.09655845
MINMODE:MODE:      79     -0.15105546      0.05622037     -0.12663320
MINMODE:MODE: Optimization Step: 20
MINMODE:MODE: Order: 0
MINMODE:MODE:       0      0.00032570      0.00574216     -0.00380328
MINMODE:MODE:       1     -0.00267154      0.00458684     -0.01286765
MINMODE:MODE:       2     -0.01217388      0.00714212      0.02410911
MINMODE:MODE:       3      0.00451218      0.00179670      0.04100735
MINMODE:MODE:       4     -0.00019203      0.00091940      0.01473144
MINMODE:MODE:       5     -0.01448945      0.01739349      0.01751945
MINMODE:MODE:       6      0.01861225      0.00113416      0.01171014
MINMODE:MODE:       7      0.00957775      0.01748597      0.01107548
MINMODE:MODE:       8     -0.03163155      0.04850844      0.01588566
MINMODE:MODE:       9     -0.06421158      0.06318833      0.02141928
MINMODE:MODE:      10     -0.05694748      0.04841732      0.02282272
MINMODE:MODE:      11      0.01706402     -0.00799406      0.02278842
MINMODE:MODE:      12      0.00959886     -0.02461053     -0.00846878
MINMODE:MODE:      13      0.02011020     -0.03076031     -0.00396629
MINMODE:MODE:      14      0.03659763     -0.02223273      0.03025887
MINMODE:MODE:      15      0.04294525     -0.00724453      0.06003515
MINMODE:MODE:      16      0.03362891      0.00061387      0.05760472
MINMODE:MODE:      17     -0.02364083     -0.00452198     -0.05384076
MINMODE:MODE:      18     -0.00369669      0.00428357     -0.01817392
MINMODE:MODE:      19     -0.00087656      0.01583065     -0.00169412
MINMODE:MODE:      20      0.01044338      0.01641942      0.00840564
MINMODE:MODE:      21      0.04108501      0.02784779      0.04347374
MINMODE:MODE:      22      0.04468604      0.03314341      0.04168819
MINMODE:MODE:      23      0.01969659      0.02656363      0.00668738
MINMODE:MODE:      24     -0.00949113      0.01504119     -0.02721654
MINMODE:MODE:      25     -0.01444858      0.01004804     -0.02686556
MINMODE:MODE:      26     -0.01089691      0.02809131      0.00109645
MINMODE:MODE:      27      0.03543355      0.08504922     -0.06476482
MINMODE:MODE:      28      0.03832462      0.08323826     -0.06566250
MINMODE:MODE:      29     -0.00873517      0.02384542      0.00044594
MINMODE:MODE:      30     -0.05716438     -0.03508013      0.06881787
MINMODE:MODE:      31     -0.05957235     -0.03265306      0.07003065
MINMODE:MODE:      32     -0.00616379      0.00577013      0.03290392
MINMODE:MODE:      33     -0.03985964      0.01319390      0.02666257
MINMODE:MODE:      34      0.02699803     -0.00812980      0.04351842
MINMODE:MODE:      35     -0.00431601      0.00663802      0.06393869
MINMODE:MODE:      36      0.05349302     -0.02624830      0.00825637
MINMODE:MODE:      37      0.03497580      0.00510922      0.00678514
MINMODE:MODE:      38     -0.03770300      0.06011764      0.01516971
MINMODE:MODE:      39     -0.09536536      0.08598743      0.02513238
MINMODE:MODE:      40     -0.08431738      0.05983569      0.02688583
MINMODE:MODE:      41     -0.00612736     -0.03532870     -0.03807432
MINMODE:MODE:      42      0.01502822     -0.04254609     -0.02779332
MINMODE:MODE:      43      0.04390571     -0.02771486      0.03271451
MINMODE:MODE:      44      0.05501114     -0.00091148      0.08522008
MINMODE:MODE:      45      0.03727706      0.01278575      0.08206031
MINMODE:MODE:      46     -0.04404962      0.03562788     -0.09402351
MINMODE:MODE:      47     -0.03911279     -0.05872634     -0.07333083
MINMODE:MODE:      48     -0.01062264      0.01477113     -0.00756813
MINMODE:MODE:      49      0.02216667     -0.00983259     -0.01714228
MINMODE:MODE:      50      0.06101281      0.03276239      0.07221697
MINMODE:MODE:      51      0.06704543      0.04191801      0.06774493
MINMODE:MODE:      52      0.02272913      0.03037896      0.00582737
MINMODE:MODE:      53     -0.02897009      0.00992716     -0.05354803
MINMODE:MODE:      54     -0.03740877     -0.00077788     -0.05438342
MINMODE:MODE:      55      0.07332490      0.13661113     -0.11020998
MINMODE:MODE:      56      0.07289023      0.12766430     -0.11832698
MINMODE:MODE:      57     -0.00813790      0.02381457     -0.00005547
MINMODE:MODE:      58     -0.09420179     -0.08287763      0.12092616
MINMODE:MODE:      59     -0.09956980     -0.07848881      0.12287870
MINMODE:MODE:      60      0.00968105      0.01008963      0.02369030
MINMODE:MODE:      61      0.01691103      0.01279155      0.05047920
MINMODE:MODE:      62      0.00379582     -0.01161564     -0.00148540
MINMODE:MODE:      63      0.00855400     -0.02118803      0.00331056
MINMODE:MODE:      64      0.15515502      0.03032932      0.04112312
MINMODE:MODE:      65      0.09096614     -0.16441241     -0.07513856
MINMODE:MODE:      66      0.02658448     -0.09499628     -0.05484211
MINMODE:MODE:      67      0.10078365     -0.14678936     -0.00156939
MINMODE:MODE:      68      0.03563790     -0.07326192      0.01460773
MINMODE:MODE:      69     -0.07081172      0.03008467     -0.01739960
MINMODE:MODE:      70     -0.13180676      0.07260938     -0.07113207
MINMODE:MODE:      71     -0.10021489      0.02146559     -0.09051656
MINMODE:MODE:      72      0.03521754      0.01567680     -0.01778356
MINMODE:MODE:      73     -0.00605747      0.02181778     -0.00717068
MINMODE:MODE:      74      0.07873953     -0.41385236     -0.19562519
MINMODE:MODE:      75      0.17932000     -0.22877815      0.02579673
MINMODE:MODE:      76      0.07259850     -0.10081590      0.05125555
MINMODE:MODE:      77     -0.10663348      0.07892021     -0.00268616
MINMODE:MODE:      78     -0.20881159      0.15248921     -0.09682888
MINMODE:MODE:      79     -0.15134279      0.05687171     -0.12676025
MINMODE:MODE: Optimization Step: 21
MINMODE:MODE: Order: 0
MINMODE:MODE:       0      0.00034693      0.00572949     -0.00366350
MINMODE:MODE:       1     -0.00262935      0.00462670     -0.01274717
MINMODE:MODE:       2     -0.01209053      0.00715180      0.02412041
MINMODE:MODE:       3      0.00454667      0.00180724      0.04095717
MINMODE:MODE:       4     -0.00019263      0.00092632      0.01473184
MINMODE:MODE:       5     -0.01448793      0.01739479      0.01750114
MINMODE:MODE:       6      0.01853661      0.00113359      0.01170251
MINMODE:MODE:       7      0.00954959      0.01744769      0.01105087
MINMODE:MODE:       8     -0.03153070      0.04841305      0.01582283
MINMODE:MODE:       9     -0.06405510      0.06309715      0.02134590
MINMODE:MODE:      10     -0.05681826      0.04835326      0.02275960
MINMODE:MODE:      11      0.01697291     -0.00797520      0.02272577
MINMODE:MODE:      12      0.00952932     -0.02455009     -0.00845266
MINMODE:MODE:      13      0.02003998     -0.03067568     -0.00394443
MINMODE:MODE:      14      0.03650539     -0.02217398      0.03019782
MINMODE:MODE:      15      0.04285195     -0.00721138      0.05991922
MINMODE:MODE:      16      0.03354451      0.00063458      0.05749582
MINMODE:MODE:      17     -0.02358065     -0.00459627     -0.05368194
MINMODE:MODE:      18     -0.00368614      0.00430387     -0.01809840
MINMODE:MODE:      19     -0.00089540      0.01578884     -0.00167625
MINMODE:MODE:      20      0.01045041      0.01641171      0.00845436
MINMODE:MODE:      21      0.04099704      0.02779709      0.04342057
MINMODE:MODE:      22      0.04459188      0.03308723      0.04163649
MINMODE:MODE:      23      0.01965358      0.02654325      0.00668778
MINMODE:MODE:      24     -0.00944931      0.01507021     -0.02713748
MINMODE:MODE:      25     -0.01436926      0.01008980     -0.02675880
MINMODE:MODE:      26     -0.01092899      0.02803792      0.00114411
MINMODE:MODE:      27      0.03536340      0.08437544     -0.06444598
MINMODE:MODE:      28      0.03834449      0.08252794     -0.06542983
MINMODE:MODE:      29     -0.00876321      0.02364451      0.00048859
MINMODE:MODE:      30     -0.05730523     -0.03458648      0.06869864
MINMODE:MODE:      31     -0.05972941     -0.03212379      0.06992215
MINMODE:MODE:      32     -0.00609850      0.00577387      0.03290083
MINMODE:MODE:      33     -0.03971147      0.01317658      0.02669707
MINMODE:MODE:      34      0.02694952     -0.00809453      0.04345030
MINMODE:MODE:      35     -0.00425571      0.00666180      0.06386241
MINMODE:MODE:      36      0.05332695     -0.02621794      0.00826240
MINMODE:MODE:      37      0.03490953      0.00506933      0.00677490
MINMODE:MODE:      38     -0.03758183      0.06000813      0.01510051
MINMODE:MODE:      39     -0.09509724      0.08583452      0.02500997
MINMODE:MODE:      40     -0.08416221      0.05976418      0.02680931
MINMODE:MODE:      41     -0.00614775     -0.03522219     -0.03794672
MINMODE:MODE:      42      0.01497684     -0.04242707     -0.02770200
MINMODE:MODE:      43      0.04382180     -0.02763237      0.03266833
MINMODE:MODE:      44      0.05490541     -0.00089689      0.08504335
MINMODE:MODE:      45      0.03718357      0.01276742      0.08187735
MINMODE:MODE:      46     -0.04402288      0.03538712     -0.09394472
MINMODE:MODE:      47     -0.03900921     -0.05881050     -0.07299013
MINMODE:MODE:      48     -0.01064551      0.01480565     -0.00742779
MINMODE:MODE:      49      0.02218185     -0.00969371     -0.01705826
MINMODE:MODE:      50      0.06086158      0.03267740      0.07208780
MINMODE:MODE:      51      0.06687292      0.04183295      0.06761126
MINMODE:MODE:      52      0.02268337      0.03036445      0.00581658
MINMODE:MODE:      53     -0.02889245      0.00998520     -0.05343294
MINMODE:MODE:      54     -0.03726706     -0.00069974     -0.05422041
MINMODE:MODE:      55      0.07331232      0.13561162     -0.10999403
MINMODE:MODE:      56      0.07314890      0.12646284     -0.11797125
MINMODE:MODE:      57     -0.00795033      0.02356625     -0.00017758
MINMODE:MODE:      58     -0.09447297     -0.08199787      0.12074179
MINMODE:MODE:      59     -0.09990400     -0.07744044      0.12261748
MINMODE:MODE:      60      0.00967100      0.00999477      0.02382919
MINMODE:MODE:      61      0.01676604      0.01261171      0.05016966
MINMODE:MODE:      62      0.00380611     -0.01153876     -0.00140804
MINMODE:MODE:      63      0.00853192     -0.02102071      0.00336495
MINMODE:MODE:      64      0.15430331      0.03330728      0.04244629
MINMODE:MODE:      65      0.09037012     -0.16592299     -0.07629481
MINMODE:MODE:      66      0.02597047     -0.09452208     -0.05476958
MINMODE:MODE:      67      0.10066464     -0.14649465     -0.00150494
MINMODE:MODE:      68      0.03566782     -0.07307022      0.01451104
MINMODE:MODE:      69     -0.07041316      0.02997547     -0.01754919
MINMODE:MODE:      70     -0.13167696      0.07274167     -0.07119293
MINMODE:MODE:      71     -0.09953400      0.02138794     -0.09030220
MINMODE:MODE:      72      0.03511679      0.01580275     -0.01772315
MINMODE:MODE:      73     -0.00594017      0.02179911     -0.00700344
MINMODE:MODE:      74      0.07930710     -0.41541506     -0.19636095
MINMODE:MODE:      75      0.17975768     -0.22903200      0.02610515
MINMODE:MODE:      76      0.07295831     -0.10089593      0.05124315
MINMODE:MODE:      77     -0.10646631      0.07903339     -0.00294554
MINMODE:MODE:      78     -0.20843183      0.15264988     -0.09699239
MINMODE:MODE:      79     -0.15165690      0.05749174     -0.12683521
MINMODE:MODE: Optimization Step: 22
MINMODE:MODE: Order: 0
MINMODE:MODE:       0      0.00038222      0.00575939     -0.00349636
MINMODE:MODE:       1     -0.00259031      0.00466294     -0.01259572
MINMODE:MODE:       2     -0.01198916      0.00716085      0.02413269
MINMODE:MODE:       3      0.00460043      0.00180055      0.04087939
MINMODE:MODE:       4     -0.00021317      0.00092082      0.01471953
MINMODE:MODE:       5     -0.01445705      0.01737250      0.01746244
MINMODE:MODE:       6      0.01846694      0.00115052      0.01169499
MINMODE:MODE:       7      0.00951696      0.01740692      0.01103098
MINMODE:MODE:       8     -0.03143215      0.04831670      0.01576426
MINMODE:MODE:       9     -0.06389066      0.06298254      0.02126250
MINMODE:MODE:      10     -0.05667675      0.04828424      0.02268754
MINMODE:MODE:      11      0.01687120     -0.00796368      0.02264347
MINMODE:MODE:      12      0.00946512     -0.02447147     -0.00841340
MINMODE:MODE:      13      0.01996938     -0.03057463     -0.00390726
MINMODE:MODE:      14      0.03640184     -0.02211046      0.03012459
MINMODE:MODE:      15      0.04274918     -0.00717826      0.05978330
MINMODE:MODE:      16      0.03344724      0.00064827      0.05735960
MINMODE:MODE:      17     -0.02351625     -0.00469981     -0.05352365
MINMODE:MODE:      18     -0.00368308      0.00431552     -0.01804287
MINMODE:MODE:      19     -0.00088800      0.01576394     -0.00165288
MINMODE:MODE:      20      0.01044813      0.01640041      0.00847457
MINMODE:MODE:      21      0.04087727      0.02773061      0.04334203
MINMODE:MODE:      22      0.04446049      0.03301459      0.04154990
MINMODE:MODE:      23      0.01959738      0.02651961      0.00667611
MINMODE:MODE:      24     -0.00938212      0.01510578     -0.02703178
MINMODE:MODE:      25     -0.01426064      0.01013622     -0.02661838
MINMODE:MODE:      26     -0.01098086      0.02797331      0.00122907
MINMODE:MODE:      27      0.03536768      0.08369815     -0.06421912
MINMODE:MODE:      28      0.03839615      0.08173065     -0.06517760
MINMODE:MODE:      29     -0.00877595      0.02337056      0.00053225
MINMODE:MODE:      30     -0.05745900     -0.03404418      0.06859093
MINMODE:MODE:      31     -0.05987215     -0.03150491      0.06975883
MINMODE:MODE:      32     -0.00602587      0.00577472      0.03289172
MINMODE:MODE:      33     -0.03952749      0.01315535      0.02674785
MINMODE:MODE:      34      0.02685889     -0.00804099      0.04334948
MINMODE:MODE:      35     -0.00419060      0.00668742      0.06381282
MINMODE:MODE:      36      0.05316122     -0.02619023      0.00826806
MINMODE:MODE:      37      0.03483325      0.00502191      0.00676786
MINMODE:MODE:      38     -0.03743626      0.05986613      0.01502810
MINMODE:MODE:      39     -0.09480945      0.08566986      0.02488528
MINMODE:MODE:      40     -0.08397731      0.05968236      0.02672201
MINMODE:MODE:      41     -0.00618302     -0.03510575     -0.03782182
MINMODE:MODE:      42      0.01491966     -0.04229912     -0.02760258
MINMODE:MODE:      43      0.04371726     -0.02753713      0.03260553
MINMODE:MODE:      44      0.05478892     -0.00088436      0.08483708
MINMODE:MODE:      45      0.03708348      0.01275474      0.08169105
MINMODE:MODE:      46     -0.04398436      0.03505638     -0.09386439
MINMODE:MODE:      47     -0.03887802     -0.05884003     -0.07259638
MINMODE:MODE:      48     -0.01070754      0.01486783     -0.00725018
MINMODE:MODE:      49      0.02218466     -0.00955099     -0.01699226
MINMODE:MODE:      50      0.06070396      0.03257745      0.07196282
MINMODE:MODE:      51      0.06669828      0.04173883      0.06748161
MINMODE:MODE:      52      0.02262071      0.03033545      0.00580343
MINMODE:MODE:      53     -0.02880726      0.01005335     -0.05330918
MINMODE:MODE:      54     -0.03712792     -0.00062464     -0.05406633
MINMODE:MODE:      55      0.07328435      0.13446803     -0.10974315
MINMODE:MODE:      56      0.07342330      0.12514544     -0.11762155
MINMODE:MODE:      57     -0.00777530      0.02326790     -0.00029001
MINMODE:MODE:      58     -0.09476394     -0.08099807      0.12052336
MINMODE:MODE:      59     -0.10022910     -0.07629640      0.12235113
MINMODE:MODE:      60      0.00956200      0.00981327      0.02362652
MINMODE:MODE:      61      0.01667391      0.01251275      0.05009135
MINMODE:MODE:      62      0.00383483     -0.01152247     -0.00133255
MINMODE:MODE:      63      0.00849475     -0.02080234      0.00348215
MINMODE:MODE:      64      0.15311253      0.03668206      0.04360680
MINMODE:MODE:      65      0.08988400     -0.16632217     -0.07687008
MINMODE:MODE:      66      0.02560239     -0.09438292     -0.05470394
MINMODE:MODE:      67      0.10017907     -0.14633734     -0.00136328
MINMODE:MODE:      68      0.03631042     -0.07342576      0.01463663
MINMODE:MODE:      69     -0.07059536      0.03027266     -0.01779333
MINMODE:MODE:      70     -0.13111309      0.07278203     -0.07129644
MINMODE:MODE:      71     -0.09927475      0.02157911     -0.09033707
MINMODE:MODE:      72      0.03502817      0.01597526     -0.01763979
MINMODE:MODE:      73     -0.00583006      0.02177892     -0.00675921
MINMODE:MODE:      74      0.07991605     -0.41755749     -0.19720765
MINMODE:MODE:      75      0.18015289     -0.22929015      0.02647855
MINMODE:MODE:      76      0.07320378     -0.10103331      0.05114138
MINMODE:MODE:      77     -0.10613088      0.07895950     -0.00333849
MINMODE:MODE:      78     -0.20816929      0.15296109     -0.09724655
MINMODE:MODE:      79     -0.15164617      0.05792365     -0.12676631
MINMODE:MODE: Optimization Step: 23
MINMODE:MODE: Order: 0
MINMODE:MODE:       0      0.00037989      0.00574142     -0.00340412
MINMODE:MODE:       1     -0.00258298      0.00467396     -0.01245301
MINMODE:MODE:       2     -0.01192072      0.00716797      0.02417322
MINMODE:MODE:       3      0.00463327      0.00180977      0.04086281
MINMODE:MODE:       4     -0.00023771      0.00092244      0.01472156
MINMODE:MODE:       5     -0.01443450      0.01735656      0.01743741
MINMODE:MODE:       6      0.01842370      0.00115037      0.01169033
MINMODE:MODE:       7      0.00950077      0.01738441      0.01101912
MINMODE:MODE:       8     -0.03136758      0.04826383      0.01572262
MINMODE:MODE:       9     -0.06377612      0.06292658      0.02120629
MINMODE:MODE:      10     -0.05659818      0.04825714      0.02264278
MINMODE:MODE:      11      0.01679956     -0.00794956      0.02259866
MINMODE:MODE:      12      0.00939022     -0.02443014     -0.00840588
MINMODE:MODE:      13      0.01991679     -0.03051013     -0.00387757
MINMODE:MODE:      14      0.03633877     -0.02206024      0.03009302
MINMODE:MODE:      15      0.04268244     -0.00715874      0.05969388
MINMODE:MODE:      16      0.03337333      0.00065461      0.05726470
MINMODE:MODE:      17     -0.02349518     -0.00480609     -0.05341965
MINMODE:MODE:      18     -0.00369186      0.00432419     -0.01800339
MINMODE:MODE:      19     -0.00091308      0.01574648     -0.00165375
MINMODE:MODE:      20      0.01043780      0.01639032      0.00848642
MINMODE:MODE:      21      0.04080234      0.02769115      0.04330478
MINMODE:MODE:      22      0.04437281      0.03297921      0.04149647
MINMODE:MODE:      23      0.01957200      0.02651851      0.00667710
MINMODE:MODE:      24     -0.00932998      0.01514419     -0.02695663
MINMODE:MODE:      25     -0.01418592      0.01017120     -0.02651854
MINMODE:MODE:      26     -0.01106270      0.02794684      0.00126323
MINMODE:MODE:      27      0.03541622      0.08326222     -0.06411021
MINMODE:MODE:      28      0.03844709      0.08116265     -0.06503206
MINMODE:MODE:      29     -0.00875728      0.02320716      0.00058242
MINMODE:MODE:      30     -0.05759833     -0.03367869      0.06851721
MINMODE:MODE:      31     -0.06001961     -0.03107642      0.06970235
MINMODE:MODE:      32     -0.00596725      0.00578070      0.03290651
MINMODE:MODE:      33     -0.03938844      0.01314907      0.02680715
MINMODE:MODE:      34      0.02681272     -0.00800368      0.04331030
MINMODE:MODE:      35     -0.00413225      0.00670979      0.06377835
MINMODE:MODE:      36      0.05304815     -0.02616917      0.00827440
MINMODE:MODE:      37      0.03478749      0.00498911      0.00676447
MINMODE:MODE:      38     -0.03733011      0.05977882      0.01497372
MINMODE:MODE:      39     -0.09462674      0.08558152      0.02479543
MINMODE:MODE:      40     -0.08382905      0.05966130      0.02668322
MINMODE:MODE:      41     -0.00622280     -0.03502951     -0.03774356
MINMODE:MODE:      42      0.01487904     -0.04221507     -0.02753389
MINMODE:MODE:      43      0.04364827     -0.02747035      0.03257423
MINMODE:MODE:      44      0.05472223     -0.00087262      0.08471293
MINMODE:MODE:      45      0.03701809      0.01275905      0.08158473
MINMODE:MODE:      46     -0.04394932      0.03479936     -0.09380796
MINMODE:MODE:      47     -0.03879862     -0.05886638     -0.07230456
MINMODE:MODE:      48     -0.01077165      0.01492628     -0.00710406
MINMODE:MODE:      49      0.02222038     -0.00944122     -0.01695696
MINMODE:MODE:      50      0.06059904      0.03251764      0.07189529
MINMODE:MODE:      51      0.06659144      0.04168698      0.06741223
MINMODE:MODE:      52      0.02257819      0.03032878      0.00579375
MINMODE:MODE:      53     -0.02875023      0.01011502     -0.05323301
MINMODE:MODE:      54     -0.03703481     -0.00056006     -0.05395711
MINMODE:MODE:      55      0.07326780      0.13360292     -0.10960318
MINMODE:MODE:      56      0.07361505      0.12410152     -0.11727971
MINMODE:MODE:      57     -0.00761743      0.02302538     -0.00034571
MINMODE:MODE:      58     -0.09497702     -0.08022886      0.12040007
MINMODE:MODE:      59     -0.10049591     -0.07541260      0.12211441
MINMODE:MODE:      60      0.00953402      0.00987970      0.02369427
MINMODE:MODE:      61      0.01656276      0.01229445      0.04988614
MINMODE:MODE:      62      0.00379715     -0.01137026     -0.00117119
MINMODE:MODE:      63      0.00853627     -0.02079283      0.00350654
MINMODE:MODE:      64      0.15147051      0.03683873      0.04316130
MINMODE:MODE:      65      0.08998051     -0.16434042     -0.07580881
MINMODE:MODE:      66      0.02561417     -0.09409226     -0.05458792
MINMODE:MODE:      67      0.10040635     -0.14644649     -0.00122546
MINMODE:MODE:      68      0.03663758     -0.07359362      0.01471956
MINMODE:MODE:      69     -0.07052610      0.03043588     -0.01792007
MINMODE:MODE:      70     -0.13094831      0.07296468     -0.07149204
MINMODE:MODE:      71     -0.09958202      0.02203298     -0.09053937
MINMODE:MODE:      72      0.03502274      0.01616091     -0.01755886
MINMODE:MODE:      73     -0.00572867      0.02178552     -0.00650343
MINMODE:MODE:      74      0.08044200     -0.41982342     -0.19825214
MINMODE:MODE:      75      0.18043208     -0.22957314      0.02672434
MINMODE:MODE:      76      0.07348468     -0.10123143      0.05110391
MINMODE:MODE:      77     -0.10591289      0.07891897     -0.00363395
MINMODE:MODE:      78     -0.20801992      0.15328246     -0.09756618
MINMODE:MODE:      79     -0.15161441      0.05824271     -0.12676966
MINMODE:MODE: Optimization Step: 24
MINMODE:MODE: Order: 0
MINMODE:MODE:       0      0.00036263      0.00576575     -0.00330088
MINMODE:MODE:       1     -0.00257873      0.00470920     -0.01233280
MINMODE:MODE:       2     -0.01185996      0.00717029      0.02422218
MINMODE:MODE:       3      0.00464709      0.00183574      0.04087218
MINMODE:MODE:       4     -0.00025602      0.00094624      0.01473051
MINMODE:MODE:       5     -0.01441886      0.01734775      0.01742344
MINMODE:MODE:       6      0.01840528      0.00112933      0.01168268
MINMODE:MODE:       7      0.00948983      0.01735241      0.01100810
MINMODE:MODE:       8     -0.03129050      0.04820514      0.01568134
MINMODE:MODE:       9     -0.06366856      0.06287692      0.02114912
MINMODE:MODE:      10     -0.05650983      0.04823435      0.02259697
MINMODE:MODE:      11      0.01673705     -0.00791942      0.02257179
MINMODE:MODE:      12      0.00930738     -0.02439454     -0.00840773
MINMODE:MODE:      13      0.01985278     -0.03045179     -0.00385679
MINMODE:MODE:      14      0.03628428     -0.02200449      0.03007403
MINMODE:MODE:      15      0.04261282     -0.00714183      0.05960007
MINMODE:MODE:      16      0.03329171      0.00065544      0.05715987
MINMODE:MODE:      17     -0.02348674     -0.00487056     -0.05330183
MINMODE:MODE:      18     -0.00372924      0.00436623     -0.01795531
MINMODE:MODE:      19     -0.00094600      0.01574317     -0.00164687
MINMODE:MODE:      20      0.01044619      0.01638500      0.00852815
MINMODE:MODE:      21      0.04072865      0.02764621      0.04328059
MINMODE:MODE:      22      0.04429559      0.03294068      0.04145768
MINMODE:MODE:      23      0.01956139      0.02652721      0.00669546
MINMODE:MODE:      24     -0.00928803      0.01518295     -0.02689274
MINMODE:MODE:      25     -0.01412461      0.01020699     -0.02642987
MINMODE:MODE:      26     -0.01108418      0.02796990      0.00127935
MINMODE:MODE:      27      0.03553584      0.08279873     -0.06406530
MINMODE:MODE:      28      0.03855130      0.08054559     -0.06488906
MINMODE:MODE:      29     -0.00871119      0.02304355      0.00054238
MINMODE:MODE:      30     -0.05777243     -0.03328118      0.06849760
MINMODE:MODE:      31     -0.06025578     -0.03067164      0.06970162
MINMODE:MODE:      32     -0.00590901      0.00578147      0.03291465
MINMODE:MODE:      33     -0.03925969      0.01313105      0.02686558
MINMODE:MODE:      34      0.02680976     -0.00798013      0.04330057
MINMODE:MODE:      35     -0.00406474      0.00672367      0.06368298
MINMODE:MODE:      36      0.05290449     -0.02612906      0.00829026
MINMODE:MODE:      37      0.03473313      0.00495546      0.00676893
MINMODE:MODE:      38     -0.03722835      0.05970359      0.01492104
MINMODE:MODE:      39     -0.09443618      0.08549648      0.02470509
MINMODE:MODE:      40     -0.08365235      0.05965553      0.02665027
MINMODE:MODE:      41     -0.00627506     -0.03495500     -0.03767758
MINMODE:MODE:      42      0.01483507     -0.04213233     -0.02746912
MINMODE:MODE:      43      0.04358259     -0.02740469      0.03254802
MINMODE:MODE:      44      0.05466194     -0.00086413      0.08458995
MINMODE:MODE:      45      0.03694948      0.01276160      0.08146720
MINMODE:MODE:      46     -0.04391414      0.03451603     -0.09374632
MINMODE:MODE:      47     -0.03871640     -0.05895281     -0.07198464
MINMODE:MODE:      48     -0.01083115      0.01495010     -0.00699040
MINMODE:MODE:      49      0.02227828     -0.00932929     -0.01689562
MINMODE:MODE:      50      0.06047338      0.03244685      0.07180798
MINMODE:MODE:      51      0.06647335      0.04162787      0.06733534
MINMODE:MODE:      52      0.02253884      0.03033141      0.00578396
MINMODE:MODE:      53     -0.02869373      0.01018256     -0.05316341
MINMODE:MODE:      54     -0.03692675     -0.00048285     -0.05384285
MINMODE:MODE:      55      0.07329458      0.13269455     -0.10948914
MINMODE:MODE:      56      0.07381942      0.12296482     -0.11694892
MINMODE:MODE:      57     -0.00746940      0.02277517     -0.00041627
MINMODE:MODE:      58     -0.09525532     -0.07939951      0.12028338
MINMODE:MODE:      59     -0.10079878     -0.07443664      0.12190675
MINMODE:MODE:      60      0.00951882      0.00988677      0.02380063
MINMODE:MODE:      61      0.01643844      0.01215112      0.04965828
MINMODE:MODE:      62      0.00379604     -0.01134342     -0.00102742
MINMODE:MODE:      63      0.00855288     -0.02072278      0.00355653
MINMODE:MODE:      64      0.14993436      0.03754740      0.04301036
MINMODE:MODE:      65      0.08962099     -0.16366822     -0.07547995
MINMODE:MODE:      66      0.02569771     -0.09378123     -0.05427803
MINMODE:MODE:      67      0.10096531     -0.14660960     -0.00105511
MINMODE:MODE:      68      0.03642182     -0.07326857      0.01463550
MINMODE:MODE:      69     -0.06980806      0.03015853     -0.01796256
MINMODE:MODE:      70     -0.13113710      0.07330745     -0.07168290
MINMODE:MODE:      71     -0.09994749      0.02257016     -0.09058250
MINMODE:MODE:      72      0.03503458      0.01633514     -0.01751440
MINMODE:MODE:      73     -0.00562070      0.02176795     -0.00628677
MINMODE:MODE:      74      0.08125196     -0.42183809     -0.19909092
MINMODE:MODE:      75      0.18051640     -0.22965112      0.02687763
MINMODE:MODE:      76      0.07381096     -0.10130834      0.05108864
MINMODE:MODE:      77     -0.10580770      0.07894626     -0.00393985
MINMODE:MODE:      78     -0.20766543      0.15338852     -0.09785316
MINMODE:MODE:      79     -0.15162620      0.05865100     -0.12674760
MINMODE:MODE: Optimization Step: 25
MINMODE:MODE: Order: 0
MINMODE:MODE:       0      0.00036082      0.00577975     -0.00315819
MINMODE:MODE:       1     -0.00255217      0.00475009     -0.01218790
MINMODE:MODE:       2     -0.01178650      0.00717094      0.02424029
MINMODE:MODE:       3      0.00467011      0.00185334      0.04083160
MINMODE:MODE:       4     -0.00027517      0.00096413      0.01472226
MINMODE:MODE:       5     -0.01439013      0.01733373      0.01739265
MINMODE:MODE:       6      0.01835245      0.00112191      0.01166860
MINMODE:MODE:       7      0.00948170      0.01729341      0.01098424
MINMODE:MODE:       8     -0.03117975      0.04809350      0.01562395
MINMODE:MODE:       9     -0.06349221      0.06277189      0.02108282
MINMODE:MODE:      10     -0.05634911      0.04816119      0.02253074
MINMODE:MODE:      11      0.01665639     -0.00788191      0.02251706
MINMODE:MODE:      12      0.00922097     -0.02433061     -0.00839686
MINMODE:MODE:      13      0.01976570     -0.03036574     -0.00383884
MINMODE:MODE:      14      0.03618668     -0.02192885      0.03002013
MINMODE:MODE:      15      0.04250307     -0.00711261      0.05945504
MINMODE:MODE:      16      0.03318407      0.00066503      0.05701052
MINMODE:MODE:      17     -0.02343772     -0.00493582     -0.05312390
MINMODE:MODE:      18     -0.00374664      0.00438209     -0.01787974
MINMODE:MODE:      19     -0.00097662      0.01570517     -0.00164120
MINMODE:MODE:      20      0.01044339      0.01636833      0.00857361
MINMODE:MODE:      21      0.04061381      0.02757572      0.04321451
MINMODE:MODE:      22      0.04419066      0.03287520      0.04140088
MINMODE:MODE:      23      0.01952985      0.02650900      0.00670770
MINMODE:MODE:      24     -0.00924293      0.01520806     -0.02680555
MINMODE:MODE:      25     -0.01403759      0.01024125     -0.02630472
MINMODE:MODE:      26     -0.01113624      0.02794748      0.00125648
MINMODE:MODE:      27      0.03556451      0.08220116     -0.06387961
MINMODE:MODE:      28      0.03860920      0.07983846     -0.06469250
MINMODE:MODE:      29     -0.00864168      0.02288023      0.00054413
MINMODE:MODE:      30     -0.05787424     -0.03283462      0.06833624
MINMODE:MODE:      31     -0.06029201     -0.03003755      0.06941229
MINMODE:MODE:      32     -0.00583988      0.00577788      0.03289205
MINMODE:MODE:      33     -0.03907767      0.01309062      0.02689750
MINMODE:MODE:      34      0.02678526     -0.00794711      0.04324945
MINMODE:MODE:      35     -0.00399200      0.00673593      0.06354098
MINMODE:MODE:      36      0.05270239     -0.02605704      0.00830121
MINMODE:MODE:      37      0.03464441      0.00491625      0.00676858
MINMODE:MODE:      38     -0.03709149      0.05957656      0.01485266
MINMODE:MODE:      39     -0.09414618      0.08532810      0.02459120
MINMODE:MODE:      40     -0.08339745      0.05959565      0.02658556
MINMODE:MODE:      41     -0.00632716     -0.03484558     -0.03757068
MINMODE:MODE:      42      0.01477264     -0.04200714     -0.02737728
MINMODE:MODE:      43      0.04347912     -0.02731193      0.03249413
MINMODE:MODE:      44      0.05454374     -0.00085221      0.08438606
MINMODE:MODE:      45      0.03684009      0.01274278      0.08125486
MINMODE:MODE:      46     -0.04383367      0.03422910     -0.09358596
MINMODE:MODE:      47     -0.03861134     -0.05899437     -0.07160469
MINMODE:MODE:      48     -0.01087478      0.01496241     -0.00687101
MINMODE:MODE:      49      0.02230769     -0.00919503     -0.01681677
MINMODE:MODE:      50      0.06027589      0.03234232      0.07164019
MINMODE:MODE:      51      0.06627862      0.04152343      0.06718626
MINMODE:MODE:      52      0.02248180      0.03031248      0.00576809
MINMODE:MODE:      53     -0.02861011      0.01024070     -0.05304450
MINMODE:MODE:      54     -0.03676784     -0.00039488     -0.05366449
MINMODE:MODE:      55      0.07328993      0.13169592     -0.10933223
MINMODE:MODE:      56      0.07394527      0.12170222     -0.11647769
MINMODE:MODE:      57     -0.00730343      0.02249723     -0.00047160
MINMODE:MODE:      58     -0.09544306     -0.07851276      0.12006891
MINMODE:MODE:      59     -0.10111738     -0.07357654      0.12176799
MINMODE:MODE:      60      0.00938909      0.00976399      0.02351668
MINMODE:MODE:      61      0.01638503      0.01207410      0.04973810
MINMODE:MODE:      62      0.00378966     -0.01129561     -0.00092883
MINMODE:MODE:      63      0.00855933     -0.02061267      0.00365504
MINMODE:MODE:      64      0.14913747      0.04133857      0.04488395
MINMODE:MODE:      65      0.08882574     -0.16547947     -0.07683710
MINMODE:MODE:      66      0.02549899     -0.09362108     -0.05412294
MINMODE:MODE:      67      0.10080756     -0.14637695     -0.00090338
MINMODE:MODE:      68      0.03652226     -0.07315961      0.01455302
MINMODE:MODE:      69     -0.06931458      0.02999170     -0.01811672
MINMODE:MODE:      70     -0.13098991      0.07345853     -0.07177770
MINMODE:MODE:      71     -0.09980237      0.02290813     -0.09049414
MINMODE:MODE:      72      0.03493468      0.01649605     -0.01744737
MINMODE:MODE:      73     -0.00550129      0.02171106     -0.00609854
MINMODE:MODE:      74      0.08167161     -0.42361927     -0.19982946
MINMODE:MODE:      75      0.18054932     -0.22957042      0.02710228
MINMODE:MODE:      76      0.07406162     -0.10129846      0.05102073
MINMODE:MODE:      77     -0.10557441      0.07892116     -0.00426309
MINMODE:MODE:      78     -0.20711356      0.15335633     -0.09801546
MINMODE:MODE:      79     -0.15167235      0.05917556     -0.12668053
MINMODE:MODE: Optimization Step: 26
MINMODE:MODE: Order: 0
MINMODE:MODE:       0      0.00036069      0.00580914     -0.00301180
MINMODE:MODE:       1     -0.00251091      0.00482359     -0.01202957
MINMODE:MODE:       2     -0.01169383      0.00717690      0.02424601
MINMODE:MODE:       3      0.00472160      0.00185449      0.04077067
MINMODE:MODE:       4     -0.00031684      0.00096546      0.01472331
MINMODE:MODE:       5     -0.01435291      0.01731933      0.01735812
MINMODE:MODE:       6      0.01831399      0.00111543      0.01167274
MINMODE:MODE:       7      0.00948109      0.01722938      0.01096942
MINMODE:MODE:       8     -0.03107458      0.04799791      0.01557798
MINMODE:MODE:       9     -0.06331244      0.06267388      0.02101761
MINMODE:MODE:      10     -0.05618484      0.04809672      0.02246729
MINMODE:MODE:      11      0.01656220     -0.00785889      0.02245135
MINMODE:MODE:      12      0.00913347     -0.02427560     -0.00839377
MINMODE:MODE:      13      0.01968217     -0.03028086     -0.00382302
MINMODE:MODE:      14      0.03608913     -0.02186229      0.02995502
MINMODE:MODE:      15      0.04240863     -0.00707748      0.05932843
MINMODE:MODE:      16      0.03309955      0.00068490      0.05689201
MINMODE:MODE:      17     -0.02337373     -0.00498483     -0.05295189
MINMODE:MODE:      18     -0.00375793      0.00439848     -0.01782142
MINMODE:MODE:      19     -0.00098223      0.01566482     -0.00163445
MINMODE:MODE:      20      0.01050445      0.01637966      0.00867484
MINMODE:MODE:      21      0.04051410      0.02751204      0.04316144
MINMODE:MODE:      22      0.04410054      0.03280791      0.04136602
MINMODE:MODE:      23      0.01948763      0.02649385      0.00670970
MINMODE:MODE:      24     -0.00920200      0.01523770     -0.02672315
MINMODE:MODE:      25     -0.01394109      0.01029372     -0.02617348
MINMODE:MODE:      26     -0.01120734      0.02787371      0.00132199
MINMODE:MODE:      27      0.03562108      0.08154500     -0.06370443
MINMODE:MODE:      28      0.03872635      0.07912750     -0.06452728
MINMODE:MODE:      29     -0.00859130      0.02267397      0.00049903
MINMODE:MODE:      30     -0.05801105     -0.03233993      0.06818090
MINMODE:MODE:      31     -0.06038479     -0.02942308      0.06907636
MINMODE:MODE:      32     -0.00576773      0.00577289      0.03286884
MINMODE:MODE:      33     -0.03888139      0.01305819      0.02692910
MINMODE:MODE:      34      0.02673988     -0.00790999      0.04316681
MINMODE:MODE:      35     -0.00392208      0.00675557      0.06347897
MINMODE:MODE:      36      0.05252154     -0.02600984      0.00831166
MINMODE:MODE:      37      0.03456172      0.00487119      0.00677631
MINMODE:MODE:      38     -0.03696067      0.05946130      0.01479255
MINMODE:MODE:      39     -0.09386444      0.08518208      0.02448588
MINMODE:MODE:      40     -0.08315709      0.05954569      0.02651979
MINMODE:MODE:      41     -0.00637094     -0.03473515     -0.03744588
MINMODE:MODE:      42      0.01471162     -0.04188608     -0.02728879
MINMODE:MODE:      43      0.04339120     -0.02722653      0.03244187
MINMODE:MODE:      44      0.05443386     -0.00084381      0.08419464
MINMODE:MODE:      45      0.03673666      0.01271431      0.08104654
MINMODE:MODE:      46     -0.04376239      0.03393313     -0.09347939
MINMODE:MODE:      47     -0.03848174     -0.05907726     -0.07121511
MINMODE:MODE:      48     -0.01092925      0.01499218     -0.00674185
MINMODE:MODE:      49      0.02229893     -0.00904156     -0.01674132
MINMODE:MODE:      50      0.06008793      0.03223896      0.07148420
MINMODE:MODE:      51      0.06608819      0.04141995      0.06705143
MINMODE:MODE:      52      0.02243000      0.03030238      0.00575185
MINMODE:MODE:      53     -0.02853088      0.01030718     -0.05293532
MINMODE:MODE:      54     -0.03660096     -0.00029801     -0.05348905
MINMODE:MODE:      55      0.07340316      0.13075957     -0.10925808
MINMODE:MODE:      56      0.07412700      0.12042967     -0.11610379
MINMODE:MODE:      57     -0.00715604      0.02220829     -0.00053908
MINMODE:MODE:      58     -0.09573156     -0.07760669      0.11988528
MINMODE:MODE:      59     -0.10149671     -0.07265490      0.12168005
MINMODE:MODE:      60      0.00933482      0.00962970      0.02350836
MINMODE:MODE:      61      0.01628298      0.01195004      0.04961349
MINMODE:MODE:      62      0.00370842     -0.01117407     -0.00094982
MINMODE:MODE:      63      0.00857447     -0.02051044      0.00379059
MINMODE:MODE:      64      0.14782161      0.04438358      0.04610616
MINMODE:MODE:      65      0.08837130     -0.16571507     -0.07714342
MINMODE:MODE:      66      0.02500523     -0.09336144     -0.05401497
MINMODE:MODE:      67      0.10013941     -0.14601196     -0.00076624
MINMODE:MODE:      68      0.03716480     -0.07351844      0.01462928
MINMODE:MODE:      69     -0.06943376      0.03015140     -0.01843265
MINMODE:MODE:      70     -0.13048851      0.07345099     -0.07190088
MINMODE:MODE:      71     -0.09932152      0.02295152     -0.09044911
MINMODE:MODE:      72      0.03476057      0.01666414     -0.01735912
MINMODE:MODE:      73     -0.00536283      0.02167953     -0.00587946
MINMODE:MODE:      74      0.08248949     -0.42582638     -0.20068356
MINMODE:MODE:      75      0.18069559     -0.22968225      0.02746055
MINMODE:MODE:      76      0.07425786     -0.10144187      0.05093984
MINMODE:MODE:      77     -0.10532538      0.07893006     -0.00468222
MINMODE:MODE:      78     -0.20664401      0.15338836     -0.09826550
MINMODE:MODE:      79     -0.15185722      0.05974734     -0.12677543
MINMODE:MODE: Optimization Step: 27
MINMODE:MODE: Order: 0
MINMODE:MODE:       0      0.00036655      0.00579256     -0.00290215
MINMODE:MODE:       1     -0.00251034      0.00483204     -0.01186384
MINMODE:MODE:       2     -0.01162872      0.00718640      0.02426846
MINMODE:MODE:       3      0.00476062      0.00186265      0.04074019
MINMODE:MODE:       4     -0.00033726      0.00096441      0.01473968
MINMODE:MODE:       5     -0.01431765      0.01731763      0.01734054
MINMODE:MODE:       6      0.01829501      0.00110576      0.01166505
MINMODE:MODE:       7      0.00947738      0.01720470      0.01096281
MINMODE:MODE:       8     -0.03099649      0.04793382      0.01554165
MINMODE:MODE:       9     -0.06317858      0.06260901      0.02097225
MINMODE:MODE:      10     -0.05608468      0.04806151      0.02242944
MINMODE:MODE:      11      0.01648639     -0.00784712      0.02240655
MINMODE:MODE:      12      0.00906573     -0.02423414     -0.00838427
MINMODE:MODE:      13      0.01962063     -0.03022303     -0.00380782
MINMODE:MODE:      14      0.03601716     -0.02181224      0.02991685
MINMODE:MODE:      15      0.04233907     -0.00705152      0.05924260
MINMODE:MODE:      16      0.03302675      0.00069886      0.05680303
MINMODE:MODE:      17     -0.02333246     -0.00507996     -0.05280848
MINMODE:MODE:      18     -0.00375387      0.00439059     -0.01777190
MINMODE:MODE:      19     -0.00101598      0.01562683     -0.00165120
MINMODE:MODE:      20      0.01054578      0.01638915      0.00874449
MINMODE:MODE:      21      0.04046215      0.02748189      0.04314364
MINMODE:MODE:      22      0.04402608      0.03277656      0.04133127
MINMODE:MODE:      23      0.01946498      0.02648979      0.00671629
MINMODE:MODE:      24     -0.00915873      0.01527241     -0.02664905
MINMODE:MODE:      25     -0.01386431      0.01033011     -0.02607047
MINMODE:MODE:      26     -0.01129044      0.02782584      0.00125169
MINMODE:MODE:      27      0.03564863      0.08117617     -0.06359347
MINMODE:MODE:      28      0.03874707      0.07863896     -0.06440324
MINMODE:MODE:      29     -0.00851671      0.02256338      0.00051799
MINMODE:MODE:      30     -0.05809640     -0.03205285      0.06801171
MINMODE:MODE:      31     -0.06048344     -0.02906019      0.06894621
MINMODE:MODE:      32     -0.00571199      0.00578076      0.03286636
MINMODE:MODE:      33     -0.03873526      0.01304137      0.02696162
MINMODE:MODE:      34      0.02671274     -0.00787735      0.04312188
MINMODE:MODE:      35     -0.00386743      0.00678143      0.06345862
MINMODE:MODE:      36      0.05240435     -0.02596602      0.00832241
MINMODE:MODE:      37      0.03451112      0.00484343      0.00677738
MINMODE:MODE:      38     -0.03685843      0.05938194      0.01474744
MINMODE:MODE:      39     -0.09366446      0.08508691      0.02441016
MINMODE:MODE:      40     -0.08298358      0.05952019      0.02648005
MINMODE:MODE:      41     -0.00640709     -0.03465857     -0.03735972
MINMODE:MODE:      42      0.01466438     -0.04179945     -0.02722151
MINMODE:MODE:      43      0.04332883     -0.02716117      0.03241538
MINMODE:MODE:      44      0.05435642     -0.00083094      0.08406897
MINMODE:MODE:      45      0.03666192      0.01270639      0.08091294
MINMODE:MODE:      46     -0.04369144      0.03374438     -0.09338184
MINMODE:MODE:      47     -0.03842492     -0.05913812     -0.07096866
MINMODE:MODE:      48     -0.01097964      0.01504134     -0.00661426
MINMODE:MODE:      49      0.02230854     -0.00892242     -0.01671111
MINMODE:MODE:      50      0.05995616      0.03218022      0.07138524
MINMODE:MODE:      51      0.06596047      0.04135897      0.06696353
MINMODE:MODE:      52      0.02239326      0.03030369      0.00573938
MINMODE:MODE:      53     -0.02847147      0.01036361     -0.05285237
MINMODE:MODE:      54     -0.03647625     -0.00021745     -0.05334325
MINMODE:MODE:      55      0.07340743      0.13004768     -0.10919073
MINMODE:MODE:      56      0.07422799      0.11951477     -0.11571458
MINMODE:MODE:      57     -0.00700779      0.02198050     -0.00056183
MINMODE:MODE:      58     -0.09586504     -0.07696903      0.11975857
MINMODE:MODE:      59     -0.10176986     -0.07203283      0.12150609
MINMODE:MODE:      60      0.00931684      0.00962727      0.02363356
MINMODE:MODE:      61      0.01616078      0.01177863      0.04938666
MINMODE:MODE:      62      0.00367385     -0.01108477     -0.00076311
MINMODE:MODE:      63      0.00855944     -0.02040365      0.00377020
MINMODE:MODE:      64      0.14643068      0.04470067      0.04610740
MINMODE:MODE:      65      0.08843403     -0.16385348     -0.07617279
MINMODE:MODE:      66      0.02472218     -0.09294203     -0.05401551
MINMODE:MODE:      67      0.10037219     -0.14607312     -0.00064846
MINMODE:MODE:      68      0.03728228     -0.07356572      0.01468180
MINMODE:MODE:      69     -0.06922855      0.03021748     -0.01854376
MINMODE:MODE:      70     -0.13031061      0.07358640     -0.07208562
MINMODE:MODE:      71     -0.09930857      0.02316561     -0.09056478
MINMODE:MODE:      72      0.03469112      0.01685500     -0.01724845
MINMODE:MODE:      73     -0.00524138      0.02168345     -0.00565333
MINMODE:MODE:      74      0.08284750     -0.42809149     -0.20188610
MINMODE:MODE:      75      0.18077684     -0.22980513      0.02767865
MINMODE:MODE:      76      0.07453124     -0.10161415      0.05091928
MINMODE:MODE:      77     -0.10519287      0.07894926     -0.00496737
MINMODE:MODE:      78     -0.20630350      0.15349080     -0.09850528
MINMODE:MODE:      79     -0.15197636      0.06010476     -0.12688564
MINMODE:MODE: Optimization Step: 28
MINMODE:MODE: Order: 0
MINMODE:MODE:       0      0.00037936      0.00576985     -0.00275872
MINMODE:MODE:       1     -0.00251266      0.00482286     -0.01168841
MINMODE:MODE:       2     -0.01156750      0.00718754      0.02429263
MINMODE:MODE:       3      0.00478163      0.00187330      0.04070478
MINMODE:MODE:       4     -0.00034414      0.00096973      0.01474918
MINMODE:MODE:       5     -0.01427200      0.01730830      0.01731683
MINMODE:MODE:       6      0.01827779      0.00109644      0.01165343
MINMODE:MODE:       7      0.00946217      0.01718729      0.01095342
MINMODE:MODE:       8     -0.03090827      0.04785660      0.01550174
MINMODE:MODE:       9     -0.06302523      0.06252069      0.02092113
MINMODE:MODE:      10     -0.05597461      0.04801657      0.02238973
MINMODE:MODE:      11      0.01640953     -0.00783039      0.02235860
MINMODE:MODE:      12      0.00900208     -0.02418094     -0.00836329
MINMODE:MODE:      13      0.01955555     -0.03015606     -0.00378639
MINMODE:MODE:      14      0.03593330     -0.02175810      0.02987108
MINMODE:MODE:      15      0.04225060     -0.00702456      0.05913595
MINMODE:MODE:      16      0.03293369      0.00070486      0.05668338
MINMODE:MODE:      17     -0.02330090     -0.00516858     -0.05265158
MINMODE:MODE:      18     -0.00375749      0.00438070     -0.01772595
MINMODE:MODE:      19     -0.00105949      0.01557536     -0.00167647
MINMODE:MODE:      20      0.01056942      0.01638622      0.00877445
MINMODE:MODE:      21      0.04039792      0.02744905      0.04310399
MINMODE:MODE:      22      0.04392800      0.03273613      0.04126360
MINMODE:MODE:      23      0.01943658      0.02647882      0.00671943
MINMODE:MODE:      24     -0.00910146      0.01529934     -0.02655802
MINMODE:MODE:      25     -0.01378749      0.01035775     -0.02596617
MINMODE:MODE:      26     -0.01132868      0.02780526      0.00115526
MINMODE:MODE:      27      0.03566368      0.08085874     -0.06349809
MINMODE:MODE:      28      0.03861660      0.07802490     -0.06404849
MINMODE:MODE:      29     -0.00842958      0.02245168      0.00052445
MINMODE:MODE:      30     -0.05813377     -0.03183221      0.06784414
MINMODE:MODE:      31     -0.06058935     -0.02882665      0.06886565
MINMODE:MODE:      32     -0.00565805      0.00578668      0.03285608
MINMODE:MODE:      33     -0.03858933      0.01302126      0.02699218
MINMODE:MODE:      34      0.02668076     -0.00784172      0.04307345
MINMODE:MODE:      35     -0.00381764      0.00680473      0.06340110
MINMODE:MODE:      36      0.05228526     -0.02591049      0.00832875
MINMODE:MODE:      37      0.03445241      0.00482312      0.00677102
MINMODE:MODE:      38     -0.03674079      0.05927617      0.01469931
MINMODE:MODE:      39     -0.09343829      0.08496092      0.02433147
MINMODE:MODE:      40     -0.08278828      0.05946862      0.02643358
MINMODE:MODE:      41     -0.00644090     -0.03457606     -0.03727088
MINMODE:MODE:      42      0.01461305     -0.04170217     -0.02714401
MINMODE:MODE:      43      0.04324665     -0.02708427      0.03238063
MINMODE:MODE:      44      0.05425892     -0.00081549      0.08391871
MINMODE:MODE:      45      0.03657747      0.01270483      0.08076997
MINMODE:MODE:      46     -0.04360605      0.03355225     -0.09324106
MINMODE:MODE:      47     -0.03837201     -0.05916106     -0.07071781
MINMODE:MODE:      48     -0.01102897      0.01508323     -0.00647900
MINMODE:MODE:      49      0.02232900     -0.00881530     -0.01668803
MINMODE:MODE:      50      0.05981750      0.03212184      0.07127864
MINMODE:MODE:      51      0.06582163      0.04129389      0.06685443
MINMODE:MODE:      52      0.02234631      0.03028986      0.00572536
MINMODE:MODE:      53     -0.02839493      0.01041233     -0.05274077
MINMODE:MODE:      54     -0.03634770     -0.00014395     -0.05318351
MINMODE:MODE:      55      0.07329444      0.12933417     -0.10902883
MINMODE:MODE:      56      0.07433283      0.11887052     -0.11544484
MINMODE:MODE:      57     -0.00685709      0.02176578     -0.00057387
MINMODE:MODE:      58     -0.09587122     -0.07639520      0.11955763
MINMODE:MODE:      59     -0.10192579     -0.07147878      0.12123690
MINMODE:MODE:      60      0.00925547      0.00956228      0.02358812
MINMODE:MODE:      61      0.01606200      0.01167553      0.04926487
MINMODE:MODE:      62      0.00362470     -0.01098275     -0.00065611
MINMODE:MODE:      63      0.00855654     -0.02029672      0.00385250
MINMODE:MODE:      64      0.14538372      0.04585991      0.04658490
MINMODE:MODE:      65      0.08815511     -0.16321606     -0.07597378
MINMODE:MODE:      66      0.02458792     -0.09261930     -0.05395233
MINMODE:MODE:      67      0.10085650     -0.14619563     -0.00052098
MINMODE:MODE:      68      0.03723085     -0.07338460      0.01467573
MINMODE:MODE:      69     -0.06886864      0.03019098     -0.01858205
MINMODE:MODE:      70     -0.13020899      0.07376803     -0.07218942
MINMODE:MODE:      71     -0.09948187      0.02351336     -0.09059070
MINMODE:MODE:      72      0.03467108      0.01705253     -0.01712730
MINMODE:MODE:      73     -0.00512411      0.02167505     -0.00544463
MINMODE:MODE:      74      0.08292428     -0.43000747     -0.20307795
MINMODE:MODE:      75      0.18078499     -0.22978722      0.02782670
MINMODE:MODE:      76      0.07480407     -0.10165100      0.05089543
MINMODE:MODE:      77     -0.10498502      0.07889738     -0.00517831
MINMODE:MODE:      78     -0.20592013      0.15357467     -0.09867033
MINMODE:MODE:      79     -0.15199292      0.06038484     -0.12688223
MINMODE:MODE: Optimization Step: 29
MINMODE:MODE: Order: 0
MINMODE:MODE:       0      0.00037595      0.00574774     -0.00262466
MINMODE:MODE:       1     -0.00249424      0.00482868     -0.01149516
MINMODE:MODE:       2     -0.01150220      0.00717994      0.02431253
MINMODE:MODE:       3      0.00479215      0.00188440      0.04065432
MINMODE:MODE:       4     -0.00034437      0.00097456      0.01475466
MINMODE:MODE:       5     -0.01421226      0.01728969      0.01728235
MINMODE:MODE:       6      0.01823296      0.00110709      0.01163798
MINMODE:MODE:       7      0.00944862      0.01715449      0.01093311
MINMODE:MODE:       8     -0.03080053      0.04774815      0.01545409
MINMODE:MODE:       9     -0.06282896      0.06238944      0.02085915
MINMODE:MODE:      10     -0.05581051      0.04793239      0.02233256
MINMODE:MODE:      11      0.01632442     -0.00780375      0.02230170
MINMODE:MODE:      12      0.00892904     -0.02411520     -0.00834323
MINMODE:MODE:      13      0.01947635     -0.03006883     -0.00376350
MINMODE:MODE:      14      0.03582306     -0.02168848      0.02980643
MINMODE:MODE:      15      0.04212686     -0.00699681      0.05898632
MINMODE:MODE:      16      0.03281614      0.00071097      0.05652772
MINMODE:MODE:      17     -0.02325276     -0.00523314     -0.05246615
MINMODE:MODE:      18     -0.00376499      0.00436902     -0.01766851
MINMODE:MODE:      19     -0.00108614      0.01551956     -0.00169803
MINMODE:MODE:      20      0.01056956      0.01636760      0.00879416
MINMODE:MODE:      21      0.04029091      0.02739723      0.04301583
MINMODE:MODE:      22      0.04380441      0.03267569      0.04116828
MINMODE:MODE:      23      0.01939263      0.02644860      0.00671656
MINMODE:MODE:      24     -0.00903579      0.01531283     -0.02644809
MINMODE:MODE:      25     -0.01369454      0.01037824     -0.02583747
MINMODE:MODE:      26     -0.01135167      0.02774969      0.00108599
MINMODE:MODE:      27      0.03558963      0.08046134     -0.06328857
MINMODE:MODE:      28      0.03849060      0.07748003     -0.06372528
MINMODE:MODE:      29     -0.00837651      0.02231571      0.00055137
MINMODE:MODE:      30     -0.05811406     -0.03163084      0.06764647
MINMODE:MODE:      31     -0.06058957     -0.02857286      0.06867755
MINMODE:MODE:      32     -0.00559827      0.00578638      0.03282803
MINMODE:MODE:      33     -0.03841140      0.01298591      0.02701658
MINMODE:MODE:      34      0.02663068     -0.00779679      0.04301277
MINMODE:MODE:      35     -0.00376384      0.00682056      0.06327856
MINMODE:MODE:      36      0.05213782     -0.02583392      0.00832164
MINMODE:MODE:      37      0.03437247      0.00480446      0.00675939
MINMODE:MODE:      38     -0.03659491      0.05912636      0.01464252
MINMODE:MODE:      39     -0.09314851      0.08477369      0.02423831
MINMODE:MODE:      40     -0.08254775      0.05937589      0.02637091
MINMODE:MODE:      41     -0.00646784     -0.03447132     -0.03716021
MINMODE:MODE:      42      0.01455237     -0.04157603     -0.02704642
MINMODE:MODE:      43      0.04312950     -0.02698556      0.03232453
MINMODE:MODE:      44      0.05412255     -0.00079417      0.08371232
MINMODE:MODE:      45      0.03646721      0.01269684      0.08057660
MINMODE:MODE:      46     -0.04348940      0.03334783     -0.09302749
MINMODE:MODE:      47     -0.03830967     -0.05914115     -0.07042897
MINMODE:MODE:      48     -0.01106600      0.01510008     -0.00634590
MINMODE:MODE:      49      0.02234359     -0.00870610     -0.01665497
MINMODE:MODE:      50      0.05964845      0.03204836      0.07113692
MINMODE:MODE:      51      0.06563961      0.04120465      0.06669641
MINMODE:MODE:      52      0.02228220      0.03025337      0.00570691
MINMODE:MODE:      53     -0.02829288      0.01045019     -0.05258620
MINMODE:MODE:      54     -0.03620339     -0.00007672     -0.05299260
MINMODE:MODE:      55      0.07310890      0.12859231     -0.10877751
MINMODE:MODE:      56      0.07433266      0.11816683     -0.11505076
MINMODE:MODE:      57     -0.00670887      0.02154839     -0.00058902
MINMODE:MODE:      58     -0.09576048     -0.07583148      0.11924816
MINMODE:MODE:      59     -0.10198648     -0.07095817      0.12087400
MINMODE:MODE:      60      0.00919869      0.00949646      0.02357122
MINMODE:MODE:      61      0.01593743      0.01157174      0.04905526
MINMODE:MODE:      62      0.00358349     -0.01088881     -0.00055677
MINMODE:MODE:      63      0.00855174     -0.02017822      0.00396778
MINMODE:MODE:      64      0.14482538      0.04894948      0.04822247
MINMODE:MODE:      65      0.08758798     -0.16422977     -0.07681734
MINMODE:MODE:      66      0.02452930     -0.09251398     -0.05388674
MINMODE:MODE:      67      0.10070042     -0.14595704     -0.00045362
MINMODE:MODE:      68      0.03746535     -0.07336778      0.01467162
MINMODE:MODE:      69     -0.06865093      0.03021648     -0.01866423
MINMODE:MODE:      70     -0.12988744      0.07378245     -0.07220992
MINMODE:MODE:      71     -0.09951638      0.02386931     -0.09058627
MINMODE:MODE:      72      0.03461346      0.01724488     -0.01698704
MINMODE:MODE:      73     -0.00500901      0.02164966     -0.00525250
MINMODE:MODE:      74      0.08269326     -0.43164684     -0.20418949
MINMODE:MODE:      75      0.18089016     -0.22977097      0.02802195
MINMODE:MODE:      76      0.07503249     -0.10161921      0.05085117
MINMODE:MODE:      77     -0.10466630      0.07878701     -0.00536224
MINMODE:MODE:      78     -0.20550765      0.15363897     -0.09877717
MINMODE:MODE:      79     -0.15201389      0.06074231     -0.12684312
MINMODE:MODE: Optimization Step: 30
MINMODE:MODE: Order: 0
MINMODE:MODE:       0      0.00037585      0.00575403     -0.00249302
MINMODE:MODE:       1     -0.00246030      0.00486293     -0.01131315
MINMODE:MODE:       2     -0.01143920      0.00717352      0.02434743
MINMODE:MODE:       3      0.00480686      0.00189666      0.04063296
MINMODE:MODE:       4     -0.00036367      0.00097907      0.01476758
MINMODE:MODE:       5     -0.01416208      0.01728125      0.01725407
MINMODE:MODE:       6      0.01818422      0.00113307      0.01163028
MINMODE:MODE:       7      0.00944662      0.01712163      0.01091577
MINMODE:MODE:       8     -0.03070505      0.04766090      0.01541871
MINMODE:MODE:       9     -0.06264104      0.06226880      0.02080534
MINMODE:MODE:      10     -0.05565328      0.04785954      0.02228136
MINMODE:MODE:      11      0.01624755     -0.00777909      0.02226205
MINMODE:MODE:      12      0.00886066     -0.02406502     -0.00833013
MINMODE:MODE:      13      0.01940438     -0.02999752     -0.00374606
MINMODE:MODE:      14      0.03573060     -0.02162907      0.02975452
MINMODE:MODE:      15      0.04202427     -0.00697350      0.05886498
MINMODE:MODE:      16      0.03272230      0.00072243      0.05641117
MINMODE:MODE:      17     -0.02320779     -0.00527350     -0.05230991
MINMODE:MODE:      18     -0.00377303      0.00436480     -0.01761247
MINMODE:MODE:      19     -0.00109804      0.01548160     -0.00170924
MINMODE:MODE:      20      0.01056869      0.01635090      0.00880932
MINMODE:MODE:      21      0.04019427      0.02735696      0.04293880
MINMODE:MODE:      22      0.04370823      0.03263054      0.04110137
MINMODE:MODE:      23      0.01936004      0.02643006      0.00672101
MINMODE:MODE:      24     -0.00897878      0.01532983     -0.02635539
MINMODE:MODE:      25     -0.01360310      0.01040446     -0.02571548
MINMODE:MODE:      26     -0.01137512      0.02768280      0.00107857
MINMODE:MODE:      27      0.03548999      0.08006530     -0.06305329
MINMODE:MODE:      28      0.03841790      0.07703645     -0.06348212
MINMODE:MODE:      29     -0.00834983      0.02217614      0.00056525
MINMODE:MODE:      30     -0.05810004     -0.03143899      0.06747493
MINMODE:MODE:      31     -0.06055218     -0.02830681      0.06844341
MINMODE:MODE:      32     -0.00554089      0.00578627      0.03281631
MINMODE:MODE:      33     -0.03823930      0.01294747      0.02706019
MINMODE:MODE:      34      0.02658832     -0.00775520      0.04298128
MINMODE:MODE:      35     -0.00370519      0.00683382      0.06317716
MINMODE:MODE:      36      0.05202234     -0.02577398      0.00831720
MINMODE:MODE:      37      0.03431157      0.00478809      0.00675351
MINMODE:MODE:      38     -0.03646948      0.05900862      0.01459703
MINMODE:MODE:      39     -0.09293113      0.08465331      0.02416363
MINMODE:MODE:      40     -0.08235847      0.05931353      0.02632105
MINMODE:MODE:      41     -0.00649684     -0.03438501     -0.03706898
MINMODE:MODE:      42      0.01450075     -0.04146989     -0.02696388
MINMODE:MODE:      43      0.04303342     -0.02690028      0.03228261
MINMODE:MODE:      44      0.05401138     -0.00077348      0.08354862
MINMODE:MODE:      45      0.03637498      0.01268897      0.08041782
MINMODE:MODE:      46     -0.04339208      0.03318219     -0.09286625
MINMODE:MODE:      47     -0.03827055     -0.05916131     -0.07017712
MINMODE:MODE:      48     -0.01109371      0.01510390     -0.00623521
MINMODE:MODE:      49      0.02235483     -0.00859880     -0.01661952
MINMODE:MODE:      50      0.05951044      0.03198868      0.07103090
MINMODE:MODE:      51      0.06548562      0.04113350      0.06656839
MINMODE:MODE:      52      0.02222954      0.03023243      0.00569038
MINMODE:MODE:      53     -0.02820427      0.01049062     -0.05245945
MINMODE:MODE:      54     -0.03608041     -0.00001436     -0.05283305
MINMODE:MODE:      55      0.07299152      0.12797751     -0.10858794
MINMODE:MODE:      56      0.07432649      0.11752453     -0.11469480
MINMODE:MODE:      57     -0.00658961      0.02135257     -0.00061688
MINMODE:MODE:      58     -0.09569795     -0.07534636      0.11898736
MINMODE:MODE:      59     -0.10209224     -0.07052213      0.12060479
MINMODE:MODE:      60      0.00916272      0.00945308      0.02362840
MINMODE:MODE:      61      0.01580630      0.01148008      0.04880685
MINMODE:MODE:      62      0.00356949     -0.01086022     -0.00043348
MINMODE:MODE:      63      0.00853147     -0.02003791      0.00406420
MINMODE:MODE:      64      0.14392177      0.05032942      0.04886596
MINMODE:MODE:      65      0.08740528     -0.16377911     -0.07668628
MINMODE:MODE:      66      0.02440373     -0.09227261     -0.05380920
MINMODE:MODE:      67      0.10032859     -0.14559607     -0.00044821
MINMODE:MODE:      68      0.03784926     -0.07348952      0.01470555
MINMODE:MODE:      69     -0.06854208      0.03027717     -0.01878652
MINMODE:MODE:      70     -0.12958281      0.07374673     -0.07228417
MINMODE:MODE:      71     -0.09943561      0.02408085     -0.09063380
MINMODE:MODE:      72      0.03452226      0.01742885     -0.01684801
MINMODE:MODE:      73     -0.00489945      0.02167620     -0.00501000
MINMODE:MODE:      74      0.08272021     -0.43339278     -0.20532213
MINMODE:MODE:      75      0.18117709     -0.22996504      0.02828579
MINMODE:MODE:      76      0.07531797     -0.10170556      0.05085656
MINMODE:MODE:      77     -0.10441530      0.07877278     -0.00554322
MINMODE:MODE:      78     -0.20524549      0.15377602     -0.09897073
MINMODE:MODE:      79     -0.15225440      0.06121225     -0.12699135
MINMODE:MODE: Optimization Step: 31
MINMODE:MODE: Order: 0
MINMODE:MODE:       0      0.00038033      0.00576786     -0.00236471
MINMODE:MODE:       1     -0.00242133      0.00490993     -0.01114761
MINMODE:MODE:       2     -0.01134921      0.00716608      0.02438262
MINMODE:MODE:       3      0.00483572      0.00190955      0.04062962
MINMODE:MODE:       4     -0.00038305      0.00099016      0.01478758
MINMODE:MODE:       5     -0.01412648      0.01728160      0.01723702
MINMODE:MODE:       6      0.01816141      0.00114437      0.01162497
MINMODE:MODE:       7      0.00944914      0.01709620      0.01090626
MINMODE:MODE:       8     -0.03061760      0.04759580      0.01539150
MINMODE:MODE:       9     -0.06249751      0.06219331      0.02076306
MINMODE:MODE:      10     -0.05552838      0.04781597      0.02224163
MINMODE:MODE:      11      0.01617892     -0.00775829      0.02223354
MINMODE:MODE:      12      0.00880240     -0.02402323     -0.00831324
MINMODE:MODE:      13      0.01934175     -0.02994246     -0.00372970
MINMODE:MODE:      14      0.03565899     -0.02158432      0.02971401
MINMODE:MODE:      15      0.04194882     -0.00695111      0.05878131
MINMODE:MODE:      16      0.03265287      0.00073592      0.05633372
MINMODE:MODE:      17     -0.02316750     -0.00531204     -0.05217334
MINMODE:MODE:      18     -0.00377938      0.00436629     -0.01756371
MINMODE:MODE:      19     -0.00110803      0.01545127     -0.00171397
MINMODE:MODE:      20      0.01056752      0.01633758      0.00882431
MINMODE:MODE:      21      0.04013281      0.02732926      0.04290455
MINMODE:MODE:      22      0.04363975      0.03260028      0.04106630
MINMODE:MODE:      23      0.01934556      0.02642709      0.00673906
MINMODE:MODE:      24     -0.00892892      0.01535386     -0.02628216
MINMODE:MODE:      25     -0.01352775      0.01043474     -0.02561999
MINMODE:MODE:      26     -0.01133374      0.02762624      0.00100995
MINMODE:MODE:      27      0.03542679      0.07968922     -0.06285386
MINMODE:MODE:      28      0.03838606      0.07664099     -0.06329902
MINMODE:MODE:      29     -0.00832951      0.02204857      0.00056446
MINMODE:MODE:      30     -0.05806214     -0.03117324      0.06731068
MINMODE:MODE:      31     -0.06063766     -0.02805828      0.06837757
MINMODE:MODE:      32     -0.00548695      0.00578264      0.03281672
MINMODE:MODE:      33     -0.03808064      0.01290955      0.02711110
MINMODE:MODE:      34      0.02657305     -0.00771723      0.04297416
MINMODE:MODE:      35     -0.00364653      0.00685116      0.06312719
MINMODE:MODE:      36      0.05191616     -0.02571631      0.00832201
MINMODE:MODE:      37      0.03427031      0.00477165      0.00675477
MINMODE:MODE:      38     -0.03636904      0.05893121      0.01456400
MINMODE:MODE:      39     -0.09276060      0.08457646      0.02410630
MINMODE:MODE:      40     -0.08220748      0.05928320      0.02628227
MINMODE:MODE:      41     -0.00653269     -0.03431674     -0.03700454
MINMODE:MODE:      42      0.01445477     -0.04138734     -0.02689893
MINMODE:MODE:      43      0.04296668     -0.02683436      0.03225637
MINMODE:MODE:      44      0.05393044     -0.00075427      0.08343192
MINMODE:MODE:      45      0.03630432      0.01267886      0.08029328
MINMODE:MODE:      46     -0.04331991      0.03305673     -0.09277542
MINMODE:MODE:      47     -0.03824222     -0.05923566     -0.06995215
MINMODE:MODE:      48     -0.01111773      0.01510868     -0.00613953
MINMODE:MODE:      49      0.02235541     -0.00848538     -0.01658482
MINMODE:MODE:      50      0.05938932      0.03193676      0.07094283
MINMODE:MODE:      51      0.06536013      0.04107881      0.06647461
MINMODE:MODE:      52      0.02219204      0.03023305      0.00567596
MINMODE:MODE:      53     -0.02813326      0.01053795     -0.05236894
MINMODE:MODE:      54     -0.03596172      0.00005429     -0.05269569
MINMODE:MODE:      55      0.07295627      0.12744067     -0.10845266
MINMODE:MODE:      56      0.07434150      0.11691142     -0.11439064
MINMODE:MODE:      57     -0.00649691      0.02117779     -0.00065581
MINMODE:MODE:      58     -0.09577060     -0.07496534      0.11880323
MINMODE:MODE:      59     -0.10225078     -0.07006952      0.12042906
MINMODE:MODE:      60      0.00907737      0.00943372      0.02352112
MINMODE:MODE:      61      0.01574191      0.01138793      0.04878753
MINMODE:MODE:      62      0.00353015     -0.01076405     -0.00028035
MINMODE:MODE:      63      0.00854586     -0.01998259      0.00412708
MINMODE:MODE:      64      0.14273981      0.05040924      0.04863183
MINMODE:MODE:      65      0.08734319     -0.16280457     -0.07615294
MINMODE:MODE:      66      0.02407182     -0.09183714     -0.05375654
MINMODE:MODE:      67      0.10063304     -0.14562196     -0.00035657
MINMODE:MODE:      68      0.03793898     -0.07340256      0.01474059
MINMODE:MODE:      69     -0.06828111      0.03027462     -0.01886881
MINMODE:MODE:      70     -0.12960745      0.07392502     -0.07244052
MINMODE:MODE:      71     -0.09939718      0.02420934     -0.09067832
MINMODE:MODE:      72      0.03437839      0.01760487     -0.01671411
MINMODE:MODE:      73     -0.00479569      0.02170780     -0.00477540
MINMODE:MODE:      74      0.08306318     -0.43495302     -0.20636215
MINMODE:MODE:      75      0.18132592     -0.23002600      0.02851130
MINMODE:MODE:      76      0.07570825     -0.10183749      0.05091454
MINMODE:MODE:      77     -0.10423982      0.07885890     -0.00571078
MINMODE:MODE:      78     -0.20497355      0.15384977     -0.09916103
MINMODE:MODE:      79     -0.15254700      0.06162022     -0.12718554
MINMODE:MODE: Optimization Step: 32
MINMODE:MODE: Order: 0
MINMODE:MODE:       0      0.00037468      0.00578944     -0.00222259
MINMODE:MODE:       1     -0.00239101      0.00496414     -0.01096786
MINMODE:MODE:       2     -0.01126197      0.00716192      0.02439662
MINMODE:MODE:       3      0.00487323      0.00191884      0.04059091
MINMODE:MODE:       4     -0.00039607      0.00099840      0.01479363
MINMODE:MODE:       5     -0.01408499      0.01727235      0.01721289
MINMODE:MODE:       6      0.01815383      0.00112845      0.01161296
MINMODE:MODE:       7      0.00945118      0.01705211      0.01089411
MINMODE:MODE:       8     -0.03050368      0.04750097      0.01535490
MINMODE:MODE:       9     -0.06231923      0.06209308      0.02070764
MINMODE:MODE:      10     -0.05538515      0.04776858      0.02219350
MINMODE:MODE:      11      0.01609789     -0.00773073      0.02218994
MINMODE:MODE:      12      0.00874020     -0.02395739     -0.00828147
MINMODE:MODE:      13      0.01926334     -0.02986789     -0.00371264
MINMODE:MODE:      14      0.03556908     -0.02152627      0.02965770
MINMODE:MODE:      15      0.04185624     -0.00691752      0.05866953
MINMODE:MODE:      16      0.03256794      0.00074799      0.05622208
MINMODE:MODE:      17     -0.02310219     -0.00535403     -0.05199066
MINMODE:MODE:      18     -0.00378061      0.00437380     -0.01750414
MINMODE:MODE:      19     -0.00111569      0.01541617     -0.00169690
MINMODE:MODE:      20      0.01056294      0.01631373      0.00884454
MINMODE:MODE:      21      0.04006434      0.02728154      0.04287744
MINMODE:MODE:      22      0.04355551      0.03254385      0.04102667
MINMODE:MODE:      23      0.01932111      0.02641469      0.00675916
MINMODE:MODE:      24     -0.00887507      0.01537482     -0.02619909
MINMODE:MODE:      25     -0.01345871      0.01046275     -0.02552873
MINMODE:MODE:      26     -0.01130648      0.02758149      0.00101941
MINMODE:MODE:      27      0.03544667      0.07927708     -0.06272706
MINMODE:MODE:      28      0.03837496      0.07614321     -0.06307637
MINMODE:MODE:      29     -0.00830779      0.02189464      0.00052615
MINMODE:MODE:      30     -0.05806527     -0.03087600      0.06713110
MINMODE:MODE:      31     -0.06075633     -0.02782319      0.06831439
MINMODE:MODE:      32     -0.00542841      0.00577098      0.03278843
MINMODE:MODE:      33     -0.03789257      0.01285929      0.02714396
MINMODE:MODE:      34      0.02655156     -0.00767481      0.04291715
MINMODE:MODE:      35     -0.00358282      0.00687207      0.06307532
MINMODE:MODE:      36      0.05174742     -0.02563147      0.00833186
MINMODE:MODE:      37      0.03420689      0.00474509      0.00675980
MINMODE:MODE:      38     -0.03624737      0.05882605      0.01452478
MINMODE:MODE:      39     -0.09252666      0.08446020      0.02403293
MINMODE:MODE:      40     -0.08199022      0.05922341      0.02621976
MINMODE:MODE:      41     -0.00657400     -0.03422409     -0.03691475
MINMODE:MODE:      42      0.01439294     -0.04128120     -0.02682242
MINMODE:MODE:      43      0.04288198     -0.02675775      0.03221058
MINMODE:MODE:      44      0.05381933     -0.00073951      0.08326501
MINMODE:MODE:      45      0.03621322      0.01265386      0.08011317
MINMODE:MODE:      46     -0.04324150      0.03288956     -0.09265748
MINMODE:MODE:      47     -0.03817377     -0.05931078     -0.06964464
MINMODE:MODE:      48     -0.01114335      0.01511243     -0.00603432
MINMODE:MODE:      49      0.02232036     -0.00834850     -0.01653250
MINMODE:MODE:      50      0.05921467      0.03184325      0.07077962
MINMODE:MODE:      51      0.06518561      0.04098963      0.06634380
MINMODE:MODE:      52      0.02214345      0.03022631      0.00565744
MINMODE:MODE:      53     -0.02804440      0.01059275     -0.05225769
MINMODE:MODE:      54     -0.03579668      0.00014134     -0.05251329
MINMODE:MODE:      55      0.07294082      0.12672967     -0.10825556
MINMODE:MODE:      56      0.07434918      0.11611389     -0.11404093
MINMODE:MODE:      57     -0.00641332      0.02098476     -0.00071361
MINMODE:MODE:      58     -0.09583904     -0.07442875      0.11853106
MINMODE:MODE:      59     -0.10238068     -0.06944142      0.12020053
MINMODE:MODE:      60      0.00902965      0.00935580      0.02354520
MINMODE:MODE:      61      0.01563961      0.01131680      0.04863787
MINMODE:MODE:      62      0.00351200     -0.01071210     -0.00021561
MINMODE:MODE:      63      0.00853287     -0.01985360      0.00425930
MINMODE:MODE:      64      0.14174590      0.05261450      0.04936139
MINMODE:MODE:      65      0.08686843     -0.16372576     -0.07685239
MINMODE:MODE:      66      0.02371847     -0.09169412     -0.05374118
MINMODE:MODE:      67      0.10125585     -0.14603337     -0.00009504
MINMODE:MODE:      68      0.03791589     -0.07325991      0.01483462
MINMODE:MODE:      69     -0.06797421      0.03028798     -0.01893599
MINMODE:MODE:      70     -0.12971246      0.07426147     -0.07262943
MINMODE:MODE:      71     -0.09951974      0.02447387     -0.09077149
MINMODE:MODE:      72      0.03422897      0.01779093     -0.01657907
MINMODE:MODE:      73     -0.00467697      0.02174876     -0.00456322
MINMODE:MODE:      74      0.08342755     -0.43616953     -0.20708118
MINMODE:MODE:      75      0.18116598     -0.22971137      0.02871601
MINMODE:MODE:      76      0.07609840     -0.10190558      0.05097981
MINMODE:MODE:      77     -0.10397760      0.07890044     -0.00593735
MINMODE:MODE:      78     -0.20449631      0.15377186     -0.09929780
MINMODE:MODE:      79     -0.15263780      0.06192562     -0.12723022
MINMODE:MODE: Optimization Step: 33
MINMODE:MODE: Order: 0
MINMODE:MODE:       0      0.00036964      0.00582485     -0.00203976
MINMODE:MODE:       1     -0.00237862      0.00501040     -0.01075546
MINMODE:MODE:       2     -0.01116200      0.00715914      0.02439519
MINMODE:MODE:       3      0.00491612      0.00192697      0.04051868
MINMODE:MODE:       4     -0.00042161      0.00101087      0.01479077
MINMODE:MODE:       5     -0.01402910      0.01724715      0.01717425
MINMODE:MODE:       6      0.01812536      0.00110941      0.01160454
MINMODE:MODE:       7      0.00945358      0.01697822      0.01088019
MINMODE:MODE:       8     -0.03036828      0.04738341      0.01531448
MINMODE:MODE:       9     -0.06209624      0.06197298      0.02063389
MINMODE:MODE:      10     -0.05521511      0.04772112      0.02213431
MINMODE:MODE:      11      0.01601277     -0.00768692      0.02214883
MINMODE:MODE:      12      0.00865993     -0.02387505     -0.00824376
MINMODE:MODE:      13      0.01916210     -0.02977012     -0.00369776
MINMODE:MODE:      14      0.03547130     -0.02144880      0.02959358
MINMODE:MODE:      15      0.04174310     -0.00688419      0.05851719
MINMODE:MODE:      16      0.03244726      0.00074145      0.05605110
MINMODE:MODE:      17     -0.02304369     -0.00542630     -0.05176858
MINMODE:MODE:      18     -0.00380843      0.00439854     -0.01745011
MINMODE:MODE:      19     -0.00109361      0.01539887     -0.00167028
MINMODE:MODE:      20      0.01056806      0.01628549      0.00887798
MINMODE:MODE:      21      0.03995001      0.02719655      0.04282602
MINMODE:MODE:      22      0.04343897      0.03245099      0.04097659
MINMODE:MODE:      23      0.01927604      0.02639325      0.00677111
MINMODE:MODE:      24     -0.00881545      0.01540246     -0.02611082
MINMODE:MODE:      25     -0.01337817      0.01050203     -0.02542506
MINMODE:MODE:      26     -0.01124975      0.02753537      0.00106288
MINMODE:MODE:      27      0.03559033      0.07873219     -0.06265371
MINMODE:MODE:      28      0.03844805      0.07546714     -0.06284083
MINMODE:MODE:      29     -0.00829535      0.02166850      0.00046301
MINMODE:MODE:      30     -0.05815458     -0.03047045      0.06697998
MINMODE:MODE:      31     -0.06098537     -0.02751968      0.06830084
MINMODE:MODE:      32     -0.00536734      0.00575313      0.03272609
MINMODE:MODE:      33     -0.03770131      0.01280114      0.02717685
MINMODE:MODE:      34      0.02653290     -0.00763006      0.04280956
MINMODE:MODE:      35     -0.00350872      0.00689428      0.06301211
MINMODE:MODE:      36      0.05153857     -0.02555656      0.00834776
MINMODE:MODE:      37      0.03411903      0.00469714      0.00677429
MINMODE:MODE:      38     -0.03609106      0.05867719      0.01448011
MINMODE:MODE:      39     -0.09221864      0.08431617      0.02393414
MINMODE:MODE:      40     -0.08170826      0.05914730      0.02612881
MINMODE:MODE:      41     -0.00662324     -0.03409973     -0.03678838
MINMODE:MODE:      42      0.01430936     -0.04114758     -0.02673763
MINMODE:MODE:      43      0.04277600     -0.02666434      0.03214129
MINMODE:MODE:      44      0.05369210     -0.00072714      0.08303431
MINMODE:MODE:      45      0.03610303      0.01261963      0.07988626
MINMODE:MODE:      46     -0.04316318      0.03257882     -0.09251282
MINMODE:MODE:      47     -0.03803330     -0.05932568     -0.06919052
MINMODE:MODE:      48     -0.01121021      0.01512326     -0.00591778
MINMODE:MODE:      49      0.02229880     -0.00820555     -0.01646255
MINMODE:MODE:      50      0.05899520      0.03169710      0.07059531
MINMODE:MODE:      51      0.06496239      0.04085794      0.06619039
MINMODE:MODE:      52      0.02207860      0.03020895      0.00563753
MINMODE:MODE:      53     -0.02792931      0.01067668     -0.05212230
MINMODE:MODE:      54     -0.03559679      0.00024774     -0.05231757
MINMODE:MODE:      55      0.07300708      0.12572493     -0.10799746
MINMODE:MODE:      56      0.07441198      0.11500490     -0.11369293
MINMODE:MODE:      57     -0.00633959      0.02074723     -0.00081263
MINMODE:MODE:      58     -0.09600341     -0.07360554      0.11814315
MINMODE:MODE:      59     -0.10250860     -0.06846672      0.11991484
MINMODE:MODE:      60      0.00903260      0.00923128      0.02372770
MINMODE:MODE:      61      0.01548634      0.01121841      0.04829153
MINMODE:MODE:      62      0.00351791     -0.01069754     -0.00017652
MINMODE:MODE:      63      0.00847931     -0.01963543      0.00441428
MINMODE:MODE:      64      0.14035640      0.05582932      0.05032248
MINMODE:MODE:      65      0.08628810     -0.16446677     -0.07746023
MINMODE:MODE:      66      0.02389691     -0.09191322     -0.05346838
MINMODE:MODE:      67      0.10080352     -0.14597234      0.00017409
MINMODE:MODE:      68      0.03863363     -0.07368579      0.01505514
MINMODE:MODE:      69     -0.06818510      0.03055185     -0.01920100
MINMODE:MODE:      70     -0.12928884      0.07430935     -0.07284708
MINMODE:MODE:      71     -0.10005136      0.02514605     -0.09103835
MINMODE:MODE:      72      0.03414070      0.01803811     -0.01646140
MINMODE:MODE:      73     -0.00454707      0.02178862     -0.00435190
MINMODE:MODE:      74      0.08419209     -0.43780889     -0.20764616
MINMODE:MODE:      75      0.18118301     -0.22962583      0.02918121
MINMODE:MODE:      76      0.07637676     -0.10202979      0.05103632
MINMODE:MODE:      77     -0.10344037      0.07870564     -0.00631588
MINMODE:MODE:      78     -0.20420771      0.15390235     -0.09971039
MINMODE:MODE:      79     -0.15262620      0.06233417     -0.12726499
MINMODE:MODE: Optimization Step: 34
MINMODE:MODE: Order: 0
MINMODE:MODE:       0      0.00039908      0.00586745     -0.00186568
MINMODE:MODE:       1     -0.00237310      0.00505756     -0.01056506
MINMODE:MODE:       2     -0.01107683      0.00715644      0.02442017
MINMODE:MODE:       3      0.00495668      0.00193959      0.04049110
MINMODE:MODE:       4     -0.00045385      0.00102941      0.01481081
MINMODE:MODE:       5     -0.01398518      0.01723695      0.01715276
MINMODE:MODE:       6      0.01808864      0.00110180      0.01161296
MINMODE:MODE:       7      0.00945427      0.01692403      0.01087892
MINMODE:MODE:       8     -0.03026559      0.04731168      0.01528961
MINMODE:MODE:       9     -0.06193110      0.06192029      0.02058059
MINMODE:MODE:      10     -0.05507461      0.04770607      0.02208901
MINMODE:MODE:      11      0.01594128     -0.00764511      0.02212835
MINMODE:MODE:      12      0.00856547     -0.02382433     -0.00823839
MINMODE:MODE:      13      0.01907745     -0.02970456     -0.00369247
MINMODE:MODE:      14      0.03541516     -0.02138673      0.02956034
MINMODE:MODE:      15      0.04167159     -0.00686425      0.05840795
MINMODE:MODE:      16      0.03236121      0.00073741      0.05593205
MINMODE:MODE:      17     -0.02302253     -0.00552687     -0.05160654
MINMODE:MODE:      18     -0.00385387      0.00442661     -0.01741710
MINMODE:MODE:      19     -0.00106711      0.01539257     -0.00165290
MINMODE:MODE:      20      0.01058954      0.01627322      0.00891703
MINMODE:MODE:      21      0.03984198      0.02711930      0.04278162
MINMODE:MODE:      22      0.04334239      0.03237919      0.04094300
MINMODE:MODE:      23      0.01924637      0.02639476      0.00678180
MINMODE:MODE:      24     -0.00875961      0.01545193     -0.02604517
MINMODE:MODE:      25     -0.01329204      0.01055523     -0.02533142
MINMODE:MODE:      26     -0.01120977      0.02750586      0.00110043
MINMODE:MODE:      27      0.03568990      0.07814950     -0.06252196
MINMODE:MODE:      28      0.03858676      0.07484995     -0.06270615
MINMODE:MODE:      29     -0.00828233      0.02144275      0.00041675
MINMODE:MODE:      30     -0.05833246     -0.03008662      0.06693334
MINMODE:MODE:      31     -0.06122122     -0.02712281      0.06826067
MINMODE:MODE:      32     -0.00531174      0.00574293      0.03268787
MINMODE:MODE:      33     -0.03753628      0.01275282      0.02724523
MINMODE:MODE:      34      0.02654673     -0.00760003      0.04274144
MINMODE:MODE:      35     -0.00343163      0.00691717      0.06298774
MINMODE:MODE:      36      0.05139244     -0.02552934      0.00837366
MINMODE:MODE:      37      0.03405939      0.00464769      0.00679813
MINMODE:MODE:      38     -0.03596504      0.05857341      0.01445059
MINMODE:MODE:      39     -0.09198788      0.08425783      0.02385766
MINMODE:MODE:      40     -0.08150979      0.05913643      0.02606349
MINMODE:MODE:      41     -0.00668366     -0.03400430     -0.03668905
MINMODE:MODE:      42      0.01423717     -0.04105563     -0.02667853
MINMODE:MODE:      43      0.04271318     -0.02659361      0.03209998
MINMODE:MODE:      44      0.05362464     -0.00072068      0.08287621
MINMODE:MODE:      45      0.03602941      0.01259945      0.07973861
MINMODE:MODE:      46     -0.04312314      0.03224857     -0.09244249
MINMODE:MODE:      47     -0.03792532     -0.05935588     -0.06878944
MINMODE:MODE:      48     -0.01131003      0.01515646     -0.00584985
MINMODE:MODE:      49      0.02232788     -0.00808808     -0.01640318
MINMODE:MODE:      50      0.05884566      0.03157376      0.07051923
MINMODE:MODE:      51      0.06480775      0.04075831      0.06611186
MINMODE:MODE:      52      0.02203340      0.03021483      0.00562457
MINMODE:MODE:      53     -0.02783476      0.01078212     -0.05203513
MINMODE:MODE:      54     -0.03545296      0.00034640     -0.05220548
MINMODE:MODE:      55      0.07323847      0.12487521     -0.10789941
MINMODE:MODE:      56      0.07454535      0.11394746     -0.11347196
MINMODE:MODE:      57     -0.00626768      0.02052941     -0.00091204
MINMODE:MODE:      58     -0.09627563     -0.07277911      0.11785876
MINMODE:MODE:      59     -0.10279426     -0.06751734      0.11978170
MINMODE:MODE:      60      0.00897135      0.00920533      0.02364806
MINMODE:MODE:      61      0.01541834      0.01105407      0.04823570
MINMODE:MODE:      62      0.00347373     -0.01055020     -0.00001052
MINMODE:MODE:      63      0.00848205     -0.01955872      0.00447434
MINMODE:MODE:      64      0.13827747      0.05613857      0.04961691
MINMODE:MODE:      65      0.08627439     -0.16273592     -0.07628338
MINMODE:MODE:      66      0.02383883     -0.09158818     -0.05315472
MINMODE:MODE:      67      0.10027248     -0.14562449      0.00033592
MINMODE:MODE:      68      0.03907193     -0.07388806      0.01517811
MINMODE:MODE:      69     -0.06810691      0.03057285     -0.01944781
MINMODE:MODE:      70     -0.12900905      0.07429965     -0.07312726
MINMODE:MODE:      71     -0.10027669      0.02549305     -0.09124177
MINMODE:MODE:      72      0.03410251      0.01830092     -0.01637728
MINMODE:MODE:      73     -0.00441593      0.02184253     -0.00411946
MINMODE:MODE:      74      0.08546020     -0.43993612     -0.20839340
MINMODE:MODE:      75      0.18149088     -0.22998391      0.02977715
MINMODE:MODE:      76      0.07672426     -0.10225978      0.05116060
MINMODE:MODE:      77     -0.10298140      0.07853443     -0.00670390
MINMODE:MODE:      78     -0.20425789      0.15429728     -0.10034585
MINMODE:MODE:      79     -0.15282883      0.06280218     -0.12750807
MINMODE:MODE: Optimization Step: 35
MINMODE:MODE: Order: 0
MINMODE:MODE:       0      0.00041501      0.00590719     -0.00173829
MINMODE:MODE:       1     -0.00232511      0.00513164     -0.01042165
MINMODE:MODE:       2     -0.01099235      0.00714627      0.02446210
MINMODE:MODE:       3      0.00500084      0.00194803      0.04049093
MINMODE:MODE:       4     -0.00046593      0.00104563      0.01484062
MINMODE:MODE:       5     -0.01394955      0.01724201      0.01714772
MINMODE:MODE:       6      0.01803693      0.00111034      0.01163153
MINMODE:MODE:       7      0.00943374      0.01690192      0.01088780
MINMODE:MODE:       8     -0.03017871      0.04725820      0.01526947
MINMODE:MODE:       9     -0.06178537      0.06189522      0.02054050
MINMODE:MODE:      10     -0.05492202      0.04768293      0.02204576
MINMODE:MODE:      11      0.01585250     -0.00762343      0.02208048
MINMODE:MODE:      12      0.00848377     -0.02377839     -0.00823274
MINMODE:MODE:      13      0.01901406     -0.02964752     -0.00367834
MINMODE:MODE:      14      0.03536717     -0.02134690      0.02952658
MINMODE:MODE:      15      0.04161446     -0.00685513      0.05831857
MINMODE:MODE:      16      0.03229820      0.00074821      0.05585350
MINMODE:MODE:      17     -0.02299938     -0.00558608     -0.05149617
MINMODE:MODE:      18     -0.00390176      0.00445745     -0.01737612
MINMODE:MODE:      19     -0.00107211      0.01538033     -0.00164142
MINMODE:MODE:      20      0.01057893      0.01626177      0.00894238
MINMODE:MODE:      21      0.03973868      0.02704819      0.04274481
MINMODE:MODE:      22      0.04324111      0.03231897      0.04089528
MINMODE:MODE:      23      0.01922853      0.02640655      0.00678970
MINMODE:MODE:      24     -0.00869228      0.01551023     -0.02597677
MINMODE:MODE:      25     -0.01320596      0.01059684     -0.02524274
MINMODE:MODE:      26     -0.01123654      0.02745107      0.00112692
MINMODE:MODE:      27      0.03575142      0.07756821     -0.06237484
MINMODE:MODE:      28      0.03872955      0.07430252     -0.06264342
MINMODE:MODE:      29     -0.00830968      0.02125766      0.00041327
MINMODE:MODE:      30     -0.05848781     -0.02969954      0.06687370
MINMODE:MODE:      31     -0.06136695     -0.02664488      0.06814089
MINMODE:MODE:      32     -0.00524942      0.00573670      0.03266924
MINMODE:MODE:      33     -0.03736438      0.01270221      0.02733315
MINMODE:MODE:      34      0.02656602     -0.00757354      0.04270003
MINMODE:MODE:      35     -0.00334558      0.00693397      0.06296640
MINMODE:MODE:      36      0.05128394     -0.02552875      0.00840153
MINMODE:MODE:      37      0.03401776      0.00460007      0.00682055
MINMODE:MODE:      38     -0.03585995      0.05849341      0.01442665
MINMODE:MODE:      39     -0.09179621      0.08423516      0.02379413
MINMODE:MODE:      40     -0.08135707      0.05915350      0.02601678
MINMODE:MODE:      41     -0.00674215     -0.03392582     -0.03661557
MINMODE:MODE:      42      0.01417625     -0.04098076     -0.02662408
MINMODE:MODE:      43      0.04266782     -0.02653207      0.03207006
MINMODE:MODE:      44      0.05358586     -0.00071602      0.08275969
MINMODE:MODE:      45      0.03597158      0.01258879      0.07962660
MINMODE:MODE:      46     -0.04308053      0.03195077     -0.09238087
MINMODE:MODE:      47     -0.03786203     -0.05942148     -0.06846711
MINMODE:MODE:      48     -0.01138745      0.01517450     -0.00576838
MINMODE:MODE:      49      0.02236701     -0.00798142     -0.01632826
MINMODE:MODE:      50      0.05873136      0.03146573      0.07049167
MINMODE:MODE:      51      0.06469093      0.04067752      0.06606521
MINMODE:MODE:      52      0.02200031      0.03022962      0.00561357
MINMODE:MODE:      53     -0.02774658      0.01088995     -0.05196491
MINMODE:MODE:      54     -0.03535208      0.00043483     -0.05213159
MINMODE:MODE:      55      0.07350476      0.12413414     -0.10790203
MINMODE:MODE:      56      0.07471606      0.11293564     -0.11325425
MINMODE:MODE:      57     -0.00619620      0.02032747     -0.00099312
MINMODE:MODE:      58     -0.09656147     -0.07202581      0.11766381
MINMODE:MODE:      59     -0.10308331     -0.06663722      0.11969647
MINMODE:MODE:      60      0.00894387      0.00922983      0.02366145
MINMODE:MODE:      61      0.01532151      0.01090293      0.04810023
MINMODE:MODE:      62      0.00346133     -0.01044807      0.00021095
MINMODE:MODE:      63      0.00847323     -0.01947141      0.00453042
MINMODE:MODE:      64      0.13659357      0.05657960      0.04942686
MINMODE:MODE:      65      0.08599046     -0.16209140     -0.07595316
MINMODE:MODE:      66      0.02296604     -0.09074583     -0.05307828
MINMODE:MODE:      67      0.10054832     -0.14553395      0.00054852
MINMODE:MODE:      68      0.03852782     -0.07331279      0.01510366
MINMODE:MODE:      69     -0.06724491      0.03012461     -0.01952281
MINMODE:MODE:      70     -0.12920396      0.07449978     -0.07341898
MINMODE:MODE:      71     -0.09970801      0.02519021     -0.09118898
MINMODE:MODE:      72      0.03397878      0.01850695     -0.01630163
MINMODE:MODE:      73     -0.00430386      0.02186373     -0.00388783
MINMODE:MODE:      74      0.08670741     -0.44171999     -0.20901299
MINMODE:MODE:      75      0.18157421     -0.23012289      0.03021456
MINMODE:MODE:      76      0.07719037     -0.10238427      0.05132794
MINMODE:MODE:      77     -0.10275340      0.07855223     -0.00703277
MINMODE:MODE:      78     -0.20413900      0.15450331     -0.10083287
MINMODE:MODE:      79     -0.15311245      0.06314079     -0.12777966
MINMODE:MODE: Optimization Step: 36
MINMODE:MODE: Order: 0
MINMODE:MODE:       0      0.00043103      0.00595140     -0.00158126
MINMODE:MODE:       1     -0.00227392      0.00522808     -0.01027703
MINMODE:MODE:       2     -0.01088714      0.00713424      0.02449158
MINMODE:MODE:       3      0.00505739      0.00195269      0.04047561
MINMODE:MODE:       4     -0.00048149      0.00105896      0.01485801
MINMODE:MODE:       5     -0.01389791      0.01723387      0.01713471
MINMODE:MODE:       6      0.01797671      0.00110932      0.01164773
MINMODE:MODE:       7      0.00940650      0.01686467      0.01089400
MINMODE:MODE:       8     -0.03007552      0.04718009      0.01524243
MINMODE:MODE:       9     -0.06158774      0.06183476      0.02048312
MINMODE:MODE:      10     -0.05472839      0.04764046      0.02198864
MINMODE:MODE:      11      0.01575226     -0.00759901      0.02202218
MINMODE:MODE:      12      0.00839643     -0.02371029     -0.00821605
MINMODE:MODE:      13      0.01893954     -0.02956559     -0.00365810
MINMODE:MODE:      14      0.03528835     -0.02130268      0.02945624
MINMODE:MODE:      15      0.04153069     -0.00684092      0.05818835
MINMODE:MODE:      16      0.03221885      0.00076113      0.05574140
MINMODE:MODE:      17     -0.02295940     -0.00561507     -0.05130663
MINMODE:MODE:      18     -0.00393474      0.00449147     -0.01729947
MINMODE:MODE:      19     -0.00107858      0.01535620     -0.00162438
MINMODE:MODE:      20      0.01055653      0.01623593      0.00896344
MINMODE:MODE:      21      0.03961044      0.02695281      0.04269760
MINMODE:MODE:      22      0.04311072      0.03223320      0.04083234
MINMODE:MODE:      23      0.01918990      0.02640504      0.00678364
MINMODE:MODE:      24     -0.00861219      0.01556938     -0.02588623
MINMODE:MODE:      25     -0.01311400      0.01065139     -0.02513590
MINMODE:MODE:      26     -0.01130060      0.02735790      0.00121317
MINMODE:MODE:      27      0.03582453      0.07689464     -0.06224212
MINMODE:MODE:      28      0.03894191      0.07362276     -0.06262625
MINMODE:MODE:      29     -0.00839495      0.02106360      0.00050394
MINMODE:MODE:      30     -0.05863018     -0.02920842      0.06674761
MINMODE:MODE:      31     -0.06147086     -0.02609019      0.06793443
MINMODE:MODE:      32     -0.00516914      0.00572133      0.03263688
MINMODE:MODE:      33     -0.03714829      0.01263392      0.02741727
MINMODE:MODE:      34      0.02655762     -0.00753061      0.04264318
MINMODE:MODE:      35     -0.00322448      0.00693740      0.06287752
MINMODE:MODE:      36      0.05112205     -0.02550899      0.00842987
MINMODE:MODE:      37      0.03395468      0.00454021      0.00684651
MINMODE:MODE:      38     -0.03573036      0.05837702      0.01439488
MINMODE:MODE:      39     -0.09153718      0.08416978      0.02371660
MINMODE:MODE:      40     -0.08113399      0.05912827      0.02594080
MINMODE:MODE:      41     -0.00681380     -0.03381859     -0.03652068
MINMODE:MODE:      42      0.01410823     -0.04087278     -0.02653699
MINMODE:MODE:      43      0.04259589     -0.02645232      0.03201333
MINMODE:MODE:      44      0.05352164     -0.00071268      0.08259367
MINMODE:MODE:      45      0.03589205      0.01257357      0.07946601
MINMODE:MODE:      46     -0.04300199      0.03165891     -0.09227334
MINMODE:MODE:      47     -0.03774499     -0.05956769     -0.06812064
MINMODE:MODE:      48     -0.01143233      0.01516640     -0.00569399
MINMODE:MODE:      49      0.02233427     -0.00782492     -0.01620695
MINMODE:MODE:      50      0.05856949      0.03132120      0.07042561
MINMODE:MODE:      51      0.06452269      0.04055933      0.06598151
MINMODE:MODE:      52      0.02195455      0.03023103      0.00559734
MINMODE:MODE:      53     -0.02763198      0.01100494     -0.05186271
MINMODE:MODE:      54     -0.03521163      0.00053623     -0.05202074
MINMODE:MODE:      55      0.07379360      0.12324958     -0.10789182
MINMODE:MODE:      56      0.07491553      0.11173741     -0.11301790
MINMODE:MODE:      57     -0.00612810      0.02009959     -0.00105177
MINMODE:MODE:      58     -0.09688328     -0.07116122      0.11744473
MINMODE:MODE:      59     -0.10334121     -0.06558940      0.11949371
MINMODE:MODE:      60      0.00892478      0.00920380      0.02372222
MINMODE:MODE:      61      0.01518633      0.01080030      0.04783935
MINMODE:MODE:      62      0.00345511     -0.01039138      0.00033872
MINMODE:MODE:      63      0.00845802     -0.01934988      0.00468973
MINMODE:MODE:      64      0.13511649      0.05933483      0.05044246
MINMODE:MODE:      65      0.08527107     -0.16327807     -0.07685651
MINMODE:MODE:      66      0.02231861     -0.09034223     -0.05298557
MINMODE:MODE:      67      0.10062728     -0.14551884      0.00092417
MINMODE:MODE:      68      0.03853702     -0.07317330      0.01514066
MINMODE:MODE:      69     -0.06685163      0.02999083     -0.01975798
MINMODE:MODE:      70     -0.12916256      0.07469468     -0.07371711
MINMODE:MODE:      71     -0.09939211      0.02522078     -0.09122862
MINMODE:MODE:      72      0.03376371      0.01871195     -0.01622830
MINMODE:MODE:      73     -0.00418505      0.02185661     -0.00365384
MINMODE:MODE:      74      0.08793531     -0.44331991     -0.20932868
MINMODE:MODE:      75      0.18125711     -0.22983125      0.03065284
MINMODE:MODE:      76      0.07756590     -0.10246617      0.05145238
MINMODE:MODE:      77     -0.10247390      0.07856308     -0.00745810
MINMODE:MODE:      78     -0.20369138      0.15441447     -0.10124510
MINMODE:MODE:      79     -0.15317379      0.06342094     -0.12791133
MINMODE:MODE: Optimization Step: 37
MINMODE:MODE: Order: 0
MINMODE:MODE:       0      0.00043301      0.00600167     -0.00142961
MINMODE:MODE:       1     -0.00227043      0.00526860     -0.01010120
MINMODE:MODE:       2     -0.01079672      0.00713444      0.02451801
MINMODE:MODE:       3      0.00512061      0.00196229      0.04046035
MINMODE:MODE:       4     -0.00049828      0.00106961      0.01488075
MINMODE:MODE:       5     -0.01384240      0.01722567      0.01712381
MINMODE:MODE:       6      0.01796260      0.00109862      0.01165725
MINMODE:MODE:       7      0.00941486      0.01681743      0.01090162
MINMODE:MODE:       8     -0.02998467      0.04711951      0.01521770
MINMODE:MODE:       9     -0.06144100      0.06179463      0.02044032
MINMODE:MODE:      10     -0.05459942      0.04763406      0.02194852
MINMODE:MODE:      11      0.01567407     -0.00758011      0.02198129
MINMODE:MODE:      12      0.00832364     -0.02365372     -0.00819228
MINMODE:MODE:      13      0.01886818     -0.02950195     -0.00364631
MINMODE:MODE:      14      0.03522103     -0.02126012      0.02940087
MINMODE:MODE:      15      0.04146587     -0.00682366      0.05808424
MINMODE:MODE:      16      0.03214456      0.00076481      0.05563733
MINMODE:MODE:      17     -0.02291349     -0.00568892     -0.05113259
MINMODE:MODE:      18     -0.00394932      0.00451172     -0.01722513
MINMODE:MODE:      19     -0.00109179      0.01532646     -0.00162061
MINMODE:MODE:      20      0.01056418      0.01621495      0.00901640
MINMODE:MODE:      21      0.03949945      0.02688766      0.04266541
MINMODE:MODE:      22      0.04302701      0.03218382      0.04083337
MINMODE:MODE:      23      0.01914852      0.02639987      0.00675667
MINMODE:MODE:      24     -0.00855374      0.01561969     -0.02582819
MINMODE:MODE:      25     -0.01304810      0.01069536     -0.02506769
MINMODE:MODE:      26     -0.01135423      0.02726062      0.00123321
MINMODE:MODE:      27      0.03598007      0.07639608     -0.06222576
MINMODE:MODE:      28      0.03908673      0.07304811     -0.06258567
MINMODE:MODE:      29     -0.00839210      0.02092868      0.00053813
MINMODE:MODE:      30     -0.05878927     -0.02880340      0.06664762
MINMODE:MODE:      31     -0.06166166     -0.02566830      0.06785854
MINMODE:MODE:      32     -0.00510028      0.00571199      0.03261126
MINMODE:MODE:      33     -0.03697502      0.01257358      0.02748099
MINMODE:MODE:      34      0.02655673     -0.00749559      0.04259804
MINMODE:MODE:      35     -0.00311527      0.00694569      0.06282225
MINMODE:MODE:      36      0.05097203     -0.02546646      0.00846149
MINMODE:MODE:      37      0.03390017      0.00448702      0.00687213
MINMODE:MODE:      38     -0.03561980      0.05828529      0.01436806
MINMODE:MODE:      39     -0.09132760      0.08412385      0.02366284
MINMODE:MODE:      40     -0.08092577      0.05911714      0.02587673
MINMODE:MODE:      41     -0.00688583     -0.03372926     -0.03644450
MINMODE:MODE:      42      0.01404849     -0.04077989     -0.02646334
MINMODE:MODE:      43      0.04253938     -0.02638824      0.03196907
MINMODE:MODE:      44      0.05347136     -0.00070850      0.08246006
MINMODE:MODE:      45      0.03582734      0.01256765      0.07933772
MINMODE:MODE:      46     -0.04294551      0.03143887     -0.09220087
MINMODE:MODE:      47     -0.03764817     -0.05974391     -0.06779890
MINMODE:MODE:      48     -0.01147264      0.01517768     -0.00563418
MINMODE:MODE:      49      0.02227333     -0.00767158     -0.01610847
MINMODE:MODE:      50      0.05841932      0.03120262      0.07036291
MINMODE:MODE:      51      0.06437099      0.04045658      0.06591713
MINMODE:MODE:      52      0.02192157      0.03024046      0.00557734
MINMODE:MODE:      53     -0.02753445      0.01110328     -0.05178108
MINMODE:MODE:      54     -0.03507153      0.00063785     -0.05191118
MINMODE:MODE:      55      0.07402485      0.12242525     -0.10788103
MINMODE:MODE:      56      0.07511000      0.11069219     -0.11279993
MINMODE:MODE:      57     -0.00606190      0.01989836     -0.00106364
MINMODE:MODE:      58     -0.09718604     -0.07041854      0.11729926
MINMODE:MODE:      59     -0.10356396     -0.06465502      0.11925937
MINMODE:MODE:      60      0.00886855      0.00920882      0.02360852
MINMODE:MODE:      61      0.01510947      0.01069078      0.04778421
MINMODE:MODE:      62      0.00341737     -0.01027369      0.00051026
MINMODE:MODE:      63      0.00847847     -0.01931555      0.00479581
MINMODE:MODE:      64      0.13339401      0.05999279      0.05037195
MINMODE:MODE:      65      0.08497790     -0.16236289     -0.07644647
MINMODE:MODE:      66      0.02247532     -0.09025388     -0.05272856
MINMODE:MODE:      67      0.10028832     -0.14531638      0.00124133
MINMODE:MODE:      68      0.03947963     -0.07378175      0.01535203
MINMODE:MODE:      69     -0.06724551      0.03035055     -0.02013292
MINMODE:MODE:      70     -0.12880613      0.07471879     -0.07400884
MINMODE:MODE:      71     -0.09988185      0.02589316     -0.09151537
MINMODE:MODE:      72      0.03365599      0.01896054     -0.01612592
MINMODE:MODE:      73     -0.00407530      0.02186689     -0.00338149
MINMODE:MODE:      74      0.08897480     -0.44510157     -0.20984667
MINMODE:MODE:      75      0.18106313     -0.22970164      0.03110912
MINMODE:MODE:      76      0.07783472     -0.10269953      0.05154003
MINMODE:MODE:      77     -0.10215039      0.07846842     -0.00789970
MINMODE:MODE:      78     -0.20342974      0.15445545     -0.10176210
MINMODE:MODE:      79     -0.15317829      0.06378814     -0.12806110
MINMODE:MODE: Optimization Step: 38
MINMODE:MODE: Order: 0
MINMODE:MODE:       0      0.00043530      0.00605278     -0.00126387
MINMODE:MODE:       1     -0.00229411      0.00529653     -0.00988790
MINMODE:MODE:       2     -0.01070314      0.00713650      0.02454878
MINMODE:MODE:       3      0.00518589      0.00197041      0.04043206
MINMODE:MODE:       4     -0.00051763      0.00108837      0.01491126
MINMODE:MODE:       5     -0.01378712      0.01721396      0.01711241
MINMODE:MODE:       6      0.01795963      0.00107380      0.01167015
MINMODE:MODE:       7      0.00944112      0.01675234      0.01090939
MINMODE:MODE:       8     -0.02987932      0.04705146      0.01519360
MINMODE:MODE:       9     -0.06129640      0.06177301      0.02039828
MINMODE:MODE:      10     -0.05448750      0.04765342      0.02191365
MINMODE:MODE:      11      0.01560164     -0.00755490      0.02195223
MINMODE:MODE:      12      0.00825473     -0.02359658     -0.00816397
MINMODE:MODE:      13      0.01878599     -0.02944013     -0.00364391
MINMODE:MODE:      14      0.03516552     -0.02120521      0.02936326
MINMODE:MODE:      15      0.04140846     -0.00680246      0.05798576
MINMODE:MODE:      16      0.03206712      0.00075893      0.05552435
MINMODE:MODE:      17     -0.02288119     -0.00581888     -0.05094398
MINMODE:MODE:      18     -0.00397130      0.00453101     -0.01717393
MINMODE:MODE:      19     -0.00111307      0.01530676     -0.00162780
MINMODE:MODE:      20      0.01046996      0.01623339      0.00896499
MINMODE:MODE:      21      0.03952293      0.02678642      0.04279829
MINMODE:MODE:      22      0.04297354      0.03211510      0.04086689
MINMODE:MODE:      23      0.01911497      0.02640040      0.00673494
MINMODE:MODE:      24     -0.00851883      0.01567858     -0.02579542
MINMODE:MODE:      25     -0.01299541      0.01076561     -0.02502404
MINMODE:MODE:      26     -0.01133715      0.02722904      0.00119970
MINMODE:MODE:      27      0.03621901      0.07588961     -0.06227052
MINMODE:MODE:      28      0.03927697      0.07242003     -0.06252137
MINMODE:MODE:      29     -0.00837583      0.02077099      0.00051147
MINMODE:MODE:      30     -0.05912037     -0.02848916      0.06669032
MINMODE:MODE:      31     -0.06198830     -0.02529248      0.06787977
MINMODE:MODE:      32     -0.00503861      0.00570192      0.03256996
MINMODE:MODE:      33     -0.03682718      0.01251014      0.02754038
MINMODE:MODE:      34      0.02656918     -0.00747232      0.04252074
MINMODE:MODE:      35     -0.00302011      0.00696416      0.06280929
MINMODE:MODE:      36      0.05080181     -0.02541270      0.00850338
MINMODE:MODE:      37      0.03383029      0.00442705      0.00690928
MINMODE:MODE:      38     -0.03551052      0.05820376      0.01434249
MINMODE:MODE:      39     -0.09111290      0.08409141      0.02360703
MINMODE:MODE:      40     -0.08071093      0.05911286      0.02580146
MINMODE:MODE:      41     -0.00696003     -0.03363256     -0.03635515
MINMODE:MODE:      42      0.01398204     -0.04069107     -0.02639907
MINMODE:MODE:      43      0.04249316     -0.02633041      0.03192970
MINMODE:MODE:      44      0.05342459     -0.00070803      0.08231736
MINMODE:MODE:      45      0.03576413      0.01255869      0.07920425
MINMODE:MODE:      46     -0.04292925      0.03116166     -0.09218651
MINMODE:MODE:      47     -0.03750738     -0.05990683     -0.06739561
MINMODE:MODE:      48     -0.01155063      0.01521793     -0.00555837
MINMODE:MODE:      49      0.02221107     -0.00751872     -0.01602679
MINMODE:MODE:      50      0.05824711      0.03104144      0.07029442
MINMODE:MODE:      51      0.06420536      0.04034552      0.06586223
MINMODE:MODE:      52      0.02189048      0.03026102      0.00554925
MINMODE:MODE:      53     -0.02743589      0.01121656     -0.05170623
MINMODE:MODE:      54     -0.03491049      0.00076093     -0.05179705
MINMODE:MODE:      55      0.07430821      0.12148358     -0.10786801
MINMODE:MODE:      56      0.07532626      0.10956606     -0.11260813
MINMODE:MODE:      57     -0.00600653      0.01967347     -0.00108119
MINMODE:MODE:      58     -0.09742816     -0.06944937      0.11709044
MINMODE:MODE:      59     -0.10382467     -0.06359283      0.11898177
MINMODE:MODE:      60      0.00885414      0.00917672      0.02366248
MINMODE:MODE:      61      0.01499796      0.01058694      0.04758768
MINMODE:MODE:      62      0.00342018     -0.01022681      0.00067960
MINMODE:MODE:      63      0.00845692     -0.01919150      0.00490743
MINMODE:MODE:      64      0.13134995      0.06018086      0.04995220
MINMODE:MODE:      65      0.08455059     -0.16109170     -0.07577622
MINMODE:MODE:      66      0.02249432     -0.08991894     -0.05232836
MINMODE:MODE:      67      0.09993990     -0.14492396      0.00152712
MINMODE:MODE:      68      0.04006634     -0.07401859      0.01548089
MINMODE:MODE:      69     -0.06730462      0.03044730     -0.02051085
MINMODE:MODE:      70     -0.12846846      0.07471900     -0.07428294
MINMODE:MODE:      71     -0.10024870      0.02645814     -0.09164716
MINMODE:MODE:      72      0.03367784      0.01927228     -0.01602479
MINMODE:MODE:      73     -0.00396295      0.02186333     -0.00311855
MINMODE:MODE:      74      0.09040153     -0.44714543     -0.21043383
MINMODE:MODE:      75      0.18107946     -0.22978315      0.03166786
MINMODE:MODE:      76      0.07813760     -0.10287579      0.05161911
MINMODE:MODE:      77     -0.10180955      0.07830133     -0.00840246
MINMODE:MODE:      78     -0.20329899      0.15462699     -0.10242461
MINMODE:MODE:      79     -0.15322997      0.06421103     -0.12823069
MINMODE:MODE: Optimization Step: 39
MINMODE:MODE: Order: 0
MINMODE:MODE:       0      0.00044683      0.00607394     -0.00105748
MINMODE:MODE:       1     -0.00226832      0.00534839     -0.00966470
MINMODE:MODE:       2     -0.01060496      0.00712563      0.02456592
MINMODE:MODE:       3      0.00524308      0.00197172      0.04037660
MINMODE:MODE:       4     -0.00052607      0.00109940      0.01492614
MINMODE:MODE:       5     -0.01372801      0.01720532      0.01709638
MINMODE:MODE:       6      0.01792677      0.00105868      0.01167729
MINMODE:MODE:       7      0.00944457      0.01669154      0.01091236
MINMODE:MODE:       8     -0.02974485      0.04694786      0.01515769
MINMODE:MODE:       9     -0.06110055      0.06170722      0.02034720
MINMODE:MODE:      10     -0.05430547      0.04761680      0.02185954
MINMODE:MODE:      11      0.01552050     -0.00752106      0.02190436
MINMODE:MODE:      12      0.00816835     -0.02352535     -0.00813633
MINMODE:MODE:      13      0.01869350     -0.02935953     -0.00363116
MINMODE:MODE:      14      0.03508705     -0.02113301      0.02931444
MINMODE:MODE:      15      0.04132260     -0.00677742      0.05784898
MINMODE:MODE:      16      0.03197282      0.00076299      0.05538301
MINMODE:MODE:      17     -0.02282510     -0.00595053     -0.05074292
MINMODE:MODE:      18     -0.00400414      0.00453524     -0.01711747
MINMODE:MODE:      19     -0.00115388      0.01526874     -0.00164744
MINMODE:MODE:      20      0.01040723      0.01620799      0.00895744
MINMODE:MODE:      21      0.03946548      0.02668795      0.04282990
MINMODE:MODE:      22      0.04288344      0.03202564      0.04085515
MINMODE:MODE:      23      0.01908436      0.02638318      0.00673224
MINMODE:MODE:      24     -0.00847117      0.01573373     -0.02573286
MINMODE:MODE:      25     -0.01292489      0.01082391     -0.02494261
MINMODE:MODE:      26     -0.01135201      0.02715719      0.00112899
MINMODE:MODE:      27      0.03636961      0.07529717     -0.06219031
MINMODE:MODE:      28      0.03940101      0.07175414     -0.06240106
MINMODE:MODE:      29     -0.00838161      0.02059379      0.00054726
MINMODE:MODE:      30     -0.05934830     -0.02811609      0.06664394
MINMODE:MODE:      31     -0.06217987     -0.02483333      0.06776224
MINMODE:MODE:      32     -0.00497126      0.00569010      0.03250148
MINMODE:MODE:      33     -0.03661955      0.01242970      0.02758506
MINMODE:MODE:      34      0.02658106     -0.00744762      0.04242297
MINMODE:MODE:      35     -0.00293382      0.00698259      0.06276185
MINMODE:MODE:      36      0.05060541     -0.02534711      0.00854005
MINMODE:MODE:      37      0.03373374      0.00436937      0.00693950
MINMODE:MODE:      38     -0.03537626      0.05808614      0.01430791
MINMODE:MODE:      39     -0.09083407      0.08400467      0.02353578
MINMODE:MODE:      40     -0.08044679      0.05907604      0.02572076
MINMODE:MODE:      41     -0.00701612     -0.03349770     -0.03623078
MINMODE:MODE:      42      0.01390293     -0.04057924     -0.02632872
MINMODE:MODE:      43      0.04242194     -0.02625619      0.03187382
MINMODE:MODE:      44      0.05333797     -0.00070707      0.08211471
MINMODE:MODE:      45      0.03567257      0.01253507      0.07900310
MINMODE:MODE:      46     -0.04287104      0.03082988     -0.09208768
MINMODE:MODE:      47     -0.03737231     -0.05995830     -0.06694996
MINMODE:MODE:      48     -0.01164524      0.01525526     -0.00546619
MINMODE:MODE:      49      0.02217175     -0.00738272     -0.01595263
MINMODE:MODE:      50      0.05804476      0.03086831      0.07019084
MINMODE:MODE:      51      0.06400612      0.04020915      0.06576794
MINMODE:MODE:      52      0.02184289      0.03026055      0.00551156
MINMODE:MODE:      53     -0.02732019      0.01132700     -0.05159534
MINMODE:MODE:      54     -0.03474233      0.00087900     -0.05165427
MINMODE:MODE:      55      0.07456148      0.12049707     -0.10783648
MINMODE:MODE:      56      0.07550840      0.10840525     -0.11232507
MINMODE:MODE:      57     -0.00594393      0.01942541     -0.00108726
MINMODE:MODE:      58     -0.09760006     -0.06846256      0.11680403
MINMODE:MODE:      59     -0.10403655     -0.06258200      0.11864565
MINMODE:MODE:      60      0.00881008      0.00908135      0.02363971
MINMODE:MODE:      61      0.01489618      0.01050182      0.04742872
MINMODE:MODE:      62      0.00338950     -0.01011147      0.00075876
MINMODE:MODE:      63      0.00845335     -0.01907501      0.00509301
MINMODE:MODE:      64      0.12980967      0.06313159      0.05120255
MINMODE:MODE:      65      0.08393356     -0.16206394     -0.07653271
MINMODE:MODE:      66      0.02172230     -0.08936127     -0.05227947
MINMODE:MODE:      67      0.09986772     -0.14466676      0.00180039
MINMODE:MODE:      68      0.03943446     -0.07337760      0.01540828
MINMODE:MODE:      69     -0.06642192      0.02997621     -0.02064225
MINMODE:MODE:      70     -0.12833943      0.07480856     -0.07453489
MINMODE:MODE:      71     -0.09966321      0.02631685     -0.09155686
MINMODE:MODE:      72      0.03360384      0.01956531     -0.01589560
MINMODE:MODE:      73     -0.00385048      0.02183597     -0.00287802
MINMODE:MODE:      74      0.09142530     -0.44908957     -0.21105788
MINMODE:MODE:      75      0.18098046     -0.22970610      0.03216087
MINMODE:MODE:      76      0.07844177     -0.10281782      0.05167710
MINMODE:MODE:      77     -0.10149947      0.07813144     -0.00884777
MINMODE:MODE:      78     -0.20291804      0.15462743     -0.10290201
MINMODE:MODE:      79     -0.15325514      0.06452113     -0.12831725
MINMODE:MODE: Optimization Step: 40
MINMODE:MODE: Order: 0
MINMODE:MODE:       0      0.00046846      0.00612817     -0.00087889
MINMODE:MODE:       1     -0.00219762      0.00545683     -0.00945718
MINMODE:MODE:       2     -0.01050387      0.00710608      0.02459456
MINMODE:MODE:       3      0.00530459      0.00197233      0.04035326
MINMODE:MODE:       4     -0.00055308      0.00111489      0.01494519
MINMODE:MODE:       5     -0.01367508      0.01720586      0.01708017
MINMODE:MODE:       6      0.01785889      0.00107128      0.01169624
MINMODE:MODE:       7      0.00942705      0.01664938      0.01092115
MINMODE:MODE:       8     -0.02961698      0.04685891      0.01512807
MINMODE:MODE:       9     -0.06090926      0.06166018      0.02030638
MINMODE:MODE:      10     -0.05409307      0.04757087      0.02180490
MINMODE:MODE:      11      0.01543453     -0.00749562      0.02185541
MINMODE:MODE:      12      0.00808053     -0.02346351     -0.00811872
MINMODE:MODE:      13      0.01861630     -0.02927937     -0.00361116
MINMODE:MODE:      14      0.03501638     -0.02107635      0.02925961
MINMODE:MODE:      15      0.04125114     -0.00675756      0.05772755
MINMODE:MODE:      16      0.03190087      0.00077715      0.05527446
MINMODE:MODE:      17     -0.02278300     -0.00600205     -0.05058447
MINMODE:MODE:      18     -0.00406779      0.00455685     -0.01707939
MINMODE:MODE:      19     -0.00116707      0.01524555     -0.00166412
MINMODE:MODE:      20      0.01036741      0.01617977      0.00895349
MINMODE:MODE:      21      0.03936740      0.02658956      0.04281703
MINMODE:MODE:      22      0.04278333      0.03193944      0.04083053
MINMODE:MODE:      23      0.01905232      0.02637949      0.00672917
MINMODE:MODE:      24     -0.00839293      0.01580248     -0.02565174
MINMODE:MODE:      25     -0.01282682      0.01088807     -0.02483491
MINMODE:MODE:      26     -0.01135999      0.02709700      0.00112748
MINMODE:MODE:      27      0.03647444      0.07464214     -0.06205316
MINMODE:MODE:      28      0.03950099      0.07107292     -0.06223061
MINMODE:MODE:      29     -0.00840733      0.02039432      0.00055879
MINMODE:MODE:      30     -0.05955481     -0.02766550      0.06655861
MINMODE:MODE:      31     -0.06231230     -0.02427867      0.06753461
MINMODE:MODE:      32     -0.00489348      0.00567504      0.03244350
MINMODE:MODE:      33     -0.03636033      0.01233912      0.02765534
MINMODE:MODE:      34      0.02661512     -0.00742365      0.04236107
MINMODE:MODE:      35     -0.00283110      0.00699119      0.06271126
MINMODE:MODE:      36      0.05045055     -0.02532789      0.00857263
MINMODE:MODE:      37      0.03365040      0.00431143      0.00697171
MINMODE:MODE:      38     -0.03524695      0.05797652      0.01427904
MINMODE:MODE:      39     -0.09058412      0.08395632      0.02347028
MINMODE:MODE:      40     -0.08022602      0.05907268      0.02565602
MINMODE:MODE:      41     -0.00707999     -0.03336816     -0.03611014
MINMODE:MODE:      42      0.01382829     -0.04048095     -0.02626590
MINMODE:MODE:      43      0.04236522     -0.02618682      0.03182326
MINMODE:MODE:      44      0.05327306     -0.00070729      0.08194109
MINMODE:MODE:      45      0.03559175      0.01250988      0.07881951
MINMODE:MODE:      46     -0.04278005      0.03045019     -0.09196457
MINMODE:MODE:      47     -0.03726656     -0.06000231     -0.06655493
MINMODE:MODE:      48     -0.01175090      0.01527241     -0.00540865
MINMODE:MODE:      49      0.02218370     -0.00726751     -0.01587332
MINMODE:MODE:      50      0.05787921      0.03070550      0.07014421
MINMODE:MODE:      51      0.06383857      0.04008453      0.06570952
MINMODE:MODE:      52      0.02179485      0.03026572      0.00547784
MINMODE:MODE:      53     -0.02721507      0.01144993     -0.05150568
MINMODE:MODE:      54     -0.03461209      0.00098768     -0.05155591
MINMODE:MODE:      55      0.07492633      0.11957411     -0.10788063
MINMODE:MODE:      56      0.07574014      0.10726636     -0.11209535
MINMODE:MODE:      57     -0.00589942      0.01916640     -0.00109434
MINMODE:MODE:      58     -0.09783636     -0.06749958      0.11654812
MINMODE:MODE:      59     -0.10433649     -0.06160392      0.11841187
MINMODE:MODE:      60      0.00873167      0.00896687      0.02355832
MINMODE:MODE:      61      0.01481722      0.01041258      0.04735498
MINMODE:MODE:      62      0.00337591     -0.01002352      0.00086086
MINMODE:MODE:      63      0.00843804     -0.01893543      0.00526073
MINMODE:MODE:      64      0.12776746      0.06534047      0.05193430
MINMODE:MODE:      65      0.08366784     -0.16190220     -0.07662810
MINMODE:MODE:      66      0.02101903     -0.08887388     -0.05227351
MINMODE:MODE:      67      0.09974374     -0.14449897      0.00209354
MINMODE:MODE:      68      0.03903537     -0.07298474      0.01545226
MINMODE:MODE:      69     -0.06582837      0.02967907     -0.02084812
MINMODE:MODE:      70     -0.12812040      0.07485340     -0.07485176
MINMODE:MODE:      71     -0.09917820      0.02618281     -0.09163577
MINMODE:MODE:      72      0.03336309      0.01981637     -0.01575157
MINMODE:MODE:      73     -0.00374085      0.02182687     -0.00260251
MINMODE:MODE:      74      0.09269189     -0.45131412     -0.21173604
MINMODE:MODE:      75      0.18084374     -0.22964447      0.03271820
MINMODE:MODE:      76      0.07865330     -0.10278587      0.05173835
MINMODE:MODE:      77     -0.10122825      0.07803937     -0.00932616
MINMODE:MODE:      78     -0.20244106      0.15453517     -0.10340921
MINMODE:MODE:      79     -0.15331306      0.06478241     -0.12848792
MINMODE:MODE: Optimization Step: 41
MINMODE:MODE: Order: 0
MINMODE:MODE:       0      0.00048658      0.00614679     -0.00071644
MINMODE:MODE:       1     -0.00217325      0.00552448     -0.00925966
MINMODE:MODE:       2     -0.01041042      0.00709555      0.02462837
MINMODE:MODE:       3      0.00536493      0.00197966      0.04034595
MINMODE:MODE:       4     -0.00055965      0.00113464      0.01497779
MINMODE:MODE:       5     -0.01361721      0.01720868      0.01707045
MINMODE:MODE:       6      0.01780211      0.00108229      0.01171219
MINMODE:MODE:       7      0.00942181      0.01661178      0.01093033
MINMODE:MODE:       8     -0.02953052      0.04680819      0.01511335
MINMODE:MODE:       9     -0.06073958      0.06162290      0.02026685
MINMODE:MODE:      10     -0.05394301      0.04756384      0.02176797
MINMODE:MODE:      11      0.01535491     -0.00747859      0.02181474
MINMODE:MODE:      12      0.00800862     -0.02340437     -0.00809228
MINMODE:MODE:      13      0.01855026     -0.02921596     -0.00359563
MINMODE:MODE:      14      0.03495169     -0.02103282      0.02920862
MINMODE:MODE:      15      0.04119323     -0.00673934      0.05762881
MINMODE:MODE:      16      0.03183587      0.00078467      0.05517680
MINMODE:MODE:      17     -0.02275324     -0.00606280     -0.05042601
MINMODE:MODE:      18     -0.00411229      0.00457510     -0.01703656
MINMODE:MODE:      19     -0.00119540      0.01522415     -0.00167874
MINMODE:MODE:      20      0.01033897      0.01616418      0.00896343
MINMODE:MODE:      21      0.03928963      0.02651213      0.04281591
MINMODE:MODE:      22      0.04270484      0.03187627      0.04082219
MINMODE:MODE:      23      0.01902221      0.02637920      0.00672072
MINMODE:MODE:      24     -0.00831209      0.01586986     -0.02557163
MINMODE:MODE:      25     -0.01275407      0.01094039     -0.02475679
MINMODE:MODE:      26     -0.01142865      0.02700981      0.00113953
MINMODE:MODE:      27      0.03663593      0.07415935     -0.06202898
MINMODE:MODE:      28      0.03958338      0.07047175     -0.06209030
MINMODE:MODE:      29     -0.00841866      0.02023754      0.00061979
MINMODE:MODE:      30     -0.05973050     -0.02726741      0.06643000
MINMODE:MODE:      31     -0.06247002     -0.02383122      0.06738970
MINMODE:MODE:      32     -0.00482341      0.00566639      0.03239913
MINMODE:MODE:      33     -0.03613005      0.01225142      0.02772263
MINMODE:MODE:      34      0.02665495     -0.00739784      0.04232900
MINMODE:MODE:      35     -0.00272053      0.00699861      0.06266538
MINMODE:MODE:      36      0.05032375     -0.02531022      0.00860199
MINMODE:MODE:      37      0.03358884      0.00425925      0.00699885
MINMODE:MODE:      38     -0.03512830      0.05787998      0.01425827
MINMODE:MODE:      39     -0.09037093      0.08393110      0.02341767
MINMODE:MODE:      40     -0.08003290      0.05908645      0.02560646
MINMODE:MODE:      41     -0.00714282     -0.03326263     -0.03602139
MINMODE:MODE:      42      0.01376380     -0.04039710     -0.02620525
MINMODE:MODE:      43      0.04231821     -0.02612604      0.03178343
MINMODE:MODE:      44      0.05322690     -0.00070377      0.08180786
MINMODE:MODE:      45      0.03552828      0.01249749      0.07868122
MINMODE:MODE:      46     -0.04267139      0.03014067     -0.09182105
MINMODE:MODE:      47     -0.03720297     -0.06009322     -0.06622386
MINMODE:MODE:      48     -0.01183326      0.01529325     -0.00536725
MINMODE:MODE:      49      0.02217272     -0.00715120     -0.01580364
MINMODE:MODE:      50      0.05774530      0.03057522      0.07013225
MINMODE:MODE:      51      0.06370838      0.03998414      0.06567631
MINMODE:MODE:      52      0.02175268      0.03027481      0.00544757
MINMODE:MODE:      53     -0.02712856      0.01155954     -0.05144264
MINMODE:MODE:      54     -0.03450466      0.00108825     -0.05147125
MINMODE:MODE:      55      0.07523448      0.11874611     -0.10793831
MINMODE:MODE:      56      0.07595269      0.10626811     -0.11186979
MINMODE:MODE:      57     -0.00585044      0.01892917     -0.00107333
MINMODE:MODE:      58     -0.09804791     -0.06665984      0.11634196
MINMODE:MODE:      59     -0.10460812     -0.06075121      0.11815208
MINMODE:MODE:      60      0.00870617      0.00897263      0.02368221
MINMODE:MODE:      61      0.01469762      0.01026630      0.04710123
MINMODE:MODE:      62      0.00338532     -0.00994295      0.00107164
MINMODE:MODE:      63      0.00842190     -0.01881760      0.00534468
MINMODE:MODE:      64      0.12587865      0.06580433      0.05170669
MINMODE:MODE:      65      0.08343862     -0.16080401     -0.07596406
MINMODE:MODE:      66      0.02115493     -0.08867258     -0.05203467
MINMODE:MODE:      67      0.09936658     -0.14416456      0.00234459
MINMODE:MODE:      68      0.03988770     -0.07351326      0.01564559
MINMODE:MODE:      69     -0.06623448      0.03004047     -0.02124236
MINMODE:MODE:      70     -0.12770172      0.07478161     -0.07513498
MINMODE:MODE:      71     -0.09957188      0.02678692     -0.09187407
MINMODE:MODE:      72      0.03318313      0.02007718     -0.01561382
MINMODE:MODE:      73     -0.00363150      0.02183418     -0.00232043
MINMODE:MODE:      74      0.09364249     -0.45322112     -0.21238623
MINMODE:MODE:      75      0.18078306     -0.22963029      0.03330299
MINMODE:MODE:      76      0.07880404     -0.10293048      0.05177373
MINMODE:MODE:      77     -0.10090668      0.07790224     -0.00981804
MINMODE:MODE:      78     -0.20209645      0.15452195     -0.10397041
MINMODE:MODE:      79     -0.15337863      0.06518149     -0.12868907
MINMODE:MODE: Optimization Step: 42
MINMODE:MODE: Order: 0
MINMODE:MODE:       0      0.00049579      0.00618681     -0.00051862
MINMODE:MODE:       1     -0.00217951      0.00557006     -0.00903042
MINMODE:MODE:       2     -0.01030414      0.00708952      0.02464167
MINMODE:MODE:       3      0.00542755      0.00198591      0.04030237
MINMODE:MODE:       4     -0.00056720      0.00115508      0.01499529
MINMODE:MODE:       5     -0.01354814      0.01719526      0.01705873
MINMODE:MODE:       6      0.01777716      0.00105590      0.01172452
MINMODE:MODE:       7      0.00941547      0.01655415      0.01093956
MINMODE:MODE:       8     -0.02942695      0.04673791      0.01509280
MINMODE:MODE:       9     -0.06054523      0.06156906      0.02021690
MINMODE:MODE:      10     -0.05379855      0.04757304      0.02173147
MINMODE:MODE:      11      0.01526585     -0.00745353      0.02176304
MINMODE:MODE:      12      0.00793640     -0.02332335     -0.00804551
MINMODE:MODE:      13      0.01846606     -0.02913596     -0.00357869
MINMODE:MODE:      14      0.03486812     -0.02097875      0.02913624
MINMODE:MODE:      15      0.04111043     -0.00672310      0.05748456
MINMODE:MODE:      16      0.03174358      0.00077730      0.05502467
MINMODE:MODE:      17     -0.02269739     -0.00615262     -0.05020396
MINMODE:MODE:      18     -0.00414005      0.00459461     -0.01698058
MINMODE:MODE:      19     -0.00120544      0.01518743     -0.00167316
MINMODE:MODE:      20      0.01030866      0.01613191      0.00898086
MINMODE:MODE:      21      0.03919705      0.02641720      0.04282119
MINMODE:MODE:      22      0.04260300      0.03179091      0.04080416
MINMODE:MODE:      23      0.01898229      0.02637202      0.00671522
MINMODE:MODE:      24     -0.00824053      0.01593040     -0.02550147
MINMODE:MODE:      25     -0.01269635      0.01099139     -0.02469677
MINMODE:MODE:      26     -0.01143776      0.02694567      0.00115500
MINMODE:MODE:      27      0.03700619      0.07379840     -0.06220456
MINMODE:MODE:      28      0.03976130      0.06987075     -0.06201260
MINMODE:MODE:      29     -0.00845606      0.02002151      0.00067393
MINMODE:MODE:      30     -0.05990136     -0.02676636      0.06627010
MINMODE:MODE:      31     -0.06276642     -0.02338782      0.06733368
MINMODE:MODE:      32     -0.00475182      0.00565248      0.03233270
MINMODE:MODE:      33     -0.03591680      0.01216051      0.02778485
MINMODE:MODE:      34      0.02666778     -0.00735855      0.04225501
MINMODE:MODE:      35     -0.00259349      0.00700304      0.06259129
MINMODE:MODE:      36      0.05014439     -0.02527063      0.00862632
MINMODE:MODE:      37      0.03350927      0.00419425      0.00703023
MINMODE:MODE:      38     -0.03498399      0.05774817      0.01423123
MINMODE:MODE:      39     -0.09008709      0.08386364      0.02334703
MINMODE:MODE:      40     -0.07976291      0.05907137      0.02553260
MINMODE:MODE:      41     -0.00721758     -0.03313995     -0.03592190
MINMODE:MODE:      42      0.01369023     -0.04028091     -0.02611505
MINMODE:MODE:      43      0.04224627     -0.02604716      0.03172004
MINMODE:MODE:      44      0.05316096     -0.00070107      0.08162591
MINMODE:MODE:      45      0.03545156      0.01248634      0.07851417
MINMODE:MODE:      46     -0.04257547      0.02980898     -0.09166570
MINMODE:MODE:      47     -0.03710187     -0.06025400     -0.06578410
MINMODE:MODE:      48     -0.01189895      0.01531118     -0.00533530
MINMODE:MODE:      49      0.02207210     -0.00698949     -0.01570683
MINMODE:MODE:      50      0.05756857      0.03041071      0.07008748
MINMODE:MODE:      51      0.06353109      0.03984873      0.06561106
MINMODE:MODE:      52      0.02169456      0.03027193      0.00541506
MINMODE:MODE:      53     -0.02701079      0.01167755     -0.05134332
MINMODE:MODE:      54     -0.03435330      0.00120881     -0.05134797
MINMODE:MODE:      55      0.07538771      0.11755405     -0.10782946
MINMODE:MODE:      56      0.07613531      0.10504945     -0.11152288
MINMODE:MODE:      57     -0.00581328      0.01865458     -0.00105332
MINMODE:MODE:      58     -0.09828688     -0.06571168      0.11606594
MINMODE:MODE:      59     -0.10480834     -0.05975030      0.11779610
MINMODE:MODE:      60      0.00862614      0.00891840      0.02358566
MINMODE:MODE:      61      0.01460073      0.01017418      0.04697546
MINMODE:MODE:      62      0.00335702     -0.00982942      0.00118016
MINMODE:MODE:      63      0.00844006     -0.01873547      0.00555800
MINMODE:MODE:      64      0.12396090      0.06800935      0.05226564
MINMODE:MODE:      65      0.08306372     -0.16159523     -0.07633572
MINMODE:MODE:      66      0.02133437     -0.08869436     -0.05173124
MINMODE:MODE:      67      0.09916612     -0.14400720      0.00270561
MINMODE:MODE:      68      0.04074436     -0.07402195      0.01586966
MINMODE:MODE:      69     -0.06657378      0.03037292     -0.02168960
MINMODE:MODE:      70     -0.12747311      0.07487517     -0.07549337
MINMODE:MODE:      71     -0.10004701      0.02751759     -0.09209924
MINMODE:MODE:      72      0.03313104      0.02040922     -0.01549950
MINMODE:MODE:      73     -0.00350301      0.02178475     -0.00204197
MINMODE:MODE:      74      0.09459422     -0.45459348     -0.21262559
MINMODE:MODE:      75      0.18055538     -0.22936566      0.03394514
MINMODE:MODE:      76      0.07904106     -0.10310625      0.05182009
MINMODE:MODE:      77     -0.10050914      0.07773991     -0.01039775
MINMODE:MODE:      78     -0.20165885      0.15440006     -0.10453118
MINMODE:MODE:      79     -0.15340130      0.06569474     -0.12882108
MINMODE:MODE: Optimization Step: 43
MINMODE:MODE: Order: 0
MINMODE:MODE:       0      0.00050185      0.00623486     -0.00034107
MINMODE:MODE:       1     -0.00216161      0.00561974     -0.00877339
MINMODE:MODE:       2     -0.01019171      0.00708101      0.02466156
MINMODE:MODE:       3      0.00549659      0.00198905      0.04025439
MINMODE:MODE:       4     -0.00058353      0.00116280      0.01501468
MINMODE:MODE:       5     -0.01348413      0.01719213      0.01704674
MINMODE:MODE:       6      0.01775612      0.00102484      0.01173486
MINMODE:MODE:       7      0.00940579      0.01649791      0.01095080
MINMODE:MODE:       8     -0.02930288      0.04665364      0.01506694
MINMODE:MODE:       9     -0.06036652      0.06153416      0.02018011
MINMODE:MODE:      10     -0.05363960      0.04757827      0.02169422
MINMODE:MODE:      11      0.01517746     -0.00742458      0.02171625
MINMODE:MODE:      12      0.00785421     -0.02325014     -0.00801152
MINMODE:MODE:      13      0.01838219     -0.02905592     -0.00356201
MINMODE:MODE:      14      0.03479006     -0.02092455      0.02906769
MINMODE:MODE:      15      0.04102794     -0.00671309      0.05733343
MINMODE:MODE:      16      0.03165267      0.00077416      0.05487622
MINMODE:MODE:      17     -0.02263567     -0.00629563     -0.04996459
MINMODE:MODE:      18     -0.00416123      0.00459559     -0.01692639
MINMODE:MODE:      19     -0.00120348      0.01515034     -0.00167853
MINMODE:MODE:      20      0.01027842      0.01610284      0.00901600
MINMODE:MODE:      21      0.03909665      0.02631674      0.04281850
MINMODE:MODE:      22      0.04249363      0.03170298      0.04078282
MINMODE:MODE:      23      0.01895048      0.02636550      0.00671938
MINMODE:MODE:      24     -0.00818054      0.01599144     -0.02544514
MINMODE:MODE:      25     -0.01263272      0.01104278     -0.02463208
MINMODE:MODE:      26     -0.01142448      0.02690414      0.00112131
MINMODE:MODE:      27      0.03727925      0.07331266     -0.06228946
MINMODE:MODE:      28      0.03993354      0.06923440     -0.06193183
MINMODE:MODE:      29     -0.00846947      0.01985049      0.00067993
MINMODE:MODE:      30     -0.06006570     -0.02623362      0.06610485
MINMODE:MODE:      31     -0.06300043     -0.02288749      0.06723545
MINMODE:MODE:      32     -0.00468124      0.00563996      0.03226225
MINMODE:MODE:      33     -0.03570888      0.01207235      0.02785860
MINMODE:MODE:      34      0.02666908     -0.00731217      0.04216776
MINMODE:MODE:      35     -0.00246783      0.00701101      0.06253082
MINMODE:MODE:      36      0.04995069     -0.02523220      0.00865485
MINMODE:MODE:      37      0.03342923      0.00412644      0.00706570
MINMODE:MODE:      38     -0.03484273      0.05762664      0.01420578
MINMODE:MODE:      39     -0.08979806      0.08380149      0.02327666
MINMODE:MODE:      40     -0.07948419      0.05906145      0.02546222
MINMODE:MODE:      41     -0.00729037     -0.03301515     -0.03581301
MINMODE:MODE:      42      0.01361643     -0.04016084     -0.02601934
MINMODE:MODE:      43      0.04217660     -0.02596929      0.03165659
MINMODE:MODE:      44      0.05310022     -0.00070024      0.08143983
MINMODE:MODE:      45      0.03537778      0.01247752      0.07834938
MINMODE:MODE:      46     -0.04251639      0.02948778     -0.09158120
MINMODE:MODE:      47     -0.03697958     -0.06042018     -0.06529152
MINMODE:MODE:      48     -0.01197157      0.01533275     -0.00530737
MINMODE:MODE:      49      0.02193158     -0.00681296     -0.01561687
MINMODE:MODE:      50      0.05738288      0.03023780      0.07004285
MINMODE:MODE:      51      0.06334799      0.03970814      0.06554672
MINMODE:MODE:      52      0.02164001      0.03027686      0.00538309
MINMODE:MODE:      53     -0.02688253      0.01180238     -0.05123765
MINMODE:MODE:      54     -0.03418696      0.00133668     -0.05121269
MINMODE:MODE:      55      0.07562453      0.11638491     -0.10777724
MINMODE:MODE:      56      0.07635366      0.10382617     -0.11119252
MINMODE:MODE:      57     -0.00578590      0.01836738     -0.00102727
MINMODE:MODE:      58     -0.09859744     -0.06478758      0.11582020
MINMODE:MODE:      59     -0.10504639     -0.05871847      0.11745560
MINMODE:MODE:      60      0.00855179      0.00888028      0.02351692
MINMODE:MODE:      61      0.01449682      0.01007740      0.04682787
MINMODE:MODE:      62      0.00334903     -0.00975397      0.00133255
MINMODE:MODE:      63      0.00844388     -0.01863736      0.00574369
MINMODE:MODE:      64      0.12200217      0.07051376      0.05300077
MINMODE:MODE:      65      0.08279236     -0.16219049     -0.07663101
MINMODE:MODE:      66      0.02094461     -0.08852741     -0.05166751
MINMODE:MODE:      67      0.09939448     -0.14419055      0.00308947
MINMODE:MODE:      68      0.04041155     -0.07375301      0.01593992
MINMODE:MODE:      69     -0.06596417      0.03011258     -0.02188726
MINMODE:MODE:      70     -0.12762523      0.07516007     -0.07599576
MINMODE:MODE:      71     -0.09987822      0.02764903     -0.09232587
MINMODE:MODE:      72      0.03312392      0.02078452     -0.01537376
MINMODE:MODE:      73     -0.00337310      0.02172051     -0.00175109
MINMODE:MODE:      74      0.09564714     -0.45611714     -0.21283714
MINMODE:MODE:      75      0.18023956     -0.22909469      0.03452611
MINMODE:MODE:      76      0.07941739     -0.10326412      0.05196434
MINMODE:MODE:      77     -0.10018479      0.07764222     -0.01092903
MINMODE:MODE:      78     -0.20119550      0.15426265     -0.10512679
MINMODE:MODE:      79     -0.15352747      0.06614963     -0.12903878
MINMODE:MODE: Optimization Step: 44
MINMODE:MODE: Order: 0
MINMODE:MODE:       0      0.00052044      0.00623832     -0.00018364
MINMODE:MODE:       1     -0.00209758      0.00567047     -0.00854079
MINMODE:MODE:       2     -0.01010371      0.00706206      0.02471194
MINMODE:MODE:       3      0.00555646      0.00199153      0.04025275
MINMODE:MODE:       4     -0.00057633      0.00116524      0.01505474
MINMODE:MODE:       5     -0.01343739      0.01722142      0.01705293
MINMODE:MODE:       6      0.01771315      0.00104791      0.01174776
MINMODE:MODE:       7      0.00941313      0.01647042      0.01095708
MINMODE:MODE:       8     -0.02921598      0.04659347      0.01505025
MINMODE:MODE:       9     -0.06023568      0.06151891      0.02016961
MINMODE:MODE:      10     -0.05349456      0.04756274      0.02166748
MINMODE:MODE:      11      0.01511699     -0.00740444      0.02168271
MINMODE:MODE:      12      0.00777983     -0.02321221     -0.00801015
MINMODE:MODE:      13      0.01832802     -0.02900630     -0.00355001
MINMODE:MODE:      14      0.03473682     -0.02088511      0.02903351
MINMODE:MODE:      15      0.04097697     -0.00670046      0.05724687
MINMODE:MODE:      16      0.03159547      0.00078773      0.05479564
MINMODE:MODE:      17     -0.02259416     -0.00640903     -0.04979810
MINMODE:MODE:      18     -0.00417635      0.00456744     -0.01688156
MINMODE:MODE:      19     -0.00124400      0.01511199     -0.00169636
MINMODE:MODE:      20      0.01026004      0.01609240      0.00903670
MINMODE:MODE:      21      0.03901987      0.02625985      0.04279863
MINMODE:MODE:      22      0.04242710      0.03166384      0.04077550
MINMODE:MODE:      23      0.01893627      0.02636085      0.00672404
MINMODE:MODE:      24     -0.00813500      0.01603706     -0.02539046
MINMODE:MODE:      25     -0.01256223      0.01107561     -0.02455024
MINMODE:MODE:      26     -0.01146872      0.02686475      0.00098925
MINMODE:MODE:      27      0.03731449      0.07291371     -0.06217320
MINMODE:MODE:      28      0.03996663      0.06882167     -0.06185978
MINMODE:MODE:      29     -0.00844730      0.01977766      0.00076070
MINMODE:MODE:      30     -0.06014930     -0.02595823      0.06594552
MINMODE:MODE:      31     -0.06297434     -0.02248819      0.06698821
MINMODE:MODE:      32     -0.00461957      0.00564100      0.03222363
MINMODE:MODE:      33     -0.03549631      0.01198718      0.02791875
MINMODE:MODE:      34      0.02669421     -0.00727436      0.04213753
MINMODE:MODE:      35     -0.00238367      0.00702697      0.06250735
MINMODE:MODE:      36      0.04984579     -0.02519773      0.00867133
MINMODE:MODE:      37      0.03338656      0.00408807      0.00708123
MINMODE:MODE:      38     -0.03474377      0.05755507      0.01418981
MINMODE:MODE:      39     -0.08962140      0.08377860      0.02324195
MINMODE:MODE:      40     -0.07931234      0.05907925      0.02544031
MINMODE:MODE:      41     -0.00732955     -0.03292795     -0.03572644
MINMODE:MODE:      42      0.01356161     -0.04008799     -0.02596106
MINMODE:MODE:      43      0.04213305     -0.02591865      0.03162897
MINMODE:MODE:      44      0.05305440     -0.00069111      0.08132713
MINMODE:MODE:      45      0.03532347      0.01247880      0.07824368
MINMODE:MODE:      46     -0.04244846      0.02929010     -0.09151021
MINMODE:MODE:      47     -0.03694443     -0.06049843     -0.06501017
MINMODE:MODE:      48     -0.01203981      0.01535845     -0.00527968
MINMODE:MODE:      49      0.02187069     -0.00671161     -0.01558662
MINMODE:MODE:      50      0.05726224      0.03014874      0.07003976
MINMODE:MODE:      51      0.06324130      0.03963198      0.06551424
MINMODE:MODE:      52      0.02161144      0.03029249      0.00535543
MINMODE:MODE:      53     -0.02679435      0.01188168     -0.05116894
MINMODE:MODE:      54     -0.03409384      0.00141970     -0.05110959
MINMODE:MODE:      55      0.07574778      0.11568292     -0.10785489
MINMODE:MODE:      56      0.07649252      0.10308674     -0.11090601
MINMODE:MODE:      57     -0.00573633      0.01816312     -0.00094648
MINMODE:MODE:      58     -0.09871723     -0.06420247      0.11567331
MINMODE:MODE:      59     -0.10527193     -0.05814408      0.11721667
MINMODE:MODE:      60      0.00853395      0.00893273      0.02364502
MINMODE:MODE:      61      0.01437951      0.00994261      0.04657559
MINMODE:MODE:      62      0.00334150     -0.00965190      0.00160405
MINMODE:MODE:      63      0.00844976     -0.01858111      0.00577699
MINMODE:MODE:      64      0.12061536      0.07034976      0.05294668
MINMODE:MODE:      65      0.08272032     -0.16065947     -0.07590645
MINMODE:MODE:      66      0.02068475     -0.08811712     -0.05169069
MINMODE:MODE:      67      0.09941699     -0.14406392      0.00322378
MINMODE:MODE:      68      0.04024423     -0.07361647      0.01591596
MINMODE:MODE:      69     -0.06552662      0.02996152     -0.02196843
MINMODE:MODE:      70     -0.12759333      0.07524392     -0.07634102
MINMODE:MODE:      71     -0.09974367      0.02773391     -0.09252265
MINMODE:MODE:      72      0.03299435      0.02105995     -0.01517787
MINMODE:MODE:      73     -0.00326611      0.02169557     -0.00149688
MINMODE:MODE:      74      0.09610975     -0.45775743     -0.21355946
MINMODE:MODE:      75      0.18022960     -0.22923101      0.03491676
MINMODE:MODE:      76      0.07975737     -0.10346081      0.05211247
MINMODE:MODE:      77     -0.09996290      0.07754640     -0.01123083
MINMODE:MODE:      78     -0.20103285      0.15440060     -0.10562218
MINMODE:MODE:      79     -0.15377310      0.06652270     -0.12935933
MINMODE:MODE: Optimization Step: 45
MINMODE:MODE: Order: 0
MINMODE:MODE:       0      0.00053734      0.00623399     -0.00000069
MINMODE:MODE:       1     -0.00203548      0.00570822     -0.00830187
MINMODE:MODE:       2     -0.01001041      0.00703545      0.02475032
MINMODE:MODE:       3      0.00560491      0.00199702      0.04024380
MINMODE:MODE:       4     -0.00056040      0.00118166      0.01508723
MINMODE:MODE:       5     -0.01338349      0.01724534      0.01705382
MINMODE:MODE:       6      0.01766468      0.00108496      0.01175812
MINMODE:MODE:       7      0.00945118      0.01641249      0.01095108
MINMODE:MODE:       8     -0.02914683      0.04654442      0.01503427
MINMODE:MODE:       9     -0.06007968      0.06146890      0.02015019
MINMODE:MODE:      10     -0.05332750      0.04752058      0.02163488
MINMODE:MODE:      11      0.01505593     -0.00738071      0.02164251
MINMODE:MODE:      12      0.00770926     -0.02316608     -0.00800307
MINMODE:MODE:      13      0.01826552     -0.02894772     -0.00353740
MINMODE:MODE:      14      0.03466895     -0.02083478      0.02899391
MINMODE:MODE:      15      0.04090918     -0.00667732      0.05715045
MINMODE:MODE:      16      0.03152529      0.00080270      0.05469899
MINMODE:MODE:      17     -0.02255462     -0.00648256     -0.04962240
MINMODE:MODE:      18     -0.00419985      0.00453810     -0.01684201
MINMODE:MODE:      19     -0.00129311      0.01505650     -0.00172173
MINMODE:MODE:      20      0.01024053      0.01607665      0.00905126
MINMODE:MODE:      21      0.03892501      0.02620484      0.04275411
MINMODE:MODE:      22      0.04235029      0.03162118      0.04074952
MINMODE:MODE:      23      0.01891535      0.02634556      0.00672650
MINMODE:MODE:      24     -0.00808414      0.01606308     -0.02531709
MINMODE:MODE:      25     -0.01248445      0.01109748     -0.02444885
MINMODE:MODE:      26     -0.01149489      0.02682029      0.00086741
MINMODE:MODE:      27      0.03726535      0.07252788     -0.06199840
MINMODE:MODE:      28      0.03992347      0.06843861     -0.06171416
MINMODE:MODE:      29     -0.00843421      0.01969640      0.00084438
MINMODE:MODE:      30     -0.06014719     -0.02573427      0.06575505
MINMODE:MODE:      31     -0.06285295     -0.02213667      0.06666094
MINMODE:MODE:      32     -0.00455580      0.00563503      0.03217297
MINMODE:MODE:      33     -0.03524786      0.01188707      0.02795754
MINMODE:MODE:      34      0.02672560     -0.00724408      0.04210716
MINMODE:MODE:      35     -0.00230956      0.00704242      0.06245911
MINMODE:MODE:      36      0.04973597     -0.02514024      0.00867568
MINMODE:MODE:      37      0.03333783      0.00405629      0.00708844
MINMODE:MODE:      38     -0.03463488      0.05746181      0.01416935
MINMODE:MODE:      39     -0.08942616      0.08371741      0.02320865
MINMODE:MODE:      40     -0.07912071      0.05906838      0.02541702
MINMODE:MODE:      41     -0.00735621     -0.03283330     -0.03562591
MINMODE:MODE:      42      0.01350161     -0.04000751     -0.02590504
MINMODE:MODE:      43      0.04207080     -0.02585967      0.03159491
MINMODE:MODE:      44      0.05297623     -0.00067695      0.08118692
MINMODE:MODE:      45      0.03525183      0.01247405      0.07810692
MINMODE:MODE:      46     -0.04233431      0.02910946     -0.09136817
MINMODE:MODE:      47     -0.03691742     -0.06050884     -0.06474323
MINMODE:MODE:      48     -0.01210367      0.01536945     -0.00524241
MINMODE:MODE:      49      0.02184177     -0.00663997     -0.01556688
MINMODE:MODE:      50      0.05712194      0.03007101      0.06999969
MINMODE:MODE:      51      0.06312117      0.03955571      0.06545011
MINMODE:MODE:      52      0.02157565      0.03029230      0.00532631
MINMODE:MODE:      53     -0.02670326      0.01193384     -0.05108016
MINMODE:MODE:      54     -0.03399844      0.00148583     -0.05098443
MINMODE:MODE:      55      0.07575300      0.11506497     -0.10787724
MINMODE:MODE:      56      0.07653919      0.10246158     -0.11056286
MINMODE:MODE:      57     -0.00568663      0.01797292     -0.00084791
MINMODE:MODE:      58     -0.09868465     -0.06370554      0.11545362
MINMODE:MODE:      59     -0.10539552     -0.05770348      0.11691167
MINMODE:MODE:      60      0.00848629      0.00889310      0.02360036
MINMODE:MODE:      61      0.01429276      0.00987337      0.04646772
MINMODE:MODE:      62      0.00332892     -0.00955265      0.00178231
MINMODE:MODE:      63      0.00845169     -0.01848892      0.00589373
MINMODE:MODE:      64      0.11961680      0.07124250      0.05349114
MINMODE:MODE:      65      0.08237513     -0.16043081     -0.07593251
MINMODE:MODE:      66      0.02048879     -0.08775425     -0.05165627
MINMODE:MODE:      67      0.09917859     -0.14371535      0.00327156
MINMODE:MODE:      68      0.04036996     -0.07358585      0.01586354
MINMODE:MODE:      69     -0.06528351      0.02992984     -0.02206720
MINMODE:MODE:      70     -0.12736315      0.07522599     -0.07651762
MINMODE:MODE:      71     -0.09964890      0.02789059     -0.09257780
MINMODE:MODE:      72      0.03278986      0.02129449     -0.01494685
MINMODE:MODE:      73     -0.00316371      0.02166397     -0.00127689
MINMODE:MODE:      74      0.09624687     -0.45909191     -0.21433056
MINMODE:MODE:      75      0.18027226     -0.22934988      0.03523946
MINMODE:MODE:      76      0.08006670     -0.10357685      0.05220569
MINMODE:MODE:      77     -0.09965652      0.07737054     -0.01145998
MINMODE:MODE:      78     -0.20090612      0.15459290     -0.10599180
MINMODE:MODE:      79     -0.15394328      0.06686699     -0.12959096
MINMODE:MODE: Optimization Step: 46
MINMODE:MODE: Order: 0
MINMODE:MODE:       0      0.00054697      0.00621678      0.00017663
MINMODE:MODE:       1     -0.00202123      0.00571465     -0.00802120
MINMODE:MODE:       2     -0.00992586      0.00701332      0.02477148
MINMODE:MODE:       3      0.00564321      0.00200887      0.04021192
MINMODE:MODE:       4     -0.00054603      0.00119420      0.01511039
MINMODE:MODE:       5     -0.01330758      0.01724956      0.01703800
MINMODE:MODE:       6      0.01764665      0.00109931      0.01174970
MINMODE:MODE:       7      0.00945586      0.01638647      0.01094290
MINMODE:MODE:       8     -0.02902484      0.04643452      0.01500845
MINMODE:MODE:       9     -0.05988797      0.06137640      0.02012209
MINMODE:MODE:      10     -0.05316135      0.04747491      0.02160290
MINMODE:MODE:      11      0.01498896     -0.00734943      0.02159774
MINMODE:MODE:      12      0.00764938     -0.02309163     -0.00796792
MINMODE:MODE:      13      0.01818652     -0.02887101     -0.00352277
MINMODE:MODE:      14      0.03457519     -0.02076713      0.02893837
MINMODE:MODE:      15      0.04080928     -0.00664521      0.05701741
MINMODE:MODE:      16      0.03142333      0.00081075      0.05455420
MINMODE:MODE:      17     -0.02250292     -0.00654257     -0.04940307
MINMODE:MODE:      18     -0.00422097      0.00450571     -0.01679377
MINMODE:MODE:      19     -0.00133029      0.01499198     -0.00174013
MINMODE:MODE:      20      0.01021159      0.01604610      0.00905492
MINMODE:MODE:      21      0.03882348      0.02614399      0.04270656
MINMODE:MODE:      22      0.04224942      0.03156593      0.04070065
MINMODE:MODE:      23      0.01888635      0.02631687      0.00672964
MINMODE:MODE:      24     -0.00802788      0.01607001     -0.02522663
MINMODE:MODE:      25     -0.01242221      0.01109963     -0.02435276
MINMODE:MODE:      26     -0.01150170      0.02676153      0.00076696
MINMODE:MODE:      27      0.03727938      0.07224530     -0.06192947
MINMODE:MODE:      28      0.03984298      0.06805710     -0.06152232
MINMODE:MODE:      29     -0.00841631      0.01960087      0.00090860
MINMODE:MODE:      30     -0.06007034     -0.02553199      0.06550759
MINMODE:MODE:      31     -0.06277971     -0.02191539      0.06642504
MINMODE:MODE:      32     -0.00449436      0.00562493      0.03209803
MINMODE:MODE:      33     -0.03498887      0.01177148      0.02797174
MINMODE:MODE:      34      0.02674400     -0.00720539      0.04206103
MINMODE:MODE:      35     -0.00223703      0.00705856      0.06237639
MINMODE:MODE:      36      0.04958361     -0.02503838      0.00867036
MINMODE:MODE:      37      0.03327595      0.00402774      0.00708471
MINMODE:MODE:      38     -0.03449764      0.05732520      0.01414365
MINMODE:MODE:      39     -0.08917370      0.08359637      0.02316742
MINMODE:MODE:      40     -0.07886282      0.05901080      0.02537743
MINMODE:MODE:      41     -0.00737929     -0.03272370     -0.03551430
MINMODE:MODE:      42      0.01342984     -0.03990254     -0.02583571
MINMODE:MODE:      43      0.04197778     -0.02578129      0.03154382
MINMODE:MODE:      44      0.05285721     -0.00065708      0.08099724
MINMODE:MODE:      45      0.03515482      0.01246315      0.07791937
MINMODE:MODE:      46     -0.04217257      0.02891870     -0.09110679
MINMODE:MODE:      47     -0.03689469     -0.06051774     -0.06443485
MINMODE:MODE:      48     -0.01215555      0.01536854     -0.00519190
MINMODE:MODE:      49      0.02179153     -0.00656328     -0.01554215
MINMODE:MODE:      50      0.05693402      0.02998435      0.06989728
MINMODE:MODE:      51      0.06296172      0.03946257      0.06533936
MINMODE:MODE:      52      0.02152379      0.03027092      0.00529531
MINMODE:MODE:      53     -0.02659325      0.01196709     -0.05095348
MINMODE:MODE:      54     -0.03387190      0.00154646     -0.05080994
MINMODE:MODE:      55      0.07560567      0.11436783     -0.10773900
MINMODE:MODE:      56      0.07647381      0.10182267     -0.11010545
MINMODE:MODE:      57     -0.00565146      0.01777309     -0.00074278
MINMODE:MODE:      58     -0.09853196     -0.06322497      0.11513715
MINMODE:MODE:      59     -0.10534695     -0.05725612      0.11643255
MINMODE:MODE:      60      0.00844363      0.00884166      0.02359407
MINMODE:MODE:      61      0.01418445      0.00980149      0.04629218
MINMODE:MODE:      62      0.00332678     -0.00947171      0.00197141
MINMODE:MODE:      63      0.00843167     -0.01834251      0.00601540
MINMODE:MODE:      64      0.11884494      0.07361098      0.05485383
MINMODE:MODE:      65      0.08188878     -0.16123118     -0.07660647
MINMODE:MODE:      66      0.02034419     -0.08764586     -0.05167231
MINMODE:MODE:      67      0.09898595     -0.14353637      0.00337631
MINMODE:MODE:      68      0.04059017     -0.07364513      0.01587637
MINMODE:MODE:      69     -0.06511768      0.02999053     -0.02215987
MINMODE:MODE:      70     -0.12710937      0.07525694     -0.07667490
MINMODE:MODE:      71     -0.09967963      0.02818534     -0.09271768
MINMODE:MODE:      72      0.03266987      0.02157808     -0.01471893
MINMODE:MODE:      73     -0.00305895      0.02162296     -0.00105530
MINMODE:MODE:      74      0.09612300     -0.46032381     -0.21517836
MINMODE:MODE:      75      0.18011255     -0.22921689      0.03545719
MINMODE:MODE:      76      0.08035150     -0.10364520      0.05225933
MINMODE:MODE:      77     -0.09923766      0.07712919     -0.01165860
MINMODE:MODE:      78     -0.20065402      0.15469463     -0.10623479
MINMODE:MODE:      79     -0.15397320      0.06718655     -0.12971749
MINMODE:MODE: Optimization Step: 47
MINMODE:MODE: Order: 0
MINMODE:MODE:       0      0.00056102      0.00621618      0.00034172
MINMODE:MODE:       1     -0.00201973      0.00571430     -0.00776220
MINMODE:MODE:       2     -0.00985982      0.00699709      0.02480221
MINMODE:MODE:       3      0.00567578      0.00202015      0.04019881
MINMODE:MODE:       4     -0.00054408      0.00120192      0.01514001
MINMODE:MODE:       5     -0.01323477      0.01724178      0.01701454
MINMODE:MODE:       6      0.01765093      0.00110778      0.01173594
MINMODE:MODE:       7      0.00940965      0.01642259      0.01094773
MINMODE:MODE:       8     -0.02887231      0.04630875      0.01498715
MINMODE:MODE:       9     -0.05974200      0.06132226      0.02011399
MINMODE:MODE:      10     -0.05304464      0.04746114      0.02159100
MINMODE:MODE:      11      0.01493523     -0.00732362      0.02157576
MINMODE:MODE:      12      0.00760732     -0.02303115     -0.00792519
MINMODE:MODE:      13      0.01812134     -0.02881141     -0.00350816
MINMODE:MODE:      14      0.03450313     -0.02071400      0.02889676
MINMODE:MODE:      15      0.04072913     -0.00662089      0.05691455
MINMODE:MODE:      16      0.03133853      0.00081513      0.05443942
MINMODE:MODE:      17     -0.02247598     -0.00660838     -0.04920541
MINMODE:MODE:      18     -0.00423847      0.00447753     -0.01675245
MINMODE:MODE:      19     -0.00135065      0.01494780     -0.00174987
MINMODE:MODE:      20      0.01018730      0.01601853      0.00905286
MINMODE:MODE:      21      0.03875393      0.02610381      0.04268521
MINMODE:MODE:      22      0.04217473      0.03152748      0.04067202
MINMODE:MODE:      23      0.01886859      0.02630410      0.00674131
MINMODE:MODE:      24     -0.00797875      0.01607720     -0.02515708
MINMODE:MODE:      25     -0.01238225      0.01109641     -0.02428787
MINMODE:MODE:      26     -0.01148852      0.02672678      0.00069876
MINMODE:MODE:      27      0.03733810      0.07207474     -0.06194257
MINMODE:MODE:      28      0.03979409      0.06777227     -0.06137848
MINMODE:MODE:      29     -0.00840802      0.01952554      0.00093045
MINMODE:MODE:      30     -0.06001603     -0.02538351      0.06532271
MINMODE:MODE:      31     -0.06278431     -0.02180534      0.06631241
MINMODE:MODE:      32     -0.00444805      0.00562031      0.03203932
MINMODE:MODE:      33     -0.03478817      0.01166951      0.02799839
MINMODE:MODE:      34      0.02675835     -0.00716766      0.04203742
MINMODE:MODE:      35     -0.00217569      0.00707747      0.06233245
MINMODE:MODE:      36      0.04945751     -0.02494127      0.00867122
MINMODE:MODE:      37      0.03323507      0.00401220      0.00707843
MINMODE:MODE:      38     -0.03437619      0.05721560      0.01413148
MINMODE:MODE:      39     -0.08897507      0.08351496      0.02314378
MINMODE:MODE:      40     -0.07865465      0.05897728      0.02535326
MINMODE:MODE:      41     -0.00740414     -0.03263799     -0.03544226
MINMODE:MODE:      42      0.01336894     -0.03982157     -0.02578079
MINMODE:MODE:      43      0.04190728     -0.02571621      0.03150929
MINMODE:MODE:      44      0.05276928     -0.00063672      0.08085954
MINMODE:MODE:      45      0.03507876      0.01245864      0.07777940
MINMODE:MODE:      46     -0.04204554      0.02875910     -0.09089188
MINMODE:MODE:      47     -0.03688066     -0.06057222     -0.06416390
MINMODE:MODE:      48     -0.01219965      0.01536867     -0.00514519
MINMODE:MODE:      49      0.02172682     -0.00648592     -0.01552179
MINMODE:MODE:      50      0.05678047      0.02992001      0.06982406
MINMODE:MODE:      51      0.06284013      0.03939855      0.06526386
MINMODE:MODE:      52      0.02148353      0.03026292      0.00527322
MINMODE:MODE:      53     -0.02650208      0.01199779     -0.05085517
MINMODE:MODE:      54     -0.03376432      0.00159790     -0.05066437
MINMODE:MODE:      55      0.07547220      0.11379629     -0.10759982
MINMODE:MODE:      56      0.07639926      0.10130342     -0.10971622
MINMODE:MODE:      57     -0.00564057      0.01760392     -0.00066141
MINMODE:MODE:      58     -0.09841195     -0.06285132      0.11487417
MINMODE:MODE:      59     -0.10527566     -0.05688192      0.11599798
MINMODE:MODE:      60      0.00841943      0.00882088      0.02364532
MINMODE:MODE:      61      0.01407561      0.00973170      0.04610825
MINMODE:MODE:      62      0.00330791     -0.00938367      0.00214194
MINMODE:MODE:      63      0.00843186     -0.01823848      0.00613314
MINMODE:MODE:      64      0.11802003      0.07427330      0.05530566
MINMODE:MODE:      65      0.08157581     -0.16052975     -0.07639971
MINMODE:MODE:      66      0.02019576     -0.08747213     -0.05167132
MINMODE:MODE:      67      0.09911734     -0.14360208      0.00349988
MINMODE:MODE:      68      0.04070765     -0.07367373      0.01591821
MINMODE:MODE:      69     -0.06489076      0.03000942     -0.02221132
MINMODE:MODE:      70     -0.12707859      0.07539233     -0.07689602
MINMODE:MODE:      71     -0.09984946      0.02846108     -0.09296107
MINMODE:MODE:      72      0.03266065      0.02188576     -0.01453762
MINMODE:MODE:      73     -0.00296845      0.02160632     -0.00082860
MINMODE:MODE:      74      0.09618465     -0.46170500     -0.21614721
MINMODE:MODE:      75      0.17988253     -0.22906304      0.03558210
MINMODE:MODE:      76      0.08066086     -0.10377972      0.05235920
MINMODE:MODE:      77     -0.09890206      0.07698808     -0.01180495
MINMODE:MODE:      78     -0.20043908      0.15478831     -0.10648736
MINMODE:MODE:      79     -0.15405533      0.06746571     -0.12991909
MINMODE:MODE: Optimization Step: 48
MINMODE:MODE: Order: 0
MINMODE:MODE:       0      0.00057701      0.00624056      0.00049132
MINMODE:MODE:       1     -0.00195242      0.00578599     -0.00752848
MINMODE:MODE:       2     -0.00976717      0.00697089      0.02484702
MINMODE:MODE:       3      0.00572025      0.00202324      0.04020115
MINMODE:MODE:       4     -0.00055152      0.00121022      0.01517184
MINMODE:MODE:       5     -0.01317463      0.01724268      0.01699466
MINMODE:MODE:       6      0.01761207      0.00115267      0.01174261
MINMODE:MODE:       7      0.00937667      0.01643505      0.01095686
MINMODE:MODE:       8     -0.02875172      0.04622821      0.01497809
MINMODE:MODE:       9     -0.05960526      0.06129576      0.02011180
MINMODE:MODE:      10     -0.05289002      0.04743819      0.02157262
MINMODE:MODE:      11      0.01487594     -0.00729829      0.02156010
MINMODE:MODE:      12      0.00754895     -0.02298118     -0.00790882
MINMODE:MODE:      13      0.01806502     -0.02875420     -0.00349352
MINMODE:MODE:      14      0.03444751     -0.02067686      0.02885680
MINMODE:MODE:      15      0.04066131     -0.00660612      0.05682492
MINMODE:MODE:      16      0.03127846      0.00082977      0.05436285
MINMODE:MODE:      17     -0.02242767     -0.00667321     -0.04902630
MINMODE:MODE:      18     -0.00424960      0.00445053     -0.01671594
MINMODE:MODE:      19     -0.00135310      0.01491279     -0.00174577
MINMODE:MODE:      20      0.01017285      0.01599305      0.00904720
MINMODE:MODE:      21      0.03866297      0.02605685      0.04264659
MINMODE:MODE:      22      0.04210325      0.03148403      0.04065026
MINMODE:MODE:      23      0.01885491      0.02630090      0.00675764
MINMODE:MODE:      24     -0.00792251      0.01609843     -0.02509140
MINMODE:MODE:      25     -0.01231975      0.01111554     -0.02420590
MINMODE:MODE:      26     -0.01144150      0.02672116      0.00065441
MINMODE:MODE:      27      0.03726435      0.07172552     -0.06176017
MINMODE:MODE:      28      0.03976451      0.06745107     -0.06122102
MINMODE:MODE:      29     -0.00843387      0.01945596      0.00092341
MINMODE:MODE:      30     -0.05998520     -0.02519149      0.06514919
MINMODE:MODE:      31     -0.06271907     -0.02156407      0.06606803
MINMODE:MODE:      32     -0.00439751      0.00561064      0.03199010
MINMODE:MODE:      33     -0.03459053      0.01156760      0.02806098
MINMODE:MODE:      34      0.02675528     -0.00712786      0.04201919
MINMODE:MODE:      35     -0.00210120      0.00709593      0.06231549
MINMODE:MODE:      36      0.04935748     -0.02488374      0.00867663
MINMODE:MODE:      37      0.03320376      0.00399238      0.00708169
MINMODE:MODE:      38     -0.03425771      0.05712414      0.01412801
MINMODE:MODE:      39     -0.08879364      0.08347286      0.02312662
MINMODE:MODE:      40     -0.07848623      0.05897769      0.02533832
MINMODE:MODE:      41     -0.00743448     -0.03256571     -0.03536586
MINMODE:MODE:      42      0.01331122     -0.03974667     -0.02572483
MINMODE:MODE:      43      0.04184992     -0.02565469      0.03147925
MINMODE:MODE:      44      0.05270807     -0.00061984      0.08074967
MINMODE:MODE:      45      0.03501722      0.01244929      0.07766303
MINMODE:MODE:      46     -0.04196065      0.02860443     -0.09079848
MINMODE:MODE:      47     -0.03684808     -0.06063334     -0.06385341
MINMODE:MODE:      48     -0.01224191      0.01536138     -0.00511445
MINMODE:MODE:      49      0.02163356     -0.00639124     -0.01549180
MINMODE:MODE:      50      0.05665187      0.02984555      0.06979730
MINMODE:MODE:      51      0.06273434      0.03934361      0.06522276
MINMODE:MODE:      52      0.02145141      0.03026838      0.00525700
MINMODE:MODE:      53     -0.02641411      0.01204926     -0.05077837
MINMODE:MODE:      54     -0.03366872      0.00165255     -0.05055767
MINMODE:MODE:      55      0.07550969      0.11329846     -0.10756031
MINMODE:MODE:      56      0.07637923      0.10075992     -0.10940506
MINMODE:MODE:      57     -0.00565026      0.01744316     -0.00061533
MINMODE:MODE:      58     -0.09838191     -0.06245169      0.11462672
MINMODE:MODE:      59     -0.10530775     -0.05650310      0.11568131
MINMODE:MODE:      60      0.00835621      0.00881930      0.02355428
MINMODE:MODE:      61      0.01400308      0.00967396      0.04607391
MINMODE:MODE:      62      0.00329440     -0.00930844      0.00233914
MINMODE:MODE:      63      0.00843863     -0.01815400      0.00625455
MINMODE:MODE:      64      0.11709662      0.07437090      0.05537606
MINMODE:MODE:      65      0.08120059     -0.15979975     -0.07608583
MINMODE:MODE:      66      0.01985590     -0.08702577     -0.05156837
MINMODE:MODE:      67      0.09919095     -0.14349728      0.00361124
MINMODE:MODE:      68      0.04070193     -0.07352227      0.01587435
MINMODE:MODE:      69     -0.06445759      0.02984665     -0.02228657
MINMODE:MODE:      70     -0.12714412      0.07551504     -0.07713881
MINMODE:MODE:      71     -0.09984247      0.02854136     -0.09310602
MINMODE:MODE:      72      0.03254939      0.02213725     -0.01434495
MINMODE:MODE:      73     -0.00288118      0.02159738     -0.00058349
MINMODE:MODE:      74      0.09654456     -0.46313472     -0.21711125
MINMODE:MODE:      75      0.17966776     -0.22890814      0.03578053
MINMODE:MODE:      76      0.08107512     -0.10392313      0.05253890
MINMODE:MODE:      77     -0.09863654      0.07694768     -0.01196606
MINMODE:MODE:      78     -0.20023750      0.15485376     -0.10681012
MINMODE:MODE:      79     -0.15424507      0.06775726     -0.13022205
MINMODE:MODE: Optimization Step: 49
MINMODE:MODE: Order: 0
MINMODE:MODE:       0      0.00058977      0.00626143      0.00068243
MINMODE:MODE:       1     -0.00185949      0.00589665     -0.00725089
MINMODE:MODE:       2     -0.00963834      0.00693476      0.02488524
MINMODE:MODE:       3      0.00577798      0.00202475      0.04017593
MINMODE:MODE:       4     -0.00054600      0.00122029      0.01519110
MINMODE:MODE:       5     -0.01310012      0.01725190      0.01697072
MINMODE:MODE:       6      0.01752519      0.00121803      0.01174987
MINMODE:MODE:       7      0.00935225      0.01641342      0.01095694
MINMODE:MODE:       8     -0.02860624      0.04611409      0.01496047
MINMODE:MODE:       9     -0.05938095      0.06120585      0.02008216
MINMODE:MODE:      10     -0.05264967      0.04736964      0.02152378
MINMODE:MODE:      11      0.01479219     -0.00726659      0.02151621
MINMODE:MODE:      12      0.00748699     -0.02290386     -0.00787315
MINMODE:MODE:      13      0.01798577     -0.02866167     -0.00347319
MINMODE:MODE:      14      0.03435388     -0.02061548      0.02878329
MINMODE:MODE:      15      0.04055210     -0.00658466      0.05667614
MINMODE:MODE:      16      0.03118652      0.00084852      0.05423814
MINMODE:MODE:      17     -0.02234884     -0.00670024     -0.04879756
MINMODE:MODE:      18     -0.00427619      0.00442520     -0.01665876
MINMODE:MODE:      19     -0.00135044      0.01484351     -0.00174230
MINMODE:MODE:      20      0.01004757      0.01591943      0.00894934
MINMODE:MODE:      21      0.03860433      0.02599860      0.04265154
MINMODE:MODE:      22      0.04198286      0.03141049      0.04060338
MINMODE:MODE:      23      0.01881133      0.02627509      0.00676285
MINMODE:MODE:      24     -0.00784826      0.01611299     -0.02499731
MINMODE:MODE:      25     -0.01223402      0.01112852     -0.02409461
MINMODE:MODE:      26     -0.01139994      0.02667011      0.00061773
MINMODE:MODE:      27      0.03713974      0.07120610     -0.06143434
MINMODE:MODE:      28      0.03969152      0.06697445     -0.06097015
MINMODE:MODE:      29     -0.00845999      0.01934609      0.00091801
MINMODE:MODE:      30     -0.05991490     -0.02490774      0.06487528
MINMODE:MODE:      31     -0.06254450     -0.02118012      0.06565128
MINMODE:MODE:      32     -0.00432977      0.00558935      0.03190583
MINMODE:MODE:      33     -0.03430153      0.01142652      0.02812369
MINMODE:MODE:      34      0.02672515     -0.00707416      0.04196520
MINMODE:MODE:      35     -0.00199974      0.00710901      0.06222859
MINMODE:MODE:      36      0.04920362     -0.02481310      0.00867858
MINMODE:MODE:      37      0.03313454      0.00395918      0.00708822
MINMODE:MODE:      38     -0.03408600      0.05696795      0.01411413
MINMODE:MODE:      39     -0.08849679      0.08336109      0.02308703
MINMODE:MODE:      40     -0.07825903      0.05892724      0.02527869
MINMODE:MODE:      41     -0.00745910     -0.03244592     -0.03523736
MINMODE:MODE:      42      0.01323213     -0.03961897     -0.02563246
MINMODE:MODE:      43      0.04174717     -0.02556018      0.03141200
MINMODE:MODE:      44      0.05259590     -0.00060333      0.08055008
MINMODE:MODE:      45      0.03492143      0.01242546      0.07746583
MINMODE:MODE:      46     -0.04180432      0.02837125     -0.09061498
MINMODE:MODE:      47     -0.03677322     -0.06062648     -0.06343665
MINMODE:MODE:      48     -0.01228010      0.01532530     -0.00509012
MINMODE:MODE:      49      0.02151343     -0.00628005     -0.01543856
MINMODE:MODE:      50      0.05646210      0.02973169      0.06972123
MINMODE:MODE:      51      0.06255458      0.03923425      0.06513054
MINMODE:MODE:      52      0.02139430      0.03025132      0.00523680
MINMODE:MODE:      53     -0.02627718      0.01211007     -0.05064328
MINMODE:MODE:      54     -0.03352476      0.00171832     -0.05039939
MINMODE:MODE:      55      0.07555425      0.11260629     -0.10742868
MINMODE:MODE:      56      0.07632092      0.09999390     -0.10897265
MINMODE:MODE:      57     -0.00567100      0.01724688     -0.00058691
MINMODE:MODE:      58     -0.09829579     -0.06188049      0.11421676
MINMODE:MODE:      59     -0.10528797     -0.05598227      0.11525696
MINMODE:MODE:      60      0.00832286      0.00880011      0.02365772
MINMODE:MODE:      61      0.01385373      0.00962443      0.04576139
MINMODE:MODE:      62      0.00329316     -0.00925247      0.00250551
MINMODE:MODE:      63      0.00842862     -0.01801668      0.00645089
MINMODE:MODE:      64      0.11621692      0.07711307      0.05678843
MINMODE:MODE:      65      0.08062179     -0.16098383     -0.07693919
MINMODE:MODE:      66      0.01950026     -0.08676142     -0.05149110
MINMODE:MODE:      67      0.09875454     -0.14311736      0.00373669
MINMODE:MODE:      68      0.04091465     -0.07349481      0.01587357
MINMODE:MODE:      69     -0.06412965      0.02975736     -0.02245324
MINMODE:MODE:      70     -0.12688947      0.07551209     -0.07733746
MINMODE:MODE:      71     -0.09971536      0.02866986     -0.09320097
MINMODE:MODE:      72      0.03229803      0.02236925     -0.01407918
MINMODE:MODE:      73     -0.00278234      0.02157254     -0.00031985
MINMODE:MODE:      74      0.09669621     -0.46464342     -0.21808694
MINMODE:MODE:      75      0.17933110     -0.22855494      0.03608954
MINMODE:MODE:      76      0.08145437     -0.10397644      0.05270431
MINMODE:MODE:      77     -0.09820047      0.07680969     -0.01219167
MINMODE:MODE:      78     -0.19990223      0.15480546     -0.10712339
MINMODE:MODE:      79     -0.15430202      0.06804787     -0.13045372
MINMODE:MODE: Optimization Step: 50
MINMODE:MODE: Order: 0
MINMODE:MODE:       0      0.00060630      0.00629675      0.00090555
MINMODE:MODE:       1     -0.00182458      0.00600022     -0.00698349
MINMODE:MODE:       2     -0.00954279      0.00691562      0.02491604
MINMODE:MODE:       3      0.00581682      0.00203777      0.04015644
MINMODE:MODE:       4     -0.00057585      0.00124301      0.01521387
MINMODE:MODE:       5     -0.01303085      0.01723295      0.01694116
MINMODE:MODE:       6      0.01749813      0.00121307      0.01175501
MINMODE:MODE:       7      0.00935937      0.01634310      0.01095707
MINMODE:MODE:       8     -0.02847715      0.04602501      0.01495049
MINMODE:MODE:       9     -0.05917283      0.06113315      0.02003664
MINMODE:MODE:      10     -0.05249401      0.04737113      0.02148842
MINMODE:MODE:      11      0.01470324     -0.00724535      0.02147118
MINMODE:MODE:      12      0.00742410     -0.02282089     -0.00781896
MINMODE:MODE:      13      0.01789959     -0.02856881     -0.00345201
MINMODE:MODE:      14      0.03428139     -0.02055495      0.02871484
MINMODE:MODE:      15      0.04046963     -0.00655979      0.05653526
MINMODE:MODE:      16      0.03110180      0.00084374      0.05409265
MINMODE:MODE:      17     -0.02231329     -0.00671426     -0.04857594
MINMODE:MODE:      18     -0.00434565      0.00444815     -0.01662260
MINMODE:MODE:      19     -0.00131924      0.01481464     -0.00172639
MINMODE:MODE:      20      0.01002981      0.01588608      0.00892406
MINMODE:MODE:      21      0.03848557      0.02590052      0.04263564
MINMODE:MODE:      22      0.04187579      0.03130849      0.04058781
MINMODE:MODE:      23      0.01875615      0.02626286      0.00676559
MINMODE:MODE:      24     -0.00779301      0.01614023     -0.02494762
MINMODE:MODE:      25     -0.01219478      0.01116235     -0.02406251
MINMODE:MODE:      26     -0.01134677      0.02660836      0.00069294
MINMODE:MODE:      27      0.03729341      0.07079978     -0.06144709
MINMODE:MODE:      28      0.03973789      0.06644290     -0.06074440
MINMODE:MODE:      29     -0.00853723      0.01921156      0.00087069
MINMODE:MODE:      30     -0.05992038     -0.02451768      0.06464213
MINMODE:MODE:      31     -0.06261661     -0.02084938      0.06543072
MINMODE:MODE:      32     -0.00427381      0.00557096      0.03181941
MINMODE:MODE:      33     -0.03401858      0.01128928      0.02818855
MINMODE:MODE:      34      0.02673440     -0.00703846      0.04189847
MINMODE:MODE:      35     -0.00189503      0.00711165      0.06212411
MINMODE:MODE:      36      0.04900533     -0.02474711      0.00869209
MINMODE:MODE:      37      0.03304249      0.00391612      0.00711647
MINMODE:MODE:      38     -0.03392057      0.05682020      0.01410240
MINMODE:MODE:      39     -0.08819703      0.08327542      0.02303702
MINMODE:MODE:      40     -0.07798455      0.05888371      0.02520087
MINMODE:MODE:      41     -0.00750296     -0.03232174     -0.03510827
MINMODE:MODE:      42      0.01315073     -0.03949241     -0.02555190
MINMODE:MODE:      43      0.04166088     -0.02547559      0.03133930
MINMODE:MODE:      44      0.05250304     -0.00059961      0.08034343
MINMODE:MODE:      45      0.03484525      0.01240088      0.07729505
MINMODE:MODE:      46     -0.04166733      0.02804988     -0.09043290
MINMODE:MODE:      47     -0.03668634     -0.06063595     -0.06298692
MINMODE:MODE:      48     -0.01234143      0.01526663     -0.00507918
MINMODE:MODE:      49      0.02144176     -0.00618794     -0.01536280
MINMODE:MODE:      50      0.05625975      0.02956603      0.06964566
MINMODE:MODE:      51      0.06236100      0.03909862      0.06506646
MINMODE:MODE:      52      0.02133205      0.03023911      0.00522228
MINMODE:MODE:      53     -0.02613067      0.01220542     -0.05051900
MINMODE:MODE:      54     -0.03334589      0.00181457     -0.05026381
MINMODE:MODE:      55      0.07567241      0.11171495     -0.10713324
MINMODE:MODE:      56      0.07634193      0.09911633     -0.10866175
MINMODE:MODE:      57     -0.00571808      0.01706768     -0.00060207
MINMODE:MODE:      58     -0.09836261     -0.06118506      0.11380033
MINMODE:MODE:      59     -0.10529280     -0.05531885      0.11489097
MINMODE:MODE:      60      0.00829162      0.00873530      0.02369616
MINMODE:MODE:      61      0.01372354      0.00957420      0.04549062
MINMODE:MODE:      62      0.00326362     -0.00916107      0.00256134
MINMODE:MODE:      63      0.00844408     -0.01792207      0.00669264
MINMODE:MODE:      64      0.11500912      0.07936434      0.05755806
MINMODE:MODE:      65      0.08011162     -0.16082056     -0.07698218
MINMODE:MODE:      66      0.01935816     -0.08669873     -0.05126248
MINMODE:MODE:      67      0.09824576     -0.14296043      0.00402943
MINMODE:MODE:      68      0.04152376     -0.07379657      0.01614047
MINMODE:MODE:      69     -0.06434322      0.02998488     -0.02281742
MINMODE:MODE:      70     -0.12636304      0.07543187     -0.07760298
MINMODE:MODE:      71     -0.09996336      0.02895258     -0.09352432
MINMODE:MODE:      72      0.03217650      0.02263814     -0.01389466
MINMODE:MODE:      73     -0.00269364      0.02157624     -0.00008739
MINMODE:MODE:      74      0.09722560     -0.46645301     -0.21895048
MINMODE:MODE:      75      0.17899946     -0.22822198      0.03659221
MINMODE:MODE:      76      0.08161664     -0.10396492      0.05280170
MINMODE:MODE:      77     -0.09763183      0.07651599     -0.01255073
MINMODE:MODE:      78     -0.19971114      0.15484552     -0.10766828
MINMODE:MODE:      79     -0.15413054      0.06816522     -0.13060591
MINMODE:MODE: Optimization Step: 51
MINMODE:MODE: Order: 0
MINMODE:MODE:       0      0.00063077      0.00634173      0.00108949
MINMODE:MODE:       1     -0.00183156      0.00607172     -0.00673344
MINMODE:MODE:       2     -0.00946553      0.00691424      0.02497584
MINMODE:MODE:       3      0.00586239      0.00205398      0.04017530
MINMODE:MODE:       4     -0.00060743      0.00126956      0.01526051
MINMODE:MODE:       5     -0.01298370      0.01724224      0.01694165
MINMODE:MODE:       6      0.01751817      0.00117062      0.01176745
MINMODE:MODE:       7      0.00936221      0.01630435      0.01097848
MINMODE:MODE:       8     -0.02837051      0.04598302      0.01495067
MINMODE:MODE:       9     -0.05903616      0.06114719      0.02002006
MINMODE:MODE:      10     -0.05239462      0.04743027      0.02147931
MINMODE:MODE:      11      0.01463340     -0.00722758      0.02145552
MINMODE:MODE:      12      0.00736854     -0.02275704     -0.00776884
MINMODE:MODE:      13      0.01783655     -0.02850724     -0.00342780
MINMODE:MODE:      14      0.03424923     -0.02051510      0.02868685
MINMODE:MODE:      15      0.04044226     -0.00654609      0.05646281
MINMODE:MODE:      16      0.03105431      0.00083462      0.05401006
MINMODE:MODE:      17     -0.02232649     -0.00676542     -0.04840055
MINMODE:MODE:      18     -0.00444509      0.00449740     -0.01659951
MINMODE:MODE:      19     -0.00130407      0.01481564     -0.00171186
MINMODE:MODE:      20      0.01002110      0.01586549      0.00893505
MINMODE:MODE:      21      0.03842321      0.02582900      0.04267683
MINMODE:MODE:      22      0.04180350      0.03123688      0.04060977
MINMODE:MODE:      23      0.01872263      0.02627300      0.00677282
MINMODE:MODE:      24     -0.00773741      0.01620811     -0.02491561
MINMODE:MODE:      25     -0.01216113      0.01121576     -0.02405510
MINMODE:MODE:      26     -0.01124222      0.02663425      0.00061788
MINMODE:MODE:      27      0.03752169      0.07042961     -0.06147642
MINMODE:MODE:      28      0.03986078      0.06597194     -0.06062644
MINMODE:MODE:      29     -0.00859239      0.01912253      0.00081422
MINMODE:MODE:      30     -0.06006899     -0.02414488      0.06451889
MINMODE:MODE:      31     -0.06284700     -0.02055829      0.06539440
MINMODE:MODE:      32     -0.00423683      0.00556964      0.03176528
MINMODE:MODE:      33     -0.03379833      0.01117030      0.02828069
MINMODE:MODE:      34      0.02679361     -0.00701626      0.04187562
MINMODE:MODE:      35     -0.00180013      0.00712591      0.06210714
MINMODE:MODE:      36      0.04883409     -0.02469913      0.00872683
MINMODE:MODE:      37      0.03298227      0.00387129      0.00716055
MINMODE:MODE:      38     -0.03380049      0.05674727      0.01410688
MINMODE:MODE:      39     -0.08800117      0.08330543      0.02300933
MINMODE:MODE:      40     -0.07780035      0.05892375      0.02515542
MINMODE:MODE:      41     -0.00757215     -0.03223706     -0.03501574
MINMODE:MODE:      42      0.01308565     -0.03942091     -0.02551577
MINMODE:MODE:      43      0.04163565     -0.02542870      0.03130631
MINMODE:MODE:      44      0.05248420     -0.00060277      0.08023040
MINMODE:MODE:      45      0.03481485      0.01238632      0.07720831
MINMODE:MODE:      46     -0.04158123      0.02772241     -0.09031299
MINMODE:MODE:      47     -0.03665017     -0.06075363     -0.06260040
MINMODE:MODE:      48     -0.01240491      0.01521023     -0.00507603
MINMODE:MODE:      49      0.02140230     -0.00610457     -0.01529828
MINMODE:MODE:      50      0.05610439      0.02942346      0.06965075
MINMODE:MODE:      51      0.06223766      0.03899545      0.06508978
MINMODE:MODE:      52      0.02129795      0.03026623      0.00521407
MINMODE:MODE:      53     -0.02601067      0.01233851     -0.05047154
MINMODE:MODE:      54     -0.03320182      0.00192868     -0.05020553
MINMODE:MODE:      55      0.07591018      0.11086888     -0.10693805
MINMODE:MODE:      56      0.07650468      0.09829415     -0.10850005
MINMODE:MODE:      57     -0.00577384      0.01691707     -0.00062782
MINMODE:MODE:      58     -0.09860329     -0.06049273      0.11351496
MINMODE:MODE:      59     -0.10545443     -0.05463261      0.11463647
MINMODE:MODE:      60      0.00822408      0.00870608      0.02356145
MINMODE:MODE:      61      0.01366332      0.00949002      0.04549189
MINMODE:MODE:      62      0.00330157     -0.00913063      0.00280951
MINMODE:MODE:      63      0.00841120     -0.01778125      0.00676140
MINMODE:MODE:      64      0.11350448      0.07867053      0.05672990
MINMODE:MODE:      65      0.07989491     -0.15872814     -0.07577586
MINMODE:MODE:      66      0.01887597     -0.08610192     -0.05109575
MINMODE:MODE:      67      0.09846719     -0.14300777      0.00437880
MINMODE:MODE:      68      0.04141076     -0.07358716      0.01627929
MINMODE:MODE:      69     -0.06396568      0.02979626     -0.02305304
MINMODE:MODE:      70     -0.12636432      0.07553257     -0.07804784
MINMODE:MODE:      71     -0.10005200      0.02900315     -0.09382341
MINMODE:MODE:      72      0.03223674      0.02299250     -0.01380168
MINMODE:MODE:      73     -0.00261237      0.02159802      0.00014575
MINMODE:MODE:      74      0.09804868     -0.46845643     -0.21983981
MINMODE:MODE:      75      0.17875043     -0.22803266      0.03714135
MINMODE:MODE:      76      0.08192070     -0.10404172      0.05303667
MINMODE:MODE:      77     -0.09725232      0.07637657     -0.01290213
MINMODE:MODE:      78     -0.19961594      0.15492550     -0.10838612
MINMODE:MODE:      79     -0.15414152      0.06825834     -0.13096524
MINMODE:MODE: Optimization Step: 52
MINMODE:MODE: Order: 0
MINMODE:MODE:       0      0.00065311      0.00636371      0.00127439
MINMODE:MODE:       1     -0.00182196      0.00615098     -0.00651548
MINMODE:MODE:       2     -0.00937551      0.00691029      0.02503858
MINMODE:MODE:       3      0.00591755      0.00206123      0.04019102
MINMODE:MODE:       4     -0.00063590      0.00129660      0.01539532
MINMODE:MODE:       5     -0.01293737      0.01726607      0.01695823
MINMODE:MODE:       6      0.01749053      0.00114444      0.01178805
MINMODE:MODE:       7      0.00935572      0.01627146      0.01100434
MINMODE:MODE:       8     -0.02823645      0.04593749      0.01496139
MINMODE:MODE:       9     -0.05889246      0.06117561      0.02000934
MINMODE:MODE:      10     -0.05226025      0.04748142      0.02146658
MINMODE:MODE:      11      0.01457175     -0.00720633      0.02145061
MINMODE:MODE:      12      0.00730147     -0.02270254     -0.00772420
MINMODE:MODE:      13      0.01777737     -0.02845263     -0.00340782
MINMODE:MODE:      14      0.03422986     -0.02046959      0.02866657
MINMODE:MODE:      15      0.04043404     -0.00653225      0.05638194
MINMODE:MODE:      16      0.03101137      0.00082239      0.05386883
MINMODE:MODE:      17     -0.02233555     -0.00686326     -0.04824534
MINMODE:MODE:      18     -0.00451743      0.00452294     -0.01656996
MINMODE:MODE:      19     -0.00130067      0.01483039     -0.00169846
MINMODE:MODE:      20      0.01000893      0.01584190      0.00895123
MINMODE:MODE:      21      0.03834687      0.02574916      0.04272070
MINMODE:MODE:      22      0.04172075      0.03116863      0.04063231
MINMODE:MODE:      23      0.01870187      0.02629616      0.00679068
MINMODE:MODE:      24     -0.00766505      0.01629015     -0.02488184
MINMODE:MODE:      25     -0.01210006      0.01128816     -0.02402575
MINMODE:MODE:      26     -0.01115451      0.02668510      0.00054779
MINMODE:MODE:      27      0.03767300      0.06993471     -0.06137662
MINMODE:MODE:      28      0.03997545      0.06544011     -0.06048302
MINMODE:MODE:      29     -0.00859993      0.01907375      0.00070679
MINMODE:MODE:      30     -0.06028213     -0.02373946      0.06440645
MINMODE:MODE:      31     -0.06304609     -0.02016215      0.06524322
MINMODE:MODE:      32     -0.00420445      0.00556924      0.03171054
MINMODE:MODE:      33     -0.03359313      0.01105569      0.02838229
MINMODE:MODE:      34      0.02684838     -0.00699585      0.04183864
MINMODE:MODE:      35     -0.00170080      0.00714481      0.06212770
MINMODE:MODE:      36      0.04865541     -0.02467358      0.00877087
MINMODE:MODE:      37      0.03291589      0.00382079      0.00720902
MINMODE:MODE:      38     -0.03368078      0.05669031      0.01412066
MINMODE:MODE:      39     -0.08781216      0.08336739      0.02298194
MINMODE:MODE:      40     -0.07763983      0.05899795      0.02512021
MINMODE:MODE:      41     -0.00765901     -0.03215543     -0.03490453
MINMODE:MODE:      42      0.01301475     -0.03935237     -0.02548254
MINMODE:MODE:      43      0.04162488     -0.02538740      0.03127856
MINMODE:MODE:      44      0.05248799     -0.00061056      0.08012682
MINMODE:MODE:      45      0.03478659      0.01237092      0.07710390
MINMODE:MODE:      46     -0.04151819      0.02735351     -0.09021702
MINMODE:MODE:      47     -0.03660228     -0.06088478     -0.06218851
MINMODE:MODE:      48     -0.01248812      0.01518506     -0.00506859
MINMODE:MODE:      49      0.02134107     -0.00599400     -0.01521390
MINMODE:MODE:      50      0.05595151      0.02926600      0.06968206
MINMODE:MODE:      51      0.06211512      0.03888312      0.06513107
MINMODE:MODE:      52      0.02126820      0.03030381      0.00520719
MINMODE:MODE:      53     -0.02589620      0.01248543     -0.05044685
MINMODE:MODE:      54     -0.03307369      0.00205269     -0.05017480
MINMODE:MODE:      55      0.07624687      0.11000376     -0.10680412
MINMODE:MODE:      56      0.07674385      0.09741613     -0.10836330
MINMODE:MODE:      57     -0.00581850      0.01677690     -0.00066043
MINMODE:MODE:      58     -0.09892740     -0.05973480      0.11325892
MINMODE:MODE:      59     -0.10569139     -0.05391823      0.11445379
MINMODE:MODE:      60      0.00820915      0.00866076      0.02357570
MINMODE:MODE:      61      0.01358373      0.00940918      0.04539687
MINMODE:MODE:      62      0.00332241     -0.00905749      0.00296934
MINMODE:MODE:      63      0.00839309     -0.01764968      0.00688223
MINMODE:MODE:      64      0.11211495      0.07872831      0.05633620
MINMODE:MODE:      65      0.07958508     -0.15846721     -0.07557350
MINMODE:MODE:      66      0.01834923     -0.08541847     -0.05090786
MINMODE:MODE:      67      0.09866534     -0.14283514      0.00472485
MINMODE:MODE:      68      0.04102912     -0.07308967      0.01627142
MINMODE:MODE:      69     -0.06331510      0.02938961     -0.02327146
MINMODE:MODE:      70     -0.12648010      0.07562358     -0.07847936
MINMODE:MODE:      71     -0.09992745      0.02896829     -0.09394818
MINMODE:MODE:      72      0.03231664      0.02334831     -0.01375542
MINMODE:MODE:      73     -0.00253481      0.02159776      0.00033002
MINMODE:MODE:      74      0.09879616     -0.46988359     -0.22038153
MINMODE:MODE:      75      0.17850793     -0.22776736      0.03777454
MINMODE:MODE:      76      0.08230131     -0.10406146      0.05333046
MINMODE:MODE:      77     -0.09696394      0.07631775     -0.01329105
MINMODE:MODE:      78     -0.19939956      0.15485839     -0.10911464
MINMODE:MODE:      79     -0.15425613      0.06841702     -0.13137407
MINMODE:MODE: Optimization Step: 53
MINMODE:MODE: Order: 0
MINMODE:MODE:       0      0.00066769      0.00635263      0.00145094
MINMODE:MODE:       1     -0.00175138      0.00622023     -0.00628743
MINMODE:MODE:       2     -0.00926544      0.00688530      0.02507668
MINMODE:MODE:       3      0.00598242      0.00206082      0.04016651
MINMODE:MODE:       4     -0.00062151      0.00131740      0.01545161
MINMODE:MODE:       5     -0.01287129      0.01728699      0.01695740
MINMODE:MODE:       6      0.01740859      0.00117683      0.01181041
MINMODE:MODE:       7      0.00936659      0.01622148      0.01101032
MINMODE:MODE:       8     -0.02810425      0.04584656      0.01494970
MINMODE:MODE:       9     -0.05865747      0.06111720      0.01999625
MINMODE:MODE:      10     -0.05205566      0.04745307      0.02143976
MINMODE:MODE:      11      0.01450757     -0.00717641      0.02142206
MINMODE:MODE:      12      0.00722770     -0.02263436     -0.00768574
MINMODE:MODE:      13      0.01770241     -0.02837597     -0.00338515
MINMODE:MODE:      14      0.03415765     -0.02039857      0.02861742
MINMODE:MODE:      15      0.04036190     -0.00651060      0.05624574
MINMODE:MODE:      16      0.03091843      0.00082381      0.05372178
MINMODE:MODE:      17     -0.02227346     -0.00697471     -0.04802863
MINMODE:MODE:      18     -0.00453295      0.00448383     -0.01650459
MINMODE:MODE:      19     -0.00132021      0.01479493     -0.00170176
MINMODE:MODE:      20      0.00997273      0.01582307      0.00897190
MINMODE:MODE:      21      0.03821247      0.02565291      0.04267994
MINMODE:MODE:      22      0.04160495      0.03109586      0.04060972
MINMODE:MODE:      23      0.01867586      0.02627540      0.00679761
MINMODE:MODE:      24     -0.00760086      0.01633929     -0.02481064
MINMODE:MODE:      25     -0.01201219      0.01133251     -0.02393764
MINMODE:MODE:      26     -0.01116417      0.02661159      0.00043005
MINMODE:MODE:      27      0.03766208      0.06939474     -0.06110567
MINMODE:MODE:      28      0.03996854      0.06493858     -0.06030663
MINMODE:MODE:      29     -0.00855185      0.01902360      0.00069928
MINMODE:MODE:      30     -0.06034427     -0.02341147      0.06414941
MINMODE:MODE:      31     -0.06296956     -0.01975030      0.06489265
MINMODE:MODE:      32     -0.00416027      0.00556327      0.03162857
MINMODE:MODE:      33     -0.03334096      0.01091929      0.02843877
MINMODE:MODE:      34      0.02685960     -0.00694890      0.04178846
MINMODE:MODE:      35     -0.00160191      0.00716106      0.06208598
MINMODE:MODE:      36      0.04846925     -0.02460874      0.00879816
MINMODE:MODE:      37      0.03282685      0.00377750      0.00723537
MINMODE:MODE:      38     -0.03352415      0.05656183      0.01411484
MINMODE:MODE:      39     -0.08753820      0.08331796      0.02294299
MINMODE:MODE:      40     -0.07741117      0.05900670      0.02508366
MINMODE:MODE:      41     -0.00771002     -0.03204400     -0.03476364
MINMODE:MODE:      42      0.01293468     -0.03924946     -0.02541409
MINMODE:MODE:      43      0.04155917     -0.02531126      0.03122270
MINMODE:MODE:      44      0.05242268     -0.00060653      0.07994367
MINMODE:MODE:      45      0.03471226      0.01234746      0.07689954
MINMODE:MODE:      46     -0.04139167      0.02706731     -0.09002952
MINMODE:MODE:      47     -0.03653797     -0.06088850     -0.06177691
MINMODE:MODE:      48     -0.01253750      0.01516715     -0.00505372
MINMODE:MODE:      49      0.02122568     -0.00588529     -0.01514845
MINMODE:MODE:      50      0.05575357      0.02912219      0.06964443
MINMODE:MODE:      51      0.06194473      0.03875093      0.06508331
MINMODE:MODE:      52      0.02122359      0.03030001      0.00519023
MINMODE:MODE:      53     -0.02576033      0.01257872     -0.05036106
MINMODE:MODE:      54     -0.03294361      0.00214906     -0.05007470
MINMODE:MODE:      55      0.07637950      0.10920242     -0.10662442
MINMODE:MODE:      56      0.07682275      0.09660266     -0.10800665
MINMODE:MODE:      57     -0.00580713      0.01664533     -0.00064811
MINMODE:MODE:      58     -0.09900647     -0.05905588      0.11291782
MINMODE:MODE:      59     -0.10580240     -0.05332101      0.11412323
MINMODE:MODE:      60      0.00820835      0.00864568      0.02366849
MINMODE:MODE:      61      0.01346233      0.00931114      0.04514105
MINMODE:MODE:      62      0.00328807     -0.00889859      0.00310603
MINMODE:MODE:      63      0.00841666     -0.01757470      0.00704454
MINMODE:MODE:      64      0.11125391      0.08150066      0.05768385
MINMODE:MODE:      65      0.07920020     -0.16045349     -0.07680987
MINMODE:MODE:      66      0.01835736     -0.08536063     -0.05086406
MINMODE:MODE:      67      0.09815144     -0.14233304      0.00495795
MINMODE:MODE:      68      0.04138770     -0.07322728      0.01634588
MINMODE:MODE:      69     -0.06332297      0.02948433     -0.02352575
MINMODE:MODE:      70     -0.12615241      0.07552041     -0.07873150
MINMODE:MODE:      71     -0.09994270      0.02933394     -0.09408896
MINMODE:MODE:      72      0.03218648      0.02361260     -0.01356940
MINMODE:MODE:      73     -0.00245523      0.02157064      0.00051589
MINMODE:MODE:      74      0.09871717     -0.47086187     -0.22083590
MINMODE:MODE:      75      0.17819185     -0.22735833      0.03826722
MINMODE:MODE:      76      0.08250478     -0.10406150      0.05347767
MINMODE:MODE:      77     -0.09653465      0.07611029     -0.01362011
MINMODE:MODE:      78     -0.19903594      0.15471145     -0.10958239
MINMODE:MODE:      79     -0.15424398      0.06871078     -0.13161431
MINMODE:MODE: Optimization Step: 54
MINMODE:MODE: Order: 0
MINMODE:MODE:       0      0.00068204      0.00636841      0.00159219
MINMODE:MODE:       1     -0.00167867      0.00628442     -0.00605015
MINMODE:MODE:       2     -0.00915790      0.00685720      0.02511098
MINMODE:MODE:       3      0.00604978      0.00206334      0.04015859
MINMODE:MODE:       4     -0.00061492      0.00132761      0.01549113
MINMODE:MODE:       5     -0.01280398      0.01730766      0.01696003
MINMODE:MODE:       6      0.01733556      0.00122698      0.01183163
MINMODE:MODE:       7      0.00937908      0.01618654      0.01101470
MINMODE:MODE:       8     -0.02799420      0.04577458      0.01494279
MINMODE:MODE:       9     -0.05845793      0.06105985      0.01998411
MINMODE:MODE:      10     -0.05187315      0.04742294      0.02142162
MINMODE:MODE:      11      0.01445510     -0.00715237      0.02139790
MINMODE:MODE:      12      0.00717062     -0.02257823     -0.00765506
MINMODE:MODE:      13      0.01764009     -0.02831081     -0.00336567
MINMODE:MODE:      14      0.03408674     -0.02033975      0.02857066
MINMODE:MODE:      15      0.04028842     -0.00649022      0.05612943
MINMODE:MODE:      16      0.03084235      0.00083069      0.05360364
MINMODE:MODE:      17     -0.02219125     -0.00705098     -0.04782386
MINMODE:MODE:      18     -0.00453727      0.00443711     -0.01645859
MINMODE:MODE:      19     -0.00134084      0.01474871     -0.00171405
MINMODE:MODE:      20      0.00993770      0.01579680      0.00898054
MINMODE:MODE:      21      0.03809256      0.02558014      0.04263414
MINMODE:MODE:      22      0.04151205      0.03103874      0.04058952
MINMODE:MODE:      23      0.01865236      0.02626046      0.00680361
MINMODE:MODE:      24     -0.00754515      0.01637229     -0.02474681
MINMODE:MODE:      25     -0.01193582      0.01135721     -0.02384866
MINMODE:MODE:      26     -0.01118876      0.02651844      0.00037257
MINMODE:MODE:      27      0.03762669      0.06897370     -0.06089075
MINMODE:MODE:      28      0.03995689      0.06455648     -0.06015002
MINMODE:MODE:      29     -0.00852626      0.01895748      0.00071638
MINMODE:MODE:      30     -0.06033004     -0.02314564      0.06389797
MINMODE:MODE:      31     -0.06285024     -0.01941961      0.06453910
MINMODE:MODE:      32     -0.00411249      0.00555322      0.03155854
MINMODE:MODE:      33     -0.03310691      0.01078951      0.02848544
MINMODE:MODE:      34      0.02686027     -0.00689460      0.04176433
MINMODE:MODE:      35     -0.00150241      0.00717513      0.06205018
MINMODE:MODE:      36      0.04832939     -0.02454096      0.00881646
MINMODE:MODE:      37      0.03276077      0.00374458      0.00725274
MINMODE:MODE:      38     -0.03338647      0.05644366      0.01410895
MINMODE:MODE:      39     -0.08730340      0.08326202      0.02292072
MINMODE:MODE:      40     -0.07721127      0.05901147      0.02506524
MINMODE:MODE:      41     -0.00774631     -0.03195051     -0.03464723
MINMODE:MODE:      42      0.01286867     -0.03916184     -0.02534611
MINMODE:MODE:      43      0.04148998     -0.02523692      0.03117728
MINMODE:MODE:      44      0.05235664     -0.00059587      0.07979054
MINMODE:MODE:      45      0.03464252      0.01233058      0.07672269
MINMODE:MODE:      46     -0.04126791      0.02688513     -0.08989256
MINMODE:MODE:      47     -0.03647973     -0.06087902     -0.06141851
MINMODE:MODE:      48     -0.01256804      0.01514857     -0.00504362
MINMODE:MODE:      49      0.02110344     -0.00579602     -0.01510774
MINMODE:MODE:      50      0.05558705      0.02902114      0.06961181
MINMODE:MODE:      51      0.06180515      0.03865062      0.06503692
MINMODE:MODE:      52      0.02118788      0.03029427      0.00517517
MINMODE:MODE:      53     -0.02564530      0.01264268     -0.05027927
MINMODE:MODE:      54     -0.03283946      0.00222221     -0.04997828
MINMODE:MODE:      55      0.07641557      0.10858566     -0.10647141
MINMODE:MODE:      56      0.07682599      0.09596642     -0.10764994
MINMODE:MODE:      57     -0.00578455      0.01653638     -0.00061385
MINMODE:MODE:      58     -0.09900612     -0.05854831      0.11263160
MINMODE:MODE:      59     -0.10587022     -0.05288539      0.11380532
MINMODE:MODE:      60      0.00817095      0.00861912      0.02363212
MINMODE:MODE:      61      0.01337651      0.00926853      0.04501352
MINMODE:MODE:      62      0.00329628     -0.00884720      0.00327669
MINMODE:MODE:      63      0.00840496     -0.01744815      0.00717745
MINMODE:MODE:      64      0.11039729      0.08284574      0.05833058
MINMODE:MODE:      65      0.07901650     -0.16049692     -0.07697438
MINMODE:MODE:      66      0.01847841     -0.08546547     -0.05085761
MINMODE:MODE:      67      0.09779125     -0.14210888      0.00514471
MINMODE:MODE:      68      0.04186483     -0.07356816      0.01654358
MINMODE:MODE:      69     -0.06350470      0.02972946     -0.02375539
MINMODE:MODE:      70     -0.12589945      0.07552540     -0.07902260
MINMODE:MODE:      71     -0.10010129      0.02973854     -0.09439722
MINMODE:MODE:      72      0.03197158      0.02381954     -0.01332853
MINMODE:MODE:      73     -0.00238368      0.02155497      0.00073711
MINMODE:MODE:      74      0.09866027     -0.47210266     -0.22151002
MINMODE:MODE:      75      0.17791227     -0.22708123      0.03860893
MINMODE:MODE:      76      0.08265344     -0.10418343      0.05358049
MINMODE:MODE:      77     -0.09615964      0.07594647     -0.01388355
MINMODE:MODE:      78     -0.19874632      0.15462373     -0.10999214
MINMODE:MODE:      79     -0.15428388      0.06903659     -0.13188875
MINMODE:MODE: Optimization Step: 55
MINMODE:MODE: Order: 0
MINMODE:MODE:       0      0.00069927      0.00639552      0.00172436
MINMODE:MODE:       1     -0.00163546      0.00632764     -0.00579988
MINMODE:MODE:       2     -0.00906311      0.00683461      0.02516269
MINMODE:MODE:       3      0.00611104      0.00207666      0.04018603
MINMODE:MODE:       4     -0.00060624      0.00133941      0.01554456
MINMODE:MODE:       5     -0.01275483      0.01733785      0.01697502
MINMODE:MODE:       6      0.01731405      0.00124721      0.01185273
MINMODE:MODE:       7      0.00938022      0.01618423      0.01103357
MINMODE:MODE:       8     -0.02789481      0.04573174      0.01494510
MINMODE:MODE:       9     -0.05830959      0.06104606      0.01998890
MINMODE:MODE:      10     -0.05174381      0.04743321      0.02142336
MINMODE:MODE:      11      0.01441082     -0.00714077      0.02138417
MINMODE:MODE:      12      0.00712819     -0.02253285     -0.00762038
MINMODE:MODE:      13      0.01759160     -0.02826091     -0.00334248
MINMODE:MODE:      14      0.03403501     -0.02029511      0.02854219
MINMODE:MODE:      15      0.04023645     -0.00647438      0.05604675
MINMODE:MODE:      16      0.03078401      0.00083114      0.05351467
MINMODE:MODE:      17     -0.02214188     -0.00711646     -0.04763794
MINMODE:MODE:      18     -0.00455703      0.00441094     -0.01643033
MINMODE:MODE:      19     -0.00136498      0.01470929     -0.00172717
MINMODE:MODE:      20      0.00990567      0.01577018      0.00898548
MINMODE:MODE:      21      0.03801599      0.02552824      0.04263615
MINMODE:MODE:      22      0.04144240      0.03100280      0.04058500
MINMODE:MODE:      23      0.01864083      0.02626705      0.00681488
MINMODE:MODE:      24     -0.00748883      0.01641182     -0.02469645
MINMODE:MODE:      25     -0.01188992      0.01137622     -0.02379686
MINMODE:MODE:      26     -0.01118875      0.02644563      0.00032102
MINMODE:MODE:      27      0.03768667      0.06868660     -0.06082152
MINMODE:MODE:      28      0.03997254      0.06425078     -0.06002597
MINMODE:MODE:      29     -0.00852477      0.01888718      0.00073289
MINMODE:MODE:      30     -0.06034088     -0.02291388      0.06370034
MINMODE:MODE:      31     -0.06287201     -0.01921274      0.06436608
MINMODE:MODE:      32     -0.00406845      0.00554735      0.03150666
MINMODE:MODE:      33     -0.03290150      0.01066412      0.02854730
MINMODE:MODE:      34      0.02688280     -0.00684778      0.04177261
MINMODE:MODE:      35     -0.00140142      0.00719120      0.06203880
MINMODE:MODE:      36      0.04821274     -0.02447003      0.00883934
MINMODE:MODE:      37      0.03272000      0.00371780      0.00727386
MINMODE:MODE:      38     -0.03327266      0.05636440      0.01411353
MINMODE:MODE:      39     -0.08711777      0.08324881      0.02291649
MINMODE:MODE:      40     -0.07704344      0.05904387      0.02506200
MINMODE:MODE:      41     -0.00778804     -0.03187911     -0.03455941
MINMODE:MODE:      42      0.01281505     -0.03910012     -0.02528892
MINMODE:MODE:      43      0.04144618     -0.02517721      0.03115336
MINMODE:MODE:      44      0.05232318     -0.00058677      0.07969077
MINMODE:MODE:      45      0.03459530      0.01232735      0.07660897
MINMODE:MODE:      46     -0.04115645      0.02674360     -0.08979599
MINMODE:MODE:      47     -0.03645082     -0.06093678     -0.06110459
MINMODE:MODE:      48     -0.01260072      0.01512644     -0.00504588
MINMODE:MODE:      49      0.02099268     -0.00571625     -0.01507869
MINMODE:MODE:      50      0.05545092      0.02894545      0.06960966
MINMODE:MODE:      51      0.06170869      0.03858265      0.06502987
MINMODE:MODE:      52      0.02116693      0.03030930      0.00516584
MINMODE:MODE:      53     -0.02554450      0.01270828     -0.05022119
MINMODE:MODE:      54     -0.03274614      0.00229612     -0.04989821
MINMODE:MODE:      55      0.07646072      0.10805917     -0.10635958
MINMODE:MODE:      56      0.07685639      0.09543429     -0.10736345
MINMODE:MODE:      57     -0.00578294      0.01643218     -0.00057340
MINMODE:MODE:      58     -0.09904402     -0.05811564      0.11241149
MINMODE:MODE:      59     -0.10593657     -0.05247369      0.11349520
MINMODE:MODE:      60      0.00812988      0.00865114      0.02360845
MINMODE:MODE:      61      0.01330129      0.00921672      0.04491777
MINMODE:MODE:      62      0.00329567     -0.00878351      0.00349989
MINMODE:MODE:      63      0.00841023     -0.01736891      0.00726601
MINMODE:MODE:      64      0.10940592      0.08217294      0.05782874
MINMODE:MODE:      65      0.07891504     -0.15893601     -0.07617979
MINMODE:MODE:      66      0.01821597     -0.08513321     -0.05091147
MINMODE:MODE:      67      0.09812466     -0.14219334      0.00536009
MINMODE:MODE:      68      0.04175695     -0.07345482      0.01664695
MINMODE:MODE:      69     -0.06316230      0.02964962     -0.02381416
MINMODE:MODE:      70     -0.12603870      0.07573604     -0.07939124
MINMODE:MODE:      71     -0.10014789      0.02990103     -0.09463716
MINMODE:MODE:      72      0.03183687      0.02406494     -0.01310741
MINMODE:MODE:      73     -0.00231535      0.02154756      0.00098314
MINMODE:MODE:      74      0.09884232     -0.47361307     -0.22238867
MINMODE:MODE:      75      0.17767926     -0.22692805      0.03886915
MINMODE:MODE:      76      0.08291544     -0.10435067      0.05375157
MINMODE:MODE:      77     -0.09591700      0.07590022     -0.01410008
MINMODE:MODE:      78     -0.19853199      0.15459418     -0.11044545
MINMODE:MODE:      79     -0.15447030      0.06930332     -0.13226969
MINMODE:MODE: Optimization Step: 56
MINMODE:MODE: Order: 0
MINMODE:MODE:       0      0.00071329      0.00641238      0.00190465
MINMODE:MODE:       1     -0.00161530      0.00634448     -0.00552225
MINMODE:MODE:       2     -0.00897631      0.00681312      0.02520106
MINMODE:MODE:       3      0.00615455      0.00209343      0.04018137
MINMODE:MODE:       4     -0.00057488      0.00136473      0.01557852
MINMODE:MODE:       5     -0.01269308      0.01735786      0.01698061
MINMODE:MODE:       6      0.01729986      0.00125122      0.01185766
MINMODE:MODE:       7      0.00937335      0.01617034      0.01104716
MINMODE:MODE:       8     -0.02776306      0.04564978      0.01493735
MINMODE:MODE:       9     -0.05810748      0.06097982      0.01997577
MINMODE:MODE:      10     -0.05158363      0.04741524      0.02141301
MINMODE:MODE:      11      0.01435257     -0.00712329      0.02134694
MINMODE:MODE:      12      0.00708120     -0.02246995     -0.00757855
MINMODE:MODE:      13      0.01752457     -0.02818187     -0.00331022
MINMODE:MODE:      14      0.03395052     -0.02022916      0.02848958
MINMODE:MODE:      15      0.04014438     -0.00645315      0.05591559
MINMODE:MODE:      16      0.03068374      0.00082557      0.05337451
MINMODE:MODE:      17     -0.02207639     -0.00717083     -0.04738379
MINMODE:MODE:      18     -0.00459279      0.00439198     -0.01638753
MINMODE:MODE:      19     -0.00138448      0.01466007     -0.00174130
MINMODE:MODE:      20      0.00986269      0.01572787      0.00898385
MINMODE:MODE:      21      0.03791533      0.02545451      0.04261667
MINMODE:MODE:      22      0.04134327      0.03094489      0.04055539
MINMODE:MODE:      23      0.01860192      0.02625114      0.00680901
MINMODE:MODE:      24     -0.00742457      0.01643428     -0.02462459
MINMODE:MODE:      25     -0.01184790      0.01138332     -0.02373865
MINMODE:MODE:      26     -0.01114001      0.02638838      0.00023606
MINMODE:MODE:      27      0.03774595      0.06837822     -0.06074303
MINMODE:MODE:      28      0.03993808      0.06386986     -0.05983053
MINMODE:MODE:      29     -0.00852020      0.01879347      0.00074398
MINMODE:MODE:      30     -0.06031843     -0.02268880      0.06347495
MINMODE:MODE:      31     -0.06290935     -0.01905369      0.06422875
MINMODE:MODE:      32     -0.00402427      0.00553963      0.03142378
MINMODE:MODE:      33     -0.03266357      0.01052063      0.02859093
MINMODE:MODE:      34      0.02689908     -0.00680136      0.04174699
MINMODE:MODE:      35     -0.00130765      0.00720312      0.06196483
MINMODE:MODE:      36      0.04804160     -0.02436263      0.00885608
MINMODE:MODE:      37      0.03264724      0.00369314      0.00729372
MINMODE:MODE:      38     -0.03312423      0.05623722      0.01410998
MINMODE:MODE:      39     -0.08684732      0.08315873      0.02289676
MINMODE:MODE:      40     -0.07678715      0.05902213      0.02503669
MINMODE:MODE:      41     -0.00782324     -0.03177327     -0.03442577
MINMODE:MODE:      42      0.01274954     -0.03900141     -0.02520753
MINMODE:MODE:      43      0.04136541     -0.02509364      0.03110452
MINMODE:MODE:      44      0.05223900     -0.00057750      0.07951621
MINMODE:MODE:      45      0.03451786      0.01231584      0.07643243
MINMODE:MODE:      46     -0.04099128      0.02655286     -0.08955638
MINMODE:MODE:      47     -0.03640990     -0.06098023     -0.06073219
MINMODE:MODE:      48     -0.01262602      0.01508464     -0.00506646
MINMODE:MODE:      49      0.02086913     -0.00563664     -0.01503465
MINMODE:MODE:      50      0.05525603      0.02884230      0.06953938
MINMODE:MODE:      51      0.06155626      0.03848254      0.06496734
MINMODE:MODE:      52      0.02112762      0.03030117      0.00515346
MINMODE:MODE:      53     -0.02541143      0.01276204     -0.05010924
MINMODE:MODE:      54     -0.03261321      0.00237097     -0.04976111
MINMODE:MODE:      55      0.07639644      0.10742112     -0.10616184
MINMODE:MODE:      56      0.07682537      0.09483197     -0.10698689
MINMODE:MODE:      57     -0.00579444      0.01630046     -0.00052238
MINMODE:MODE:      58     -0.09898564     -0.05763254      0.11207629
MINMODE:MODE:      59     -0.10587118     -0.05198248      0.11302859
MINMODE:MODE:      60      0.00811200      0.00863488      0.02368049
MINMODE:MODE:      61      0.01317892      0.00919225      0.04465285
MINMODE:MODE:      62      0.00326088     -0.00867073      0.00360803
MINMODE:MODE:      63      0.00844057     -0.01730785      0.00745886
MINMODE:MODE:      64      0.10861199      0.08412093      0.05865723
MINMODE:MODE:      65      0.07856785     -0.15977390     -0.07681737
MINMODE:MODE:      66      0.01787729     -0.08487844     -0.05101924
MINMODE:MODE:      67      0.09824821     -0.14210844      0.00554644
MINMODE:MODE:      68      0.04146634     -0.07313177      0.01664797
MINMODE:MODE:      69     -0.06261654      0.02943690     -0.02381169
MINMODE:MODE:      70     -0.12602181      0.07585074     -0.07962260
MINMODE:MODE:      71     -0.09999665      0.02997917     -0.09472622
MINMODE:MODE:      72      0.03180000      0.02437030     -0.01289572
MINMODE:MODE:      73     -0.00224507      0.02151276      0.00120433
MINMODE:MODE:      74      0.09874402     -0.47476942     -0.22314201
MINMODE:MODE:      75      0.17741387     -0.22666773      0.03910640
MINMODE:MODE:      76      0.08315246     -0.10436922      0.05390451
MINMODE:MODE:      77     -0.09557657      0.07577445     -0.01427814
MINMODE:MODE:      78     -0.19820474      0.15451144     -0.11079641
MINMODE:MODE:      79     -0.15458051      0.06950964     -0.13252321
MINMODE:MODE: Optimization Step: 57
MINMODE:MODE: Order: 0
MINMODE:MODE:       0      0.00072857      0.00643515      0.00211381
MINMODE:MODE:       1     -0.00158615      0.00637379     -0.00517528
MINMODE:MODE:       2     -0.00887498      0.00678510      0.02523142
MINMODE:MODE:       3      0.00619044      0.00210855      0.04012955
MINMODE:MODE:       4     -0.00056745      0.00138704      0.01560160
MINMODE:MODE:       5     -0.01259804      0.01735747      0.01696430
MINMODE:MODE:       6      0.01724379      0.00127854      0.01186001
MINMODE:MODE:       7      0.00938079      0.01611496      0.01104731
MINMODE:MODE:       8     -0.02758901      0.04551213      0.01491868
MINMODE:MODE:       9     -0.05780794      0.06083780      0.01994339
MINMODE:MODE:      10     -0.05133626      0.04734997      0.02137832
MINMODE:MODE:      11      0.01427585     -0.00709371      0.02128879
MINMODE:MODE:      12      0.00701153     -0.02237564     -0.00752461
MINMODE:MODE:      13      0.01742194     -0.02806211     -0.00327749
MINMODE:MODE:      14      0.03381782     -0.02012886      0.02840426
MINMODE:MODE:      15      0.03999839     -0.00641696      0.05571207
MINMODE:MODE:      16      0.03055101      0.00082035      0.05316482
MINMODE:MODE:      17     -0.02200216     -0.00722050     -0.04705323
MINMODE:MODE:      18     -0.00464913      0.00436822     -0.01632971
MINMODE:MODE:      19     -0.00136860      0.01459858     -0.00174991
MINMODE:MODE:      20      0.00981188      0.01566351      0.00897734
MINMODE:MODE:      21      0.03774572      0.02533799      0.04253491
MINMODE:MODE:      22      0.04118684      0.03083990      0.04048622
MINMODE:MODE:      23      0.01854007      0.02620629      0.00679917
MINMODE:MODE:      24     -0.00735432      0.01644156     -0.02452829
MINMODE:MODE:      25     -0.01177349      0.01138789     -0.02363854
MINMODE:MODE:      26     -0.01105122      0.02630855      0.00013980
MINMODE:MODE:      27      0.03773434      0.06789334     -0.06052562
MINMODE:MODE:      28      0.03985721      0.06334228     -0.05952644
MINMODE:MODE:      29     -0.00852459      0.01865278      0.00076014
MINMODE:MODE:      30     -0.06025707     -0.02242515      0.06318156
MINMODE:MODE:      31     -0.06281907     -0.01878853      0.06391713
MINMODE:MODE:      32     -0.00397358      0.00553011      0.03129566
MINMODE:MODE:      33     -0.03234058      0.01034161      0.02862507
MINMODE:MODE:      34      0.02690069     -0.00674852      0.04166818
MINMODE:MODE:      35     -0.00121495      0.00721497      0.06183188
MINMODE:MODE:      36      0.04780576     -0.02422682      0.00886156
MINMODE:MODE:      37      0.03252037      0.00366470      0.00731810
MINMODE:MODE:      38     -0.03291647      0.05603591      0.01409366
MINMODE:MODE:      39     -0.08644523      0.08297235      0.02285341
MINMODE:MODE:      40     -0.07641570      0.05894355      0.02497964
MINMODE:MODE:      41     -0.00784886     -0.03161463     -0.03422875
MINMODE:MODE:      42      0.01265826     -0.03884357     -0.02509194
MINMODE:MODE:      43      0.04123101     -0.02497259      0.03101815
MINMODE:MODE:      44      0.05208219     -0.00056840      0.07922675
MINMODE:MODE:      45      0.03439224      0.01228115      0.07614649
MINMODE:MODE:      46     -0.04075958      0.02624618     -0.08914614
MINMODE:MODE:      47     -0.03633521     -0.06095843     -0.06022991
MINMODE:MODE:      48     -0.01266265      0.01502169     -0.00507632
MINMODE:MODE:      49      0.02072177     -0.00555531     -0.01497114
MINMODE:MODE:      50      0.05497952      0.02868892      0.06939563
MINMODE:MODE:      51      0.06131085      0.03832328      0.06483396
MINMODE:MODE:      52      0.02105838      0.03026212      0.00513526
MINMODE:MODE:      53     -0.02522787      0.01281309     -0.04992728
MINMODE:MODE:      54     -0.03242723      0.00245313     -0.04956980
MINMODE:MODE:      55      0.07630996      0.10660223     -0.10585331
MINMODE:MODE:      56      0.07672247      0.09406209     -0.10650326
MINMODE:MODE:      57     -0.00582823      0.01611890     -0.00045925
MINMODE:MODE:      58     -0.09885201     -0.05702383      0.11158613
MINMODE:MODE:      59     -0.10572611     -0.05136038      0.11241944
MINMODE:MODE:      60      0.00805516      0.00856298      0.02362493
MINMODE:MODE:      61      0.01305014      0.00916523      0.04440523
MINMODE:MODE:      62      0.00327400     -0.00860957      0.00376791
MINMODE:MODE:      63      0.00840535     -0.01711296      0.00764176
MINMODE:MODE:      64      0.10774380      0.08828769      0.06065137
MINMODE:MODE:      65      0.07808785     -0.16136749     -0.07799150
MINMODE:MODE:      66      0.01795667     -0.08511506     -0.05109989
MINMODE:MODE:      67      0.09753878     -0.14168659      0.00568272
MINMODE:MODE:      68      0.04170956     -0.07324134      0.01680018
MINMODE:MODE:      69     -0.06251319      0.02953038     -0.02395795
MINMODE:MODE:      70     -0.12544921      0.07567088     -0.07979611
MINMODE:MODE:      71     -0.09999586      0.03028130     -0.09501715
MINMODE:MODE:      72      0.03178986      0.02476793     -0.01264139
MINMODE:MODE:      73     -0.00216502      0.02146567      0.00145983
MINMODE:MODE:      74      0.09844923     -0.47609466     -0.22398080
MINMODE:MODE:      75      0.17720713     -0.22645627      0.03947807
MINMODE:MODE:      76      0.08323821     -0.10433999      0.05400666
MINMODE:MODE:      77     -0.09496068      0.07545815     -0.01451333
MINMODE:MODE:      78     -0.19785922      0.15447147     -0.11123906
MINMODE:MODE:      79     -0.15461847      0.06976851     -0.13273884
MINMODE:MODE: Optimization Step: 58
MINMODE:MODE: Order: 0
MINMODE:MODE:       0      0.00075930      0.00645693      0.00228444
MINMODE:MODE:       1     -0.00152403      0.00645253     -0.00488088
MINMODE:MODE:       2     -0.00877839      0.00675964      0.02528507
MINMODE:MODE:       3      0.00623304      0.00211560      0.04012405
MINMODE:MODE:       4     -0.00057948      0.00140523      0.01563717
MINMODE:MODE:       5     -0.01252928      0.01736760      0.01695778
MINMODE:MODE:       6      0.01718737      0.00132728      0.01187234
MINMODE:MODE:       7      0.00935111      0.01612599      0.01105811
MINMODE:MODE:       8     -0.02742107      0.04539122      0.01491761
MINMODE:MODE:       9     -0.05760660      0.06076880      0.01994040
MINMODE:MODE:      10     -0.05115310      0.04732592      0.02136494
MINMODE:MODE:      11      0.01422482     -0.00707318      0.02126665
MINMODE:MODE:      12      0.00695559     -0.02232196     -0.00749677
MINMODE:MODE:      13      0.01734836     -0.02798795     -0.00325955
MINMODE:MODE:      14      0.03373936     -0.02006373      0.02835876
MINMODE:MODE:      15      0.03991265     -0.00639004      0.05559619
MINMODE:MODE:      16      0.03047674      0.00082300      0.05305031
MINMODE:MODE:      17     -0.02194791     -0.00726781     -0.04683181
MINMODE:MODE:      18     -0.00468908      0.00434040     -0.01629890
MINMODE:MODE:      19     -0.00135897      0.01456318     -0.00175389
MINMODE:MODE:      20      0.00978485      0.01562319      0.00897610
MINMODE:MODE:      21      0.03762735      0.02526503      0.04248621
MINMODE:MODE:      22      0.04109414      0.03077483      0.04046275
MINMODE:MODE:      23      0.01850645      0.02619389      0.00680464
MINMODE:MODE:      24     -0.00730219      0.01646002     -0.02447324
MINMODE:MODE:      25     -0.01170997      0.01140093     -0.02356404
MINMODE:MODE:      26     -0.01099304      0.02625021      0.00009524
MINMODE:MODE:      27      0.03772064      0.06750533     -0.06034448
MINMODE:MODE:      28      0.03984739      0.06298343     -0.05934907
MINMODE:MODE:      29     -0.00856293      0.01853871      0.00078403
MINMODE:MODE:      30     -0.06024364     -0.02222155      0.06299182
MINMODE:MODE:      31     -0.06270571     -0.01851782      0.06358759
MINMODE:MODE:      32     -0.00393437      0.00552736      0.03121766
MINMODE:MODE:      33     -0.03208088      0.01019662      0.02868855
MINMODE:MODE:      34      0.02691609     -0.00671053      0.04163882
MINMODE:MODE:      35     -0.00114021      0.00723417      0.06179721
MINMODE:MODE:      36      0.04766591     -0.02414344      0.00886862
MINMODE:MODE:      37      0.03243912      0.00365305      0.00733987
MINMODE:MODE:      38     -0.03276896      0.05591583      0.01409748
MINMODE:MODE:      39     -0.08618677      0.08288946      0.02284181
MINMODE:MODE:      40     -0.07618508      0.05893656      0.02496040
MINMODE:MODE:      41     -0.00787261     -0.03151022     -0.03408911
MINMODE:MODE:      42      0.01259218     -0.03874567     -0.02501927
MINMODE:MODE:      43      0.04115591     -0.02489397      0.03097546
MINMODE:MODE:      44      0.05199474     -0.00056086      0.07905559
MINMODE:MODE:      45      0.03431564      0.01225544      0.07596698
MINMODE:MODE:      46     -0.04062480      0.02602346     -0.08892416
MINMODE:MODE:      47     -0.03629367     -0.06094707     -0.05984716
MINMODE:MODE:      48     -0.01270917      0.01498285     -0.00508742
MINMODE:MODE:      49      0.02061770     -0.00549644     -0.01492867
MINMODE:MODE:      50      0.05480415      0.02859006      0.06934553
MINMODE:MODE:      51      0.06115903      0.03822562      0.06477936
MINMODE:MODE:      52      0.02101929      0.03025586      0.00512560
MINMODE:MODE:      53     -0.02509938      0.01286561     -0.04982076
MINMODE:MODE:      54     -0.03231330      0.00252033     -0.04946086
MINMODE:MODE:      55      0.07634114      0.10604872     -0.10569597
MINMODE:MODE:      56      0.07668789      0.09350762     -0.10619312
MINMODE:MODE:      57     -0.00587405      0.01597830     -0.00039691
MINMODE:MODE:      58     -0.09884376     -0.05660026      0.11130128
MINMODE:MODE:      59     -0.10572855     -0.05092214      0.11206336
MINMODE:MODE:      60      0.00801277      0.00855238      0.02358818
MINMODE:MODE:      61      0.01296769      0.00909980      0.04427879
MINMODE:MODE:      62      0.00326835     -0.00850385      0.00398133
MINMODE:MODE:      63      0.00839196     -0.01699476      0.00771215
MINMODE:MODE:      64      0.10679087      0.08844604      0.06061065
MINMODE:MODE:      65      0.07782722     -0.15961734     -0.07717722
MINMODE:MODE:      66      0.01806982     -0.08507162     -0.05108364
MINMODE:MODE:      67      0.09730239     -0.14153522      0.00580373
MINMODE:MODE:      68      0.04206528     -0.07348069      0.01698957
MINMODE:MODE:      69     -0.06254825      0.02969234     -0.02410396
MINMODE:MODE:      70     -0.12518209      0.07562517     -0.08007656
MINMODE:MODE:      71     -0.10024082      0.03057745     -0.09542337
MINMODE:MODE:      72      0.03170955      0.02508727     -0.01239535
MINMODE:MODE:      73     -0.00210307      0.02146601      0.00170861
MINMODE:MODE:      74      0.09858095     -0.47766507     -0.22495759
MINMODE:MODE:      75      0.17717700     -0.22655979      0.03980658
MINMODE:MODE:      76      0.08334197     -0.10447595      0.05414183
MINMODE:MODE:      77     -0.09452015      0.07527040     -0.01471255
MINMODE:MODE:      78     -0.19777029      0.15459042     -0.11178849
MINMODE:MODE:      79     -0.15485818      0.07004580     -0.13315244
MINMODE:MODE: Optimization Step: 59
MINMODE:MODE: Order: 0
MINMODE:MODE:       0      0.00078003      0.00648231      0.00246184
MINMODE:MODE:       1     -0.00143639      0.00656862     -0.00459134
MINMODE:MODE:       2     -0.00865763      0.00672618      0.02533925
MINMODE:MODE:       3      0.00629081      0.00212123      0.04012683
MINMODE:MODE:       4     -0.00057477      0.00142217      0.01567985
MINMODE:MODE:       5     -0.01246455      0.01738569      0.01695621
MINMODE:MODE:       6      0.01713926      0.00137053      0.01188798
MINMODE:MODE:       7      0.00932309      0.01613395      0.01107888
MINMODE:MODE:       8     -0.02727000      0.04529727      0.01491575
MINMODE:MODE:       9     -0.05740618      0.06071137      0.01993849
MINMODE:MODE:      10     -0.05096395      0.04729915      0.02135160
MINMODE:MODE:      11      0.01417079     -0.00705061      0.02124689
MINMODE:MODE:      12      0.00689954     -0.02226442     -0.00746256
MINMODE:MODE:      13      0.01727856     -0.02791699     -0.00323550
MINMODE:MODE:      14      0.03366707     -0.02000454      0.02831708
MINMODE:MODE:      15      0.03984194     -0.00636229      0.05549461
MINMODE:MODE:      16      0.03039744      0.00082636      0.05294080
MINMODE:MODE:      17     -0.02187155     -0.00731675     -0.04660625
MINMODE:MODE:      18     -0.00471233      0.00430276     -0.01626399
MINMODE:MODE:      19     -0.00135845      0.01452575     -0.00174905
MINMODE:MODE:      20      0.00972794      0.01559126      0.00894937
MINMODE:MODE:      21      0.03753343      0.02518841      0.04247348
MINMODE:MODE:      22      0.04100425      0.03071344      0.04043955
MINMODE:MODE:      23      0.01848405      0.02618481      0.00681731
MINMODE:MODE:      24     -0.00724126      0.01648582     -0.02440794
MINMODE:MODE:      25     -0.01165132      0.01141837     -0.02349709
MINMODE:MODE:      26     -0.01093617      0.02619413      0.00002892
MINMODE:MODE:      27      0.03771589      0.06712781     -0.06016164
MINMODE:MODE:      28      0.03984932      0.06263617     -0.05919498
MINMODE:MODE:      29     -0.00860061      0.01842747      0.00081763
MINMODE:MODE:      30     -0.06022053     -0.02200828      0.06277934
MINMODE:MODE:      31     -0.06259662     -0.01824198      0.06326488
MINMODE:MODE:      32     -0.00389176      0.00551862      0.03114189
MINMODE:MODE:      33     -0.03181531      0.01004378      0.02875689
MINMODE:MODE:      34      0.02692252     -0.00667042      0.04161987
MINMODE:MODE:      35     -0.00105077      0.00725615      0.06177837
MINMODE:MODE:      36      0.04752343     -0.02405874      0.00888050
MINMODE:MODE:      37      0.03235741      0.00364590      0.00736450
MINMODE:MODE:      38     -0.03261743      0.05579828      0.01410673
MINMODE:MODE:      39     -0.08592895      0.08281881      0.02283558
MINMODE:MODE:      40     -0.07596536      0.05894468      0.02495014
MINMODE:MODE:      41     -0.00789843     -0.03140990     -0.03395757
MINMODE:MODE:      42      0.01252574     -0.03865242     -0.02494813
MINMODE:MODE:      43      0.04108696     -0.02481807      0.03093764
MINMODE:MODE:      44      0.05191686     -0.00055240      0.07889904
MINMODE:MODE:      45      0.03424207      0.01222663      0.07579092
MINMODE:MODE:      46     -0.04049061      0.02584178     -0.08876940
MINMODE:MODE:      47     -0.03623806     -0.06091680     -0.05944576
MINMODE:MODE:      48     -0.01274602      0.01494309     -0.00511116
MINMODE:MODE:      49      0.02049285     -0.00543042     -0.01488200
MINMODE:MODE:      50      0.05463176      0.02848497      0.06930608
MINMODE:MODE:      51      0.06101470      0.03813251      0.06473130
MINMODE:MODE:      52      0.02098366      0.03025493      0.00511804
MINMODE:MODE:      53     -0.02497189      0.01292568     -0.04972420
MINMODE:MODE:      54     -0.03220238      0.00258988     -0.04935549
MINMODE:MODE:      55      0.07638386      0.10550309     -0.10554609
MINMODE:MODE:      56      0.07665503      0.09294001     -0.10587269
MINMODE:MODE:      57     -0.00593466      0.01583263     -0.00032496
MINMODE:MODE:      58     -0.09887375     -0.05618824      0.11104470
MINMODE:MODE:      59     -0.10573481     -0.05047434      0.11171265
MINMODE:MODE:      60      0.00800906      0.00854914      0.02369932
MINMODE:MODE:      61      0.01285695      0.00904475      0.04403440
MINMODE:MODE:      62      0.00323479     -0.00835624      0.00413672
MINMODE:MODE:      63      0.00840929     -0.01691358      0.00784474
MINMODE:MODE:      64      0.10590581      0.08873128      0.06069681
MINMODE:MODE:      65      0.07747085     -0.15885577     -0.07693334
MINMODE:MODE:      66      0.01770642     -0.08468164     -0.05115913
MINMODE:MODE:      67      0.09776668     -0.14167535      0.00604485
MINMODE:MODE:      68      0.04198300     -0.07332028      0.01705094
MINMODE:MODE:      69     -0.06210168      0.02954382     -0.02413938
MINMODE:MODE:      70     -0.12536564      0.07584141     -0.08043842
MINMODE:MODE:      71     -0.10026520      0.03065258     -0.09565684
MINMODE:MODE:      72      0.03151084      0.02533685     -0.01210993
MINMODE:MODE:      73     -0.00204408      0.02147358      0.00194766
MINMODE:MODE:      74      0.09874326     -0.47889333     -0.22584532
MINMODE:MODE:      75      0.17698245     -0.22647222      0.04005725
MINMODE:MODE:      76      0.08356523     -0.10456396      0.05432945
MINMODE:MODE:      77     -0.09417230      0.07518056     -0.01488819
MINMODE:MODE:      78     -0.19753028      0.15456029     -0.11224674
MINMODE:MODE:      79     -0.15518318      0.07031323     -0.13359844
MINMODE:MODE: Optimization Step: 60
MINMODE:MODE: Order: 0
MINMODE:MODE:       0      0.00078867      0.00651062      0.00269088
MINMODE:MODE:       1     -0.00134430      0.00667516     -0.00414961
MINMODE:MODE:       2     -0.00849675      0.00668697      0.02537938
MINMODE:MODE:       3      0.00637569      0.00213498      0.04008538
MINMODE:MODE:       4     -0.00055318      0.00144755      0.01570581
MINMODE:MODE:       5     -0.01234738      0.01739546      0.01693770
MINMODE:MODE:       6      0.01708072      0.00141262      0.01188805
MINMODE:MODE:       7      0.00928502      0.01612373      0.01109558
MINMODE:MODE:       8     -0.02704817      0.04512468      0.01489789
MINMODE:MODE:       9     -0.05704618      0.06054825      0.01991029
MINMODE:MODE:      10     -0.05065025      0.04720523      0.02131236
MINMODE:MODE:      11      0.01409047     -0.00700864      0.02119977
MINMODE:MODE:      12      0.00682533     -0.02214674     -0.00737350
MINMODE:MODE:      13      0.01716409     -0.02778268     -0.00318351
MINMODE:MODE:      14      0.03351457     -0.01989562      0.02822293
MINMODE:MODE:      15      0.03967062     -0.00632636      0.05526535
MINMODE:MODE:      16      0.03025970      0.00083654      0.05272831
MINMODE:MODE:      17     -0.02172083     -0.00737060     -0.04618986
MINMODE:MODE:      18     -0.00473322      0.00424224     -0.01618370
MINMODE:MODE:      19     -0.00133444      0.01445296     -0.00174141
MINMODE:MODE:      20      0.00970457      0.01550382      0.00896574
MINMODE:MODE:      21      0.03728102      0.02507599      0.04230982
MINMODE:MODE:      22      0.04080314      0.03061520      0.04034358
MINMODE:MODE:      23      0.01839050      0.02614348      0.00678374
MINMODE:MODE:      24     -0.00709543      0.01648495     -0.02422802
MINMODE:MODE:      25     -0.01154613      0.01139763     -0.02336550
MINMODE:MODE:      26     -0.01083839      0.02611748     -0.00013259
MINMODE:MODE:      27      0.03772324      0.06661517     -0.05992116
MINMODE:MODE:      28      0.03975285      0.06208033     -0.05889992
MINMODE:MODE:      29     -0.00858384      0.01829031      0.00086288
MINMODE:MODE:      30     -0.06006979     -0.02168325      0.06235912
MINMODE:MODE:      31     -0.06245451     -0.01795024      0.06293045
MINMODE:MODE:      32     -0.00383000      0.00550095      0.03099294
MINMODE:MODE:      33     -0.03141112      0.00980365      0.02880180
MINMODE:MODE:      34      0.02689093     -0.00659210      0.04155816
MINMODE:MODE:      35     -0.00090878      0.00727811      0.06165785
MINMODE:MODE:      36      0.04725178     -0.02388719      0.00889219
MINMODE:MODE:      37      0.03220464      0.00363730      0.00739170
MINMODE:MODE:      38     -0.03235640      0.05555481      0.01410254
MINMODE:MODE:      39     -0.08545141      0.08260914      0.02280157
MINMODE:MODE:      40     -0.07555657      0.05888213      0.02491196
MINMODE:MODE:      41     -0.00792865     -0.03123714     -0.03374947
MINMODE:MODE:      42      0.01241527     -0.03847338     -0.02481395
MINMODE:MODE:      43      0.04093295     -0.02467934      0.03084596
MINMODE:MODE:      44      0.05173399     -0.00053319      0.07858565
MINMODE:MODE:      45      0.03409681      0.01217094      0.07545139
MINMODE:MODE:      46     -0.04022273      0.02563197     -0.08842410
MINMODE:MODE:      47     -0.03612141     -0.06082600     -0.05881254
MINMODE:MODE:      48     -0.01276295      0.01486363     -0.00516438
MINMODE:MODE:      49      0.02025108     -0.00533036     -0.01480599
MINMODE:MODE:      50      0.05430760      0.02832416      0.06914693
MINMODE:MODE:      51      0.06073777      0.03796018      0.06457497
MINMODE:MODE:      52      0.02090339      0.03022073      0.00510264
MINMODE:MODE:      53     -0.02475633      0.01297600     -0.04952526
MINMODE:MODE:      54     -0.03200251      0.00267448     -0.04913304
MINMODE:MODE:      55      0.07628985      0.10459678     -0.10515826
MINMODE:MODE:      56      0.07647712      0.09203153     -0.10524192
MINMODE:MODE:      57     -0.00601302      0.01561326     -0.00020379
MINMODE:MODE:      58     -0.09880454     -0.05562236      0.11055893
MINMODE:MODE:      59     -0.10552460     -0.04976610      0.11101566
MINMODE:MODE:      60      0.00794522      0.00850253      0.02364085
MINMODE:MODE:      61      0.01272361      0.00901840      0.04380678
MINMODE:MODE:      62      0.00325260     -0.00827273      0.00436751
MINMODE:MODE:      63      0.00836117     -0.01666665      0.00804488
MINMODE:MODE:      64      0.10497380      0.09284552      0.06282351
MINMODE:MODE:      65      0.07685993     -0.16059836     -0.07835015
MINMODE:MODE:      66      0.01722588     -0.08459207     -0.05142814
MINMODE:MODE:      67      0.09798456     -0.14181918      0.00637393
MINMODE:MODE:      68      0.04181221     -0.07313955      0.01709831
MINMODE:MODE:      69     -0.06140208      0.02929000     -0.02415446
MINMODE:MODE:      70     -0.12536616      0.07603215     -0.08086354
MINMODE:MODE:      71     -0.10015504      0.03078630     -0.09600688
MINMODE:MODE:      72      0.03121188      0.02568273     -0.01168269
MINMODE:MODE:      73     -0.00196335      0.02146831      0.00229021
MINMODE:MODE:      74      0.09847413     -0.48022044     -0.22695859
MINMODE:MODE:      75      0.17645600     -0.22600165      0.04032453
MINMODE:MODE:      76      0.08381131     -0.10455155      0.05455730
MINMODE:MODE:      77     -0.09358551      0.07498323     -0.01507544
MINMODE:MODE:      78     -0.19685795      0.15426772     -0.11263419
MINMODE:MODE:      79     -0.15545177      0.07064544     -0.13404006
MINMODE:MODE: Optimization Step: 61
MINMODE:MODE: Order: 0
MINMODE:MODE:       0      0.00080408      0.00656983      0.00285053
MINMODE:MODE:       1     -0.00131734      0.00674633     -0.00379765
MINMODE:MODE:       2     -0.00839545      0.00666817      0.02541067
MINMODE:MODE:       3      0.00642146      0.00215654      0.04006430
MINMODE:MODE:       4     -0.00058002      0.00147832      0.01572982
MINMODE:MODE:       5     -0.01227172      0.01737487      0.01691302
MINMODE:MODE:       6      0.01705061      0.00142338      0.01189352
MINMODE:MODE:       7      0.00926938      0.01607338      0.01110950
MINMODE:MODE:       8     -0.02689847      0.04502028      0.01490390
MINMODE:MODE:       9     -0.05677061      0.06043628      0.01987518
MINMODE:MODE:      10     -0.05043803      0.04718913      0.02128390
MINMODE:MODE:      11      0.01401739     -0.00698254      0.02117150
MINMODE:MODE:      12      0.00678133     -0.02204496     -0.00728206
MINMODE:MODE:      13      0.01707549     -0.02766645     -0.00313327
MINMODE:MODE:      14      0.03341433     -0.01982257      0.02814264
MINMODE:MODE:      15      0.03955458     -0.00629947      0.05509705
MINMODE:MODE:      16      0.03015654      0.00082338      0.05255323
MINMODE:MODE:      17     -0.02164589     -0.00736706     -0.04585756
MINMODE:MODE:      18     -0.00478114      0.00423997     -0.01613862
MINMODE:MODE:      19     -0.00127656      0.01442850     -0.00171608
MINMODE:MODE:      20      0.00984295      0.01550730      0.00910077
MINMODE:MODE:      21      0.03695623      0.02490629      0.04208461
MINMODE:MODE:      22      0.04064600      0.03046355      0.04028107
MINMODE:MODE:      23      0.01845724      0.02608483      0.00692585
MINMODE:MODE:      24     -0.00713632      0.01653726     -0.02427884
MINMODE:MODE:      25     -0.01147169      0.01144896     -0.02328040
MINMODE:MODE:      26     -0.01068372      0.02607480     -0.00014847
MINMODE:MODE:      27      0.03785659      0.06617495     -0.05986497
MINMODE:MODE:      28      0.03976951      0.06155186     -0.05862989
MINMODE:MODE:      29     -0.00860999      0.01818883      0.00077342
MINMODE:MODE:      30     -0.06005728     -0.02140299      0.06215965
MINMODE:MODE:      31     -0.06253079     -0.01772630      0.06275474
MINMODE:MODE:      32     -0.00379151      0.00549216      0.03087498
MINMODE:MODE:      33     -0.03113920      0.00962824      0.02885032
MINMODE:MODE:      34      0.02687145     -0.00653063      0.04149956
MINMODE:MODE:      35     -0.00078198      0.00728364      0.06154238
MINMODE:MODE:      36      0.04702466     -0.02377980      0.00891244
MINMODE:MODE:      37      0.03209383      0.00361048      0.00742825
MINMODE:MODE:      38     -0.03215507      0.05537324      0.01410251
MINMODE:MODE:      39     -0.08508069      0.08247979      0.02276703
MINMODE:MODE:      40     -0.07524007      0.05884878      0.02485437
MINMODE:MODE:      41     -0.00797128     -0.03111029     -0.03360306
MINMODE:MODE:      42      0.01232566     -0.03833390     -0.02471206
MINMODE:MODE:      43      0.04081818     -0.02457498      0.03076689
MINMODE:MODE:      44      0.05162023     -0.00052853      0.07833255
MINMODE:MODE:      45      0.03400168      0.01212622      0.07521893
MINMODE:MODE:      46     -0.04004697      0.02540190     -0.08815439
MINMODE:MODE:      47     -0.03600610     -0.06092047     -0.05825000
MINMODE:MODE:      48     -0.01278112      0.01478148     -0.00522339
MINMODE:MODE:      49      0.02003962     -0.00523303     -0.01471780
MINMODE:MODE:      50      0.05402303      0.02812583      0.06901667
MINMODE:MODE:      51      0.06050165      0.03780431      0.06448843
MINMODE:MODE:      52      0.02085653      0.03018585      0.00510012
MINMODE:MODE:      53     -0.02460281      0.01308241     -0.04941276
MINMODE:MODE:      54     -0.03181444      0.00276316     -0.04899293
MINMODE:MODE:      55      0.07629973      0.10377629     -0.10478957
MINMODE:MODE:      56      0.07640503      0.09122378     -0.10481061
MINMODE:MODE:      57     -0.00609585      0.01545948     -0.00014876
MINMODE:MODE:      58     -0.09884295     -0.05502383      0.11011708
MINMODE:MODE:      59     -0.10538301     -0.04902743      0.11048856
MINMODE:MODE:      60      0.00786638      0.00847455      0.02347684
MINMODE:MODE:      61      0.01265862      0.00901783      0.04377601
MINMODE:MODE:      62      0.00325131     -0.00821495      0.00450626
MINMODE:MODE:      63      0.00834027     -0.01651663      0.00821436
MINMODE:MODE:      64      0.10406217      0.09506724      0.06388221
MINMODE:MODE:      65      0.07622468     -0.16029818     -0.07841863
MINMODE:MODE:      66      0.01739602     -0.08466855     -0.05129979
MINMODE:MODE:      67      0.09739293     -0.14153179      0.00659208
MINMODE:MODE:      68      0.04242306     -0.07353321      0.01731936
MINMODE:MODE:      69     -0.06149970      0.02942602     -0.02449916
MINMODE:MODE:      70     -0.12481595      0.07583111     -0.08119078
MINMODE:MODE:      71     -0.10054523      0.03113503     -0.09657085
MINMODE:MODE:      72      0.03119669      0.02607814     -0.01144909
MINMODE:MODE:      73     -0.00190466      0.02147473      0.00260370
MINMODE:MODE:      74      0.09864112     -0.48167604     -0.22789970
MINMODE:MODE:      75      0.17620722     -0.22585938      0.04078512
MINMODE:MODE:      76      0.08391356     -0.10466281      0.05474967
MINMODE:MODE:      77     -0.09302295      0.07478170     -0.01534033
MINMODE:MODE:      78     -0.19651216      0.15414625     -0.11325223
MINMODE:MODE:      79     -0.15563034      0.07089013     -0.13448183
MINMODE:MODE: Optimization Step: 62
MINMODE:MODE: Order: 0
MINMODE:MODE:       0      0.00082869      0.00664251      0.00303983
MINMODE:MODE:       1     -0.00126707      0.00686191     -0.00346525
MINMODE:MODE:       2     -0.00828662      0.00665139      0.02548281
MINMODE:MODE:       3      0.00647652      0.00217610      0.04008491
MINMODE:MODE:       4     -0.00060162      0.00151155      0.01577720
MINMODE:MODE:       5     -0.01227462      0.01744831      0.01692651
MINMODE:MODE:       6      0.01699925      0.00145230      0.01192156
MINMODE:MODE:       7      0.00927093      0.01602867      0.01113423
MINMODE:MODE:       8     -0.02677739      0.04496164      0.01492269
MINMODE:MODE:       9     -0.05656042      0.06040727      0.01986998
MINMODE:MODE:      10     -0.05020757      0.04716323      0.02125839
MINMODE:MODE:      11      0.01395531     -0.00695665      0.02116451
MINMODE:MODE:      12      0.00671740     -0.02197429     -0.00723135
MINMODE:MODE:      13      0.01701089     -0.02758295     -0.00309274
MINMODE:MODE:      14      0.03336642     -0.01977219      0.02810603
MINMODE:MODE:      15      0.03949588     -0.00628692      0.05498969
MINMODE:MODE:      16      0.03008718      0.00081280      0.05244829
MINMODE:MODE:      17     -0.02159774     -0.00741443     -0.04558657
MINMODE:MODE:      18     -0.00484233      0.00424437     -0.01610158
MINMODE:MODE:      19     -0.00121577      0.01442987     -0.00168452
MINMODE:MODE:      20      0.00991892      0.01549897      0.00918785
MINMODE:MODE:      21      0.03675261      0.02478776      0.04197800
MINMODE:MODE:      22      0.04053360      0.03035950      0.04027350
MINMODE:MODE:      23      0.01852946      0.02609137      0.00704581
MINMODE:MODE:      24     -0.00718291      0.01658048     -0.02434715
MINMODE:MODE:      25     -0.01140721      0.01150529     -0.02323767
MINMODE:MODE:      26     -0.01058339      0.02603731     -0.00015276
MINMODE:MODE:      27      0.03800392      0.06571625     -0.05974987
MINMODE:MODE:      28      0.03982036      0.06106113     -0.05840550
MINMODE:MODE:      29     -0.00863867      0.01808623      0.00071240
MINMODE:MODE:      30     -0.06015125     -0.02110850      0.06200048
MINMODE:MODE:      31     -0.06256959     -0.01738311      0.06252167
MINMODE:MODE:      32     -0.00376122      0.00549590      0.03078819
MINMODE:MODE:      33     -0.03088795      0.00946047      0.02895938
MINMODE:MODE:      34      0.02688626     -0.00648927      0.04147166
MINMODE:MODE:      35     -0.00066403      0.00729874      0.06149898
MINMODE:MODE:      36      0.04685363     -0.02372961      0.00894532
MINMODE:MODE:      37      0.03201986      0.00357165      0.00747710
MINMODE:MODE:      38     -0.03199242      0.05526503      0.01412030
MINMODE:MODE:      39     -0.08479720      0.08245917      0.02275022
MINMODE:MODE:      40     -0.07499979      0.05888809      0.02482936
MINMODE:MODE:      41     -0.00801925     -0.03100793     -0.03347379
MINMODE:MODE:      42      0.01224572     -0.03823240     -0.02463477
MINMODE:MODE:      43      0.04075482     -0.02450124      0.03072021
MINMODE:MODE:      44      0.05156801     -0.00053055      0.07816681
MINMODE:MODE:      45      0.03395201      0.01209001      0.07507465
MINMODE:MODE:      46     -0.03992361      0.02512323     -0.08797815
MINMODE:MODE:      47     -0.03593949     -0.06105762     -0.05776720
MINMODE:MODE:      48     -0.01283150      0.01472300     -0.00529514
MINMODE:MODE:      49      0.01985781     -0.00514306     -0.01463636
MINMODE:MODE:      50      0.05377926      0.02793677      0.06895184
MINMODE:MODE:      51      0.06032422      0.03766613      0.06448399
MINMODE:MODE:      52      0.02085384      0.03018714      0.00513106
MINMODE:MODE:      53     -0.02449513      0.01321121     -0.04937902
MINMODE:MODE:      54     -0.03165735      0.00287418     -0.04891666
MINMODE:MODE:      55      0.07648259      0.10299721     -0.10455056
MINMODE:MODE:      56      0.07647098      0.09044477     -0.10451917
MINMODE:MODE:      57     -0.00619108      0.01533057     -0.00012995
MINMODE:MODE:      58     -0.09901918     -0.05437476      0.10976264
MINMODE:MODE:      59     -0.10547374     -0.04829352      0.11016066
MINMODE:MODE:      60      0.00788484      0.00857643      0.02371279
MINMODE:MODE:      61      0.01252830      0.00894089      0.04342617
MINMODE:MODE:      62      0.00319466     -0.00804994      0.00467794
MINMODE:MODE:      63      0.00839335     -0.01651321      0.00836183
MINMODE:MODE:      64      0.10294377      0.09421228      0.06333904
MINMODE:MODE:      65      0.07575883     -0.15787460     -0.07720971
MINMODE:MODE:      66      0.01720349     -0.08417266     -0.05111244
MINMODE:MODE:      67      0.09725111     -0.14129809      0.00686105
MINMODE:MODE:      68      0.04284944     -0.07372361      0.01747578
MINMODE:MODE:      69     -0.06139615      0.02940301     -0.02482102
MINMODE:MODE:      70     -0.12454569      0.07569516     -0.08164730
MINMODE:MODE:      71     -0.10088329      0.03134714     -0.09703617
MINMODE:MODE:      72      0.03122129      0.02651833     -0.01124345
MINMODE:MODE:      73     -0.00185155      0.02151226      0.00291610
MINMODE:MODE:      74      0.09909434     -0.48348858     -0.22899846
MINMODE:MODE:      75      0.17615982     -0.22595571      0.04141052
MINMODE:MODE:      76      0.08415773     -0.10481275      0.05501225
MINMODE:MODE:      77     -0.09255693      0.07461839     -0.01569138
MINMODE:MODE:      78     -0.19641316      0.15420707     -0.11410595
MINMODE:MODE:      79     -0.15599343      0.07115770     -0.13513055
MINMODE:MODE: Optimization Step: 63
MINMODE:MODE: Order: 0
MINMODE:MODE:       0      0.00085748      0.00672357      0.00326061
MINMODE:MODE:       1     -0.00117664      0.00702628     -0.00317664
MINMODE:MODE:       2     -0.00816140      0.00663356      0.02556204
MINMODE:MODE:       3      0.00653701      0.00219032      0.04010431
MINMODE:MODE:       4     -0.00061900      0.00155203      0.01582849
MINMODE:MODE:       5     -0.01226635      0.01750992      0.01695382
MINMODE:MODE:       6      0.01691674      0.00149321      0.01196375
MINMODE:MODE:       7      0.00926307      0.01598489      0.01116416
MINMODE:MODE:       8     -0.02664890      0.04490239      0.01494246
MINMODE:MODE:       9     -0.05635807      0.06040076      0.01986761
MINMODE:MODE:      10     -0.04998244      0.04716529      0.02123728
MINMODE:MODE:      11      0.01387435     -0.00693180      0.02113411
MINMODE:MODE:      12      0.00663360     -0.02191359     -0.00720355
MINMODE:MODE:      13      0.01694356     -0.02750659     -0.00306230
MINMODE:MODE:      14      0.03333534     -0.01972516      0.02808015
MINMODE:MODE:      15      0.03945287     -0.00627992      0.05489675
MINMODE:MODE:      16      0.03003763      0.00081163      0.05236718
MINMODE:MODE:      17     -0.02157250     -0.00743942     -0.04537497
MINMODE:MODE:      18     -0.00491757      0.00425194     -0.01606891
MINMODE:MODE:      19     -0.00118361      0.01442890     -0.00165387
MINMODE:MODE:      20      0.00995311      0.01548538      0.00924000
MINMODE:MODE:      21      0.03657270      0.02467079      0.04191222
MINMODE:MODE:      22      0.04042160      0.03025288      0.04027771
MINMODE:MODE:      23      0.01854704      0.02609133      0.00711721
MINMODE:MODE:      24     -0.00717564      0.01664490     -0.02437906
MINMODE:MODE:      25     -0.01132713      0.01157663     -0.02319038
MINMODE:MODE:      26     -0.01050310      0.02599134     -0.00014415
MINMODE:MODE:      27      0.03809414      0.06515250     -0.05954375
MINMODE:MODE:      28      0.03992034      0.06054254     -0.05821913
MINMODE:MODE:      29     -0.00869720      0.01800033      0.00067744
MINMODE:MODE:      30     -0.06025218     -0.02075411      0.06183330
MINMODE:MODE:      31     -0.06252549     -0.01691006      0.06214900
MINMODE:MODE:      32     -0.00373128      0.00550029      0.03070564
MINMODE:MODE:      33     -0.03059658      0.00929224      0.02908939
MINMODE:MODE:      34      0.02691498     -0.00646881      0.04143358
MINMODE:MODE:      35     -0.00055169      0.00732042      0.06148131
MINMODE:MODE:      36      0.04669007     -0.02370990      0.00898469
MINMODE:MODE:      37      0.03195025      0.00352125      0.00752784
MINMODE:MODE:      38     -0.03184163      0.05517849      0.01414190
MINMODE:MODE:      39     -0.08451616      0.08246600      0.02273255
MINMODE:MODE:      40     -0.07476395      0.05894595      0.02480427
MINMODE:MODE:      41     -0.00807050     -0.03089881     -0.03333115
MINMODE:MODE:      42      0.01216664     -0.03813370     -0.02456170
MINMODE:MODE:      43      0.04070876     -0.02443740      0.03068040
MINMODE:MODE:      44      0.05153330     -0.00053918      0.07801468
MINMODE:MODE:      45      0.03391308      0.01204946      0.07493951
MINMODE:MODE:      46     -0.03977434      0.02473729     -0.08780546
MINMODE:MODE:      47     -0.03587755     -0.06112623     -0.05730127
MINMODE:MODE:      48     -0.01290344      0.01467746     -0.00537042
MINMODE:MODE:      49      0.01970513     -0.00506489     -0.01455089
MINMODE:MODE:      50      0.05353978      0.02773921      0.06890080
MINMODE:MODE:      51      0.06015461      0.03752132      0.06449940
MINMODE:MODE:      52      0.02086480      0.03020076      0.00517849
MINMODE:MODE:      53     -0.02439388      0.01335661     -0.04936721
MINMODE:MODE:      54     -0.03150038      0.00300181     -0.04886643
MINMODE:MODE:      55      0.07673757      0.10217653     -0.10434434
MINMODE:MODE:      56      0.07659068      0.08961891     -0.10424051
MINMODE:MODE:      57     -0.00627699      0.01521868     -0.00012071
MINMODE:MODE:      58     -0.09924805     -0.05365923      0.10940869
MINMODE:MODE:      59     -0.10569096     -0.04754373      0.10993279
MINMODE:MODE:      60      0.00788881      0.00860914      0.02386031
MINMODE:MODE:      61      0.01240779      0.00891869      0.04311364
MINMODE:MODE:      62      0.00318686     -0.00795382      0.00484711
MINMODE:MODE:      63      0.00841229     -0.01644491      0.00855550
MINMODE:MODE:      64      0.10192657      0.09399872      0.06306418
MINMODE:MODE:      65      0.07523920     -0.15705612     -0.07686885
MINMODE:MODE:      66      0.01657888     -0.08337037     -0.05097580
MINMODE:MODE:      67      0.09745919     -0.14111423      0.00725108
MINMODE:MODE:      68      0.04285714     -0.07347719      0.01751967
MINMODE:MODE:      69     -0.06086916      0.02907345     -0.02504902
MINMODE:MODE:      70     -0.12450278      0.07567414     -0.08210975
MINMODE:MODE:      71     -0.10091741      0.03133435     -0.09727993
MINMODE:MODE:      72      0.03115461      0.02688067     -0.01104064
MINMODE:MODE:      73     -0.00180411      0.02155268      0.00317555
MINMODE:MODE:      74      0.09942432     -0.48489677     -0.22986763
MINMODE:MODE:      75      0.17609203     -0.22588763      0.04210671
MINMODE:MODE:      76      0.08448799     -0.10479998      0.05527176
MINMODE:MODE:      77     -0.09212669      0.07441679     -0.01607965
MINMODE:MODE:      78     -0.19626430      0.15418853     -0.11490681
MINMODE:MODE:      79     -0.15635682      0.07139042     -0.13573614
MINMODE:MODE: Optimization Step: 64
MINMODE:MODE: Order: 0
MINMODE:MODE:       0      0.00088356      0.00676499      0.00347890
MINMODE:MODE:       1     -0.00110360      0.00707997     -0.00281992
MINMODE:MODE:       2     -0.00803753      0.00661230      0.02562741
MINMODE:MODE:       3      0.00659906      0.00220855      0.04008763
MINMODE:MODE:       4     -0.00059117      0.00158949      0.01587044
MINMODE:MODE:       5     -0.01219912      0.01757457      0.01697338
MINMODE:MODE:       6      0.01685360      0.00154299      0.01198111
MINMODE:MODE:       7      0.00926464      0.01596298      0.01117849
MINMODE:MODE:       8     -0.02649762      0.04478909      0.01493427
MINMODE:MODE:       9     -0.05608844      0.06030439      0.01986324
MINMODE:MODE:      10     -0.04974536      0.04711541      0.02122111
MINMODE:MODE:      11      0.01380895     -0.00689794      0.02108693
MINMODE:MODE:      12      0.00657028     -0.02182535     -0.00714676
MINMODE:MODE:      13      0.01686836     -0.02741199     -0.00302251
MINMODE:MODE:      14      0.03323484     -0.01964645      0.02803274
MINMODE:MODE:      15      0.03935069     -0.00625333      0.05475262
MINMODE:MODE:      16      0.02993738      0.00081968      0.05222364
MINMODE:MODE:      17     -0.02147735     -0.00752237     -0.04507090
MINMODE:MODE:      18     -0.00494023      0.00418680     -0.01600274
MINMODE:MODE:      19     -0.00121243      0.01437618     -0.00164378
MINMODE:MODE:      20      0.00991810      0.01546371      0.00928204
MINMODE:MODE:      21      0.03639909      0.02456642      0.04180863
MINMODE:MODE:      22      0.04028045      0.03016681      0.04022275
MINMODE:MODE:      23      0.01854869      0.02604158      0.00714404
MINMODE:MODE:      24     -0.00714853      0.01666450     -0.02432778
MINMODE:MODE:      25     -0.01125551      0.01159128     -0.02310818
MINMODE:MODE:      26     -0.01051604      0.02591157     -0.00029082
MINMODE:MODE:      27      0.03807531      0.06473597     -0.05929077
MINMODE:MODE:      28      0.03981416      0.06010875     -0.05796334
MINMODE:MODE:      29     -0.00863004      0.01793879      0.00074392
MINMODE:MODE:      30     -0.06018970     -0.02051196      0.06153102
MINMODE:MODE:      31     -0.06238275     -0.01661684      0.06183443
MINMODE:MODE:      32     -0.00369962      0.00551263      0.03059595
MINMODE:MODE:      33     -0.03025761      0.00909016      0.02914960
MINMODE:MODE:      34      0.02691883     -0.00642714      0.04140531
MINMODE:MODE:      35     -0.00045113      0.00735171      0.06139945
MINMODE:MODE:      36      0.04649845     -0.02358684      0.00900876
MINMODE:MODE:      37      0.03185975      0.00349392      0.00754632
MINMODE:MODE:      38     -0.03165547      0.05501516      0.01414144
MINMODE:MODE:      39     -0.08416140      0.08233699      0.02271433
MINMODE:MODE:      40     -0.07443914      0.05891931      0.02478887
MINMODE:MODE:      41     -0.00809324     -0.03076904     -0.03316808
MINMODE:MODE:      42      0.01208194     -0.03800549     -0.02445623
MINMODE:MODE:      43      0.04060550     -0.02434749      0.03062631
MINMODE:MODE:      44      0.05140954     -0.00052920      0.07779208
MINMODE:MODE:      45      0.03382046      0.01201598      0.07471291
MINMODE:MODE:      46     -0.03951495      0.02450259     -0.08745008
MINMODE:MODE:      47     -0.03584214     -0.06106731     -0.05687334
MINMODE:MODE:      48     -0.01294046      0.01463691     -0.00543572
MINMODE:MODE:      49      0.01950535     -0.00501014     -0.01449473
MINMODE:MODE:      50      0.05323677      0.02759668      0.06873905
MINMODE:MODE:      51      0.05995644      0.03738012      0.06440335
MINMODE:MODE:      52      0.02087915      0.03016790      0.00522197
MINMODE:MODE:      53     -0.02428439      0.01341255     -0.04928769
MINMODE:MODE:      54     -0.03134469      0.00308782     -0.04870968
MINMODE:MODE:      55      0.07664878      0.10141505     -0.10402822
MINMODE:MODE:      56      0.07651593      0.08892936     -0.10373658
MINMODE:MODE:      57     -0.00628477      0.01510922     -0.00002488
MINMODE:MODE:      58     -0.09910342     -0.05311421      0.10897705
MINMODE:MODE:      59     -0.10562715     -0.04701634      0.10939464
MINMODE:MODE:      60      0.00781543      0.00861653      0.02371478
MINMODE:MODE:      61      0.01232450      0.00892289      0.04300800
MINMODE:MODE:      62      0.00320805     -0.00786582      0.00510150
MINMODE:MODE:      63      0.00838819     -0.01629483      0.00873918
MINMODE:MODE:      64      0.10115355      0.09622073      0.06416001
MINMODE:MODE:      65      0.07481422     -0.15830562     -0.07790080
MINMODE:MODE:      66      0.01623185     -0.08306578     -0.05113742
MINMODE:MODE:      67      0.09737260     -0.14084905      0.00745060
MINMODE:MODE:      68      0.04298474     -0.07345634      0.01752093
MINMODE:MODE:      69     -0.06043975      0.02890161     -0.02510604
MINMODE:MODE:      70     -0.12433241      0.07566026     -0.08238999
MINMODE:MODE:      71     -0.10098183      0.03164891     -0.09745159
MINMODE:MODE:      72      0.03102819      0.02724113     -0.01071650
MINMODE:MODE:      73     -0.00175221      0.02157579      0.00344002
MINMODE:MODE:      74      0.09897098     -0.48597435     -0.23078686
MINMODE:MODE:      75      0.17589908     -0.22564893      0.04249083
MINMODE:MODE:      76      0.08477314     -0.10481403      0.05542167
MINMODE:MODE:      77     -0.09161248      0.07408140     -0.01628340
MINMODE:MODE:      78     -0.19590594      0.15410831     -0.11528111
MINMODE:MODE:      79     -0.15656896      0.07176582     -0.13613722
MINMODE:MODE: Optimization Step: 65
MINMODE:MODE: Order: 0
MINMODE:MODE:       0      0.00089499      0.00679848      0.00369675
MINMODE:MODE:       1     -0.00102699      0.00713232     -0.00244881
MINMODE:MODE:       2     -0.00791733      0.00658308      0.02568011
MINMODE:MODE:       3      0.00665260      0.00222824      0.04007269
MINMODE:MODE:       4     -0.00056416      0.00161419      0.01590925
MINMODE:MODE:       5     -0.01211225      0.01761814      0.01697311
MINMODE:MODE:       6      0.01681837      0.00159048      0.01198289
MINMODE:MODE:       7      0.00926795      0.01594924      0.01118515
MINMODE:MODE:       8     -0.02634220      0.04467051      0.01492623
MINMODE:MODE:       9     -0.05582453      0.06017996      0.01985807
MINMODE:MODE:      10     -0.04952822      0.04706299      0.02121300
MINMODE:MODE:      11      0.01375482     -0.00685823      0.02105588
MINMODE:MODE:      12      0.00653013     -0.02173498     -0.00707647
MINMODE:MODE:      13      0.01679315     -0.02731466     -0.00297984
MINMODE:MODE:      14      0.03312087     -0.01956354      0.02797699
MINMODE:MODE:      15      0.03923194     -0.00621708      0.05460371
MINMODE:MODE:      16      0.02983283      0.00082941      0.05207150
MINMODE:MODE:      17     -0.02137160     -0.00757396     -0.04475536
MINMODE:MODE:      18     -0.00495168      0.00411582     -0.01594235
MINMODE:MODE:      19     -0.00123717      0.01430532     -0.00163973
MINMODE:MODE:      20      0.00986600      0.01541945      0.00928576
MINMODE:MODE:      21      0.03624992      0.02448879      0.04171512
MINMODE:MODE:      22      0.04014802      0.03009481      0.04015125
MINMODE:MODE:      23      0.01853310      0.02599016      0.00716122
MINMODE:MODE:      24     -0.00710253      0.01665582     -0.02424692
MINMODE:MODE:      25     -0.01121022      0.01157568     -0.02302835
MINMODE:MODE:      26     -0.01049811      0.02584633     -0.00039366
MINMODE:MODE:      27      0.03801785      0.06444994     -0.05910048
MINMODE:MODE:      28      0.03968105      0.05977670     -0.05770094
MINMODE:MODE:      29     -0.00856273      0.01787034      0.00077721
MINMODE:MODE:      30     -0.06005268     -0.02034740      0.06124767
MINMODE:MODE:      31     -0.06226816     -0.01647885      0.06159992
MINMODE:MODE:      32     -0.00366273      0.00551689      0.03048431
MINMODE:MODE:      33     -0.02993394      0.00888971      0.02918710
MINMODE:MODE:      34      0.02690332     -0.00637116      0.04138513
MINMODE:MODE:      35     -0.00035981      0.00738548      0.06131521
MINMODE:MODE:      36      0.04630752     -0.02341960      0.00902227
MINMODE:MODE:      37      0.03176968      0.00348894      0.00755316
MINMODE:MODE:      38     -0.03146777      0.05483511      0.01413794
MINMODE:MODE:      39     -0.08380850      0.08216414      0.02270436
MINMODE:MODE:      40     -0.07411788      0.05886264      0.02478050
MINMODE:MODE:      41     -0.00809751     -0.03064793     -0.03301618
MINMODE:MODE:      42      0.01200351     -0.03787766     -0.02435004
MINMODE:MODE:      43      0.04048931     -0.02425311      0.03057355
MINMODE:MODE:      44      0.05125835     -0.00050865      0.07756682
MINMODE:MODE:      45      0.03371172      0.01198341      0.07446799
MINMODE:MODE:      46     -0.03925091      0.02434351     -0.08710079
MINMODE:MODE:      47     -0.03579381     -0.06096331     -0.05644283
MINMODE:MODE:      48     -0.01295892      0.01458690     -0.00548392
MINMODE:MODE:      49      0.01930708     -0.00497580     -0.01445127
MINMODE:MODE:      50      0.05294337      0.02749451      0.06854537
MINMODE:MODE:      51      0.05976301      0.03726407      0.06426882
MINMODE:MODE:      52      0.02088969      0.03012218      0.00526410
MINMODE:MODE:      53     -0.02418419      0.01342205     -0.04918317
MINMODE:MODE:      54     -0.03120844      0.00313590     -0.04852081
MINMODE:MODE:      55      0.07641552      0.10078811     -0.10367194
MINMODE:MODE:      56      0.07634042      0.08838648     -0.10320137
MINMODE:MODE:      57     -0.00626853      0.01500081      0.00007865
MINMODE:MODE:      58     -0.09883559     -0.05273468      0.10855888
MINMODE:MODE:      59     -0.10540554     -0.04662650      0.10877356
MINMODE:MODE:      60      0.00778781      0.00860136      0.02375662
MINMODE:MODE:      61      0.01221383      0.00892308      0.04277146
MINMODE:MODE:      62      0.00321969     -0.00774294      0.00528408
MINMODE:MODE:      63      0.00836864     -0.01613683      0.00893561
MINMODE:MODE:      64      0.10045330      0.09848257      0.06518732
MINMODE:MODE:      65      0.07450001     -0.15892131     -0.07856476
MINMODE:MODE:      66      0.01612760     -0.08310963     -0.05134143
MINMODE:MODE:      67      0.09726975     -0.14085062      0.00755381
MINMODE:MODE:      68      0.04312360     -0.07356812      0.01761156
MINMODE:MODE:      69     -0.06013166      0.02884147     -0.02514412
MINMODE:MODE:      70     -0.12421069      0.07577150     -0.08267404
MINMODE:MODE:      71     -0.10114345      0.03201152     -0.09777472
MINMODE:MODE:      72      0.03085327      0.02755849     -0.01036314
MINMODE:MODE:      73     -0.00170225      0.02159281      0.00367069
MINMODE:MODE:      74      0.09839527     -0.48713239     -0.23182890
MINMODE:MODE:      75      0.17560840     -0.22539986      0.04263773
MINMODE:MODE:      76      0.08502183     -0.10493479      0.05555152
MINMODE:MODE:      77     -0.09110500      0.07381150     -0.01636184
MINMODE:MODE:      78     -0.19546253      0.15399391     -0.11547751
MINMODE:MODE:      79     -0.15675887      0.07215829     -0.13650591
MINMODE:MODE: Optimization Step: 66
MINMODE:MODE: Order: 0
MINMODE:MODE:       0      0.00091518      0.00683905      0.00386265
MINMODE:MODE:       1     -0.00097223      0.00717258     -0.00214279
MINMODE:MODE:       2     -0.00782931      0.00655990      0.02573441
MINMODE:MODE:       3      0.00669167      0.00224784      0.04008470
MINMODE:MODE:       4     -0.00055063      0.00163371      0.01595145
MINMODE:MODE:       5     -0.01203919      0.01765521      0.01697359
MINMODE:MODE:       6      0.01678990      0.00164920      0.01199334
MINMODE:MODE:       7      0.00927913      0.01594558      0.01119403
MINMODE:MODE:       8     -0.02622274      0.04459123      0.01492941
MINMODE:MODE:       9     -0.05563474      0.06009741      0.01986617
MINMODE:MODE:      10     -0.04935987      0.04703010      0.02121358
MINMODE:MODE:      11      0.01371732     -0.00682588      0.02104798
MINMODE:MODE:      12      0.00650030     -0.02167361     -0.00702681
MINMODE:MODE:      13      0.01673911     -0.02724558     -0.00294764
MINMODE:MODE:      14      0.03304157     -0.01950021      0.02794684
MINMODE:MODE:      15      0.03914566     -0.00618858      0.05450319
MINMODE:MODE:      16      0.02976196      0.00083932      0.05197187
MINMODE:MODE:      17     -0.02129925     -0.00759948     -0.04450701
MINMODE:MODE:      18     -0.00497066      0.00406924     -0.01589910
MINMODE:MODE:      19     -0.00125174      0.01425294     -0.00163111
MINMODE:MODE:      20      0.00982611      0.01538074      0.00928018
MINMODE:MODE:      21      0.03613577      0.02444106      0.04163909
MINMODE:MODE:      22      0.04006147      0.03005267      0.04010375
MINMODE:MODE:      23      0.01852902      0.02596378      0.00718732
MINMODE:MODE:      24     -0.00707303      0.01664305     -0.02419281
MINMODE:MODE:      25     -0.01117164      0.01155875     -0.02296071
MINMODE:MODE:      26     -0.01048367      0.02579517     -0.00043460
MINMODE:MODE:      27      0.03792016      0.06423505     -0.05892296
MINMODE:MODE:      28      0.03959471      0.05957236     -0.05753096
MINMODE:MODE:      29     -0.00853277      0.01780589      0.00079888
MINMODE:MODE:      30     -0.05993997     -0.02024323      0.06104864
MINMODE:MODE:      31     -0.06212195     -0.01635510      0.06136318
MINMODE:MODE:      32     -0.00363488      0.00552175      0.03040361
MINMODE:MODE:      33     -0.02968365      0.00872654      0.02922817
MINMODE:MODE:      34      0.02689706     -0.00632450      0.04139051
MINMODE:MODE:      35     -0.00028987      0.00741847      0.06127443
MINMODE:MODE:      36      0.04618127     -0.02328677      0.00903106
MINMODE:MODE:      37      0.03170971      0.00349570      0.00756129
MINMODE:MODE:      38     -0.03132436      0.05470799      0.01414342
MINMODE:MODE:      39     -0.08355386      0.08204525      0.02271092
MINMODE:MODE:      40     -0.07389359      0.05883664      0.02478642
MINMODE:MODE:      41     -0.00809796     -0.03056349     -0.03290290
MINMODE:MODE:      42      0.01194538     -0.03778771     -0.02427226
MINMODE:MODE:      43      0.04040595     -0.02418151      0.03054378
MINMODE:MODE:      44      0.05114820     -0.00048931      0.07741427
MINMODE:MODE:      45      0.03363148      0.01195939      0.07429520
MINMODE:MODE:      46     -0.03904243      0.02424333     -0.08683136
MINMODE:MODE:      47     -0.03577722     -0.06090801     -0.05611648
MINMODE:MODE:      48     -0.01297470      0.01454004     -0.00552149
MINMODE:MODE:      49      0.01915546     -0.00495717     -0.01442159
MINMODE:MODE:      50      0.05273488      0.02743327      0.06841356
MINMODE:MODE:      51      0.05963167      0.03719620      0.06417796
MINMODE:MODE:      52      0.02090339      0.03009885      0.00530391
MINMODE:MODE:      53     -0.02411203      0.01342033     -0.04910697
MINMODE:MODE:      54     -0.03111930      0.00316027     -0.04838853
MINMODE:MODE:      55      0.07626693      0.10040625     -0.10342995
MINMODE:MODE:      56      0.07619118      0.08801745     -0.10280542
MINMODE:MODE:      57     -0.00626129      0.01490967      0.00014525
MINMODE:MODE:      58     -0.09863734     -0.05251141      0.10827430
MINMODE:MODE:      59     -0.10525663     -0.04639404      0.10834814
MINMODE:MODE:      60      0.00775066      0.00860371      0.02374155
MINMODE:MODE:      61      0.01214465      0.00892599      0.04266492
MINMODE:MODE:      62      0.00323016     -0.00766577      0.00547244
MINMODE:MODE:      63      0.00834793     -0.01599486      0.00907790
MINMODE:MODE:      64      0.09982311      0.09883417      0.06518826
MINMODE:MODE:      65      0.07432273     -0.15804093     -0.07828091
MINMODE:MODE:      66      0.01599587     -0.08298915     -0.05146013
MINMODE:MODE:      67      0.09733307     -0.14092317      0.00757392
MINMODE:MODE:      68      0.04321245     -0.07362118      0.01767721
MINMODE:MODE:      69     -0.05991906      0.02881088     -0.02517648
MINMODE:MODE:      70     -0.12415884      0.07586742     -0.08289923
MINMODE:MODE:      71     -0.10127244      0.03221697     -0.09802617
MINMODE:MODE:      72      0.03075188      0.02784228     -0.01008549
MINMODE:MODE:      73     -0.00166119      0.02161862      0.00386633
MINMODE:MODE:      74      0.09804215     -0.48836225     -0.23287817
MINMODE:MODE:      75      0.17543389     -0.22535326      0.04269744
MINMODE:MODE:      76      0.08525387     -0.10508722      0.05569389
MINMODE:MODE:      77     -0.09072502      0.07367114     -0.01637446
MINMODE:MODE:      78     -0.19520790      0.15402765     -0.11569465
MINMODE:MODE:      79     -0.15703706      0.07248529     -0.13692521
MINMODE:MODE: Optimization Step: 67
MINMODE:MODE: Order: 0
MINMODE:MODE:       0      0.00092554      0.00686793      0.00403011
MINMODE:MODE:       1     -0.00092473      0.00721247     -0.00186145
MINMODE:MODE:       2     -0.00774579      0.00653616      0.02577379
MINMODE:MODE:       3      0.00671672      0.00226607      0.04007080
MINMODE:MODE:       4     -0.00052813      0.00166016      0.01597447
MINMODE:MODE:       5     -0.01196181      0.01768459      0.01696039
MINMODE:MODE:       6      0.01672466      0.00172226      0.01200314
MINMODE:MODE:       7      0.00927955      0.01592746      0.01119821
MINMODE:MODE:       8     -0.02608145      0.04448652      0.01492657
MINMODE:MODE:       9     -0.05541162      0.05997454      0.01985846
MINMODE:MODE:      10     -0.04914332      0.04695180      0.02119282
MINMODE:MODE:      11      0.01365969     -0.00678888      0.02101155
MINMODE:MODE:      12      0.00645806     -0.02160639     -0.00698561
MINMODE:MODE:      13      0.01667352     -0.02715865     -0.00291463
MINMODE:MODE:      14      0.03294738     -0.01942207      0.02790228
MINMODE:MODE:      15      0.03903754     -0.00616191      0.05437326
MINMODE:MODE:      16      0.02968110      0.00085282      0.05186170
MINMODE:MODE:      17     -0.02122824     -0.00760527     -0.04424190
MINMODE:MODE:      18     -0.00500326      0.00403765     -0.01584159
MINMODE:MODE:      19     -0.00125529      0.01419549     -0.00161825
MINMODE:MODE:      20      0.00978542      0.01532867      0.00926790
MINMODE:MODE:      21      0.03598178      0.02437251      0.04152097
MINMODE:MODE:      22      0.03994695      0.02998626      0.04003067
MINMODE:MODE:      23      0.01850788      0.02592213      0.00721351
MINMODE:MODE:      24     -0.00703749      0.01662414     -0.02413177
MINMODE:MODE:      25     -0.01111375      0.01154298     -0.02286981
MINMODE:MODE:      26     -0.01043263      0.02574172     -0.00047439
MINMODE:MODE:      27      0.03774959      0.06394453     -0.05865078
MINMODE:MODE:      28      0.03950285      0.05933539     -0.05734291
MINMODE:MODE:      29     -0.00851588      0.01771841      0.00080316
MINMODE:MODE:      30     -0.05980417     -0.02010139      0.06082899
MINMODE:MODE:      31     -0.06189293     -0.01615235      0.06102648
MINMODE:MODE:      32     -0.00360873      0.00552124      0.03030451
MINMODE:MODE:      33     -0.02941925      0.00856100      0.02925597
MINMODE:MODE:      34      0.02687123     -0.00627800      0.04136521
MINMODE:MODE:      35     -0.00022609      0.00744527      0.06119474
MINMODE:MODE:      36      0.04603560     -0.02315976      0.00903353
MINMODE:MODE:      37      0.03162708      0.00350052      0.00756996
MINMODE:MODE:      38     -0.03116106      0.05455236      0.01414330
MINMODE:MODE:      39     -0.08324266      0.08187836      0.02270304
MINMODE:MODE:      40     -0.07362975      0.05877481      0.02477188
MINMODE:MODE:      41     -0.00809049     -0.03045628     -0.03276339
MINMODE:MODE:      42      0.01188025     -0.03767020     -0.02418083
MINMODE:MODE:      43      0.04029689     -0.02409161      0.03049295
MINMODE:MODE:      44      0.05100599     -0.00047299      0.07720958
MINMODE:MODE:      45      0.03353234      0.01192323      0.07408042
MINMODE:MODE:      46     -0.03881530      0.02410717     -0.08648353
MINMODE:MODE:      47     -0.03574986     -0.06084132     -0.05576765
MINMODE:MODE:      48     -0.01298598      0.01447435     -0.00555339
MINMODE:MODE:      49      0.01900539     -0.00493817     -0.01437469
MINMODE:MODE:      50      0.05250258      0.02734426      0.06824927
MINMODE:MODE:      51      0.05945760      0.03710091      0.06405582
MINMODE:MODE:      52      0.02089826      0.03005941      0.00534380
MINMODE:MODE:      53     -0.02402049      0.01341608     -0.04899741
MINMODE:MODE:      54     -0.03101310      0.00318020     -0.04824573
MINMODE:MODE:      55      0.07615501      0.09998011     -0.10315133
MINMODE:MODE:      56      0.07602107      0.08758428     -0.10239601
MINMODE:MODE:      57     -0.00625728      0.01480135      0.00018258
MINMODE:MODE:      58     -0.09841915     -0.05227390      0.10795296
MINMODE:MODE:      59     -0.10510533     -0.04616991      0.10795760
MINMODE:MODE:      60      0.00771953      0.00856272      0.02374631
MINMODE:MODE:      61      0.01206412      0.00896491      0.04251040
MINMODE:MODE:      62      0.00323291     -0.00760008      0.00555205
MINMODE:MODE:      63      0.00832517     -0.01583509      0.00929043
MINMODE:MODE:      64      0.09932297      0.10079267      0.06598000
MINMODE:MODE:      65      0.07426507     -0.15857287     -0.07867478
MINMODE:MODE:      66      0.01585159     -0.08290430     -0.05156157
MINMODE:MODE:      67      0.09721466     -0.14084953      0.00754681
MINMODE:MODE:      68      0.04316444     -0.07348334      0.01768778
MINMODE:MODE:      69     -0.05969146      0.02871618     -0.02525013
MINMODE:MODE:      70     -0.12395406      0.07584910     -0.08302368
MINMODE:MODE:      71     -0.10112416      0.03224698     -0.09809942
MINMODE:MODE:      72      0.03070535      0.02812736     -0.00986277
MINMODE:MODE:      73     -0.00162321      0.02161298      0.00401617
MINMODE:MODE:      74      0.09727215     -0.48944099     -0.23384764
MINMODE:MODE:      75      0.17522995     -0.22520109      0.04280890
MINMODE:MODE:      76      0.08542740     -0.10507037      0.05581769
MINMODE:MODE:      77     -0.09029464      0.07350996     -0.01636361
MINMODE:MODE:      78     -0.19494215      0.15410051     -0.11586956
MINMODE:MODE:      79     -0.15720810      0.07272579     -0.13725272
MINMODE:MODE: Optimization Step: 68
MINMODE:MODE: Order: 0
MINMODE:MODE:       0      0.00094098      0.00689510      0.00417814
MINMODE:MODE:       1     -0.00085874      0.00728425     -0.00160935
MINMODE:MODE:       2     -0.00765862      0.00651140      0.02581641
MINMODE:MODE:       3      0.00674387      0.00228186      0.04006247
MINMODE:MODE:       4     -0.00051804      0.00168393      0.01600018
MINMODE:MODE:       5     -0.01189889      0.01771073      0.01695108
MINMODE:MODE:       6      0.01670219      0.00175777      0.01200574
MINMODE:MODE:       7      0.00927539      0.01591695      0.01120798
MINMODE:MODE:       8     -0.02595257      0.04439427      0.01492653
MINMODE:MODE:       9     -0.05520358      0.05986423      0.01985084
MINMODE:MODE:      10     -0.04896939      0.04690340      0.02118072
MINMODE:MODE:      11      0.01360706     -0.00675951      0.02098670
MINMODE:MODE:      12      0.00642813     -0.02153344     -0.00692881
MINMODE:MODE:      13      0.01661637     -0.02707423     -0.00287683
MINMODE:MODE:      14      0.03285804     -0.01935419      0.02785666
MINMODE:MODE:      15      0.03894110     -0.00613621      0.05425242
MINMODE:MODE:      16      0.02960164      0.00085538      0.05174139
MINMODE:MODE:      17     -0.02115949     -0.00761674     -0.04400756
MINMODE:MODE:      18     -0.00502865      0.00400125     -0.01578903
MINMODE:MODE:      19     -0.00124932      0.01415329     -0.00159783
MINMODE:MODE:      20      0.00974405      0.01528074      0.00925213
MINMODE:MODE:      21      0.03586298      0.02430953      0.04144547
MINMODE:MODE:      22      0.03984086      0.02992265      0.03996975
MINMODE:MODE:      23      0.01847833      0.02588461      0.00722835
MINMODE:MODE:      24     -0.00699341      0.01661055     -0.02406682
MINMODE:MODE:      25     -0.01108266      0.01152481     -0.02281515
MINMODE:MODE:      26     -0.01037349      0.02571517     -0.00051247
MINMODE:MODE:      27      0.03768276      0.06373692     -0.05849758
MINMODE:MODE:      28      0.03940059      0.05908625     -0.05713086
MINMODE:MODE:      29     -0.00849205      0.01765417      0.00077926
MINMODE:MODE:      30     -0.05971351     -0.01999080      0.06065679
MINMODE:MODE:      31     -0.06182955     -0.01606409      0.06088178
MINMODE:MODE:      32     -0.00358507      0.00552064      0.03021465
MINMODE:MODE:      33     -0.02916869      0.00840578      0.02929531
MINMODE:MODE:      34      0.02684607     -0.00623444      0.04134478
MINMODE:MODE:      35     -0.00016650      0.00747144      0.06112832
MINMODE:MODE:      36      0.04588274     -0.02303083      0.00903846
MINMODE:MODE:      37      0.03155344      0.00350329      0.00758220
MINMODE:MODE:      38     -0.03100888      0.05441381      0.01414580
MINMODE:MODE:      39     -0.08295277      0.08172744      0.02269650
MINMODE:MODE:      40     -0.07336942      0.05871301      0.02475314
MINMODE:MODE:      41     -0.00809157     -0.03036103     -0.03264520
MINMODE:MODE:      42      0.01182019     -0.03756153     -0.02409644
MINMODE:MODE:      43      0.04019777     -0.02400731      0.03044699
MINMODE:MODE:      44      0.05087955     -0.00045969      0.07702357
MINMODE:MODE:      45      0.03344436      0.01189364      0.07389613
MINMODE:MODE:      46     -0.03861908      0.02397893     -0.08620317
MINMODE:MODE:      47     -0.03571517     -0.06074774     -0.05542999
MINMODE:MODE:      48     -0.01299693      0.01440696     -0.00558508
MINMODE:MODE:      49      0.01886328     -0.00491979     -0.01432801
MINMODE:MODE:      50      0.05227944      0.02725659      0.06808655
MINMODE:MODE:      51      0.05929600      0.03701172      0.06395339
MINMODE:MODE:      52      0.02089314      0.03002586      0.00538275
MINMODE:MODE:      53     -0.02393589      0.01341833     -0.04890276
MINMODE:MODE:      54     -0.03090086      0.00320483     -0.04811074
MINMODE:MODE:      55      0.07606069      0.09956392     -0.10287348
MINMODE:MODE:      56      0.07590249      0.08719494     -0.10206805
MINMODE:MODE:      57     -0.00625720      0.01470093      0.00020265
MINMODE:MODE:      58     -0.09822796     -0.05203664      0.10764368
MINMODE:MODE:      59     -0.10491100     -0.04591520      0.10754121
MINMODE:MODE:      60      0.00769220      0.00857103      0.02377208
MINMODE:MODE:      61      0.01198444      0.00897235      0.04234146
MINMODE:MODE:      62      0.00322374     -0.00750965      0.00567866
MINMODE:MODE:      63      0.00831651     -0.01572340      0.00943853
MINMODE:MODE:      64      0.09885863      0.10196803      0.06636785
MINMODE:MODE:      65      0.07414682     -0.15826053     -0.07856689
MINMODE:MODE:      66      0.01592897     -0.08293131     -0.05159400
MINMODE:MODE:      67      0.09705548     -0.14078955      0.00754292
MINMODE:MODE:      68      0.04321791     -0.07347270      0.01773805
MINMODE:MODE:      69     -0.05951494      0.02867223     -0.02533842
MINMODE:MODE:      70     -0.12379433      0.07587725     -0.08320145
MINMODE:MODE:      71     -0.10127577      0.03245608     -0.09833860
MINMODE:MODE:      72      0.03062380      0.02836111     -0.00963996
MINMODE:MODE:      73     -0.00158736      0.02160943      0.00417131
MINMODE:MODE:      74      0.09662687     -0.49064783     -0.23484988
MINMODE:MODE:      75      0.17504821     -0.22506741      0.04297094
MINMODE:MODE:      76      0.08557358     -0.10508838      0.05594710
MINMODE:MODE:      77     -0.08990910      0.07338851     -0.01636515
MINMODE:MODE:      78     -0.19470993      0.15416931     -0.11607394
MINMODE:MODE:      79     -0.15726025      0.07289756     -0.13753226
MINMODE:MODE: Optimization Step: 69
MINMODE:MODE: Order: 0
MINMODE:MODE:       0      0.00095520      0.00693647      0.00432008
MINMODE:MODE:       1     -0.00079149      0.00735793     -0.00135615
MINMODE:MODE:       2     -0.00756740      0.00648981      0.02586188
MINMODE:MODE:       3      0.00677832      0.00229975      0.04006352
MINMODE:MODE:       4     -0.00051233      0.00170722      0.01603201
MINMODE:MODE:       5     -0.01183456      0.01772844      0.01694617
MINMODE:MODE:       6      0.01668256      0.00179902      0.01201110
MINMODE:MODE:       7      0.00927942      0.01590344      0.01121880
MINMODE:MODE:       8     -0.02584033      0.04431789      0.01493354
MINMODE:MODE:       9     -0.05500993      0.05977619      0.01984825
MINMODE:MODE:      10     -0.04880899      0.04687350      0.02117354
MINMODE:MODE:      11      0.01356375     -0.00673251      0.02097062
MINMODE:MODE:      12      0.00640026     -0.02146098     -0.00687006
MINMODE:MODE:      13      0.01656049     -0.02699524     -0.00284066
MINMODE:MODE:      14      0.03277741     -0.01929369      0.02781360
MINMODE:MODE:      15      0.03884955     -0.00611222      0.05414016
MINMODE:MODE:      16      0.02952462      0.00085769      0.05163120
MINMODE:MODE:      17     -0.02108392     -0.00763306     -0.04377941
MINMODE:MODE:      18     -0.00504128      0.00396072     -0.01574595
MINMODE:MODE:      19     -0.00123278      0.01411544     -0.00156792
MINMODE:MODE:      20      0.00969974      0.01523867      0.00923277
MINMODE:MODE:      21      0.03575024      0.02424709      0.04138158
MINMODE:MODE:      22      0.03974176      0.02986152      0.03992197
MINMODE:MODE:      23      0.01845779      0.02585506      0.00724886
MINMODE:MODE:      24     -0.00695843      0.01660002     -0.02401512
MINMODE:MODE:      25     -0.01104851      0.01151231     -0.02276418
MINMODE:MODE:      26     -0.01036348      0.02566097     -0.00049143
MINMODE:MODE:      27      0.03767457      0.06354962     -0.05839468
MINMODE:MODE:      28      0.03934821      0.05886413     -0.05697335
MINMODE:MODE:      29     -0.00850302      0.01758707      0.00078715
MINMODE:MODE:      30     -0.05962087     -0.01987556      0.06047600
MINMODE:MODE:      31     -0.06176394     -0.01595748      0.06072489
MINMODE:MODE:      32     -0.00356331      0.00552179      0.03013096
MINMODE:MODE:      33     -0.02893512      0.00825324      0.02934169
MINMODE:MODE:      34      0.02681838     -0.00618929      0.04133304
MINMODE:MODE:      35     -0.00010067      0.00749975      0.06107677
MINMODE:MODE:      36      0.04573461     -0.02291052      0.00904647
MINMODE:MODE:      37      0.03148897      0.00350447      0.00759904
MINMODE:MODE:      38     -0.03086246      0.05428838      0.01415227
MINMODE:MODE:      39     -0.08267268      0.08159074      0.02269323
MINMODE:MODE:      40     -0.07311753      0.05866157      0.02473760
MINMODE:MODE:      41     -0.00809851     -0.03027293     -0.03253510
MINMODE:MODE:      42      0.01176377     -0.03745782     -0.02401139
MINMODE:MODE:      43      0.04010737     -0.02392745      0.03040557
MINMODE:MODE:      44      0.05076877     -0.00044633      0.07685811
MINMODE:MODE:      45      0.03336429      0.01186490      0.07372842
MINMODE:MODE:      46     -0.03844017      0.02387261     -0.08598027
MINMODE:MODE:      47     -0.03566537     -0.06064422     -0.05507825
MINMODE:MODE:      48     -0.01300288      0.01434197     -0.00562048
MINMODE:MODE:      49      0.01870403     -0.00489927     -0.01428190
MINMODE:MODE:      50      0.05206638      0.02717004      0.06793866
MINMODE:MODE:      51      0.05914501      0.03692784      0.06386997
MINMODE:MODE:      52      0.02089012      0.02999900      0.00542296
MINMODE:MODE:      53     -0.02385273      0.01342888     -0.04881891
MINMODE:MODE:      54     -0.03078852      0.00323260     -0.04798801
MINMODE:MODE:      55      0.07597529      0.09914969     -0.10260087
MINMODE:MODE:      56      0.07578553      0.08679829     -0.10173746
MINMODE:MODE:      57     -0.00625764      0.01460802      0.00021164
MINMODE:MODE:      58     -0.09807811     -0.05180326      0.10735738
MINMODE:MODE:      59     -0.10473656     -0.04564853      0.10715067
MINMODE:MODE:      60      0.00764042      0.00857945      0.02369667
MINMODE:MODE:      61      0.01192933      0.00898398      0.04227862
MINMODE:MODE:      62      0.00322879     -0.00743695      0.00584311
MINMODE:MODE:      63      0.00829568     -0.01559938      0.00956263
MINMODE:MODE:      64      0.09854482      0.10292665      0.06692867
MINMODE:MODE:      65      0.07377395     -0.15820302     -0.07872290
MINMODE:MODE:      66      0.01574645     -0.08280027     -0.05166834
MINMODE:MODE:      67      0.09716344     -0.14086090      0.00763226
MINMODE:MODE:      68      0.04323348     -0.07341557      0.01777792
MINMODE:MODE:      69     -0.05933778      0.02867377     -0.02541182
MINMODE:MODE:      70     -0.12374657      0.07596402     -0.08340611
MINMODE:MODE:      71     -0.10129219      0.03249909     -0.09860567
MINMODE:MODE:      72      0.03052188      0.02857019     -0.00942075
MINMODE:MODE:      73     -0.00155352      0.02161632      0.00434502
MINMODE:MODE:      74      0.09622863     -0.49166263     -0.23578942
MINMODE:MODE:      75      0.17474935     -0.22483880      0.04307046
MINMODE:MODE:      76      0.08569605     -0.10509646      0.05607244
MINMODE:MODE:      77     -0.08958392      0.07334779     -0.01638546
MINMODE:MODE:      78     -0.19441113      0.15414080     -0.11627646
MINMODE:MODE:      79     -0.15733004      0.07305853     -0.13786149
MINMODE:MODE: Optimization Step: 70
MINMODE:MODE: Order: 0
MINMODE:MODE:       0      0.00096600      0.00698620      0.00449439
MINMODE:MODE:       1     -0.00072465      0.00744421     -0.00109805
MINMODE:MODE:       2     -0.00746855      0.00647328      0.02591273
MINMODE:MODE:       3      0.00682443      0.00232066      0.04007666
MINMODE:MODE:       4     -0.00050845      0.00173232      0.01607276
MINMODE:MODE:       5     -0.01178013      0.01775260      0.01695029
MINMODE:MODE:       6      0.01664459      0.00185373      0.01202776
MINMODE:MODE:       7      0.00928076      0.01588578      0.01123753
MINMODE:MODE:       8     -0.02572901      0.04425462      0.01495039
MINMODE:MODE:       9     -0.05481658      0.05971132      0.01984734
MINMODE:MODE:      10     -0.04863065      0.04685591      0.02116294
MINMODE:MODE:      11      0.01352278     -0.00670192      0.02096700
MINMODE:MODE:      12      0.00636147     -0.02139149     -0.00681896
MINMODE:MODE:      13      0.01649543     -0.02692063     -0.00281668
MINMODE:MODE:      14      0.03271274     -0.01923453      0.02778371
MINMODE:MODE:      15      0.03876758     -0.00609311      0.05403581
MINMODE:MODE:      16      0.02945597      0.00086172      0.05153658
MINMODE:MODE:      17     -0.02100944     -0.00764768     -0.04354163
MINMODE:MODE:      18     -0.00505658      0.00393055     -0.01569478
MINMODE:MODE:      19     -0.00120522      0.01408118     -0.00153729
MINMODE:MODE:      20      0.00965244      0.01519227      0.00920000
MINMODE:MODE:      21      0.03561293      0.02417206      0.04131969
MINMODE:MODE:      22      0.03963893      0.02979173      0.03989364
MINMODE:MODE:      23      0.01843799      0.02583689      0.00727729
MINMODE:MODE:      24     -0.00691859      0.01660499     -0.02397717
MINMODE:MODE:      25     -0.01100039      0.01151801     -0.02271347
MINMODE:MODE:      26     -0.01036695      0.02561194     -0.00041690
MINMODE:MODE:      27      0.03766559      0.06328359     -0.05825844
MINMODE:MODE:      28      0.03935227      0.05861345     -0.05684530
MINMODE:MODE:      29     -0.00855351      0.01753292      0.00078827
MINMODE:MODE:      30     -0.05953930     -0.01968836      0.06028132
MINMODE:MODE:      31     -0.06167077     -0.01573802      0.06049383
MINMODE:MODE:      32     -0.00354152      0.00552416      0.03004889
MINMODE:MODE:      33     -0.02871149      0.00809773      0.02940406
MINMODE:MODE:      34      0.02678757     -0.00613965      0.04132247
MINMODE:MODE:      35     -0.00001589      0.00752914      0.06104109
MINMODE:MODE:      36      0.04558143     -0.02281556      0.00906238
MINMODE:MODE:      37      0.03142906      0.00349611      0.00762670
MINMODE:MODE:      38     -0.03071345      0.05417700      0.01416716
MINMODE:MODE:      39     -0.08238382      0.08148282      0.02269158
MINMODE:MODE:      40     -0.07287133      0.05863283      0.02472111
MINMODE:MODE:      41     -0.00811140     -0.03018141     -0.03241916
MINMODE:MODE:      42      0.01170468     -0.03735078     -0.02392542
MINMODE:MODE:      43      0.04002740     -0.02385099      0.03036818
MINMODE:MODE:      44      0.05067833     -0.00043586      0.07670710
MINMODE:MODE:      45      0.03329272      0.01182785      0.07356719
MINMODE:MODE:      46     -0.03827913      0.02374795     -0.08579485
MINMODE:MODE:      47     -0.03559399     -0.06056971     -0.05467770
MINMODE:MODE:      48     -0.01301425      0.01427656     -0.00566546
MINMODE:MODE:      49      0.01852763     -0.00486789     -0.01422391
MINMODE:MODE:      50      0.05185415      0.02705883      0.06781621
MINMODE:MODE:      51      0.05898894      0.03682827      0.06382174
MINMODE:MODE:      52      0.02088773      0.02998220      0.00547094
MINMODE:MODE:      53     -0.02376447      0.01346894     -0.04875482
MINMODE:MODE:      54     -0.03066514      0.00327710     -0.04788744
MINMODE:MODE:      55      0.07599216      0.09865716     -0.10233402
MINMODE:MODE:      56      0.07569951      0.08630020     -0.10140177
MINMODE:MODE:      57     -0.00627183      0.01451409      0.00020228
MINMODE:MODE:      58     -0.09801871     -0.05150925      0.10707948
MINMODE:MODE:      59     -0.10462398     -0.04530971      0.10679488
MINMODE:MODE:      60      0.00763474      0.00860016      0.02382469
MINMODE:MODE:      61      0.01183025      0.00898750      0.04202026
MINMODE:MODE:      62      0.00321271     -0.00733003      0.00596015
MINMODE:MODE:      63      0.00829712     -0.01549949      0.00974171
MINMODE:MODE:      64      0.09846478      0.10391611      0.06785267
MINMODE:MODE:      65      0.07322184     -0.15862026     -0.07918089
MINMODE:MODE:      66      0.01542541     -0.08258039     -0.05173209
MINMODE:MODE:      67      0.09723967     -0.14092866      0.00778926
MINMODE:MODE:      68      0.04332800     -0.07339264      0.01782969
MINMODE:MODE:      69     -0.05921728      0.02870363     -0.02557388
MINMODE:MODE:      70     -0.12366884      0.07602337     -0.08369003
MINMODE:MODE:      71     -0.10122067      0.03242308     -0.09901250
MINMODE:MODE:      72      0.03043776      0.02879444     -0.00924092
MINMODE:MODE:      73     -0.00152118      0.02164474      0.00453442
MINMODE:MODE:      74      0.09583295     -0.49246828     -0.23669478
MINMODE:MODE:      75      0.17433637     -0.22448522      0.04326050
MINMODE:MODE:      76      0.08580828     -0.10508007      0.05622969
MINMODE:MODE:      77     -0.08930275      0.07335789     -0.01647134
MINMODE:MODE:      78     -0.19402945      0.15398891     -0.11657251
MINMODE:MODE:      79     -0.15739373      0.07321090     -0.13829431
MINMODE:MODE: Optimization Step: 71
MINMODE:MODE: Order: 0
MINMODE:MODE:       0      0.00097673      0.00705608      0.00469708
MINMODE:MODE:       1     -0.00066081      0.00754934     -0.00083899
MINMODE:MODE:       2     -0.00736449      0.00646549      0.02597933
MINMODE:MODE:       3      0.00688544      0.00234535      0.04011357
MINMODE:MODE:       4     -0.00052547      0.00177367      0.01613559
MINMODE:MODE:       5     -0.01175546      0.01779275      0.01697217
MINMODE:MODE:       6      0.01659084      0.00190977      0.01206218
MINMODE:MODE:       7      0.00926176      0.01587638      0.01127575
MINMODE:MODE:       8     -0.02559713      0.04420093      0.01497977
MINMODE:MODE:       9     -0.05461246      0.05969489      0.01985434
MINMODE:MODE:      10     -0.04841871      0.04686172      0.02115081
MINMODE:MODE:      11      0.01348131     -0.00666773      0.02098236
MINMODE:MODE:      12      0.00629984     -0.02133039     -0.00677852
MINMODE:MODE:      13      0.01642760     -0.02684290     -0.00278689
MINMODE:MODE:      14      0.03267182     -0.01918411      0.02775957
MINMODE:MODE:      15      0.03871463     -0.00607632      0.05395770
MINMODE:MODE:      16      0.02940815      0.00086626      0.05147163
MINMODE:MODE:      17     -0.02096488     -0.00766135     -0.04331443
MINMODE:MODE:      18     -0.00511201      0.00393410     -0.01565194
MINMODE:MODE:      19     -0.00116205      0.01405068     -0.00150195
MINMODE:MODE:      20      0.00963307      0.01516217      0.00918555
MINMODE:MODE:      21      0.03544675      0.02407370      0.04127523
MINMODE:MODE:      22      0.03952597      0.02969832      0.03990246
MINMODE:MODE:      23      0.01840681      0.02583553      0.00730874
MINMODE:MODE:      24     -0.00684705      0.01664988     -0.02394406
MINMODE:MODE:      25     -0.01092309      0.01156443     -0.02267195
MINMODE:MODE:      26     -0.01027483      0.02566463     -0.00044290
MINMODE:MODE:      27      0.03762809      0.06282089     -0.05799770
MINMODE:MODE:      28      0.03938371      0.05823513     -0.05667572
MINMODE:MODE:      29     -0.00861720      0.01753092      0.00073522
MINMODE:MODE:      30     -0.05960669     -0.01942693      0.06016705
MINMODE:MODE:      31     -0.06168411     -0.01540278      0.06026950
MINMODE:MODE:      32     -0.00352270      0.00553163      0.02997329
MINMODE:MODE:      33     -0.02848030      0.00793745      0.02949579
MINMODE:MODE:      34      0.02677311     -0.00609317      0.04130912
MINMODE:MODE:      35      0.00009634      0.00755927      0.06103873
MINMODE:MODE:      36      0.04541152     -0.02276760      0.00909698
MINMODE:MODE:      37      0.03136874      0.00347173      0.00767644
MINMODE:MODE:      38     -0.03056108      0.05409570      0.01420060
MINMODE:MODE:      39     -0.08209073      0.08144800      0.02269228
MINMODE:MODE:      40     -0.07264104      0.05866288      0.02470759
MINMODE:MODE:      41     -0.00814744     -0.03008606     -0.03229444
MINMODE:MODE:      42      0.01163386     -0.03724816     -0.02385540
MINMODE:MODE:      43      0.03997559     -0.02378292      0.03033956
MINMODE:MODE:      44      0.05062816     -0.00044007      0.07657673
MINMODE:MODE:      45      0.03324126      0.01177580      0.07342530
MINMODE:MODE:      46     -0.03813625      0.02351751     -0.08559375
MINMODE:MODE:      47     -0.03553700     -0.06057713     -0.05422849
MINMODE:MODE:      48     -0.01305256      0.01420097     -0.00572619
MINMODE:MODE:      49      0.01836102     -0.00482247     -0.01414537
MINMODE:MODE:      50      0.05162875      0.02690096      0.06774383
MINMODE:MODE:      51      0.05881666      0.03669888      0.06384353
MINMODE:MODE:      52      0.02088676      0.02998731      0.00553409
MINMODE:MODE:      53     -0.02366896      0.01357418     -0.04874031
MINMODE:MODE:      54     -0.03051705      0.00336375     -0.04785309
MINMODE:MODE:      55      0.07624119      0.09802443     -0.10207745
MINMODE:MODE:      56      0.07575314      0.08564131     -0.10113933
MINMODE:MODE:      57     -0.00631143      0.01442243      0.00016437
MINMODE:MODE:      58     -0.09809982     -0.05101850      0.10674504
MINMODE:MODE:      59     -0.10461501     -0.04478713      0.10646597
MINMODE:MODE:      60      0.00759847      0.00861028      0.02382593
MINMODE:MODE:      61      0.01176443      0.00899615      0.04190438
MINMODE:MODE:      62      0.00321899     -0.00724030      0.00613432
MINMODE:MODE:      63      0.00828115     -0.01536636      0.00990589
MINMODE:MODE:      64      0.09868131      0.10390511      0.06865248
MINMODE:MODE:      65      0.07241883     -0.15840927     -0.07930383
MINMODE:MODE:      66      0.01527015     -0.08225281     -0.05161614
MINMODE:MODE:      67      0.09679342     -0.14060132      0.00796944
MINMODE:MODE:      68      0.04364656     -0.07350797      0.01788301
MINMODE:MODE:      69     -0.05908035      0.02867687     -0.02589329
MINMODE:MODE:      70     -0.12336695      0.07590151     -0.08413243
MINMODE:MODE:      71     -0.10150985      0.03254133     -0.09972976
MINMODE:MODE:      72      0.03045715      0.02910585     -0.00913121
MINMODE:MODE:      73     -0.00149261      0.02171224      0.00476717
MINMODE:MODE:      74      0.09533598     -0.49339390     -0.23776760
MINMODE:MODE:      75      0.17403921     -0.22420285      0.04382155
MINMODE:MODE:      76      0.08597357     -0.10511874      0.05651303
MINMODE:MODE:      77     -0.08898499      0.07328870     -0.01670990
MINMODE:MODE:      78     -0.19375611      0.15384953     -0.11725423
MINMODE:MODE:      79     -0.15733916      0.07329441     -0.13884478
MINMODE:MODE: Optimization Step: 72
MINMODE:MODE: Order: 0
MINMODE:MODE:       0      0.00097908      0.00712534      0.00485744
MINMODE:MODE:       1     -0.00057629      0.00770144     -0.00062219
MINMODE:MODE:       2     -0.00725881      0.00645851      0.02604000
MINMODE:MODE:       3      0.00694121      0.00236518      0.04012960
MINMODE:MODE:       4     -0.00054505      0.00182196      0.01619056
MINMODE:MODE:       5     -0.01175793      0.01786579      0.01701147
MINMODE:MODE:       6      0.01655702      0.00192726      0.01209753
MINMODE:MODE:       7      0.00925507      0.01585119      0.01131447
MINMODE:MODE:       8     -0.02547578      0.04416585      0.01500948
MINMODE:MODE:       9     -0.05439660      0.05968223      0.01985640
MINMODE:MODE:      10     -0.04821232      0.04686822      0.02114996
MINMODE:MODE:      11      0.01343090     -0.00664702      0.02098031
MINMODE:MODE:      12      0.00625424     -0.02125628     -0.00671426
MINMODE:MODE:      13      0.01637060     -0.02676180     -0.00274426
MINMODE:MODE:      14      0.03263350     -0.01913677      0.02773607
MINMODE:MODE:      15      0.03867532     -0.00606091      0.05388808
MINMODE:MODE:      16      0.02936062      0.00085638      0.05139731
MINMODE:MODE:      17     -0.02093905     -0.00766012     -0.04311929
MINMODE:MODE:      18     -0.00518856      0.00394586     -0.01562269
MINMODE:MODE:      19     -0.00112943      0.01404904     -0.00149605
MINMODE:MODE:      20      0.00957918      0.01512270      0.00912603
MINMODE:MODE:      21      0.03536000      0.02398969      0.04133051
MINMODE:MODE:      22      0.03940342      0.02960196      0.03992219
MINMODE:MODE:      23      0.01838334      0.02583705      0.00734891
MINMODE:MODE:      24     -0.00677691      0.01670587     -0.02393582
MINMODE:MODE:      25     -0.01087161      0.01161155     -0.02268230
MINMODE:MODE:      26     -0.01018378      0.02570388     -0.00046285
MINMODE:MODE:      27      0.03778472      0.06245663     -0.05793645
MINMODE:MODE:      28      0.03943262      0.05780764     -0.05648385
MINMODE:MODE:      29     -0.00871928      0.01747659      0.00070714
MINMODE:MODE:      30     -0.05969591     -0.01911125      0.06004906
MINMODE:MODE:      31     -0.06182378     -0.01506454      0.06017158
MINMODE:MODE:      32     -0.00350281      0.00554073      0.02990230
MINMODE:MODE:      33     -0.02823265      0.00778884      0.02959195
MINMODE:MODE:      34      0.02677570     -0.00606223      0.04127640
MINMODE:MODE:      35      0.00019884      0.00758037      0.06104488
MINMODE:MODE:      36      0.04522093     -0.02272441      0.00913872
MINMODE:MODE:      37      0.03129444      0.00344179      0.00773535
MINMODE:MODE:      38     -0.03041346      0.05402355      0.01423509
MINMODE:MODE:      39     -0.08181625      0.08145178      0.02268956
MINMODE:MODE:      40     -0.07241162      0.05869668      0.02468987
MINMODE:MODE:      41     -0.00819769     -0.02999269     -0.03217357
MINMODE:MODE:      42      0.01156046     -0.03715716     -0.02379996
MINMODE:MODE:      43      0.03993568     -0.02372321      0.03031273
MINMODE:MODE:      44      0.05059301     -0.00045245      0.07644675
MINMODE:MODE:      45      0.03320210      0.01173060      0.07330821
MINMODE:MODE:      46     -0.03801096      0.02322598     -0.08539264
MINMODE:MODE:      47     -0.03549165     -0.06059288     -0.05380869
MINMODE:MODE:      48     -0.01310751      0.01412325     -0.00579160
MINMODE:MODE:      49      0.01823971     -0.00478437     -0.01406697
MINMODE:MODE:      50      0.05138799      0.02673394      0.06767299
MINMODE:MODE:      51      0.05863755      0.03655319      0.06388535
MINMODE:MODE:      52      0.02088155      0.02999253      0.00559389
MINMODE:MODE:      53     -0.02355870      0.01370166     -0.04873046
MINMODE:MODE:      54     -0.03035497      0.00347408     -0.04783276
MINMODE:MODE:      55      0.07645517      0.09724153     -0.10173563
MINMODE:MODE:      56      0.07586763      0.08494043     -0.10090445
MINMODE:MODE:      57     -0.00636107      0.01434197      0.00011725
MINMODE:MODE:      58     -0.09824222     -0.05045689      0.10641793
MINMODE:MODE:      59     -0.10461936     -0.04414950      0.10613094
MINMODE:MODE:      60      0.00757247      0.00862908      0.02384598
MINMODE:MODE:      61      0.01171357      0.00900404      0.04182665
MINMODE:MODE:      62      0.00322220     -0.00716546      0.00629613
MINMODE:MODE:      63      0.00826817     -0.01524682      0.01005308
MINMODE:MODE:      64      0.09888663      0.10385449      0.06926675
MINMODE:MODE:      65      0.07178632     -0.15788419     -0.07918968
MINMODE:MODE:      66      0.01488331     -0.08180464     -0.05156621
MINMODE:MODE:      67      0.09671098     -0.14044987      0.00826571
MINMODE:MODE:      68      0.04345252     -0.07321267      0.01788071
MINMODE:MODE:      69     -0.05862696      0.02848708     -0.02608848
MINMODE:MODE:      70     -0.12306768      0.07574733     -0.08457621
MINMODE:MODE:      71     -0.10171849      0.03253025     -0.10029093
MINMODE:MODE:      72      0.03046200      0.02938552     -0.00903225
MINMODE:MODE:      73     -0.00147500      0.02179074      0.00499454
MINMODE:MODE:      74      0.09466711     -0.49460845     -0.23895922
MINMODE:MODE:      75      0.17370440     -0.22388309      0.04439184
MINMODE:MODE:      76      0.08608861     -0.10502267      0.05676352
MINMODE:MODE:      77     -0.08866582      0.07318860     -0.01700999
MINMODE:MODE:      78     -0.19351905      0.15373231     -0.11801693
MINMODE:MODE:      79     -0.15712489      0.07314214     -0.13930249
MINMODE:MODE: Optimization Step: 73
MINMODE:MODE: Order: 0
MINMODE:MODE:       0      0.00082966      0.00718262      0.00521961
MINMODE:MODE:       1     -0.00047168      0.00787557     -0.00029816
MINMODE:MODE:       2     -0.00708147      0.00642643      0.02610794
MINMODE:MODE:       3      0.00700434      0.00237893      0.04012420
MINMODE:MODE:       4     -0.00173028      0.00144018      0.01692521
MINMODE:MODE:       5     -0.01165556      0.01793611      0.01695006
MINMODE:MODE:       6      0.01647448      0.00193897      0.01211642
MINMODE:MODE:       7      0.00924651      0.01579827      0.01134069
MINMODE:MODE:       8     -0.02529375      0.04409607      0.01502260
MINMODE:MODE:       9     -0.05409170      0.05966209      0.01986097
MINMODE:MODE:      10     -0.04792417      0.04687365      0.02109805
MINMODE:MODE:      11      0.00812611     -0.00818636      0.01886932
MINMODE:MODE:      12      0.00501668     -0.02060024     -0.00697964
MINMODE:MODE:      13      0.01741052     -0.02736829     -0.00230023
MINMODE:MODE:      14      0.03294927     -0.01972172      0.02772943
MINMODE:MODE:      15      0.03789442     -0.00652221      0.05446219
MINMODE:MODE:      16      0.02678568      0.00150896      0.05184052
MINMODE:MODE:      17     -0.02081510     -0.00782299     -0.04273117
MINMODE:MODE:      18     -0.00522304      0.00389569     -0.01556377
MINMODE:MODE:      19     -0.00110872      0.01403097     -0.00147051
MINMODE:MODE:      20      0.00950747      0.01509115      0.00908077
MINMODE:MODE:      21      0.03518489      0.02383096      0.04131068
MINMODE:MODE:      22      0.03921245      0.02943307      0.03993388
MINMODE:MODE:      23      0.01817176      0.02574482      0.00720668
MINMODE:MODE:      24     -0.00652745      0.01684522     -0.02374847
MINMODE:MODE:      25     -0.01078525      0.01169816     -0.02266520
MINMODE:MODE:      26     -0.01024545      0.02557435     -0.00036407
MINMODE:MODE:      27      0.03808007      0.06197350     -0.05788183
MINMODE:MODE:      28      0.03963599      0.05730565     -0.05641471
MINMODE:MODE:      29     -0.00885138      0.01730973      0.00081959
MINMODE:MODE:      30     -0.05976385     -0.01859277      0.05973107
MINMODE:MODE:      31     -0.06176970     -0.01447984      0.05978116
MINMODE:MODE:      32     -0.00346979      0.00555195      0.02978822
MINMODE:MODE:      33     -0.02789713      0.00758531      0.02970964
MINMODE:MODE:      34      0.02676656     -0.00601075      0.04120127
MINMODE:MODE:      35      0.00034935      0.00762601      0.06099713
MINMODE:MODE:      36      0.04493626     -0.02266120      0.00918980
MINMODE:MODE:      37      0.03117059      0.00338642      0.00780556
MINMODE:MODE:      38     -0.03019843      0.05390042      0.01426855
MINMODE:MODE:      39     -0.08137249      0.08141205      0.02266860
MINMODE:MODE:      40     -0.07204127      0.05870892      0.02461013
MINMODE:MODE:      41     -0.00876717     -0.02915843     -0.03206338
MINMODE:MODE:      42      0.02204200     -0.03550917     -0.02382220
MINMODE:MODE:      43      0.03986131     -0.02365919      0.03032178
MINMODE:MODE:      44      0.05032097     -0.00051328      0.07657989
MINMODE:MODE:      45      0.03263728      0.01229376      0.07305594
MINMODE:MODE:      46     -0.03793789      0.02301220     -0.08540077
MINMODE:MODE:      47     -0.03533060     -0.06052501     -0.05309767
MINMODE:MODE:      48     -0.01316135      0.01404049     -0.00587919
MINMODE:MODE:      49      0.01801165     -0.00471274     -0.01396411
MINMODE:MODE:      50      0.05104745      0.02647569      0.06758382
MINMODE:MODE:      51      0.05834403      0.03631813      0.06391552
MINMODE:MODE:      52      0.02085251      0.02996485      0.00565097
MINMODE:MODE:      53     -0.02335101      0.01390551     -0.04866525
MINMODE:MODE:      54     -0.03012088      0.00363274     -0.04777929
MINMODE:MODE:      55      0.07669750      0.09608655     -0.10122771
MINMODE:MODE:      56      0.07596738      0.08387908     -0.10044768
MINMODE:MODE:      57     -0.00643684      0.01421798      0.00008492
MINMODE:MODE:      58     -0.09851381     -0.04967357      0.10603466
MINMODE:MODE:      59     -0.10471730     -0.04325056      0.10570951
MINMODE:MODE:      60      0.00761123      0.00860877      0.02405027
MINMODE:MODE:      61      0.01159485      0.00907340      0.04151052
MINMODE:MODE:      62      0.00315297     -0.00707356      0.00632971
MINMODE:MODE:      63      0.00828721     -0.01509346      0.01042512
MINMODE:MODE:      64      0.09892904      0.10436087      0.06981172
MINMODE:MODE:      65      0.07140259     -0.15762819     -0.07891740
MINMODE:MODE:      66      0.01432305     -0.08113286     -0.05157925
MINMODE:MODE:      67      0.09679714     -0.14011621      0.00882559
MINMODE:MODE:      68      0.04395535     -0.07330403      0.01813339
MINMODE:MODE:      69     -0.05860020      0.02861826     -0.02641040
MINMODE:MODE:      70     -0.12280330      0.07558028     -0.08517243
MINMODE:MODE:      71     -0.10148008      0.03251221     -0.10058124
MINMODE:MODE:      72      0.03034554      0.02967741     -0.00879469
MINMODE:MODE:      73     -0.00142325      0.02186977      0.00529382
MINMODE:MODE:      74      0.09311361     -0.49629080     -0.24047336
MINMODE:MODE:      75      0.17319800     -0.22331555      0.04517633
MINMODE:MODE:      76      0.08613235     -0.10482286      0.05702103
MINMODE:MODE:      77     -0.08819675      0.07308039     -0.01748607
MINMODE:MODE:      78     -0.19303418      0.15339628     -0.11900015
MINMODE:MODE:      79     -0.15718584      0.07311902     -0.14010448
MINMODE:MODE: Optimization Step: 74
MINMODE:MODE: Order: 0
MINMODE:MODE:       0      0.00071739      0.00720981      0.00534864
MINMODE:MODE:       1     -0.00041935      0.00793001     -0.00005395
MINMODE:MODE:       2     -0.00699054      0.00636100      0.02615336
MINMODE:MODE:       3      0.00698071      0.00235367      0.04012721
MINMODE:MODE:       4     -0.00165379      0.00155044      0.01663531
MINMODE:MODE:       5     -0.01170254      0.01793861      0.01688385
MINMODE:MODE:       6      0.01636624      0.00196197      0.01210179
MINMODE:MODE:       7      0.00922873      0.01574915      0.01132879
MINMODE:MODE:       8     -0.02515564      0.04402429      0.01500677
MINMODE:MODE:       9     -0.05382280      0.05957965      0.01980555
MINMODE:MODE:      10     -0.04772013      0.04682237      0.02103489
MINMODE:MODE:      11      0.00984227     -0.00758009      0.01914314
MINMODE:MODE:      12      0.00499519     -0.02065137     -0.00729727
MINMODE:MODE:      13      0.01753758     -0.02680482     -0.00216503
MINMODE:MODE:      14      0.03301430     -0.01995265      0.02778229
MINMODE:MODE:      15      0.03788372     -0.00682148      0.05419577
MINMODE:MODE:      16      0.02715667      0.00091556      0.05123347
MINMODE:MODE:      17     -0.02073952     -0.00785787     -0.04247713
MINMODE:MODE:      18     -0.00524315      0.00386162     -0.01551021
MINMODE:MODE:      19     -0.00115358      0.01397325     -0.00145316
MINMODE:MODE:      20      0.00945876      0.01505920      0.00905469
MINMODE:MODE:      21      0.03501277      0.02371269      0.04125888
MINMODE:MODE:      22      0.03904756      0.02930691      0.03988789
MINMODE:MODE:      23      0.01805417      0.02570410      0.00715361
MINMODE:MODE:      24     -0.00638838      0.01689284     -0.02363857
MINMODE:MODE:      25     -0.01069304      0.01175257     -0.02260227
MINMODE:MODE:      26     -0.01014842      0.02549356     -0.00038107
MINMODE:MODE:      27      0.03810355      0.06152345     -0.05770591
MINMODE:MODE:      28      0.03969855      0.05689080     -0.05622643
MINMODE:MODE:      29     -0.00886390      0.01724129      0.00077280
MINMODE:MODE:      30     -0.05979277     -0.01826095      0.05956017
MINMODE:MODE:      31     -0.06179392     -0.01418459      0.05959197
MINMODE:MODE:      32     -0.00345607      0.00552107      0.02969888
MINMODE:MODE:      33     -0.02766985      0.00743897      0.02975883
MINMODE:MODE:      34      0.02672187     -0.00596307      0.04116083
MINMODE:MODE:      35      0.00042442      0.00768945      0.06091852
MINMODE:MODE:      36      0.04472675     -0.02259837      0.00921190
MINMODE:MODE:      37      0.03107483      0.00334592      0.00782804
MINMODE:MODE:      38     -0.03004871      0.05378809      0.01426977
MINMODE:MODE:      39     -0.08102836      0.08134031      0.02263895
MINMODE:MODE:      40     -0.07175820      0.05869167      0.02452751
MINMODE:MODE:      41     -0.00897649     -0.02868044     -0.03207753
MINMODE:MODE:      42      0.02044179     -0.03491447     -0.02341173
MINMODE:MODE:      43      0.03990033     -0.02378645      0.03042185
MINMODE:MODE:      44      0.05007476     -0.00076984      0.07680656
MINMODE:MODE:      45      0.03218562      0.01231080      0.07308170
MINMODE:MODE:      46     -0.03784309      0.02284226     -0.08530996
MINMODE:MODE:      47     -0.03522617     -0.06051788     -0.05261173
MINMODE:MODE:      48     -0.01317478      0.01398427     -0.00593718
MINMODE:MODE:      49      0.01782245     -0.00465342     -0.01388022
MINMODE:MODE:      50      0.05080522      0.02629341      0.06750286
MINMODE:MODE:      51      0.05811615      0.03614149      0.06387989
MINMODE:MODE:      52      0.02080692      0.02991975      0.00566186
MINMODE:MODE:      53     -0.02318710      0.01401302     -0.04857506
MINMODE:MODE:      54     -0.02995578      0.00373657     -0.04772009
MINMODE:MODE:      55      0.07687398      0.09536807     -0.10092288
MINMODE:MODE:      56      0.07603205      0.08319959     -0.10012497
MINMODE:MODE:      57     -0.00646722      0.01412859      0.00011985
MINMODE:MODE:      58     -0.09861737     -0.04913581      0.10573473
MINMODE:MODE:      59     -0.10472528     -0.04258540      0.10523530
MINMODE:MODE:      60      0.00749631      0.00866383      0.02383743
MINMODE:MODE:      61      0.01160017      0.00902667      0.04159805
MINMODE:MODE:      62      0.00309899     -0.00699594      0.00669415
MINMODE:MODE:      63      0.00826975     -0.01497938      0.01044399
MINMODE:MODE:      64      0.09883596      0.10569611      0.07045780
MINMODE:MODE:      65      0.07131891     -0.15808405     -0.07913768
MINMODE:MODE:      66      0.01444343     -0.08101722     -0.05150881
MINMODE:MODE:      67      0.09678841     -0.13983776      0.00918524
MINMODE:MODE:      68      0.04410179     -0.07320664      0.01828611
MINMODE:MODE:      69     -0.05836714      0.02857604     -0.02657401
MINMODE:MODE:      70     -0.12267981      0.07552013     -0.08550226
MINMODE:MODE:      71     -0.10154411      0.03275867     -0.10075943
MINMODE:MODE:      72      0.03029111      0.02987277     -0.00861985
MINMODE:MODE:      73     -0.00141703      0.02189892      0.00554154
MINMODE:MODE:      74      0.09170087     -0.49743058     -0.24139697
MINMODE:MODE:      75      0.17292415     -0.22289620      0.04569663
MINMODE:MODE:      76      0.08625186     -0.10473943      0.05719045
MINMODE:MODE:      77     -0.08791330      0.07302391     -0.01777069
MINMODE:MODE:      78     -0.19262328      0.15311778     -0.11953830
MINMODE:MODE:      79     -0.15726643      0.07318925     -0.14055974
MINMODE:MODE: Optimization Step: 75
MINMODE:MODE: Order: 0
MINMODE:MODE:       0      0.00069401      0.00725705      0.00546116
MINMODE:MODE:       1     -0.00036509      0.00800272      0.00022224
MINMODE:MODE:       2     -0.00688629      0.00633581      0.02617888
MINMODE:MODE:       3      0.00700418      0.00238298      0.04005533
MINMODE:MODE:       4     -0.00144504      0.00172411      0.01638861
MINMODE:MODE:       5     -0.01171344      0.01795654      0.01684423
MINMODE:MODE:       6      0.01621563      0.00196828      0.01208833
MINMODE:MODE:       7      0.00918992      0.01569098      0.01130399
MINMODE:MODE:       8     -0.02498825      0.04391786      0.01496950
MINMODE:MODE:       9     -0.05347780      0.05944706      0.01972833
MINMODE:MODE:      10     -0.04745854      0.04674004      0.02097186
MINMODE:MODE:      11      0.01062080     -0.00709112      0.01942327
MINMODE:MODE:      12      0.00512336     -0.02050802     -0.00733836
MINMODE:MODE:      13      0.01749046     -0.02635130     -0.00213194
MINMODE:MODE:      14      0.03291485     -0.01983631      0.02776967
MINMODE:MODE:      15      0.03783735     -0.00694598      0.05382469
MINMODE:MODE:      16      0.02731673      0.00066565      0.05087764
MINMODE:MODE:      17     -0.02066731     -0.00792428     -0.04217311
MINMODE:MODE:      18     -0.00529123      0.00383625     -0.01544096
MINMODE:MODE:      19     -0.00114482      0.01391742     -0.00142793
MINMODE:MODE:      20      0.00939495      0.01500495      0.00901716
MINMODE:MODE:      21      0.03480468      0.02356236      0.04118552
MINMODE:MODE:      22      0.03882377      0.02914581      0.03981454
MINMODE:MODE:      23      0.01794723      0.02563804      0.00712912
MINMODE:MODE:      24     -0.00625407      0.01694648     -0.02353228
MINMODE:MODE:      25     -0.01058020      0.01180701     -0.02252984
MINMODE:MODE:      26     -0.00998458      0.02543383     -0.00046633
MINMODE:MODE:      27      0.03807858      0.06092055     -0.05737283
MINMODE:MODE:      28      0.03969618      0.05639669     -0.05598937
MINMODE:MODE:      29     -0.00881172      0.01720293      0.00062988
MINMODE:MODE:      30     -0.05988258     -0.01789570      0.05938997
MINMODE:MODE:      31     -0.06186588     -0.01383308      0.05939262
MINMODE:MODE:      32     -0.00343200      0.00549449      0.02958305
MINMODE:MODE:      33     -0.02740481      0.00726891      0.02980407
MINMODE:MODE:      34      0.02664958     -0.00592748      0.04106637
MINMODE:MODE:      35      0.00052153      0.00774001      0.06079901
MINMODE:MODE:      36      0.04445026     -0.02253948      0.00923922
MINMODE:MODE:      37      0.03095065      0.00328929      0.00783832
MINMODE:MODE:      38     -0.02986773      0.05363588      0.01425429
MINMODE:MODE:      39     -0.08059591      0.08122200      0.02258090
MINMODE:MODE:      40     -0.07141834      0.05864566      0.02444393
MINMODE:MODE:      41     -0.00892207     -0.02840573     -0.03211628
MINMODE:MODE:      42      0.01912317     -0.03458605     -0.02297880
MINMODE:MODE:      43      0.03997140     -0.02386890      0.03045719
MINMODE:MODE:      44      0.05004776     -0.00110735      0.07671135
MINMODE:MODE:      45      0.03189938      0.01202826      0.07305737
MINMODE:MODE:      46     -0.03771762      0.02257798     -0.08512016
MINMODE:MODE:      47     -0.03510014     -0.06054017     -0.05204603
MINMODE:MODE:      48     -0.01319212      0.01390432     -0.00600377
MINMODE:MODE:      49      0.01759233     -0.00457522     -0.01377029
MINMODE:MODE:      50      0.05050016      0.02606043      0.06738686
MINMODE:MODE:      51      0.05781244      0.03591014      0.06381119
MINMODE:MODE:      52      0.02072883      0.02985899      0.00566988
MINMODE:MODE:      53     -0.02298238      0.01413997     -0.04845162
MINMODE:MODE:      54     -0.02974871      0.00386084     -0.04763513
MINMODE:MODE:      55      0.07713843      0.09451844     -0.10059820
MINMODE:MODE:      56      0.07613890      0.08231676     -0.09966265
MINMODE:MODE:      57     -0.00651486      0.01401671      0.00012773
MINMODE:MODE:      58     -0.09871999     -0.04844145      0.10533281
MINMODE:MODE:      59     -0.10469541     -0.04178098      0.10466230
MINMODE:MODE:      60      0.00739365      0.00868946      0.02381194
MINMODE:MODE:      61      0.01157586      0.00899609      0.04154574
MINMODE:MODE:      62      0.00304613     -0.00689820      0.00688111
MINMODE:MODE:      63      0.00824570     -0.01484649      0.01052958
MINMODE:MODE:      64      0.09874334      0.10759966      0.07138793
MINMODE:MODE:      65      0.07123201     -0.15844037     -0.07923584
MINMODE:MODE:      66      0.01488708     -0.08109919     -0.05138133
MINMODE:MODE:      67      0.09685825     -0.13954830      0.00964976
MINMODE:MODE:      68      0.04399213     -0.07290164      0.01842054
MINMODE:MODE:      69     -0.05793906      0.02845378     -0.02673462
MINMODE:MODE:      70     -0.12252444      0.07546900     -0.08591124
MINMODE:MODE:      71     -0.10181885      0.03317384     -0.10104921
MINMODE:MODE:      72      0.03024744      0.03011971     -0.00844632
MINMODE:MODE:      73     -0.00143920      0.02190076      0.00578543
MINMODE:MODE:      74      0.08987371     -0.49882175     -0.24250649
MINMODE:MODE:      75      0.17268849     -0.22241143      0.04636149
MINMODE:MODE:      76      0.08645405     -0.10461735      0.05747676
MINMODE:MODE:      77     -0.08752226      0.07292682     -0.01811573
MINMODE:MODE:      78     -0.19213754      0.15275198     -0.12016343
MINMODE:MODE:      79     -0.15740509      0.07327179     -0.14101259
MINMODE:MODE: Optimization Step: 76
MINMODE:MODE: Order: 0
MINMODE:MODE:       0      0.00070794      0.00729282      0.00560192
MINMODE:MODE:       1     -0.00031511      0.00802837      0.00050174
MINMODE:MODE:       2     -0.00679684      0.00633153      0.02620428
MINMODE:MODE:       3      0.00703962      0.00242937      0.03999038
MINMODE:MODE:       4     -0.00127784      0.00185577      0.01627205
MINMODE:MODE:       5     -0.01166945      0.01799178      0.01683582
MINMODE:MODE:       6      0.01611172      0.00200623      0.01207538
MINMODE:MODE:       7      0.00917215      0.01566480      0.01127300
MINMODE:MODE:       8     -0.02485219      0.04379587      0.01492570
MINMODE:MODE:       9     -0.05319202      0.05931493      0.01968069
MINMODE:MODE:      10     -0.04724249      0.04666469      0.02093792
MINMODE:MODE:      11      0.01106954     -0.00677572      0.01959817
MINMODE:MODE:      12      0.00528158     -0.02034496     -0.00727215
MINMODE:MODE:      13      0.01742860     -0.02605655     -0.00212145
MINMODE:MODE:      14      0.03283347     -0.01969603      0.02774739
MINMODE:MODE:      15      0.03777182     -0.00699627      0.05354275
MINMODE:MODE:      16      0.02740120      0.00056129      0.05067503
MINMODE:MODE:      17     -0.02058807     -0.00798908     -0.04189459
MINMODE:MODE:      18     -0.00531644      0.00377997     -0.01536458
MINMODE:MODE:      19     -0.00116955      0.01385865     -0.00142476
MINMODE:MODE:      20      0.00931530      0.01496665      0.00901189
MINMODE:MODE:      21      0.03463665      0.02345905      0.04109283
MINMODE:MODE:      22      0.03863758      0.02904358      0.03973052
MINMODE:MODE:      23      0.01789340      0.02556870      0.00710270
MINMODE:MODE:      24     -0.00618268      0.01695201     -0.02342943
MINMODE:MODE:      25     -0.01050845      0.01180825     -0.02245534
MINMODE:MODE:      26     -0.01000249      0.02533490     -0.00055980
MINMODE:MODE:      27      0.03809874      0.06058175     -0.05716663
MINMODE:MODE:      28      0.03964902      0.05607183     -0.05580575
MINMODE:MODE:      29     -0.00874457      0.01716129      0.00067225
MINMODE:MODE:      30     -0.05984568     -0.01771545      0.05915538
MINMODE:MODE:      31     -0.06177050     -0.01363242      0.05917086
MINMODE:MODE:      32     -0.00340639      0.00550265      0.02947985
MINMODE:MODE:      33     -0.02714129      0.00710616      0.02982119
MINMODE:MODE:      34      0.02659183     -0.00589449      0.04100395
MINMODE:MODE:      35      0.00058662      0.00778976      0.06068274
MINMODE:MODE:      36      0.04422433     -0.02243118      0.00925135
MINMODE:MODE:      37      0.03084654      0.00326767      0.00781496
MINMODE:MODE:      38     -0.02970960      0.05347634      0.01422493
MINMODE:MODE:      39     -0.08022052      0.08105568      0.02253456
MINMODE:MODE:      40     -0.07110011      0.05856955      0.02440388
MINMODE:MODE:      41     -0.00880118     -0.02822659     -0.03212515
MINMODE:MODE:      42      0.01811315     -0.03440217     -0.02263209
MINMODE:MODE:      43      0.04004034     -0.02389468      0.03045952
MINMODE:MODE:      44      0.04997757     -0.00134273      0.07653344
MINMODE:MODE:      45      0.03167248      0.01181229      0.07296478
MINMODE:MODE:      46     -0.03754706      0.02242342     -0.08483475
MINMODE:MODE:      47     -0.03506047     -0.06052094     -0.05166818
MINMODE:MODE:      48     -0.01320160      0.01383462     -0.00605694
MINMODE:MODE:      49      0.01739126     -0.00453621     -0.01370371
MINMODE:MODE:      50      0.05023149      0.02592263      0.06725360
MINMODE:MODE:      51      0.05757487      0.03574700      0.06369620
MINMODE:MODE:      52      0.02066960      0.02978979      0.00566104
MINMODE:MODE:      53     -0.02279984      0.01418382     -0.04830128
MINMODE:MODE:      54     -0.02960088      0.00392799     -0.04749418
MINMODE:MODE:      55      0.07708247      0.09390944     -0.10029111
MINMODE:MODE:      56      0.07610343      0.08172358     -0.09914723
MINMODE:MODE:      57     -0.00649864      0.01394287      0.00017437
MINMODE:MODE:      58     -0.09862464     -0.04799217      0.10500221
MINMODE:MODE:      59     -0.10458364     -0.04128659      0.10409136
MINMODE:MODE:      60      0.00735756      0.00873401      0.02394737
MINMODE:MODE:      61      0.01149962      0.00897371      0.04128641
MINMODE:MODE:      62      0.00299528     -0.00677050      0.00702754
MINMODE:MODE:      63      0.00824310     -0.01474859      0.01066980
MINMODE:MODE:      64      0.09837555      0.10897564      0.07194893
MINMODE:MODE:      65      0.07074372     -0.15811949     -0.07925481
MINMODE:MODE:      66      0.01480044     -0.08100811     -0.05140448
MINMODE:MODE:      67      0.09695153     -0.13948704      0.00992017
MINMODE:MODE:      68      0.04398325     -0.07282074      0.01852324
MINMODE:MODE:      69     -0.05769913      0.02843654     -0.02675075
MINMODE:MODE:      70     -0.12229293      0.07545543     -0.08616196
MINMODE:MODE:      71     -0.10186892      0.03340086     -0.10127297
MINMODE:MODE:      72      0.03019057      0.03035824     -0.00820345
MINMODE:MODE:      73     -0.00146814      0.02192135      0.00600268
MINMODE:MODE:      74      0.08921743     -0.50030990     -0.24354057
MINMODE:MODE:      75      0.17251006     -0.22212495      0.04669990
MINMODE:MODE:      76      0.08652660     -0.10452848      0.05763403
MINMODE:MODE:      77     -0.08716318      0.07274609     -0.01825485
MINMODE:MODE:      78     -0.19176115      0.15261063     -0.12052286
MINMODE:MODE:      79     -0.15752530      0.07353015     -0.14139686
MINMODE:MODE: Optimization Step: 77
MINMODE:MODE: Order: 0
MINMODE:MODE:       0      0.00073059      0.00733688      0.00575178
MINMODE:MODE:       1     -0.00025663      0.00807627      0.00077595
MINMODE:MODE:       2     -0.00671078      0.00633121      0.02623338
MINMODE:MODE:       3      0.00706797      0.00247888      0.03994529
MINMODE:MODE:       4     -0.00115413      0.00196353      0.01622453
MINMODE:MODE:       5     -0.01160969      0.01802470      0.01683342
MINMODE:MODE:       6      0.01603699      0.00205581      0.01206614
MINMODE:MODE:       7      0.00915918      0.01564931      0.01124830
MINMODE:MODE:       8     -0.02472357      0.04368461      0.01489119
MINMODE:MODE:       9     -0.05294263      0.05919522      0.01965052
MINMODE:MODE:      10     -0.04705006      0.04660794      0.02092056
MINMODE:MODE:      11      0.01136458     -0.00656043      0.01972945
MINMODE:MODE:      12      0.00543829     -0.02020009     -0.00716491
MINMODE:MODE:      13      0.01737183     -0.02584802     -0.00211381
MINMODE:MODE:      14      0.03277416     -0.01955965      0.02772291
MINMODE:MODE:      15      0.03770542     -0.00700437      0.05333303
MINMODE:MODE:      16      0.02745323      0.00051390      0.05053544
MINMODE:MODE:      17     -0.02052312     -0.00798101     -0.04165193
MINMODE:MODE:      18     -0.00535761      0.00373619     -0.01530416
MINMODE:MODE:      19     -0.00120468      0.01379859     -0.00141807
MINMODE:MODE:      20      0.00924449      0.01491992      0.00901375
MINMODE:MODE:      21      0.03448254      0.02338137      0.04100223
MINMODE:MODE:      22      0.03848028      0.02896349      0.03964714
MINMODE:MODE:      23      0.01785150      0.02551151      0.00708927
MINMODE:MODE:      24     -0.00613299      0.01693890     -0.02334304
MINMODE:MODE:      25     -0.01045999      0.01179300     -0.02238320
MINMODE:MODE:      26     -0.01002215      0.02522829     -0.00059585
MINMODE:MODE:      27      0.03815215      0.06038286     -0.05708040
MINMODE:MODE:      28      0.03961394      0.05580639     -0.05563898
MINMODE:MODE:      29     -0.00871667      0.01707561      0.00075744
MINMODE:MODE:      30     -0.05973859     -0.01759356      0.05891587
MINMODE:MODE:      31     -0.06163973     -0.01348771      0.05892384
MINMODE:MODE:      32     -0.00337779      0.00552475      0.02938091
MINMODE:MODE:      33     -0.02686804      0.00695010      0.02983411
MINMODE:MODE:      34      0.02655003     -0.00586063      0.04096078
MINMODE:MODE:      35      0.00064077      0.00783975      0.06058445
MINMODE:MODE:      36      0.04402717     -0.02229972      0.00925601
MINMODE:MODE:      37      0.03075426      0.00326359      0.00778826
MINMODE:MODE:      38     -0.02956002      0.05331758      0.01419723
MINMODE:MODE:      39     -0.07987599      0.08088064      0.02249893
MINMODE:MODE:      40     -0.07079640      0.05848797      0.02438005
MINMODE:MODE:      41     -0.00867667     -0.02808385     -0.03209398
MINMODE:MODE:      42      0.01730097     -0.03429431     -0.02235453
MINMODE:MODE:      43      0.04010140     -0.02388836      0.03044902
MINMODE:MODE:      44      0.04986669     -0.00150657      0.07632355
MINMODE:MODE:      45      0.03148335      0.01165294      0.07283671
MINMODE:MODE:      46     -0.03735770      0.02228009     -0.08450944
MINMODE:MODE:      47     -0.03504963     -0.06047773     -0.05135365
MINMODE:MODE:      48     -0.01321502      0.01376255     -0.00610203
MINMODE:MODE:      49      0.01722736     -0.00452515     -0.01365140
MINMODE:MODE:      50      0.04998799      0.02582528      0.06711475
MINMODE:MODE:      51      0.05737119      0.03562311      0.06357308
MINMODE:MODE:      52      0.02061871      0.02972555      0.00564927
MINMODE:MODE:      53     -0.02263335      0.01419649     -0.04814331
MINMODE:MODE:      54     -0.02947581      0.00396948     -0.04734149
MINMODE:MODE:      55      0.07687597      0.09339671     -0.09994944
MINMODE:MODE:      56      0.07599042      0.08124127     -0.09862499
MINMODE:MODE:      57     -0.00647094      0.01387781      0.00023990
MINMODE:MODE:      58     -0.09844998     -0.04764921      0.10467923
MINMODE:MODE:      59     -0.10444207     -0.04092221      0.10355618
MINMODE:MODE:      60      0.00731249      0.00875369      0.02402101
MINMODE:MODE:      61      0.01144518      0.00898241      0.04114327
MINMODE:MODE:      62      0.00297395     -0.00666763      0.00716526
MINMODE:MODE:      63      0.00821820     -0.01462819      0.01077074
MINMODE:MODE:      64      0.09792520      0.11010370      0.07233816
MINMODE:MODE:      65      0.07031717     -0.15766040     -0.07930664
MINMODE:MODE:      66      0.01448182     -0.08078997     -0.05151513
MINMODE:MODE:      67      0.09698787     -0.13946542      0.01007169
MINMODE:MODE:      68      0.04402911     -0.07278889      0.01865482
MINMODE:MODE:      69     -0.05751487      0.02841663     -0.02674990
MINMODE:MODE:      70     -0.12198336      0.07541994     -0.08627237
MINMODE:MODE:      71     -0.10181662      0.03350690     -0.10145022
MINMODE:MODE:      72      0.03011283      0.03058451     -0.00794465
MINMODE:MODE:      73     -0.00149446      0.02196392      0.00620913
MINMODE:MODE:      74      0.08879017     -0.50174287     -0.24457679
MINMODE:MODE:      75      0.17240499     -0.22199474      0.04690285
MINMODE:MODE:      76      0.08649988     -0.10443417      0.05770088
MINMODE:MODE:      77     -0.08678144      0.07249484     -0.01830161
MINMODE:MODE:      78     -0.19148647      0.15262245     -0.12079838
MINMODE:MODE:      79     -0.15765261      0.07379584     -0.14175734
MINMODE:MODE: Optimization Step: 78
MINMODE:MODE: Order: 0
MINMODE:MODE:       0      0.00074752      0.00738019      0.00589847
MINMODE:MODE:       1     -0.00021466      0.00811931      0.00104470
MINMODE:MODE:       2     -0.00663063      0.00633682      0.02626722
MINMODE:MODE:       3      0.00709239      0.00252998      0.03991778
MINMODE:MODE:       4     -0.00106838      0.00205050      0.01621945
MINMODE:MODE:       5     -0.01155843      0.01806891      0.01683921
MINMODE:MODE:       6      0.01597355      0.00211688      0.01206281
MINMODE:MODE:       7      0.00914197      0.01564661      0.01123515
MINMODE:MODE:       8     -0.02460269      0.04358627      0.01486990
MINMODE:MODE:       9     -0.05270952      0.05908290      0.01963181
MINMODE:MODE:      10     -0.04685120      0.04654987      0.02090593
MINMODE:MODE:      11      0.01156943     -0.00641042      0.01984218
MINMODE:MODE:      12      0.00557447     -0.02008126     -0.00704572
MINMODE:MODE:      13      0.01732782     -0.02569109     -0.00209025
MINMODE:MODE:      14      0.03272470     -0.01943828      0.02769466
MINMODE:MODE:      15      0.03764464     -0.00698588      0.05318001
MINMODE:MODE:      16      0.02748944      0.00050624      0.05044368
MINMODE:MODE:      17     -0.02046651     -0.00798745     -0.04142488
MINMODE:MODE:      18     -0.00539853      0.00369481     -0.01525985
MINMODE:MODE:      19     -0.00122653      0.01374527     -0.00140208
MINMODE:MODE:      20      0.00917605      0.01486928      0.00901325
MINMODE:MODE:      21      0.03433884      0.02331763      0.04091729
MINMODE:MODE:      22      0.03834198      0.02889787      0.03956975
MINMODE:MODE:      23      0.01780750      0.02546468      0.00707781
MINMODE:MODE:      24     -0.00607648      0.01692280     -0.02324693
MINMODE:MODE:      25     -0.01041048      0.01177740     -0.02230091
MINMODE:MODE:      26     -0.00994754      0.02517936     -0.00069353
MINMODE:MODE:      27      0.03806993      0.06012729     -0.05685958
MINMODE:MODE:      28      0.03950640      0.05553356     -0.05538613
MINMODE:MODE:      29     -0.00866227      0.01701480      0.00077314
MINMODE:MODE:      30     -0.05963843     -0.01752806      0.05872604
MINMODE:MODE:      31     -0.06152806     -0.01339402      0.05871351
MINMODE:MODE:      32     -0.00335166      0.00555420      0.02928817
MINMODE:MODE:      33     -0.02661708      0.00680413      0.02985215
MINMODE:MODE:      34      0.02652131     -0.00582354      0.04093500
MINMODE:MODE:      35      0.00068989      0.00789053      0.06050743
MINMODE:MODE:      36      0.04385426     -0.02216338      0.00925770
MINMODE:MODE:      37      0.03067494      0.00326788      0.00776845
MINMODE:MODE:      38     -0.02941967      0.05317414      0.01417890
MINMODE:MODE:      39     -0.07956492      0.08072153      0.02247480
MINMODE:MODE:      40     -0.07052772      0.05842068      0.02436661
MINMODE:MODE:      41     -0.00856067     -0.02796585     -0.03203474
MINMODE:MODE:      42      0.01665036     -0.03423718     -0.02214241
MINMODE:MODE:      43      0.04015224     -0.02386307      0.03043420
MINMODE:MODE:      44      0.04973903     -0.00161995      0.07611089
MINMODE:MODE:      45      0.03132838      0.01152817      0.07268490
MINMODE:MODE:      46     -0.03718002      0.02215494     -0.08420928
MINMODE:MODE:      47     -0.03503571     -0.06041937     -0.05104690
MINMODE:MODE:      48     -0.01322759      0.01369606     -0.00614233
MINMODE:MODE:      49      0.01707130     -0.00452306     -0.01360739
MINMODE:MODE:      50      0.04977051      0.02574948      0.06698615
MINMODE:MODE:      51      0.05719296      0.03552588      0.06346088
MINMODE:MODE:      52      0.02057453      0.02967447      0.00564022
MINMODE:MODE:      53     -0.02249150      0.01419769     -0.04800451
MINMODE:MODE:      54     -0.02937191      0.00399501     -0.04720305
MINMODE:MODE:      55      0.07669842      0.09302430     -0.09968760
MINMODE:MODE:      56      0.07587949      0.08085686     -0.09817031
MINMODE:MODE:      57     -0.00645644      0.01381079      0.00030744
MINMODE:MODE:      58     -0.09822986     -0.04733915      0.10432810
MINMODE:MODE:      59     -0.10427058     -0.04059163      0.10304532
MINMODE:MODE:      60      0.00728202      0.00877499      0.02409763
MINMODE:MODE:      61      0.01139059      0.00900092      0.04101136
MINMODE:MODE:      62      0.00296138     -0.00656930      0.00730142
MINMODE:MODE:      63      0.00819247     -0.01450802      0.01088426
MINMODE:MODE:      64      0.09756811      0.11138925      0.07283420
MINMODE:MODE:      65      0.06989670     -0.15781660     -0.07973710
MINMODE:MODE:      66      0.01434853     -0.08072291     -0.05163031
MINMODE:MODE:      67      0.09672586     -0.13927118      0.01007560
MINMODE:MODE:      68      0.04401837     -0.07275158      0.01870813
MINMODE:MODE:      69     -0.05718039      0.02827038     -0.02675406
MINMODE:MODE:      70     -0.12175505      0.07540697     -0.08636182
MINMODE:MODE:      71     -0.10194079      0.03370430     -0.10168324
MINMODE:MODE:      72      0.03006114      0.03082536     -0.00770490
MINMODE:MODE:      73     -0.00151677      0.02202309      0.00640019
MINMODE:MODE:      74      0.08837409     -0.50277954     -0.24545411
MINMODE:MODE:      75      0.17237616     -0.22196631      0.04707583
MINMODE:MODE:      76      0.08652674     -0.10442551      0.05779681
MINMODE:MODE:      77     -0.08641529      0.07228027     -0.01831553
MINMODE:MODE:      78     -0.19119523      0.15260774     -0.12099049
MINMODE:MODE:      79     -0.15774719      0.07402435     -0.14206655
MINMODE:MODE: Optimization Step: 79
MINMODE:MODE: Order: 0
MINMODE:MODE:       0      0.00076470      0.00743523      0.00603702
MINMODE:MODE:       1     -0.00017337      0.00816764      0.00129989
MINMODE:MODE:       2     -0.00655588      0.00634507      0.02631761
MINMODE:MODE:       3      0.00711959      0.00258058      0.03992330
MINMODE:MODE:       4     -0.00101457      0.00212260      0.01624499
MINMODE:MODE:       5     -0.01150671      0.01811348      0.01685428
MINMODE:MODE:       6      0.01592343      0.00218559      0.01207298
MINMODE:MODE:       7      0.00913755      0.01565264      0.01123480
MINMODE:MODE:       8     -0.02450598      0.04352445      0.01486643
MINMODE:MODE:       9     -0.05252746      0.05901700      0.01963182
MINMODE:MODE:      10     -0.04669292      0.04652629      0.02090679
MINMODE:MODE:      11      0.01172507     -0.00630094      0.01995777
MINMODE:MODE:      12      0.00568961     -0.01999478     -0.00693265
MINMODE:MODE:      13      0.01729741     -0.02558483     -0.00206349
MINMODE:MODE:      14      0.03270010     -0.01933908      0.02768165
MINMODE:MODE:      15      0.03760363     -0.00695875      0.05308467
MINMODE:MODE:      16      0.02752480      0.00051179      0.05039620
MINMODE:MODE:      17     -0.02041672     -0.00801243     -0.04122355
MINMODE:MODE:      18     -0.00542789      0.00365152     -0.01522896
MINMODE:MODE:      19     -0.00123708      0.01370817     -0.00138356
MINMODE:MODE:      20      0.00912039      0.01482895      0.00901083
MINMODE:MODE:      21      0.03422283      0.02327127      0.04085992
MINMODE:MODE:      22      0.03823880      0.02885610      0.03952284
MINMODE:MODE:      23      0.01778070      0.02544112      0.00708262
MINMODE:MODE:      24     -0.00603457      0.01691325     -0.02318034
MINMODE:MODE:      25     -0.01037458      0.01176075     -0.02223646
MINMODE:MODE:      26     -0.00992198      0.02511557     -0.00071126
MINMODE:MODE:      27      0.03802954      0.05993981     -0.05670343
MINMODE:MODE:      28      0.03947562      0.05535469     -0.05524902
MINMODE:MODE:      29     -0.00866462      0.01692305      0.00084830
MINMODE:MODE:      30     -0.05952840     -0.01745474      0.05854574
MINMODE:MODE:      31     -0.06139088     -0.01329199      0.05849025
MINMODE:MODE:      32     -0.00332840      0.00558951      0.02921656
MINMODE:MODE:      33     -0.02640848      0.00667231      0.02989282
MINMODE:MODE:      34      0.02650556     -0.00578333      0.04094231
MINMODE:MODE:      35      0.00074006      0.00794441      0.06047438
MINMODE:MODE:      36      0.04371753     -0.02203599      0.00926225
MINMODE:MODE:      37      0.03062029      0.00327732      0.00776229
MINMODE:MODE:      38     -0.02930175      0.05307155      0.01417655
MINMODE:MODE:      39     -0.07931133      0.08061228      0.02246937
MINMODE:MODE:      40     -0.07031344      0.05839260      0.02436903
MINMODE:MODE:      41     -0.00846295     -0.02787944     -0.03197412
MINMODE:MODE:      42      0.01613720     -0.03422280     -0.02198181
MINMODE:MODE:      43      0.04020679     -0.02383631      0.03043088
MINMODE:MODE:      44      0.04963467     -0.00169822      0.07594736
MINMODE:MODE:      45      0.03121936      0.01143594      0.07256471
MINMODE:MODE:      46     -0.03704493      0.02207278     -0.08401664
MINMODE:MODE:      47     -0.03502761     -0.06039626     -0.05075740
MINMODE:MODE:      48     -0.01323892      0.01364230     -0.00618605
MINMODE:MODE:      49      0.01691029     -0.00451970     -0.01357042
MINMODE:MODE:      50      0.04959798      0.02569688      0.06690378
MINMODE:MODE:      51      0.05705763      0.03546257      0.06339066
MINMODE:MODE:      52      0.02054352      0.02964951      0.00563815
MINMODE:MODE:      53     -0.02237286      0.01420371     -0.04789656
MINMODE:MODE:      54     -0.02928841      0.00401638     -0.04709463
MINMODE:MODE:      55      0.07655371      0.09275469     -0.09948204
MINMODE:MODE:      56      0.07577405      0.08054050     -0.09777768
MINMODE:MODE:      57     -0.00645582      0.01375387      0.00036720
MINMODE:MODE:      58     -0.09809716     -0.04711337      0.10406439
MINMODE:MODE:      59     -0.10416419     -0.04031187      0.10264577
MINMODE:MODE:      60      0.00726471      0.00882121      0.02419280
MINMODE:MODE:      61      0.01134100      0.00902680      0.04090267
MINMODE:MODE:      62      0.00295055     -0.00647972      0.00745228
MINMODE:MODE:      63      0.00817818     -0.01441264      0.01100053
MINMODE:MODE:      64      0.09722765      0.11141995      0.07273415
MINMODE:MODE:      65      0.06958433     -0.15737518     -0.07978083
MINMODE:MODE:      66      0.01412343     -0.08058238     -0.05178420
MINMODE:MODE:      67      0.09678764     -0.13933147      0.01014783
MINMODE:MODE:      68      0.04412247     -0.07282961      0.01880205
MINMODE:MODE:      69     -0.05701059      0.02824570     -0.02678259
MINMODE:MODE:      70     -0.12167535      0.07546261     -0.08652474
MINMODE:MODE:      71     -0.10209523      0.03387130     -0.10198569
MINMODE:MODE:      72      0.03003398      0.03108004     -0.00747581
MINMODE:MODE:      73     -0.00153563      0.02210103      0.00660055
MINMODE:MODE:      74      0.08807284     -0.50363781     -0.24627912
MINMODE:MODE:      75      0.17226955     -0.22191667      0.04714585
MINMODE:MODE:      76      0.08659994     -0.10449007      0.05790477
MINMODE:MODE:      77     -0.08609098      0.07215096     -0.01833957
MINMODE:MODE:      78     -0.19094280      0.15258191     -0.12119100
MINMODE:MODE:      79     -0.15798826      0.07429310     -0.14247906
MINMODE:MODE: Optimization Step: 80
MINMODE:MODE: Order: 0
MINMODE:MODE:       0      0.00077437      0.00748924      0.00617398
MINMODE:MODE:       1     -0.00011508      0.00823795      0.00155801
MINMODE:MODE:       2     -0.00647207      0.00634839      0.02635864
MINMODE:MODE:       3      0.00714298      0.00262879      0.03991382
MINMODE:MODE:       4     -0.00096423      0.00218990      0.01627131
MINMODE:MODE:       5     -0.01144454      0.01814887      0.01686236
MINMODE:MODE:       6      0.01587437      0.00225027      0.01207969
MINMODE:MODE:       7      0.00913141      0.01565214      0.01123535
MINMODE:MODE:       8     -0.02438897      0.04343758      0.01485986
MINMODE:MODE:       9     -0.05231650      0.05892086      0.01962502
MINMODE:MODE:      10     -0.04651241      0.04648327      0.02090005
MINMODE:MODE:      11      0.01184544     -0.00620556      0.02005668
MINMODE:MODE:      12      0.00579216     -0.01990353     -0.00680562
MINMODE:MODE:      13      0.01725428     -0.02547784     -0.00202638
MINMODE:MODE:      14      0.03265319     -0.01922971      0.02765264
MINMODE:MODE:      15      0.03753685     -0.00691779      0.05296926
MINMODE:MODE:      16      0.02753004      0.00052102      0.05032004
MINMODE:MODE:      17     -0.02034578     -0.00801830     -0.04099200
MINMODE:MODE:      18     -0.00545465      0.00360645     -0.01518437
MINMODE:MODE:      19     -0.00124141      0.01366155     -0.00135347
MINMODE:MODE:      20      0.00906337      0.01478135      0.00900224
MINMODE:MODE:      21      0.03408450      0.02320875      0.04078731
MINMODE:MODE:      22      0.03811603      0.02880025      0.03946231
MINMODE:MODE:      23      0.01774205      0.02540487      0.00708560
MINMODE:MODE:      24     -0.00599239      0.01689207     -0.02310415
MINMODE:MODE:      25     -0.01034138      0.01173446     -0.02216578
MINMODE:MODE:      26     -0.00989835      0.02503699     -0.00070380
MINMODE:MODE:      27      0.03801378      0.05974566     -0.05656207
MINMODE:MODE:      28      0.03942981      0.05513612     -0.05506519
MINMODE:MODE:      29     -0.00865559      0.01681813      0.00089370
MINMODE:MODE:      30     -0.05937179     -0.01736757      0.05831447
MINMODE:MODE:      31     -0.06121068     -0.01318359      0.05822925
MINMODE:MODE:      32     -0.00330069      0.00562274      0.02912660
MINMODE:MODE:      33     -0.02617598      0.00653226      0.02992481
MINMODE:MODE:      34      0.02646953     -0.00572971      0.04093176
MINMODE:MODE:      35      0.00079442      0.00799663      0.06040693
MINMODE:MODE:      36      0.04354668     -0.02188148      0.00926277
MINMODE:MODE:      37      0.03054706      0.00328797      0.00776030
MINMODE:MODE:      38     -0.02915970      0.05293701      0.01417254
MINMODE:MODE:      39     -0.07899906      0.08045023      0.02245456
MINMODE:MODE:      40     -0.07004552      0.05833009      0.02435627
MINMODE:MODE:      41     -0.00836626     -0.02778011     -0.03187528
MINMODE:MODE:      42      0.01567415     -0.03419932     -0.02182799
MINMODE:MODE:      43      0.04022172     -0.02378253      0.03040619
MINMODE:MODE:      44      0.04949148     -0.00175635      0.07572938
MINMODE:MODE:      45      0.03110741      0.01134998      0.07239119
MINMODE:MODE:      46     -0.03688659      0.02198981     -0.08379237
MINMODE:MODE:      47     -0.03500126     -0.06034787     -0.05042634
MINMODE:MODE:      48     -0.01323659      0.01357446     -0.00623326
MINMODE:MODE:      49      0.01672513     -0.00451388     -0.01352181
MINMODE:MODE:      50      0.04939279      0.02562660      0.06677990
MINMODE:MODE:      51      0.05688037      0.03537902      0.06327543
MINMODE:MODE:      52      0.02050001      0.02961118      0.00563626
MINMODE:MODE:      53     -0.02223652      0.01420155     -0.04775334
MINMODE:MODE:      54     -0.02917851      0.00403373     -0.04695282
MINMODE:MODE:      55      0.07633498      0.09241685     -0.09917555
MINMODE:MODE:      56      0.07560741      0.08017217     -0.09731869
MINMODE:MODE:      57     -0.00646889      0.01367927      0.00043084
MINMODE:MODE:      58     -0.09791885     -0.04687176      0.10374359
MINMODE:MODE:      59     -0.10398156     -0.03999526      0.10218430
MINMODE:MODE:      60      0.00722918      0.00886882      0.02420912
MINMODE:MODE:      61      0.01129677      0.00905950      0.04083215
MINMODE:MODE:      62      0.00294960     -0.00639594      0.00762472
MINMODE:MODE:      63      0.00815119     -0.01429928      0.01111401
MINMODE:MODE:      64      0.09698476      0.11298087      0.07346162
MINMODE:MODE:      65      0.06917555     -0.15830346     -0.08061195
MINMODE:MODE:      66      0.01387458     -0.08055705     -0.05199471
MINMODE:MODE:      67      0.09677689     -0.13939187      0.01023667
MINMODE:MODE:      68      0.04426380     -0.07293312      0.01888412
MINMODE:MODE:      69     -0.05683963      0.02823408     -0.02679925
MINMODE:MODE:      70     -0.12154612      0.07551456     -0.08668252
MINMODE:MODE:      71     -0.10213178      0.03399592     -0.10223918
MINMODE:MODE:      72      0.02996849      0.03131934     -0.00721590
MINMODE:MODE:      73     -0.00155165      0.02217077      0.00679942
MINMODE:MODE:      74      0.08758758     -0.50418882     -0.24699899
MINMODE:MODE:      75      0.17202328     -0.22171785      0.04715890
MINMODE:MODE:      76      0.08665023     -0.10450706      0.05799119
MINMODE:MODE:      77     -0.08569234      0.07198844     -0.01834818
MINMODE:MODE:      78     -0.19056451      0.15246058     -0.12131623
MINMODE:MODE:      79     -0.15820187      0.07453723     -0.14284995
MINMODE:MODE: Optimization Step: 81
MINMODE:MODE: Order: 0
MINMODE:MODE:       0      0.00077514      0.00755296      0.00632061
MINMODE:MODE:       1     -0.00003592      0.00837798      0.00180514
MINMODE:MODE:       2     -0.00637685      0.00634762      0.02638892
MINMODE:MODE:       3      0.00717004      0.00267036      0.03989108
MINMODE:MODE:       4     -0.00095142      0.00225209      0.01629326
MINMODE:MODE:       5     -0.01138616      0.01816423      0.01686457
MINMODE:MODE:       6      0.01582430      0.00229149      0.01208446
MINMODE:MODE:       7      0.00911299      0.01563881      0.01124201
MINMODE:MODE:       8     -0.02425119      0.04333403      0.01485565
MINMODE:MODE:       9     -0.05208002      0.05881130      0.01960792
MINMODE:MODE:      10     -0.04632342      0.04644215      0.02088725
MINMODE:MODE:      11      0.01192437     -0.00613651      0.02013644
MINMODE:MODE:      12      0.00587180     -0.01981183     -0.00667632
MINMODE:MODE:      13      0.01720264     -0.02536430     -0.00197519
MINMODE:MODE:      14      0.03259065     -0.01912293      0.02760795
MINMODE:MODE:      15      0.03746117     -0.00687173      0.05284131
MINMODE:MODE:      16      0.02751988      0.00052472      0.05022348
MINMODE:MODE:      17     -0.02027548     -0.00796888     -0.04076645
MINMODE:MODE:      18     -0.00551472      0.00358795     -0.01514407
MINMODE:MODE:      19     -0.00121979      0.01362874     -0.00131250
MINMODE:MODE:      20      0.00901813      0.01473129      0.00898035
MINMODE:MODE:      21      0.03392897      0.02311372      0.04073106
MINMODE:MODE:      22      0.03796901      0.02871204      0.03939840
MINMODE:MODE:      23      0.01767666      0.02536730      0.00708537
MINMODE:MODE:      24     -0.00593531      0.01688132     -0.02302755
MINMODE:MODE:      25     -0.01031210      0.01171419     -0.02209932
MINMODE:MODE:      26     -0.00974327      0.02495223     -0.00072262
MINMODE:MODE:      27      0.03808580      0.05942282     -0.05641656
MINMODE:MODE:      28      0.03941455      0.05478353     -0.05480873
MINMODE:MODE:      29     -0.00863447      0.01667295      0.00086988
MINMODE:MODE:      30     -0.05924957     -0.01729047      0.05811916
MINMODE:MODE:      31     -0.06109656     -0.01314477      0.05802800
MINMODE:MODE:      32     -0.00327025      0.00565094      0.02902759
MINMODE:MODE:      33     -0.02591286      0.00639015      0.02996278
MINMODE:MODE:      34      0.02641801     -0.00566973      0.04089902
MINMODE:MODE:      35      0.00086635      0.00803850      0.06031507
MINMODE:MODE:      36      0.04333674     -0.02172849      0.00926513
MINMODE:MODE:      37      0.03045120      0.00329271      0.00777332
MINMODE:MODE:      38     -0.02899855      0.05279297      0.01417335
MINMODE:MODE:      39     -0.07864463      0.08028366      0.02242795
MINMODE:MODE:      40     -0.06973478      0.05825327      0.02432075
MINMODE:MODE:      41     -0.00828866     -0.02766938     -0.03174464
MINMODE:MODE:      42      0.01527989     -0.03416066     -0.02169343
MINMODE:MODE:      43      0.04020440     -0.02370978      0.03036336
MINMODE:MODE:      44      0.04933959     -0.00180351      0.07547132
MINMODE:MODE:      45      0.03100875      0.01126952      0.07219872
MINMODE:MODE:      46     -0.03672582      0.02184577     -0.08358404
MINMODE:MODE:      47     -0.03495784     -0.06033675     -0.05003432
MINMODE:MODE:      48     -0.01323027      0.01349110     -0.00629211
MINMODE:MODE:      49      0.01654902     -0.00450526     -0.01344680
MINMODE:MODE:      50      0.04916465      0.02551788      0.06664439
MINMODE:MODE:      51      0.05665856      0.03525994      0.06316340
MINMODE:MODE:      52      0.02044412      0.02957056      0.00564087
MINMODE:MODE:      53     -0.02208359      0.01423005     -0.04760114
MINMODE:MODE:      54     -0.02902894      0.00407145     -0.04682817
MINMODE:MODE:      55      0.07609405      0.09202144     -0.09881072
MINMODE:MODE:      56      0.07550479      0.07976980     -0.09691576
MINMODE:MODE:      57     -0.00653076      0.01360558      0.00048820
MINMODE:MODE:      58     -0.09784582     -0.04647655      0.10335191
MINMODE:MODE:      59     -0.10381889     -0.03944179      0.10170635
MINMODE:MODE:      60      0.00722912      0.00890443      0.02432515
MINMODE:MODE:      61      0.01122268      0.00910690      0.04063865
MINMODE:MODE:      62      0.00292944     -0.00630877      0.00772092
MINMODE:MODE:      63      0.00814320     -0.01420434      0.01128317
MINMODE:MODE:      64      0.09686088      0.11435547      0.07428794
MINMODE:MODE:      65      0.06877180     -0.15815635     -0.08086797
MINMODE:MODE:      66      0.01384746     -0.08057177     -0.05211994
MINMODE:MODE:      67      0.09647590     -0.13923976      0.01033022
MINMODE:MODE:      68      0.04432841     -0.07298879      0.01896132
MINMODE:MODE:      69     -0.05649210      0.02811643     -0.02677838
MINMODE:MODE:      70     -0.12136025      0.07549878     -0.08694028
MINMODE:MODE:      71     -0.10223986      0.03409112     -0.10263307
MINMODE:MODE:      72      0.02985864      0.03155528     -0.00691852
MINMODE:MODE:      73     -0.00155854      0.02225126      0.00700459
MINMODE:MODE:      74      0.08673477     -0.50516502     -0.24810520
MINMODE:MODE:      75      0.17187934     -0.22162886      0.04732588
MINMODE:MODE:      76      0.08677404     -0.10449739      0.05815217
MINMODE:MODE:      77     -0.08519411      0.07178590     -0.01841737
MINMODE:MODE:      78     -0.19024154      0.15235922     -0.12158010
MINMODE:MODE:      79     -0.15837755      0.07461847     -0.14322453
MINMODE:MODE: Optimization Step: 82
MINMODE:MODE: Order: 0
MINMODE:MODE:       0      0.00079626      0.00763027      0.00646884
MINMODE:MODE:       1      0.00001558      0.00847504      0.00207698
MINMODE:MODE:       2     -0.00628906      0.00635590      0.02643034
MINMODE:MODE:       3      0.00719714      0.00271379      0.03987408
MINMODE:MODE:       4     -0.00094239      0.00230765      0.01633116
MINMODE:MODE:       5     -0.01132865      0.01819013      0.01686943
MINMODE:MODE:       6      0.01575889      0.00234834      0.01210146
MINMODE:MODE:       7      0.00910083      0.01562689      0.01125307
MINMODE:MODE:       8     -0.02412716      0.04324606      0.01485722
MINMODE:MODE:       9     -0.05185393      0.05871679      0.01959938
MINMODE:MODE:      10     -0.04612996      0.04639696      0.02087599
MINMODE:MODE:      11      0.01197948     -0.00607794      0.02019804
MINMODE:MODE:      12      0.00592772     -0.01972721     -0.00655566
MINMODE:MODE:      13      0.01715385     -0.02526760     -0.00192561
MINMODE:MODE:      14      0.03253810     -0.01902579      0.02757551
MINMODE:MODE:      15      0.03739495     -0.00682836      0.05273304
MINMODE:MODE:      16      0.02751202      0.00053465      0.05014921
MINMODE:MODE:      17     -0.02021728     -0.00795581     -0.04053613
MINMODE:MODE:      18     -0.00555777      0.00356553     -0.01509501
MINMODE:MODE:      19     -0.00120277      0.01360464     -0.00128188
MINMODE:MODE:      20      0.00896426      0.01469332      0.00894589
MINMODE:MODE:      21      0.03378236      0.02302783      0.04066426
MINMODE:MODE:      22      0.03782463      0.02862873      0.03933730
MINMODE:MODE:      23      0.01762284      0.02533082      0.00709205
MINMODE:MODE:      24     -0.00588619      0.01687777     -0.02295768
MINMODE:MODE:      25     -0.01026327      0.01170613     -0.02202913
MINMODE:MODE:      26     -0.00962470      0.02488069     -0.00075522
MINMODE:MODE:      27      0.03808538      0.05908880     -0.05620180
MINMODE:MODE:      28      0.03940301      0.05445489     -0.05458520
MINMODE:MODE:      29     -0.00862687      0.01653683      0.00088695
MINMODE:MODE:      30     -0.05916263     -0.01719437      0.05793116
MINMODE:MODE:      31     -0.06094019     -0.01302833      0.05777715
MINMODE:MODE:      32     -0.00324972      0.00568515      0.02893550
MINMODE:MODE:      33     -0.02566718      0.00625428      0.03000150
MINMODE:MODE:      34      0.02636563     -0.00562140      0.04086701
MINMODE:MODE:      35      0.00093458      0.00808296      0.06023121
MINMODE:MODE:      36      0.04315173     -0.02159720      0.00927051
MINMODE:MODE:      37      0.03036102      0.00329834      0.00779285
MINMODE:MODE:      38     -0.02884558      0.05266489      0.01417814
MINMODE:MODE:      39     -0.07831149      0.08013590      0.02240610
MINMODE:MODE:      40     -0.06945433      0.05819659      0.02429523
MINMODE:MODE:      41     -0.00822513     -0.02756633     -0.03160137
MINMODE:MODE:      42      0.01495038     -0.03412898     -0.02158699
MINMODE:MODE:      43      0.04018021     -0.02363796      0.03032568
MINMODE:MODE:      44      0.04920140     -0.00183729      0.07523552
MINMODE:MODE:      45      0.03093076      0.01119756      0.07201663
MINMODE:MODE:      46     -0.03657726      0.02171790     -0.08339367
MINMODE:MODE:      47     -0.03492332     -0.06032941     -0.04966442
MINMODE:MODE:      48     -0.01323196      0.01342114     -0.00635702
MINMODE:MODE:      49      0.01638154     -0.00449976     -0.01337822
MINMODE:MODE:      50      0.04895048      0.02541157      0.06653761
MINMODE:MODE:      51      0.05645451      0.03514948      0.06307419
MINMODE:MODE:      52      0.02039321      0.02953841      0.00564747
MINMODE:MODE:      53     -0.02193839      0.01426448     -0.04746561
MINMODE:MODE:      54     -0.02889695      0.00410793     -0.04672492
MINMODE:MODE:      55      0.07595778      0.09164979     -0.09848720
MINMODE:MODE:      56      0.07545640      0.07937889     -0.09658079
MINMODE:MODE:      57     -0.00659950      0.01353233      0.00054781
MINMODE:MODE:      58     -0.09779308     -0.04611194      0.10300879
MINMODE:MODE:      59     -0.10370224     -0.03897358      0.10130878
MINMODE:MODE:      60      0.00718522      0.00895047      0.02430104
MINMODE:MODE:      61      0.01118677      0.00914137      0.04059314
MINMODE:MODE:      62      0.00293693     -0.00624064      0.00790018
MINMODE:MODE:      63      0.00811029     -0.01408874      0.01138551
MINMODE:MODE:      64      0.09664540      0.11457801      0.07442726
MINMODE:MODE:      65      0.06838448     -0.15690736     -0.08044810
MINMODE:MODE:      66      0.01372816     -0.08037283     -0.05218692
MINMODE:MODE:      67      0.09639433     -0.13912615      0.01042059
MINMODE:MODE:      68      0.04437456     -0.07297341      0.01901476
MINMODE:MODE:      69     -0.05615210      0.02800774     -0.02676580
MINMODE:MODE:      70     -0.12116377      0.07541864     -0.08718081
MINMODE:MODE:      71     -0.10240542      0.03417452     -0.10295290
MINMODE:MODE:      72      0.02979999      0.03182310     -0.00665502
MINMODE:MODE:      73     -0.00156628      0.02233885      0.00720938
MINMODE:MODE:      74      0.08601077     -0.50644937     -0.24939577
MINMODE:MODE:      75      0.17179937     -0.22164446      0.04751682
MINMODE:MODE:      76      0.08695632     -0.10451751      0.05835134
MINMODE:MODE:      77     -0.08472210      0.07161362     -0.01848167
MINMODE:MODE:      78     -0.19004301      0.15236814     -0.12193005
MINMODE:MODE:      79     -0.15861791      0.07468918     -0.14366853
MINMODE:MODE: Optimization Step: 83
MINMODE:MODE: Order: 0
MINMODE:MODE:       0      0.00080567      0.00769317      0.00665188
MINMODE:MODE:       1      0.00005077      0.00854303      0.00239108
MINMODE:MODE:       2     -0.00619454      0.00636415      0.02645618
MINMODE:MODE:       3      0.00721357      0.00276206      0.03981392
MINMODE:MODE:       4     -0.00092180      0.00236836      0.01636273
MINMODE:MODE:       5     -0.01125167      0.01820857      0.01686445
MINMODE:MODE:       6      0.01564297      0.00242895      0.01212178
MINMODE:MODE:       7      0.00907663      0.01559909      0.01126135
MINMODE:MODE:       8     -0.02396925      0.04311805      0.01485104
MINMODE:MODE:       9     -0.05154575      0.05855940      0.01957358
MINMODE:MODE:      10     -0.04584945      0.04629351      0.02084092
MINMODE:MODE:      11      0.01201036     -0.00600763      0.02024233
MINMODE:MODE:      12      0.00596115     -0.01962210     -0.00643061
MINMODE:MODE:      13      0.01707630     -0.02514484     -0.00187181
MINMODE:MODE:      14      0.03245212     -0.01890276      0.02752663
MINMODE:MODE:      15      0.03725916     -0.00680139      0.05254137
MINMODE:MODE:      16      0.02747014      0.00054645      0.05002852
MINMODE:MODE:      17     -0.02014940     -0.00795838     -0.04024633
MINMODE:MODE:      18     -0.00559640      0.00353118     -0.01502872
MINMODE:MODE:      19     -0.00118423      0.01355818     -0.00124114
MINMODE:MODE:      20      0.00889824      0.01463714      0.00890789
MINMODE:MODE:      21      0.03356771      0.02290776      0.04053714
MINMODE:MODE:      22      0.03762241      0.02850507      0.03923740
MINMODE:MODE:      23      0.01755558      0.02526652      0.00710285
MINMODE:MODE:      24     -0.00582567      0.01686604     -0.02286201
MINMODE:MODE:      25     -0.01018101      0.01170238     -0.02192326
MINMODE:MODE:      26     -0.00953262      0.02473556     -0.00073906
MINMODE:MODE:      27      0.03802946      0.05862196     -0.05587288
MINMODE:MODE:      28      0.03937568      0.05402566     -0.05430815
MINMODE:MODE:      29     -0.00863878      0.01635321      0.00096049
MINMODE:MODE:      30     -0.05897902     -0.01701131      0.05759957
MINMODE:MODE:      31     -0.06062581     -0.01278277      0.05732210
MINMODE:MODE:      32     -0.00323072      0.00572153      0.02880454
MINMODE:MODE:      33     -0.02538579      0.00609697      0.03002026
MINMODE:MODE:      34      0.02628673     -0.00556700      0.04078668
MINMODE:MODE:      35      0.00100280      0.00813103      0.06008998
MINMODE:MODE:      36      0.04292079     -0.02145379      0.00927293
MINMODE:MODE:      37      0.03023557      0.00329667      0.00781392
MINMODE:MODE:      38     -0.02864556      0.05247883      0.01417450
MINMODE:MODE:      39     -0.07786401      0.07991170      0.02236443
MINMODE:MODE:      40     -0.06908861      0.05809472      0.02424955
MINMODE:MODE:      41     -0.00815315     -0.02742120     -0.03139292
MINMODE:MODE:      42      0.01460984     -0.03406023     -0.02146410
MINMODE:MODE:      43      0.04010819     -0.02353605      0.03025940
MINMODE:MODE:      44      0.04904562     -0.00182486      0.07493853
MINMODE:MODE:      45      0.03082553      0.01110484      0.07173318
MINMODE:MODE:      46     -0.03637532      0.02147985     -0.08306308
MINMODE:MODE:      47     -0.03482291     -0.06021468     -0.04916690
MINMODE:MODE:      48     -0.01323583      0.01334666     -0.00641398
MINMODE:MODE:      49      0.01616852     -0.00448998     -0.01329282
MINMODE:MODE:      50      0.04866551      0.02525710      0.06637375
MINMODE:MODE:      51      0.05617226      0.03498878      0.06292753
MINMODE:MODE:      52      0.02031817      0.02947829      0.00565222
MINMODE:MODE:      53     -0.02175587      0.01430193     -0.04728259
MINMODE:MODE:      54     -0.02871593      0.00415187     -0.04657384
MINMODE:MODE:      55      0.07581809      0.09115222     -0.09806463
MINMODE:MODE:      56      0.07534210      0.07882440     -0.09611246
MINMODE:MODE:      57     -0.00667942      0.01343872      0.00062886
MINMODE:MODE:      58     -0.09768184     -0.04563967      0.10254739
MINMODE:MODE:      59     -0.10355508     -0.03842637      0.10083784
MINMODE:MODE:      60      0.00714695      0.00897475      0.02435193
MINMODE:MODE:      61      0.01111937      0.00917543      0.04042465
MINMODE:MODE:      62      0.00292937     -0.00612118      0.00804099
MINMODE:MODE:      63      0.00807331     -0.01394394      0.01153307
MINMODE:MODE:      64      0.09651424      0.11669182      0.07564014
MINMODE:MODE:      65      0.06787111     -0.15734365     -0.08097129
MINMODE:MODE:      66      0.01345535     -0.08013252     -0.05230660
MINMODE:MODE:      67      0.09648539     -0.13905126      0.01063744
MINMODE:MODE:      68      0.04447765     -0.07291243      0.01908753
MINMODE:MODE:      69     -0.05585930      0.02793984     -0.02680099
MINMODE:MODE:      70     -0.12085451      0.07527039     -0.08738552
MINMODE:MODE:      71     -0.10240903      0.03421886     -0.10318731
MINMODE:MODE:      72      0.02977250      0.03215549     -0.00641062
MINMODE:MODE:      73     -0.00157653      0.02241823      0.00739258
MINMODE:MODE:      74      0.08489675     -0.50752919     -0.25072793
MINMODE:MODE:      75      0.17153280     -0.22138617      0.04771236
MINMODE:MODE:      76      0.08715031     -0.10443384      0.05855722
MINMODE:MODE:      77     -0.08413509      0.07139281     -0.01856074
MINMODE:MODE:      78     -0.18967644      0.15225584     -0.12222917
MINMODE:MODE:      79     -0.15886636      0.07477417     -0.14411713
MINMODE:MODE: Optimization Step: 84
MINMODE:MODE: Order: 0
MINMODE:MODE:       0      0.00080893      0.00776369      0.00682025
MINMODE:MODE:       1      0.00012832      0.00870585      0.00267735
MINMODE:MODE:       2     -0.00609106      0.00636708      0.02646651
MINMODE:MODE:       3      0.00724712      0.00279804      0.03975504
MINMODE:MODE:       4     -0.00090208      0.00242103      0.01640357
MINMODE:MODE:       5     -0.01119657      0.01822776      0.01686605
MINMODE:MODE:       6      0.01559485      0.00243277      0.01213316
MINMODE:MODE:       7      0.00903783      0.01557704      0.01128409
MINMODE:MODE:       8     -0.02379800      0.04300181      0.01484483
MINMODE:MODE:       9     -0.05127215      0.05843895      0.01955390
MINMODE:MODE:      10     -0.04561212      0.04622877      0.02081662
MINMODE:MODE:      11      0.01203295     -0.00593519      0.02029617
MINMODE:MODE:      12      0.00599337     -0.01950544     -0.00628857
MINMODE:MODE:      13      0.01699276     -0.02503086     -0.00182163
MINMODE:MODE:      14      0.03236285     -0.01879474      0.02745986
MINMODE:MODE:      15      0.03717537     -0.00673720      0.05239996
MINMODE:MODE:      16      0.02741629      0.00054287      0.04988525
MINMODE:MODE:      17     -0.02005834     -0.00795522     -0.03995656
MINMODE:MODE:      18     -0.00562442      0.00348953     -0.01496672
MINMODE:MODE:      19     -0.00114808      0.01351776     -0.00119249
MINMODE:MODE:      20      0.00885431      0.01457142      0.00889325
MINMODE:MODE:      21      0.03337395      0.02279064      0.04045786
MINMODE:MODE:      22      0.03744280      0.02837732      0.03918087
MINMODE:MODE:      23      0.01751082      0.02522490      0.00714855
MINMODE:MODE:      24     -0.00578058      0.01685476     -0.02280819
MINMODE:MODE:      25     -0.01013668      0.01170700     -0.02189127
MINMODE:MODE:      26     -0.00938168      0.02458427     -0.00071957
MINMODE:MODE:      27      0.03815769      0.05826206     -0.05574754
MINMODE:MODE:      28      0.03939914      0.05354658     -0.05401931
MINMODE:MODE:      29     -0.00864071      0.01619442      0.00097160
MINMODE:MODE:      30     -0.05886828     -0.01678744      0.05731547
MINMODE:MODE:      31     -0.06058589     -0.01260912      0.05710818
MINMODE:MODE:      32     -0.00321339      0.00575291      0.02867236
MINMODE:MODE:      33     -0.02509633      0.00594552      0.03003813
MINMODE:MODE:      34      0.02619846     -0.00550061      0.04070612
MINMODE:MODE:      35      0.00108477      0.00817424      0.05997357
MINMODE:MODE:      36      0.04266158     -0.02130832      0.00928736
MINMODE:MODE:      37      0.03012356      0.00327896      0.00784313
MINMODE:MODE:      38     -0.02844695      0.05230756      0.01417639
MINMODE:MODE:      39     -0.07741631      0.07971373      0.02232218
MINMODE:MODE:      40     -0.06874180      0.05798838      0.02418667
MINMODE:MODE:      41     -0.00811563     -0.02728680     -0.03119912
MINMODE:MODE:      42      0.01432007     -0.03398751     -0.02136640
MINMODE:MODE:      43      0.04003987     -0.02343815      0.03019368
MINMODE:MODE:      44      0.04888095     -0.00183544      0.07464881
MINMODE:MODE:      45      0.03073468      0.01101621      0.07145741
MINMODE:MODE:      46     -0.03618132      0.02119584     -0.08275775
MINMODE:MODE:      47     -0.03468416     -0.06004466     -0.04862825
MINMODE:MODE:      48     -0.01325207      0.01327222     -0.00647163
MINMODE:MODE:      49      0.01594735     -0.00447275     -0.01320886
MINMODE:MODE:      50      0.04836290      0.02507456      0.06620497
MINMODE:MODE:      51      0.05587410      0.03481531      0.06279273
MINMODE:MODE:      52      0.02024437      0.02942918      0.00566559
MINMODE:MODE:      53     -0.02158247      0.01436097     -0.04713765
MINMODE:MODE:      54     -0.02851186      0.00422301     -0.04642508
MINMODE:MODE:      55      0.07571828      0.09055445     -0.09760142
MINMODE:MODE:      56      0.07522579      0.07817257     -0.09562014
MINMODE:MODE:      57     -0.00678052      0.01335246      0.00070488
MINMODE:MODE:      58     -0.09760370     -0.04505597      0.10202195
MINMODE:MODE:      59     -0.10338443     -0.03777634      0.10032099
MINMODE:MODE:      60      0.00711944      0.00899320      0.02441192
MINMODE:MODE:      61      0.01105654      0.00920441      0.04026723
MINMODE:MODE:      62      0.00293592     -0.00602119      0.00818474
MINMODE:MODE:      63      0.00802133     -0.01377593      0.01166485
MINMODE:MODE:      64      0.09653541      0.11813109      0.07663565
MINMODE:MODE:      65      0.06753910     -0.15734466     -0.08112381
MINMODE:MODE:      66      0.01355260     -0.08002213     -0.05229609
MINMODE:MODE:      67      0.09650757     -0.13893056      0.01094571
MINMODE:MODE:      68      0.04487958     -0.07305768      0.01932763
MINMODE:MODE:      69     -0.05563511      0.02789578     -0.02697756
MINMODE:MODE:      70     -0.12088986      0.07536220     -0.08784173
MINMODE:MODE:      71     -0.10266603      0.03450153     -0.10363266
MINMODE:MODE:      72      0.02961570      0.03238601     -0.00617266
MINMODE:MODE:      73     -0.00158760      0.02250522      0.00756951
MINMODE:MODE:      74      0.08338149     -0.50851375     -0.25205285
MINMODE:MODE:      75      0.17133071     -0.22110847      0.04807229
MINMODE:MODE:      76      0.08741090     -0.10443796      0.05884912
MINMODE:MODE:      77     -0.08358120      0.07119139     -0.01869753
MINMODE:MODE:      78     -0.18916918      0.15192660     -0.12258098
MINMODE:MODE:      79     -0.15919579      0.07492226     -0.14467996
MINMODE:MODE: Optimization Step: 85
MINMODE:MODE: Order: 0
MINMODE:MODE:       0      0.00081348      0.00784132      0.00697089
MINMODE:MODE:       1      0.00020834      0.00887905      0.00293082
MINMODE:MODE:       2     -0.00598561      0.00637704      0.02647211
MINMODE:MODE:       3      0.00728866      0.00283671      0.03970934
MINMODE:MODE:       4     -0.00090342      0.00247163      0.01644079
MINMODE:MODE:       5     -0.01113412      0.01822916      0.01686876
MINMODE:MODE:       6      0.01551734      0.00244637      0.01215546
MINMODE:MODE:       7      0.00901367      0.01552626      0.01130656
MINMODE:MODE:       8     -0.02365493      0.04292086      0.01485088
MINMODE:MODE:       9     -0.05098941      0.05832966      0.01953175
MINMODE:MODE:      10     -0.04538958      0.04619556      0.02079884
MINMODE:MODE:      11      0.01202335     -0.00587593      0.02032667
MINMODE:MODE:      12      0.00600561     -0.01939372     -0.00615674
MINMODE:MODE:      13      0.01690931     -0.02492067     -0.00178038
MINMODE:MODE:      14      0.03228867     -0.01868905      0.02741146
MINMODE:MODE:      15      0.03710032     -0.00668809      0.05226939
MINMODE:MODE:      16      0.02737256      0.00054182      0.04976094
MINMODE:MODE:      17     -0.01997175     -0.00792804     -0.03966620
MINMODE:MODE:      18     -0.00566913      0.00346655     -0.01490807
MINMODE:MODE:      19     -0.00110610      0.01347132     -0.00114618
MINMODE:MODE:      20      0.00880684      0.01450142      0.00886810
MINMODE:MODE:      21      0.03318769      0.02266796      0.04039766
MINMODE:MODE:      22      0.03725818      0.02823629      0.03914184
MINMODE:MODE:      23      0.01745502      0.02517278      0.00719397
MINMODE:MODE:      24     -0.00572094      0.01687642     -0.02276403
MINMODE:MODE:      25     -0.01006592      0.01174269     -0.02185386
MINMODE:MODE:      26     -0.00920662      0.02444653     -0.00071667
MINMODE:MODE:      27      0.03828289      0.05783094     -0.05556324
MINMODE:MODE:      28      0.03945895      0.05302990     -0.05371886
MINMODE:MODE:      29     -0.00867909      0.01603339      0.00098300
MINMODE:MODE:      30     -0.05881234     -0.01649860      0.05703877
MINMODE:MODE:      31     -0.06056993     -0.01234684      0.05685843
MINMODE:MODE:      32     -0.00320305      0.00578620      0.02854167
MINMODE:MODE:      33     -0.02480786      0.00580055      0.03006267
MINMODE:MODE:      34      0.02611705     -0.00543115      0.04062556
MINMODE:MODE:      35      0.00118938      0.00820463      0.05986037
MINMODE:MODE:      36      0.04240662     -0.02120798      0.00931431
MINMODE:MODE:      37      0.03002372      0.00324412      0.00788491
MINMODE:MODE:      38     -0.02825429      0.05216023      0.01418189
MINMODE:MODE:      39     -0.07699040      0.07956664      0.02228157
MINMODE:MODE:      40     -0.06840687      0.05791421      0.02412764
MINMODE:MODE:      41     -0.00810298     -0.02715242     -0.03101693
MINMODE:MODE:      42      0.01406746     -0.03391078     -0.02128914
MINMODE:MODE:      43      0.03997432     -0.02334330      0.03012767
MINMODE:MODE:      44      0.04874379     -0.00184771      0.07437396
MINMODE:MODE:      45      0.03066027      0.01092789      0.07120273
MINMODE:MODE:      46     -0.03598104      0.02087923     -0.08244286
MINMODE:MODE:      47     -0.03454500     -0.05991019     -0.04807830
MINMODE:MODE:      48     -0.01327306      0.01318445     -0.00654328
MINMODE:MODE:      49      0.01573040     -0.00444522     -0.01311987
MINMODE:MODE:      50      0.04805765      0.02486907      0.06606324
MINMODE:MODE:      51      0.05557148      0.03462770      0.06269758
MINMODE:MODE:      52      0.02017562      0.02939015      0.00568774
MINMODE:MODE:      53     -0.02141223      0.01445581     -0.04702186
MINMODE:MODE:      54     -0.02830682      0.00431700     -0.04632242
MINMODE:MODE:      55      0.07575987      0.08991143     -0.09719296
MINMODE:MODE:      56      0.07514817      0.07743238     -0.09512738
MINMODE:MODE:      57     -0.00690126      0.01327254      0.00076503
MINMODE:MODE:      58     -0.09758470     -0.04435677      0.10144294
MINMODE:MODE:      59     -0.10329165     -0.03706455      0.09987363
MINMODE:MODE:      60      0.00706881      0.00902297      0.02437152
MINMODE:MODE:      61      0.01102658      0.00923383      0.04022713
MINMODE:MODE:      62      0.00292343     -0.00589053      0.00831243
MINMODE:MODE:      63      0.00799916     -0.01365681      0.01180611
MINMODE:MODE:      64      0.09676511      0.11911018      0.07750587
MINMODE:MODE:      65      0.06730396     -0.15710212     -0.08105746
MINMODE:MODE:      66      0.01365236     -0.07986756     -0.05221282
MINMODE:MODE:      67      0.09675542     -0.13888219      0.01133212
MINMODE:MODE:      68      0.04495249     -0.07287836      0.01951415
MINMODE:MODE:      69     -0.05531484      0.02776755     -0.02722966
MINMODE:MODE:      70     -0.12079577      0.07531126     -0.08828444
MINMODE:MODE:      71     -0.10295624      0.03469444     -0.10408918
MINMODE:MODE:      72      0.02944036      0.03259965     -0.00597865
MINMODE:MODE:      73     -0.00159974      0.02259370      0.00776812
MINMODE:MODE:      74      0.08155071     -0.50949855     -0.25341435
MINMODE:MODE:      75      0.17122176     -0.22088491      0.04859027
MINMODE:MODE:      76      0.08770106     -0.10436768      0.05918646
MINMODE:MODE:      77     -0.08309573      0.07106673     -0.01891030
MINMODE:MODE:      78     -0.18873901      0.15162021     -0.12308433
MINMODE:MODE:      79     -0.15955643      0.07500334     -0.14532534
MINMODE:MODE: Optimization Step: 86
MINMODE:MODE: Order: 0
MINMODE:MODE:       0      0.00081634      0.00790205      0.00712154
MINMODE:MODE:       1      0.00024583      0.00894700      0.00319017
MINMODE:MODE:       2     -0.00588587      0.00639377      0.02648453
MINMODE:MODE:       3      0.00732231      0.00288393      0.03965631
MINMODE:MODE:       4     -0.00089080      0.00251962      0.01646800
MINMODE:MODE:       5     -0.01106771      0.01824882      0.01688375
MINMODE:MODE:       6      0.01539827      0.00251165      0.01218958
MINMODE:MODE:       7      0.00899618      0.01548562      0.01132384
MINMODE:MODE:       8     -0.02350086      0.04280592      0.01484737
MINMODE:MODE:       9     -0.05068472      0.05820052      0.01951355
MINMODE:MODE:      10     -0.04511408      0.04611271      0.02077097
MINMODE:MODE:      11      0.01200525     -0.00582350      0.02032811
MINMODE:MODE:      12      0.00598524     -0.01929504     -0.00607020
MINMODE:MODE:      13      0.01683110     -0.02480309     -0.00173593
MINMODE:MODE:      14      0.03220241     -0.01858061      0.02736388
MINMODE:MODE:      15      0.03700465     -0.00663993      0.05212152
MINMODE:MODE:      16      0.02732120      0.00055913      0.04964156
MINMODE:MODE:      17     -0.01988007     -0.00794817     -0.03934360
MINMODE:MODE:      18     -0.00571044      0.00343488     -0.01483636
MINMODE:MODE:      19     -0.00108453      0.01342212     -0.00111996
MINMODE:MODE:      20      0.00873881      0.01444725      0.00884528
MINMODE:MODE:      21      0.03297209      0.02254091      0.04028355
MINMODE:MODE:      22      0.03705339      0.02810451      0.03906808
MINMODE:MODE:      23      0.01739791      0.02510450      0.00721464
MINMODE:MODE:      24     -0.00566425      0.01688715     -0.02269421
MINMODE:MODE:      25     -0.00997576      0.01176588     -0.02177475
MINMODE:MODE:      26     -0.00912940      0.02435022     -0.00076271
MINMODE:MODE:      27      0.03821632      0.05733021     -0.05519569
MINMODE:MODE:      28      0.03942098      0.05256621     -0.05342345
MINMODE:MODE:      29     -0.00870876      0.01590973      0.00107218
MINMODE:MODE:      30     -0.05869323     -0.01619980      0.05670198
MINMODE:MODE:      31     -0.06028675     -0.01196425      0.05637685
MINMODE:MODE:      32     -0.00319899      0.00582853      0.02840566
MINMODE:MODE:      33     -0.02452937      0.00565320      0.03007958
MINMODE:MODE:      34      0.02604167     -0.00535713      0.04054699
MINMODE:MODE:      35      0.00128372      0.00823599      0.05970609
MINMODE:MODE:      36      0.04217347     -0.02110688      0.00933023
MINMODE:MODE:      37      0.02991440      0.00321641      0.00791781
MINMODE:MODE:      38     -0.02805864      0.05199734      0.01418017
MINMODE:MODE:      39     -0.07655551      0.07938497      0.02224173
MINMODE:MODE:      40     -0.06806681      0.05782835      0.02408290
MINMODE:MODE:      41     -0.00806488     -0.02700762     -0.03079895
MINMODE:MODE:      42      0.01383396     -0.03382296     -0.02120407
MINMODE:MODE:      43      0.03987944     -0.02323588      0.03005638
MINMODE:MODE:      44      0.04858644     -0.00185283      0.07408065
MINMODE:MODE:      45      0.03057679      0.01084891      0.07093489
MINMODE:MODE:      46     -0.03575057      0.02062692     -0.08205227
MINMODE:MODE:      47     -0.03446470     -0.05979274     -0.04756686
MINMODE:MODE:      48     -0.01328056      0.01309461     -0.00662793
MINMODE:MODE:      49      0.01551214     -0.00442208     -0.01302795
MINMODE:MODE:      50      0.04775293      0.02468487      0.06592242
MINMODE:MODE:      51      0.05527134      0.03444118      0.06257867
MINMODE:MODE:      52      0.02011322      0.02933278      0.00570618
MINMODE:MODE:      53     -0.02123053      0.01452124     -0.04687663
MINMODE:MODE:      54     -0.02812799      0.00439209     -0.04620169
MINMODE:MODE:      55      0.07578745      0.08927330     -0.09678011
MINMODE:MODE:      56      0.07504256      0.07669732     -0.09458808
MINMODE:MODE:      57     -0.00698925      0.01317627      0.00086145
MINMODE:MODE:      58     -0.09743770     -0.04374432      0.10088426
MINMODE:MODE:      59     -0.10323591     -0.03651252      0.09943254
MINMODE:MODE:      60      0.00707980      0.00907918      0.02454843
MINMODE:MODE:      61      0.01093555      0.00927394      0.03994820
MINMODE:MODE:      62      0.00295106     -0.00584071      0.00847169
MINMODE:MODE:      63      0.00793286     -0.01346804      0.01193765
MINMODE:MODE:      64      0.09685443      0.12079002      0.07854730
MINMODE:MODE:      65      0.06681094     -0.15718384     -0.08123700
MINMODE:MODE:      66      0.01341601     -0.07966872     -0.05225245
MINMODE:MODE:      67      0.09689842     -0.13885069      0.01163765
MINMODE:MODE:      68      0.04495180     -0.07270470      0.01963036
MINMODE:MODE:      69     -0.05504579      0.02766629     -0.02738165
MINMODE:MODE:      70     -0.12038879      0.07511107     -0.08854550
MINMODE:MODE:      71     -0.10304854      0.03477703     -0.10442828
MINMODE:MODE:      72      0.02938590      0.03290987     -0.00581478
MINMODE:MODE:      73     -0.00161586      0.02268924      0.00797881
MINMODE:MODE:      74      0.08016786     -0.51052632     -0.25472353
MINMODE:MODE:      75      0.17120106     -0.22075211      0.04907157
MINMODE:MODE:      76      0.08786288     -0.10425005      0.05944392
MINMODE:MODE:      77     -0.08259389      0.07083429     -0.01906927
MINMODE:MODE:      78     -0.18842134      0.15148422     -0.12361083
MINMODE:MODE:      79     -0.15976356      0.07507081     -0.14588675
MINMODE:MODE: Optimization Step: 87
MINMODE:MODE: Order: 0
MINMODE:MODE:       0      0.00083002      0.00797859      0.00728873
MINMODE:MODE:       1      0.00028725      0.00900205      0.00343710
MINMODE:MODE:       2     -0.00578656      0.00640525      0.02651672
MINMODE:MODE:       3      0.00734540      0.00293206      0.03962241
MINMODE:MODE:       4     -0.00089640      0.00258427      0.01649548
MINMODE:MODE:       5     -0.01102647      0.01826938      0.01690318
MINMODE:MODE:       6      0.01526764      0.00259399      0.01223219
MINMODE:MODE:       7      0.00896800      0.01545123      0.01134861
MINMODE:MODE:       8     -0.02333879      0.04270028      0.01484902
MINMODE:MODE:       9     -0.05040587      0.05809764      0.01950062
MINMODE:MODE:      10     -0.04483810      0.04603585      0.02074365
MINMODE:MODE:      11      0.01198846     -0.00578910      0.02033175
MINMODE:MODE:      12      0.00594624     -0.01922307     -0.00600934
MINMODE:MODE:      13      0.01676085     -0.02469547     -0.00169176
MINMODE:MODE:      14      0.03213307     -0.01848939      0.02732071
MINMODE:MODE:      15      0.03692488     -0.00660240      0.05199048
MINMODE:MODE:      16      0.02728817      0.00057502      0.04954579
MINMODE:MODE:      17     -0.01983786     -0.00798275     -0.03904514
MINMODE:MODE:      18     -0.00576575      0.00342683     -0.01477578
MINMODE:MODE:      19     -0.00107296      0.01338658     -0.00109748
MINMODE:MODE:      20      0.00868622      0.01439843      0.00882546
MINMODE:MODE:      21      0.03274898      0.02241971      0.04017799
MINMODE:MODE:      22      0.03685579      0.02797654      0.03899979
MINMODE:MODE:      23      0.01731998      0.02505019      0.00722471
MINMODE:MODE:      24     -0.00559064      0.01691509     -0.02263305
MINMODE:MODE:      25     -0.00988174      0.01180685     -0.02170192
MINMODE:MODE:      26     -0.00902715      0.02429066     -0.00077055
MINMODE:MODE:      27      0.03809412      0.05679557     -0.05478520
MINMODE:MODE:      28      0.03939627      0.05208978     -0.05313393
MINMODE:MODE:      29     -0.00878496      0.01580233      0.00114647
MINMODE:MODE:      30     -0.05857256     -0.01584511      0.05637044
MINMODE:MODE:      31     -0.05991820     -0.01148228      0.05576075
MINMODE:MODE:      32     -0.00319208      0.00586633      0.02829378
MINMODE:MODE:      33     -0.02428986      0.00552138      0.03012841
MINMODE:MODE:      34      0.02598487     -0.00529483      0.04047688
MINMODE:MODE:      35      0.00137700      0.00826410      0.05956050
MINMODE:MODE:      36      0.04197231     -0.02104214      0.00935068
MINMODE:MODE:      37      0.02980928      0.00318903      0.00795749
MINMODE:MODE:      38     -0.02787923      0.05186346      0.01418609
MINMODE:MODE:      39     -0.07616381      0.07925079      0.02221133
MINMODE:MODE:      40     -0.06776964      0.05777507      0.02404897
MINMODE:MODE:      41     -0.00803574     -0.02687109     -0.03058943
MINMODE:MODE:      42      0.01364151     -0.03373698     -0.02112449
MINMODE:MODE:      43      0.03979244     -0.02313473      0.02999116
MINMODE:MODE:      44      0.04846254     -0.00186210      0.07382176
MINMODE:MODE:      45      0.03051763      0.01078417      0.07072590
MINMODE:MODE:      46     -0.03559096      0.02037176     -0.08176278
MINMODE:MODE:      47     -0.03441878     -0.05977413     -0.04708278
MINMODE:MODE:      48     -0.01329870      0.01301085     -0.00670712
MINMODE:MODE:      49      0.01532966     -0.00439842     -0.01293212
MINMODE:MODE:      50      0.04749024      0.02450265      0.06583804
MINMODE:MODE:      51      0.05499557      0.03426199      0.06249958
MINMODE:MODE:      52      0.02005729      0.02928400      0.00573104
MINMODE:MODE:      53     -0.02104970      0.01460488     -0.04674224
MINMODE:MODE:      54     -0.02795860      0.00447750     -0.04612252
MINMODE:MODE:      55      0.07585580      0.08862408     -0.09639189
MINMODE:MODE:      56      0.07500552      0.07595239     -0.09411567
MINMODE:MODE:      57     -0.00708417      0.01308331      0.00095135
MINMODE:MODE:      58     -0.09738022     -0.04315456      0.10040681
MINMODE:MODE:      59     -0.10325947     -0.03597991      0.09906994
MINMODE:MODE:      60      0.00705414      0.00912963      0.02458362
MINMODE:MODE:      61      0.01088071      0.00932225      0.03978780
MINMODE:MODE:      62      0.00293311     -0.00575689      0.00859406
MINMODE:MODE:      63      0.00791018     -0.01335174      0.01210649
MINMODE:MODE:      64      0.09710908      0.12187858      0.07941440
MINMODE:MODE:      65      0.06640661     -0.15674466     -0.08116620
MINMODE:MODE:      66      0.01313422     -0.07932395     -0.05231620
MINMODE:MODE:      67      0.09684427     -0.13871100      0.01191621
MINMODE:MODE:      68      0.04505057     -0.07257554      0.01979933
MINMODE:MODE:      69     -0.05483756      0.02755147     -0.02758630
MINMODE:MODE:      70     -0.11986888      0.07483579     -0.08877269
MINMODE:MODE:      71     -0.10300088      0.03468931     -0.10482862
MINMODE:MODE:      72      0.02947323      0.03330869     -0.00572438
MINMODE:MODE:      73     -0.00163251      0.02279767      0.00821222
MINMODE:MODE:      74      0.07860373     -0.51157977     -0.25605183
MINMODE:MODE:      75      0.17129818     -0.22075433      0.04965040
MINMODE:MODE:      76      0.08791891     -0.10410947      0.05966975
MINMODE:MODE:      77     -0.08211772      0.07052927     -0.01924626
MINMODE:MODE:      78     -0.18829155      0.15150919     -0.12429802
MINMODE:MODE:      79     -0.15988584      0.07504208     -0.14641038
MINMODE:MODE: Optimization Step: 88
MINMODE:MODE: Order: 0
MINMODE:MODE:       0      0.00083725      0.00807642      0.00744250
MINMODE:MODE:       1      0.00038986      0.00915585      0.00366990
MINMODE:MODE:       2     -0.00567772      0.00640763      0.02656955
MINMODE:MODE:       3      0.00738870      0.00296566      0.03961517
MINMODE:MODE:       4     -0.00089833      0.00263240      0.01654954
MINMODE:MODE:       5     -0.01099240      0.01829527      0.01693150
MINMODE:MODE:       6      0.01523129      0.00260387      0.01226243
MINMODE:MODE:       7      0.00895061      0.01543909      0.01138468
MINMODE:MODE:       8     -0.02320764      0.04263961      0.01486219
MINMODE:MODE:       9     -0.05019078      0.05805547      0.01950229
MINMODE:MODE:      10     -0.04468047      0.04604844      0.02075273
MINMODE:MODE:      11      0.01198629     -0.00576037      0.02035066
MINMODE:MODE:      12      0.00594039     -0.01914406     -0.00591231
MINMODE:MODE:      13      0.01670651     -0.02461625     -0.00164203
MINMODE:MODE:      14      0.03207532     -0.01842135      0.02728349
MINMODE:MODE:      15      0.03687932     -0.00656896      0.05189896
MINMODE:MODE:      16      0.02726177      0.00057218      0.04946115
MINMODE:MODE:      17     -0.01979123     -0.00803363     -0.03882151
MINMODE:MODE:      18     -0.00580191      0.00340223     -0.01472695
MINMODE:MODE:      19     -0.00104908      0.01337398     -0.00104836
MINMODE:MODE:      20      0.00864138      0.01437187      0.00880983
MINMODE:MODE:      21      0.03260523      0.02231885      0.04015872
MINMODE:MODE:      22      0.03670750      0.02787932      0.03897900
MINMODE:MODE:      23      0.01726319      0.02502100      0.00723007
MINMODE:MODE:      24     -0.00552678      0.01695762     -0.02259630
MINMODE:MODE:      25     -0.00984555      0.01184270     -0.02170462
MINMODE:MODE:      26     -0.00892439      0.02431222     -0.00084209
MINMODE:MODE:      27      0.03820773      0.05648755     -0.05467904
MINMODE:MODE:      28      0.03939064      0.05169701     -0.05289143
MINMODE:MODE:      29     -0.00879529      0.01576317      0.00114487
MINMODE:MODE:      30     -0.05857425     -0.01555376      0.05617100
MINMODE:MODE:      31     -0.05996350     -0.01121864      0.05559150
MINMODE:MODE:      32     -0.00317838      0.00589925      0.02821402
MINMODE:MODE:      33     -0.02406455      0.00540166      0.03020113
MINMODE:MODE:      34      0.02593691     -0.00523642      0.04044111
MINMODE:MODE:      35      0.00147320      0.00829934      0.05948338
MINMODE:MODE:      36      0.04176545     -0.02095365      0.00938123
MINMODE:MODE:      37      0.02972812      0.00316818      0.00800330
MINMODE:MODE:      38     -0.02772552      0.05176894      0.01420409
MINMODE:MODE:      39     -0.07584775      0.07918089      0.02220026
MINMODE:MODE:      40     -0.06751199      0.05776011      0.02403314
MINMODE:MODE:      41     -0.00803700     -0.02677388     -0.03043912
MINMODE:MODE:      42      0.01348639     -0.03367684     -0.02106275
MINMODE:MODE:      43      0.03974052     -0.02305709      0.02995143
MINMODE:MODE:      44      0.04839007     -0.00187205      0.07364409
MINMODE:MODE:      45      0.03048890      0.01074322      0.07059185
MINMODE:MODE:      46     -0.03548445      0.02017685     -0.08164137
MINMODE:MODE:      47     -0.03439326     -0.05978356     -0.04666471
MINMODE:MODE:      48     -0.01332772      0.01295190     -0.00678551
MINMODE:MODE:      49      0.01515492     -0.00437745     -0.01285649
MINMODE:MODE:      50      0.04726351      0.02435065      0.06578689
MINMODE:MODE:      51      0.05476911      0.03411377      0.06247001
MINMODE:MODE:      52      0.02001860      0.02925695      0.00576039
MINMODE:MODE:      53     -0.02089322      0.01469629     -0.04665185
MINMODE:MODE:      54     -0.02779351      0.00457098     -0.04605937
MINMODE:MODE:      55      0.07589113      0.08795425     -0.09596842
MINMODE:MODE:      56      0.07503419      0.07529190     -0.09373649
MINMODE:MODE:      57     -0.00717596      0.01300768      0.00103458
MINMODE:MODE:      58     -0.09738353     -0.04263450      0.10003152
MINMODE:MODE:      59     -0.10316863     -0.03542782      0.09859124
MINMODE:MODE:      60      0.00697937      0.00918998      0.02441502
MINMODE:MODE:      61      0.01089453      0.00936014      0.03990135
MINMODE:MODE:      62      0.00289946     -0.00561113      0.00874764
MINMODE:MODE:      63      0.00792869     -0.01331536      0.01225341
MINMODE:MODE:      64      0.09738654      0.12157228      0.07956990
MINMODE:MODE:      65      0.06594745     -0.15594127     -0.08087298
MINMODE:MODE:      66      0.01317919     -0.07905461     -0.05226673
MINMODE:MODE:      67      0.09684013     -0.13853092      0.01216379
MINMODE:MODE:      68      0.04525779     -0.07254324      0.01992589
MINMODE:MODE:      69     -0.05457457      0.02744926     -0.02776702
MINMODE:MODE:      70     -0.11984047      0.07484413     -0.08917993
MINMODE:MODE:      71     -0.10325168      0.03480548     -0.10532403
MINMODE:MODE:      72      0.02944501      0.03359749     -0.00557091
MINMODE:MODE:      73     -0.00164994      0.02291370      0.00843793
MINMODE:MODE:      74      0.07722697     -0.51241889     -0.25717290
MINMODE:MODE:      75      0.17141773     -0.22078261      0.05023139
MINMODE:MODE:      76      0.08805824     -0.10409758      0.05995806
MINMODE:MODE:      77     -0.08174732      0.07032025     -0.01944923
MINMODE:MODE:      78     -0.18809576      0.15140156     -0.12495723
MINMODE:MODE:      79     -0.16000057      0.07503935     -0.14695805
MINMODE:MODE: Optimization Step: 89
MINMODE:MODE: Order: 0
MINMODE:MODE:       0      0.00082730      0.00816255      0.00759737
MINMODE:MODE:       1      0.00052044      0.00935918      0.00390627
MINMODE:MODE:       2     -0.00554953      0.00641283      0.02662373
MINMODE:MODE:       3      0.00745257      0.00299272      0.03960803
MINMODE:MODE:       4     -0.00087866      0.00267420      0.01660824
MINMODE:MODE:       5     -0.01094804      0.01831795      0.01696096
MINMODE:MODE:       6      0.01523871      0.00257500      0.01228627
MINMODE:MODE:       7      0.00894397      0.01542345      0.01142439
MINMODE:MODE:       8     -0.02308654      0.04259423      0.01488241
MINMODE:MODE:       9     -0.04998329      0.05802997      0.01950921
MINMODE:MODE:      10     -0.04456181      0.04609742      0.02077872
MINMODE:MODE:      11      0.01198561     -0.00572757      0.02037479
MINMODE:MODE:      12      0.00592953     -0.01905807     -0.00581245
MINMODE:MODE:      13      0.01664344     -0.02453904     -0.00159614
MINMODE:MODE:      14      0.03201746     -0.01835550      0.02724840
MINMODE:MODE:      15      0.03683583     -0.00653810      0.05180966
MINMODE:MODE:      16      0.02722808      0.00056308      0.04937275
MINMODE:MODE:      17     -0.01971690     -0.00807093     -0.03861686
MINMODE:MODE:      18     -0.00582476      0.00336873     -0.01468001
MINMODE:MODE:      19     -0.00104227      0.01336848     -0.00100400
MINMODE:MODE:      20      0.00859420      0.01435144      0.00879588
MINMODE:MODE:      21      0.03248207      0.02221849      0.04019125
MINMODE:MODE:      22      0.03656739      0.02778476      0.03898287
MINMODE:MODE:      23      0.01721786      0.02500006      0.00724242
MINMODE:MODE:      24     -0.00546848      0.01700307     -0.02257462
MINMODE:MODE:      25     -0.00983576      0.01187548     -0.02174361
MINMODE:MODE:      26     -0.00883557      0.02435022     -0.00090150
MINMODE:MODE:      27      0.03845180      0.05626244     -0.05471631
MINMODE:MODE:      28      0.03942132      0.05132268     -0.05268372
MINMODE:MODE:      29     -0.00877819      0.01576086      0.00111041
MINMODE:MODE:      30     -0.05864955     -0.01526977      0.05602967
MINMODE:MODE:      31     -0.06019471     -0.01105079      0.05564323
MINMODE:MODE:      32     -0.00316200      0.00593129      0.02813467
MINMODE:MODE:      33     -0.02381816      0.00527558      0.03027198
MINMODE:MODE:      34      0.02586827     -0.00517487      0.04040638
MINMODE:MODE:      35      0.00158697      0.00834024      0.05942897
MINMODE:MODE:      36      0.04152412     -0.02084118      0.00941851
MINMODE:MODE:      37      0.02964819      0.00314642      0.00805502
MINMODE:MODE:      38     -0.02756502      0.05167390      0.01422388
MINMODE:MODE:      39     -0.07552836      0.07911932      0.02219162
MINMODE:MODE:      40     -0.06721209      0.05775572      0.02403701
MINMODE:MODE:      41     -0.00805255     -0.02667871     -0.03029675
MINMODE:MODE:      42      0.01333862     -0.03361406     -0.02100335
MINMODE:MODE:      43      0.03969437     -0.02298239      0.02991535
MINMODE:MODE:      44      0.04832749     -0.00187647      0.07348046
MINMODE:MODE:      45      0.03046271      0.01070399      0.07045442
MINMODE:MODE:      46     -0.03537847      0.02000817     -0.08157491
MINMODE:MODE:      47     -0.03434990     -0.05977311     -0.04624154
MINMODE:MODE:      48     -0.01335963      0.01290206     -0.00686259
MINMODE:MODE:      49      0.01496614     -0.00435354     -0.01278706
MINMODE:MODE:      50      0.04702226      0.02419161      0.06572544
MINMODE:MODE:      51      0.05453207      0.03396080      0.06244692
MINMODE:MODE:      52      0.01998100      0.02923322      0.00579268
MINMODE:MODE:      53     -0.02073897      0.01479258     -0.04657780
MINMODE:MODE:      54     -0.02761382      0.00467331     -0.04599111
MINMODE:MODE:      55      0.07591187      0.08719141     -0.09548858
MINMODE:MODE:      56      0.07507597      0.07460034     -0.09334632
MINMODE:MODE:      57     -0.00725374      0.01293933      0.00110284
MINMODE:MODE:      58     -0.09741850     -0.04210643      0.09966776
MINMODE:MODE:      59     -0.10296684     -0.03480442      0.09798222
MINMODE:MODE:      60      0.00697478      0.00924722      0.02453938
MINMODE:MODE:      61      0.01085272      0.00941494      0.03977925
MINMODE:MODE:      62      0.00292869     -0.00554538      0.00891295
MINMODE:MODE:      63      0.00789019     -0.01318329      0.01239478
MINMODE:MODE:      64      0.09779009      0.12154499      0.08001878
MINMODE:MODE:      65      0.06543214     -0.15623927     -0.08109118
MINMODE:MODE:      66      0.01334509     -0.07890736     -0.05217812
MINMODE:MODE:      67      0.09698909     -0.13841608      0.01248505
MINMODE:MODE:      68      0.04548557     -0.07251568      0.02001432
MINMODE:MODE:      69     -0.05432316      0.02737435     -0.02797732
MINMODE:MODE:      70     -0.12002190      0.07493358     -0.08964616
MINMODE:MODE:      71     -0.10363601      0.03505369     -0.10586236
MINMODE:MODE:      72      0.02928970      0.03377490     -0.00539244
MINMODE:MODE:      73     -0.00167523      0.02302876      0.00861718
MINMODE:MODE:      74      0.07572987     -0.51280645     -0.25807288
MINMODE:MODE:      75      0.17138467     -0.22057986      0.05078395
MINMODE:MODE:      76      0.08826490     -0.10411782      0.06028715
MINMODE:MODE:      77     -0.08140152      0.07018922     -0.01969209
MINMODE:MODE:      78     -0.18772466      0.15116172     -0.12561941
MINMODE:MODE:      79     -0.16010055      0.07509421     -0.14752467
MINMODE:MODE: Optimization Step: 90
MINMODE:MODE: Order: 0
MINMODE:MODE:       0      0.00082877      0.00822138      0.00779951
MINMODE:MODE:       1      0.00058489      0.00944539      0.00416024
MINMODE:MODE:       2     -0.00543735      0.00643135      0.02664423
MINMODE:MODE:       3      0.00751106      0.00302520      0.03956034
MINMODE:MODE:       4     -0.00085797      0.00271261      0.01664646
MINMODE:MODE:       5     -0.01087879      0.01833664      0.01697488
MINMODE:MODE:       6      0.01511995      0.00264153      0.01233017
MINMODE:MODE:       7      0.00892614      0.01538781      0.01145204
MINMODE:MODE:       8     -0.02295280      0.04250722      0.01489485
MINMODE:MODE:       9     -0.04968399      0.05793144      0.01950230
MINMODE:MODE:      10     -0.04429736      0.04604051      0.02076486
MINMODE:MODE:      11      0.01197930     -0.00567201      0.02039197
MINMODE:MODE:      12      0.00589051     -0.01896686     -0.00574051
MINMODE:MODE:      13      0.01655623     -0.02443559     -0.00156232
MINMODE:MODE:      14      0.03193616     -0.01826191      0.02719647
MINMODE:MODE:      15      0.03674913     -0.00650047      0.05166723
MINMODE:MODE:      16      0.02717032      0.00057129      0.04925096
MINMODE:MODE:      17     -0.01964383     -0.00809571     -0.03833767
MINMODE:MODE:      18     -0.00586012      0.00334187     -0.01461226
MINMODE:MODE:      19     -0.00102787      0.01334276     -0.00095873
MINMODE:MODE:      20      0.00854618      0.01431946      0.00877748
MINMODE:MODE:      21      0.03225893      0.02208264      0.04010844
MINMODE:MODE:      22      0.03635268      0.02765517      0.03891407
MINMODE:MODE:      23      0.01719047      0.02495181      0.00728872
MINMODE:MODE:      24     -0.00542005      0.01703570     -0.02253716
MINMODE:MODE:      25     -0.00974463      0.01191430     -0.02166778
MINMODE:MODE:      26     -0.00882645      0.02433878     -0.00088478
MINMODE:MODE:      27      0.03841448      0.05578453     -0.05439522
MINMODE:MODE:      28      0.03942396      0.05090040     -0.05245011
MINMODE:MODE:      29     -0.00879463      0.01575141      0.00112430
MINMODE:MODE:      30     -0.05860655     -0.01488715      0.05574313
MINMODE:MODE:      31     -0.06001126     -0.01061343      0.05521743
MINMODE:MODE:      32     -0.00314821      0.00596663      0.02802054
MINMODE:MODE:      33     -0.02355412      0.00514029      0.03028779
MINMODE:MODE:      34      0.02578261     -0.00510249      0.04032486
MINMODE:MODE:      35      0.00170918      0.00837493      0.05931297
MINMODE:MODE:      36      0.04127274     -0.02075060      0.00944901
MINMODE:MODE:      37      0.02954556      0.00311105      0.00810292
MINMODE:MODE:      38     -0.02737405      0.05153000      0.01423022
MINMODE:MODE:      39     -0.07512085      0.07898450      0.02216404
MINMODE:MODE:      40     -0.06686222      0.05771225      0.02402303
MINMODE:MODE:      41     -0.00805073     -0.02653783     -0.03008558
MINMODE:MODE:      42      0.01317540     -0.03351111     -0.02093256
MINMODE:MODE:      43      0.03960731     -0.02288406      0.02984889
MINMODE:MODE:      44      0.04821777     -0.00187211      0.07325111
MINMODE:MODE:      45      0.03039481      0.01063917      0.07020003
MINMODE:MODE:      46     -0.03519790      0.01981285     -0.08132534
MINMODE:MODE:      47     -0.03426440     -0.05973072     -0.04574969
MINMODE:MODE:      48     -0.01338758      0.01283351     -0.00693964
MINMODE:MODE:      49      0.01475364     -0.00432350     -0.01270969
MINMODE:MODE:      50      0.04672569      0.02399375      0.06561192
MINMODE:MODE:      51      0.05423548      0.03376263      0.06238359
MINMODE:MODE:      52      0.01992589      0.02918398      0.00582136
MINMODE:MODE:      53     -0.02056090      0.01488224     -0.04647595
MINMODE:MODE:      54     -0.02742701      0.00476924     -0.04589931
MINMODE:MODE:      55      0.07602477      0.08635250     -0.09502259
MINMODE:MODE:      56      0.07504520      0.07376308     -0.09282790
MINMODE:MODE:      57     -0.00730159      0.01285891      0.00115718
MINMODE:MODE:      58     -0.09740885     -0.04153828      0.09924768
MINMODE:MODE:      59     -0.10284301     -0.03422078      0.09743132
MINMODE:MODE:      60      0.00699559      0.00928253      0.02474350
MINMODE:MODE:      61      0.01077702      0.00946251      0.03951075
MINMODE:MODE:      62      0.00292659     -0.00542959      0.00902480
MINMODE:MODE:      63      0.00785878     -0.01304328      0.01256841
MINMODE:MODE:      64      0.09836827      0.12375060      0.08186499
MINMODE:MODE:      65      0.06483323     -0.15806113     -0.08213601
MINMODE:MODE:      66      0.01314622     -0.07883699     -0.05228158
MINMODE:MODE:      67      0.09738184     -0.13858362      0.01298746
MINMODE:MODE:      68      0.04552790     -0.07241317      0.02009608
MINMODE:MODE:      69     -0.05419681      0.02739974     -0.02818756
MINMODE:MODE:      70     -0.11968696      0.07473742     -0.08999861
MINMODE:MODE:      71     -0.10362122      0.03508813     -0.10634770
MINMODE:MODE:      72      0.02921634      0.03400528     -0.00529781
MINMODE:MODE:      73     -0.00170808      0.02313119      0.00876375
MINMODE:MODE:      74      0.07396121     -0.51306068     -0.25895363
MINMODE:MODE:      75      0.17099655     -0.21994709      0.05124239
MINMODE:MODE:      76      0.08832080     -0.10399137      0.06053059
MINMODE:MODE:      77     -0.08099608      0.07005155     -0.01995139
MINMODE:MODE:      78     -0.18724632      0.15082459     -0.12625375
MINMODE:MODE:      79     -0.16016503      0.07519525     -0.14808844
MINMODE:MODE: Optimization Step: 91
MINMODE:MODE: Order: 0
MINMODE:MODE:       0      0.00083687      0.00829542      0.00795807
MINMODE:MODE:       1      0.00062591      0.00947605      0.00438900
MINMODE:MODE:       2     -0.00535310      0.00644677      0.02666963
MINMODE:MODE:       3      0.00755677      0.00306210      0.03953363
MINMODE:MODE:       4     -0.00084572      0.00275661      0.01668934
MINMODE:MODE:       5     -0.01082340      0.01837679      0.01699705
MINMODE:MODE:       6      0.01500851      0.00272437      0.01237458
MINMODE:MODE:       7      0.00890610      0.01537730      0.01148155
MINMODE:MODE:       8     -0.02282585      0.04242847      0.01491052
MINMODE:MODE:       9     -0.04943714      0.05785292      0.01950779
MINMODE:MODE:      10     -0.04405030      0.04597249      0.02075612
MINMODE:MODE:      11      0.01197093     -0.00562290      0.02040633
MINMODE:MODE:      12      0.00585852     -0.01889274     -0.00567496
MINMODE:MODE:      13      0.01648530     -0.02434931     -0.00152934
MINMODE:MODE:      14      0.03186681     -0.01818142      0.02716154
MINMODE:MODE:      15      0.03668160     -0.00646239      0.05156178
MINMODE:MODE:      16      0.02712526      0.00058461      0.04915985
MINMODE:MODE:      17     -0.01958096     -0.00812372     -0.03809497
MINMODE:MODE:      18     -0.00589660      0.00331010     -0.01455989
MINMODE:MODE:      19     -0.00102771      0.01331732     -0.00092999
MINMODE:MODE:      20      0.00849804      0.01429396      0.00877865
MINMODE:MODE:      21      0.03205994      0.02197835      0.04001411
MINMODE:MODE:      22      0.03618786      0.02755539      0.03886824
MINMODE:MODE:      23      0.01716087      0.02491482      0.00731083
MINMODE:MODE:      24     -0.00537061      0.01705987     -0.02248459
MINMODE:MODE:      25     -0.00965820      0.01194008     -0.02158153
MINMODE:MODE:      26     -0.00883114      0.02431909     -0.00089760
MINMODE:MODE:      27      0.03830888      0.05537778     -0.05404842
MINMODE:MODE:      28      0.03939138      0.05056459     -0.05222686
MINMODE:MODE:      29     -0.00879488      0.01574150      0.00116027
MINMODE:MODE:      30     -0.05854062     -0.01458751      0.05547681
MINMODE:MODE:      31     -0.05977063     -0.01022502      0.05477582
MINMODE:MODE:      32     -0.00313703      0.00600338      0.02792485
MINMODE:MODE:      33     -0.02333058      0.00502203      0.03030216
MINMODE:MODE:      34      0.02572923     -0.00503597      0.04027365
MINMODE:MODE:      35      0.00180387      0.00841021      0.05921950
MINMODE:MODE:      36      0.04108189     -0.02066292      0.00947785
MINMODE:MODE:      37      0.02946872      0.00308668      0.00814118
MINMODE:MODE:      38     -0.02721467      0.05141543      0.01424213
MINMODE:MODE:      39     -0.07478216      0.07887162      0.02215420
MINMODE:MODE:      40     -0.06657002      0.05768255      0.02402539
MINMODE:MODE:      41     -0.00804221     -0.02642055     -0.02990180
MINMODE:MODE:      42      0.01304041     -0.03343549     -0.02088874
MINMODE:MODE:      43      0.03953574     -0.02280153      0.02980260
MINMODE:MODE:      44      0.04812568     -0.00186188      0.07306930
MINMODE:MODE:      45      0.03033557      0.01058725      0.06998223
MINMODE:MODE:      46     -0.03503728      0.01963267     -0.08102799
MINMODE:MODE:      47     -0.03421281     -0.05969360     -0.04535592
MINMODE:MODE:      48     -0.01340044      0.01276120     -0.00705348
MINMODE:MODE:      49      0.01456985     -0.00430674     -0.01265147
MINMODE:MODE:      50      0.04646973      0.02384551      0.06551860
MINMODE:MODE:      51      0.05400231      0.03361160      0.06232957
MINMODE:MODE:      52      0.01989074      0.02914654      0.00584811
MINMODE:MODE:      53     -0.02042203      0.01494594     -0.04639899
MINMODE:MODE:      54     -0.02728810      0.00483966     -0.04582139
MINMODE:MODE:      55      0.07609526      0.08572968     -0.09464121
MINMODE:MODE:      56      0.07501831      0.07312121     -0.09237965
MINMODE:MODE:      57     -0.00732453      0.01279454      0.00122200
MINMODE:MODE:      58     -0.09736200     -0.04109411      0.09891241
MINMODE:MODE:      59     -0.10278730     -0.03379745      0.09700520
MINMODE:MODE:      60      0.00695156      0.00932299      0.02468553
MINMODE:MODE:      61      0.01077289      0.00949891      0.03952229
MINMODE:MODE:      62      0.00291726     -0.00530924      0.00920231
MINMODE:MODE:      63      0.00783729     -0.01293262      0.01268687
MINMODE:MODE:      64      0.09854083      0.12419823      0.08239551
MINMODE:MODE:      65      0.06444801     -0.15739187     -0.08184116
MINMODE:MODE:      66      0.01297255     -0.07872597     -0.05235151
MINMODE:MODE:      67      0.09758421     -0.13871673      0.01330934
MINMODE:MODE:      68      0.04558243     -0.07244925      0.02020440
MINMODE:MODE:      69     -0.05404686      0.02741313     -0.02829077
MINMODE:MODE:      70     -0.11935730      0.07459369     -0.09036025
MINMODE:MODE:      71     -0.10366748      0.03513663     -0.10680290
MINMODE:MODE:      72      0.02922938      0.03428722     -0.00520891
MINMODE:MODE:      73     -0.00173534      0.02323758      0.00894191
MINMODE:MODE:      74      0.07275197     -0.51411936     -0.26003251
MINMODE:MODE:      75      0.17079966     -0.21965740      0.05162692
MINMODE:MODE:      76      0.08832475     -0.10397351      0.06074792
MINMODE:MODE:      77     -0.08068554      0.06992801     -0.02013389
MINMODE:MODE:      78     -0.18692031      0.15066952     -0.12685263
MINMODE:MODE:      79     -0.16027882      0.07531084     -0.14869211
MINMODE:MODE: Optimization Step: 92
MINMODE:MODE: Order: 0
MINMODE:MODE:       0      0.00083938      0.00837627      0.00810270
MINMODE:MODE:       1      0.00069802      0.00956395      0.00461990
MINMODE:MODE:       2     -0.00524934      0.00645182      0.02670846
MINMODE:MODE:       3      0.00759631      0.00310619      0.03951287
MINMODE:MODE:       4     -0.00083151      0.00281815      0.01674145
MINMODE:MODE:       5     -0.01077523      0.01843332      0.01702811
MINMODE:MODE:       6      0.01496011      0.00275406      0.01240949
MINMODE:MODE:       7      0.00888803      0.01537509      0.01152154
MINMODE:MODE:       8     -0.02267204      0.04234031      0.01492844
MINMODE:MODE:       9     -0.04918222      0.05777943      0.01951859
MINMODE:MODE:      10     -0.04382254      0.04593275      0.02076092
MINMODE:MODE:      11      0.01195003     -0.00558188      0.02041247
MINMODE:MODE:      12      0.00583710     -0.01880132     -0.00557832
MINMODE:MODE:      13      0.01641732     -0.02424547     -0.00147209
MINMODE:MODE:      14      0.03178837     -0.01809416      0.02712793
MINMODE:MODE:      15      0.03661661     -0.00641509      0.05145438
MINMODE:MODE:      16      0.02706743      0.00058464      0.04904194
MINMODE:MODE:      17     -0.01952780     -0.00815998     -0.03784494
MINMODE:MODE:      18     -0.00594936      0.00327367     -0.01452059
MINMODE:MODE:      19     -0.00103175      0.01329606     -0.00090446
MINMODE:MODE:      20      0.00844741      0.01425977      0.00878722
MINMODE:MODE:      21      0.03188085      0.02187109      0.03996369
MINMODE:MODE:      22      0.03602341      0.02745070      0.03884390
MINMODE:MODE:      23      0.01710947      0.02488321      0.00730848
MINMODE:MODE:      24     -0.00529820      0.01708781     -0.02241354
MINMODE:MODE:      25     -0.00960547      0.01196035     -0.02153598
MINMODE:MODE:      26     -0.00876483      0.02435186     -0.00097720
MINMODE:MODE:      27      0.03833358      0.05507088     -0.05385265
MINMODE:MODE:      28      0.03930626      0.05017434     -0.05192832
MINMODE:MODE:      29     -0.00875731      0.01576771      0.00114556
MINMODE:MODE:      30     -0.05856253     -0.01431231      0.05529961
MINMODE:MODE:      31     -0.05978763     -0.00993161      0.05458399
MINMODE:MODE:      32     -0.00312192      0.00603960      0.02781782
MINMODE:MODE:      33     -0.02307054      0.00489367      0.03033505
MINMODE:MODE:      34      0.02568623     -0.00497202      0.04021742
MINMODE:MODE:      35      0.00189821      0.00845178      0.05911771
MINMODE:MODE:      36      0.04083980     -0.02052938      0.00952080
MINMODE:MODE:      37      0.02937856      0.00306733      0.00818731
MINMODE:MODE:      38     -0.02703849      0.05129295      0.01426234
MINMODE:MODE:      39     -0.07440786      0.07874515      0.02214825
MINMODE:MODE:      40     -0.06622111      0.05763608      0.02402541
MINMODE:MODE:      41     -0.00803733     -0.02629383     -0.02970931
MINMODE:MODE:      42      0.01289894     -0.03336273     -0.02085793
MINMODE:MODE:      43      0.03945464     -0.02270948      0.02975695
MINMODE:MODE:      44      0.04802490     -0.00185233      0.07286348
MINMODE:MODE:      45      0.03027482      0.01054254      0.06976980
MINMODE:MODE:      46     -0.03485720      0.01937890     -0.08068454
MINMODE:MODE:      47     -0.03414860     -0.05958846     -0.04493165
MINMODE:MODE:      48     -0.01342548      0.01267228     -0.00718046
MINMODE:MODE:      49      0.01437404     -0.00430063     -0.01259369
MINMODE:MODE:      50      0.04616989      0.02368216      0.06539329
MINMODE:MODE:      51      0.05374061      0.03344677      0.06226577
MINMODE:MODE:      52      0.01985262      0.02910799      0.00587961
MINMODE:MODE:      53     -0.02027534      0.01501799     -0.04631679
MINMODE:MODE:      54     -0.02712411      0.00492298     -0.04571908
MINMODE:MODE:      55      0.07614447      0.08498653     -0.09416997
MINMODE:MODE:      56      0.07505049      0.07245081     -0.09195218
MINMODE:MODE:      57     -0.00734211      0.01272131      0.00128790
MINMODE:MODE:      58     -0.09725923     -0.04059098      0.09849622
MINMODE:MODE:      59     -0.10264739     -0.03332223      0.09645155
MINMODE:MODE:      60      0.00692674      0.00940948      0.02472451
MINMODE:MODE:      61      0.01075196      0.00953346      0.03946625
MINMODE:MODE:      62      0.00293412     -0.00522415      0.00944794
MINMODE:MODE:      63      0.00778708     -0.01277717      0.01278223
MINMODE:MODE:      64      0.09857186      0.12324056      0.08200988
MINMODE:MODE:      65      0.06407430     -0.15521269     -0.08066374
MINMODE:MODE:      66      0.01301185     -0.07833741     -0.05223839
MINMODE:MODE:      67      0.09738374     -0.13831231      0.01343100
MINMODE:MODE:      68      0.04577003     -0.07241991      0.02026377
MINMODE:MODE:      69     -0.05363679      0.02729728     -0.02831660
MINMODE:MODE:      70     -0.11924785      0.07459560     -0.09077648
MINMODE:MODE:      71     -0.10400665      0.03535603     -0.10719342
MINMODE:MODE:      72      0.02923451      0.03457015     -0.00509954
MINMODE:MODE:      73     -0.00176626      0.02334739      0.00914379
MINMODE:MODE:      74      0.07134184     -0.51595492     -0.26159364
MINMODE:MODE:      75      0.17100006     -0.21974568      0.05227348
MINMODE:MODE:      76      0.08837790     -0.10396632      0.06101488
MINMODE:MODE:      77     -0.08028481      0.06970278     -0.02031221
MINMODE:MODE:      78     -0.18663770      0.15058590     -0.12754398
MINMODE:MODE:      79     -0.16033938      0.07535558     -0.14929435
MINMODE:MODE: Optimization Step: 93
MINMODE:MODE: Order: 0
MINMODE:MODE:       0      0.00084259      0.00844519      0.00828947
MINMODE:MODE:       1      0.00078608      0.00966780      0.00486907
MINMODE:MODE:       2     -0.00512294      0.00644849      0.02670871
MINMODE:MODE:       3      0.00762972      0.00314853      0.03942201
MINMODE:MODE:       4     -0.00079914      0.00287330      0.01676610
MINMODE:MODE:       5     -0.01067822      0.01845875      0.01703799
MINMODE:MODE:       6      0.01489798      0.00278447      0.01242766
MINMODE:MODE:       7      0.00888267      0.01533659      0.01154087
MINMODE:MODE:       8     -0.02248241      0.04218295      0.01493322
MINMODE:MODE:       9     -0.04880842      0.05758495      0.01950378
MINMODE:MODE:      10     -0.04353200      0.04584418      0.02075260
MINMODE:MODE:      11      0.01191073     -0.00552532      0.02038146
MINMODE:MODE:      12      0.00580501     -0.01866842     -0.00545806
MINMODE:MODE:      13      0.01631833     -0.02409679     -0.00140628
MINMODE:MODE:      14      0.03165469     -0.01796006      0.02706467
MINMODE:MODE:      15      0.03647285     -0.00635558      0.05124199
MINMODE:MODE:      16      0.02694917      0.00058429      0.04882029
MINMODE:MODE:      17     -0.01940290     -0.00817263     -0.03751227
MINMODE:MODE:      18     -0.00598838      0.00320884     -0.01446762
MINMODE:MODE:      19     -0.00103988      0.01324843     -0.00087976
MINMODE:MODE:      20      0.00832230      0.01420339      0.00874609
MINMODE:MODE:      21      0.03168666      0.02172135      0.03989996
MINMODE:MODE:      22      0.03578069      0.02730413      0.03874092
MINMODE:MODE:      23      0.01704540      0.02480346      0.00731236
MINMODE:MODE:      24     -0.00524012      0.01707121     -0.02231114
MINMODE:MODE:      25     -0.00955597      0.01195442     -0.02146766
MINMODE:MODE:      26     -0.00868334      0.02432782     -0.00109638
MINMODE:MODE:      27      0.03837940      0.05473348     -0.05364723
MINMODE:MODE:      28      0.03917105      0.04973213     -0.05156048
MINMODE:MODE:      29     -0.00870117      0.01573514      0.00117682
MINMODE:MODE:      30     -0.05847913     -0.01405193      0.05502789
MINMODE:MODE:      31     -0.05975834     -0.00970260      0.05438737
MINMODE:MODE:      32     -0.00309462      0.00606959      0.02765440
MINMODE:MODE:      33     -0.02272056      0.00473523      0.03032552
MINMODE:MODE:      34      0.02559102     -0.00488406      0.04010408
MINMODE:MODE:      35      0.00199591      0.00849059      0.05890170
MINMODE:MODE:      36      0.04050428     -0.02031075      0.00955488
MINMODE:MODE:      37      0.02922554      0.00305799      0.00822280
MINMODE:MODE:      38     -0.02679364      0.05106397      0.01426462
MINMODE:MODE:      39     -0.07386557      0.07845375      0.02211311
MINMODE:MODE:      40     -0.06570305      0.05747348      0.02398909
MINMODE:MODE:      41     -0.00801266     -0.02611351     -0.02945316
MINMODE:MODE:      42      0.01272762     -0.03322262     -0.02077290
MINMODE:MODE:      43      0.03928366     -0.02256337      0.02966097
MINMODE:MODE:      44      0.04782311     -0.00183219      0.07250966
MINMODE:MODE:      45      0.03015553      0.01048690      0.06943333
MINMODE:MODE:      46     -0.03457618      0.01909717     -0.08017478
MINMODE:MODE:      47     -0.03402367     -0.05931512     -0.04440745
MINMODE:MODE:      48     -0.01342418      0.01255268     -0.00731371
MINMODE:MODE:      49      0.01411017     -0.00429657     -0.01252464
MINMODE:MODE:      50      0.04575821      0.02348004      0.06513402
MINMODE:MODE:      51      0.05337172      0.03322788      0.06207043
MINMODE:MODE:      52      0.01977884      0.02901465      0.00590189
MINMODE:MODE:      53     -0.02007015      0.01504975     -0.04612055
MINMODE:MODE:      54     -0.02690872      0.00499202     -0.04550253
MINMODE:MODE:      55      0.07594053      0.08406738     -0.09345664
MINMODE:MODE:      56      0.07494473      0.07168469     -0.09129998
MINMODE:MODE:      57     -0.00732067      0.01262198      0.00136043
MINMODE:MODE:      58     -0.09695991     -0.04002926      0.09787334
MINMODE:MODE:      59     -0.10227289     -0.03276922      0.09564472
MINMODE:MODE:      60      0.00692213      0.00948790      0.02484485
MINMODE:MODE:      61      0.01067743      0.00957999      0.03921251
MINMODE:MODE:      62      0.00289743     -0.00505143      0.00960809
MINMODE:MODE:      63      0.00777271     -0.01265438      0.01296943
MINMODE:MODE:      64      0.09866571      0.12583993      0.08340169
MINMODE:MODE:      65      0.06334418     -0.15624893     -0.08146138
MINMODE:MODE:      66      0.01274035     -0.07801531     -0.05225842
MINMODE:MODE:      67      0.09711407     -0.13781243      0.01359420
MINMODE:MODE:      68      0.04580241     -0.07219290      0.02025725
MINMODE:MODE:      69     -0.05316524      0.02714866     -0.02831142
MINMODE:MODE:      70     -0.11890390      0.07445944     -0.09094903
MINMODE:MODE:      71     -0.10407740      0.03557788     -0.10733651
MINMODE:MODE:      72      0.02913110      0.03477473     -0.00488915
MINMODE:MODE:      73     -0.00180615      0.02343341      0.00933473
MINMODE:MODE:      74      0.06972609     -0.51737213     -0.26296452
MINMODE:MODE:      75      0.17106277     -0.21955618      0.05286165
MINMODE:MODE:      76      0.08835235     -0.10371340      0.06116250
MINMODE:MODE:      77     -0.07966630      0.06934636     -0.02043152
MINMODE:MODE:      78     -0.18610978      0.15038316     -0.12793171
MINMODE:MODE:      79     -0.16020736      0.07543261     -0.14965033
MINMODE:MODE: Optimization Step: 94
MINMODE:MODE: Order: 0
MINMODE:MODE:       0      0.00084329      0.00854255      0.00846982
MINMODE:MODE:       1      0.00087922      0.00977835      0.00515903
MINMODE:MODE:       2     -0.00499021      0.00644917      0.02669630
MINMODE:MODE:       3      0.00766723      0.00318913      0.03931246
MINMODE:MODE:       4     -0.00078200      0.00291664      0.01678422
MINMODE:MODE:       5     -0.01054468      0.01845684      0.01703256
MINMODE:MODE:       6      0.01481064      0.00284934      0.01245894
MINMODE:MODE:       7      0.00903422      0.01511929      0.01153641
MINMODE:MODE:       8     -0.02244924      0.04217598      0.01495681
MINMODE:MODE:       9     -0.04840662      0.05736747      0.01947032
MINMODE:MODE:      10     -0.04319355      0.04571591      0.02072201
MINMODE:MODE:      11      0.01187147     -0.00545537      0.02035784
MINMODE:MODE:      12      0.00576937     -0.01853398     -0.00534820
MINMODE:MODE:      13      0.01620699     -0.02393860     -0.00134961
MINMODE:MODE:      14      0.03149777     -0.01781675      0.02697540
MINMODE:MODE:      15      0.03629237     -0.00630049      0.05098695
MINMODE:MODE:      16      0.02682331      0.00059601      0.04858585
MINMODE:MODE:      17     -0.01924886     -0.00816457     -0.03713977
MINMODE:MODE:      18     -0.00600928      0.00313862     -0.01441382
MINMODE:MODE:      19     -0.00101865      0.01318279     -0.00085035
MINMODE:MODE:      20      0.00826090      0.01409665      0.00876697
MINMODE:MODE:      21      0.03137638      0.02159204      0.03968416
MINMODE:MODE:      22      0.03549218      0.02714966      0.03858714
MINMODE:MODE:      23      0.01697554      0.02470937      0.00733480
MINMODE:MODE:      24     -0.00518190      0.01703826     -0.02220031
MINMODE:MODE:      25     -0.00948323      0.01192588     -0.02135481
MINMODE:MODE:      26     -0.00863982      0.02426829     -0.00112829
MINMODE:MODE:      27      0.03829746      0.05433748     -0.05330768
MINMODE:MODE:      28      0.03909345      0.04933911     -0.05124948
MINMODE:MODE:      29     -0.00869112      0.01566027      0.00123572
MINMODE:MODE:      30     -0.05827281     -0.01374078      0.05463216
MINMODE:MODE:      31     -0.05951627     -0.00937261      0.05395473
MINMODE:MODE:      32     -0.00306205      0.00610222      0.02747909
MINMODE:MODE:      33     -0.02235385      0.00456817      0.03030132
MINMODE:MODE:      34      0.02545421     -0.00476909      0.03997712
MINMODE:MODE:      35      0.00210901      0.00852280      0.05865063
MINMODE:MODE:      36      0.04017323     -0.02009167      0.00957824
MINMODE:MODE:      37      0.02906490      0.00303382      0.00827937
MINMODE:MODE:      38     -0.02654820      0.05081622      0.01425625
MINMODE:MODE:      39     -0.07327262      0.07811763      0.02207117
MINMODE:MODE:      40     -0.06516176      0.05728014      0.02394034
MINMODE:MODE:      41     -0.00798074     -0.02592480     -0.02918386
MINMODE:MODE:      42      0.01256215     -0.03304694     -0.02064464
MINMODE:MODE:      43      0.03908256     -0.02239395      0.02954657
MINMODE:MODE:      44      0.04759241     -0.00180601      0.07211620
MINMODE:MODE:      45      0.03001806      0.01042788      0.06906107
MINMODE:MODE:      46     -0.03426880      0.01886447     -0.07967621
MINMODE:MODE:      47     -0.03387151     -0.05904011     -0.04382863
MINMODE:MODE:      48     -0.01339944      0.01242457     -0.00744973
MINMODE:MODE:      49      0.01379133     -0.00428121     -0.01245303
MINMODE:MODE:      50      0.04534403      0.02329253      0.06487255
MINMODE:MODE:      51      0.05297467      0.03299920      0.06183554
MINMODE:MODE:      52      0.01969249      0.02890553      0.00592640
MINMODE:MODE:      53     -0.01984369      0.01506877     -0.04587104
MINMODE:MODE:      54     -0.02669956      0.00504177     -0.04527233
MINMODE:MODE:      55      0.07571534      0.08314964     -0.09272771
MINMODE:MODE:      56      0.07476066      0.07089999     -0.09057788
MINMODE:MODE:      57     -0.00728290      0.01249642      0.00141916
MINMODE:MODE:      58     -0.09668054     -0.03955150      0.09732031
MINMODE:MODE:      59     -0.10190500     -0.03228757      0.09487213
MINMODE:MODE:      60      0.00686063      0.00953699      0.02475758
MINMODE:MODE:      61      0.01064104      0.00964186      0.03911024
MINMODE:MODE:      62      0.00287947     -0.00490911      0.00978792
MINMODE:MODE:      63      0.00773971     -0.01249938      0.01315860
MINMODE:MODE:      64      0.09876457      0.12928179      0.08534944
MINMODE:MODE:      65      0.06272248     -0.15747901     -0.08245759
MINMODE:MODE:      66      0.01231755     -0.07791971     -0.05250172
MINMODE:MODE:      67      0.09746535     -0.13804484      0.01402130
MINMODE:MODE:      68      0.04565764     -0.07201410      0.02038109
MINMODE:MODE:      69     -0.05292631      0.02717882     -0.02834450
MINMODE:MODE:      70     -0.11823203      0.07416266     -0.09106546
MINMODE:MODE:      71     -0.10393475      0.03564367     -0.10765343
MINMODE:MODE:      72      0.02899204      0.03497760     -0.00461996
MINMODE:MODE:      73     -0.00184702      0.02352581      0.00956750
MINMODE:MODE:      74      0.06801411     -0.51865749     -0.26427089
MINMODE:MODE:      75      0.17072478     -0.21894419      0.05316500
MINMODE:MODE:      76      0.08819935     -0.10343785      0.06125509
MINMODE:MODE:      77     -0.07908159      0.06912700     -0.02050569
MINMODE:MODE:      78     -0.18547342      0.15009552     -0.12823336
MINMODE:MODE:      79     -0.16025153      0.07564306     -0.15007787
MINMODE:MODE: Optimization Step: 95
MINMODE:MODE: Order: 0
MINMODE:MODE:       0      0.00084782      0.00863082      0.00863056
MINMODE:MODE:       1      0.00095164      0.00985492      0.00542924
MINMODE:MODE:       2     -0.00488640      0.00645962      0.02672707
MINMODE:MODE:       3      0.00770253      0.00323475      0.03927793
MINMODE:MODE:       4     -0.00076842      0.00296320      0.01683215
MINMODE:MODE:       5     -0.01046632      0.01848737      0.01705153
MINMODE:MODE:       6      0.01476431      0.00290669      0.01249141
MINMODE:MODE:       7      0.00907204      0.01506216      0.01156139
MINMODE:MODE:       8     -0.02235288      0.04212661      0.01498671
MINMODE:MODE:       9     -0.04816755      0.05727587      0.01948516
MINMODE:MODE:      10     -0.04293216      0.04563462      0.02071414
MINMODE:MODE:      11      0.01185038     -0.00540417      0.02036872
MINMODE:MODE:      12      0.00574507     -0.01845302     -0.00527731
MINMODE:MODE:      13      0.01613857     -0.02383951     -0.00130722
MINMODE:MODE:      14      0.03140379     -0.01772971      0.02692484
MINMODE:MODE:      15      0.03619009     -0.00626245      0.05084913
MINMODE:MODE:      16      0.02676379      0.00061802      0.04847644
MINMODE:MODE:      17     -0.01915748     -0.00816224     -0.03687087
MINMODE:MODE:      18     -0.00603181      0.00309426     -0.01438572
MINMODE:MODE:      19     -0.00100843      0.01314469     -0.00081862
MINMODE:MODE:      20      0.00820698      0.01403623      0.00877376
MINMODE:MODE:      21      0.03116578      0.02150741      0.03955743
MINMODE:MODE:      22      0.03530963      0.02705708      0.03850364
MINMODE:MODE:      23      0.01691993      0.02466527      0.00734840
MINMODE:MODE:      24     -0.00512291      0.01703249     -0.02211793
MINMODE:MODE:      25     -0.00942594      0.01192201     -0.02127183
MINMODE:MODE:      26     -0.00860411      0.02424968     -0.00113915
MINMODE:MODE:      27      0.03813400      0.05402120     -0.05296167
MINMODE:MODE:      28      0.03905815      0.04907576     -0.05102413
MINMODE:MODE:      29     -0.00866174      0.01563698      0.00122543
MINMODE:MODE:      30     -0.05815136     -0.01350835      0.05437802
MINMODE:MODE:      31     -0.05929579     -0.00906907      0.05357290
MINMODE:MODE:      32     -0.00303987      0.00614334      0.02737590
MINMODE:MODE:      33     -0.02210533      0.00444662      0.03032189
MINMODE:MODE:      34      0.02536613     -0.00467366      0.03992624
MINMODE:MODE:      35      0.00220953      0.00855659      0.05852451
MINMODE:MODE:      36      0.03998059     -0.01994895      0.00960122
MINMODE:MODE:      37      0.02899361      0.00301547      0.00832129
MINMODE:MODE:      38     -0.02640041      0.05069684      0.01427697
MINMODE:MODE:      39     -0.07288704      0.07794013      0.02207040
MINMODE:MODE:      40     -0.06482808      0.05719908      0.02393462
MINMODE:MODE:      41     -0.00796188     -0.02581431     -0.02900315
MINMODE:MODE:      42      0.01245405     -0.03293789     -0.02055387
MINMODE:MODE:      43      0.03896671     -0.02228192      0.02948990
MINMODE:MODE:      44      0.04746106     -0.00178506      0.07189041
MINMODE:MODE:      45      0.02994263      0.01039166      0.06883994
MINMODE:MODE:      46     -0.03406348      0.01874138     -0.07939106
MINMODE:MODE:      47     -0.03379983     -0.05895726     -0.04340715
MINMODE:MODE:      48     -0.01337810      0.01233014     -0.00759068
MINMODE:MODE:      49      0.01353727     -0.00427362     -0.01240542
MINMODE:MODE:      50      0.04507585      0.02317084      0.06475842
MINMODE:MODE:      51      0.05271579      0.03286281      0.06170977
MINMODE:MODE:      52      0.01965019      0.02885634      0.00595875
MINMODE:MODE:      53     -0.01968751      0.01509388     -0.04572292
MINMODE:MODE:      54     -0.02657937      0.00507465     -0.04514694
MINMODE:MODE:      55      0.07566461      0.08258120     -0.09229873
MINMODE:MODE:      56      0.07469687      0.07039339     -0.09013133
MINMODE:MODE:      57     -0.00725690      0.01239831      0.00146881
MINMODE:MODE:      58     -0.09658197     -0.03926321      0.09704460
MINMODE:MODE:      59     -0.10175538     -0.03196671      0.09438332
MINMODE:MODE:      60      0.00684745      0.00961978      0.02483601
MINMODE:MODE:      61      0.01060394      0.00968706      0.03898808
MINMODE:MODE:      62      0.00289484     -0.00483185      0.01000626
MINMODE:MODE:      63      0.00769161     -0.01234933      0.01326303
MINMODE:MODE:      64      0.09860931      0.12886809      0.08510531
MINMODE:MODE:      65      0.06246947     -0.15592694     -0.08174682
MINMODE:MODE:      66      0.01227596     -0.07775931     -0.05255746
MINMODE:MODE:      67      0.09789359     -0.13828646      0.01428199
MINMODE:MODE:      68      0.04582561     -0.07210190      0.02055734
MINMODE:MODE:      69     -0.05277166      0.02722785     -0.02842565
MINMODE:MODE:      70     -0.11803740      0.07414537     -0.09134501
MINMODE:MODE:      71     -0.10417148      0.03585759     -0.10807757
MINMODE:MODE:      72      0.02896658      0.03524256     -0.00440648
MINMODE:MODE:      73     -0.00187687      0.02365481      0.00979603
MINMODE:MODE:      74      0.06684971     -0.52008310     -0.26550537
MINMODE:MODE:      75      0.17062692     -0.21877015      0.05344417
MINMODE:MODE:      76      0.08817388     -0.10346201      0.06146064
MINMODE:MODE:      77     -0.07877880      0.06912351     -0.02055209
MINMODE:MODE:      78     -0.18505186      0.14992116     -0.12861864
MINMODE:MODE:      79     -0.16062175      0.07596404     -0.15074101
MINMODE:MODE: Optimization Step: 96
MINMODE:MODE: Order: 0
MINMODE:MODE:       0      0.00085803      0.00870149      0.00882493
MINMODE:MODE:       1      0.00102263      0.00992061      0.00568746
MINMODE:MODE:       2     -0.00477927      0.00647078      0.02675665
MINMODE:MODE:       3      0.00773359      0.00328606      0.03924432
MINMODE:MODE:       4     -0.00074691      0.00301951      0.01687993
MINMODE:MODE:       5     -0.01040536      0.01852503      0.01706829
MINMODE:MODE:       6      0.01472640      0.00294913      0.01251626
MINMODE:MODE:       7      0.00907486      0.01503656      0.01159205
MINMODE:MODE:       8     -0.02221240      0.04203822      0.01500748
MINMODE:MODE:       9     -0.04792409      0.05717520      0.01949841
MINMODE:MODE:      10     -0.04265544      0.04554309      0.02069806
MINMODE:MODE:      11      0.01182317     -0.00535606      0.02036771
MINMODE:MODE:      12      0.00571807     -0.01836774     -0.00519956
MINMODE:MODE:      13      0.01606791     -0.02373461     -0.00125899
MINMODE:MODE:      14      0.03129894     -0.01764296      0.02686452
MINMODE:MODE:      15      0.03609053     -0.00621640      0.05071401
MINMODE:MODE:      16      0.02670109      0.00063987      0.04836231
MINMODE:MODE:      17     -0.01907143     -0.00815387     -0.03658686
MINMODE:MODE:      18     -0.00607033      0.00306076     -0.01434839
MINMODE:MODE:      19     -0.00100072      0.01310576     -0.00078181
MINMODE:MODE:      20      0.00810886      0.01396495      0.00872748
MINMODE:MODE:      21      0.03100165      0.02142448      0.03949352
MINMODE:MODE:      22      0.03513647      0.02696232      0.03843996
MINMODE:MODE:      23      0.01683911      0.02461551      0.00734196
MINMODE:MODE:      24     -0.00504298      0.01703135     -0.02201645
MINMODE:MODE:      25     -0.00937310      0.01191563     -0.02120010
MINMODE:MODE:      26     -0.00855535      0.02426076     -0.00115962
MINMODE:MODE:      27      0.03797151      0.05368885     -0.05260529
MINMODE:MODE:      28      0.03898078      0.04877654     -0.05076371
MINMODE:MODE:      29     -0.00861752      0.01561680      0.00118955
MINMODE:MODE:      30     -0.05806588     -0.01329630      0.05418558
MINMODE:MODE:      31     -0.05913856     -0.00878478      0.05325753
MINMODE:MODE:      32     -0.00301552      0.00618235      0.02727100
MINMODE:MODE:      33     -0.02187200      0.00432622      0.03033738
MINMODE:MODE:      34      0.02528438     -0.00458637      0.03986677
MINMODE:MODE:      35      0.00230308      0.00858898      0.05837917
MINMODE:MODE:      36      0.03977581     -0.01980809      0.00962747
MINMODE:MODE:      37      0.02891741      0.00299629      0.00835999
MINMODE:MODE:      38     -0.02624777      0.05057222      0.01430328
MINMODE:MODE:      39     -0.07248711      0.07774838      0.02206650
MINMODE:MODE:      40     -0.06448984      0.05711217      0.02392310
MINMODE:MODE:      41     -0.00794562     -0.02568866     -0.02881955
MINMODE:MODE:      42      0.01234681     -0.03282110     -0.02046461
MINMODE:MODE:      43      0.03884622     -0.02216912      0.02942610
MINMODE:MODE:      44      0.04731947     -0.00176623      0.07165001
MINMODE:MODE:      45      0.02986324      0.01034850      0.06860181
MINMODE:MODE:      46     -0.03386807      0.01860671     -0.07909789
MINMODE:MODE:      47     -0.03372644     -0.05891974     -0.04296598
MINMODE:MODE:      48     -0.01336806      0.01223686     -0.00771094
MINMODE:MODE:      49      0.01329774     -0.00427161     -0.01234468
MINMODE:MODE:      50      0.04479406      0.02303689      0.06462799
MINMODE:MODE:      51      0.05243345      0.03271345      0.06156939
MINMODE:MODE:      52      0.01960004      0.02880445      0.00599127
MINMODE:MODE:      53     -0.01953040      0.01512546     -0.04557874
MINMODE:MODE:      54     -0.02644842      0.00511025     -0.04501920
MINMODE:MODE:      55      0.07564816      0.08197670     -0.09187000
MINMODE:MODE:      56      0.07464242      0.06986296     -0.08969746
MINMODE:MODE:      57     -0.00723500      0.01229185      0.00150502
MINMODE:MODE:      58     -0.09644234     -0.03891885      0.09667275
MINMODE:MODE:      59     -0.10154570     -0.03160640      0.09385735
MINMODE:MODE:      60      0.00685467      0.00968751      0.02496316
MINMODE:MODE:      61      0.01055182      0.00973283      0.03880818
MINMODE:MODE:      62      0.00285876     -0.00467340      0.01014511
MINMODE:MODE:      63      0.00768719     -0.01225803      0.01342304
MINMODE:MODE:      64      0.09864520      0.12926698      0.08532793
MINMODE:MODE:      65      0.06209191     -0.15595885     -0.08193631
MINMODE:MODE:      66      0.01249838     -0.07768882     -0.05253612
MINMODE:MODE:      67      0.09778217     -0.13795886      0.01436818
MINMODE:MODE:      68      0.04618747     -0.07217217      0.02067652
MINMODE:MODE:      69     -0.05242072      0.02713256     -0.02853036
MINMODE:MODE:      70     -0.11819266      0.07436827     -0.09171540
MINMODE:MODE:      71     -0.10453492      0.03622162     -0.10842117
MINMODE:MODE:      72      0.02898832      0.03553984     -0.00422396
MINMODE:MODE:      73     -0.00190574      0.02377650      0.00997417
MINMODE:MODE:      74      0.06540265     -0.52090377     -0.26647914
MINMODE:MODE:      75      0.17073089     -0.21878320      0.05396390
MINMODE:MODE:      76      0.08828418     -0.10348692      0.06172873
MINMODE:MODE:      77     -0.07841349      0.06904462     -0.02061591
MINMODE:MODE:      78     -0.18450135      0.14958564     -0.12890168
MINMODE:MODE:      79     -0.16093902      0.07626659     -0.15128340
MINMODE:MODE: Optimization Step: 97
MINMODE:MODE: Order: 0
MINMODE:MODE:       0      0.00085982      0.00878786      0.00902696
MINMODE:MODE:       1      0.00112357      0.01004767      0.00599096
MINMODE:MODE:       2     -0.00464901      0.00647913      0.02675543
MINMODE:MODE:       3      0.00776425      0.00334062      0.03913991
MINMODE:MODE:       4     -0.00073360      0.00308040      0.01691159
MINMODE:MODE:       5     -0.01029555      0.01852696      0.01706599
MINMODE:MODE:       6      0.01467419      0.00297898      0.01253127
MINMODE:MODE:       7      0.00907311      0.01497956      0.01161411
MINMODE:MODE:       8     -0.02201108      0.04187754      0.01500941
MINMODE:MODE:       9     -0.04753432      0.05696118      0.01947841
MINMODE:MODE:      10     -0.04230976      0.04541235      0.02066669
MINMODE:MODE:      11      0.01177044     -0.00528775      0.02033162
MINMODE:MODE:      12      0.00568720     -0.01821271     -0.00507340
MINMODE:MODE:      13      0.01595405     -0.02356897     -0.00119814
MINMODE:MODE:      14      0.03113104     -0.01750367      0.02676396
MINMODE:MODE:      15      0.03592360     -0.00614629      0.05047878
MINMODE:MODE:      16      0.02657150      0.00065366      0.04813313
MINMODE:MODE:      17     -0.01894963     -0.00811348     -0.03622008
MINMODE:MODE:      18     -0.00613414      0.00301217     -0.01427464
MINMODE:MODE:      19     -0.00097019      0.01305622     -0.00072742
MINMODE:MODE:      20      0.00798966      0.01387779      0.00865556
MINMODE:MODE:      21      0.03076454      0.02127616      0.03938273
MINMODE:MODE:      22      0.03487195      0.02680308      0.03832078
MINMODE:MODE:      23      0.01673579      0.02452048      0.00734775
MINMODE:MODE:      24     -0.00495820      0.01701244     -0.02188744
MINMODE:MODE:      25     -0.00930277      0.01189658     -0.02110715
MINMODE:MODE:      26     -0.00846340      0.02424809     -0.00119928
MINMODE:MODE:      27      0.03791417      0.05327098     -0.05226608
MINMODE:MODE:      28      0.03883928      0.04833010     -0.05037954
MINMODE:MODE:      29     -0.00860303      0.01553907      0.00120109
MINMODE:MODE:      30     -0.05793172     -0.01300593      0.05386989
MINMODE:MODE:      31     -0.05902347     -0.00849543      0.05296268
MINMODE:MODE:      32     -0.00297956      0.00621862      0.02710457
MINMODE:MODE:      33     -0.02154424      0.00417127      0.03032137
MINMODE:MODE:      34      0.02517380     -0.00447306      0.03973009
MINMODE:MODE:      35      0.00240928      0.00862363      0.05813096
MINMODE:MODE:      36      0.03945718     -0.01961201      0.00964700
MINMODE:MODE:      37      0.02878474      0.00296394      0.00840006
MINMODE:MODE:      38     -0.02601837      0.05034759      0.01431875
MINMODE:MODE:      39     -0.07190554      0.07742233      0.02204413
MINMODE:MODE:      40     -0.06395880      0.05690935      0.02386336
MINMODE:MODE:      41     -0.00792796     -0.02549725     -0.02855428
MINMODE:MODE:      42      0.01219459     -0.03263220     -0.02034412
MINMODE:MODE:      43      0.03864723     -0.02200462      0.02930680
MINMODE:MODE:      44      0.04708372     -0.00174103      0.07125432
MINMODE:MODE:      45      0.02972574      0.01028228      0.06821941
MINMODE:MODE:      46     -0.03356610      0.01832567     -0.07858036
MINMODE:MODE:      47     -0.03359726     -0.05876044     -0.04237041
MINMODE:MODE:      48     -0.01341139      0.01214112     -0.00771900
MINMODE:MODE:      49      0.01302696     -0.00427591     -0.01224658
MINMODE:MODE:      50      0.04436199      0.02282157      0.06435441
MINMODE:MODE:      51      0.05200786      0.03247633      0.06133358
MINMODE:MODE:      52      0.01950151      0.02870529      0.00602229
MINMODE:MODE:      53     -0.01930688      0.01515742     -0.04535194
MINMODE:MODE:      54     -0.02623241      0.00516108     -0.04480768
MINMODE:MODE:      55      0.07553598      0.08099764     -0.09126522
MINMODE:MODE:      56      0.07448544      0.06907496     -0.08903184
MINMODE:MODE:      57     -0.00720962      0.01214164      0.00152922
MINMODE:MODE:      58     -0.09610593     -0.03835851      0.09599821
MINMODE:MODE:      59     -0.10110335     -0.03105202      0.09306667
MINMODE:MODE:      60      0.00680654      0.00970010      0.02489154
MINMODE:MODE:      61      0.01052704      0.00980521      0.03873594
MINMODE:MODE:      62      0.00286296     -0.00455463      0.01030218
MINMODE:MODE:      63      0.00762036     -0.01203751      0.01361543
MINMODE:MODE:      64      0.09896579      0.13281415      0.08739076
MINMODE:MODE:      65      0.06139952     -0.15776300     -0.08328849
MINMODE:MODE:      66      0.01250202     -0.07787639     -0.05273723
MINMODE:MODE:      67      0.09731705     -0.13758859      0.01454767
MINMODE:MODE:      68      0.04623102     -0.07201093      0.02080312
MINMODE:MODE:      69     -0.05189793      0.02697310     -0.02862832
MINMODE:MODE:      70     -0.11792375      0.07439663     -0.09204659
MINMODE:MODE:      71     -0.10464719      0.03644804     -0.10886713
MINMODE:MODE:      72      0.02893697      0.03585715     -0.00398489
MINMODE:MODE:      73     -0.00194198      0.02389438      0.01016823
MINMODE:MODE:      74      0.06325484     -0.52161715     -0.26763530
MINMODE:MODE:      75      0.17078636     -0.21858865      0.05463303
MINMODE:MODE:      76      0.08834174     -0.10328109      0.06196499
MINMODE:MODE:      77     -0.07771420      0.06873164     -0.02071302
MINMODE:MODE:      78     -0.18369497      0.14908131     -0.12915257
MINMODE:MODE:      79     -0.16103909      0.07644664     -0.15167867
MINMODE:MODE: Optimization Step: 98
MINMODE:MODE: Order: 0
MINMODE:MODE:       0      0.00087257      0.00887701      0.00917789
MINMODE:MODE:       1      0.00122213      0.01022970      0.00624097
MINMODE:MODE:       2     -0.00455189      0.00649148      0.02677699
MINMODE:MODE:       3      0.00779449      0.00338126      0.03909905
MINMODE:MODE:       4     -0.00073445      0.00312740      0.01695467
MINMODE:MODE:       5     -0.01020998      0.01851530      0.01706882
MINMODE:MODE:       6      0.01464373      0.00300561      0.01255656
MINMODE:MODE:       7      0.00909195      0.01492401      0.01164056
MINMODE:MODE:       8     -0.02188863      0.04181529      0.01503751
MINMODE:MODE:       9     -0.04726373      0.05684650      0.01947480
MINMODE:MODE:      10     -0.04210879      0.04539188      0.02066922
MINMODE:MODE:      11      0.01174044     -0.00523540      0.02032972
MINMODE:MODE:      12      0.00565826     -0.01811008     -0.00499580
MINMODE:MODE:      13      0.01587255     -0.02346008     -0.00116016
MINMODE:MODE:      14      0.03104513     -0.01740534      0.02671999
MINMODE:MODE:      15      0.03582887     -0.00610282      0.05033820
MINMODE:MODE:      16      0.02648842      0.00065568      0.04799203
MINMODE:MODE:      17     -0.01888081     -0.00808687     -0.03597448
MINMODE:MODE:      18     -0.00618597      0.00297375     -0.01424149
MINMODE:MODE:      19     -0.00094116      0.01303477     -0.00069787
MINMODE:MODE:      20      0.00796228      0.01382029      0.00864019
MINMODE:MODE:      21      0.03058281      0.02117351      0.03932076
MINMODE:MODE:      22      0.03466825      0.02668957      0.03824832
MINMODE:MODE:      23      0.01668340      0.02447356      0.00740158
MINMODE:MODE:      24     -0.00491151      0.01702358     -0.02185489
MINMODE:MODE:      25     -0.00925897      0.01190274     -0.02107113
MINMODE:MODE:      26     -0.00840570      0.02425526     -0.00115606
MINMODE:MODE:      27      0.03802024      0.05304354     -0.05221480
MINMODE:MODE:      28      0.03882605      0.04800438     -0.05012869
MINMODE:MODE:      29     -0.00870139      0.01544123      0.00127153
MINMODE:MODE:      30     -0.05784538     -0.01268894      0.05360969
MINMODE:MODE:      31     -0.05903717     -0.00821491      0.05277141
MINMODE:MODE:      32     -0.00296037      0.00625505      0.02699931
MINMODE:MODE:      33     -0.02128200      0.00405724      0.03034408
MINMODE:MODE:      34      0.02513706     -0.00438734      0.03964276
MINMODE:MODE:      35      0.00249833      0.00866235      0.05802130
MINMODE:MODE:      36      0.03924329     -0.01949708      0.00967623
MINMODE:MODE:      37      0.02870689      0.00293360      0.00844503
MINMODE:MODE:      38     -0.02586460      0.05022792      0.01434648
MINMODE:MODE:      39     -0.07153324      0.07727218      0.02204582
MINMODE:MODE:      40     -0.06358822      0.05680324      0.02383212
MINMODE:MODE:      41     -0.00791671     -0.02537173     -0.02835156
MINMODE:MODE:      42      0.01208607     -0.03251448     -0.02028397
MINMODE:MODE:      43      0.03853747     -0.02190018      0.02924329
MINMODE:MODE:      44      0.04696072     -0.00172279      0.07102488
MINMODE:MODE:      45      0.02965045      0.01024438      0.06800146
MINMODE:MODE:      46     -0.03337092      0.01805862     -0.07828582
MINMODE:MODE:      47     -0.03349632     -0.05862866     -0.04191225
MINMODE:MODE:      48     -0.01345708      0.01208114     -0.00778799
MINMODE:MODE:      49      0.01285698     -0.00428833     -0.01217716
MINMODE:MODE:      50      0.04406176      0.02265228      0.06419295
MINMODE:MODE:      51      0.05172788      0.03231305      0.06125416
MINMODE:MODE:      52      0.01944268      0.02866246      0.00605511
MINMODE:MODE:      53     -0.01914978      0.01521551     -0.04523405
MINMODE:MODE:      54     -0.02607735      0.00522048     -0.04469729
MINMODE:MODE:      55      0.07551467      0.08022322     -0.09073749
MINMODE:MODE:      56      0.07442830      0.06846938     -0.08860729
MINMODE:MODE:      57     -0.00720942      0.01203457      0.00154970
MINMODE:MODE:      58     -0.09597061     -0.03789568      0.09553289
MINMODE:MODE:      59     -0.10089478     -0.03065204      0.09259670
MINMODE:MODE:      60      0.00680164      0.00974539      0.02496326
MINMODE:MODE:      61      0.01050434      0.00985467      0.03865461
MINMODE:MODE:      62      0.00288018     -0.00448995      0.01046073
MINMODE:MODE:      63      0.00755966     -0.01185781      0.01373285
MINMODE:MODE:      64      0.09923808      0.13266339      0.08753207
MINMODE:MODE:      65      0.06118248     -0.15596541     -0.08246700
MINMODE:MODE:      66      0.01216412     -0.07757799     -0.05290864
MINMODE:MODE:      67      0.09766910     -0.13778146      0.01486345
MINMODE:MODE:      68      0.04609847     -0.07177957      0.02095903
MINMODE:MODE:      69     -0.05166876      0.02692146     -0.02880205
MINMODE:MODE:      70     -0.11736027      0.07407067     -0.09222169
MINMODE:MODE:      71     -0.10471803      0.03636278     -0.10933375
MINMODE:MODE:      72      0.02883358      0.03608377     -0.00377764
MINMODE:MODE:      73     -0.00197843      0.02402812      0.01038325
MINMODE:MODE:      74      0.06146845     -0.52302665     -0.26913327
MINMODE:MODE:      75      0.17084497     -0.21857056      0.05518551
MINMODE:MODE:      76      0.08831597     -0.10310122      0.06214648
MINMODE:MODE:      77     -0.07720896      0.06850745     -0.02081594
MINMODE:MODE:      78     -0.18346468      0.14903705     -0.12972829
MINMODE:MODE:      79     -0.16131913      0.07655468     -0.15226746
MINMODE:MODE: Optimization Step: 99
MINMODE:MODE: Order: 0
MINMODE:MODE:       0      0.00087359      0.00896042      0.00933818
MINMODE:MODE:       1      0.00129377      0.01037387      0.00647043
MINMODE:MODE:       2     -0.00446161      0.00651051      0.02680464
MINMODE:MODE:       3      0.00783180      0.00342202      0.03907107
MINMODE:MODE:       4     -0.00072602      0.00317939      0.01700350
MINMODE:MODE:       5     -0.01015275      0.01854085      0.01709268
MINMODE:MODE:       6      0.01459039      0.00305071      0.01259284
MINMODE:MODE:       7      0.00909102      0.01489967      0.01167510
MINMODE:MODE:       8     -0.02176115      0.04174837      0.01506503
MINMODE:MODE:       9     -0.04704815      0.05678840      0.01949240
MINMODE:MODE:      10     -0.04188788      0.04534937      0.02066813
MINMODE:MODE:      11      0.01171654     -0.00518515      0.02033941
MINMODE:MODE:      12      0.00562120     -0.01803087     -0.00493929
MINMODE:MODE:      13      0.01580755     -0.02336756     -0.00112765
MINMODE:MODE:      14      0.03097781     -0.01732999      0.02668619
MINMODE:MODE:      15      0.03576161     -0.00606672      0.05024282
MINMODE:MODE:      16      0.02642774      0.00066520      0.04789425
MINMODE:MODE:      17     -0.01881314     -0.00809455     -0.03574965
MINMODE:MODE:      18     -0.00622308      0.00292898     -0.01421494
MINMODE:MODE:      19     -0.00091883      0.01301310     -0.00065542
MINMODE:MODE:      20      0.00794032      0.01378533      0.00865053
MINMODE:MODE:      21      0.03039415      0.02107362      0.03924271
MINMODE:MODE:      22      0.03450389      0.02658930      0.03820874
MINMODE:MODE:      23      0.01662959      0.02443538      0.00742777
MINMODE:MODE:      24     -0.00486092      0.01704681     -0.02181549
MINMODE:MODE:      25     -0.00920698      0.01192246     -0.02102828
MINMODE:MODE:      26     -0.00837961      0.02424288     -0.00112638
MINMODE:MODE:      27      0.03803283      0.05273909     -0.05201343
MINMODE:MODE:      28      0.03879671      0.04769275     -0.04989496
MINMODE:MODE:      29     -0.00874810      0.01539357      0.00130627
MINMODE:MODE:      30     -0.05777719     -0.01239456      0.05336096
MINMODE:MODE:      31     -0.05890738     -0.00788492      0.05245341
MINMODE:MODE:      32     -0.00295286      0.00629921      0.02691122
MINMODE:MODE:      33     -0.02103811      0.00395524      0.03037638
MINMODE:MODE:      34      0.02511038     -0.00431518      0.03958128
MINMODE:MODE:      35      0.00258502      0.00870205      0.05794756
MINMODE:MODE:      36      0.03907282     -0.01941349      0.00970885
MINMODE:MODE:      37      0.02865861      0.00289708      0.00848773
MINMODE:MODE:      38     -0.02573289      0.05014559      0.01438141
MINMODE:MODE:      39     -0.07121145      0.07716466      0.02205331
MINMODE:MODE:      40     -0.06328006      0.05674097      0.02381930
MINMODE:MODE:      41     -0.00790769     -0.02525898     -0.02817111
MINMODE:MODE:      42      0.01199204     -0.03241632     -0.02023122
MINMODE:MODE:      43      0.03845218     -0.02181007      0.02919596
MINMODE:MODE:      44      0.04686530     -0.00170288      0.07083370
MINMODE:MODE:      45      0.02959225      0.01021068      0.06782538
MINMODE:MODE:      46     -0.03319646      0.01781934     -0.07804858
MINMODE:MODE:      47     -0.03340344     -0.05848959     -0.04149083
MINMODE:MODE:      48     -0.01349620      0.01203269     -0.00786624
MINMODE:MODE:      49      0.01267616     -0.00429098     -0.01212528
MINMODE:MODE:      50      0.04380017      0.02250052      0.06408281
MINMODE:MODE:      51      0.05148765      0.03217125      0.06120899
MINMODE:MODE:      52      0.01940108      0.02863494      0.00609133
MINMODE:MODE:      53     -0.01901221      0.01528406     -0.04515039
MINMODE:MODE:      54     -0.02594474      0.00528360     -0.04462096
MINMODE:MODE:      55      0.07557824      0.07957505     -0.09034147
MINMODE:MODE:      56      0.07439870      0.06791413     -0.08821922
MINMODE:MODE:      57     -0.00722459      0.01193840      0.00158547
MINMODE:MODE:      58     -0.09590365     -0.03744615      0.09512663
MINMODE:MODE:      59     -0.10082318     -0.03026962      0.09225737
MINMODE:MODE:      60      0.00681611      0.00983610      0.02509788
MINMODE:MODE:      61      0.01047196      0.00988871      0.03852914
MINMODE:MODE:      62      0.00282214     -0.00431879      0.01056035
MINMODE:MODE:      63      0.00758390     -0.01181681      0.01390254
MINMODE:MODE:      64      0.09953223      0.13193277      0.08735798
MINMODE:MODE:      65      0.06075878     -0.15485796     -0.08197213
MINMODE:MODE:      66      0.01194699     -0.07710001     -0.05293155
MINMODE:MODE:      67      0.09808365     -0.13775993      0.01520901
MINMODE:MODE:      68      0.04631277     -0.07174195      0.02105001
MINMODE:MODE:      69     -0.05148805      0.02685139     -0.02895313
MINMODE:MODE:      70     -0.11701211      0.07382512     -0.09243081
MINMODE:MODE:      71     -0.10485275      0.03641797     -0.10967345
MINMODE:MODE:      72      0.02874952      0.03629624     -0.00358876
MINMODE:MODE:      73     -0.00200965      0.02416836      0.01058566
MINMODE:MODE:      74      0.05985044     -0.52407077     -0.27040036
MINMODE:MODE:      75      0.17094633     -0.21851832      0.05575101
MINMODE:MODE:      76      0.08834231     -0.10295940      0.06229833
MINMODE:MODE:      77     -0.07680796      0.06832222     -0.02092193
MINMODE:MODE:      78     -0.18327642      0.14898508     -0.13027911
MINMODE:MODE:      79     -0.16173097      0.07676599     -0.15292166
MINMODE:MODE: Optimization Step: 100
MINMODE:MODE: Order: 0
MINMODE:MODE:       0      0.00086946      0.00906196      0.00948641
MINMODE:MODE:       1      0.00135515      0.01049992      0.00668533
MINMODE:MODE:       2     -0.00436934      0.00653691      0.02681658
MINMODE:MODE:       3      0.00786461      0.00346594      0.03901705
MINMODE:MODE:       4     -0.00071931      0.00323178      0.01704588
MINMODE:MODE:       5     -0.01011100      0.01857288      0.01711961
MINMODE:MODE:       6      0.01450159      0.00310703      0.01263514
MINMODE:MODE:       7      0.00906509      0.01487639      0.01171222
MINMODE:MODE:       8     -0.02160289      0.04165108      0.01508490
MINMODE:MODE:       9     -0.04680480      0.05671952      0.01950390
MINMODE:MODE:      10     -0.04159484      0.04525892      0.02064613
MINMODE:MODE:      11      0.01168315     -0.00512946      0.02034674
MINMODE:MODE:      12      0.00557281     -0.01794449     -0.00489038
MINMODE:MODE:      13      0.01573675     -0.02325745     -0.00109365
MINMODE:MODE:      14      0.03089105     -0.01725497      0.02662299
MINMODE:MODE:      15      0.03570544     -0.00600242      0.05014768
MINMODE:MODE:      16      0.02637297      0.00068771      0.04779403
MINMODE:MODE:      17     -0.01873949     -0.00810508     -0.03548155
MINMODE:MODE:      18     -0.00625841      0.00288028     -0.01418131
MINMODE:MODE:      19     -0.00088510      0.01298361     -0.00056536
MINMODE:MODE:      20      0.00791533      0.01374809      0.00866207
MINMODE:MODE:      21      0.03014571      0.02094480      0.03911760
MINMODE:MODE:      22      0.03431625      0.02645863      0.03816409
MINMODE:MODE:      23      0.01654079      0.02438655      0.00742949
MINMODE:MODE:      24     -0.00478142      0.01707948     -0.02175177
MINMODE:MODE:      25     -0.00911568      0.01195777     -0.02095071
MINMODE:MODE:      26     -0.00832274      0.02422407     -0.00109684
MINMODE:MODE:      27      0.03788576      0.05224673     -0.05159058
MINMODE:MODE:      28      0.03872598      0.04727415     -0.04957103
MINMODE:MODE:      29     -0.00873991      0.01538264      0.00123887
MINMODE:MODE:      30     -0.05771270     -0.01203919      0.05307712
MINMODE:MODE:      31     -0.05868540     -0.00743404      0.05195360
MINMODE:MODE:      32     -0.00294904      0.00634861      0.02680800
MINMODE:MODE:      33     -0.02078300      0.00385574      0.03039797
MINMODE:MODE:      34      0.02505932     -0.00424045      0.03948998
MINMODE:MODE:      35      0.00268497      0.00873452      0.05783877
MINMODE:MODE:      36      0.03887546     -0.01934570      0.00974169
MINMODE:MODE:      37      0.02860228      0.00284342      0.00853109
MINMODE:MODE:      38     -0.02558422      0.05004548      0.01441391
MINMODE:MODE:      39     -0.07083793      0.07703608      0.02204831
MINMODE:MODE:      40     -0.06294885      0.05667292      0.02379687
MINMODE:MODE:      41     -0.00790413     -0.02512787     -0.02798147
MINMODE:MODE:      42      0.01189351     -0.03229468     -0.02015707
MINMODE:MODE:      43      0.03834770     -0.02170697      0.02912701
MINMODE:MODE:      44      0.04672413     -0.00172319      0.07058361
MINMODE:MODE:      45      0.02952259      0.01016393      0.06761373
MINMODE:MODE:      46     -0.03301092      0.01752794     -0.07777865
MINMODE:MODE:      47     -0.03325339     -0.05832992     -0.04098217
MINMODE:MODE:      48     -0.01351428      0.01196863     -0.00797825
MINMODE:MODE:      49      0.01244445     -0.00426903     -0.01205974
MINMODE:MODE:      50      0.04351066      0.02230678      0.06396954
MINMODE:MODE:      51      0.05119599      0.03198754      0.06113927
MINMODE:MODE:      52      0.01934880      0.02859524      0.00612927
MINMODE:MODE:      53     -0.01885859      0.01537688     -0.04505192
MINMODE:MODE:      54     -0.02577841      0.00536822     -0.04454849
MINMODE:MODE:      55      0.07573594      0.07884060     -0.08993166
MINMODE:MODE:      56      0.07435632      0.06724592     -0.08776578
MINMODE:MODE:      57     -0.00725482      0.01183579      0.00161838
MINMODE:MODE:      58     -0.09584506     -0.03687905      0.09463172
MINMODE:MODE:      59     -0.10075310     -0.02979179      0.09188353
MINMODE:MODE:      60      0.00679911      0.00989204      0.02513008
MINMODE:MODE:      61      0.01045137      0.00996082      0.03844177
MINMODE:MODE:      62      0.00281536     -0.00423855      0.01067457
MINMODE:MODE:      63      0.00756422     -0.01170499      0.01408990
MINMODE:MODE:      64      0.10020896      0.13274549      0.08842403
MINMODE:MODE:      65      0.06015463     -0.15590844     -0.08267953
MINMODE:MODE:      66      0.01205910     -0.07689063     -0.05292002
MINMODE:MODE:      67      0.09816344     -0.13745509      0.01560473
MINMODE:MODE:      68      0.04674772     -0.07180912      0.02115822
MINMODE:MODE:      69     -0.05117739      0.02670881     -0.02918128
MINMODE:MODE:      70     -0.11701687      0.07381325     -0.09284990
MINMODE:MODE:      71     -0.10502963      0.03659779     -0.11012181
MINMODE:MODE:      72      0.02869084      0.03651140     -0.00346084
MINMODE:MODE:      73     -0.00205114      0.02427877      0.01077556
MINMODE:MODE:      74      0.05767797     -0.52434896     -0.27144143
MINMODE:MODE:      75      0.17097234     -0.21816770      0.05647223
MINMODE:MODE:      76      0.08850570     -0.10281763      0.06253091
MINMODE:MODE:      77     -0.07637211      0.06812093     -0.02109027
MINMODE:MODE:      78     -0.18281643      0.14858085     -0.13071423
MINMODE:MODE:      79     -0.16207843      0.07701563     -0.15350438
MINMODE:MODE: Optimization Step: 101
MINMODE:MODE: Order: 0
MINMODE:MODE:       0      0.00087160      0.00915000      0.00964018
MINMODE:MODE:       1      0.00140489      0.01056556      0.00689579
MINMODE:MODE:       2     -0.00427998      0.00656622      0.02682327
MINMODE:MODE:       3      0.00789987      0.00351490      0.03895909
MINMODE:MODE:       4     -0.00070974      0.00328370      0.01708132
MINMODE:MODE:       5     -0.01001963      0.01857152      0.01713894
MINMODE:MODE:       6      0.01445116      0.00313780      0.01267192
MINMODE:MODE:       7      0.00907760      0.01483792      0.01174410
MINMODE:MODE:       8     -0.02148444      0.04156613      0.01510160
MINMODE:MODE:       9     -0.04653328      0.05661153      0.01950249
MINMODE:MODE:      10     -0.04138307      0.04521639      0.02065004
MINMODE:MODE:      11      0.01165465     -0.00508103      0.02033906
MINMODE:MODE:      12      0.00555549     -0.01783770     -0.00479976
MINMODE:MODE:      13      0.01566173     -0.02314987     -0.00105817
MINMODE:MODE:      14      0.03079635     -0.01716899      0.02656418
MINMODE:MODE:      15      0.03562287     -0.00594722      0.05002616
MINMODE:MODE:      16      0.02630807      0.00070630      0.04767369
MINMODE:MODE:      17     -0.01864611     -0.00811675     -0.03519789
MINMODE:MODE:      18     -0.00629551      0.00283830     -0.01413248
MINMODE:MODE:      19     -0.00087409      0.01295393     -0.00051644
MINMODE:MODE:      20      0.00784094      0.01370578      0.00864662
MINMODE:MODE:      21      0.02996867      0.02082959      0.03906584
MINMODE:MODE:      22      0.03410955      0.02634345      0.03809184
MINMODE:MODE:      23      0.01649049      0.02433392      0.00744897
MINMODE:MODE:      24     -0.00474072      0.01708767     -0.02169383
MINMODE:MODE:      25     -0.00905746      0.01197041     -0.02089641
MINMODE:MODE:      26     -0.00825083      0.02417754     -0.00115858
MINMODE:MODE:      27      0.03789214      0.05188119     -0.05131435
MINMODE:MODE:      28      0.03868326      0.04691858     -0.04930396
MINMODE:MODE:      29     -0.00870823      0.01533587      0.00126265
MINMODE:MODE:      30     -0.05762545     -0.01176644      0.05277700
MINMODE:MODE:      31     -0.05864640     -0.00719975      0.05172950
MINMODE:MODE:      32     -0.00294538      0.00640145      0.02670194
MINMODE:MODE:      33     -0.02055190      0.00375483      0.03039875
MINMODE:MODE:      34      0.02499975     -0.00415792      0.03940825
MINMODE:MODE:      35      0.00277469      0.00876519      0.05769737
MINMODE:MODE:      36      0.03867031     -0.01923238      0.00977412
MINMODE:MODE:      37      0.02852945      0.00280630      0.00856854
MINMODE:MODE:      38     -0.02543215      0.04992119      0.01443673
MINMODE:MODE:      39     -0.07046692      0.07688678      0.02204533
MINMODE:MODE:      40     -0.06259622      0.05657657      0.02376581
MINMODE:MODE:      41     -0.00789872     -0.02500034     -0.02780959
MINMODE:MODE:      42      0.01179774     -0.03216959     -0.02007560
MINMODE:MODE:      43      0.03823146     -0.02160275      0.02905323
MINMODE:MODE:      44      0.04657576     -0.00173386      0.07032905
MINMODE:MODE:      45      0.02944701      0.01012954      0.06740190
MINMODE:MODE:      46     -0.03280206      0.01730727     -0.07744757
MINMODE:MODE:      47     -0.03313063     -0.05819065     -0.04051471
MINMODE:MODE:      48     -0.01351710      0.01188748     -0.00809367
MINMODE:MODE:      49      0.01221202     -0.00425812     -0.01199579
MINMODE:MODE:      50      0.04320872      0.02214149      0.06381674
MINMODE:MODE:      51      0.05091181      0.03181626      0.06103330
MINMODE:MODE:      52      0.01929453      0.02854020      0.00616118
MINMODE:MODE:      53     -0.01869764      0.01544250     -0.04492374
MINMODE:MODE:      54     -0.02561109      0.00544117     -0.04443727
MINMODE:MODE:      55      0.07569880      0.07816436     -0.08945705
MINMODE:MODE:      56      0.07427195      0.06666210     -0.08727535
MINMODE:MODE:      57     -0.00726638      0.01174831      0.00167255
MINMODE:MODE:      58     -0.09572423     -0.03635836      0.09413993
MINMODE:MODE:      59     -0.10052139     -0.02927475      0.09135003
MINMODE:MODE:      60      0.00677666      0.00993856      0.02515054
MINMODE:MODE:      61      0.01043102      0.01003823      0.03835969
MINMODE:MODE:      62      0.00285080     -0.00421202      0.01084583
MINMODE:MODE:      63      0.00749485     -0.01152349      0.01422045
MINMODE:MODE:      64      0.10056184      0.13358851      0.08919914
MINMODE:MODE:      65      0.05952840     -0.15615908     -0.08301005
MINMODE:MODE:      66      0.01213641     -0.07691514     -0.05289329
MINMODE:MODE:      67      0.09828427     -0.13738320      0.01594278
MINMODE:MODE:      68      0.04685064     -0.07173101      0.02121871
MINMODE:MODE:      69     -0.05084513      0.02665343     -0.02928228
MINMODE:MODE:      70     -0.11694582      0.07382059     -0.09323871
MINMODE:MODE:      71     -0.10529995      0.03679078     -0.11055621
MINMODE:MODE:      72      0.02864868      0.03673997     -0.00332039
MINMODE:MODE:      73     -0.00209669      0.02438411      0.01096442
MINMODE:MODE:      74      0.05602208     -0.52505978     -0.27255640
MINMODE:MODE:      75      0.17094279     -0.21783551      0.05697338
MINMODE:MODE:      76      0.08869052     -0.10269488      0.06275056
MINMODE:MODE:      77     -0.07593956      0.06795892     -0.02125129
MINMODE:MODE:      78     -0.18232982      0.14820052     -0.13102911
MINMODE:MODE:      79     -0.16225859      0.07714980     -0.15397457
MINMODE:MODE: Optimization Step: 102
MINMODE:MODE: Order: 0
MINMODE:MODE:       0      0.00088002      0.00922256      0.00980952
MINMODE:MODE:       1      0.00146708      0.01063737      0.00710034
MINMODE:MODE:       2     -0.00418909      0.00658725      0.02682663
MINMODE:MODE:       3      0.00792974      0.00356199      0.03890096
MINMODE:MODE:       4     -0.00068415      0.00333008      0.01712478
MINMODE:MODE:       5     -0.00979705      0.01842375      0.01714322
MINMODE:MODE:       6      0.01443866      0.00313127      0.01270607
MINMODE:MODE:       7      0.00909204      0.01480654      0.01178045
MINMODE:MODE:       8     -0.02136593      0.04148475      0.01511779
MINMODE:MODE:       9     -0.04628684      0.05651121      0.01949381
MINMODE:MODE:      10     -0.04132311      0.04532239      0.02067298
MINMODE:MODE:      11      0.01163003     -0.00503137      0.02033352
MINMODE:MODE:      12      0.00554518     -0.01772953     -0.00470407
MINMODE:MODE:      13      0.01559250     -0.02304070     -0.00101522
MINMODE:MODE:      14      0.03070480     -0.01708001      0.02651203
MINMODE:MODE:      15      0.03553110     -0.00589834      0.04989426
MINMODE:MODE:      16      0.02623768      0.00072019      0.04754645
MINMODE:MODE:      17     -0.01855213     -0.00810460     -0.03492247
MINMODE:MODE:      18     -0.00633171      0.00280352     -0.01408220
MINMODE:MODE:      19     -0.00086819      0.01292009     -0.00047248
MINMODE:MODE:      20      0.00775785      0.01366233      0.00862267
MINMODE:MODE:      21      0.02981483      0.02072541      0.03903225
MINMODE:MODE:      22      0.03391285      0.02623370      0.03802153
MINMODE:MODE:      23      0.01644380      0.02428325      0.00746823
MINMODE:MODE:      24     -0.00470180      0.01708641     -0.02163636
MINMODE:MODE:      25     -0.00902313      0.01197127     -0.02086087
MINMODE:MODE:      26     -0.00819048      0.02411660     -0.00119492
MINMODE:MODE:      27      0.03799911      0.05160319     -0.05118085
MINMODE:MODE:      28      0.03867249      0.04660425     -0.04906995
MINMODE:MODE:      29     -0.00870061      0.01527503      0.00130793
MINMODE:MODE:      30     -0.05752964     -0.01154885      0.05250167
MINMODE:MODE:      31     -0.05864175     -0.00704511      0.05157261
MINMODE:MODE:      32     -0.00293663      0.00644811      0.02659719
MINMODE:MODE:      33     -0.02033582      0.00365762      0.03039430
MINMODE:MODE:      34      0.02493064     -0.00407680      0.03933462
MINMODE:MODE:      35      0.00285712      0.00879414      0.05754470
MINMODE:MODE:      36      0.03846960     -0.01910406      0.00980699
MINMODE:MODE:      37      0.02845002      0.00277604      0.00860156
MINMODE:MODE:      38     -0.02527877      0.04978920      0.01445626
MINMODE:MODE:      39     -0.07010894      0.07673290      0.02204535
MINMODE:MODE:      40     -0.06225274      0.05648817      0.02372472
MINMODE:MODE:      41     -0.00789131     -0.02487740     -0.02764552
MINMODE:MODE:      42      0.01170688     -0.03204812     -0.01999355
MINMODE:MODE:      43      0.03811272     -0.02150202      0.02898112
MINMODE:MODE:      44      0.04642725     -0.00173806      0.07007795
MINMODE:MODE:      45      0.02937206      0.01010190      0.06719589
MINMODE:MODE:      46     -0.03259568      0.01712189     -0.07711201
MINMODE:MODE:      47     -0.03303602     -0.05808644     -0.04007704
MINMODE:MODE:      48     -0.01351079      0.01179769     -0.00820315
MINMODE:MODE:      49      0.01199700     -0.00425951     -0.01193314
MINMODE:MODE:      50      0.04291293      0.02199678      0.06365633
MINMODE:MODE:      51      0.05063654      0.03165836      0.06091165
MINMODE:MODE:      52      0.01924117      0.02848088      0.00619044
MINMODE:MODE:      53     -0.01853834      0.01549178     -0.04478233
MINMODE:MODE:      54     -0.02545082      0.00550249     -0.04430632
MINMODE:MODE:      55      0.07554482      0.07751314     -0.08892755
MINMODE:MODE:      56      0.07417643      0.06614560     -0.08679414
MINMODE:MODE:      57     -0.00727199      0.01166685      0.00173745
MINMODE:MODE:      58     -0.09559669     -0.03589163      0.09368614
MINMODE:MODE:      59     -0.10024195     -0.02876031      0.09076251
MINMODE:MODE:      60      0.00676721      0.01000909      0.02521258
MINMODE:MODE:      61      0.01040148      0.01007960      0.03824715
MINMODE:MODE:      62      0.00282136     -0.00407180      0.01097148
MINMODE:MODE:      63      0.00748393     -0.01143494      0.01436233
MINMODE:MODE:      64      0.10070240      0.13394321      0.08964015
MINMODE:MODE:      65      0.05901880     -0.15557672     -0.08289421
MINMODE:MODE:      66      0.01203775     -0.07674782     -0.05288589
MINMODE:MODE:      67      0.09848148     -0.13738822      0.01625090
MINMODE:MODE:      68      0.04689973     -0.07164678      0.02127528
MINMODE:MODE:      69     -0.05060479      0.02663987     -0.02935469
MINMODE:MODE:      70     -0.11671836      0.07373211     -0.09350449
MINMODE:MODE:      71     -0.10549430      0.03690536     -0.11092160
MINMODE:MODE:      72      0.02861175      0.03696307     -0.00316238
MINMODE:MODE:      73     -0.00213927      0.02449318      0.01114642
MINMODE:MODE:      74      0.05460179     -0.52612273     -0.27383161
MINMODE:MODE:      75      0.17092357     -0.21757792      0.05735786
MINMODE:MODE:      76      0.08883358     -0.10258364      0.06295500
MINMODE:MODE:      77     -0.07552901      0.06780257     -0.02137629
MINMODE:MODE:      78     -0.18195966      0.14798423     -0.13134705
MINMODE:MODE:      79     -0.16239231      0.07723319     -0.15442167
MINMODE:MODE: Optimization Step: 103
MINMODE:MODE: Order: 0
MINMODE:MODE:       0      0.00088049      0.00929398      0.00997351
MINMODE:MODE:       1      0.00155259      0.01076985      0.00729120
MINMODE:MODE:       2     -0.00408177      0.00659615      0.02681589
MINMODE:MODE:       3      0.00796148      0.00359592      0.03881720
MINMODE:MODE:       4     -0.00064968      0.00336809      0.01716049
MINMODE:MODE:       5     -0.00965971      0.01836601      0.01714089
MINMODE:MODE:       6      0.01440943      0.00312774      0.01272788
MINMODE:MODE:       7      0.00905427      0.01479607      0.01181971
MINMODE:MODE:       8     -0.02117438      0.04133689      0.01511434
MINMODE:MODE:       9     -0.04603417      0.05640861      0.01949279
MINMODE:MODE:      10     -0.04111474      0.04528155      0.02066808
MINMODE:MODE:      11      0.01159925     -0.00497061      0.02032350
MINMODE:MODE:      12      0.00551041     -0.01762135     -0.00463000
MINMODE:MODE:      13      0.01551817     -0.02290770     -0.00096519
MINMODE:MODE:      14      0.03059862     -0.01697703      0.02644529
MINMODE:MODE:      15      0.03541482     -0.00585052      0.04972811
MINMODE:MODE:      16      0.02615520      0.00073542      0.04739533
MINMODE:MODE:      17     -0.01845185     -0.00808202     -0.03463755
MINMODE:MODE:      18     -0.00636515      0.00277779     -0.01402052
MINMODE:MODE:      19     -0.00086491      0.01288327     -0.00042857
MINMODE:MODE:      20      0.00771140      0.01360794      0.00863845
MINMODE:MODE:      21      0.02958071      0.02059368      0.03890852
MINMODE:MODE:      22      0.03369585      0.02608993      0.03793295
MINMODE:MODE:      23      0.01635450      0.02421824      0.00746185
MINMODE:MODE:      24     -0.00462489      0.01708794     -0.02152869
MINMODE:MODE:      25     -0.00897724      0.01198458     -0.02080656
MINMODE:MODE:      26     -0.00815167      0.02398438     -0.00113836
MINMODE:MODE:      27      0.03804208      0.05120638     -0.05093455
MINMODE:MODE:      28      0.03865586      0.04619680     -0.04876112
MINMODE:MODE:      29     -0.00869264      0.01520253      0.00132276
MINMODE:MODE:      30     -0.05737252     -0.01129734      0.05217540
MINMODE:MODE:      31     -0.05839613     -0.00675587      0.05114235
MINMODE:MODE:      32     -0.00292578      0.00648302      0.02647772
MINMODE:MODE:      33     -0.02009155      0.00355787      0.03037706
MINMODE:MODE:      34      0.02484338     -0.00399522      0.03922444
MINMODE:MODE:      35      0.00294219      0.00881855      0.05736201
MINMODE:MODE:      36      0.03825896     -0.01898952      0.00983493
MINMODE:MODE:      37      0.02835002      0.00274773      0.00863894
MINMODE:MODE:      38     -0.02509946      0.04962976      0.01446977
MINMODE:MODE:      39     -0.06969796      0.07654072      0.02203189
MINMODE:MODE:      40     -0.06191129      0.05639521      0.02368105
MINMODE:MODE:      41     -0.00787539     -0.02472812     -0.02744390
MINMODE:MODE:      42      0.01160800     -0.03190488     -0.01990028
MINMODE:MODE:      43      0.03797322     -0.02138826      0.02888990
MINMODE:MODE:      44      0.04625394     -0.00174291      0.06977771
MINMODE:MODE:      45      0.02928029      0.01006311      0.06694621
MINMODE:MODE:      46     -0.03238032      0.01689645     -0.07677282
MINMODE:MODE:      47     -0.03291544     -0.05794483     -0.03958896
MINMODE:MODE:      48     -0.01349148      0.01169654     -0.00832239
MINMODE:MODE:      49      0.01178931     -0.00426576     -0.01185892
MINMODE:MODE:      50      0.04259908      0.02182186      0.06349078
MINMODE:MODE:      51      0.05031140      0.03146864      0.06075313
MINMODE:MODE:      52      0.01917320      0.02840853      0.00621864
MINMODE:MODE:      53     -0.01836385      0.01555525     -0.04462224
MINMODE:MODE:      54     -0.02527209      0.00556940     -0.04417156
MINMODE:MODE:      55      0.07535023      0.07680951     -0.08832439
MINMODE:MODE:      56      0.07407263      0.06558799     -0.08630828
MINMODE:MODE:      57     -0.00729430      0.01157571      0.00179854
MINMODE:MODE:      58     -0.09549846     -0.03537659      0.09320029
MINMODE:MODE:      59     -0.10001781     -0.02818713      0.09022245
MINMODE:MODE:      60      0.00676417      0.01004269      0.02527579
MINMODE:MODE:      61      0.01036622      0.01013311      0.03810931
MINMODE:MODE:      62      0.00279573     -0.00393562      0.01106175
MINMODE:MODE:      63      0.00746332     -0.01131889      0.01452472
MINMODE:MODE:      64      0.10104666      0.13471914      0.09052658
MINMODE:MODE:      65      0.05847450     -0.15513582     -0.08279867
MINMODE:MODE:      66      0.01164910     -0.07619808     -0.05291678
MINMODE:MODE:      67      0.09850326     -0.13714847      0.01659462
MINMODE:MODE:      68      0.04722829     -0.07173250      0.02141096
MINMODE:MODE:      69     -0.05043885      0.02656415     -0.02945918
MINMODE:MODE:      70     -0.11621734      0.07342385     -0.09370075
MINMODE:MODE:      71     -0.10536090      0.03686398     -0.11120135
MINMODE:MODE:      72      0.02851418      0.03713041     -0.00298112
MINMODE:MODE:      73     -0.00218143      0.02459631      0.01130047
MINMODE:MODE:      74      0.05278145     -0.52725629     -0.27533317
MINMODE:MODE:      75      0.17097522     -0.21729908      0.05791749
MINMODE:MODE:      76      0.08893746     -0.10242256      0.06316497
MINMODE:MODE:      77     -0.07506879      0.06754783     -0.02149184
MINMODE:MODE:      78     -0.18172983      0.14791203     -0.13181492
MINMODE:MODE:      79     -0.16255677      0.07736390     -0.15491597
MINMODE:MODE: Optimization Step: 104
MINMODE:MODE: Order: 0
MINMODE:MODE:       0      0.00087968      0.00936467      0.01010555
MINMODE:MODE:       1      0.00161668      0.01087413      0.00749351
MINMODE:MODE:       2     -0.00398263      0.00660788      0.02679196
MINMODE:MODE:       3      0.00799404      0.00362620      0.03871634
MINMODE:MODE:       4     -0.00061543      0.00340498      0.01718578
MINMODE:MODE:       5     -0.00954115      0.01833127      0.01714097
MINMODE:MODE:       6      0.01433841      0.00316563      0.01275287
MINMODE:MODE:       7      0.00903219      0.01476596      0.01184670
MINMODE:MODE:       8     -0.02099966      0.04119302      0.01511541
MINMODE:MODE:       9     -0.04574693      0.05626942      0.01948858
MINMODE:MODE:      10     -0.04084498      0.04518279      0.02064802
MINMODE:MODE:      11      0.01156762     -0.00490580      0.02030676
MINMODE:MODE:      12      0.00547739     -0.01750646     -0.00455491
MINMODE:MODE:      13      0.01544003     -0.02277096     -0.00091924
MINMODE:MODE:      14      0.03048169     -0.01686809      0.02637382
MINMODE:MODE:      15      0.03527547     -0.00581127      0.04953788
MINMODE:MODE:      16      0.02607049      0.00075979      0.04724385
MINMODE:MODE:      17     -0.01833685     -0.00807311     -0.03433965
MINMODE:MODE:      18     -0.00637740      0.00274501     -0.01396044
MINMODE:MODE:      19     -0.00083852      0.01288851     -0.00037954
MINMODE:MODE:      20      0.00765041      0.01355113      0.00864460
MINMODE:MODE:      21      0.02932776      0.02046193      0.03875428
MINMODE:MODE:      22      0.03346704      0.02595060      0.03782760
MINMODE:MODE:      23      0.01632799      0.02416108      0.00752429
MINMODE:MODE:      24     -0.00461989      0.01706669     -0.02148209
MINMODE:MODE:      25     -0.00889814      0.01198813     -0.02070027
MINMODE:MODE:      26     -0.00806148      0.02386141     -0.00115290
MINMODE:MODE:      27      0.03788166      0.05066422     -0.05047978
MINMODE:MODE:      28      0.03858974      0.04577546     -0.04843459
MINMODE:MODE:      29     -0.00867128      0.01512438      0.00135358
MINMODE:MODE:      30     -0.05718566     -0.01105324      0.05181961
MINMODE:MODE:      31     -0.05802939     -0.00643653      0.05061421
MINMODE:MODE:      32     -0.00291591      0.00651721      0.02635072
MINMODE:MODE:      33     -0.01982690      0.00345847      0.03034524
MINMODE:MODE:      34      0.02474899     -0.00391413      0.03910056
MINMODE:MODE:      35      0.00302280      0.00884317      0.05717351
MINMODE:MODE:      36      0.03806362     -0.01888510      0.00985577
MINMODE:MODE:      37      0.02823980      0.00272681      0.00867440
MINMODE:MODE:      38     -0.02490911      0.04945496      0.01447790
MINMODE:MODE:      39     -0.06927388      0.07633079      0.02201265
MINMODE:MODE:      40     -0.06157777      0.05629309      0.02364135
MINMODE:MODE:      41     -0.00785280     -0.02456992     -0.02723146
MINMODE:MODE:      42      0.01150791     -0.03174934     -0.01980047
MINMODE:MODE:      43      0.03782262     -0.02126806      0.02879174
MINMODE:MODE:      44      0.04607688     -0.00173413      0.06947193
MINMODE:MODE:      45      0.02917580      0.01001822      0.06666616
MINMODE:MODE:      46     -0.03215281      0.01668646     -0.07642692
MINMODE:MODE:      47     -0.03279388     -0.05777151     -0.03910133
MINMODE:MODE:      48     -0.01346359      0.01160732     -0.00844187
MINMODE:MODE:      49      0.01157049     -0.00427486     -0.01178947
MINMODE:MODE:      50      0.04227638      0.02164773      0.06331103
MINMODE:MODE:      51      0.04997674      0.03127509      0.06057445
MINMODE:MODE:      52      0.01910291      0.02833317      0.00624826
MINMODE:MODE:      53     -0.01819057      0.01559823     -0.04445181
MINMODE:MODE:      54     -0.02510753      0.00562538     -0.04403792
MINMODE:MODE:      55      0.07518013      0.07615811     -0.08775072
MINMODE:MODE:      56      0.07395025      0.06503159     -0.08581047
MINMODE:MODE:      57     -0.00731758      0.01148791      0.00186767
MINMODE:MODE:      58     -0.09534007     -0.03486575      0.09267980
MINMODE:MODE:      59     -0.09981382     -0.02764365      0.08970897
MINMODE:MODE:      60      0.00674249      0.01004823      0.02527094
MINMODE:MODE:      61      0.01035093      0.01021316      0.03802940
MINMODE:MODE:      62      0.00283446     -0.00390363      0.01122347
MINMODE:MODE:      63      0.00737240     -0.01109576      0.01462994
MINMODE:MODE:      64      0.10139772      0.13602502      0.09160924
MINMODE:MODE:      65      0.05780976     -0.15517114     -0.08297560
MINMODE:MODE:      66      0.01147867     -0.07585700     -0.05286408
MINMODE:MODE:      67      0.09842267     -0.13683996      0.01686639
MINMODE:MODE:      68      0.04741272     -0.07167642      0.02150652
MINMODE:MODE:      69     -0.05008511      0.02643418     -0.02949707
MINMODE:MODE:      70     -0.11588530      0.07323373     -0.09393225
MINMODE:MODE:      71     -0.10533408      0.03690863     -0.11145481
MINMODE:MODE:      72      0.02842314      0.03729628     -0.00279593
MINMODE:MODE:      73     -0.00222605      0.02469938      0.01146164
MINMODE:MODE:      74      0.05099042     -0.52832498     -0.27675367
MINMODE:MODE:      75      0.17103436     -0.21701371      0.05844566
MINMODE:MODE:      76      0.08905910     -0.10225963      0.06337879
MINMODE:MODE:      77     -0.07463231      0.06732801     -0.02160400
MINMODE:MODE:      78     -0.18137253      0.14772035     -0.13217706
MINMODE:MODE:      79     -0.16264146      0.07745916     -0.15535992
MINMODE:MODE: Optimization Step: 105
MINMODE:MODE: Order: 0
MINMODE:MODE:       0      0.00087632      0.00943518      0.01023922
MINMODE:MODE:       1      0.00167298      0.01097845      0.00769018
MINMODE:MODE:       2     -0.00388333      0.00662045      0.02677216
MINMODE:MODE:       3      0.00802548      0.00365571      0.03861765
MINMODE:MODE:       4     -0.00059460      0.00344187      0.01722233
MINMODE:MODE:       5     -0.00942281      0.01827740      0.01713003
MINMODE:MODE:       6      0.01426955      0.00321304      0.01278264
MINMODE:MODE:       7      0.00904206      0.01469672      0.01187202
MINMODE:MODE:       8     -0.02087367      0.04110932      0.01513951
MINMODE:MODE:       9     -0.04547254      0.05613269      0.01948139
MINMODE:MODE:      10     -0.04059863      0.04511055      0.02062901
MINMODE:MODE:      11      0.01153338     -0.00484386      0.02029476
MINMODE:MODE:      12      0.00544642     -0.01738710     -0.00447679
MINMODE:MODE:      13      0.01535755     -0.02264007     -0.00088257
MINMODE:MODE:      14      0.03037463     -0.01676403      0.02630308
MINMODE:MODE:      15      0.03515613     -0.00577227      0.04936465
MINMODE:MODE:      16      0.02599693      0.00078110      0.04710178
MINMODE:MODE:      17     -0.01824937     -0.00807978     -0.03405137
MINMODE:MODE:      18     -0.00638929      0.00272537     -0.01390098
MINMODE:MODE:      19     -0.00079793      0.01286262     -0.00033273
MINMODE:MODE:      20      0.00757572      0.01348512      0.00860933
MINMODE:MODE:      21      0.02908672      0.02032053      0.03864898
MINMODE:MODE:      22      0.03323477      0.02579518      0.03774788
MINMODE:MODE:      23      0.01624531      0.02409512      0.00755730
MINMODE:MODE:      24     -0.00457173      0.01707911     -0.02141886
MINMODE:MODE:      25     -0.00878393      0.01201299     -0.02058104
MINMODE:MODE:      26     -0.00785140      0.02375221     -0.00119790
MINMODE:MODE:      27      0.03769798      0.05003315     -0.04992580
MINMODE:MODE:      28      0.03856841      0.04529379     -0.04808742
MINMODE:MODE:      29     -0.00864983      0.01503427      0.00133788
MINMODE:MODE:      30     -0.05707432     -0.01080116      0.05152279
MINMODE:MODE:      31     -0.05778395     -0.00614702      0.05016435
MINMODE:MODE:      32     -0.00290866      0.00655243      0.02623151
MINMODE:MODE:      33     -0.01955961      0.00336421      0.03032447
MINMODE:MODE:      34      0.02464413     -0.00385473      0.03896553
MINMODE:MODE:      35      0.00310625      0.00886815      0.05701253
MINMODE:MODE:      36      0.03788259     -0.01880323      0.00987772
MINMODE:MODE:      37      0.02813151      0.00269997      0.00871970
MINMODE:MODE:      38     -0.02472454      0.04930204      0.01449143
MINMODE:MODE:      39     -0.06886843      0.07615655      0.02199836
MINMODE:MODE:      40     -0.06124949      0.05621256      0.02360199
MINMODE:MODE:      41     -0.00784299     -0.02441577     -0.02703158
MINMODE:MODE:      42      0.01141149     -0.03159445     -0.01970704
MINMODE:MODE:      43      0.03768894     -0.02115315      0.02869698
MINMODE:MODE:      44      0.04592277     -0.00173150      0.06919832
MINMODE:MODE:      45      0.02907854      0.00996761      0.06639700
MINMODE:MODE:      46     -0.03195628      0.01642563     -0.07613376
MINMODE:MODE:      47     -0.03264871     -0.05760622     -0.03857143
MINMODE:MODE:      48     -0.01345104      0.01154377     -0.00855588
MINMODE:MODE:      49      0.01134374     -0.00427481     -0.01172434
MINMODE:MODE:      50      0.04194579      0.02145609      0.06313678
MINMODE:MODE:      51      0.04964539      0.03107437      0.06044830
MINMODE:MODE:      52      0.01903314      0.02827434      0.00628997
MINMODE:MODE:      53     -0.01802542      0.01567780     -0.04431728
MINMODE:MODE:      54     -0.02492750      0.00570424     -0.04394280
MINMODE:MODE:      55      0.07515615      0.07553949     -0.08730526
MINMODE:MODE:      56      0.07387085      0.06443516     -0.08533731
MINMODE:MODE:      57     -0.00736888      0.01142588      0.00191327
MINMODE:MODE:      58     -0.09525879     -0.03424840      0.09211912
MINMODE:MODE:      59     -0.09967287     -0.02697741      0.08924124
MINMODE:MODE:      60      0.00672239      0.01009855      0.02528679
MINMODE:MODE:      61      0.01034095      0.01026714      0.03795612
MINMODE:MODE:      62      0.00282146     -0.00378001      0.01133503
MINMODE:MODE:      63      0.00734340     -0.01097592      0.01476254
MINMODE:MODE:      64      0.10208581      0.13685987      0.09289769
MINMODE:MODE:      65      0.05729379     -0.15527628     -0.08313492
MINMODE:MODE:      66      0.01183175     -0.07579232     -0.05267937
MINMODE:MODE:      67      0.09847521     -0.13662717      0.01717731
MINMODE:MODE:      68      0.04736888     -0.07140094      0.02156730
MINMODE:MODE:      69     -0.04968464      0.02637015     -0.02961464
MINMODE:MODE:      70     -0.11584001      0.07324021     -0.09433685
MINMODE:MODE:      71     -0.10562990      0.03705765     -0.11198305
MINMODE:MODE:      72      0.02838221      0.03750817     -0.00267584
MINMODE:MODE:      73     -0.00227290      0.02480691      0.01165068
MINMODE:MODE:      74      0.04865784     -0.52914623     -0.27820848
MINMODE:MODE:      75      0.17102956     -0.21664025      0.05901261
MINMODE:MODE:      76      0.08922701     -0.10205089      0.06365955
MINMODE:MODE:      77     -0.07425052      0.06727902     -0.02179692
MINMODE:MODE:      78     -0.18081306      0.14727053     -0.13246387
MINMODE:MODE:      79     -0.16265035      0.07740454     -0.15582268
MINMODE:MODE: Optimization Step: 106
MINMODE:MODE: Order: 0
MINMODE:MODE:       0      0.00087947      0.00951663      0.01037068
MINMODE:MODE:       1      0.00173393      0.01107073      0.00787556
MINMODE:MODE:       2     -0.00378347      0.00663815      0.02675932
MINMODE:MODE:       3      0.00805598      0.00368831      0.03852760
MINMODE:MODE:       4     -0.00057654      0.00348268      0.01725149
MINMODE:MODE:       5     -0.00933903      0.01823856      0.01713395
MINMODE:MODE:       6      0.01426606      0.00317859      0.01279873
MINMODE:MODE:       7      0.00903252      0.01465035      0.01190861
MINMODE:MODE:       8     -0.02073389      0.04102337      0.01515704
MINMODE:MODE:       9     -0.04523104      0.05603849      0.01948216
MINMODE:MODE:      10     -0.04040555      0.04508022      0.02062585
MINMODE:MODE:      11      0.01150432     -0.00478652      0.02028780
MINMODE:MODE:      12      0.00543060     -0.01725902     -0.00437598
MINMODE:MODE:      13      0.01528465     -0.02251448     -0.00083731
MINMODE:MODE:      14      0.03027278     -0.01666802      0.02623163
MINMODE:MODE:      15      0.03505088     -0.00573487      0.04920013
MINMODE:MODE:      16      0.02591241      0.00078297      0.04694477
MINMODE:MODE:      17     -0.01817953     -0.00809346     -0.03377435
MINMODE:MODE:      18     -0.00641138      0.00270547     -0.01384911
MINMODE:MODE:      19     -0.00068792      0.01283533     -0.00027577
MINMODE:MODE:      20      0.00753193      0.01341919      0.00859586
MINMODE:MODE:      21      0.02888170      0.02018127      0.03859603
MINMODE:MODE:      22      0.03302166      0.02565186      0.03769181
MINMODE:MODE:      23      0.01612899      0.02404799      0.00753368
MINMODE:MODE:      24     -0.00448363      0.01709166     -0.02131832
MINMODE:MODE:      25     -0.00873422      0.01202519     -0.02054295
MINMODE:MODE:      26     -0.00774271      0.02360421     -0.00115203
MINMODE:MODE:      27      0.03786463      0.04961014     -0.04975036
MINMODE:MODE:      28      0.03858528      0.04482187     -0.04776583
MINMODE:MODE:      29     -0.00863127      0.01492726      0.00133506
MINMODE:MODE:      30     -0.05701671     -0.01054578      0.05122739
MINMODE:MODE:      31     -0.05784315     -0.00597448      0.04997676
MINMODE:MODE:      32     -0.00290438      0.00659059      0.02612007
MINMODE:MODE:      33     -0.01931503      0.00327318      0.03031156
MINMODE:MODE:      34      0.02454484     -0.00380231      0.03884339
MINMODE:MODE:      35      0.00319335      0.00888943      0.05685001
MINMODE:MODE:      36      0.03767803     -0.01870093      0.00990755
MINMODE:MODE:      37      0.02803906      0.00266461      0.00876557
MINMODE:MODE:      38     -0.02454908      0.04917054      0.01450987
MINMODE:MODE:      39     -0.06847406      0.07600261      0.02198775
MINMODE:MODE:      40     -0.06090317      0.05613409      0.02356345
MINMODE:MODE:      41     -0.00784728     -0.02427027     -0.02685567
MINMODE:MODE:      42      0.01132112     -0.03144704     -0.01961784
MINMODE:MODE:      43      0.03757059     -0.02104398      0.02860845
MINMODE:MODE:      44      0.04579145     -0.00172904      0.06895066
MINMODE:MODE:      45      0.02899287      0.00992643      0.06616322
MINMODE:MODE:      46     -0.03177554      0.01616473     -0.07585583
MINMODE:MODE:      47     -0.03251462     -0.05747505     -0.03804840
MINMODE:MODE:      48     -0.01344173      0.01147684     -0.00866782
MINMODE:MODE:      49      0.01112809     -0.00427074     -0.01165550
MINMODE:MODE:      50      0.04160770      0.02126238      0.06295652
MINMODE:MODE:      51      0.04932513      0.03087242      0.06035748
MINMODE:MODE:      52      0.01896502      0.02822451      0.00632893
MINMODE:MODE:      53     -0.01786438      0.01576620     -0.04420503
MINMODE:MODE:      54     -0.02472158      0.00580879     -0.04382638
MINMODE:MODE:      55      0.07506010      0.07484211     -0.08675919
MINMODE:MODE:      56      0.07379471      0.06381746     -0.08485428
MINMODE:MODE:      57     -0.00742864      0.01138943      0.00194238
MINMODE:MODE:      58     -0.09522039     -0.03359828      0.09155961
MINMODE:MODE:      59     -0.09947403     -0.02622963      0.08869459
MINMODE:MODE:      60      0.00673406      0.01021335      0.02540596
MINMODE:MODE:      61      0.01030327      0.01028391      0.03777970
MINMODE:MODE:      62      0.00277066     -0.00361108      0.01145502
MINMODE:MODE:      63      0.00735973     -0.01093847      0.01489774
MINMODE:MODE:      64      0.10286219      0.13738367      0.09407218
MINMODE:MODE:      65      0.05689599     -0.15538126     -0.08316449
MINMODE:MODE:      66      0.01191349     -0.07562013     -0.05259984
MINMODE:MODE:      67      0.09879820     -0.13662988      0.01767635
MINMODE:MODE:      68      0.04754918     -0.07134457      0.02179160
MINMODE:MODE:      69     -0.04959318      0.02640891     -0.02987080
MINMODE:MODE:      70     -0.11565437      0.07317347     -0.09474227
MINMODE:MODE:      71     -0.10582802      0.03721729     -0.11252941
MINMODE:MODE:      72      0.02838211      0.03773684     -0.00260032
MINMODE:MODE:      73     -0.00231817      0.02491431      0.01184377
MINMODE:MODE:      74      0.04627851     -0.52969433     -0.27955390
MINMODE:MODE:      75      0.17095184     -0.21616408      0.05960972
MINMODE:MODE:      76      0.08933850     -0.10186893      0.06394713
MINMODE:MODE:      77     -0.07386915      0.06721533     -0.02203787
MINMODE:MODE:      78     -0.18034031      0.14684583     -0.13290749
MINMODE:MODE:      79     -0.16275045      0.07741690     -0.15641783
MINMODE:MODE: Optimization Step: 107
MINMODE:MODE: Order: 0
MINMODE:MODE:       0      0.00088786      0.00961276      0.01050372
MINMODE:MODE:       1      0.00180968      0.01115855      0.00805774
MINMODE:MODE:       2     -0.00367992      0.00665668      0.02673902
MINMODE:MODE:       3      0.00808861      0.00372278      0.03842581
MINMODE:MODE:       4     -0.00055079      0.00352620      0.01724809
MINMODE:MODE:       5     -0.00925629      0.01821729      0.01713982
MINMODE:MODE:       6      0.01426811      0.00314267      0.01280773
MINMODE:MODE:       7      0.00900497      0.01463073      0.01194637
MINMODE:MODE:       8     -0.02056190      0.04089166      0.01515935
MINMODE:MODE:       9     -0.04498000      0.05593013      0.01948523
MINMODE:MODE:      10     -0.04019388      0.04502278      0.02062235
MINMODE:MODE:      11      0.01147537     -0.00472232      0.02027050
MINMODE:MODE:      12      0.00541510     -0.01712303     -0.00427249
MINMODE:MODE:      13      0.01521508     -0.02237870     -0.00078383
MINMODE:MODE:      14      0.03015767     -0.01656850      0.02615536
MINMODE:MODE:      15      0.03492754     -0.00569641      0.04902244
MINMODE:MODE:      16      0.02581480      0.00078896      0.04678882
MINMODE:MODE:      17     -0.01806488     -0.00808708     -0.03349587
MINMODE:MODE:      18     -0.00642668      0.00267861     -0.01379166
MINMODE:MODE:      19     -0.00064411      0.01279761     -0.00026240
MINMODE:MODE:      20      0.00748486      0.01335715      0.00861716
MINMODE:MODE:      21      0.02867487      0.02004816      0.03854621
MINMODE:MODE:      22      0.03279580      0.02551541      0.03762475
MINMODE:MODE:      23      0.01601739      0.02397716      0.00750763
MINMODE:MODE:      24     -0.00440532      0.01709881     -0.02121808
MINMODE:MODE:      25     -0.00868652      0.01202290     -0.02049997
MINMODE:MODE:      26     -0.00772122      0.02344480     -0.00110261
MINMODE:MODE:      27      0.03804483      0.04924670     -0.04961001
MINMODE:MODE:      28      0.03857639      0.04439399     -0.04746288
MINMODE:MODE:      29     -0.00858335      0.01482509      0.00137124
MINMODE:MODE:      30     -0.05692536     -0.01030002      0.05091168
MINMODE:MODE:      31     -0.05782874     -0.00581056      0.04979663
MINMODE:MODE:      32     -0.00289821      0.00663050      0.02599788
MINMODE:MODE:      33     -0.01906726      0.00317822      0.03028683
MINMODE:MODE:      34      0.02443887     -0.00373961      0.03872493
MINMODE:MODE:      35      0.00328018      0.00890830      0.05665128
MINMODE:MODE:      36      0.03746321     -0.01858146      0.00993633
MINMODE:MODE:      37      0.02794374      0.00263291      0.00880395
MINMODE:MODE:      38     -0.02436544      0.04902155      0.01452227
MINMODE:MODE:      39     -0.06805956      0.07581497      0.02197312
MINMODE:MODE:      40     -0.06053169      0.05603232      0.02353036
MINMODE:MODE:      41     -0.00784342     -0.02411568     -0.02667019
MINMODE:MODE:      42      0.01122955     -0.03128979     -0.01951766
MINMODE:MODE:      43      0.03743565     -0.02092773      0.02851279
MINMODE:MODE:      44      0.04563880     -0.00172083      0.06868156
MINMODE:MODE:      45      0.02889611      0.00988592      0.06591436
MINMODE:MODE:      46     -0.03156786      0.01594522     -0.07551217
MINMODE:MODE:      47     -0.03239257     -0.05732965     -0.03755404
MINMODE:MODE:      48     -0.01341311      0.01139441     -0.00879161
MINMODE:MODE:      49      0.01091134     -0.00427373     -0.01158105
MINMODE:MODE:      50      0.04125530      0.02107823      0.06276010
MINMODE:MODE:      51      0.04899614      0.03067085      0.06023504
MINMODE:MODE:      52      0.01889183      0.02816120      0.00635705
MINMODE:MODE:      53     -0.01769209      0.01583118     -0.04407453
MINMODE:MODE:      54     -0.02452098      0.00590182     -0.04368526
MINMODE:MODE:      55      0.07486854      0.07412398     -0.08615198
MINMODE:MODE:      56      0.07367490      0.06319335     -0.08431106
MINMODE:MODE:      57     -0.00746688      0.01135399      0.00198765
MINMODE:MODE:      58     -0.09509782     -0.03299997      0.09098271
MINMODE:MODE:      59     -0.09922009     -0.02553955      0.08806984
MINMODE:MODE:      60      0.00671101      0.01027309      0.02540093
MINMODE:MODE:      61      0.01028843      0.01035424      0.03768744
MINMODE:MODE:      62      0.00279534     -0.00355540      0.01163811
MINMODE:MODE:      63      0.00730352     -0.01078545      0.01500364
MINMODE:MODE:      64      0.10355733      0.13868173      0.09529365
MINMODE:MODE:      65      0.05630951     -0.15582105     -0.08339441
MINMODE:MODE:      66      0.01168096     -0.07543618     -0.05261713
MINMODE:MODE:      67      0.09903791     -0.13664759      0.01816868
MINMODE:MODE:      68      0.04772018     -0.07135879      0.02201957
MINMODE:MODE:      69     -0.04948002      0.02640048     -0.03006119
MINMODE:MODE:      70     -0.11528459      0.07300755     -0.09506149
MINMODE:MODE:      71     -0.10578917      0.03729086     -0.11290047
MINMODE:MODE:      72      0.02832825      0.03790979     -0.00248723
MINMODE:MODE:      73     -0.00236237      0.02502253      0.01203607
MINMODE:MODE:      74      0.04423864     -0.53023753     -0.28073925
MINMODE:MODE:      75      0.17088065     -0.21571352      0.06016412
MINMODE:MODE:      76      0.08937027     -0.10172162      0.06419900
MINMODE:MODE:      77     -0.07347581      0.06706726     -0.02224283
MINMODE:MODE:      78     -0.17990106      0.14650476     -0.13338369
MINMODE:MODE:      79     -0.16286616      0.07750294     -0.15704991
MINMODE:MODE: Optimization Step: 108
MINMODE:MODE: Order: 0
MINMODE:MODE:       0      0.00090273      0.00971119      0.01066253
MINMODE:MODE:       1      0.00191781      0.01130713      0.00823573
MINMODE:MODE:       2     -0.00356339      0.00667692      0.02671400
MINMODE:MODE:       3      0.00813401      0.00375572      0.03832604
MINMODE:MODE:       4     -0.00053810      0.00357104      0.01726935
MINMODE:MODE:       5     -0.00917414      0.01819818      0.01714720
MINMODE:MODE:       6      0.01419966      0.00316751      0.01283693
MINMODE:MODE:       7      0.00898090      0.01459219      0.01198000
MINMODE:MODE:       8     -0.02039235      0.04077420      0.01517066
MINMODE:MODE:       9     -0.04470486      0.05581286      0.01948733
MINMODE:MODE:      10     -0.03992834      0.04494084      0.02060853
MINMODE:MODE:      11      0.01144119     -0.00466111      0.02025112
MINMODE:MODE:      12      0.00538335     -0.01700331     -0.00419010
MINMODE:MODE:      13      0.01514898     -0.02224024     -0.00072846
MINMODE:MODE:      14      0.03005244     -0.01647079      0.02608512
MINMODE:MODE:      15      0.03481523     -0.00566043      0.04885217
MINMODE:MODE:      16      0.02573774      0.00080209      0.04664044
MINMODE:MODE:      17     -0.01796602     -0.00804998     -0.03322839
MINMODE:MODE:      18     -0.00645407      0.00266553     -0.01374262
MINMODE:MODE:      19     -0.00062207      0.01275955     -0.00023117
MINMODE:MODE:      20      0.00744057      0.01329806      0.00861809
MINMODE:MODE:      21      0.02843355      0.01990445      0.03844762
MINMODE:MODE:      22      0.03255671      0.02536757      0.03754480
MINMODE:MODE:      23      0.01590512      0.02390464      0.00750765
MINMODE:MODE:      24     -0.00432976      0.01711932     -0.02114393
MINMODE:MODE:      25     -0.00858498      0.01205028     -0.02039660
MINMODE:MODE:      26     -0.00763570      0.02328075     -0.00105585
MINMODE:MODE:      27      0.03804104      0.04871251     -0.04925082
MINMODE:MODE:      28      0.03860312      0.04393751     -0.04716270
MINMODE:MODE:      29     -0.00856252      0.01470939      0.00139127
MINMODE:MODE:      30     -0.05683951     -0.01002338      0.05062567
MINMODE:MODE:      31     -0.05759588     -0.00552322      0.04937005
MINMODE:MODE:      32     -0.00289040      0.00667146      0.02587279
MINMODE:MODE:      33     -0.01881827      0.00308120      0.03027283
MINMODE:MODE:      34      0.02432583     -0.00366876      0.03860675
MINMODE:MODE:      35      0.00338791      0.00892471      0.05645406
MINMODE:MODE:      36      0.03727145     -0.01850190      0.00996422
MINMODE:MODE:      37      0.02784045      0.00260522      0.00884668
MINMODE:MODE:      38     -0.02417784      0.04887930      0.01453936
MINMODE:MODE:      39     -0.06765036      0.07565977      0.02196149
MINMODE:MODE:      40     -0.06019711      0.05595984      0.02349899
MINMODE:MODE:      41     -0.00783317     -0.02395301     -0.02647562
MINMODE:MODE:      42      0.01113994     -0.03113082     -0.01941616
MINMODE:MODE:      43      0.03730319     -0.02081247      0.02841844
MINMODE:MODE:      44      0.04549241     -0.00171586      0.06841081
MINMODE:MODE:      45      0.02880199      0.00984714      0.06568705
MINMODE:MODE:      46     -0.03136428      0.01569934     -0.07517353
MINMODE:MODE:      47     -0.03226011     -0.05720441     -0.03704218
MINMODE:MODE:      48     -0.01337782      0.01129822     -0.00891739
MINMODE:MODE:      49      0.01070182     -0.00427349     -0.01149839
MINMODE:MODE:      50      0.04092038      0.02088019      0.06261754
MINMODE:MODE:      51      0.04865697      0.03045871      0.06013229
MINMODE:MODE:      52      0.01881248      0.02810027      0.00638595
MINMODE:MODE:      53     -0.01751092      0.01591729     -0.04394140
MINMODE:MODE:      54     -0.02432797      0.00599683     -0.04358592
MINMODE:MODE:      55      0.07474210      0.07342704     -0.08559559
MINMODE:MODE:      56      0.07359430      0.06255915     -0.08379740
MINMODE:MODE:      57     -0.00751783      0.01132649      0.00202650
MINMODE:MODE:      58     -0.09503382     -0.03236829      0.09038742
MINMODE:MODE:      59     -0.09910401     -0.02480422      0.08755389
MINMODE:MODE:      60      0.00667142      0.01031264      0.02534463
MINMODE:MODE:      61      0.01029633      0.01042664      0.03766158
MINMODE:MODE:      62      0.00280922     -0.00346046      0.01178683
MINMODE:MODE:      63      0.00725513     -0.01063982      0.01512795
MINMODE:MODE:      64      0.10445879      0.13983543      0.09655545
MINMODE:MODE:      65      0.05591574     -0.15569324     -0.08333792
MINMODE:MODE:      66      0.01158987     -0.07526723     -0.05263563
MINMODE:MODE:      67      0.09890190     -0.13643975      0.01850938
MINMODE:MODE:      68      0.04762076     -0.07111989      0.02220703
MINMODE:MODE:      69     -0.04915735      0.02624050     -0.03024462
MINMODE:MODE:      70     -0.11478719      0.07275129     -0.09535440
MINMODE:MODE:      71     -0.10560699      0.03714564     -0.11328892
MINMODE:MODE:      72      0.02822321      0.03802393     -0.00238213
MINMODE:MODE:      73     -0.00240613      0.02513749      0.01220684
MINMODE:MODE:      74      0.04168274     -0.53098709     -0.28215275
MINMODE:MODE:      75      0.17097665     -0.21547883      0.06082950
MINMODE:MODE:      76      0.08935056     -0.10153211      0.06446607
MINMODE:MODE:      77     -0.07305115      0.06685560     -0.02247690
MINMODE:MODE:      78     -0.17954166      0.14624237     -0.13400060
MINMODE:MODE:      79     -0.16293159      0.07740101     -0.15765658
MINMODE:MODE: Optimization Step: 109
MINMODE:MODE: Order: 0
MINMODE:MODE:       0      0.00091189      0.00978068      0.01081036
MINMODE:MODE:       1      0.00197815      0.01137797      0.00841832
MINMODE:MODE:       2     -0.00346742      0.00669990      0.02670058
MINMODE:MODE:       3      0.00817525      0.00379166      0.03824104
MINMODE:MODE:       4     -0.00050944      0.00360997      0.01729518
MINMODE:MODE:       5     -0.00907841      0.01819445      0.01716056
MINMODE:MODE:       6      0.01413894      0.00321193      0.01286799
MINMODE:MODE:       7      0.00897324      0.01457920      0.01201130
MINMODE:MODE:       8     -0.02024587      0.04065708      0.01518096
MINMODE:MODE:       9     -0.04444313      0.05569429      0.01949247
MINMODE:MODE:      10     -0.03969342      0.04486409      0.02060551
MINMODE:MODE:      11      0.01141337     -0.00460155      0.02023246
MINMODE:MODE:      12      0.00536138     -0.01689421     -0.00411337
MINMODE:MODE:      13      0.01509244     -0.02211953     -0.00068101
MINMODE:MODE:      14      0.02995640     -0.01638010      0.02603005
MINMODE:MODE:      15      0.03471143     -0.00562064      0.04870424
MINMODE:MODE:      16      0.02566654      0.00082606      0.04651593
MINMODE:MODE:      17     -0.01785977     -0.00804771     -0.03296600
MINMODE:MODE:      18     -0.00645739      0.00262931     -0.01369098
MINMODE:MODE:      19     -0.00062588      0.01272364     -0.00020161
MINMODE:MODE:      20      0.00737246      0.01325390      0.00862340
MINMODE:MODE:      21      0.02823347      0.01979532      0.03835687
MINMODE:MODE:      22      0.03234310      0.02525651      0.03746415
MINMODE:MODE:      23      0.01583273      0.02383766      0.00750866
MINMODE:MODE:      24     -0.00428472      0.01712009     -0.02106630
MINMODE:MODE:      25     -0.00850326      0.01205271     -0.02029809
MINMODE:MODE:      26     -0.00757219      0.02319497     -0.00111518
MINMODE:MODE:      27      0.03794139      0.04829053     -0.04886954
MINMODE:MODE:      28      0.03854443      0.04358700     -0.04688629
MINMODE:MODE:      29     -0.00848848      0.01464697      0.00142270
MINMODE:MODE:      30     -0.05674374     -0.00982006      0.05036437
MINMODE:MODE:      31     -0.05737215     -0.00528036      0.04902305
MINMODE:MODE:      32     -0.00288332      0.00671722      0.02576007
MINMODE:MODE:      33     -0.01858087      0.00299225      0.03025124
MINMODE:MODE:      34      0.02422732     -0.00359721      0.03851187
MINMODE:MODE:      35      0.00347695      0.00894758      0.05627512
MINMODE:MODE:      36      0.03711543     -0.01841135      0.00998956
MINMODE:MODE:      37      0.02774700      0.00259636      0.00888121
MINMODE:MODE:      38     -0.02400802      0.04874304      0.01455375
MINMODE:MODE:      39     -0.06729503      0.07550822      0.02196324
MINMODE:MODE:      40     -0.05989734      0.05589182      0.02349137
MINMODE:MODE:      41     -0.00780892     -0.02380718     -0.02629729
MINMODE:MODE:      42      0.01106127     -0.03098947     -0.01931999
MINMODE:MODE:      43      0.03717876     -0.02070942      0.02834113
MINMODE:MODE:      44      0.04534959     -0.00170460      0.06816927
MINMODE:MODE:      45      0.02871392      0.00981936      0.06547771
MINMODE:MODE:      46     -0.03115350      0.01553301     -0.07482904
MINMODE:MODE:      47     -0.03216572     -0.05706337     -0.03663381
MINMODE:MODE:      48     -0.01334207      0.01122187     -0.00902809
MINMODE:MODE:      49      0.01049436     -0.00428115     -0.01143571
MINMODE:MODE:      50      0.04061873      0.02073293      0.06248377
MINMODE:MODE:      51      0.04836918      0.03029122      0.06001575
MINMODE:MODE:      52      0.01874705      0.02803976      0.00640573
MINMODE:MODE:      53     -0.01734994      0.01596116     -0.04380683
MINMODE:MODE:      54     -0.02418343      0.00605699     -0.04346760
MINMODE:MODE:      55      0.07458433      0.07284489     -0.08509782
MINMODE:MODE:      56      0.07350688      0.06204121     -0.08332314
MINMODE:MODE:      57     -0.00753441      0.01130072      0.00208910
MINMODE:MODE:      58     -0.09487080     -0.03190064      0.08989230
MINMODE:MODE:      59     -0.09894997     -0.02428396      0.08701842
MINMODE:MODE:      60      0.00669233      0.01040535      0.02547914
MINMODE:MODE:      61      0.01026150      0.01046532      0.03748617
MINMODE:MODE:      62      0.00278995     -0.00331592      0.01192500
MINMODE:MODE:      63      0.00723859     -0.01054628      0.01525315
MINMODE:MODE:      64      0.10486092      0.14070669      0.09716229
MINMODE:MODE:      65      0.05535438     -0.15525225     -0.08318467
MINMODE:MODE:      66      0.01158124     -0.07524150     -0.05260540
MINMODE:MODE:      67      0.09878073     -0.13629717      0.01871586
MINMODE:MODE:      68      0.04752887     -0.07098417      0.02228587
MINMODE:MODE:      69     -0.04885557      0.02614620     -0.03029033
MINMODE:MODE:      70     -0.11448167      0.07261702     -0.09562034
MINMODE:MODE:      71     -0.10562450      0.03717894     -0.11358862
MINMODE:MODE:      72      0.02816803      0.03816325     -0.00225013
MINMODE:MODE:      73     -0.00244954      0.02525922      0.01236520
MINMODE:MODE:      74      0.04008049     -0.53192351     -0.28330864
MINMODE:MODE:      75      0.17107753     -0.21539454      0.06127318
MINMODE:MODE:      76      0.08930662     -0.10141489      0.06469611
MINMODE:MODE:      77     -0.07267819      0.06666729     -0.02262072
MINMODE:MODE:      78     -0.17916025      0.14601644     -0.13443962
MINMODE:MODE:      79     -0.16294024      0.07734152     -0.15820656
MINMODE:MODE: Optimization Step: 110
MINMODE:MODE: Order: 0
MINMODE:MODE:       0      0.00091277      0.00985193      0.01096659
MINMODE:MODE:       1      0.00201477      0.01141658      0.00861499
MINMODE:MODE:       2     -0.00338175      0.00671886      0.02670119
MINMODE:MODE:       3      0.00820122      0.00382348      0.03816329
MINMODE:MODE:       4     -0.00048396      0.00365465      0.01732944
MINMODE:MODE:       5     -0.00898182      0.01818318      0.01717517
MINMODE:MODE:       6      0.01410982      0.00323140      0.01289839
MINMODE:MODE:       7      0.00898274      0.01454488      0.01204405
MINMODE:MODE:       8     -0.02011352      0.04057563      0.01520456
MINMODE:MODE:       9     -0.04419209      0.05559259      0.01950033
MINMODE:MODE:      10     -0.03949416      0.04482652      0.02061641
MINMODE:MODE:      11      0.01138649     -0.00454049      0.02022792
MINMODE:MODE:      12      0.00535010     -0.01678040     -0.00402360
MINMODE:MODE:      13      0.01503312     -0.02200700     -0.00063719
MINMODE:MODE:      14      0.02987583     -0.01629402      0.02598312
MINMODE:MODE:      15      0.03462327     -0.00557899      0.04857928
MINMODE:MODE:      16      0.02560206      0.00084569      0.04640184
MINMODE:MODE:      17     -0.01778584     -0.00808116     -0.03270214
MINMODE:MODE:      18     -0.00645846      0.00258060     -0.01365062
MINMODE:MODE:      19     -0.00061547      0.01269760     -0.00015986
MINMODE:MODE:      20      0.00731166      0.01320716      0.00861735
MINMODE:MODE:      21      0.02805941      0.01968793      0.03832851
MINMODE:MODE:      22      0.03214568      0.02514646      0.03741019
MINMODE:MODE:      23      0.01576692      0.02378628      0.00753418
MINMODE:MODE:      24     -0.00424055      0.01712978     -0.02101368
MINMODE:MODE:      25     -0.00845013      0.01206119     -0.02023988
MINMODE:MODE:      26     -0.00741405      0.02313114     -0.00121439
MINMODE:MODE:      27      0.03789399      0.04787293     -0.04853504
MINMODE:MODE:      28      0.03853260      0.04321891     -0.04661130
MINMODE:MODE:      29     -0.00840254      0.01459780      0.00138360
MINMODE:MODE:      30     -0.05671211     -0.00962250      0.05017388
MINMODE:MODE:      31     -0.05735285     -0.00509913      0.04883799
MINMODE:MODE:      32     -0.00287488      0.00676494      0.02565798
MINMODE:MODE:      33     -0.01833322      0.00291291      0.03024130
MINMODE:MODE:      34      0.02411849     -0.00354182      0.03840610
MINMODE:MODE:      35      0.00355452      0.00897845      0.05613045
MINMODE:MODE:      36      0.03694915     -0.01831232      0.01002319
MINMODE:MODE:      37      0.02765317      0.00259444      0.00892434
MINMODE:MODE:      38     -0.02383928      0.04861950      0.01457687
MINMODE:MODE:      39     -0.06695626      0.07539049      0.02197337
MINMODE:MODE:      40     -0.05960669      0.05584192      0.02348949
MINMODE:MODE:      41     -0.00779582     -0.02367204     -0.02613736
MINMODE:MODE:      42      0.01098667     -0.03085253     -0.01922895
MINMODE:MODE:      43      0.03706793     -0.02061319      0.02827175
MINMODE:MODE:      44      0.04522215     -0.00169241      0.06795135
MINMODE:MODE:      45      0.02863756      0.00979110      0.06527648
MINMODE:MODE:      46     -0.03097296      0.01531392     -0.07451727
MINMODE:MODE:      47     -0.03204532     -0.05691020     -0.03619296
MINMODE:MODE:      48     -0.01332980      0.01117382     -0.00912824
MINMODE:MODE:      49      0.01026615     -0.00428277     -0.01138249
MINMODE:MODE:      50      0.04030929      0.02057968      0.06234907
MINMODE:MODE:      51      0.04807766      0.03012616      0.05991637
MINMODE:MODE:      52      0.01868166      0.02798975      0.00643104
MINMODE:MODE:      53     -0.01718965      0.01602116     -0.04368107
MINMODE:MODE:      54     -0.02402725      0.00612813     -0.04335850
MINMODE:MODE:      55      0.07443031      0.07225010     -0.08458795
MINMODE:MODE:      56      0.07345598      0.06152966     -0.08288162
MINMODE:MODE:      57     -0.00755256      0.01128681      0.00212826
MINMODE:MODE:      58     -0.09478264     -0.03142187      0.08942538
MINMODE:MODE:      59     -0.09873038     -0.02367091      0.08643386
MINMODE:MODE:      60      0.00671702      0.01047680      0.02560120
MINMODE:MODE:      61      0.01023760      0.01053206      0.03735473
MINMODE:MODE:      62      0.00279804     -0.00321927      0.01206751
MINMODE:MODE:      63      0.00720284     -0.01041631      0.01537708
MINMODE:MODE:      64      0.10546263      0.14109671      0.09788724
MINMODE:MODE:      65      0.05489994     -0.15522378     -0.08326535
MINMODE:MODE:      66      0.01199258     -0.07534274     -0.05249471
MINMODE:MODE:      67      0.09887893     -0.13624481      0.01906013
MINMODE:MODE:      68      0.04758777     -0.07092470      0.02241024
MINMODE:MODE:      69     -0.04855669      0.02610291     -0.03039257
MINMODE:MODE:      70     -0.11451617      0.07270836     -0.09602649
MINMODE:MODE:      71     -0.10601791      0.03750536     -0.11411960
MINMODE:MODE:      72      0.02821750      0.03840034     -0.00218699
MINMODE:MODE:      73     -0.00249927      0.02539293      0.01251469
MINMODE:MODE:      74      0.03812286     -0.53243395     -0.28433713
MINMODE:MODE:      75      0.17103423     -0.21518319      0.06162638
MINMODE:MODE:      76      0.08929425     -0.10136826      0.06496736
MINMODE:MODE:      77     -0.07229964      0.06654690     -0.02279441
MINMODE:MODE:      78     -0.17866082      0.14561034     -0.13486550
MINMODE:MODE:      79     -0.16299281      0.07728190     -0.15879857
MINMODE:MODE: Optimization Step: 111
MINMODE:MODE: Order: 0
MINMODE:MODE:       0      0.00091448      0.00992862      0.01110012
MINMODE:MODE:       1      0.00207502      0.01147023      0.00879692
MINMODE:MODE:       2     -0.00329772      0.00673145      0.02669630
MINMODE:MODE:       3      0.00821571      0.00385528      0.03807246
MINMODE:MODE:       4     -0.00046047      0.00369811      0.01735103
MINMODE:MODE:       5     -0.00889460      0.01818259      0.01718499
MINMODE:MODE:       6      0.01409159      0.00324347      0.01291678
MINMODE:MODE:       7      0.00897656      0.01452611      0.01207340
MINMODE:MODE:       8     -0.01995814      0.04045810      0.01521697
MINMODE:MODE:       9     -0.04394261      0.05547776      0.01950932
MINMODE:MODE:      10     -0.03927726      0.04475747      0.02061895
MINMODE:MODE:      11      0.01136244     -0.00447443      0.02021944
MINMODE:MODE:      12      0.00533848     -0.01666302     -0.00393508
MINMODE:MODE:      13      0.01497456     -0.02188587     -0.00058861
MINMODE:MODE:      14      0.02977933     -0.01620207      0.02592429
MINMODE:MODE:      15      0.03451763     -0.00553307      0.04843149
MINMODE:MODE:      16      0.02552105      0.00086495      0.04626385
MINMODE:MODE:      17     -0.01769393     -0.00810257     -0.03243623
MINMODE:MODE:      18     -0.00646634      0.00253751     -0.01359948
MINMODE:MODE:      19     -0.00060522      0.01266133     -0.00012256
MINMODE:MODE:      20      0.00725527      0.01315834      0.00862764
MINMODE:MODE:      21      0.02787029      0.01958166      0.03825450
MINMODE:MODE:      22      0.03195040      0.02503620      0.03734574
MINMODE:MODE:      23      0.01569215      0.02372334      0.00753642
MINMODE:MODE:      24     -0.00419064      0.01712345     -0.02092755
MINMODE:MODE:      25     -0.00840530      0.01205562     -0.02017658
MINMODE:MODE:      26     -0.00736553      0.02304766     -0.00123374
MINMODE:MODE:      27      0.03787426      0.04753444     -0.04826633
MINMODE:MODE:      28      0.03848036      0.04288416     -0.04633644
MINMODE:MODE:      29     -0.00833408      0.01454416      0.00139138
MINMODE:MODE:      30     -0.05661182     -0.00943970      0.04992457
MINMODE:MODE:      31     -0.05723178     -0.00491083      0.04859211
MINMODE:MODE:      32     -0.00286150      0.00680305      0.02555039
MINMODE:MODE:      33     -0.01808254      0.00283377      0.03021558
MINMODE:MODE:      34      0.02401124     -0.00348284      0.03830061
MINMODE:MODE:      35      0.00361674      0.00900616      0.05595608
MINMODE:MODE:      36      0.03677188     -0.01819156      0.01005220
MINMODE:MODE:      37      0.02755894      0.00259325      0.00895959
MINMODE:MODE:      38     -0.02366504      0.04847708      0.01459442
MINMODE:MODE:      39     -0.06659834      0.07522622      0.02197523
MINMODE:MODE:      40     -0.05929513      0.05576318      0.02348476
MINMODE:MODE:      41     -0.00777795     -0.02353198     -0.02596993
MINMODE:MODE:      42      0.01091253     -0.03070788     -0.01913049
MINMODE:MODE:      43      0.03694203     -0.02051048      0.02819270
MINMODE:MODE:      44      0.04507516     -0.00167475      0.06771446
MINMODE:MODE:      45      0.02854823      0.00976305      0.06505189
MINMODE:MODE:      46     -0.03077844      0.01511661     -0.07417022
MINMODE:MODE:      47     -0.03192334     -0.05673219     -0.03577850
MINMODE:MODE:      48     -0.01331684      0.01111457     -0.00922183
MINMODE:MODE:      49      0.01004542     -0.00428844     -0.01132684
MINMODE:MODE:      50      0.03999206      0.02043301      0.06218651
MINMODE:MODE:      51      0.04777956      0.02996528      0.05978138
MINMODE:MODE:      52      0.01861333      0.02792831      0.00644994
MINMODE:MODE:      53     -0.01703407      0.01605604     -0.04354401
MINMODE:MODE:      54     -0.02387470      0.00617827     -0.04321852
MINMODE:MODE:      55      0.07419579      0.07164744     -0.08402109
MINMODE:MODE:      56      0.07334917      0.06102320     -0.08240237
MINMODE:MODE:      57     -0.00754423      0.01126818      0.00215913
MINMODE:MODE:      58     -0.09462012     -0.03099404      0.08897520
MINMODE:MODE:      59     -0.09845311     -0.02315275      0.08581713
MINMODE:MODE:      60      0.00668634      0.01052674      0.02554821
MINMODE:MODE:      61      0.01026241      0.01060146      0.03737906
MINMODE:MODE:      62      0.00279498     -0.00311400      0.01221287
MINMODE:MODE:      63      0.00717083     -0.01029412      0.01549407
MINMODE:MODE:      64      0.10595650      0.14239059      0.09897268
MINMODE:MODE:      65      0.05435265     -0.15586439     -0.08375855
MINMODE:MODE:      66      0.01194735     -0.07534718     -0.05255748
MINMODE:MODE:      67      0.09903970     -0.13627830      0.01941969
MINMODE:MODE:      68      0.04764312     -0.07092538      0.02251211
MINMODE:MODE:      69     -0.04829098      0.02604699     -0.03045553
MINMODE:MODE:      70     -0.11440446      0.07270605     -0.09634066
MINMODE:MODE:      71     -0.10612336      0.03767222     -0.11448062
MINMODE:MODE:      72      0.02823450      0.03861093     -0.00207688
MINMODE:MODE:      73     -0.00254794      0.02551372      0.01266415
MINMODE:MODE:      74      0.03653891     -0.53283226     -0.28518330
MINMODE:MODE:      75      0.17087099     -0.21486552      0.06189041
MINMODE:MODE:      76      0.08926081     -0.10131834      0.06520866
MINMODE:MODE:      77     -0.07189329      0.06639803     -0.02291616
MINMODE:MODE:      78     -0.17816607      0.14524706     -0.13521630
MINMODE:MODE:      79     -0.16307387      0.07732551     -0.15937592
MINMODE:MODE: Optimization Step: 112
MINMODE:MODE: Order: 0
MINMODE:MODE:       0      0.00090362      0.01001346      0.01122465
MINMODE:MODE:       1      0.00220241      0.01164276      0.00896589
MINMODE:MODE:       2     -0.00318198      0.00674025      0.02666568
MINMODE:MODE:       3      0.00823761      0.00388873      0.03795752
MINMODE:MODE:       4     -0.00045194      0.00374244      0.01735499
MINMODE:MODE:       5     -0.00883386      0.01818782      0.01718435
MINMODE:MODE:       6      0.01404723      0.00326201      0.01292876
MINMODE:MODE:       7      0.00893474      0.01450947      0.01210311
MINMODE:MODE:       8     -0.01975705      0.04028975      0.01521810
MINMODE:MODE:       9     -0.04365494      0.05532372      0.01950526
MINMODE:MODE:      10     -0.03899969      0.04463724      0.02059812
MINMODE:MODE:      11      0.01132237     -0.00440244      0.02019530
MINMODE:MODE:      12      0.00530979     -0.01653721     -0.00385466
MINMODE:MODE:      13      0.01490646     -0.02173638     -0.00053115
MINMODE:MODE:      14      0.02966106     -0.01609767      0.02583600
MINMODE:MODE:      15      0.03438201     -0.00548522      0.04823440
MINMODE:MODE:      16      0.02541989      0.00088162      0.04608485
MINMODE:MODE:      17     -0.01758149     -0.00805622     -0.03215335
MINMODE:MODE:      18     -0.00649562      0.00250206     -0.01353864
MINMODE:MODE:      19     -0.00058869      0.01262720     -0.00007383
MINMODE:MODE:      20      0.00722073      0.01309799      0.00863788
MINMODE:MODE:      21      0.02761314      0.01944675      0.03810810
MINMODE:MODE:      22      0.03172225      0.02488471      0.03725256
MINMODE:MODE:      23      0.01557310      0.02364603      0.00751770
MINMODE:MODE:      24     -0.00410350      0.01712243     -0.02079577
MINMODE:MODE:      25     -0.00834908      0.01205157     -0.02009338
MINMODE:MODE:      26     -0.00739538      0.02288999     -0.00108283
MINMODE:MODE:      27      0.03789204      0.04715116     -0.04801124
MINMODE:MODE:      28      0.03844541      0.04248119     -0.04602035
MINMODE:MODE:      29     -0.00835583      0.01445480      0.00144166
MINMODE:MODE:      30     -0.05637022     -0.00915344      0.04952381
MINMODE:MODE:      31     -0.05692832     -0.00461707      0.04812759
MINMODE:MODE:      32     -0.00284399      0.00683134      0.02541877
MINMODE:MODE:      33     -0.01782126      0.00274596      0.03017248
MINMODE:MODE:      34      0.02388349     -0.00341417      0.03816957
MINMODE:MODE:      35      0.00370047      0.00902159      0.05571359
MINMODE:MODE:      36      0.03656046     -0.01807347      0.01007191
MINMODE:MODE:      37      0.02745377      0.00257550      0.00899036
MINMODE:MODE:      38     -0.02346332      0.04830167      0.01460599
MINMODE:MODE:      39     -0.06616425      0.07500621      0.02195669
MINMODE:MODE:      40     -0.05892509      0.05564198      0.02346117
MINMODE:MODE:      41     -0.00775173     -0.02336255     -0.02576493
MINMODE:MODE:      42      0.01082778     -0.03053207     -0.01901808
MINMODE:MODE:      43      0.03678747     -0.02038754      0.02808451
MINMODE:MODE:      44      0.04489732     -0.00165495      0.06742221
MINMODE:MODE:      45      0.02843803      0.00972513      0.06477634
MINMODE:MODE:      46     -0.03055620      0.01491559     -0.07379789
MINMODE:MODE:      47     -0.03178263     -0.05655113     -0.03529013
MINMODE:MODE:      48     -0.01329043      0.01100345     -0.00932401
MINMODE:MODE:      49      0.00984324     -0.00429898     -0.01124374
MINMODE:MODE:      50      0.03963568      0.02023674      0.06199213
MINMODE:MODE:      51      0.04742373      0.02976042      0.05961934
MINMODE:MODE:      52      0.01852532      0.02785197      0.00646731
MINMODE:MODE:      53     -0.01685928      0.01610605     -0.04338616
MINMODE:MODE:      54     -0.02368849      0.00623543     -0.04304791
MINMODE:MODE:      55      0.07393240      0.07091637     -0.08334568
MINMODE:MODE:      56      0.07318469      0.06039215     -0.08183927
MINMODE:MODE:      57     -0.00754609      0.01123789      0.00216940
MINMODE:MODE:      58     -0.09445071     -0.03049538      0.08844373
MINMODE:MODE:      59     -0.09819998     -0.02258716      0.08520588
MINMODE:MODE:      60      0.00668046      0.01055218      0.02557461
MINMODE:MODE:      61      0.01025579      0.01068639      0.03729114
MINMODE:MODE:      62      0.00277904     -0.00301149      0.01225611
MINMODE:MODE:      63      0.00714535     -0.01016816      0.01568007
MINMODE:MODE:      64      0.10680353      0.14427339      0.10072262
MINMODE:MODE:      65      0.05384659     -0.15611607     -0.08404888
MINMODE:MODE:      66      0.01144457     -0.07497704     -0.05278363
MINMODE:MODE:      67      0.09918945     -0.13619983      0.01990003
MINMODE:MODE:      68      0.04763738     -0.07083055      0.02263984
MINMODE:MODE:      69     -0.04798541      0.02594487     -0.03051650
MINMODE:MODE:      70     -0.11380707      0.07237836     -0.09649102
MINMODE:MODE:      71     -0.10573189      0.03745590     -0.11470887
MINMODE:MODE:      72      0.02811687      0.03869165     -0.00190737
MINMODE:MODE:      73     -0.00259390      0.02562097      0.01280735
MINMODE:MODE:      74      0.03430360     -0.53357821     -0.28646154
MINMODE:MODE:      75      0.17063383     -0.21445518      0.06222907
MINMODE:MODE:      76      0.08917316     -0.10119166      0.06544174
MINMODE:MODE:      77     -0.07138453      0.06614472     -0.02306375
MINMODE:MODE:      78     -0.17774787      0.14494892     -0.13572512
MINMODE:MODE:      79     -0.16325559      0.07729332     -0.16003059
MINMODE:MODE: Optimization Step: 113
MINMODE:MODE: Order: 0
MINMODE:MODE:       0      0.00090317      0.01009230      0.01135663
MINMODE:MODE:       1      0.00229804      0.01176939      0.00915157
MINMODE:MODE:       2     -0.00307218      0.00676204      0.02664453
MINMODE:MODE:       3      0.00826854      0.00392913      0.03785675
MINMODE:MODE:       4     -0.00043977      0.00378720      0.01736822
MINMODE:MODE:       5     -0.00874861      0.01818222      0.01718485
MINMODE:MODE:       6      0.01398100      0.00330956      0.01295204
MINMODE:MODE:       7      0.00894439      0.01445969      0.01212071
MINMODE:MODE:       8     -0.01962133      0.04018413      0.01523537
MINMODE:MODE:       9     -0.04336883      0.05517369      0.01949944
MINMODE:MODE:      10     -0.03875716      0.04454779      0.02059020
MINMODE:MODE:      11      0.01127878     -0.00434279      0.02016576
MINMODE:MODE:      12      0.00528654     -0.01641899     -0.00377753
MINMODE:MODE:      13      0.01484231     -0.02160209     -0.00048496
MINMODE:MODE:      14      0.02955540     -0.01599839      0.02576440
MINMODE:MODE:      15      0.03426205     -0.00543871      0.04806533
MINMODE:MODE:      16      0.02533390      0.00090528      0.04593691
MINMODE:MODE:      17     -0.01746894     -0.00800990     -0.03187504
MINMODE:MODE:      18     -0.00651679      0.00246051     -0.01347946
MINMODE:MODE:      19     -0.00058731      0.01259590     -0.00003167
MINMODE:MODE:      20      0.00714915      0.01304228      0.00861524
MINMODE:MODE:      21      0.02740000      0.01932603      0.03800409
MINMODE:MODE:      22      0.03150158      0.02475685      0.03716233
MINMODE:MODE:      23      0.01549172      0.02357885      0.00752876
MINMODE:MODE:      24     -0.00405993      0.01711650     -0.02071218
MINMODE:MODE:      25     -0.00827296      0.01205429     -0.01998798
MINMODE:MODE:      26     -0.00732188      0.02282245     -0.00108512
MINMODE:MODE:      27      0.03778630      0.04674735     -0.04763930
MINMODE:MODE:      28      0.03840311      0.04212508     -0.04573240
MINMODE:MODE:      29     -0.00834400      0.01439298      0.00147283
MINMODE:MODE:      30     -0.05622018     -0.00892322      0.04922070
MINMODE:MODE:      31     -0.05672633     -0.00437273      0.04778488
MINMODE:MODE:      32     -0.00283305      0.00687138      0.02529901
MINMODE:MODE:      33     -0.01757871      0.00266141      0.03013814
MINMODE:MODE:      34      0.02375570     -0.00334263      0.03806263
MINMODE:MODE:      35      0.00379402      0.00903490      0.05548610
MINMODE:MODE:      36      0.03638034     -0.01797414      0.01009213
MINMODE:MODE:      37      0.02735439      0.00256440      0.00902331
MINMODE:MODE:      38     -0.02327448      0.04813977      0.01461894
MINMODE:MODE:      39     -0.06576989      0.07480935      0.02194906
MINMODE:MODE:      40     -0.05858227      0.05553748      0.02344759
MINMODE:MODE:      41     -0.00772458     -0.02320512     -0.02557330
MINMODE:MODE:      42      0.01075140     -0.03036963     -0.01891622
MINMODE:MODE:      43      0.03664644     -0.02027359      0.02798852
MINMODE:MODE:      44      0.04473483     -0.00163573      0.06715530
MINMODE:MODE:      45      0.02833863      0.00969312      0.06452732
MINMODE:MODE:      46     -0.03033323      0.01477086     -0.07344623
MINMODE:MODE:      47     -0.03167884     -0.05640989     -0.03484861
MINMODE:MODE:      48     -0.01326003      0.01089483     -0.00942456
MINMODE:MODE:      49      0.00964406     -0.00431798     -0.01116940
MINMODE:MODE:      50      0.03930631      0.02006137      0.06181693
MINMODE:MODE:      51      0.04710433      0.02957598      0.05947762
MINMODE:MODE:      52      0.01844232      0.02778300      0.00648651
MINMODE:MODE:      53     -0.01669448      0.01614807     -0.04323321
MINMODE:MODE:      54     -0.02352642      0.00628419     -0.04289738
MINMODE:MODE:      55      0.07375846      0.07027958     -0.08278104
MINMODE:MODE:      56      0.07304273      0.05981767     -0.08132880
MINMODE:MODE:      57     -0.00755048      0.01120758      0.00218943
MINMODE:MODE:      58     -0.09422598     -0.03001846      0.08790788
MINMODE:MODE:      59     -0.09795168     -0.02208916      0.08461674
MINMODE:MODE:      60      0.00670096      0.01063984      0.02569276
MINMODE:MODE:      61      0.01022410      0.01072902      0.03711314
MINMODE:MODE:      62      0.00278156     -0.00295360      0.01240863
MINMODE:MODE:      63      0.00710265     -0.01001239      0.01577848
MINMODE:MODE:      64      0.10731943      0.14462736      0.10131868
MINMODE:MODE:      65      0.05341092     -0.15451767     -0.08329481
MINMODE:MODE:      66      0.01145473     -0.07475122     -0.05270306
MINMODE:MODE:      67      0.09913067     -0.13594357      0.02014247
MINMODE:MODE:      68      0.04767678     -0.07070184      0.02272401
MINMODE:MODE:      69     -0.04762858      0.02589014     -0.03052732
MINMODE:MODE:      70     -0.11336198      0.07216671     -0.09666666
MINMODE:MODE:      71     -0.10583420      0.03747135     -0.11499983
MINMODE:MODE:      72      0.02803064      0.03879551     -0.00174618
MINMODE:MODE:      73     -0.00263673      0.02574023      0.01295545
MINMODE:MODE:      74      0.03228806     -0.53507033     -0.28801225
MINMODE:MODE:      75      0.17062016     -0.21434134      0.06263563
MINMODE:MODE:      76      0.08911568     -0.10106737      0.06566995
MINMODE:MODE:      77     -0.07089427      0.06588609     -0.02319564
MINMODE:MODE:      78     -0.17735741      0.14470617     -0.13618827
MINMODE:MODE:      79     -0.16337279      0.07719364     -0.16064552
MINMODE:MODE: Optimization Step: 114
MINMODE:MODE: Order: 0
MINMODE:MODE:       0      0.00091278      0.01016933      0.01149940
MINMODE:MODE:       1      0.00236191      0.01182944      0.00934622
MINMODE:MODE:       2     -0.00297470      0.00678156      0.02661455
MINMODE:MODE:       3      0.00828740      0.00396733      0.03773663
MINMODE:MODE:       4     -0.00041749      0.00383252      0.01737666
MINMODE:MODE:       5     -0.00865051      0.01816610      0.01717923
MINMODE:MODE:       6      0.01393129      0.00335331      0.01296677
MINMODE:MODE:       7      0.00896360      0.01439972      0.01213138
MINMODE:MODE:       8     -0.01949222      0.04007414      0.01525018
MINMODE:MODE:       9     -0.04308419      0.05500034      0.01948983
MINMODE:MODE:      10     -0.03850679      0.04444407      0.02057402
MINMODE:MODE:      11      0.01123293     -0.00428298      0.02012770
MINMODE:MODE:      12      0.00526630     -0.01629259     -0.00369666
MINMODE:MODE:      13      0.01477160     -0.02146456     -0.00044381
MINMODE:MODE:      14      0.02943686     -0.01589426      0.02568260
MINMODE:MODE:      15      0.03413018     -0.00538431      0.04788846
MINMODE:MODE:      16      0.02523668      0.00093037      0.04577374
MINMODE:MODE:      17     -0.01735149     -0.00798435     -0.03157261
MINMODE:MODE:      18     -0.00652364      0.00240971     -0.01341526
MINMODE:MODE:      19     -0.00058072      0.01255528      0.00000689
MINMODE:MODE:      20      0.00705914      0.01297877      0.00858177
MINMODE:MODE:      21      0.02719701      0.01920492      0.03790735
MINMODE:MODE:      22      0.03127982      0.02462995      0.03706308
MINMODE:MODE:      23      0.01541673      0.02350559      0.00754433
MINMODE:MODE:      24     -0.00403095      0.01709460     -0.02063368
MINMODE:MODE:      25     -0.00820553      0.01204432     -0.01988401
MINMODE:MODE:      26     -0.00718369      0.02279007     -0.00117615
MINMODE:MODE:      27      0.03761919      0.04633363     -0.04721343
MINMODE:MODE:      28      0.03829429      0.04176424     -0.04540077
MINMODE:MODE:      29     -0.00828783      0.01434821      0.00146984
MINMODE:MODE:      30     -0.05610769     -0.00873879      0.04897322
MINMODE:MODE:      31     -0.05658645     -0.00418344      0.04752274
MINMODE:MODE:      32     -0.00282226      0.00691442      0.02517168
MINMODE:MODE:      33     -0.01733004      0.00258072      0.03009242
MINMODE:MODE:      34      0.02359633     -0.00327044      0.03793458
MINMODE:MODE:      35      0.00387782      0.00904742      0.05523914
MINMODE:MODE:      36      0.03619846     -0.01786175      0.01010693
MINMODE:MODE:      37      0.02724334      0.00255732      0.00905070
MINMODE:MODE:      38     -0.02308100      0.04795627      0.01462515
MINMODE:MODE:      39     -0.06536271      0.07457729      0.02193501
MINMODE:MODE:      40     -0.05822251      0.05540705      0.02342529
MINMODE:MODE:      41     -0.00769446     -0.02304339     -0.02537942
MINMODE:MODE:      42      0.01067457     -0.03019718     -0.01880669
MINMODE:MODE:      43      0.03649029     -0.02015287      0.02788351
MINMODE:MODE:      44      0.04455004     -0.00161465      0.06686204
MINMODE:MODE:      45      0.02822747      0.00966037      0.06425520
MINMODE:MODE:      46     -0.03009809      0.01462355     -0.07304956
MINMODE:MODE:      47     -0.03156429     -0.05623755     -0.03441076
MINMODE:MODE:      48     -0.01322308      0.01079682     -0.00951299
MINMODE:MODE:      49      0.00942057     -0.00432808     -0.01109605
MINMODE:MODE:      50      0.03896295      0.01989356      0.06160738
MINMODE:MODE:      51      0.04677620      0.02939084      0.05930294
MINMODE:MODE:      52      0.01835237      0.02770022      0.00650272
MINMODE:MODE:      53     -0.01652588      0.01616747     -0.04305416
MINMODE:MODE:      54     -0.02336308      0.00632242     -0.04272747
MINMODE:MODE:      55      0.07356526      0.06966809     -0.08221927
MINMODE:MODE:      56      0.07286704      0.05925539     -0.08079939
MINMODE:MODE:      57     -0.00753676      0.01117244      0.00220995
MINMODE:MODE:      58     -0.09389099     -0.02954979      0.08731502
MINMODE:MODE:      59     -0.09761355     -0.02162363      0.08396234
MINMODE:MODE:      60      0.00667596      0.01069655      0.02566767
MINMODE:MODE:      61      0.01022338      0.01077990      0.03703492
MINMODE:MODE:      62      0.00276256     -0.00285427      0.01254390
MINMODE:MODE:      63      0.00707255     -0.00988102      0.01589033
MINMODE:MODE:      64      0.10780901      0.14569789      0.10219695
MINMODE:MODE:      65      0.05283283     -0.15394172     -0.08312133
MINMODE:MODE:      66      0.01165401     -0.07460468     -0.05255551
MINMODE:MODE:      67      0.09891986     -0.13553045      0.02028906
MINMODE:MODE:      68      0.04775154     -0.07053264      0.02277046
MINMODE:MODE:      69     -0.04722516      0.02581391     -0.03050427
MINMODE:MODE:      70     -0.11313199      0.07210360     -0.09681295
MINMODE:MODE:      71     -0.10608645      0.03766414     -0.11521621
MINMODE:MODE:      72      0.02799339      0.03894069     -0.00161442
MINMODE:MODE:      73     -0.00267574      0.02584484      0.01308477
MINMODE:MODE:      74      0.03038965     -0.53637058     -0.28942468
MINMODE:MODE:      75      0.17063004     -0.21419851      0.06301916
MINMODE:MODE:      76      0.08904575     -0.10085780      0.06584240
MINMODE:MODE:      77     -0.07035471      0.06558552     -0.02328618
MINMODE:MODE:      78     -0.17682039      0.14434861     -0.13642905
MINMODE:MODE:      79     -0.16335389      0.07710146     -0.16107146
MINMODE:MODE: Optimization Step: 115
MINMODE:MODE: Order: 0
MINMODE:MODE:       0      0.00091050      0.01023006      0.01163906
MINMODE:MODE:       1      0.00240417      0.01185690      0.00956514
MINMODE:MODE:       2     -0.00288341      0.00679754      0.02656662
MINMODE:MODE:       3      0.00828527      0.00400049      0.03757321
MINMODE:MODE:       4     -0.00039271      0.00387053      0.01736865
MINMODE:MODE:       5     -0.00856477      0.01814637      0.01716406
MINMODE:MODE:       6      0.01389493      0.00336276      0.01296123
MINMODE:MODE:       7      0.00893257      0.01436759      0.01214512
MINMODE:MODE:       8     -0.01928704      0.03988375      0.01523905
MINMODE:MODE:       9     -0.04276546      0.05479380      0.01947257
MINMODE:MODE:      10     -0.03820971      0.04429304      0.02054021
MINMODE:MODE:      11      0.01118778     -0.00420698      0.02008550
MINMODE:MODE:      12      0.00523817     -0.01614944     -0.00361446
MINMODE:MODE:      13      0.01467649     -0.02131013     -0.00041384
MINMODE:MODE:      14      0.02929372     -0.01575631      0.02559485
MINMODE:MODE:      15      0.03395959     -0.00532580      0.04765408
MINMODE:MODE:      16      0.02510576      0.00095225      0.04555184
MINMODE:MODE:      17     -0.01722208     -0.00798835     -0.03121337
MINMODE:MODE:      18     -0.00651814      0.00234739     -0.01333680
MINMODE:MODE:      19     -0.00056608      0.01249023      0.00004974
MINMODE:MODE:      20      0.00698559      0.01289719      0.00857992
MINMODE:MODE:      21      0.02695055      0.01905965      0.03776262
MINMODE:MODE:      22      0.03103162      0.02447308      0.03693946
MINMODE:MODE:      23      0.01529970      0.02340805      0.00752325
MINMODE:MODE:      24     -0.00396771      0.01706360     -0.02050693
MINMODE:MODE:      25     -0.00816959      0.01202045     -0.01981178
MINMODE:MODE:      26     -0.00710308      0.02270811     -0.00119345
MINMODE:MODE:      27      0.03752699      0.04594650     -0.04686654
MINMODE:MODE:      28      0.03810852      0.04134309     -0.04497402
MINMODE:MODE:      29     -0.00818167      0.01432042      0.00142040
MINMODE:MODE:      30     -0.05592239     -0.00851820      0.04864881
MINMODE:MODE:      31     -0.05638826     -0.00396805      0.04720757
MINMODE:MODE:      32     -0.00280712      0.00695590      0.02501821
MINMODE:MODE:      33     -0.01703973      0.00249908      0.03002570
MINMODE:MODE:      34      0.02340081     -0.00319265      0.03775969
MINMODE:MODE:      35      0.00394611      0.00905838      0.05494214
MINMODE:MODE:      36      0.03596795     -0.01771746      0.01011584
MINMODE:MODE:      37      0.02711011      0.00254459      0.00907066
MINMODE:MODE:      38     -0.02285800      0.04772527      0.01462357
MINMODE:MODE:      39     -0.06487421      0.07426446      0.02190217
MINMODE:MODE:      40     -0.05778663      0.05522275      0.02338440
MINMODE:MODE:      41     -0.00765627     -0.02285384     -0.02515778
MINMODE:MODE:      42      0.01058841     -0.02999141     -0.01867399
MINMODE:MODE:      43      0.03629674     -0.02000922      0.02775244
MINMODE:MODE:      44      0.04431932     -0.00159025      0.06649877
MINMODE:MODE:      45      0.02808637      0.00962276      0.06392134
MINMODE:MODE:      46     -0.02984142      0.01441011     -0.07257579
MINMODE:MODE:      47     -0.03139211     -0.05595961     -0.03390845
MINMODE:MODE:      48     -0.01318114      0.01070875     -0.00958783
MINMODE:MODE:      49      0.00915246     -0.00432553     -0.01101574
MINMODE:MODE:      50      0.03857631      0.01969964      0.06134371
MINMODE:MODE:      51      0.04638093      0.02917056      0.05905752
MINMODE:MODE:      52      0.01824226      0.02758834      0.00651469
MINMODE:MODE:      53     -0.01633427      0.01617495     -0.04282496
MINMODE:MODE:      54     -0.02315133      0.00635322     -0.04249459
MINMODE:MODE:      55      0.07325549      0.06892543     -0.08151095
MINMODE:MODE:      56      0.07260298      0.05859502     -0.08014214
MINMODE:MODE:      57     -0.00749761      0.01112557      0.00221980
MINMODE:MODE:      58     -0.09347642     -0.02905656      0.08664254
MINMODE:MODE:      59     -0.09717169     -0.02113756      0.08321190
MINMODE:MODE:      60      0.00664492      0.01073520      0.02564623
MINMODE:MODE:      61      0.01020804      0.01083288      0.03690110
MINMODE:MODE:      62      0.00274232     -0.00273595      0.01265164
MINMODE:MODE:      63      0.00703326     -0.00973092      0.01601494
MINMODE:MODE:      64      0.10862440      0.14870514      0.10440210
MINMODE:MODE:      65      0.05205909     -0.15526532     -0.08409349
MINMODE:MODE:      66      0.01146065     -0.07444878     -0.05266095
MINMODE:MODE:      67      0.09894371     -0.13533370      0.02065012
MINMODE:MODE:      68      0.04780357     -0.07040810      0.02289119
MINMODE:MODE:      69     -0.04677401      0.02565987     -0.03046395
MINMODE:MODE:      70     -0.11287062      0.07203694     -0.09698972
MINMODE:MODE:      71     -0.10608572      0.03781040     -0.11547955
MINMODE:MODE:      72      0.02799496      0.03913216     -0.00152024
MINMODE:MODE:      73     -0.00271536      0.02593246      0.01319215
MINMODE:MODE:      74      0.02826664     -0.53701306     -0.29058245
MINMODE:MODE:      75      0.17039086     -0.21369489      0.06336206
MINMODE:MODE:      76      0.08891453     -0.10057263      0.06596717
MINMODE:MODE:      77     -0.06973299      0.06524464     -0.02333656
MINMODE:MODE:      78     -0.17606963      0.14375093     -0.13652202
MINMODE:MODE:      79     -0.16334676      0.07714244     -0.16146447
MINMODE:MODE: Optimization Step: 116
MINMODE:MODE: Order: 0
MINMODE:MODE:       0      0.00090529      0.01029836      0.01176928
MINMODE:MODE:       1      0.00247006      0.01193356      0.00977847
MINMODE:MODE:       2     -0.00279830      0.00681677      0.02655802
MINMODE:MODE:       3      0.00828771      0.00403862      0.03746943
MINMODE:MODE:       4     -0.00037991      0.00390995      0.01738332
MINMODE:MODE:       5     -0.00848714      0.01814212      0.01716670
MINMODE:MODE:       6      0.01387120      0.00338514      0.01296923
MINMODE:MODE:       7      0.00891505      0.01435535      0.01216954
MINMODE:MODE:       8     -0.01911498      0.03974632      0.01524471
MINMODE:MODE:       9     -0.04250394      0.05464830      0.01947549
MINMODE:MODE:      10     -0.03797429      0.04420151      0.02053210
MINMODE:MODE:      11      0.01116253     -0.00414162      0.02007160
MINMODE:MODE:      12      0.00522635     -0.01603537     -0.00353718
MINMODE:MODE:      13      0.01461452     -0.02118024     -0.00036943
MINMODE:MODE:      14      0.02918120     -0.01565405      0.02552052
MINMODE:MODE:      15      0.03383069     -0.00527744      0.04748225
MINMODE:MODE:      16      0.02501102      0.00097556      0.04539584
MINMODE:MODE:      17     -0.01712417     -0.00799118     -0.03093289
MINMODE:MODE:      18     -0.00652924      0.00229286     -0.01327638
MINMODE:MODE:      19     -0.00055286      0.01244580      0.00009611
MINMODE:MODE:      20      0.00692357      0.01283212      0.00858639
MINMODE:MODE:      21      0.02674647      0.01895070      0.03765170
MINMODE:MODE:      22      0.03082238      0.02435941      0.03683916
MINMODE:MODE:      23      0.01520758      0.02334053      0.00751044
MINMODE:MODE:      24     -0.00391102      0.01704643     -0.02040021
MINMODE:MODE:      25     -0.00813623      0.01200489     -0.01974561
MINMODE:MODE:      26     -0.00708044      0.02263844     -0.00116883
MINMODE:MODE:      27      0.03748384      0.04566444     -0.04660965
MINMODE:MODE:      28      0.03800537      0.04103774     -0.04467020
MINMODE:MODE:      29     -0.00814124      0.01428971      0.00142935
MINMODE:MODE:      30     -0.05572437     -0.00829255      0.04832882
MINMODE:MODE:      31     -0.05618286     -0.00375743      0.04689426
MINMODE:MODE:      32     -0.00279556      0.00700147      0.02490262
MINMODE:MODE:      33     -0.01678154      0.00242482      0.02999740
MINMODE:MODE:      34      0.02324679     -0.00312199      0.03764443
MINMODE:MODE:      35      0.00400263      0.00907948      0.05471975
MINMODE:MODE:      36      0.03579609     -0.01759712      0.01013302
MINMODE:MODE:      37      0.02701570      0.00253948      0.00909850
MINMODE:MODE:      38     -0.02267499      0.04755929      0.01463775
MINMODE:MODE:      39     -0.06449267      0.07404803      0.02189763
MINMODE:MODE:      40     -0.05746239      0.05511170      0.02337035
MINMODE:MODE:      41     -0.00762305     -0.02270194     -0.02498056
MINMODE:MODE:      42      0.01052199     -0.02983147     -0.01856676
MINMODE:MODE:      43      0.03615664     -0.01989417      0.02766092
MINMODE:MODE:      44      0.04415083     -0.00156622      0.06623575
MINMODE:MODE:      45      0.02798406      0.00960165      0.06368026
MINMODE:MODE:      46     -0.02963067      0.01422430     -0.07220211
MINMODE:MODE:      47     -0.03126571     -0.05572906     -0.03349471
MINMODE:MODE:      48     -0.01315816      0.01063201     -0.00966688
MINMODE:MODE:      49      0.00892206     -0.00433391     -0.01094740
MINMODE:MODE:      50      0.03827044      0.01955185      0.06117293
MINMODE:MODE:      51      0.04606856      0.02900429      0.05888863
MINMODE:MODE:      52      0.01816000      0.02751258      0.00652960
MINMODE:MODE:      53     -0.01617614      0.01618779     -0.04265173
MINMODE:MODE:      54     -0.02299487      0.00637972     -0.04232333
MINMODE:MODE:      55      0.07301837      0.06832652     -0.08092542
MINMODE:MODE:      56      0.07240290      0.05805563     -0.07959536
MINMODE:MODE:      57     -0.00745886      0.01108673      0.00223087
MINMODE:MODE:      58     -0.09320426     -0.02868027      0.08615500
MINMODE:MODE:      59     -0.09688395     -0.02075998      0.08263634
MINMODE:MODE:      60      0.00665533      0.01080775      0.02574609
MINMODE:MODE:      61      0.01018264      0.01087814      0.03674295
MINMODE:MODE:      62      0.00274668     -0.00264793      0.01281209
MINMODE:MODE:      63      0.00698653     -0.00957840      0.01609874
MINMODE:MODE:      64      0.10900112      0.14917190      0.10498446
MINMODE:MODE:      65      0.05170064     -0.15430543     -0.08365384
MINMODE:MODE:      66      0.01113376     -0.07416074     -0.05277025
MINMODE:MODE:      67      0.09929054     -0.13545564      0.02101513
MINMODE:MODE:      68      0.04789707     -0.07041621      0.02306242
MINMODE:MODE:      69     -0.04649898      0.02559442     -0.03048480
MINMODE:MODE:      70     -0.11258148      0.07191114     -0.09720116
MINMODE:MODE:      71     -0.10618202      0.03790110     -0.11585082
MINMODE:MODE:      72      0.02799246      0.03932984     -0.00140069
MINMODE:MODE:      73     -0.00275768      0.02605918      0.01333714
MINMODE:MODE:      74      0.02659348     -0.53810049     -0.29187109
MINMODE:MODE:      75      0.17028697     -0.21343384      0.06369450
MINMODE:MODE:      76      0.08887860     -0.10047921      0.06615798
MINMODE:MODE:      77     -0.06926943      0.06506752     -0.02337554
MINMODE:MODE:      78     -0.17556426      0.14337521     -0.13677799
MINMODE:MODE:      79     -0.16363007      0.07734573     -0.16211518
MINMODE:MODE: Optimization Step: 117
MINMODE:MODE: Order: 0
MINMODE:MODE:       0      0.00090494      0.01038087      0.01189825
MINMODE:MODE:       1      0.00257962      0.01210890      0.00997008
MINMODE:MODE:       2     -0.00270002      0.00684119      0.02656884
MINMODE:MODE:       3      0.00830047      0.00408428      0.03740373
MINMODE:MODE:       4     -0.00036836      0.00396449      0.01741665
MINMODE:MODE:       5     -0.00840912      0.01813439      0.01718288
MINMODE:MODE:       6      0.01383187      0.00343064      0.01299637
MINMODE:MODE:       7      0.00893416      0.01431891      0.01219509
MINMODE:MODE:       8     -0.01898991      0.03967488      0.01527134
MINMODE:MODE:       9     -0.04225308      0.05452548      0.01948099
MINMODE:MODE:      10     -0.03777344      0.04415719      0.02053814
MINMODE:MODE:      11      0.01114145     -0.00408566      0.02006688
MINMODE:MODE:      12      0.00521599     -0.01592975     -0.00346446
MINMODE:MODE:      13      0.01456741     -0.02106524     -0.00032398
MINMODE:MODE:      14      0.02909168     -0.01556530      0.02546500
MINMODE:MODE:      15      0.03373013     -0.00523536      0.04735076
MINMODE:MODE:      16      0.02494537      0.00100238      0.04528755
MINMODE:MODE:      17     -0.01704602     -0.00796108     -0.03069635
MINMODE:MODE:      18     -0.00656821      0.00225923     -0.01322904
MINMODE:MODE:      19     -0.00054428      0.01241636      0.00014885
MINMODE:MODE:      20      0.00685612      0.01277686      0.00856708
MINMODE:MODE:      21      0.02655854      0.01884977      0.03756933
MINMODE:MODE:      22      0.03062829      0.02426036      0.03675342
MINMODE:MODE:      23      0.01513945      0.02329169      0.00754044
MINMODE:MODE:      24     -0.00386855      0.01705340     -0.02033581
MINMODE:MODE:      25     -0.00807117      0.01201437     -0.01965576
MINMODE:MODE:      26     -0.00706265      0.02259514     -0.00112052
MINMODE:MODE:      27      0.03743557      0.04538617     -0.04634644
MINMODE:MODE:      28      0.03799348      0.04078889     -0.04445473
MINMODE:MODE:      29     -0.00817535      0.01426131      0.00146436
MINMODE:MODE:      30     -0.05555929     -0.00803180      0.04802826
MINMODE:MODE:      31     -0.05599080     -0.00350499      0.04656198
MINMODE:MODE:      32     -0.00278977      0.00704996      0.02480697
MINMODE:MODE:      33     -0.01654450      0.00234905      0.02999544
MINMODE:MODE:      34      0.02312561     -0.00306052      0.03756142
MINMODE:MODE:      35      0.00406873      0.00910438      0.05453101
MINMODE:MODE:      36      0.03565526     -0.01750837      0.01015685
MINMODE:MODE:      37      0.02693252      0.00253826      0.00914023
MINMODE:MODE:      38     -0.02251298      0.04743541      0.01466268
MINMODE:MODE:      39     -0.06417130      0.07390315      0.02191061
MINMODE:MODE:      40     -0.05719438      0.05505150      0.02337488
MINMODE:MODE:      41     -0.00760425     -0.02256897     -0.02482570
MINMODE:MODE:      42      0.01046637     -0.02969608     -0.01847569
MINMODE:MODE:      43      0.03604819     -0.01979504      0.02758879
MINMODE:MODE:      44      0.04402283     -0.00154528      0.06602998
MINMODE:MODE:      45      0.02790681      0.00958295      0.06349127
MINMODE:MODE:      46     -0.02944514      0.01405553     -0.07191045
MINMODE:MODE:      47     -0.03116157     -0.05555000     -0.03310407
MINMODE:MODE:      48     -0.01314046      0.01053769     -0.00975956
MINMODE:MODE:      49      0.00873425     -0.00435753     -0.01086962
MINMODE:MODE:      50      0.03800186      0.01941107      0.06107351
MINMODE:MODE:      51      0.04578901      0.02885284      0.05878210
MINMODE:MODE:      52      0.01808582      0.02746230      0.00655343
MINMODE:MODE:      53     -0.01603219      0.01622143     -0.04251886
MINMODE:MODE:      54     -0.02286149      0.00641688     -0.04221498
MINMODE:MODE:      55      0.07292117      0.06776934     -0.08042973
MINMODE:MODE:      56      0.07227215      0.05752408     -0.07912401
MINMODE:MODE:      57     -0.00744508      0.01104311      0.00224437
MINMODE:MODE:      58     -0.09304584     -0.02832339      0.08575427
MINMODE:MODE:      59     -0.09670523     -0.02040685      0.08216174
MINMODE:MODE:      60      0.00663753      0.01089140      0.02576682
MINMODE:MODE:      61      0.01020171      0.01092930      0.03672634
MINMODE:MODE:      62      0.00273503     -0.00251851      0.01297630
MINMODE:MODE:      63      0.00696990     -0.00948166      0.01618026
MINMODE:MODE:      64      0.10947673      0.14835436      0.10498525
MINMODE:MODE:      65      0.05145431     -0.15312229     -0.08303555
MINMODE:MODE:      66      0.01108069     -0.07383232     -0.05273028
MINMODE:MODE:      67      0.09962011     -0.13541485      0.02127146
MINMODE:MODE:      68      0.04806303     -0.07035437      0.02317345
MINMODE:MODE:      69     -0.04632717      0.02560516     -0.03061924
MINMODE:MODE:      70     -0.11228806      0.07175323     -0.09737102
MINMODE:MODE:      71     -0.10642783      0.03798833     -0.11619833
MINMODE:MODE:      72      0.02792620      0.03944352     -0.00126090
MINMODE:MODE:      73     -0.00280472      0.02620584      0.01349435
MINMODE:MODE:      74      0.02461503     -0.53900507     -0.29317924
MINMODE:MODE:      75      0.17041395     -0.21336207      0.06416447
MINMODE:MODE:      76      0.08895094     -0.10042738      0.06641658
MINMODE:MODE:      77     -0.06890270      0.06500433     -0.02347129
MINMODE:MODE:      78     -0.17520024      0.14310794     -0.13711710
MINMODE:MODE:      79     -0.16404517      0.07754026     -0.16285838
MINMODE:MODE: Optimization Step: 118
MINMODE:MODE: Order: 0
MINMODE:MODE:       0      0.00089392      0.01044738      0.01201449
MINMODE:MODE:       1      0.00267514      0.01225497      0.01013321
MINMODE:MODE:       2     -0.00259138      0.00687114      0.02653711
MINMODE:MODE:       3      0.00831378      0.00413061      0.03727525
MINMODE:MODE:       4     -0.00034445      0.00401846      0.01742280
MINMODE:MODE:       5     -0.00832515      0.01812569      0.01719089
MINMODE:MODE:       6      0.01377113      0.00346683      0.01301162
MINMODE:MODE:       7      0.00894918      0.01425529      0.01220505
MINMODE:MODE:       8     -0.01882796      0.03954187      0.01527555
MINMODE:MODE:       9     -0.04193468      0.05432999      0.01945964
MINMODE:MODE:      10     -0.03747764      0.04401519      0.02050258
MINMODE:MODE:      11      0.01110198     -0.00401811      0.02002749
MINMODE:MODE:      12      0.00519878     -0.01578750     -0.00337743
MINMODE:MODE:      13      0.01449548     -0.02090775     -0.00027351
MINMODE:MODE:      14      0.02895437     -0.01544563      0.02537516
MINMODE:MODE:      15      0.03357672     -0.00517973      0.04714344
MINMODE:MODE:      16      0.02483911      0.00103077      0.04510469
MINMODE:MODE:      17     -0.01692463     -0.00789117     -0.03039395
MINMODE:MODE:      18     -0.00660340      0.00222677     -0.01315335
MINMODE:MODE:      19     -0.00053677      0.01237144      0.00020920
MINMODE:MODE:      20      0.00676387      0.01270932      0.00852540
MINMODE:MODE:      21      0.02632336      0.01871134      0.03744398
MINMODE:MODE:      22      0.03038286      0.02411505      0.03663219
MINMODE:MODE:      23      0.01504440      0.02320906      0.00755372
MINMODE:MODE:      24     -0.00381640      0.01704143     -0.02023710
MINMODE:MODE:      25     -0.00799094      0.01200915     -0.01953919
MINMODE:MODE:      26     -0.00696017      0.02255794     -0.00114934
MINMODE:MODE:      27      0.03725426      0.04497141     -0.04591978
MINMODE:MODE:      28      0.03788792      0.04043246     -0.04413684
MINMODE:MODE:      29     -0.00813611      0.01425047      0.00145163
MINMODE:MODE:      30     -0.05539668     -0.00776357      0.04771501
MINMODE:MODE:      31     -0.05573927     -0.00323243      0.04617746
MINMODE:MODE:      32     -0.00278494      0.00710016      0.02467085
MINMODE:MODE:      33     -0.01627919      0.00226279      0.02994474
MINMODE:MODE:      34      0.02296324     -0.00298385      0.03742215
MINMODE:MODE:      35      0.00414449      0.00911814      0.05424029
MINMODE:MODE:      36      0.03544725     -0.01738760      0.01016756
MINMODE:MODE:      37      0.02679916      0.00253413      0.00917478
MINMODE:MODE:      38     -0.02230743      0.04723616      0.01466832
MINMODE:MODE:      39     -0.06372815      0.07363769      0.02189230
MINMODE:MODE:      40     -0.05682112      0.05490864      0.02334540
MINMODE:MODE:      41     -0.00757385     -0.02238983     -0.02462298
MINMODE:MODE:      42      0.01039186     -0.02950634     -0.01835363
MINMODE:MODE:      43      0.03587754     -0.01966026      0.02747157
MINMODE:MODE:      44      0.04382046     -0.00152368      0.06571504
MINMODE:MODE:      45      0.02778217      0.00954763      0.06319185
MINMODE:MODE:      46     -0.02918372      0.01388840     -0.07148783
MINMODE:MODE:      47     -0.03102235     -0.05532590     -0.03263507
MINMODE:MODE:      48     -0.01310428      0.01041863     -0.00984267
MINMODE:MODE:      49      0.00852200     -0.00438160     -0.01076564
MINMODE:MODE:      50      0.03765163      0.01922442      0.06086756
MINMODE:MODE:      51      0.04541201      0.02863988      0.05858184
MINMODE:MODE:      52      0.01797762      0.02736849      0.00657295
MINMODE:MODE:      53     -0.01585611      0.01623973     -0.04232204
MINMODE:MODE:      54     -0.02267963      0.00645757     -0.04204264
MINMODE:MODE:      55      0.07275216      0.06707003     -0.07980713
MINMODE:MODE:      56      0.07206023      0.05685253     -0.07852134
MINMODE:MODE:      57     -0.00742627      0.01097766      0.00226724
MINMODE:MODE:      58     -0.09272054     -0.02786750      0.08516025
MINMODE:MODE:      59     -0.09634904     -0.01998949      0.08152114
MINMODE:MODE:      60      0.00662202      0.01093074      0.02577556
MINMODE:MODE:      61      0.01020548      0.01100624      0.03664740
MINMODE:MODE:      62      0.00272945     -0.00240939      0.01306703
MINMODE:MODE:      63      0.00693109     -0.00933808      0.01630190
MINMODE:MODE:      64      0.11051540      0.15076166      0.10689161
MINMODE:MODE:      65      0.05065207     -0.15474810     -0.08415017
MINMODE:MODE:      66      0.01109890     -0.07386665     -0.05276828
MINMODE:MODE:      67      0.09939795     -0.13508579      0.02144461
MINMODE:MODE:      68      0.04815947     -0.07020216      0.02325433
MINMODE:MODE:      69     -0.04602302      0.02553618     -0.03075944
MINMODE:MODE:      70     -0.11193204      0.07163484     -0.09752551
MINMODE:MODE:      71     -0.10642739      0.03803692     -0.11646091
MINMODE:MODE:      72      0.02780947      0.03949042     -0.00112227
MINMODE:MODE:      73     -0.00285903      0.02631905      0.01361731
MINMODE:MODE:      74      0.02217865     -0.53915566     -0.29416905
MINMODE:MODE:      75      0.17049027     -0.21305468      0.06469757
MINMODE:MODE:      76      0.08894448     -0.10018190      0.06669988
MINMODE:MODE:      77     -0.06839103      0.06479005     -0.02357649
MINMODE:MODE:      78     -0.17454454      0.14260470     -0.13724291
MINMODE:MODE:      79     -0.16414349      0.07759682     -0.16330410
MINMODE:MODE: Optimization Step: 119
MINMODE:MODE: Order: 0
MINMODE:MODE:       0      0.00088883      0.01052349      0.01214056
MINMODE:MODE:       1      0.00274137      0.01234109      0.01030603
MINMODE:MODE:       2     -0.00249580      0.00690802      0.02651309
MINMODE:MODE:       3      0.00833249      0.00417318      0.03715470
MINMODE:MODE:       4     -0.00035612      0.00406790      0.01741729
MINMODE:MODE:       5     -0.00828734      0.01813504      0.01719641
MINMODE:MODE:       6      0.01374444      0.00346740      0.01301954
MINMODE:MODE:       7      0.00892773      0.01423141      0.01223035
MINMODE:MODE:       8     -0.01863696      0.03939764      0.01527398
MINMODE:MODE:       9     -0.04166201      0.05419113      0.01945599
MINMODE:MODE:      10     -0.03720151      0.04389186      0.02047671
MINMODE:MODE:      11      0.01107536     -0.00394780      0.02000899
MINMODE:MODE:      12      0.00518087     -0.01565704     -0.00329817
MINMODE:MODE:      13      0.01443093     -0.02075936     -0.00022489
MINMODE:MODE:      14      0.02883500     -0.01533433      0.02529323
MINMODE:MODE:      15      0.03344913     -0.00512595      0.04696728
MINMODE:MODE:      16      0.02475426      0.00105369      0.04495012
MINMODE:MODE:      17     -0.01682754     -0.00784552     -0.03009478
MINMODE:MODE:      18     -0.00662462      0.00219131     -0.01307947
MINMODE:MODE:      19     -0.00049956      0.01234025      0.00026500
MINMODE:MODE:      20      0.00670928      0.01264348      0.00852667
MINMODE:MODE:      21      0.02609551      0.01857038      0.03736053
MINMODE:MODE:      22      0.03016120      0.02397537      0.03655054
MINMODE:MODE:      23      0.01494017      0.02313883      0.00755949
MINMODE:MODE:      24     -0.00374397      0.01704868     -0.02014516
MINMODE:MODE:      25     -0.00795571      0.01201561     -0.01949873
MINMODE:MODE:      26     -0.00680690      0.02253013     -0.00117484
MINMODE:MODE:      27      0.03718533      0.04460461     -0.04561194
MINMODE:MODE:      28      0.03777073      0.04006676     -0.04378679
MINMODE:MODE:      29     -0.00808636      0.01427111      0.00137342
MINMODE:MODE:      30     -0.05535383     -0.00747626      0.04748493
MINMODE:MODE:      31     -0.05562323     -0.00297096      0.04589857
MINMODE:MODE:      32     -0.00278436      0.00716002      0.02455263
MINMODE:MODE:      33     -0.01604108      0.00218919      0.02990183
MINMODE:MODE:      34      0.02279374     -0.00290386      0.03728904
MINMODE:MODE:      35      0.00423131      0.00913358      0.05399489
MINMODE:MODE:      36      0.03523811     -0.01727526      0.01018648
MINMODE:MODE:      37      0.02668637      0.00252133      0.00921191
MINMODE:MODE:      38     -0.02211498      0.04706531      0.01467937
MINMODE:MODE:      39     -0.06330308      0.07340275      0.02187803
MINMODE:MODE:      40     -0.05646559      0.05478218      0.02332159
MINMODE:MODE:      41     -0.00754843     -0.02221903     -0.02443038
MINMODE:MODE:      42      0.01032364     -0.02933170     -0.01824483
MINMODE:MODE:      43      0.03572932     -0.01953745      0.02736654
MINMODE:MODE:      44      0.04364527     -0.00150819      0.06542497
MINMODE:MODE:      45      0.02767540      0.00951559      0.06292899
MINMODE:MODE:      46     -0.02895872      0.01372181     -0.07109971
MINMODE:MODE:      47     -0.03089352     -0.05519930     -0.03214812
MINMODE:MODE:      48     -0.01308747      0.01032804     -0.00992077
MINMODE:MODE:      49      0.00829381     -0.00439125     -0.01067493
MINMODE:MODE:      50      0.03731040      0.01902788      0.06066636
MINMODE:MODE:      51      0.04503802      0.02842585      0.05841226
MINMODE:MODE:      52      0.01787746      0.02728828      0.00659771
MINMODE:MODE:      53     -0.01569226      0.01628196     -0.04216129
MINMODE:MODE:      54     -0.02247030      0.00652260     -0.04188400
MINMODE:MODE:      55      0.07258827      0.06630017     -0.07917732
MINMODE:MODE:      56      0.07191073      0.05618095     -0.07799215
MINMODE:MODE:      57     -0.00741769      0.01092189      0.00227734
MINMODE:MODE:      58     -0.09246669     -0.02738326      0.08458250
MINMODE:MODE:      59     -0.09600388     -0.01956019      0.08088979
MINMODE:MODE:      60      0.00663385      0.01098439      0.02589214
MINMODE:MODE:      61      0.01018089      0.01107608      0.03648363
MINMODE:MODE:      62      0.00273584     -0.00233771      0.01316026
MINMODE:MODE:      63      0.00688500     -0.00918399      0.01641835
MINMODE:MODE:      64      0.11147020      0.15162651      0.10814405
MINMODE:MODE:      65      0.05032910     -0.15426687     -0.08395517
MINMODE:MODE:      66      0.01110701     -0.07378385     -0.05290602
MINMODE:MODE:      67      0.09934252     -0.13498807      0.02172935
MINMODE:MODE:      68      0.04819768     -0.07010474      0.02343038
MINMODE:MODE:      69     -0.04563543      0.02537667     -0.03089812
MINMODE:MODE:      70     -0.11172513      0.07160235     -0.09791105
MINMODE:MODE:      71     -0.10650345      0.03805241     -0.11702248
MINMODE:MODE:      72      0.02784917      0.03969114     -0.00106501
MINMODE:MODE:      73     -0.00291714      0.02644262      0.01375947
MINMODE:MODE:      74      0.01942035     -0.53977657     -0.29556918
MINMODE:MODE:      75      0.17057559     -0.21281496      0.06534698
MINMODE:MODE:      76      0.08895266     -0.09998189      0.06710521
MINMODE:MODE:      77     -0.06786407      0.06450996     -0.02369690
MINMODE:MODE:      78     -0.17399322      0.14215646     -0.13757484
MINMODE:MODE:      79     -0.16419642      0.07759901     -0.16380846
MINMODE:MODE: Optimization Step: 120
MINMODE:MODE: Order: 0
MINMODE:MODE:       0      0.00089520      0.01061653      0.01227668
MINMODE:MODE:       1      0.00280688      0.01243121      0.01047775
MINMODE:MODE:       2     -0.00240529      0.00694068      0.02651717
MINMODE:MODE:       3      0.00835258      0.00421593      0.03707072
MINMODE:MODE:       4     -0.00036284      0.00412388      0.01744302
MINMODE:MODE:       5     -0.00824195      0.01815194      0.01721357
MINMODE:MODE:       6      0.01370819      0.00348602      0.01304224
MINMODE:MODE:       7      0.00891449      0.01421756      0.01226202
MINMODE:MODE:       8     -0.01848701      0.03930919      0.01529224
MINMODE:MODE:       9     -0.04141997      0.05409435      0.01946544
MINMODE:MODE:      10     -0.03698638      0.04382341      0.02047763
MINMODE:MODE:      11      0.01105747     -0.00388605      0.02000393
MINMODE:MODE:      12      0.00516787     -0.01554416     -0.00322371
MINMODE:MODE:      13      0.01437864     -0.02063511     -0.00018250
MINMODE:MODE:      14      0.02875134     -0.01523805      0.02524089
MINMODE:MODE:      15      0.03335664     -0.00508002      0.04683355
MINMODE:MODE:      16      0.02469870      0.00107900      0.04484061
MINMODE:MODE:      17     -0.01675532     -0.00785050     -0.02983062
MINMODE:MODE:      18     -0.00663955      0.00215357     -0.01301649
MINMODE:MODE:      19     -0.00046318      0.01231970      0.00031004
MINMODE:MODE:      20      0.00667294      0.01259343      0.00852441
MINMODE:MODE:      21      0.02589762      0.01844756      0.03730409
MINMODE:MODE:      22      0.02995867      0.02385364      0.03649631
MINMODE:MODE:      23      0.01486294      0.02309434      0.00757688
MINMODE:MODE:      24     -0.00368879      0.01707049     -0.02009075
MINMODE:MODE:      25     -0.00792476      0.01202999     -0.01948696
MINMODE:MODE:      26     -0.00672590      0.02251649     -0.00117190
MINMODE:MODE:      27      0.03721418      0.04431565     -0.04540696
MINMODE:MODE:      28      0.03770915      0.03975229     -0.04351217
MINMODE:MODE:      29     -0.00809411      0.01428591      0.00135803
MINMODE:MODE:      30     -0.05529592     -0.00717838      0.04725240
MINMODE:MODE:      31     -0.05555144     -0.00270864      0.04568052
MINMODE:MODE:      32     -0.00278544      0.00722223      0.02446253
MINMODE:MODE:      33     -0.01581871      0.00212798      0.02989242
MINMODE:MODE:      34      0.02264883     -0.00283076      0.03718681
MINMODE:MODE:      35      0.00431196      0.00916026      0.05381530
MINMODE:MODE:      36      0.03506654     -0.01718797      0.01021573
MINMODE:MODE:      37      0.02661003      0.00250477      0.00925439
MINMODE:MODE:      38     -0.02194748      0.04694426      0.01470302
MINMODE:MODE:      39     -0.06294890      0.07324726      0.02188337
MINMODE:MODE:      40     -0.05616011      0.05470403      0.02331908
MINMODE:MODE:      41     -0.00753258     -0.02207339     -0.02426331
MINMODE:MODE:      42      0.01026812     -0.02918744     -0.01815517
MINMODE:MODE:      43      0.03562106     -0.01943739      0.02728982
MINMODE:MODE:      44      0.04352067     -0.00149390      0.06520718
MINMODE:MODE:      45      0.02760024      0.00949440      0.06273934
MINMODE:MODE:      46     -0.02878259      0.01353987     -0.07081389
MINMODE:MODE:      47     -0.03078137     -0.05510855     -0.03169129
MINMODE:MODE:      48     -0.01308923      0.01026813     -0.01000462
MINMODE:MODE:      49      0.00806142     -0.00439341     -0.01060603
MINMODE:MODE:      50      0.03700725      0.01884890      0.06053117
MINMODE:MODE:      51      0.04472077      0.02823985      0.05831927
MINMODE:MODE:      52      0.01779737      0.02723680      0.00662871
MINMODE:MODE:      53     -0.01554590      0.01634574     -0.04205070
MINMODE:MODE:      54     -0.02228597      0.00660120     -0.04177228
MINMODE:MODE:      55      0.07249226      0.06557688     -0.07860783
MINMODE:MODE:      56      0.07183169      0.05557188     -0.07753376
MINMODE:MODE:      57     -0.00741328      0.01088345      0.00227899
MINMODE:MODE:      58     -0.09234270     -0.02692595      0.08412054
MINMODE:MODE:      59     -0.09577131     -0.01915354      0.08038637
MINMODE:MODE:      60      0.00660561      0.01107402      0.02589770
MINMODE:MODE:      61      0.01020493      0.01112160      0.03646557
MINMODE:MODE:      62      0.00271507     -0.00220060      0.01332000
MINMODE:MODE:      63      0.00687588     -0.00910470      0.01650540
MINMODE:MODE:      64      0.11215242      0.15051584      0.10828579
MINMODE:MODE:      65      0.05020169     -0.15258815     -0.08296484
MINMODE:MODE:      66      0.01107379     -0.07341996     -0.05291001
MINMODE:MODE:      67      0.09972684     -0.13500582      0.02209158
MINMODE:MODE:      68      0.04828533     -0.06998606      0.02354249
MINMODE:MODE:      69     -0.04537903      0.02529955     -0.03104119
MINMODE:MODE:      70     -0.11154476      0.07145908     -0.09827772
MINMODE:MODE:      71     -0.10667038      0.03807611     -0.11751728
MINMODE:MODE:      72      0.02793844      0.03995203     -0.00102304
MINMODE:MODE:      73     -0.00298010      0.02658224      0.01391547
MINMODE:MODE:      74      0.01682433     -0.54068539     -0.29714267
MINMODE:MODE:      75      0.17071714     -0.21266016      0.06598703
MINMODE:MODE:      76      0.08902734     -0.09984558      0.06751202
MINMODE:MODE:      77     -0.06742574      0.06432903     -0.02383075
MINMODE:MODE:      78     -0.17366042      0.14190498     -0.13809212
MINMODE:MODE:      79     -0.16440211      0.07765452     -0.16449665
