species_key,catalyst_id,state,temperature_K,E_elec,ZPVE,H_298,S_harmonic,S_qRRHO,G_298_qRRHO_sol,delta_G_concentration,energy_unit,entropy_unit,charge,formula,method,certificate,certificate_sha256,native_protocol_reference,export_protocol_reference,geometry,geometry_sha256,spectrum,spectrum_sha256,conformer_source,accepted_attempt,selection_temperature_K,selection_scope,pressure_pa,concentration_mol_l,cutoff_cm1,unpaired_electrons,symmetry_number
Co_bipyridine_pnnoh_Ph|hydrogenated,Co_bipyridine_pnnoh_Ph,hydrogenated,298.15,-51336.103223047874,230.14577031183444,-51088.02212191819,188.12977162889848,173.4225902409744,-51137.83373875304,1.894328445494145,kcal/mol,cal/(mol K),0,C24H20CoN2O2P,GFN2-xTB/ALPB toluene gsolv + qRRHO + 1M,data/targeted_rescue/thermochemistry/Co_bipyridine_pnnoh_Ph__hydrogenated/result.json,fe76803a9b3b902e5aba82b6b20fa7eb850d1b8f4e126fa29b12535ccfdc439d,data/targeted_rescue/thermochemistry/Co_bipyridine_pnnoh_Ph__hydrogenated/result.json#/attempts/0/native_command,data/datasets/thermochemistry/export_protocol.json,data/targeted_rescue/thermochemistry/Co_bipyridine_pnnoh_Ph__hydrogenated/accepted_geometry.xyz,86b2c494946d78ca7885467028f91a179085832f5adbda2c1320c0646e7f70c4,data/targeted_rescue/thermochemistry/Co_bipyridine_pnnoh_Ph__hydrogenated/hessian_00.npz,ecce7e1a65342f15c224d6714d8467d3c2b5e985a039594fb2829aa2a990ea09,rescue_seed20270000,0,383.15,lowest G383.15 among eligible certificates; same geometry at all T,101325.0,1.0,100.0,0,1
Co_bipyridine_pnnoh_Ph|hydrogenated,Co_bipyridine_pnnoh_Ph,hydrogenated,340.0,-51336.103223047874,230.14577031183444,-51083.16783509212,203.3460305221968,187.26117960542229,-51144.5876633736,2.248972784367174,kcal/mol,cal/(mol K),0,C24H20CoN2O2P,GFN2-xTB/ALPB toluene gsolv + qRRHO + 1M,data/targeted_rescue/thermochemistry/Co_bipyridine_pnnoh_Ph__hydrogenated/result.json,fe76803a9b3b902e5aba82b6b20fa7eb850d1b8f4e126fa29b12535ccfdc439d,data/targeted_rescue/thermochemistry/Co_bipyridine_pnnoh_Ph__hydrogenated/result.json#/attempts/0/native_command,data/datasets/thermochemistry/export_protocol.json,data/targeted_rescue/thermochemistry/Co_bipyridine_pnnoh_Ph__hydrogenated/accepted_geometry.xyz,86b2c494946d78ca7885467028f91a179085832f5adbda2c1320c0646e7f70c4,data/targeted_rescue/thermochemistry/Co_bipyridine_pnnoh_Ph__hydrogenated/hessian_00.npz,ecce7e1a65342f15c224d6714d8467d3c2b5e985a039594fb2829aa2a990ea09,rescue_seed20270000,0,383.15,lowest G383.15 among eligible certificates; same geometry at all T,101325.0,1.0,100.0,0,1
Co_bipyridine_pnnoh_Ph|hydrogenated,Co_bipyridine_pnnoh_Ph,hydrogenated,350.0,-51336.103223047874,230.14577031183444,-51081.926201725786,206.9450041220422,190.5552077253211,-51146.28524393207,2.3352804975836268,kcal/mol,cal/(mol K),0,C24H20CoN2O2P,GFN2-xTB/ALPB toluene gsolv + qRRHO + 1M,data/targeted_rescue/thermochemistry/Co_bipyridine_pnnoh_Ph__hydrogenated/result.json,fe76803a9b3b902e5aba82b6b20fa7eb850d1b8f4e126fa29b12535ccfdc439d,data/targeted_rescue/thermochemistry/Co_bipyridine_pnnoh_Ph__hydrogenated/result.json#/attempts/0/native_command,data/datasets/thermochemistry/export_protocol.json,data/targeted_rescue/thermochemistry/Co_bipyridine_pnnoh_Ph__hydrogenated/accepted_geometry.xyz,86b2c494946d78ca7885467028f91a179085832f5adbda2c1320c0646e7f70c4,data/targeted_rescue/thermochemistry/Co_bipyridine_pnnoh_Ph__hydrogenated/hessian_00.npz,ecce7e1a65342f15c224d6714d8467d3c2b5e985a039594fb2829aa2a990ea09,rescue_seed20270000,0,383.15,lowest G383.15 among eligible certificates; same geometry at all T,101325.0,1.0,100.0,0,1
Co_bipyridine_pnnoh_Ph|hydrogenated,Co_bipyridine_pnnoh_Ph,hydrogenated,360.0,-51336.103223047874,230.14577031183444,-51080.65401480664,210.5286658557993,193.8422349111239,-51148.01506331393,2.422156060718619,kcal/mol,cal/(mol K),0,C24H20CoN2O2P,GFN2-xTB/ALPB toluene gsolv + qRRHO + 1M,data/targeted_rescue/thermochemistry/Co_bipyridine_pnnoh_Ph__hydrogenated/result.json,fe76803a9b3b902e5aba82b6b20fa7eb850d1b8f4e126fa29b12535ccfdc439d,data/targeted_rescue/thermochemistry/Co_bipyridine_pnnoh_Ph__hydrogenated/result.json#/attempts/0/native_command,data/datasets/thermochemistry/export_protocol.json,data/targeted_rescue/thermochemistry/Co_bipyridine_pnnoh_Ph__hydrogenated/accepted_geometry.xyz,86b2c494946d78ca7885467028f91a179085832f5adbda2c1320c0646e7f70c4,data/targeted_rescue/thermochemistry/Co_bipyridine_pnnoh_Ph__hydrogenated/hessian_00.npz,ecce7e1a65342f15c224d6714d8467d3c2b5e985a039594fb2829aa2a990ea09,rescue_seed20270000,0,383.15,lowest G383.15 among eligible certificates; same geometry at all T,101325.0,1.0,100.0,0,1
Co_bipyridine_pnnoh_Ph|hydrogenated,Co_bipyridine_pnnoh_Ph,hydrogenated,370.0,-51336.103223047874,230.14577031183444,-51079.35178936664,214.09644371188952,197.12125428064186,-51149.77706975443,2.509583696046293,kcal/mol,cal/(mol K),0,C24H20CoN2O2P,GFN2-xTB/ALPB toluene gsolv + qRRHO + 1M,data/targeted_rescue/thermochemistry/Co_bipyridine_pnnoh_Ph__hydrogenated/result.json,fe76803a9b3b902e5aba82b6b20fa7eb850d1b8f4e126fa29b12535ccfdc439d,data/targeted_rescue/thermochemistry/Co_bipyridine_pnnoh_Ph__hydrogenated/result.json#/attempts/0/native_command,data/datasets/thermochemistry/export_protocol.json,data/targeted_rescue/thermochemistry/Co_bipyridine_pnnoh_Ph__hydrogenated/accepted_geometry.xyz,86b2c494946d78ca7885467028f91a179085832f5adbda2c1320c0646e7f70c4,data/targeted_rescue/thermochemistry/Co_bipyridine_pnnoh_Ph__hydrogenated/hessian_00.npz,ecce7e1a65342f15c224d6714d8467d3c2b5e985a039594fb2829aa2a990ea09,rescue_seed20270000,0,383.15,lowest G383.15 among eligible certificates; same geometry at all T,101325.0,1.0,100.0,0,1
Co_bipyridine_pnnoh_Ph|hydrogenated,Co_bipyridine_pnnoh_Ph,hydrogenated,380.0,-51336.103223047874,230.14577031183444,-51078.020059994706,217.64775926148704,200.39128536204737,-51151.57119995327,2.597548479011341,kcal/mol,cal/(mol K),0,C24H20CoN2O2P,GFN2-xTB/ALPB toluene gsolv + qRRHO + 1M,data/targeted_rescue/thermochemistry/Co_bipyridine_pnnoh_Ph__hydrogenated/result.json,fe76803a9b3b902e5aba82b6b20fa7eb850d1b8f4e126fa29b12535ccfdc439d,data/targeted_rescue/thermochemistry/Co_bipyridine_pnnoh_Ph__hydrogenated/result.json#/attempts/0/native_command,data/datasets/thermochemistry/export_protocol.json,data/targeted_rescue/thermochemistry/Co_bipyridine_pnnoh_Ph__hydrogenated/accepted_geometry.xyz,86b2c494946d78ca7885467028f91a179085832f5adbda2c1320c0646e7f70c4,data/targeted_rescue/thermochemistry/Co_bipyridine_pnnoh_Ph__hydrogenated/hessian_00.npz,ecce7e1a65342f15c224d6714d8467d3c2b5e985a039594fb2829aa2a990ea09,rescue_seed20270000,0,383.15,lowest G383.15 among eligible certificates; same geometry at all T,101325.0,1.0,100.0,0,1
Co_bipyridine_pnnoh_Ph|hydrogenated,Co_bipyridine_pnnoh_Ph,hydrogenated,383.15,-51336.103223047874,230.14577031183444,-51077.5945421849,218.76292208894586,201.4193312688219,-51152.142992604975,2.625366355574337,kcal/mol,cal/(mol K),0,C24H20CoN2O2P,GFN2-xTB/ALPB toluene gsolv + qRRHO + 1M,data/targeted_rescue/thermochemistry/Co_bipyridine_pnnoh_Ph__hydrogenated/result.json,fe76803a9b3b902e5aba82b6b20fa7eb850d1b8f4e126fa29b12535ccfdc439d,data/targeted_rescue/thermochemistry/Co_bipyridine_pnnoh_Ph__hydrogenated/result.json#/attempts/0/native_command,data/datasets/thermochemistry/export_protocol.json,data/targeted_rescue/thermochemistry/Co_bipyridine_pnnoh_Ph__hydrogenated/accepted_geometry.xyz,86b2c494946d78ca7885467028f91a179085832f5adbda2c1320c0646e7f70c4,data/targeted_rescue/thermochemistry/Co_bipyridine_pnnoh_Ph__hydrogenated/hessian_00.npz,ecce7e1a65342f15c224d6714d8467d3c2b5e985a039594fb2829aa2a990ea09,rescue_seed20270000,0,383.15,lowest G383.15 among eligible certificates; same geometry at all T,101325.0,1.0,100.0,0,1
Co_bipyridine_pnnoh_Ph|hydrogenated,Co_bipyridine_pnnoh_Ph,hydrogenated,390.0,-51336.103223047874,230.14577031183444,-51076.65937689539,221.1820385663968,203.65138182016824,-51153.39737953441,2.686036270841015,kcal/mol,cal/(mol K),0,C24H20CoN2O2P,GFN2-xTB/ALPB toluene gsolv + qRRHO + 1M,data/targeted_rescue/thermochemistry/Co_bipyridine_pnnoh_Ph__hydrogenated/result.json,fe76803a9b3b902e5aba82b6b20fa7eb850d1b8f4e126fa29b12535ccfdc439d,data/targeted_rescue/thermochemistry/Co_bipyridine_pnnoh_Ph__hydrogenated/result.json#/attempts/0/native_command,data/datasets/thermochemistry/export_protocol.json,data/targeted_rescue/thermochemistry/Co_bipyridine_pnnoh_Ph__hydrogenated/accepted_geometry.xyz,86b2c494946d78ca7885467028f91a179085832f5adbda2c1320c0646e7f70c4,data/targeted_rescue/thermochemistry/Co_bipyridine_pnnoh_Ph__hydrogenated/hessian_00.npz,ecce7e1a65342f15c224d6714d8467d3c2b5e985a039594fb2829aa2a990ea09,rescue_seed20270000,0,383.15,lowest G383.15 among eligible certificates; same geometry at all T,101325.0,1.0,100.0,0,1
Co_bipyridine_pnnoh_Ph|hydrogenated,Co_bipyridine_pnnoh_Ph,hydrogenated,400.0,-51336.103223047874,230.14577031183444,-51075.27030220942,224.69872104397422,206.90063751117782,-51155.25552355582,2.775033658072708,kcal/mol,cal/(mol K),0,C24H20CoN2O2P,GFN2-xTB/ALPB toluene gsolv + qRRHO + 1M,data/targeted_rescue/thermochemistry/Co_bipyridine_pnnoh_Ph__hydrogenated/result.json,fe76803a9b3b902e5aba82b6b20fa7eb850d1b8f4e126fa29b12535ccfdc439d,data/targeted_rescue/thermochemistry/Co_bipyridine_pnnoh_Ph__hydrogenated/result.json#/attempts/0/native_command,data/datasets/thermochemistry/export_protocol.json,data/targeted_rescue/thermochemistry/Co_bipyridine_pnnoh_Ph__hydrogenated/accepted_geometry.xyz,86b2c494946d78ca7885467028f91a179085832f5adbda2c1320c0646e7f70c4,data/targeted_rescue/thermochemistry/Co_bipyridine_pnnoh_Ph__hydrogenated/hessian_00.npz,ecce7e1a65342f15c224d6714d8467d3c2b5e985a039594fb2829aa2a990ea09,rescue_seed20270000,0,383.15,lowest G383.15 among eligible certificates; same geometry at all T,101325.0,1.0,100.0,0,1
Co_bipyridine_pnnoh_Ph|hydrogenated,Co_bipyridine_pnnoh_Ph,hydrogenated,410.0,-51336.103223047874,230.14577031183444,-51073.85340661584,228.1972665410226,210.13819106750537,-51157.14553705538,2.8645278981321125,kcal/mol,cal/(mol K),0,C24H20CoN2O2P,GFN2-xTB/ALPB toluene gsolv + qRRHO + 1M,data/targeted_rescue/thermochemistry/Co_bipyridine_pnnoh_Ph__hydrogenated/result.json,fe76803a9b3b902e5aba82b6b20fa7eb850d1b8f4e126fa29b12535ccfdc439d,data/targeted_rescue/thermochemistry/Co_bipyridine_pnnoh_Ph__hydrogenated/result.json#/attempts/0/native_command,data/datasets/thermochemistry/export_protocol.json,data/targeted_rescue/thermochemistry/Co_bipyridine_pnnoh_Ph__hydrogenated/accepted_geometry.xyz,86b2c494946d78ca7885467028f91a179085832f5adbda2c1320c0646e7f70c4,data/targeted_rescue/thermochemistry/Co_bipyridine_pnnoh_Ph__hydrogenated/hessian_00.npz,ecce7e1a65342f15c224d6714d8467d3c2b5e985a039594fb2829aa2a990ea09,rescue_seed20270000,0,383.15,lowest G383.15 among eligible certificates; same geometry at all T,101325.0,1.0,100.0,0,1
Co_bipyridine_pnnoh_Ph|hydrogenated,Co_bipyridine_pnnoh_Ph,hydrogenated,420.0,-51336.103223047874,230.14577031183444,-51072.409266227085,231.6771608493991,213.3632292031797,-51159.0673156222,2.954506870223601,kcal/mol,cal/(mol K),0,C24H20CoN2O2P,GFN2-xTB/ALPB toluene gsolv + qRRHO + 1M,data/targeted_rescue/thermochemistry/Co_bipyridine_pnnoh_Ph__hydrogenated/result.json,fe76803a9b3b902e5aba82b6b20fa7eb850d1b8f4e126fa29b12535ccfdc439d,data/targeted_rescue/thermochemistry/Co_bipyridine_pnnoh_Ph__hydrogenated/result.json#/attempts/0/native_command,data/datasets/thermochemistry/export_protocol.json,data/targeted_rescue/thermochemistry/Co_bipyridine_pnnoh_Ph__hydrogenated/accepted_geometry.xyz,86b2c494946d78ca7885467028f91a179085832f5adbda2c1320c0646e7f70c4,data/targeted_rescue/thermochemistry/Co_bipyridine_pnnoh_Ph__hydrogenated/hessian_00.npz,ecce7e1a65342f15c224d6714d8467d3c2b5e985a039594fb2829aa2a990ea09,rescue_seed20270000,0,383.15,lowest G383.15 among eligible certificates; same geometry at all T,101325.0,1.0,100.0,0,1
Co_bipyridine_pnnoh_Ph|hydrogenated,Co_bipyridine_pnnoh_Ph,hydrogenated,430.0,-51336.103223047874,230.14577031183444,-51070.93845977986,235.13791987636586,216.57498891645915,-51161.02074598304,3.044959030900024,kcal/mol,cal/(mol K),0,C24H20CoN2O2P,GFN2-xTB/ALPB toluene gsolv + qRRHO + 1M,data/targeted_rescue/thermochemistry/Co_bipyridine_pnnoh_Ph__hydrogenated/result.json,fe76803a9b3b902e5aba82b6b20fa7eb850d1b8f4e126fa29b12535ccfdc439d,data/targeted_rescue/thermochemistry/Co_bipyridine_pnnoh_Ph__hydrogenated/result.json#/attempts/0/native_command,data/datasets/thermochemistry/export_protocol.json,data/targeted_rescue/thermochemistry/Co_bipyridine_pnnoh_Ph__hydrogenated/accepted_geometry.xyz,86b2c494946d78ca7885467028f91a179085832f5adbda2c1320c0646e7f70c4,data/targeted_rescue/thermochemistry/Co_bipyridine_pnnoh_Ph__hydrogenated/hessian_00.npz,ecce7e1a65342f15c224d6714d8467d3c2b5e985a039594fb2829aa2a990ea09,rescue_seed20270000,0,383.15,lowest G383.15 among eligible certificates; same geometry at all T,101325.0,1.0,100.0,0,1
Co_bipyridine_pnnoh_Ph|hydrogenated,Co_bipyridine_pnnoh_Ph,hydrogenated,440.0,-51336.103223047874,230.14577031183444,-51069.441566118265,238.57909266302104,219.77275875219044,-51163.00570659546,3.135873373767528,kcal/mol,cal/(mol K),0,C24H20CoN2O2P,GFN2-xTB/ALPB toluene gsolv + qRRHO + 1M,data/targeted_rescue/thermochemistry/Co_bipyridine_pnnoh_Ph__hydrogenated/result.json,fe76803a9b3b902e5aba82b6b20fa7eb850d1b8f4e126fa29b12535ccfdc439d,data/targeted_rescue/thermochemistry/Co_bipyridine_pnnoh_Ph__hydrogenated/result.json#/attempts/0/native_command,data/datasets/thermochemistry/export_protocol.json,data/targeted_rescue/thermochemistry/Co_bipyridine_pnnoh_Ph__hydrogenated/accepted_geometry.xyz,86b2c494946d78ca7885467028f91a179085832f5adbda2c1320c0646e7f70c4,data/targeted_rescue/thermochemistry/Co_bipyridine_pnnoh_Ph__hydrogenated/hessian_00.npz,ecce7e1a65342f15c224d6714d8467d3c2b5e985a039594fb2829aa2a990ea09,rescue_seed20270000,0,383.15,lowest G383.15 among eligible certificates; same geometry at all T,101325.0,1.0,100.0,0,1
Co_bipyridine_pnnoh_Ph|protonated_reference,Co_bipyridine_pnnoh_Ph,protonated_reference,298.15,-50811.95720970296,225.99960191021106,-50568.36819237149,184.28208694962504,170.93349225389534,-50617.437684641496,1.894328445494145,kcal/mol,cal/(mol K),1,C24H19CoN2O2P,GFN2-xTB/ALPB toluene gsolv + qRRHO + 1M,data/targeted_rescue/thermochemistry/Co_bipyridine_pnnoh_Ph__protonated_reference/result.json,1f8f499276f68496c6fe2ca0872675d3d1c6fa82b965ed1eedb14a5cb0c4d55d,data/targeted_rescue/thermochemistry/Co_bipyridine_pnnoh_Ph__protonated_reference/result.json#/attempts/0/native_command,data/datasets/thermochemistry/export_protocol.json,data/targeted_rescue/thermochemistry/Co_bipyridine_pnnoh_Ph__protonated_reference/accepted_geometry.xyz,4f14f3516b0b17918ad2909a9dae15b6abd6f130a8a776613d42d36047a3c323,data/targeted_rescue/thermochemistry/Co_bipyridine_pnnoh_Ph__protonated_reference/hessian_00.npz,7b71a2936c08d291575fb2e398cae2bb8169c5a8cee04623d992634c8ce8c764,rescue_seed20270000,0,383.15,lowest G383.15 among eligible certificates; same geometry at all T,101325.0,1.0,100.0,0,1
Co_bipyridine_pnnoh_Ph|protonated_reference,Co_bipyridine_pnnoh_Ph,protonated_reference,340.0,-50811.95720970296,225.99960191021106,-50563.59934077659,199.23060864238985,184.56544076126926,-50624.10261785106,2.248972784367174,kcal/mol,cal/(mol K),1,C24H19CoN2O2P,GFN2-xTB/ALPB toluene gsolv + qRRHO + 1M,data/targeted_rescue/thermochemistry/Co_bipyridine_pnnoh_Ph__protonated_reference/result.json,1f8f499276f68496c6fe2ca0872675d3d1c6fa82b965ed1eedb14a5cb0c4d55d,data/targeted_rescue/thermochemistry/Co_bipyridine_pnnoh_Ph__protonated_reference/result.json#/attempts/0/native_command,data/datasets/thermochemistry/export_protocol.json,data/targeted_rescue/thermochemistry/Co_bipyridine_pnnoh_Ph__protonated_reference/accepted_geometry.xyz,4f14f3516b0b17918ad2909a9dae15b6abd6f130a8a776613d42d36047a3c323,data/targeted_rescue/thermochemistry/Co_bipyridine_pnnoh_Ph__protonated_reference/hessian_00.npz,7b71a2936c08d291575fb2e398cae2bb8169c5a8cee04623d992634c8ce8c764,rescue_seed20270000,0,383.15,lowest G383.15 among eligible certificates; same geometry at all T,101325.0,1.0,100.0,0,1
Co_bipyridine_pnnoh_Ph|protonated_reference,Co_bipyridine_pnnoh_Ph,protonated_reference,350.0,-50811.95720970296,225.99960191021106,-50562.37986631225,202.76535371031312,187.80869086805706,-50625.77762761849,2.3352804975836268,kcal/mol,cal/(mol K),1,C24H19CoN2O2P,GFN2-xTB/ALPB toluene gsolv + qRRHO + 1M,data/targeted_rescue/thermochemistry/Co_bipyridine_pnnoh_Ph__protonated_reference/result.json,1f8f499276f68496c6fe2ca0872675d3d1c6fa82b965ed1eedb14a5cb0c4d55d,data/targeted_rescue/thermochemistry/Co_bipyridine_pnnoh_Ph__protonated_reference/result.json#/attempts/0/native_command,data/datasets/thermochemistry/export_protocol.json,data/targeted_rescue/thermochemistry/Co_bipyridine_pnnoh_Ph__protonated_reference/accepted_geometry.xyz,4f14f3516b0b17918ad2909a9dae15b6abd6f130a8a776613d42d36047a3c323,data/targeted_rescue/thermochemistry/Co_bipyridine_pnnoh_Ph__protonated_reference/hessian_00.npz,7b71a2936c08d291575fb2e398cae2bb8169c5a8cee04623d992634c8ce8c764,rescue_seed20270000,0,383.15,lowest G383.15 among eligible certificates; same geometry at all T,101325.0,1.0,100.0,0,1
Co_bipyridine_pnnoh_Ph|protonated_reference,Co_bipyridine_pnnoh_Ph,protonated_reference,360.0,-50811.95720970296,225.99960191021106,-50561.1305020394,206.28472641871352,191.04449062385802,-50627.48436260327,2.422156060718619,kcal/mol,cal/(mol K),1,C24H19CoN2O2P,GFN2-xTB/ALPB toluene gsolv + qRRHO + 1M,data/targeted_rescue/thermochemistry/Co_bipyridine_pnnoh_Ph__protonated_reference/result.json,1f8f499276f68496c6fe2ca0872675d3d1c6fa82b965ed1eedb14a5cb0c4d55d,data/targeted_rescue/thermochemistry/Co_bipyridine_pnnoh_Ph__protonated_reference/result.json#/attempts/0/native_command,data/datasets/thermochemistry/export_protocol.json,data/targeted_rescue/thermochemistry/Co_bipyridine_pnnoh_Ph__protonated_reference/accepted_geometry.xyz,4f14f3516b0b17918ad2909a9dae15b6abd6f130a8a776613d42d36047a3c323,data/targeted_rescue/thermochemistry/Co_bipyridine_pnnoh_Ph__protonated_reference/hessian_00.npz,7b71a2936c08d291575fb2e398cae2bb8169c5a8cee04623d992634c8ce8c764,rescue_seed20270000,0,383.15,lowest G383.15 among eligible certificates; same geometry at all T,101325.0,1.0,100.0,0,1
Co_bipyridine_pnnoh_Ph|protonated_reference,Co_bipyridine_pnnoh_Ph,protonated_reference,370.0,-50811.95720970296,225.99960191021106,-50559.85175705085,209.78817434176904,194.27187485270477,-50629.222767050305,2.509583696046293,kcal/mol,cal/(mol K),1,C24H19CoN2O2P,GFN2-xTB/ALPB toluene gsolv + qRRHO + 1M,data/targeted_rescue/thermochemistry/Co_bipyridine_pnnoh_Ph__protonated_reference/result.json,1f8f499276f68496c6fe2ca0872675d3d1c6fa82b965ed1eedb14a5cb0c4d55d,data/targeted_rescue/thermochemistry/Co_bipyridine_pnnoh_Ph__protonated_reference/result.json#/attempts/0/native_command,data/datasets/thermochemistry/export_protocol.json,data/targeted_rescue/thermochemistry/Co_bipyridine_pnnoh_Ph__protonated_reference/accepted_geometry.xyz,4f14f3516b0b17918ad2909a9dae15b6abd6f130a8a776613d42d36047a3c323,data/targeted_rescue/thermochemistry/Co_bipyridine_pnnoh_Ph__protonated_reference/hessian_00.npz,7b71a2936c08d291575fb2e398cae2bb8169c5a8cee04623d992634c8ce8c764,rescue_seed20270000,0,383.15,lowest G383.15 among eligible certificates; same geometry at all T,101325.0,1.0,100.0,0,1
Co_bipyridine_pnnoh_Ph|protonated_reference,Co_bipyridine_pnnoh_Ph,protonated_reference,380.0,-50811.95720970296,225.99960191021106,-50558.544159381876,213.2751387089338,197.48990300757993,-50630.99277404574,2.597548479011341,kcal/mol,cal/(mol K),1,C24H19CoN2O2P,GFN2-xTB/ALPB toluene gsolv + qRRHO + 1M,data/targeted_rescue/thermochemistry/Co_bipyridine_pnnoh_Ph__protonated_reference/result.json,1f8f499276f68496c6fe2ca0872675d3d1c6fa82b965ed1eedb14a5cb0c4d55d,data/targeted_rescue/thermochemistry/Co_bipyridine_pnnoh_Ph__protonated_reference/result.json#/attempts/0/native_command,data/datasets/thermochemistry/export_protocol.json,data/targeted_rescue/thermochemistry/Co_bipyridine_pnnoh_Ph__protonated_reference/accepted_geometry.xyz,4f14f3516b0b17918ad2909a9dae15b6abd6f130a8a776613d42d36047a3c323,data/targeted_rescue/thermochemistry/Co_bipyridine_pnnoh_Ph__protonated_reference/hessian_00.npz,7b71a2936c08d291575fb2e398cae2bb8169c5a8cee04623d992634c8ce8c764,rescue_seed20270000,0,383.15,lowest G383.15 among eligible certificates; same geometry at all T,101325.0,1.0,100.0,0,1
Co_bipyridine_pnnoh_Ph|protonated_reference,Co_bipyridine_pnnoh_Ph,protonated_reference,383.15,-50811.95720970296,225.99960191021106,-50558.12637682465,214.37002963019856,198.501497953816,-50631.55685941008,2.625366355574337,kcal/mol,cal/(mol K),1,C24H19CoN2O2P,GFN2-xTB/ALPB toluene gsolv + qRRHO + 1M,data/targeted_rescue/thermochemistry/Co_bipyridine_pnnoh_Ph__protonated_reference/result.json,1f8f499276f68496c6fe2ca0872675d3d1c6fa82b965ed1eedb14a5cb0c4d55d,data/targeted_rescue/thermochemistry/Co_bipyridine_pnnoh_Ph__protonated_reference/result.json#/attempts/0/native_command,data/datasets/thermochemistry/export_protocol.json,data/targeted_rescue/thermochemistry/Co_bipyridine_pnnoh_Ph__protonated_reference/accepted_geometry.xyz,4f14f3516b0b17918ad2909a9dae15b6abd6f130a8a776613d42d36047a3c323,data/targeted_rescue/thermochemistry/Co_bipyridine_pnnoh_Ph__protonated_reference/hessian_00.npz,7b71a2936c08d291575fb2e398cae2bb8169c5a8cee04623d992634c8ce8c764,rescue_seed20270000,0,383.15,lowest G383.15 among eligible certificates; same geometry at all T,101325.0,1.0,100.0,0,1
Co_bipyridine_pnnoh_Ph|protonated_reference,Co_bipyridine_pnnoh_Ph,protonated_reference,390.0,-50811.95720970296,225.99960191021106,-50557.20825217688,216.74506502469194,200.6976668118378,-50632.79430596266,2.686036270841015,kcal/mol,cal/(mol K),1,C24H19CoN2O2P,GFN2-xTB/ALPB toluene gsolv + qRRHO + 1M,data/targeted_rescue/thermochemistry/Co_bipyridine_pnnoh_Ph__protonated_reference/result.json,1f8f499276f68496c6fe2ca0872675d3d1c6fa82b965ed1eedb14a5cb0c4d55d,data/targeted_rescue/thermochemistry/Co_bipyridine_pnnoh_Ph__protonated_reference/result.json#/attempts/0/native_command,data/datasets/thermochemistry/export_protocol.json,data/targeted_rescue/thermochemistry/Co_bipyridine_pnnoh_Ph__protonated_reference/accepted_geometry.xyz,4f14f3516b0b17918ad2909a9dae15b6abd6f130a8a776613d42d36047a3c323,data/targeted_rescue/thermochemistry/Co_bipyridine_pnnoh_Ph__protonated_reference/hessian_00.npz,7b71a2936c08d291575fb2e398cae2bb8169c5a8cee04623d992634c8ce8c764,rescue_seed20270000,0,383.15,lowest G383.15 among eligible certificates; same geometry at all T,101325.0,1.0,100.0,0,1
Co_bipyridine_pnnoh_Ph|protonated_reference,Co_bipyridine_pnnoh_Ph,protonated_reference,400.0,-50811.95720970296,225.99960191021106,-50555.84459009806,220.19741173195186,203.8942962883297,-50634.62727495532,2.775033658072708,kcal/mol,cal/(mol K),1,C24H19CoN2O2P,GFN2-xTB/ALPB toluene gsolv + qRRHO + 1M,data/targeted_rescue/thermochemistry/Co_bipyridine_pnnoh_Ph__protonated_reference/result.json,1f8f499276f68496c6fe2ca0872675d3d1c6fa82b965ed1eedb14a5cb0c4d55d,data/targeted_rescue/thermochemistry/Co_bipyridine_pnnoh_Ph__protonated_reference/result.json#/attempts/0/native_command,data/datasets/thermochemistry/export_protocol.json,data/targeted_rescue/thermochemistry/Co_bipyridine_pnnoh_Ph__protonated_reference/accepted_geometry.xyz,4f14f3516b0b17918ad2909a9dae15b6abd6f130a8a776613d42d36047a3c323,data/targeted_rescue/thermochemistry/Co_bipyridine_pnnoh_Ph__protonated_reference/hessian_00.npz,7b71a2936c08d291575fb2e398cae2bb8169c5a8cee04623d992634c8ce8c764,rescue_seed20270000,0,383.15,lowest G383.15 among eligible certificates; same geometry at all T,101325.0,1.0,100.0,0,1
Co_bipyridine_pnnoh_Ph|protonated_reference,Co_bipyridine_pnnoh_Ph,protonated_reference,410.0,-50811.95720970296,225.99960191021106,-50554.4537359996,223.63165714899023,207.07896436033292,-50636.4915834892,2.8645278981321125,kcal/mol,cal/(mol K),1,C24H19CoN2O2P,GFN2-xTB/ALPB toluene gsolv + qRRHO + 1M,data/targeted_rescue/thermochemistry/Co_bipyridine_pnnoh_Ph__protonated_reference/result.json,1f8f499276f68496c6fe2ca0872675d3d1c6fa82b965ed1eedb14a5cb0c4d55d,data/targeted_rescue/thermochemistry/Co_bipyridine_pnnoh_Ph__protonated_reference/result.json#/attempts/0/native_command,data/datasets/thermochemistry/export_protocol.json,data/targeted_rescue/thermochemistry/Co_bipyridine_pnnoh_Ph__protonated_reference/accepted_geometry.xyz,4f14f3516b0b17918ad2909a9dae15b6abd6f130a8a776613d42d36047a3c323,data/targeted_rescue/thermochemistry/Co_bipyridine_pnnoh_Ph__protonated_reference/hessian_00.npz,7b71a2936c08d291575fb2e398cae2bb8169c5a8cee04623d992634c8ce8c764,rescue_seed20270000,0,383.15,lowest G383.15 among eligible certificates; same geometry at all T,101325.0,1.0,100.0,0,1
Co_bipyridine_pnnoh_Ph|protonated_reference,Co_bipyridine_pnnoh_Ph,protonated_reference,420.0,-50811.95720970296,225.99960191021106,-50553.03625788207,227.04730489575851,210.2508902011101,-50638.38712489632,2.954506870223601,kcal/mol,cal/(mol K),1,C24H19CoN2O2P,GFN2-xTB/ALPB toluene gsolv + qRRHO + 1M,data/targeted_rescue/thermochemistry/Co_bipyridine_pnnoh_Ph__protonated_reference/result.json,1f8f499276f68496c6fe2ca0872675d3d1c6fa82b965ed1eedb14a5cb0c4d55d,data/targeted_rescue/thermochemistry/Co_bipyridine_pnnoh_Ph__protonated_reference/result.json#/attempts/0/native_command,data/datasets/thermochemistry/export_protocol.json,data/targeted_rescue/thermochemistry/Co_bipyridine_pnnoh_Ph__protonated_reference/accepted_geometry.xyz,4f14f3516b0b17918ad2909a9dae15b6abd6f130a8a776613d42d36047a3c323,data/targeted_rescue/thermochemistry/Co_bipyridine_pnnoh_Ph__protonated_reference/hessian_00.npz,7b71a2936c08d291575fb2e398cae2bb8169c5a8cee04623d992634c8ce8c764,rescue_seed20270000,0,383.15,lowest G383.15 among eligible certificates; same geometry at all T,101325.0,1.0,100.0,0,1
Co_bipyridine_pnnoh_Ph|protonated_reference,Co_bipyridine_pnnoh_Ph,protonated_reference,430.0,-50811.95720970296,225.99960191021106,-50551.59272613205,230.44388800971936,213.40934149899218,-50640.31378394571,3.044959030900024,kcal/mol,cal/(mol K),1,C24H19CoN2O2P,GFN2-xTB/ALPB toluene gsolv + qRRHO + 1M,data/targeted_rescue/thermochemistry/Co_bipyridine_pnnoh_Ph__protonated_reference/result.json,1f8f499276f68496c6fe2ca0872675d3d1c6fa82b965ed1eedb14a5cb0c4d55d,data/targeted_rescue/thermochemistry/Co_bipyridine_pnnoh_Ph__protonated_reference/result.json#/attempts/0/native_command,data/datasets/thermochemistry/export_protocol.json,data/targeted_rescue/thermochemistry/Co_bipyridine_pnnoh_Ph__protonated_reference/accepted_geometry.xyz,4f14f3516b0b17918ad2909a9dae15b6abd6f130a8a776613d42d36047a3c323,data/targeted_rescue/thermochemistry/Co_bipyridine_pnnoh_Ph__protonated_reference/hessian_00.npz,7b71a2936c08d291575fb2e398cae2bb8169c5a8cee04623d992634c8ce8c764,rescue_seed20270000,0,383.15,lowest G383.15 among eligible certificates; same geometry at all T,101325.0,1.0,100.0,0,1
Co_bipyridine_pnnoh_Ph|protonated_reference,Co_bipyridine_pnnoh_Ph,protonated_reference,440.0,-50811.95720970296,225.99960191021106,-50550.12371104604,233.8209719348419,216.55363579313513,-50642.27143742126,3.135873373767528,kcal/mol,cal/(mol K),1,C24H19CoN2O2P,GFN2-xTB/ALPB toluene gsolv + qRRHO + 1M,data/targeted_rescue/thermochemistry/Co_bipyridine_pnnoh_Ph__protonated_reference/result.json,1f8f499276f68496c6fe2ca0872675d3d1c6fa82b965ed1eedb14a5cb0c4d55d,data/targeted_rescue/thermochemistry/Co_bipyridine_pnnoh_Ph__protonated_reference/result.json#/attempts/0/native_command,data/datasets/thermochemistry/export_protocol.json,data/targeted_rescue/thermochemistry/Co_bipyridine_pnnoh_Ph__protonated_reference/accepted_geometry.xyz,4f14f3516b0b17918ad2909a9dae15b6abd6f130a8a776613d42d36047a3c323,data/targeted_rescue/thermochemistry/Co_bipyridine_pnnoh_Ph__protonated_reference/hessian_00.npz,7b71a2936c08d291575fb2e398cae2bb8169c5a8cee04623d992634c8ce8c764,rescue_seed20270000,0,383.15,lowest G383.15 among eligible certificates; same geometry at all T,101325.0,1.0,100.0,0,1
Co_bipyridine_pnnoh_iPr|hydrogenated,Co_bipyridine_pnnoh_iPr,hydrogenated,298.15,-44573.504215022855,235.9437799476112,-44320.50417586289,173.92946947259196,165.144572673942,-44367.847701760125,1.894328445494145,kcal/mol,cal/(mol K),0,C18H24CoN2O2P,GFN2-xTB/ALPB toluene gsolv + qRRHO + 1M,data/campaign/thermochemistry/Co_bipyridine_pnnoh_iPr__hydrogenated/result.json,17bf4eecc8096015f95638b3e5e9e176eda8208edd074b10dcf697f39e67bc24,data/campaign/thermochemistry/Co_bipyridine_pnnoh_iPr__hydrogenated/result.json#/attempts/0/native_command,data/datasets/thermochemistry/export_protocol.json,data/campaign/thermochemistry/Co_bipyridine_pnnoh_iPr__hydrogenated/accepted_geometry.xyz,34f3b93f6ea744c3cb9723c70878d0cee728ba6d33f9f2ec0fff42d135a8d684,data/campaign/thermochemistry/Co_bipyridine_pnnoh_iPr__hydrogenated/hessian_00.npz,ae2959bb30ce657457797cb33eff0c1f8ab646ecde62f271d353516d6566f4ad,0,0,383.15,lowest G383.15 among eligible certificates; same geometry at all T,101325.0,1.0,100.0,0,1
Co_bipyridine_pnnoh_iPr|hydrogenated,Co_bipyridine_pnnoh_iPr,hydrogenated,340.0,-44573.504215022855,235.9437799476112,-44315.97772923023,188.11943672247634,178.258172494359,-44374.33653509395,2.248972784367174,kcal/mol,cal/(mol K),0,C18H24CoN2O2P,GFN2-xTB/ALPB toluene gsolv + qRRHO + 1M,data/campaign/thermochemistry/Co_bipyridine_pnnoh_iPr__hydrogenated/result.json,17bf4eecc8096015f95638b3e5e9e176eda8208edd074b10dcf697f39e67bc24,data/campaign/thermochemistry/Co_bipyridine_pnnoh_iPr__hydrogenated/result.json#/attempts/0/native_command,data/datasets/thermochemistry/export_protocol.json,data/campaign/thermochemistry/Co_bipyridine_pnnoh_iPr__hydrogenated/accepted_geometry.xyz,34f3b93f6ea744c3cb9723c70878d0cee728ba6d33f9f2ec0fff42d135a8d684,data/campaign/thermochemistry/Co_bipyridine_pnnoh_iPr__hydrogenated/hessian_00.npz,ae2959bb30ce657457797cb33eff0c1f8ab646ecde62f271d353516d6566f4ad,0,0,383.15,lowest G383.15 among eligible certificates; same geometry at all T,101325.0,1.0,100.0,0,1
Co_bipyridine_pnnoh_iPr|hydrogenated,Co_bipyridine_pnnoh_iPr,hydrogenated,350.0,-44573.504215022855,235.9437799476112,-44314.82549948635,191.45927954948783,181.35941840521394,-44375.9660154306,2.3352804975836268,kcal/mol,cal/(mol K),0,C18H24CoN2O2P,GFN2-xTB/ALPB toluene gsolv + qRRHO + 1M,data/campaign/thermochemistry/Co_bipyridine_pnnoh_iPr__hydrogenated/result.json,17bf4eecc8096015f95638b3e5e9e176eda8208edd074b10dcf697f39e67bc24,data/campaign/thermochemistry/Co_bipyridine_pnnoh_iPr__hydrogenated/result.json#/attempts/0/native_command,data/datasets/thermochemistry/export_protocol.json,data/campaign/thermochemistry/Co_bipyridine_pnnoh_iPr__hydrogenated/accepted_geometry.xyz,34f3b93f6ea744c3cb9723c70878d0cee728ba6d33f9f2ec0fff42d135a8d684,data/campaign/thermochemistry/Co_bipyridine_pnnoh_iPr__hydrogenated/hessian_00.npz,ae2959bb30ce657457797cb33eff0c1f8ab646ecde62f271d353516d6566f4ad,0,0,383.15,lowest G383.15 among eligible certificates; same geometry at all T,101325.0,1.0,100.0,0,1
Co_bipyridine_pnnoh_iPr|hydrogenated,Co_bipyridine_pnnoh_iPr,hydrogenated,360.0,-44573.504215022855,235.9437799476112,-44313.64668243982,194.77993588799671,184.447875060003,-44377.625761400705,2.422156060718619,kcal/mol,cal/(mol K),0,C18H24CoN2O2P,GFN2-xTB/ALPB toluene gsolv + qRRHO + 1M,data/campaign/thermochemistry/Co_bipyridine_pnnoh_iPr__hydrogenated/result.json,17bf4eecc8096015f95638b3e5e9e176eda8208edd074b10dcf697f39e67bc24,data/campaign/thermochemistry/Co_bipyridine_pnnoh_iPr__hydrogenated/result.json#/attempts/0/native_command,data/datasets/thermochemistry/export_protocol.json,data/campaign/thermochemistry/Co_bipyridine_pnnoh_iPr__hydrogenated/accepted_geometry.xyz,34f3b93f6ea744c3cb9723c70878d0cee728ba6d33f9f2ec0fff42d135a8d684,data/campaign/thermochemistry/Co_bipyridine_pnnoh_iPr__hydrogenated/hessian_00.npz,ae2959bb30ce657457797cb33eff0c1f8ab646ecde62f271d353516d6566f4ad,0,0,383.15,lowest G383.15 among eligible certificates; same geometry at all T,101325.0,1.0,100.0,0,1
Co_bipyridine_pnnoh_iPr|hydrogenated,Co_bipyridine_pnnoh_iPr,hydrogenated,370.0,-44573.504215022855,235.9437799476112,-44312.44163931879,198.08146752612026,187.52327780571022,-44379.31566841086,2.509583696046293,kcal/mol,cal/(mol K),0,C18H24CoN2O2P,GFN2-xTB/ALPB toluene gsolv + qRRHO + 1M,data/campaign/thermochemistry/Co_bipyridine_pnnoh_iPr__hydrogenated/result.json,17bf4eecc8096015f95638b3e5e9e176eda8208edd074b10dcf697f39e67bc24,data/campaign/thermochemistry/Co_bipyridine_pnnoh_iPr__hydrogenated/result.json#/attempts/0/native_command,data/datasets/thermochemistry/export_protocol.json,data/campaign/thermochemistry/Co_bipyridine_pnnoh_iPr__hydrogenated/accepted_geometry.xyz,34f3b93f6ea744c3cb9723c70878d0cee728ba6d33f9f2ec0fff42d135a8d684,data/campaign/thermochemistry/Co_bipyridine_pnnoh_iPr__hydrogenated/hessian_00.npz,ae2959bb30ce657457797cb33eff0c1f8ab646ecde62f271d353516d6566f4ad,0,0,383.15,lowest G383.15 among eligible certificates; same geometry at all T,101325.0,1.0,100.0,0,1
Co_bipyridine_pnnoh_iPr|hydrogenated,Co_bipyridine_pnnoh_iPr,hydrogenated,380.0,-44573.504215022855,235.9437799476112,-44311.21074990938,201.36388179135778,190.58533131717053,-44381.0356273309,2.597548479011341,kcal/mol,cal/(mol K),0,C18H24CoN2O2P,GFN2-xTB/ALPB toluene gsolv + qRRHO + 1M,data/campaign/thermochemistry/Co_bipyridine_pnnoh_iPr__hydrogenated/result.json,17bf4eecc8096015f95638b3e5e9e176eda8208edd074b10dcf697f39e67bc24,data/campaign/thermochemistry/Co_bipyridine_pnnoh_iPr__hydrogenated/result.json#/attempts/0/native_command,data/datasets/thermochemistry/export_protocol.json,data/campaign/thermochemistry/Co_bipyridine_pnnoh_iPr__hydrogenated/accepted_geometry.xyz,34f3b93f6ea744c3cb9723c70878d0cee728ba6d33f9f2ec0fff42d135a8d684,data/campaign/thermochemistry/Co_bipyridine_pnnoh_iPr__hydrogenated/hessian_00.npz,ae2959bb30ce657457797cb33eff0c1f8ab646ecde62f271d353516d6566f4ad,0,0,383.15,lowest G383.15 among eligible certificates; same geometry at all T,101325.0,1.0,100.0,0,1
Co_bipyridine_pnnoh_iPr|hydrogenated,Co_bipyridine_pnnoh_iPr,hydrogenated,383.15,-44573.504215022855,235.9437799476112,-44310.81772951278,202.3938782418559,191.5470633097336,-44381.58362046433,2.625366355574337,kcal/mol,cal/(mol K),0,C18H24CoN2O2P,GFN2-xTB/ALPB toluene gsolv + qRRHO + 1M,data/campaign/thermochemistry/Co_bipyridine_pnnoh_iPr__hydrogenated/result.json,17bf4eecc8096015f95638b3e5e9e176eda8208edd074b10dcf697f39e67bc24,data/campaign/thermochemistry/Co_bipyridine_pnnoh_iPr__hydrogenated/result.json#/attempts/0/native_command,data/datasets/thermochemistry/export_protocol.json,data/campaign/thermochemistry/Co_bipyridine_pnnoh_iPr__hydrogenated/accepted_geometry.xyz,34f3b93f6ea744c3cb9723c70878d0cee728ba6d33f9f2ec0fff42d135a8d684,data/campaign/thermochemistry/Co_bipyridine_pnnoh_iPr__hydrogenated/hessian_00.npz,ae2959bb30ce657457797cb33eff0c1f8ab646ecde62f271d353516d6566f4ad,0,0,383.15,lowest G383.15 among eligible certificates; same geometry at all T,101325.0,1.0,100.0,0,1
Co_bipyridine_pnnoh_iPr|hydrogenated,Co_bipyridine_pnnoh_iPr,hydrogenated,390.0,-44573.504215022855,235.9437799476112,-44309.95440993578,204.62714401745117,193.6337198662082,-44382.785524412764,2.686036270841015,kcal/mol,cal/(mol K),0,C18H24CoN2O2P,GFN2-xTB/ALPB toluene gsolv + qRRHO + 1M,data/campaign/thermochemistry/Co_bipyridine_pnnoh_iPr__hydrogenated/result.json,17bf4eecc8096015f95638b3e5e9e176eda8208edd074b10dcf697f39e67bc24,data/campaign/thermochemistry/Co_bipyridine_pnnoh_iPr__hydrogenated/result.json#/attempts/0/native_command,data/datasets/thermochemistry/export_protocol.json,data/campaign/thermochemistry/Co_bipyridine_pnnoh_iPr__hydrogenated/accepted_geometry.xyz,34f3b93f6ea744c3cb9723c70878d0cee728ba6d33f9f2ec0fff42d135a8d684,data/campaign/thermochemistry/Co_bipyridine_pnnoh_iPr__hydrogenated/hessian_00.npz,ae2959bb30ce657457797cb33eff0c1f8ab646ecde62f271d353516d6566f4ad,0,0,383.15,lowest G383.15 among eligible certificates; same geometry at all T,101325.0,1.0,100.0,0,1
Co_bipyridine_pnnoh_iPr|hydrogenated,Co_bipyridine_pnnoh_iPr,hydrogenated,400.0,-44573.504215022855,235.9437799476112,-44308.6730284484,207.8711884125119,196.66811623253147,-44384.565241283344,2.775033658072708,kcal/mol,cal/(mol K),0,C18H24CoN2O2P,GFN2-xTB/ALPB toluene gsolv + qRRHO + 1M,data/campaign/thermochemistry/Co_bipyridine_pnnoh_iPr__hydrogenated/result.json,17bf4eecc8096015f95638b3e5e9e176eda8208edd074b10dcf697f39e67bc24,data/campaign/thermochemistry/Co_bipyridine_pnnoh_iPr__hydrogenated/result.json#/attempts/0/native_command,data/datasets/thermochemistry/export_protocol.json,data/campaign/thermochemistry/Co_bipyridine_pnnoh_iPr__hydrogenated/accepted_geometry.xyz,34f3b93f6ea744c3cb9723c70878d0cee728ba6d33f9f2ec0fff42d135a8d684,data/campaign/thermochemistry/Co_bipyridine_pnnoh_iPr__hydrogenated/hessian_00.npz,ae2959bb30ce657457797cb33eff0c1f8ab646ecde62f271d353516d6566f4ad,0,0,383.15,lowest G383.15 among eligible certificates; same geometry at all T,101325.0,1.0,100.0,0,1
Co_bipyridine_pnnoh_iPr|hydrogenated,Co_bipyridine_pnnoh_iPr,hydrogenated,410.0,-44573.504215022855,235.9437799476112,-44307.36702527758,211.0959274231711,199.68818932142074,-44386.37465500122,2.8645278981321125,kcal/mol,cal/(mol K),0,C18H24CoN2O2P,GFN2-xTB/ALPB toluene gsolv + qRRHO + 1M,data/campaign/thermochemistry/Co_bipyridine_pnnoh_iPr__hydrogenated/result.json,17bf4eecc8096015f95638b3e5e9e176eda8208edd074b10dcf697f39e67bc24,data/campaign/thermochemistry/Co_bipyridine_pnnoh_iPr__hydrogenated/result.json#/attempts/0/native_command,data/datasets/thermochemistry/export_protocol.json,data/campaign/thermochemistry/Co_bipyridine_pnnoh_iPr__hydrogenated/accepted_geometry.xyz,34f3b93f6ea744c3cb9723c70878d0cee728ba6d33f9f2ec0fff42d135a8d684,data/campaign/thermochemistry/Co_bipyridine_pnnoh_iPr__hydrogenated/hessian_00.npz,ae2959bb30ce657457797cb33eff0c1f8ab646ecde62f271d353516d6566f4ad,0,0,383.15,lowest G383.15 among eligible certificates; same geometry at all T,101325.0,1.0,100.0,0,1
Co_bipyridine_pnnoh_iPr|hydrogenated,Co_bipyridine_pnnoh_iPr,hydrogenated,420.0,-44573.504215022855,235.9437799476112,-44306.03682859699,214.30125970610823,202.6936105738243,-44388.21363816778,2.954506870223601,kcal/mol,cal/(mol K),0,C18H24CoN2O2P,GFN2-xTB/ALPB toluene gsolv + qRRHO + 1M,data/campaign/thermochemistry/Co_bipyridine_pnnoh_iPr__hydrogenated/result.json,17bf4eecc8096015f95638b3e5e9e176eda8208edd074b10dcf697f39e67bc24,data/campaign/thermochemistry/Co_bipyridine_pnnoh_iPr__hydrogenated/result.json#/attempts/0/native_command,data/datasets/thermochemistry/export_protocol.json,data/campaign/thermochemistry/Co_bipyridine_pnnoh_iPr__hydrogenated/accepted_geometry.xyz,34f3b93f6ea744c3cb9723c70878d0cee728ba6d33f9f2ec0fff42d135a8d684,data/campaign/thermochemistry/Co_bipyridine_pnnoh_iPr__hydrogenated/hessian_00.npz,ae2959bb30ce657457797cb33eff0c1f8ab646ecde62f271d353516d6566f4ad,0,0,383.15,lowest G383.15 among eligible certificates; same geometry at all T,101325.0,1.0,100.0,0,1
Co_bipyridine_pnnoh_iPr|hydrogenated,Co_bipyridine_pnnoh_iPr,hydrogenated,430.0,-44573.504215022855,235.9437799476112,-44304.68287262892,217.48707682767474,205.68405926726916,-44390.082059082946,3.044959030900024,kcal/mol,cal/(mol K),0,C18H24CoN2O2P,GFN2-xTB/ALPB toluene gsolv + qRRHO + 1M,data/campaign/thermochemistry/Co_bipyridine_pnnoh_iPr__hydrogenated/result.json,17bf4eecc8096015f95638b3e5e9e176eda8208edd074b10dcf697f39e67bc24,data/campaign/thermochemistry/Co_bipyridine_pnnoh_iPr__hydrogenated/result.json#/attempts/0/native_command,data/datasets/thermochemistry/export_protocol.json,data/campaign/thermochemistry/Co_bipyridine_pnnoh_iPr__hydrogenated/accepted_geometry.xyz,34f3b93f6ea744c3cb9723c70878d0cee728ba6d33f9f2ec0fff42d135a8d684,data/campaign/thermochemistry/Co_bipyridine_pnnoh_iPr__hydrogenated/hessian_00.npz,ae2959bb30ce657457797cb33eff0c1f8ab646ecde62f271d353516d6566f4ad,0,0,383.15,lowest G383.15 among eligible certificates; same geometry at all T,101325.0,1.0,100.0,0,1
Co_bipyridine_pnnoh_iPr|hydrogenated,Co_bipyridine_pnnoh_iPr,hydrogenated,440.0,-44573.504215022855,235.9437799476112,-44303.30559551361,220.6532688159987,208.65922681261333,-44391.97978193739,3.135873373767528,kcal/mol,cal/(mol K),0,C18H24CoN2O2P,GFN2-xTB/ALPB toluene gsolv + qRRHO + 1M,data/campaign/thermochemistry/Co_bipyridine_pnnoh_iPr__hydrogenated/result.json,17bf4eecc8096015f95638b3e5e9e176eda8208edd074b10dcf697f39e67bc24,data/campaign/thermochemistry/Co_bipyridine_pnnoh_iPr__hydrogenated/result.json#/attempts/0/native_command,data/datasets/thermochemistry/export_protocol.json,data/campaign/thermochemistry/Co_bipyridine_pnnoh_iPr__hydrogenated/accepted_geometry.xyz,34f3b93f6ea744c3cb9723c70878d0cee728ba6d33f9f2ec0fff42d135a8d684,data/campaign/thermochemistry/Co_bipyridine_pnnoh_iPr__hydrogenated/hessian_00.npz,ae2959bb30ce657457797cb33eff0c1f8ab646ecde62f271d353516d6566f4ad,0,0,383.15,lowest G383.15 among eligible certificates; same geometry at all T,101325.0,1.0,100.0,0,1
Co_bipyridine_pnnoh_iPr|protonated_reference,Co_bipyridine_pnnoh_iPr,protonated_reference,298.15,-44050.11853563308,232.44456455359162,-43800.95663769135,171.21129241423225,163.22734063849066,-43847.72854085722,1.894328445494145,kcal/mol,cal/(mol K),1,C18H23CoN2O2P,GFN2-xTB/ALPB toluene gsolv + qRRHO + 1M,data/campaign/thermochemistry/Co_bipyridine_pnnoh_iPr__protonated_reference/result.json,fd94c88ff5065fcf54e4a99364c177d9e626864679a416e7dcf6eaf1bc743856,data/campaign/thermochemistry/Co_bipyridine_pnnoh_iPr__protonated_reference/result.json#/attempts/0/native_command,data/datasets/thermochemistry/export_protocol.json,data/campaign/thermochemistry/Co_bipyridine_pnnoh_iPr__protonated_reference/accepted_geometry.xyz,bed89509a0514ec43d3f561e84c107a03c6e7a9a5d629f71bd82d79eef6ca371,data/campaign/thermochemistry/Co_bipyridine_pnnoh_iPr__protonated_reference/hessian_00.npz,b18092e10d103422f9c90ebefea204d53d63ec7cc492514638c32269b6f1ddbc,1,0,383.15,lowest G383.15 among eligible certificates; same geometry at all T,101325.0,1.0,100.0,0,1
Co_bipyridine_pnnoh_iPr|protonated_reference,Co_bipyridine_pnnoh_iPr,protonated_reference,340.0,-44050.11853563308,232.44456455359162,-43796.53667911038,185.06751659316427,176.06990733341536,-43854.15147481938,2.248972784367174,kcal/mol,cal/(mol K),1,C18H23CoN2O2P,GFN2-xTB/ALPB toluene gsolv + qRRHO + 1M,data/campaign/thermochemistry/Co_bipyridine_pnnoh_iPr__protonated_reference/result.json,fd94c88ff5065fcf54e4a99364c177d9e626864679a416e7dcf6eaf1bc743856,data/campaign/thermochemistry/Co_bipyridine_pnnoh_iPr__protonated_reference/result.json#/attempts/0/native_command,data/datasets/thermochemistry/export_protocol.json,data/campaign/thermochemistry/Co_bipyridine_pnnoh_iPr__protonated_reference/accepted_geometry.xyz,bed89509a0514ec43d3f561e84c107a03c6e7a9a5d629f71bd82d79eef6ca371,data/campaign/thermochemistry/Co_bipyridine_pnnoh_iPr__protonated_reference/hessian_00.npz,b18092e10d103422f9c90ebefea204d53d63ec7cc492514638c32269b6f1ddbc,1,0,383.15,lowest G383.15 among eligible certificates; same geometry at all T,101325.0,1.0,100.0,0,1
Co_bipyridine_pnnoh_iPr|protonated_reference,Co_bipyridine_pnnoh_iPr,protonated_reference,350.0,-44050.11853563308,232.44456455359162,-43795.411888732226,188.32782461419615,179.10544197387676,-43855.7635129255,2.3352804975836268,kcal/mol,cal/(mol K),1,C18H23CoN2O2P,GFN2-xTB/ALPB toluene gsolv + qRRHO + 1M,data/campaign/thermochemistry/Co_bipyridine_pnnoh_iPr__protonated_reference/result.json,fd94c88ff5065fcf54e4a99364c177d9e626864679a416e7dcf6eaf1bc743856,data/campaign/thermochemistry/Co_bipyridine_pnnoh_iPr__protonated_reference/result.json#/attempts/0/native_command,data/datasets/thermochemistry/export_protocol.json,data/campaign/thermochemistry/Co_bipyridine_pnnoh_iPr__protonated_reference/accepted_geometry.xyz,bed89509a0514ec43d3f561e84c107a03c6e7a9a5d629f71bd82d79eef6ca371,data/campaign/thermochemistry/Co_bipyridine_pnnoh_iPr__protonated_reference/hessian_00.npz,b18092e10d103422f9c90ebefea204d53d63ec7cc492514638c32269b6f1ddbc,1,0,383.15,lowest G383.15 among eligible certificates; same geometry at all T,101325.0,1.0,100.0,0,1
Co_bipyridine_pnnoh_iPr|protonated_reference,Co_bipyridine_pnnoh_iPr,protonated_reference,360.0,-44050.11853563308,232.44456455359162,-43794.26123779944,191.56913928350602,182.12798624019985,-43857.40515678519,2.422156060718619,kcal/mol,cal/(mol K),1,C18H23CoN2O2P,GFN2-xTB/ALPB toluene gsolv + qRRHO + 1M,data/campaign/thermochemistry/Co_bipyridine_pnnoh_iPr__protonated_reference/result.json,fd94c88ff5065fcf54e4a99364c177d9e626864679a416e7dcf6eaf1bc743856,data/campaign/thermochemistry/Co_bipyridine_pnnoh_iPr__protonated_reference/result.json#/attempts/0/native_command,data/datasets/thermochemistry/export_protocol.json,data/campaign/thermochemistry/Co_bipyridine_pnnoh_iPr__protonated_reference/accepted_geometry.xyz,bed89509a0514ec43d3f561e84c107a03c6e7a9a5d629f71bd82d79eef6ca371,data/campaign/thermochemistry/Co_bipyridine_pnnoh_iPr__protonated_reference/hessian_00.npz,b18092e10d103422f9c90ebefea204d53d63ec7cc492514638c32269b6f1ddbc,1,0,383.15,lowest G383.15 among eligible certificates; same geometry at all T,101325.0,1.0,100.0,0,1
Co_bipyridine_pnnoh_iPr|protonated_reference,Co_bipyridine_pnnoh_iPr,protonated_reference,370.0,-44050.11853563308,232.44456455359162,-43793.085068847,194.79156303455548,185.13733813742454,-43859.076300261804,2.509583696046293,kcal/mol,cal/(mol K),1,C18H23CoN2O2P,GFN2-xTB/ALPB toluene gsolv + qRRHO + 1M,data/campaign/thermochemistry/Co_bipyridine_pnnoh_iPr__protonated_reference/result.json,fd94c88ff5065fcf54e4a99364c177d9e626864679a416e7dcf6eaf1bc743856,data/campaign/thermochemistry/Co_bipyridine_pnnoh_iPr__protonated_reference/result.json#/attempts/0/native_command,data/datasets/thermochemistry/export_protocol.json,data/campaign/thermochemistry/Co_bipyridine_pnnoh_iPr__protonated_reference/accepted_geometry.xyz,bed89509a0514ec43d3f561e84c107a03c6e7a9a5d629f71bd82d79eef6ca371,data/campaign/thermochemistry/Co_bipyridine_pnnoh_iPr__protonated_reference/hessian_00.npz,b18092e10d103422f9c90ebefea204d53d63ec7cc492514638c32269b6f1ddbc,1,0,383.15,lowest G383.15 among eligible certificates; same geometry at all T,101325.0,1.0,100.0,0,1
Co_bipyridine_pnnoh_iPr|protonated_reference,Co_bipyridine_pnnoh_iPr,protonated_reference,380.0,-44050.11853563308,232.44456455359162,-43791.883743883016,197.99513814622313,188.13325749931315,-43860.776833253745,2.597548479011341,kcal/mol,cal/(mol K),1,C18H23CoN2O2P,GFN2-xTB/ALPB toluene gsolv + qRRHO + 1M,data/campaign/thermochemistry/Co_bipyridine_pnnoh_iPr__protonated_reference/result.json,fd94c88ff5065fcf54e4a99364c177d9e626864679a416e7dcf6eaf1bc743856,data/campaign/thermochemistry/Co_bipyridine_pnnoh_iPr__protonated_reference/result.json#/attempts/0/native_command,data/datasets/thermochemistry/export_protocol.json,data/campaign/thermochemistry/Co_bipyridine_pnnoh_iPr__protonated_reference/accepted_geometry.xyz,bed89509a0514ec43d3f561e84c107a03c6e7a9a5d629f71bd82d79eef6ca371,data/campaign/thermochemistry/Co_bipyridine_pnnoh_iPr__protonated_reference/hessian_00.npz,b18092e10d103422f9c90ebefea204d53d63ec7cc492514638c32269b6f1ddbc,1,0,383.15,lowest G383.15 among eligible certificates; same geometry at all T,101325.0,1.0,100.0,0,1
Co_bipyridine_pnnoh_iPr|protonated_reference,Co_bipyridine_pnnoh_iPr,protonated_reference,383.15,-44050.11853563308,232.44456455359162,-43791.50017652089,199.0003608500709,189.07414792366205,-43861.31856994226,2.625366355574337,kcal/mol,cal/(mol K),1,C18H23CoN2O2P,GFN2-xTB/ALPB toluene gsolv + qRRHO + 1M,data/campaign/thermochemistry/Co_bipyridine_pnnoh_iPr__protonated_reference/result.json,fd94c88ff5065fcf54e4a99364c177d9e626864679a416e7dcf6eaf1bc743856,data/campaign/thermochemistry/Co_bipyridine_pnnoh_iPr__protonated_reference/result.json#/attempts/0/native_command,data/datasets/thermochemistry/export_protocol.json,data/campaign/thermochemistry/Co_bipyridine_pnnoh_iPr__protonated_reference/accepted_geometry.xyz,bed89509a0514ec43d3f561e84c107a03c6e7a9a5d629f71bd82d79eef6ca371,data/campaign/thermochemistry/Co_bipyridine_pnnoh_iPr__protonated_reference/hessian_00.npz,b18092e10d103422f9c90ebefea204d53d63ec7cc492514638c32269b6f1ddbc,1,0,383.15,lowest G383.15 among eligible certificates; same geometry at all T,101325.0,1.0,100.0,0,1
Co_bipyridine_pnnoh_iPr|protonated_reference,Co_bipyridine_pnnoh_iPr,protonated_reference,390.0,-44050.11853563308,232.44456455359162,-43790.65764167565,201.1798600433705,191.1154772844413,-43862.50664154574,2.686036270841015,kcal/mol,cal/(mol K),1,C18H23CoN2O2P,GFN2-xTB/ALPB toluene gsolv + qRRHO + 1M,data/campaign/thermochemistry/Co_bipyridine_pnnoh_iPr__protonated_reference/result.json,fd94c88ff5065fcf54e4a99364c177d9e626864679a416e7dcf6eaf1bc743856,data/campaign/thermochemistry/Co_bipyridine_pnnoh_iPr__protonated_reference/result.json#/attempts/0/native_command,data/datasets/thermochemistry/export_protocol.json,data/campaign/thermochemistry/Co_bipyridine_pnnoh_iPr__protonated_reference/accepted_geometry.xyz,bed89509a0514ec43d3f561e84c107a03c6e7a9a5d629f71bd82d79eef6ca371,data/campaign/thermochemistry/Co_bipyridine_pnnoh_iPr__protonated_reference/hessian_00.npz,b18092e10d103422f9c90ebefea204d53d63ec7cc492514638c32269b6f1ddbc,1,0,383.15,lowest G383.15 among eligible certificates; same geometry at all T,101325.0,1.0,100.0,0,1
Co_bipyridine_pnnoh_iPr|protonated_reference,Co_bipyridine_pnnoh_iPr,protonated_reference,400.0,-44050.11853563308,232.44456455359162,-43789.407155052206,204.34568888293174,194.08371337299556,-43864.265606743335,2.775033658072708,kcal/mol,cal/(mol K),1,C18H23CoN2O2P,GFN2-xTB/ALPB toluene gsolv + qRRHO + 1M,data/campaign/thermochemistry/Co_bipyridine_pnnoh_iPr__protonated_reference/result.json,fd94c88ff5065fcf54e4a99364c177d9e626864679a416e7dcf6eaf1bc743856,data/campaign/thermochemistry/Co_bipyridine_pnnoh_iPr__protonated_reference/result.json#/attempts/0/native_command,data/datasets/thermochemistry/export_protocol.json,data/campaign/thermochemistry/Co_bipyridine_pnnoh_iPr__protonated_reference/accepted_geometry.xyz,bed89509a0514ec43d3f561e84c107a03c6e7a9a5d629f71bd82d79eef6ca371,data/campaign/thermochemistry/Co_bipyridine_pnnoh_iPr__protonated_reference/hessian_00.npz,b18092e10d103422f9c90ebefea204d53d63ec7cc492514638c32269b6f1ddbc,1,0,383.15,lowest G383.15 among eligible certificates; same geometry at all T,101325.0,1.0,100.0,0,1
Co_bipyridine_pnnoh_iPr|protonated_reference,Co_bipyridine_pnnoh_iPr,protonated_reference,410.0,-44050.11853563308,232.44456455359162,-43788.1326882702,207.4925595314872,197.03767294440635,-43866.05360627927,2.8645278981321125,kcal/mol,cal/(mol K),1,C18H23CoN2O2P,GFN2-xTB/ALPB toluene gsolv + qRRHO + 1M,data/campaign/thermochemistry/Co_bipyridine_pnnoh_iPr__protonated_reference/result.json,fd94c88ff5065fcf54e4a99364c177d9e626864679a416e7dcf6eaf1bc743856,data/campaign/thermochemistry/Co_bipyridine_pnnoh_iPr__protonated_reference/result.json#/attempts/0/native_command,data/datasets/thermochemistry/export_protocol.json,data/campaign/thermochemistry/Co_bipyridine_pnnoh_iPr__protonated_reference/accepted_geometry.xyz,bed89509a0514ec43d3f561e84c107a03c6e7a9a5d629f71bd82d79eef6ca371,data/campaign/thermochemistry/Co_bipyridine_pnnoh_iPr__protonated_reference/hessian_00.npz,b18092e10d103422f9c90ebefea204d53d63ec7cc492514638c32269b6f1ddbc,1,0,383.15,lowest G383.15 among eligible certificates; same geometry at all T,101325.0,1.0,100.0,0,1
Co_bipyridine_pnnoh_iPr|protonated_reference,Co_bipyridine_pnnoh_iPr,protonated_reference,420.0,-44050.11853563308,232.44456455359162,-43786.83465450584,210.62039005752365,199.9770615364879,-43867.87051348094,2.954506870223601,kcal/mol,cal/(mol K),1,C18H23CoN2O2P,GFN2-xTB/ALPB toluene gsolv + qRRHO + 1M,data/campaign/thermochemistry/Co_bipyridine_pnnoh_iPr__protonated_reference/result.json,fd94c88ff5065fcf54e4a99364c177d9e626864679a416e7dcf6eaf1bc743856,data/campaign/thermochemistry/Co_bipyridine_pnnoh_iPr__protonated_reference/result.json#/attempts/0/native_command,data/datasets/thermochemistry/export_protocol.json,data/campaign/thermochemistry/Co_bipyridine_pnnoh_iPr__protonated_reference/accepted_geometry.xyz,bed89509a0514ec43d3f561e84c107a03c6e7a9a5d629f71bd82d79eef6ca371,data/campaign/thermochemistry/Co_bipyridine_pnnoh_iPr__protonated_reference/hessian_00.npz,b18092e10d103422f9c90ebefea204d53d63ec7cc492514638c32269b6f1ddbc,1,0,383.15,lowest G383.15 among eligible certificates; same geometry at all T,101325.0,1.0,100.0,0,1
Co_bipyridine_pnnoh_iPr|protonated_reference,Co_bipyridine_pnnoh_iPr,protonated_reference,430.0,-44050.11853563308,232.44456455359162,-43785.513473492836,213.72908887079072,202.9015888988436,-43869.71619768844,3.044959030900024,kcal/mol,cal/(mol K),1,C18H23CoN2O2P,GFN2-xTB/ALPB toluene gsolv + qRRHO + 1M,data/campaign/thermochemistry/Co_bipyridine_pnnoh_iPr__protonated_reference/result.json,fd94c88ff5065fcf54e4a99364c177d9e626864679a416e7dcf6eaf1bc743856,data/campaign/thermochemistry/Co_bipyridine_pnnoh_iPr__protonated_reference/result.json#/attempts/0/native_command,data/datasets/thermochemistry/export_protocol.json,data/campaign/thermochemistry/Co_bipyridine_pnnoh_iPr__protonated_reference/accepted_geometry.xyz,bed89509a0514ec43d3f561e84c107a03c6e7a9a5d629f71bd82d79eef6ca371,data/campaign/thermochemistry/Co_bipyridine_pnnoh_iPr__protonated_reference/hessian_00.npz,b18092e10d103422f9c90ebefea204d53d63ec7cc492514638c32269b6f1ddbc,1,0,383.15,lowest G383.15 among eligible certificates; same geometry at all T,101325.0,1.0,100.0,0,1
Co_bipyridine_pnnoh_iPr|protonated_reference,Co_bipyridine_pnnoh_iPr,protonated_reference,440.0,-44050.11853563308,232.44456455359162,-43784.169569333695,216.8185606441915,205.8109737588328,-43871.59052441382,3.135873373767528,kcal/mol,cal/(mol K),1,C18H23CoN2O2P,GFN2-xTB/ALPB toluene gsolv + qRRHO + 1M,data/campaign/thermochemistry/Co_bipyridine_pnnoh_iPr__protonated_reference/result.json,fd94c88ff5065fcf54e4a99364c177d9e626864679a416e7dcf6eaf1bc743856,data/campaign/thermochemistry/Co_bipyridine_pnnoh_iPr__protonated_reference/result.json#/attempts/0/native_command,data/datasets/thermochemistry/export_protocol.json,data/campaign/thermochemistry/Co_bipyridine_pnnoh_iPr__protonated_reference/accepted_geometry.xyz,bed89509a0514ec43d3f561e84c107a03c6e7a9a5d629f71bd82d79eef6ca371,data/campaign/thermochemistry/Co_bipyridine_pnnoh_iPr__protonated_reference/hessian_00.npz,b18092e10d103422f9c90ebefea204d53d63ec7cc492514638c32269b6f1ddbc,1,0,383.15,lowest G383.15 among eligible certificates; same geometry at all T,101325.0,1.0,100.0,0,1
Co_macho_pnp_Ph|active,Co_macho_pnp_Ph,active,298.15,-57774.11502081231,299.1233591168625,-57453.43831942614,220.81959342187443,199.30509215275922,-57510.96680420599,1.894328445494145,kcal/mol,cal/(mol K),0,C29H28CoNOP2,GFN2-xTB/ALPB toluene gsolv + qRRHO + 1M,data/campaign/thermochemistry/Co_macho_pnp_Ph__active/result.json,f55b53a63bdbaea17390261eaa57ae2b43048a7594eae81e79c47951979ae480,data/campaign/thermochemistry/Co_macho_pnp_Ph__active/result.json#/attempts/0/native_command,data/datasets/thermochemistry/export_protocol.json,data/campaign/thermochemistry/Co_macho_pnp_Ph__active/accepted_geometry.xyz,c45a6445213eef391df5a721a1d920025855c13b32205588b88eeb027ce4b6ee,data/campaign/thermochemistry/Co_macho_pnp_Ph__active/hessian_00.npz,57d71fa8d3dba464220bebcb22972b76f7658f7f270c9fb40fb1f36af51d924e,0,0,383.15,lowest G383.15 among eligible certificates; same geometry at all T,101325.0,1.0,100.0,0,1
Co_macho_pnp_Ph|active,Co_macho_pnp_Ph,active,340.0,-57774.11502081231,299.1233591168625,-57447.691444229546,238.83335240730938,215.43946893138056,-57518.69189088185,2.248972784367174,kcal/mol,cal/(mol K),0,C29H28CoNOP2,GFN2-xTB/ALPB toluene gsolv + qRRHO + 1M,data/campaign/thermochemistry/Co_macho_pnp_Ph__active/result.json,f55b53a63bdbaea17390261eaa57ae2b43048a7594eae81e79c47951979ae480,data/campaign/thermochemistry/Co_macho_pnp_Ph__active/result.json#/attempts/0/native_command,data/datasets/thermochemistry/export_protocol.json,data/campaign/thermochemistry/Co_macho_pnp_Ph__active/accepted_geometry.xyz,c45a6445213eef391df5a721a1d920025855c13b32205588b88eeb027ce4b6ee,data/campaign/thermochemistry/Co_macho_pnp_Ph__active/hessian_00.npz,57d71fa8d3dba464220bebcb22972b76f7658f7f270c9fb40fb1f36af51d924e,0,0,383.15,lowest G383.15 among eligible certificates; same geometry at all T,101325.0,1.0,100.0,0,1
Co_macho_pnp_Ph|active,Co_macho_pnp_Ph,active,350.0,-57774.11502081231,299.1233591168625,-57446.219441017325,243.10006512166515,219.2903043725392,-57520.63576705013,2.3352804975836268,kcal/mol,cal/(mol K),0,C29H28CoNOP2,GFN2-xTB/ALPB toluene gsolv + qRRHO + 1M,data/campaign/thermochemistry/Co_macho_pnp_Ph__active/result.json,f55b53a63bdbaea17390261eaa57ae2b43048a7594eae81e79c47951979ae480,data/campaign/thermochemistry/Co_macho_pnp_Ph__active/result.json#/attempts/0/native_command,data/datasets/thermochemistry/export_protocol.json,data/campaign/thermochemistry/Co_macho_pnp_Ph__active/accepted_geometry.xyz,c45a6445213eef391df5a721a1d920025855c13b32205588b88eeb027ce4b6ee,data/campaign/thermochemistry/Co_macho_pnp_Ph__active/hessian_00.npz,57d71fa8d3dba464220bebcb22972b76f7658f7f270c9fb40fb1f36af51d924e,0,0,383.15,lowest G383.15 among eligible certificates; same geometry at all T,101325.0,1.0,100.0,0,1
Co_macho_pnp_Ph|active,Co_macho_pnp_Ph,active,360.0,-57774.11502081231,299.1233591168625,-57444.710273853925,247.35127731932832,223.1370113952271,-57522.61744189549,2.422156060718619,kcal/mol,cal/(mol K),0,C29H28CoNOP2,GFN2-xTB/ALPB toluene gsolv + qRRHO + 1M,data/campaign/thermochemistry/Co_macho_pnp_Ph__active/result.json,f55b53a63bdbaea17390261eaa57ae2b43048a7594eae81e79c47951979ae480,data/campaign/thermochemistry/Co_macho_pnp_Ph__active/result.json#/attempts/0/native_command,data/datasets/thermochemistry/export_protocol.json,data/campaign/thermochemistry/Co_macho_pnp_Ph__active/accepted_geometry.xyz,c45a6445213eef391df5a721a1d920025855c13b32205588b88eeb027ce4b6ee,data/campaign/thermochemistry/Co_macho_pnp_Ph__active/hessian_00.npz,57d71fa8d3dba464220bebcb22972b76f7658f7f270c9fb40fb1f36af51d924e,0,0,383.15,lowest G383.15 among eligible certificates; same geometry at all T,101325.0,1.0,100.0,0,1
Co_macho_pnp_Ph|active,Co_macho_pnp_Ph,active,370.0,-57774.11502081231,299.1233591168625,-57443.16447812668,251.58637164239872,226.97837483085593,-57524.63689311805,2.509583696046293,kcal/mol,cal/(mol K),0,C29H28CoNOP2,GFN2-xTB/ALPB toluene gsolv + qRRHO + 1M,data/campaign/thermochemistry/Co_macho_pnp_Ph__active/result.json,f55b53a63bdbaea17390261eaa57ae2b43048a7594eae81e79c47951979ae480,data/campaign/thermochemistry/Co_macho_pnp_Ph__active/result.json#/attempts/0/native_command,data/datasets/thermochemistry/export_protocol.json,data/campaign/thermochemistry/Co_macho_pnp_Ph__active/accepted_geometry.xyz,c45a6445213eef391df5a721a1d920025855c13b32205588b88eeb027ce4b6ee,data/campaign/thermochemistry/Co_macho_pnp_Ph__active/hessian_00.npz,57d71fa8d3dba464220bebcb22972b76f7658f7f270c9fb40fb1f36af51d924e,0,0,383.15,lowest G383.15 among eligible certificates; same geometry at all T,101325.0,1.0,100.0,0,1
Co_macho_pnp_Ph|active,Co_macho_pnp_Ph,active,380.0,-57774.11502081231,299.1233591168625,-57441.582622416136,255.8046915608523,230.8131857297951,-57526.69408451445,2.597548479011341,kcal/mol,cal/(mol K),0,C29H28CoNOP2,GFN2-xTB/ALPB toluene gsolv + qRRHO + 1M,data/campaign/thermochemistry/Co_macho_pnp_Ph__active/result.json,f55b53a63bdbaea17390261eaa57ae2b43048a7594eae81e79c47951979ae480,data/campaign/thermochemistry/Co_macho_pnp_Ph__active/result.json#/attempts/0/native_command,data/datasets/thermochemistry/export_protocol.json,data/campaign/thermochemistry/Co_macho_pnp_Ph__active/accepted_geometry.xyz,c45a6445213eef391df5a721a1d920025855c13b32205588b88eeb027ce4b6ee,data/campaign/thermochemistry/Co_macho_pnp_Ph__active/hessian_00.npz,57d71fa8d3dba464220bebcb22972b76f7658f7f270c9fb40fb1f36af51d924e,0,0,383.15,lowest G383.15 among eligible certificates; same geometry at all T,101325.0,1.0,100.0,0,1
Co_macho_pnp_Ph|active,Co_macho_pnp_Ph,active,383.15,-57774.11502081231,299.1233591168625,-57441.07696400886,257.1298802251994,232.01960333964334,-57527.34990867287,2.625366355574337,kcal/mol,cal/(mol K),0,C29H28CoNOP2,GFN2-xTB/ALPB toluene gsolv + qRRHO + 1M,data/campaign/thermochemistry/Co_macho_pnp_Ph__active/result.json,f55b53a63bdbaea17390261eaa57ae2b43048a7594eae81e79c47951979ae480,data/campaign/thermochemistry/Co_macho_pnp_Ph__active/result.json#/attempts/0/native_command,data/datasets/thermochemistry/export_protocol.json,data/campaign/thermochemistry/Co_macho_pnp_Ph__active/accepted_geometry.xyz,c45a6445213eef391df5a721a1d920025855c13b32205588b88eeb027ce4b6ee,data/campaign/thermochemistry/Co_macho_pnp_Ph__active/hessian_00.npz,57d71fa8d3dba464220bebcb22972b76f7658f7f270c9fb40fb1f36af51d924e,0,0,383.15,lowest G383.15 among eligible certificates; same geometry at all T,101325.0,1.0,100.0,0,1
Co_macho_pnp_Ph|active,Co_macho_pnp_Ph,active,390.0,-57774.11502081231,299.1233591168625,-57439.96530281995,260.00556019276246,234.64025575152328,-57528.7889662922,2.686036270841015,kcal/mol,cal/(mol K),0,C29H28CoNOP2,GFN2-xTB/ALPB toluene gsolv + qRRHO + 1M,data/campaign/thermochemistry/Co_macho_pnp_Ph__active/result.json,f55b53a63bdbaea17390261eaa57ae2b43048a7594eae81e79c47951979ae480,data/campaign/thermochemistry/Co_macho_pnp_Ph__active/result.json#/attempts/0/native_command,data/datasets/thermochemistry/export_protocol.json,data/campaign/thermochemistry/Co_macho_pnp_Ph__active/accepted_geometry.xyz,c45a6445213eef391df5a721a1d920025855c13b32205588b88eeb027ce4b6ee,data/campaign/thermochemistry/Co_macho_pnp_Ph__active/hessian_00.npz,57d71fa8d3dba464220bebcb22972b76f7658f7f270c9fb40fb1f36af51d924e,0,0,383.15,lowest G383.15 among eligible certificates; same geometry at all T,101325.0,1.0,100.0,0,1
Co_macho_pnp_Ph|active,Co_macho_pnp_Ph,active,400.0,-57774.11502081231,299.1233591168625,-57438.31313762673,264.1882958556288,238.45842880725215,-57530.92147549155,2.775033658072708,kcal/mol,cal/(mol K),0,C29H28CoNOP2,GFN2-xTB/ALPB toluene gsolv + qRRHO + 1M,data/campaign/thermochemistry/Co_macho_pnp_Ph__active/result.json,f55b53a63bdbaea17390261eaa57ae2b43048a7594eae81e79c47951979ae480,data/campaign/thermochemistry/Co_macho_pnp_Ph__active/result.json#/attempts/0/native_command,data/datasets/thermochemistry/export_protocol.json,data/campaign/thermochemistry/Co_macho_pnp_Ph__active/accepted_geometry.xyz,c45a6445213eef391df5a721a1d920025855c13b32205588b88eeb027ce4b6ee,data/campaign/thermochemistry/Co_macho_pnp_Ph__active/hessian_00.npz,57d71fa8d3dba464220bebcb22972b76f7658f7f270c9fb40fb1f36af51d924e,0,0,383.15,lowest G383.15 among eligible certificates; same geometry at all T,101325.0,1.0,100.0,0,1
Co_macho_pnp_Ph|active,Co_macho_pnp_Ph,active,410.0,-57774.11502081231,299.1233591168625,-57436.626762379456,268.3522247352748,242.26659027043831,-57533.091536492204,2.8645278981321125,kcal/mol,cal/(mol K),0,C29H28CoNOP2,GFN2-xTB/ALPB toluene gsolv + qRRHO + 1M,data/campaign/thermochemistry/Co_macho_pnp_Ph__active/result.json,f55b53a63bdbaea17390261eaa57ae2b43048a7594eae81e79c47951979ae480,data/campaign/thermochemistry/Co_macho_pnp_Ph__active/result.json#/attempts/0/native_command,data/datasets/thermochemistry/export_protocol.json,data/campaign/thermochemistry/Co_macho_pnp_Ph__active/accepted_geometry.xyz,c45a6445213eef391df5a721a1d920025855c13b32205588b88eeb027ce4b6ee,data/campaign/thermochemistry/Co_macho_pnp_Ph__active/hessian_00.npz,57d71fa8d3dba464220bebcb22972b76f7658f7f270c9fb40fb1f36af51d924e,0,0,383.15,lowest G383.15 among eligible certificates; same geometry at all T,101325.0,1.0,100.0,0,1
Co_macho_pnp_Ph|active,Co_macho_pnp_Ph,active,420.0,-57774.11502081231,299.1233591168625,-57434.906825350976,272.49669103454943,246.06367405726886,-57535.29906158481,2.954506870223601,kcal/mol,cal/(mol K),0,C29H28CoNOP2,GFN2-xTB/ALPB toluene gsolv + qRRHO + 1M,data/campaign/thermochemistry/Co_macho_pnp_Ph__active/result.json,f55b53a63bdbaea17390261eaa57ae2b43048a7594eae81e79c47951979ae480,data/campaign/thermochemistry/Co_macho_pnp_Ph__active/result.json#/attempts/0/native_command,data/datasets/thermochemistry/export_protocol.json,data/campaign/thermochemistry/Co_macho_pnp_Ph__active/accepted_geometry.xyz,c45a6445213eef391df5a721a1d920025855c13b32205588b88eeb027ce4b6ee,data/campaign/thermochemistry/Co_macho_pnp_Ph__active/hessian_00.npz,57d71fa8d3dba464220bebcb22972b76f7658f7f270c9fb40fb1f36af51d924e,0,0,383.15,lowest G383.15 among eligible certificates; same geometry at all T,101325.0,1.0,100.0,0,1
Co_macho_pnp_Ph|active,Co_macho_pnp_Ph,active,430.0,-57774.11502081231,299.1233591168625,-57433.15398344056,276.62106493677123,249.84866786096455,-57537.543951589876,3.044959030900024,kcal/mol,cal/(mol K),0,C29H28CoNOP2,GFN2-xTB/ALPB toluene gsolv + qRRHO + 1M,data/campaign/thermochemistry/Co_macho_pnp_Ph__active/result.json,f55b53a63bdbaea17390261eaa57ae2b43048a7594eae81e79c47951979ae480,data/campaign/thermochemistry/Co_macho_pnp_Ph__active/result.json#/attempts/0/native_command,data/datasets/thermochemistry/export_protocol.json,data/campaign/thermochemistry/Co_macho_pnp_Ph__active/accepted_geometry.xyz,c45a6445213eef391df5a721a1d920025855c13b32205588b88eeb027ce4b6ee,data/campaign/thermochemistry/Co_macho_pnp_Ph__active/hessian_00.npz,57d71fa8d3dba464220bebcb22972b76f7658f7f270c9fb40fb1f36af51d924e,0,0,383.15,lowest G383.15 among eligible certificates; same geometry at all T,101325.0,1.0,100.0,0,1
Co_macho_pnp_Ph|active,Co_macho_pnp_Ph,active,440.0,-57774.11502081231,299.1233591168625,-57431.36889848941,280.7247486899804,253.6206168024235,-57539.82609650871,3.135873373767528,kcal/mol,cal/(mol K),0,C29H28CoNOP2,GFN2-xTB/ALPB toluene gsolv + qRRHO + 1M,data/campaign/thermochemistry/Co_macho_pnp_Ph__active/result.json,f55b53a63bdbaea17390261eaa57ae2b43048a7594eae81e79c47951979ae480,data/campaign/thermochemistry/Co_macho_pnp_Ph__active/result.json#/attempts/0/native_command,data/datasets/thermochemistry/export_protocol.json,data/campaign/thermochemistry/Co_macho_pnp_Ph__active/accepted_geometry.xyz,c45a6445213eef391df5a721a1d920025855c13b32205588b88eeb027ce4b6ee,data/campaign/thermochemistry/Co_macho_pnp_Ph__active/hessian_00.npz,57d71fa8d3dba464220bebcb22972b76f7658f7f270c9fb40fb1f36af51d924e,0,0,383.15,lowest G383.15 among eligible certificates; same geometry at all T,101325.0,1.0,100.0,0,1
Co_macho_pnp_Ph|hydrogenated,Co_macho_pnp_Ph,hydrogenated,298.15,-58421.451639691986,312.6717054319029,-58087.031343525276,216.57357662267492,198.31446138345427,-58144.264471741255,1.894328445494145,kcal/mol,cal/(mol K),0,C29H30CoNOP2,GFN2-xTB/ALPB toluene gsolv + qRRHO + 1M,data/campaign/thermochemistry/Co_macho_pnp_Ph__hydrogenated/result.json,5e699cf088d91f1485d99eda0bd17fb45bf9bf77904082b77391ad58a4549a90,data/campaign/thermochemistry/Co_macho_pnp_Ph__hydrogenated/result.json#/attempts/0/native_command,data/datasets/thermochemistry/export_protocol.json,data/campaign/thermochemistry/Co_macho_pnp_Ph__hydrogenated/accepted_geometry.xyz,d47d39d2f9cd8725a350991f6cb6b49fe32dabc00ea593b1964ee69d27706917,data/campaign/thermochemistry/Co_macho_pnp_Ph__hydrogenated/hessian_00.npz,1477a997dd63eacf41d96aed3094c48e8f3a9ddb270998175ca70efc803abc57,2,0,383.15,lowest G383.15 among eligible certificates; same geometry at all T,101325.0,1.0,100.0,0,1
Co_macho_pnp_Ph|hydrogenated,Co_macho_pnp_Ph,hydrogenated,340.0,-58421.451639691986,312.6717054319029,-58081.144207170946,235.02682076479962,214.98765832206675,-58151.99103821608,2.248972784367174,kcal/mol,cal/(mol K),0,C29H30CoNOP2,GFN2-xTB/ALPB toluene gsolv + qRRHO + 1M,data/campaign/thermochemistry/Co_macho_pnp_Ph__hydrogenated/result.json,5e699cf088d91f1485d99eda0bd17fb45bf9bf77904082b77391ad58a4549a90,data/campaign/thermochemistry/Co_macho_pnp_Ph__hydrogenated/result.json#/attempts/0/native_command,data/datasets/thermochemistry/export_protocol.json,data/campaign/thermochemistry/Co_macho_pnp_Ph__hydrogenated/accepted_geometry.xyz,d47d39d2f9cd8725a350991f6cb6b49fe32dabc00ea593b1964ee69d27706917,data/campaign/thermochemistry/Co_macho_pnp_Ph__hydrogenated/hessian_00.npz,1477a997dd63eacf41d96aed3094c48e8f3a9ddb270998175ca70efc803abc57,2,0,383.15,lowest G383.15 among eligible certificates; same geometry at all T,101325.0,1.0,100.0,0,1
Co_macho_pnp_Ph|hydrogenated,Co_macho_pnp_Ph,hydrogenated,350.0,-58421.451639691986,312.6717054319029,-58079.63557754929,239.39969621822186,218.96647119441107,-58153.93856196976,2.3352804975836268,kcal/mol,cal/(mol K),0,C29H30CoNOP2,GFN2-xTB/ALPB toluene gsolv + qRRHO + 1M,data/campaign/thermochemistry/Co_macho_pnp_Ph__hydrogenated/result.json,5e699cf088d91f1485d99eda0bd17fb45bf9bf77904082b77391ad58a4549a90,data/campaign/thermochemistry/Co_macho_pnp_Ph__hydrogenated/result.json#/attempts/0/native_command,data/datasets/thermochemistry/export_protocol.json,data/campaign/thermochemistry/Co_macho_pnp_Ph__hydrogenated/accepted_geometry.xyz,d47d39d2f9cd8725a350991f6cb6b49fe32dabc00ea593b1964ee69d27706917,data/campaign/thermochemistry/Co_macho_pnp_Ph__hydrogenated/hessian_00.npz,1477a997dd63eacf41d96aed3094c48e8f3a9ddb270998175ca70efc803abc57,2,0,383.15,lowest G383.15 among eligible certificates; same geometry at all T,101325.0,1.0,100.0,0,1
Co_macho_pnp_Ph|hydrogenated,Co_macho_pnp_Ph,hydrogenated,360.0,-58421.451639691986,312.6717054319029,-58078.088622362535,243.75735297236486,222.94078982646099,-58155.92515063934,2.422156060718619,kcal/mol,cal/(mol K),0,C29H30CoNOP2,GFN2-xTB/ALPB toluene gsolv + qRRHO + 1M,data/campaign/thermochemistry/Co_macho_pnp_Ph__hydrogenated/result.json,5e699cf088d91f1485d99eda0bd17fb45bf9bf77904082b77391ad58a4549a90,data/campaign/thermochemistry/Co_macho_pnp_Ph__hydrogenated/result.json#/attempts/0/native_command,data/datasets/thermochemistry/export_protocol.json,data/campaign/thermochemistry/Co_macho_pnp_Ph__hydrogenated/accepted_geometry.xyz,d47d39d2f9cd8725a350991f6cb6b49fe32dabc00ea593b1964ee69d27706917,data/campaign/thermochemistry/Co_macho_pnp_Ph__hydrogenated/hessian_00.npz,1477a997dd63eacf41d96aed3094c48e8f3a9ddb270998175ca70efc803abc57,2,0,383.15,lowest G383.15 among eligible certificates; same geometry at all T,101325.0,1.0,100.0,0,1
Co_macho_pnp_Ph|hydrogenated,Co_macho_pnp_Ph,hydrogenated,370.0,-58421.451639691986,312.6717054319029,-58076.503896126276,248.09910580966,226.9093692055166,-58157.95077903627,2.509583696046293,kcal/mol,cal/(mol K),0,C29H30CoNOP2,GFN2-xTB/ALPB toluene gsolv + qRRHO + 1M,data/campaign/thermochemistry/Co_macho_pnp_Ph__hydrogenated/result.json,5e699cf088d91f1485d99eda0bd17fb45bf9bf77904082b77391ad58a4549a90,data/campaign/thermochemistry/Co_macho_pnp_Ph__hydrogenated/result.json#/attempts/0/native_command,data/datasets/thermochemistry/export_protocol.json,data/campaign/thermochemistry/Co_macho_pnp_Ph__hydrogenated/accepted_geometry.xyz,d47d39d2f9cd8725a350991f6cb6b49fe32dabc00ea593b1964ee69d27706917,data/campaign/thermochemistry/Co_macho_pnp_Ph__hydrogenated/hessian_00.npz,1477a997dd63eacf41d96aed3094c48e8f3a9ddb270998175ca70efc803abc57,2,0,383.15,lowest G383.15 among eligible certificates; same geometry at all T,101325.0,1.0,100.0,0,1
Co_macho_pnp_Ph|hydrogenated,Co_macho_pnp_Ph,hydrogenated,380.0,-58421.451639691986,312.6717054319029,-58074.8819868081,252.4242350802949,230.87097198627606,-58160.01540768387,2.597548479011341,kcal/mol,cal/(mol K),0,C29H30CoNOP2,GFN2-xTB/ALPB toluene gsolv + qRRHO + 1M,data/campaign/thermochemistry/Co_macho_pnp_Ph__hydrogenated/result.json,5e699cf088d91f1485d99eda0bd17fb45bf9bf77904082b77391ad58a4549a90,data/campaign/thermochemistry/Co_macho_pnp_Ph__hydrogenated/result.json#/attempts/0/native_command,data/datasets/thermochemistry/export_protocol.json,data/campaign/thermochemistry/Co_macho_pnp_Ph__hydrogenated/accepted_geometry.xyz,d47d39d2f9cd8725a350991f6cb6b49fe32dabc00ea593b1964ee69d27706917,data/campaign/thermochemistry/Co_macho_pnp_Ph__hydrogenated/hessian_00.npz,1477a997dd63eacf41d96aed3094c48e8f3a9ddb270998175ca70efc803abc57,2,0,383.15,lowest G383.15 among eligible certificates; same geometry at all T,101325.0,1.0,100.0,0,1
Co_macho_pnp_Ph|hydrogenated,Co_macho_pnp_Ph,hydrogenated,383.15,-58421.451639691986,312.6717054319029,-58074.363482036926,253.78309042027618,232.11723685665294,-58160.673834982976,2.625366355574337,kcal/mol,cal/(mol K),0,C29H30CoNOP2,GFN2-xTB/ALPB toluene gsolv + qRRHO + 1M,data/campaign/thermochemistry/Co_macho_pnp_Ph__hydrogenated/result.json,5e699cf088d91f1485d99eda0bd17fb45bf9bf77904082b77391ad58a4549a90,data/campaign/thermochemistry/Co_macho_pnp_Ph__hydrogenated/result.json#/attempts/0/native_command,data/datasets/thermochemistry/export_protocol.json,data/campaign/thermochemistry/Co_macho_pnp_Ph__hydrogenated/accepted_geometry.xyz,d47d39d2f9cd8725a350991f6cb6b49fe32dabc00ea593b1964ee69d27706917,data/campaign/thermochemistry/Co_macho_pnp_Ph__hydrogenated/hessian_00.npz,1477a997dd63eacf41d96aed3094c48e8f3a9ddb270998175ca70efc803abc57,2,0,383.15,lowest G383.15 among eligible certificates; same geometry at all T,101325.0,1.0,100.0,0,1
Co_macho_pnp_Ph|hydrogenated,Co_macho_pnp_Ph,hydrogenated,390.0,-58421.451639691986,312.6717054319029,-58073.22351012849,256.7320050892666,234.82438281992046,-58162.118983157416,2.686036270841015,kcal/mol,cal/(mol K),0,C29H30CoNOP2,GFN2-xTB/ALPB toluene gsolv + qRRHO + 1M,data/campaign/thermochemistry/Co_macho_pnp_Ph__hydrogenated/result.json,5e699cf088d91f1485d99eda0bd17fb45bf9bf77904082b77391ad58a4549a90,data/campaign/thermochemistry/Co_macho_pnp_Ph__hydrogenated/result.json#/attempts/0/native_command,data/datasets/thermochemistry/export_protocol.json,data/campaign/thermochemistry/Co_macho_pnp_Ph__hydrogenated/accepted_geometry.xyz,d47d39d2f9cd8725a350991f6cb6b49fe32dabc00ea593b1964ee69d27706917,data/campaign/thermochemistry/Co_macho_pnp_Ph__hydrogenated/hessian_00.npz,1477a997dd63eacf41d96aed3094c48e8f3a9ddb270998175ca70efc803abc57,2,0,383.15,lowest G383.15 among eligible certificates; same geometry at all T,101325.0,1.0,100.0,0,1
Co_macho_pnp_Ph|hydrogenated,Co_macho_pnp_Ph,hydrogenated,400.0,-58421.451639691986,312.6717054319029,-58071.52910420183,261.02167929478736,238.76841996457094,-58164.26143852958,2.775033658072708,kcal/mol,cal/(mol K),0,C29H30CoNOP2,GFN2-xTB/ALPB toluene gsolv + qRRHO + 1M,data/campaign/thermochemistry/Co_macho_pnp_Ph__hydrogenated/result.json,5e699cf088d91f1485d99eda0bd17fb45bf9bf77904082b77391ad58a4549a90,data/campaign/thermochemistry/Co_macho_pnp_Ph__hydrogenated/result.json#/attempts/0/native_command,data/datasets/thermochemistry/export_protocol.json,data/campaign/thermochemistry/Co_macho_pnp_Ph__hydrogenated/accepted_geometry.xyz,d47d39d2f9cd8725a350991f6cb6b49fe32dabc00ea593b1964ee69d27706917,data/campaign/thermochemistry/Co_macho_pnp_Ph__hydrogenated/hessian_00.npz,1477a997dd63eacf41d96aed3094c48e8f3a9ddb270998175ca70efc803abc57,2,0,383.15,lowest G383.15 among eligible certificates; same geometry at all T,101325.0,1.0,100.0,0,1
Co_macho_pnp_Ph|hydrogenated,Co_macho_pnp_Ph,hydrogenated,410.0,-58421.451639691986,312.6717054319029,-58069.799424558914,265.2925326874118,242.70194448372706,-58166.44269389911,2.8645278981321125,kcal/mol,cal/(mol K),0,C29H30CoNOP2,GFN2-xTB/ALPB toluene gsolv + qRRHO + 1M,data/campaign/thermochemistry/Co_macho_pnp_Ph__hydrogenated/result.json,5e699cf088d91f1485d99eda0bd17fb45bf9bf77904082b77391ad58a4549a90,data/campaign/thermochemistry/Co_macho_pnp_Ph__hydrogenated/result.json#/attempts/0/native_command,data/datasets/thermochemistry/export_protocol.json,data/campaign/thermochemistry/Co_macho_pnp_Ph__hydrogenated/accepted_geometry.xyz,d47d39d2f9cd8725a350991f6cb6b49fe32dabc00ea593b1964ee69d27706917,data/campaign/thermochemistry/Co_macho_pnp_Ph__hydrogenated/hessian_00.npz,1477a997dd63eacf41d96aed3094c48e8f3a9ddb270998175ca70efc803abc57,2,0,383.15,lowest G383.15 among eligible certificates; same geometry at all T,101325.0,1.0,100.0,0,1
Co_macho_pnp_Ph|hydrogenated,Co_macho_pnp_Ph,hydrogenated,420.0,-58421.451639691986,312.6717054319029,-58068.035139575695,269.54386169818724,246.6238673276076,-58168.66265698307,2.954506870223601,kcal/mol,cal/(mol K),0,C29H30CoNOP2,GFN2-xTB/ALPB toluene gsolv + qRRHO + 1M,data/campaign/thermochemistry/Co_macho_pnp_Ph__hydrogenated/result.json,5e699cf088d91f1485d99eda0bd17fb45bf9bf77904082b77391ad58a4549a90,data/campaign/thermochemistry/Co_macho_pnp_Ph__hydrogenated/result.json#/attempts/0/native_command,data/datasets/thermochemistry/export_protocol.json,data/campaign/thermochemistry/Co_macho_pnp_Ph__hydrogenated/accepted_geometry.xyz,d47d39d2f9cd8725a350991f6cb6b49fe32dabc00ea593b1964ee69d27706917,data/campaign/thermochemistry/Co_macho_pnp_Ph__hydrogenated/hessian_00.npz,1477a997dd63eacf41d96aed3094c48e8f3a9ddb270998175ca70efc803abc57,2,0,383.15,lowest G383.15 among eligible certificates; same geometry at all T,101325.0,1.0,100.0,0,1
Co_macho_pnp_Ph|hydrogenated,Co_macho_pnp_Ph,hydrogenated,430.0,-58421.451639691986,312.6717054319029,-58066.23692631907,273.7749919594554,250.53315457548388,-58170.92122375563,3.044959030900024,kcal/mol,cal/(mol K),0,C29H30CoNOP2,GFN2-xTB/ALPB toluene gsolv + qRRHO + 1M,data/campaign/thermochemistry/Co_macho_pnp_Ph__hydrogenated/result.json,5e699cf088d91f1485d99eda0bd17fb45bf9bf77904082b77391ad58a4549a90,data/campaign/thermochemistry/Co_macho_pnp_Ph__hydrogenated/result.json#/attempts/0/native_command,data/datasets/thermochemistry/export_protocol.json,data/campaign/thermochemistry/Co_macho_pnp_Ph__hydrogenated/accepted_geometry.xyz,d47d39d2f9cd8725a350991f6cb6b49fe32dabc00ea593b1964ee69d27706917,data/campaign/thermochemistry/Co_macho_pnp_Ph__hydrogenated/hessian_00.npz,1477a997dd63eacf41d96aed3094c48e8f3a9ddb270998175ca70efc803abc57,2,0,383.15,lowest G383.15 among eligible certificates; same geometry at all T,101325.0,1.0,100.0,0,1
Co_macho_pnp_Ph|hydrogenated,Co_macho_pnp_Ph,hydrogenated,440.0,-58421.451639691986,312.6717054319029,-58064.40546680902,277.98528421525316,254.42883109700074,-58173.21827911793,3.135873373767528,kcal/mol,cal/(mol K),0,C29H30CoNOP2,GFN2-xTB/ALPB toluene gsolv + qRRHO + 1M,data/campaign/thermochemistry/Co_macho_pnp_Ph__hydrogenated/result.json,5e699cf088d91f1485d99eda0bd17fb45bf9bf77904082b77391ad58a4549a90,data/campaign/thermochemistry/Co_macho_pnp_Ph__hydrogenated/result.json#/attempts/0/native_command,data/datasets/thermochemistry/export_protocol.json,data/campaign/thermochemistry/Co_macho_pnp_Ph__hydrogenated/accepted_geometry.xyz,d47d39d2f9cd8725a350991f6cb6b49fe32dabc00ea593b1964ee69d27706917,data/campaign/thermochemistry/Co_macho_pnp_Ph__hydrogenated/hessian_00.npz,1477a997dd63eacf41d96aed3094c48e8f3a9ddb270998175ca70efc803abc57,2,0,383.15,lowest G383.15 among eligible certificates; same geometry at all T,101325.0,1.0,100.0,0,1
Co_macho_pnp_Ph|protonated_reference,Co_macho_pnp_Ph,protonated_reference,298.15,-57903.552435219644,308.1855384246917,-57573.83201009966,219.03538756658463,198.53120348153075,-57631.12975997218,1.894328445494145,kcal/mol,cal/(mol K),1,C29H29CoNOP2,GFN2-xTB/ALPB toluene gsolv + qRRHO + 1M,data/campaign/thermochemistry/Co_macho_pnp_Ph__protonated_reference/result.json,1491b8648e463a8610b0980fb7f3877d91344604ff190de119bf7d073815259f,data/campaign/thermochemistry/Co_macho_pnp_Ph__protonated_reference/result.json#/attempts/1/native_command,data/datasets/thermochemistry/export_protocol.json,data/campaign/thermochemistry/Co_macho_pnp_Ph__protonated_reference/accepted_geometry.xyz,471dbbebf392a1b8fa31dc10d9b1fde03dee3d22214661e084eab670acfbc798,data/campaign/thermochemistry/Co_macho_pnp_Ph__protonated_reference/hessian_01.npz,339e57f88a7098590d3dd3c0240be55e1f848a63fe14bb83c3285aa4083ce205,1,1,383.15,lowest G383.15 among eligible certificates; same geometry at all T,101325.0,1.0,100.0,0,1
Co_macho_pnp_Ph|protonated_reference,Co_macho_pnp_Ph,protonated_reference,340.0,-57903.552435219644,308.1855384246917,-57568.04169083721,237.18513502431395,214.8469570068136,-57638.84068343516,2.248972784367174,kcal/mol,cal/(mol K),1,C29H29CoNOP2,GFN2-xTB/ALPB toluene gsolv + qRRHO + 1M,data/campaign/thermochemistry/Co_macho_pnp_Ph__protonated_reference/result.json,1491b8648e463a8610b0980fb7f3877d91344604ff190de119bf7d073815259f,data/campaign/thermochemistry/Co_macho_pnp_Ph__protonated_reference/result.json#/attempts/1/native_command,data/datasets/thermochemistry/export_protocol.json,data/campaign/thermochemistry/Co_macho_pnp_Ph__protonated_reference/accepted_geometry.xyz,471dbbebf392a1b8fa31dc10d9b1fde03dee3d22214661e084eab670acfbc798,data/campaign/thermochemistry/Co_macho_pnp_Ph__protonated_reference/hessian_01.npz,339e57f88a7098590d3dd3c0240be55e1f848a63fe14bb83c3285aa4083ce205,1,1,383.15,lowest G383.15 among eligible certificates; same geometry at all T,101325.0,1.0,100.0,0,1
Co_macho_pnp_Ph|protonated_reference,Co_macho_pnp_Ph,protonated_reference,350.0,-57903.552435219644,308.1855384246917,-57566.557746980405,241.48645655574697,218.7423910561183,-57640.78230335247,2.3352804975836268,kcal/mol,cal/(mol K),1,C29H29CoNOP2,GFN2-xTB/ALPB toluene gsolv + qRRHO + 1M,data/campaign/thermochemistry/Co_macho_pnp_Ph__protonated_reference/result.json,1491b8648e463a8610b0980fb7f3877d91344604ff190de119bf7d073815259f,data/campaign/thermochemistry/Co_macho_pnp_Ph__protonated_reference/result.json#/attempts/1/native_command,data/datasets/thermochemistry/export_protocol.json,data/campaign/thermochemistry/Co_macho_pnp_Ph__protonated_reference/accepted_geometry.xyz,471dbbebf392a1b8fa31dc10d9b1fde03dee3d22214661e084eab670acfbc798,data/campaign/thermochemistry/Co_macho_pnp_Ph__protonated_reference/hessian_01.npz,339e57f88a7098590d3dd3c0240be55e1f848a63fe14bb83c3285aa4083ce205,1,1,383.15,lowest G383.15 among eligible certificates; same geometry at all T,101325.0,1.0,100.0,0,1
Co_macho_pnp_Ph|protonated_reference,Co_macho_pnp_Ph,protonated_reference,360.0,-57903.552435219644,308.1855384246917,-57565.03604682779,245.77297138856986,222.63410075329006,-57642.76216703825,2.422156060718619,kcal/mol,cal/(mol K),1,C29H29CoNOP2,GFN2-xTB/ALPB toluene gsolv + qRRHO + 1M,data/campaign/thermochemistry/Co_macho_pnp_Ph__protonated_reference/result.json,1491b8648e463a8610b0980fb7f3877d91344604ff190de119bf7d073815259f,data/campaign/thermochemistry/Co_macho_pnp_Ph__protonated_reference/result.json#/attempts/1/native_command,data/datasets/thermochemistry/export_protocol.json,data/campaign/thermochemistry/Co_macho_pnp_Ph__protonated_reference/accepted_geometry.xyz,471dbbebf392a1b8fa31dc10d9b1fde03dee3d22214661e084eab670acfbc798,data/campaign/thermochemistry/Co_macho_pnp_Ph__protonated_reference/hessian_01.npz,339e57f88a7098590d3dd3c0240be55e1f848a63fe14bb83c3285aa4083ce205,1,1,383.15,lowest G383.15 among eligible certificates; same geometry at all T,101325.0,1.0,100.0,0,1
Co_macho_pnp_Ph|protonated_reference,Co_macho_pnp_Ph,protonated_reference,370.0,-57903.552435219644,308.1855384246917,-57563.47713320533,250.04400376590002,226.52082903642108,-57644.78025625276,2.509583696046293,kcal/mol,cal/(mol K),1,C29H29CoNOP2,GFN2-xTB/ALPB toluene gsolv + qRRHO + 1M,data/campaign/thermochemistry/Co_macho_pnp_Ph__protonated_reference/result.json,1491b8648e463a8610b0980fb7f3877d91344604ff190de119bf7d073815259f,data/campaign/thermochemistry/Co_macho_pnp_Ph__protonated_reference/result.json#/attempts/1/native_command,data/datasets/thermochemistry/export_protocol.json,data/campaign/thermochemistry/Co_macho_pnp_Ph__protonated_reference/accepted_geometry.xyz,471dbbebf392a1b8fa31dc10d9b1fde03dee3d22214661e084eab670acfbc798,data/campaign/thermochemistry/Co_macho_pnp_Ph__protonated_reference/hessian_01.npz,339e57f88a7098590d3dd3c0240be55e1f848a63fe14bb83c3285aa4083ce205,1,1,383.15,lowest G383.15 among eligible certificates; same geometry at all T,101325.0,1.0,100.0,0,1
Co_macho_pnp_Ph|protonated_reference,Co_macho_pnp_Ph,protonated_reference,380.0,-57903.552435219644,308.1855384246917,-57561.88158352734,254.2988397094652,230.40132463127688,-57646.83653840821,2.597548479011341,kcal/mol,cal/(mol K),1,C29H29CoNOP2,GFN2-xTB/ALPB toluene gsolv + qRRHO + 1M,data/campaign/thermochemistry/Co_macho_pnp_Ph__protonated_reference/result.json,1491b8648e463a8610b0980fb7f3877d91344604ff190de119bf7d073815259f,data/campaign/thermochemistry/Co_macho_pnp_Ph__protonated_reference/result.json#/attempts/1/native_command,data/datasets/thermochemistry/export_protocol.json,data/campaign/thermochemistry/Co_macho_pnp_Ph__protonated_reference/accepted_geometry.xyz,471dbbebf392a1b8fa31dc10d9b1fde03dee3d22214661e084eab670acfbc798,data/campaign/thermochemistry/Co_macho_pnp_Ph__protonated_reference/hessian_01.npz,339e57f88a7098590d3dd3c0240be55e1f848a63fe14bb83c3285aa4083ce205,1,1,383.15,lowest G383.15 among eligible certificates; same geometry at all T,101325.0,1.0,100.0,0,1
Co_macho_pnp_Ph|protonated_reference,Co_macho_pnp_Ph,protonated_reference,383.15,-57903.552435219644,308.1855384246917,-57561.37149378576,255.6356416109465,231.62219240074216,-57647.492170448524,2.625366355574337,kcal/mol,cal/(mol K),1,C29H29CoNOP2,GFN2-xTB/ALPB toluene gsolv + qRRHO + 1M,data/campaign/thermochemistry/Co_macho_pnp_Ph__protonated_reference/result.json,1491b8648e463a8610b0980fb7f3877d91344604ff190de119bf7d073815259f,data/campaign/thermochemistry/Co_macho_pnp_Ph__protonated_reference/result.json#/attempts/1/native_command,data/datasets/thermochemistry/export_protocol.json,data/campaign/thermochemistry/Co_macho_pnp_Ph__protonated_reference/accepted_geometry.xyz,471dbbebf392a1b8fa31dc10d9b1fde03dee3d22214661e084eab670acfbc798,data/campaign/thermochemistry/Co_macho_pnp_Ph__protonated_reference/hessian_01.npz,339e57f88a7098590d3dd3c0240be55e1f848a63fe14bb83c3285aa4083ce205,1,1,383.15,lowest G383.15 among eligible certificates; same geometry at all T,101325.0,1.0,100.0,0,1
Co_macho_pnp_Ph|protonated_reference,Co_macho_pnp_Ph,protonated_reference,390.0,-57903.552435219644,308.1855384246917,-57560.250003949564,258.53674618485826,234.2743569374149,-57648.93096688432,2.686036270841015,kcal/mol,cal/(mol K),1,C29H29CoNOP2,GFN2-xTB/ALPB toluene gsolv + qRRHO + 1M,data/campaign/thermochemistry/Co_macho_pnp_Ph__protonated_reference/result.json,1491b8648e463a8610b0980fb7f3877d91344604ff190de119bf7d073815259f,data/campaign/thermochemistry/Co_macho_pnp_Ph__protonated_reference/result.json#/attempts/1/native_command,data/datasets/thermochemistry/export_protocol.json,data/campaign/thermochemistry/Co_macho_pnp_Ph__protonated_reference/accepted_geometry.xyz,471dbbebf392a1b8fa31dc10d9b1fde03dee3d22214661e084eab670acfbc798,data/campaign/thermochemistry/Co_macho_pnp_Ph__protonated_reference/hessian_01.npz,339e57f88a7098590d3dd3c0240be55e1f848a63fe14bb83c3285aa4083ce205,1,1,383.15,lowest G383.15 among eligible certificates; same geometry at all T,101325.0,1.0,100.0,0,1
Co_macho_pnp_Ph|protonated_reference,Co_macho_pnp_Ph,protonated_reference,400.0,-57903.552435219644,308.1855384246917,-57558.58302386663,262.75698696811855,238.13872811686335,-57651.063481455305,2.775033658072708,kcal/mol,cal/(mol K),1,C29H29CoNOP2,GFN2-xTB/ALPB toluene gsolv + qRRHO + 1M,data/campaign/thermochemistry/Co_macho_pnp_Ph__protonated_reference/result.json,1491b8648e463a8610b0980fb7f3877d91344604ff190de119bf7d073815259f,data/campaign/thermochemistry/Co_macho_pnp_Ph__protonated_reference/result.json#/attempts/1/native_command,data/datasets/thermochemistry/export_protocol.json,data/campaign/thermochemistry/Co_macho_pnp_Ph__protonated_reference/accepted_geometry.xyz,471dbbebf392a1b8fa31dc10d9b1fde03dee3d22214661e084eab670acfbc798,data/campaign/thermochemistry/Co_macho_pnp_Ph__protonated_reference/hessian_01.npz,339e57f88a7098590d3dd3c0240be55e1f848a63fe14bb83c3285aa4083ce205,1,1,383.15,lowest G383.15 among eligible certificates; same geometry at all T,101325.0,1.0,100.0,0,1
Co_macho_pnp_Ph|protonated_reference,Co_macho_pnp_Ph,protonated_reference,410.0,-57903.552435219644,308.1855384246917,-57556.88129079945,266.95883559048127,241.99328269430166,-57653.23400880598,2.8645278981321125,kcal/mol,cal/(mol K),1,C29H29CoNOP2,GFN2-xTB/ALPB toluene gsolv + qRRHO + 1M,data/campaign/thermochemistry/Co_macho_pnp_Ph__protonated_reference/result.json,1491b8648e463a8610b0980fb7f3877d91344604ff190de119bf7d073815259f,data/campaign/thermochemistry/Co_macho_pnp_Ph__protonated_reference/result.json#/attempts/1/native_command,data/datasets/thermochemistry/export_protocol.json,data/campaign/thermochemistry/Co_macho_pnp_Ph__protonated_reference/accepted_geometry.xyz,471dbbebf392a1b8fa31dc10d9b1fde03dee3d22214661e084eab670acfbc798,data/campaign/thermochemistry/Co_macho_pnp_Ph__protonated_reference/hessian_01.npz,339e57f88a7098590d3dd3c0240be55e1f848a63fe14bb83c3285aa4083ce205,1,1,383.15,lowest G383.15 among eligible certificates; same geometry at all T,101325.0,1.0,100.0,0,1
Co_macho_pnp_Ph|protonated_reference,Co_macho_pnp_Ph,protonated_reference,420.0,-57903.552435219644,308.1855384246917,-57555.145465698995,271.1415857187371,245.8369149686206,-57655.44246311559,2.954506870223601,kcal/mol,cal/(mol K),1,C29H29CoNOP2,GFN2-xTB/ALPB toluene gsolv + qRRHO + 1M,data/campaign/thermochemistry/Co_macho_pnp_Ph__protonated_reference/result.json,1491b8648e463a8610b0980fb7f3877d91344604ff190de119bf7d073815259f,data/campaign/thermochemistry/Co_macho_pnp_Ph__protonated_reference/result.json#/attempts/1/native_command,data/datasets/thermochemistry/export_protocol.json,data/campaign/thermochemistry/Co_macho_pnp_Ph__protonated_reference/accepted_geometry.xyz,471dbbebf392a1b8fa31dc10d9b1fde03dee3d22214661e084eab670acfbc798,data/campaign/thermochemistry/Co_macho_pnp_Ph__protonated_reference/hessian_01.npz,339e57f88a7098590d3dd3c0240be55e1f848a63fe14bb83c3285aa4083ce205,1,1,383.15,lowest G383.15 among eligible certificates; same geometry at all T,101325.0,1.0,100.0,0,1
Co_macho_pnp_Ph|protonated_reference,Co_macho_pnp_Ph,protonated_reference,430.0,-57903.552435219644,308.1855384246917,-57553.37621867922,275.304559304756,249.66857452045937,-57657.68874669212,3.044959030900024,kcal/mol,cal/(mol K),1,C29H29CoNOP2,GFN2-xTB/ALPB toluene gsolv + qRRHO + 1M,data/campaign/thermochemistry/Co_macho_pnp_Ph__protonated_reference/result.json,1491b8648e463a8610b0980fb7f3877d91344604ff190de119bf7d073815259f,data/campaign/thermochemistry/Co_macho_pnp_Ph__protonated_reference/result.json#/attempts/1/native_command,data/datasets/thermochemistry/export_protocol.json,data/campaign/thermochemistry/Co_macho_pnp_Ph__protonated_reference/accepted_geometry.xyz,471dbbebf392a1b8fa31dc10d9b1fde03dee3d22214661e084eab670acfbc798,data/campaign/thermochemistry/Co_macho_pnp_Ph__protonated_reference/hessian_01.npz,339e57f88a7098590d3dd3c0240be55e1f848a63fe14bb83c3285aa4083ce205,1,1,383.15,lowest G383.15 among eligible certificates; same geometry at all T,101325.0,1.0,100.0,0,1
Co_macho_pnp_Ph|protonated_reference,Co_macho_pnp_Ph,protonated_reference,440.0,-57903.552435219644,308.1855384246917,-57551.57422517875,279.44711281119464,253.4872700809712,-57659.97275064061,3.135873373767528,kcal/mol,cal/(mol K),1,C29H29CoNOP2,GFN2-xTB/ALPB toluene gsolv + qRRHO + 1M,data/campaign/thermochemistry/Co_macho_pnp_Ph__protonated_reference/result.json,1491b8648e463a8610b0980fb7f3877d91344604ff190de119bf7d073815259f,data/campaign/thermochemistry/Co_macho_pnp_Ph__protonated_reference/result.json#/attempts/1/native_command,data/datasets/thermochemistry/export_protocol.json,data/campaign/thermochemistry/Co_macho_pnp_Ph__protonated_reference/accepted_geometry.xyz,471dbbebf392a1b8fa31dc10d9b1fde03dee3d22214661e084eab670acfbc798,data/campaign/thermochemistry/Co_macho_pnp_Ph__protonated_reference/hessian_01.npz,339e57f88a7098590d3dd3c0240be55e1f848a63fe14bb83c3285aa4083ce205,1,1,383.15,lowest G383.15 among eligible certificates; same geometry at all T,101325.0,1.0,100.0,0,1
Co_macho_pnp_iPr|active,Co_macho_pnp_iPr,active,298.15,-44247.03948824004,311.80061663373107,-43915.26285610903,196.9725456452617,185.29171994939003,-43968.61325396645,1.894328445494145,kcal/mol,cal/(mol K),0,C17H36CoNOP2,GFN2-xTB/ALPB toluene gsolv + qRRHO + 1M,data/campaign/thermochemistry/Co_macho_pnp_iPr__active/result.json,e37311359f23e676c3331e6fbcf0ec3996a1d5c674120f0698ad9beb77380b89,data/campaign/thermochemistry/Co_macho_pnp_iPr__active/result.json#/attempts/0/native_command,data/datasets/thermochemistry/export_protocol.json,data/campaign/thermochemistry/Co_macho_pnp_iPr__active/accepted_geometry.xyz,f9e1cc284d85c75cd17197b5234eb9a49f1470fcb2e30384c56f78c5e1cc0e29,data/campaign/thermochemistry/Co_macho_pnp_iPr__active/hessian_00.npz,3ea7ec2310bf6e81ab496b40842204d4e09febdade8123c18eb944cb28622ccd,0,0,383.15,lowest G383.15 among eligible certificates; same geometry at all T,101325.0,1.0,100.0,0,1
Co_macho_pnp_iPr|active,Co_macho_pnp_iPr,active,340.0,-44247.03948824004,311.80061663373107,-43910.2103539992,212.81247890581034,199.75105881124014,-43975.87674121066,2.248972784367174,kcal/mol,cal/(mol K),0,C17H36CoNOP2,GFN2-xTB/ALPB toluene gsolv + qRRHO + 1M,data/campaign/thermochemistry/Co_macho_pnp_iPr__active/result.json,e37311359f23e676c3331e6fbcf0ec3996a1d5c674120f0698ad9beb77380b89,data/campaign/thermochemistry/Co_macho_pnp_iPr__active/result.json#/attempts/0/native_command,data/datasets/thermochemistry/export_protocol.json,data/campaign/thermochemistry/Co_macho_pnp_iPr__active/accepted_geometry.xyz,f9e1cc284d85c75cd17197b5234eb9a49f1470fcb2e30384c56f78c5e1cc0e29,data/campaign/thermochemistry/Co_macho_pnp_iPr__active/hessian_00.npz,3ea7ec2310bf6e81ab496b40842204d4e09febdade8123c18eb944cb28622ccd,0,0,383.15,lowest G383.15 among eligible certificates; same geometry at all T,101325.0,1.0,100.0,0,1
Co_macho_pnp_iPr|active,Co_macho_pnp_iPr,active,350.0,-44247.03948824004,311.80061663373107,-43908.927132973724,216.53201670224982,203.16452751923973,-43977.699437107876,2.3352804975836268,kcal/mol,cal/(mol K),0,C17H36CoNOP2,GFN2-xTB/ALPB toluene gsolv + qRRHO + 1M,data/campaign/thermochemistry/Co_macho_pnp_iPr__active/result.json,e37311359f23e676c3331e6fbcf0ec3996a1d5c674120f0698ad9beb77380b89,data/campaign/thermochemistry/Co_macho_pnp_iPr__active/result.json#/attempts/0/native_command,data/datasets/thermochemistry/export_protocol.json,data/campaign/thermochemistry/Co_macho_pnp_iPr__active/accepted_geometry.xyz,f9e1cc284d85c75cd17197b5234eb9a49f1470fcb2e30384c56f78c5e1cc0e29,data/campaign/thermochemistry/Co_macho_pnp_iPr__active/hessian_00.npz,3ea7ec2310bf6e81ab496b40842204d4e09febdade8123c18eb944cb28622ccd,0,0,383.15,lowest G383.15 among eligible certificates; same geometry at all T,101325.0,1.0,100.0,0,1
Co_macho_pnp_iPr|active,Co_macho_pnp_iPr,active,360.0,-44247.03948824004,311.80061663373107,-43907.61488167408,220.22855231353265,206.56319054656072,-43979.55547421012,2.422156060718619,kcal/mol,cal/(mol K),0,C17H36CoNOP2,GFN2-xTB/ALPB toluene gsolv + qRRHO + 1M,data/campaign/thermochemistry/Co_macho_pnp_iPr__active/result.json,e37311359f23e676c3331e6fbcf0ec3996a1d5c674120f0698ad9beb77380b89,data/campaign/thermochemistry/Co_macho_pnp_iPr__active/result.json#/attempts/0/native_command,data/datasets/thermochemistry/export_protocol.json,data/campaign/thermochemistry/Co_macho_pnp_iPr__active/accepted_geometry.xyz,f9e1cc284d85c75cd17197b5234eb9a49f1470fcb2e30384c56f78c5e1cc0e29,data/campaign/thermochemistry/Co_macho_pnp_iPr__active/hessian_00.npz,3ea7ec2310bf6e81ab496b40842204d4e09febdade8123c18eb944cb28622ccd,0,0,383.15,lowest G383.15 among eligible certificates; same geometry at all T,101325.0,1.0,100.0,0,1
Co_macho_pnp_iPr|active,Co_macho_pnp_iPr,active,370.0,-44247.03948824004,311.80061663373107,-43906.2737964326,223.90280860923806,209.9473535854227,-43981.44473356316,2.509583696046293,kcal/mol,cal/(mol K),0,C17H36CoNOP2,GFN2-xTB/ALPB toluene gsolv + qRRHO + 1M,data/campaign/thermochemistry/Co_macho_pnp_iPr__active/result.json,e37311359f23e676c3331e6fbcf0ec3996a1d5c674120f0698ad9beb77380b89,data/campaign/thermochemistry/Co_macho_pnp_iPr__active/result.json#/attempts/0/native_command,data/datasets/thermochemistry/export_protocol.json,data/campaign/thermochemistry/Co_macho_pnp_iPr__active/accepted_geometry.xyz,f9e1cc284d85c75cd17197b5234eb9a49f1470fcb2e30384c56f78c5e1cc0e29,data/campaign/thermochemistry/Co_macho_pnp_iPr__active/hessian_00.npz,3ea7ec2310bf6e81ab496b40842204d4e09febdade8123c18eb944cb28622ccd,0,0,383.15,lowest G383.15 among eligible certificates; same geometry at all T,101325.0,1.0,100.0,0,1
Co_macho_pnp_iPr|active,Co_macho_pnp_iPr,active,380.0,-44247.03948824004,311.80061663373107,-43904.90410812799,227.55535844789415,213.31720257508545,-43983.36709662751,2.597548479011341,kcal/mol,cal/(mol K),0,C17H36CoNOP2,GFN2-xTB/ALPB toluene gsolv + qRRHO + 1M,data/campaign/thermochemistry/Co_macho_pnp_iPr__active/result.json,e37311359f23e676c3331e6fbcf0ec3996a1d5c674120f0698ad9beb77380b89,data/campaign/thermochemistry/Co_macho_pnp_iPr__active/result.json#/attempts/0/native_command,data/datasets/thermochemistry/export_protocol.json,data/campaign/thermochemistry/Co_macho_pnp_iPr__active/accepted_geometry.xyz,f9e1cc284d85c75cd17197b5234eb9a49f1470fcb2e30384c56f78c5e1cc0e29,data/campaign/thermochemistry/Co_macho_pnp_iPr__active/hessian_00.npz,3ea7ec2310bf6e81ab496b40842204d4e09febdade8123c18eb944cb28622ccd,0,0,383.15,lowest G383.15 among eligible certificates; same geometry at all T,101325.0,1.0,100.0,0,1
Co_macho_pnp_iPr|active,Co_macho_pnp_iPr,active,383.15,-44247.03948824004,311.80061663373107,-43904.46677334395,228.70149049526228,214.3757567636334,-43983.979478192356,2.625366355574337,kcal/mol,cal/(mol K),0,C17H36CoNOP2,GFN2-xTB/ALPB toluene gsolv + qRRHO + 1M,data/campaign/thermochemistry/Co_macho_pnp_iPr__active/result.json,e37311359f23e676c3331e6fbcf0ec3996a1d5c674120f0698ad9beb77380b89,data/campaign/thermochemistry/Co_macho_pnp_iPr__active/result.json#/attempts/0/native_command,data/datasets/thermochemistry/export_protocol.json,data/campaign/thermochemistry/Co_macho_pnp_iPr__active/accepted_geometry.xyz,f9e1cc284d85c75cd17197b5234eb9a49f1470fcb2e30384c56f78c5e1cc0e29,data/campaign/thermochemistry/Co_macho_pnp_iPr__active/hessian_00.npz,3ea7ec2310bf6e81ab496b40842204d4e09febdade8123c18eb944cb28622ccd,0,0,383.15,lowest G383.15 among eligible certificates; same geometry at all T,101325.0,1.0,100.0,0,1
Co_macho_pnp_iPr|active,Co_macho_pnp_iPr,active,390.0,-44247.03948824004,311.80061663373107,-43903.506078745755,231.18664920284638,216.67282545409026,-43985.32244440201,2.686036270841015,kcal/mol,cal/(mol K),0,C17H36CoNOP2,GFN2-xTB/ALPB toluene gsolv + qRRHO + 1M,data/campaign/thermochemistry/Co_macho_pnp_iPr__active/result.json,e37311359f23e676c3331e6fbcf0ec3996a1d5c674120f0698ad9beb77380b89,data/campaign/thermochemistry/Co_macho_pnp_iPr__active/result.json#/attempts/0/native_command,data/datasets/thermochemistry/export_protocol.json,data/campaign/thermochemistry/Co_macho_pnp_iPr__active/accepted_geometry.xyz,f9e1cc284d85c75cd17197b5234eb9a49f1470fcb2e30384c56f78c5e1cc0e29,data/campaign/thermochemistry/Co_macho_pnp_iPr__active/hessian_00.npz,3ea7ec2310bf6e81ab496b40842204d4e09febdade8123c18eb944cb28622ccd,0,0,383.15,lowest G383.15 among eligible certificates; same geometry at all T,101325.0,1.0,100.0,0,1
Co_macho_pnp_iPr|active,Co_macho_pnp_iPr,active,400.0,-44247.03948824004,311.80061663373107,-43902.07999782981,234.79702445872795,220.01423138283155,-43987.31065672487,2.775033658072708,kcal/mol,cal/(mol K),0,C17H36CoNOP2,GFN2-xTB/ALPB toluene gsolv + qRRHO + 1M,data/campaign/thermochemistry/Co_macho_pnp_iPr__active/result.json,e37311359f23e676c3331e6fbcf0ec3996a1d5c674120f0698ad9beb77380b89,data/campaign/thermochemistry/Co_macho_pnp_iPr__active/result.json#/attempts/0/native_command,data/datasets/thermochemistry/export_protocol.json,data/campaign/thermochemistry/Co_macho_pnp_iPr__active/accepted_geometry.xyz,f9e1cc284d85c75cd17197b5234eb9a49f1470fcb2e30384c56f78c5e1cc0e29,data/campaign/thermochemistry/Co_macho_pnp_iPr__active/hessian_00.npz,3ea7ec2310bf6e81ab496b40842204d4e09febdade8123c18eb944cb28622ccd,0,0,383.15,lowest G383.15 among eligible certificates; same geometry at all T,101325.0,1.0,100.0,0,1
Co_macho_pnp_iPr|active,Co_macho_pnp_iPr,active,410.0,-44247.03948824004,311.80061663373107,-43900.62617893558,238.38674302532672,223.34136754694774,-43989.33161173169,2.8645278981321125,kcal/mol,cal/(mol K),0,C17H36CoNOP2,GFN2-xTB/ALPB toluene gsolv + qRRHO + 1M,data/campaign/thermochemistry/Co_macho_pnp_iPr__active/result.json,e37311359f23e676c3331e6fbcf0ec3996a1d5c674120f0698ad9beb77380b89,data/campaign/thermochemistry/Co_macho_pnp_iPr__active/result.json#/attempts/0/native_command,data/datasets/thermochemistry/export_protocol.json,data/campaign/thermochemistry/Co_macho_pnp_iPr__active/accepted_geometry.xyz,f9e1cc284d85c75cd17197b5234eb9a49f1470fcb2e30384c56f78c5e1cc0e29,data/campaign/thermochemistry/Co_macho_pnp_iPr__active/hessian_00.npz,3ea7ec2310bf6e81ab496b40842204d4e09febdade8123c18eb944cb28622ccd,0,0,383.15,lowest G383.15 among eligible certificates; same geometry at all T,101325.0,1.0,100.0,0,1
Co_macho_pnp_iPr|active,Co_macho_pnp_iPr,active,420.0,-44247.03948824004,311.80061663373107,-43899.14495616949,241.9559954519736,226.65413369305475,-43991.38518545035,2.954506870223601,kcal/mol,cal/(mol K),0,C17H36CoNOP2,GFN2-xTB/ALPB toluene gsolv + qRRHO + 1M,data/campaign/thermochemistry/Co_macho_pnp_iPr__active/result.json,e37311359f23e676c3331e6fbcf0ec3996a1d5c674120f0698ad9beb77380b89,data/campaign/thermochemistry/Co_macho_pnp_iPr__active/result.json#/attempts/0/native_command,data/datasets/thermochemistry/export_protocol.json,data/campaign/thermochemistry/Co_macho_pnp_iPr__active/accepted_geometry.xyz,f9e1cc284d85c75cd17197b5234eb9a49f1470fcb2e30384c56f78c5e1cc0e29,data/campaign/thermochemistry/Co_macho_pnp_iPr__active/hessian_00.npz,3ea7ec2310bf6e81ab496b40842204d4e09febdade8123c18eb944cb28622ccd,0,0,383.15,lowest G383.15 among eligible certificates; same geometry at all T,101325.0,1.0,100.0,0,1
Co_macho_pnp_iPr|active,Co_macho_pnp_iPr,active,430.0,-44247.03948824004,311.80061663373107,-43897.63668087819,245.5049182465108,229.9523945733674,-43993.47125151384,3.044959030900024,kcal/mol,cal/(mol K),0,C17H36CoNOP2,GFN2-xTB/ALPB toluene gsolv + qRRHO + 1M,data/campaign/thermochemistry/Co_macho_pnp_iPr__active/result.json,e37311359f23e676c3331e6fbcf0ec3996a1d5c674120f0698ad9beb77380b89,data/campaign/thermochemistry/Co_macho_pnp_iPr__active/result.json#/attempts/0/native_command,data/datasets/thermochemistry/export_protocol.json,data/campaign/thermochemistry/Co_macho_pnp_iPr__active/accepted_geometry.xyz,f9e1cc284d85c75cd17197b5234eb9a49f1470fcb2e30384c56f78c5e1cc0e29,data/campaign/thermochemistry/Co_macho_pnp_iPr__active/hessian_00.npz,3ea7ec2310bf6e81ab496b40842204d4e09febdade8123c18eb944cb28622ccd,0,0,383.15,lowest G383.15 among eligible certificates; same geometry at all T,101325.0,1.0,100.0,0,1
Co_macho_pnp_iPr|active,Co_macho_pnp_iPr,active,440.0,-44247.03948824004,311.80061663373107,-43896.10171853232,249.03360601208834,233.23599048849408,-43995.58968097349,3.135873373767528,kcal/mol,cal/(mol K),0,C17H36CoNOP2,GFN2-xTB/ALPB toluene gsolv + qRRHO + 1M,data/campaign/thermochemistry/Co_macho_pnp_iPr__active/result.json,e37311359f23e676c3331e6fbcf0ec3996a1d5c674120f0698ad9beb77380b89,data/campaign/thermochemistry/Co_macho_pnp_iPr__active/result.json#/attempts/0/native_command,data/datasets/thermochemistry/export_protocol.json,data/campaign/thermochemistry/Co_macho_pnp_iPr__active/accepted_geometry.xyz,f9e1cc284d85c75cd17197b5234eb9a49f1470fcb2e30384c56f78c5e1cc0e29,data/campaign/thermochemistry/Co_macho_pnp_iPr__active/hessian_00.npz,3ea7ec2310bf6e81ab496b40842204d4e09febdade8123c18eb944cb28622ccd,0,0,383.15,lowest G383.15 among eligible certificates; same geometry at all T,101325.0,1.0,100.0,0,1
Co_macho_pnp_iPr|hydrogenated,Co_macho_pnp_iPr,hydrogenated,298.15,-44885.75729867955,325.625802119241,-44540.00887115588,193.5700788342493,184.66356348176674,-44593.17198416247,1.894328445494145,kcal/mol,cal/(mol K),0,C17H38CoNOP2,GFN2-xTB/ALPB toluene gsolv + qRRHO + 1M,data/campaign/thermochemistry/Co_macho_pnp_iPr__hydrogenated/result.json,8984681993ecfb72037160d2f986acda4caf68794127e2a041ad754f9d8f4a94,data/campaign/thermochemistry/Co_macho_pnp_iPr__hydrogenated/result.json#/attempts/0/native_command,data/datasets/thermochemistry/export_protocol.json,data/campaign/thermochemistry/Co_macho_pnp_iPr__hydrogenated/accepted_geometry.xyz,980437b80d652615b0ef2f057c984bfc6952f150c4bd6882ad0f874a295f04b8,data/campaign/thermochemistry/Co_macho_pnp_iPr__hydrogenated/hessian_00.npz,5c29a33da0c52433efff09d3dbe7c6140090b0ca37ec2ac5f3bfde867f5df43e,1,0,383.15,lowest G383.15 among eligible certificates; same geometry at all T,101325.0,1.0,100.0,0,1
Co_macho_pnp_iPr|hydrogenated,Co_macho_pnp_iPr,hydrogenated,340.0,-44885.75729867955,325.625802119241,-44534.820345510954,209.83619110017912,199.70074373444174,-44600.4696255963,2.248972784367174,kcal/mol,cal/(mol K),0,C17H38CoNOP2,GFN2-xTB/ALPB toluene gsolv + qRRHO + 1M,data/campaign/thermochemistry/Co_macho_pnp_iPr__hydrogenated/result.json,8984681993ecfb72037160d2f986acda4caf68794127e2a041ad754f9d8f4a94,data/campaign/thermochemistry/Co_macho_pnp_iPr__hydrogenated/result.json#/attempts/0/native_command,data/datasets/thermochemistry/export_protocol.json,data/campaign/thermochemistry/Co_macho_pnp_iPr__hydrogenated/accepted_geometry.xyz,980437b80d652615b0ef2f057c984bfc6952f150c4bd6882ad0f874a295f04b8,data/campaign/thermochemistry/Co_macho_pnp_iPr__hydrogenated/hessian_00.npz,5c29a33da0c52433efff09d3dbe7c6140090b0ca37ec2ac5f3bfde867f5df43e,1,0,383.15,lowest G383.15 among eligible certificates; same geometry at all T,101325.0,1.0,100.0,0,1
Co_macho_pnp_iPr|hydrogenated,Co_macho_pnp_iPr,hydrogenated,350.0,-44885.75729867955,325.625802119241,-44533.501488982714,213.65901919853027,203.2509203338633,-44602.30403060198,2.3352804975836268,kcal/mol,cal/(mol K),0,C17H38CoNOP2,GFN2-xTB/ALPB toluene gsolv + qRRHO + 1M,data/campaign/thermochemistry/Co_macho_pnp_iPr__hydrogenated/result.json,8984681993ecfb72037160d2f986acda4caf68794127e2a041ad754f9d8f4a94,data/campaign/thermochemistry/Co_macho_pnp_iPr__hydrogenated/result.json#/attempts/0/native_command,data/datasets/thermochemistry/export_protocol.json,data/campaign/thermochemistry/Co_macho_pnp_iPr__hydrogenated/accepted_geometry.xyz,980437b80d652615b0ef2f057c984bfc6952f150c4bd6882ad0f874a295f04b8,data/campaign/thermochemistry/Co_macho_pnp_iPr__hydrogenated/hessian_00.npz,5c29a33da0c52433efff09d3dbe7c6140090b0ca37ec2ac5f3bfde867f5df43e,1,0,383.15,lowest G383.15 among eligible certificates; same geometry at all T,101325.0,1.0,100.0,0,1
Co_macho_pnp_iPr|hydrogenated,Co_macho_pnp_iPr,hydrogenated,360.0,-44885.75729867955,325.625802119241,-44532.1524349677,217.4592236333996,206.78571188978614,-44604.1731351873,2.422156060718619,kcal/mol,cal/(mol K),0,C17H38CoNOP2,GFN2-xTB/ALPB toluene gsolv + qRRHO + 1M,data/campaign/thermochemistry/Co_macho_pnp_iPr__hydrogenated/result.json,8984681993ecfb72037160d2f986acda4caf68794127e2a041ad754f9d8f4a94,data/campaign/thermochemistry/Co_macho_pnp_iPr__hydrogenated/result.json#/attempts/0/native_command,data/datasets/thermochemistry/export_protocol.json,data/campaign/thermochemistry/Co_macho_pnp_iPr__hydrogenated/accepted_geometry.xyz,980437b80d652615b0ef2f057c984bfc6952f150c4bd6882ad0f874a295f04b8,data/campaign/thermochemistry/Co_macho_pnp_iPr__hydrogenated/hessian_00.npz,5c29a33da0c52433efff09d3dbe7c6140090b0ca37ec2ac5f3bfde867f5df43e,1,0,383.15,lowest G383.15 among eligible certificates; same geometry at all T,101325.0,1.0,100.0,0,1
Co_macho_pnp_iPr|hydrogenated,Co_macho_pnp_iPr,hydrogenated,370.0,-44885.75729867955,325.625802119241,-44530.77339980467,221.23745170714741,210.3054022200971,-44606.07681493006,2.509583696046293,kcal/mol,cal/(mol K),0,C17H38CoNOP2,GFN2-xTB/ALPB toluene gsolv + qRRHO + 1M,data/campaign/thermochemistry/Co_macho_pnp_iPr__hydrogenated/result.json,8984681993ecfb72037160d2f986acda4caf68794127e2a041ad754f9d8f4a94,data/campaign/thermochemistry/Co_macho_pnp_iPr__hydrogenated/result.json#/attempts/0/native_command,data/datasets/thermochemistry/export_protocol.json,data/campaign/thermochemistry/Co_macho_pnp_iPr__hydrogenated/accepted_geometry.xyz,980437b80d652615b0ef2f057c984bfc6952f150c4bd6882ad0f874a295f04b8,data/campaign/thermochemistry/Co_macho_pnp_iPr__hydrogenated/hessian_00.npz,5c29a33da0c52433efff09d3dbe7c6140090b0ca37ec2ac5f3bfde867f5df43e,1,0,383.15,lowest G383.15 among eligible certificates; same geometry at all T,101325.0,1.0,100.0,0,1
Co_macho_pnp_iPr|hydrogenated,Co_macho_pnp_iPr,hydrogenated,380.0,-44885.75729867955,325.625802119241,-44529.36463446411,224.99420653051342,213.8101568006582,-44608.014945569346,2.597548479011341,kcal/mol,cal/(mol K),0,C17H38CoNOP2,GFN2-xTB/ALPB toluene gsolv + qRRHO + 1M,data/campaign/thermochemistry/Co_macho_pnp_iPr__hydrogenated/result.json,8984681993ecfb72037160d2f986acda4caf68794127e2a041ad754f9d8f4a94,data/campaign/thermochemistry/Co_macho_pnp_iPr__hydrogenated/result.json#/attempts/0/native_command,data/datasets/thermochemistry/export_protocol.json,data/campaign/thermochemistry/Co_macho_pnp_iPr__hydrogenated/accepted_geometry.xyz,980437b80d652615b0ef2f057c984bfc6952f150c4bd6882ad0f874a295f04b8,data/campaign/thermochemistry/Co_macho_pnp_iPr__hydrogenated/hessian_00.npz,5c29a33da0c52433efff09d3dbe7c6140090b0ca37ec2ac5f3bfde867f5df43e,1,0,383.15,lowest G383.15 among eligible certificates; same geometry at all T,101325.0,1.0,100.0,0,1
Co_macho_pnp_iPr|hydrogenated,Co_macho_pnp_iPr,hydrogenated,383.15,-44885.75729867955,325.625802119241,-44528.914760198284,226.17320099719709,214.9110743849516,-44608.6325719933,2.625366355574337,kcal/mol,cal/(mol K),0,C17H38CoNOP2,GFN2-xTB/ALPB toluene gsolv + qRRHO + 1M,data/campaign/thermochemistry/Co_macho_pnp_iPr__hydrogenated/result.json,8984681993ecfb72037160d2f986acda4caf68794127e2a041ad754f9d8f4a94,data/campaign/thermochemistry/Co_macho_pnp_iPr__hydrogenated/result.json#/attempts/0/native_command,data/datasets/thermochemistry/export_protocol.json,data/campaign/thermochemistry/Co_macho_pnp_iPr__hydrogenated/accepted_geometry.xyz,980437b80d652615b0ef2f057c984bfc6952f150c4bd6882ad0f874a295f04b8,data/campaign/thermochemistry/Co_macho_pnp_iPr__hydrogenated/hessian_00.npz,5c29a33da0c52433efff09d3dbe7c6140090b0ca37ec2ac5f3bfde867f5df43e,1,0,383.15,lowest G383.15 among eligible certificates; same geometry at all T,101325.0,1.0,100.0,0,1
Co_macho_pnp_iPr|hydrogenated,Co_macho_pnp_iPr,hydrogenated,390.0,-44885.75729867955,325.625802119241,-44527.92642112074,228.72987091202177,217.3000443518891,-44609.98740214714,2.686036270841015,kcal/mol,cal/(mol K),0,C17H38CoNOP2,GFN2-xTB/ALPB toluene gsolv + qRRHO + 1M,data/campaign/thermochemistry/Co_macho_pnp_iPr__hydrogenated/result.json,8984681993ecfb72037160d2f986acda4caf68794127e2a041ad754f9d8f4a94,data/campaign/thermochemistry/Co_macho_pnp_iPr__hydrogenated/result.json#/attempts/0/native_command,data/datasets/thermochemistry/export_protocol.json,data/campaign/thermochemistry/Co_macho_pnp_iPr__hydrogenated/accepted_geometry.xyz,980437b80d652615b0ef2f057c984bfc6952f150c4bd6882ad0f874a295f04b8,data/campaign/thermochemistry/Co_macho_pnp_iPr__hydrogenated/hessian_00.npz,5c29a33da0c52433efff09d3dbe7c6140090b0ca37ec2ac5f3bfde867f5df43e,1,0,383.15,lowest G383.15 among eligible certificates; same geometry at all T,101325.0,1.0,100.0,0,1
Co_macho_pnp_iPr|hydrogenated,Co_macho_pnp_iPr,hydrogenated,400.0,-44885.75729867955,325.625802119241,-44526.459069600176,232.44472854208394,220.7750559585101,-44611.99405832551,2.775033658072708,kcal/mol,cal/(mol K),0,C17H38CoNOP2,GFN2-xTB/ALPB toluene gsolv + qRRHO + 1M,data/campaign/thermochemistry/Co_macho_pnp_iPr__hydrogenated/result.json,8984681993ecfb72037160d2f986acda4caf68794127e2a041ad754f9d8f4a94,data/campaign/thermochemistry/Co_macho_pnp_iPr__hydrogenated/result.json#/attempts/0/native_command,data/datasets/thermochemistry/export_protocol.json,data/campaign/thermochemistry/Co_macho_pnp_iPr__hydrogenated/accepted_geometry.xyz,980437b80d652615b0ef2f057c984bfc6952f150c4bd6882ad0f874a295f04b8,data/campaign/thermochemistry/Co_macho_pnp_iPr__hydrogenated/hessian_00.npz,5c29a33da0c52433efff09d3dbe7c6140090b0ca37ec2ac5f3bfde867f5df43e,1,0,383.15,lowest G383.15 among eligible certificates; same geometry at all T,101325.0,1.0,100.0,0,1
Co_macho_pnp_iPr|hydrogenated,Co_macho_pnp_iPr,hydrogenated,410.0,-44885.75729867955,325.625802119241,-44524.962913813324,236.13898259139637,224.2351218150584,-44614.03478585937,2.8645278981321125,kcal/mol,cal/(mol K),0,C17H38CoNOP2,GFN2-xTB/ALPB toluene gsolv + qRRHO + 1M,data/campaign/thermochemistry/Co_macho_pnp_iPr__hydrogenated/result.json,8984681993ecfb72037160d2f986acda4caf68794127e2a041ad754f9d8f4a94,data/campaign/thermochemistry/Co_macho_pnp_iPr__hydrogenated/result.json#/attempts/0/native_command,data/datasets/thermochemistry/export_protocol.json,data/campaign/thermochemistry/Co_macho_pnp_iPr__hydrogenated/accepted_geometry.xyz,980437b80d652615b0ef2f057c984bfc6952f150c4bd6882ad0f874a295f04b8,data/campaign/thermochemistry/Co_macho_pnp_iPr__hydrogenated/hessian_00.npz,5c29a33da0c52433efff09d3dbe7c6140090b0ca37ec2ac5f3bfde867f5df43e,1,0,383.15,lowest G383.15 among eligible certificates; same geometry at all T,101325.0,1.0,100.0,0,1
Co_macho_pnp_iPr|hydrogenated,Co_macho_pnp_iPr,hydrogenated,420.0,-44885.75729867955,325.625802119241,-44523.4383082668,239.81277188516282,227.68012573481545,-44616.1094542052,2.954506870223601,kcal/mol,cal/(mol K),0,C17H38CoNOP2,GFN2-xTB/ALPB toluene gsolv + qRRHO + 1M,data/campaign/thermochemistry/Co_macho_pnp_iPr__hydrogenated/result.json,8984681993ecfb72037160d2f986acda4caf68794127e2a041ad754f9d8f4a94,data/campaign/thermochemistry/Co_macho_pnp_iPr__hydrogenated/result.json#/attempts/0/native_command,data/datasets/thermochemistry/export_protocol.json,data/campaign/thermochemistry/Co_macho_pnp_iPr__hydrogenated/accepted_geometry.xyz,980437b80d652615b0ef2f057c984bfc6952f150c4bd6882ad0f874a295f04b8,data/campaign/thermochemistry/Co_macho_pnp_iPr__hydrogenated/hessian_00.npz,5c29a33da0c52433efff09d3dbe7c6140090b0ca37ec2ac5f3bfde867f5df43e,1,0,383.15,lowest G383.15 among eligible certificates; same geometry at all T,101325.0,1.0,100.0,0,1
Co_macho_pnp_iPr|hydrogenated,Co_macho_pnp_iPr,hydrogenated,430.0,-44885.75729867955,325.625802119241,-44521.88562471539,243.46618484005654,231.109917587956,-44618.21793024731,3.044959030900024,kcal/mol,cal/(mol K),0,C17H38CoNOP2,GFN2-xTB/ALPB toluene gsolv + qRRHO + 1M,data/campaign/thermochemistry/Co_macho_pnp_iPr__hydrogenated/result.json,8984681993ecfb72037160d2f986acda4caf68794127e2a041ad754f9d8f4a94,data/campaign/thermochemistry/Co_macho_pnp_iPr__hydrogenated/result.json#/attempts/0/native_command,data/datasets/thermochemistry/export_protocol.json,data/campaign/thermochemistry/Co_macho_pnp_iPr__hydrogenated/accepted_geometry.xyz,980437b80d652615b0ef2f057c984bfc6952f150c4bd6882ad0f874a295f04b8,data/campaign/thermochemistry/Co_macho_pnp_iPr__hydrogenated/hessian_00.npz,5c29a33da0c52433efff09d3dbe7c6140090b0ca37ec2ac5f3bfde867f5df43e,1,0,383.15,lowest G383.15 among eligible certificates; same geometry at all T,101325.0,1.0,100.0,0,1
Co_macho_pnp_iPr|hydrogenated,Co_macho_pnp_iPr,hydrogenated,440.0,-44885.75729867955,325.625802119241,-44520.30524900375,247.09927136359565,234.52432384998005,-44620.36007812398,3.135873373767528,kcal/mol,cal/(mol K),0,C17H38CoNOP2,GFN2-xTB/ALPB toluene gsolv + qRRHO + 1M,data/campaign/thermochemistry/Co_macho_pnp_iPr__hydrogenated/result.json,8984681993ecfb72037160d2f986acda4caf68794127e2a041ad754f9d8f4a94,data/campaign/thermochemistry/Co_macho_pnp_iPr__hydrogenated/result.json#/attempts/0/native_command,data/datasets/thermochemistry/export_protocol.json,data/campaign/thermochemistry/Co_macho_pnp_iPr__hydrogenated/accepted_geometry.xyz,980437b80d652615b0ef2f057c984bfc6952f150c4bd6882ad0f874a295f04b8,data/campaign/thermochemistry/Co_macho_pnp_iPr__hydrogenated/hessian_00.npz,5c29a33da0c52433efff09d3dbe7c6140090b0ca37ec2ac5f3bfde867f5df43e,1,0,383.15,lowest G383.15 among eligible certificates; same geometry at all T,101325.0,1.0,100.0,0,1
Co_macho_pnp_iPr|protonated_reference,Co_macho_pnp_iPr,protonated_reference,298.15,-44378.71872224268,320.8447712084456,-44037.894372125214,195.90794375842196,184.58451781225028,-44091.033917665445,1.894328445494145,kcal/mol,cal/(mol K),1,C17H37CoNOP2,GFN2-xTB/ALPB toluene gsolv + qRRHO + 1M,data/campaign/thermochemistry/Co_macho_pnp_iPr__protonated_reference/result.json,995cb767a7127cfd30e0a1767bc5d54eeaf89f8ea5bbb81ec9c1f093714c9745,data/campaign/thermochemistry/Co_macho_pnp_iPr__protonated_reference/result.json#/attempts/0/native_command,data/datasets/thermochemistry/export_protocol.json,data/campaign/thermochemistry/Co_macho_pnp_iPr__protonated_reference/accepted_geometry.xyz,bbdb815919dcf493a9b116254f5556dbcd7ddfcae6352d8d39c1f89a6856b794,data/campaign/thermochemistry/Co_macho_pnp_iPr__protonated_reference/hessian_00.npz,3e9b1f83e3bee34f21f8659f09a17641a2c88c1104bcde65a89286fa51ae9f84,0,0,383.15,lowest G383.15 among eligible certificates; same geometry at all T,101325.0,1.0,100.0,0,1
Co_macho_pnp_iPr|protonated_reference,Co_macho_pnp_iPr,protonated_reference,340.0,-44378.71872224268,320.8447712084456,-44032.79510613494,211.89423392856656,199.2057643105681,-44098.27609321617,2.248972784367174,kcal/mol,cal/(mol K),1,C17H37CoNOP2,GFN2-xTB/ALPB toluene gsolv + qRRHO + 1M,data/campaign/thermochemistry/Co_macho_pnp_iPr__protonated_reference/result.json,995cb767a7127cfd30e0a1767bc5d54eeaf89f8ea5bbb81ec9c1f093714c9745,data/campaign/thermochemistry/Co_macho_pnp_iPr__protonated_reference/result.json#/attempts/0/native_command,data/datasets/thermochemistry/export_protocol.json,data/campaign/thermochemistry/Co_macho_pnp_iPr__protonated_reference/accepted_geometry.xyz,bbdb815919dcf493a9b116254f5556dbcd7ddfcae6352d8d39c1f89a6856b794,data/campaign/thermochemistry/Co_macho_pnp_iPr__protonated_reference/hessian_00.npz,3e9b1f83e3bee34f21f8659f09a17641a2c88c1104bcde65a89286fa51ae9f84,0,0,383.15,lowest G383.15 among eligible certificates; same geometry at all T,101325.0,1.0,100.0,0,1
Co_macho_pnp_iPr|protonated_reference,Co_macho_pnp_iPr,protonated_reference,350.0,-44378.71872224268,320.8447712084456,-44031.49894841156,215.6512673775073,202.6601860001802,-44100.09473301404,2.3352804975836268,kcal/mol,cal/(mol K),1,C17H37CoNOP2,GFN2-xTB/ALPB toluene gsolv + qRRHO + 1M,data/campaign/thermochemistry/Co_macho_pnp_iPr__protonated_reference/result.json,995cb767a7127cfd30e0a1767bc5d54eeaf89f8ea5bbb81ec9c1f093714c9745,data/campaign/thermochemistry/Co_macho_pnp_iPr__protonated_reference/result.json#/attempts/0/native_command,data/datasets/thermochemistry/export_protocol.json,data/campaign/thermochemistry/Co_macho_pnp_iPr__protonated_reference/accepted_geometry.xyz,bbdb815919dcf493a9b116254f5556dbcd7ddfcae6352d8d39c1f89a6856b794,data/campaign/thermochemistry/Co_macho_pnp_iPr__protonated_reference/hessian_00.npz,3e9b1f83e3bee34f21f8659f09a17641a2c88c1104bcde65a89286fa51ae9f84,0,0,383.15,lowest G383.15 among eligible certificates; same geometry at all T,101325.0,1.0,100.0,0,1
Co_macho_pnp_iPr|protonated_reference,Co_macho_pnp_iPr,protonated_reference,360.0,-44378.71872224268,320.8447712084456,-44030.17310309347,219.3860942280686,206.10050788487962,-44101.9471298713,2.422156060718619,kcal/mol,cal/(mol K),1,C17H37CoNOP2,GFN2-xTB/ALPB toluene gsolv + qRRHO + 1M,data/campaign/thermochemistry/Co_macho_pnp_iPr__protonated_reference/result.json,995cb767a7127cfd30e0a1767bc5d54eeaf89f8ea5bbb81ec9c1f093714c9745,data/campaign/thermochemistry/Co_macho_pnp_iPr__protonated_reference/result.json#/attempts/0/native_command,data/datasets/thermochemistry/export_protocol.json,data/campaign/thermochemistry/Co_macho_pnp_iPr__protonated_reference/accepted_geometry.xyz,bbdb815919dcf493a9b116254f5556dbcd7ddfcae6352d8d39c1f89a6856b794,data/campaign/thermochemistry/Co_macho_pnp_iPr__protonated_reference/hessian_00.npz,3e9b1f83e3bee34f21f8659f09a17641a2c88c1104bcde65a89286fa51ae9f84,0,0,383.15,lowest G383.15 among eligible certificates; same geometry at all T,101325.0,1.0,100.0,0,1
Co_macho_pnp_iPr|protonated_reference,Co_macho_pnp_iPr,protonated_reference,370.0,-44378.71872224268,320.8447712084456,-44028.81778041848,223.0993556521137,209.52695824670928,-44103.83317127372,2.509583696046293,kcal/mol,cal/(mol K),1,C17H37CoNOP2,GFN2-xTB/ALPB toluene gsolv + qRRHO + 1M,data/campaign/thermochemistry/Co_macho_pnp_iPr__protonated_reference/result.json,995cb767a7127cfd30e0a1767bc5d54eeaf89f8ea5bbb81ec9c1f093714c9745,data/campaign/thermochemistry/Co_macho_pnp_iPr__protonated_reference/result.json#/attempts/0/native_command,data/datasets/thermochemistry/export_protocol.json,data/campaign/thermochemistry/Co_macho_pnp_iPr__protonated_reference/accepted_geometry.xyz,bbdb815919dcf493a9b116254f5556dbcd7ddfcae6352d8d39c1f89a6856b794,data/campaign/thermochemistry/Co_macho_pnp_iPr__protonated_reference/hessian_00.npz,3e9b1f83e3bee34f21f8659f09a17641a2c88c1104bcde65a89286fa51ae9f84,0,0,383.15,lowest G383.15 among eligible certificates; same geometry at all T,101325.0,1.0,100.0,0,1
Co_macho_pnp_iPr|protonated_reference,Co_macho_pnp_iPr,protonated_reference,380.0,-44378.71872224268,320.8447712084456,-44027.433226461435,226.79154590389493,212.9396484314162,-44105.752744386366,2.597548479011341,kcal/mol,cal/(mol K),1,C17H37CoNOP2,GFN2-xTB/ALPB toluene gsolv + qRRHO + 1M,data/campaign/thermochemistry/Co_macho_pnp_iPr__protonated_reference/result.json,995cb767a7127cfd30e0a1767bc5d54eeaf89f8ea5bbb81ec9c1f093714c9745,data/campaign/thermochemistry/Co_macho_pnp_iPr__protonated_reference/result.json#/attempts/0/native_command,data/datasets/thermochemistry/export_protocol.json,data/campaign/thermochemistry/Co_macho_pnp_iPr__protonated_reference/accepted_geometry.xyz,bbdb815919dcf493a9b116254f5556dbcd7ddfcae6352d8d39c1f89a6856b794,data/campaign/thermochemistry/Co_macho_pnp_iPr__protonated_reference/hessian_00.npz,3e9b1f83e3bee34f21f8659f09a17641a2c88c1104bcde65a89286fa51ae9f84,0,0,383.15,lowest G383.15 among eligible certificates; same geometry at all T,101325.0,1.0,100.0,0,1
Co_macho_pnp_iPr|protonated_reference,Co_macho_pnp_iPr,protonated_reference,383.15,-44378.71872224268,320.8447712084456,-44026.991081458495,227.95028413515854,214.0118007952606,-44106.36433657762,2.625366355574337,kcal/mol,cal/(mol K),1,C17H37CoNOP2,GFN2-xTB/ALPB toluene gsolv + qRRHO + 1M,data/campaign/thermochemistry/Co_macho_pnp_iPr__protonated_reference/result.json,995cb767a7127cfd30e0a1767bc5d54eeaf89f8ea5bbb81ec9c1f093714c9745,data/campaign/thermochemistry/Co_macho_pnp_iPr__protonated_reference/result.json#/attempts/0/native_command,data/datasets/thermochemistry/export_protocol.json,data/campaign/thermochemistry/Co_macho_pnp_iPr__protonated_reference/accepted_geometry.xyz,bbdb815919dcf493a9b116254f5556dbcd7ddfcae6352d8d39c1f89a6856b794,data/campaign/thermochemistry/Co_macho_pnp_iPr__protonated_reference/hessian_00.npz,3e9b1f83e3bee34f21f8659f09a17641a2c88c1104bcde65a89286fa51ae9f84,0,0,383.15,lowest G383.15 among eligible certificates; same geometry at all T,101325.0,1.0,100.0,0,1
Co_macho_pnp_iPr|protonated_reference,Co_macho_pnp_iPr,protonated_reference,390.0,-44378.71872224268,320.8447712084456,-44026.01971946771,230.46303711392528,216.33859488900347,-44107.705735203584,2.686036270841015,kcal/mol,cal/(mol K),1,C17H37CoNOP2,GFN2-xTB/ALPB toluene gsolv + qRRHO + 1M,data/campaign/thermochemistry/Co_macho_pnp_iPr__protonated_reference/result.json,995cb767a7127cfd30e0a1767bc5d54eeaf89f8ea5bbb81ec9c1f093714c9745,data/campaign/thermochemistry/Co_macho_pnp_iPr__protonated_reference/result.json#/attempts/0/native_command,data/datasets/thermochemistry/export_protocol.json,data/campaign/thermochemistry/Co_macho_pnp_iPr__protonated_reference/accepted_geometry.xyz,bbdb815919dcf493a9b116254f5556dbcd7ddfcae6352d8d39c1f89a6856b794,data/campaign/thermochemistry/Co_macho_pnp_iPr__protonated_reference/hessian_00.npz,3e9b1f83e3bee34f21f8659f09a17641a2c88c1104bcde65a89286fa51ae9f84,0,0,383.15,lowest G383.15 among eligible certificates; same geometry at all T,101325.0,1.0,100.0,0,1
Co_macho_pnp_iPr|protonated_reference,Co_macho_pnp_iPr,protonated_reference,400.0,-44378.71872224268,320.8447712084456,-44024.577566084685,234.11410120265688,219.72373863250104,-44109.69202787961,2.775033658072708,kcal/mol,cal/(mol K),1,C17H37CoNOP2,GFN2-xTB/ALPB toluene gsolv + qRRHO + 1M,data/campaign/thermochemistry/Co_macho_pnp_iPr__protonated_reference/result.json,995cb767a7127cfd30e0a1767bc5d54eeaf89f8ea5bbb81ec9c1f093714c9745,data/campaign/thermochemistry/Co_macho_pnp_iPr__protonated_reference/result.json#/attempts/0/native_command,data/datasets/thermochemistry/export_protocol.json,data/campaign/thermochemistry/Co_macho_pnp_iPr__protonated_reference/accepted_geometry.xyz,bbdb815919dcf493a9b116254f5556dbcd7ddfcae6352d8d39c1f89a6856b794,data/campaign/thermochemistry/Co_macho_pnp_iPr__protonated_reference/hessian_00.npz,3e9b1f83e3bee34f21f8659f09a17641a2c88c1104bcde65a89286fa51ae9f84,0,0,383.15,lowest G383.15 among eligible certificates; same geometry at all T,101325.0,1.0,100.0,0,1
Co_macho_pnp_iPr|protonated_reference,Co_macho_pnp_iPr,protonated_reference,410.0,-44378.71872224268,320.8447712084456,-44023.10709760531,237.74492905830465,223.09496222297352,-44111.71150421859,2.8645278981321125,kcal/mol,cal/(mol K),1,C17H37CoNOP2,GFN2-xTB/ALPB toluene gsolv + qRRHO + 1M,data/campaign/thermochemistry/Co_macho_pnp_iPr__protonated_reference/result.json,995cb767a7127cfd30e0a1767bc5d54eeaf89f8ea5bbb81ec9c1f093714c9745,data/campaign/thermochemistry/Co_macho_pnp_iPr__protonated_reference/result.json#/attempts/0/native_command,data/datasets/thermochemistry/export_protocol.json,data/campaign/thermochemistry/Co_macho_pnp_iPr__protonated_reference/accepted_geometry.xyz,bbdb815919dcf493a9b116254f5556dbcd7ddfcae6352d8d39c1f89a6856b794,data/campaign/thermochemistry/Co_macho_pnp_iPr__protonated_reference/hessian_00.npz,3e9b1f83e3bee34f21f8659f09a17641a2c88c1104bcde65a89286fa51ae9f84,0,0,383.15,lowest G383.15 among eligible certificates; same geometry at all T,101325.0,1.0,100.0,0,1
Co_macho_pnp_iPr|protonated_reference,Co_macho_pnp_iPr,protonated_reference,420.0,-44378.71872224268,320.8447712084456,-44021.60866631156,241.35564716287402,226.4521044332458,-44113.7640433033,2.954506870223601,kcal/mol,cal/(mol K),1,C17H37CoNOP2,GFN2-xTB/ALPB toluene gsolv + qRRHO + 1M,data/campaign/thermochemistry/Co_macho_pnp_iPr__protonated_reference/result.json,995cb767a7127cfd30e0a1767bc5d54eeaf89f8ea5bbb81ec9c1f093714c9745,data/campaign/thermochemistry/Co_macho_pnp_iPr__protonated_reference/result.json#/attempts/0/native_command,data/datasets/thermochemistry/export_protocol.json,data/campaign/thermochemistry/Co_macho_pnp_iPr__protonated_reference/accepted_geometry.xyz,bbdb815919dcf493a9b116254f5556dbcd7ddfcae6352d8d39c1f89a6856b794,data/campaign/thermochemistry/Co_macho_pnp_iPr__protonated_reference/hessian_00.npz,3e9b1f83e3bee34f21f8659f09a17641a2c88c1104bcde65a89286fa51ae9f84,0,0,383.15,lowest G383.15 among eligible certificates; same geometry at all T,101325.0,1.0,100.0,0,1
Co_macho_pnp_iPr|protonated_reference,Co_macho_pnp_iPr,protonated_reference,430.0,-44378.71872224268,320.8447712084456,-44020.082641983056,244.94633187353085,229.79497277002588,-44115.84952124327,3.044959030900024,kcal/mol,cal/(mol K),1,C17H37CoNOP2,GFN2-xTB/ALPB toluene gsolv + qRRHO + 1M,data/campaign/thermochemistry/Co_macho_pnp_iPr__protonated_reference/result.json,995cb767a7127cfd30e0a1767bc5d54eeaf89f8ea5bbb81ec9c1f093714c9745,data/campaign/thermochemistry/Co_macho_pnp_iPr__protonated_reference/result.json#/attempts/0/native_command,data/datasets/thermochemistry/export_protocol.json,data/campaign/thermochemistry/Co_macho_pnp_iPr__protonated_reference/accepted_geometry.xyz,bbdb815919dcf493a9b116254f5556dbcd7ddfcae6352d8d39c1f89a6856b794,data/campaign/thermochemistry/Co_macho_pnp_iPr__protonated_reference/hessian_00.npz,3e9b1f83e3bee34f21f8659f09a17641a2c88c1104bcde65a89286fa51ae9f84,0,0,383.15,lowest G383.15 among eligible certificates; same geometry at all T,101325.0,1.0,100.0,0,1
Co_macho_pnp_iPr|protonated_reference,Co_macho_pnp_iPr,protonated_reference,440.0,-44378.71872224268,320.8447712084456,-44018.52940861662,248.5170215769169,233.12335404813055,-44117.96781102403,3.135873373767528,kcal/mol,cal/(mol K),1,C17H37CoNOP2,GFN2-xTB/ALPB toluene gsolv + qRRHO + 1M,data/campaign/thermochemistry/Co_macho_pnp_iPr__protonated_reference/result.json,995cb767a7127cfd30e0a1767bc5d54eeaf89f8ea5bbb81ec9c1f093714c9745,data/campaign/thermochemistry/Co_macho_pnp_iPr__protonated_reference/result.json#/attempts/0/native_command,data/datasets/thermochemistry/export_protocol.json,data/campaign/thermochemistry/Co_macho_pnp_iPr__protonated_reference/accepted_geometry.xyz,bbdb815919dcf493a9b116254f5556dbcd7ddfcae6352d8d39c1f89a6856b794,data/campaign/thermochemistry/Co_macho_pnp_iPr__protonated_reference/hessian_00.npz,3e9b1f83e3bee34f21f8659f09a17641a2c88c1104bcde65a89286fa51ae9f84,0,0,383.15,lowest G383.15 among eligible certificates; same geometry at all T,101325.0,1.0,100.0,0,1
Co_pyridine_pnn_Ph|active,Co_pyridine_pnn_Ph,active,298.15,-50685.041850452,271.733448978111,-50394.483716065806,193.35158536234226,179.21774965906292,-50446.023159681165,1.894328445494145,kcal/mol,cal/(mol K),0,C24H26CoN2OP,GFN2-xTB/ALPB toluene gsolv + qRRHO + 1M,data/campaign/thermochemistry/Co_pyridine_pnn_Ph__active/result.json,8cc389ec96422c62988975cbf91b56cfc15f975b10e56a0c9d1bff2af315720b,data/campaign/thermochemistry/Co_pyridine_pnn_Ph__active/result.json#/attempts/0/native_command,data/datasets/thermochemistry/export_protocol.json,data/campaign/thermochemistry/Co_pyridine_pnn_Ph__active/accepted_geometry.xyz,4a98443b7f854f18c1b7fdbcfbcd55e808df0bac1325ee582da7569402312078,data/campaign/thermochemistry/Co_pyridine_pnn_Ph__active/hessian_00.npz,c51b92dd182f4ce33837cda54e3acaf1597418c32703a152ab762e35193e2923,1,0,383.15,lowest G383.15 among eligible certificates; same geometry at all T,101325.0,1.0,100.0,0,1
Co_pyridine_pnn_Ph|active,Co_pyridine_pnn_Ph,active,340.0,-50685.041850452,271.733448978111,-50389.44893867956,209.1338761060565,193.63848478521058,-50453.03705072217,2.248972784367174,kcal/mol,cal/(mol K),0,C24H26CoN2OP,GFN2-xTB/ALPB toluene gsolv + qRRHO + 1M,data/campaign/thermochemistry/Co_pyridine_pnn_Ph__active/result.json,8cc389ec96422c62988975cbf91b56cfc15f975b10e56a0c9d1bff2af315720b,data/campaign/thermochemistry/Co_pyridine_pnn_Ph__active/result.json#/attempts/0/native_command,data/datasets/thermochemistry/export_protocol.json,data/campaign/thermochemistry/Co_pyridine_pnn_Ph__active/accepted_geometry.xyz,4a98443b7f854f18c1b7fdbcfbcd55e808df0bac1325ee582da7569402312078,data/campaign/thermochemistry/Co_pyridine_pnn_Ph__active/hessian_00.npz,c51b92dd182f4ce33837cda54e3acaf1597418c32703a152ab762e35193e2923,1,0,383.15,lowest G383.15 among eligible certificates; same geometry at all T,101325.0,1.0,100.0,0,1
Co_pyridine_pnn_Ph|active,Co_pyridine_pnn_Ph,active,350.0,-50685.041850452,271.733448978111,-50388.16190125818,212.86445742269837,197.06750750725132,-50454.800248388136,2.3352804975836268,kcal/mol,cal/(mol K),0,C24H26CoN2OP,GFN2-xTB/ALPB toluene gsolv + qRRHO + 1M,data/campaign/thermochemistry/Co_pyridine_pnn_Ph__active/result.json,8cc389ec96422c62988975cbf91b56cfc15f975b10e56a0c9d1bff2af315720b,data/campaign/thermochemistry/Co_pyridine_pnn_Ph__active/result.json#/attempts/0/native_command,data/datasets/thermochemistry/export_protocol.json,data/campaign/thermochemistry/Co_pyridine_pnn_Ph__active/accepted_geometry.xyz,4a98443b7f854f18c1b7fdbcfbcd55e808df0bac1325ee582da7569402312078,data/campaign/thermochemistry/Co_pyridine_pnn_Ph__active/hessian_00.npz,c51b92dd182f4ce33837cda54e3acaf1597418c32703a152ab762e35193e2923,1,0,383.15,lowest G383.15 among eligible certificates; same geometry at all T,101325.0,1.0,100.0,0,1
Co_pyridine_pnn_Ph|active,Co_pyridine_pnn_Ph,active,360.0,-50685.041850452,271.733448978111,-50386.843191539265,216.57917021576895,200.48882536703667,-50456.59701261068,2.422156060718619,kcal/mol,cal/(mol K),0,C24H26CoN2OP,GFN2-xTB/ALPB toluene gsolv + qRRHO + 1M,data/campaign/thermochemistry/Co_pyridine_pnn_Ph__active/result.json,8cc389ec96422c62988975cbf91b56cfc15f975b10e56a0c9d1bff2af315720b,data/campaign/thermochemistry/Co_pyridine_pnn_Ph__active/result.json#/attempts/0/native_command,data/datasets/thermochemistry/export_protocol.json,data/campaign/thermochemistry/Co_pyridine_pnn_Ph__active/accepted_geometry.xyz,4a98443b7f854f18c1b7fdbcfbcd55e808df0bac1325ee582da7569402312078,data/campaign/thermochemistry/Co_pyridine_pnn_Ph__active/hessian_00.npz,c51b92dd182f4ce33837cda54e3acaf1597418c32703a152ab762e35193e2923,1,0,383.15,lowest G383.15 among eligible certificates; same geometry at all T,101325.0,1.0,100.0,0,1
Co_pyridine_pnn_Ph|active,Co_pyridine_pnn_Ph,active,370.0,-50685.041850452,271.733448978111,-50385.49322182227,220.2777545473316,203.901755634543,-50458.427287711005,2.509583696046293,kcal/mol,cal/(mol K),0,C24H26CoN2OP,GFN2-xTB/ALPB toluene gsolv + qRRHO + 1M,data/campaign/thermochemistry/Co_pyridine_pnn_Ph__active/result.json,8cc389ec96422c62988975cbf91b56cfc15f975b10e56a0c9d1bff2af315720b,data/campaign/thermochemistry/Co_pyridine_pnn_Ph__active/result.json#/attempts/0/native_command,data/datasets/thermochemistry/export_protocol.json,data/campaign/thermochemistry/Co_pyridine_pnn_Ph__active/accepted_geometry.xyz,4a98443b7f854f18c1b7fdbcfbcd55e808df0bac1325ee582da7569402312078,data/campaign/thermochemistry/Co_pyridine_pnn_Ph__active/hessian_00.npz,c51b92dd182f4ce33837cda54e3acaf1597418c32703a152ab762e35193e2923,1,0,383.15,lowest G383.15 among eligible certificates; same geometry at all T,101325.0,1.0,100.0,0,1
Co_pyridine_pnn_Ph|active,Co_pyridine_pnn_Ph,active,380.0,-50685.041850452,271.733448978111,-50384.11243213635,223.9598972903385,207.3055938506546,-50460.291009320594,2.597548479011341,kcal/mol,cal/(mol K),0,C24H26CoN2OP,GFN2-xTB/ALPB toluene gsolv + qRRHO + 1M,data/campaign/thermochemistry/Co_pyridine_pnn_Ph__active/result.json,8cc389ec96422c62988975cbf91b56cfc15f975b10e56a0c9d1bff2af315720b,data/campaign/thermochemistry/Co_pyridine_pnn_Ph__active/result.json#/attempts/0/native_command,data/datasets/thermochemistry/export_protocol.json,data/campaign/thermochemistry/Co_pyridine_pnn_Ph__active/accepted_geometry.xyz,4a98443b7f854f18c1b7fdbcfbcd55e808df0bac1325ee582da7569402312078,data/campaign/thermochemistry/Co_pyridine_pnn_Ph__active/hessian_00.npz,c51b92dd182f4ce33837cda54e3acaf1597418c32703a152ab762e35193e2923,1,0,383.15,lowest G383.15 among eligible certificates; same geometry at all T,101325.0,1.0,100.0,0,1
Co_pyridine_pnn_Ph|active,Co_pyridine_pnn_Ph,active,383.15,-50685.041850452,271.733448978111,-50383.67117372011,225.116311769957,208.37580586241108,-50460.884997380716,2.625366355574337,kcal/mol,cal/(mol K),0,C24H26CoN2OP,GFN2-xTB/ALPB toluene gsolv + qRRHO + 1M,data/campaign/thermochemistry/Co_pyridine_pnn_Ph__active/result.json,8cc389ec96422c62988975cbf91b56cfc15f975b10e56a0c9d1bff2af315720b,data/campaign/thermochemistry/Co_pyridine_pnn_Ph__active/result.json#/attempts/0/native_command,data/datasets/thermochemistry/export_protocol.json,data/campaign/thermochemistry/Co_pyridine_pnn_Ph__active/accepted_geometry.xyz,4a98443b7f854f18c1b7fdbcfbcd55e808df0bac1325ee582da7569402312078,data/campaign/thermochemistry/Co_pyridine_pnn_Ph__active/hessian_00.npz,c51b92dd182f4ce33837cda54e3acaf1597418c32703a152ab762e35193e2923,1,0,383.15,lowest G383.15 among eligible certificates; same geometry at all T,101325.0,1.0,100.0,0,1
Co_pyridine_pnn_Ph|active,Co_pyridine_pnn_Ph,active,390.0,-50685.041850452,271.733448978111,-50382.701286198564,227.6252481581656,210.6996268658826,-50462.18810440542,2.686036270841015,kcal/mol,cal/(mol K),0,C24H26CoN2OP,GFN2-xTB/ALPB toluene gsolv + qRRHO + 1M,data/campaign/thermochemistry/Co_pyridine_pnn_Ph__active/result.json,8cc389ec96422c62988975cbf91b56cfc15f975b10e56a0c9d1bff2af315720b,data/campaign/thermochemistry/Co_pyridine_pnn_Ph__active/result.json#/attempts/0/native_command,data/datasets/thermochemistry/export_protocol.json,data/campaign/thermochemistry/Co_pyridine_pnn_Ph__active/accepted_geometry.xyz,4a98443b7f854f18c1b7fdbcfbcd55e808df0bac1325ee582da7569402312078,data/campaign/thermochemistry/Co_pyridine_pnn_Ph__active/hessian_00.npz,c51b92dd182f4ce33837cda54e3acaf1597418c32703a152ab762e35193e2923,1,0,383.15,lowest G383.15 among eligible certificates; same geometry at all T,101325.0,1.0,100.0,0,1
Co_pyridine_pnn_Ph|active,Co_pyridine_pnn_Ph,active,400.0,-50685.041850452,271.733448978111,-50381.26026750027,231.2734333801479,214.08314386543,-50464.11849138837,2.775033658072708,kcal/mol,cal/(mol K),0,C24H26CoN2OP,GFN2-xTB/ALPB toluene gsolv + qRRHO + 1M,data/campaign/thermochemistry/Co_pyridine_pnn_Ph__active/result.json,8cc389ec96422c62988975cbf91b56cfc15f975b10e56a0c9d1bff2af315720b,data/campaign/thermochemistry/Co_pyridine_pnn_Ph__active/result.json#/attempts/0/native_command,data/datasets/thermochemistry/export_protocol.json,data/campaign/thermochemistry/Co_pyridine_pnn_Ph__active/accepted_geometry.xyz,4a98443b7f854f18c1b7fdbcfbcd55e808df0bac1325ee582da7569402312078,data/campaign/thermochemistry/Co_pyridine_pnn_Ph__active/hessian_00.npz,c51b92dd182f4ce33837cda54e3acaf1597418c32703a152ab762e35193e2923,1,0,383.15,lowest G383.15 among eligible certificates; same geometry at all T,101325.0,1.0,100.0,0,1
Co_pyridine_pnn_Ph|active,Co_pyridine_pnn_Ph,active,410.0,-50685.041850452,271.733448978111,-50379.78987557975,234.90406722868508,217.45544554174532,-50466.08208035373,2.8645278981321125,kcal/mol,cal/(mol K),0,C24H26CoN2OP,GFN2-xTB/ALPB toluene gsolv + qRRHO + 1M,data/campaign/thermochemistry/Co_pyridine_pnn_Ph__active/result.json,8cc389ec96422c62988975cbf91b56cfc15f975b10e56a0c9d1bff2af315720b,data/campaign/thermochemistry/Co_pyridine_pnn_Ph__active/result.json#/attempts/0/native_command,data/datasets/thermochemistry/export_protocol.json,data/campaign/thermochemistry/Co_pyridine_pnn_Ph__active/accepted_geometry.xyz,4a98443b7f854f18c1b7fdbcfbcd55e808df0bac1325ee582da7569402312078,data/campaign/thermochemistry/Co_pyridine_pnn_Ph__active/hessian_00.npz,c51b92dd182f4ce33837cda54e3acaf1597418c32703a152ab762e35193e2923,1,0,383.15,lowest G383.15 among eligible certificates; same geometry at all T,101325.0,1.0,100.0,0,1
Co_pyridine_pnn_Ph|active,Co_pyridine_pnn_Ph,active,420.0,-50685.041850452,271.733448978111,-50378.290622522625,238.51676160811624,220.81585158678243,-50468.078773318855,2.954506870223601,kcal/mol,cal/(mol K),0,C24H26CoN2OP,GFN2-xTB/ALPB toluene gsolv + qRRHO + 1M,data/campaign/thermochemistry/Co_pyridine_pnn_Ph__active/result.json,8cc389ec96422c62988975cbf91b56cfc15f975b10e56a0c9d1bff2af315720b,data/campaign/thermochemistry/Co_pyridine_pnn_Ph__active/result.json#/attempts/0/native_command,data/datasets/thermochemistry/export_protocol.json,data/campaign/thermochemistry/Co_pyridine_pnn_Ph__active/accepted_geometry.xyz,4a98443b7f854f18c1b7fdbcfbcd55e808df0bac1325ee582da7569402312078,data/campaign/thermochemistry/Co_pyridine_pnn_Ph__active/hessian_00.npz,c51b92dd182f4ce33837cda54e3acaf1597418c32703a152ab762e35193e2923,1,0,383.15,lowest G383.15 among eligible certificates; same geometry at all T,101325.0,1.0,100.0,0,1
Co_pyridine_pnn_Ph|active,Co_pyridine_pnn_Ph,active,430.0,-50685.041850452,271.733448978111,-50376.76302971797,242.1111339134821,224.163706679537,-50470.10846455927,3.044959030900024,kcal/mol,cal/(mol K),0,C24H26CoN2OP,GFN2-xTB/ALPB toluene gsolv + qRRHO + 1M,data/campaign/thermochemistry/Co_pyridine_pnn_Ph__active/result.json,8cc389ec96422c62988975cbf91b56cfc15f975b10e56a0c9d1bff2af315720b,data/campaign/thermochemistry/Co_pyridine_pnn_Ph__active/result.json#/attempts/0/native_command,data/datasets/thermochemistry/export_protocol.json,data/campaign/thermochemistry/Co_pyridine_pnn_Ph__active/accepted_geometry.xyz,4a98443b7f854f18c1b7fdbcfbcd55e808df0bac1325ee582da7569402312078,data/campaign/thermochemistry/Co_pyridine_pnn_Ph__active/hessian_00.npz,c51b92dd182f4ce33837cda54e3acaf1597418c32703a152ab762e35193e2923,1,0,383.15,lowest G383.15 among eligible certificates; same geometry at all T,101325.0,1.0,100.0,0,1
Co_pyridine_pnn_Ph|active,Co_pyridine_pnn_Ph,active,440.0,-50685.041850452,271.733448978111,-50375.2076248864,245.6868133602298,227.49838514195525,-50472.171040975096,3.135873373767528,kcal/mol,cal/(mol K),0,C24H26CoN2OP,GFN2-xTB/ALPB toluene gsolv + qRRHO + 1M,data/campaign/thermochemistry/Co_pyridine_pnn_Ph__active/result.json,8cc389ec96422c62988975cbf91b56cfc15f975b10e56a0c9d1bff2af315720b,data/campaign/thermochemistry/Co_pyridine_pnn_Ph__active/result.json#/attempts/0/native_command,data/datasets/thermochemistry/export_protocol.json,data/campaign/thermochemistry/Co_pyridine_pnn_Ph__active/accepted_geometry.xyz,4a98443b7f854f18c1b7fdbcfbcd55e808df0bac1325ee582da7569402312078,data/campaign/thermochemistry/Co_pyridine_pnn_Ph__active/hessian_00.npz,c51b92dd182f4ce33837cda54e3acaf1597418c32703a152ab762e35193e2923,1,0,383.15,lowest G383.15 among eligible certificates; same geometry at all T,101325.0,1.0,100.0,0,1
Co_pyridine_pnn_Ph|hydrogenated,Co_pyridine_pnn_Ph,hydrogenated,298.15,-51333.36648994072,283.9903849682273,-51030.12945777413,195.18237462741976,180.98655108580374,-51082.19626953486,1.894328445494145,kcal/mol,cal/(mol K),0,C24H28CoN2OP,GFN2-xTB/ALPB toluene gsolv + qRRHO + 1M,data/campaign/thermochemistry/Co_pyridine_pnn_Ph__hydrogenated/result.json,a4b88781772df90348b17178b49d28846dfb7955fe6978d9d8467f89d74e53bd,data/campaign/thermochemistry/Co_pyridine_pnn_Ph__hydrogenated/result.json#/attempts/0/native_command,data/datasets/thermochemistry/export_protocol.json,data/campaign/thermochemistry/Co_pyridine_pnn_Ph__hydrogenated/accepted_geometry.xyz,9ac8ecbbbfa1d5b29e35ba743ea52089dc5ef134f908169ac7b79bd8f50f0955,data/campaign/thermochemistry/Co_pyridine_pnn_Ph__hydrogenated/hessian_00.npz,7fd21cdccbb9a234cdbdaca7243c3fc3b08293e12f2af2763f7a247b69e755a0,0,0,383.15,lowest G383.15 among eligible certificates; same geometry at all T,101325.0,1.0,100.0,0,1
Co_pyridine_pnn_Ph|hydrogenated,Co_pyridine_pnn_Ph,hydrogenated,340.0,-51333.36648994072,283.9903849682273,-51024.986629009894,211.30305278398478,195.61261835015324,-51089.24594646458,2.248972784367174,kcal/mol,cal/(mol K),0,C24H28CoN2OP,GFN2-xTB/ALPB toluene gsolv + qRRHO + 1M,data/campaign/thermochemistry/Co_pyridine_pnn_Ph__hydrogenated/result.json,a4b88781772df90348b17178b49d28846dfb7955fe6978d9d8467f89d74e53bd,data/campaign/thermochemistry/Co_pyridine_pnn_Ph__hydrogenated/result.json#/attempts/0/native_command,data/datasets/thermochemistry/export_protocol.json,data/campaign/thermochemistry/Co_pyridine_pnn_Ph__hydrogenated/accepted_geometry.xyz,9ac8ecbbbfa1d5b29e35ba743ea52089dc5ef134f908169ac7b79bd8f50f0955,data/campaign/thermochemistry/Co_pyridine_pnn_Ph__hydrogenated/hessian_00.npz,7fd21cdccbb9a234cdbdaca7243c3fc3b08293e12f2af2763f7a247b69e755a0,0,0,383.15,lowest G383.15 among eligible certificates; same geometry at all T,101325.0,1.0,100.0,0,1
Co_pyridine_pnn_Ph|hydrogenated,Co_pyridine_pnn_Ph,hydrogenated,350.0,-51333.36648994072,283.9903849682273,-51023.670550267365,215.1178089181846,199.09642414832598,-51091.0190182217,2.3352804975836268,kcal/mol,cal/(mol K),0,C24H28CoN2OP,GFN2-xTB/ALPB toluene gsolv + qRRHO + 1M,data/campaign/thermochemistry/Co_pyridine_pnn_Ph__hydrogenated/result.json,a4b88781772df90348b17178b49d28846dfb7955fe6978d9d8467f89d74e53bd,data/campaign/thermochemistry/Co_pyridine_pnn_Ph__hydrogenated/result.json#/attempts/0/native_command,data/datasets/thermochemistry/export_protocol.json,data/campaign/thermochemistry/Co_pyridine_pnn_Ph__hydrogenated/accepted_geometry.xyz,9ac8ecbbbfa1d5b29e35ba743ea52089dc5ef134f908169ac7b79bd8f50f0955,data/campaign/thermochemistry/Co_pyridine_pnn_Ph__hydrogenated/hessian_00.npz,7fd21cdccbb9a234cdbdaca7243c3fc3b08293e12f2af2763f7a247b69e755a0,0,0,383.15,lowest G383.15 among eligible certificates; same geometry at all T,101325.0,1.0,100.0,0,1
Co_pyridine_pnn_Ph|hydrogenated,Co_pyridine_pnn_Ph,hydrogenated,360.0,-51333.36648994072,283.9903849682273,-51022.32153786412,218.91787867978812,202.57452685725852,-51092.82621147201,2.422156060718619,kcal/mol,cal/(mol K),0,C24H28CoN2OP,GFN2-xTB/ALPB toluene gsolv + qRRHO + 1M,data/campaign/thermochemistry/Co_pyridine_pnn_Ph__hydrogenated/result.json,a4b88781772df90348b17178b49d28846dfb7955fe6978d9d8467f89d74e53bd,data/campaign/thermochemistry/Co_pyridine_pnn_Ph__hydrogenated/result.json#/attempts/0/native_command,data/datasets/thermochemistry/export_protocol.json,data/campaign/thermochemistry/Co_pyridine_pnn_Ph__hydrogenated/accepted_geometry.xyz,9ac8ecbbbfa1d5b29e35ba743ea52089dc5ef134f908169ac7b79bd8f50f0955,data/campaign/thermochemistry/Co_pyridine_pnn_Ph__hydrogenated/hessian_00.npz,7fd21cdccbb9a234cdbdaca7243c3fc3b08293e12f2af2763f7a247b69e755a0,0,0,383.15,lowest G383.15 among eligible certificates; same geometry at all T,101325.0,1.0,100.0,0,1
Co_pyridine_pnn_Ph|hydrogenated,Co_pyridine_pnn_Ph,hydrogenated,370.0,-51333.36648994072,283.9903849682273,-51020.940002673364,222.70294127401417,206.0461386302748,-51094.66749027052,2.509583696046293,kcal/mol,cal/(mol K),0,C24H28CoN2OP,GFN2-xTB/ALPB toluene gsolv + qRRHO + 1M,data/campaign/thermochemistry/Co_pyridine_pnn_Ph__hydrogenated/result.json,a4b88781772df90348b17178b49d28846dfb7955fe6978d9d8467f89d74e53bd,data/campaign/thermochemistry/Co_pyridine_pnn_Ph__hydrogenated/result.json#/attempts/0/native_command,data/datasets/thermochemistry/export_protocol.json,data/campaign/thermochemistry/Co_pyridine_pnn_Ph__hydrogenated/accepted_geometry.xyz,9ac8ecbbbfa1d5b29e35ba743ea52089dc5ef134f908169ac7b79bd8f50f0955,data/campaign/thermochemistry/Co_pyridine_pnn_Ph__hydrogenated/hessian_00.npz,7fd21cdccbb9a234cdbdaca7243c3fc3b08293e12f2af2763f7a247b69e755a0,0,0,383.15,lowest G383.15 among eligible certificates; same geometry at all T,101325.0,1.0,100.0,0,1
Co_pyridine_pnn_Ph|hydrogenated,Co_pyridine_pnn_Ph,hydrogenated,380.0,-51333.36648994072,283.9903849682273,-51019.526386604724,226.47261876386514,209.51044941163372,-51096.54280890214,2.597548479011341,kcal/mol,cal/(mol K),0,C24H28CoN2OP,GFN2-xTB/ALPB toluene gsolv + qRRHO + 1M,data/campaign/thermochemistry/Co_pyridine_pnn_Ph__hydrogenated/result.json,a4b88781772df90348b17178b49d28846dfb7955fe6978d9d8467f89d74e53bd,data/campaign/thermochemistry/Co_pyridine_pnn_Ph__hydrogenated/result.json#/attempts/0/native_command,data/datasets/thermochemistry/export_protocol.json,data/campaign/thermochemistry/Co_pyridine_pnn_Ph__hydrogenated/accepted_geometry.xyz,9ac8ecbbbfa1d5b29e35ba743ea52089dc5ef134f908169ac7b79bd8f50f0955,data/campaign/thermochemistry/Co_pyridine_pnn_Ph__hydrogenated/hessian_00.npz,7fd21cdccbb9a234cdbdaca7243c3fc3b08293e12f2af2763f7a247b69e755a0,0,0,383.15,lowest G383.15 among eligible certificates; same geometry at all T,101325.0,1.0,100.0,0,1
Co_pyridine_pnn_Ph|hydrogenated,Co_pyridine_pnn_Ph,hydrogenated,383.15,-51333.36648994072,283.9903849682273,-51019.07452741514,227.65681480108609,210.60006443415716,-51097.140575747515,2.625366355574337,kcal/mol,cal/(mol K),0,C24H28CoN2OP,GFN2-xTB/ALPB toluene gsolv + qRRHO + 1M,data/campaign/thermochemistry/Co_pyridine_pnn_Ph__hydrogenated/result.json,a4b88781772df90348b17178b49d28846dfb7955fe6978d9d8467f89d74e53bd,data/campaign/thermochemistry/Co_pyridine_pnn_Ph__hydrogenated/result.json#/attempts/0/native_command,data/datasets/thermochemistry/export_protocol.json,data/campaign/thermochemistry/Co_pyridine_pnn_Ph__hydrogenated/accepted_geometry.xyz,9ac8ecbbbfa1d5b29e35ba743ea52089dc5ef134f908169ac7b79bd8f50f0955,data/campaign/thermochemistry/Co_pyridine_pnn_Ph__hydrogenated/hessian_00.npz,7fd21cdccbb9a234cdbdaca7243c3fc3b08293e12f2af2763f7a247b69e755a0,0,0,383.15,lowest G383.15 among eligible certificates; same geometry at all T,101325.0,1.0,100.0,0,1
Co_pyridine_pnn_Ph|hydrogenated,Co_pyridine_pnn_Ph,hydrogenated,390.0,-51333.36648994072,283.9903849682273,-51018.08115811898,230.22649366266904,212.96664118611778,-51098.45211191072,2.686036270841015,kcal/mol,cal/(mol K),0,C24H28CoN2OP,GFN2-xTB/ALPB toluene gsolv + qRRHO + 1M,data/campaign/thermochemistry/Co_pyridine_pnn_Ph__hydrogenated/result.json,a4b88781772df90348b17178b49d28846dfb7955fe6978d9d8467f89d74e53bd,data/campaign/thermochemistry/Co_pyridine_pnn_Ph__hydrogenated/result.json#/attempts/0/native_command,data/datasets/thermochemistry/export_protocol.json,data/campaign/thermochemistry/Co_pyridine_pnn_Ph__hydrogenated/accepted_geometry.xyz,9ac8ecbbbfa1d5b29e35ba743ea52089dc5ef134f908169ac7b79bd8f50f0955,data/campaign/thermochemistry/Co_pyridine_pnn_Ph__hydrogenated/hessian_00.npz,7fd21cdccbb9a234cdbdaca7243c3fc3b08293e12f2af2763f7a247b69e755a0,0,0,383.15,lowest G383.15 among eligible certificates; same geometry at all T,101325.0,1.0,100.0,0,1
Co_pyridine_pnn_Ph|hydrogenated,Co_pyridine_pnn_Ph,hydrogenated,400.0,-51333.36648994072,283.9903849682273,-51016.604807916236,233.96412386080416,216.41389994640068,-51100.395334236724,2.775033658072708,kcal/mol,cal/(mol K),0,C24H28CoN2OP,GFN2-xTB/ALPB toluene gsolv + qRRHO + 1M,data/campaign/thermochemistry/Co_pyridine_pnn_Ph__hydrogenated/result.json,a4b88781772df90348b17178b49d28846dfb7955fe6978d9d8467f89d74e53bd,data/campaign/thermochemistry/Co_pyridine_pnn_Ph__hydrogenated/result.json#/attempts/0/native_command,data/datasets/thermochemistry/export_protocol.json,data/campaign/thermochemistry/Co_pyridine_pnn_Ph__hydrogenated/accepted_geometry.xyz,9ac8ecbbbfa1d5b29e35ba743ea52089dc5ef134f908169ac7b79bd8f50f0955,data/campaign/thermochemistry/Co_pyridine_pnn_Ph__hydrogenated/hessian_00.npz,7fd21cdccbb9a234cdbdaca7243c3fc3b08293e12f2af2763f7a247b69e755a0,0,0,383.15,lowest G383.15 among eligible certificates; same geometry at all T,101325.0,1.0,100.0,0,1
Co_pyridine_pnn_Ph|hydrogenated,Co_pyridine_pnn_Ph,hydrogenated,410.0,-51333.36648994072,283.9903849682273,-51015.09784485205,237.68505514563972,219.85142558662113,-51102.37240144443,2.8645278981321125,kcal/mol,cal/(mol K),0,C24H28CoN2OP,GFN2-xTB/ALPB toluene gsolv + qRRHO + 1M,data/campaign/thermochemistry/Co_pyridine_pnn_Ph__hydrogenated/result.json,a4b88781772df90348b17178b49d28846dfb7955fe6978d9d8467f89d74e53bd,data/campaign/thermochemistry/Co_pyridine_pnn_Ph__hydrogenated/result.json#/attempts/0/native_command,data/datasets/thermochemistry/export_protocol.json,data/campaign/thermochemistry/Co_pyridine_pnn_Ph__hydrogenated/accepted_geometry.xyz,9ac8ecbbbfa1d5b29e35ba743ea52089dc5ef134f908169ac7b79bd8f50f0955,data/campaign/thermochemistry/Co_pyridine_pnn_Ph__hydrogenated/hessian_00.npz,7fd21cdccbb9a234cdbdaca7243c3fc3b08293e12f2af2763f7a247b69e755a0,0,0,383.15,lowest G383.15 among eligible certificates; same geometry at all T,101325.0,1.0,100.0,0,1
Co_pyridine_pnn_Ph|hydrogenated,Co_pyridine_pnn_Ph,hydrogenated,420.0,-51333.36648994072,283.9903849682273,-51013.56079212046,241.38883156989831,223.27843993420922,-51104.383230022606,2.954506870223601,kcal/mol,cal/(mol K),0,C24H28CoN2OP,GFN2-xTB/ALPB toluene gsolv + qRRHO + 1M,data/campaign/thermochemistry/Co_pyridine_pnn_Ph__hydrogenated/result.json,a4b88781772df90348b17178b49d28846dfb7955fe6978d9d8467f89d74e53bd,data/campaign/thermochemistry/Co_pyridine_pnn_Ph__hydrogenated/result.json#/attempts/0/native_command,data/datasets/thermochemistry/export_protocol.json,data/campaign/thermochemistry/Co_pyridine_pnn_Ph__hydrogenated/accepted_geometry.xyz,9ac8ecbbbfa1d5b29e35ba743ea52089dc5ef134f908169ac7b79bd8f50f0955,data/campaign/thermochemistry/Co_pyridine_pnn_Ph__hydrogenated/hessian_00.npz,7fd21cdccbb9a234cdbdaca7243c3fc3b08293e12f2af2763f7a247b69e755a0,0,0,383.15,lowest G383.15 among eligible certificates; same geometry at all T,101325.0,1.0,100.0,0,1
Co_pyridine_pnn_Ph|hydrogenated,Co_pyridine_pnn_Ph,hydrogenated,430.0,-51333.36648994072,283.9903849682273,-51011.99418372823,245.07500391429883,226.69419312891353,-51106.42772774276,3.044959030900024,kcal/mol,cal/(mol K),0,C24H28CoN2OP,GFN2-xTB/ALPB toluene gsolv + qRRHO + 1M,data/campaign/thermochemistry/Co_pyridine_pnn_Ph__hydrogenated/result.json,a4b88781772df90348b17178b49d28846dfb7955fe6978d9d8467f89d74e53bd,data/campaign/thermochemistry/Co_pyridine_pnn_Ph__hydrogenated/result.json#/attempts/0/native_command,data/datasets/thermochemistry/export_protocol.json,data/campaign/thermochemistry/Co_pyridine_pnn_Ph__hydrogenated/accepted_geometry.xyz,9ac8ecbbbfa1d5b29e35ba743ea52089dc5ef134f908169ac7b79bd8f50f0955,data/campaign/thermochemistry/Co_pyridine_pnn_Ph__hydrogenated/hessian_00.npz,7fd21cdccbb9a234cdbdaca7243c3fc3b08293e12f2af2763f7a247b69e755a0,0,0,383.15,lowest G383.15 among eligible certificates; same geometry at all T,101325.0,1.0,100.0,0,1
Co_pyridine_pnn_Ph|hydrogenated,Co_pyridine_pnn_Ph,hydrogenated,440.0,-51333.36648994072,283.9903849682273,-51010.3985612735,248.7431364770769,230.09796854998245,-51108.505794061726,3.135873373767528,kcal/mol,cal/(mol K),0,C24H28CoN2OP,GFN2-xTB/ALPB toluene gsolv + qRRHO + 1M,data/campaign/thermochemistry/Co_pyridine_pnn_Ph__hydrogenated/result.json,a4b88781772df90348b17178b49d28846dfb7955fe6978d9d8467f89d74e53bd,data/campaign/thermochemistry/Co_pyridine_pnn_Ph__hydrogenated/result.json#/attempts/0/native_command,data/datasets/thermochemistry/export_protocol.json,data/campaign/thermochemistry/Co_pyridine_pnn_Ph__hydrogenated/accepted_geometry.xyz,9ac8ecbbbfa1d5b29e35ba743ea52089dc5ef134f908169ac7b79bd8f50f0955,data/campaign/thermochemistry/Co_pyridine_pnn_Ph__hydrogenated/hessian_00.npz,7fd21cdccbb9a234cdbdaca7243c3fc3b08293e12f2af2763f7a247b69e755a0,0,0,383.15,lowest G383.15 among eligible certificates; same geometry at all T,101325.0,1.0,100.0,0,1
Co_pyridine_pnn_Ph|protonated_reference,Co_pyridine_pnn_Ph,protonated_reference,298.15,-50818.83669934451,279.7762970061328,-50520.31248106463,191.4602476075326,178.2463035802114,-50571.56228803158,1.894328445494145,kcal/mol,cal/(mol K),1,C24H27CoN2OP,GFN2-xTB/ALPB toluene gsolv + qRRHO + 1M,data/campaign/thermochemistry/Co_pyridine_pnn_Ph__protonated_reference/result.json,672c49fb31d8d641a3ec20b0c9d113a1045b50ec2f319f7bd8afa905970a964a,data/campaign/thermochemistry/Co_pyridine_pnn_Ph__protonated_reference/result.json#/attempts/0/native_command,data/datasets/thermochemistry/export_protocol.json,data/campaign/thermochemistry/Co_pyridine_pnn_Ph__protonated_reference/accepted_geometry.xyz,8859be59e5ad54a13d2fe2c10da191fc607be8b820b3ac3594911dbe01156d45,data/campaign/thermochemistry/Co_pyridine_pnn_Ph__protonated_reference/hessian_00.npz,46233468e4c166d4191ab12751b604764b1bdd40b0ecc4e6dbc3891982adf3ed,1,0,383.15,lowest G383.15 among eligible certificates; same geometry at all T,101325.0,1.0,100.0,0,1
Co_pyridine_pnn_Ph|protonated_reference,Co_pyridine_pnn_Ph,protonated_reference,340.0,-50818.83669934451,279.7762970061328,-50515.26659181545,207.2770016025176,192.7426248217433,-50578.55011147048,2.248972784367174,kcal/mol,cal/(mol K),1,C24H27CoN2OP,GFN2-xTB/ALPB toluene gsolv + qRRHO + 1M,data/campaign/thermochemistry/Co_pyridine_pnn_Ph__protonated_reference/result.json,672c49fb31d8d641a3ec20b0c9d113a1045b50ec2f319f7bd8afa905970a964a,data/campaign/thermochemistry/Co_pyridine_pnn_Ph__protonated_reference/result.json#/attempts/0/native_command,data/datasets/thermochemistry/export_protocol.json,data/campaign/thermochemistry/Co_pyridine_pnn_Ph__protonated_reference/accepted_geometry.xyz,8859be59e5ad54a13d2fe2c10da191fc607be8b820b3ac3594911dbe01156d45,data/campaign/thermochemistry/Co_pyridine_pnn_Ph__protonated_reference/hessian_00.npz,46233468e4c166d4191ab12751b604764b1bdd40b0ecc4e6dbc3891982adf3ed,1,0,383.15,lowest G383.15 among eligible certificates; same geometry at all T,101325.0,1.0,100.0,0,1
Co_pyridine_pnn_Ph|protonated_reference,Co_pyridine_pnn_Ph,protonated_reference,350.0,-50818.83669934451,279.7762970061328,-50513.975075680144,211.02056052683272,196.19368633031775,-50580.30758539817,2.3352804975836268,kcal/mol,cal/(mol K),1,C24H27CoN2OP,GFN2-xTB/ALPB toluene gsolv + qRRHO + 1M,data/campaign/thermochemistry/Co_pyridine_pnn_Ph__protonated_reference/result.json,672c49fb31d8d641a3ec20b0c9d113a1045b50ec2f319f7bd8afa905970a964a,data/campaign/thermochemistry/Co_pyridine_pnn_Ph__protonated_reference/result.json#/attempts/0/native_command,data/datasets/thermochemistry/export_protocol.json,data/campaign/thermochemistry/Co_pyridine_pnn_Ph__protonated_reference/accepted_geometry.xyz,8859be59e5ad54a13d2fe2c10da191fc607be8b820b3ac3594911dbe01156d45,data/campaign/thermochemistry/Co_pyridine_pnn_Ph__protonated_reference/hessian_00.npz,46233468e4c166d4191ab12751b604764b1bdd40b0ecc4e6dbc3891982adf3ed,1,0,383.15,lowest G383.15 among eligible certificates; same geometry at all T,101325.0,1.0,100.0,0,1
Co_pyridine_pnn_Ph|protonated_reference,Co_pyridine_pnn_Ph,protonated_reference,360.0,-50818.83669934451,279.7762970061328,-50512.65115765975,214.74994071394508,199.6384730988259,-50582.098851914605,2.422156060718619,kcal/mol,cal/(mol K),1,C24H27CoN2OP,GFN2-xTB/ALPB toluene gsolv + qRRHO + 1M,data/campaign/thermochemistry/Co_pyridine_pnn_Ph__protonated_reference/result.json,672c49fb31d8d641a3ec20b0c9d113a1045b50ec2f319f7bd8afa905970a964a,data/campaign/thermochemistry/Co_pyridine_pnn_Ph__protonated_reference/result.json#/attempts/0/native_command,data/datasets/thermochemistry/export_protocol.json,data/campaign/thermochemistry/Co_pyridine_pnn_Ph__protonated_reference/accepted_geometry.xyz,8859be59e5ad54a13d2fe2c10da191fc607be8b820b3ac3594911dbe01156d45,data/campaign/thermochemistry/Co_pyridine_pnn_Ph__protonated_reference/hessian_00.npz,46233468e4c166d4191ab12751b604764b1bdd40b0ecc4e6dbc3891982adf3ed,1,0,383.15,lowest G383.15 among eligible certificates; same geometry at all T,101325.0,1.0,100.0,0,1
Co_pyridine_pnn_Ph|protonated_reference,Co_pyridine_pnn_Ph,protonated_reference,370.0,-50818.83669934451,279.7762970061328,-50511.29524431186,218.46480537297745,203.0762401074361,-50583.92386945557,2.509583696046293,kcal/mol,cal/(mol K),1,C24H27CoN2OP,GFN2-xTB/ALPB toluene gsolv + qRRHO + 1M,data/campaign/thermochemistry/Co_pyridine_pnn_Ph__protonated_reference/result.json,672c49fb31d8d641a3ec20b0c9d113a1045b50ec2f319f7bd8afa905970a964a,data/campaign/thermochemistry/Co_pyridine_pnn_Ph__protonated_reference/result.json#/attempts/0/native_command,data/datasets/thermochemistry/export_protocol.json,data/campaign/thermochemistry/Co_pyridine_pnn_Ph__protonated_reference/accepted_geometry.xyz,8859be59e5ad54a13d2fe2c10da191fc607be8b820b3ac3594911dbe01156d45,data/campaign/thermochemistry/Co_pyridine_pnn_Ph__protonated_reference/hessian_00.npz,46233468e4c166d4191ab12751b604764b1bdd40b0ecc4e6dbc3891982adf3ed,1,0,383.15,lowest G383.15 among eligible certificates; same geometry at all T,101325.0,1.0,100.0,0,1
Co_pyridine_pnn_Ph|protonated_reference,Co_pyridine_pnn_Ph,protonated_reference,380.0,-50818.83669934451,279.7762970061328,-50509.90777311047,222.16476217132671,206.50621705609137,-50585.78258711277,2.597548479011341,kcal/mol,cal/(mol K),1,C24H27CoN2OP,GFN2-xTB/ALPB toluene gsolv + qRRHO + 1M,data/campaign/thermochemistry/Co_pyridine_pnn_Ph__protonated_reference/result.json,672c49fb31d8d641a3ec20b0c9d113a1045b50ec2f319f7bd8afa905970a964a,data/campaign/thermochemistry/Co_pyridine_pnn_Ph__protonated_reference/result.json#/attempts/0/native_command,data/datasets/thermochemistry/export_protocol.json,data/campaign/thermochemistry/Co_pyridine_pnn_Ph__protonated_reference/accepted_geometry.xyz,8859be59e5ad54a13d2fe2c10da191fc607be8b820b3ac3594911dbe01156d45,data/campaign/thermochemistry/Co_pyridine_pnn_Ph__protonated_reference/hessian_00.npz,46233468e4c166d4191ab12751b604764b1bdd40b0ecc4e6dbc3891982adf3ed,1,0,383.15,lowest G383.15 among eligible certificates; same geometry at all T,101325.0,1.0,100.0,0,1
Co_pyridine_pnn_Ph|protonated_reference,Co_pyridine_pnn_Ph,protonated_reference,383.15,-50818.83669934451,279.7762970061328,-50509.46425715945,223.32709291183033,207.5849215986819,-50586.37505351441,2.625366355574337,kcal/mol,cal/(mol K),1,C24H27CoN2OP,GFN2-xTB/ALPB toluene gsolv + qRRHO + 1M,data/campaign/thermochemistry/Co_pyridine_pnn_Ph__protonated_reference/result.json,672c49fb31d8d641a3ec20b0c9d113a1045b50ec2f319f7bd8afa905970a964a,data/campaign/thermochemistry/Co_pyridine_pnn_Ph__protonated_reference/result.json#/attempts/0/native_command,data/datasets/thermochemistry/export_protocol.json,data/campaign/thermochemistry/Co_pyridine_pnn_Ph__protonated_reference/accepted_geometry.xyz,8859be59e5ad54a13d2fe2c10da191fc607be8b820b3ac3594911dbe01156d45,data/campaign/thermochemistry/Co_pyridine_pnn_Ph__protonated_reference/hessian_00.npz,46233468e4c166d4191ab12751b604764b1bdd40b0ecc4e6dbc3891982adf3ed,1,0,383.15,lowest G383.15 among eligible certificates; same geometry at all T,101325.0,1.0,100.0,0,1
Co_pyridine_pnn_Ph|protonated_reference,Co_pyridine_pnn_Ph,protonated_reference,390.0,-50818.83669934451,279.7762970061328,-50508.48920800445,225.84938054703628,209.92762281469635,-50587.67494463134,2.686036270841015,kcal/mol,cal/(mol K),1,C24H27CoN2OP,GFN2-xTB/ALPB toluene gsolv + qRRHO + 1M,data/campaign/thermochemistry/Co_pyridine_pnn_Ph__protonated_reference/result.json,672c49fb31d8d641a3ec20b0c9d113a1045b50ec2f319f7bd8afa905970a964a,data/campaign/thermochemistry/Co_pyridine_pnn_Ph__protonated_reference/result.json#/attempts/0/native_command,data/datasets/thermochemistry/export_protocol.json,data/campaign/thermochemistry/Co_pyridine_pnn_Ph__protonated_reference/accepted_geometry.xyz,8859be59e5ad54a13d2fe2c10da191fc607be8b820b3ac3594911dbe01156d45,data/campaign/thermochemistry/Co_pyridine_pnn_Ph__protonated_reference/hessian_00.npz,46233468e4c166d4191ab12751b604764b1bdd40b0ecc4e6dbc3891982adf3ed,1,0,383.15,lowest G383.15 among eligible certificates; same geometry at all T,101325.0,1.0,100.0,0,1
Co_pyridine_pnn_Ph|protonated_reference,Co_pyridine_pnn_Ph,protonated_reference,400.0,-50818.83669934451,279.7762970061328,-50507.040035128426,229.51820644421588,213.33967761982439,-50589.600872518284,2.775033658072708,kcal/mol,cal/(mol K),1,C24H27CoN2OP,GFN2-xTB/ALPB toluene gsolv + qRRHO + 1M,data/campaign/thermochemistry/Co_pyridine_pnn_Ph__protonated_reference/result.json,672c49fb31d8d641a3ec20b0c9d113a1045b50ec2f319f7bd8afa905970a964a,data/campaign/thermochemistry/Co_pyridine_pnn_Ph__protonated_reference/result.json#/attempts/0/native_command,data/datasets/thermochemistry/export_protocol.json,data/campaign/thermochemistry/Co_pyridine_pnn_Ph__protonated_reference/accepted_geometry.xyz,8859be59e5ad54a13d2fe2c10da191fc607be8b820b3ac3594911dbe01156d45,data/campaign/thermochemistry/Co_pyridine_pnn_Ph__protonated_reference/hessian_00.npz,46233468e4c166d4191ab12751b604764b1bdd40b0ecc4e6dbc3891982adf3ed,1,0,383.15,lowest G383.15 among eligible certificates; same geometry at all T,101325.0,1.0,100.0,0,1
Co_pyridine_pnn_Ph|protonated_reference,Co_pyridine_pnn_Ph,protonated_reference,410.0,-50818.83669934451,279.7762970061328,-50505.56075872695,233.17077470162604,216.74161320623094,-50591.56029224337,2.8645278981321125,kcal/mol,cal/(mol K),1,C24H27CoN2OP,GFN2-xTB/ALPB toluene gsolv + qRRHO + 1M,data/campaign/thermochemistry/Co_pyridine_pnn_Ph__protonated_reference/result.json,672c49fb31d8d641a3ec20b0c9d113a1045b50ec2f319f7bd8afa905970a964a,data/campaign/thermochemistry/Co_pyridine_pnn_Ph__protonated_reference/result.json#/attempts/0/native_command,data/datasets/thermochemistry/export_protocol.json,data/campaign/thermochemistry/Co_pyridine_pnn_Ph__protonated_reference/accepted_geometry.xyz,8859be59e5ad54a13d2fe2c10da191fc607be8b820b3ac3594911dbe01156d45,data/campaign/thermochemistry/Co_pyridine_pnn_Ph__protonated_reference/hessian_00.npz,46233468e4c166d4191ab12751b604764b1bdd40b0ecc4e6dbc3891982adf3ed,1,0,383.15,lowest G383.15 among eligible certificates; same geometry at all T,101325.0,1.0,100.0,0,1
Co_pyridine_pnn_Ph|protonated_reference,Co_pyridine_pnn_Ph,protonated_reference,420.0,-50818.83669934451,279.7762970061328,-50504.05189733568,236.80661932894287,220.13268107184751,-50593.553116515635,2.954506870223601,kcal/mol,cal/(mol K),1,C24H27CoN2OP,GFN2-xTB/ALPB toluene gsolv + qRRHO + 1M,data/campaign/thermochemistry/Co_pyridine_pnn_Ph__protonated_reference/result.json,672c49fb31d8d641a3ec20b0c9d113a1045b50ec2f319f7bd8afa905970a964a,data/campaign/thermochemistry/Co_pyridine_pnn_Ph__protonated_reference/result.json#/attempts/0/native_command,data/datasets/thermochemistry/export_protocol.json,data/campaign/thermochemistry/Co_pyridine_pnn_Ph__protonated_reference/accepted_geometry.xyz,8859be59e5ad54a13d2fe2c10da191fc607be8b820b3ac3594911dbe01156d45,data/campaign/thermochemistry/Co_pyridine_pnn_Ph__protonated_reference/hessian_00.npz,46233468e4c166d4191ab12751b604764b1bdd40b0ecc4e6dbc3891982adf3ed,1,0,383.15,lowest G383.15 among eligible certificates; same geometry at all T,101325.0,1.0,100.0,0,1
Co_pyridine_pnn_Ph|protonated_reference,Co_pyridine_pnn_Ph,protonated_reference,430.0,-50818.83669934451,279.7762970061328,-50502.5139802482,240.42528190203842,223.5121590768182,-50595.579249620336,3.044959030900024,kcal/mol,cal/(mol K),1,C24H27CoN2OP,GFN2-xTB/ALPB toluene gsolv + qRRHO + 1M,data/campaign/thermochemistry/Co_pyridine_pnn_Ph__protonated_reference/result.json,672c49fb31d8d641a3ec20b0c9d113a1045b50ec2f319f7bd8afa905970a964a,data/campaign/thermochemistry/Co_pyridine_pnn_Ph__protonated_reference/result.json#/attempts/0/native_command,data/datasets/thermochemistry/export_protocol.json,data/campaign/thermochemistry/Co_pyridine_pnn_Ph__protonated_reference/accepted_geometry.xyz,8859be59e5ad54a13d2fe2c10da191fc607be8b820b3ac3594911dbe01156d45,data/campaign/thermochemistry/Co_pyridine_pnn_Ph__protonated_reference/hessian_00.npz,46233468e4c166d4191ab12751b604764b1bdd40b0ecc4e6dbc3891982adf3ed,1,0,383.15,lowest G383.15 among eligible certificates; same geometry at all T,101325.0,1.0,100.0,0,1
Co_pyridine_pnn_Ph|protonated_reference,Co_pyridine_pnn_Ph,protonated_reference,440.0,-50818.83669934451,279.7762970061328,-50500.94754428384,244.02631829991034,226.87935657273175,-50597.638587802074,3.135873373767528,kcal/mol,cal/(mol K),1,C24H27CoN2OP,GFN2-xTB/ALPB toluene gsolv + qRRHO + 1M,data/campaign/thermochemistry/Co_pyridine_pnn_Ph__protonated_reference/result.json,672c49fb31d8d641a3ec20b0c9d113a1045b50ec2f319f7bd8afa905970a964a,data/campaign/thermochemistry/Co_pyridine_pnn_Ph__protonated_reference/result.json#/attempts/0/native_command,data/datasets/thermochemistry/export_protocol.json,data/campaign/thermochemistry/Co_pyridine_pnn_Ph__protonated_reference/accepted_geometry.xyz,8859be59e5ad54a13d2fe2c10da191fc607be8b820b3ac3594911dbe01156d45,data/campaign/thermochemistry/Co_pyridine_pnn_Ph__protonated_reference/hessian_00.npz,46233468e4c166d4191ab12751b604764b1bdd40b0ecc4e6dbc3891982adf3ed,1,0,383.15,lowest G383.15 among eligible certificates; same geometry at all T,101325.0,1.0,100.0,0,1
Co_pyridine_pnn_iPr|active,Co_pyridine_pnn_iPr,active,298.15,-43924.24085626991,277.8139300218683,-43628.26827480518,182.04802856324804,172.62920444112825,-43677.84334366381,1.894328445494145,kcal/mol,cal/(mol K),0,C18H30CoN2OP,GFN2-xTB/ALPB toluene gsolv + qRRHO + 1M,data/campaign/thermochemistry/Co_pyridine_pnn_iPr__active/result.json,616df2d20249a29b5ebe19d8fe6c83f983df1bb4a512a53e5514cb85a58cdc43,data/campaign/thermochemistry/Co_pyridine_pnn_iPr__active/result.json#/attempts/0/native_command,data/datasets/thermochemistry/export_protocol.json,data/campaign/thermochemistry/Co_pyridine_pnn_iPr__active/accepted_geometry.xyz,b8719933a77162560d4dfa566e09739785ecbefa51f5a33c43bc51b436da274d,data/campaign/thermochemistry/Co_pyridine_pnn_iPr__active/hessian_00.npz,165b8ebb8782239c0addf44ec5e5fa38fd2a0263a691ca4f410a18306aef61b9,1,0,383.15,lowest G383.15 among eligible certificates; same geometry at all T,101325.0,1.0,100.0,0,1
Co_pyridine_pnn_iPr|active,Co_pyridine_pnn_iPr,active,340.0,-43924.24085626991,277.8139300218683,-43623.57386721879,196.7647982873977,186.14013436200827,-43684.61254011751,2.248972784367174,kcal/mol,cal/(mol K),0,C18H30CoN2OP,GFN2-xTB/ALPB toluene gsolv + qRRHO + 1M,data/campaign/thermochemistry/Co_pyridine_pnn_iPr__active/result.json,616df2d20249a29b5ebe19d8fe6c83f983df1bb4a512a53e5514cb85a58cdc43,data/campaign/thermochemistry/Co_pyridine_pnn_iPr__active/result.json#/attempts/0/native_command,data/datasets/thermochemistry/export_protocol.json,data/campaign/thermochemistry/Co_pyridine_pnn_iPr__active/accepted_geometry.xyz,b8719933a77162560d4dfa566e09739785ecbefa51f5a33c43bc51b436da274d,data/campaign/thermochemistry/Co_pyridine_pnn_iPr__active/hessian_00.npz,165b8ebb8782239c0addf44ec5e5fa38fd2a0263a691ca4f410a18306aef61b9,1,0,383.15,lowest G383.15 among eligible certificates; same geometry at all T,101325.0,1.0,100.0,0,1
Co_pyridine_pnn_iPr|active,Co_pyridine_pnn_iPr,active,350.0,-43924.24085626991,277.8139300218683,-43622.37958014223,200.22654824655874,189.3345359140013,-43686.31138721455,2.3352804975836268,kcal/mol,cal/(mol K),0,C18H30CoN2OP,GFN2-xTB/ALPB toluene gsolv + qRRHO + 1M,data/campaign/thermochemistry/Co_pyridine_pnn_iPr__active/result.json,616df2d20249a29b5ebe19d8fe6c83f983df1bb4a512a53e5514cb85a58cdc43,data/campaign/thermochemistry/Co_pyridine_pnn_iPr__active/result.json#/attempts/0/native_command,data/datasets/thermochemistry/export_protocol.json,data/campaign/thermochemistry/Co_pyridine_pnn_iPr__active/accepted_geometry.xyz,b8719933a77162560d4dfa566e09739785ecbefa51f5a33c43bc51b436da274d,data/campaign/thermochemistry/Co_pyridine_pnn_iPr__active/hessian_00.npz,165b8ebb8782239c0addf44ec5e5fa38fd2a0263a691ca4f410a18306aef61b9,1,0,383.15,lowest G383.15 among eligible certificates; same geometry at all T,101325.0,1.0,100.0,0,1
Co_pyridine_pnn_iPr|active,Co_pyridine_pnn_iPr,active,360.0,-43924.24085626991,277.8139300218683,-43621.157684804355,203.6685527595099,192.51634486646336,-43688.04141289556,2.422156060718619,kcal/mol,cal/(mol K),0,C18H30CoN2OP,GFN2-xTB/ALPB toluene gsolv + qRRHO + 1M,data/campaign/thermochemistry/Co_pyridine_pnn_iPr__active/result.json,616df2d20249a29b5ebe19d8fe6c83f983df1bb4a512a53e5514cb85a58cdc43,data/campaign/thermochemistry/Co_pyridine_pnn_iPr__active/result.json#/attempts/0/native_command,data/datasets/thermochemistry/export_protocol.json,data/campaign/thermochemistry/Co_pyridine_pnn_iPr__active/accepted_geometry.xyz,b8719933a77162560d4dfa566e09739785ecbefa51f5a33c43bc51b436da274d,data/campaign/thermochemistry/Co_pyridine_pnn_iPr__active/hessian_00.npz,165b8ebb8782239c0addf44ec5e5fa38fd2a0263a691ca4f410a18306aef61b9,1,0,383.15,lowest G383.15 among eligible certificates; same geometry at all T,101325.0,1.0,100.0,0,1
Co_pyridine_pnn_iPr|active,Co_pyridine_pnn_iPr,active,370.0,-43924.24085626991,277.8139300218683,-43619.90842551057,207.09122471186106,195.68561050692665,-43689.80251770209,2.509583696046293,kcal/mol,cal/(mol K),0,C18H30CoN2OP,GFN2-xTB/ALPB toluene gsolv + qRRHO + 1M,data/campaign/thermochemistry/Co_pyridine_pnn_iPr__active/result.json,616df2d20249a29b5ebe19d8fe6c83f983df1bb4a512a53e5514cb85a58cdc43,data/campaign/thermochemistry/Co_pyridine_pnn_iPr__active/result.json#/attempts/0/native_command,data/datasets/thermochemistry/export_protocol.json,data/campaign/thermochemistry/Co_pyridine_pnn_iPr__active/accepted_geometry.xyz,b8719933a77162560d4dfa566e09739785ecbefa51f5a33c43bc51b436da274d,data/campaign/thermochemistry/Co_pyridine_pnn_iPr__active/hessian_00.npz,165b8ebb8782239c0addf44ec5e5fa38fd2a0263a691ca4f410a18306aef61b9,1,0,383.15,lowest G383.15 among eligible certificates; same geometry at all T,101325.0,1.0,100.0,0,1
Co_pyridine_pnn_iPr|active,Co_pyridine_pnn_iPr,active,380.0,-43924.24085626991,277.8139300218683,-43618.63207516598,210.4948676473058,198.8422991108943,-43691.59460034911,2.597548479011341,kcal/mol,cal/(mol K),0,C18H30CoN2OP,GFN2-xTB/ALPB toluene gsolv + qRRHO + 1M,data/campaign/thermochemistry/Co_pyridine_pnn_iPr__active/result.json,616df2d20249a29b5ebe19d8fe6c83f983df1bb4a512a53e5514cb85a58cdc43,data/campaign/thermochemistry/Co_pyridine_pnn_iPr__active/result.json#/attempts/0/native_command,data/datasets/thermochemistry/export_protocol.json,data/campaign/thermochemistry/Co_pyridine_pnn_iPr__active/accepted_geometry.xyz,b8719933a77162560d4dfa566e09739785ecbefa51f5a33c43bc51b436da274d,data/campaign/thermochemistry/Co_pyridine_pnn_iPr__active/hessian_00.npz,165b8ebb8782239c0addf44ec5e5fa38fd2a0263a691ca4f410a18306aef61b9,1,0,383.15,lowest G383.15 among eligible certificates; same geometry at all T,101325.0,1.0,100.0,0,1
Co_pyridine_pnn_iPr|active,Co_pyridine_pnn_iPr,active,383.15,-43924.24085626991,277.8139300218683,-43618.224460974736,211.56311027453597,199.83403671533222,-43692.16550578664,2.625366355574337,kcal/mol,cal/(mol K),0,C18H30CoN2OP,GFN2-xTB/ALPB toluene gsolv + qRRHO + 1M,data/campaign/thermochemistry/Co_pyridine_pnn_iPr__active/result.json,616df2d20249a29b5ebe19d8fe6c83f983df1bb4a512a53e5514cb85a58cdc43,data/campaign/thermochemistry/Co_pyridine_pnn_iPr__active/result.json#/attempts/0/native_command,data/datasets/thermochemistry/export_protocol.json,data/campaign/thermochemistry/Co_pyridine_pnn_iPr__active/accepted_geometry.xyz,b8719933a77162560d4dfa566e09739785ecbefa51f5a33c43bc51b436da274d,data/campaign/thermochemistry/Co_pyridine_pnn_iPr__active/hessian_00.npz,165b8ebb8782239c0addf44ec5e5fa38fd2a0263a691ca4f410a18306aef61b9,1,0,383.15,lowest G383.15 among eligible certificates; same geometry at all T,101325.0,1.0,100.0,0,1
Co_pyridine_pnn_iPr|active,Co_pyridine_pnn_iPr,active,390.0,-43924.24085626991,277.8139300218683,-43617.3289322734,213.8796949301879,201.98631069578312,-43693.41755717391,2.686036270841015,kcal/mol,cal/(mol K),0,C18H30CoN2OP,GFN2-xTB/ALPB toluene gsolv + qRRHO + 1M,data/campaign/thermochemistry/Co_pyridine_pnn_iPr__active/result.json,616df2d20249a29b5ebe19d8fe6c83f983df1bb4a512a53e5514cb85a58cdc43,data/campaign/thermochemistry/Co_pyridine_pnn_iPr__active/result.json#/attempts/0/native_command,data/datasets/thermochemistry/export_protocol.json,data/campaign/thermochemistry/Co_pyridine_pnn_iPr__active/accepted_geometry.xyz,b8719933a77162560d4dfa566e09739785ecbefa51f5a33c43bc51b436da274d,data/campaign/thermochemistry/Co_pyridine_pnn_iPr__active/hessian_00.npz,165b8ebb8782239c0addf44ec5e5fa38fd2a0263a691ca4f410a18306aef61b9,1,0,383.15,lowest G383.15 among eligible certificates; same geometry at all T,101325.0,1.0,100.0,0,1
Co_pyridine_pnn_iPr|active,Co_pyridine_pnn_iPr,active,400.0,-43924.24085626991,277.8139300218683,-43615.99931784575,217.24584669887602,205.11749382523772,-43695.271281717774,2.775033658072708,kcal/mol,cal/(mol K),0,C18H30CoN2OP,GFN2-xTB/ALPB toluene gsolv + qRRHO + 1M,data/campaign/thermochemistry/Co_pyridine_pnn_iPr__active/result.json,616df2d20249a29b5ebe19d8fe6c83f983df1bb4a512a53e5514cb85a58cdc43,data/campaign/thermochemistry/Co_pyridine_pnn_iPr__active/result.json#/attempts/0/native_command,data/datasets/thermochemistry/export_protocol.json,data/campaign/thermochemistry/Co_pyridine_pnn_iPr__active/accepted_geometry.xyz,b8719933a77162560d4dfa566e09739785ecbefa51f5a33c43bc51b436da274d,data/campaign/thermochemistry/Co_pyridine_pnn_iPr__active/hessian_00.npz,165b8ebb8782239c0addf44ec5e5fa38fd2a0263a691ca4f410a18306aef61b9,1,0,383.15,lowest G383.15 among eligible certificates; same geometry at all T,101325.0,1.0,100.0,0,1
Co_pyridine_pnn_iPr|active,Co_pyridine_pnn_iPr,active,410.0,-43924.24085626991,277.8139300218683,-43614.64357232379,220.59340471272452,208.2356585352843,-43697.15566442512,2.8645278981321125,kcal/mol,cal/(mol K),0,C18H30CoN2OP,GFN2-xTB/ALPB toluene gsolv + qRRHO + 1M,data/campaign/thermochemistry/Co_pyridine_pnn_iPr__active/result.json,616df2d20249a29b5ebe19d8fe6c83f983df1bb4a512a53e5514cb85a58cdc43,data/campaign/thermochemistry/Co_pyridine_pnn_iPr__active/result.json#/attempts/0/native_command,data/datasets/thermochemistry/export_protocol.json,data/campaign/thermochemistry/Co_pyridine_pnn_iPr__active/accepted_geometry.xyz,b8719933a77162560d4dfa566e09739785ecbefa51f5a33c43bc51b436da274d,data/campaign/thermochemistry/Co_pyridine_pnn_iPr__active/hessian_00.npz,165b8ebb8782239c0addf44ec5e5fa38fd2a0263a691ca4f410a18306aef61b9,1,0,383.15,lowest G383.15 among eligible certificates; same geometry at all T,101325.0,1.0,100.0,0,1
Co_pyridine_pnn_iPr|active,Co_pyridine_pnn_iPr,active,420.0,-43924.24085626991,277.8139300218683,-43613.26205256981,223.92240522673305,211.34058748915362,-43699.07059244503,2.954506870223601,kcal/mol,cal/(mol K),0,C18H30CoN2OP,GFN2-xTB/ALPB toluene gsolv + qRRHO + 1M,data/campaign/thermochemistry/Co_pyridine_pnn_iPr__active/result.json,616df2d20249a29b5ebe19d8fe6c83f983df1bb4a512a53e5514cb85a58cdc43,data/campaign/thermochemistry/Co_pyridine_pnn_iPr__active/result.json#/attempts/0/native_command,data/datasets/thermochemistry/export_protocol.json,data/campaign/thermochemistry/Co_pyridine_pnn_iPr__active/accepted_geometry.xyz,b8719933a77162560d4dfa566e09739785ecbefa51f5a33c43bc51b436da274d,data/campaign/thermochemistry/Co_pyridine_pnn_iPr__active/hessian_00.npz,165b8ebb8782239c0addf44ec5e5fa38fd2a0263a691ca4f410a18306aef61b9,1,0,383.15,lowest G383.15 among eligible certificates; same geometry at all T,101325.0,1.0,100.0,0,1
Co_pyridine_pnn_iPr|active,Co_pyridine_pnn_iPr,active,430.0,-43924.24085626991,277.8139300218683,-43611.85512899069,227.2328500471922,214.43204549028889,-43701.01594952062,3.044959030900024,kcal/mol,cal/(mol K),0,C18H30CoN2OP,GFN2-xTB/ALPB toluene gsolv + qRRHO + 1M,data/campaign/thermochemistry/Co_pyridine_pnn_iPr__active/result.json,616df2d20249a29b5ebe19d8fe6c83f983df1bb4a512a53e5514cb85a58cdc43,data/campaign/thermochemistry/Co_pyridine_pnn_iPr__active/result.json#/attempts/0/native_command,data/datasets/thermochemistry/export_protocol.json,data/campaign/thermochemistry/Co_pyridine_pnn_iPr__active/accepted_geometry.xyz,b8719933a77162560d4dfa566e09739785ecbefa51f5a33c43bc51b436da274d,data/campaign/thermochemistry/Co_pyridine_pnn_iPr__active/hessian_00.npz,165b8ebb8782239c0addf44ec5e5fa38fd2a0263a691ca4f410a18306aef61b9,1,0,383.15,lowest G383.15 among eligible certificates; same geometry at all T,101325.0,1.0,100.0,0,1
Co_pyridine_pnn_iPr|active,Co_pyridine_pnn_iPr,active,440.0,-43924.24085626991,277.8139300218683,-43610.42318282831,230.5247159312824,217.50978749578226,-43702.991615952684,3.135873373767528,kcal/mol,cal/(mol K),0,C18H30CoN2OP,GFN2-xTB/ALPB toluene gsolv + qRRHO + 1M,data/campaign/thermochemistry/Co_pyridine_pnn_iPr__active/result.json,616df2d20249a29b5ebe19d8fe6c83f983df1bb4a512a53e5514cb85a58cdc43,data/campaign/thermochemistry/Co_pyridine_pnn_iPr__active/result.json#/attempts/0/native_command,data/datasets/thermochemistry/export_protocol.json,data/campaign/thermochemistry/Co_pyridine_pnn_iPr__active/accepted_geometry.xyz,b8719933a77162560d4dfa566e09739785ecbefa51f5a33c43bc51b436da274d,data/campaign/thermochemistry/Co_pyridine_pnn_iPr__active/hessian_00.npz,165b8ebb8782239c0addf44ec5e5fa38fd2a0263a691ca4f410a18306aef61b9,1,0,383.15,lowest G383.15 among eligible certificates; same geometry at all T,101325.0,1.0,100.0,0,1
Co_pyridine_pnn_iPr|hydrogenated,Co_pyridine_pnn_iPr,hydrogenated,298.15,-44567.115751485144,290.3179797675312,-44258.28090646382,184.56901890430393,174.79846439694956,-44308.50274017828,1.894328445494145,kcal/mol,cal/(mol K),0,C18H32CoN2OP,GFN2-xTB/ALPB toluene gsolv + qRRHO + 1M,data/campaign/thermochemistry/Co_pyridine_pnn_iPr__hydrogenated/result.json,d6c5193c155c8ca7ca498611b0e1bf99e4a648b72f0ec4a662cf6128a85ca361,data/campaign/thermochemistry/Co_pyridine_pnn_iPr__hydrogenated/result.json#/attempts/0/native_command,data/datasets/thermochemistry/export_protocol.json,data/campaign/thermochemistry/Co_pyridine_pnn_iPr__hydrogenated/accepted_geometry.xyz,3483096d95ef86f0a41ac8fd9fedb46a9f32fc5029ff32732bdd09c8ca39e45f,data/campaign/thermochemistry/Co_pyridine_pnn_iPr__hydrogenated/hessian_00.npz,655804c1b8317cf959c6de89fa2965beef5a34ce869cf87e3aa790403f82dab5,1,0,383.15,lowest G383.15 among eligible certificates; same geometry at all T,101325.0,1.0,100.0,0,1
Co_pyridine_pnn_iPr|hydrogenated,Co_pyridine_pnn_iPr,hydrogenated,340.0,-44567.115751485144,290.3179797675312,-44253.481763933,199.61381518408558,188.59909969967964,-44315.356485046526,2.248972784367174,kcal/mol,cal/(mol K),0,C18H32CoN2OP,GFN2-xTB/ALPB toluene gsolv + qRRHO + 1M,data/campaign/thermochemistry/Co_pyridine_pnn_iPr__hydrogenated/result.json,d6c5193c155c8ca7ca498611b0e1bf99e4a648b72f0ec4a662cf6128a85ca361,data/campaign/thermochemistry/Co_pyridine_pnn_iPr__hydrogenated/result.json#/attempts/0/native_command,data/datasets/thermochemistry/export_protocol.json,data/campaign/thermochemistry/Co_pyridine_pnn_iPr__hydrogenated/accepted_geometry.xyz,3483096d95ef86f0a41ac8fd9fedb46a9f32fc5029ff32732bdd09c8ca39e45f,data/campaign/thermochemistry/Co_pyridine_pnn_iPr__hydrogenated/hessian_00.npz,655804c1b8317cf959c6de89fa2965beef5a34ce869cf87e3aa790403f82dab5,1,0,383.15,lowest G383.15 among eligible certificates; same geometry at all T,101325.0,1.0,100.0,0,1
Co_pyridine_pnn_iPr|hydrogenated,Co_pyridine_pnn_iPr,hydrogenated,350.0,-44567.115751485144,290.3179797675312,-44252.25941702132,203.15689531266827,191.86636661819384,-44317.07736484011,2.3352804975836268,kcal/mol,cal/(mol K),0,C18H32CoN2OP,GFN2-xTB/ALPB toluene gsolv + qRRHO + 1M,data/campaign/thermochemistry/Co_pyridine_pnn_iPr__hydrogenated/result.json,d6c5193c155c8ca7ca498611b0e1bf99e4a648b72f0ec4a662cf6128a85ca361,data/campaign/thermochemistry/Co_pyridine_pnn_iPr__hydrogenated/result.json#/attempts/0/native_command,data/datasets/thermochemistry/export_protocol.json,data/campaign/thermochemistry/Co_pyridine_pnn_iPr__hydrogenated/accepted_geometry.xyz,3483096d95ef86f0a41ac8fd9fedb46a9f32fc5029ff32732bdd09c8ca39e45f,data/campaign/thermochemistry/Co_pyridine_pnn_iPr__hydrogenated/hessian_00.npz,655804c1b8317cf959c6de89fa2965beef5a34ce869cf87e3aa790403f82dab5,1,0,383.15,lowest G383.15 among eligible certificates; same geometry at all T,101325.0,1.0,100.0,0,1
Co_pyridine_pnn_iPr|hydrogenated,Co_pyridine_pnn_iPr,hydrogenated,360.0,-44567.115751485144,290.3179797675312,-44251.008259738635,206.68132530980338,195.12237231352594,-44318.830157710785,2.422156060718619,kcal/mol,cal/(mol K),0,C18H32CoN2OP,GFN2-xTB/ALPB toluene gsolv + qRRHO + 1M,data/campaign/thermochemistry/Co_pyridine_pnn_iPr__hydrogenated/result.json,d6c5193c155c8ca7ca498611b0e1bf99e4a648b72f0ec4a662cf6128a85ca361,data/campaign/thermochemistry/Co_pyridine_pnn_iPr__hydrogenated/result.json#/attempts/0/native_command,data/datasets/thermochemistry/export_protocol.json,data/campaign/thermochemistry/Co_pyridine_pnn_iPr__hydrogenated/accepted_geometry.xyz,3483096d95ef86f0a41ac8fd9fedb46a9f32fc5029ff32732bdd09c8ca39e45f,data/campaign/thermochemistry/Co_pyridine_pnn_iPr__hydrogenated/hessian_00.npz,655804c1b8317cf959c6de89fa2965beef5a34ce869cf87e3aa790403f82dab5,1,0,383.15,lowest G383.15 among eligible certificates; same geometry at all T,101325.0,1.0,100.0,0,1
Co_pyridine_pnn_iPr|hydrogenated,Co_pyridine_pnn_iPr,hydrogenated,370.0,-44567.115751485144,290.3179797675312,-44249.72852846747,210.18747976710182,198.36711500137466,-44320.614777321935,2.509583696046293,kcal/mol,cal/(mol K),0,C18H32CoN2OP,GFN2-xTB/ALPB toluene gsolv + qRRHO + 1M,data/campaign/thermochemistry/Co_pyridine_pnn_iPr__hydrogenated/result.json,d6c5193c155c8ca7ca498611b0e1bf99e4a648b72f0ec4a662cf6128a85ca361,data/campaign/thermochemistry/Co_pyridine_pnn_iPr__hydrogenated/result.json#/attempts/0/native_command,data/datasets/thermochemistry/export_protocol.json,data/campaign/thermochemistry/Co_pyridine_pnn_iPr__hydrogenated/accepted_geometry.xyz,3483096d95ef86f0a41ac8fd9fedb46a9f32fc5029ff32732bdd09c8ca39e45f,data/campaign/thermochemistry/Co_pyridine_pnn_iPr__hydrogenated/hessian_00.npz,655804c1b8317cf959c6de89fa2965beef5a34ce869cf87e3aa790403f82dab5,1,0,383.15,lowest G383.15 among eligible certificates; same geometry at all T,101325.0,1.0,100.0,0,1
Co_pyridine_pnn_iPr|hydrogenated,Co_pyridine_pnn_iPr,hydrogenated,380.0,-44567.115751485144,290.3179797675312,-44248.42049173249,213.6756175472351,201.60050450691543,-44322.43113496611,2.597548479011341,kcal/mol,cal/(mol K),0,C18H32CoN2OP,GFN2-xTB/ALPB toluene gsolv + qRRHO + 1M,data/campaign/thermochemistry/Co_pyridine_pnn_iPr__hydrogenated/result.json,d6c5193c155c8ca7ca498611b0e1bf99e4a648b72f0ec4a662cf6128a85ca361,data/campaign/thermochemistry/Co_pyridine_pnn_iPr__hydrogenated/result.json#/attempts/0/native_command,data/datasets/thermochemistry/export_protocol.json,data/campaign/thermochemistry/Co_pyridine_pnn_iPr__hydrogenated/accepted_geometry.xyz,3483096d95ef86f0a41ac8fd9fedb46a9f32fc5029ff32732bdd09c8ca39e45f,data/campaign/thermochemistry/Co_pyridine_pnn_iPr__hydrogenated/hessian_00.npz,655804c1b8317cf959c6de89fa2965beef5a34ce869cf87e3aa790403f82dab5,1,0,383.15,lowest G383.15 among eligible certificates; same geometry at all T,101325.0,1.0,100.0,0,1
Co_pyridine_pnn_iPr|hydrogenated,Co_pyridine_pnn_iPr,hydrogenated,383.15,-44567.115751485144,290.3179797675312,-44248.00264453298,214.7706779255728,202.61664681827193,-44323.009846405825,2.625366355574337,kcal/mol,cal/(mol K),0,C18H32CoN2OP,GFN2-xTB/ALPB toluene gsolv + qRRHO + 1M,data/campaign/thermochemistry/Co_pyridine_pnn_iPr__hydrogenated/result.json,d6c5193c155c8ca7ca498611b0e1bf99e4a648b72f0ec4a662cf6128a85ca361,data/campaign/thermochemistry/Co_pyridine_pnn_iPr__hydrogenated/result.json#/attempts/0/native_command,data/datasets/thermochemistry/export_protocol.json,data/campaign/thermochemistry/Co_pyridine_pnn_iPr__hydrogenated/accepted_geometry.xyz,3483096d95ef86f0a41ac8fd9fedb46a9f32fc5029ff32732bdd09c8ca39e45f,data/campaign/thermochemistry/Co_pyridine_pnn_iPr__hydrogenated/hessian_00.npz,655804c1b8317cf959c6de89fa2965beef5a34ce869cf87e3aa790403f82dab5,1,0,383.15,lowest G383.15 among eligible certificates; same geometry at all T,101325.0,1.0,100.0,0,1
Co_pyridine_pnn_iPr|hydrogenated,Co_pyridine_pnn_iPr,hydrogenated,390.0,-44567.115751485144,290.3179797675312,-44247.08444681401,217.14590260935992,204.82238057829045,-44324.279138968705,2.686036270841015,kcal/mol,cal/(mol K),0,C18H32CoN2OP,GFN2-xTB/ALPB toluene gsolv + qRRHO + 1M,data/campaign/thermochemistry/Co_pyridine_pnn_iPr__hydrogenated/result.json,d6c5193c155c8ca7ca498611b0e1bf99e4a648b72f0ec4a662cf6128a85ca361,data/campaign/thermochemistry/Co_pyridine_pnn_iPr__hydrogenated/result.json#/attempts/0/native_command,data/datasets/thermochemistry/export_protocol.json,data/campaign/thermochemistry/Co_pyridine_pnn_iPr__hydrogenated/accepted_geometry.xyz,3483096d95ef86f0a41ac8fd9fedb46a9f32fc5029ff32732bdd09c8ca39e45f,data/campaign/thermochemistry/Co_pyridine_pnn_iPr__hydrogenated/hessian_00.npz,655804c1b8317cf959c6de89fa2965beef5a34ce869cf87e3aa790403f82dab5,1,0,383.15,lowest G383.15 among eligible certificates; same geometry at all T,101325.0,1.0,100.0,0,1
Co_pyridine_pnn_iPr|hydrogenated,Co_pyridine_pnn_iPr,hydrogenated,400.0,-44567.115751485144,290.3179797675312,-44245.72071630161,220.59842234992414,208.032528987938,-44326.15869423871,2.775033658072708,kcal/mol,cal/(mol K),0,C18H32CoN2OP,GFN2-xTB/ALPB toluene gsolv + qRRHO + 1M,data/campaign/thermochemistry/Co_pyridine_pnn_iPr__hydrogenated/result.json,d6c5193c155c8ca7ca498611b0e1bf99e4a648b72f0ec4a662cf6128a85ca361,data/campaign/thermochemistry/Co_pyridine_pnn_iPr__hydrogenated/result.json#/attempts/0/native_command,data/datasets/thermochemistry/export_protocol.json,data/campaign/thermochemistry/Co_pyridine_pnn_iPr__hydrogenated/accepted_geometry.xyz,3483096d95ef86f0a41ac8fd9fedb46a9f32fc5029ff32732bdd09c8ca39e45f,data/campaign/thermochemistry/Co_pyridine_pnn_iPr__hydrogenated/hessian_00.npz,655804c1b8317cf959c6de89fa2965beef5a34ce869cf87e3aa790403f82dab5,1,0,383.15,lowest G383.15 among eligible certificates; same geometry at all T,101325.0,1.0,100.0,0,1
Co_pyridine_pnn_iPr|hydrogenated,Co_pyridine_pnn_iPr,hydrogenated,410.0,-44567.115751485144,290.3179797675312,-44244.3296446796,224.0332035998396,211.23069552955107,-44328.06970194858,2.8645278981321125,kcal/mol,cal/(mol K),0,C18H32CoN2OP,GFN2-xTB/ALPB toluene gsolv + qRRHO + 1M,data/campaign/thermochemistry/Co_pyridine_pnn_iPr__hydrogenated/result.json,d6c5193c155c8ca7ca498611b0e1bf99e4a648b72f0ec4a662cf6128a85ca361,data/campaign/thermochemistry/Co_pyridine_pnn_iPr__hydrogenated/result.json#/attempts/0/native_command,data/datasets/thermochemistry/export_protocol.json,data/campaign/thermochemistry/Co_pyridine_pnn_iPr__hydrogenated/accepted_geometry.xyz,3483096d95ef86f0a41ac8fd9fedb46a9f32fc5029ff32732bdd09c8ca39e45f,data/campaign/thermochemistry/Co_pyridine_pnn_iPr__hydrogenated/hessian_00.npz,655804c1b8317cf959c6de89fa2965beef5a34ce869cf87e3aa790403f82dab5,1,0,383.15,lowest G383.15 among eligible certificates; same geometry at all T,101325.0,1.0,100.0,0,1
Co_pyridine_pnn_iPr|hydrogenated,Co_pyridine_pnn_iPr,hydrogenated,420.0,-44567.115751485144,290.3179797675312,-44242.91159501538,227.45022644614195,214.41659804993157,-44330.01205932613,2.954506870223601,kcal/mol,cal/(mol K),0,C18H32CoN2OP,GFN2-xTB/ALPB toluene gsolv + qRRHO + 1M,data/campaign/thermochemistry/Co_pyridine_pnn_iPr__hydrogenated/result.json,d6c5193c155c8ca7ca498611b0e1bf99e4a648b72f0ec4a662cf6128a85ca361,data/campaign/thermochemistry/Co_pyridine_pnn_iPr__hydrogenated/result.json#/attempts/0/native_command,data/datasets/thermochemistry/export_protocol.json,data/campaign/thermochemistry/Co_pyridine_pnn_iPr__hydrogenated/accepted_geometry.xyz,3483096d95ef86f0a41ac8fd9fedb46a9f32fc5029ff32732bdd09c8ca39e45f,data/campaign/thermochemistry/Co_pyridine_pnn_iPr__hydrogenated/hessian_00.npz,655804c1b8317cf959c6de89fa2965beef5a34ce869cf87e3aa790403f82dab5,1,0,383.15,lowest G383.15 among eligible certificates; same geometry at all T,101325.0,1.0,100.0,0,1
Co_pyridine_pnn_iPr|hydrogenated,Co_pyridine_pnn_iPr,hydrogenated,430.0,-44567.115751485144,290.3179797675312,-44241.466945803375,230.84943606135707,217.58993667387236,-44331.98565954224,3.044959030900024,kcal/mol,cal/(mol K),0,C18H32CoN2OP,GFN2-xTB/ALPB toluene gsolv + qRRHO + 1M,data/campaign/thermochemistry/Co_pyridine_pnn_iPr__hydrogenated/result.json,d6c5193c155c8ca7ca498611b0e1bf99e4a648b72f0ec4a662cf6128a85ca361,data/campaign/thermochemistry/Co_pyridine_pnn_iPr__hydrogenated/result.json#/attempts/0/native_command,data/datasets/thermochemistry/export_protocol.json,data/campaign/thermochemistry/Co_pyridine_pnn_iPr__hydrogenated/accepted_geometry.xyz,3483096d95ef86f0a41ac8fd9fedb46a9f32fc5029ff32732bdd09c8ca39e45f,data/campaign/thermochemistry/Co_pyridine_pnn_iPr__hydrogenated/hessian_00.npz,655804c1b8317cf959c6de89fa2965beef5a34ce869cf87e3aa790403f82dab5,1,0,383.15,lowest G383.15 among eligible certificates; same geometry at all T,101325.0,1.0,100.0,0,1
Co_pyridine_pnn_iPr|hydrogenated,Co_pyridine_pnn_iPr,hydrogenated,440.0,-44567.115751485144,290.3179797675312,-44239.99608800158,234.23075272967148,220.75040238933622,-44333.99039167912,3.135873373767528,kcal/mol,cal/(mol K),0,C18H32CoN2OP,GFN2-xTB/ALPB toluene gsolv + qRRHO + 1M,data/campaign/thermochemistry/Co_pyridine_pnn_iPr__hydrogenated/result.json,d6c5193c155c8ca7ca498611b0e1bf99e4a648b72f0ec4a662cf6128a85ca361,data/campaign/thermochemistry/Co_pyridine_pnn_iPr__hydrogenated/result.json#/attempts/0/native_command,data/datasets/thermochemistry/export_protocol.json,data/campaign/thermochemistry/Co_pyridine_pnn_iPr__hydrogenated/accepted_geometry.xyz,3483096d95ef86f0a41ac8fd9fedb46a9f32fc5029ff32732bdd09c8ca39e45f,data/campaign/thermochemistry/Co_pyridine_pnn_iPr__hydrogenated/hessian_00.npz,655804c1b8317cf959c6de89fa2965beef5a34ce869cf87e3aa790403f82dab5,1,0,383.15,lowest G383.15 among eligible certificates; same geometry at all T,101325.0,1.0,100.0,0,1
Co_pyridine_pnn_iPr|protonated_reference,Co_pyridine_pnn_iPr,protonated_reference,298.15,-44060.550934376784,286.0576366467809,-43756.464835979794,180.6942883488257,171.56951456479402,-43805.723958301794,1.894328445494145,kcal/mol,cal/(mol K),1,C18H31CoN2OP,GFN2-xTB/ALPB toluene gsolv + qRRHO + 1M,data/campaign/thermochemistry/Co_pyridine_pnn_iPr__protonated_reference/result.json,d0987107827b73fe02febb6b94dcf55216e906a6763f855674aa22ad4db7c862,data/campaign/thermochemistry/Co_pyridine_pnn_iPr__protonated_reference/result.json#/attempts/0/native_command,data/datasets/thermochemistry/export_protocol.json,data/campaign/thermochemistry/Co_pyridine_pnn_iPr__protonated_reference/accepted_geometry.xyz,865895a77f49e6a569f59b2085c1899577b627d1994a99b5e1dab2ceafc338e0,data/campaign/thermochemistry/Co_pyridine_pnn_iPr__protonated_reference/hessian_00.npz,4f16a6755f69c0a1085fdc0a71ea2883598cb90c48e16018157f52a976391ced,1,0,383.15,lowest G383.15 among eligible certificates; same geometry at all T,101325.0,1.0,100.0,0,1
Co_pyridine_pnn_iPr|protonated_reference,Co_pyridine_pnn_iPr,protonated_reference,340.0,-44060.550934376784,286.0576366467809,-43751.76879570962,195.4157315120509,185.10663773494093,-43812.45607975514,2.248972784367174,kcal/mol,cal/(mol K),1,C18H31CoN2OP,GFN2-xTB/ALPB toluene gsolv + qRRHO + 1M,data/campaign/thermochemistry/Co_pyridine_pnn_iPr__protonated_reference/result.json,d0987107827b73fe02febb6b94dcf55216e906a6763f855674aa22ad4db7c862,data/campaign/thermochemistry/Co_pyridine_pnn_iPr__protonated_reference/result.json#/attempts/0/native_command,data/datasets/thermochemistry/export_protocol.json,data/campaign/thermochemistry/Co_pyridine_pnn_iPr__protonated_reference/accepted_geometry.xyz,865895a77f49e6a569f59b2085c1899577b627d1994a99b5e1dab2ceafc338e0,data/campaign/thermochemistry/Co_pyridine_pnn_iPr__protonated_reference/hessian_00.npz,4f16a6755f69c0a1085fdc0a71ea2883598cb90c48e16018157f52a976391ced,1,0,383.15,lowest G383.15 among eligible certificates; same geometry at all T,101325.0,1.0,100.0,0,1
Co_pyridine_pnn_iPr|protonated_reference,Co_pyridine_pnn_iPr,protonated_reference,350.0,-44060.550934376784,286.0576366467809,-43750.57213131172,198.8843672327655,188.3126887444314,-43814.14629187469,2.3352804975836268,kcal/mol,cal/(mol K),1,C18H31CoN2OP,GFN2-xTB/ALPB toluene gsolv + qRRHO + 1M,data/campaign/thermochemistry/Co_pyridine_pnn_iPr__protonated_reference/result.json,d0987107827b73fe02febb6b94dcf55216e906a6763f855674aa22ad4db7c862,data/campaign/thermochemistry/Co_pyridine_pnn_iPr__protonated_reference/result.json#/attempts/0/native_command,data/datasets/thermochemistry/export_protocol.json,data/campaign/thermochemistry/Co_pyridine_pnn_iPr__protonated_reference/accepted_geometry.xyz,865895a77f49e6a569f59b2085c1899577b627d1994a99b5e1dab2ceafc338e0,data/campaign/thermochemistry/Co_pyridine_pnn_iPr__protonated_reference/hessian_00.npz,4f16a6755f69c0a1085fdc0a71ea2883598cb90c48e16018157f52a976391ced,1,0,383.15,lowest G383.15 among eligible certificates; same geometry at all T,101325.0,1.0,100.0,0,1
Co_pyridine_pnn_iPr|protonated_reference,Co_pyridine_pnn_iPr,protonated_reference,360.0,-44060.550934376784,286.0576366467809,-43749.347068917166,202.33528838155436,191.50804822725752,-43815.86781021826,2.422156060718619,kcal/mol,cal/(mol K),1,C18H31CoN2OP,GFN2-xTB/ALPB toluene gsolv + qRRHO + 1M,data/campaign/thermochemistry/Co_pyridine_pnn_iPr__protonated_reference/result.json,d0987107827b73fe02febb6b94dcf55216e906a6763f855674aa22ad4db7c862,data/campaign/thermochemistry/Co_pyridine_pnn_iPr__protonated_reference/result.json#/attempts/0/native_command,data/datasets/thermochemistry/export_protocol.json,data/campaign/thermochemistry/Co_pyridine_pnn_iPr__protonated_reference/accepted_geometry.xyz,865895a77f49e6a569f59b2085c1899577b627d1994a99b5e1dab2ceafc338e0,data/campaign/thermochemistry/Co_pyridine_pnn_iPr__protonated_reference/hessian_00.npz,4f16a6755f69c0a1085fdc0a71ea2883598cb90c48e16018157f52a976391ced,1,0,383.15,lowest G383.15 among eligible certificates; same geometry at all T,101325.0,1.0,100.0,0,1
Co_pyridine_pnn_iPr|protonated_reference,Co_pyridine_pnn_iPr,protonated_reference,370.0,-44060.550934376784,286.0576366467809,-43748.093848683224,205.76880793092903,194.69267232060346,-43817.6205537458,2.509583696046293,kcal/mol,cal/(mol K),1,C18H31CoN2OP,GFN2-xTB/ALPB toluene gsolv + qRRHO + 1M,data/campaign/thermochemistry/Co_pyridine_pnn_iPr__protonated_reference/result.json,d0987107827b73fe02febb6b94dcf55216e906a6763f855674aa22ad4db7c862,data/campaign/thermochemistry/Co_pyridine_pnn_iPr__protonated_reference/result.json#/attempts/0/native_command,data/datasets/thermochemistry/export_protocol.json,data/campaign/thermochemistry/Co_pyridine_pnn_iPr__protonated_reference/accepted_geometry.xyz,865895a77f49e6a569f59b2085c1899577b627d1994a99b5e1dab2ceafc338e0,data/campaign/thermochemistry/Co_pyridine_pnn_iPr__protonated_reference/hessian_00.npz,4f16a6755f69c0a1085fdc0a71ea2883598cb90c48e16018157f52a976391ced,1,0,383.15,lowest G383.15 among eligible certificates; same geometry at all T,101325.0,1.0,100.0,0,1
Co_pyridine_pnn_iPr|protonated_reference,Co_pyridine_pnn_iPr,protonated_reference,380.0,-44060.550934376784,286.0576366467809,-43746.81274260478,209.1851288673349,197.86643299981887,-43819.4044386657,2.597548479011341,kcal/mol,cal/(mol K),1,C18H31CoN2OP,GFN2-xTB/ALPB toluene gsolv + qRRHO + 1M,data/campaign/thermochemistry/Co_pyridine_pnn_iPr__protonated_reference/result.json,d0987107827b73fe02febb6b94dcf55216e906a6763f855674aa22ad4db7c862,data/campaign/thermochemistry/Co_pyridine_pnn_iPr__protonated_reference/result.json#/attempts/0/native_command,data/datasets/thermochemistry/export_protocol.json,data/campaign/thermochemistry/Co_pyridine_pnn_iPr__protonated_reference/accepted_geometry.xyz,865895a77f49e6a569f59b2085c1899577b627d1994a99b5e1dab2ceafc338e0,data/campaign/thermochemistry/Co_pyridine_pnn_iPr__protonated_reference/hessian_00.npz,4f16a6755f69c0a1085fdc0a71ea2883598cb90c48e16018157f52a976391ced,1,0,383.15,lowest G383.15 among eligible certificates; same geometry at all T,101325.0,1.0,100.0,0,1
Co_pyridine_pnn_iPr|protonated_reference,Co_pyridine_pnn_iPr,protonated_reference,383.15,-44060.550934376784,286.0576366467809,-43746.4034659812,210.25772814181545,198.86388813661824,-43819.97279836517,2.625366355574337,kcal/mol,cal/(mol K),1,C18H31CoN2OP,GFN2-xTB/ALPB toluene gsolv + qRRHO + 1M,data/campaign/thermochemistry/Co_pyridine_pnn_iPr__protonated_reference/result.json,d0987107827b73fe02febb6b94dcf55216e906a6763f855674aa22ad4db7c862,data/campaign/thermochemistry/Co_pyridine_pnn_iPr__protonated_reference/result.json#/attempts/0/native_command,data/datasets/thermochemistry/export_protocol.json,data/campaign/thermochemistry/Co_pyridine_pnn_iPr__protonated_reference/accepted_geometry.xyz,865895a77f49e6a569f59b2085c1899577b627d1994a99b5e1dab2ceafc338e0,data/campaign/thermochemistry/Co_pyridine_pnn_iPr__protonated_reference/hessian_00.npz,4f16a6755f69c0a1085fdc0a71ea2883598cb90c48e16018157f52a976391ced,1,0,383.15,lowest G383.15 among eligible certificates; same geometry at all T,101325.0,1.0,100.0,0,1
Co_pyridine_pnn_iPr|protonated_reference,Co_pyridine_pnn_iPr,protonated_reference,390.0,-44060.550934376784,286.0576366467809,-43745.504051096555,212.58436450103164,201.02913602792376,-43821.21937787661,2.686036270841015,kcal/mol,cal/(mol K),1,C18H31CoN2OP,GFN2-xTB/ALPB toluene gsolv + qRRHO + 1M,data/campaign/thermochemistry/Co_pyridine_pnn_iPr__protonated_reference/result.json,d0987107827b73fe02febb6b94dcf55216e906a6763f855674aa22ad4db7c862,data/campaign/thermochemistry/Co_pyridine_pnn_iPr__protonated_reference/result.json#/attempts/0/native_command,data/datasets/thermochemistry/export_protocol.json,data/campaign/thermochemistry/Co_pyridine_pnn_iPr__protonated_reference/accepted_geometry.xyz,865895a77f49e6a569f59b2085c1899577b627d1994a99b5e1dab2ceafc338e0,data/campaign/thermochemistry/Co_pyridine_pnn_iPr__protonated_reference/hessian_00.npz,4f16a6755f69c0a1085fdc0a71ea2883598cb90c48e16018157f52a976391ced,1,0,383.15,lowest G383.15 among eligible certificates; same geometry at all T,101325.0,1.0,100.0,0,1
Co_pyridine_pnn_iPr|protonated_reference,Co_pyridine_pnn_iPr,protonated_reference,400.0,-44060.550934376784,286.0576366467809,-43744.16809951572,215.96655635569869,204.18053673889767,-43823.06528055321,2.775033658072708,kcal/mol,cal/(mol K),1,C18H31CoN2OP,GFN2-xTB/ALPB toluene gsolv + qRRHO + 1M,data/campaign/thermochemistry/Co_pyridine_pnn_iPr__protonated_reference/result.json,d0987107827b73fe02febb6b94dcf55216e906a6763f855674aa22ad4db7c862,data/campaign/thermochemistry/Co_pyridine_pnn_iPr__protonated_reference/result.json#/attempts/0/native_command,data/datasets/thermochemistry/export_protocol.json,data/campaign/thermochemistry/Co_pyridine_pnn_iPr__protonated_reference/accepted_geometry.xyz,865895a77f49e6a569f59b2085c1899577b627d1994a99b5e1dab2ceafc338e0,data/campaign/thermochemistry/Co_pyridine_pnn_iPr__protonated_reference/hessian_00.npz,4f16a6755f69c0a1085fdc0a71ea2883598cb90c48e16018157f52a976391ced,1,0,383.15,lowest G383.15 among eligible certificates; same geometry at all T,101325.0,1.0,100.0,0,1
Co_pyridine_pnn_iPr|protonated_reference,Co_pyridine_pnn_iPr,protonated_reference,410.0,-44060.550934376784,286.0576366467809,-43742.805234719104,219.33168976390485,207.3203537503016,-43824.94205185859,2.8645278981321125,kcal/mol,cal/(mol K),1,C18H31CoN2OP,GFN2-xTB/ALPB toluene gsolv + qRRHO + 1M,data/campaign/thermochemistry/Co_pyridine_pnn_iPr__protonated_reference/result.json,d0987107827b73fe02febb6b94dcf55216e906a6763f855674aa22ad4db7c862,data/campaign/thermochemistry/Co_pyridine_pnn_iPr__protonated_reference/result.json#/attempts/0/native_command,data/datasets/thermochemistry/export_protocol.json,data/campaign/thermochemistry/Co_pyridine_pnn_iPr__protonated_reference/accepted_geometry.xyz,865895a77f49e6a569f59b2085c1899577b627d1994a99b5e1dab2ceafc338e0,data/campaign/thermochemistry/Co_pyridine_pnn_iPr__protonated_reference/hessian_00.npz,4f16a6755f69c0a1085fdc0a71ea2883598cb90c48e16018157f52a976391ced,1,0,383.15,lowest G383.15 among eligible certificates; same geometry at all T,101325.0,1.0,100.0,0,1
Co_pyridine_pnn_iPr|protonated_reference,Co_pyridine_pnn_iPr,protonated_reference,420.0,-44060.550934376784,286.0576366467809,-43741.415821727074,222.67970732581202,210.4482807359344,-43826.849592765946,2.954506870223601,kcal/mol,cal/(mol K),1,C18H31CoN2OP,GFN2-xTB/ALPB toluene gsolv + qRRHO + 1M,data/campaign/thermochemistry/Co_pyridine_pnn_iPr__protonated_reference/result.json,d0987107827b73fe02febb6b94dcf55216e906a6763f855674aa22ad4db7c862,data/campaign/thermochemistry/Co_pyridine_pnn_iPr__protonated_reference/result.json#/attempts/0/native_command,data/datasets/thermochemistry/export_protocol.json,data/campaign/thermochemistry/Co_pyridine_pnn_iPr__protonated_reference/accepted_geometry.xyz,865895a77f49e6a569f59b2085c1899577b627d1994a99b5e1dab2ceafc338e0,data/campaign/thermochemistry/Co_pyridine_pnn_iPr__protonated_reference/hessian_00.npz,4f16a6755f69c0a1085fdc0a71ea2883598cb90c48e16018157f52a976391ced,1,0,383.15,lowest G383.15 among eligible certificates; same geometry at all T,101325.0,1.0,100.0,0,1
Co_pyridine_pnn_iPr|protonated_reference,Co_pyridine_pnn_iPr,protonated_reference,430.0,-44060.550934376784,286.0576366467809,-43740.00024054805,226.01052040666193,213.5639964108269,-43828.787799973805,3.044959030900024,kcal/mol,cal/(mol K),1,C18H31CoN2OP,GFN2-xTB/ALPB toluene gsolv + qRRHO + 1M,data/campaign/thermochemistry/Co_pyridine_pnn_iPr__protonated_reference/result.json,d0987107827b73fe02febb6b94dcf55216e906a6763f855674aa22ad4db7c862,data/campaign/thermochemistry/Co_pyridine_pnn_iPr__protonated_reference/result.json#/attempts/0/native_command,data/datasets/thermochemistry/export_protocol.json,data/campaign/thermochemistry/Co_pyridine_pnn_iPr__protonated_reference/accepted_geometry.xyz,865895a77f49e6a569f59b2085c1899577b627d1994a99b5e1dab2ceafc338e0,data/campaign/thermochemistry/Co_pyridine_pnn_iPr__protonated_reference/hessian_00.npz,4f16a6755f69c0a1085fdc0a71ea2883598cb90c48e16018157f52a976391ced,1,0,383.15,lowest G383.15 among eligible certificates; same geometry at all T,101325.0,1.0,100.0,0,1
Co_pyridine_pnn_iPr|protonated_reference,Co_pyridine_pnn_iPr,protonated_reference,440.0,-44060.550934376784,286.0576366467809,-43738.5588832011,229.3240188567559,216.66717289201515,-43830.75656589982,3.135873373767528,kcal/mol,cal/(mol K),1,C18H31CoN2OP,GFN2-xTB/ALPB toluene gsolv + qRRHO + 1M,data/campaign/thermochemistry/Co_pyridine_pnn_iPr__protonated_reference/result.json,d0987107827b73fe02febb6b94dcf55216e906a6763f855674aa22ad4db7c862,data/campaign/thermochemistry/Co_pyridine_pnn_iPr__protonated_reference/result.json#/attempts/0/native_command,data/datasets/thermochemistry/export_protocol.json,data/campaign/thermochemistry/Co_pyridine_pnn_iPr__protonated_reference/accepted_geometry.xyz,865895a77f49e6a569f59b2085c1899577b627d1994a99b5e1dab2ceafc338e0,data/campaign/thermochemistry/Co_pyridine_pnn_iPr__protonated_reference/hessian_00.npz,4f16a6755f69c0a1085fdc0a71ea2883598cb90c48e16018157f52a976391ced,1,0,383.15,lowest G383.15 among eligible certificates; same geometry at all T,101325.0,1.0,100.0,0,1
Fe_bipyridine_pnnoh_Ph|active,Fe_bipyridine_pnnoh_Ph,active,298.15,-50692.87038296166,223.79522229501015,-50451.9096574517,178.87540644803522,167.15945971205963,-50499.853921919355,1.894328445494145,kcal/mol,cal/(mol K),0,C24H19FeN2O2P,GFN2-xTB/ALPB toluene gsolv + qRRHO + 1M,data/targeted_rescue/thermochemistry/Fe_bipyridine_pnnoh_Ph__active/result.json,636710b73aad6353f08fb59b2b957473a1ac76ce067bd922936c300cbcb1a515,data/targeted_rescue/thermochemistry/Fe_bipyridine_pnnoh_Ph__active/result.json#/attempts/0/native_command,data/datasets/thermochemistry/export_protocol.json,data/targeted_rescue/thermochemistry/Fe_bipyridine_pnnoh_Ph__active/accepted_geometry.xyz,00e5a55e89234d48cda3da27df2559bcf51ab79c4fb11f3fbc8b8ed2bc712caf,data/targeted_rescue/thermochemistry/Fe_bipyridine_pnnoh_Ph__active/hessian_00.npz,994f64646790ab5662ce6cc33ffc4d331502786867b27730581c0454257eb181,rescue_seed20270817,0,383.15,lowest G383.15 among eligible certificates; same geometry at all T,101325.0,1.0,100.0,0,1
Fe_bipyridine_pnnoh_Ph|active,Fe_bipyridine_pnnoh_Ph,active,340.0,-50692.87038296166,223.79522229501015,-50447.168892090136,193.73539925072026,180.78756084116606,-50506.38768999177,2.248972784367174,kcal/mol,cal/(mol K),0,C24H19FeN2O2P,GFN2-xTB/ALPB toluene gsolv + qRRHO + 1M,data/targeted_rescue/thermochemistry/Fe_bipyridine_pnnoh_Ph__active/result.json,636710b73aad6353f08fb59b2b957473a1ac76ce067bd922936c300cbcb1a515,data/targeted_rescue/thermochemistry/Fe_bipyridine_pnnoh_Ph__active/result.json#/attempts/0/native_command,data/datasets/thermochemistry/export_protocol.json,data/targeted_rescue/thermochemistry/Fe_bipyridine_pnnoh_Ph__active/accepted_geometry.xyz,00e5a55e89234d48cda3da27df2559bcf51ab79c4fb11f3fbc8b8ed2bc712caf,data/targeted_rescue/thermochemistry/Fe_bipyridine_pnnoh_Ph__active/hessian_00.npz,994f64646790ab5662ce6cc33ffc4d331502786867b27730581c0454257eb181,rescue_seed20270817,0,383.15,lowest G383.15 among eligible certificates; same geometry at all T,101325.0,1.0,100.0,0,1
Fe_bipyridine_pnnoh_Ph|active,Fe_bipyridine_pnnoh_Ph,active,350.0,-50692.87038296166,223.79522229501015,-50445.954545052075,197.25527708491592,184.03465727673756,-50508.031394601356,2.3352804975836268,kcal/mol,cal/(mol K),0,C24H19FeN2O2P,GFN2-xTB/ALPB toluene gsolv + qRRHO + 1M,data/targeted_rescue/thermochemistry/Fe_bipyridine_pnnoh_Ph__active/result.json,636710b73aad6353f08fb59b2b957473a1ac76ce067bd922936c300cbcb1a515,data/targeted_rescue/thermochemistry/Fe_bipyridine_pnnoh_Ph__active/result.json#/attempts/0/native_command,data/datasets/thermochemistry/export_protocol.json,data/targeted_rescue/thermochemistry/Fe_bipyridine_pnnoh_Ph__active/accepted_geometry.xyz,00e5a55e89234d48cda3da27df2559bcf51ab79c4fb11f3fbc8b8ed2bc712caf,data/targeted_rescue/thermochemistry/Fe_bipyridine_pnnoh_Ph__active/hessian_00.npz,994f64646790ab5662ce6cc33ffc4d331502786867b27730581c0454257eb181,rescue_seed20270817,0,383.15,lowest G383.15 among eligible certificates; same geometry at all T,101325.0,1.0,100.0,0,1
Fe_bipyridine_pnnoh_Ph|active,Fe_bipyridine_pnnoh_Ph,active,360.0,-50692.87038296166,223.79522229501015,-50444.7097329141,200.7618222813116,187.2758235037328,-50509.70687331473,2.422156060718619,kcal/mol,cal/(mol K),0,C24H19FeN2O2P,GFN2-xTB/ALPB toluene gsolv + qRRHO + 1M,data/targeted_rescue/thermochemistry/Fe_bipyridine_pnnoh_Ph__active/result.json,636710b73aad6353f08fb59b2b957473a1ac76ce067bd922936c300cbcb1a515,data/targeted_rescue/thermochemistry/Fe_bipyridine_pnnoh_Ph__active/result.json#/attempts/0/native_command,data/datasets/thermochemistry/export_protocol.json,data/targeted_rescue/thermochemistry/Fe_bipyridine_pnnoh_Ph__active/accepted_geometry.xyz,00e5a55e89234d48cda3da27df2559bcf51ab79c4fb11f3fbc8b8ed2bc712caf,data/targeted_rescue/thermochemistry/Fe_bipyridine_pnnoh_Ph__active/hessian_00.npz,994f64646790ab5662ce6cc33ffc4d331502786867b27730581c0454257eb181,rescue_seed20270817,0,383.15,lowest G383.15 among eligible certificates; same geometry at all T,101325.0,1.0,100.0,0,1
Fe_bipyridine_pnnoh_Ph|active,Fe_bipyridine_pnnoh_Ph,active,370.0,-50692.87038296166,223.79522229501015,-50443.43498149206,204.25432479889085,190.50996459564007,-50511.4140846964,2.509583696046293,kcal/mol,cal/(mol K),0,C24H19FeN2O2P,GFN2-xTB/ALPB toluene gsolv + qRRHO + 1M,data/targeted_rescue/thermochemistry/Fe_bipyridine_pnnoh_Ph__active/result.json,636710b73aad6353f08fb59b2b957473a1ac76ce067bd922936c300cbcb1a515,data/targeted_rescue/thermochemistry/Fe_bipyridine_pnnoh_Ph__active/result.json#/attempts/0/native_command,data/datasets/thermochemistry/export_protocol.json,data/targeted_rescue/thermochemistry/Fe_bipyridine_pnnoh_Ph__active/accepted_geometry.xyz,00e5a55e89234d48cda3da27df2559bcf51ab79c4fb11f3fbc8b8ed2bc712caf,data/targeted_rescue/thermochemistry/Fe_bipyridine_pnnoh_Ph__active/hessian_00.npz,994f64646790ab5662ce6cc33ffc4d331502786867b27730581c0454257eb181,rescue_seed20270817,0,383.15,lowest G383.15 among eligible certificates; same geometry at all T,101325.0,1.0,100.0,0,1
Fe_bipyridine_pnnoh_Ph|active,Fe_bipyridine_pnnoh_Ph,active,380.0,-50692.87038296166,223.79522229501015,-50442.13083509047,207.7320820741549,193.73602191024005,-50513.15297493735,2.597548479011341,kcal/mol,cal/(mol K),0,C24H19FeN2O2P,GFN2-xTB/ALPB toluene gsolv + qRRHO + 1M,data/targeted_rescue/thermochemistry/Fe_bipyridine_pnnoh_Ph__active/result.json,636710b73aad6353f08fb59b2b957473a1ac76ce067bd922936c300cbcb1a515,data/targeted_rescue/thermochemistry/Fe_bipyridine_pnnoh_Ph__active/result.json#/attempts/0/native_command,data/datasets/thermochemistry/export_protocol.json,data/targeted_rescue/thermochemistry/Fe_bipyridine_pnnoh_Ph__active/accepted_geometry.xyz,00e5a55e89234d48cda3da27df2559bcf51ab79c4fb11f3fbc8b8ed2bc712caf,data/targeted_rescue/thermochemistry/Fe_bipyridine_pnnoh_Ph__active/hessian_00.npz,994f64646790ab5662ce6cc33ffc4d331502786867b27730581c0454257eb181,rescue_seed20270817,0,383.15,lowest G383.15 among eligible certificates; same geometry at all T,101325.0,1.0,100.0,0,1
Fe_bipyridine_pnnoh_Ph|active,Fe_bipyridine_pnnoh_Ph,active,383.15,-50692.87038296166,223.79522229501015,-50441.714029901545,208.82441148164037,194.7503920892914,-50513.70727627498,2.625366355574337,kcal/mol,cal/(mol K),0,C24H19FeN2O2P,GFN2-xTB/ALPB toluene gsolv + qRRHO + 1M,data/targeted_rescue/thermochemistry/Fe_bipyridine_pnnoh_Ph__active/result.json,636710b73aad6353f08fb59b2b957473a1ac76ce067bd922936c300cbcb1a515,data/targeted_rescue/thermochemistry/Fe_bipyridine_pnnoh_Ph__active/result.json#/attempts/0/native_command,data/datasets/thermochemistry/export_protocol.json,data/targeted_rescue/thermochemistry/Fe_bipyridine_pnnoh_Ph__active/accepted_geometry.xyz,00e5a55e89234d48cda3da27df2559bcf51ab79c4fb11f3fbc8b8ed2bc712caf,data/targeted_rescue/thermochemistry/Fe_bipyridine_pnnoh_Ph__active/hessian_00.npz,994f64646790ab5662ce6cc33ffc4d331502786867b27730581c0454257eb181,rescue_seed20270817,0,383.15,lowest G383.15 among eligible certificates; same geometry at all T,101325.0,1.0,100.0,0,1
Fe_bipyridine_pnnoh_Ph|active,Fe_bipyridine_pnnoh_Ph,active,390.0,-50692.87038296166,223.79522229501015,-50440.79785263646,211.19440828998341,196.952979597555,-50514.923478408666,2.686036270841015,kcal/mol,cal/(mol K),0,C24H19FeN2O2P,GFN2-xTB/ALPB toluene gsolv + qRRHO + 1M,data/targeted_rescue/thermochemistry/Fe_bipyridine_pnnoh_Ph__active/result.json,636710b73aad6353f08fb59b2b957473a1ac76ce067bd922936c300cbcb1a515,data/targeted_rescue/thermochemistry/Fe_bipyridine_pnnoh_Ph__active/result.json#/attempts/0/native_command,data/datasets/thermochemistry/export_protocol.json,data/targeted_rescue/thermochemistry/Fe_bipyridine_pnnoh_Ph__active/accepted_geometry.xyz,00e5a55e89234d48cda3da27df2559bcf51ab79c4fb11f3fbc8b8ed2bc712caf,data/targeted_rescue/thermochemistry/Fe_bipyridine_pnnoh_Ph__active/hessian_00.npz,994f64646790ab5662ce6cc33ffc4d331502786867b27730581c0454257eb181,rescue_seed20270817,0,383.15,lowest G383.15 among eligible certificates; same geometry at all T,101325.0,1.0,100.0,0,1
Fe_bipyridine_pnnoh_Ph|active,Fe_bipyridine_pnnoh_Ph,active,400.0,-50692.87038296166,223.79522229501015,-50439.436604079594,214.6406417978558,200.15986957880443,-50516.72551825304,2.775033658072708,kcal/mol,cal/(mol K),0,C24H19FeN2O2P,GFN2-xTB/ALPB toluene gsolv + qRRHO + 1M,data/targeted_rescue/thermochemistry/Fe_bipyridine_pnnoh_Ph__active/result.json,636710b73aad6353f08fb59b2b957473a1ac76ce067bd922936c300cbcb1a515,data/targeted_rescue/thermochemistry/Fe_bipyridine_pnnoh_Ph__active/result.json#/attempts/0/native_command,data/datasets/thermochemistry/export_protocol.json,data/targeted_rescue/thermochemistry/Fe_bipyridine_pnnoh_Ph__active/accepted_geometry.xyz,00e5a55e89234d48cda3da27df2559bcf51ab79c4fb11f3fbc8b8ed2bc712caf,data/targeted_rescue/thermochemistry/Fe_bipyridine_pnnoh_Ph__active/hessian_00.npz,994f64646790ab5662ce6cc33ffc4d331502786867b27730581c0454257eb181,rescue_seed20270817,0,383.15,lowest G383.15 among eligible certificates; same geometry at all T,101325.0,1.0,100.0,0,1
Fe_bipyridine_pnnoh_Ph|active,Fe_bipyridine_pnnoh_Ph,active,410.0,-50692.87038296166,223.79522229501015,-50438.04766707463,218.07015092465218,203.35577518551315,-50518.55900700256,2.8645278981321125,kcal/mol,cal/(mol K),0,C24H19FeN2O2P,GFN2-xTB/ALPB toluene gsolv + qRRHO + 1M,data/targeted_rescue/thermochemistry/Fe_bipyridine_pnnoh_Ph__active/result.json,636710b73aad6353f08fb59b2b957473a1ac76ce067bd922936c300cbcb1a515,data/targeted_rescue/thermochemistry/Fe_bipyridine_pnnoh_Ph__active/result.json#/attempts/0/native_command,data/datasets/thermochemistry/export_protocol.json,data/targeted_rescue/thermochemistry/Fe_bipyridine_pnnoh_Ph__active/accepted_geometry.xyz,00e5a55e89234d48cda3da27df2559bcf51ab79c4fb11f3fbc8b8ed2bc712caf,data/targeted_rescue/thermochemistry/Fe_bipyridine_pnnoh_Ph__active/hessian_00.npz,994f64646790ab5662ce6cc33ffc4d331502786867b27730581c0454257eb181,rescue_seed20270817,0,383.15,lowest G383.15 among eligible certificates; same geometry at all T,101325.0,1.0,100.0,0,1
Fe_bipyridine_pnnoh_Ph|active,Fe_bipyridine_pnnoh_Ph,active,420.0,-50692.87038296166,223.79522229501015,-50436.63162395566,221.48233837725127,206.53983363613963,-50520.423847212616,2.954506870223601,kcal/mol,cal/(mol K),0,C24H19FeN2O2P,GFN2-xTB/ALPB toluene gsolv + qRRHO + 1M,data/targeted_rescue/thermochemistry/Fe_bipyridine_pnnoh_Ph__active/result.json,636710b73aad6353f08fb59b2b957473a1ac76ce067bd922936c300cbcb1a515,data/targeted_rescue/thermochemistry/Fe_bipyridine_pnnoh_Ph__active/result.json#/attempts/0/native_command,data/datasets/thermochemistry/export_protocol.json,data/targeted_rescue/thermochemistry/Fe_bipyridine_pnnoh_Ph__active/accepted_geometry.xyz,00e5a55e89234d48cda3da27df2559bcf51ab79c4fb11f3fbc8b8ed2bc712caf,data/targeted_rescue/thermochemistry/Fe_bipyridine_pnnoh_Ph__active/hessian_00.npz,994f64646790ab5662ce6cc33ffc4d331502786867b27730581c0454257eb181,rescue_seed20270817,0,383.15,lowest G383.15 among eligible certificates; same geometry at all T,101325.0,1.0,100.0,0,1
Fe_bipyridine_pnnoh_Ph|active,Fe_bipyridine_pnnoh_Ph,active,430.0,-50692.87038296166,223.79522229501015,-50435.18905900307,224.87664443991812,209.71123751458825,-50522.31993210344,3.044959030900024,kcal/mol,cal/(mol K),0,C24H19FeN2O2P,GFN2-xTB/ALPB toluene gsolv + qRRHO + 1M,data/targeted_rescue/thermochemistry/Fe_bipyridine_pnnoh_Ph__active/result.json,636710b73aad6353f08fb59b2b957473a1ac76ce067bd922936c300cbcb1a515,data/targeted_rescue/thermochemistry/Fe_bipyridine_pnnoh_Ph__active/result.json#/attempts/0/native_command,data/datasets/thermochemistry/export_protocol.json,data/targeted_rescue/thermochemistry/Fe_bipyridine_pnnoh_Ph__active/accepted_geometry.xyz,00e5a55e89234d48cda3da27df2559bcf51ab79c4fb11f3fbc8b8ed2bc712caf,data/targeted_rescue/thermochemistry/Fe_bipyridine_pnnoh_Ph__active/hessian_00.npz,994f64646790ab5662ce6cc33ffc4d331502786867b27730581c0454257eb181,rescue_seed20270817,0,383.15,lowest G383.15 among eligible certificates; same geometry at all T,101325.0,1.0,100.0,0,1
Fe_bipyridine_pnnoh_Ph|active,Fe_bipyridine_pnnoh_Ph,active,440.0,-50692.87038296166,223.79522229501015,-50433.72055599829,228.25254914136795,212.86923540125366,-50524.24714620108,3.135873373767528,kcal/mol,cal/(mol K),0,C24H19FeN2O2P,GFN2-xTB/ALPB toluene gsolv + qRRHO + 1M,data/targeted_rescue/thermochemistry/Fe_bipyridine_pnnoh_Ph__active/result.json,636710b73aad6353f08fb59b2b957473a1ac76ce067bd922936c300cbcb1a515,data/targeted_rescue/thermochemistry/Fe_bipyridine_pnnoh_Ph__active/result.json#/attempts/0/native_command,data/datasets/thermochemistry/export_protocol.json,data/targeted_rescue/thermochemistry/Fe_bipyridine_pnnoh_Ph__active/accepted_geometry.xyz,00e5a55e89234d48cda3da27df2559bcf51ab79c4fb11f3fbc8b8ed2bc712caf,data/targeted_rescue/thermochemistry/Fe_bipyridine_pnnoh_Ph__active/hessian_00.npz,994f64646790ab5662ce6cc33ffc4d331502786867b27730581c0454257eb181,rescue_seed20270817,0,383.15,lowest G383.15 among eligible certificates; same geometry at all T,101325.0,1.0,100.0,0,1
Fe_bipyridine_pnnoh_Ph|hydrogenated,Fe_bipyridine_pnnoh_Ph,hydrogenated,298.15,-51345.678177597736,235.10223140470845,-51093.018180683895,182.7687065408657,169.94306020050408,-51141.79237563718,1.894328445494145,kcal/mol,cal/(mol K),0,C24H21FeN2O2P,GFN2-xTB/ALPB toluene gsolv + qRRHO + 1M,data/targeted_rescue/thermochemistry/Fe_bipyridine_pnnoh_Ph__hydrogenated/result.json,e649d09a0dfe66aa2ff17958adb85eeada893c047bcf583f60935ccc66eb23c1,data/targeted_rescue/thermochemistry/Fe_bipyridine_pnnoh_Ph__hydrogenated/result.json#/attempts/0/native_command,data/datasets/thermochemistry/export_protocol.json,data/targeted_rescue/thermochemistry/Fe_bipyridine_pnnoh_Ph__hydrogenated/accepted_geometry.xyz,66af4a8a827662aa9fa788e27c8527badb5778ac2ab5474c056516382a1fbe19,data/targeted_rescue/thermochemistry/Fe_bipyridine_pnnoh_Ph__hydrogenated/hessian_00.npz,03dec86778bcb1e87c7b8dc3370111e7126cf2d72c21b0410831e1648165ea54,rescue_seed20270000,0,383.15,lowest G383.15 among eligible certificates; same geometry at all T,101325.0,1.0,100.0,0,1
Fe_bipyridine_pnnoh_Ph|hydrogenated,Fe_bipyridine_pnnoh_Ph,hydrogenated,340.0,-51345.678177597736,235.10223140470845,-51088.14987763464,198.0281224941453,183.9219817532364,-51148.43437864638,2.248972784367174,kcal/mol,cal/(mol K),0,C24H21FeN2O2P,GFN2-xTB/ALPB toluene gsolv + qRRHO + 1M,data/targeted_rescue/thermochemistry/Fe_bipyridine_pnnoh_Ph__hydrogenated/result.json,e649d09a0dfe66aa2ff17958adb85eeada893c047bcf583f60935ccc66eb23c1,data/targeted_rescue/thermochemistry/Fe_bipyridine_pnnoh_Ph__hydrogenated/result.json#/attempts/0/native_command,data/datasets/thermochemistry/export_protocol.json,data/targeted_rescue/thermochemistry/Fe_bipyridine_pnnoh_Ph__hydrogenated/accepted_geometry.xyz,66af4a8a827662aa9fa788e27c8527badb5778ac2ab5474c056516382a1fbe19,data/targeted_rescue/thermochemistry/Fe_bipyridine_pnnoh_Ph__hydrogenated/hessian_00.npz,03dec86778bcb1e87c7b8dc3370111e7126cf2d72c21b0410831e1648165ea54,rescue_seed20270000,0,383.15,lowest G383.15 among eligible certificates; same geometry at all T,101325.0,1.0,100.0,0,1
Fe_bipyridine_pnnoh_Ph|hydrogenated,Fe_bipyridine_pnnoh_Ph,hydrogenated,350.0,-51345.678177597736,235.10223140470845,-51086.90134381204,201.64708941542548,187.25744826160388,-51150.10617020602,2.3352804975836268,kcal/mol,cal/(mol K),0,C24H21FeN2O2P,GFN2-xTB/ALPB toluene gsolv + qRRHO + 1M,data/targeted_rescue/thermochemistry/Fe_bipyridine_pnnoh_Ph__hydrogenated/result.json,e649d09a0dfe66aa2ff17958adb85eeada893c047bcf583f60935ccc66eb23c1,data/targeted_rescue/thermochemistry/Fe_bipyridine_pnnoh_Ph__hydrogenated/result.json#/attempts/0/native_command,data/datasets/thermochemistry/export_protocol.json,data/targeted_rescue/thermochemistry/Fe_bipyridine_pnnoh_Ph__hydrogenated/accepted_geometry.xyz,66af4a8a827662aa9fa788e27c8527badb5778ac2ab5474c056516382a1fbe19,data/targeted_rescue/thermochemistry/Fe_bipyridine_pnnoh_Ph__hydrogenated/hessian_00.npz,03dec86778bcb1e87c7b8dc3370111e7126cf2d72c21b0410831e1648165ea54,rescue_seed20270000,0,383.15,lowest G383.15 among eligible certificates; same geometry at all T,101325.0,1.0,100.0,0,1
Fe_bipyridine_pnnoh_Ph|hydrogenated,Fe_bipyridine_pnnoh_Ph,hydrogenated,360.0,-51345.678177597736,235.10223140470845,-51085.62092422462,205.25393455793127,190.58849949832316,-51151.810627983294,2.422156060718619,kcal/mol,cal/(mol K),0,C24H21FeN2O2P,GFN2-xTB/ALPB toluene gsolv + qRRHO + 1M,data/targeted_rescue/thermochemistry/Fe_bipyridine_pnnoh_Ph__hydrogenated/result.json,e649d09a0dfe66aa2ff17958adb85eeada893c047bcf583f60935ccc66eb23c1,data/targeted_rescue/thermochemistry/Fe_bipyridine_pnnoh_Ph__hydrogenated/result.json#/attempts/0/native_command,data/datasets/thermochemistry/export_protocol.json,data/targeted_rescue/thermochemistry/Fe_bipyridine_pnnoh_Ph__hydrogenated/accepted_geometry.xyz,66af4a8a827662aa9fa788e27c8527badb5778ac2ab5474c056516382a1fbe19,data/targeted_rescue/thermochemistry/Fe_bipyridine_pnnoh_Ph__hydrogenated/hessian_00.npz,03dec86778bcb1e87c7b8dc3370111e7126cf2d72c21b0410831e1648165ea54,rescue_seed20270000,0,383.15,lowest G383.15 among eligible certificates; same geometry at all T,101325.0,1.0,100.0,0,1
Fe_bipyridine_pnnoh_Ph|hydrogenated,Fe_bipyridine_pnnoh_Ph,hydrogenated,370.0,-51345.678177597736,235.10223140470845,-51084.30915588223,208.84785086297333,193.91392665208753,-51153.54772504745,2.509583696046293,kcal/mol,cal/(mol K),0,C24H21FeN2O2P,GFN2-xTB/ALPB toluene gsolv + qRRHO + 1M,data/targeted_rescue/thermochemistry/Fe_bipyridine_pnnoh_Ph__hydrogenated/result.json,e649d09a0dfe66aa2ff17958adb85eeada893c047bcf583f60935ccc66eb23c1,data/targeted_rescue/thermochemistry/Fe_bipyridine_pnnoh_Ph__hydrogenated/result.json#/attempts/0/native_command,data/datasets/thermochemistry/export_protocol.json,data/targeted_rescue/thermochemistry/Fe_bipyridine_pnnoh_Ph__hydrogenated/accepted_geometry.xyz,66af4a8a827662aa9fa788e27c8527badb5778ac2ab5474c056516382a1fbe19,data/targeted_rescue/thermochemistry/Fe_bipyridine_pnnoh_Ph__hydrogenated/hessian_00.npz,03dec86778bcb1e87c7b8dc3370111e7126cf2d72c21b0410831e1648165ea54,rescue_seed20270000,0,383.15,lowest G383.15 among eligible certificates; same geometry at all T,101325.0,1.0,100.0,0,1
Fe_bipyridine_pnnoh_Ph|hydrogenated,Fe_bipyridine_pnnoh_Ph,hydrogenated,380.0,-51345.678177597736,235.10223140470845,-51082.9665968973,212.42803953839382,197.23255935801677,-51155.31742097434,2.597548479011341,kcal/mol,cal/(mol K),0,C24H21FeN2O2P,GFN2-xTB/ALPB toluene gsolv + qRRHO + 1M,data/targeted_rescue/thermochemistry/Fe_bipyridine_pnnoh_Ph__hydrogenated/result.json,e649d09a0dfe66aa2ff17958adb85eeada893c047bcf583f60935ccc66eb23c1,data/targeted_rescue/thermochemistry/Fe_bipyridine_pnnoh_Ph__hydrogenated/result.json#/attempts/0/native_command,data/datasets/thermochemistry/export_protocol.json,data/targeted_rescue/thermochemistry/Fe_bipyridine_pnnoh_Ph__hydrogenated/accepted_geometry.xyz,66af4a8a827662aa9fa788e27c8527badb5778ac2ab5474c056516382a1fbe19,data/targeted_rescue/thermochemistry/Fe_bipyridine_pnnoh_Ph__hydrogenated/hessian_00.npz,03dec86778bcb1e87c7b8dc3370111e7126cf2d72c21b0410831e1648165ea54,rescue_seed20270000,0,383.15,lowest G383.15 among eligible certificates; same geometry at all T,101325.0,1.0,100.0,0,1
Fe_bipyridine_pnnoh_Ph|hydrogenated,Fe_bipyridine_pnnoh_Ph,hydrogenated,383.15,-51345.678177597736,235.10223140470845,-51082.53740519785,213.55283041967513,198.2763403326898,-51155.88161864074,2.625366355574337,kcal/mol,cal/(mol K),0,C24H21FeN2O2P,GFN2-xTB/ALPB toluene gsolv + qRRHO + 1M,data/targeted_rescue/thermochemistry/Fe_bipyridine_pnnoh_Ph__hydrogenated/result.json,e649d09a0dfe66aa2ff17958adb85eeada893c047bcf583f60935ccc66eb23c1,data/targeted_rescue/thermochemistry/Fe_bipyridine_pnnoh_Ph__hydrogenated/result.json#/attempts/0/native_command,data/datasets/thermochemistry/export_protocol.json,data/targeted_rescue/thermochemistry/Fe_bipyridine_pnnoh_Ph__hydrogenated/accepted_geometry.xyz,66af4a8a827662aa9fa788e27c8527badb5778ac2ab5474c056516382a1fbe19,data/targeted_rescue/thermochemistry/Fe_bipyridine_pnnoh_Ph__hydrogenated/hessian_00.npz,03dec86778bcb1e87c7b8dc3370111e7126cf2d72c21b0410831e1648165ea54,rescue_seed20270000,0,383.15,lowest G383.15 among eligible certificates; same geometry at all T,101325.0,1.0,100.0,0,1
Fe_bipyridine_pnnoh_Ph|hydrogenated,Fe_bipyridine_pnnoh_Ph,hydrogenated,390.0,-51345.678177597736,235.10223140470845,-51081.593822266754,215.9937201599976,200.54327289232754,-51157.119662423924,2.686036270841015,kcal/mol,cal/(mol K),0,C24H21FeN2O2P,GFN2-xTB/ALPB toluene gsolv + qRRHO + 1M,data/targeted_rescue/thermochemistry/Fe_bipyridine_pnnoh_Ph__hydrogenated/result.json,e649d09a0dfe66aa2ff17958adb85eeada893c047bcf583f60935ccc66eb23c1,data/targeted_rescue/thermochemistry/Fe_bipyridine_pnnoh_Ph__hydrogenated/result.json#/attempts/0/native_command,data/datasets/thermochemistry/export_protocol.json,data/targeted_rescue/thermochemistry/Fe_bipyridine_pnnoh_Ph__hydrogenated/accepted_geometry.xyz,66af4a8a827662aa9fa788e27c8527badb5778ac2ab5474c056516382a1fbe19,data/targeted_rescue/thermochemistry/Fe_bipyridine_pnnoh_Ph__hydrogenated/hessian_00.npz,03dec86778bcb1e87c7b8dc3370111e7126cf2d72c21b0410831e1648165ea54,rescue_seed20270000,0,383.15,lowest G383.15 among eligible certificates; same geometry at all T,101325.0,1.0,100.0,0,1
Fe_bipyridine_pnnoh_Ph|hydrogenated,Fe_bipyridine_pnnoh_Ph,hydrogenated,400.0,-51345.678177597736,235.10223140470845,-51080.19141994293,219.54413876273838,203.84499369335202,-51158.9543837622,2.775033658072708,kcal/mol,cal/(mol K),0,C24H21FeN2O2P,GFN2-xTB/ALPB toluene gsolv + qRRHO + 1M,data/targeted_rescue/thermochemistry/Fe_bipyridine_pnnoh_Ph__hydrogenated/result.json,e649d09a0dfe66aa2ff17958adb85eeada893c047bcf583f60935ccc66eb23c1,data/targeted_rescue/thermochemistry/Fe_bipyridine_pnnoh_Ph__hydrogenated/result.json#/attempts/0/native_command,data/datasets/thermochemistry/export_protocol.json,data/targeted_rescue/thermochemistry/Fe_bipyridine_pnnoh_Ph__hydrogenated/accepted_geometry.xyz,66af4a8a827662aa9fa788e27c8527badb5778ac2ab5474c056516382a1fbe19,data/targeted_rescue/thermochemistry/Fe_bipyridine_pnnoh_Ph__hydrogenated/hessian_00.npz,03dec86778bcb1e87c7b8dc3370111e7126cf2d72c21b0410831e1648165ea54,rescue_seed20270000,0,383.15,lowest G383.15 among eligible certificates; same geometry at all T,101325.0,1.0,100.0,0,1
Fe_bipyridine_pnnoh_Ph|hydrogenated,Fe_bipyridine_pnnoh_Ph,hydrogenated,410.0,-51345.678177597736,235.10223140470845,-51078.75998721176,223.07857417353108,207.1367034158141,-51160.82150771411,2.8645278981321125,kcal/mol,cal/(mol K),0,C24H21FeN2O2P,GFN2-xTB/ALPB toluene gsolv + qRRHO + 1M,data/targeted_rescue/thermochemistry/Fe_bipyridine_pnnoh_Ph__hydrogenated/result.json,e649d09a0dfe66aa2ff17958adb85eeada893c047bcf583f60935ccc66eb23c1,data/targeted_rescue/thermochemistry/Fe_bipyridine_pnnoh_Ph__hydrogenated/result.json#/attempts/0/native_command,data/datasets/thermochemistry/export_protocol.json,data/targeted_rescue/thermochemistry/Fe_bipyridine_pnnoh_Ph__hydrogenated/accepted_geometry.xyz,66af4a8a827662aa9fa788e27c8527badb5778ac2ab5474c056516382a1fbe19,data/targeted_rescue/thermochemistry/Fe_bipyridine_pnnoh_Ph__hydrogenated/hessian_00.npz,03dec86778bcb1e87c7b8dc3370111e7126cf2d72c21b0410831e1648165ea54,rescue_seed20270000,0,383.15,lowest G383.15 among eligible certificates; same geometry at all T,101325.0,1.0,100.0,0,1
Fe_bipyridine_pnnoh_Ph|hydrogenated,Fe_bipyridine_pnnoh_Ph,hydrogenated,420.0,-51345.678177597736,235.10223140470845,-51077.30012738743,226.5963428180497,210.4174417124848,-51162.720946036454,2.954506870223601,kcal/mol,cal/(mol K),0,C24H21FeN2O2P,GFN2-xTB/ALPB toluene gsolv + qRRHO + 1M,data/targeted_rescue/thermochemistry/Fe_bipyridine_pnnoh_Ph__hydrogenated/result.json,e649d09a0dfe66aa2ff17958adb85eeada893c047bcf583f60935ccc66eb23c1,data/targeted_rescue/thermochemistry/Fe_bipyridine_pnnoh_Ph__hydrogenated/result.json#/attempts/0/native_command,data/datasets/thermochemistry/export_protocol.json,data/targeted_rescue/thermochemistry/Fe_bipyridine_pnnoh_Ph__hydrogenated/accepted_geometry.xyz,66af4a8a827662aa9fa788e27c8527badb5778ac2ab5474c056516382a1fbe19,data/targeted_rescue/thermochemistry/Fe_bipyridine_pnnoh_Ph__hydrogenated/hessian_00.npz,03dec86778bcb1e87c7b8dc3370111e7126cf2d72c21b0410831e1648165ea54,rescue_seed20270000,0,383.15,lowest G383.15 among eligible certificates; same geometry at all T,101325.0,1.0,100.0,0,1
Fe_bipyridine_pnnoh_Ph|hydrogenated,Fe_bipyridine_pnnoh_Ph,hydrogenated,430.0,-51345.678177597736,235.10223140470845,-51075.81244682491,230.0968022140093,213.68630792310572,-51164.65260020094,3.044959030900024,kcal/mol,cal/(mol K),0,C24H21FeN2O2P,GFN2-xTB/ALPB toluene gsolv + qRRHO + 1M,data/targeted_rescue/thermochemistry/Fe_bipyridine_pnnoh_Ph__hydrogenated/result.json,e649d09a0dfe66aa2ff17958adb85eeada893c047bcf583f60935ccc66eb23c1,data/targeted_rescue/thermochemistry/Fe_bipyridine_pnnoh_Ph__hydrogenated/result.json#/attempts/0/native_command,data/datasets/thermochemistry/export_protocol.json,data/targeted_rescue/thermochemistry/Fe_bipyridine_pnnoh_Ph__hydrogenated/accepted_geometry.xyz,66af4a8a827662aa9fa788e27c8527badb5778ac2ab5474c056516382a1fbe19,data/targeted_rescue/thermochemistry/Fe_bipyridine_pnnoh_Ph__hydrogenated/hessian_00.npz,03dec86778bcb1e87c7b8dc3370111e7126cf2d72c21b0410831e1648165ea54,rescue_seed20270000,0,383.15,lowest G383.15 among eligible certificates; same geometry at all T,101325.0,1.0,100.0,0,1
Fe_bipyridine_pnnoh_Ph|hydrogenated,Fe_bipyridine_pnnoh_Ph,hydrogenated,440.0,-51345.678177597736,235.10223140470845,-51074.29755224489,233.57935334365186,216.94246183540798,-51166.616362078705,3.135873373767528,kcal/mol,cal/(mol K),0,C24H21FeN2O2P,GFN2-xTB/ALPB toluene gsolv + qRRHO + 1M,data/targeted_rescue/thermochemistry/Fe_bipyridine_pnnoh_Ph__hydrogenated/result.json,e649d09a0dfe66aa2ff17958adb85eeada893c047bcf583f60935ccc66eb23c1,data/targeted_rescue/thermochemistry/Fe_bipyridine_pnnoh_Ph__hydrogenated/result.json#/attempts/0/native_command,data/datasets/thermochemistry/export_protocol.json,data/targeted_rescue/thermochemistry/Fe_bipyridine_pnnoh_Ph__hydrogenated/accepted_geometry.xyz,66af4a8a827662aa9fa788e27c8527badb5778ac2ab5474c056516382a1fbe19,data/targeted_rescue/thermochemistry/Fe_bipyridine_pnnoh_Ph__hydrogenated/hessian_00.npz,03dec86778bcb1e87c7b8dc3370111e7126cf2d72c21b0410831e1648165ea54,rescue_seed20270000,0,383.15,lowest G383.15 among eligible certificates; same geometry at all T,101325.0,1.0,100.0,0,1
Fe_bipyridine_pnnoh_Ph|protonated_reference,Fe_bipyridine_pnnoh_Ph,protonated_reference,298.15,-50807.03415884677,231.577654519711,-50557.96876418644,181.05213327456326,169.0192046941927,-50606.46751162052,1.894328445494145,kcal/mol,cal/(mol K),1,C24H20FeN2O2P,GFN2-xTB/ALPB toluene gsolv + qRRHO + 1M,data/targeted_rescue/thermochemistry/Fe_bipyridine_pnnoh_Ph__protonated_reference/result.json,c2a5c010a2c864c25d9ec7bf3bbd114fceae07b9d2747178809520cf5b45c8c0,data/targeted_rescue/thermochemistry/Fe_bipyridine_pnnoh_Ph__protonated_reference/result.json#/attempts/0/native_command,data/datasets/thermochemistry/export_protocol.json,data/targeted_rescue/thermochemistry/Fe_bipyridine_pnnoh_Ph__protonated_reference/accepted_geometry.xyz,777550d138d4d9d9e51e1f29bec87d4c12d317698c5e26870dbce3a0e548f50f,data/targeted_rescue/thermochemistry/Fe_bipyridine_pnnoh_Ph__protonated_reference/hessian_00.npz,6bcb75e54028c3ade104fb2360617badec99e0f292fd8831fe71c3b2c11c5e56,rescue_seed20270000,0,383.15,lowest G383.15 among eligible certificates; same geometry at all T,101325.0,1.0,100.0,0,1
Fe_bipyridine_pnnoh_Ph|protonated_reference,Fe_bipyridine_pnnoh_Ph,protonated_reference,340.0,-50807.03415884677,231.577654519711,-50553.14606877552,196.16907521269752,182.8723419868026,-50613.07369226667,2.248972784367174,kcal/mol,cal/(mol K),1,C24H20FeN2O2P,GFN2-xTB/ALPB toluene gsolv + qRRHO + 1M,data/targeted_rescue/thermochemistry/Fe_bipyridine_pnnoh_Ph__protonated_reference/result.json,c2a5c010a2c864c25d9ec7bf3bbd114fceae07b9d2747178809520cf5b45c8c0,data/targeted_rescue/thermochemistry/Fe_bipyridine_pnnoh_Ph__protonated_reference/result.json#/attempts/0/native_command,data/datasets/thermochemistry/export_protocol.json,data/targeted_rescue/thermochemistry/Fe_bipyridine_pnnoh_Ph__protonated_reference/accepted_geometry.xyz,777550d138d4d9d9e51e1f29bec87d4c12d317698c5e26870dbce3a0e548f50f,data/targeted_rescue/thermochemistry/Fe_bipyridine_pnnoh_Ph__protonated_reference/hessian_00.npz,6bcb75e54028c3ade104fb2360617badec99e0f292fd8831fe71c3b2c11c5e56,rescue_seed20270000,0,383.15,lowest G383.15 among eligible certificates; same geometry at all T,101325.0,1.0,100.0,0,1
Fe_bipyridine_pnnoh_Ph|protonated_reference,Fe_bipyridine_pnnoh_Ph,protonated_reference,350.0,-50807.03415884677,231.577654519711,-50551.91131976731,199.74809114440694,186.17152043880304,-50614.73607142331,2.3352804975836268,kcal/mol,cal/(mol K),1,C24H20FeN2O2P,GFN2-xTB/ALPB toluene gsolv + qRRHO + 1M,data/targeted_rescue/thermochemistry/Fe_bipyridine_pnnoh_Ph__protonated_reference/result.json,c2a5c010a2c864c25d9ec7bf3bbd114fceae07b9d2747178809520cf5b45c8c0,data/targeted_rescue/thermochemistry/Fe_bipyridine_pnnoh_Ph__protonated_reference/result.json#/attempts/0/native_command,data/datasets/thermochemistry/export_protocol.json,data/targeted_rescue/thermochemistry/Fe_bipyridine_pnnoh_Ph__protonated_reference/accepted_geometry.xyz,777550d138d4d9d9e51e1f29bec87d4c12d317698c5e26870dbce3a0e548f50f,data/targeted_rescue/thermochemistry/Fe_bipyridine_pnnoh_Ph__protonated_reference/hessian_00.npz,6bcb75e54028c3ade104fb2360617badec99e0f292fd8831fe71c3b2c11c5e56,rescue_seed20270000,0,383.15,lowest G383.15 among eligible certificates; same geometry at all T,101325.0,1.0,100.0,0,1
Fe_bipyridine_pnnoh_Ph|protonated_reference,Fe_bipyridine_pnnoh_Ph,protonated_reference,360.0,-50807.03415884677,231.577654519711,-50550.6457950596,203.31298342529564,189.46417237046165,-50616.43074105225,2.422156060718619,kcal/mol,cal/(mol K),1,C24H20FeN2O2P,GFN2-xTB/ALPB toluene gsolv + qRRHO + 1M,data/targeted_rescue/thermochemistry/Fe_bipyridine_pnnoh_Ph__protonated_reference/result.json,c2a5c010a2c864c25d9ec7bf3bbd114fceae07b9d2747178809520cf5b45c8c0,data/targeted_rescue/thermochemistry/Fe_bipyridine_pnnoh_Ph__protonated_reference/result.json#/attempts/0/native_command,data/datasets/thermochemistry/export_protocol.json,data/targeted_rescue/thermochemistry/Fe_bipyridine_pnnoh_Ph__protonated_reference/accepted_geometry.xyz,777550d138d4d9d9e51e1f29bec87d4c12d317698c5e26870dbce3a0e548f50f,data/targeted_rescue/thermochemistry/Fe_bipyridine_pnnoh_Ph__protonated_reference/hessian_00.npz,6bcb75e54028c3ade104fb2360617badec99e0f292fd8831fe71c3b2c11c5e56,rescue_seed20270000,0,383.15,lowest G383.15 among eligible certificates; same geometry at all T,101325.0,1.0,100.0,0,1
Fe_bipyridine_pnnoh_Ph|protonated_reference,Fe_bipyridine_pnnoh_Ph,protonated_reference,370.0,-50807.03415884677,231.577654519711,-50549.35002454866,206.86307418591232,192.74922465243998,-50618.15765397401,2.509583696046293,kcal/mol,cal/(mol K),1,C24H20FeN2O2P,GFN2-xTB/ALPB toluene gsolv + qRRHO + 1M,data/targeted_rescue/thermochemistry/Fe_bipyridine_pnnoh_Ph__protonated_reference/result.json,c2a5c010a2c864c25d9ec7bf3bbd114fceae07b9d2747178809520cf5b45c8c0,data/targeted_rescue/thermochemistry/Fe_bipyridine_pnnoh_Ph__protonated_reference/result.json#/attempts/0/native_command,data/datasets/thermochemistry/export_protocol.json,data/targeted_rescue/thermochemistry/Fe_bipyridine_pnnoh_Ph__protonated_reference/accepted_geometry.xyz,777550d138d4d9d9e51e1f29bec87d4c12d317698c5e26870dbce3a0e548f50f,data/targeted_rescue/thermochemistry/Fe_bipyridine_pnnoh_Ph__protonated_reference/hessian_00.npz,6bcb75e54028c3ade104fb2360617badec99e0f292fd8831fe71c3b2c11c5e56,rescue_seed20270000,0,383.15,lowest G383.15 among eligible certificates; same geometry at all T,101325.0,1.0,100.0,0,1
Fe_bipyridine_pnnoh_Ph|protonated_reference,Fe_bipyridine_pnnoh_Ph,protonated_reference,380.0,-50807.03415884677,231.577654519711,-50548.0245568093,210.39768995318423,196.02563816116034,-50619.91675083153,2.597548479011341,kcal/mol,cal/(mol K),1,C24H20FeN2O2P,GFN2-xTB/ALPB toluene gsolv + qRRHO + 1M,data/targeted_rescue/thermochemistry/Fe_bipyridine_pnnoh_Ph__protonated_reference/result.json,c2a5c010a2c864c25d9ec7bf3bbd114fceae07b9d2747178809520cf5b45c8c0,data/targeted_rescue/thermochemistry/Fe_bipyridine_pnnoh_Ph__protonated_reference/result.json#/attempts/0/native_command,data/datasets/thermochemistry/export_protocol.json,data/targeted_rescue/thermochemistry/Fe_bipyridine_pnnoh_Ph__protonated_reference/accepted_geometry.xyz,777550d138d4d9d9e51e1f29bec87d4c12d317698c5e26870dbce3a0e548f50f,data/targeted_rescue/thermochemistry/Fe_bipyridine_pnnoh_Ph__protonated_reference/hessian_00.npz,6bcb75e54028c3ade104fb2360617badec99e0f292fd8831fe71c3b2c11c5e56,rescue_seed20270000,0,383.15,lowest G383.15 among eligible certificates; same geometry at all T,101325.0,1.0,100.0,0,1
Fe_bipyridine_pnnoh_Ph|protonated_reference,Fe_bipyridine_pnnoh_Ph,protonated_reference,383.15,-50807.03415884677,231.577654519711,-50547.60097350222,211.50778293626365,197.05575845314485,-50620.47752099797,2.625366355574337,kcal/mol,cal/(mol K),1,C24H20FeN2O2P,GFN2-xTB/ALPB toluene gsolv + qRRHO + 1M,data/targeted_rescue/thermochemistry/Fe_bipyridine_pnnoh_Ph__protonated_reference/result.json,c2a5c010a2c864c25d9ec7bf3bbd114fceae07b9d2747178809520cf5b45c8c0,data/targeted_rescue/thermochemistry/Fe_bipyridine_pnnoh_Ph__protonated_reference/result.json#/attempts/0/native_command,data/datasets/thermochemistry/export_protocol.json,data/targeted_rescue/thermochemistry/Fe_bipyridine_pnnoh_Ph__protonated_reference/accepted_geometry.xyz,777550d138d4d9d9e51e1f29bec87d4c12d317698c5e26870dbce3a0e548f50f,data/targeted_rescue/thermochemistry/Fe_bipyridine_pnnoh_Ph__protonated_reference/hessian_00.npz,6bcb75e54028c3ade104fb2360617badec99e0f292fd8831fe71c3b2c11c5e56,rescue_seed20270000,0,383.15,lowest G383.15 among eligible certificates; same geometry at all T,101325.0,1.0,100.0,0,1
Fe_bipyridine_pnnoh_Ph|protonated_reference,Fe_bipyridine_pnnoh_Ph,protonated_reference,390.0,-50807.03415884677,231.577654519711,-50546.66995518555,213.91617135197612,199.29241463911978,-50621.707960623964,2.686036270841015,kcal/mol,cal/(mol K),1,C24H20FeN2O2P,GFN2-xTB/ALPB toluene gsolv + qRRHO + 1M,data/targeted_rescue/thermochemistry/Fe_bipyridine_pnnoh_Ph__protonated_reference/result.json,c2a5c010a2c864c25d9ec7bf3bbd114fceae07b9d2747178809520cf5b45c8c0,data/targeted_rescue/thermochemistry/Fe_bipyridine_pnnoh_Ph__protonated_reference/result.json#/attempts/0/native_command,data/datasets/thermochemistry/export_protocol.json,data/targeted_rescue/thermochemistry/Fe_bipyridine_pnnoh_Ph__protonated_reference/accepted_geometry.xyz,777550d138d4d9d9e51e1f29bec87d4c12d317698c5e26870dbce3a0e548f50f,data/targeted_rescue/thermochemistry/Fe_bipyridine_pnnoh_Ph__protonated_reference/hessian_00.npz,6bcb75e54028c3ade104fb2360617badec99e0f292fd8831fe71c3b2c11c5e56,rescue_seed20270000,0,383.15,lowest G383.15 among eligible certificates; same geometry at all T,101325.0,1.0,100.0,0,1
Fe_bipyridine_pnnoh_Ph|protonated_reference,Fe_bipyridine_pnnoh_Ph,protonated_reference,400.0,-50807.03415884677,231.577654519711,-50545.28679414213,217.41788091794007,202.54860199391683,-50623.53120128162,2.775033658072708,kcal/mol,cal/(mol K),1,C24H20FeN2O2P,GFN2-xTB/ALPB toluene gsolv + qRRHO + 1M,data/targeted_rescue/thermochemistry/Fe_bipyridine_pnnoh_Ph__protonated_reference/result.json,c2a5c010a2c864c25d9ec7bf3bbd114fceae07b9d2747178809520cf5b45c8c0,data/targeted_rescue/thermochemistry/Fe_bipyridine_pnnoh_Ph__protonated_reference/result.json#/attempts/0/native_command,data/datasets/thermochemistry/export_protocol.json,data/targeted_rescue/thermochemistry/Fe_bipyridine_pnnoh_Ph__protonated_reference/accepted_geometry.xyz,777550d138d4d9d9e51e1f29bec87d4c12d317698c5e26870dbce3a0e548f50f,data/targeted_rescue/thermochemistry/Fe_bipyridine_pnnoh_Ph__protonated_reference/hessian_00.npz,6bcb75e54028c3ade104fb2360617badec99e0f292fd8831fe71c3b2c11c5e56,rescue_seed20270000,0,383.15,lowest G383.15 among eligible certificates; same geometry at all T,101325.0,1.0,100.0,0,1
Fe_bipyridine_pnnoh_Ph|protonated_reference,Fe_bipyridine_pnnoh_Ph,protonated_reference,410.0,-50807.03415884677,231.577654519711,-50543.875655898104,220.90220924868981,205.79329821955963,-50625.386380269985,2.8645278981321125,kcal/mol,cal/(mol K),1,C24H20FeN2O2P,GFN2-xTB/ALPB toluene gsolv + qRRHO + 1M,data/targeted_rescue/thermochemistry/Fe_bipyridine_pnnoh_Ph__protonated_reference/result.json,c2a5c010a2c864c25d9ec7bf3bbd114fceae07b9d2747178809520cf5b45c8c0,data/targeted_rescue/thermochemistry/Fe_bipyridine_pnnoh_Ph__protonated_reference/result.json#/attempts/0/native_command,data/datasets/thermochemistry/export_protocol.json,data/targeted_rescue/thermochemistry/Fe_bipyridine_pnnoh_Ph__protonated_reference/accepted_geometry.xyz,777550d138d4d9d9e51e1f29bec87d4c12d317698c5e26870dbce3a0e548f50f,data/targeted_rescue/thermochemistry/Fe_bipyridine_pnnoh_Ph__protonated_reference/hessian_00.npz,6bcb75e54028c3ade104fb2360617badec99e0f292fd8831fe71c3b2c11c5e56,rescue_seed20270000,0,383.15,lowest G383.15 among eligible certificates; same geometry at all T,101325.0,1.0,100.0,0,1
Fe_bipyridine_pnnoh_Ph|protonated_reference,Fe_bipyridine_pnnoh_Ph,protonated_reference,420.0,-50807.03415884677,231.577654519711,-50542.43712735399,224.36857970633497,209.0256541160757,-50627.27339521252,2.954506870223601,kcal/mol,cal/(mol K),1,C24H20FeN2O2P,GFN2-xTB/ALPB toluene gsolv + qRRHO + 1M,data/targeted_rescue/thermochemistry/Fe_bipyridine_pnnoh_Ph__protonated_reference/result.json,c2a5c010a2c864c25d9ec7bf3bbd114fceae07b9d2747178809520cf5b45c8c0,data/targeted_rescue/thermochemistry/Fe_bipyridine_pnnoh_Ph__protonated_reference/result.json#/attempts/0/native_command,data/datasets/thermochemistry/export_protocol.json,data/targeted_rescue/thermochemistry/Fe_bipyridine_pnnoh_Ph__protonated_reference/accepted_geometry.xyz,777550d138d4d9d9e51e1f29bec87d4c12d317698c5e26870dbce3a0e548f50f,data/targeted_rescue/thermochemistry/Fe_bipyridine_pnnoh_Ph__protonated_reference/hessian_00.npz,6bcb75e54028c3ade104fb2360617badec99e0f292fd8831fe71c3b2c11c5e56,rescue_seed20270000,0,383.15,lowest G383.15 among eligible certificates; same geometry at all T,101325.0,1.0,100.0,0,1
Fe_bipyridine_pnnoh_Ph|protonated_reference,Fe_bipyridine_pnnoh_Ph,protonated_reference,430.0,-50807.03415884677,231.577654519711,-50540.9717973154,227.81645186865455,212.24487497309252,-50629.19213452293,3.044959030900024,kcal/mol,cal/(mol K),1,C24H20FeN2O2P,GFN2-xTB/ALPB toluene gsolv + qRRHO + 1M,data/targeted_rescue/thermochemistry/Fe_bipyridine_pnnoh_Ph__protonated_reference/result.json,c2a5c010a2c864c25d9ec7bf3bbd114fceae07b9d2747178809520cf5b45c8c0,data/targeted_rescue/thermochemistry/Fe_bipyridine_pnnoh_Ph__protonated_reference/result.json#/attempts/0/native_command,data/datasets/thermochemistry/export_protocol.json,data/targeted_rescue/thermochemistry/Fe_bipyridine_pnnoh_Ph__protonated_reference/accepted_geometry.xyz,777550d138d4d9d9e51e1f29bec87d4c12d317698c5e26870dbce3a0e548f50f,data/targeted_rescue/thermochemistry/Fe_bipyridine_pnnoh_Ph__protonated_reference/hessian_00.npz,6bcb75e54028c3ade104fb2360617badec99e0f292fd8831fe71c3b2c11c5e56,rescue_seed20270000,0,383.15,lowest G383.15 among eligible certificates; same geometry at all T,101325.0,1.0,100.0,0,1
Fe_bipyridine_pnnoh_Ph|protonated_reference,Fe_bipyridine_pnnoh_Ph,protonated_reference,440.0,-50807.03415884677,231.577654519711,-50539.48025400967,231.24532390948156,215.45022137089225,-50631.1424780391,3.135873373767528,kcal/mol,cal/(mol K),1,C24H20FeN2O2P,GFN2-xTB/ALPB toluene gsolv + qRRHO + 1M,data/targeted_rescue/thermochemistry/Fe_bipyridine_pnnoh_Ph__protonated_reference/result.json,c2a5c010a2c864c25d9ec7bf3bbd114fceae07b9d2747178809520cf5b45c8c0,data/targeted_rescue/thermochemistry/Fe_bipyridine_pnnoh_Ph__protonated_reference/result.json#/attempts/0/native_command,data/datasets/thermochemistry/export_protocol.json,data/targeted_rescue/thermochemistry/Fe_bipyridine_pnnoh_Ph__protonated_reference/accepted_geometry.xyz,777550d138d4d9d9e51e1f29bec87d4c12d317698c5e26870dbce3a0e548f50f,data/targeted_rescue/thermochemistry/Fe_bipyridine_pnnoh_Ph__protonated_reference/hessian_00.npz,6bcb75e54028c3ade104fb2360617badec99e0f292fd8831fe71c3b2c11c5e56,rescue_seed20270000,0,383.15,lowest G383.15 among eligible certificates; same geometry at all T,101325.0,1.0,100.0,0,1
Fe_bipyridine_pnnoh_iPr|active,Fe_bipyridine_pnnoh_iPr,active,298.15,-43929.51097986708,229.91386185978143,-43683.14668971319,168.8676355492167,161.16129666756547,-43729.30260186913,1.894328445494145,kcal/mol,cal/(mol K),0,C18H23FeN2O2P,GFN2-xTB/ALPB toluene gsolv + qRRHO + 1M,data/campaign/thermochemistry/Fe_bipyridine_pnnoh_iPr__active/result.json,abfa2f382dc7ac3454ddebb8817ebf3e2aaf920c6448b4fa648d03b1696852bc,data/campaign/thermochemistry/Fe_bipyridine_pnnoh_iPr__active/result.json#/attempts/0/native_command,data/datasets/thermochemistry/export_protocol.json,data/campaign/thermochemistry/Fe_bipyridine_pnnoh_iPr__active/accepted_geometry.xyz,dc0c47d276cd94423cb2fc3683486aa9e7be98cbd95e897cc4b3c575c885c7c3,data/campaign/thermochemistry/Fe_bipyridine_pnnoh_iPr__active/hessian_00.npz,ec2c7f0530b418c4f784a3602badc8c2f56d9f615c8b8b13f28f69fd65b1cbc0,1,0,383.15,lowest G383.15 among eligible certificates; same geometry at all T,101325.0,1.0,100.0,0,1
Fe_bipyridine_pnnoh_iPr|active,Fe_bipyridine_pnnoh_iPr,active,340.0,-43929.51097986708,229.91386185978143,-43678.746660030585,182.66096738922067,173.9678054269827,-43735.6467410914,2.248972784367174,kcal/mol,cal/(mol K),0,C18H23FeN2O2P,GFN2-xTB/ALPB toluene gsolv + qRRHO + 1M,data/campaign/thermochemistry/Fe_bipyridine_pnnoh_iPr__active/result.json,abfa2f382dc7ac3454ddebb8817ebf3e2aaf920c6448b4fa648d03b1696852bc,data/campaign/thermochemistry/Fe_bipyridine_pnnoh_iPr__active/result.json#/attempts/0/native_command,data/datasets/thermochemistry/export_protocol.json,data/campaign/thermochemistry/Fe_bipyridine_pnnoh_iPr__active/accepted_geometry.xyz,dc0c47d276cd94423cb2fc3683486aa9e7be98cbd95e897cc4b3c575c885c7c3,data/campaign/thermochemistry/Fe_bipyridine_pnnoh_iPr__active/hessian_00.npz,ec2c7f0530b418c4f784a3602badc8c2f56d9f615c8b8b13f28f69fd65b1cbc0,1,0,383.15,lowest G383.15 among eligible certificates; same geometry at all T,101325.0,1.0,100.0,0,1
Fe_bipyridine_pnnoh_iPr|active,Fe_bipyridine_pnnoh_iPr,active,350.0,-43929.51097986708,229.91386185978143,-43677.6251875237,185.91165397834328,176.9996712009046,-43737.239791946435,2.3352804975836268,kcal/mol,cal/(mol K),0,C18H23FeN2O2P,GFN2-xTB/ALPB toluene gsolv + qRRHO + 1M,data/campaign/thermochemistry/Fe_bipyridine_pnnoh_iPr__active/result.json,abfa2f382dc7ac3454ddebb8817ebf3e2aaf920c6448b4fa648d03b1696852bc,data/campaign/thermochemistry/Fe_bipyridine_pnnoh_iPr__active/result.json#/attempts/0/native_command,data/datasets/thermochemistry/export_protocol.json,data/campaign/thermochemistry/Fe_bipyridine_pnnoh_iPr__active/accepted_geometry.xyz,dc0c47d276cd94423cb2fc3683486aa9e7be98cbd95e897cc4b3c575c885c7c3,data/campaign/thermochemistry/Fe_bipyridine_pnnoh_iPr__active/hessian_00.npz,ec2c7f0530b418c4f784a3602badc8c2f56d9f615c8b8b13f28f69fd65b1cbc0,1,0,383.15,lowest G383.15 among eligible certificates; same geometry at all T,101325.0,1.0,100.0,0,1
Fe_bipyridine_pnnoh_iPr|active,Fe_bipyridine_pnnoh_iPr,active,360.0,-43929.51097986708,229.91386185978143,-43676.47732763183,189.145102604747,180.02014358907,-43738.86242326318,2.422156060718619,kcal/mol,cal/(mol K),0,C18H23FeN2O2P,GFN2-xTB/ALPB toluene gsolv + qRRHO + 1M,data/campaign/thermochemistry/Fe_bipyridine_pnnoh_iPr__active/result.json,abfa2f382dc7ac3454ddebb8817ebf3e2aaf920c6448b4fa648d03b1696852bc,data/campaign/thermochemistry/Fe_bipyridine_pnnoh_iPr__active/result.json#/attempts/0/native_command,data/datasets/thermochemistry/export_protocol.json,data/campaign/thermochemistry/Fe_bipyridine_pnnoh_iPr__active/accepted_geometry.xyz,dc0c47d276cd94423cb2fc3683486aa9e7be98cbd95e897cc4b3c575c885c7c3,data/campaign/thermochemistry/Fe_bipyridine_pnnoh_iPr__active/hessian_00.npz,ec2c7f0530b418c4f784a3602badc8c2f56d9f615c8b8b13f28f69fd65b1cbc0,1,0,383.15,lowest G383.15 among eligible certificates; same geometry at all T,101325.0,1.0,100.0,0,1
Fe_bipyridine_pnnoh_iPr|active,Fe_bipyridine_pnnoh_iPr,active,370.0,-43929.51097986708,229.91386185978143,-43675.303437389986,192.36127976223096,183.02889260832953,-43740.51454395902,2.509583696046293,kcal/mol,cal/(mol K),0,C18H23FeN2O2P,GFN2-xTB/ALPB toluene gsolv + qRRHO + 1M,data/campaign/thermochemistry/Fe_bipyridine_pnnoh_iPr__active/result.json,abfa2f382dc7ac3454ddebb8817ebf3e2aaf920c6448b4fa648d03b1696852bc,data/campaign/thermochemistry/Fe_bipyridine_pnnoh_iPr__active/result.json#/attempts/0/native_command,data/datasets/thermochemistry/export_protocol.json,data/campaign/thermochemistry/Fe_bipyridine_pnnoh_iPr__active/accepted_geometry.xyz,dc0c47d276cd94423cb2fc3683486aa9e7be98cbd95e897cc4b3c575c885c7c3,data/campaign/thermochemistry/Fe_bipyridine_pnnoh_iPr__active/hessian_00.npz,ec2c7f0530b418c4f784a3602badc8c2f56d9f615c8b8b13f28f69fd65b1cbc0,1,0,383.15,lowest G383.15 among eligible certificates; same geometry at all T,101325.0,1.0,100.0,0,1
Fe_bipyridine_pnnoh_iPr|active,Fe_bipyridine_pnnoh_iPr,active,380.0,-43929.51097986708,229.91386185978143,-43674.10389301992,195.5601034313465,186.02556118283343,-43742.19605779039,2.597548479011341,kcal/mol,cal/(mol K),0,C18H23FeN2O2P,GFN2-xTB/ALPB toluene gsolv + qRRHO + 1M,data/campaign/thermochemistry/Fe_bipyridine_pnnoh_iPr__active/result.json,abfa2f382dc7ac3454ddebb8817ebf3e2aaf920c6448b4fa648d03b1696852bc,data/campaign/thermochemistry/Fe_bipyridine_pnnoh_iPr__active/result.json#/attempts/0/native_command,data/datasets/thermochemistry/export_protocol.json,data/campaign/thermochemistry/Fe_bipyridine_pnnoh_iPr__active/accepted_geometry.xyz,dc0c47d276cd94423cb2fc3683486aa9e7be98cbd95e897cc4b3c575c885c7c3,data/campaign/thermochemistry/Fe_bipyridine_pnnoh_iPr__active/hessian_00.npz,ec2c7f0530b418c4f784a3602badc8c2f56d9f615c8b8b13f28f69fd65b1cbc0,1,0,383.15,lowest G383.15 among eligible certificates; same geometry at all T,101325.0,1.0,100.0,0,1
Fe_bipyridine_pnnoh_iPr|active,Fe_bipyridine_pnnoh_iPr,active,383.15,-43929.51097986708,229.91386185978143,-43673.72078560555,196.56412064932593,186.966950310161,-43742.731806261305,2.625366355574337,kcal/mol,cal/(mol K),0,C18H23FeN2O2P,GFN2-xTB/ALPB toluene gsolv + qRRHO + 1M,data/campaign/thermochemistry/Fe_bipyridine_pnnoh_iPr__active/result.json,abfa2f382dc7ac3454ddebb8817ebf3e2aaf920c6448b4fa648d03b1696852bc,data/campaign/thermochemistry/Fe_bipyridine_pnnoh_iPr__active/result.json#/attempts/0/native_command,data/datasets/thermochemistry/export_protocol.json,data/campaign/thermochemistry/Fe_bipyridine_pnnoh_iPr__active/accepted_geometry.xyz,dc0c47d276cd94423cb2fc3683486aa9e7be98cbd95e897cc4b3c575c885c7c3,data/campaign/thermochemistry/Fe_bipyridine_pnnoh_iPr__active/hessian_00.npz,ec2c7f0530b418c4f784a3602badc8c2f56d9f615c8b8b13f28f69fd65b1cbc0,1,0,383.15,lowest G383.15 among eligible certificates; same geometry at all T,101325.0,1.0,100.0,0,1
Fe_bipyridine_pnnoh_iPr|active,Fe_bipyridine_pnnoh_iPr,active,390.0,-43929.51097986708,229.91386185978143,-43672.87908716053,198.74145531711486,189.00977542684748,-43743.90686330616,2.686036270841015,kcal/mol,cal/(mol K),0,C18H23FeN2O2P,GFN2-xTB/ALPB toluene gsolv + qRRHO + 1M,data/campaign/thermochemistry/Fe_bipyridine_pnnoh_iPr__active/result.json,abfa2f382dc7ac3454ddebb8817ebf3e2aaf920c6448b4fa648d03b1696852bc,data/campaign/thermochemistry/Fe_bipyridine_pnnoh_iPr__active/result.json#/attempts/0/native_command,data/datasets/thermochemistry/export_protocol.json,data/campaign/thermochemistry/Fe_bipyridine_pnnoh_iPr__active/accepted_geometry.xyz,dc0c47d276cd94423cb2fc3683486aa9e7be98cbd95e897cc4b3c575c885c7c3,data/campaign/thermochemistry/Fe_bipyridine_pnnoh_iPr__active/hessian_00.npz,ec2c7f0530b418c4f784a3602badc8c2f56d9f615c8b8b13f28f69fd65b1cbc0,1,0,383.15,lowest G383.15 among eligible certificates; same geometry at all T,101325.0,1.0,100.0,0,1
Fe_bipyridine_pnnoh_iPr|active,Fe_bipyridine_pnnoh_iPr,active,400.0,-43929.51097986708,229.91386185978143,-43671.62942613888,201.9051914347209,191.98115348569883,-43745.64685387509,2.775033658072708,kcal/mol,cal/(mol K),0,C18H23FeN2O2P,GFN2-xTB/ALPB toluene gsolv + qRRHO + 1M,data/campaign/thermochemistry/Fe_bipyridine_pnnoh_iPr__active/result.json,abfa2f382dc7ac3454ddebb8817ebf3e2aaf920c6448b4fa648d03b1696852bc,data/campaign/thermochemistry/Fe_bipyridine_pnnoh_iPr__active/result.json#/attempts/0/native_command,data/datasets/thermochemistry/export_protocol.json,data/campaign/thermochemistry/Fe_bipyridine_pnnoh_iPr__active/accepted_geometry.xyz,dc0c47d276cd94423cb2fc3683486aa9e7be98cbd95e897cc4b3c575c885c7c3,data/campaign/thermochemistry/Fe_bipyridine_pnnoh_iPr__active/hessian_00.npz,ec2c7f0530b418c4f784a3602badc8c2f56d9f615c8b8b13f28f69fd65b1cbc0,1,0,383.15,lowest G383.15 among eligible certificates; same geometry at all T,101325.0,1.0,100.0,0,1
Fe_bipyridine_pnnoh_iPr|active,Fe_bipyridine_pnnoh_iPr,active,410.0,-43929.51097986708,229.91386185978143,-43670.35532733394,205.0511511592676,194.93931302565403,-43747.41591777633,2.8645278981321125,kcal/mol,cal/(mol K),0,C18H23FeN2O2P,GFN2-xTB/ALPB toluene gsolv + qRRHO + 1M,data/campaign/thermochemistry/Fe_bipyridine_pnnoh_iPr__active/result.json,abfa2f382dc7ac3454ddebb8817ebf3e2aaf920c6448b4fa648d03b1696852bc,data/campaign/thermochemistry/Fe_bipyridine_pnnoh_iPr__active/result.json#/attempts/0/native_command,data/datasets/thermochemistry/export_protocol.json,data/campaign/thermochemistry/Fe_bipyridine_pnnoh_iPr__active/accepted_geometry.xyz,dc0c47d276cd94423cb2fc3683486aa9e7be98cbd95e897cc4b3c575c885c7c3,data/campaign/thermochemistry/Fe_bipyridine_pnnoh_iPr__active/hessian_00.npz,ec2c7f0530b418c4f784a3602badc8c2f56d9f615c8b8b13f28f69fd65b1cbc0,1,0,383.15,lowest G383.15 among eligible certificates; same geometry at all T,101325.0,1.0,100.0,0,1
Fe_bipyridine_pnnoh_iPr|active,Fe_bipyridine_pnnoh_iPr,active,420.0,-43929.51097986708,229.91386185978143,-43669.05721667194,208.17916486725292,197.8838774783498,-43749.213938342626,2.954506870223601,kcal/mol,cal/(mol K),0,C18H23FeN2O2P,GFN2-xTB/ALPB toluene gsolv + qRRHO + 1M,data/campaign/thermochemistry/Fe_bipyridine_pnnoh_iPr__active/result.json,abfa2f382dc7ac3454ddebb8817ebf3e2aaf920c6448b4fa648d03b1696852bc,data/campaign/thermochemistry/Fe_bipyridine_pnnoh_iPr__active/result.json#/attempts/0/native_command,data/datasets/thermochemistry/export_protocol.json,data/campaign/thermochemistry/Fe_bipyridine_pnnoh_iPr__active/accepted_geometry.xyz,dc0c47d276cd94423cb2fc3683486aa9e7be98cbd95e897cc4b3c575c885c7c3,data/campaign/thermochemistry/Fe_bipyridine_pnnoh_iPr__active/hessian_00.npz,ec2c7f0530b418c4f784a3602badc8c2f56d9f615c8b8b13f28f69fd65b1cbc0,1,0,383.15,lowest G383.15 among eligible certificates; same geometry at all T,101325.0,1.0,100.0,0,1
Fe_bipyridine_pnnoh_iPr|active,Fe_bipyridine_pnnoh_iPr,active,430.0,-43929.51097986708,229.91386185978143,-43667.73552628189,211.2890603026714,200.81448115346427,-43751.04079414698,3.044959030900024,kcal/mol,cal/(mol K),0,C18H23FeN2O2P,GFN2-xTB/ALPB toluene gsolv + qRRHO + 1M,data/campaign/thermochemistry/Fe_bipyridine_pnnoh_iPr__active/result.json,abfa2f382dc7ac3454ddebb8817ebf3e2aaf920c6448b4fa648d03b1696852bc,data/campaign/thermochemistry/Fe_bipyridine_pnnoh_iPr__active/result.json#/attempts/0/native_command,data/datasets/thermochemistry/export_protocol.json,data/campaign/thermochemistry/Fe_bipyridine_pnnoh_iPr__active/accepted_geometry.xyz,dc0c47d276cd94423cb2fc3683486aa9e7be98cbd95e897cc4b3c575c885c7c3,data/campaign/thermochemistry/Fe_bipyridine_pnnoh_iPr__active/hessian_00.npz,ec2c7f0530b418c4f784a3602badc8c2f56d9f615c8b8b13f28f69fd65b1cbc0,1,0,383.15,lowest G383.15 among eligible certificates; same geometry at all T,101325.0,1.0,100.0,0,1
Fe_bipyridine_pnnoh_iPr|active,Fe_bipyridine_pnnoh_iPr,active,440.0,-43929.51097986708,229.91386185978143,-43666.39069232924,214.38066780099717,203.73077333613082,-43752.89635922337,3.135873373767528,kcal/mol,cal/(mol K),0,C18H23FeN2O2P,GFN2-xTB/ALPB toluene gsolv + qRRHO + 1M,data/campaign/thermochemistry/Fe_bipyridine_pnnoh_iPr__active/result.json,abfa2f382dc7ac3454ddebb8817ebf3e2aaf920c6448b4fa648d03b1696852bc,data/campaign/thermochemistry/Fe_bipyridine_pnnoh_iPr__active/result.json#/attempts/0/native_command,data/datasets/thermochemistry/export_protocol.json,data/campaign/thermochemistry/Fe_bipyridine_pnnoh_iPr__active/accepted_geometry.xyz,dc0c47d276cd94423cb2fc3683486aa9e7be98cbd95e897cc4b3c575c885c7c3,data/campaign/thermochemistry/Fe_bipyridine_pnnoh_iPr__active/hessian_00.npz,ec2c7f0530b418c4f784a3602badc8c2f56d9f615c8b8b13f28f69fd65b1cbc0,1,0,383.15,lowest G383.15 among eligible certificates; same geometry at all T,101325.0,1.0,100.0,0,1
Fe_bipyridine_pnnoh_iPr|hydrogenated,Fe_bipyridine_pnnoh_iPr,hydrogenated,298.15,-44582.510776397605,241.38169693765056,-44324.3882444996,170.0613664196868,162.58633947154283,-44370.969033167545,1.894328445494145,kcal/mol,cal/(mol K),0,C18H25FeN2O2P,GFN2-xTB/ALPB toluene gsolv + qRRHO + 1M,data/campaign/thermochemistry/Fe_bipyridine_pnnoh_iPr__hydrogenated/result.json,550c25921fdf969fd62c314b3c8845a67293573a242dde6f9ad0502a63dec757,data/campaign/thermochemistry/Fe_bipyridine_pnnoh_iPr__hydrogenated/result.json#/attempts/0/native_command,data/datasets/thermochemistry/export_protocol.json,data/campaign/thermochemistry/Fe_bipyridine_pnnoh_iPr__hydrogenated/accepted_geometry.xyz,7d7757e49cf86b6afbdfd11e476eee7d1733be171a7bc151b75d168b32e74de1,data/campaign/thermochemistry/Fe_bipyridine_pnnoh_iPr__hydrogenated/hessian_00.npz,ad7acf53b21ac712628aa6ae0b87528679be3d03e357410ec83d6b2fec2e77bb,1,0,383.15,lowest G383.15 among eligible certificates; same geometry at all T,101325.0,1.0,100.0,0,1
Fe_bipyridine_pnnoh_iPr|hydrogenated,Fe_bipyridine_pnnoh_iPr,hydrogenated,340.0,-44582.510776397605,241.38169693765056,-44319.85959372951,184.25749718912613,175.79112770828937,-44377.37960436597,2.248972784367174,kcal/mol,cal/(mol K),0,C18H25FeN2O2P,GFN2-xTB/ALPB toluene gsolv + qRRHO + 1M,data/campaign/thermochemistry/Fe_bipyridine_pnnoh_iPr__hydrogenated/result.json,550c25921fdf969fd62c314b3c8845a67293573a242dde6f9ad0502a63dec757,data/campaign/thermochemistry/Fe_bipyridine_pnnoh_iPr__hydrogenated/result.json#/attempts/0/native_command,data/datasets/thermochemistry/export_protocol.json,data/campaign/thermochemistry/Fe_bipyridine_pnnoh_iPr__hydrogenated/accepted_geometry.xyz,7d7757e49cf86b6afbdfd11e476eee7d1733be171a7bc151b75d168b32e74de1,data/campaign/thermochemistry/Fe_bipyridine_pnnoh_iPr__hydrogenated/hessian_00.npz,ad7acf53b21ac712628aa6ae0b87528679be3d03e357410ec83d6b2fec2e77bb,1,0,383.15,lowest G383.15 among eligible certificates; same geometry at all T,101325.0,1.0,100.0,0,1
Fe_bipyridine_pnnoh_iPr|hydrogenated,Fe_bipyridine_pnnoh_iPr,hydrogenated,350.0,-44582.510776397605,241.38169693765056,-44318.703589982244,187.60827120086705,178.9220619742988,-44378.99103117567,2.3352804975836268,kcal/mol,cal/(mol K),0,C18H25FeN2O2P,GFN2-xTB/ALPB toluene gsolv + qRRHO + 1M,data/campaign/thermochemistry/Fe_bipyridine_pnnoh_iPr__hydrogenated/result.json,550c25921fdf969fd62c314b3c8845a67293573a242dde6f9ad0502a63dec757,data/campaign/thermochemistry/Fe_bipyridine_pnnoh_iPr__hydrogenated/result.json#/attempts/0/native_command,data/datasets/thermochemistry/export_protocol.json,data/campaign/thermochemistry/Fe_bipyridine_pnnoh_iPr__hydrogenated/accepted_geometry.xyz,7d7757e49cf86b6afbdfd11e476eee7d1733be171a7bc151b75d168b32e74de1,data/campaign/thermochemistry/Fe_bipyridine_pnnoh_iPr__hydrogenated/hessian_00.npz,ad7acf53b21ac712628aa6ae0b87528679be3d03e357410ec83d6b2fec2e77bb,1,0,383.15,lowest G383.15 among eligible certificates; same geometry at all T,101325.0,1.0,100.0,0,1
Fe_bipyridine_pnnoh_iPr|hydrogenated,Fe_bipyridine_pnnoh_iPr,hydrogenated,360.0,-44582.510776397605,241.38169693765056,-44317.51975852601,190.94304540465237,182.0428630215709,-44380.633033153055,2.422156060718619,kcal/mol,cal/(mol K),0,C18H25FeN2O2P,GFN2-xTB/ALPB toluene gsolv + qRRHO + 1M,data/campaign/thermochemistry/Fe_bipyridine_pnnoh_iPr__hydrogenated/result.json,550c25921fdf969fd62c314b3c8845a67293573a242dde6f9ad0502a63dec757,data/campaign/thermochemistry/Fe_bipyridine_pnnoh_iPr__hydrogenated/result.json#/attempts/0/native_command,data/datasets/thermochemistry/export_protocol.json,data/campaign/thermochemistry/Fe_bipyridine_pnnoh_iPr__hydrogenated/accepted_geometry.xyz,7d7757e49cf86b6afbdfd11e476eee7d1733be171a7bc151b75d168b32e74de1,data/campaign/thermochemistry/Fe_bipyridine_pnnoh_iPr__hydrogenated/hessian_00.npz,ad7acf53b21ac712628aa6ae0b87528679be3d03e357410ec83d6b2fec2e77bb,1,0,383.15,lowest G383.15 among eligible certificates; same geometry at all T,101325.0,1.0,100.0,0,1
Fe_bipyridine_pnnoh_iPr|hydrogenated,Fe_bipyridine_pnnoh_iPr,hydrogenated,370.0,-44582.510776397605,241.38169693765056,-44316.30847268577,194.26167381215157,185.15308765655413,-44382.30553142265,2.509583696046293,kcal/mol,cal/(mol K),0,C18H25FeN2O2P,GFN2-xTB/ALPB toluene gsolv + qRRHO + 1M,data/campaign/thermochemistry/Fe_bipyridine_pnnoh_iPr__hydrogenated/result.json,550c25921fdf969fd62c314b3c8845a67293573a242dde6f9ad0502a63dec757,data/campaign/thermochemistry/Fe_bipyridine_pnnoh_iPr__hydrogenated/result.json#/attempts/0/native_command,data/datasets/thermochemistry/export_protocol.json,data/campaign/thermochemistry/Fe_bipyridine_pnnoh_iPr__hydrogenated/accepted_geometry.xyz,7d7757e49cf86b6afbdfd11e476eee7d1733be171a7bc151b75d168b32e74de1,data/campaign/thermochemistry/Fe_bipyridine_pnnoh_iPr__hydrogenated/hessian_00.npz,ad7acf53b21ac712628aa6ae0b87528679be3d03e357410ec83d6b2fec2e77bb,1,0,383.15,lowest G383.15 among eligible certificates; same geometry at all T,101325.0,1.0,100.0,0,1
Fe_bipyridine_pnnoh_iPr|hydrogenated,Fe_bipyridine_pnnoh_iPr,hydrogenated,380.0,-44582.510776397605,241.38169693765056,-44315.07012694139,197.56396567088674,188.2522693555994,-44384.00844081751,2.597548479011341,kcal/mol,cal/(mol K),0,C18H25FeN2O2P,GFN2-xTB/ALPB toluene gsolv + qRRHO + 1M,data/campaign/thermochemistry/Fe_bipyridine_pnnoh_iPr__hydrogenated/result.json,550c25921fdf969fd62c314b3c8845a67293573a242dde6f9ad0502a63dec757,data/campaign/thermochemistry/Fe_bipyridine_pnnoh_iPr__hydrogenated/result.json#/attempts/0/native_command,data/datasets/thermochemistry/export_protocol.json,data/campaign/thermochemistry/Fe_bipyridine_pnnoh_iPr__hydrogenated/accepted_geometry.xyz,7d7757e49cf86b6afbdfd11e476eee7d1733be171a7bc151b75d168b32e74de1,data/campaign/thermochemistry/Fe_bipyridine_pnnoh_iPr__hydrogenated/hessian_00.npz,ad7acf53b21ac712628aa6ae0b87528679be3d03e357410ec83d6b2fec2e77bb,1,0,383.15,lowest G383.15 among eligible certificates; same geometry at all T,101325.0,1.0,100.0,0,1
Fe_bipyridine_pnnoh_iPr|hydrogenated,Fe_bipyridine_pnnoh_iPr,hydrogenated,383.15,-44582.510776397605,241.38169693765056,-44314.674509086406,198.6007691491652,189.22614804586692,-44384.551141354605,2.625366355574337,kcal/mol,cal/(mol K),0,C18H25FeN2O2P,GFN2-xTB/ALPB toluene gsolv + qRRHO + 1M,data/campaign/thermochemistry/Fe_bipyridine_pnnoh_iPr__hydrogenated/result.json,550c25921fdf969fd62c314b3c8845a67293573a242dde6f9ad0502a63dec757,data/campaign/thermochemistry/Fe_bipyridine_pnnoh_iPr__hydrogenated/result.json#/attempts/0/native_command,data/datasets/thermochemistry/export_protocol.json,data/campaign/thermochemistry/Fe_bipyridine_pnnoh_iPr__hydrogenated/accepted_geometry.xyz,7d7757e49cf86b6afbdfd11e476eee7d1733be171a7bc151b75d168b32e74de1,data/campaign/thermochemistry/Fe_bipyridine_pnnoh_iPr__hydrogenated/hessian_00.npz,ad7acf53b21ac712628aa6ae0b87528679be3d03e357410ec83d6b2fec2e77bb,1,0,383.15,lowest G383.15 among eligible certificates; same geometry at all T,101325.0,1.0,100.0,0,1
Fe_bipyridine_pnnoh_iPr|hydrogenated,Fe_bipyridine_pnnoh_iPr,hydrogenated,390.0,-44582.510776397605,241.38169693765056,-44313.80513387421,200.84969805016652,191.33992889975758,-44385.741669874275,2.686036270841015,kcal/mol,cal/(mol K),0,C18H25FeN2O2P,GFN2-xTB/ALPB toluene gsolv + qRRHO + 1M,data/campaign/thermochemistry/Fe_bipyridine_pnnoh_iPr__hydrogenated/result.json,550c25921fdf969fd62c314b3c8845a67293573a242dde6f9ad0502a63dec757,data/campaign/thermochemistry/Fe_bipyridine_pnnoh_iPr__hydrogenated/result.json#/attempts/0/native_command,data/datasets/thermochemistry/export_protocol.json,data/campaign/thermochemistry/Fe_bipyridine_pnnoh_iPr__hydrogenated/accepted_geometry.xyz,7d7757e49cf86b6afbdfd11e476eee7d1733be171a7bc151b75d168b32e74de1,data/campaign/thermochemistry/Fe_bipyridine_pnnoh_iPr__hydrogenated/hessian_00.npz,ad7acf53b21ac712628aa6ae0b87528679be3d03e357410ec83d6b2fec2e77bb,1,0,383.15,lowest G383.15 among eligible certificates; same geometry at all T,101325.0,1.0,100.0,0,1
Fe_bipyridine_pnnoh_iPr|hydrogenated,Fe_bipyridine_pnnoh_iPr,hydrogenated,400.0,-44582.510776397605,241.38169693765056,-44312.51392117183,204.11862668584806,194.41558347737612,-44387.50512090471,2.775033658072708,kcal/mol,cal/(mol K),0,C18H25FeN2O2P,GFN2-xTB/ALPB toluene gsolv + qRRHO + 1M,data/campaign/thermochemistry/Fe_bipyridine_pnnoh_iPr__hydrogenated/result.json,550c25921fdf969fd62c314b3c8845a67293573a242dde6f9ad0502a63dec757,data/campaign/thermochemistry/Fe_bipyridine_pnnoh_iPr__hydrogenated/result.json#/attempts/0/native_command,data/datasets/thermochemistry/export_protocol.json,data/campaign/thermochemistry/Fe_bipyridine_pnnoh_iPr__hydrogenated/accepted_geometry.xyz,7d7757e49cf86b6afbdfd11e476eee7d1733be171a7bc151b75d168b32e74de1,data/campaign/thermochemistry/Fe_bipyridine_pnnoh_iPr__hydrogenated/hessian_00.npz,ad7acf53b21ac712628aa6ae0b87528679be3d03e357410ec83d6b2fec2e77bb,1,0,383.15,lowest G383.15 among eligible certificates; same geometry at all T,101325.0,1.0,100.0,0,1
Fe_bipyridine_pnnoh_iPr|hydrogenated,Fe_bipyridine_pnnoh_iPr,hydrogenated,410.0,-44582.510776397605,241.38169693765056,-44311.19692874485,207.37049520990882,197.47875435548056,-44389.29869013246,2.8645278981321125,kcal/mol,cal/(mol K),0,C18H25FeN2O2P,GFN2-xTB/ALPB toluene gsolv + qRRHO + 1M,data/campaign/thermochemistry/Fe_bipyridine_pnnoh_iPr__hydrogenated/result.json,550c25921fdf969fd62c314b3c8845a67293573a242dde6f9ad0502a63dec757,data/campaign/thermochemistry/Fe_bipyridine_pnnoh_iPr__hydrogenated/result.json#/attempts/0/native_command,data/datasets/thermochemistry/export_protocol.json,data/campaign/thermochemistry/Fe_bipyridine_pnnoh_iPr__hydrogenated/accepted_geometry.xyz,7d7757e49cf86b6afbdfd11e476eee7d1733be171a7bc151b75d168b32e74de1,data/campaign/thermochemistry/Fe_bipyridine_pnnoh_iPr__hydrogenated/hessian_00.npz,ad7acf53b21ac712628aa6ae0b87528679be3d03e357410ec83d6b2fec2e77bb,1,0,383.15,lowest G383.15 among eligible certificates; same geometry at all T,101325.0,1.0,100.0,0,1
Fe_bipyridine_pnnoh_iPr|hydrogenated,Fe_bipyridine_pnnoh_iPr,hydrogenated,420.0,-44582.510776397605,241.38169693765056,-44309.85460599507,210.60504290227362,200.52897323556323,-44391.12226788378,2.954506870223601,kcal/mol,cal/(mol K),0,C18H25FeN2O2P,GFN2-xTB/ALPB toluene gsolv + qRRHO + 1M,data/campaign/thermochemistry/Fe_bipyridine_pnnoh_iPr__hydrogenated/result.json,550c25921fdf969fd62c314b3c8845a67293573a242dde6f9ad0502a63dec757,data/campaign/thermochemistry/Fe_bipyridine_pnnoh_iPr__hydrogenated/result.json#/attempts/0/native_command,data/datasets/thermochemistry/export_protocol.json,data/campaign/thermochemistry/Fe_bipyridine_pnnoh_iPr__hydrogenated/accepted_geometry.xyz,7d7757e49cf86b6afbdfd11e476eee7d1733be171a7bc151b75d168b32e74de1,data/campaign/thermochemistry/Fe_bipyridine_pnnoh_iPr__hydrogenated/hessian_00.npz,ad7acf53b21ac712628aa6ae0b87528679be3d03e357410ec83d6b2fec2e77bb,1,0,383.15,lowest G383.15 among eligible certificates; same geometry at all T,101325.0,1.0,100.0,0,1
Fe_bipyridine_pnnoh_iPr|hydrogenated,Fe_bipyridine_pnnoh_iPr,hydrogenated,430.0,-44582.510776397605,241.38169693765056,-44308.48740926373,213.82201110721195,203.5657874170463,-44392.97573882216,3.044959030900024,kcal/mol,cal/(mol K),0,C18H25FeN2O2P,GFN2-xTB/ALPB toluene gsolv + qRRHO + 1M,data/campaign/thermochemistry/Fe_bipyridine_pnnoh_iPr__hydrogenated/result.json,550c25921fdf969fd62c314b3c8845a67293573a242dde6f9ad0502a63dec757,data/campaign/thermochemistry/Fe_bipyridine_pnnoh_iPr__hydrogenated/result.json#/attempts/0/native_command,data/datasets/thermochemistry/export_protocol.json,data/campaign/thermochemistry/Fe_bipyridine_pnnoh_iPr__hydrogenated/accepted_geometry.xyz,7d7757e49cf86b6afbdfd11e476eee7d1733be171a7bc151b75d168b32e74de1,data/campaign/thermochemistry/Fe_bipyridine_pnnoh_iPr__hydrogenated/hessian_00.npz,ad7acf53b21ac712628aa6ae0b87528679be3d03e357410ec83d6b2fec2e77bb,1,0,383.15,lowest G383.15 among eligible certificates; same geometry at all T,101325.0,1.0,100.0,0,1
Fe_bipyridine_pnnoh_iPr|hydrogenated,Fe_bipyridine_pnnoh_iPr,hydrogenated,440.0,-44582.510776397605,241.38169693765056,-44307.09579947787,217.0211484564082,206.58876389389587,-44394.858982217425,3.135873373767528,kcal/mol,cal/(mol K),0,C18H25FeN2O2P,GFN2-xTB/ALPB toluene gsolv + qRRHO + 1M,data/campaign/thermochemistry/Fe_bipyridine_pnnoh_iPr__hydrogenated/result.json,550c25921fdf969fd62c314b3c8845a67293573a242dde6f9ad0502a63dec757,data/campaign/thermochemistry/Fe_bipyridine_pnnoh_iPr__hydrogenated/result.json#/attempts/0/native_command,data/datasets/thermochemistry/export_protocol.json,data/campaign/thermochemistry/Fe_bipyridine_pnnoh_iPr__hydrogenated/accepted_geometry.xyz,7d7757e49cf86b6afbdfd11e476eee7d1733be171a7bc151b75d168b32e74de1,data/campaign/thermochemistry/Fe_bipyridine_pnnoh_iPr__hydrogenated/hessian_00.npz,ad7acf53b21ac712628aa6ae0b87528679be3d03e357410ec83d6b2fec2e77bb,1,0,383.15,lowest G383.15 among eligible certificates; same geometry at all T,101325.0,1.0,100.0,0,1
Fe_bipyridine_pnnoh_iPr|protonated_reference,Fe_bipyridine_pnnoh_iPr,protonated_reference,298.15,-44047.02637119936,237.8224593451498,-43792.510478707874,169.79570293662027,162.08724104937414,-43838.94246118125,1.894328445494145,kcal/mol,cal/(mol K),1,C18H24FeN2O2P,GFN2-xTB/ALPB toluene gsolv + qRRHO + 1M,data/campaign/thermochemistry/Fe_bipyridine_pnnoh_iPr__protonated_reference/result.json,0f7f70aeadc4531bed6e4887ee00ecfe5316be39fa1b04ee4b30c1f4fead2396,data/campaign/thermochemistry/Fe_bipyridine_pnnoh_iPr__protonated_reference/result.json#/attempts/0/native_command,data/datasets/thermochemistry/export_protocol.json,data/campaign/thermochemistry/Fe_bipyridine_pnnoh_iPr__protonated_reference/accepted_geometry.xyz,b37ffacf0657895634a931b7041336836ec525e033f18cd0dcbc45c38551f9a3,data/campaign/thermochemistry/Fe_bipyridine_pnnoh_iPr__protonated_reference/hessian_00.npz,fc42287523a76ee84d12b1d88737fdf57131761251363884098e1823587e2132,2,0,383.15,lowest G383.15 among eligible certificates; same geometry at all T,101325.0,1.0,100.0,0,1
Fe_bipyridine_pnnoh_iPr|protonated_reference,Fe_bipyridine_pnnoh_iPr,protonated_reference,340.0,-44047.02637119936,237.8224593451498,-43788.03336166665,183.83074410109523,175.1040120344243,-43845.319752973985,2.248972784367174,kcal/mol,cal/(mol K),1,C18H24FeN2O2P,GFN2-xTB/ALPB toluene gsolv + qRRHO + 1M,data/campaign/thermochemistry/Fe_bipyridine_pnnoh_iPr__protonated_reference/result.json,0f7f70aeadc4531bed6e4887ee00ecfe5316be39fa1b04ee4b30c1f4fead2396,data/campaign/thermochemistry/Fe_bipyridine_pnnoh_iPr__protonated_reference/result.json#/attempts/0/native_command,data/datasets/thermochemistry/export_protocol.json,data/campaign/thermochemistry/Fe_bipyridine_pnnoh_iPr__protonated_reference/accepted_geometry.xyz,b37ffacf0657895634a931b7041336836ec525e033f18cd0dcbc45c38551f9a3,data/campaign/thermochemistry/Fe_bipyridine_pnnoh_iPr__protonated_reference/hessian_00.npz,fc42287523a76ee84d12b1d88737fdf57131761251363884098e1823587e2132,2,0,383.15,lowest G383.15 among eligible certificates; same geometry at all T,101325.0,1.0,100.0,0,1
Fe_bipyridine_pnnoh_iPr|protonated_reference,Fe_bipyridine_pnnoh_iPr,protonated_reference,350.0,-44047.02637119936,237.8224593451498,-43786.89248364304,187.1376799377311,178.18518481220042,-43846.922017829726,2.3352804975836268,kcal/mol,cal/(mol K),1,C18H24FeN2O2P,GFN2-xTB/ALPB toluene gsolv + qRRHO + 1M,data/campaign/thermochemistry/Fe_bipyridine_pnnoh_iPr__protonated_reference/result.json,0f7f70aeadc4531bed6e4887ee00ecfe5316be39fa1b04ee4b30c1f4fead2396,data/campaign/thermochemistry/Fe_bipyridine_pnnoh_iPr__protonated_reference/result.json#/attempts/0/native_command,data/datasets/thermochemistry/export_protocol.json,data/campaign/thermochemistry/Fe_bipyridine_pnnoh_iPr__protonated_reference/accepted_geometry.xyz,b37ffacf0657895634a931b7041336836ec525e033f18cd0dcbc45c38551f9a3,data/campaign/thermochemistry/Fe_bipyridine_pnnoh_iPr__protonated_reference/hessian_00.npz,fc42287523a76ee84d12b1d88737fdf57131761251363884098e1823587e2132,2,0,383.15,lowest G383.15 among eligible certificates; same geometry at all T,101325.0,1.0,100.0,0,1
Fe_bipyridine_pnnoh_iPr|protonated_reference,Fe_bipyridine_pnnoh_iPr,protonated_reference,360.0,-44047.02637119936,237.8224593451498,-43785.72485619535,190.42681313682363,181.25459439167602,-43848.55435411564,2.422156060718619,kcal/mol,cal/(mol K),1,C18H24FeN2O2P,GFN2-xTB/ALPB toluene gsolv + qRRHO + 1M,data/campaign/thermochemistry/Fe_bipyridine_pnnoh_iPr__protonated_reference/result.json,0f7f70aeadc4531bed6e4887ee00ecfe5316be39fa1b04ee4b30c1f4fead2396,data/campaign/thermochemistry/Fe_bipyridine_pnnoh_iPr__protonated_reference/result.json#/attempts/0/native_command,data/datasets/thermochemistry/export_protocol.json,data/campaign/thermochemistry/Fe_bipyridine_pnnoh_iPr__protonated_reference/accepted_geometry.xyz,b37ffacf0657895634a931b7041336836ec525e033f18cd0dcbc45c38551f9a3,data/campaign/thermochemistry/Fe_bipyridine_pnnoh_iPr__protonated_reference/hessian_00.npz,fc42287523a76ee84d12b1d88737fdf57131761251363884098e1823587e2132,2,0,383.15,lowest G383.15 among eligible certificates; same geometry at all T,101325.0,1.0,100.0,0,1
Fe_bipyridine_pnnoh_iPr|protonated_reference,Fe_bipyridine_pnnoh_iPr,protonated_reference,370.0,-44047.02637119936,237.8224593451498,-43784.53084501137,193.6981174278213,184.3119073788136,-43850.21666704549,2.509583696046293,kcal/mol,cal/(mol K),1,C18H24FeN2O2P,GFN2-xTB/ALPB toluene gsolv + qRRHO + 1M,data/campaign/thermochemistry/Fe_bipyridine_pnnoh_iPr__protonated_reference/result.json,0f7f70aeadc4531bed6e4887ee00ecfe5316be39fa1b04ee4b30c1f4fead2396,data/campaign/thermochemistry/Fe_bipyridine_pnnoh_iPr__protonated_reference/result.json#/attempts/0/native_command,data/datasets/thermochemistry/export_protocol.json,data/campaign/thermochemistry/Fe_bipyridine_pnnoh_iPr__protonated_reference/accepted_geometry.xyz,b37ffacf0657895634a931b7041336836ec525e033f18cd0dcbc45c38551f9a3,data/campaign/thermochemistry/Fe_bipyridine_pnnoh_iPr__protonated_reference/hessian_00.npz,fc42287523a76ee84d12b1d88737fdf57131761251363884098e1823587e2132,2,0,383.15,lowest G383.15 among eligible certificates; same geometry at all T,101325.0,1.0,100.0,0,1
Fe_bipyridine_pnnoh_iPr|protonated_reference,Fe_bipyridine_pnnoh_iPr,protonated_reference,380.0,-44047.02637119936,237.8224593451498,-43783.31083484337,196.95151777371615,187.3567638846422,-43851.90885664052,2.597548479011341,kcal/mol,cal/(mol K),1,C18H24FeN2O2P,GFN2-xTB/ALPB toluene gsolv + qRRHO + 1M,data/campaign/thermochemistry/Fe_bipyridine_pnnoh_iPr__protonated_reference/result.json,0f7f70aeadc4531bed6e4887ee00ecfe5316be39fa1b04ee4b30c1f4fead2396,data/campaign/thermochemistry/Fe_bipyridine_pnnoh_iPr__protonated_reference/result.json#/attempts/0/native_command,data/datasets/thermochemistry/export_protocol.json,data/campaign/thermochemistry/Fe_bipyridine_pnnoh_iPr__protonated_reference/accepted_geometry.xyz,b37ffacf0657895634a931b7041336836ec525e033f18cd0dcbc45c38551f9a3,data/campaign/thermochemistry/Fe_bipyridine_pnnoh_iPr__protonated_reference/hessian_00.npz,fc42287523a76ee84d12b1d88737fdf57131761251363884098e1823587e2132,2,0,383.15,lowest G383.15 among eligible certificates; same geometry at all T,101325.0,1.0,100.0,0,1
Fe_bipyridine_pnnoh_iPr|protonated_reference,Fe_bipyridine_pnnoh_iPr,protonated_reference,383.15,-44047.02637119936,237.8224593451498,-43782.92121062106,197.97261373653333,188.31325396347682,-43852.44806752159,2.625366355574337,kcal/mol,cal/(mol K),1,C18H24FeN2O2P,GFN2-xTB/ALPB toluene gsolv + qRRHO + 1M,data/campaign/thermochemistry/Fe_bipyridine_pnnoh_iPr__protonated_reference/result.json,0f7f70aeadc4531bed6e4887ee00ecfe5316be39fa1b04ee4b30c1f4fead2396,data/campaign/thermochemistry/Fe_bipyridine_pnnoh_iPr__protonated_reference/result.json#/attempts/0/native_command,data/datasets/thermochemistry/export_protocol.json,data/campaign/thermochemistry/Fe_bipyridine_pnnoh_iPr__protonated_reference/accepted_geometry.xyz,b37ffacf0657895634a931b7041336836ec525e033f18cd0dcbc45c38551f9a3,data/campaign/thermochemistry/Fe_bipyridine_pnnoh_iPr__protonated_reference/hessian_00.npz,fc42287523a76ee84d12b1d88737fdf57131761251363884098e1823587e2132,2,0,383.15,lowest G383.15 among eligible certificates; same geometry at all T,101325.0,1.0,100.0,0,1
Fe_bipyridine_pnnoh_iPr|protonated_reference,Fe_bipyridine_pnnoh_iPr,protonated_reference,390.0,-44047.02637119936,237.8224593451498,-43782.06522669622,200.1869027449131,190.3887878556156,-43853.630817689074,2.686036270841015,kcal/mol,cal/(mol K),1,C18H24FeN2O2P,GFN2-xTB/ALPB toluene gsolv + qRRHO + 1M,data/campaign/thermochemistry/Fe_bipyridine_pnnoh_iPr__protonated_reference/result.json,0f7f70aeadc4531bed6e4887ee00ecfe5316be39fa1b04ee4b30c1f4fead2396,data/campaign/thermochemistry/Fe_bipyridine_pnnoh_iPr__protonated_reference/result.json#/attempts/0/native_command,data/datasets/thermochemistry/export_protocol.json,data/campaign/thermochemistry/Fe_bipyridine_pnnoh_iPr__protonated_reference/accepted_geometry.xyz,b37ffacf0657895634a931b7041336836ec525e033f18cd0dcbc45c38551f9a3,data/campaign/thermochemistry/Fe_bipyridine_pnnoh_iPr__protonated_reference/hessian_00.npz,fc42287523a76ee84d12b1d88737fdf57131761251363884098e1823587e2132,2,0,383.15,lowest G383.15 among eligible certificates; same geometry at all T,101325.0,1.0,100.0,0,1
Fe_bipyridine_pnnoh_iPr|protonated_reference,Fe_bipyridine_pnnoh_iPr,protonated_reference,400.0,-44047.02637119936,237.8224593451498,-43780.794435054835,203.40413522737884,193.4075959596887,-43855.38243978064,2.775033658072708,kcal/mol,cal/(mol K),1,C18H24FeN2O2P,GFN2-xTB/ALPB toluene gsolv + qRRHO + 1M,data/campaign/thermochemistry/Fe_bipyridine_pnnoh_iPr__protonated_reference/result.json,0f7f70aeadc4531bed6e4887ee00ecfe5316be39fa1b04ee4b30c1f4fead2396,data/campaign/thermochemistry/Fe_bipyridine_pnnoh_iPr__protonated_reference/result.json#/attempts/0/native_command,data/datasets/thermochemistry/export_protocol.json,data/campaign/thermochemistry/Fe_bipyridine_pnnoh_iPr__protonated_reference/accepted_geometry.xyz,b37ffacf0657895634a931b7041336836ec525e033f18cd0dcbc45c38551f9a3,data/campaign/thermochemistry/Fe_bipyridine_pnnoh_iPr__protonated_reference/hessian_00.npz,fc42287523a76ee84d12b1d88737fdf57131761251363884098e1823587e2132,2,0,383.15,lowest G383.15 among eligible certificates; same geometry at all T,101325.0,1.0,100.0,0,1
Fe_bipyridine_pnnoh_iPr|protonated_reference,Fe_bipyridine_pnnoh_iPr,protonated_reference,410.0,-44047.02637119936,237.8224593451498,-43779.498885206376,206.6030615742006,196.41280511027202,-43857.163607403454,2.8645278981321125,kcal/mol,cal/(mol K),1,C18H24FeN2O2P,GFN2-xTB/ALPB toluene gsolv + qRRHO + 1M,data/campaign/thermochemistry/Fe_bipyridine_pnnoh_iPr__protonated_reference/result.json,0f7f70aeadc4531bed6e4887ee00ecfe5316be39fa1b04ee4b30c1f4fead2396,data/campaign/thermochemistry/Fe_bipyridine_pnnoh_iPr__protonated_reference/result.json#/attempts/0/native_command,data/datasets/thermochemistry/export_protocol.json,data/campaign/thermochemistry/Fe_bipyridine_pnnoh_iPr__protonated_reference/accepted_geometry.xyz,b37ffacf0657895634a931b7041336836ec525e033f18cd0dcbc45c38551f9a3,data/campaign/thermochemistry/Fe_bipyridine_pnnoh_iPr__protonated_reference/hessian_00.npz,fc42287523a76ee84d12b1d88737fdf57131761251363884098e1823587e2132,2,0,383.15,lowest G383.15 among eligible certificates; same geometry at all T,101325.0,1.0,100.0,0,1
Fe_bipyridine_pnnoh_iPr|protonated_reference,Fe_bipyridine_pnnoh_iPr,protonated_reference,420.0,-44047.02637119936,237.8224593451498,-43778.17901069877,209.78351932567037,199.40403872973584,-43858.974200095035,2.954506870223601,kcal/mol,cal/(mol K),1,C18H24FeN2O2P,GFN2-xTB/ALPB toluene gsolv + qRRHO + 1M,data/campaign/thermochemistry/Fe_bipyridine_pnnoh_iPr__protonated_reference/result.json,0f7f70aeadc4531bed6e4887ee00ecfe5316be39fa1b04ee4b30c1f4fead2396,data/campaign/thermochemistry/Fe_bipyridine_pnnoh_iPr__protonated_reference/result.json#/attempts/0/native_command,data/datasets/thermochemistry/export_protocol.json,data/campaign/thermochemistry/Fe_bipyridine_pnnoh_iPr__protonated_reference/accepted_geometry.xyz,b37ffacf0657895634a931b7041336836ec525e033f18cd0dcbc45c38551f9a3,data/campaign/thermochemistry/Fe_bipyridine_pnnoh_iPr__protonated_reference/hessian_00.npz,fc42287523a76ee84d12b1d88737fdf57131761251363884098e1823587e2132,2,0,383.15,lowest G383.15 among eligible certificates; same geometry at all T,101325.0,1.0,100.0,0,1
Fe_bipyridine_pnnoh_iPr|protonated_reference,Fe_bipyridine_pnnoh_iPr,protonated_reference,430.0,-44047.02637119936,237.8224593451498,-43776.83525096514,212.94534363102693,202.38093186521837,-43860.81409263628,3.044959030900024,kcal/mol,cal/(mol K),1,C18H24FeN2O2P,GFN2-xTB/ALPB toluene gsolv + qRRHO + 1M,data/campaign/thermochemistry/Fe_bipyridine_pnnoh_iPr__protonated_reference/result.json,0f7f70aeadc4531bed6e4887ee00ecfe5316be39fa1b04ee4b30c1f4fead2396,data/campaign/thermochemistry/Fe_bipyridine_pnnoh_iPr__protonated_reference/result.json#/attempts/0/native_command,data/datasets/thermochemistry/export_protocol.json,data/campaign/thermochemistry/Fe_bipyridine_pnnoh_iPr__protonated_reference/accepted_geometry.xyz,b37ffacf0657895634a931b7041336836ec525e033f18cd0dcbc45c38551f9a3,data/campaign/thermochemistry/Fe_bipyridine_pnnoh_iPr__protonated_reference/hessian_00.npz,fc42287523a76ee84d12b1d88737fdf57131761251363884098e1823587e2132,2,0,383.15,lowest G383.15 among eligible certificates; same geometry at all T,101325.0,1.0,100.0,0,1
Fe_bipyridine_pnnoh_iPr|protonated_reference,Fe_bipyridine_pnnoh_iPr,protonated_reference,440.0,-44047.02637119936,237.8224593451498,-43775.46804913287,216.08837250696607,205.34313527411462,-43862.683155279716,3.135873373767528,kcal/mol,cal/(mol K),1,C18H24FeN2O2P,GFN2-xTB/ALPB toluene gsolv + qRRHO + 1M,data/campaign/thermochemistry/Fe_bipyridine_pnnoh_iPr__protonated_reference/result.json,0f7f70aeadc4531bed6e4887ee00ecfe5316be39fa1b04ee4b30c1f4fead2396,data/campaign/thermochemistry/Fe_bipyridine_pnnoh_iPr__protonated_reference/result.json#/attempts/0/native_command,data/datasets/thermochemistry/export_protocol.json,data/campaign/thermochemistry/Fe_bipyridine_pnnoh_iPr__protonated_reference/accepted_geometry.xyz,b37ffacf0657895634a931b7041336836ec525e033f18cd0dcbc45c38551f9a3,data/campaign/thermochemistry/Fe_bipyridine_pnnoh_iPr__protonated_reference/hessian_00.npz,fc42287523a76ee84d12b1d88737fdf57131761251363884098e1823587e2132,2,0,383.15,lowest G383.15 among eligible certificates; same geometry at all T,101325.0,1.0,100.0,0,1
Fe_macho_pnp_Ph|active,Fe_macho_pnp_Ph,active,298.15,-57780.742280647515,304.01655683583164,-57455.27149436706,217.8231855666311,197.55456856709628,-57512.278060539844,1.894328445494145,kcal/mol,cal/(mol K),0,C29H29FeNOP2,GFN2-xTB/ALPB toluene gsolv + qRRHO + 1M,data/campaign/thermochemistry/Fe_macho_pnp_Ph__active/result.json,9337bb7bac1a8af48fa370f38953992a2f9becaebca900dfcde618638cc88f8c,data/campaign/thermochemistry/Fe_macho_pnp_Ph__active/result.json#/attempts/0/native_command,data/datasets/thermochemistry/export_protocol.json,data/campaign/thermochemistry/Fe_macho_pnp_Ph__active/accepted_geometry.xyz,ec55524bc2bfeb59790d0b4935d6f41cd7fa80fcc1e713213625f7301743a54e,data/campaign/thermochemistry/Fe_macho_pnp_Ph__active/hessian_00.npz,279129ef5b4ae0af7cf90642ed0a17c0799db9d56490254cd20dd380eca0d15e,1,0,383.15,lowest G383.15 among eligible certificates; same geometry at all T,101325.0,1.0,100.0,0,1
Fe_macho_pnp_Ph|active,Fe_macho_pnp_Ph,active,340.0,-57780.742280647515,304.01655683583164,-57449.456480098066,236.05005799448583,213.97186556483592,-57519.957941605746,2.248972784367174,kcal/mol,cal/(mol K),0,C29H29FeNOP2,GFN2-xTB/ALPB toluene gsolv + qRRHO + 1M,data/campaign/thermochemistry/Fe_macho_pnp_Ph__active/result.json,9337bb7bac1a8af48fa370f38953992a2f9becaebca900dfcde618638cc88f8c,data/campaign/thermochemistry/Fe_macho_pnp_Ph__active/result.json#/attempts/0/native_command,data/datasets/thermochemistry/export_protocol.json,data/campaign/thermochemistry/Fe_macho_pnp_Ph__active/accepted_geometry.xyz,ec55524bc2bfeb59790d0b4935d6f41cd7fa80fcc1e713213625f7301743a54e,data/campaign/thermochemistry/Fe_macho_pnp_Ph__active/hessian_00.npz,279129ef5b4ae0af7cf90642ed0a17c0799db9d56490254cd20dd380eca0d15e,1,0,383.15,lowest G383.15 among eligible certificates; same geometry at all T,101325.0,1.0,100.0,0,1
Fe_macho_pnp_Ph|active,Fe_macho_pnp_Ph,active,350.0,-57780.742280647515,304.01655683583164,-57447.96507958418,240.37299068677976,217.89434084602198,-57521.89281838271,2.3352804975836268,kcal/mol,cal/(mol K),0,C29H29FeNOP2,GFN2-xTB/ALPB toluene gsolv + qRRHO + 1M,data/campaign/thermochemistry/Fe_macho_pnp_Ph__active/result.json,9337bb7bac1a8af48fa370f38953992a2f9becaebca900dfcde618638cc88f8c,data/campaign/thermochemistry/Fe_macho_pnp_Ph__active/result.json#/attempts/0/native_command,data/datasets/thermochemistry/export_protocol.json,data/campaign/thermochemistry/Fe_macho_pnp_Ph__active/accepted_geometry.xyz,ec55524bc2bfeb59790d0b4935d6f41cd7fa80fcc1e713213625f7301743a54e,data/campaign/thermochemistry/Fe_macho_pnp_Ph__active/hessian_00.npz,279129ef5b4ae0af7cf90642ed0a17c0799db9d56490254cd20dd380eca0d15e,1,0,383.15,lowest G383.15 among eligible certificates; same geometry at all T,101325.0,1.0,100.0,0,1
Fe_macho_pnp_Ph|active,Fe_macho_pnp_Ph,active,360.0,-57780.742280647515,304.01655683583164,-57446.4353876412,244.6820156515523,221.81385026581395,-57523.86621767617,2.422156060718619,kcal/mol,cal/(mol K),0,C29H29FeNOP2,GFN2-xTB/ALPB toluene gsolv + qRRHO + 1M,data/campaign/thermochemistry/Fe_macho_pnp_Ph__active/result.json,9337bb7bac1a8af48fa370f38953992a2f9becaebca900dfcde618638cc88f8c,data/campaign/thermochemistry/Fe_macho_pnp_Ph__active/result.json#/attempts/0/native_command,data/datasets/thermochemistry/export_protocol.json,data/campaign/thermochemistry/Fe_macho_pnp_Ph__active/accepted_geometry.xyz,ec55524bc2bfeb59790d0b4935d6f41cd7fa80fcc1e713213625f7301743a54e,data/campaign/thermochemistry/Fe_macho_pnp_Ph__active/hessian_00.npz,279129ef5b4ae0af7cf90642ed0a17c0799db9d56490254cd20dd380eca0d15e,1,0,383.15,lowest G383.15 among eligible certificates; same geometry at all T,101325.0,1.0,100.0,0,1
Fe_macho_pnp_Ph|active,Fe_macho_pnp_Ph,active,370.0,-57780.742280647515,304.01655683583164,-57444.86797573373,248.97632937554073,225.72901570378687,-57525.87812784808,2.509583696046293,kcal/mol,cal/(mol K),0,C29H29FeNOP2,GFN2-xTB/ALPB toluene gsolv + qRRHO + 1M,data/campaign/thermochemistry/Fe_macho_pnp_Ph__active/result.json,9337bb7bac1a8af48fa370f38953992a2f9becaebca900dfcde618638cc88f8c,data/campaign/thermochemistry/Fe_macho_pnp_Ph__active/result.json#/attempts/0/native_command,data/datasets/thermochemistry/export_protocol.json,data/campaign/thermochemistry/Fe_macho_pnp_Ph__active/accepted_geometry.xyz,ec55524bc2bfeb59790d0b4935d6f41cd7fa80fcc1e713213625f7301743a54e,data/campaign/thermochemistry/Fe_macho_pnp_Ph__active/hessian_00.npz,279129ef5b4ae0af7cf90642ed0a17c0799db9d56490254cd20dd380eca0d15e,1,0,383.15,lowest G383.15 among eligible certificates; same geometry at all T,101325.0,1.0,100.0,0,1
Fe_macho_pnp_Ph|active,Fe_macho_pnp_Ph,active,380.0,-57780.742280647515,304.01655683583164,-57443.26344821711,253.25510487546094,229.6384791461433,-57527.928521813636,2.597548479011341,kcal/mol,cal/(mol K),0,C29H29FeNOP2,GFN2-xTB/ALPB toluene gsolv + qRRHO + 1M,data/campaign/thermochemistry/Fe_macho_pnp_Ph__active/result.json,9337bb7bac1a8af48fa370f38953992a2f9becaebca900dfcde618638cc88f8c,data/campaign/thermochemistry/Fe_macho_pnp_Ph__active/result.json#/attempts/0/native_command,data/datasets/thermochemistry/export_protocol.json,data/campaign/thermochemistry/Fe_macho_pnp_Ph__active/accepted_geometry.xyz,ec55524bc2bfeb59790d0b4935d6f41cd7fa80fcc1e713213625f7301743a54e,data/campaign/thermochemistry/Fe_macho_pnp_Ph__active/hessian_00.npz,279129ef5b4ae0af7cf90642ed0a17c0799db9d56490254cd20dd380eca0d15e,1,0,383.15,lowest G383.15 among eligible certificates; same geometry at all T,101325.0,1.0,100.0,0,1
Fe_macho_pnp_Ph|active,Fe_macho_pnp_Ph,active,383.15,-57780.742280647515,304.01655683583164,-57442.75043521796,254.59956776998476,230.8685663577557,-57528.582360062355,2.625366355574337,kcal/mol,cal/(mol K),0,C29H29FeNOP2,GFN2-xTB/ALPB toluene gsolv + qRRHO + 1M,data/campaign/thermochemistry/Fe_macho_pnp_Ph__active/result.json,9337bb7bac1a8af48fa370f38953992a2f9becaebca900dfcde618638cc88f8c,data/campaign/thermochemistry/Fe_macho_pnp_Ph__active/result.json#/attempts/0/native_command,data/datasets/thermochemistry/export_protocol.json,data/campaign/thermochemistry/Fe_macho_pnp_Ph__active/accepted_geometry.xyz,ec55524bc2bfeb59790d0b4935d6f41cd7fa80fcc1e713213625f7301743a54e,data/campaign/thermochemistry/Fe_macho_pnp_Ph__active/hessian_00.npz,279129ef5b4ae0af7cf90642ed0a17c0799db9d56490254cd20dd380eca0d15e,1,0,383.15,lowest G383.15 among eligible certificates; same geometry at all T,101325.0,1.0,100.0,0,1
Fe_macho_pnp_Ph|active,Fe_macho_pnp_Ph,active,390.0,-57780.742280647515,304.01655683583164,-57441.62243651425,257.51750926820705,233.54091600876788,-57530.01735748683,2.686036270841015,kcal/mol,cal/(mol K),0,C29H29FeNOP2,GFN2-xTB/ALPB toluene gsolv + qRRHO + 1M,data/campaign/thermochemistry/Fe_macho_pnp_Ph__active/result.json,9337bb7bac1a8af48fa370f38953992a2f9becaebca900dfcde618638cc88f8c,data/campaign/thermochemistry/Fe_macho_pnp_Ph__active/result.json#/attempts/0/native_command,data/datasets/thermochemistry/export_protocol.json,data/campaign/thermochemistry/Fe_macho_pnp_Ph__active/accepted_geometry.xyz,ec55524bc2bfeb59790d0b4935d6f41cd7fa80fcc1e713213625f7301743a54e,data/campaign/thermochemistry/Fe_macho_pnp_Ph__active/hessian_00.npz,279129ef5b4ae0af7cf90642ed0a17c0799db9d56490254cd20dd380eca0d15e,1,0,383.15,lowest G383.15 among eligible certificates; same geometry at all T,101325.0,1.0,100.0,0,1
Fe_macho_pnp_Ph|active,Fe_macho_pnp_Ph,active,400.0,-57780.742280647515,304.01655683583164,-57439.94559366988,261.7627181616825,237.4350457799755,-57532.144578323794,2.775033658072708,kcal/mol,cal/(mol K),0,C29H29FeNOP2,GFN2-xTB/ALPB toluene gsolv + qRRHO + 1M,data/campaign/thermochemistry/Fe_macho_pnp_Ph__active/result.json,9337bb7bac1a8af48fa370f38953992a2f9becaebca900dfcde618638cc88f8c,data/campaign/thermochemistry/Fe_macho_pnp_Ph__active/result.json#/attempts/0/native_command,data/datasets/thermochemistry/export_protocol.json,data/campaign/thermochemistry/Fe_macho_pnp_Ph__active/accepted_geometry.xyz,ec55524bc2bfeb59790d0b4935d6f41cd7fa80fcc1e713213625f7301743a54e,data/campaign/thermochemistry/Fe_macho_pnp_Ph__active/hessian_00.npz,279129ef5b4ae0af7cf90642ed0a17c0799db9d56490254cd20dd380eca0d15e,1,0,383.15,lowest G383.15 among eligible certificates; same geometry at all T,101325.0,1.0,100.0,0,1
Fe_macho_pnp_Ph|active,Fe_macho_pnp_Ph,active,410.0,-57780.742280647515,304.01655683583164,-57438.2335893169,265.9899272501429,241.31964029894604,-57534.310113941334,2.8645278981321125,kcal/mol,cal/(mol K),0,C29H29FeNOP2,GFN2-xTB/ALPB toluene gsolv + qRRHO + 1M,data/campaign/thermochemistry/Fe_macho_pnp_Ph__active/result.json,9337bb7bac1a8af48fa370f38953992a2f9becaebca900dfcde618638cc88f8c,data/campaign/thermochemistry/Fe_macho_pnp_Ph__active/result.json#/attempts/0/native_command,data/datasets/thermochemistry/export_protocol.json,data/campaign/thermochemistry/Fe_macho_pnp_Ph__active/accepted_geometry.xyz,ec55524bc2bfeb59790d0b4935d6f41cd7fa80fcc1e713213625f7301743a54e,data/campaign/thermochemistry/Fe_macho_pnp_Ph__active/hessian_00.npz,279129ef5b4ae0af7cf90642ed0a17c0799db9d56490254cd20dd380eca0d15e,1,0,383.15,lowest G383.15 among eligible certificates; same geometry at all T,101325.0,1.0,100.0,0,1
Fe_macho_pnp_Ph|active,Fe_macho_pnp_Ph,active,420.0,-57780.742280647515,304.01655683583164,-57436.48710507419,270.1983614723981,245.1935299706984,-57536.51388079167,2.954506870223601,kcal/mol,cal/(mol K),0,C29H29FeNOP2,GFN2-xTB/ALPB toluene gsolv + qRRHO + 1M,data/campaign/thermochemistry/Fe_macho_pnp_Ph__active/result.json,9337bb7bac1a8af48fa370f38953992a2f9becaebca900dfcde618638cc88f8c,data/campaign/thermochemistry/Fe_macho_pnp_Ph__active/result.json#/attempts/0/native_command,data/datasets/thermochemistry/export_protocol.json,data/campaign/thermochemistry/Fe_macho_pnp_Ph__active/accepted_geometry.xyz,ec55524bc2bfeb59790d0b4935d6f41cd7fa80fcc1e713213625f7301743a54e,data/campaign/thermochemistry/Fe_macho_pnp_Ph__active/hessian_00.npz,279129ef5b4ae0af7cf90642ed0a17c0799db9d56490254cd20dd380eca0d15e,1,0,383.15,lowest G383.15 among eligible certificates; same geometry at all T,101325.0,1.0,100.0,0,1
Fe_macho_pnp_Ph|active,Fe_macho_pnp_Ph,active,430.0,-57780.742280647515,304.01655683583164,-57434.70683038169,274.3872820631303,249.05560819900154,-57538.75578287636,3.044959030900024,kcal/mol,cal/(mol K),0,C29H29FeNOP2,GFN2-xTB/ALPB toluene gsolv + qRRHO + 1M,data/campaign/thermochemistry/Fe_macho_pnp_Ph__active/result.json,9337bb7bac1a8af48fa370f38953992a2f9becaebca900dfcde618638cc88f8c,data/campaign/thermochemistry/Fe_macho_pnp_Ph__active/result.json#/attempts/0/native_command,data/datasets/thermochemistry/export_protocol.json,data/campaign/thermochemistry/Fe_macho_pnp_Ph__active/accepted_geometry.xyz,ec55524bc2bfeb59790d0b4935d6f41cd7fa80fcc1e713213625f7301743a54e,data/campaign/thermochemistry/Fe_macho_pnp_Ph__active/hessian_00.npz,279129ef5b4ae0af7cf90642ed0a17c0799db9d56490254cd20dd380eca0d15e,1,0,383.15,lowest G383.15 among eligible certificates; same geometry at all T,101325.0,1.0,100.0,0,1
Fe_macho_pnp_Ph|active,Fe_macho_pnp_Ph,active,440.0,-57780.742280647515,304.01655683583164,-57432.89345876807,278.55599179829005,252.9048342965372,-57541.03571248478,3.135873373767528,kcal/mol,cal/(mol K),0,C29H29FeNOP2,GFN2-xTB/ALPB toluene gsolv + qRRHO + 1M,data/campaign/thermochemistry/Fe_macho_pnp_Ph__active/result.json,9337bb7bac1a8af48fa370f38953992a2f9becaebca900dfcde618638cc88f8c,data/campaign/thermochemistry/Fe_macho_pnp_Ph__active/result.json#/attempts/0/native_command,data/datasets/thermochemistry/export_protocol.json,data/campaign/thermochemistry/Fe_macho_pnp_Ph__active/accepted_geometry.xyz,ec55524bc2bfeb59790d0b4935d6f41cd7fa80fcc1e713213625f7301743a54e,data/campaign/thermochemistry/Fe_macho_pnp_Ph__active/hessian_00.npz,279129ef5b4ae0af7cf90642ed0a17c0799db9d56490254cd20dd380eca0d15e,1,0,383.15,lowest G383.15 among eligible certificates; same geometry at all T,101325.0,1.0,100.0,0,1
Fe_macho_pnp_Ph|hydrogenated,Fe_macho_pnp_Ph,hydrogenated,298.15,-58432.80183358034,317.95215725966284,-58093.45228361837,213.48031393681615,195.89574413453522,-58149.96427128658,1.894328445494145,kcal/mol,cal/(mol K),0,C29H31FeNOP2,GFN2-xTB/ALPB toluene gsolv + qRRHO + 1M,data/campaign/thermochemistry/Fe_macho_pnp_Ph__hydrogenated/result.json,ed509aea96d35aea4822ea54ce1513d3a7d34418beac8e5c851781dc2fea9453,data/campaign/thermochemistry/Fe_macho_pnp_Ph__hydrogenated/result.json#/attempts/0/native_command,data/datasets/thermochemistry/export_protocol.json,data/campaign/thermochemistry/Fe_macho_pnp_Ph__hydrogenated/accepted_geometry.xyz,686a75e8d62faf50c535b3956a3841b5f3301084cdbc07fb145921368ddb27fb,data/campaign/thermochemistry/Fe_macho_pnp_Ph__hydrogenated/hessian_00.npz,2c1933b871040979849b3d455e9eabfbc0c9d3398f4bbc9f430047df3d801b33,3,0,383.15,lowest G383.15 among eligible certificates; same geometry at all T,101325.0,1.0,100.0,0,1
Fe_macho_pnp_Ph|hydrogenated,Fe_macho_pnp_Ph,hydrogenated,340.0,-58432.80183358034,317.95215725966284,-58087.55611062809,231.9610872854752,212.68860379280875,-58157.62126313328,2.248972784367174,kcal/mol,cal/(mol K),0,C29H31FeNOP2,GFN2-xTB/ALPB toluene gsolv + qRRHO + 1M,data/campaign/thermochemistry/Fe_macho_pnp_Ph__hydrogenated/result.json,ed509aea96d35aea4822ea54ce1513d3a7d34418beac8e5c851781dc2fea9453,data/campaign/thermochemistry/Fe_macho_pnp_Ph__hydrogenated/result.json#/attempts/0/native_command,data/datasets/thermochemistry/export_protocol.json,data/campaign/thermochemistry/Fe_macho_pnp_Ph__hydrogenated/accepted_geometry.xyz,686a75e8d62faf50c535b3956a3841b5f3301084cdbc07fb145921368ddb27fb,data/campaign/thermochemistry/Fe_macho_pnp_Ph__hydrogenated/hessian_00.npz,2c1933b871040979849b3d455e9eabfbc0c9d3398f4bbc9f430047df3d801b33,3,0,383.15,lowest G383.15 among eligible certificates; same geometry at all T,101325.0,1.0,100.0,0,1
Fe_macho_pnp_Ph|hydrogenated,Fe_macho_pnp_Ph,hydrogenated,350.0,-58432.80183358034,317.95215725966284,-58086.041762480556,236.35052987300048,216.7043667227693,-58159.55301033594,2.3352804975836268,kcal/mol,cal/(mol K),0,C29H31FeNOP2,GFN2-xTB/ALPB toluene gsolv + qRRHO + 1M,data/campaign/thermochemistry/Fe_macho_pnp_Ph__hydrogenated/result.json,ed509aea96d35aea4822ea54ce1513d3a7d34418beac8e5c851781dc2fea9453,data/campaign/thermochemistry/Fe_macho_pnp_Ph__hydrogenated/result.json#/attempts/0/native_command,data/datasets/thermochemistry/export_protocol.json,data/campaign/thermochemistry/Fe_macho_pnp_Ph__hydrogenated/accepted_geometry.xyz,686a75e8d62faf50c535b3956a3841b5f3301084cdbc07fb145921368ddb27fb,data/campaign/thermochemistry/Fe_macho_pnp_Ph__hydrogenated/hessian_00.npz,2c1933b871040979849b3d455e9eabfbc0c9d3398f4bbc9f430047df3d801b33,3,0,383.15,lowest G383.15 among eligible certificates; same geometry at all T,101325.0,1.0,100.0,0,1
Fe_macho_pnp_Ph|hydrogenated,Fe_macho_pnp_Ph,hydrogenated,360.0,-58432.80183358034,317.95215725966284,-58084.48774637175,240.7280690487011,220.71839160307238,-58161.52421128814,2.422156060718619,kcal/mol,cal/(mol K),0,C29H31FeNOP2,GFN2-xTB/ALPB toluene gsolv + qRRHO + 1M,data/campaign/thermochemistry/Fe_macho_pnp_Ph__hydrogenated/result.json,ed509aea96d35aea4822ea54ce1513d3a7d34418beac8e5c851781dc2fea9453,data/campaign/thermochemistry/Fe_macho_pnp_Ph__hydrogenated/result.json#/attempts/0/native_command,data/datasets/thermochemistry/export_protocol.json,data/campaign/thermochemistry/Fe_macho_pnp_Ph__hydrogenated/accepted_geometry.xyz,686a75e8d62faf50c535b3956a3841b5f3301084cdbc07fb145921368ddb27fb,data/campaign/thermochemistry/Fe_macho_pnp_Ph__hydrogenated/hessian_00.npz,2c1933b871040979849b3d455e9eabfbc0c9d3398f4bbc9f430047df3d801b33,3,0,383.15,lowest G383.15 among eligible certificates; same geometry at all T,101325.0,1.0,100.0,0,1
Fe_macho_pnp_Ph|hydrogenated,Fe_macho_pnp_Ph,hydrogenated,370.0,-58432.80183358034,317.95215725966284,-58082.89463660462,245.0927836927865,224.72922694113393,-58163.5348668768,2.509583696046293,kcal/mol,cal/(mol K),0,C29H31FeNOP2,GFN2-xTB/ALPB toluene gsolv + qRRHO + 1M,data/campaign/thermochemistry/Fe_macho_pnp_Ph__hydrogenated/result.json,ed509aea96d35aea4822ea54ce1513d3a7d34418beac8e5c851781dc2fea9453,data/campaign/thermochemistry/Fe_macho_pnp_Ph__hydrogenated/result.json#/attempts/0/native_command,data/datasets/thermochemistry/export_protocol.json,data/campaign/thermochemistry/Fe_macho_pnp_Ph__hydrogenated/accepted_geometry.xyz,686a75e8d62faf50c535b3956a3841b5f3301084cdbc07fb145921368ddb27fb,data/campaign/thermochemistry/Fe_macho_pnp_Ph__hydrogenated/hessian_00.npz,2c1933b871040979849b3d455e9eabfbc0c9d3398f4bbc9f430047df3d801b33,3,0,383.15,lowest G383.15 among eligible certificates; same geometry at all T,101325.0,1.0,100.0,0,1
Fe_macho_pnp_Ph|hydrogenated,Fe_macho_pnp_Ph,hydrogenated,380.0,-58432.80183358034,317.95215725966284,-58081.26304304518,249.44373149682414,228.73543992709108,-58165.58496173847,2.597548479011341,kcal/mol,cal/(mol K),0,C29H31FeNOP2,GFN2-xTB/ALPB toluene gsolv + qRRHO + 1M,data/campaign/thermochemistry/Fe_macho_pnp_Ph__hydrogenated/result.json,ed509aea96d35aea4822ea54ce1513d3a7d34418beac8e5c851781dc2fea9453,data/campaign/thermochemistry/Fe_macho_pnp_Ph__hydrogenated/result.json#/attempts/0/native_command,data/datasets/thermochemistry/export_protocol.json,data/campaign/thermochemistry/Fe_macho_pnp_Ph__hydrogenated/accepted_geometry.xyz,686a75e8d62faf50c535b3956a3841b5f3301084cdbc07fb145921368ddb27fb,data/campaign/thermochemistry/Fe_macho_pnp_Ph__hydrogenated/hessian_00.npz,2c1933b871040979849b3d455e9eabfbc0c9d3398f4bbc9f430047df3d801b33,3,0,383.15,lowest G383.15 among eligible certificates; same geometry at all T,101325.0,1.0,100.0,0,1
Fe_macho_pnp_Ph|hydrogenated,Fe_macho_pnp_Ph,hydrogenated,383.15,-58432.80183358034,317.95215725966284,-58080.74122208319,250.8112774552424,229.99621479861685,-58166.2389054277,2.625366355574337,kcal/mol,cal/(mol K),0,C29H31FeNOP2,GFN2-xTB/ALPB toluene gsolv + qRRHO + 1M,data/campaign/thermochemistry/Fe_macho_pnp_Ph__hydrogenated/result.json,ed509aea96d35aea4822ea54ce1513d3a7d34418beac8e5c851781dc2fea9453,data/campaign/thermochemistry/Fe_macho_pnp_Ph__hydrogenated/result.json#/attempts/0/native_command,data/datasets/thermochemistry/export_protocol.json,data/campaign/thermochemistry/Fe_macho_pnp_Ph__hydrogenated/accepted_geometry.xyz,686a75e8d62faf50c535b3956a3841b5f3301084cdbc07fb145921368ddb27fb,data/campaign/thermochemistry/Fe_macho_pnp_Ph__hydrogenated/hessian_00.npz,2c1933b871040979849b3d455e9eabfbc0c9d3398f4bbc9f430047df3d801b33,3,0,383.15,lowest G383.15 among eligible certificates; same geometry at all T,101325.0,1.0,100.0,0,1
Fe_macho_pnp_Ph|hydrogenated,Fe_macho_pnp_Ph,hydrogenated,390.0,-58432.80183358034,317.95215725966284,-58079.59360506957,253.77996689400274,232.73563052193518,-58167.674464702286,2.686036270841015,kcal/mol,cal/(mol K),0,C29H31FeNOP2,GFN2-xTB/ALPB toluene gsolv + qRRHO + 1M,data/campaign/thermochemistry/Fe_macho_pnp_Ph__hydrogenated/result.json,ed509aea96d35aea4822ea54ce1513d3a7d34418beac8e5c851781dc2fea9453,data/campaign/thermochemistry/Fe_macho_pnp_Ph__hydrogenated/result.json#/attempts/0/native_command,data/datasets/thermochemistry/export_protocol.json,data/campaign/thermochemistry/Fe_macho_pnp_Ph__hydrogenated/accepted_geometry.xyz,686a75e8d62faf50c535b3956a3841b5f3301084cdbc07fb145921368ddb27fb,data/campaign/thermochemistry/Fe_macho_pnp_Ph__hydrogenated/hessian_00.npz,2c1933b871040979849b3d455e9eabfbc0c9d3398f4bbc9f430047df3d801b33,3,0,383.15,lowest G383.15 among eligible certificates; same geometry at all T,101325.0,1.0,100.0,0,1
Fe_macho_pnp_Ph|hydrogenated,Fe_macho_pnp_Ph,hydrogenated,400.0,-58432.80183358034,317.95215725966284,-58077.886985885205,258.1005557724148,236.7284427736352,-58169.80332933659,2.775033658072708,kcal/mol,cal/(mol K),0,C29H31FeNOP2,GFN2-xTB/ALPB toluene gsolv + qRRHO + 1M,data/campaign/thermochemistry/Fe_macho_pnp_Ph__hydrogenated/result.json,ed509aea96d35aea4822ea54ce1513d3a7d34418beac8e5c851781dc2fea9453,data/campaign/thermochemistry/Fe_macho_pnp_Ph__hydrogenated/result.json#/attempts/0/native_command,data/datasets/thermochemistry/export_protocol.json,data/campaign/thermochemistry/Fe_macho_pnp_Ph__hydrogenated/accepted_geometry.xyz,686a75e8d62faf50c535b3956a3841b5f3301084cdbc07fb145921368ddb27fb,data/campaign/thermochemistry/Fe_macho_pnp_Ph__hydrogenated/hessian_00.npz,2c1933b871040979849b3d455e9eabfbc0c9d3398f4bbc9f430047df3d801b33,3,0,383.15,lowest G383.15 among eligible certificates; same geometry at all T,101325.0,1.0,100.0,0,1
Fe_macho_pnp_Ph|hydrogenated,Fe_macho_pnp_Ph,hydrogenated,410.0,-58432.80183358034,317.95215725966284,-58076.143867265884,262.40458734907816,240.71257367954962,-58171.97149457636,2.8645278981321125,kcal/mol,cal/(mol K),0,C29H31FeNOP2,GFN2-xTB/ALPB toluene gsolv + qRRHO + 1M,data/campaign/thermochemistry/Fe_macho_pnp_Ph__hydrogenated/result.json,ed509aea96d35aea4822ea54ce1513d3a7d34418beac8e5c851781dc2fea9453,data/campaign/thermochemistry/Fe_macho_pnp_Ph__hydrogenated/result.json#/attempts/0/native_command,data/datasets/thermochemistry/export_protocol.json,data/campaign/thermochemistry/Fe_macho_pnp_Ph__hydrogenated/accepted_geometry.xyz,686a75e8d62faf50c535b3956a3841b5f3301084cdbc07fb145921368ddb27fb,data/campaign/thermochemistry/Fe_macho_pnp_Ph__hydrogenated/hessian_00.npz,2c1933b871040979849b3d455e9eabfbc0c9d3398f4bbc9f430047df3d801b33,3,0,383.15,lowest G383.15 among eligible certificates; same geometry at all T,101325.0,1.0,100.0,0,1
Fe_macho_pnp_Ph|hydrogenated,Fe_macho_pnp_Ph,hydrogenated,420.0,-58432.80183358034,317.95215725966284,-58074.364944723406,266.6911835604539,244.68677990034513,-58174.17888541133,2.954506870223601,kcal/mol,cal/(mol K),0,C29H31FeNOP2,GFN2-xTB/ALPB toluene gsolv + qRRHO + 1M,data/campaign/thermochemistry/Fe_macho_pnp_Ph__hydrogenated/result.json,ed509aea96d35aea4822ea54ce1513d3a7d34418beac8e5c851781dc2fea9453,data/campaign/thermochemistry/Fe_macho_pnp_Ph__hydrogenated/result.json#/attempts/0/native_command,data/datasets/thermochemistry/export_protocol.json,data/campaign/thermochemistry/Fe_macho_pnp_Ph__hydrogenated/accepted_geometry.xyz,686a75e8d62faf50c535b3956a3841b5f3301084cdbc07fb145921368ddb27fb,data/campaign/thermochemistry/Fe_macho_pnp_Ph__hydrogenated/hessian_00.npz,2c1933b871040979849b3d455e9eabfbc0c9d3398f4bbc9f430047df3d801b33,3,0,383.15,lowest G383.15 among eligible certificates; same geometry at all T,101325.0,1.0,100.0,0,1
Fe_macho_pnp_Ph|hydrogenated,Fe_macho_pnp_Ph,hydrogenated,430.0,-58432.80183358034,317.95215725966284,-58072.550923124756,270.9595062996125,248.6498826124652,-58176.42541361722,3.044959030900024,kcal/mol,cal/(mol K),0,C29H31FeNOP2,GFN2-xTB/ALPB toluene gsolv + qRRHO + 1M,data/campaign/thermochemistry/Fe_macho_pnp_Ph__hydrogenated/result.json,ed509aea96d35aea4822ea54ce1513d3a7d34418beac8e5c851781dc2fea9453,data/campaign/thermochemistry/Fe_macho_pnp_Ph__hydrogenated/result.json#/attempts/0/native_command,data/datasets/thermochemistry/export_protocol.json,data/campaign/thermochemistry/Fe_macho_pnp_Ph__hydrogenated/accepted_geometry.xyz,686a75e8d62faf50c535b3956a3841b5f3301084cdbc07fb145921368ddb27fb,data/campaign/thermochemistry/Fe_macho_pnp_Ph__hydrogenated/hessian_00.npz,2c1933b871040979849b3d455e9eabfbc0c9d3398f4bbc9f430047df3d801b33,3,0,383.15,lowest G383.15 among eligible certificates; same geometry at all T,101325.0,1.0,100.0,0,1
Fe_macho_pnp_Ph|hydrogenated,Fe_macho_pnp_Ph,hydrogenated,440.0,-58432.80183358034,317.95215725966284,-58070.70251275206,275.20876280260177,252.60077076482645,-58178.71097851482,3.135873373767528,kcal/mol,cal/(mol K),0,C29H31FeNOP2,GFN2-xTB/ALPB toluene gsolv + qRRHO + 1M,data/campaign/thermochemistry/Fe_macho_pnp_Ph__hydrogenated/result.json,ed509aea96d35aea4822ea54ce1513d3a7d34418beac8e5c851781dc2fea9453,data/campaign/thermochemistry/Fe_macho_pnp_Ph__hydrogenated/result.json#/attempts/0/native_command,data/datasets/thermochemistry/export_protocol.json,data/campaign/thermochemistry/Fe_macho_pnp_Ph__hydrogenated/accepted_geometry.xyz,686a75e8d62faf50c535b3956a3841b5f3301084cdbc07fb145921368ddb27fb,data/campaign/thermochemistry/Fe_macho_pnp_Ph__hydrogenated/hessian_00.npz,2c1933b871040979849b3d455e9eabfbc0c9d3398f4bbc9f430047df3d801b33,3,0,383.15,lowest G383.15 among eligible certificates; same geometry at all T,101325.0,1.0,100.0,0,1
Fe_macho_pnp_Ph|protonated_reference,Fe_macho_pnp_Ph,protonated_reference,298.15,-57893.56606449851,313.9390267691607,-57558.26316675842,215.98474253776317,196.53294657174936,-57614.965136333296,1.894328445494145,kcal/mol,cal/(mol K),1,C29H30FeNOP2,GFN2-xTB/ALPB toluene gsolv + qRRHO + 1M,data/campaign/thermochemistry/Fe_macho_pnp_Ph__protonated_reference/result.json,3dd697591ce59cfdf268fb2072afe9aaff8796f2d833fd29f9ae68d8279dcc4e,data/campaign/thermochemistry/Fe_macho_pnp_Ph__protonated_reference/result.json#/attempts/0/native_command,data/datasets/thermochemistry/export_protocol.json,data/campaign/thermochemistry/Fe_macho_pnp_Ph__protonated_reference/accepted_geometry.xyz,215d68e400636c6ddb321c0f34a32977da0049a8062dd0cdbd8ab183ed3df0e5,data/campaign/thermochemistry/Fe_macho_pnp_Ph__protonated_reference/hessian_00.npz,95082d26542d976122eed6d386d5b5c76ecf1d19116d3e9103f7c76fca19f7f5,2,0,383.15,lowest G383.15 among eligible certificates; same geometry at all T,101325.0,1.0,100.0,0,1
Fe_macho_pnp_Ph|protonated_reference,Fe_macho_pnp_Ph,protonated_reference,340.0,-57893.56606449851,313.9390267691607,-57552.44108995979,234.23350528821928,213.01635151149543,-57622.61767668934,2.248972784367174,kcal/mol,cal/(mol K),1,C29H30FeNOP2,GFN2-xTB/ALPB toluene gsolv + qRRHO + 1M,data/campaign/thermochemistry/Fe_macho_pnp_Ph__protonated_reference/result.json,3dd697591ce59cfdf268fb2072afe9aaff8796f2d833fd29f9ae68d8279dcc4e,data/campaign/thermochemistry/Fe_macho_pnp_Ph__protonated_reference/result.json#/attempts/0/native_command,data/datasets/thermochemistry/export_protocol.json,data/campaign/thermochemistry/Fe_macho_pnp_Ph__protonated_reference/accepted_geometry.xyz,215d68e400636c6ddb321c0f34a32977da0049a8062dd0cdbd8ab183ed3df0e5,data/campaign/thermochemistry/Fe_macho_pnp_Ph__protonated_reference/hessian_00.npz,95082d26542d976122eed6d386d5b5c76ecf1d19116d3e9103f7c76fca19f7f5,2,0,383.15,lowest G383.15 among eligible certificates; same geometry at all T,101325.0,1.0,100.0,0,1
Fe_macho_pnp_Ph|protonated_reference,Fe_macho_pnp_Ph,protonated_reference,350.0,-57893.56606449851,313.9390267691607,-57550.94677335792,238.56488754756202,216.957020524356,-57624.54645004387,2.3352804975836268,kcal/mol,cal/(mol K),1,C29H30FeNOP2,GFN2-xTB/ALPB toluene gsolv + qRRHO + 1M,data/campaign/thermochemistry/Fe_macho_pnp_Ph__protonated_reference/result.json,3dd697591ce59cfdf268fb2072afe9aaff8796f2d833fd29f9ae68d8279dcc4e,data/campaign/thermochemistry/Fe_macho_pnp_Ph__protonated_reference/result.json#/attempts/0/native_command,data/datasets/thermochemistry/export_protocol.json,data/campaign/thermochemistry/Fe_macho_pnp_Ph__protonated_reference/accepted_geometry.xyz,215d68e400636c6ddb321c0f34a32977da0049a8062dd0cdbd8ab183ed3df0e5,data/campaign/thermochemistry/Fe_macho_pnp_Ph__protonated_reference/hessian_00.npz,95082d26542d976122eed6d386d5b5c76ecf1d19116d3e9103f7c76fca19f7f5,2,0,383.15,lowest G383.15 among eligible certificates; same geometry at all T,101325.0,1.0,100.0,0,1
Fe_macho_pnp_Ph|protonated_reference,Fe_macho_pnp_Ph,protonated_reference,360.0,-57893.56606449851,313.9390267691607,-57549.41366791087,242.88352533772218,220.89560802655294,-57626.51393073971,2.422156060718619,kcal/mol,cal/(mol K),1,C29H30FeNOP2,GFN2-xTB/ALPB toluene gsolv + qRRHO + 1M,data/campaign/thermochemistry/Fe_macho_pnp_Ph__protonated_reference/result.json,3dd697591ce59cfdf268fb2072afe9aaff8796f2d833fd29f9ae68d8279dcc4e,data/campaign/thermochemistry/Fe_macho_pnp_Ph__protonated_reference/result.json#/attempts/0/native_command,data/datasets/thermochemistry/export_protocol.json,data/campaign/thermochemistry/Fe_macho_pnp_Ph__protonated_reference/accepted_geometry.xyz,215d68e400636c6ddb321c0f34a32977da0049a8062dd0cdbd8ab183ed3df0e5,data/campaign/thermochemistry/Fe_macho_pnp_Ph__protonated_reference/hessian_00.npz,95082d26542d976122eed6d386d5b5c76ecf1d19116d3e9103f7c76fca19f7f5,2,0,383.15,lowest G383.15 among eligible certificates; same geometry at all T,101325.0,1.0,100.0,0,1
Fe_macho_pnp_Ph|protonated_reference,Fe_macho_pnp_Ph,protonated_reference,370.0,-57893.56606449851,313.9390267691607,-57547.842338226845,247.18857019597246,224.83070656601674,-57628.52011596022,2.509583696046293,kcal/mol,cal/(mol K),1,C29H30FeNOP2,GFN2-xTB/ALPB toluene gsolv + qRRHO + 1M,data/campaign/thermochemistry/Fe_macho_pnp_Ph__protonated_reference/result.json,3dd697591ce59cfdf268fb2072afe9aaff8796f2d833fd29f9ae68d8279dcc4e,data/campaign/thermochemistry/Fe_macho_pnp_Ph__protonated_reference/result.json#/attempts/0/native_command,data/datasets/thermochemistry/export_protocol.json,data/campaign/thermochemistry/Fe_macho_pnp_Ph__protonated_reference/accepted_geometry.xyz,215d68e400636c6ddb321c0f34a32977da0049a8062dd0cdbd8ab183ed3df0e5,data/campaign/thermochemistry/Fe_macho_pnp_Ph__protonated_reference/hessian_00.npz,95082d26542d976122eed6d386d5b5c76ecf1d19116d3e9103f7c76fca19f7f5,2,0,383.15,lowest G383.15 among eligible certificates; same geometry at all T,101325.0,1.0,100.0,0,1
Fe_macho_pnp_Ph|protonated_reference,Fe_macho_pnp_Ph,protonated_reference,380.0,-57893.56606449851,313.9390267691607,-57546.23338394866,251.47914806618667,228.76092539130025,-57630.56498711834,2.597548479011341,kcal/mol,cal/(mol K),1,C29H30FeNOP2,GFN2-xTB/ALPB toluene gsolv + qRRHO + 1M,data/campaign/thermochemistry/Fe_macho_pnp_Ph__protonated_reference/result.json,3dd697591ce59cfdf268fb2072afe9aaff8796f2d833fd29f9ae68d8279dcc4e,data/campaign/thermochemistry/Fe_macho_pnp_Ph__protonated_reference/result.json#/attempts/0/native_command,data/datasets/thermochemistry/export_protocol.json,data/campaign/thermochemistry/Fe_macho_pnp_Ph__protonated_reference/accepted_geometry.xyz,215d68e400636c6ddb321c0f34a32977da0049a8062dd0cdbd8ab183ed3df0e5,data/campaign/thermochemistry/Fe_macho_pnp_Ph__protonated_reference/hessian_00.npz,95082d26542d976122eed6d386d5b5c76ecf1d19116d3e9103f7c76fca19f7f5,2,0,383.15,lowest G383.15 among eligible certificates; same geometry at all T,101325.0,1.0,100.0,0,1
Fe_macho_pnp_Ph|protonated_reference,Fe_macho_pnp_Ph,protonated_reference,383.15,-57893.56606449851,313.9390267691607,-57545.71887060498,252.8275428695045,229.99771528620118,-57631.21712886131,2.625366355574337,kcal/mol,cal/(mol K),1,C29H30FeNOP2,GFN2-xTB/ALPB toluene gsolv + qRRHO + 1M,data/campaign/thermochemistry/Fe_macho_pnp_Ph__protonated_reference/result.json,3dd697591ce59cfdf268fb2072afe9aaff8796f2d833fd29f9ae68d8279dcc4e,data/campaign/thermochemistry/Fe_macho_pnp_Ph__protonated_reference/result.json#/attempts/0/native_command,data/datasets/thermochemistry/export_protocol.json,data/campaign/thermochemistry/Fe_macho_pnp_Ph__protonated_reference/accepted_geometry.xyz,215d68e400636c6ddb321c0f34a32977da0049a8062dd0cdbd8ab183ed3df0e5,data/campaign/thermochemistry/Fe_macho_pnp_Ph__protonated_reference/hessian_00.npz,95082d26542d976122eed6d386d5b5c76ecf1d19116d3e9103f7c76fca19f7f5,2,0,383.15,lowest G383.15 among eligible certificates; same geometry at all T,101325.0,1.0,100.0,0,1
Fe_macho_pnp_Ph|protonated_reference,Fe_macho_pnp_Ph,protonated_reference,390.0,-57893.56606449851,313.9390267691607,-57544.58743368387,255.75437773126936,232.6849047741362,-57632.64851027494,2.686036270841015,kcal/mol,cal/(mol K),1,C29H30FeNOP2,GFN2-xTB/ALPB toluene gsolv + qRRHO + 1M,data/campaign/thermochemistry/Fe_macho_pnp_Ph__protonated_reference/result.json,3dd697591ce59cfdf268fb2072afe9aaff8796f2d833fd29f9ae68d8279dcc4e,data/campaign/thermochemistry/Fe_macho_pnp_Ph__protonated_reference/result.json#/attempts/0/native_command,data/datasets/thermochemistry/export_protocol.json,data/campaign/thermochemistry/Fe_macho_pnp_Ph__protonated_reference/accepted_geometry.xyz,215d68e400636c6ddb321c0f34a32977da0049a8062dd0cdbd8ab183ed3df0e5,data/campaign/thermochemistry/Fe_macho_pnp_Ph__protonated_reference/hessian_00.npz,95082d26542d976122eed6d386d5b5c76ecf1d19116d3e9103f7c76fca19f7f5,2,0,383.15,lowest G383.15 among eligible certificates; same geometry at all T,101325.0,1.0,100.0,0,1
Fe_macho_pnp_Ph|protonated_reference,Fe_macho_pnp_Ph,protonated_reference,400.0,-57893.56606449851,313.9390267691607,-57542.90513932059,260.0133859351079,236.60132750263824,-57634.77063666357,2.775033658072708,kcal/mol,cal/(mol K),1,C29H30FeNOP2,GFN2-xTB/ALPB toluene gsolv + qRRHO + 1M,data/campaign/thermochemistry/Fe_macho_pnp_Ph__protonated_reference/result.json,3dd697591ce59cfdf268fb2072afe9aaff8796f2d833fd29f9ae68d8279dcc4e,data/campaign/thermochemistry/Fe_macho_pnp_Ph__protonated_reference/result.json#/attempts/0/native_command,data/datasets/thermochemistry/export_protocol.json,data/campaign/thermochemistry/Fe_macho_pnp_Ph__protonated_reference/accepted_geometry.xyz,215d68e400636c6ddb321c0f34a32977da0049a8062dd0cdbd8ab183ed3df0e5,data/campaign/thermochemistry/Fe_macho_pnp_Ph__protonated_reference/hessian_00.npz,95082d26542d976122eed6d386d5b5c76ecf1d19116d3e9103f7c76fca19f7f5,2,0,383.15,lowest G383.15 among eligible certificates; same geometry at all T,101325.0,1.0,100.0,0,1
Fe_macho_pnp_Ph|protonated_reference,Fe_macho_pnp_Ph,protonated_reference,410.0,-57893.56606449851,313.9390267691607,-57541.187170768884,264.255319586266,240.5089278722244,-57636.93130329836,2.8645278981321125,kcal/mol,cal/(mol K),1,C29H30FeNOP2,GFN2-xTB/ALPB toluene gsolv + qRRHO + 1M,data/campaign/thermochemistry/Fe_macho_pnp_Ph__protonated_reference/result.json,3dd697591ce59cfdf268fb2072afe9aaff8796f2d833fd29f9ae68d8279dcc4e,data/campaign/thermochemistry/Fe_macho_pnp_Ph__protonated_reference/result.json#/attempts/0/native_command,data/datasets/thermochemistry/export_protocol.json,data/campaign/thermochemistry/Fe_macho_pnp_Ph__protonated_reference/accepted_geometry.xyz,215d68e400636c6ddb321c0f34a32977da0049a8062dd0cdbd8ab183ed3df0e5,data/campaign/thermochemistry/Fe_macho_pnp_Ph__protonated_reference/hessian_00.npz,95082d26542d976122eed6d386d5b5c76ecf1d19116d3e9103f7c76fca19f7f5,2,0,383.15,lowest G383.15 among eligible certificates; same geometry at all T,101325.0,1.0,100.0,0,1
Fe_macho_pnp_Ph|protonated_reference,Fe_macho_pnp_Ph,protonated_reference,420.0,-57893.56606449851,313.9390267691607,-57539.4342111494,268.47935541277707,244.40649848839482,-57639.1304336443,2.954506870223601,kcal/mol,cal/(mol K),1,C29H30FeNOP2,GFN2-xTB/ALPB toluene gsolv + qRRHO + 1M,data/campaign/thermochemistry/Fe_macho_pnp_Ph__protonated_reference/result.json,3dd697591ce59cfdf268fb2072afe9aaff8796f2d833fd29f9ae68d8279dcc4e,data/campaign/thermochemistry/Fe_macho_pnp_Ph__protonated_reference/result.json#/attempts/0/native_command,data/datasets/thermochemistry/export_protocol.json,data/campaign/thermochemistry/Fe_macho_pnp_Ph__protonated_reference/accepted_geometry.xyz,215d68e400636c6ddb321c0f34a32977da0049a8062dd0cdbd8ab183ed3df0e5,data/campaign/thermochemistry/Fe_macho_pnp_Ph__protonated_reference/hessian_00.npz,95082d26542d976122eed6d386d5b5c76ecf1d19116d3e9103f7c76fca19f7f5,2,0,383.15,lowest G383.15 among eligible certificates; same geometry at all T,101325.0,1.0,100.0,0,1
Fe_macho_pnp_Ph|protonated_reference,Fe_macho_pnp_Ph,protonated_reference,430.0,-57893.56606449851,313.9390267691607,-57537.64695243679,272.6847074104971,248.29289517684813,-57641.36793833194,3.044959030900024,kcal/mol,cal/(mol K),1,C29H30FeNOP2,GFN2-xTB/ALPB toluene gsolv + qRRHO + 1M,data/campaign/thermochemistry/Fe_macho_pnp_Ph__protonated_reference/result.json,3dd697591ce59cfdf268fb2072afe9aaff8796f2d833fd29f9ae68d8279dcc4e,data/campaign/thermochemistry/Fe_macho_pnp_Ph__protonated_reference/result.json#/attempts/0/native_command,data/datasets/thermochemistry/export_protocol.json,data/campaign/thermochemistry/Fe_macho_pnp_Ph__protonated_reference/accepted_geometry.xyz,215d68e400636c6ddb321c0f34a32977da0049a8062dd0cdbd8ab183ed3df0e5,data/campaign/thermochemistry/Fe_macho_pnp_Ph__protonated_reference/hessian_00.npz,95082d26542d976122eed6d386d5b5c76ecf1d19116d3e9103f7c76fca19f7f5,2,0,383.15,lowest G383.15 among eligible certificates; same geometry at all T,101325.0,1.0,100.0,0,1
Fe_macho_pnp_Ph|protonated_reference,Fe_macho_pnp_Ph,protonated_reference,440.0,-57893.56606449851,313.9390267691607,-57535.82609155379,276.87063239838966,252.16704027422992,-57643.64371590069,3.135873373767528,kcal/mol,cal/(mol K),1,C29H30FeNOP2,GFN2-xTB/ALPB toluene gsolv + qRRHO + 1M,data/campaign/thermochemistry/Fe_macho_pnp_Ph__protonated_reference/result.json,3dd697591ce59cfdf268fb2072afe9aaff8796f2d833fd29f9ae68d8279dcc4e,data/campaign/thermochemistry/Fe_macho_pnp_Ph__protonated_reference/result.json#/attempts/0/native_command,data/datasets/thermochemistry/export_protocol.json,data/campaign/thermochemistry/Fe_macho_pnp_Ph__protonated_reference/accepted_geometry.xyz,215d68e400636c6ddb321c0f34a32977da0049a8062dd0cdbd8ab183ed3df0e5,data/campaign/thermochemistry/Fe_macho_pnp_Ph__protonated_reference/hessian_00.npz,95082d26542d976122eed6d386d5b5c76ecf1d19116d3e9103f7c76fca19f7f5,2,0,383.15,lowest G383.15 among eligible certificates; same geometry at all T,101325.0,1.0,100.0,0,1
Fe_macho_pnp_iPr|active,Fe_macho_pnp_iPr,active,298.15,-44251.169027918884,317.10505933902516,-43914.44836798244,189.6835921769729,181.02099761021924,-43966.52544997443,1.894328445494145,kcal/mol,cal/(mol K),0,C17H37FeNOP2,GFN2-xTB/ALPB toluene gsolv + qRRHO + 1M,data/campaign/thermochemistry_identity_replacements/Fe_macho_pnp_iPr__active/result.json,47b14eed972d6ef3db8ae2e40708953e5f44bf6d28a9400eafb92952db4adbf1,data/campaign/thermochemistry_identity_replacements/Fe_macho_pnp_iPr__active/result.json#/attempts/0/native_command,data/datasets/thermochemistry/export_protocol.json,data/campaign/thermochemistry_identity_replacements/Fe_macho_pnp_iPr__active/accepted_geometry.xyz,482211776866964d0723ae4e386827f05a91295f37e5023cc616450bc494ab12,data/campaign/thermochemistry_identity_replacements/Fe_macho_pnp_iPr__active/hessian_00.npz,0120cbd75eb2d6c4ee38ce2d6116434b7cebd0cda92d23063a9a354254e42018,7,0,383.15,lowest G383.15 among eligible certificates; same geometry at all T,101325.0,1.0,100.0,0,1
Fe_macho_pnp_iPr|active,Fe_macho_pnp_iPr,active,340.0,-44251.169027918884,317.10505933902516,-43909.33769103368,205.70532199477623,195.85807385320203,-43973.68046335941,2.248972784367174,kcal/mol,cal/(mol K),0,C17H37FeNOP2,GFN2-xTB/ALPB toluene gsolv + qRRHO + 1M,data/campaign/thermochemistry_identity_replacements/Fe_macho_pnp_iPr__active/result.json,47b14eed972d6ef3db8ae2e40708953e5f44bf6d28a9400eafb92952db4adbf1,data/campaign/thermochemistry_identity_replacements/Fe_macho_pnp_iPr__active/result.json#/attempts/0/native_command,data/datasets/thermochemistry/export_protocol.json,data/campaign/thermochemistry_identity_replacements/Fe_macho_pnp_iPr__active/accepted_geometry.xyz,482211776866964d0723ae4e386827f05a91295f37e5023cc616450bc494ab12,data/campaign/thermochemistry_identity_replacements/Fe_macho_pnp_iPr__active/hessian_00.npz,0120cbd75eb2d6c4ee38ce2d6116434b7cebd0cda92d23063a9a354254e42018,7,0,383.15,lowest G383.15 among eligible certificates; same geometry at all T,101325.0,1.0,100.0,0,1
Fe_macho_pnp_iPr|active,Fe_macho_pnp_iPr,active,350.0,-44251.169027918884,317.10505933902516,-43908.03729001212,209.47465198898777,199.36459419367532,-43975.47961748233,2.3352804975836268,kcal/mol,cal/(mol K),0,C17H37FeNOP2,GFN2-xTB/ALPB toluene gsolv + qRRHO + 1M,data/campaign/thermochemistry_identity_replacements/Fe_macho_pnp_iPr__active/result.json,47b14eed972d6ef3db8ae2e40708953e5f44bf6d28a9400eafb92952db4adbf1,data/campaign/thermochemistry_identity_replacements/Fe_macho_pnp_iPr__active/result.json#/attempts/0/native_command,data/datasets/thermochemistry/export_protocol.json,data/campaign/thermochemistry_identity_replacements/Fe_macho_pnp_iPr__active/accepted_geometry.xyz,482211776866964d0723ae4e386827f05a91295f37e5023cc616450bc494ab12,data/campaign/thermochemistry_identity_replacements/Fe_macho_pnp_iPr__active/hessian_00.npz,0120cbd75eb2d6c4ee38ce2d6116434b7cebd0cda92d23063a9a354254e42018,7,0,383.15,lowest G383.15 among eligible certificates; same geometry at all T,101325.0,1.0,100.0,0,1
Fe_macho_pnp_iPr|active,Fe_macho_pnp_iPr,active,360.0,-44251.169027918884,317.10505933902516,-43906.70668313312,213.22288924045355,202.85700454228845,-43977.31304870762,2.422156060718619,kcal/mol,cal/(mol K),0,C17H37FeNOP2,GFN2-xTB/ALPB toluene gsolv + qRRHO + 1M,data/campaign/thermochemistry_identity_replacements/Fe_macho_pnp_iPr__active/result.json,47b14eed972d6ef3db8ae2e40708953e5f44bf6d28a9400eafb92952db4adbf1,data/campaign/thermochemistry_identity_replacements/Fe_macho_pnp_iPr__active/result.json#/attempts/0/native_command,data/datasets/thermochemistry/export_protocol.json,data/campaign/thermochemistry_identity_replacements/Fe_macho_pnp_iPr__active/accepted_geometry.xyz,482211776866964d0723ae4e386827f05a91295f37e5023cc616450bc494ab12,data/campaign/thermochemistry_identity_replacements/Fe_macho_pnp_iPr__active/hessian_00.npz,0120cbd75eb2d6c4ee38ce2d6116434b7cebd0cda92d23063a9a354254e42018,7,0,383.15,lowest G383.15 among eligible certificates; same geometry at all T,101325.0,1.0,100.0,0,1
Fe_macho_pnp_iPr|active,Fe_macho_pnp_iPr,active,370.0,-44251.169027918884,317.10505933902516,-43905.34610804819,216.9505387388866,206.33545876167733,-43979.18064409396,2.509583696046293,kcal/mol,cal/(mol K),0,C17H37FeNOP2,GFN2-xTB/ALPB toluene gsolv + qRRHO + 1M,data/campaign/thermochemistry_identity_replacements/Fe_macho_pnp_iPr__active/result.json,47b14eed972d6ef3db8ae2e40708953e5f44bf6d28a9400eafb92952db4adbf1,data/campaign/thermochemistry_identity_replacements/Fe_macho_pnp_iPr__active/result.json#/attempts/0/native_command,data/datasets/thermochemistry/export_protocol.json,data/campaign/thermochemistry_identity_replacements/Fe_macho_pnp_iPr__active/accepted_geometry.xyz,482211776866964d0723ae4e386827f05a91295f37e5023cc616450bc494ab12,data/campaign/thermochemistry_identity_replacements/Fe_macho_pnp_iPr__active/hessian_00.npz,0120cbd75eb2d6c4ee38ce2d6116434b7cebd0cda92d23063a9a354254e42018,7,0,383.15,lowest G383.15 among eligible certificates; same geometry at all T,101325.0,1.0,100.0,0,1
Fe_macho_pnp_iPr|active,Fe_macho_pnp_iPr,active,380.0,-44251.169027918884,317.10505933902516,-43903.95583577534,220.6579760447354,209.80000631367565,-43981.08228969553,2.597548479011341,kcal/mol,cal/(mol K),0,C17H37FeNOP2,GFN2-xTB/ALPB toluene gsolv + qRRHO + 1M,data/campaign/thermochemistry_identity_replacements/Fe_macho_pnp_iPr__active/result.json,47b14eed972d6ef3db8ae2e40708953e5f44bf6d28a9400eafb92952db4adbf1,data/campaign/thermochemistry_identity_replacements/Fe_macho_pnp_iPr__active/result.json#/attempts/0/native_command,data/datasets/thermochemistry/export_protocol.json,data/campaign/thermochemistry_identity_replacements/Fe_macho_pnp_iPr__active/accepted_geometry.xyz,482211776866964d0723ae4e386827f05a91295f37e5023cc616450bc494ab12,data/campaign/thermochemistry_identity_replacements/Fe_macho_pnp_iPr__active/hessian_00.npz,0120cbd75eb2d6c4ee38ce2d6116434b7cebd0cda92d23063a9a354254e42018,7,0,383.15,lowest G383.15 among eligible certificates; same geometry at all T,101325.0,1.0,100.0,0,1
Fe_macho_pnp_iPr|active,Fe_macho_pnp_iPr,active,383.15,-44251.169027918884,317.10505933902516,-43903.51179669057,221.8216780775436,210.8884549655712,-43981.68834185505,2.625366355574337,kcal/mol,cal/(mol K),0,C17H37FeNOP2,GFN2-xTB/ALPB toluene gsolv + qRRHO + 1M,data/campaign/thermochemistry_identity_replacements/Fe_macho_pnp_iPr__active/result.json,47b14eed972d6ef3db8ae2e40708953e5f44bf6d28a9400eafb92952db4adbf1,data/campaign/thermochemistry_identity_replacements/Fe_macho_pnp_iPr__active/result.json#/attempts/0/native_command,data/datasets/thermochemistry/export_protocol.json,data/campaign/thermochemistry_identity_replacements/Fe_macho_pnp_iPr__active/accepted_geometry.xyz,482211776866964d0723ae4e386827f05a91295f37e5023cc616450bc494ab12,data/campaign/thermochemistry_identity_replacements/Fe_macho_pnp_iPr__active/hessian_00.npz,0120cbd75eb2d6c4ee38ce2d6116434b7cebd0cda92d23063a9a354254e42018,7,0,383.15,lowest G383.15 among eligible certificates; same geometry at all T,101325.0,1.0,100.0,0,1
Fe_macho_pnp_iPr|active,Fe_macho_pnp_iPr,active,390.0,-44251.169027918884,317.10505933902516,-43902.53616723738,224.3454697334052,213.25061246557698,-43983.01786982811,2.686036270841015,kcal/mol,cal/(mol K),0,C17H37FeNOP2,GFN2-xTB/ALPB toluene gsolv + qRRHO + 1M,data/campaign/thermochemistry_identity_replacements/Fe_macho_pnp_iPr__active/result.json,47b14eed972d6ef3db8ae2e40708953e5f44bf6d28a9400eafb92952db4adbf1,data/campaign/thermochemistry_identity_replacements/Fe_macho_pnp_iPr__active/result.json#/attempts/0/native_command,data/datasets/thermochemistry/export_protocol.json,data/campaign/thermochemistry_identity_replacements/Fe_macho_pnp_iPr__active/accepted_geometry.xyz,482211776866964d0723ae4e386827f05a91295f37e5023cc616450bc494ab12,data/campaign/thermochemistry_identity_replacements/Fe_macho_pnp_iPr__active/hessian_00.npz,0120cbd75eb2d6c4ee38ce2d6116434b7cebd0cda92d23063a9a354254e42018,7,0,383.15,lowest G383.15 among eligible certificates; same geometry at all T,101325.0,1.0,100.0,0,1
Fe_macho_pnp_iPr|active,Fe_macho_pnp_iPr,active,400.0,-44251.169027918884,317.10505933902516,-43901.087429701845,228.0132012474,216.68717613747577,-43984.98726649876,2.775033658072708,kcal/mol,cal/(mol K),0,C17H37FeNOP2,GFN2-xTB/ALPB toluene gsolv + qRRHO + 1M,data/campaign/thermochemistry_identity_replacements/Fe_macho_pnp_iPr__active/result.json,47b14eed972d6ef3db8ae2e40708953e5f44bf6d28a9400eafb92952db4adbf1,data/campaign/thermochemistry_identity_replacements/Fe_macho_pnp_iPr__active/result.json#/attempts/0/native_command,data/datasets/thermochemistry/export_protocol.json,data/campaign/thermochemistry_identity_replacements/Fe_macho_pnp_iPr__active/accepted_geometry.xyz,482211776866964d0723ae4e386827f05a91295f37e5023cc616450bc494ab12,data/campaign/thermochemistry_identity_replacements/Fe_macho_pnp_iPr__active/hessian_00.npz,0120cbd75eb2d6c4ee38ce2d6116434b7cebd0cda92d23063a9a354254e42018,7,0,383.15,lowest G383.15 among eligible certificates; same geometry at all T,101325.0,1.0,100.0,0,1
Fe_macho_pnp_iPr|active,Fe_macho_pnp_iPr,active,410.0,-44251.169027918884,317.10505933902516,-43899.60997323099,231.6612822726337,220.10954548027127,-43986.99035897976,2.8645278981321125,kcal/mol,cal/(mol K),0,C17H37FeNOP2,GFN2-xTB/ALPB toluene gsolv + qRRHO + 1M,data/campaign/thermochemistry_identity_replacements/Fe_macho_pnp_iPr__active/result.json,47b14eed972d6ef3db8ae2e40708953e5f44bf6d28a9400eafb92952db4adbf1,data/campaign/thermochemistry_identity_replacements/Fe_macho_pnp_iPr__active/result.json#/attempts/0/native_command,data/datasets/thermochemistry/export_protocol.json,data/campaign/thermochemistry_identity_replacements/Fe_macho_pnp_iPr__active/accepted_geometry.xyz,482211776866964d0723ae4e386827f05a91295f37e5023cc616450bc494ab12,data/campaign/thermochemistry_identity_replacements/Fe_macho_pnp_iPr__active/hessian_00.npz,0120cbd75eb2d6c4ee38ce2d6116434b7cebd0cda92d23063a9a354254e42018,7,0,383.15,lowest G383.15 among eligible certificates; same geometry at all T,101325.0,1.0,100.0,0,1
Fe_macho_pnp_iPr|active,Fe_macho_pnp_iPr,active,420.0,-44251.169027918884,317.10505933902516,-43898.10416722491,235.28976979593995,223.51753131781794,-43989.02702350818,2.954506870223601,kcal/mol,cal/(mol K),0,C17H37FeNOP2,GFN2-xTB/ALPB toluene gsolv + qRRHO + 1M,data/campaign/thermochemistry_identity_replacements/Fe_macho_pnp_iPr__active/result.json,47b14eed972d6ef3db8ae2e40708953e5f44bf6d28a9400eafb92952db4adbf1,data/campaign/thermochemistry_identity_replacements/Fe_macho_pnp_iPr__active/result.json#/attempts/0/native_command,data/datasets/thermochemistry/export_protocol.json,data/campaign/thermochemistry_identity_replacements/Fe_macho_pnp_iPr__active/accepted_geometry.xyz,482211776866964d0723ae4e386827f05a91295f37e5023cc616450bc494ab12,data/campaign/thermochemistry_identity_replacements/Fe_macho_pnp_iPr__active/hessian_00.npz,0120cbd75eb2d6c4ee38ce2d6116434b7cebd0cda92d23063a9a354254e42018,7,0,383.15,lowest G383.15 among eligible certificates; same geometry at all T,101325.0,1.0,100.0,0,1
Fe_macho_pnp_iPr|active,Fe_macho_pnp_iPr,active,430.0,-44251.169027918884,317.10505933902516,-43896.57039712017,238.89867902541226,226.91091861410646,-43991.09713309334,3.044959030900024,kcal/mol,cal/(mol K),0,C17H37FeNOP2,GFN2-xTB/ALPB toluene gsolv + qRRHO + 1M,data/campaign/thermochemistry_identity_replacements/Fe_macho_pnp_iPr__active/result.json,47b14eed972d6ef3db8ae2e40708953e5f44bf6d28a9400eafb92952db4adbf1,data/campaign/thermochemistry_identity_replacements/Fe_macho_pnp_iPr__active/result.json#/attempts/0/native_command,data/datasets/thermochemistry/export_protocol.json,data/campaign/thermochemistry_identity_replacements/Fe_macho_pnp_iPr__active/accepted_geometry.xyz,482211776866964d0723ae4e386827f05a91295f37e5023cc616450bc494ab12,data/campaign/thermochemistry_identity_replacements/Fe_macho_pnp_iPr__active/hessian_00.npz,0120cbd75eb2d6c4ee38ce2d6116434b7cebd0cda92d23063a9a354254e42018,7,0,383.15,lowest G383.15 among eligible certificates; same geometry at all T,101325.0,1.0,100.0,0,1
Fe_macho_pnp_iPr|active,Fe_macho_pnp_iPr,active,440.0,-44251.169027918884,317.10505933902516,-43895.00906128745,242.48799436746526,230.28947614110322,-43993.20055741577,3.135873373767528,kcal/mol,cal/(mol K),0,C17H37FeNOP2,GFN2-xTB/ALPB toluene gsolv + qRRHO + 1M,data/campaign/thermochemistry_identity_replacements/Fe_macho_pnp_iPr__active/result.json,47b14eed972d6ef3db8ae2e40708953e5f44bf6d28a9400eafb92952db4adbf1,data/campaign/thermochemistry_identity_replacements/Fe_macho_pnp_iPr__active/result.json#/attempts/0/native_command,data/datasets/thermochemistry/export_protocol.json,data/campaign/thermochemistry_identity_replacements/Fe_macho_pnp_iPr__active/accepted_geometry.xyz,482211776866964d0723ae4e386827f05a91295f37e5023cc616450bc494ab12,data/campaign/thermochemistry_identity_replacements/Fe_macho_pnp_iPr__active/hessian_00.npz,0120cbd75eb2d6c4ee38ce2d6116434b7cebd0cda92d23063a9a354254e42018,7,0,383.15,lowest G383.15 among eligible certificates; same geometry at all T,101325.0,1.0,100.0,0,1
Fe_macho_pnp_iPr|hydrogenated,Fe_macho_pnp_iPr,hydrogenated,298.15,-44903.00283218051,330.6311957067743,-44552.581822094675,191.40042063027605,182.3346868112303,-44605.05058052195,1.894328445494145,kcal/mol,cal/(mol K),0,C17H39FeNOP2,GFN2-xTB/ALPB toluene gsolv + qRRHO + 1M,data/campaign/thermochemistry/Fe_macho_pnp_iPr__hydrogenated/result.json,05e763fb0edc24a5c26b28976ec2b592a75f17310ec5994ee8dd6d7d7f9b1ea1,data/campaign/thermochemistry/Fe_macho_pnp_iPr__hydrogenated/result.json#/attempts/0/native_command,data/datasets/thermochemistry/export_protocol.json,data/campaign/thermochemistry/Fe_macho_pnp_iPr__hydrogenated/accepted_geometry.xyz,0758f1daa4f890a37ec77d90b7e595bb46f4dafd3ec7d836667740c0f1c3d2e0,data/campaign/thermochemistry/Fe_macho_pnp_iPr__hydrogenated/hessian_00.npz,6752e86949e5d57c0aa623e61c6aa2a1901ab60125db0c3bc15ebcbc17230cd5,2,0,383.15,lowest G383.15 among eligible certificates; same geometry at all T,101325.0,1.0,100.0,0,1
Fe_macho_pnp_iPr|hydrogenated,Fe_macho_pnp_iPr,hydrogenated,340.0,-44903.00283218051,330.6311957067743,-44547.37992711333,207.7076142169197,197.48720768893315,-44612.2766049432,2.248972784367174,kcal/mol,cal/(mol K),0,C17H39FeNOP2,GFN2-xTB/ALPB toluene gsolv + qRRHO + 1M,data/campaign/thermochemistry/Fe_macho_pnp_iPr__hydrogenated/result.json,05e763fb0edc24a5c26b28976ec2b592a75f17310ec5994ee8dd6d7d7f9b1ea1,data/campaign/thermochemistry/Fe_macho_pnp_iPr__hydrogenated/result.json#/attempts/0/native_command,data/datasets/thermochemistry/export_protocol.json,data/campaign/thermochemistry/Fe_macho_pnp_iPr__hydrogenated/accepted_geometry.xyz,0758f1daa4f890a37ec77d90b7e595bb46f4dafd3ec7d836667740c0f1c3d2e0,data/campaign/thermochemistry/Fe_macho_pnp_iPr__hydrogenated/hessian_00.npz,6752e86949e5d57c0aa623e61c6aa2a1901ab60125db0c3bc15ebcbc17230cd5,2,0,383.15,lowest G383.15 among eligible certificates; same geometry at all T,101325.0,1.0,100.0,0,1
Fe_macho_pnp_iPr|hydrogenated,Fe_macho_pnp_iPr,hydrogenated,350.0,-44903.00283218051,330.6311957067743,-44546.05414451294,211.5505094681931,201.07392199214877,-44614.094736712614,2.3352804975836268,kcal/mol,cal/(mol K),0,C17H39FeNOP2,GFN2-xTB/ALPB toluene gsolv + qRRHO + 1M,data/campaign/thermochemistry/Fe_macho_pnp_iPr__hydrogenated/result.json,05e763fb0edc24a5c26b28976ec2b592a75f17310ec5994ee8dd6d7d7f9b1ea1,data/campaign/thermochemistry/Fe_macho_pnp_iPr__hydrogenated/result.json#/attempts/0/native_command,data/datasets/thermochemistry/export_protocol.json,data/campaign/thermochemistry/Fe_macho_pnp_iPr__hydrogenated/accepted_geometry.xyz,0758f1daa4f890a37ec77d90b7e595bb46f4dafd3ec7d836667740c0f1c3d2e0,data/campaign/thermochemistry/Fe_macho_pnp_iPr__hydrogenated/hessian_00.npz,6752e86949e5d57c0aa623e61c6aa2a1901ab60125db0c3bc15ebcbc17230cd5,2,0,383.15,lowest G383.15 among eligible certificates; same geometry at all T,101325.0,1.0,100.0,0,1
Fe_macho_pnp_iPr|hydrogenated,Fe_macho_pnp_iPr,hydrogenated,360.0,-44903.00283218051,330.6311957067743,-44544.6967748075,215.3741308322612,204.64816201394075,-44615.947957071796,2.422156060718619,kcal/mol,cal/(mol K),0,C17H39FeNOP2,GFN2-xTB/ALPB toluene gsolv + qRRHO + 1M,data/campaign/thermochemistry/Fe_macho_pnp_iPr__hydrogenated/result.json,05e763fb0edc24a5c26b28976ec2b592a75f17310ec5994ee8dd6d7d7f9b1ea1,data/campaign/thermochemistry/Fe_macho_pnp_iPr__hydrogenated/result.json#/attempts/0/native_command,data/datasets/thermochemistry/export_protocol.json,data/campaign/thermochemistry/Fe_macho_pnp_iPr__hydrogenated/accepted_geometry.xyz,0758f1daa4f890a37ec77d90b7e595bb46f4dafd3ec7d836667740c0f1c3d2e0,data/campaign/thermochemistry/Fe_macho_pnp_iPr__hydrogenated/hessian_00.npz,6752e86949e5d57c0aa623e61c6aa2a1901ab60125db0c3bc15ebcbc17230cd5,2,0,383.15,lowest G383.15 among eligible certificates; same geometry at all T,101325.0,1.0,100.0,0,1
Fe_macho_pnp_iPr|hydrogenated,Fe_macho_pnp_iPr,hydrogenated,370.0,-44903.00283218051,330.6311957067743,-44543.30806214094,219.17886584347977,208.20997387115602,-44617.83616877722,2.509583696046293,kcal/mol,cal/(mol K),0,C17H39FeNOP2,GFN2-xTB/ALPB toluene gsolv + qRRHO + 1M,data/campaign/thermochemistry/Fe_macho_pnp_iPr__hydrogenated/result.json,05e763fb0edc24a5c26b28976ec2b592a75f17310ec5994ee8dd6d7d7f9b1ea1,data/campaign/thermochemistry/Fe_macho_pnp_iPr__hydrogenated/result.json#/attempts/0/native_command,data/datasets/thermochemistry/export_protocol.json,data/campaign/thermochemistry/Fe_macho_pnp_iPr__hydrogenated/accepted_geometry.xyz,0758f1daa4f890a37ec77d90b7e595bb46f4dafd3ec7d836667740c0f1c3d2e0,data/campaign/thermochemistry/Fe_macho_pnp_iPr__hydrogenated/hessian_00.npz,6752e86949e5d57c0aa623e61c6aa2a1901ab60125db0c3bc15ebcbc17230cd5,2,0,383.15,lowest G383.15 among eligible certificates; same geometry at all T,101325.0,1.0,100.0,0,1
Fe_macho_pnp_iPr|hydrogenated,Fe_macho_pnp_iPr,hydrogenated,380.0,-44903.00283218051,330.6311957067743,-44541.88828667378,222.96497493511174,211.7593008682166,-44619.75927252469,2.597548479011341,kcal/mol,cal/(mol K),0,C17H39FeNOP2,GFN2-xTB/ALPB toluene gsolv + qRRHO + 1M,data/campaign/thermochemistry/Fe_macho_pnp_iPr__hydrogenated/result.json,05e763fb0edc24a5c26b28976ec2b592a75f17310ec5994ee8dd6d7d7f9b1ea1,data/campaign/thermochemistry/Fe_macho_pnp_iPr__hydrogenated/result.json#/attempts/0/native_command,data/datasets/thermochemistry/export_protocol.json,data/campaign/thermochemistry/Fe_macho_pnp_iPr__hydrogenated/accepted_geometry.xyz,0758f1daa4f890a37ec77d90b7e595bb46f4dafd3ec7d836667740c0f1c3d2e0,data/campaign/thermochemistry/Fe_macho_pnp_iPr__hydrogenated/hessian_00.npz,6752e86949e5d57c0aa623e61c6aa2a1901ab60125db0c3bc15ebcbc17230cd5,2,0,383.15,lowest G383.15 among eligible certificates; same geometry at all T,101325.0,1.0,100.0,0,1
Fe_macho_pnp_iPr|hydrogenated,Fe_macho_pnp_iPr,hydrogenated,383.15,-44903.00283218051,330.6311957067743,-44541.43467302497,224.1537690890119,212.8747328348692,-44620.37226055507,2.625366355574337,kcal/mol,cal/(mol K),0,C17H39FeNOP2,GFN2-xTB/ALPB toluene gsolv + qRRHO + 1M,data/campaign/thermochemistry/Fe_macho_pnp_iPr__hydrogenated/result.json,05e763fb0edc24a5c26b28976ec2b592a75f17310ec5994ee8dd6d7d7f9b1ea1,data/campaign/thermochemistry/Fe_macho_pnp_iPr__hydrogenated/result.json#/attempts/0/native_command,data/datasets/thermochemistry/export_protocol.json,data/campaign/thermochemistry/Fe_macho_pnp_iPr__hydrogenated/accepted_geometry.xyz,0758f1daa4f890a37ec77d90b7e595bb46f4dafd3ec7d836667740c0f1c3d2e0,data/campaign/thermochemistry/Fe_macho_pnp_iPr__hydrogenated/hessian_00.npz,6752e86949e5d57c0aa623e61c6aa2a1901ab60125db0c3bc15ebcbc17230cd5,2,0,383.15,lowest G383.15 among eligible certificates; same geometry at all T,101325.0,1.0,100.0,0,1
Fe_macho_pnp_iPr|hydrogenated,Fe_macho_pnp_iPr,hydrogenated,390.0,-44903.00283218051,330.6311957067743,-44540.43776082076,226.73261442285119,215.2960043145699,-44621.7171662326,2.686036270841015,kcal/mol,cal/(mol K),0,C17H39FeNOP2,GFN2-xTB/ALPB toluene gsolv + qRRHO + 1M,data/campaign/thermochemistry/Fe_macho_pnp_iPr__hydrogenated/result.json,05e763fb0edc24a5c26b28976ec2b592a75f17310ec5994ee8dd6d7d7f9b1ea1,data/campaign/thermochemistry/Fe_macho_pnp_iPr__hydrogenated/result.json#/attempts/0/native_command,data/datasets/thermochemistry/export_protocol.json,data/campaign/thermochemistry/Fe_macho_pnp_iPr__hydrogenated/accepted_geometry.xyz,0758f1daa4f890a37ec77d90b7e595bb46f4dafd3ec7d836667740c0f1c3d2e0,data/campaign/thermochemistry/Fe_macho_pnp_iPr__hydrogenated/hessian_00.npz,6752e86949e5d57c0aa623e61c6aa2a1901ab60125db0c3bc15ebcbc17230cd5,2,0,383.15,lowest G383.15 among eligible certificates; same geometry at all T,101325.0,1.0,100.0,0,1
Fe_macho_pnp_iPr|hydrogenated,Fe_macho_pnp_iPr,hydrogenated,400.0,-44903.00283218051,330.6311957067743,-44538.956825405076,230.4818567901852,218.8198818688074,-44623.709744494525,2.775033658072708,kcal/mol,cal/(mol K),0,C17H39FeNOP2,GFN2-xTB/ALPB toluene gsolv + qRRHO + 1M,data/campaign/thermochemistry/Fe_macho_pnp_iPr__hydrogenated/result.json,05e763fb0edc24a5c26b28976ec2b592a75f17310ec5994ee8dd6d7d7f9b1ea1,data/campaign/thermochemistry/Fe_macho_pnp_iPr__hydrogenated/result.json#/attempts/0/native_command,data/datasets/thermochemistry/export_protocol.json,data/campaign/thermochemistry/Fe_macho_pnp_iPr__hydrogenated/accepted_geometry.xyz,0758f1daa4f890a37ec77d90b7e595bb46f4dafd3ec7d836667740c0f1c3d2e0,data/campaign/thermochemistry/Fe_macho_pnp_iPr__hydrogenated/hessian_00.npz,6752e86949e5d57c0aa623e61c6aa2a1901ab60125db0c3bc15ebcbc17230cd5,2,0,383.15,lowest G383.15 among eligible certificates; same geometry at all T,101325.0,1.0,100.0,0,1
Fe_macho_pnp_iPr|hydrogenated,Fe_macho_pnp_iPr,hydrogenated,410.0,-44903.00283218051,330.6311957067743,-44537.44584583906,234.2127084037002,222.33068351199213,-44625.73689818084,2.8645278981321125,kcal/mol,cal/(mol K),0,C17H39FeNOP2,GFN2-xTB/ALPB toluene gsolv + qRRHO + 1M,data/campaign/thermochemistry/Fe_macho_pnp_iPr__hydrogenated/result.json,05e763fb0edc24a5c26b28976ec2b592a75f17310ec5994ee8dd6d7d7f9b1ea1,data/campaign/thermochemistry/Fe_macho_pnp_iPr__hydrogenated/result.json#/attempts/0/native_command,data/datasets/thermochemistry/export_protocol.json,data/campaign/thermochemistry/Fe_macho_pnp_iPr__hydrogenated/accepted_geometry.xyz,0758f1daa4f890a37ec77d90b7e595bb46f4dafd3ec7d836667740c0f1c3d2e0,data/campaign/thermochemistry/Fe_macho_pnp_iPr__hydrogenated/hessian_00.npz,6752e86949e5d57c0aa623e61c6aa2a1901ab60125db0c3bc15ebcbc17230cd5,2,0,383.15,lowest G383.15 among eligible certificates; same geometry at all T,101325.0,1.0,100.0,0,1
Fe_macho_pnp_iPr|hydrogenated,Fe_macho_pnp_iPr,hydrogenated,420.0,-44903.00283218051,330.6311957067743,-44535.90520841554,237.92512482670492,225.8281252959608,-44627.798514169626,2.954506870223601,kcal/mol,cal/(mol K),0,C17H39FeNOP2,GFN2-xTB/ALPB toluene gsolv + qRRHO + 1M,data/campaign/thermochemistry/Fe_macho_pnp_iPr__hydrogenated/result.json,05e763fb0edc24a5c26b28976ec2b592a75f17310ec5994ee8dd6d7d7f9b1ea1,data/campaign/thermochemistry/Fe_macho_pnp_iPr__hydrogenated/result.json#/attempts/0/native_command,data/datasets/thermochemistry/export_protocol.json,data/campaign/thermochemistry/Fe_macho_pnp_iPr__hydrogenated/accepted_geometry.xyz,0758f1daa4f890a37ec77d90b7e595bb46f4dafd3ec7d836667740c0f1c3d2e0,data/campaign/thermochemistry/Fe_macho_pnp_iPr__hydrogenated/hessian_00.npz,6752e86949e5d57c0aa623e61c6aa2a1901ab60125db0c3bc15ebcbc17230cd5,2,0,383.15,lowest G383.15 among eligible certificates; same geometry at all T,101325.0,1.0,100.0,0,1
Fe_macho_pnp_iPr|hydrogenated,Fe_macho_pnp_iPr,hydrogenated,430.0,-44903.00283218051,330.6311957067743,-44534.33531677255,241.6190239234015,229.31190103889026,-44629.894475188376,3.044959030900024,kcal/mol,cal/(mol K),0,C17H39FeNOP2,GFN2-xTB/ALPB toluene gsolv + qRRHO + 1M,data/campaign/thermochemistry/Fe_macho_pnp_iPr__hydrogenated/result.json,05e763fb0edc24a5c26b28976ec2b592a75f17310ec5994ee8dd6d7d7f9b1ea1,data/campaign/thermochemistry/Fe_macho_pnp_iPr__hydrogenated/result.json#/attempts/0/native_command,data/datasets/thermochemistry/export_protocol.json,data/campaign/thermochemistry/Fe_macho_pnp_iPr__hydrogenated/accepted_geometry.xyz,0758f1daa4f890a37ec77d90b7e595bb46f4dafd3ec7d836667740c0f1c3d2e0,data/campaign/thermochemistry/Fe_macho_pnp_iPr__hydrogenated/hessian_00.npz,6752e86949e5d57c0aa623e61c6aa2a1901ab60125db0c3bc15ebcbc17230cd5,2,0,383.15,lowest G383.15 among eligible certificates; same geometry at all T,101325.0,1.0,100.0,0,1
Fe_macho_pnp_iPr|hydrogenated,Fe_macho_pnp_iPr,hydrogenated,440.0,-44903.00283218051,330.6311957067743,-44532.736588575055,245.29429695725045,232.78169215420084,-44632.024659749135,3.135873373767528,kcal/mol,cal/(mol K),0,C17H39FeNOP2,GFN2-xTB/ALPB toluene gsolv + qRRHO + 1M,data/campaign/thermochemistry/Fe_macho_pnp_iPr__hydrogenated/result.json,05e763fb0edc24a5c26b28976ec2b592a75f17310ec5994ee8dd6d7d7f9b1ea1,data/campaign/thermochemistry/Fe_macho_pnp_iPr__hydrogenated/result.json#/attempts/0/native_command,data/datasets/thermochemistry/export_protocol.json,data/campaign/thermochemistry/Fe_macho_pnp_iPr__hydrogenated/accepted_geometry.xyz,0758f1daa4f890a37ec77d90b7e595bb46f4dafd3ec7d836667740c0f1c3d2e0,data/campaign/thermochemistry/Fe_macho_pnp_iPr__hydrogenated/hessian_00.npz,6752e86949e5d57c0aa623e61c6aa2a1901ab60125db0c3bc15ebcbc17230cd5,2,0,383.15,lowest G383.15 among eligible certificates; same geometry at all T,101325.0,1.0,100.0,0,1
Fe_macho_pnp_iPr|protonated_reference,Fe_macho_pnp_iPr,protonated_reference,298.15,-44370.85091959714,327.59370774271025,-44023.9934564203,185.30291468643588,177.9894590071355,-44075.166685177785,1.894328445494145,kcal/mol,cal/(mol K),1,C17H38FeNOP2,GFN2-xTB/ALPB toluene gsolv + qRRHO + 1M,data/campaign/thermochemistry/Fe_macho_pnp_iPr__protonated_reference/result.json,5cf9aca1ef66bde91e500d55abdfb3f02c385df6f90ced3e0b43a4c15792b112,data/campaign/thermochemistry/Fe_macho_pnp_iPr__protonated_reference/result.json#/attempts/0/native_command,data/datasets/thermochemistry/export_protocol.json,data/campaign/thermochemistry/Fe_macho_pnp_iPr__protonated_reference/accepted_geometry.xyz,23eb790ddaff88badb6b0c8085a17716c2fb051cee5acad392493fb28530ef3d,data/campaign/thermochemistry/Fe_macho_pnp_iPr__protonated_reference/hessian_00.npz,78d1f83c8e41c531b480bc4ac62d12d6f240f5c9e08874b3c4c1b3bfd22867b3,1,0,383.15,lowest G383.15 among eligible certificates; same geometry at all T,101325.0,1.0,100.0,0,1
Fe_macho_pnp_iPr|protonated_reference,Fe_macho_pnp_iPr,protonated_reference,340.0,-44370.85091959714,327.59370774271025,-44018.890814196886,201.29894479227886,192.9007997344777,-44082.22811332224,2.248972784367174,kcal/mol,cal/(mol K),1,C17H38FeNOP2,GFN2-xTB/ALPB toluene gsolv + qRRHO + 1M,data/campaign/thermochemistry/Fe_macho_pnp_iPr__protonated_reference/result.json,5cf9aca1ef66bde91e500d55abdfb3f02c385df6f90ced3e0b43a4c15792b112,data/campaign/thermochemistry/Fe_macho_pnp_iPr__protonated_reference/result.json#/attempts/0/native_command,data/datasets/thermochemistry/export_protocol.json,data/campaign/thermochemistry/Fe_macho_pnp_iPr__protonated_reference/accepted_geometry.xyz,23eb790ddaff88badb6b0c8085a17716c2fb051cee5acad392493fb28530ef3d,data/campaign/thermochemistry/Fe_macho_pnp_iPr__protonated_reference/hessian_00.npz,78d1f83c8e41c531b480bc4ac62d12d6f240f5c9e08874b3c4c1b3bfd22867b3,1,0,383.15,lowest G383.15 among eligible certificates; same geometry at all T,101325.0,1.0,100.0,0,1
Fe_macho_pnp_iPr|protonated_reference,Fe_macho_pnp_iPr,protonated_reference,350.0,-44370.85091959714,327.59370774271025,-44017.59027650236,205.06866551912378,196.42978322223252,-44084.005420132555,2.3352804975836268,kcal/mol,cal/(mol K),1,C17H38FeNOP2,GFN2-xTB/ALPB toluene gsolv + qRRHO + 1M,data/campaign/thermochemistry/Fe_macho_pnp_iPr__protonated_reference/result.json,5cf9aca1ef66bde91e500d55abdfb3f02c385df6f90ced3e0b43a4c15792b112,data/campaign/thermochemistry/Fe_macho_pnp_iPr__protonated_reference/result.json#/attempts/0/native_command,data/datasets/thermochemistry/export_protocol.json,data/campaign/thermochemistry/Fe_macho_pnp_iPr__protonated_reference/accepted_geometry.xyz,23eb790ddaff88badb6b0c8085a17716c2fb051cee5acad392493fb28530ef3d,data/campaign/thermochemistry/Fe_macho_pnp_iPr__protonated_reference/hessian_00.npz,78d1f83c8e41c531b480bc4ac62d12d6f240f5c9e08874b3c4c1b3bfd22867b3,1,0,383.15,lowest G383.15 among eligible certificates; same geometry at all T,101325.0,1.0,100.0,0,1
Fe_macho_pnp_iPr|protonated_reference,Fe_macho_pnp_iPr,protonated_reference,360.0,-44370.85091959714,327.59370774271025,-44016.258761220066,208.81945676230063,199.94620149650018,-44085.81723769809,2.422156060718619,kcal/mol,cal/(mol K),1,C17H38FeNOP2,GFN2-xTB/ALPB toluene gsolv + qRRHO + 1M,data/campaign/thermochemistry/Fe_macho_pnp_iPr__protonated_reference/result.json,5cf9aca1ef66bde91e500d55abdfb3f02c385df6f90ced3e0b43a4c15792b112,data/campaign/thermochemistry/Fe_macho_pnp_iPr__protonated_reference/result.json#/attempts/0/native_command,data/datasets/thermochemistry/export_protocol.json,data/campaign/thermochemistry/Fe_macho_pnp_iPr__protonated_reference/accepted_geometry.xyz,23eb790ddaff88badb6b0c8085a17716c2fb051cee5acad392493fb28530ef3d,data/campaign/thermochemistry/Fe_macho_pnp_iPr__protonated_reference/hessian_00.npz,78d1f83c8e41c531b480bc4ac62d12d6f240f5c9e08874b3c4c1b3bfd22867b3,1,0,383.15,lowest G383.15 among eligible certificates; same geometry at all T,101325.0,1.0,100.0,0,1
Fe_macho_pnp_iPr|protonated_reference,Fe_macho_pnp_iPr,protonated_reference,370.0,-44370.85091959714,327.59370774271025,-44014.89651976432,212.55166724992907,203.4500857677154,-44087.663467802326,2.509583696046293,kcal/mol,cal/(mol K),1,C17H38FeNOP2,GFN2-xTB/ALPB toluene gsolv + qRRHO + 1M,data/campaign/thermochemistry/Fe_macho_pnp_iPr__protonated_reference/result.json,5cf9aca1ef66bde91e500d55abdfb3f02c385df6f90ced3e0b43a4c15792b112,data/campaign/thermochemistry/Fe_macho_pnp_iPr__protonated_reference/result.json#/attempts/0/native_command,data/datasets/thermochemistry/export_protocol.json,data/campaign/thermochemistry/Fe_macho_pnp_iPr__protonated_reference/accepted_geometry.xyz,23eb790ddaff88badb6b0c8085a17716c2fb051cee5acad392493fb28530ef3d,data/campaign/thermochemistry/Fe_macho_pnp_iPr__protonated_reference/hessian_00.npz,78d1f83c8e41c531b480bc4ac62d12d6f240f5c9e08874b3c4c1b3bfd22867b3,1,0,383.15,lowest G383.15 among eligible certificates; same geometry at all T,101325.0,1.0,100.0,0,1
Fe_macho_pnp_iPr|protonated_reference,Fe_macho_pnp_iPr,protonated_reference,380.0,-44370.85091959714,327.59370774271025,-44013.50383823775,216.26552525706037,206.94136916323487,-44089.54401004077,2.597548479011341,kcal/mol,cal/(mol K),1,C17H38FeNOP2,GFN2-xTB/ALPB toluene gsolv + qRRHO + 1M,data/campaign/thermochemistry/Fe_macho_pnp_iPr__protonated_reference/result.json,5cf9aca1ef66bde91e500d55abdfb3f02c385df6f90ced3e0b43a4c15792b112,data/campaign/thermochemistry/Fe_macho_pnp_iPr__protonated_reference/result.json#/attempts/0/native_command,data/datasets/thermochemistry/export_protocol.json,data/campaign/thermochemistry/Fe_macho_pnp_iPr__protonated_reference/accepted_geometry.xyz,23eb790ddaff88badb6b0c8085a17716c2fb051cee5acad392493fb28530ef3d,data/campaign/thermochemistry/Fe_macho_pnp_iPr__protonated_reference/hessian_00.npz,78d1f83c8e41c531b480bc4ac62d12d6f240f5c9e08874b3c4c1b3bfd22867b3,1,0,383.15,lowest G383.15 among eligible certificates; same geometry at all T,101325.0,1.0,100.0,0,1
Fe_macho_pnp_iPr|protonated_reference,Fe_macho_pnp_iPr,protonated_reference,383.15,-44370.85091959714,327.59370774271025,-44013.0588889296,217.43161261153153,208.0384923088564,-44090.14347090216,2.625366355574337,kcal/mol,cal/(mol K),1,C17H38FeNOP2,GFN2-xTB/ALPB toluene gsolv + qRRHO + 1M,data/campaign/thermochemistry/Fe_macho_pnp_iPr__protonated_reference/result.json,5cf9aca1ef66bde91e500d55abdfb3f02c385df6f90ced3e0b43a4c15792b112,data/campaign/thermochemistry/Fe_macho_pnp_iPr__protonated_reference/result.json#/attempts/0/native_command,data/datasets/thermochemistry/export_protocol.json,data/campaign/thermochemistry/Fe_macho_pnp_iPr__protonated_reference/accepted_geometry.xyz,23eb790ddaff88badb6b0c8085a17716c2fb051cee5acad392493fb28530ef3d,data/campaign/thermochemistry/Fe_macho_pnp_iPr__protonated_reference/hessian_00.npz,78d1f83c8e41c531b480bc4ac62d12d6f240f5c9e08874b3c4c1b3bfd22867b3,1,0,383.15,lowest G383.15 among eligible certificates; same geometry at all T,101325.0,1.0,100.0,0,1
Fe_macho_pnp_iPr|protonated_reference,Fe_macho_pnp_iPr,protonated_reference,390.0,-44370.85091959714,327.59370774271025,-44012.08103367432,219.96116088470737,210.4199070407037,-44091.458761149355,2.686036270841015,kcal/mol,cal/(mol K),1,C17H38FeNOP2,GFN2-xTB/ALPB toluene gsolv + qRRHO + 1M,data/campaign/thermochemistry/Fe_macho_pnp_iPr__protonated_reference/result.json,5cf9aca1ef66bde91e500d55abdfb3f02c385df6f90ced3e0b43a4c15792b112,data/campaign/thermochemistry/Fe_macho_pnp_iPr__protonated_reference/result.json#/attempts/0/native_command,data/datasets/thermochemistry/export_protocol.json,data/campaign/thermochemistry/Fe_macho_pnp_iPr__protonated_reference/accepted_geometry.xyz,23eb790ddaff88badb6b0c8085a17716c2fb051cee5acad392493fb28530ef3d,data/campaign/thermochemistry/Fe_macho_pnp_iPr__protonated_reference/hessian_00.npz,78d1f83c8e41c531b480bc4ac62d12d6f240f5c9e08874b3c4c1b3bfd22867b3,1,0,383.15,lowest G383.15 among eligible certificates; same geometry at all T,101325.0,1.0,100.0,0,1
Fe_macho_pnp_iPr|protonated_reference,Fe_macho_pnp_iPr,protonated_reference,400.0,-44370.85091959714,327.59370774271025,-44010.628450208045,223.63862570628893,213.88549486810922,-44093.40761449722,2.775033658072708,kcal/mol,cal/(mol K),1,C17H38FeNOP2,GFN2-xTB/ALPB toluene gsolv + qRRHO + 1M,data/campaign/thermochemistry/Fe_macho_pnp_iPr__protonated_reference/result.json,5cf9aca1ef66bde91e500d55abdfb3f02c385df6f90ced3e0b43a4c15792b112,data/campaign/thermochemistry/Fe_macho_pnp_iPr__protonated_reference/result.json#/attempts/0/native_command,data/datasets/thermochemistry/export_protocol.json,data/campaign/thermochemistry/Fe_macho_pnp_iPr__protonated_reference/accepted_geometry.xyz,23eb790ddaff88badb6b0c8085a17716c2fb051cee5acad392493fb28530ef3d,data/campaign/thermochemistry/Fe_macho_pnp_iPr__protonated_reference/hessian_00.npz,78d1f83c8e41c531b480bc4ac62d12d6f240f5c9e08874b3c4c1b3bfd22867b3,1,0,383.15,lowest G383.15 among eligible certificates; same geometry at all T,101325.0,1.0,100.0,0,1
Fe_macho_pnp_iPr|protonated_reference,Fe_macho_pnp_iPr,protonated_reference,410.0,-44370.85091959714,327.59370774271025,-44009.14645527856,227.29790989751092,217.33788376480186,-44095.390459723996,2.8645278981321125,kcal/mol,cal/(mol K),1,C17H38FeNOP2,GFN2-xTB/ALPB toluene gsolv + qRRHO + 1M,data/campaign/thermochemistry/Fe_macho_pnp_iPr__protonated_reference/result.json,5cf9aca1ef66bde91e500d55abdfb3f02c385df6f90ced3e0b43a4c15792b112,data/campaign/thermochemistry/Fe_macho_pnp_iPr__protonated_reference/result.json#/attempts/0/native_command,data/datasets/thermochemistry/export_protocol.json,data/campaign/thermochemistry/Fe_macho_pnp_iPr__protonated_reference/accepted_geometry.xyz,23eb790ddaff88badb6b0c8085a17716c2fb051cee5acad392493fb28530ef3d,data/campaign/thermochemistry/Fe_macho_pnp_iPr__protonated_reference/hessian_00.npz,78d1f83c8e41c531b480bc4ac62d12d6f240f5c9e08874b3c4c1b3bfd22867b3,1,0,383.15,lowest G383.15 among eligible certificates; same geometry at all T,101325.0,1.0,100.0,0,1
Fe_macho_pnp_iPr|protonated_reference,Fe_macho_pnp_iPr,protonated_reference,420.0,-44370.85091959714,327.59370774271025,-44007.635435957636,230.93895701041885,220.7767938447824,-44097.407182502226,2.954506870223601,kcal/mol,cal/(mol K),1,C17H38FeNOP2,GFN2-xTB/ALPB toluene gsolv + qRRHO + 1M,data/campaign/thermochemistry/Fe_macho_pnp_iPr__protonated_reference/result.json,5cf9aca1ef66bde91e500d55abdfb3f02c385df6f90ced3e0b43a4c15792b112,data/campaign/thermochemistry/Fe_macho_pnp_iPr__protonated_reference/result.json#/attempts/0/native_command,data/datasets/thermochemistry/export_protocol.json,data/campaign/thermochemistry/Fe_macho_pnp_iPr__protonated_reference/accepted_geometry.xyz,23eb790ddaff88badb6b0c8085a17716c2fb051cee5acad392493fb28530ef3d,data/campaign/thermochemistry/Fe_macho_pnp_iPr__protonated_reference/hessian_00.npz,78d1f83c8e41c531b480bc4ac62d12d6f240f5c9e08874b3c4c1b3bfd22867b3,1,0,383.15,lowest G383.15 among eligible certificates; same geometry at all T,101325.0,1.0,100.0,0,1
Fe_macho_pnp_iPr|protonated_reference,Fe_macho_pnp_iPr,protonated_reference,430.0,-44370.85091959714,327.59370774271025,-44006.095795458496,234.5616765790819,224.20192553241458,-44099.45766440653,3.044959030900024,kcal/mol,cal/(mol K),1,C17H38FeNOP2,GFN2-xTB/ALPB toluene gsolv + qRRHO + 1M,data/campaign/thermochemistry/Fe_macho_pnp_iPr__protonated_reference/result.json,5cf9aca1ef66bde91e500d55abdfb3f02c385df6f90ced3e0b43a4c15792b112,data/campaign/thermochemistry/Fe_macho_pnp_iPr__protonated_reference/result.json#/attempts/0/native_command,data/datasets/thermochemistry/export_protocol.json,data/campaign/thermochemistry/Fe_macho_pnp_iPr__protonated_reference/accepted_geometry.xyz,23eb790ddaff88badb6b0c8085a17716c2fb051cee5acad392493fb28530ef3d,data/campaign/thermochemistry/Fe_macho_pnp_iPr__protonated_reference/hessian_00.npz,78d1f83c8e41c531b480bc4ac62d12d6f240f5c9e08874b3c4c1b3bfd22867b3,1,0,383.15,lowest G383.15 among eligible certificates; same geometry at all T,101325.0,1.0,100.0,0,1
Fe_macho_pnp_iPr|protonated_reference,Fe_macho_pnp_iPr,protonated_reference,440.0,-44370.85091959714,327.59370774271025,-44004.527949870564,238.16595475753664,227.6129690358331,-44101.54178287256,3.135873373767528,kcal/mol,cal/(mol K),1,C17H38FeNOP2,GFN2-xTB/ALPB toluene gsolv + qRRHO + 1M,data/campaign/thermochemistry/Fe_macho_pnp_iPr__protonated_reference/result.json,5cf9aca1ef66bde91e500d55abdfb3f02c385df6f90ced3e0b43a4c15792b112,data/campaign/thermochemistry/Fe_macho_pnp_iPr__protonated_reference/result.json#/attempts/0/native_command,data/datasets/thermochemistry/export_protocol.json,data/campaign/thermochemistry/Fe_macho_pnp_iPr__protonated_reference/accepted_geometry.xyz,23eb790ddaff88badb6b0c8085a17716c2fb051cee5acad392493fb28530ef3d,data/campaign/thermochemistry/Fe_macho_pnp_iPr__protonated_reference/hessian_00.npz,78d1f83c8e41c531b480bc4ac62d12d6f240f5c9e08874b3c4c1b3bfd22867b3,1,0,383.15,lowest G383.15 among eligible certificates; same geometry at all T,101325.0,1.0,100.0,0,1
Fe_pyridine_pnn_Ph|active,Fe_pyridine_pnn_Ph,active,298.15,-50669.25100681656,276.25590941548444,-50374.09499978707,191.7026505416397,178.41834375198187,-50425.39610053123,1.894328445494145,kcal/mol,cal/(mol K),0,C24H27FeN2OP,GFN2-xTB/ALPB toluene gsolv + qRRHO + 1M,data/campaign/thermochemistry/Fe_pyridine_pnn_Ph__active/result.json,ab3d9266c3150b087009dcc007fc21fcea618011764664f68483af3629101dae,data/campaign/thermochemistry/Fe_pyridine_pnn_Ph__active/result.json#/attempts/0/native_command,data/datasets/thermochemistry/export_protocol.json,data/campaign/thermochemistry/Fe_pyridine_pnn_Ph__active/accepted_geometry.xyz,671a0eae0187357794cb66dc90c7e505770786186572d92c0f93d4ee563beb35,data/campaign/thermochemistry/Fe_pyridine_pnn_Ph__active/hessian_00.npz,fc5890ca4535c66615b7ee94b0a8cea0769b7ab9e6465b211b34cf52b45bb66b,0,0,383.15,lowest G383.15 among eligible certificates; same geometry at all T,101325.0,1.0,100.0,0,1
Fe_pyridine_pnn_Ph|active,Fe_pyridine_pnn_Ph,active,340.0,-50669.25100681656,276.25590941548444,-50368.9904328537,207.70333865359103,193.0028326189016,-50432.362423159764,2.248972784367174,kcal/mol,cal/(mol K),0,C24H27FeN2OP,GFN2-xTB/ALPB toluene gsolv + qRRHO + 1M,data/campaign/thermochemistry/Fe_pyridine_pnn_Ph__active/result.json,ab3d9266c3150b087009dcc007fc21fcea618011764664f68483af3629101dae,data/campaign/thermochemistry/Fe_pyridine_pnn_Ph__active/result.json#/attempts/0/native_command,data/datasets/thermochemistry/export_protocol.json,data/campaign/thermochemistry/Fe_pyridine_pnn_Ph__active/accepted_geometry.xyz,671a0eae0187357794cb66dc90c7e505770786186572d92c0f93d4ee563beb35,data/campaign/thermochemistry/Fe_pyridine_pnn_Ph__active/hessian_00.npz,fc5890ca4535c66615b7ee94b0a8cea0769b7ab9e6465b211b34cf52b45bb66b,0,0,383.15,lowest G383.15 among eligible certificates; same geometry at all T,101325.0,1.0,100.0,0,1
Fe_pyridine_pnn_Ph|active,Fe_pyridine_pnn_Ph,active,350.0,-50669.25100681656,276.25590941548444,-50367.68401787523,211.49008370371678,196.4759507377869,-50434.115320135876,2.3352804975836268,kcal/mol,cal/(mol K),0,C24H27FeN2OP,GFN2-xTB/ALPB toluene gsolv + qRRHO + 1M,data/campaign/thermochemistry/Fe_pyridine_pnn_Ph__active/result.json,ab3d9266c3150b087009dcc007fc21fcea618011764664f68483af3629101dae,data/campaign/thermochemistry/Fe_pyridine_pnn_Ph__active/result.json#/attempts/0/native_command,data/datasets/thermochemistry/export_protocol.json,data/campaign/thermochemistry/Fe_pyridine_pnn_Ph__active/accepted_geometry.xyz,671a0eae0187357794cb66dc90c7e505770786186572d92c0f93d4ee563beb35,data/campaign/thermochemistry/Fe_pyridine_pnn_Ph__active/hessian_00.npz,fc5890ca4535c66615b7ee94b0a8cea0769b7ab9e6465b211b34cf52b45bb66b,0,0,383.15,lowest G383.15 among eligible certificates; same geometry at all T,101325.0,1.0,100.0,0,1
Fe_pyridine_pnn_Ph|active,Fe_pyridine_pnn_Ph,active,360.0,-50669.25100681656,276.25590941548444,-50366.34493911226,215.2621714073533,199.94291241341432,-50435.90223152038,2.422156060718619,kcal/mol,cal/(mol K),0,C24H27FeN2OP,GFN2-xTB/ALPB toluene gsolv + qRRHO + 1M,data/campaign/thermochemistry/Fe_pyridine_pnn_Ph__active/result.json,ab3d9266c3150b087009dcc007fc21fcea618011764664f68483af3629101dae,data/campaign/thermochemistry/Fe_pyridine_pnn_Ph__active/result.json#/attempts/0/native_command,data/datasets/thermochemistry/export_protocol.json,data/campaign/thermochemistry/Fe_pyridine_pnn_Ph__active/accepted_geometry.xyz,671a0eae0187357794cb66dc90c7e505770786186572d92c0f93d4ee563beb35,data/campaign/thermochemistry/Fe_pyridine_pnn_Ph__active/hessian_00.npz,fc5890ca4535c66615b7ee94b0a8cea0769b7ab9e6465b211b34cf52b45bb66b,0,0,383.15,lowest G383.15 among eligible certificates; same geometry at all T,101325.0,1.0,100.0,0,1
Fe_pyridine_pnn_Ph|active,Fe_pyridine_pnn_Ph,active,370.0,-50669.25100681656,276.25590941548444,-50364.973634433,219.01920538464242,203.4028801978631,-50437.72311641016,2.509583696046293,kcal/mol,cal/(mol K),0,C24H27FeN2OP,GFN2-xTB/ALPB toluene gsolv + qRRHO + 1M,data/campaign/thermochemistry/Fe_pyridine_pnn_Ph__active/result.json,ab3d9266c3150b087009dcc007fc21fcea618011764664f68483af3629101dae,data/campaign/thermochemistry/Fe_pyridine_pnn_Ph__active/result.json#/attempts/0/native_command,data/datasets/thermochemistry/export_protocol.json,data/campaign/thermochemistry/Fe_pyridine_pnn_Ph__active/accepted_geometry.xyz,671a0eae0187357794cb66dc90c7e505770786186572d92c0f93d4ee563beb35,data/campaign/thermochemistry/Fe_pyridine_pnn_Ph__active/hessian_00.npz,fc5890ca4535c66615b7ee94b0a8cea0769b7ab9e6465b211b34cf52b45bb66b,0,0,383.15,lowest G383.15 among eligible certificates; same geometry at all T,101325.0,1.0,100.0,0,1
Fe_pyridine_pnn_Ph|active,Fe_pyridine_pnn_Ph,active,380.0,-50669.25100681656,276.25590941548444,-50363.57056959582,222.76074655550056,206.85500684417025,-50439.57792371759,2.597548479011341,kcal/mol,cal/(mol K),0,C24H27FeN2OP,GFN2-xTB/ALPB toluene gsolv + qRRHO + 1M,data/campaign/thermochemistry/Fe_pyridine_pnn_Ph__active/result.json,ab3d9266c3150b087009dcc007fc21fcea618011764664f68483af3629101dae,data/campaign/thermochemistry/Fe_pyridine_pnn_Ph__active/result.json#/attempts/0/native_command,data/datasets/thermochemistry/export_protocol.json,data/campaign/thermochemistry/Fe_pyridine_pnn_Ph__active/accepted_geometry.xyz,671a0eae0187357794cb66dc90c7e505770786186572d92c0f93d4ee563beb35,data/campaign/thermochemistry/Fe_pyridine_pnn_Ph__active/hessian_00.npz,fc5890ca4535c66615b7ee94b0a8cea0769b7ab9e6465b211b34cf52b45bb66b,0,0,383.15,lowest G383.15 among eligible certificates; same geometry at all T,101325.0,1.0,100.0,0,1
Fe_pyridine_pnn_Ph|active,Fe_pyridine_pnn_Ph,active,383.15,-50669.25100681656,276.25590941548444,-50363.12210389322,223.93604923571243,207.9406674656648,-50440.16920427711,2.625366355574337,kcal/mol,cal/(mol K),0,C24H27FeN2OP,GFN2-xTB/ALPB toluene gsolv + qRRHO + 1M,data/campaign/thermochemistry/Fe_pyridine_pnn_Ph__active/result.json,ab3d9266c3150b087009dcc007fc21fcea618011764664f68483af3629101dae,data/campaign/thermochemistry/Fe_pyridine_pnn_Ph__active/result.json#/attempts/0/native_command,data/datasets/thermochemistry/export_protocol.json,data/campaign/thermochemistry/Fe_pyridine_pnn_Ph__active/accepted_geometry.xyz,671a0eae0187357794cb66dc90c7e505770786186572d92c0f93d4ee563beb35,data/campaign/thermochemistry/Fe_pyridine_pnn_Ph__active/hessian_00.npz,fc5890ca4535c66615b7ee94b0a8cea0769b7ab9e6465b211b34cf52b45bb66b,0,0,383.15,lowest G383.15 among eligible certificates; same geometry at all T,101325.0,1.0,100.0,0,1
Fe_pyridine_pnn_Ph|active,Fe_pyridine_pnn_Ph,active,390.0,-50669.25100681656,276.25590941548444,-50362.13623401804,226.4863285711372,210.29844760008558,-50441.46659231123,2.686036270841015,kcal/mol,cal/(mol K),0,C24H27FeN2OP,GFN2-xTB/ALPB toluene gsolv + qRRHO + 1M,data/campaign/thermochemistry/Fe_pyridine_pnn_Ph__active/result.json,ab3d9266c3150b087009dcc007fc21fcea618011764664f68483af3629101dae,data/campaign/thermochemistry/Fe_pyridine_pnn_Ph__active/result.json#/attempts/0/native_command,data/datasets/thermochemistry/export_protocol.json,data/campaign/thermochemistry/Fe_pyridine_pnn_Ph__active/accepted_geometry.xyz,671a0eae0187357794cb66dc90c7e505770786186572d92c0f93d4ee563beb35,data/campaign/thermochemistry/Fe_pyridine_pnn_Ph__active/hessian_00.npz,fc5890ca4535c66615b7ee94b0a8cea0769b7ab9e6465b211b34cf52b45bb66b,0,0,383.15,lowest G383.15 among eligible certificates; same geometry at all T,101325.0,1.0,100.0,0,1
Fe_pyridine_pnn_Ph|active,Fe_pyridine_pnn_Ph,active,400.0,-50669.25100681656,276.25590941548444,-50360.6711367105,230.1954708727931,213.7323704875395,-50443.389051247446,2.775033658072708,kcal/mol,cal/(mol K),0,C24H27FeN2OP,GFN2-xTB/ALPB toluene gsolv + qRRHO + 1M,data/campaign/thermochemistry/Fe_pyridine_pnn_Ph__active/result.json,ab3d9266c3150b087009dcc007fc21fcea618011764664f68483af3629101dae,data/campaign/thermochemistry/Fe_pyridine_pnn_Ph__active/result.json#/attempts/0/native_command,data/datasets/thermochemistry/export_protocol.json,data/campaign/thermochemistry/Fe_pyridine_pnn_Ph__active/accepted_geometry.xyz,671a0eae0187357794cb66dc90c7e505770786186572d92c0f93d4ee563beb35,data/campaign/thermochemistry/Fe_pyridine_pnn_Ph__active/hessian_00.npz,fc5890ca4535c66615b7ee94b0a8cea0769b7ab9e6465b211b34cf52b45bb66b,0,0,383.15,lowest G383.15 among eligible certificates; same geometry at all T,101325.0,1.0,100.0,0,1
Fe_pyridine_pnn_Ph|active,Fe_pyridine_pnn_Ph,active,410.0,-50669.25100681656,276.25590941548444,-50359.17580242946,233.8876896005283,217.1559647436238,-50445.34522007621,2.8645278981321125,kcal/mol,cal/(mol K),0,C24H27FeN2OP,GFN2-xTB/ALPB toluene gsolv + qRRHO + 1M,data/campaign/thermochemistry/Fe_pyridine_pnn_Ph__active/result.json,ab3d9266c3150b087009dcc007fc21fcea618011764664f68483af3629101dae,data/campaign/thermochemistry/Fe_pyridine_pnn_Ph__active/result.json#/attempts/0/native_command,data/datasets/thermochemistry/export_protocol.json,data/campaign/thermochemistry/Fe_pyridine_pnn_Ph__active/accepted_geometry.xyz,671a0eae0187357794cb66dc90c7e505770786186572d92c0f93d4ee563beb35,data/campaign/thermochemistry/Fe_pyridine_pnn_Ph__active/hessian_00.npz,fc5890ca4535c66615b7ee94b0a8cea0769b7ab9e6465b211b34cf52b45bb66b,0,0,383.15,lowest G383.15 among eligible certificates; same geometry at all T,101325.0,1.0,100.0,0,1
Fe_pyridine_pnn_Ph|active,Fe_pyridine_pnn_Ph,active,420.0,-50669.25100681656,276.25590941548444,-50357.65076808286,237.56250657489284,220.56844760575606,-50447.335009207054,2.954506870223601,kcal/mol,cal/(mol K),0,C24H27FeN2OP,GFN2-xTB/ALPB toluene gsolv + qRRHO + 1M,data/campaign/thermochemistry/Fe_pyridine_pnn_Ph__active/result.json,ab3d9266c3150b087009dcc007fc21fcea618011764664f68483af3629101dae,data/campaign/thermochemistry/Fe_pyridine_pnn_Ph__active/result.json#/attempts/0/native_command,data/datasets/thermochemistry/export_protocol.json,data/campaign/thermochemistry/Fe_pyridine_pnn_Ph__active/accepted_geometry.xyz,671a0eae0187357794cb66dc90c7e505770786186572d92c0f93d4ee563beb35,data/campaign/thermochemistry/Fe_pyridine_pnn_Ph__active/hessian_00.npz,fc5890ca4535c66615b7ee94b0a8cea0769b7ab9e6465b211b34cf52b45bb66b,0,0,383.15,lowest G383.15 among eligible certificates; same geometry at all T,101325.0,1.0,100.0,0,1
Fe_pyridine_pnn_Ph|active,Fe_pyridine_pnn_Ph,active,430.0,-50669.25100681656,276.25590941548444,-50356.09657941401,241.21945656854,223.96906962370292,-50449.3583203213,3.044959030900024,kcal/mol,cal/(mol K),0,C24H27FeN2OP,GFN2-xTB/ALPB toluene gsolv + qRRHO + 1M,data/campaign/thermochemistry/Fe_pyridine_pnn_Ph__active/result.json,ab3d9266c3150b087009dcc007fc21fcea618011764664f68483af3629101dae,data/campaign/thermochemistry/Fe_pyridine_pnn_Ph__active/result.json#/attempts/0/native_command,data/datasets/thermochemistry/export_protocol.json,data/campaign/thermochemistry/Fe_pyridine_pnn_Ph__active/accepted_geometry.xyz,671a0eae0187357794cb66dc90c7e505770786186572d92c0f93d4ee563beb35,data/campaign/thermochemistry/Fe_pyridine_pnn_Ph__active/hessian_00.npz,fc5890ca4535c66615b7ee94b0a8cea0769b7ab9e6465b211b34cf52b45bb66b,0,0,383.15,lowest G383.15 among eligible certificates; same geometry at all T,101325.0,1.0,100.0,0,1
Fe_pyridine_pnn_Ph|active,Fe_pyridine_pnn_Ph,active,440.0,-50669.25100681656,276.25590941548444,-50354.51378797521,244.85809307488003,227.35711867604982,-50451.415046818904,3.135873373767528,kcal/mol,cal/(mol K),0,C24H27FeN2OP,GFN2-xTB/ALPB toluene gsolv + qRRHO + 1M,data/campaign/thermochemistry/Fe_pyridine_pnn_Ph__active/result.json,ab3d9266c3150b087009dcc007fc21fcea618011764664f68483af3629101dae,data/campaign/thermochemistry/Fe_pyridine_pnn_Ph__active/result.json#/attempts/0/native_command,data/datasets/thermochemistry/export_protocol.json,data/campaign/thermochemistry/Fe_pyridine_pnn_Ph__active/accepted_geometry.xyz,671a0eae0187357794cb66dc90c7e505770786186572d92c0f93d4ee563beb35,data/campaign/thermochemistry/Fe_pyridine_pnn_Ph__active/hessian_00.npz,fc5890ca4535c66615b7ee94b0a8cea0769b7ab9e6465b211b34cf52b45bb66b,0,0,383.15,lowest G383.15 among eligible certificates; same geometry at all T,101325.0,1.0,100.0,0,1
Fe_pyridine_pnn_Ph|hydrogenated,Fe_pyridine_pnn_Ph,hydrogenated,298.15,-51335.013843236215,290.6057435661604,-51025.91521917034,186.25034443754097,175.12121338441068,-51076.233280495406,1.894328445494145,kcal/mol,cal/(mol K),0,C24H29FeN2OP,GFN2-xTB/ALPB toluene gsolv + qRRHO + 1M,data/campaign/thermochemistry/Fe_pyridine_pnn_Ph__hydrogenated/result.json,ff2ae39a0ffe4c0bc43efac0e91dc06ed35b4c82e9a51beeee632a7b088d595f,data/campaign/thermochemistry/Fe_pyridine_pnn_Ph__hydrogenated/result.json#/attempts/0/native_command,data/datasets/thermochemistry/export_protocol.json,data/campaign/thermochemistry/Fe_pyridine_pnn_Ph__hydrogenated/accepted_geometry.xyz,761400515eaae15e4e389b05de7a3032b690ce42fa3f51a75b9d76d27978fd21,data/campaign/thermochemistry/Fe_pyridine_pnn_Ph__hydrogenated/hessian_00.npz,98c3bb846fd31a76d2f1e9fc802d0b913564f4ae048c5e9e0240b3dff81a25eb,0,0,383.15,lowest G383.15 among eligible certificates; same geometry at all T,101325.0,1.0,100.0,0,1
Fe_pyridine_pnn_Ph|hydrogenated,Fe_pyridine_pnn_Ph,hydrogenated,340.0,-51335.013843236215,290.6057435661604,-51020.79478834366,202.29979029653427,189.9322411344798,-51083.12277754502,2.248972784367174,kcal/mol,cal/(mol K),0,C24H29FeN2OP,GFN2-xTB/ALPB toluene gsolv + qRRHO + 1M,data/campaign/thermochemistry/Fe_pyridine_pnn_Ph__hydrogenated/result.json,ff2ae39a0ffe4c0bc43efac0e91dc06ed35b4c82e9a51beeee632a7b088d595f,data/campaign/thermochemistry/Fe_pyridine_pnn_Ph__hydrogenated/result.json#/attempts/0/native_command,data/datasets/thermochemistry/export_protocol.json,data/campaign/thermochemistry/Fe_pyridine_pnn_Ph__hydrogenated/accepted_geometry.xyz,761400515eaae15e4e389b05de7a3032b690ce42fa3f51a75b9d76d27978fd21,data/campaign/thermochemistry/Fe_pyridine_pnn_Ph__hydrogenated/hessian_00.npz,98c3bb846fd31a76d2f1e9fc802d0b913564f4ae048c5e9e0240b3dff81a25eb,0,0,383.15,lowest G383.15 among eligible certificates; same geometry at all T,101325.0,1.0,100.0,0,1
Fe_pyridine_pnn_Ph|hydrogenated,Fe_pyridine_pnn_Ph,hydrogenated,350.0,-51335.013843236215,290.6057435661604,-51019.480102709,206.11049776191115,193.46855799643973,-51084.858817510176,2.3352804975836268,kcal/mol,cal/(mol K),0,C24H29FeN2OP,GFN2-xTB/ALPB toluene gsolv + qRRHO + 1M,data/campaign/thermochemistry/Fe_pyridine_pnn_Ph__hydrogenated/result.json,ff2ae39a0ffe4c0bc43efac0e91dc06ed35b4c82e9a51beeee632a7b088d595f,data/campaign/thermochemistry/Fe_pyridine_pnn_Ph__hydrogenated/result.json#/attempts/0/native_command,data/datasets/thermochemistry/export_protocol.json,data/campaign/thermochemistry/Fe_pyridine_pnn_Ph__hydrogenated/accepted_geometry.xyz,761400515eaae15e4e389b05de7a3032b690ce42fa3f51a75b9d76d27978fd21,data/campaign/thermochemistry/Fe_pyridine_pnn_Ph__hydrogenated/hessian_00.npz,98c3bb846fd31a76d2f1e9fc802d0b913564f4ae048c5e9e0240b3dff81a25eb,0,0,383.15,lowest G383.15 among eligible certificates; same geometry at all T,101325.0,1.0,100.0,0,1
Fe_pyridine_pnn_Ph|hydrogenated,Fe_pyridine_pnn_Ph,hydrogenated,360.0,-51335.013843236215,290.6057435661604,-51018.13101432228,209.91077196038,197.0018374571208,-51086.62951974612,2.422156060718619,kcal/mol,cal/(mol K),0,C24H29FeN2OP,GFN2-xTB/ALPB toluene gsolv + qRRHO + 1M,data/campaign/thermochemistry/Fe_pyridine_pnn_Ph__hydrogenated/result.json,ff2ae39a0ffe4c0bc43efac0e91dc06ed35b4c82e9a51beeee632a7b088d595f,data/campaign/thermochemistry/Fe_pyridine_pnn_Ph__hydrogenated/result.json#/attempts/0/native_command,data/datasets/thermochemistry/export_protocol.json,data/campaign/thermochemistry/Fe_pyridine_pnn_Ph__hydrogenated/accepted_geometry.xyz,761400515eaae15e4e389b05de7a3032b690ce42fa3f51a75b9d76d27978fd21,data/campaign/thermochemistry/Fe_pyridine_pnn_Ph__hydrogenated/hessian_00.npz,98c3bb846fd31a76d2f1e9fc802d0b913564f4ae048c5e9e0240b3dff81a25eb,0,0,383.15,lowest G383.15 among eligible certificates; same geometry at all T,101325.0,1.0,100.0,0,1
Fe_pyridine_pnn_Ph|hydrogenated,Fe_pyridine_pnn_Ph,hydrogenated,370.0,-51335.013843236215,290.6057435661604,-51016.74796479797,213.69997477313996,200.53106081262706,-51088.43487360259,2.509583696046293,kcal/mol,cal/(mol K),0,C24H29FeN2OP,GFN2-xTB/ALPB toluene gsolv + qRRHO + 1M,data/campaign/thermochemistry/Fe_pyridine_pnn_Ph__hydrogenated/result.json,ff2ae39a0ffe4c0bc43efac0e91dc06ed35b4c82e9a51beeee632a7b088d595f,data/campaign/thermochemistry/Fe_pyridine_pnn_Ph__hydrogenated/result.json#/attempts/0/native_command,data/datasets/thermochemistry/export_protocol.json,data/campaign/thermochemistry/Fe_pyridine_pnn_Ph__hydrogenated/accepted_geometry.xyz,761400515eaae15e4e389b05de7a3032b690ce42fa3f51a75b9d76d27978fd21,data/campaign/thermochemistry/Fe_pyridine_pnn_Ph__hydrogenated/hessian_00.npz,98c3bb846fd31a76d2f1e9fc802d0b913564f4ae048c5e9e0240b3dff81a25eb,0,0,383.15,lowest G383.15 among eligible certificates; same geometry at all T,101325.0,1.0,100.0,0,1
Fe_pyridine_pnn_Ph|hydrogenated,Fe_pyridine_pnn_Ph,hydrogenated,380.0,-51335.013843236215,290.6057435661604,-51015.33142770332,217.47743388546812,204.05520323658763,-51090.27485645421,2.597548479011341,kcal/mol,cal/(mol K),0,C24H29FeN2OP,GFN2-xTB/ALPB toluene gsolv + qRRHO + 1M,data/campaign/thermochemistry/Fe_pyridine_pnn_Ph__hydrogenated/result.json,ff2ae39a0ffe4c0bc43efac0e91dc06ed35b4c82e9a51beeee632a7b088d595f,data/campaign/thermochemistry/Fe_pyridine_pnn_Ph__hydrogenated/result.json#/attempts/0/native_command,data/datasets/thermochemistry/export_protocol.json,data/campaign/thermochemistry/Fe_pyridine_pnn_Ph__hydrogenated/accepted_geometry.xyz,761400515eaae15e4e389b05de7a3032b690ce42fa3f51a75b9d76d27978fd21,data/campaign/thermochemistry/Fe_pyridine_pnn_Ph__hydrogenated/hessian_00.npz,98c3bb846fd31a76d2f1e9fc802d0b913564f4ae048c5e9e0240b3dff81a25eb,0,0,383.15,lowest G383.15 among eligible certificates; same geometry at all T,101325.0,1.0,100.0,0,1
Fe_pyridine_pnn_Ph|hydrogenated,Fe_pyridine_pnn_Ph,hydrogenated,383.15,-51335.013843236215,290.6057435661604,-51014.87836219643,218.66479111168832,205.1640927225213,-51090.86161796749,2.625366355574337,kcal/mol,cal/(mol K),0,C24H29FeN2OP,GFN2-xTB/ALPB toluene gsolv + qRRHO + 1M,data/campaign/thermochemistry/Fe_pyridine_pnn_Ph__hydrogenated/result.json,ff2ae39a0ffe4c0bc43efac0e91dc06ed35b4c82e9a51beeee632a7b088d595f,data/campaign/thermochemistry/Fe_pyridine_pnn_Ph__hydrogenated/result.json#/attempts/0/native_command,data/datasets/thermochemistry/export_protocol.json,data/campaign/thermochemistry/Fe_pyridine_pnn_Ph__hydrogenated/accepted_geometry.xyz,761400515eaae15e4e389b05de7a3032b690ce42fa3f51a75b9d76d27978fd21,data/campaign/thermochemistry/Fe_pyridine_pnn_Ph__hydrogenated/hessian_00.npz,98c3bb846fd31a76d2f1e9fc802d0b913564f4ae048c5e9e0240b3dff81a25eb,0,0,383.15,lowest G383.15 among eligible certificates; same geometry at all T,101325.0,1.0,100.0,0,1
Fe_pyridine_pnn_Ph|hydrogenated,Fe_pyridine_pnn_Ph,hydrogenated,390.0,-51335.013843236215,290.6057435661604,-51013.88190380202,221.24245869889782,207.57324705439538,-51092.1494338824,2.686036270841015,kcal/mol,cal/(mol K),0,C24H29FeN2OP,GFN2-xTB/ALPB toluene gsolv + qRRHO + 1M,data/campaign/thermochemistry/Fe_pyridine_pnn_Ph__hydrogenated/result.json,ff2ae39a0ffe4c0bc43efac0e91dc06ed35b4c82e9a51beeee632a7b088d595f,data/campaign/thermochemistry/Fe_pyridine_pnn_Ph__hydrogenated/result.json#/attempts/0/native_command,data/datasets/thermochemistry/export_protocol.json,data/campaign/thermochemistry/Fe_pyridine_pnn_Ph__hydrogenated/accepted_geometry.xyz,761400515eaae15e4e389b05de7a3032b690ce42fa3f51a75b9d76d27978fd21,data/campaign/thermochemistry/Fe_pyridine_pnn_Ph__hydrogenated/hessian_00.npz,98c3bb846fd31a76d2f1e9fc802d0b913564f4ae048c5e9e0240b3dff81a25eb,0,0,383.15,lowest G383.15 among eligible certificates; same geometry at all T,101325.0,1.0,100.0,0,1
Fe_pyridine_pnn_Ph|hydrogenated,Fe_pyridine_pnn_Ph,hydrogenated,400.0,-51335.013843236215,290.6057435661604,-51012.39991650814,224.9943536971677,211.084192766748,-51094.05855995677,2.775033658072708,kcal/mol,cal/(mol K),0,C24H29FeN2OP,GFN2-xTB/ALPB toluene gsolv + qRRHO + 1M,data/campaign/thermochemistry/Fe_pyridine_pnn_Ph__hydrogenated/result.json,ff2ae39a0ffe4c0bc43efac0e91dc06ed35b4c82e9a51beeee632a7b088d595f,data/campaign/thermochemistry/Fe_pyridine_pnn_Ph__hydrogenated/result.json#/attempts/0/native_command,data/datasets/thermochemistry/export_protocol.json,data/campaign/thermochemistry/Fe_pyridine_pnn_Ph__hydrogenated/accepted_geometry.xyz,761400515eaae15e4e389b05de7a3032b690ce42fa3f51a75b9d76d27978fd21,data/campaign/thermochemistry/Fe_pyridine_pnn_Ph__hydrogenated/hessian_00.npz,98c3bb846fd31a76d2f1e9fc802d0b913564f4ae048c5e9e0240b3dff81a25eb,0,0,383.15,lowest G383.15 among eligible certificates; same geometry at all T,101325.0,1.0,100.0,0,1
Fe_pyridine_pnn_Ph|hydrogenated,Fe_pyridine_pnn_Ph,hydrogenated,410.0,-51335.013843236215,290.6057435661604,-51010.88600760102,228.73242951677867,214.58706803556757,-51096.00217759747,2.8645278981321125,kcal/mol,cal/(mol K),0,C24H29FeN2OP,GFN2-xTB/ALPB toluene gsolv + qRRHO + 1M,data/campaign/thermochemistry/Fe_pyridine_pnn_Ph__hydrogenated/result.json,ff2ae39a0ffe4c0bc43efac0e91dc06ed35b4c82e9a51beeee632a7b088d595f,data/campaign/thermochemistry/Fe_pyridine_pnn_Ph__hydrogenated/result.json#/attempts/0/native_command,data/datasets/thermochemistry/export_protocol.json,data/campaign/thermochemistry/Fe_pyridine_pnn_Ph__hydrogenated/accepted_geometry.xyz,761400515eaae15e4e389b05de7a3032b690ce42fa3f51a75b9d76d27978fd21,data/campaign/thermochemistry/Fe_pyridine_pnn_Ph__hydrogenated/hessian_00.npz,98c3bb846fd31a76d2f1e9fc802d0b913564f4ae048c5e9e0240b3dff81a25eb,0,0,383.15,lowest G383.15 among eligible certificates; same geometry at all T,101325.0,1.0,100.0,0,1
Fe_pyridine_pnn_Ph|hydrogenated,Fe_pyridine_pnn_Ph,hydrogenated,420.0,-51335.013843236215,290.6057435661604,-51009.340733236175,232.45601197007824,218.08093484777166,-51097.98021900202,2.954506870223601,kcal/mol,cal/(mol K),0,C24H29FeN2OP,GFN2-xTB/ALPB toluene gsolv + qRRHO + 1M,data/campaign/thermochemistry/Fe_pyridine_pnn_Ph__hydrogenated/result.json,ff2ae39a0ffe4c0bc43efac0e91dc06ed35b4c82e9a51beeee632a7b088d595f,data/campaign/thermochemistry/Fe_pyridine_pnn_Ph__hydrogenated/result.json#/attempts/0/native_command,data/datasets/thermochemistry/export_protocol.json,data/campaign/thermochemistry/Fe_pyridine_pnn_Ph__hydrogenated/accepted_geometry.xyz,761400515eaae15e4e389b05de7a3032b690ce42fa3f51a75b9d76d27978fd21,data/campaign/thermochemistry/Fe_pyridine_pnn_Ph__hydrogenated/hessian_00.npz,98c3bb846fd31a76d2f1e9fc802d0b913564f4ae048c5e9e0240b3dff81a25eb,0,0,383.15,lowest G383.15 among eligible certificates; same geometry at all T,101325.0,1.0,100.0,0,1
Fe_pyridine_pnn_Ph|hydrogenated,Fe_pyridine_pnn_Ph,hydrogenated,430.0,-51335.013843236215,290.6057435661604,-51007.76466027348,236.16444926003447,221.56489506813136,-51099.99260612188,3.044959030900024,kcal/mol,cal/(mol K),0,C24H29FeN2OP,GFN2-xTB/ALPB toluene gsolv + qRRHO + 1M,data/campaign/thermochemistry/Fe_pyridine_pnn_Ph__hydrogenated/result.json,ff2ae39a0ffe4c0bc43efac0e91dc06ed35b4c82e9a51beeee632a7b088d595f,data/campaign/thermochemistry/Fe_pyridine_pnn_Ph__hydrogenated/result.json#/attempts/0/native_command,data/datasets/thermochemistry/export_protocol.json,data/campaign/thermochemistry/Fe_pyridine_pnn_Ph__hydrogenated/accepted_geometry.xyz,761400515eaae15e4e389b05de7a3032b690ce42fa3f51a75b9d76d27978fd21,data/campaign/thermochemistry/Fe_pyridine_pnn_Ph__hydrogenated/hessian_00.npz,98c3bb846fd31a76d2f1e9fc802d0b913564f4ae048c5e9e0240b3dff81a25eb,0,0,383.15,lowest G383.15 among eligible certificates; same geometry at all T,101325.0,1.0,100.0,0,1
Fe_pyridine_pnn_Ph|hydrogenated,Fe_pyridine_pnn_Ph,hydrogenated,440.0,-51335.013843236215,290.6057435661604,-51006.15836293236,239.85711761302812,225.0380945834575,-51102.039251175316,3.135873373767528,kcal/mol,cal/(mol K),0,C24H29FeN2OP,GFN2-xTB/ALPB toluene gsolv + qRRHO + 1M,data/campaign/thermochemistry/Fe_pyridine_pnn_Ph__hydrogenated/result.json,ff2ae39a0ffe4c0bc43efac0e91dc06ed35b4c82e9a51beeee632a7b088d595f,data/campaign/thermochemistry/Fe_pyridine_pnn_Ph__hydrogenated/result.json#/attempts/0/native_command,data/datasets/thermochemistry/export_protocol.json,data/campaign/thermochemistry/Fe_pyridine_pnn_Ph__hydrogenated/accepted_geometry.xyz,761400515eaae15e4e389b05de7a3032b690ce42fa3f51a75b9d76d27978fd21,data/campaign/thermochemistry/Fe_pyridine_pnn_Ph__hydrogenated/hessian_00.npz,98c3bb846fd31a76d2f1e9fc802d0b913564f4ae048c5e9e0240b3dff81a25eb,0,0,383.15,lowest G383.15 among eligible certificates; same geometry at all T,101325.0,1.0,100.0,0,1
Fe_pyridine_pnn_Ph|protonated_reference,Fe_pyridine_pnn_Ph,protonated_reference,298.15,-50821.97939790934,289.2705051588432,-50514.944533473084,179.1686830178771,169.44038240667226,-50563.56885504214,1.894328445494145,kcal/mol,cal/(mol K),1,C24H28FeN2OP,GFN2-xTB/ALPB toluene gsolv + qRRHO + 1M,data/campaign/thermochemistry/Fe_pyridine_pnn_Ph__protonated_reference/result.json,40c9d9dff8c8151b5466c62497089c0d83670acf1e443bcd45b93ee148457384,data/campaign/thermochemistry/Fe_pyridine_pnn_Ph__protonated_reference/result.json#/attempts/0/native_command,data/datasets/thermochemistry/export_protocol.json,data/campaign/thermochemistry/Fe_pyridine_pnn_Ph__protonated_reference/accepted_geometry.xyz,a6e6a432bdbd08c4ad1b903c3a1296b9fc258c7da8fa8a6e9f2b1da24db58a29,data/campaign/thermochemistry/Fe_pyridine_pnn_Ph__protonated_reference/hessian_00.npz,1b4efdda8d0171c73d0f6ce20a4359b4dc098c1768bb80bee48a3712541f3002,1,0,383.15,lowest G383.15 among eligible certificates; same geometry at all T,101325.0,1.0,100.0,0,1
Fe_pyridine_pnn_Ph|protonated_reference,Fe_pyridine_pnn_Ph,protonated_reference,340.0,-50821.97939790934,289.2705051588432,-50509.98090205721,194.72654495957428,183.87405976362425,-50570.24910959248,2.248972784367174,kcal/mol,cal/(mol K),1,C24H28FeN2OP,GFN2-xTB/ALPB toluene gsolv + qRRHO + 1M,data/campaign/thermochemistry/Fe_pyridine_pnn_Ph__protonated_reference/result.json,40c9d9dff8c8151b5466c62497089c0d83670acf1e443bcd45b93ee148457384,data/campaign/thermochemistry/Fe_pyridine_pnn_Ph__protonated_reference/result.json#/attempts/0/native_command,data/datasets/thermochemistry/export_protocol.json,data/campaign/thermochemistry/Fe_pyridine_pnn_Ph__protonated_reference/accepted_geometry.xyz,a6e6a432bdbd08c4ad1b903c3a1296b9fc258c7da8fa8a6e9f2b1da24db58a29,data/campaign/thermochemistry/Fe_pyridine_pnn_Ph__protonated_reference/hessian_00.npz,1b4efdda8d0171c73d0f6ce20a4359b4dc098c1768bb80bee48a3712541f3002,1,0,383.15,lowest G383.15 among eligible certificates; same geometry at all T,101325.0,1.0,100.0,0,1
Fe_pyridine_pnn_Ph|protonated_reference,Fe_pyridine_pnn_Ph,protonated_reference,350.0,-50821.97939790934,289.2705051588432,-50508.705978479404,198.4219980426366,187.32039182064355,-50571.93283511905,2.3352804975836268,kcal/mol,cal/(mol K),1,C24H28FeN2OP,GFN2-xTB/ALPB toluene gsolv + qRRHO + 1M,data/campaign/thermochemistry/Fe_pyridine_pnn_Ph__protonated_reference/result.json,40c9d9dff8c8151b5466c62497089c0d83670acf1e443bcd45b93ee148457384,data/campaign/thermochemistry/Fe_pyridine_pnn_Ph__protonated_reference/result.json#/attempts/0/native_command,data/datasets/thermochemistry/export_protocol.json,data/campaign/thermochemistry/Fe_pyridine_pnn_Ph__protonated_reference/accepted_geometry.xyz,a6e6a432bdbd08c4ad1b903c3a1296b9fc258c7da8fa8a6e9f2b1da24db58a29,data/campaign/thermochemistry/Fe_pyridine_pnn_Ph__protonated_reference/hessian_00.npz,1b4efdda8d0171c73d0f6ce20a4359b4dc098c1768bb80bee48a3712541f3002,1,0,383.15,lowest G383.15 among eligible certificates; same geometry at all T,101325.0,1.0,100.0,0,1
Fe_pyridine_pnn_Ph|protonated_reference,Fe_pyridine_pnn_Ph,protonated_reference,360.0,-50821.97939790934,289.2705051588432,-50507.39750303474,202.107867582686,190.76384243827732,-50573.6503302518,2.422156060718619,kcal/mol,cal/(mol K),1,C24H28FeN2OP,GFN2-xTB/ALPB toluene gsolv + qRRHO + 1M,data/campaign/thermochemistry/Fe_pyridine_pnn_Ph__protonated_reference/result.json,40c9d9dff8c8151b5466c62497089c0d83670acf1e443bcd45b93ee148457384,data/campaign/thermochemistry/Fe_pyridine_pnn_Ph__protonated_reference/result.json#/attempts/0/native_command,data/datasets/thermochemistry/export_protocol.json,data/campaign/thermochemistry/Fe_pyridine_pnn_Ph__protonated_reference/accepted_geometry.xyz,a6e6a432bdbd08c4ad1b903c3a1296b9fc258c7da8fa8a6e9f2b1da24db58a29,data/campaign/thermochemistry/Fe_pyridine_pnn_Ph__protonated_reference/hessian_00.npz,1b4efdda8d0171c73d0f6ce20a4359b4dc098c1768bb80bee48a3712541f3002,1,0,383.15,lowest G383.15 among eligible certificates; same geometry at all T,101325.0,1.0,100.0,0,1
Fe_pyridine_pnn_Ph|protonated_reference,Fe_pyridine_pnn_Ph,protonated_reference,370.0,-50821.97939790934,289.2705051588432,-50506.055896698854,205.7835254367691,194.20343951194047,-50575.401585622225,2.509583696046293,kcal/mol,cal/(mol K),1,C24H28FeN2OP,GFN2-xTB/ALPB toluene gsolv + qRRHO + 1M,data/campaign/thermochemistry/Fe_pyridine_pnn_Ph__protonated_reference/result.json,40c9d9dff8c8151b5466c62497089c0d83670acf1e443bcd45b93ee148457384,data/campaign/thermochemistry/Fe_pyridine_pnn_Ph__protonated_reference/result.json#/attempts/0/native_command,data/datasets/thermochemistry/export_protocol.json,data/campaign/thermochemistry/Fe_pyridine_pnn_Ph__protonated_reference/accepted_geometry.xyz,a6e6a432bdbd08c4ad1b903c3a1296b9fc258c7da8fa8a6e9f2b1da24db58a29,data/campaign/thermochemistry/Fe_pyridine_pnn_Ph__protonated_reference/hessian_00.npz,1b4efdda8d0171c73d0f6ce20a4359b4dc098c1768bb80bee48a3712541f3002,1,0,383.15,lowest G383.15 among eligible certificates; same geometry at all T,101325.0,1.0,100.0,0,1
Fe_pyridine_pnn_Ph|protonated_reference,Fe_pyridine_pnn_Ph,protonated_reference,380.0,-50821.97939790934,289.2705051588432,-50504.681610933265,209.44831238264499,197.6382051409422,-50577.18658040781,2.597548479011341,kcal/mol,cal/(mol K),1,C24H28FeN2OP,GFN2-xTB/ALPB toluene gsolv + qRRHO + 1M,data/campaign/thermochemistry/Fe_pyridine_pnn_Ph__protonated_reference/result.json,40c9d9dff8c8151b5466c62497089c0d83670acf1e443bcd45b93ee148457384,data/campaign/thermochemistry/Fe_pyridine_pnn_Ph__protonated_reference/result.json#/attempts/0/native_command,data/datasets/thermochemistry/export_protocol.json,data/campaign/thermochemistry/Fe_pyridine_pnn_Ph__protonated_reference/accepted_geometry.xyz,a6e6a432bdbd08c4ad1b903c3a1296b9fc258c7da8fa8a6e9f2b1da24db58a29,data/campaign/thermochemistry/Fe_pyridine_pnn_Ph__protonated_reference/hessian_00.npz,1b4efdda8d0171c73d0f6ce20a4359b4dc098c1768bb80bee48a3712541f3002,1,0,383.15,lowest G383.15 among eligible certificates; same geometry at all T,101325.0,1.0,100.0,0,1
Fe_pyridine_pnn_Ph|protonated_reference,Fe_pyridine_pnn_Ph,protonated_reference,383.15,-50821.97939790934,289.2705051588432,-50504.24201828513,210.60036100127704,198.71900003629827,-50577.75583679346,2.625366355574337,kcal/mol,cal/(mol K),1,C24H28FeN2OP,GFN2-xTB/ALPB toluene gsolv + qRRHO + 1M,data/campaign/thermochemistry/Fe_pyridine_pnn_Ph__protonated_reference/result.json,40c9d9dff8c8151b5466c62497089c0d83670acf1e443bcd45b93ee148457384,data/campaign/thermochemistry/Fe_pyridine_pnn_Ph__protonated_reference/result.json#/attempts/0/native_command,data/datasets/thermochemistry/export_protocol.json,data/campaign/thermochemistry/Fe_pyridine_pnn_Ph__protonated_reference/accepted_geometry.xyz,a6e6a432bdbd08c4ad1b903c3a1296b9fc258c7da8fa8a6e9f2b1da24db58a29,data/campaign/thermochemistry/Fe_pyridine_pnn_Ph__protonated_reference/hessian_00.npz,1b4efdda8d0171c73d0f6ce20a4359b4dc098c1768bb80bee48a3712541f3002,1,0,383.15,lowest G383.15 among eligible certificates; same geometry at all T,101325.0,1.0,100.0,0,1
Fe_pyridine_pnn_Ph|protonated_reference,Fe_pyridine_pnn_Ph,protonated_reference,390.0,-50821.97939790934,289.2705051588432,-50503.27512328462,213.10155278312382,201.06716792764945,-50579.00528250556,2.686036270841015,kcal/mol,cal/(mol K),1,C24H28FeN2OP,GFN2-xTB/ALPB toluene gsolv + qRRHO + 1M,data/campaign/thermochemistry/Fe_pyridine_pnn_Ph__protonated_reference/result.json,40c9d9dff8c8151b5466c62497089c0d83670acf1e443bcd45b93ee148457384,data/campaign/thermochemistry/Fe_pyridine_pnn_Ph__protonated_reference/result.json#/attempts/0/native_command,data/datasets/thermochemistry/export_protocol.json,data/campaign/thermochemistry/Fe_pyridine_pnn_Ph__protonated_reference/accepted_geometry.xyz,a6e6a432bdbd08c4ad1b903c3a1296b9fc258c7da8fa8a6e9f2b1da24db58a29,data/campaign/thermochemistry/Fe_pyridine_pnn_Ph__protonated_reference/hessian_00.npz,1b4efdda8d0171c73d0f6ce20a4359b4dc098c1768bb80bee48a3712541f3002,1,0,383.15,lowest G383.15 among eligible certificates; same geometry at all T,101325.0,1.0,100.0,0,1
Fe_pyridine_pnn_Ph|protonated_reference,Fe_pyridine_pnn_Ph,protonated_reference,400.0,-50821.97939790934,289.2705051588432,-50501.836933142484,216.74256699288594,204.48937328260132,-50580.85764879745,2.775033658072708,kcal/mol,cal/(mol K),1,C24H28FeN2OP,GFN2-xTB/ALPB toluene gsolv + qRRHO + 1M,data/campaign/thermochemistry/Fe_pyridine_pnn_Ph__protonated_reference/result.json,40c9d9dff8c8151b5466c62497089c0d83670acf1e443bcd45b93ee148457384,data/campaign/thermochemistry/Fe_pyridine_pnn_Ph__protonated_reference/result.json#/attempts/0/native_command,data/datasets/thermochemistry/export_protocol.json,data/campaign/thermochemistry/Fe_pyridine_pnn_Ph__protonated_reference/accepted_geometry.xyz,a6e6a432bdbd08c4ad1b903c3a1296b9fc258c7da8fa8a6e9f2b1da24db58a29,data/campaign/thermochemistry/Fe_pyridine_pnn_Ph__protonated_reference/hessian_00.npz,1b4efdda8d0171c73d0f6ce20a4359b4dc098c1768bb80bee48a3712541f3002,1,0,383.15,lowest G383.15 among eligible certificates; same geometry at all T,101325.0,1.0,100.0,0,1
Fe_pyridine_pnn_Ph|protonated_reference,Fe_pyridine_pnn_Ph,protonated_reference,410.0,-50821.97939790934,289.2705051588432,-50500.36755771334,220.37068169888664,207.90389189326456,-50582.74362549144,2.8645278981321125,kcal/mol,cal/(mol K),1,C24H28FeN2OP,GFN2-xTB/ALPB toluene gsolv + qRRHO + 1M,data/campaign/thermochemistry/Fe_pyridine_pnn_Ph__protonated_reference/result.json,40c9d9dff8c8151b5466c62497089c0d83670acf1e443bcd45b93ee148457384,data/campaign/thermochemistry/Fe_pyridine_pnn_Ph__protonated_reference/result.json#/attempts/0/native_command,data/datasets/thermochemistry/export_protocol.json,data/campaign/thermochemistry/Fe_pyridine_pnn_Ph__protonated_reference/accepted_geometry.xyz,a6e6a432bdbd08c4ad1b903c3a1296b9fc258c7da8fa8a6e9f2b1da24db58a29,data/campaign/thermochemistry/Fe_pyridine_pnn_Ph__protonated_reference/hessian_00.npz,1b4efdda8d0171c73d0f6ce20a4359b4dc098c1768bb80bee48a3712541f3002,1,0,383.15,lowest G383.15 among eligible certificates; same geometry at all T,101325.0,1.0,100.0,0,1
Fe_pyridine_pnn_Ph|protonated_reference,Fe_pyridine_pnn_Ph,protonated_reference,420.0,-50821.97939790934,289.2705051588432,-50498.86752825214,223.98523839444755,211.30982652777152,-50584.663148523585,2.954506870223601,kcal/mol,cal/(mol K),1,C24H28FeN2OP,GFN2-xTB/ALPB toluene gsolv + qRRHO + 1M,data/campaign/thermochemistry/Fe_pyridine_pnn_Ph__protonated_reference/result.json,40c9d9dff8c8151b5466c62497089c0d83670acf1e443bcd45b93ee148457384,data/campaign/thermochemistry/Fe_pyridine_pnn_Ph__protonated_reference/result.json#/attempts/0/native_command,data/datasets/thermochemistry/export_protocol.json,data/campaign/thermochemistry/Fe_pyridine_pnn_Ph__protonated_reference/accepted_geometry.xyz,a6e6a432bdbd08c4ad1b903c3a1296b9fc258c7da8fa8a6e9f2b1da24db58a29,data/campaign/thermochemistry/Fe_pyridine_pnn_Ph__protonated_reference/hessian_00.npz,1b4efdda8d0171c73d0f6ce20a4359b4dc098c1768bb80bee48a3712541f3002,1,0,383.15,lowest G383.15 among eligible certificates; same geometry at all T,101325.0,1.0,100.0,0,1
Fe_pyridine_pnn_Ph|protonated_reference,Fe_pyridine_pnn_Ph,protonated_reference,430.0,-50821.97939790934,289.2705051588432,-50497.337386577565,227.58560018806665,214.70631734988046,-50586.616144007116,3.044959030900024,kcal/mol,cal/(mol K),1,C24H28FeN2OP,GFN2-xTB/ALPB toluene gsolv + qRRHO + 1M,data/campaign/thermochemistry/Fe_pyridine_pnn_Ph__protonated_reference/result.json,40c9d9dff8c8151b5466c62497089c0d83670acf1e443bcd45b93ee148457384,data/campaign/thermochemistry/Fe_pyridine_pnn_Ph__protonated_reference/result.json#/attempts/0/native_command,data/datasets/thermochemistry/export_protocol.json,data/campaign/thermochemistry/Fe_pyridine_pnn_Ph__protonated_reference/accepted_geometry.xyz,a6e6a432bdbd08c4ad1b903c3a1296b9fc258c7da8fa8a6e9f2b1da24db58a29,data/campaign/thermochemistry/Fe_pyridine_pnn_Ph__protonated_reference/hessian_00.npz,1b4efdda8d0171c73d0f6ce20a4359b4dc098c1768bb80bee48a3712541f3002,1,0,383.15,lowest G383.15 among eligible certificates; same geometry at all T,101325.0,1.0,100.0,0,1
Fe_pyridine_pnn_Ph|protonated_reference,Fe_pyridine_pnn_Ph,protonated_reference,440.0,-50821.97939790934,289.2705051588432,-50495.777681885775,231.17115714293942,218.09254591974158,-50588.60252871669,3.135873373767528,kcal/mol,cal/(mol K),1,C24H28FeN2OP,GFN2-xTB/ALPB toluene gsolv + qRRHO + 1M,data/campaign/thermochemistry/Fe_pyridine_pnn_Ph__protonated_reference/result.json,40c9d9dff8c8151b5466c62497089c0d83670acf1e443bcd45b93ee148457384,data/campaign/thermochemistry/Fe_pyridine_pnn_Ph__protonated_reference/result.json#/attempts/0/native_command,data/datasets/thermochemistry/export_protocol.json,data/campaign/thermochemistry/Fe_pyridine_pnn_Ph__protonated_reference/accepted_geometry.xyz,a6e6a432bdbd08c4ad1b903c3a1296b9fc258c7da8fa8a6e9f2b1da24db58a29,data/campaign/thermochemistry/Fe_pyridine_pnn_Ph__protonated_reference/hessian_00.npz,1b4efdda8d0171c73d0f6ce20a4359b4dc098c1768bb80bee48a3712541f3002,1,0,383.15,lowest G383.15 among eligible certificates; same geometry at all T,101325.0,1.0,100.0,0,1
Fe_pyridine_pnn_iPr|active,Fe_pyridine_pnn_iPr,active,298.15,-43904.19146887459,282.67881732556594,-43603.50075329574,178.4592095043923,170.6562506629093,-43652.48758598539,1.894328445494145,kcal/mol,cal/(mol K),0,C18H31FeN2OP,GFN2-xTB/ALPB toluene gsolv + qRRHO + 1M,data/campaign/thermochemistry/Fe_pyridine_pnn_iPr__active/result.json,77656e9f57205f0cfad801cf6dc41d704c664c0a244dc67e96869dbac6a62fbe,data/campaign/thermochemistry/Fe_pyridine_pnn_iPr__active/result.json#/attempts/0/native_command,data/datasets/thermochemistry/export_protocol.json,data/campaign/thermochemistry/Fe_pyridine_pnn_iPr__active/accepted_geometry.xyz,e86671950a63cee8ad913469c398c0a38c6413830c659f0b071ec23d3408c93f,data/campaign/thermochemistry/Fe_pyridine_pnn_iPr__active/hessian_00.npz,209904c351f21e96ca4b7c3891639452ca72c112cc3f08925a587670365998d1,0,0,383.15,lowest G383.15 among eligible certificates; same geometry at all T,101325.0,1.0,100.0,0,1
Fe_pyridine_pnn_iPr|active,Fe_pyridine_pnn_iPr,active,340.0,-43904.19146887459,282.67881732556594,-43598.75323401789,193.34205100495973,184.4439196942099,-43659.21519392956,2.248972784367174,kcal/mol,cal/(mol K),0,C18H31FeN2OP,GFN2-xTB/ALPB toluene gsolv + qRRHO + 1M,data/campaign/thermochemistry/Fe_pyridine_pnn_iPr__active/result.json,77656e9f57205f0cfad801cf6dc41d704c664c0a244dc67e96869dbac6a62fbe,data/campaign/thermochemistry/Fe_pyridine_pnn_iPr__active/result.json#/attempts/0/native_command,data/datasets/thermochemistry/export_protocol.json,data/campaign/thermochemistry/Fe_pyridine_pnn_iPr__active/accepted_geometry.xyz,e86671950a63cee8ad913469c398c0a38c6413830c659f0b071ec23d3408c93f,data/campaign/thermochemistry/Fe_pyridine_pnn_iPr__active/hessian_00.npz,209904c351f21e96ca4b7c3891639452ca72c112cc3f08925a587670365998d1,0,0,383.15,lowest G383.15 among eligible certificates; same geometry at all T,101325.0,1.0,100.0,0,1
Fe_pyridine_pnn_iPr|active,Fe_pyridine_pnn_iPr,active,350.0,-43904.19146887459,282.67881732556594,-43597.54362315683,196.8482139373364,187.70715512336062,-43660.905846952424,2.3352804975836268,kcal/mol,cal/(mol K),0,C18H31FeN2OP,GFN2-xTB/ALPB toluene gsolv + qRRHO + 1M,data/campaign/thermochemistry/Fe_pyridine_pnn_iPr__active/result.json,77656e9f57205f0cfad801cf6dc41d704c664c0a244dc67e96869dbac6a62fbe,data/campaign/thermochemistry/Fe_pyridine_pnn_iPr__active/result.json#/attempts/0/native_command,data/datasets/thermochemistry/export_protocol.json,data/campaign/thermochemistry/Fe_pyridine_pnn_iPr__active/accepted_geometry.xyz,e86671950a63cee8ad913469c398c0a38c6413830c659f0b071ec23d3408c93f,data/campaign/thermochemistry/Fe_pyridine_pnn_iPr__active/hessian_00.npz,209904c351f21e96ca4b7c3891639452ca72c112cc3f08925a587670365998d1,0,0,383.15,lowest G383.15 among eligible certificates; same geometry at all T,101325.0,1.0,100.0,0,1
Fe_pyridine_pnn_iPr|active,Fe_pyridine_pnn_iPr,active,360.0,-43904.19146887459,282.67881732556594,-43596.30542785152,200.3361304965724,190.95860815367416,-43662.628370726125,2.422156060718619,kcal/mol,cal/(mol K),0,C18H31FeN2OP,GFN2-xTB/ALPB toluene gsolv + qRRHO + 1M,data/campaign/thermochemistry/Fe_pyridine_pnn_iPr__active/result.json,77656e9f57205f0cfad801cf6dc41d704c664c0a244dc67e96869dbac6a62fbe,data/campaign/thermochemistry/Fe_pyridine_pnn_iPr__active/result.json#/attempts/0/native_command,data/datasets/thermochemistry/export_protocol.json,data/campaign/thermochemistry/Fe_pyridine_pnn_iPr__active/accepted_geometry.xyz,e86671950a63cee8ad913469c398c0a38c6413830c659f0b071ec23d3408c93f,data/campaign/thermochemistry/Fe_pyridine_pnn_iPr__active/hessian_00.npz,209904c351f21e96ca4b7c3891639452ca72c112cc3f08925a587670365998d1,0,0,383.15,lowest G383.15 among eligible certificates; same geometry at all T,101325.0,1.0,100.0,0,1
Fe_pyridine_pnn_iPr|active,Fe_pyridine_pnn_iPr,active,370.0,-43904.19146887459,282.67881732556594,-43595.03891192349,203.80607793295817,194.19823020857493,-43664.382673404616,2.509583696046293,kcal/mol,cal/(mol K),0,C18H31FeN2OP,GFN2-xTB/ALPB toluene gsolv + qRRHO + 1M,data/campaign/thermochemistry/Fe_pyridine_pnn_iPr__active/result.json,77656e9f57205f0cfad801cf6dc41d704c664c0a244dc67e96869dbac6a62fbe,data/campaign/thermochemistry/Fe_pyridine_pnn_iPr__active/result.json#/attempts/0/native_command,data/datasets/thermochemistry/export_protocol.json,data/campaign/thermochemistry/Fe_pyridine_pnn_iPr__active/accepted_geometry.xyz,e86671950a63cee8ad913469c398c0a38c6413830c659f0b071ec23d3408c93f,data/campaign/thermochemistry/Fe_pyridine_pnn_iPr__active/hessian_00.npz,209904c351f21e96ca4b7c3891639452ca72c112cc3f08925a587670365998d1,0,0,383.15,lowest G383.15 among eligible certificates; same geometry at all T,101325.0,1.0,100.0,0,1
Fe_pyridine_pnn_iPr|active,Fe_pyridine_pnn_iPr,active,380.0,-43904.19146887459,282.67881732556594,-43593.74436787226,207.2582347991835,197.4258973244155,-43666.168660376534,2.597548479011341,kcal/mol,cal/(mol K),0,C18H31FeN2OP,GFN2-xTB/ALPB toluene gsolv + qRRHO + 1M,data/campaign/thermochemistry/Fe_pyridine_pnn_iPr__active/result.json,77656e9f57205f0cfad801cf6dc41d704c664c0a244dc67e96869dbac6a62fbe,data/campaign/thermochemistry/Fe_pyridine_pnn_iPr__active/result.json#/attempts/0/native_command,data/datasets/thermochemistry/export_protocol.json,data/campaign/thermochemistry/Fe_pyridine_pnn_iPr__active/accepted_geometry.xyz,e86671950a63cee8ad913469c398c0a38c6413830c659f0b071ec23d3408c93f,data/campaign/thermochemistry/Fe_pyridine_pnn_iPr__active/hessian_00.npz,209904c351f21e96ca4b7c3891639452ca72c112cc3f08925a587670365998d1,0,0,383.15,lowest G383.15 among eligible certificates; same geometry at all T,101325.0,1.0,100.0,0,1
Fe_pyridine_pnn_iPr|active,Fe_pyridine_pnn_iPr,active,383.15,-43904.19146887459,282.67881732556594,-43593.33083171727,208.3419971406476,198.4401085229627,-43666.737792942266,2.625366355574337,kcal/mol,cal/(mol K),0,C18H31FeN2OP,GFN2-xTB/ALPB toluene gsolv + qRRHO + 1M,data/campaign/thermochemistry/Fe_pyridine_pnn_iPr__active/result.json,77656e9f57205f0cfad801cf6dc41d704c664c0a244dc67e96869dbac6a62fbe,data/campaign/thermochemistry/Fe_pyridine_pnn_iPr__active/result.json#/attempts/0/native_command,data/datasets/thermochemistry/export_protocol.json,data/campaign/thermochemistry/Fe_pyridine_pnn_iPr__active/accepted_geometry.xyz,e86671950a63cee8ad913469c398c0a38c6413830c659f0b071ec23d3408c93f,data/campaign/thermochemistry/Fe_pyridine_pnn_iPr__active/hessian_00.npz,209904c351f21e96ca4b7c3891639452ca72c112cc3f08925a587670365998d1,0,0,383.15,lowest G383.15 among eligible certificates; same geometry at all T,101325.0,1.0,100.0,0,1
Fe_pyridine_pnn_iPr|active,Fe_pyridine_pnn_iPr,active,390.0,-43904.19146887459,282.67881732556594,-43592.422113798355,210.69269920142915,200.641426305798,-43667.986233786774,2.686036270841015,kcal/mol,cal/(mol K),0,C18H31FeN2OP,GFN2-xTB/ALPB toluene gsolv + qRRHO + 1M,data/campaign/thermochemistry/Fe_pyridine_pnn_iPr__active/result.json,77656e9f57205f0cfad801cf6dc41d704c664c0a244dc67e96869dbac6a62fbe,data/campaign/thermochemistry/Fe_pyridine_pnn_iPr__active/result.json#/attempts/0/native_command,data/datasets/thermochemistry/export_protocol.json,data/campaign/thermochemistry/Fe_pyridine_pnn_iPr__active/accepted_geometry.xyz,e86671950a63cee8ad913469c398c0a38c6413830c659f0b071ec23d3408c93f,data/campaign/thermochemistry/Fe_pyridine_pnn_iPr__active/hessian_00.npz,209904c351f21e96ca4b7c3891639452ca72c112cc3f08925a587670365998d1,0,0,383.15,lowest G383.15 among eligible certificates; same geometry at all T,101325.0,1.0,100.0,0,1
Fe_pyridine_pnn_iPr|active,Fe_pyridine_pnn_iPr,active,400.0,-43904.19146887459,282.67881732556594,-43591.072490252445,214.10950492708233,203.8445889776769,-43669.835292185446,2.775033658072708,kcal/mol,cal/(mol K),0,C18H31FeN2OP,GFN2-xTB/ALPB toluene gsolv + qRRHO + 1M,data/campaign/thermochemistry/Fe_pyridine_pnn_iPr__active/result.json,77656e9f57205f0cfad801cf6dc41d704c664c0a244dc67e96869dbac6a62fbe,data/campaign/thermochemistry/Fe_pyridine_pnn_iPr__active/result.json#/attempts/0/native_command,data/datasets/thermochemistry/export_protocol.json,data/campaign/thermochemistry/Fe_pyridine_pnn_iPr__active/accepted_geometry.xyz,e86671950a63cee8ad913469c398c0a38c6413830c659f0b071ec23d3408c93f,data/campaign/thermochemistry/Fe_pyridine_pnn_iPr__active/hessian_00.npz,209904c351f21e96ca4b7c3891639452ca72c112cc3f08925a587670365998d1,0,0,383.15,lowest G383.15 among eligible certificates; same geometry at all T,101325.0,1.0,100.0,0,1
Fe_pyridine_pnn_iPr|active,Fe_pyridine_pnn_iPr,active,410.0,-43904.19146887459,282.67881732556594,-43589.69585710028,217.50863554230114,207.0351246019537,-43671.715730288946,2.8645278981321125,kcal/mol,cal/(mol K),0,C18H31FeN2OP,GFN2-xTB/ALPB toluene gsolv + qRRHO + 1M,data/campaign/thermochemistry/Fe_pyridine_pnn_iPr__active/result.json,77656e9f57205f0cfad801cf6dc41d704c664c0a244dc67e96869dbac6a62fbe,data/campaign/thermochemistry/Fe_pyridine_pnn_iPr__active/result.json#/attempts/0/native_command,data/datasets/thermochemistry/export_protocol.json,data/campaign/thermochemistry/Fe_pyridine_pnn_iPr__active/accepted_geometry.xyz,e86671950a63cee8ad913469c398c0a38c6413830c659f0b071ec23d3408c93f,data/campaign/thermochemistry/Fe_pyridine_pnn_iPr__active/hessian_00.npz,209904c351f21e96ca4b7c3891639452ca72c112cc3f08925a587670365998d1,0,0,383.15,lowest G383.15 among eligible certificates; same geometry at all T,101325.0,1.0,100.0,0,1
Fe_pyridine_pnn_iPr|active,Fe_pyridine_pnn_iPr,active,420.0,-43904.19146887459,282.67881732556594,-43588.292590472636,220.890036585629,210.2127505623083,-43673.62743883859,2.954506870223601,kcal/mol,cal/(mol K),0,C18H31FeN2OP,GFN2-xTB/ALPB toluene gsolv + qRRHO + 1M,data/campaign/thermochemistry/Fe_pyridine_pnn_iPr__active/result.json,77656e9f57205f0cfad801cf6dc41d704c664c0a244dc67e96869dbac6a62fbe,data/campaign/thermochemistry/Fe_pyridine_pnn_iPr__active/result.json#/attempts/0/native_command,data/datasets/thermochemistry/export_protocol.json,data/campaign/thermochemistry/Fe_pyridine_pnn_iPr__active/accepted_geometry.xyz,e86671950a63cee8ad913469c398c0a38c6413830c659f0b071ec23d3408c93f,data/campaign/thermochemistry/Fe_pyridine_pnn_iPr__active/hessian_00.npz,209904c351f21e96ca4b7c3891639452ca72c112cc3f08925a587670365998d1,0,0,383.15,lowest G383.15 among eligible certificates; same geometry at all T,101325.0,1.0,100.0,0,1
Fe_pyridine_pnn_iPr|active,Fe_pyridine_pnn_iPr,active,430.0,-43904.19146887459,282.67881732556594,-43586.863079852505,224.25362600421096,213.3771714440853,-43675.57030454256,3.044959030900024,kcal/mol,cal/(mol K),0,C18H31FeN2OP,GFN2-xTB/ALPB toluene gsolv + qRRHO + 1M,data/campaign/thermochemistry/Fe_pyridine_pnn_iPr__active/result.json,77656e9f57205f0cfad801cf6dc41d704c664c0a244dc67e96869dbac6a62fbe,data/campaign/thermochemistry/Fe_pyridine_pnn_iPr__active/result.json#/attempts/0/native_command,data/datasets/thermochemistry/export_protocol.json,data/campaign/thermochemistry/Fe_pyridine_pnn_iPr__active/accepted_geometry.xyz,e86671950a63cee8ad913469c398c0a38c6413830c659f0b071ec23d3408c93f,data/campaign/thermochemistry/Fe_pyridine_pnn_iPr__active/hessian_00.npz,209904c351f21e96ca4b7c3891639452ca72c112cc3f08925a587670365998d1,0,0,383.15,lowest G383.15 among eligible certificates; same geometry at all T,101325.0,1.0,100.0,0,1
Fe_pyridine_pnn_iPr|active,Fe_pyridine_pnn_iPr,active,440.0,-43904.19146887459,282.67881732556594,-43585.407725336336,227.5993029897233,216.52808664901914,-43677.54421008814,3.135873373767528,kcal/mol,cal/(mol K),0,C18H31FeN2OP,GFN2-xTB/ALPB toluene gsolv + qRRHO + 1M,data/campaign/thermochemistry/Fe_pyridine_pnn_iPr__active/result.json,77656e9f57205f0cfad801cf6dc41d704c664c0a244dc67e96869dbac6a62fbe,data/campaign/thermochemistry/Fe_pyridine_pnn_iPr__active/result.json#/attempts/0/native_command,data/datasets/thermochemistry/export_protocol.json,data/campaign/thermochemistry/Fe_pyridine_pnn_iPr__active/accepted_geometry.xyz,e86671950a63cee8ad913469c398c0a38c6413830c659f0b071ec23d3408c93f,data/campaign/thermochemistry/Fe_pyridine_pnn_iPr__active/hessian_00.npz,209904c351f21e96ca4b7c3891639452ca72c112cc3f08925a587670365998d1,0,0,383.15,lowest G383.15 among eligible certificates; same geometry at all T,101325.0,1.0,100.0,0,1
Fe_pyridine_pnn_iPr|hydrogenated,Fe_pyridine_pnn_iPr,hydrogenated,298.15,-44572.80115613527,296.89083381930163,-44258.19249364414,175.01429525422165,168.1952679309096,-44306.44558433225,1.894328445494145,kcal/mol,cal/(mol K),0,C18H33FeN2OP,GFN2-xTB/ALPB toluene gsolv + qRRHO + 1M,data/campaign/thermochemistry/Fe_pyridine_pnn_iPr__hydrogenated/result.json,497604e48ea69dae4c3b5a7cb4064ae2432c4880e4ffb27da9e6ff50611de96f,data/campaign/thermochemistry/Fe_pyridine_pnn_iPr__hydrogenated/result.json#/attempts/0/native_command,data/datasets/thermochemistry/export_protocol.json,data/campaign/thermochemistry/Fe_pyridine_pnn_iPr__hydrogenated/accepted_geometry.xyz,23e5cb2c3c6e0b0f69afad7fc72a6a679d3171012da4fb0889cc3898c6da1be9,data/campaign/thermochemistry/Fe_pyridine_pnn_iPr__hydrogenated/hessian_00.npz,f20b7380d155c8d22401ee38cae4c9b6a63a098a6b1744db2f0438ab1e997ed7,3,0,383.15,lowest G383.15 among eligible certificates; same geometry at all T,101325.0,1.0,100.0,0,1
Fe_pyridine_pnn_iPr|hydrogenated,Fe_pyridine_pnn_iPr,hydrogenated,340.0,-44572.80115613527,296.89083381930163,-44253.426018993865,189.95564516088075,182.12204834050857,-44313.098542645275,2.248972784367174,kcal/mol,cal/(mol K),0,C18H33FeN2OP,GFN2-xTB/ALPB toluene gsolv + qRRHO + 1M,data/campaign/thermochemistry/Fe_pyridine_pnn_iPr__hydrogenated/result.json,497604e48ea69dae4c3b5a7cb4064ae2432c4880e4ffb27da9e6ff50611de96f,data/campaign/thermochemistry/Fe_pyridine_pnn_iPr__hydrogenated/result.json#/attempts/0/native_command,data/datasets/thermochemistry/export_protocol.json,data/campaign/thermochemistry/Fe_pyridine_pnn_iPr__hydrogenated/accepted_geometry.xyz,23e5cb2c3c6e0b0f69afad7fc72a6a679d3171012da4fb0889cc3898c6da1be9,data/campaign/thermochemistry/Fe_pyridine_pnn_iPr__hydrogenated/hessian_00.npz,f20b7380d155c8d22401ee38cae4c9b6a63a098a6b1744db2f0438ab1e997ed7,3,0,383.15,lowest G383.15 among eligible certificates; same geometry at all T,101325.0,1.0,100.0,0,1
Fe_pyridine_pnn_iPr|hydrogenated,Fe_pyridine_pnn_iPr,hydrogenated,350.0,-44572.80115613527,296.89083381930163,-44252.207586831806,193.487367129552,185.42865996739607,-44314.772337322815,2.3352804975836268,kcal/mol,cal/(mol K),0,C18H33FeN2OP,GFN2-xTB/ALPB toluene gsolv + qRRHO + 1M,data/campaign/thermochemistry/Fe_pyridine_pnn_iPr__hydrogenated/result.json,497604e48ea69dae4c3b5a7cb4064ae2432c4880e4ffb27da9e6ff50611de96f,data/campaign/thermochemistry/Fe_pyridine_pnn_iPr__hydrogenated/result.json#/attempts/0/native_command,data/datasets/thermochemistry/export_protocol.json,data/campaign/thermochemistry/Fe_pyridine_pnn_iPr__hydrogenated/accepted_geometry.xyz,23e5cb2c3c6e0b0f69afad7fc72a6a679d3171012da4fb0889cc3898c6da1be9,data/campaign/thermochemistry/Fe_pyridine_pnn_iPr__hydrogenated/hessian_00.npz,f20b7380d155c8d22401ee38cae4c9b6a63a098a6b1744db2f0438ab1e997ed7,3,0,383.15,lowest G383.15 among eligible certificates; same geometry at all T,101325.0,1.0,100.0,0,1
Fe_pyridine_pnn_iPr|hydrogenated,Fe_pyridine_pnn_iPr,hydrogenated,360.0,-44572.80115613527,296.89083381930163,-44250.958890737566,197.00485421307675,188.7270074475869,-44316.47845735798,2.422156060718619,kcal/mol,cal/(mol K),0,C18H33FeN2OP,GFN2-xTB/ALPB toluene gsolv + qRRHO + 1M,data/campaign/thermochemistry/Fe_pyridine_pnn_iPr__hydrogenated/result.json,497604e48ea69dae4c3b5a7cb4064ae2432c4880e4ffb27da9e6ff50611de96f,data/campaign/thermochemistry/Fe_pyridine_pnn_iPr__hydrogenated/result.json#/attempts/0/native_command,data/datasets/thermochemistry/export_protocol.json,data/campaign/thermochemistry/Fe_pyridine_pnn_iPr__hydrogenated/accepted_geometry.xyz,23e5cb2c3c6e0b0f69afad7fc72a6a679d3171012da4fb0889cc3898c6da1be9,data/campaign/thermochemistry/Fe_pyridine_pnn_iPr__hydrogenated/hessian_00.npz,f20b7380d155c8d22401ee38cae4c9b6a63a098a6b1744db2f0438ab1e997ed7,3,0,383.15,lowest G383.15 among eligible certificates; same geometry at all T,101325.0,1.0,100.0,0,1
Fe_pyridine_pnn_iPr|hydrogenated,Fe_pyridine_pnn_iPr,hydrogenated,370.0,-44572.80115613527,296.89083381930163,-44249.68019258225,200.50816918685297,192.01685404905055,-44318.21684488435,2.509583696046293,kcal/mol,cal/(mol K),0,C18H33FeN2OP,GFN2-xTB/ALPB toluene gsolv + qRRHO + 1M,data/campaign/thermochemistry/Fe_pyridine_pnn_iPr__hydrogenated/result.json,497604e48ea69dae4c3b5a7cb4064ae2432c4880e4ffb27da9e6ff50611de96f,data/campaign/thermochemistry/Fe_pyridine_pnn_iPr__hydrogenated/result.json#/attempts/0/native_command,data/datasets/thermochemistry/export_protocol.json,data/campaign/thermochemistry/Fe_pyridine_pnn_iPr__hydrogenated/accepted_geometry.xyz,23e5cb2c3c6e0b0f69afad7fc72a6a679d3171012da4fb0889cc3898c6da1be9,data/campaign/thermochemistry/Fe_pyridine_pnn_iPr__hydrogenated/hessian_00.npz,f20b7380d155c8d22401ee38cae4c9b6a63a098a6b1744db2f0438ab1e997ed7,3,0,383.15,lowest G383.15 among eligible certificates; same geometry at all T,101325.0,1.0,100.0,0,1
Fe_pyridine_pnn_iPr|hydrogenated,Fe_pyridine_pnn_iPr,hydrogenated,380.0,-44572.80115613527,296.89083381930163,-44248.37178736112,203.9972814281139,195.2978909199918,-44319.9874374317,2.597548479011341,kcal/mol,cal/(mol K),0,C18H33FeN2OP,GFN2-xTB/ALPB toluene gsolv + qRRHO + 1M,data/campaign/thermochemistry/Fe_pyridine_pnn_iPr__hydrogenated/result.json,497604e48ea69dae4c3b5a7cb4064ae2432c4880e4ffb27da9e6ff50611de96f,data/campaign/thermochemistry/Fe_pyridine_pnn_iPr__hydrogenated/result.json#/attempts/0/native_command,data/datasets/thermochemistry/export_protocol.json,data/campaign/thermochemistry/Fe_pyridine_pnn_iPr__hydrogenated/accepted_geometry.xyz,23e5cb2c3c6e0b0f69afad7fc72a6a679d3171012da4fb0889cc3898c6da1be9,data/campaign/thermochemistry/Fe_pyridine_pnn_iPr__hydrogenated/hessian_00.npz,f20b7380d155c8d22401ee38cae4c9b6a63a098a6b1744db2f0438ab1e997ed7,3,0,383.15,lowest G383.15 among eligible certificates; same geometry at all T,101325.0,1.0,100.0,0,1
Fe_pyridine_pnn_iPr|hydrogenated,Fe_pyridine_pnn_iPr,hydrogenated,383.15,-44572.80115613527,296.89083381930163,-44247.95353813505,205.09339516509354,196.32953600565168,-44320.55183350004,2.625366355574337,kcal/mol,cal/(mol K),0,C18H33FeN2OP,GFN2-xTB/ALPB toluene gsolv + qRRHO + 1M,data/campaign/thermochemistry/Fe_pyridine_pnn_iPr__hydrogenated/result.json,497604e48ea69dae4c3b5a7cb4064ae2432c4880e4ffb27da9e6ff50611de96f,data/campaign/thermochemistry/Fe_pyridine_pnn_iPr__hydrogenated/result.json#/attempts/0/native_command,data/datasets/thermochemistry/export_protocol.json,data/campaign/thermochemistry/Fe_pyridine_pnn_iPr__hydrogenated/accepted_geometry.xyz,23e5cb2c3c6e0b0f69afad7fc72a6a679d3171012da4fb0889cc3898c6da1be9,data/campaign/thermochemistry/Fe_pyridine_pnn_iPr__hydrogenated/hessian_00.npz,f20b7380d155c8d22401ee38cae4c9b6a63a098a6b1744db2f0438ab1e997ed7,3,0,383.15,lowest G383.15 among eligible certificates; same geometry at all T,101325.0,1.0,100.0,0,1
Fe_pyridine_pnn_iPr|hydrogenated,Fe_pyridine_pnn_iPr,hydrogenated,390.0,-44572.80115613527,296.89083381930163,-44247.03399959302,207.47208597690954,198.5697542560497,-44321.79016748204,2.686036270841015,kcal/mol,cal/(mol K),0,C18H33FeN2OP,GFN2-xTB/ALPB toluene gsolv + qRRHO + 1M,data/campaign/thermochemistry/Fe_pyridine_pnn_iPr__hydrogenated/result.json,497604e48ea69dae4c3b5a7cb4064ae2432c4880e4ffb27da9e6ff50611de96f,data/campaign/thermochemistry/Fe_pyridine_pnn_iPr__hydrogenated/result.json#/attempts/0/native_command,data/datasets/thermochemistry/export_protocol.json,data/campaign/thermochemistry/Fe_pyridine_pnn_iPr__hydrogenated/accepted_geometry.xyz,23e5cb2c3c6e0b0f69afad7fc72a6a679d3171012da4fb0889cc3898c6da1be9,data/campaign/thermochemistry/Fe_pyridine_pnn_iPr__hydrogenated/hessian_00.npz,f20b7380d155c8d22401ee38cae4c9b6a63a098a6b1744db2f0438ab1e997ed7,3,0,383.15,lowest G383.15 among eligible certificates; same geometry at all T,101325.0,1.0,100.0,0,1
Fe_pyridine_pnn_iPr|hydrogenated,Fe_pyridine_pnn_iPr,hydrogenated,400.0,-44572.80115613527,296.89083381930163,-44245.66717968322,210.93242027674273,201.83204034306047,-44323.62496216237,2.775033658072708,kcal/mol,cal/(mol K),0,C18H33FeN2OP,GFN2-xTB/ALPB toluene gsolv + qRRHO + 1M,data/campaign/thermochemistry/Fe_pyridine_pnn_iPr__hydrogenated/result.json,497604e48ea69dae4c3b5a7cb4064ae2432c4880e4ffb27da9e6ff50611de96f,data/campaign/thermochemistry/Fe_pyridine_pnn_iPr__hydrogenated/result.json#/attempts/0/native_command,data/datasets/thermochemistry/export_protocol.json,data/campaign/thermochemistry/Fe_pyridine_pnn_iPr__hydrogenated/accepted_geometry.xyz,23e5cb2c3c6e0b0f69afad7fc72a6a679d3171012da4fb0889cc3898c6da1be9,data/campaign/thermochemistry/Fe_pyridine_pnn_iPr__hydrogenated/hessian_00.npz,f20b7380d155c8d22401ee38cae4c9b6a63a098a6b1744db2f0438ab1e997ed7,3,0,383.15,lowest G383.15 among eligible certificates; same geometry at all T,101325.0,1.0,100.0,0,1
Fe_pyridine_pnn_iPr|hydrogenated,Fe_pyridine_pnn_iPr,hydrogenated,410.0,-44572.80115613527,296.89083381930163,-44244.27170034017,214.37807871515614,205.08431857354174,-44325.49174305719,2.8645278981321125,kcal/mol,cal/(mol K),0,C18H33FeN2OP,GFN2-xTB/ALPB toluene gsolv + qRRHO + 1M,data/campaign/thermochemistry/Fe_pyridine_pnn_iPr__hydrogenated/result.json,497604e48ea69dae4c3b5a7cb4064ae2432c4880e4ffb27da9e6ff50611de96f,data/campaign/thermochemistry/Fe_pyridine_pnn_iPr__hydrogenated/result.json#/attempts/0/native_command,data/datasets/thermochemistry/export_protocol.json,data/campaign/thermochemistry/Fe_pyridine_pnn_iPr__hydrogenated/accepted_geometry.xyz,23e5cb2c3c6e0b0f69afad7fc72a6a679d3171012da4fb0889cc3898c6da1be9,data/campaign/thermochemistry/Fe_pyridine_pnn_iPr__hydrogenated/hessian_00.npz,f20b7380d155c8d22401ee38cae4c9b6a63a098a6b1744db2f0438ab1e997ed7,3,0,383.15,lowest G383.15 among eligible certificates; same geometry at all T,101325.0,1.0,100.0,0,1
Fe_pyridine_pnn_iPr|hydrogenated,Fe_pyridine_pnn_iPr,hydrogenated,420.0,-44572.80115613527,296.89083381930163,-44242.84795311513,217.80882511549206,208.3261425685112,-44327.39042612368,2.954506870223601,kcal/mol,cal/(mol K),0,C18H33FeN2OP,GFN2-xTB/ALPB toluene gsolv + qRRHO + 1M,data/campaign/thermochemistry/Fe_pyridine_pnn_iPr__hydrogenated/result.json,497604e48ea69dae4c3b5a7cb4064ae2432c4880e4ffb27da9e6ff50611de96f,data/campaign/thermochemistry/Fe_pyridine_pnn_iPr__hydrogenated/result.json#/attempts/0/native_command,data/datasets/thermochemistry/export_protocol.json,data/campaign/thermochemistry/Fe_pyridine_pnn_iPr__hydrogenated/accepted_geometry.xyz,23e5cb2c3c6e0b0f69afad7fc72a6a679d3171012da4fb0889cc3898c6da1be9,data/campaign/thermochemistry/Fe_pyridine_pnn_iPr__hydrogenated/hessian_00.npz,f20b7380d155c8d22401ee38cae4c9b6a63a098a6b1744db2f0438ab1e997ed7,3,0,383.15,lowest G383.15 among eligible certificates; same geometry at all T,101325.0,1.0,100.0,0,1
Fe_pyridine_pnn_iPr|hydrogenated,Fe_pyridine_pnn_iPr,hydrogenated,430.0,-44572.80115613527,296.89083381930163,-44241.39634511624,221.2244033490593,211.55705955654668,-44329.320921694656,3.044959030900024,kcal/mol,cal/(mol K),0,C18H33FeN2OP,GFN2-xTB/ALPB toluene gsolv + qRRHO + 1M,data/campaign/thermochemistry/Fe_pyridine_pnn_iPr__hydrogenated/result.json,497604e48ea69dae4c3b5a7cb4064ae2432c4880e4ffb27da9e6ff50611de96f,data/campaign/thermochemistry/Fe_pyridine_pnn_iPr__hydrogenated/result.json#/attempts/0/native_command,data/datasets/thermochemistry/export_protocol.json,data/campaign/thermochemistry/Fe_pyridine_pnn_iPr__hydrogenated/accepted_geometry.xyz,23e5cb2c3c6e0b0f69afad7fc72a6a679d3171012da4fb0889cc3898c6da1be9,data/campaign/thermochemistry/Fe_pyridine_pnn_iPr__hydrogenated/hessian_00.npz,f20b7380d155c8d22401ee38cae4c9b6a63a098a6b1744db2f0438ab1e997ed7,3,0,383.15,lowest G383.15 among eligible certificates; same geometry at all T,101325.0,1.0,100.0,0,1
Fe_pyridine_pnn_iPr|hydrogenated,Fe_pyridine_pnn_iPr,hydrogenated,440.0,-44572.80115613527,296.89083381930163,-44239.917295932035,224.62454624508874,214.77661817218865,-44331.28313455403,3.135873373767528,kcal/mol,cal/(mol K),0,C18H33FeN2OP,GFN2-xTB/ALPB toluene gsolv + qRRHO + 1M,data/campaign/thermochemistry/Fe_pyridine_pnn_iPr__hydrogenated/result.json,497604e48ea69dae4c3b5a7cb4064ae2432c4880e4ffb27da9e6ff50611de96f,data/campaign/thermochemistry/Fe_pyridine_pnn_iPr__hydrogenated/result.json#/attempts/0/native_command,data/datasets/thermochemistry/export_protocol.json,data/campaign/thermochemistry/Fe_pyridine_pnn_iPr__hydrogenated/accepted_geometry.xyz,23e5cb2c3c6e0b0f69afad7fc72a6a679d3171012da4fb0889cc3898c6da1be9,data/campaign/thermochemistry/Fe_pyridine_pnn_iPr__hydrogenated/hessian_00.npz,f20b7380d155c8d22401ee38cae4c9b6a63a098a6b1744db2f0438ab1e997ed7,3,0,383.15,lowest G383.15 among eligible certificates; same geometry at all T,101325.0,1.0,100.0,0,1
Fe_pyridine_pnn_iPr|protonated_reference,Fe_pyridine_pnn_iPr,protonated_reference,298.15,-44048.35134517787,292.314547060012,-43738.38663086183,175.47620520897692,168.0424601442072,-43786.59416190833,1.894328445494145,kcal/mol,cal/(mol K),1,C18H32FeN2OP,GFN2-xTB/ALPB toluene gsolv + qRRHO + 1M,data/campaign/thermochemistry/Fe_pyridine_pnn_iPr__protonated_reference/result.json,236f3deba353dc7290193aed4047c2646dc4e2e810ee370928221e666e253fae,data/campaign/thermochemistry/Fe_pyridine_pnn_iPr__protonated_reference/result.json#/attempts/0/native_command,data/datasets/thermochemistry/export_protocol.json,data/campaign/thermochemistry/Fe_pyridine_pnn_iPr__protonated_reference/accepted_geometry.xyz,d6312bd23dc56dfb1652a88eeeb489c3ed119d1b3abcec5b1e96f98dbbe7741a,data/campaign/thermochemistry/Fe_pyridine_pnn_iPr__protonated_reference/hessian_00.npz,bedc2c23335ec386f7a2f5e5859833555af95ef627a4e0801dd23a00accebde9,0,0,383.15,lowest G383.15 among eligible certificates; same geometry at all T,101325.0,1.0,100.0,0,1
Fe_pyridine_pnn_iPr|protonated_reference,Fe_pyridine_pnn_iPr,protonated_reference,340.0,-44048.35134517787,292.314547060012,-43733.66452685182,190.2787632036867,181.82972011635087,-43793.23765890701,2.248972784367174,kcal/mol,cal/(mol K),1,C18H32FeN2OP,GFN2-xTB/ALPB toluene gsolv + qRRHO + 1M,data/campaign/thermochemistry/Fe_pyridine_pnn_iPr__protonated_reference/result.json,236f3deba353dc7290193aed4047c2646dc4e2e810ee370928221e666e253fae,data/campaign/thermochemistry/Fe_pyridine_pnn_iPr__protonated_reference/result.json#/attempts/0/native_command,data/datasets/thermochemistry/export_protocol.json,data/campaign/thermochemistry/Fe_pyridine_pnn_iPr__protonated_reference/accepted_geometry.xyz,d6312bd23dc56dfb1652a88eeeb489c3ed119d1b3abcec5b1e96f98dbbe7741a,data/campaign/thermochemistry/Fe_pyridine_pnn_iPr__protonated_reference/hessian_00.npz,bedc2c23335ec386f7a2f5e5859833555af95ef627a4e0801dd23a00accebde9,0,0,383.15,lowest G383.15 among eligible certificates; same geometry at all T,101325.0,1.0,100.0,0,1
Fe_pyridine_pnn_iPr|protonated_reference,Fe_pyridine_pnn_iPr,protonated_reference,350.0,-44048.35134517787,292.314547060012,-43732.458745960095,193.77381789853368,185.09953130730554,-43794.90830142007,2.3352804975836268,kcal/mol,cal/(mol K),1,C18H32FeN2OP,GFN2-xTB/ALPB toluene gsolv + qRRHO + 1M,data/campaign/thermochemistry/Fe_pyridine_pnn_iPr__protonated_reference/result.json,236f3deba353dc7290193aed4047c2646dc4e2e810ee370928221e666e253fae,data/campaign/thermochemistry/Fe_pyridine_pnn_iPr__protonated_reference/result.json#/attempts/0/native_command,data/datasets/thermochemistry/export_protocol.json,data/campaign/thermochemistry/Fe_pyridine_pnn_iPr__protonated_reference/accepted_geometry.xyz,d6312bd23dc56dfb1652a88eeeb489c3ed119d1b3abcec5b1e96f98dbbe7741a,data/campaign/thermochemistry/Fe_pyridine_pnn_iPr__protonated_reference/hessian_00.npz,bedc2c23335ec386f7a2f5e5859833555af95ef627a4e0801dd23a00accebde9,0,0,383.15,lowest G383.15 among eligible certificates; same geometry at all T,101325.0,1.0,100.0,0,1
Fe_pyridine_pnn_iPr|protonated_reference,Fe_pyridine_pnn_iPr,protonated_reference,360.0,-44048.35134517787,292.314547060012,-43731.22351048229,197.2533906189802,188.3598434749374,-43796.61089807255,2.422156060718619,kcal/mol,cal/(mol K),1,C18H32FeN2OP,GFN2-xTB/ALPB toluene gsolv + qRRHO + 1M,data/campaign/thermochemistry/Fe_pyridine_pnn_iPr__protonated_reference/result.json,236f3deba353dc7290193aed4047c2646dc4e2e810ee370928221e666e253fae,data/campaign/thermochemistry/Fe_pyridine_pnn_iPr__protonated_reference/result.json#/attempts/0/native_command,data/datasets/thermochemistry/export_protocol.json,data/campaign/thermochemistry/Fe_pyridine_pnn_iPr__protonated_reference/accepted_geometry.xyz,d6312bd23dc56dfb1652a88eeeb489c3ed119d1b3abcec5b1e96f98dbbe7741a,data/campaign/thermochemistry/Fe_pyridine_pnn_iPr__protonated_reference/hessian_00.npz,bedc2c23335ec386f7a2f5e5859833555af95ef627a4e0801dd23a00accebde9,0,0,383.15,lowest G383.15 among eligible certificates; same geometry at all T,101325.0,1.0,100.0,0,1
Fe_pyridine_pnn_iPr|protonated_reference,Fe_pyridine_pnn_iPr,protonated_reference,370.0,-44048.35134517787,292.314547060012,-43729.95908814963,200.71759641772957,191.61047084449208,-43798.34537866605,2.509583696046293,kcal/mol,cal/(mol K),1,C18H32FeN2OP,GFN2-xTB/ALPB toluene gsolv + qRRHO + 1M,data/campaign/thermochemistry/Fe_pyridine_pnn_iPr__protonated_reference/result.json,236f3deba353dc7290193aed4047c2646dc4e2e810ee370928221e666e253fae,data/campaign/thermochemistry/Fe_pyridine_pnn_iPr__protonated_reference/result.json#/attempts/0/native_command,data/datasets/thermochemistry/export_protocol.json,data/campaign/thermochemistry/Fe_pyridine_pnn_iPr__protonated_reference/accepted_geometry.xyz,d6312bd23dc56dfb1652a88eeeb489c3ed119d1b3abcec5b1e96f98dbbe7741a,data/campaign/thermochemistry/Fe_pyridine_pnn_iPr__protonated_reference/hessian_00.npz,bedc2c23335ec386f7a2f5e5859833555af95ef627a4e0801dd23a00accebde9,0,0,383.15,lowest G383.15 among eligible certificates; same geometry at all T,101325.0,1.0,100.0,0,1
Fe_pyridine_pnn_iPr|protonated_reference,Fe_pyridine_pnn_iPr,protonated_reference,380.0,-44048.35134517787,292.314547060012,-43728.66577811998,204.16645729468436,194.8511560380428,-43800.11166893543,2.597548479011341,kcal/mol,cal/(mol K),1,C18H32FeN2OP,GFN2-xTB/ALPB toluene gsolv + qRRHO + 1M,data/campaign/thermochemistry/Fe_pyridine_pnn_iPr__protonated_reference/result.json,236f3deba353dc7290193aed4047c2646dc4e2e810ee370928221e666e253fae,data/campaign/thermochemistry/Fe_pyridine_pnn_iPr__protonated_reference/result.json#/attempts/0/native_command,data/datasets/thermochemistry/export_protocol.json,data/campaign/thermochemistry/Fe_pyridine_pnn_iPr__protonated_reference/accepted_geometry.xyz,d6312bd23dc56dfb1652a88eeeb489c3ed119d1b3abcec5b1e96f98dbbe7741a,data/campaign/thermochemistry/Fe_pyridine_pnn_iPr__protonated_reference/hessian_00.npz,bedc2c23335ec386f7a2f5e5859833555af95ef627a4e0801dd23a00accebde9,0,0,383.15,lowest G383.15 among eligible certificates; same geometry at all T,101325.0,1.0,100.0,0,1
Fe_pyridine_pnn_iPr|protonated_reference,Fe_pyridine_pnn_iPr,protonated_reference,383.15,-44048.35134517787,292.314547060012,-43728.25245403131,205.2496637153074,195.86986406284,-43800.67462609141,2.625366355574337,kcal/mol,cal/(mol K),1,C18H32FeN2OP,GFN2-xTB/ALPB toluene gsolv + qRRHO + 1M,data/campaign/thermochemistry/Fe_pyridine_pnn_iPr__protonated_reference/result.json,236f3deba353dc7290193aed4047c2646dc4e2e810ee370928221e666e253fae,data/campaign/thermochemistry/Fe_pyridine_pnn_iPr__protonated_reference/result.json#/attempts/0/native_command,data/datasets/thermochemistry/export_protocol.json,data/campaign/thermochemistry/Fe_pyridine_pnn_iPr__protonated_reference/accepted_geometry.xyz,d6312bd23dc56dfb1652a88eeeb489c3ed119d1b3abcec5b1e96f98dbbe7741a,data/campaign/thermochemistry/Fe_pyridine_pnn_iPr__protonated_reference/hessian_00.npz,bedc2c23335ec386f7a2f5e5859833555af95ef627a4e0801dd23a00accebde9,0,0,383.15,lowest G383.15 among eligible certificates; same geometry at all T,101325.0,1.0,100.0,0,1
Fe_pyridine_pnn_iPr|protonated_reference,Fe_pyridine_pnn_iPr,protonated_reference,390.0,-44048.35134517787,292.314547060012,-43727.343907465285,207.59992099297526,198.08158695082574,-43801.90969010527,2.686036270841015,kcal/mol,cal/(mol K),1,C18H32FeN2OP,GFN2-xTB/ALPB toluene gsolv + qRRHO + 1M,data/campaign/thermochemistry/Fe_pyridine_pnn_iPr__protonated_reference/result.json,236f3deba353dc7290193aed4047c2646dc4e2e810ee370928221e666e253fae,data/campaign/thermochemistry/Fe_pyridine_pnn_iPr__protonated_reference/result.json#/attempts/0/native_command,data/datasets/thermochemistry/export_protocol.json,data/campaign/thermochemistry/Fe_pyridine_pnn_iPr__protonated_reference/accepted_geometry.xyz,d6312bd23dc56dfb1652a88eeeb489c3ed119d1b3abcec5b1e96f98dbbe7741a,data/campaign/thermochemistry/Fe_pyridine_pnn_iPr__protonated_reference/hessian_00.npz,bedc2c23335ec386f7a2f5e5859833555af95ef627a4e0801dd23a00accebde9,0,0,383.15,lowest G383.15 among eligible certificates; same geometry at all T,101325.0,1.0,100.0,0,1
Fe_pyridine_pnn_iPr|protonated_reference,Fe_pyridine_pnn_iPr,protonated_reference,400.0,-44048.35134517787,292.314547060012,-43725.99382761819,211.01787751958966,201.30141155254668,-43803.73935858114,2.775033658072708,kcal/mol,cal/(mol K),1,C18H32FeN2OP,GFN2-xTB/ALPB toluene gsolv + qRRHO + 1M,data/campaign/thermochemistry/Fe_pyridine_pnn_iPr__protonated_reference/result.json,236f3deba353dc7290193aed4047c2646dc4e2e810ee370928221e666e253fae,data/campaign/thermochemistry/Fe_pyridine_pnn_iPr__protonated_reference/result.json#/attempts/0/native_command,data/datasets/thermochemistry/export_protocol.json,data/campaign/thermochemistry/Fe_pyridine_pnn_iPr__protonated_reference/accepted_geometry.xyz,d6312bd23dc56dfb1652a88eeeb489c3ed119d1b3abcec5b1e96f98dbbe7741a,data/campaign/thermochemistry/Fe_pyridine_pnn_iPr__protonated_reference/hessian_00.npz,bedc2c23335ec386f7a2f5e5859833555af95ef627a4e0801dd23a00accebde9,0,0,383.15,lowest G383.15 among eligible certificates; same geometry at all T,101325.0,1.0,100.0,0,1
Fe_pyridine_pnn_iPr|protonated_reference,Fe_pyridine_pnn_iPr,protonated_reference,410.0,-44048.35134517787,292.314547060012,-43724.61591087031,214.42017349815146,204.51025069821324,-43805.60058575844,2.8645278981321125,kcal/mol,cal/(mol K),1,C18H32FeN2OP,GFN2-xTB/ALPB toluene gsolv + qRRHO + 1M,data/campaign/thermochemistry/Fe_pyridine_pnn_iPr__protonated_reference/result.json,236f3deba353dc7290193aed4047c2646dc4e2e810ee370928221e666e253fae,data/campaign/thermochemistry/Fe_pyridine_pnn_iPr__protonated_reference/result.json#/attempts/0/native_command,data/datasets/thermochemistry/export_protocol.json,data/campaign/thermochemistry/Fe_pyridine_pnn_iPr__protonated_reference/accepted_geometry.xyz,d6312bd23dc56dfb1652a88eeeb489c3ed119d1b3abcec5b1e96f98dbbe7741a,data/campaign/thermochemistry/Fe_pyridine_pnn_iPr__protonated_reference/hessian_00.npz,bedc2c23335ec386f7a2f5e5859833555af95ef627a4e0801dd23a00accebde9,0,0,383.15,lowest G383.15 among eligible certificates; same geometry at all T,101325.0,1.0,100.0,0,1
Fe_pyridine_pnn_iPr|protonated_reference,Fe_pyridine_pnn_iPr,protonated_reference,420.0,-44048.35134517787,292.314547060012,-43723.210546993025,217.80662449676254,207.70770907111802,-43807.49327793267,2.954506870223601,kcal/mol,cal/(mol K),1,C18H32FeN2OP,GFN2-xTB/ALPB toluene gsolv + qRRHO + 1M,data/campaign/thermochemistry/Fe_pyridine_pnn_iPr__protonated_reference/result.json,236f3deba353dc7290193aed4047c2646dc4e2e810ee370928221e666e253fae,data/campaign/thermochemistry/Fe_pyridine_pnn_iPr__protonated_reference/result.json#/attempts/0/native_command,data/datasets/thermochemistry/export_protocol.json,data/campaign/thermochemistry/Fe_pyridine_pnn_iPr__protonated_reference/accepted_geometry.xyz,d6312bd23dc56dfb1652a88eeeb489c3ed119d1b3abcec5b1e96f98dbbe7741a,data/campaign/thermochemistry/Fe_pyridine_pnn_iPr__protonated_reference/hessian_00.npz,bedc2c23335ec386f7a2f5e5859833555af95ef627a4e0801dd23a00accebde9,0,0,383.15,lowest G383.15 among eligible certificates; same geometry at all T,101325.0,1.0,100.0,0,1
Fe_pyridine_pnn_iPr|protonated_reference,Fe_pyridine_pnn_iPr,protonated_reference,430.0,-44048.35134517787,292.314547060012,-43721.778140032955,221.1770254948958,210.89338440410003,-43809.41733629582,3.044959030900024,kcal/mol,cal/(mol K),1,C18H32FeN2OP,GFN2-xTB/ALPB toluene gsolv + qRRHO + 1M,data/campaign/thermochemistry/Fe_pyridine_pnn_iPr__protonated_reference/result.json,236f3deba353dc7290193aed4047c2646dc4e2e810ee370928221e666e253fae,data/campaign/thermochemistry/Fe_pyridine_pnn_iPr__protonated_reference/result.json#/attempts/0/native_command,data/datasets/thermochemistry/export_protocol.json,data/campaign/thermochemistry/Fe_pyridine_pnn_iPr__protonated_reference/accepted_geometry.xyz,d6312bd23dc56dfb1652a88eeeb489c3ed119d1b3abcec5b1e96f98dbbe7741a,data/campaign/thermochemistry/Fe_pyridine_pnn_iPr__protonated_reference/hessian_00.npz,bedc2c23335ec386f7a2f5e5859833555af95ef627a4e0801dd23a00accebde9,0,0,383.15,lowest G383.15 among eligible certificates; same geometry at all T,101325.0,1.0,100.0,0,1
Fe_pyridine_pnn_iPr|protonated_reference,Fe_pyridine_pnn_iPr,protonated_reference,440.0,-44048.35134517787,292.314547060012,-43720.319105317336,224.53115966352195,214.0668751375549,-43811.372657004096,3.135873373767528,kcal/mol,cal/(mol K),1,C18H32FeN2OP,GFN2-xTB/ALPB toluene gsolv + qRRHO + 1M,data/campaign/thermochemistry/Fe_pyridine_pnn_iPr__protonated_reference/result.json,236f3deba353dc7290193aed4047c2646dc4e2e810ee370928221e666e253fae,data/campaign/thermochemistry/Fe_pyridine_pnn_iPr__protonated_reference/result.json#/attempts/0/native_command,data/datasets/thermochemistry/export_protocol.json,data/campaign/thermochemistry/Fe_pyridine_pnn_iPr__protonated_reference/accepted_geometry.xyz,d6312bd23dc56dfb1652a88eeeb489c3ed119d1b3abcec5b1e96f98dbbe7741a,data/campaign/thermochemistry/Fe_pyridine_pnn_iPr__protonated_reference/hessian_00.npz,bedc2c23335ec386f7a2f5e5859833555af95ef627a4e0801dd23a00accebde9,0,0,383.15,lowest G383.15 among eligible certificates; same geometry at all T,101325.0,1.0,100.0,0,1
Mn_bipyridine_pnnoh_Ph|active,Mn_bipyridine_pnnoh_Ph,active,298.15,-54092.09646414882,223.6781315206436,-53849.70108808502,191.61222767994641,177.56267913551096,-53900.74707242378,1.894328445494145,kcal/mol,cal/(mol K),0,C25H18MnN2O3P,GFN2-xTB/ALPB toluene gsolv + qRRHO + 1M,data/targeted_rescue/thermochemistry/Mn_bipyridine_pnnoh_Ph__active/result.json,f29d7e0a9f726e0433e399457e7b2bbaa43f86fe79f27aa1121aa1396db7f825,data/targeted_rescue/thermochemistry/Mn_bipyridine_pnnoh_Ph__active/result.json#/attempts/0/native_command,data/datasets/thermochemistry/export_protocol.json,data/targeted_rescue/thermochemistry/Mn_bipyridine_pnnoh_Ph__active/accepted_geometry.xyz,42402724770b016586bccffebc9747d6db6552339500dd61f81ab5cc0ea40975,data/targeted_rescue/thermochemistry/Mn_bipyridine_pnnoh_Ph__active/hessian_00.npz,25317fdb27cdd109e9d9afe9e23105cd899c09e96a7580f46339190ff4336e9c,rescue_seed20270000,0,383.15,lowest G383.15 among eligible certificates; same geometry at all T,101325.0,1.0,100.0,0,1
Mn_bipyridine_pnnoh_Ph|active,Mn_bipyridine_pnnoh_Ph,active,340.0,-54092.09646414882,223.6781315206436,-53844.66343259145,207.4040912620006,191.89262586525473,-53907.65795260127,2.248972784367174,kcal/mol,cal/(mol K),0,C25H18MnN2O3P,GFN2-xTB/ALPB toluene gsolv + qRRHO + 1M,data/targeted_rescue/thermochemistry/Mn_bipyridine_pnnoh_Ph__active/result.json,f29d7e0a9f726e0433e399457e7b2bbaa43f86fe79f27aa1121aa1396db7f825,data/targeted_rescue/thermochemistry/Mn_bipyridine_pnnoh_Ph__active/result.json#/attempts/0/native_command,data/datasets/thermochemistry/export_protocol.json,data/targeted_rescue/thermochemistry/Mn_bipyridine_pnnoh_Ph__active/accepted_geometry.xyz,42402724770b016586bccffebc9747d6db6552339500dd61f81ab5cc0ea40975,data/targeted_rescue/thermochemistry/Mn_bipyridine_pnnoh_Ph__active/hessian_00.npz,25317fdb27cdd109e9d9afe9e23105cd899c09e96a7580f46339190ff4336e9c,rescue_seed20270000,0,383.15,lowest G383.15 among eligible certificates; same geometry at all T,101325.0,1.0,100.0,0,1
Mn_bipyridine_pnnoh_Ph|active,Mn_bipyridine_pnnoh_Ph,active,350.0,-54092.09646414882,223.6781315206436,-53843.37851145726,211.12854736125905,195.29343020206673,-53909.3959315304,2.3352804975836268,kcal/mol,cal/(mol K),0,C25H18MnN2O3P,GFN2-xTB/ALPB toluene gsolv + qRRHO + 1M,data/targeted_rescue/thermochemistry/Mn_bipyridine_pnnoh_Ph__active/result.json,f29d7e0a9f726e0433e399457e7b2bbaa43f86fe79f27aa1121aa1396db7f825,data/targeted_rescue/thermochemistry/Mn_bipyridine_pnnoh_Ph__active/result.json#/attempts/0/native_command,data/datasets/thermochemistry/export_protocol.json,data/targeted_rescue/thermochemistry/Mn_bipyridine_pnnoh_Ph__active/accepted_geometry.xyz,42402724770b016586bccffebc9747d6db6552339500dd61f81ab5cc0ea40975,data/targeted_rescue/thermochemistry/Mn_bipyridine_pnnoh_Ph__active/hessian_00.npz,25317fdb27cdd109e9d9afe9e23105cd899c09e96a7580f46339190ff4336e9c,rescue_seed20270000,0,383.15,lowest G383.15 among eligible certificates; same geometry at all T,101325.0,1.0,100.0,0,1
Mn_bipyridine_pnnoh_Ph|active,Mn_bipyridine_pnnoh_Ph,active,360.0,-54092.09646414882,223.6781315206436,-53842.06332900385,214.83333332926827,198.6833675328192,-53911.16718525495,2.422156060718619,kcal/mol,cal/(mol K),0,C25H18MnN2O3P,GFN2-xTB/ALPB toluene gsolv + qRRHO + 1M,data/targeted_rescue/thermochemistry/Mn_bipyridine_pnnoh_Ph__active/result.json,f29d7e0a9f726e0433e399457e7b2bbaa43f86fe79f27aa1121aa1396db7f825,data/targeted_rescue/thermochemistry/Mn_bipyridine_pnnoh_Ph__active/result.json#/attempts/0/native_command,data/datasets/thermochemistry/export_protocol.json,data/targeted_rescue/thermochemistry/Mn_bipyridine_pnnoh_Ph__active/accepted_geometry.xyz,42402724770b016586bccffebc9747d6db6552339500dd61f81ab5cc0ea40975,data/targeted_rescue/thermochemistry/Mn_bipyridine_pnnoh_Ph__active/hessian_00.npz,25317fdb27cdd109e9d9afe9e23105cd899c09e96a7580f46339190ff4336e9c,rescue_seed20270000,0,383.15,lowest G383.15 among eligible certificates; same geometry at all T,101325.0,1.0,100.0,0,1
Mn_bipyridine_pnnoh_Ph|active,Mn_bipyridine_pnnoh_Ph,active,370.0,-54092.09646414882,223.6781315206436,-53840.71843188508,218.51802932194062,202.06155885541764,-53912.97162496554,2.509583696046293,kcal/mol,cal/(mol K),0,C25H18MnN2O3P,GFN2-xTB/ALPB toluene gsolv + qRRHO + 1M,data/targeted_rescue/thermochemistry/Mn_bipyridine_pnnoh_Ph__active/result.json,f29d7e0a9f726e0433e399457e7b2bbaa43f86fe79f27aa1121aa1396db7f825,data/targeted_rescue/thermochemistry/Mn_bipyridine_pnnoh_Ph__active/result.json#/attempts/0/native_command,data/datasets/thermochemistry/export_protocol.json,data/targeted_rescue/thermochemistry/Mn_bipyridine_pnnoh_Ph__active/accepted_geometry.xyz,42402724770b016586bccffebc9747d6db6552339500dd61f81ab5cc0ea40975,data/targeted_rescue/thermochemistry/Mn_bipyridine_pnnoh_Ph__active/hessian_00.npz,25317fdb27cdd109e9d9afe9e23105cd899c09e96a7580f46339190ff4336e9c,rescue_seed20270000,0,383.15,lowest G383.15 among eligible certificates; same geometry at all T,101325.0,1.0,100.0,0,1
Mn_bipyridine_pnnoh_Ph|active,Mn_bipyridine_pnnoh_Ph,active,380.0,-54092.09646414882,223.6781315206436,-53839.34438108076,222.1822108579041,205.4271550334676,-53914.80915151446,2.597548479011341,kcal/mol,cal/(mol K),0,C25H18MnN2O3P,GFN2-xTB/ALPB toluene gsolv + qRRHO + 1M,data/targeted_rescue/thermochemistry/Mn_bipyridine_pnnoh_Ph__active/result.json,f29d7e0a9f726e0433e399457e7b2bbaa43f86fe79f27aa1121aa1396db7f825,data/targeted_rescue/thermochemistry/Mn_bipyridine_pnnoh_Ph__active/result.json#/attempts/0/native_command,data/datasets/thermochemistry/export_protocol.json,data/targeted_rescue/thermochemistry/Mn_bipyridine_pnnoh_Ph__active/accepted_geometry.xyz,42402724770b016586bccffebc9747d6db6552339500dd61f81ab5cc0ea40975,data/targeted_rescue/thermochemistry/Mn_bipyridine_pnnoh_Ph__active/hessian_00.npz,25317fdb27cdd109e9d9afe9e23105cd899c09e96a7580f46339190ff4336e9c,rescue_seed20270000,0,383.15,lowest G383.15 among eligible certificates; same geometry at all T,101325.0,1.0,100.0,0,1
Mn_bipyridine_pnnoh_Ph|active,Mn_bipyridine_pnnoh_Ph,active,383.15,-54092.09646414882,223.6781315206436,-53838.9056081535,223.33211185835077,206.48457815052234,-53915.394807916295,2.625366355574337,kcal/mol,cal/(mol K),0,C25H18MnN2O3P,GFN2-xTB/ALPB toluene gsolv + qRRHO + 1M,data/targeted_rescue/thermochemistry/Mn_bipyridine_pnnoh_Ph__active/result.json,f29d7e0a9f726e0433e399457e7b2bbaa43f86fe79f27aa1121aa1396db7f825,data/targeted_rescue/thermochemistry/Mn_bipyridine_pnnoh_Ph__active/result.json#/attempts/0/native_command,data/datasets/thermochemistry/export_protocol.json,data/targeted_rescue/thermochemistry/Mn_bipyridine_pnnoh_Ph__active/accepted_geometry.xyz,42402724770b016586bccffebc9747d6db6552339500dd61f81ab5cc0ea40975,data/targeted_rescue/thermochemistry/Mn_bipyridine_pnnoh_Ph__active/hessian_00.npz,25317fdb27cdd109e9d9afe9e23105cd899c09e96a7580f46339190ff4336e9c,rescue_seed20270000,0,383.15,lowest G383.15 among eligible certificates; same geometry at all T,101325.0,1.0,100.0,0,1
Mn_bipyridine_pnnoh_Ph|active,Mn_bipyridine_pnnoh_Ph,active,390.0,-54092.09646414882,223.6781315206436,-53837.94174854765,225.82545800268912,208.77934265725082,-53916.67965591314,2.686036270841015,kcal/mol,cal/(mol K),0,C25H18MnN2O3P,GFN2-xTB/ALPB toluene gsolv + qRRHO + 1M,data/targeted_rescue/thermochemistry/Mn_bipyridine_pnnoh_Ph__active/result.json,f29d7e0a9f726e0433e399457e7b2bbaa43f86fe79f27aa1121aa1396db7f825,data/targeted_rescue/thermochemistry/Mn_bipyridine_pnnoh_Ph__active/result.json#/attempts/0/native_command,data/datasets/thermochemistry/export_protocol.json,data/targeted_rescue/thermochemistry/Mn_bipyridine_pnnoh_Ph__active/accepted_geometry.xyz,42402724770b016586bccffebc9747d6db6552339500dd61f81ab5cc0ea40975,data/targeted_rescue/thermochemistry/Mn_bipyridine_pnnoh_Ph__active/hessian_00.npz,25317fdb27cdd109e9d9afe9e23105cd899c09e96a7580f46339190ff4336e9c,rescue_seed20270000,0,383.15,lowest G383.15 among eligible certificates; same geometry at all T,101325.0,1.0,100.0,0,1
Mn_bipyridine_pnnoh_Ph|active,Mn_bipyridine_pnnoh_Ph,active,400.0,-54092.09646414882,223.6781315206436,-53836.51111408275,229.44736285267496,212.11734858914554,-53918.583019860336,2.775033658072708,kcal/mol,cal/(mol K),0,C25H18MnN2O3P,GFN2-xTB/ALPB toluene gsolv + qRRHO + 1M,data/targeted_rescue/thermochemistry/Mn_bipyridine_pnnoh_Ph__active/result.json,f29d7e0a9f726e0433e399457e7b2bbaa43f86fe79f27aa1121aa1396db7f825,data/targeted_rescue/thermochemistry/Mn_bipyridine_pnnoh_Ph__active/result.json#/attempts/0/native_command,data/datasets/thermochemistry/export_protocol.json,data/targeted_rescue/thermochemistry/Mn_bipyridine_pnnoh_Ph__active/accepted_geometry.xyz,42402724770b016586bccffebc9747d6db6552339500dd61f81ab5cc0ea40975,data/targeted_rescue/thermochemistry/Mn_bipyridine_pnnoh_Ph__active/hessian_00.npz,25317fdb27cdd109e9d9afe9e23105cd899c09e96a7580f46339190ff4336e9c,rescue_seed20270000,0,383.15,lowest G383.15 among eligible certificates; same geometry at all T,101325.0,1.0,100.0,0,1
Mn_bipyridine_pnnoh_Ph|active,Mn_bipyridine_pnnoh_Ph,active,410.0,-54092.09646414882,223.6781315206436,-53835.05306242053,233.0475355172255,215.44044334057557,-53920.51911629203,2.8645278981321125,kcal/mol,cal/(mol K),0,C25H18MnN2O3P,GFN2-xTB/ALPB toluene gsolv + qRRHO + 1M,data/targeted_rescue/thermochemistry/Mn_bipyridine_pnnoh_Ph__active/result.json,f29d7e0a9f726e0433e399457e7b2bbaa43f86fe79f27aa1121aa1396db7f825,data/targeted_rescue/thermochemistry/Mn_bipyridine_pnnoh_Ph__active/result.json#/attempts/0/native_command,data/datasets/thermochemistry/export_protocol.json,data/targeted_rescue/thermochemistry/Mn_bipyridine_pnnoh_Ph__active/accepted_geometry.xyz,42402724770b016586bccffebc9747d6db6552339500dd61f81ab5cc0ea40975,data/targeted_rescue/thermochemistry/Mn_bipyridine_pnnoh_Ph__active/hessian_00.npz,25317fdb27cdd109e9d9afe9e23105cd899c09e96a7580f46339190ff4336e9c,rescue_seed20270000,0,383.15,lowest G383.15 among eligible certificates; same geometry at all T,101325.0,1.0,100.0,0,1
Mn_bipyridine_pnnoh_Ph|active,Mn_bipyridine_pnnoh_Ph,active,420.0,-54092.09646414882,223.6781315206436,-53833.568180576745,236.62560878530394,218.74794342310238,-53922.48780994423,2.954506870223601,kcal/mol,cal/(mol K),0,C25H18MnN2O3P,GFN2-xTB/ALPB toluene gsolv + qRRHO + 1M,data/targeted_rescue/thermochemistry/Mn_bipyridine_pnnoh_Ph__active/result.json,f29d7e0a9f726e0433e399457e7b2bbaa43f86fe79f27aa1121aa1396db7f825,data/targeted_rescue/thermochemistry/Mn_bipyridine_pnnoh_Ph__active/result.json#/attempts/0/native_command,data/datasets/thermochemistry/export_protocol.json,data/targeted_rescue/thermochemistry/Mn_bipyridine_pnnoh_Ph__active/accepted_geometry.xyz,42402724770b016586bccffebc9747d6db6552339500dd61f81ab5cc0ea40975,data/targeted_rescue/thermochemistry/Mn_bipyridine_pnnoh_Ph__active/hessian_00.npz,25317fdb27cdd109e9d9afe9e23105cd899c09e96a7580f46339190ff4336e9c,rescue_seed20270000,0,383.15,lowest G383.15 among eligible certificates; same geometry at all T,101325.0,1.0,100.0,0,1
Mn_bipyridine_pnnoh_Ph|active,Mn_bipyridine_pnnoh_Ph,active,430.0,-54092.09646414882,223.6781315206436,-53832.057055444435,240.18124164959022,222.03921280942845,-53924.48895792159,3.044959030900024,kcal/mol,cal/(mol K),0,C25H18MnN2O3P,GFN2-xTB/ALPB toluene gsolv + qRRHO + 1M,data/targeted_rescue/thermochemistry/Mn_bipyridine_pnnoh_Ph__active/result.json,f29d7e0a9f726e0433e399457e7b2bbaa43f86fe79f27aa1121aa1396db7f825,data/targeted_rescue/thermochemistry/Mn_bipyridine_pnnoh_Ph__active/result.json#/attempts/0/native_command,data/datasets/thermochemistry/export_protocol.json,data/targeted_rescue/thermochemistry/Mn_bipyridine_pnnoh_Ph__active/accepted_geometry.xyz,42402724770b016586bccffebc9747d6db6552339500dd61f81ab5cc0ea40975,data/targeted_rescue/thermochemistry/Mn_bipyridine_pnnoh_Ph__active/hessian_00.npz,25317fdb27cdd109e9d9afe9e23105cd899c09e96a7580f46339190ff4336e9c,rescue_seed20270000,0,383.15,lowest G383.15 among eligible certificates; same geometry at all T,101325.0,1.0,100.0,0,1
Mn_bipyridine_pnnoh_Ph|active,Mn_bipyridine_pnnoh_Ph,active,440.0,-54092.09646414882,223.6781315206436,-53830.52027164121,243.7141218471713,225.313663631508,-53926.52241026531,3.135873373767528,kcal/mol,cal/(mol K),0,C25H18MnN2O3P,GFN2-xTB/ALPB toluene gsolv + qRRHO + 1M,data/targeted_rescue/thermochemistry/Mn_bipyridine_pnnoh_Ph__active/result.json,f29d7e0a9f726e0433e399457e7b2bbaa43f86fe79f27aa1121aa1396db7f825,data/targeted_rescue/thermochemistry/Mn_bipyridine_pnnoh_Ph__active/result.json#/attempts/0/native_command,data/datasets/thermochemistry/export_protocol.json,data/targeted_rescue/thermochemistry/Mn_bipyridine_pnnoh_Ph__active/accepted_geometry.xyz,42402724770b016586bccffebc9747d6db6552339500dd61f81ab5cc0ea40975,data/targeted_rescue/thermochemistry/Mn_bipyridine_pnnoh_Ph__active/hessian_00.npz,25317fdb27cdd109e9d9afe9e23105cd899c09e96a7580f46339190ff4336e9c,rescue_seed20270000,0,383.15,lowest G383.15 among eligible certificates; same geometry at all T,101325.0,1.0,100.0,0,1
Mn_bipyridine_pnnoh_Ph|hydrogenated,Mn_bipyridine_pnnoh_Ph,hydrogenated,298.15,-54752.712639536876,234.68389880455757,-54498.923319407135,195.17961608193298,180.04092396524265,-54550.708192441874,1.894328445494145,kcal/mol,cal/(mol K),0,C25H20MnN2O3P,GFN2-xTB/ALPB toluene gsolv + qRRHO + 1M,data/targeted_rescue/thermochemistry/Mn_bipyridine_pnnoh_Ph__hydrogenated/result.json,76c44271af303efc34c66344ed30d47cc9c99933d8cb3fad801116decc4b852d,data/targeted_rescue/thermochemistry/Mn_bipyridine_pnnoh_Ph__hydrogenated/result.json#/attempts/0/native_command,data/datasets/thermochemistry/export_protocol.json,data/targeted_rescue/thermochemistry/Mn_bipyridine_pnnoh_Ph__hydrogenated/accepted_geometry.xyz,037be0241665ae81de0f53a5829e3568d2f990406b7db75562f7e2624d1e9408,data/targeted_rescue/thermochemistry/Mn_bipyridine_pnnoh_Ph__hydrogenated/hessian_00.npz,9b42a5b9ff280b27c82c278fce03376da552e608543d8398675f1ded185d4acc,rescue_seed20270000,0,383.15,lowest G383.15 among eligible certificates; same geometry at all T,101325.0,1.0,100.0,0,1
Mn_bipyridine_pnnoh_Ph|hydrogenated,Mn_bipyridine_pnnoh_Ph,hydrogenated,340.0,-54752.712639536876,234.68389880455757,-54493.747055498396,211.4055352634911,194.73392227312314,-54557.70761628689,2.248972784367174,kcal/mol,cal/(mol K),0,C25H20MnN2O3P,GFN2-xTB/ALPB toluene gsolv + qRRHO + 1M,data/targeted_rescue/thermochemistry/Mn_bipyridine_pnnoh_Ph__hydrogenated/result.json,76c44271af303efc34c66344ed30d47cc9c99933d8cb3fad801116decc4b852d,data/targeted_rescue/thermochemistry/Mn_bipyridine_pnnoh_Ph__hydrogenated/result.json#/attempts/0/native_command,data/datasets/thermochemistry/export_protocol.json,data/targeted_rescue/thermochemistry/Mn_bipyridine_pnnoh_Ph__hydrogenated/accepted_geometry.xyz,037be0241665ae81de0f53a5829e3568d2f990406b7db75562f7e2624d1e9408,data/targeted_rescue/thermochemistry/Mn_bipyridine_pnnoh_Ph__hydrogenated/hessian_00.npz,9b42a5b9ff280b27c82c278fce03376da552e608543d8398675f1ded185d4acc,rescue_seed20270000,0,383.15,lowest G383.15 among eligible certificates; same geometry at all T,101325.0,1.0,100.0,0,1
Mn_bipyridine_pnnoh_Ph|hydrogenated,Mn_bipyridine_pnnoh_Ph,hydrogenated,350.0,-54752.712639536876,234.68389880455757,-54492.42485785296,215.23803578664257,198.22711409200707,-54559.46906728758,2.3352804975836268,kcal/mol,cal/(mol K),0,C25H20MnN2O3P,GFN2-xTB/ALPB toluene gsolv + qRRHO + 1M,data/targeted_rescue/thermochemistry/Mn_bipyridine_pnnoh_Ph__hydrogenated/result.json,76c44271af303efc34c66344ed30d47cc9c99933d8cb3fad801116decc4b852d,data/targeted_rescue/thermochemistry/Mn_bipyridine_pnnoh_Ph__hydrogenated/result.json#/attempts/0/native_command,data/datasets/thermochemistry/export_protocol.json,data/targeted_rescue/thermochemistry/Mn_bipyridine_pnnoh_Ph__hydrogenated/accepted_geometry.xyz,037be0241665ae81de0f53a5829e3568d2f990406b7db75562f7e2624d1e9408,data/targeted_rescue/thermochemistry/Mn_bipyridine_pnnoh_Ph__hydrogenated/hessian_00.npz,9b42a5b9ff280b27c82c278fce03376da552e608543d8398675f1ded185d4acc,rescue_seed20270000,0,383.15,lowest G383.15 among eligible certificates; same geometry at all T,101325.0,1.0,100.0,0,1
Mn_bipyridine_pnnoh_Ph|hydrogenated,Mn_bipyridine_pnnoh_Ph,hydrogenated,360.0,-54752.712639536876,234.68389880455757,-54491.07084041124,219.0522131004579,201.7112308089787,-54561.264727441754,2.422156060718619,kcal/mol,cal/(mol K),0,C25H20MnN2O3P,GFN2-xTB/ALPB toluene gsolv + qRRHO + 1M,data/targeted_rescue/thermochemistry/Mn_bipyridine_pnnoh_Ph__hydrogenated/result.json,76c44271af303efc34c66344ed30d47cc9c99933d8cb3fad801116decc4b852d,data/targeted_rescue/thermochemistry/Mn_bipyridine_pnnoh_Ph__hydrogenated/result.json#/attempts/0/native_command,data/datasets/thermochemistry/export_protocol.json,data/targeted_rescue/thermochemistry/Mn_bipyridine_pnnoh_Ph__hydrogenated/accepted_geometry.xyz,037be0241665ae81de0f53a5829e3568d2f990406b7db75562f7e2624d1e9408,data/targeted_rescue/thermochemistry/Mn_bipyridine_pnnoh_Ph__hydrogenated/hessian_00.npz,9b42a5b9ff280b27c82c278fce03376da552e608543d8398675f1ded185d4acc,rescue_seed20270000,0,383.15,lowest G383.15 among eligible certificates; same geometry at all T,101325.0,1.0,100.0,0,1
Mn_bipyridine_pnnoh_Ph|hydrogenated,Mn_bipyridine_pnnoh_Ph,hydrogenated,370.0,-54752.712639536876,234.68389880455757,-54489.68557621319,222.8475012513115,205.1852225842233,-54563.094524873304,2.509583696046293,kcal/mol,cal/(mol K),0,C25H20MnN2O3P,GFN2-xTB/ALPB toluene gsolv + qRRHO + 1M,data/targeted_rescue/thermochemistry/Mn_bipyridine_pnnoh_Ph__hydrogenated/result.json,76c44271af303efc34c66344ed30d47cc9c99933d8cb3fad801116decc4b852d,data/targeted_rescue/thermochemistry/Mn_bipyridine_pnnoh_Ph__hydrogenated/result.json#/attempts/0/native_command,data/datasets/thermochemistry/export_protocol.json,data/targeted_rescue/thermochemistry/Mn_bipyridine_pnnoh_Ph__hydrogenated/accepted_geometry.xyz,037be0241665ae81de0f53a5829e3568d2f990406b7db75562f7e2624d1e9408,data/targeted_rescue/thermochemistry/Mn_bipyridine_pnnoh_Ph__hydrogenated/hessian_00.npz,9b42a5b9ff280b27c82c278fce03376da552e608543d8398675f1ded185d4acc,rescue_seed20270000,0,383.15,lowest G383.15 among eligible certificates; same geometry at all T,101325.0,1.0,100.0,0,1
Mn_bipyridine_pnnoh_Ph|hydrogenated,Mn_bipyridine_pnnoh_Ph,hydrogenated,380.0,-54752.712639536876,234.68389880455757,-54488.26965450325,226.62333632703286,208.6480781381684,-54564.95837571674,2.597548479011341,kcal/mol,cal/(mol K),0,C25H20MnN2O3P,GFN2-xTB/ALPB toluene gsolv + qRRHO + 1M,data/targeted_rescue/thermochemistry/Mn_bipyridine_pnnoh_Ph__hydrogenated/result.json,76c44271af303efc34c66344ed30d47cc9c99933d8cb3fad801116decc4b852d,data/targeted_rescue/thermochemistry/Mn_bipyridine_pnnoh_Ph__hydrogenated/result.json#/attempts/0/native_command,data/datasets/thermochemistry/export_protocol.json,data/targeted_rescue/thermochemistry/Mn_bipyridine_pnnoh_Ph__hydrogenated/accepted_geometry.xyz,037be0241665ae81de0f53a5829e3568d2f990406b7db75562f7e2624d1e9408,data/targeted_rescue/thermochemistry/Mn_bipyridine_pnnoh_Ph__hydrogenated/hessian_00.npz,9b42a5b9ff280b27c82c278fce03376da552e608543d8398675f1ded185d4acc,rescue_seed20270000,0,383.15,lowest G383.15 among eligible certificates; same geometry at all T,101325.0,1.0,100.0,0,1
Mn_bipyridine_pnnoh_Ph|hydrogenated,Mn_bipyridine_pnnoh_Ph,hydrogenated,383.15,-54752.712639536876,234.68389880455757,-54487.8173855009,227.80860665573917,209.73641536991624,-54565.55252669431,2.625366355574337,kcal/mol,cal/(mol K),0,C25H20MnN2O3P,GFN2-xTB/ALPB toluene gsolv + qRRHO + 1M,data/targeted_rescue/thermochemistry/Mn_bipyridine_pnnoh_Ph__hydrogenated/result.json,76c44271af303efc34c66344ed30d47cc9c99933d8cb3fad801116decc4b852d,data/targeted_rescue/thermochemistry/Mn_bipyridine_pnnoh_Ph__hydrogenated/result.json#/attempts/0/native_command,data/datasets/thermochemistry/export_protocol.json,data/targeted_rescue/thermochemistry/Mn_bipyridine_pnnoh_Ph__hydrogenated/accepted_geometry.xyz,037be0241665ae81de0f53a5829e3568d2f990406b7db75562f7e2624d1e9408,data/targeted_rescue/thermochemistry/Mn_bipyridine_pnnoh_Ph__hydrogenated/hessian_00.npz,9b42a5b9ff280b27c82c278fce03376da552e608543d8398675f1ded185d4acc,rescue_seed20270000,0,383.15,lowest G383.15 among eligible certificates; same geometry at all T,101325.0,1.0,100.0,0,1
Mn_bipyridine_pnnoh_Ph|hydrogenated,Mn_bipyridine_pnnoh_Ph,hydrogenated,390.0,-54752.712639536876,234.68389880455757,-54486.82367699506,230.37916595041978,212.09883070756862,-54566.85618470017,2.686036270841015,kcal/mol,cal/(mol K),0,C25H20MnN2O3P,GFN2-xTB/ALPB toluene gsolv + qRRHO + 1M,data/targeted_rescue/thermochemistry/Mn_bipyridine_pnnoh_Ph__hydrogenated/result.json,76c44271af303efc34c66344ed30d47cc9c99933d8cb3fad801116decc4b852d,data/targeted_rescue/thermochemistry/Mn_bipyridine_pnnoh_Ph__hydrogenated/result.json#/attempts/0/native_command,data/datasets/thermochemistry/export_protocol.json,data/targeted_rescue/thermochemistry/Mn_bipyridine_pnnoh_Ph__hydrogenated/accepted_geometry.xyz,037be0241665ae81de0f53a5829e3568d2f990406b7db75562f7e2624d1e9408,data/targeted_rescue/thermochemistry/Mn_bipyridine_pnnoh_Ph__hydrogenated/hessian_00.npz,9b42a5b9ff280b27c82c278fce03376da552e608543d8398675f1ded185d4acc,rescue_seed20270000,0,383.15,lowest G383.15 among eligible certificates; same geometry at all T,101325.0,1.0,100.0,0,1
Mn_bipyridine_pnnoh_Ph|hydrogenated,Mn_bipyridine_pnnoh_Ph,hydrogenated,400.0,-54752.712639536876,234.68389880455757,-54485.3482543897,234.11445692967857,215.53656257101036,-54568.78784576003,2.775033658072708,kcal/mol,cal/(mol K),0,C25H20MnN2O3P,GFN2-xTB/ALPB toluene gsolv + qRRHO + 1M,data/targeted_rescue/thermochemistry/Mn_bipyridine_pnnoh_Ph__hydrogenated/result.json,76c44271af303efc34c66344ed30d47cc9c99933d8cb3fad801116decc4b852d,data/targeted_rescue/thermochemistry/Mn_bipyridine_pnnoh_Ph__hydrogenated/result.json#/attempts/0/native_command,data/datasets/thermochemistry/export_protocol.json,data/targeted_rescue/thermochemistry/Mn_bipyridine_pnnoh_Ph__hydrogenated/accepted_geometry.xyz,037be0241665ae81de0f53a5829e3568d2f990406b7db75562f7e2624d1e9408,data/targeted_rescue/thermochemistry/Mn_bipyridine_pnnoh_Ph__hydrogenated/hessian_00.npz,9b42a5b9ff280b27c82c278fce03376da552e608543d8398675f1ded185d4acc,rescue_seed20270000,0,383.15,lowest G383.15 among eligible certificates; same geometry at all T,101325.0,1.0,100.0,0,1
Mn_bipyridine_pnnoh_Ph|hydrogenated,Mn_bipyridine_pnnoh_Ph,hydrogenated,410.0,-54752.712639536876,234.68389880455757,-54483.84400316607,237.828701291516,218.96040831398443,-54570.75324267667,2.8645278981321125,kcal/mol,cal/(mol K),0,C25H20MnN2O3P,GFN2-xTB/ALPB toluene gsolv + qRRHO + 1M,data/targeted_rescue/thermochemistry/Mn_bipyridine_pnnoh_Ph__hydrogenated/result.json,76c44271af303efc34c66344ed30d47cc9c99933d8cb3fad801116decc4b852d,data/targeted_rescue/thermochemistry/Mn_bipyridine_pnnoh_Ph__hydrogenated/result.json#/attempts/0/native_command,data/datasets/thermochemistry/export_protocol.json,data/targeted_rescue/thermochemistry/Mn_bipyridine_pnnoh_Ph__hydrogenated/accepted_geometry.xyz,037be0241665ae81de0f53a5829e3568d2f990406b7db75562f7e2624d1e9408,data/targeted_rescue/thermochemistry/Mn_bipyridine_pnnoh_Ph__hydrogenated/hessian_00.npz,9b42a5b9ff280b27c82c278fce03376da552e608543d8398675f1ded185d4acc,rescue_seed20270000,0,383.15,lowest G383.15 among eligible certificates; same geometry at all T,101325.0,1.0,100.0,0,1
Mn_bipyridine_pnnoh_Ph|hydrogenated,Mn_bipyridine_pnnoh_Ph,hydrogenated,420.0,-54752.712639536876,234.68389880455757,-54482.31154265392,241.52142090615737,222.3695569956291,-54572.75224972187,2.954506870223601,kcal/mol,cal/(mol K),0,C25H20MnN2O3P,GFN2-xTB/ALPB toluene gsolv + qRRHO + 1M,data/targeted_rescue/thermochemistry/Mn_bipyridine_pnnoh_Ph__hydrogenated/result.json,76c44271af303efc34c66344ed30d47cc9c99933d8cb3fad801116decc4b852d,data/targeted_rescue/thermochemistry/Mn_bipyridine_pnnoh_Ph__hydrogenated/result.json#/attempts/0/native_command,data/datasets/thermochemistry/export_protocol.json,data/targeted_rescue/thermochemistry/Mn_bipyridine_pnnoh_Ph__hydrogenated/accepted_geometry.xyz,037be0241665ae81de0f53a5829e3568d2f990406b7db75562f7e2624d1e9408,data/targeted_rescue/thermochemistry/Mn_bipyridine_pnnoh_Ph__hydrogenated/hessian_00.npz,9b42a5b9ff280b27c82c278fce03376da552e608543d8398675f1ded185d4acc,rescue_seed20270000,0,383.15,lowest G383.15 among eligible certificates; same geometry at all T,101325.0,1.0,100.0,0,1
Mn_bipyridine_pnnoh_Ph|hydrogenated,Mn_bipyridine_pnnoh_Ph,hydrogenated,430.0,-54752.712639536876,234.68389880455757,-54480.75149239212,245.19217089662644,225.7632533693159,-54574.78473231002,3.044959030900024,kcal/mol,cal/(mol K),0,C25H20MnN2O3P,GFN2-xTB/ALPB toluene gsolv + qRRHO + 1M,data/targeted_rescue/thermochemistry/Mn_bipyridine_pnnoh_Ph__hydrogenated/result.json,76c44271af303efc34c66344ed30d47cc9c99933d8cb3fad801116decc4b852d,data/targeted_rescue/thermochemistry/Mn_bipyridine_pnnoh_Ph__hydrogenated/result.json#/attempts/0/native_command,data/datasets/thermochemistry/export_protocol.json,data/targeted_rescue/thermochemistry/Mn_bipyridine_pnnoh_Ph__hydrogenated/accepted_geometry.xyz,037be0241665ae81de0f53a5829e3568d2f990406b7db75562f7e2624d1e9408,data/targeted_rescue/thermochemistry/Mn_bipyridine_pnnoh_Ph__hydrogenated/hessian_00.npz,9b42a5b9ff280b27c82c278fce03376da552e608543d8398675f1ded185d4acc,rescue_seed20270000,0,383.15,lowest G383.15 among eligible certificates; same geometry at all T,101325.0,1.0,100.0,0,1
Mn_bipyridine_pnnoh_Ph|hydrogenated,Mn_bipyridine_pnnoh_Ph,hydrogenated,440.0,-54752.712639536876,234.68389880455757,-54479.164469768744,248.84054200754235,229.1407982980343,-54576.850547646114,3.135873373767528,kcal/mol,cal/(mol K),0,C25H20MnN2O3P,GFN2-xTB/ALPB toluene gsolv + qRRHO + 1M,data/targeted_rescue/thermochemistry/Mn_bipyridine_pnnoh_Ph__hydrogenated/result.json,76c44271af303efc34c66344ed30d47cc9c99933d8cb3fad801116decc4b852d,data/targeted_rescue/thermochemistry/Mn_bipyridine_pnnoh_Ph__hydrogenated/result.json#/attempts/0/native_command,data/datasets/thermochemistry/export_protocol.json,data/targeted_rescue/thermochemistry/Mn_bipyridine_pnnoh_Ph__hydrogenated/accepted_geometry.xyz,037be0241665ae81de0f53a5829e3568d2f990406b7db75562f7e2624d1e9408,data/targeted_rescue/thermochemistry/Mn_bipyridine_pnnoh_Ph__hydrogenated/hessian_00.npz,9b42a5b9ff280b27c82c278fce03376da552e608543d8398675f1ded185d4acc,rescue_seed20270000,0,383.15,lowest G383.15 among eligible certificates; same geometry at all T,101325.0,1.0,100.0,0,1
Mn_bipyridine_pnnoh_Ph|protonated_reference,Mn_bipyridine_pnnoh_Ph,protonated_reference,298.15,-54196.51219458977,230.54871064704474,-53946.848797673876,194.1472767695985,179.8811354069397,-53998.58602974996,1.894328445494145,kcal/mol,cal/(mol K),1,C25H19MnN2O3P,GFN2-xTB/ALPB toluene gsolv + qRRHO + 1M,data/targeted_rescue/thermochemistry/Mn_bipyridine_pnnoh_Ph__protonated_reference/result.json,c6980ad9aa898c8097d8fa14d89a828baf689ef3d79a9cc5b6456a1a9771a512,data/targeted_rescue/thermochemistry/Mn_bipyridine_pnnoh_Ph__protonated_reference/result.json#/attempts/0/native_command,data/datasets/thermochemistry/export_protocol.json,data/targeted_rescue/thermochemistry/Mn_bipyridine_pnnoh_Ph__protonated_reference/accepted_geometry.xyz,ed8e32b37656ed4f719c5cb3abc33427ffc8c2db6dab8823ddb1be3bf9193e52,data/targeted_rescue/thermochemistry/Mn_bipyridine_pnnoh_Ph__protonated_reference/hessian_00.npz,c3d65f27d8b59b7c70e25c9d99d13726f6a780e425faac09809afd08c82b050f,rescue_seed20270817,0,383.15,lowest G383.15 among eligible certificates; same geometry at all T,101325.0,1.0,100.0,0,1
Mn_bipyridine_pnnoh_Ph|protonated_reference,Mn_bipyridine_pnnoh_Ph,protonated_reference,340.0,-54196.51219458977,230.54871064704474,-53941.71083555793,210.25372814183916,194.49663942090876,-54005.590720176675,2.248972784367174,kcal/mol,cal/(mol K),1,C25H19MnN2O3P,GFN2-xTB/ALPB toluene gsolv + qRRHO + 1M,data/targeted_rescue/thermochemistry/Mn_bipyridine_pnnoh_Ph__protonated_reference/result.json,c6980ad9aa898c8097d8fa14d89a828baf689ef3d79a9cc5b6456a1a9771a512,data/targeted_rescue/thermochemistry/Mn_bipyridine_pnnoh_Ph__protonated_reference/result.json#/attempts/0/native_command,data/datasets/thermochemistry/export_protocol.json,data/targeted_rescue/thermochemistry/Mn_bipyridine_pnnoh_Ph__protonated_reference/accepted_geometry.xyz,ed8e32b37656ed4f719c5cb3abc33427ffc8c2db6dab8823ddb1be3bf9193e52,data/targeted_rescue/thermochemistry/Mn_bipyridine_pnnoh_Ph__protonated_reference/hessian_00.npz,c3d65f27d8b59b7c70e25c9d99d13726f6a780e425faac09809afd08c82b050f,rescue_seed20270817,0,383.15,lowest G383.15 among eligible certificates; same geometry at all T,101325.0,1.0,100.0,0,1
Mn_bipyridine_pnnoh_Ph|protonated_reference,Mn_bipyridine_pnnoh_Ph,protonated_reference,350.0,-54196.51219458977,230.54871064704474,-53940.40096346703,214.0505083195773,197.96333567276264,-54007.35285045492,2.3352804975836268,kcal/mol,cal/(mol K),1,C25H19MnN2O3P,GFN2-xTB/ALPB toluene gsolv + qRRHO + 1M,data/targeted_rescue/thermochemistry/Mn_bipyridine_pnnoh_Ph__protonated_reference/result.json,c6980ad9aa898c8097d8fa14d89a828baf689ef3d79a9cc5b6456a1a9771a512,data/targeted_rescue/thermochemistry/Mn_bipyridine_pnnoh_Ph__protonated_reference/result.json#/attempts/0/native_command,data/datasets/thermochemistry/export_protocol.json,data/targeted_rescue/thermochemistry/Mn_bipyridine_pnnoh_Ph__protonated_reference/accepted_geometry.xyz,ed8e32b37656ed4f719c5cb3abc33427ffc8c2db6dab8823ddb1be3bf9193e52,data/targeted_rescue/thermochemistry/Mn_bipyridine_pnnoh_Ph__protonated_reference/hessian_00.npz,c3d65f27d8b59b7c70e25c9d99d13726f6a780e425faac09809afd08c82b050f,rescue_seed20270817,0,383.15,lowest G383.15 among eligible certificates; same geometry at all T,101325.0,1.0,100.0,0,1
Mn_bipyridine_pnnoh_Ph|protonated_reference,Mn_bipyridine_pnnoh_Ph,protonated_reference,360.0,-54196.51219458977,230.54871064704474,-53939.060461827474,217.8266182403033,201.41833816724647,-54009.14890750696,2.422156060718619,kcal/mol,cal/(mol K),1,C25H19MnN2O3P,GFN2-xTB/ALPB toluene gsolv + qRRHO + 1M,data/targeted_rescue/thermochemistry/Mn_bipyridine_pnnoh_Ph__protonated_reference/result.json,c6980ad9aa898c8097d8fa14d89a828baf689ef3d79a9cc5b6456a1a9771a512,data/targeted_rescue/thermochemistry/Mn_bipyridine_pnnoh_Ph__protonated_reference/result.json#/attempts/0/native_command,data/datasets/thermochemistry/export_protocol.json,data/targeted_rescue/thermochemistry/Mn_bipyridine_pnnoh_Ph__protonated_reference/accepted_geometry.xyz,ed8e32b37656ed4f719c5cb3abc33427ffc8c2db6dab8823ddb1be3bf9193e52,data/targeted_rescue/thermochemistry/Mn_bipyridine_pnnoh_Ph__protonated_reference/hessian_00.npz,c3d65f27d8b59b7c70e25c9d99d13726f6a780e425faac09809afd08c82b050f,rescue_seed20270817,0,383.15,lowest G383.15 among eligible certificates; same geometry at all T,101325.0,1.0,100.0,0,1
Mn_bipyridine_pnnoh_Ph|protonated_reference,Mn_bipyridine_pnnoh_Ph,protonated_reference,370.0,-54196.51219458977,230.54871064704474,-53937.689883576204,221.58167565797118,204.8607965816757,-54010.97879461538,2.509583696046293,kcal/mol,cal/(mol K),1,C25H19MnN2O3P,GFN2-xTB/ALPB toluene gsolv + qRRHO + 1M,data/targeted_rescue/thermochemistry/Mn_bipyridine_pnnoh_Ph__protonated_reference/result.json,c6980ad9aa898c8097d8fa14d89a828baf689ef3d79a9cc5b6456a1a9771a512,data/targeted_rescue/thermochemistry/Mn_bipyridine_pnnoh_Ph__protonated_reference/result.json#/attempts/0/native_command,data/datasets/thermochemistry/export_protocol.json,data/targeted_rescue/thermochemistry/Mn_bipyridine_pnnoh_Ph__protonated_reference/accepted_geometry.xyz,ed8e32b37656ed4f719c5cb3abc33427ffc8c2db6dab8823ddb1be3bf9193e52,data/targeted_rescue/thermochemistry/Mn_bipyridine_pnnoh_Ph__protonated_reference/hessian_00.npz,c3d65f27d8b59b7c70e25c9d99d13726f6a780e425faac09809afd08c82b050f,rescue_seed20270817,0,383.15,lowest G383.15 among eligible certificates; same geometry at all T,101325.0,1.0,100.0,0,1
Mn_bipyridine_pnnoh_Ph|protonated_reference,Mn_bipyridine_pnnoh_Ph,protonated_reference,380.0,-54196.51219458977,230.54871064704474,-53936.28979645866,225.31528939316695,208.28988682069672,-54012.84240497151,2.597548479011341,kcal/mol,cal/(mol K),1,C25H19MnN2O3P,GFN2-xTB/ALPB toluene gsolv + qRRHO + 1M,data/targeted_rescue/thermochemistry/Mn_bipyridine_pnnoh_Ph__protonated_reference/result.json,c6980ad9aa898c8097d8fa14d89a828baf689ef3d79a9cc5b6456a1a9771a512,data/targeted_rescue/thermochemistry/Mn_bipyridine_pnnoh_Ph__protonated_reference/result.json#/attempts/0/native_command,data/datasets/thermochemistry/export_protocol.json,data/targeted_rescue/thermochemistry/Mn_bipyridine_pnnoh_Ph__protonated_reference/accepted_geometry.xyz,ed8e32b37656ed4f719c5cb3abc33427ffc8c2db6dab8823ddb1be3bf9193e52,data/targeted_rescue/thermochemistry/Mn_bipyridine_pnnoh_Ph__protonated_reference/hessian_00.npz,c3d65f27d8b59b7c70e25c9d99d13726f6a780e425faac09809afd08c82b050f,rescue_seed20270817,0,383.15,lowest G383.15 among eligible certificates; same geometry at all T,101325.0,1.0,100.0,0,1
Mn_bipyridine_pnnoh_Ph|protonated_reference,Mn_bipyridine_pnnoh_Ph,protonated_reference,383.15,-54196.51219458977,230.54871064704474,-53935.84274966695,226.486873910008,209.36715405018634,-54013.4364083857,2.625366355574337,kcal/mol,cal/(mol K),1,C25H19MnN2O3P,GFN2-xTB/ALPB toluene gsolv + qRRHO + 1M,data/targeted_rescue/thermochemistry/Mn_bipyridine_pnnoh_Ph__protonated_reference/result.json,c6980ad9aa898c8097d8fa14d89a828baf689ef3d79a9cc5b6456a1a9771a512,data/targeted_rescue/thermochemistry/Mn_bipyridine_pnnoh_Ph__protonated_reference/result.json#/attempts/0/native_command,data/datasets/thermochemistry/export_protocol.json,data/targeted_rescue/thermochemistry/Mn_bipyridine_pnnoh_Ph__protonated_reference/accepted_geometry.xyz,ed8e32b37656ed4f719c5cb3abc33427ffc8c2db6dab8823ddb1be3bf9193e52,data/targeted_rescue/thermochemistry/Mn_bipyridine_pnnoh_Ph__protonated_reference/hessian_00.npz,c3d65f27d8b59b7c70e25c9d99d13726f6a780e425faac09809afd08c82b050f,rescue_seed20270817,0,383.15,lowest G383.15 among eligible certificates; same geometry at all T,101325.0,1.0,100.0,0,1
Mn_bipyridine_pnnoh_Ph|protonated_reference,Mn_bipyridine_pnnoh_Ph,protonated_reference,390.0,-54196.51219458977,230.54871064704474,-53934.860779603325,229.02706916226873,211.70481746037248,-54014.73962214203,2.686036270841015,kcal/mol,cal/(mol K),1,C25H19MnN2O3P,GFN2-xTB/ALPB toluene gsolv + qRRHO + 1M,data/targeted_rescue/thermochemistry/Mn_bipyridine_pnnoh_Ph__protonated_reference/result.json,c6980ad9aa898c8097d8fa14d89a828baf689ef3d79a9cc5b6456a1a9771a512,data/targeted_rescue/thermochemistry/Mn_bipyridine_pnnoh_Ph__protonated_reference/result.json#/attempts/0/native_command,data/datasets/thermochemistry/export_protocol.json,data/targeted_rescue/thermochemistry/Mn_bipyridine_pnnoh_Ph__protonated_reference/accepted_geometry.xyz,ed8e32b37656ed4f719c5cb3abc33427ffc8c2db6dab8823ddb1be3bf9193e52,data/targeted_rescue/thermochemistry/Mn_bipyridine_pnnoh_Ph__protonated_reference/hessian_00.npz,c3d65f27d8b59b7c70e25c9d99d13726f6a780e425faac09809afd08c82b050f,rescue_seed20270817,0,383.15,lowest G383.15 among eligible certificates; same geometry at all T,101325.0,1.0,100.0,0,1
Mn_bipyridine_pnnoh_Ph|protonated_reference,Mn_bipyridine_pnnoh_Ph,protonated_reference,400.0,-54196.51219458977,230.54871064704474,-53933.40342030197,232.71663364160753,215.10483481891274,-54016.670320571466,2.775033658072708,kcal/mol,cal/(mol K),1,C25H19MnN2O3P,GFN2-xTB/ALPB toluene gsolv + qRRHO + 1M,data/targeted_rescue/thermochemistry/Mn_bipyridine_pnnoh_Ph__protonated_reference/result.json,c6980ad9aa898c8097d8fa14d89a828baf689ef3d79a9cc5b6456a1a9771a512,data/targeted_rescue/thermochemistry/Mn_bipyridine_pnnoh_Ph__protonated_reference/result.json#/attempts/0/native_command,data/datasets/thermochemistry/export_protocol.json,data/targeted_rescue/thermochemistry/Mn_bipyridine_pnnoh_Ph__protonated_reference/accepted_geometry.xyz,ed8e32b37656ed4f719c5cb3abc33427ffc8c2db6dab8823ddb1be3bf9193e52,data/targeted_rescue/thermochemistry/Mn_bipyridine_pnnoh_Ph__protonated_reference/hessian_00.npz,c3d65f27d8b59b7c70e25c9d99d13726f6a780e425faac09809afd08c82b050f,rescue_seed20270817,0,383.15,lowest G383.15 among eligible certificates; same geometry at all T,101325.0,1.0,100.0,0,1
Mn_bipyridine_pnnoh_Ph|protonated_reference,Mn_bipyridine_pnnoh_Ph,protonated_reference,410.0,-54196.51219458977,230.54871064704474,-53931.91831102229,236.3836169617694,218.48922679694715,-54018.6343661109,2.8645278981321125,kcal/mol,cal/(mol K),1,C25H19MnN2O3P,GFN2-xTB/ALPB toluene gsolv + qRRHO + 1M,data/targeted_rescue/thermochemistry/Mn_bipyridine_pnnoh_Ph__protonated_reference/result.json,c6980ad9aa898c8097d8fa14d89a828baf689ef3d79a9cc5b6456a1a9771a512,data/targeted_rescue/thermochemistry/Mn_bipyridine_pnnoh_Ph__protonated_reference/result.json#/attempts/0/native_command,data/datasets/thermochemistry/export_protocol.json,data/targeted_rescue/thermochemistry/Mn_bipyridine_pnnoh_Ph__protonated_reference/accepted_geometry.xyz,ed8e32b37656ed4f719c5cb3abc33427ffc8c2db6dab8823ddb1be3bf9193e52,data/targeted_rescue/thermochemistry/Mn_bipyridine_pnnoh_Ph__protonated_reference/hessian_00.npz,c3d65f27d8b59b7c70e25c9d99d13726f6a780e425faac09809afd08c82b050f,rescue_seed20270817,0,383.15,lowest G383.15 among eligible certificates; same geometry at all T,101325.0,1.0,100.0,0,1
Mn_bipyridine_pnnoh_Ph|protonated_reference,Mn_bipyridine_pnnoh_Ph,protonated_reference,420.0,-54196.51219458977,230.54871064704474,-53930.40604666947,240.0276738192375,221.8573256300941,-54020.63161656389,2.954506870223601,kcal/mol,cal/(mol K),1,C25H19MnN2O3P,GFN2-xTB/ALPB toluene gsolv + qRRHO + 1M,data/targeted_rescue/thermochemistry/Mn_bipyridine_pnnoh_Ph__protonated_reference/result.json,c6980ad9aa898c8097d8fa14d89a828baf689ef3d79a9cc5b6456a1a9771a512,data/targeted_rescue/thermochemistry/Mn_bipyridine_pnnoh_Ph__protonated_reference/result.json#/attempts/0/native_command,data/datasets/thermochemistry/export_protocol.json,data/targeted_rescue/thermochemistry/Mn_bipyridine_pnnoh_Ph__protonated_reference/accepted_geometry.xyz,ed8e32b37656ed4f719c5cb3abc33427ffc8c2db6dab8823ddb1be3bf9193e52,data/targeted_rescue/thermochemistry/Mn_bipyridine_pnnoh_Ph__protonated_reference/hessian_00.npz,c3d65f27d8b59b7c70e25c9d99d13726f6a780e425faac09809afd08c82b050f,rescue_seed20270817,0,383.15,lowest G383.15 among eligible certificates; same geometry at all T,101325.0,1.0,100.0,0,1
Mn_bipyridine_pnnoh_Ph|protonated_reference,Mn_bipyridine_pnnoh_Ph,protonated_reference,430.0,-54196.51219458977,230.54871064704474,-53928.86722210474,243.64848338193025,225.2085096924651,-54022.6619222416,3.044959030900024,kcal/mol,cal/(mol K),1,C25H19MnN2O3P,GFN2-xTB/ALPB toluene gsolv + qRRHO + 1M,data/targeted_rescue/thermochemistry/Mn_bipyridine_pnnoh_Ph__protonated_reference/result.json,c6980ad9aa898c8097d8fa14d89a828baf689ef3d79a9cc5b6456a1a9771a512,data/targeted_rescue/thermochemistry/Mn_bipyridine_pnnoh_Ph__protonated_reference/result.json#/attempts/0/native_command,data/datasets/thermochemistry/export_protocol.json,data/targeted_rescue/thermochemistry/Mn_bipyridine_pnnoh_Ph__protonated_reference/accepted_geometry.xyz,ed8e32b37656ed4f719c5cb3abc33427ffc8c2db6dab8823ddb1be3bf9193e52,data/targeted_rescue/thermochemistry/Mn_bipyridine_pnnoh_Ph__protonated_reference/hessian_00.npz,c3d65f27d8b59b7c70e25c9d99d13726f6a780e425faac09809afd08c82b050f,rescue_seed20270817,0,383.15,lowest G383.15 among eligible certificates; same geometry at all T,101325.0,1.0,100.0,0,1
Mn_bipyridine_pnnoh_Ph|protonated_reference,Mn_bipyridine_pnnoh_Ph,protonated_reference,440.0,-54196.51219458977,230.54871064704474,-53927.30242992143,247.24575215276263,228.54220448279025,-54024.72512652009,3.135873373767528,kcal/mol,cal/(mol K),1,C25H19MnN2O3P,GFN2-xTB/ALPB toluene gsolv + qRRHO + 1M,data/targeted_rescue/thermochemistry/Mn_bipyridine_pnnoh_Ph__protonated_reference/result.json,c6980ad9aa898c8097d8fa14d89a828baf689ef3d79a9cc5b6456a1a9771a512,data/targeted_rescue/thermochemistry/Mn_bipyridine_pnnoh_Ph__protonated_reference/result.json#/attempts/0/native_command,data/datasets/thermochemistry/export_protocol.json,data/targeted_rescue/thermochemistry/Mn_bipyridine_pnnoh_Ph__protonated_reference/accepted_geometry.xyz,ed8e32b37656ed4f719c5cb3abc33427ffc8c2db6dab8823ddb1be3bf9193e52,data/targeted_rescue/thermochemistry/Mn_bipyridine_pnnoh_Ph__protonated_reference/hessian_00.npz,c3d65f27d8b59b7c70e25c9d99d13726f6a780e425faac09809afd08c82b050f,rescue_seed20270817,0,383.15,lowest G383.15 among eligible certificates; same geometry at all T,101325.0,1.0,100.0,0,1
Mn_bipyridine_pnnoh_iPr|active,Mn_bipyridine_pnnoh_iPr,active,298.15,-47328.386102713725,229.83736232779728,-47080.61588333748,179.32265370156156,170.79443317945277,-47129.643915144436,1.894328445494145,kcal/mol,cal/(mol K),0,C19H22MnN2O3P,GFN2-xTB/ALPB toluene gsolv + qRRHO + 1M,data/campaign/thermochemistry/Mn_bipyridine_pnnoh_iPr__active/result.json,0c2a0b70c6becb291b7f50995b6a4732bea60639d41cb39fa8180a1843f095fe,data/campaign/thermochemistry/Mn_bipyridine_pnnoh_iPr__active/result.json#/attempts/0/native_command,data/datasets/thermochemistry/export_protocol.json,data/campaign/thermochemistry/Mn_bipyridine_pnnoh_iPr__active/accepted_geometry.xyz,cc5aa3b881737dc1808eeebafdd7a650a57b30f216ee56eb8cd03d22c19999a9,data/campaign/thermochemistry/Mn_bipyridine_pnnoh_iPr__active/hessian_00.npz,f09db54520e305988928a3ccc6d02f11ec36a792852b36176f26339d014047da,1,0,383.15,lowest G383.15 among eligible certificates; same geometry at all T,101325.0,1.0,100.0,0,1
Mn_bipyridine_pnnoh_iPr|active,Mn_bipyridine_pnnoh_iPr,active,340.0,-47328.386102713725,229.83736232779728,-47075.918725129326,194.0486045856091,184.36066758002832,-47136.35237932217,2.248972784367174,kcal/mol,cal/(mol K),0,C19H22MnN2O3P,GFN2-xTB/ALPB toluene gsolv + qRRHO + 1M,data/campaign/thermochemistry/Mn_bipyridine_pnnoh_iPr__active/result.json,0c2a0b70c6becb291b7f50995b6a4732bea60639d41cb39fa8180a1843f095fe,data/campaign/thermochemistry/Mn_bipyridine_pnnoh_iPr__active/result.json#/attempts/0/native_command,data/datasets/thermochemistry/export_protocol.json,data/campaign/thermochemistry/Mn_bipyridine_pnnoh_iPr__active/accepted_geometry.xyz,cc5aa3b881737dc1808eeebafdd7a650a57b30f216ee56eb8cd03d22c19999a9,data/campaign/thermochemistry/Mn_bipyridine_pnnoh_iPr__active/hessian_00.npz,f09db54520e305988928a3ccc6d02f11ec36a792852b36176f26339d014047da,1,0,383.15,lowest G383.15 among eligible certificates; same geometry at all T,101325.0,1.0,100.0,0,1
Mn_bipyridine_pnnoh_iPr|active,Mn_bipyridine_pnnoh_iPr,active,350.0,-47328.386102713725,229.83736232779728,-47074.726621303686,197.50403531117502,187.55895685491492,-47138.03697570533,2.3352804975836268,kcal/mol,cal/(mol K),0,C19H22MnN2O3P,GFN2-xTB/ALPB toluene gsolv + qRRHO + 1M,data/campaign/thermochemistry/Mn_bipyridine_pnnoh_iPr__active/result.json,0c2a0b70c6becb291b7f50995b6a4732bea60639d41cb39fa8180a1843f095fe,data/campaign/thermochemistry/Mn_bipyridine_pnnoh_iPr__active/result.json#/attempts/0/native_command,data/datasets/thermochemistry/export_protocol.json,data/campaign/thermochemistry/Mn_bipyridine_pnnoh_iPr__active/accepted_geometry.xyz,cc5aa3b881737dc1808eeebafdd7a650a57b30f216ee56eb8cd03d22c19999a9,data/campaign/thermochemistry/Mn_bipyridine_pnnoh_iPr__active/hessian_00.npz,f09db54520e305988928a3ccc6d02f11ec36a792852b36176f26339d014047da,1,0,383.15,lowest G383.15 among eligible certificates; same geometry at all T,101325.0,1.0,100.0,0,1
Mn_bipyridine_pnnoh_iPr|active,Mn_bipyridine_pnnoh_iPr,active,360.0,-47328.386102713725,229.83736232779728,-47073.50833334623,200.93588739220954,190.74054124014464,-47139.752772131964,2.422156060718619,kcal/mol,cal/(mol K),0,C19H22MnN2O3P,GFN2-xTB/ALPB toluene gsolv + qRRHO + 1M,data/campaign/thermochemistry/Mn_bipyridine_pnnoh_iPr__active/result.json,0c2a0b70c6becb291b7f50995b6a4732bea60639d41cb39fa8180a1843f095fe,data/campaign/thermochemistry/Mn_bipyridine_pnnoh_iPr__active/result.json#/attempts/0/native_command,data/datasets/thermochemistry/export_protocol.json,data/campaign/thermochemistry/Mn_bipyridine_pnnoh_iPr__active/accepted_geometry.xyz,cc5aa3b881737dc1808eeebafdd7a650a57b30f216ee56eb8cd03d22c19999a9,data/campaign/thermochemistry/Mn_bipyridine_pnnoh_iPr__active/hessian_00.npz,f09db54520e305988928a3ccc6d02f11ec36a792852b36176f26339d014047da,1,0,383.15,lowest G383.15 among eligible certificates; same geometry at all T,101325.0,1.0,100.0,0,1
Mn_bipyridine_pnnoh_iPr|active,Mn_bipyridine_pnnoh_iPr,active,370.0,-47328.386102713725,229.83736232779728,-47072.26423890324,204.34441831547753,193.9053292341015,-47141.49962702381,2.509583696046293,kcal/mol,cal/(mol K),0,C19H22MnN2O3P,GFN2-xTB/ALPB toluene gsolv + qRRHO + 1M,data/campaign/thermochemistry/Mn_bipyridine_pnnoh_iPr__active/result.json,0c2a0b70c6becb291b7f50995b6a4732bea60639d41cb39fa8180a1843f095fe,data/campaign/thermochemistry/Mn_bipyridine_pnnoh_iPr__active/result.json#/attempts/0/native_command,data/datasets/thermochemistry/export_protocol.json,data/campaign/thermochemistry/Mn_bipyridine_pnnoh_iPr__active/accepted_geometry.xyz,cc5aa3b881737dc1808eeebafdd7a650a57b30f216ee56eb8cd03d22c19999a9,data/campaign/thermochemistry/Mn_bipyridine_pnnoh_iPr__active/hessian_00.npz,f09db54520e305988928a3ccc6d02f11ec36a792852b36176f26339d014047da,1,0,383.15,lowest G383.15 among eligible certificates; same geometry at all T,101325.0,1.0,100.0,0,1
Mn_bipyridine_pnnoh_iPr|active,Mn_bipyridine_pnnoh_iPr,active,380.0,-47328.386102713725,229.83736232779728,-47070.99473065243,207.72982485633858,197.053193857766,-47143.27739583937,2.597548479011341,kcal/mol,cal/(mol K),0,C19H22MnN2O3P,GFN2-xTB/ALPB toluene gsolv + qRRHO + 1M,data/campaign/thermochemistry/Mn_bipyridine_pnnoh_iPr__active/result.json,0c2a0b70c6becb291b7f50995b6a4732bea60639d41cb39fa8180a1843f095fe,data/campaign/thermochemistry/Mn_bipyridine_pnnoh_iPr__active/result.json#/attempts/0/native_command,data/datasets/thermochemistry/export_protocol.json,data/campaign/thermochemistry/Mn_bipyridine_pnnoh_iPr__active/accepted_geometry.xyz,cc5aa3b881737dc1808eeebafdd7a650a57b30f216ee56eb8cd03d22c19999a9,data/campaign/thermochemistry/Mn_bipyridine_pnnoh_iPr__active/hessian_00.npz,f09db54520e305988928a3ccc6d02f11ec36a792852b36176f26339d014047da,1,0,383.15,lowest G383.15 among eligible certificates; same geometry at all T,101325.0,1.0,100.0,0,1
Mn_bipyridine_pnnoh_iPr|active,Mn_bipyridine_pnnoh_iPr,active,383.15,-47328.386102713725,229.83736232779728,-47070.589636529185,208.79146338375452,198.04124232096643,-47143.84377216889,2.625366355574337,kcal/mol,cal/(mol K),0,C19H22MnN2O3P,GFN2-xTB/ALPB toluene gsolv + qRRHO + 1M,data/campaign/thermochemistry/Mn_bipyridine_pnnoh_iPr__active/result.json,0c2a0b70c6becb291b7f50995b6a4732bea60639d41cb39fa8180a1843f095fe,data/campaign/thermochemistry/Mn_bipyridine_pnnoh_iPr__active/result.json#/attempts/0/native_command,data/datasets/thermochemistry/export_protocol.json,data/campaign/thermochemistry/Mn_bipyridine_pnnoh_iPr__active/accepted_geometry.xyz,cc5aa3b881737dc1808eeebafdd7a650a57b30f216ee56eb8cd03d22c19999a9,data/campaign/thermochemistry/Mn_bipyridine_pnnoh_iPr__active/hessian_00.npz,f09db54520e305988928a3ccc6d02f11ec36a792852b36176f26339d014047da,1,0,383.15,lowest G383.15 among eligible certificates; same geometry at all T,101325.0,1.0,100.0,0,1
Mn_bipyridine_pnnoh_iPr|active,Mn_bipyridine_pnnoh_iPr,active,390.0,-47328.386102713725,229.83736232779728,-47069.70021405671,211.09225522392902,200.1839824957369,-47145.08593095921,2.686036270841015,kcal/mol,cal/(mol K),0,C19H22MnN2O3P,GFN2-xTB/ALPB toluene gsolv + qRRHO + 1M,data/campaign/thermochemistry/Mn_bipyridine_pnnoh_iPr__active/result.json,0c2a0b70c6becb291b7f50995b6a4732bea60639d41cb39fa8180a1843f095fe,data/campaign/thermochemistry/Mn_bipyridine_pnnoh_iPr__active/result.json#/attempts/0/native_command,data/datasets/thermochemistry/export_protocol.json,data/campaign/thermochemistry/Mn_bipyridine_pnnoh_iPr__active/accepted_geometry.xyz,cc5aa3b881737dc1808eeebafdd7a650a57b30f216ee56eb8cd03d22c19999a9,data/campaign/thermochemistry/Mn_bipyridine_pnnoh_iPr__active/hessian_00.npz,f09db54520e305988928a3ccc6d02f11ec36a792852b36176f26339d014047da,1,0,383.15,lowest G383.15 among eligible certificates; same geometry at all T,101325.0,1.0,100.0,0,1
Mn_bipyridine_pnnoh_iPr|active,Mn_bipyridine_pnnoh_iPr,active,400.0,-47328.386102713725,229.83736232779728,-47068.381105103,214.4318197071635,203.2975254857966,-47146.925081639245,2.775033658072708,kcal/mol,cal/(mol K),0,C19H22MnN2O3P,GFN2-xTB/ALPB toluene gsolv + qRRHO + 1M,data/campaign/thermochemistry/Mn_bipyridine_pnnoh_iPr__active/result.json,0c2a0b70c6becb291b7f50995b6a4732bea60639d41cb39fa8180a1843f095fe,data/campaign/thermochemistry/Mn_bipyridine_pnnoh_iPr__active/result.json#/attempts/0/native_command,data/datasets/thermochemistry/export_protocol.json,data/campaign/thermochemistry/Mn_bipyridine_pnnoh_iPr__active/accepted_geometry.xyz,cc5aa3b881737dc1808eeebafdd7a650a57b30f216ee56eb8cd03d22c19999a9,data/campaign/thermochemistry/Mn_bipyridine_pnnoh_iPr__active/hessian_00.npz,f09db54520e305988928a3ccc6d02f11ec36a792852b36176f26339d014047da,1,0,383.15,lowest G383.15 among eligible certificates; same geometry at all T,101325.0,1.0,100.0,0,1
Mn_bipyridine_pnnoh_iPr|active,Mn_bipyridine_pnnoh_iPr,active,410.0,-47328.386102713725,229.83736232779728,-47067.03782808276,217.7485999027023,206.3936435083858,-47148.79469402306,2.8645278981321125,kcal/mol,cal/(mol K),0,C19H22MnN2O3P,GFN2-xTB/ALPB toluene gsolv + qRRHO + 1M,data/campaign/thermochemistry/Mn_bipyridine_pnnoh_iPr__active/result.json,0c2a0b70c6becb291b7f50995b6a4732bea60639d41cb39fa8180a1843f095fe,data/campaign/thermochemistry/Mn_bipyridine_pnnoh_iPr__active/result.json#/attempts/0/native_command,data/datasets/thermochemistry/export_protocol.json,data/campaign/thermochemistry/Mn_bipyridine_pnnoh_iPr__active/accepted_geometry.xyz,cc5aa3b881737dc1808eeebafdd7a650a57b30f216ee56eb8cd03d22c19999a9,data/campaign/thermochemistry/Mn_bipyridine_pnnoh_iPr__active/hessian_00.npz,f09db54520e305988928a3ccc6d02f11ec36a792852b36176f26339d014047da,1,0,383.15,lowest G383.15 among eligible certificates; same geometry at all T,101325.0,1.0,100.0,0,1
Mn_bipyridine_pnnoh_iPr|active,Mn_bipyridine_pnnoh_iPr,active,420.0,-47328.386102713725,229.83736232779728,-47065.67081345847,221.0426566240421,209.47215384917297,-47150.694611204905,2.954506870223601,kcal/mol,cal/(mol K),0,C19H22MnN2O3P,GFN2-xTB/ALPB toluene gsolv + qRRHO + 1M,data/campaign/thermochemistry/Mn_bipyridine_pnnoh_iPr__active/result.json,0c2a0b70c6becb291b7f50995b6a4732bea60639d41cb39fa8180a1843f095fe,data/campaign/thermochemistry/Mn_bipyridine_pnnoh_iPr__active/result.json#/attempts/0/native_command,data/datasets/thermochemistry/export_protocol.json,data/campaign/thermochemistry/Mn_bipyridine_pnnoh_iPr__active/accepted_geometry.xyz,cc5aa3b881737dc1808eeebafdd7a650a57b30f216ee56eb8cd03d22c19999a9,data/campaign/thermochemistry/Mn_bipyridine_pnnoh_iPr__active/hessian_00.npz,f09db54520e305988928a3ccc6d02f11ec36a792852b36176f26339d014047da,1,0,383.15,lowest G383.15 among eligible certificates; same geometry at all T,101325.0,1.0,100.0,0,1
Mn_bipyridine_pnnoh_iPr|active,Mn_bipyridine_pnnoh_iPr,active,430.0,-47328.386102713725,229.83736232779728,-47064.28049584846,224.31403660152762,212.53287562186813,-47152.62467333497,3.044959030900024,kcal/mol,cal/(mol K),0,C19H22MnN2O3P,GFN2-xTB/ALPB toluene gsolv + qRRHO + 1M,data/campaign/thermochemistry/Mn_bipyridine_pnnoh_iPr__active/result.json,0c2a0b70c6becb291b7f50995b6a4732bea60639d41cb39fa8180a1843f095fe,data/campaign/thermochemistry/Mn_bipyridine_pnnoh_iPr__active/result.json#/attempts/0/native_command,data/datasets/thermochemistry/export_protocol.json,data/campaign/thermochemistry/Mn_bipyridine_pnnoh_iPr__active/accepted_geometry.xyz,cc5aa3b881737dc1808eeebafdd7a650a57b30f216ee56eb8cd03d22c19999a9,data/campaign/thermochemistry/Mn_bipyridine_pnnoh_iPr__active/hessian_00.npz,f09db54520e305988928a3ccc6d02f11ec36a792852b36176f26339d014047da,1,0,383.15,lowest G383.15 among eligible certificates; same geometry at all T,101325.0,1.0,100.0,0,1
Mn_bipyridine_pnnoh_iPr|active,Mn_bipyridine_pnnoh_iPr,active,440.0,-47328.386102713725,229.83736232779728,-47062.86731215269,227.56277808790918,215.57563404615493,-47154.58471775923,3.135873373767528,kcal/mol,cal/(mol K),0,C19H22MnN2O3P,GFN2-xTB/ALPB toluene gsolv + qRRHO + 1M,data/campaign/thermochemistry/Mn_bipyridine_pnnoh_iPr__active/result.json,0c2a0b70c6becb291b7f50995b6a4732bea60639d41cb39fa8180a1843f095fe,data/campaign/thermochemistry/Mn_bipyridine_pnnoh_iPr__active/result.json#/attempts/0/native_command,data/datasets/thermochemistry/export_protocol.json,data/campaign/thermochemistry/Mn_bipyridine_pnnoh_iPr__active/accepted_geometry.xyz,cc5aa3b881737dc1808eeebafdd7a650a57b30f216ee56eb8cd03d22c19999a9,data/campaign/thermochemistry/Mn_bipyridine_pnnoh_iPr__active/hessian_00.npz,f09db54520e305988928a3ccc6d02f11ec36a792852b36176f26339d014047da,1,0,383.15,lowest G383.15 among eligible certificates; same geometry at all T,101325.0,1.0,100.0,0,1
Mn_bipyridine_pnnoh_iPr|hydrogenated,Mn_bipyridine_pnnoh_iPr,hydrogenated,298.15,-47987.903536448684,240.9495005964045,-47728.63544379251,183.12665867911787,173.18223370724195,-47778.37539832683,1.894328445494145,kcal/mol,cal/(mol K),0,C19H24MnN2O3P,GFN2-xTB/ALPB toluene gsolv + qRRHO + 1M,data/campaign/thermochemistry/Mn_bipyridine_pnnoh_iPr__hydrogenated/result.json,03d0506101bb76dc9da24ee03fd1f445d7fb4249bf953aa23a13a8d2001b0945,data/campaign/thermochemistry/Mn_bipyridine_pnnoh_iPr__hydrogenated/result.json#/attempts/0/native_command,data/datasets/thermochemistry/export_protocol.json,data/campaign/thermochemistry/Mn_bipyridine_pnnoh_iPr__hydrogenated/accepted_geometry.xyz,507fa2dd8efd96a1537ae40f832d4e9dfc7ee3b2fcae02308725c798b2aeca06,data/campaign/thermochemistry/Mn_bipyridine_pnnoh_iPr__hydrogenated/hessian_00.npz,5eb1d2781df5a027a0f7de5de04150c54ee1da8909f0e0780ed0f1e472daf6e1,1,0,383.15,lowest G383.15 among eligible certificates; same geometry at all T,101325.0,1.0,100.0,0,1
Mn_bipyridine_pnnoh_iPr|hydrogenated,Mn_bipyridine_pnnoh_iPr,hydrogenated,340.0,-47987.903536448684,240.9495005964045,-47723.802151205055,198.2789061870272,187.0808374792735,-47785.160663163646,2.248972784367174,kcal/mol,cal/(mol K),0,C19H24MnN2O3P,GFN2-xTB/ALPB toluene gsolv + qRRHO + 1M,data/campaign/thermochemistry/Mn_bipyridine_pnnoh_iPr__hydrogenated/result.json,03d0506101bb76dc9da24ee03fd1f445d7fb4249bf953aa23a13a8d2001b0945,data/campaign/thermochemistry/Mn_bipyridine_pnnoh_iPr__hydrogenated/result.json#/attempts/0/native_command,data/datasets/thermochemistry/export_protocol.json,data/campaign/thermochemistry/Mn_bipyridine_pnnoh_iPr__hydrogenated/accepted_geometry.xyz,507fa2dd8efd96a1537ae40f832d4e9dfc7ee3b2fcae02308725c798b2aeca06,data/campaign/thermochemistry/Mn_bipyridine_pnnoh_iPr__hydrogenated/hessian_00.npz,5eb1d2781df5a027a0f7de5de04150c54ee1da8909f0e0780ed0f1e472daf6e1,1,0,383.15,lowest G383.15 among eligible certificates; same geometry at all T,101325.0,1.0,100.0,0,1
Mn_bipyridine_pnnoh_iPr|hydrogenated,Mn_bipyridine_pnnoh_iPr,hydrogenated,350.0,-47987.903536448684,240.9495005964045,-47722.57338338916,201.84060582983201,190.36470412313412,-47786.86574933468,2.3352804975836268,kcal/mol,cal/(mol K),0,C19H24MnN2O3P,GFN2-xTB/ALPB toluene gsolv + qRRHO + 1M,data/campaign/thermochemistry/Mn_bipyridine_pnnoh_iPr__hydrogenated/result.json,03d0506101bb76dc9da24ee03fd1f445d7fb4249bf953aa23a13a8d2001b0945,data/campaign/thermochemistry/Mn_bipyridine_pnnoh_iPr__hydrogenated/result.json#/attempts/0/native_command,data/datasets/thermochemistry/export_protocol.json,data/campaign/thermochemistry/Mn_bipyridine_pnnoh_iPr__hydrogenated/accepted_geometry.xyz,507fa2dd8efd96a1537ae40f832d4e9dfc7ee3b2fcae02308725c798b2aeca06,data/campaign/thermochemistry/Mn_bipyridine_pnnoh_iPr__hydrogenated/hessian_00.npz,5eb1d2781df5a027a0f7de5de04150c54ee1da8909f0e0780ed0f1e472daf6e1,1,0,383.15,lowest G383.15 among eligible certificates; same geometry at all T,101325.0,1.0,100.0,0,1
Mn_bipyridine_pnnoh_iPr|hydrogenated,Mn_bipyridine_pnnoh_iPr,hydrogenated,360.0,-47987.903536448684,240.9495005964045,-47721.31687806833,205.38010938212173,193.63384269681126,-47788.602905378466,2.422156060718619,kcal/mol,cal/(mol K),0,C19H24MnN2O3P,GFN2-xTB/ALPB toluene gsolv + qRRHO + 1M,data/campaign/thermochemistry/Mn_bipyridine_pnnoh_iPr__hydrogenated/result.json,03d0506101bb76dc9da24ee03fd1f445d7fb4249bf953aa23a13a8d2001b0945,data/campaign/thermochemistry/Mn_bipyridine_pnnoh_iPr__hydrogenated/result.json#/attempts/0/native_command,data/datasets/thermochemistry/export_protocol.json,data/campaign/thermochemistry/Mn_bipyridine_pnnoh_iPr__hydrogenated/accepted_geometry.xyz,507fa2dd8efd96a1537ae40f832d4e9dfc7ee3b2fcae02308725c798b2aeca06,data/campaign/thermochemistry/Mn_bipyridine_pnnoh_iPr__hydrogenated/hessian_00.npz,5eb1d2781df5a027a0f7de5de04150c54ee1da8909f0e0780ed0f1e472daf6e1,1,0,383.15,lowest G383.15 among eligible certificates; same geometry at all T,101325.0,1.0,100.0,0,1
Mn_bipyridine_pnnoh_iPr|hydrogenated,Mn_bipyridine_pnnoh_iPr,hydrogenated,370.0,-47987.903536448684,240.9495005964045,-47720.03303787916,208.89753009363184,196.88798397241345,-47790.37200825291,2.509583696046293,kcal/mol,cal/(mol K),0,C19H24MnN2O3P,GFN2-xTB/ALPB toluene gsolv + qRRHO + 1M,data/campaign/thermochemistry/Mn_bipyridine_pnnoh_iPr__hydrogenated/result.json,03d0506101bb76dc9da24ee03fd1f445d7fb4249bf953aa23a13a8d2001b0945,data/campaign/thermochemistry/Mn_bipyridine_pnnoh_iPr__hydrogenated/result.json#/attempts/0/native_command,data/datasets/thermochemistry/export_protocol.json,data/campaign/thermochemistry/Mn_bipyridine_pnnoh_iPr__hydrogenated/accepted_geometry.xyz,507fa2dd8efd96a1537ae40f832d4e9dfc7ee3b2fcae02308725c798b2aeca06,data/campaign/thermochemistry/Mn_bipyridine_pnnoh_iPr__hydrogenated/hessian_00.npz,5eb1d2781df5a027a0f7de5de04150c54ee1da8909f0e0780ed0f1e472daf6e1,1,0,383.15,lowest G383.15 among eligible certificates; same geometry at all T,101325.0,1.0,100.0,0,1
Mn_bipyridine_pnnoh_iPr|hydrogenated,Mn_bipyridine_pnnoh_iPr,hydrogenated,380.0,-47987.903536448684,240.9495005964045,-47718.72228246156,212.39292678271352,200.1268323000002,-47792.17293025655,2.597548479011341,kcal/mol,cal/(mol K),0,C19H24MnN2O3P,GFN2-xTB/ALPB toluene gsolv + qRRHO + 1M,data/campaign/thermochemistry/Mn_bipyridine_pnnoh_iPr__hydrogenated/result.json,03d0506101bb76dc9da24ee03fd1f445d7fb4249bf953aa23a13a8d2001b0945,data/campaign/thermochemistry/Mn_bipyridine_pnnoh_iPr__hydrogenated/result.json#/attempts/0/native_command,data/datasets/thermochemistry/export_protocol.json,data/campaign/thermochemistry/Mn_bipyridine_pnnoh_iPr__hydrogenated/accepted_geometry.xyz,507fa2dd8efd96a1537ae40f832d4e9dfc7ee3b2fcae02308725c798b2aeca06,data/campaign/thermochemistry/Mn_bipyridine_pnnoh_iPr__hydrogenated/hessian_00.npz,5eb1d2781df5a027a0f7de5de04150c54ee1da8909f0e0780ed0f1e472daf6e1,1,0,383.15,lowest G383.15 among eligible certificates; same geometry at all T,101325.0,1.0,100.0,0,1
Mn_bipyridine_pnnoh_iPr|hydrogenated,Mn_bipyridine_pnnoh_iPr,hydrogenated,383.15,-47987.903536448684,240.9495005964045,-47718.30388904429,213.48941892820685,201.14385255782955,-47792.74678979625,2.625366355574337,kcal/mol,cal/(mol K),0,C19H24MnN2O3P,GFN2-xTB/ALPB toluene gsolv + qRRHO + 1M,data/campaign/thermochemistry/Mn_bipyridine_pnnoh_iPr__hydrogenated/result.json,03d0506101bb76dc9da24ee03fd1f445d7fb4249bf953aa23a13a8d2001b0945,data/campaign/thermochemistry/Mn_bipyridine_pnnoh_iPr__hydrogenated/result.json#/attempts/0/native_command,data/datasets/thermochemistry/export_protocol.json,data/campaign/thermochemistry/Mn_bipyridine_pnnoh_iPr__hydrogenated/accepted_geometry.xyz,507fa2dd8efd96a1537ae40f832d4e9dfc7ee3b2fcae02308725c798b2aeca06,data/campaign/thermochemistry/Mn_bipyridine_pnnoh_iPr__hydrogenated/hessian_00.npz,5eb1d2781df5a027a0f7de5de04150c54ee1da8909f0e0780ed0f1e472daf6e1,1,0,383.15,lowest G383.15 among eligible certificates; same geometry at all T,101325.0,1.0,100.0,0,1
Mn_bipyridine_pnnoh_iPr|hydrogenated,Mn_bipyridine_pnnoh_iPr,hydrogenated,390.0,-47987.903536448684,240.9495005964045,-47717.38504583341,215.8663163135695,203.35007548033104,-47794.0055389999,2.686036270841015,kcal/mol,cal/(mol K),0,C19H24MnN2O3P,GFN2-xTB/ALPB toluene gsolv + qRRHO + 1M,data/campaign/thermochemistry/Mn_bipyridine_pnnoh_iPr__hydrogenated/result.json,03d0506101bb76dc9da24ee03fd1f445d7fb4249bf953aa23a13a8d2001b0945,data/campaign/thermochemistry/Mn_bipyridine_pnnoh_iPr__hydrogenated/result.json#/attempts/0/native_command,data/datasets/thermochemistry/export_protocol.json,data/campaign/thermochemistry/Mn_bipyridine_pnnoh_iPr__hydrogenated/accepted_geometry.xyz,507fa2dd8efd96a1537ae40f832d4e9dfc7ee3b2fcae02308725c798b2aeca06,data/campaign/thermochemistry/Mn_bipyridine_pnnoh_iPr__hydrogenated/hessian_00.npz,5eb1d2781df5a027a0f7de5de04150c54ee1da8909f0e0780ed0f1e472daf6e1,1,0,383.15,lowest G383.15 among eligible certificates; same geometry at all T,101325.0,1.0,100.0,0,1
Mn_bipyridine_pnnoh_iPr|hydrogenated,Mn_bipyridine_pnnoh_iPr,hydrogenated,400.0,-47987.903536448684,240.9495005964045,-47716.02177378784,219.31768443782738,206.55739328941632,-47795.86969744554,2.775033658072708,kcal/mol,cal/(mol K),0,C19H24MnN2O3P,GFN2-xTB/ALPB toluene gsolv + qRRHO + 1M,data/campaign/thermochemistry/Mn_bipyridine_pnnoh_iPr__hydrogenated/result.json,03d0506101bb76dc9da24ee03fd1f445d7fb4249bf953aa23a13a8d2001b0945,data/campaign/thermochemistry/Mn_bipyridine_pnnoh_iPr__hydrogenated/result.json#/attempts/0/native_command,data/datasets/thermochemistry/export_protocol.json,data/campaign/thermochemistry/Mn_bipyridine_pnnoh_iPr__hydrogenated/accepted_geometry.xyz,507fa2dd8efd96a1537ae40f832d4e9dfc7ee3b2fcae02308725c798b2aeca06,data/campaign/thermochemistry/Mn_bipyridine_pnnoh_iPr__hydrogenated/hessian_00.npz,5eb1d2781df5a027a0f7de5de04150c54ee1da8909f0e0780ed0f1e472daf6e1,1,0,383.15,lowest G383.15 among eligible certificates; same geometry at all T,101325.0,1.0,100.0,0,1
Mn_bipyridine_pnnoh_iPr|hydrogenated,Mn_bipyridine_pnnoh_iPr,hydrogenated,410.0,-47987.903536448684,240.9495005964045,-47714.63292136766,222.74699510603298,209.7484647245041,-47797.76526400657,2.8645278981321125,kcal/mol,cal/(mol K),0,C19H24MnN2O3P,GFN2-xTB/ALPB toluene gsolv + qRRHO + 1M,data/campaign/thermochemistry/Mn_bipyridine_pnnoh_iPr__hydrogenated/result.json,03d0506101bb76dc9da24ee03fd1f445d7fb4249bf953aa23a13a8d2001b0945,data/campaign/thermochemistry/Mn_bipyridine_pnnoh_iPr__hydrogenated/result.json#/attempts/0/native_command,data/datasets/thermochemistry/export_protocol.json,data/campaign/thermochemistry/Mn_bipyridine_pnnoh_iPr__hydrogenated/accepted_geometry.xyz,507fa2dd8efd96a1537ae40f832d4e9dfc7ee3b2fcae02308725c798b2aeca06,data/campaign/thermochemistry/Mn_bipyridine_pnnoh_iPr__hydrogenated/hessian_00.npz,5eb1d2781df5a027a0f7de5de04150c54ee1da8909f0e0780ed0f1e472daf6e1,1,0,383.15,lowest G383.15 among eligible certificates; same geometry at all T,101325.0,1.0,100.0,0,1
Mn_bipyridine_pnnoh_iPr|hydrogenated,Mn_bipyridine_pnnoh_iPr,hydrogenated,420.0,-47987.903536448684,240.9495005964045,-47713.21895045949,226.15419836912582,212.92297406051702,-47799.69209269469,2.954506870223601,kcal/mol,cal/(mol K),0,C19H24MnN2O3P,GFN2-xTB/ALPB toluene gsolv + qRRHO + 1M,data/campaign/thermochemistry/Mn_bipyridine_pnnoh_iPr__hydrogenated/result.json,03d0506101bb76dc9da24ee03fd1f445d7fb4249bf953aa23a13a8d2001b0945,data/campaign/thermochemistry/Mn_bipyridine_pnnoh_iPr__hydrogenated/result.json#/attempts/0/native_command,data/datasets/thermochemistry/export_protocol.json,data/campaign/thermochemistry/Mn_bipyridine_pnnoh_iPr__hydrogenated/accepted_geometry.xyz,507fa2dd8efd96a1537ae40f832d4e9dfc7ee3b2fcae02308725c798b2aeca06,data/campaign/thermochemistry/Mn_bipyridine_pnnoh_iPr__hydrogenated/hessian_00.npz,5eb1d2781df5a027a0f7de5de04150c54ee1da8909f0e0780ed0f1e472daf6e1,1,0,383.15,lowest G383.15 among eligible certificates; same geometry at all T,101325.0,1.0,100.0,0,1
Mn_bipyridine_pnnoh_iPr|hydrogenated,Mn_bipyridine_pnnoh_iPr,hydrogenated,430.0,-47987.903536448684,240.9495005964045,-47711.78032753766,229.53923699752525,216.08061581771884,-47801.650033308375,3.044959030900024,kcal/mol,cal/(mol K),0,C19H24MnN2O3P,GFN2-xTB/ALPB toluene gsolv + qRRHO + 1M,data/campaign/thermochemistry/Mn_bipyridine_pnnoh_iPr__hydrogenated/result.json,03d0506101bb76dc9da24ee03fd1f445d7fb4249bf953aa23a13a8d2001b0945,data/campaign/thermochemistry/Mn_bipyridine_pnnoh_iPr__hydrogenated/result.json#/attempts/0/native_command,data/datasets/thermochemistry/export_protocol.json,data/campaign/thermochemistry/Mn_bipyridine_pnnoh_iPr__hydrogenated/accepted_geometry.xyz,507fa2dd8efd96a1537ae40f832d4e9dfc7ee3b2fcae02308725c798b2aeca06,data/campaign/thermochemistry/Mn_bipyridine_pnnoh_iPr__hydrogenated/hessian_00.npz,5eb1d2781df5a027a0f7de5de04150c54ee1da8909f0e0780ed0f1e472daf6e1,1,0,383.15,lowest G383.15 among eligible certificates; same geometry at all T,101325.0,1.0,100.0,0,1
Mn_bipyridine_pnnoh_iPr|hydrogenated,Mn_bipyridine_pnnoh_iPr,hydrogenated,440.0,-47987.903536448684,240.9495005964045,-47710.317521578305,232.90205194761887,219.22109874715585,-47803.63893165329,3.135873373767528,kcal/mol,cal/(mol K),0,C19H24MnN2O3P,GFN2-xTB/ALPB toluene gsolv + qRRHO + 1M,data/campaign/thermochemistry/Mn_bipyridine_pnnoh_iPr__hydrogenated/result.json,03d0506101bb76dc9da24ee03fd1f445d7fb4249bf953aa23a13a8d2001b0945,data/campaign/thermochemistry/Mn_bipyridine_pnnoh_iPr__hydrogenated/result.json#/attempts/0/native_command,data/datasets/thermochemistry/export_protocol.json,data/campaign/thermochemistry/Mn_bipyridine_pnnoh_iPr__hydrogenated/accepted_geometry.xyz,507fa2dd8efd96a1537ae40f832d4e9dfc7ee3b2fcae02308725c798b2aeca06,data/campaign/thermochemistry/Mn_bipyridine_pnnoh_iPr__hydrogenated/hessian_00.npz,5eb1d2781df5a027a0f7de5de04150c54ee1da8909f0e0780ed0f1e472daf6e1,1,0,383.15,lowest G383.15 among eligible certificates; same geometry at all T,101325.0,1.0,100.0,0,1
Mn_bipyridine_pnnoh_iPr|protonated_reference,Mn_bipyridine_pnnoh_iPr,protonated_reference,298.15,-47434.00461332213,236.61374927500634,-47179.03135779281,182.3054245625289,173.4736689152761,-47228.8582037344,1.894328445494145,kcal/mol,cal/(mol K),1,C19H23MnN2O3P,GFN2-xTB/ALPB toluene gsolv + qRRHO + 1M,data/campaign/thermochemistry/Mn_bipyridine_pnnoh_iPr__protonated_reference/result.json,a1af831cc3951288d29bb0dc6a218962f2324b148e721d9e702f081db59a6886,data/campaign/thermochemistry/Mn_bipyridine_pnnoh_iPr__protonated_reference/result.json#/attempts/0/native_command,data/datasets/thermochemistry/export_protocol.json,data/campaign/thermochemistry/Mn_bipyridine_pnnoh_iPr__protonated_reference/accepted_geometry.xyz,a2654db6a310fef2276a0d5df59e7c2d0f0f11f12314e6953620f99d4a8e7344,data/campaign/thermochemistry/Mn_bipyridine_pnnoh_iPr__protonated_reference/hessian_00.npz,fab230f2bd815d3ec75e6270439fd7b39f3c23f8499485cf26d325e4d9949508,3,0,383.15,lowest G383.15 among eligible certificates; same geometry at all T,101325.0,1.0,100.0,0,1
Mn_bipyridine_pnnoh_iPr|protonated_reference,Mn_bipyridine_pnnoh_iPr,protonated_reference,340.0,-47434.00461332213,236.61374927500634,-47174.23393788274,197.34581851511794,187.31658002183417,-47235.6726023058,2.248972784367174,kcal/mol,cal/(mol K),1,C19H23MnN2O3P,GFN2-xTB/ALPB toluene gsolv + qRRHO + 1M,data/campaign/thermochemistry/Mn_bipyridine_pnnoh_iPr__protonated_reference/result.json,a1af831cc3951288d29bb0dc6a218962f2324b148e721d9e702f081db59a6886,data/campaign/thermochemistry/Mn_bipyridine_pnnoh_iPr__protonated_reference/result.json#/attempts/0/native_command,data/datasets/thermochemistry/export_protocol.json,data/campaign/thermochemistry/Mn_bipyridine_pnnoh_iPr__protonated_reference/accepted_geometry.xyz,a2654db6a310fef2276a0d5df59e7c2d0f0f11f12314e6953620f99d4a8e7344,data/campaign/thermochemistry/Mn_bipyridine_pnnoh_iPr__protonated_reference/hessian_00.npz,fab230f2bd815d3ec75e6270439fd7b39f3c23f8499485cf26d325e4d9949508,3,0,383.15,lowest G383.15 among eligible certificates; same geometry at all T,101325.0,1.0,100.0,0,1
Mn_bipyridine_pnnoh_iPr|protonated_reference,Mn_bipyridine_pnnoh_iPr,protonated_reference,350.0,-47434.00461332213,236.61374927500634,-47173.01687232677,200.87360447328248,190.57885199712138,-47237.384190028184,2.3352804975836268,kcal/mol,cal/(mol K),1,C19H23MnN2O3P,GFN2-xTB/ALPB toluene gsolv + qRRHO + 1M,data/campaign/thermochemistry/Mn_bipyridine_pnnoh_iPr__protonated_reference/result.json,a1af831cc3951288d29bb0dc6a218962f2324b148e721d9e702f081db59a6886,data/campaign/thermochemistry/Mn_bipyridine_pnnoh_iPr__protonated_reference/result.json#/attempts/0/native_command,data/datasets/thermochemistry/export_protocol.json,data/campaign/thermochemistry/Mn_bipyridine_pnnoh_iPr__protonated_reference/accepted_geometry.xyz,a2654db6a310fef2276a0d5df59e7c2d0f0f11f12314e6953620f99d4a8e7344,data/campaign/thermochemistry/Mn_bipyridine_pnnoh_iPr__protonated_reference/hessian_00.npz,fab230f2bd815d3ec75e6270439fd7b39f3c23f8499485cf26d325e4d9949508,3,0,383.15,lowest G383.15 among eligible certificates; same geometry at all T,101325.0,1.0,100.0,0,1
Mn_bipyridine_pnnoh_iPr|protonated_reference,Mn_bipyridine_pnnoh_iPr,protonated_reference,360.0,-47434.00461332213,236.61374927500634,-47171.77324305981,204.37684275237513,193.8236743023481,-47239.12760974794,2.422156060718619,kcal/mol,cal/(mol K),1,C19H23MnN2O3P,GFN2-xTB/ALPB toluene gsolv + qRRHO + 1M,data/campaign/thermochemistry/Mn_bipyridine_pnnoh_iPr__protonated_reference/result.json,a1af831cc3951288d29bb0dc6a218962f2324b148e721d9e702f081db59a6886,data/campaign/thermochemistry/Mn_bipyridine_pnnoh_iPr__protonated_reference/result.json#/attempts/0/native_command,data/datasets/thermochemistry/export_protocol.json,data/campaign/thermochemistry/Mn_bipyridine_pnnoh_iPr__protonated_reference/accepted_geometry.xyz,a2654db6a310fef2276a0d5df59e7c2d0f0f11f12314e6953620f99d4a8e7344,data/campaign/thermochemistry/Mn_bipyridine_pnnoh_iPr__protonated_reference/hessian_00.npz,fab230f2bd815d3ec75e6270439fd7b39f3c23f8499485cf26d325e4d9949508,3,0,383.15,lowest G383.15 among eligible certificates; same geometry at all T,101325.0,1.0,100.0,0,1
Mn_bipyridine_pnnoh_iPr|protonated_reference,Mn_bipyridine_pnnoh_iPr,protonated_reference,370.0,-47434.00461332213,236.61374927500634,-47170.50343320725,207.85582893836497,197.05098212919745,-47240.902712899006,2.509583696046293,kcal/mol,cal/(mol K),1,C19H23MnN2O3P,GFN2-xTB/ALPB toluene gsolv + qRRHO + 1M,data/campaign/thermochemistry/Mn_bipyridine_pnnoh_iPr__protonated_reference/result.json,a1af831cc3951288d29bb0dc6a218962f2324b148e721d9e702f081db59a6886,data/campaign/thermochemistry/Mn_bipyridine_pnnoh_iPr__protonated_reference/result.json#/attempts/0/native_command,data/datasets/thermochemistry/export_protocol.json,data/campaign/thermochemistry/Mn_bipyridine_pnnoh_iPr__protonated_reference/accepted_geometry.xyz,a2654db6a310fef2276a0d5df59e7c2d0f0f11f12314e6953620f99d4a8e7344,data/campaign/thermochemistry/Mn_bipyridine_pnnoh_iPr__protonated_reference/hessian_00.npz,fab230f2bd815d3ec75e6270439fd7b39f3c23f8499485cf26d325e4d9949508,3,0,383.15,lowest G383.15 among eligible certificates; same geometry at all T,101325.0,1.0,100.0,0,1
Mn_bipyridine_pnnoh_iPr|protonated_reference,Mn_bipyridine_pnnoh_iPr,protonated_reference,380.0,-47434.00461332213,236.61374927500634,-47169.207841685165,211.31079283106249,200.26067094276024,-47242.709348164404,2.597548479011341,kcal/mol,cal/(mol K),1,C19H23MnN2O3P,GFN2-xTB/ALPB toluene gsolv + qRRHO + 1M,data/campaign/thermochemistry/Mn_bipyridine_pnnoh_iPr__protonated_reference/result.json,a1af831cc3951288d29bb0dc6a218962f2324b148e721d9e702f081db59a6886,data/campaign/thermochemistry/Mn_bipyridine_pnnoh_iPr__protonated_reference/result.json#/attempts/0/native_command,data/datasets/thermochemistry/export_protocol.json,data/campaign/thermochemistry/Mn_bipyridine_pnnoh_iPr__protonated_reference/accepted_geometry.xyz,a2654db6a310fef2276a0d5df59e7c2d0f0f11f12314e6953620f99d4a8e7344,data/campaign/thermochemistry/Mn_bipyridine_pnnoh_iPr__protonated_reference/hessian_00.npz,fab230f2bd815d3ec75e6270439fd7b39f3c23f8499485cf26d325e4d9949508,3,0,383.15,lowest G383.15 among eligible certificates; same geometry at all T,101325.0,1.0,100.0,0,1
Mn_bipyridine_pnnoh_iPr|protonated_reference,Mn_bipyridine_pnnoh_iPr,protonated_reference,383.15,-47434.00461332213,236.61374927500634,-47168.79445622606,212.3941606604087,201.26805306374357,-47243.28494440186,2.625366355574337,kcal/mol,cal/(mol K),1,C19H23MnN2O3P,GFN2-xTB/ALPB toluene gsolv + qRRHO + 1M,data/campaign/thermochemistry/Mn_bipyridine_pnnoh_iPr__protonated_reference/result.json,a1af831cc3951288d29bb0dc6a218962f2324b148e721d9e702f081db59a6886,data/campaign/thermochemistry/Mn_bipyridine_pnnoh_iPr__protonated_reference/result.json#/attempts/0/native_command,data/datasets/thermochemistry/export_protocol.json,data/campaign/thermochemistry/Mn_bipyridine_pnnoh_iPr__protonated_reference/accepted_geometry.xyz,a2654db6a310fef2276a0d5df59e7c2d0f0f11f12314e6953620f99d4a8e7344,data/campaign/thermochemistry/Mn_bipyridine_pnnoh_iPr__protonated_reference/hessian_00.npz,fab230f2bd815d3ec75e6270439fd7b39f3c23f8499485cf26d325e4d9949508,3,0,383.15,lowest G383.15 among eligible certificates; same geometry at all T,101325.0,1.0,100.0,0,1
Mn_bipyridine_pnnoh_iPr|protonated_reference,Mn_bipyridine_pnnoh_iPr,protonated_reference,390.0,-47434.00461332213,236.61374927500634,-47167.88688082932,214.74191144116557,203.45260709904898,-47244.54736132711,2.686036270841015,kcal/mol,cal/(mol K),1,C19H23MnN2O3P,GFN2-xTB/ALPB toluene gsolv + qRRHO + 1M,data/campaign/thermochemistry/Mn_bipyridine_pnnoh_iPr__protonated_reference/result.json,a1af831cc3951288d29bb0dc6a218962f2324b148e721d9e702f081db59a6886,data/campaign/thermochemistry/Mn_bipyridine_pnnoh_iPr__protonated_reference/result.json#/attempts/0/native_command,data/datasets/thermochemistry/export_protocol.json,data/campaign/thermochemistry/Mn_bipyridine_pnnoh_iPr__protonated_reference/accepted_geometry.xyz,a2654db6a310fef2276a0d5df59e7c2d0f0f11f12314e6953620f99d4a8e7344,data/campaign/thermochemistry/Mn_bipyridine_pnnoh_iPr__protonated_reference/hessian_00.npz,fab230f2bd815d3ec75e6270439fd7b39f3c23f8499485cf26d325e4d9949508,3,0,383.15,lowest G383.15 among eligible certificates; same geometry at all T,101325.0,1.0,100.0,0,1
Mn_bipyridine_pnnoh_iPr|protonated_reference,Mn_bipyridine_pnnoh_iPr,protonated_reference,400.0,-47434.00461332213,236.61374927500634,-47166.540974009265,218.14932037942356,206.62663711044343,-47246.41659519537,2.775033658072708,kcal/mol,cal/(mol K),1,C19H23MnN2O3P,GFN2-xTB/ALPB toluene gsolv + qRRHO + 1M,data/campaign/thermochemistry/Mn_bipyridine_pnnoh_iPr__protonated_reference/result.json,a1af831cc3951288d29bb0dc6a218962f2324b148e721d9e702f081db59a6886,data/campaign/thermochemistry/Mn_bipyridine_pnnoh_iPr__protonated_reference/result.json#/attempts/0/native_command,data/datasets/thermochemistry/export_protocol.json,data/campaign/thermochemistry/Mn_bipyridine_pnnoh_iPr__protonated_reference/accepted_geometry.xyz,a2654db6a310fef2276a0d5df59e7c2d0f0f11f12314e6953620f99d4a8e7344,data/campaign/thermochemistry/Mn_bipyridine_pnnoh_iPr__protonated_reference/hessian_00.npz,fab230f2bd815d3ec75e6270439fd7b39f3c23f8499485cf26d325e4d9949508,3,0,383.15,lowest G383.15 among eligible certificates; same geometry at all T,101325.0,1.0,100.0,0,1
Mn_bipyridine_pnnoh_iPr|protonated_reference,Mn_bipyridine_pnnoh_iPr,protonated_reference,410.0,-47434.00461332213,236.61374927500634,-47165.1705532892,221.53312372438387,209.78259561478262,-47248.31688959313,2.8645278981321125,kcal/mol,cal/(mol K),1,C19H23MnN2O3P,GFN2-xTB/ALPB toluene gsolv + qRRHO + 1M,data/campaign/thermochemistry/Mn_bipyridine_pnnoh_iPr__protonated_reference/result.json,a1af831cc3951288d29bb0dc6a218962f2324b148e721d9e702f081db59a6886,data/campaign/thermochemistry/Mn_bipyridine_pnnoh_iPr__protonated_reference/result.json#/attempts/0/native_command,data/datasets/thermochemistry/export_protocol.json,data/campaign/thermochemistry/Mn_bipyridine_pnnoh_iPr__protonated_reference/accepted_geometry.xyz,a2654db6a310fef2276a0d5df59e7c2d0f0f11f12314e6953620f99d4a8e7344,data/campaign/thermochemistry/Mn_bipyridine_pnnoh_iPr__protonated_reference/hessian_00.npz,fab230f2bd815d3ec75e6270439fd7b39f3c23f8499485cf26d325e4d9949508,3,0,383.15,lowest G383.15 among eligible certificates; same geometry at all T,101325.0,1.0,100.0,0,1
Mn_bipyridine_pnnoh_iPr|protonated_reference,Mn_bipyridine_pnnoh_iPr,protonated_reference,420.0,-47434.00461332213,236.61374927500634,-47163.77605718215,224.89340247577016,212.92031212833476,-47250.24808140583,2.954506870223601,kcal/mol,cal/(mol K),1,C19H23MnN2O3P,GFN2-xTB/ALPB toluene gsolv + qRRHO + 1M,data/campaign/thermochemistry/Mn_bipyridine_pnnoh_iPr__protonated_reference/result.json,a1af831cc3951288d29bb0dc6a218962f2324b148e721d9e702f081db59a6886,data/campaign/thermochemistry/Mn_bipyridine_pnnoh_iPr__protonated_reference/result.json#/attempts/0/native_command,data/datasets/thermochemistry/export_protocol.json,data/campaign/thermochemistry/Mn_bipyridine_pnnoh_iPr__protonated_reference/accepted_geometry.xyz,a2654db6a310fef2276a0d5df59e7c2d0f0f11f12314e6953620f99d4a8e7344,data/campaign/thermochemistry/Mn_bipyridine_pnnoh_iPr__protonated_reference/hessian_00.npz,fab230f2bd815d3ec75e6270439fd7b39f3c23f8499485cf26d325e4d9949508,3,0,383.15,lowest G383.15 among eligible certificates; same geometry at all T,101325.0,1.0,100.0,0,1
Mn_bipyridine_pnnoh_iPr|protonated_reference,Mn_bipyridine_pnnoh_iPr,protonated_reference,430.0,-47434.00461332213,236.61374927500634,-47162.357928532045,228.2302217124929,216.0396166782595,-47252.210004672794,3.044959030900024,kcal/mol,cal/(mol K),1,C19H23MnN2O3P,GFN2-xTB/ALPB toluene gsolv + qRRHO + 1M,data/campaign/thermochemistry/Mn_bipyridine_pnnoh_iPr__protonated_reference/result.json,a1af831cc3951288d29bb0dc6a218962f2324b148e721d9e702f081db59a6886,data/campaign/thermochemistry/Mn_bipyridine_pnnoh_iPr__protonated_reference/result.json#/attempts/0/native_command,data/datasets/thermochemistry/export_protocol.json,data/campaign/thermochemistry/Mn_bipyridine_pnnoh_iPr__protonated_reference/accepted_geometry.xyz,a2654db6a310fef2276a0d5df59e7c2d0f0f11f12314e6953620f99d4a8e7344,data/campaign/thermochemistry/Mn_bipyridine_pnnoh_iPr__protonated_reference/hessian_00.npz,fab230f2bd815d3ec75e6270439fd7b39f3c23f8499485cf26d325e4d9949508,3,0,383.15,lowest G383.15 among eligible certificates; same geometry at all T,101325.0,1.0,100.0,0,1
Mn_bipyridine_pnnoh_iPr|protonated_reference,Mn_bipyridine_pnnoh_iPr,protonated_reference,440.0,-47434.00461332213,236.61374927500634,-47160.91661254718,231.54363657955827,219.14034441843322,-47254.20249071753,3.135873373767528,kcal/mol,cal/(mol K),1,C19H23MnN2O3P,GFN2-xTB/ALPB toluene gsolv + qRRHO + 1M,data/campaign/thermochemistry/Mn_bipyridine_pnnoh_iPr__protonated_reference/result.json,a1af831cc3951288d29bb0dc6a218962f2324b148e721d9e702f081db59a6886,data/campaign/thermochemistry/Mn_bipyridine_pnnoh_iPr__protonated_reference/result.json#/attempts/0/native_command,data/datasets/thermochemistry/export_protocol.json,data/campaign/thermochemistry/Mn_bipyridine_pnnoh_iPr__protonated_reference/accepted_geometry.xyz,a2654db6a310fef2276a0d5df59e7c2d0f0f11f12314e6953620f99d4a8e7344,data/campaign/thermochemistry/Mn_bipyridine_pnnoh_iPr__protonated_reference/hessian_00.npz,fab230f2bd815d3ec75e6270439fd7b39f3c23f8499485cf26d325e4d9949508,3,0,383.15,lowest G383.15 among eligible certificates; same geometry at all T,101325.0,1.0,100.0,0,1
Mn_macho_pnp_Ph|active,Mn_macho_pnp_Ph,active,298.15,-61187.333414230954,304.4325220941421,-60860.07904065665,228.4046965611032,206.56259099331632,-60919.77134871582,1.894328445494145,kcal/mol,cal/(mol K),0,C30H28MnNO2P2,GFN2-xTB/ALPB toluene gsolv + qRRHO + 1M,data/campaign/thermochemistry/Mn_macho_pnp_Ph__active/result.json,ee044cc3efc74cf83be101bc2cfe6eac202f4850dc1ebfe7cfc0e860dc5e6dca,data/campaign/thermochemistry/Mn_macho_pnp_Ph__active/result.json#/attempts/0/native_command,data/datasets/thermochemistry/export_protocol.json,data/campaign/thermochemistry/Mn_macho_pnp_Ph__active/accepted_geometry.xyz,c71b779af5dd714d318a72889d362e1c43d3fb0c021b86fc1ac004f1242b6172,data/campaign/thermochemistry/Mn_macho_pnp_Ph__active/hessian_00.npz,4c434eca433d6960de0895026dba5b4ddc8ed20c129dcbfaae120dd17358feda,0,0,383.15,lowest G383.15 among eligible certificates; same geometry at all T,101325.0,1.0,100.0,0,1
Mn_macho_pnp_Ph|active,Mn_macho_pnp_Ph,active,340.0,-61187.333414230954,304.4325220941421,-60853.99960260492,247.46148910584685,223.58960061428013,-60927.77109402941,2.248972784367174,kcal/mol,cal/(mol K),0,C30H28MnNO2P2,GFN2-xTB/ALPB toluene gsolv + qRRHO + 1M,data/campaign/thermochemistry/Mn_macho_pnp_Ph__active/result.json,ee044cc3efc74cf83be101bc2cfe6eac202f4850dc1ebfe7cfc0e860dc5e6dca,data/campaign/thermochemistry/Mn_macho_pnp_Ph__active/result.json#/attempts/0/native_command,data/datasets/thermochemistry/export_protocol.json,data/campaign/thermochemistry/Mn_macho_pnp_Ph__active/accepted_geometry.xyz,c71b779af5dd714d318a72889d362e1c43d3fb0c021b86fc1ac004f1242b6172,data/campaign/thermochemistry/Mn_macho_pnp_Ph__active/hessian_00.npz,4c434eca433d6960de0895026dba5b4ddc8ed20c129dcbfaae120dd17358feda,0,0,383.15,lowest G383.15 among eligible certificates; same geometry at all T,101325.0,1.0,100.0,0,1
Mn_macho_pnp_Ph|active,Mn_macho_pnp_Ph,active,350.0,-61187.333414230954,304.4325220941421,-60852.44514781761,251.96720127155587,227.64612231953157,-60929.786010131866,2.3352804975836268,kcal/mol,cal/(mol K),0,C30H28MnNO2P2,GFN2-xTB/ALPB toluene gsolv + qRRHO + 1M,data/campaign/thermochemistry/Mn_macho_pnp_Ph__active/result.json,ee044cc3efc74cf83be101bc2cfe6eac202f4850dc1ebfe7cfc0e860dc5e6dca,data/campaign/thermochemistry/Mn_macho_pnp_Ph__active/result.json#/attempts/0/native_command,data/datasets/thermochemistry/export_protocol.json,data/campaign/thermochemistry/Mn_macho_pnp_Ph__active/accepted_geometry.xyz,c71b779af5dd714d318a72889d362e1c43d3fb0c021b86fc1ac004f1242b6172,data/campaign/thermochemistry/Mn_macho_pnp_Ph__active/hessian_00.npz,4c434eca433d6960de0895026dba5b4ddc8ed20c129dcbfaae120dd17358feda,0,0,383.15,lowest G383.15 among eligible certificates; same geometry at all T,101325.0,1.0,100.0,0,1
Mn_macho_pnp_Ph|active,Mn_macho_pnp_Ph,active,360.0,-61187.333414230954,304.4325220941421,-60850.85250728448,256.45355869999923,231.6955627202338,-60931.840753803044,2.422156060718619,kcal/mol,cal/(mol K),0,C30H28MnNO2P2,GFN2-xTB/ALPB toluene gsolv + qRRHO + 1M,data/campaign/thermochemistry/Mn_macho_pnp_Ph__active/result.json,ee044cc3efc74cf83be101bc2cfe6eac202f4850dc1ebfe7cfc0e860dc5e6dca,data/campaign/thermochemistry/Mn_macho_pnp_Ph__active/result.json#/attempts/0/native_command,data/datasets/thermochemistry/export_protocol.json,data/campaign/thermochemistry/Mn_macho_pnp_Ph__active/accepted_geometry.xyz,c71b779af5dd714d318a72889d362e1c43d3fb0c021b86fc1ac004f1242b6172,data/campaign/thermochemistry/Mn_macho_pnp_Ph__active/hessian_00.npz,4c434eca433d6960de0895026dba5b4ddc8ed20c129dcbfaae120dd17358feda,0,0,383.15,lowest G383.15 among eligible certificates; same geometry at all T,101325.0,1.0,100.0,0,1
Mn_macho_pnp_Ph|active,Mn_macho_pnp_Ph,active,370.0,-61187.333414230954,304.4325220941421,-60849.22227092644,260.92000580022307,235.73672184982883,-60933.93527431483,2.509583696046293,kcal/mol,cal/(mol K),0,C30H28MnNO2P2,GFN2-xTB/ALPB toluene gsolv + qRRHO + 1M,data/campaign/thermochemistry/Mn_macho_pnp_Ph__active/result.json,ee044cc3efc74cf83be101bc2cfe6eac202f4850dc1ebfe7cfc0e860dc5e6dca,data/campaign/thermochemistry/Mn_macho_pnp_Ph__active/result.json#/attempts/0/native_command,data/datasets/thermochemistry/export_protocol.json,data/campaign/thermochemistry/Mn_macho_pnp_Ph__active/accepted_geometry.xyz,c71b779af5dd714d318a72889d362e1c43d3fb0c021b86fc1ac004f1242b6172,data/campaign/thermochemistry/Mn_macho_pnp_Ph__active/hessian_00.npz,4c434eca433d6960de0895026dba5b4ddc8ed20c129dcbfaae120dd17358feda,0,0,383.15,lowest G383.15 among eligible certificates; same geometry at all T,101325.0,1.0,100.0,0,1
Mn_macho_pnp_Ph|active,Mn_macho_pnp_Ph,active,380.0,-61187.333414230954,304.4325220941421,-60847.55505766198,265.3659540597887,239.76841565779984,-60936.06950713293,2.597548479011341,kcal/mol,cal/(mol K),0,C30H28MnNO2P2,GFN2-xTB/ALPB toluene gsolv + qRRHO + 1M,data/campaign/thermochemistry/Mn_macho_pnp_Ph__active/result.json,ee044cc3efc74cf83be101bc2cfe6eac202f4850dc1ebfe7cfc0e860dc5e6dca,data/campaign/thermochemistry/Mn_macho_pnp_Ph__active/result.json#/attempts/0/native_command,data/datasets/thermochemistry/export_protocol.json,data/campaign/thermochemistry/Mn_macho_pnp_Ph__active/accepted_geometry.xyz,c71b779af5dd714d318a72889d362e1c43d3fb0c021b86fc1ac004f1242b6172,data/campaign/thermochemistry/Mn_macho_pnp_Ph__active/hessian_00.npz,4c434eca433d6960de0895026dba5b4ddc8ed20c129dcbfaae120dd17358feda,0,0,383.15,lowest G383.15 among eligible certificates; same geometry at all T,101325.0,1.0,100.0,0,1
Mn_macho_pnp_Ph|active,Mn_macho_pnp_Ph,active,383.15,-61187.333414230954,304.4325220941421,-60847.02232924629,266.7620857975292,241.036253160657,-60936.75000328922,2.625366355574337,kcal/mol,cal/(mol K),0,C30H28MnNO2P2,GFN2-xTB/ALPB toluene gsolv + qRRHO + 1M,data/campaign/thermochemistry/Mn_macho_pnp_Ph__active/result.json,ee044cc3efc74cf83be101bc2cfe6eac202f4850dc1ebfe7cfc0e860dc5e6dca,data/campaign/thermochemistry/Mn_macho_pnp_Ph__active/result.json#/attempts/0/native_command,data/datasets/thermochemistry/export_protocol.json,data/campaign/thermochemistry/Mn_macho_pnp_Ph__active/accepted_geometry.xyz,c71b779af5dd714d318a72889d362e1c43d3fb0c021b86fc1ac004f1242b6172,data/campaign/thermochemistry/Mn_macho_pnp_Ph__active/hessian_00.npz,4c434eca433d6960de0895026dba5b4ddc8ed20c129dcbfaae120dd17358feda,0,0,383.15,lowest G383.15 among eligible certificates; same geometry at all T,101325.0,1.0,100.0,0,1
Mn_macho_pnp_Ph|active,Mn_macho_pnp_Ph,active,390.0,-61187.333414230954,304.4325220941421,-60845.851510061235,269.7907993573852,243.7894885676755,-60938.24337433179,2.686036270841015,kcal/mol,cal/(mol K),0,C30H28MnNO2P2,GFN2-xTB/ALPB toluene gsolv + qRRHO + 1M,data/campaign/thermochemistry/Mn_macho_pnp_Ph__active/result.json,ee044cc3efc74cf83be101bc2cfe6eac202f4850dc1ebfe7cfc0e860dc5e6dca,data/campaign/thermochemistry/Mn_macho_pnp_Ph__active/result.json#/attempts/0/native_command,data/datasets/thermochemistry/export_protocol.json,data/campaign/thermochemistry/Mn_macho_pnp_Ph__active/accepted_geometry.xyz,c71b779af5dd714d318a72889d362e1c43d3fb0c021b86fc1ac004f1242b6172,data/campaign/thermochemistry/Mn_macho_pnp_Ph__active/hessian_00.npz,4c434eca433d6960de0895026dba5b4ddc8ed20c129dcbfaae120dd17358feda,0,0,383.15,lowest G383.15 among eligible certificates; same geometry at all T,101325.0,1.0,100.0,0,1
Mn_macho_pnp_Ph|active,Mn_macho_pnp_Ph,active,400.0,-61187.333414230954,304.4325220941421,-60844.11228933514,274.1939362353248,247.7988235526327,-60940.456785098126,2.775033658072708,kcal/mol,cal/(mol K),0,C30H28MnNO2P2,GFN2-xTB/ALPB toluene gsolv + qRRHO + 1M,data/campaign/thermochemistry/Mn_macho_pnp_Ph__active/result.json,ee044cc3efc74cf83be101bc2cfe6eac202f4850dc1ebfe7cfc0e860dc5e6dca,data/campaign/thermochemistry/Mn_macho_pnp_Ph__active/result.json#/attempts/0/native_command,data/datasets/thermochemistry/export_protocol.json,data/campaign/thermochemistry/Mn_macho_pnp_Ph__active/accepted_geometry.xyz,c71b779af5dd714d318a72889d362e1c43d3fb0c021b86fc1ac004f1242b6172,data/campaign/thermochemistry/Mn_macho_pnp_Ph__active/hessian_00.npz,4c434eca433d6960de0895026dba5b4ddc8ed20c129dcbfaae120dd17358feda,0,0,383.15,lowest G383.15 among eligible certificates; same geometry at all T,101325.0,1.0,100.0,0,1
Mn_macho_pnp_Ph|active,Mn_macho_pnp_Ph,active,410.0,-61187.333414230954,304.4325220941421,-60842.33807069642,278.5747694909742,251.79535001208166,-60942.70963630324,2.8645278981321125,kcal/mol,cal/(mol K),0,C30H28MnNO2P2,GFN2-xTB/ALPB toluene gsolv + qRRHO + 1M,data/campaign/thermochemistry/Mn_macho_pnp_Ph__active/result.json,ee044cc3efc74cf83be101bc2cfe6eac202f4850dc1ebfe7cfc0e860dc5e6dca,data/campaign/thermochemistry/Mn_macho_pnp_Ph__active/result.json#/attempts/0/native_command,data/datasets/thermochemistry/export_protocol.json,data/campaign/thermochemistry/Mn_macho_pnp_Ph__active/accepted_geometry.xyz,c71b779af5dd714d318a72889d362e1c43d3fb0c021b86fc1ac004f1242b6172,data/campaign/thermochemistry/Mn_macho_pnp_Ph__active/hessian_00.npz,4c434eca433d6960de0895026dba5b4ddc8ed20c129dcbfaae120dd17358feda,0,0,383.15,lowest G383.15 among eligible certificates; same geometry at all T,101325.0,1.0,100.0,0,1
Mn_macho_pnp_Ph|active,Mn_macho_pnp_Ph,active,420.0,-61187.333414230954,304.4325220941421,-60840.529539113646,282.9327234238825,255.7780497218644,-60945.00181312661,2.954506870223601,kcal/mol,cal/(mol K),0,C30H28MnNO2P2,GFN2-xTB/ALPB toluene gsolv + qRRHO + 1M,data/campaign/thermochemistry/Mn_macho_pnp_Ph__active/result.json,ee044cc3efc74cf83be101bc2cfe6eac202f4850dc1ebfe7cfc0e860dc5e6dca,data/campaign/thermochemistry/Mn_macho_pnp_Ph__active/result.json#/attempts/0/native_command,data/datasets/thermochemistry/export_protocol.json,data/campaign/thermochemistry/Mn_macho_pnp_Ph__active/accepted_geometry.xyz,c71b779af5dd714d318a72889d362e1c43d3fb0c021b86fc1ac004f1242b6172,data/campaign/thermochemistry/Mn_macho_pnp_Ph__active/hessian_00.npz,4c434eca433d6960de0895026dba5b4ddc8ed20c129dcbfaae120dd17358feda,0,0,383.15,lowest G383.15 among eligible certificates; same geometry at all T,101325.0,1.0,100.0,0,1
Mn_macho_pnp_Ph|active,Mn_macho_pnp_Ph,active,430.0,-61187.333414230954,304.4325220941421,-60838.68738546664,287.267249050282,259.7459611152151,-60947.33318971528,3.044959030900024,kcal/mol,cal/(mol K),0,C30H28MnNO2P2,GFN2-xTB/ALPB toluene gsolv + qRRHO + 1M,data/campaign/thermochemistry/Mn_macho_pnp_Ph__active/result.json,ee044cc3efc74cf83be101bc2cfe6eac202f4850dc1ebfe7cfc0e860dc5e6dca,data/campaign/thermochemistry/Mn_macho_pnp_Ph__active/result.json#/attempts/0/native_command,data/datasets/thermochemistry/export_protocol.json,data/campaign/thermochemistry/Mn_macho_pnp_Ph__active/accepted_geometry.xyz,c71b779af5dd714d318a72889d362e1c43d3fb0c021b86fc1ac004f1242b6172,data/campaign/thermochemistry/Mn_macho_pnp_Ph__active/hessian_00.npz,4c434eca433d6960de0895026dba5b4ddc8ed20c129dcbfaae120dd17358feda,0,0,383.15,lowest G383.15 among eligible certificates; same geometry at all T,101325.0,1.0,100.0,0,1
Mn_macho_pnp_Ph|active,Mn_macho_pnp_Ph,active,440.0,-61187.333414230954,304.4325220941421,-60836.81230310082,291.5778295700589,263.6981821330741,-60949.70362986561,3.135873373767528,kcal/mol,cal/(mol K),0,C30H28MnNO2P2,GFN2-xTB/ALPB toluene gsolv + qRRHO + 1M,data/campaign/thermochemistry/Mn_macho_pnp_Ph__active/result.json,ee044cc3efc74cf83be101bc2cfe6eac202f4850dc1ebfe7cfc0e860dc5e6dca,data/campaign/thermochemistry/Mn_macho_pnp_Ph__active/result.json#/attempts/0/native_command,data/datasets/thermochemistry/export_protocol.json,data/campaign/thermochemistry/Mn_macho_pnp_Ph__active/accepted_geometry.xyz,c71b779af5dd714d318a72889d362e1c43d3fb0c021b86fc1ac004f1242b6172,data/campaign/thermochemistry/Mn_macho_pnp_Ph__active/hessian_00.npz,4c434eca433d6960de0895026dba5b4ddc8ed20c129dcbfaae120dd17358feda,0,0,383.15,lowest G383.15 among eligible certificates; same geometry at all T,101325.0,1.0,100.0,0,1
Mn_macho_pnp_Ph|hydrogenated,Mn_macho_pnp_Ph,hydrogenated,298.15,-61832.127512215935,317.1088786351549,-61492.02766378859,227.6870077685487,207.47712054508804,-61551.99263883362,1.894328445494145,kcal/mol,cal/(mol K),0,C30H30MnNO2P2,GFN2-xTB/ALPB toluene gsolv + qRRHO + 1M,data/campaign/thermochemistry/Mn_macho_pnp_Ph__hydrogenated/result.json,35ee2d97346607f6e24d2d7dfa77f11e3c314ad0fedb92c3693d49c1411c86bd,data/campaign/thermochemistry/Mn_macho_pnp_Ph__hydrogenated/result.json#/attempts/0/native_command,data/datasets/thermochemistry/export_protocol.json,data/campaign/thermochemistry/Mn_macho_pnp_Ph__hydrogenated/accepted_geometry.xyz,f667fd9d44bb8f9a90ca38eb86d9b6e1e60cb9750c89885e170ef1deb4b0f0cf,data/campaign/thermochemistry/Mn_macho_pnp_Ph__hydrogenated/hessian_00.npz,5a587b4c842a0ab550f965bd07c4c66a41b53bc386171eb6e6e005bb0311477b,1,0,383.15,lowest G383.15 among eligible certificates; same geometry at all T,101325.0,1.0,100.0,0,1
Mn_macho_pnp_Ph|hydrogenated,Mn_macho_pnp_Ph,hydrogenated,340.0,-61832.127512215935,317.1088786351549,-61485.82006614425,247.1452233179089,225.05065795831464,-61560.08831706572,2.248972784367174,kcal/mol,cal/(mol K),0,C30H30MnNO2P2,GFN2-xTB/ALPB toluene gsolv + qRRHO + 1M,data/campaign/thermochemistry/Mn_macho_pnp_Ph__hydrogenated/result.json,35ee2d97346607f6e24d2d7dfa77f11e3c314ad0fedb92c3693d49c1411c86bd,data/campaign/thermochemistry/Mn_macho_pnp_Ph__hydrogenated/result.json#/attempts/0/native_command,data/datasets/thermochemistry/export_protocol.json,data/campaign/thermochemistry/Mn_macho_pnp_Ph__hydrogenated/accepted_geometry.xyz,f667fd9d44bb8f9a90ca38eb86d9b6e1e60cb9750c89885e170ef1deb4b0f0cf,data/campaign/thermochemistry/Mn_macho_pnp_Ph__hydrogenated/hessian_00.npz,5a587b4c842a0ab550f965bd07c4c66a41b53bc386171eb6e6e005bb0311477b,1,0,383.15,lowest G383.15 among eligible certificates; same geometry at all T,101325.0,1.0,100.0,0,1
Mn_macho_pnp_Ph|hydrogenated,Mn_macho_pnp_Ph,hydrogenated,350.0,-61832.127512215935,317.1088786351549,-61484.23148912752,251.74983803451823,229.23801422204647,-61562.12951360765,2.3352804975836268,kcal/mol,cal/(mol K),0,C30H30MnNO2P2,GFN2-xTB/ALPB toluene gsolv + qRRHO + 1M,data/campaign/thermochemistry/Mn_macho_pnp_Ph__hydrogenated/result.json,35ee2d97346607f6e24d2d7dfa77f11e3c314ad0fedb92c3693d49c1411c86bd,data/campaign/thermochemistry/Mn_macho_pnp_Ph__hydrogenated/result.json#/attempts/0/native_command,data/datasets/thermochemistry/export_protocol.json,data/campaign/thermochemistry/Mn_macho_pnp_Ph__hydrogenated/accepted_geometry.xyz,f667fd9d44bb8f9a90ca38eb86d9b6e1e60cb9750c89885e170ef1deb4b0f0cf,data/campaign/thermochemistry/Mn_macho_pnp_Ph__hydrogenated/hessian_00.npz,5a587b4c842a0ab550f965bd07c4c66a41b53bc386171eb6e6e005bb0311477b,1,0,383.15,lowest G383.15 among eligible certificates; same geometry at all T,101325.0,1.0,100.0,0,1
Mn_macho_pnp_Ph|hydrogenated,Mn_macho_pnp_Ph,hydrogenated,360.0,-61832.127512215935,317.1088786351549,-61482.60339060073,256.33607494120434,233.41833839474702,-61564.21183636212,2.422156060718619,kcal/mol,cal/(mol K),0,C30H30MnNO2P2,GFN2-xTB/ALPB toluene gsolv + qRRHO + 1M,data/campaign/thermochemistry/Mn_macho_pnp_Ph__hydrogenated/result.json,35ee2d97346607f6e24d2d7dfa77f11e3c314ad0fedb92c3693d49c1411c86bd,data/campaign/thermochemistry/Mn_macho_pnp_Ph__hydrogenated/result.json#/attempts/0/native_command,data/datasets/thermochemistry/export_protocol.json,data/campaign/thermochemistry/Mn_macho_pnp_Ph__hydrogenated/accepted_geometry.xyz,f667fd9d44bb8f9a90ca38eb86d9b6e1e60cb9750c89885e170ef1deb4b0f0cf,data/campaign/thermochemistry/Mn_macho_pnp_Ph__hydrogenated/hessian_00.npz,5a587b4c842a0ab550f965bd07c4c66a41b53bc386171eb6e6e005bb0311477b,1,0,383.15,lowest G383.15 among eligible certificates; same geometry at all T,101325.0,1.0,100.0,0,1
Mn_macho_pnp_Ph|hydrogenated,Mn_macho_pnp_Ph,hydrogenated,370.0,-61832.127512215935,317.1088786351549,-61480.93637172663,260.9032941158928,237.59039914558915,-61566.335235714454,2.509583696046293,kcal/mol,cal/(mol K),0,C30H30MnNO2P2,GFN2-xTB/ALPB toluene gsolv + qRRHO + 1M,data/campaign/thermochemistry/Mn_macho_pnp_Ph__hydrogenated/result.json,35ee2d97346607f6e24d2d7dfa77f11e3c314ad0fedb92c3693d49c1411c86bd,data/campaign/thermochemistry/Mn_macho_pnp_Ph__hydrogenated/result.json#/attempts/0/native_command,data/datasets/thermochemistry/export_protocol.json,data/campaign/thermochemistry/Mn_macho_pnp_Ph__hydrogenated/accepted_geometry.xyz,f667fd9d44bb8f9a90ca38eb86d9b6e1e60cb9750c89885e170ef1deb4b0f0cf,data/campaign/thermochemistry/Mn_macho_pnp_Ph__hydrogenated/hessian_00.npz,5a587b4c842a0ab550f965bd07c4c66a41b53bc386171eb6e6e005bb0311477b,1,0,383.15,lowest G383.15 among eligible certificates; same geometry at all T,101325.0,1.0,100.0,0,1
Mn_macho_pnp_Ph|hydrogenated,Mn_macho_pnp_Ph,hydrogenated,380.0,-61832.127512215935,317.1088786351549,-61479.23106488816,265.45082353349125,241.7529774319716,-61568.4996478333,2.597548479011341,kcal/mol,cal/(mol K),0,C30H30MnNO2P2,GFN2-xTB/ALPB toluene gsolv + qRRHO + 1M,data/campaign/thermochemistry/Mn_macho_pnp_Ph__hydrogenated/result.json,35ee2d97346607f6e24d2d7dfa77f11e3c314ad0fedb92c3693d49c1411c86bd,data/campaign/thermochemistry/Mn_macho_pnp_Ph__hydrogenated/result.json#/attempts/0/native_command,data/datasets/thermochemistry/export_protocol.json,data/campaign/thermochemistry/Mn_macho_pnp_Ph__hydrogenated/accepted_geometry.xyz,f667fd9d44bb8f9a90ca38eb86d9b6e1e60cb9750c89885e170ef1deb4b0f0cf,data/campaign/thermochemistry/Mn_macho_pnp_Ph__hydrogenated/hessian_00.npz,5a587b4c842a0ab550f965bd07c4c66a41b53bc386171eb6e6e005bb0311477b,1,0,383.15,lowest G383.15 among eligible certificates; same geometry at all T,101325.0,1.0,100.0,0,1
Mn_macho_pnp_Ph|hydrogenated,Mn_macho_pnp_Ph,hydrogenated,383.15,-61832.127512215935,317.1088786351549,-61478.6860678812,266.87910772534383,243.0620340352983,-61569.18991986625,2.625366355574337,kcal/mol,cal/(mol K),0,C30H30MnNO2P2,GFN2-xTB/ALPB toluene gsolv + qRRHO + 1M,data/campaign/thermochemistry/Mn_macho_pnp_Ph__hydrogenated/result.json,35ee2d97346607f6e24d2d7dfa77f11e3c314ad0fedb92c3693d49c1411c86bd,data/campaign/thermochemistry/Mn_macho_pnp_Ph__hydrogenated/result.json#/attempts/0/native_command,data/datasets/thermochemistry/export_protocol.json,data/campaign/thermochemistry/Mn_macho_pnp_Ph__hydrogenated/accepted_geometry.xyz,f667fd9d44bb8f9a90ca38eb86d9b6e1e60cb9750c89885e170ef1deb4b0f0cf,data/campaign/thermochemistry/Mn_macho_pnp_Ph__hydrogenated/hessian_00.npz,5a587b4c842a0ab550f965bd07c4c66a41b53bc386171eb6e6e005bb0311477b,1,0,383.15,lowest G383.15 among eligible certificates; same geometry at all T,101325.0,1.0,100.0,0,1
Mn_macho_pnp_Ph|hydrogenated,Mn_macho_pnp_Ph,hydrogenated,390.0,-61832.127512215935,317.1088786351549,-61477.48812812057,269.97797686990407,245.90488003574106,-61570.704995063665,2.686036270841015,kcal/mol,cal/(mol K),0,C30H30MnNO2P2,GFN2-xTB/ALPB toluene gsolv + qRRHO + 1M,data/campaign/thermochemistry/Mn_macho_pnp_Ph__hydrogenated/result.json,35ee2d97346607f6e24d2d7dfa77f11e3c314ad0fedb92c3693d49c1411c86bd,data/campaign/thermochemistry/Mn_macho_pnp_Ph__hydrogenated/result.json#/attempts/0/native_command,data/datasets/thermochemistry/export_protocol.json,data/campaign/thermochemistry/Mn_macho_pnp_Ph__hydrogenated/accepted_geometry.xyz,f667fd9d44bb8f9a90ca38eb86d9b6e1e60cb9750c89885e170ef1deb4b0f0cf,data/campaign/thermochemistry/Mn_macho_pnp_Ph__hydrogenated/hessian_00.npz,5a587b4c842a0ab550f965bd07c4c66a41b53bc386171eb6e6e005bb0311477b,1,0,383.15,lowest G383.15 among eligible certificates; same geometry at all T,101325.0,1.0,100.0,0,1
Mn_macho_pnp_Ph|hydrogenated,Mn_macho_pnp_Ph,hydrogenated,400.0,-61832.127512215935,317.1088786351549,-61475.70823987251,274.4840682193602,250.04495050537074,-61572.95118641658,2.775033658072708,kcal/mol,cal/(mol K),0,C30H30MnNO2P2,GFN2-xTB/ALPB toluene gsolv + qRRHO + 1M,data/campaign/thermochemistry/Mn_macho_pnp_Ph__hydrogenated/result.json,35ee2d97346607f6e24d2d7dfa77f11e3c314ad0fedb92c3693d49c1411c86bd,data/campaign/thermochemistry/Mn_macho_pnp_Ph__hydrogenated/result.json#/attempts/0/native_command,data/datasets/thermochemistry/export_protocol.json,data/campaign/thermochemistry/Mn_macho_pnp_Ph__hydrogenated/accepted_geometry.xyz,f667fd9d44bb8f9a90ca38eb86d9b6e1e60cb9750c89885e170ef1deb4b0f0cf,data/campaign/thermochemistry/Mn_macho_pnp_Ph__hydrogenated/hessian_00.npz,5a587b4c842a0ab550f965bd07c4c66a41b53bc386171eb6e6e005bb0311477b,1,0,383.15,lowest G383.15 among eligible certificates; same geometry at all T,101325.0,1.0,100.0,0,1
Mn_macho_pnp_Ph|hydrogenated,Mn_macho_pnp_Ph,hydrogenated,410.0,-61832.127512215935,317.1088786351549,-61473.892094138966,278.9684240759469,254.17207778950115,-61575.238118134526,2.8645278981321125,kcal/mol,cal/(mol K),0,C30H30MnNO2P2,GFN2-xTB/ALPB toluene gsolv + qRRHO + 1M,data/campaign/thermochemistry/Mn_macho_pnp_Ph__hydrogenated/result.json,35ee2d97346607f6e24d2d7dfa77f11e3c314ad0fedb92c3693d49c1411c86bd,data/campaign/thermochemistry/Mn_macho_pnp_Ph__hydrogenated/result.json#/attempts/0/native_command,data/datasets/thermochemistry/export_protocol.json,data/campaign/thermochemistry/Mn_macho_pnp_Ph__hydrogenated/accepted_geometry.xyz,f667fd9d44bb8f9a90ca38eb86d9b6e1e60cb9750c89885e170ef1deb4b0f0cf,data/campaign/thermochemistry/Mn_macho_pnp_Ph__hydrogenated/hessian_00.npz,5a587b4c842a0ab550f965bd07c4c66a41b53bc386171eb6e6e005bb0311477b,1,0,383.15,lowest G383.15 among eligible certificates; same geometry at all T,101325.0,1.0,100.0,0,1
Mn_macho_pnp_Ph|hydrogenated,Mn_macho_pnp_Ph,hydrogenated,420.0,-61832.127512215935,317.1088786351549,-61472.040395991804,283.4303929125229,258.2852028392579,-61577.56567431407,2.954506870223601,kcal/mol,cal/(mol K),0,C30H30MnNO2P2,GFN2-xTB/ALPB toluene gsolv + qRRHO + 1M,data/campaign/thermochemistry/Mn_macho_pnp_Ph__hydrogenated/result.json,35ee2d97346607f6e24d2d7dfa77f11e3c314ad0fedb92c3693d49c1411c86bd,data/campaign/thermochemistry/Mn_macho_pnp_Ph__hydrogenated/result.json#/attempts/0/native_command,data/datasets/thermochemistry/export_protocol.json,data/campaign/thermochemistry/Mn_macho_pnp_Ph__hydrogenated/accepted_geometry.xyz,f667fd9d44bb8f9a90ca38eb86d9b6e1e60cb9750c89885e170ef1deb4b0f0cf,data/campaign/thermochemistry/Mn_macho_pnp_Ph__hydrogenated/hessian_00.npz,5a587b4c842a0ab550f965bd07c4c66a41b53bc386171eb6e6e005bb0311477b,1,0,383.15,lowest G383.15 among eligible certificates; same geometry at all T,101325.0,1.0,100.0,0,1
Mn_macho_pnp_Ph|hydrogenated,Mn_macho_pnp_Ph,hydrogenated,430.0,-61832.127512215935,317.1088786351549,-61470.153857520105,287.8693526683588,262.38332344308515,-61579.93372756973,3.044959030900024,kcal/mol,cal/(mol K),0,C30H30MnNO2P2,GFN2-xTB/ALPB toluene gsolv + qRRHO + 1M,data/campaign/thermochemistry/Mn_macho_pnp_Ph__hydrogenated/result.json,35ee2d97346607f6e24d2d7dfa77f11e3c314ad0fedb92c3693d49c1411c86bd,data/campaign/thermochemistry/Mn_macho_pnp_Ph__hydrogenated/result.json#/attempts/0/native_command,data/datasets/thermochemistry/export_protocol.json,data/campaign/thermochemistry/Mn_macho_pnp_Ph__hydrogenated/accepted_geometry.xyz,f667fd9d44bb8f9a90ca38eb86d9b6e1e60cb9750c89885e170ef1deb4b0f0cf,data/campaign/thermochemistry/Mn_macho_pnp_Ph__hydrogenated/hessian_00.npz,5a587b4c842a0ab550f965bd07c4c66a41b53bc386171eb6e6e005bb0311477b,1,0,383.15,lowest G383.15 among eligible certificates; same geometry at all T,101325.0,1.0,100.0,0,1
Mn_macho_pnp_Ph|hydrogenated,Mn_macho_pnp_Ph,hydrogenated,440.0,-61832.127512215935,317.1088786351549,-61468.23319418045,292.2847164325277,266.46549754035607,-61582.342139724446,3.135873373767528,kcal/mol,cal/(mol K),0,C30H30MnNO2P2,GFN2-xTB/ALPB toluene gsolv + qRRHO + 1M,data/campaign/thermochemistry/Mn_macho_pnp_Ph__hydrogenated/result.json,35ee2d97346607f6e24d2d7dfa77f11e3c314ad0fedb92c3693d49c1411c86bd,data/campaign/thermochemistry/Mn_macho_pnp_Ph__hydrogenated/result.json#/attempts/0/native_command,data/datasets/thermochemistry/export_protocol.json,data/campaign/thermochemistry/Mn_macho_pnp_Ph__hydrogenated/accepted_geometry.xyz,f667fd9d44bb8f9a90ca38eb86d9b6e1e60cb9750c89885e170ef1deb4b0f0cf,data/campaign/thermochemistry/Mn_macho_pnp_Ph__hydrogenated/hessian_00.npz,5a587b4c842a0ab550f965bd07c4c66a41b53bc386171eb6e6e005bb0311477b,1,0,383.15,lowest G383.15 among eligible certificates; same geometry at all T,101325.0,1.0,100.0,0,1
Mn_macho_pnp_Ph|protonated_reference,Mn_macho_pnp_Ph,protonated_reference,298.15,-61277.20522857623,312.6396017579485,-60941.67304041582,225.0857786867756,205.91863713811188,-61001.17335363306,1.894328445494145,kcal/mol,cal/(mol K),1,C30H29MnNO2P2,GFN2-xTB/ALPB toluene gsolv + qRRHO + 1M,data/campaign/thermochemistry/Mn_macho_pnp_Ph__protonated_reference/result.json,cd7f0703e8538056858b8cda3d5370a69726d41735e4081c98ff77b051cfd13b,data/campaign/thermochemistry/Mn_macho_pnp_Ph__protonated_reference/result.json#/attempts/0/native_command,data/datasets/thermochemistry/export_protocol.json,data/campaign/thermochemistry/Mn_macho_pnp_Ph__protonated_reference/accepted_geometry.xyz,e90d1b84e83115a5ae1ebbd5468df5217cb6c23d391669611a3c686df508ac2d,data/campaign/thermochemistry/Mn_macho_pnp_Ph__protonated_reference/hessian_00.npz,022819a0255021bb3315426b0eddc37618e522951d0d9402067cca483df4dadd,3,0,383.15,lowest G383.15 among eligible certificates; same geometry at all T,101325.0,1.0,100.0,0,1
Mn_macho_pnp_Ph|protonated_reference,Mn_macho_pnp_Ph,protonated_reference,340.0,-61277.20522857623,312.6396017579485,-60935.52483021135,244.35815624853527,223.29751015376556,-61009.19701087927,2.248972784367174,kcal/mol,cal/(mol K),1,C30H29MnNO2P2,GFN2-xTB/ALPB toluene gsolv + qRRHO + 1M,data/campaign/thermochemistry/Mn_macho_pnp_Ph__protonated_reference/result.json,cd7f0703e8538056858b8cda3d5370a69726d41735e4081c98ff77b051cfd13b,data/campaign/thermochemistry/Mn_macho_pnp_Ph__protonated_reference/result.json#/attempts/0/native_command,data/datasets/thermochemistry/export_protocol.json,data/campaign/thermochemistry/Mn_macho_pnp_Ph__protonated_reference/accepted_geometry.xyz,e90d1b84e83115a5ae1ebbd5468df5217cb6c23d391669611a3c686df508ac2d,data/campaign/thermochemistry/Mn_macho_pnp_Ph__protonated_reference/hessian_00.npz,022819a0255021bb3315426b0eddc37618e522951d0d9402067cca483df4dadd,3,0,383.15,lowest G383.15 among eligible certificates; same geometry at all T,101325.0,1.0,100.0,0,1
Mn_macho_pnp_Ph|protonated_reference,Mn_macho_pnp_Ph,protonated_reference,350.0,-61277.20522857623,312.6396017579485,-60933.95281323622,248.91477381134857,227.43492570025032,-61011.21975673373,2.3352804975836268,kcal/mol,cal/(mol K),1,C30H29MnNO2P2,GFN2-xTB/ALPB toluene gsolv + qRRHO + 1M,data/campaign/thermochemistry/Mn_macho_pnp_Ph__protonated_reference/result.json,cd7f0703e8538056858b8cda3d5370a69726d41735e4081c98ff77b051cfd13b,data/campaign/thermochemistry/Mn_macho_pnp_Ph__protonated_reference/result.json#/attempts/0/native_command,data/datasets/thermochemistry/export_protocol.json,data/campaign/thermochemistry/Mn_macho_pnp_Ph__protonated_reference/accepted_geometry.xyz,e90d1b84e83115a5ae1ebbd5468df5217cb6c23d391669611a3c686df508ac2d,data/campaign/thermochemistry/Mn_macho_pnp_Ph__protonated_reference/hessian_00.npz,022819a0255021bb3315426b0eddc37618e522951d0d9402067cca483df4dadd,3,0,383.15,lowest G383.15 among eligible certificates; same geometry at all T,101325.0,1.0,100.0,0,1
Mn_macho_pnp_Ph|protonated_reference,Mn_macho_pnp_Ph,protonated_reference,360.0,-61277.20522857623,312.6396017579485,-60932.34217420193,253.4518317159027,231.564183452436,-61013.28312418408,2.422156060718619,kcal/mol,cal/(mol K),1,C30H29MnNO2P2,GFN2-xTB/ALPB toluene gsolv + qRRHO + 1M,data/campaign/thermochemistry/Mn_macho_pnp_Ph__protonated_reference/result.json,cd7f0703e8538056858b8cda3d5370a69726d41735e4081c98ff77b051cfd13b,data/campaign/thermochemistry/Mn_macho_pnp_Ph__protonated_reference/result.json#/attempts/0/native_command,data/datasets/thermochemistry/export_protocol.json,data/campaign/thermochemistry/Mn_macho_pnp_Ph__protonated_reference/accepted_geometry.xyz,e90d1b84e83115a5ae1ebbd5468df5217cb6c23d391669611a3c686df508ac2d,data/campaign/thermochemistry/Mn_macho_pnp_Ph__protonated_reference/hessian_00.npz,022819a0255021bb3315426b0eddc37618e522951d0d9402067cca483df4dadd,3,0,383.15,lowest G383.15 among eligible certificates; same geometry at all T,101325.0,1.0,100.0,0,1
Mn_macho_pnp_Ph|protonated_reference,Mn_macho_pnp_Ph,protonated_reference,370.0,-61277.20522857623,312.6396017579485,-60930.693505146824,257.9687798081678,235.68413868600095,-61015.3870527646,2.509583696046293,kcal/mol,cal/(mol K),1,C30H29MnNO2P2,GFN2-xTB/ALPB toluene gsolv + qRRHO + 1M,data/campaign/thermochemistry/Mn_macho_pnp_Ph__protonated_reference/result.json,cd7f0703e8538056858b8cda3d5370a69726d41735e4081c98ff77b051cfd13b,data/campaign/thermochemistry/Mn_macho_pnp_Ph__protonated_reference/result.json#/attempts/0/native_command,data/datasets/thermochemistry/export_protocol.json,data/campaign/thermochemistry/Mn_macho_pnp_Ph__protonated_reference/accepted_geometry.xyz,e90d1b84e83115a5ae1ebbd5468df5217cb6c23d391669611a3c686df508ac2d,data/campaign/thermochemistry/Mn_macho_pnp_Ph__protonated_reference/hessian_00.npz,022819a0255021bb3315426b0eddc37618e522951d0d9402067cca483df4dadd,3,0,383.15,lowest G383.15 among eligible certificates; same geometry at all T,101325.0,1.0,100.0,0,1
Mn_macho_pnp_Ph|protonated_reference,Mn_macho_pnp_Ph,protonated_reference,380.0,-61277.20522857623,312.6396017579485,-60929.0074283779,262.46503118657955,239.79365458009082,-61017.531468639325,2.597548479011341,kcal/mol,cal/(mol K),1,C30H29MnNO2P2,GFN2-xTB/ALPB toluene gsolv + qRRHO + 1M,data/campaign/thermochemistry/Mn_macho_pnp_Ph__protonated_reference/result.json,cd7f0703e8538056858b8cda3d5370a69726d41735e4081c98ff77b051cfd13b,data/campaign/thermochemistry/Mn_macho_pnp_Ph__protonated_reference/result.json#/attempts/0/native_command,data/datasets/thermochemistry/export_protocol.json,data/campaign/thermochemistry/Mn_macho_pnp_Ph__protonated_reference/accepted_geometry.xyz,e90d1b84e83115a5ae1ebbd5468df5217cb6c23d391669611a3c686df508ac2d,data/campaign/thermochemistry/Mn_macho_pnp_Ph__protonated_reference/hessian_00.npz,022819a0255021bb3315426b0eddc37618e522951d0d9402067cca483df4dadd,3,0,383.15,lowest G383.15 among eligible certificates; same geometry at all T,101325.0,1.0,100.0,0,1
Mn_macho_pnp_Ph|protonated_reference,Mn_macho_pnp_Ph,protonated_reference,383.15,-61277.20522857623,312.6396017579485,-60928.46866942911,263.87696725716677,241.08581093090396,-61018.215331531705,2.625366355574337,kcal/mol,cal/(mol K),1,C30H29MnNO2P2,GFN2-xTB/ALPB toluene gsolv + qRRHO + 1M,data/campaign/thermochemistry/Mn_macho_pnp_Ph__protonated_reference/result.json,cd7f0703e8538056858b8cda3d5370a69726d41735e4081c98ff77b051cfd13b,data/campaign/thermochemistry/Mn_macho_pnp_Ph__protonated_reference/result.json#/attempts/0/native_command,data/datasets/thermochemistry/export_protocol.json,data/campaign/thermochemistry/Mn_macho_pnp_Ph__protonated_reference/accepted_geometry.xyz,e90d1b84e83115a5ae1ebbd5468df5217cb6c23d391669611a3c686df508ac2d,data/campaign/thermochemistry/Mn_macho_pnp_Ph__protonated_reference/hessian_00.npz,022819a0255021bb3315426b0eddc37618e522951d0d9402067cca483df4dadd,3,0,383.15,lowest G383.15 among eligible certificates; same geometry at all T,101325.0,1.0,100.0,0,1
Mn_macho_pnp_Ph|protonated_reference,Mn_macho_pnp_Ph,protonated_reference,390.0,-61277.20522857623,312.6396017579485,-60927.28459100461,266.9399802245002,243.8916159443002,-61019.71628495205,2.686036270841015,kcal/mol,cal/(mol K),1,C30H29MnNO2P2,GFN2-xTB/ALPB toluene gsolv + qRRHO + 1M,data/campaign/thermochemistry/Mn_macho_pnp_Ph__protonated_reference/result.json,cd7f0703e8538056858b8cda3d5370a69726d41735e4081c98ff77b051cfd13b,data/campaign/thermochemistry/Mn_macho_pnp_Ph__protonated_reference/result.json#/attempts/0/native_command,data/datasets/thermochemistry/export_protocol.json,data/campaign/thermochemistry/Mn_macho_pnp_Ph__protonated_reference/accepted_geometry.xyz,e90d1b84e83115a5ae1ebbd5468df5217cb6c23d391669611a3c686df508ac2d,data/campaign/thermochemistry/Mn_macho_pnp_Ph__protonated_reference/hessian_00.npz,022819a0255021bb3315426b0eddc37618e522951d0d9402067cca483df4dadd,3,0,383.15,lowest G383.15 among eligible certificates; same geometry at all T,101325.0,1.0,100.0,0,1
Mn_macho_pnp_Ph|protonated_reference,Mn_macho_pnp_Ph,protonated_reference,400.0,-61277.20522857623,312.6396017579485,-60925.52565979201,271.39301750277883,247.97694035199075,-61021.94140227473,2.775033658072708,kcal/mol,cal/(mol K),1,C30H29MnNO2P2,GFN2-xTB/ALPB toluene gsolv + qRRHO + 1M,data/campaign/thermochemistry/Mn_macho_pnp_Ph__protonated_reference/result.json,cd7f0703e8538056858b8cda3d5370a69726d41735e4081c98ff77b051cfd13b,data/campaign/thermochemistry/Mn_macho_pnp_Ph__protonated_reference/result.json#/attempts/0/native_command,data/datasets/thermochemistry/export_protocol.json,data/campaign/thermochemistry/Mn_macho_pnp_Ph__protonated_reference/accepted_geometry.xyz,e90d1b84e83115a5ae1ebbd5468df5217cb6c23d391669611a3c686df508ac2d,data/campaign/thermochemistry/Mn_macho_pnp_Ph__protonated_reference/hessian_00.npz,022819a0255021bb3315426b0eddc37618e522951d0d9402067cca483df4dadd,3,0,383.15,lowest G383.15 among eligible certificates; same geometry at all T,101325.0,1.0,100.0,0,1
Mn_macho_pnp_Ph|protonated_reference,Mn_macho_pnp_Ph,protonated_reference,410.0,-61277.20522857623,312.6396017579485,-60923.73131637839,275.8235419979686,252.04858695947044,-61024.206709133636,2.8645278981321125,kcal/mol,cal/(mol K),1,C30H29MnNO2P2,GFN2-xTB/ALPB toluene gsolv + qRRHO + 1M,data/campaign/thermochemistry/Mn_macho_pnp_Ph__protonated_reference/result.json,cd7f0703e8538056858b8cda3d5370a69726d41735e4081c98ff77b051cfd13b,data/campaign/thermochemistry/Mn_macho_pnp_Ph__protonated_reference/result.json#/attempts/0/native_command,data/datasets/thermochemistry/export_protocol.json,data/campaign/thermochemistry/Mn_macho_pnp_Ph__protonated_reference/accepted_geometry.xyz,e90d1b84e83115a5ae1ebbd5468df5217cb6c23d391669611a3c686df508ac2d,data/campaign/thermochemistry/Mn_macho_pnp_Ph__protonated_reference/hessian_00.npz,022819a0255021bb3315426b0eddc37618e522951d0d9402067cca483df4dadd,3,0,383.15,lowest G383.15 among eligible certificates; same geometry at all T,101325.0,1.0,100.0,0,1
Mn_macho_pnp_Ph|protonated_reference,Mn_macho_pnp_Ph,protonated_reference,420.0,-61277.20522857623,312.6396017579485,-60921.90225288487,280.23097085676767,256.1055632853903,-61026.51208259451,2.954506870223601,kcal/mol,cal/(mol K),1,C30H29MnNO2P2,GFN2-xTB/ALPB toluene gsolv + qRRHO + 1M,data/campaign/thermochemistry/Mn_macho_pnp_Ph__protonated_reference/result.json,cd7f0703e8538056858b8cda3d5370a69726d41735e4081c98ff77b051cfd13b,data/campaign/thermochemistry/Mn_macho_pnp_Ph__protonated_reference/result.json#/attempts/0/native_command,data/datasets/thermochemistry/export_protocol.json,data/campaign/thermochemistry/Mn_macho_pnp_Ph__protonated_reference/accepted_geometry.xyz,e90d1b84e83115a5ae1ebbd5468df5217cb6c23d391669611a3c686df508ac2d,data/campaign/thermochemistry/Mn_macho_pnp_Ph__protonated_reference/hessian_00.npz,022819a0255021bb3315426b0eddc37618e522951d0d9402067cca483df4dadd,3,0,383.15,lowest G383.15 among eligible certificates; same geometry at all T,101325.0,1.0,100.0,0,1
Mn_macho_pnp_Ph|protonated_reference,Mn_macho_pnp_Ph,protonated_reference,430.0,-61277.20522857623,312.6396017579485,-60920.03916793012,284.61474706716655,260.14693021285603,-61028.85738889075,3.044959030900024,kcal/mol,cal/(mol K),1,C30H29MnNO2P2,GFN2-xTB/ALPB toluene gsolv + qRRHO + 1M,data/campaign/thermochemistry/Mn_macho_pnp_Ph__protonated_reference/result.json,cd7f0703e8538056858b8cda3d5370a69726d41735e4081c98ff77b051cfd13b,data/campaign/thermochemistry/Mn_macho_pnp_Ph__protonated_reference/result.json#/attempts/0/native_command,data/datasets/thermochemistry/export_protocol.json,data/campaign/thermochemistry/Mn_macho_pnp_Ph__protonated_reference/accepted_geometry.xyz,e90d1b84e83115a5ae1ebbd5468df5217cb6c23d391669611a3c686df508ac2d,data/campaign/thermochemistry/Mn_macho_pnp_Ph__protonated_reference/hessian_00.npz,022819a0255021bb3315426b0eddc37618e522951d0d9402067cca483df4dadd,3,0,383.15,lowest G383.15 among eligible certificates; same geometry at all T,101325.0,1.0,100.0,0,1
Mn_macho_pnp_Ph|protonated_reference,Mn_macho_pnp_Ph,protonated_reference,440.0,-61277.20522857623,312.6396017579485,-60918.142763050906,288.97434531352303,264.17180546040186,-61031.24248407972,3.135873373767528,kcal/mol,cal/(mol K),1,C30H29MnNO2P2,GFN2-xTB/ALPB toluene gsolv + qRRHO + 1M,data/campaign/thermochemistry/Mn_macho_pnp_Ph__protonated_reference/result.json,cd7f0703e8538056858b8cda3d5370a69726d41735e4081c98ff77b051cfd13b,data/campaign/thermochemistry/Mn_macho_pnp_Ph__protonated_reference/result.json#/attempts/0/native_command,data/datasets/thermochemistry/export_protocol.json,data/campaign/thermochemistry/Mn_macho_pnp_Ph__protonated_reference/accepted_geometry.xyz,e90d1b84e83115a5ae1ebbd5468df5217cb6c23d391669611a3c686df508ac2d,data/campaign/thermochemistry/Mn_macho_pnp_Ph__protonated_reference/hessian_00.npz,022819a0255021bb3315426b0eddc37618e522951d0d9402067cca483df4dadd,3,0,383.15,lowest G383.15 among eligible certificates; same geometry at all T,101325.0,1.0,100.0,0,1
Mn_macho_pnp_iPr|active,Mn_macho_pnp_iPr,active,298.15,-47657.85817788416,317.3174442164893,-47319.46965190981,202.7695695078961,191.65950240638034,-47374.718604106776,1.894328445494145,kcal/mol,cal/(mol K),0,C18H36MnNO2P2,GFN2-xTB/ALPB toluene gsolv + qRRHO + 1M,data/campaign/thermochemistry/Mn_macho_pnp_iPr__active/result.json,b64e9650ac3d1f88412eb4c7d0a00a6b73bb98c181f01881ae896ddd6a862b96,data/campaign/thermochemistry/Mn_macho_pnp_iPr__active/result.json#/attempts/0/native_command,data/datasets/thermochemistry/export_protocol.json,data/campaign/thermochemistry/Mn_macho_pnp_iPr__active/accepted_geometry.xyz,1d1f93991abde9df16e9b079544e3fda884186628b523280073cf146f5cb3d7a,data/campaign/thermochemistry/Mn_macho_pnp_iPr__active/hessian_00.npz,c5b8274dac4c171d0b3e73c2bc5279ad4900f1de92c4494cf90fa0a277c53c0b,0,0,383.15,lowest G383.15 among eligible certificates; same geometry at all T,101325.0,1.0,100.0,0,1
Mn_macho_pnp_iPr|active,Mn_macho_pnp_iPr,active,340.0,-47657.85817788416,317.3174442164893,-47314.08603983026,219.6479370393303,207.15784061943208,-47382.2707328565,2.248972784367174,kcal/mol,cal/(mol K),0,C18H36MnNO2P2,GFN2-xTB/ALPB toluene gsolv + qRRHO + 1M,data/campaign/thermochemistry/Mn_macho_pnp_iPr__active/result.json,b64e9650ac3d1f88412eb4c7d0a00a6b73bb98c181f01881ae896ddd6a862b96,data/campaign/thermochemistry/Mn_macho_pnp_iPr__active/result.json#/attempts/0/native_command,data/datasets/thermochemistry/export_protocol.json,data/campaign/thermochemistry/Mn_macho_pnp_iPr__active/accepted_geometry.xyz,1d1f93991abde9df16e9b079544e3fda884186628b523280073cf146f5cb3d7a,data/campaign/thermochemistry/Mn_macho_pnp_iPr__active/hessian_00.npz,c5b8274dac4c171d0b3e73c2bc5279ad4900f1de92c4494cf90fa0a277c53c0b,0,0,383.15,lowest G383.15 among eligible certificates; same geometry at all T,101325.0,1.0,100.0,0,1
Mn_macho_pnp_iPr|active,Mn_macho_pnp_iPr,active,350.0,-47657.85817788416,317.3174442164893,-47312.720570052734,223.6058860547555,210.80973604365988,-47384.16869717043,2.3352804975836268,kcal/mol,cal/(mol K),0,C18H36MnNO2P2,GFN2-xTB/ALPB toluene gsolv + qRRHO + 1M,data/campaign/thermochemistry/Mn_macho_pnp_iPr__active/result.json,b64e9650ac3d1f88412eb4c7d0a00a6b73bb98c181f01881ae896ddd6a862b96,data/campaign/thermochemistry/Mn_macho_pnp_iPr__active/result.json#/attempts/0/native_command,data/datasets/thermochemistry/export_protocol.json,data/campaign/thermochemistry/Mn_macho_pnp_iPr__active/accepted_geometry.xyz,1d1f93991abde9df16e9b079544e3fda884186628b523280073cf146f5cb3d7a,data/campaign/thermochemistry/Mn_macho_pnp_iPr__active/hessian_00.npz,c5b8274dac4c171d0b3e73c2bc5279ad4900f1de92c4494cf90fa0a277c53c0b,0,0,383.15,lowest G383.15 among eligible certificates; same geometry at all T,101325.0,1.0,100.0,0,1
Mn_macho_pnp_iPr|active,Mn_macho_pnp_iPr,active,360.0,-47657.85817788416,317.3174442164893,-47311.32500901764,227.53710568730494,214.4430644601925,-47386.102356162584,2.422156060718619,kcal/mol,cal/(mol K),0,C18H36MnNO2P2,GFN2-xTB/ALPB toluene gsolv + qRRHO + 1M,data/campaign/thermochemistry/Mn_macho_pnp_iPr__active/result.json,b64e9650ac3d1f88412eb4c7d0a00a6b73bb98c181f01881ae896ddd6a862b96,data/campaign/thermochemistry/Mn_macho_pnp_iPr__active/result.json#/attempts/0/native_command,data/datasets/thermochemistry/export_protocol.json,data/campaign/thermochemistry/Mn_macho_pnp_iPr__active/accepted_geometry.xyz,1d1f93991abde9df16e9b079544e3fda884186628b523280073cf146f5cb3d7a,data/campaign/thermochemistry/Mn_macho_pnp_iPr__active/hessian_00.npz,c5b8274dac4c171d0b3e73c2bc5279ad4900f1de92c4494cf90fa0a277c53c0b,0,0,383.15,lowest G383.15 among eligible certificates; same geometry at all T,101325.0,1.0,100.0,0,1
Mn_macho_pnp_iPr|active,Mn_macho_pnp_iPr,active,370.0,-47657.85817788416,317.3174442164893,-47309.899613847454,231.44235646172686,218.05817360141904,-47388.07155438393,2.509583696046293,kcal/mol,cal/(mol K),0,C18H36MnNO2P2,GFN2-xTB/ALPB toluene gsolv + qRRHO + 1M,data/campaign/thermochemistry/Mn_macho_pnp_iPr__active/result.json,b64e9650ac3d1f88412eb4c7d0a00a6b73bb98c181f01881ae896ddd6a862b96,data/campaign/thermochemistry/Mn_macho_pnp_iPr__active/result.json#/attempts/0/native_command,data/datasets/thermochemistry/export_protocol.json,data/campaign/thermochemistry/Mn_macho_pnp_iPr__active/accepted_geometry.xyz,1d1f93991abde9df16e9b079544e3fda884186628b523280073cf146f5cb3d7a,data/campaign/thermochemistry/Mn_macho_pnp_iPr__active/hessian_00.npz,c5b8274dac4c171d0b3e73c2bc5279ad4900f1de92c4494cf90fa0a277c53c0b,0,0,383.15,lowest G383.15 among eligible certificates; same geometry at all T,101325.0,1.0,100.0,0,1
Mn_macho_pnp_iPr|active,Mn_macho_pnp_iPr,active,380.0,-47657.85817788416,317.3174442164893,-47308.44467122919,235.3222591698783,221.65530113208197,-47390.07613718037,2.597548479011341,kcal/mol,cal/(mol K),0,C18H36MnNO2P2,GFN2-xTB/ALPB toluene gsolv + qRRHO + 1M,data/campaign/thermochemistry/Mn_macho_pnp_iPr__active/result.json,b64e9650ac3d1f88412eb4c7d0a00a6b73bb98c181f01881ae896ddd6a862b96,data/campaign/thermochemistry/Mn_macho_pnp_iPr__active/result.json#/attempts/0/native_command,data/datasets/thermochemistry/export_protocol.json,data/campaign/thermochemistry/Mn_macho_pnp_iPr__active/accepted_geometry.xyz,1d1f93991abde9df16e9b079544e3fda884186628b523280073cf146f5cb3d7a,data/campaign/thermochemistry/Mn_macho_pnp_iPr__active/hessian_00.npz,c5b8274dac4c171d0b3e73c2bc5279ad4900f1de92c4494cf90fa0a277c53c0b,0,0,383.15,lowest G383.15 among eligible certificates; same geometry at all T,101325.0,1.0,100.0,0,1
Mn_macho_pnp_iPr|active,Mn_macho_pnp_iPr,active,383.15,-47657.85817788416,317.3174442164893,-47307.98029405044,236.53926191857707,222.78469777149274,-47390.71488464601,2.625366355574337,kcal/mol,cal/(mol K),0,C18H36MnNO2P2,GFN2-xTB/ALPB toluene gsolv + qRRHO + 1M,data/campaign/thermochemistry/Mn_macho_pnp_iPr__active/result.json,b64e9650ac3d1f88412eb4c7d0a00a6b73bb98c181f01881ae896ddd6a862b96,data/campaign/thermochemistry/Mn_macho_pnp_iPr__active/result.json#/attempts/0/native_command,data/datasets/thermochemistry/export_protocol.json,data/campaign/thermochemistry/Mn_macho_pnp_iPr__active/accepted_geometry.xyz,1d1f93991abde9df16e9b079544e3fda884186628b523280073cf146f5cb3d7a,data/campaign/thermochemistry/Mn_macho_pnp_iPr__active/hessian_00.npz,c5b8274dac4c171d0b3e73c2bc5279ad4900f1de92c4494cf90fa0a277c53c0b,0,0,383.15,lowest G383.15 among eligible certificates; same geometry at all T,101325.0,1.0,100.0,0,1
Mn_macho_pnp_iPr|active,Mn_macho_pnp_iPr,active,390.0,-47657.85817788416,317.3174442164893,-47306.96049439628,239.17731723263753,225.23459432739338,-47392.11594991312,2.686036270841015,kcal/mol,cal/(mol K),0,C18H36MnNO2P2,GFN2-xTB/ALPB toluene gsolv + qRRHO + 1M,data/campaign/thermochemistry/Mn_macho_pnp_iPr__active/result.json,b64e9650ac3d1f88412eb4c7d0a00a6b73bb98c181f01881ae896ddd6a862b96,data/campaign/thermochemistry/Mn_macho_pnp_iPr__active/result.json#/attempts/0/native_command,data/datasets/thermochemistry/export_protocol.json,data/campaign/thermochemistry/Mn_macho_pnp_iPr__active/accepted_geometry.xyz,1d1f93991abde9df16e9b079544e3fda884186628b523280073cf146f5cb3d7a,data/campaign/thermochemistry/Mn_macho_pnp_iPr__active/hessian_00.npz,c5b8274dac4c171d0b3e73c2bc5279ad4900f1de92c4494cf90fa0a277c53c0b,0,0,383.15,lowest G383.15 among eligible certificates; same geometry at all T,101325.0,1.0,100.0,0,1
Mn_macho_pnp_iPr|active,Mn_macho_pnp_iPr,active,400.0,-47657.85817788416,317.3174442164893,-47305.44741997637,243.0079365711495,228.79612754499848,-47394.1908373363,2.775033658072708,kcal/mol,cal/(mol K),0,C18H36MnNO2P2,GFN2-xTB/ALPB toluene gsolv + qRRHO + 1M,data/campaign/thermochemistry/Mn_macho_pnp_iPr__active/result.json,b64e9650ac3d1f88412eb4c7d0a00a6b73bb98c181f01881ae896ddd6a862b96,data/campaign/thermochemistry/Mn_macho_pnp_iPr__active/result.json#/attempts/0/native_command,data/datasets/thermochemistry/export_protocol.json,data/campaign/thermochemistry/Mn_macho_pnp_iPr__active/accepted_geometry.xyz,1d1f93991abde9df16e9b079544e3fda884186628b523280073cf146f5cb3d7a,data/campaign/thermochemistry/Mn_macho_pnp_iPr__active/hessian_00.npz,c5b8274dac4c171d0b3e73c2bc5279ad4900f1de92c4494cf90fa0a277c53c0b,0,0,383.15,lowest G383.15 among eligible certificates; same geometry at all T,101325.0,1.0,100.0,0,1
Mn_macho_pnp_iPr|active,Mn_macho_pnp_iPr,active,410.0,-47657.85817788416,317.3174442164893,-47303.90580481377,246.81444308720572,232.33991755713183,-47396.30064311405,2.8645278981321125,kcal/mol,cal/(mol K),0,C18H36MnNO2P2,GFN2-xTB/ALPB toluene gsolv + qRRHO + 1M,data/campaign/thermochemistry/Mn_macho_pnp_iPr__active/result.json,b64e9650ac3d1f88412eb4c7d0a00a6b73bb98c181f01881ae896ddd6a862b96,data/campaign/thermochemistry/Mn_macho_pnp_iPr__active/result.json#/attempts/0/native_command,data/datasets/thermochemistry/export_protocol.json,data/campaign/thermochemistry/Mn_macho_pnp_iPr__active/accepted_geometry.xyz,1d1f93991abde9df16e9b079544e3fda884186628b523280073cf146f5cb3d7a,data/campaign/thermochemistry/Mn_macho_pnp_iPr__active/hessian_00.npz,c5b8274dac4c171d0b3e73c2bc5279ad4900f1de92c4494cf90fa0a277c53c0b,0,0,383.15,lowest G383.15 among eligible certificates; same geometry at all T,101325.0,1.0,100.0,0,1
Mn_macho_pnp_iPr|active,Mn_macho_pnp_iPr,active,420.0,-47657.85817788416,317.3174442164893,-47302.336022850846,250.59709789463784,235.86593685550758,-47398.44520945994,2.954506870223601,kcal/mol,cal/(mol K),0,C18H36MnNO2P2,GFN2-xTB/ALPB toluene gsolv + qRRHO + 1M,data/campaign/thermochemistry/Mn_macho_pnp_iPr__active/result.json,b64e9650ac3d1f88412eb4c7d0a00a6b73bb98c181f01881ae896ddd6a862b96,data/campaign/thermochemistry/Mn_macho_pnp_iPr__active/result.json#/attempts/0/native_command,data/datasets/thermochemistry/export_protocol.json,data/campaign/thermochemistry/Mn_macho_pnp_iPr__active/accepted_geometry.xyz,1d1f93991abde9df16e9b079544e3fda884186628b523280073cf146f5cb3d7a,data/campaign/thermochemistry/Mn_macho_pnp_iPr__active/hessian_00.npz,c5b8274dac4c171d0b3e73c2bc5279ad4900f1de92c4494cf90fa0a277c53c0b,0,0,383.15,lowest G383.15 among eligible certificates; same geometry at all T,101325.0,1.0,100.0,0,1
Mn_macho_pnp_iPr|active,Mn_macho_pnp_iPr,active,430.0,-47657.85817788416,317.3174442164893,-47300.73846213246,254.35611046973185,239.37412507125026,-47400.624376882195,3.044959030900024,kcal/mol,cal/(mol K),0,C18H36MnNO2P2,GFN2-xTB/ALPB toluene gsolv + qRRHO + 1M,data/campaign/thermochemistry/Mn_macho_pnp_iPr__active/result.json,b64e9650ac3d1f88412eb4c7d0a00a6b73bb98c181f01881ae896ddd6a862b96,data/campaign/thermochemistry/Mn_macho_pnp_iPr__active/result.json#/attempts/0/native_command,data/datasets/thermochemistry/export_protocol.json,data/campaign/thermochemistry/Mn_macho_pnp_iPr__active/accepted_geometry.xyz,1d1f93991abde9df16e9b079544e3fda884186628b523280073cf146f5cb3d7a,data/campaign/thermochemistry/Mn_macho_pnp_iPr__active/hessian_00.npz,c5b8274dac4c171d0b3e73c2bc5279ad4900f1de92c4494cf90fa0a277c53c0b,0,0,383.15,lowest G383.15 among eligible certificates; same geometry at all T,101325.0,1.0,100.0,0,1
Mn_macho_pnp_iPr|active,Mn_macho_pnp_iPr,active,440.0,-47657.85817788416,317.3174442164893,-47299.11352197849,258.0916499025144,242.8643986692101,-47402.83798401918,3.135873373767528,kcal/mol,cal/(mol K),0,C18H36MnNO2P2,GFN2-xTB/ALPB toluene gsolv + qRRHO + 1M,data/campaign/thermochemistry/Mn_macho_pnp_iPr__active/result.json,b64e9650ac3d1f88412eb4c7d0a00a6b73bb98c181f01881ae896ddd6a862b96,data/campaign/thermochemistry/Mn_macho_pnp_iPr__active/result.json#/attempts/0/native_command,data/datasets/thermochemistry/export_protocol.json,data/campaign/thermochemistry/Mn_macho_pnp_iPr__active/accepted_geometry.xyz,1d1f93991abde9df16e9b079544e3fda884186628b523280073cf146f5cb3d7a,data/campaign/thermochemistry/Mn_macho_pnp_iPr__active/hessian_00.npz,c5b8274dac4c171d0b3e73c2bc5279ad4900f1de92c4494cf90fa0a277c53c0b,0,0,383.15,lowest G383.15 among eligible certificates; same geometry at all T,101325.0,1.0,100.0,0,1
Mn_macho_pnp_iPr|hydrogenated,Mn_macho_pnp_iPr,hydrogenated,298.15,-48299.43409047295,330.2003877352904,-47948.02088857303,202.94219075821272,192.58288130273698,-48003.54514618795,1.894328445494145,kcal/mol,cal/(mol K),0,C18H38MnNO2P2,GFN2-xTB/ALPB toluene gsolv + qRRHO + 1M,data/campaign/thermochemistry/Mn_macho_pnp_iPr__hydrogenated/result.json,328254e10a4c144db8ffcb3ecd012152f561c528617439c88775a7e7756c7f39,data/campaign/thermochemistry/Mn_macho_pnp_iPr__hydrogenated/result.json#/attempts/0/native_command,data/datasets/thermochemistry/export_protocol.json,data/campaign/thermochemistry/Mn_macho_pnp_iPr__hydrogenated/accepted_geometry.xyz,37720869e088e04aabc401db3f1ac7fa6597021a1620509dafa595dd356da31b,data/campaign/thermochemistry/Mn_macho_pnp_iPr__hydrogenated/hessian_00.npz,a27fb224862a1a64692288c62371eef030906ca654d9d5a4551fb85a17a826c6,2,0,383.15,lowest G383.15 among eligible certificates; same geometry at all T,101325.0,1.0,100.0,0,1
Mn_macho_pnp_iPr|hydrogenated,Mn_macho_pnp_iPr,hydrogenated,340.0,-48299.43409047295,330.2003877352904,-47942.51662500646,220.19836383780893,208.57354934256924,-48011.182658998565,2.248972784367174,kcal/mol,cal/(mol K),0,C18H38MnNO2P2,GFN2-xTB/ALPB toluene gsolv + qRRHO + 1M,data/campaign/thermochemistry/Mn_macho_pnp_iPr__hydrogenated/result.json,328254e10a4c144db8ffcb3ecd012152f561c528617439c88775a7e7756c7f39,data/campaign/thermochemistry/Mn_macho_pnp_iPr__hydrogenated/result.json#/attempts/0/native_command,data/datasets/thermochemistry/export_protocol.json,data/campaign/thermochemistry/Mn_macho_pnp_iPr__hydrogenated/accepted_geometry.xyz,37720869e088e04aabc401db3f1ac7fa6597021a1620509dafa595dd356da31b,data/campaign/thermochemistry/Mn_macho_pnp_iPr__hydrogenated/hessian_00.npz,a27fb224862a1a64692288c62371eef030906ca654d9d5a4551fb85a17a826c6,2,0,383.15,lowest G383.15 among eligible certificates; same geometry at all T,101325.0,1.0,100.0,0,1
Mn_macho_pnp_iPr|hydrogenated,Mn_macho_pnp_iPr,hydrogenated,350.0,-48299.43409047295,330.2003877352904,-47941.11861111828,224.25064028922796,212.34500925597865,-48013.10408386029,2.3352804975836268,kcal/mol,cal/(mol K),0,C18H38MnNO2P2,GFN2-xTB/ALPB toluene gsolv + qRRHO + 1M,data/campaign/thermochemistry/Mn_macho_pnp_iPr__hydrogenated/result.json,328254e10a4c144db8ffcb3ecd012152f561c528617439c88775a7e7756c7f39,data/campaign/thermochemistry/Mn_macho_pnp_iPr__hydrogenated/result.json#/attempts/0/native_command,data/datasets/thermochemistry/export_protocol.json,data/campaign/thermochemistry/Mn_macho_pnp_iPr__hydrogenated/accepted_geometry.xyz,37720869e088e04aabc401db3f1ac7fa6597021a1620509dafa595dd356da31b,data/campaign/thermochemistry/Mn_macho_pnp_iPr__hydrogenated/hessian_00.npz,a27fb224862a1a64692288c62371eef030906ca654d9d5a4551fb85a17a826c6,2,0,383.15,lowest G383.15 among eligible certificates; same geometry at all T,101325.0,1.0,100.0,0,1
Mn_macho_pnp_iPr|hydrogenated,Mn_macho_pnp_iPr,hydrogenated,360.0,-48299.43409047295,330.2003877352904,-47939.6890955144,228.27750363966308,216.09849581194254,-48015.06239794598,2.422156060718619,kcal/mol,cal/(mol K),0,C18H38MnNO2P2,GFN2-xTB/ALPB toluene gsolv + qRRHO + 1M,data/campaign/thermochemistry/Mn_macho_pnp_iPr__hydrogenated/result.json,328254e10a4c144db8ffcb3ecd012152f561c528617439c88775a7e7756c7f39,data/campaign/thermochemistry/Mn_macho_pnp_iPr__hydrogenated/result.json#/attempts/0/native_command,data/datasets/thermochemistry/export_protocol.json,data/campaign/thermochemistry/Mn_macho_pnp_iPr__hydrogenated/accepted_geometry.xyz,37720869e088e04aabc401db3f1ac7fa6597021a1620509dafa595dd356da31b,data/campaign/thermochemistry/Mn_macho_pnp_iPr__hydrogenated/hessian_00.npz,a27fb224862a1a64692288c62371eef030906ca654d9d5a4551fb85a17a826c6,2,0,383.15,lowest G383.15 among eligible certificates; same geometry at all T,101325.0,1.0,100.0,0,1
Mn_macho_pnp_iPr|hydrogenated,Mn_macho_pnp_iPr,hydrogenated,370.0,-48299.43409047295,330.2003877352904,-47938.22835054639,232.2796005574618,219.8342833273943,-48017.05745168148,2.509583696046293,kcal/mol,cal/(mol K),0,C18H38MnNO2P2,GFN2-xTB/ALPB toluene gsolv + qRRHO + 1M,data/campaign/thermochemistry/Mn_macho_pnp_iPr__hydrogenated/result.json,328254e10a4c144db8ffcb3ecd012152f561c528617439c88775a7e7756c7f39,data/campaign/thermochemistry/Mn_macho_pnp_iPr__hydrogenated/result.json#/attempts/0/native_command,data/datasets/thermochemistry/export_protocol.json,data/campaign/thermochemistry/Mn_macho_pnp_iPr__hydrogenated/accepted_geometry.xyz,37720869e088e04aabc401db3f1ac7fa6597021a1620509dafa595dd356da31b,data/campaign/thermochemistry/Mn_macho_pnp_iPr__hydrogenated/hessian_00.npz,a27fb224862a1a64692288c62371eef030906ca654d9d5a4551fb85a17a826c6,2,0,383.15,lowest G383.15 among eligible certificates; same geometry at all T,101325.0,1.0,100.0,0,1
Mn_macho_pnp_iPr|hydrogenated,Mn_macho_pnp_iPr,hydrogenated,380.0,-48299.43409047295,330.2003877352904,-47936.73668022656,236.25744149625388,223.55253625598533,-48019.089095524825,2.597548479011341,kcal/mol,cal/(mol K),0,C18H38MnNO2P2,GFN2-xTB/ALPB toluene gsolv + qRRHO + 1M,data/campaign/thermochemistry/Mn_macho_pnp_iPr__hydrogenated/result.json,328254e10a4c144db8ffcb3ecd012152f561c528617439c88775a7e7756c7f39,data/campaign/thermochemistry/Mn_macho_pnp_iPr__hydrogenated/result.json#/attempts/0/native_command,data/datasets/thermochemistry/export_protocol.json,data/campaign/thermochemistry/Mn_macho_pnp_iPr__hydrogenated/accepted_geometry.xyz,37720869e088e04aabc401db3f1ac7fa6597021a1620509dafa595dd356da31b,data/campaign/thermochemistry/Mn_macho_pnp_iPr__hydrogenated/hessian_00.npz,a27fb224862a1a64692288c62371eef030906ca654d9d5a4551fb85a17a826c6,2,0,383.15,lowest G383.15 among eligible certificates; same geometry at all T,101325.0,1.0,100.0,0,1
Mn_macho_pnp_iPr|hydrogenated,Mn_macho_pnp_iPr,hydrogenated,383.15,-48299.43409047295,330.2003877352904,-47936.260451461065,237.5055038309167,224.72016837411925,-48019.73661761803,2.625366355574337,kcal/mol,cal/(mol K),0,C18H38MnNO2P2,GFN2-xTB/ALPB toluene gsolv + qRRHO + 1M,data/campaign/thermochemistry/Mn_macho_pnp_iPr__hydrogenated/result.json,328254e10a4c144db8ffcb3ecd012152f561c528617439c88775a7e7756c7f39,data/campaign/thermochemistry/Mn_macho_pnp_iPr__hydrogenated/result.json#/attempts/0/native_command,data/datasets/thermochemistry/export_protocol.json,data/campaign/thermochemistry/Mn_macho_pnp_iPr__hydrogenated/accepted_geometry.xyz,37720869e088e04aabc401db3f1ac7fa6597021a1620509dafa595dd356da31b,data/campaign/thermochemistry/Mn_macho_pnp_iPr__hydrogenated/hessian_00.npz,a27fb224862a1a64692288c62371eef030906ca654d9d5a4551fb85a17a826c6,2,0,383.15,lowest G383.15 among eligible certificates; same geometry at all T,101325.0,1.0,100.0,0,1
Mn_macho_pnp_iPr|hydrogenated,Mn_macho_pnp_iPr,hydrogenated,390.0,-48299.43409047295,330.2003877352904,-47935.21441697949,240.2114232896266,227.25332945208743,-48021.15717919497,2.686036270841015,kcal/mol,cal/(mol K),0,C18H38MnNO2P2,GFN2-xTB/ALPB toluene gsolv + qRRHO + 1M,data/campaign/thermochemistry/Mn_macho_pnp_iPr__hydrogenated/result.json,328254e10a4c144db8ffcb3ecd012152f561c528617439c88775a7e7756c7f39,data/campaign/thermochemistry/Mn_macho_pnp_iPr__hydrogenated/result.json#/attempts/0/native_command,data/datasets/thermochemistry/export_protocol.json,data/campaign/thermochemistry/Mn_macho_pnp_iPr__hydrogenated/accepted_geometry.xyz,37720869e088e04aabc401db3f1ac7fa6597021a1620509dafa595dd356da31b,data/campaign/thermochemistry/Mn_macho_pnp_iPr__hydrogenated/hessian_00.npz,a27fb224862a1a64692288c62371eef030906ca654d9d5a4551fb85a17a826c6,2,0,383.15,lowest G383.15 among eligible certificates; same geometry at all T,101325.0,1.0,100.0,0,1
Mn_macho_pnp_iPr|hydrogenated,Mn_macho_pnp_iPr,hydrogenated,400.0,-48299.43409047295,330.2003877352904,-47933.66191825653,244.14184923325678,230.9366661609171,-48023.261551062824,2.775033658072708,kcal/mol,cal/(mol K),0,C18H38MnNO2P2,GFN2-xTB/ALPB toluene gsolv + qRRHO + 1M,data/campaign/thermochemistry/Mn_macho_pnp_iPr__hydrogenated/result.json,328254e10a4c144db8ffcb3ecd012152f561c528617439c88775a7e7756c7f39,data/campaign/thermochemistry/Mn_macho_pnp_iPr__hydrogenated/result.json#/attempts/0/native_command,data/datasets/thermochemistry/export_protocol.json,data/campaign/thermochemistry/Mn_macho_pnp_iPr__hydrogenated/accepted_geometry.xyz,37720869e088e04aabc401db3f1ac7fa6597021a1620509dafa595dd356da31b,data/campaign/thermochemistry/Mn_macho_pnp_iPr__hydrogenated/hessian_00.npz,a27fb224862a1a64692288c62371eef030906ca654d9d5a4551fb85a17a826c6,2,0,383.15,lowest G383.15 among eligible certificates; same geometry at all T,101325.0,1.0,100.0,0,1
Mn_macho_pnp_iPr|hydrogenated,Mn_macho_pnp_iPr,hydrogenated,410.0,-48299.43409047295,330.2003877352904,-47932.07956312729,248.04894674407862,234.60249379786467,-48025.40205768628,2.8645278981321125,kcal/mol,cal/(mol K),0,C18H38MnNO2P2,GFN2-xTB/ALPB toluene gsolv + qRRHO + 1M,data/campaign/thermochemistry/Mn_macho_pnp_iPr__hydrogenated/result.json,328254e10a4c144db8ffcb3ecd012152f561c528617439c88775a7e7756c7f39,data/campaign/thermochemistry/Mn_macho_pnp_iPr__hydrogenated/result.json#/attempts/0/native_command,data/datasets/thermochemistry/export_protocol.json,data/campaign/thermochemistry/Mn_macho_pnp_iPr__hydrogenated/accepted_geometry.xyz,37720869e088e04aabc401db3f1ac7fa6597021a1620509dafa595dd356da31b,data/campaign/thermochemistry/Mn_macho_pnp_iPr__hydrogenated/hessian_00.npz,a27fb224862a1a64692288c62371eef030906ca654d9d5a4551fb85a17a826c6,2,0,383.15,lowest G383.15 among eligible certificates; same geometry at all T,101325.0,1.0,100.0,0,1
Mn_macho_pnp_iPr|hydrogenated,Mn_macho_pnp_iPr,hydrogenated,420.0,-48299.43409047295,330.2003877352904,-47930.46774893706,251.9328827328472,238.2507176298105,-48027.57854347136,2.954506870223601,kcal/mol,cal/(mol K),0,C18H38MnNO2P2,GFN2-xTB/ALPB toluene gsolv + qRRHO + 1M,data/campaign/thermochemistry/Mn_macho_pnp_iPr__hydrogenated/result.json,328254e10a4c144db8ffcb3ecd012152f561c528617439c88775a7e7756c7f39,data/campaign/thermochemistry/Mn_macho_pnp_iPr__hydrogenated/result.json#/attempts/0/native_command,data/datasets/thermochemistry/export_protocol.json,data/campaign/thermochemistry/Mn_macho_pnp_iPr__hydrogenated/accepted_geometry.xyz,37720869e088e04aabc401db3f1ac7fa6597021a1620509dafa595dd356da31b,data/campaign/thermochemistry/Mn_macho_pnp_iPr__hydrogenated/hessian_00.npz,a27fb224862a1a64692288c62371eef030906ca654d9d5a4551fb85a17a826c6,2,0,383.15,lowest G383.15 among eligible certificates; same geometry at all T,101325.0,1.0,100.0,0,1
Mn_macho_pnp_iPr|hydrogenated,Mn_macho_pnp_iPr,hydrogenated,430.0,-48299.43409047295,330.2003877352904,-47928.82688809672,255.79377685594574,241.88121250336488,-48029.79085044227,3.044959030900024,kcal/mol,cal/(mol K),0,C18H38MnNO2P2,GFN2-xTB/ALPB toluene gsolv + qRRHO + 1M,data/campaign/thermochemistry/Mn_macho_pnp_iPr__hydrogenated/result.json,328254e10a4c144db8ffcb3ecd012152f561c528617439c88775a7e7756c7f39,data/campaign/thermochemistry/Mn_macho_pnp_iPr__hydrogenated/result.json#/attempts/0/native_command,data/datasets/thermochemistry/export_protocol.json,data/campaign/thermochemistry/Mn_macho_pnp_iPr__hydrogenated/accepted_geometry.xyz,37720869e088e04aabc401db3f1ac7fa6597021a1620509dafa595dd356da31b,data/campaign/thermochemistry/Mn_macho_pnp_iPr__hydrogenated/hessian_00.npz,a27fb224862a1a64692288c62371eef030906ca654d9d5a4551fb85a17a826c6,2,0,383.15,lowest G383.15 among eligible certificates; same geometry at all T,101325.0,1.0,100.0,0,1
Mn_macho_pnp_iPr|hydrogenated,Mn_macho_pnp_iPr,hydrogenated,440.0,-48299.43409047295,330.2003877352904,-47927.15740505319,259.63171282849214,245.49383278358087,-48032.0388181042,3.135873373767528,kcal/mol,cal/(mol K),0,C18H38MnNO2P2,GFN2-xTB/ALPB toluene gsolv + qRRHO + 1M,data/campaign/thermochemistry/Mn_macho_pnp_iPr__hydrogenated/result.json,328254e10a4c144db8ffcb3ecd012152f561c528617439c88775a7e7756c7f39,data/campaign/thermochemistry/Mn_macho_pnp_iPr__hydrogenated/result.json#/attempts/0/native_command,data/datasets/thermochemistry/export_protocol.json,data/campaign/thermochemistry/Mn_macho_pnp_iPr__hydrogenated/accepted_geometry.xyz,37720869e088e04aabc401db3f1ac7fa6597021a1620509dafa595dd356da31b,data/campaign/thermochemistry/Mn_macho_pnp_iPr__hydrogenated/hessian_00.npz,a27fb224862a1a64692288c62371eef030906ca654d9d5a4551fb85a17a826c6,2,0,383.15,lowest G383.15 among eligible certificates; same geometry at all T,101325.0,1.0,100.0,0,1
Mn_macho_pnp_iPr|protonated_reference,Mn_macho_pnp_iPr,protonated_reference,298.15,-47749.501004233025,325.3974778817761,-47402.974914312064,200.15015953722343,191.04000560153037,-47458.03916353667,1.894328445494145,kcal/mol,cal/(mol K),1,C18H37MnNO2P2,GFN2-xTB/ALPB toluene gsolv + qRRHO + 1M,data/campaign/thermochemistry/Mn_macho_pnp_iPr__protonated_reference/result.json,34958185225e0a0f6e259c20a5f854a080032b7dda90619082b15749837e70a3,data/campaign/thermochemistry/Mn_macho_pnp_iPr__protonated_reference/result.json#/attempts/1/native_command,data/datasets/thermochemistry/export_protocol.json,data/campaign/thermochemistry/Mn_macho_pnp_iPr__protonated_reference/accepted_geometry.xyz,4d6ecfaf98a6ca62a7c7c64cfbe3f1c3eb8c454672878b2d295b6aaed50327b6,data/campaign/thermochemistry/Mn_macho_pnp_iPr__protonated_reference/hessian_01.npz,225b1c37226766d29d5aa0e6e70e09b4a30896ebaeaa07040fce9047f1731762,2,1,383.15,lowest G383.15 among eligible certificates; same geometry at all T,101325.0,1.0,100.0,0,1
Mn_macho_pnp_iPr|protonated_reference,Mn_macho_pnp_iPr,protonated_reference,340.0,-47749.501004233025,325.3974778817761,-47397.52980742487,217.2211875493459,206.8264492337358,-47465.60182737998,2.248972784367174,kcal/mol,cal/(mol K),1,C18H37MnNO2P2,GFN2-xTB/ALPB toluene gsolv + qRRHO + 1M,data/campaign/thermochemistry/Mn_macho_pnp_iPr__protonated_reference/result.json,34958185225e0a0f6e259c20a5f854a080032b7dda90619082b15749837e70a3,data/campaign/thermochemistry/Mn_macho_pnp_iPr__protonated_reference/result.json#/attempts/1/native_command,data/datasets/thermochemistry/export_protocol.json,data/campaign/thermochemistry/Mn_macho_pnp_iPr__protonated_reference/accepted_geometry.xyz,4d6ecfaf98a6ca62a7c7c64cfbe3f1c3eb8c454672878b2d295b6aaed50327b6,data/campaign/thermochemistry/Mn_macho_pnp_iPr__protonated_reference/hessian_01.npz,225b1c37226766d29d5aa0e6e70e09b4a30896ebaeaa07040fce9047f1731762,2,1,383.15,lowest G383.15 among eligible certificates; same geometry at all T,101325.0,1.0,100.0,0,1
Mn_macho_pnp_iPr|protonated_reference,Mn_macho_pnp_iPr,protonated_reference,350.0,-47749.501004233025,325.3974778817761,-47396.148164818085,221.2260136652855,210.54623324867845,-47467.50406595754,2.3352804975836268,kcal/mol,cal/(mol K),1,C18H37MnNO2P2,GFN2-xTB/ALPB toluene gsolv + qRRHO + 1M,data/campaign/thermochemistry/Mn_macho_pnp_iPr__protonated_reference/result.json,34958185225e0a0f6e259c20a5f854a080032b7dda90619082b15749837e70a3,data/campaign/thermochemistry/Mn_macho_pnp_iPr__protonated_reference/result.json#/attempts/1/native_command,data/datasets/thermochemistry/export_protocol.json,data/campaign/thermochemistry/Mn_macho_pnp_iPr__protonated_reference/accepted_geometry.xyz,4d6ecfaf98a6ca62a7c7c64cfbe3f1c3eb8c454672878b2d295b6aaed50327b6,data/campaign/thermochemistry/Mn_macho_pnp_iPr__protonated_reference/hessian_01.npz,225b1c37226766d29d5aa0e6e70e09b4a30896ebaeaa07040fce9047f1731762,2,1,383.15,lowest G383.15 among eligible certificates; same geometry at all T,101325.0,1.0,100.0,0,1
Mn_macho_pnp_iPr|protonated_reference,Mn_macho_pnp_iPr,protonated_reference,360.0,-47749.501004233025,325.3974778817761,-47394.73587055813,225.20436857751804,214.2471003739144,-47469.442670632016,2.422156060718619,kcal/mol,cal/(mol K),1,C18H37MnNO2P2,GFN2-xTB/ALPB toluene gsolv + qRRHO + 1M,data/campaign/thermochemistry/Mn_macho_pnp_iPr__protonated_reference/result.json,34958185225e0a0f6e259c20a5f854a080032b7dda90619082b15749837e70a3,data/campaign/thermochemistry/Mn_macho_pnp_iPr__protonated_reference/result.json#/attempts/1/native_command,data/datasets/thermochemistry/export_protocol.json,data/campaign/thermochemistry/Mn_macho_pnp_iPr__protonated_reference/accepted_geometry.xyz,4d6ecfaf98a6ca62a7c7c64cfbe3f1c3eb8c454672878b2d295b6aaed50327b6,data/campaign/thermochemistry/Mn_macho_pnp_iPr__protonated_reference/hessian_01.npz,225b1c37226766d29d5aa0e6e70e09b4a30896ebaeaa07040fce9047f1731762,2,1,383.15,lowest G383.15 among eligible certificates; same geometry at all T,101325.0,1.0,100.0,0,1
Mn_macho_pnp_iPr|protonated_reference,Mn_macho_pnp_iPr,protonated_reference,370.0,-47749.501004233025,325.3974778817761,-47393.293189510565,229.15697745236633,217.92939752651696,-47471.41748289933,2.509583696046293,kcal/mol,cal/(mol K),1,C18H37MnNO2P2,GFN2-xTB/ALPB toluene gsolv + qRRHO + 1M,data/campaign/thermochemistry/Mn_macho_pnp_iPr__protonated_reference/result.json,34958185225e0a0f6e259c20a5f854a080032b7dda90619082b15749837e70a3,data/campaign/thermochemistry/Mn_macho_pnp_iPr__protonated_reference/result.json#/attempts/1/native_command,data/datasets/thermochemistry/export_protocol.json,data/campaign/thermochemistry/Mn_macho_pnp_iPr__protonated_reference/accepted_geometry.xyz,4d6ecfaf98a6ca62a7c7c64cfbe3f1c3eb8c454672878b2d295b6aaed50327b6,data/campaign/thermochemistry/Mn_macho_pnp_iPr__protonated_reference/hessian_01.npz,225b1c37226766d29d5aa0e6e70e09b4a30896ebaeaa07040fce9047f1731762,2,1,383.15,lowest G383.15 among eligible certificates; same geometry at all T,101325.0,1.0,100.0,0,1
Mn_macho_pnp_iPr|protonated_reference,Mn_macho_pnp_iPr,protonated_reference,380.0,-47749.501004233025,325.3974778817761,-47391.820417422896,233.08442503743433,221.5933579868196,-47473.42834497888,2.597548479011341,kcal/mol,cal/(mol K),1,C18H37MnNO2P2,GFN2-xTB/ALPB toluene gsolv + qRRHO + 1M,data/campaign/thermochemistry/Mn_macho_pnp_iPr__protonated_reference/result.json,34958185225e0a0f6e259c20a5f854a080032b7dda90619082b15749837e70a3,data/campaign/thermochemistry/Mn_macho_pnp_iPr__protonated_reference/result.json#/attempts/1/native_command,data/datasets/thermochemistry/export_protocol.json,data/campaign/thermochemistry/Mn_macho_pnp_iPr__protonated_reference/accepted_geometry.xyz,4d6ecfaf98a6ca62a7c7c64cfbe3f1c3eb8c454672878b2d295b6aaed50327b6,data/campaign/thermochemistry/Mn_macho_pnp_iPr__protonated_reference/hessian_01.npz,225b1c37226766d29d5aa0e6e70e09b4a30896ebaeaa07040fce9047f1731762,2,1,383.15,lowest G383.15 among eligible certificates; same geometry at all T,101325.0,1.0,100.0,0,1
Mn_macho_pnp_iPr|protonated_reference,Mn_macho_pnp_iPr,protonated_reference,383.15,-47749.501004233025,325.3974778817761,-47391.35031297655,234.31643732244513,222.74373238800865,-47474.06920768544,2.625366355574337,kcal/mol,cal/(mol K),1,C18H37MnNO2P2,GFN2-xTB/ALPB toluene gsolv + qRRHO + 1M,data/campaign/thermochemistry/Mn_macho_pnp_iPr__protonated_reference/result.json,34958185225e0a0f6e259c20a5f854a080032b7dda90619082b15749837e70a3,data/campaign/thermochemistry/Mn_macho_pnp_iPr__protonated_reference/result.json#/attempts/1/native_command,data/datasets/thermochemistry/export_protocol.json,data/campaign/thermochemistry/Mn_macho_pnp_iPr__protonated_reference/accepted_geometry.xyz,4d6ecfaf98a6ca62a7c7c64cfbe3f1c3eb8c454672878b2d295b6aaed50327b6,data/campaign/thermochemistry/Mn_macho_pnp_iPr__protonated_reference/hessian_01.npz,225b1c37226766d29d5aa0e6e70e09b4a30896ebaeaa07040fce9047f1731762,2,1,383.15,lowest G383.15 among eligible certificates; same geometry at all T,101325.0,1.0,100.0,0,1
Mn_macho_pnp_iPr|protonated_reference,Mn_macho_pnp_iPr,protonated_reference,390.0,-47749.501004233025,325.3974778817761,-47390.31787770889,236.9871786081282,225.23912197491472,-47475.47509900827,2.686036270841015,kcal/mol,cal/(mol K),1,C18H37MnNO2P2,GFN2-xTB/ALPB toluene gsolv + qRRHO + 1M,data/campaign/thermochemistry/Mn_macho_pnp_iPr__protonated_reference/result.json,34958185225e0a0f6e259c20a5f854a080032b7dda90619082b15749837e70a3,data/campaign/thermochemistry/Mn_macho_pnp_iPr__protonated_reference/result.json#/attempts/1/native_command,data/datasets/thermochemistry/export_protocol.json,data/campaign/thermochemistry/Mn_macho_pnp_iPr__protonated_reference/accepted_geometry.xyz,4d6ecfaf98a6ca62a7c7c64cfbe3f1c3eb8c454672878b2d295b6aaed50327b6,data/campaign/thermochemistry/Mn_macho_pnp_iPr__protonated_reference/hessian_01.npz,225b1c37226766d29d5aa0e6e70e09b4a30896ebaeaa07040fce9047f1731762,2,1,383.15,lowest G383.15 among eligible certificates; same geometry at all T,101325.0,1.0,100.0,0,1
Mn_macho_pnp_iPr|protonated_reference,Mn_macho_pnp_iPr,protonated_reference,400.0,-47749.501004233025,325.3974778817761,-47388.78591810055,240.86560834513656,228.8667549009455,-47477.55758640285,2.775033658072708,kcal/mol,cal/(mol K),1,C18H37MnNO2P2,GFN2-xTB/ALPB toluene gsolv + qRRHO + 1M,data/campaign/thermochemistry/Mn_macho_pnp_iPr__protonated_reference/result.json,34958185225e0a0f6e259c20a5f854a080032b7dda90619082b15749837e70a3,data/campaign/thermochemistry/Mn_macho_pnp_iPr__protonated_reference/result.json#/attempts/1/native_command,data/datasets/thermochemistry/export_protocol.json,data/campaign/thermochemistry/Mn_macho_pnp_iPr__protonated_reference/accepted_geometry.xyz,4d6ecfaf98a6ca62a7c7c64cfbe3f1c3eb8c454672878b2d295b6aaed50327b6,data/campaign/thermochemistry/Mn_macho_pnp_iPr__protonated_reference/hessian_01.npz,225b1c37226766d29d5aa0e6e70e09b4a30896ebaeaa07040fce9047f1731762,2,1,383.15,lowest G383.15 among eligible certificates; same geometry at all T,101325.0,1.0,100.0,0,1
Mn_macho_pnp_iPr|protonated_reference,Mn_macho_pnp_iPr,protonated_reference,410.0,-47749.501004233025,325.3974778817761,-47387.224907281925,244.7200052405117,232.4762633598583,-47479.675647361335,2.8645278981321125,kcal/mol,cal/(mol K),1,C18H37MnNO2P2,GFN2-xTB/ALPB toluene gsolv + qRRHO + 1M,data/campaign/thermochemistry/Mn_macho_pnp_iPr__protonated_reference/result.json,34958185225e0a0f6e259c20a5f854a080032b7dda90619082b15749837e70a3,data/campaign/thermochemistry/Mn_macho_pnp_iPr__protonated_reference/result.json#/attempts/1/native_command,data/datasets/thermochemistry/export_protocol.json,data/campaign/thermochemistry/Mn_macho_pnp_iPr__protonated_reference/accepted_geometry.xyz,4d6ecfaf98a6ca62a7c7c64cfbe3f1c3eb8c454672878b2d295b6aaed50327b6,data/campaign/thermochemistry/Mn_macho_pnp_iPr__protonated_reference/hessian_01.npz,225b1c37226766d29d5aa0e6e70e09b4a30896ebaeaa07040fce9047f1731762,2,1,383.15,lowest G383.15 among eligible certificates; same geometry at all T,101325.0,1.0,100.0,0,1
Mn_macho_pnp_iPr|protonated_reference,Mn_macho_pnp_iPr,protonated_reference,420.0,-47749.501004233025,325.3974778817761,-47385.63523159323,248.55059667665537,236.06760899091594,-47481.82912049919,2.954506870223601,kcal/mol,cal/(mol K),1,C18H37MnNO2P2,GFN2-xTB/ALPB toluene gsolv + qRRHO + 1M,data/campaign/thermochemistry/Mn_macho_pnp_iPr__protonated_reference/result.json,34958185225e0a0f6e259c20a5f854a080032b7dda90619082b15749837e70a3,data/campaign/thermochemistry/Mn_macho_pnp_iPr__protonated_reference/result.json#/attempts/1/native_command,data/datasets/thermochemistry/export_protocol.json,data/campaign/thermochemistry/Mn_macho_pnp_iPr__protonated_reference/accepted_geometry.xyz,4d6ecfaf98a6ca62a7c7c64cfbe3f1c3eb8c454672878b2d295b6aaed50327b6,data/campaign/thermochemistry/Mn_macho_pnp_iPr__protonated_reference/hessian_01.npz,225b1c37226766d29d5aa0e6e70e09b4a30896ebaeaa07040fce9047f1731762,2,1,383.15,lowest G383.15 among eligible certificates; same geometry at all T,101325.0,1.0,100.0,0,1
Mn_macho_pnp_iPr|protonated_reference,Mn_macho_pnp_iPr,protonated_reference,430.0,-47749.501004233025,325.3974778817761,-47384.01729187135,252.35755985145136,239.64072035392778,-47484.01784259264,3.044959030900024,kcal/mol,cal/(mol K),1,C18H37MnNO2P2,GFN2-xTB/ALPB toluene gsolv + qRRHO + 1M,data/campaign/thermochemistry/Mn_macho_pnp_iPr__protonated_reference/result.json,34958185225e0a0f6e259c20a5f854a080032b7dda90619082b15749837e70a3,data/campaign/thermochemistry/Mn_macho_pnp_iPr__protonated_reference/result.json#/attempts/1/native_command,data/datasets/thermochemistry/export_protocol.json,data/campaign/thermochemistry/Mn_macho_pnp_iPr__protonated_reference/accepted_geometry.xyz,4d6ecfaf98a6ca62a7c7c64cfbe3f1c3eb8c454672878b2d295b6aaed50327b6,data/campaign/thermochemistry/Mn_macho_pnp_iPr__protonated_reference/hessian_01.npz,225b1c37226766d29d5aa0e6e70e09b4a30896ebaeaa07040fce9047f1731762,2,1,383.15,lowest G383.15 among eligible certificates; same geometry at all T,101325.0,1.0,100.0,0,1
Mn_macho_pnp_iPr|protonated_reference,Mn_macho_pnp_iPr,protonated_reference,440.0,-47749.501004233025,325.3974778817761,-47382.371500473564,256.14103323820615,243.19550299202166,-47486.24164841629,3.135873373767528,kcal/mol,cal/(mol K),1,C18H37MnNO2P2,GFN2-xTB/ALPB toluene gsolv + qRRHO + 1M,data/campaign/thermochemistry/Mn_macho_pnp_iPr__protonated_reference/result.json,34958185225e0a0f6e259c20a5f854a080032b7dda90619082b15749837e70a3,data/campaign/thermochemistry/Mn_macho_pnp_iPr__protonated_reference/result.json#/attempts/1/native_command,data/datasets/thermochemistry/export_protocol.json,data/campaign/thermochemistry/Mn_macho_pnp_iPr__protonated_reference/accepted_geometry.xyz,4d6ecfaf98a6ca62a7c7c64cfbe3f1c3eb8c454672878b2d295b6aaed50327b6,data/campaign/thermochemistry/Mn_macho_pnp_iPr__protonated_reference/hessian_01.npz,225b1c37226766d29d5aa0e6e70e09b4a30896ebaeaa07040fce9047f1731762,2,1,383.15,lowest G383.15 among eligible certificates; same geometry at all T,101325.0,1.0,100.0,0,1
Mn_pyridine_pnn_Ph|active,Mn_pyridine_pnn_Ph,active,298.15,-54064.87802669671,275.75648252415215,-53768.87332575667,201.7908997208405,187.36793634491627,-53822.84274753241,1.894328445494145,kcal/mol,cal/(mol K),0,C25H26MnN2O2P,GFN2-xTB/ALPB toluene gsolv + qRRHO + 1M,data/campaign/thermochemistry/Mn_pyridine_pnn_Ph__active/result.json,ce80a05bb137754aa01fc61cc381d998dfb582e79f2a09b5dd0681f3b1fcab2f,data/campaign/thermochemistry/Mn_pyridine_pnn_Ph__active/result.json#/attempts/0/native_command,data/datasets/thermochemistry/export_protocol.json,data/campaign/thermochemistry/Mn_pyridine_pnn_Ph__active/accepted_geometry.xyz,330f73d7aa8f9370604897da42b049aa9c4ff1819868444525b76b543f86ede1,data/campaign/thermochemistry/Mn_pyridine_pnn_Ph__active/hessian_00.npz,65906dbc6c039436e98e90353975afea571742211b14b4f33aa19ab9807ceb0b,0,0,383.15,lowest G383.15 among eligible certificates; same geometry at all T,101325.0,1.0,100.0,0,1
Mn_pyridine_pnn_Ph|active,Mn_pyridine_pnn_Ph,active,340.0,-54064.87802669671,275.75648252415215,-53763.48201404722,218.69148031575963,202.71318675235182,-53830.15552475866,2.248972784367174,kcal/mol,cal/(mol K),0,C25H26MnN2O2P,GFN2-xTB/ALPB toluene gsolv + qRRHO + 1M,data/campaign/thermochemistry/Mn_pyridine_pnn_Ph__active/result.json,ce80a05bb137754aa01fc61cc381d998dfb582e79f2a09b5dd0681f3b1fcab2f,data/campaign/thermochemistry/Mn_pyridine_pnn_Ph__active/result.json#/attempts/0/native_command,data/datasets/thermochemistry/export_protocol.json,data/campaign/thermochemistry/Mn_pyridine_pnn_Ph__active/accepted_geometry.xyz,330f73d7aa8f9370604897da42b049aa9c4ff1819868444525b76b543f86ede1,data/campaign/thermochemistry/Mn_pyridine_pnn_Ph__active/hessian_00.npz,65906dbc6c039436e98e90353975afea571742211b14b4f33aa19ab9807ceb0b,0,0,383.15,lowest G383.15 among eligible certificates; same geometry at all T,101325.0,1.0,100.0,0,1
Mn_pyridine_pnn_Ph|active,Mn_pyridine_pnn_Ph,active,350.0,-54064.87802669671,275.75648252415215,-53762.10689049787,222.67739453834992,206.35463207699294,-53831.99573122724,2.3352804975836268,kcal/mol,cal/(mol K),0,C25H26MnN2O2P,GFN2-xTB/ALPB toluene gsolv + qRRHO + 1M,data/campaign/thermochemistry/Mn_pyridine_pnn_Ph__active/result.json,ce80a05bb137754aa01fc61cc381d998dfb582e79f2a09b5dd0681f3b1fcab2f,data/campaign/thermochemistry/Mn_pyridine_pnn_Ph__active/result.json#/attempts/0/native_command,data/datasets/thermochemistry/export_protocol.json,data/campaign/thermochemistry/Mn_pyridine_pnn_Ph__active/accepted_geometry.xyz,330f73d7aa8f9370604897da42b049aa9c4ff1819868444525b76b543f86ede1,data/campaign/thermochemistry/Mn_pyridine_pnn_Ph__active/hessian_00.npz,65906dbc6c039436e98e90353975afea571742211b14b4f33aa19ab9807ceb0b,0,0,383.15,lowest G383.15 among eligible certificates; same geometry at all T,101325.0,1.0,100.0,0,1
Mn_pyridine_pnn_Ph|active,Mn_pyridine_pnn_Ph,active,360.0,-54064.87802669671,275.75648252415215,-53760.69911269393,226.6430136339955,209.98511006380332,-53833.871596256184,2.422156060718619,kcal/mol,cal/(mol K),0,C25H26MnN2O2P,GFN2-xTB/ALPB toluene gsolv + qRRHO + 1M,data/campaign/thermochemistry/Mn_pyridine_pnn_Ph__active/result.json,ce80a05bb137754aa01fc61cc381d998dfb582e79f2a09b5dd0681f3b1fcab2f,data/campaign/thermochemistry/Mn_pyridine_pnn_Ph__active/result.json#/attempts/0/native_command,data/datasets/thermochemistry/export_protocol.json,data/campaign/thermochemistry/Mn_pyridine_pnn_Ph__active/accepted_geometry.xyz,330f73d7aa8f9370604897da42b049aa9c4ff1819868444525b76b543f86ede1,data/campaign/thermochemistry/Mn_pyridine_pnn_Ph__active/hessian_00.npz,65906dbc6c039436e98e90353975afea571742211b14b4f33aa19ab9807ceb0b,0,0,383.15,lowest G383.15 among eligible certificates; same geometry at all T,101325.0,1.0,100.0,0,1
Mn_pyridine_pnn_Ph|active,Mn_pyridine_pnn_Ph,active,370.0,-54064.87802669671,275.75648252415215,-53759.25914878249,230.58816719834928,213.60396714878118,-53835.7830329315,2.509583696046293,kcal/mol,cal/(mol K),0,C25H26MnN2O2P,GFN2-xTB/ALPB toluene gsolv + qRRHO + 1M,data/campaign/thermochemistry/Mn_pyridine_pnn_Ph__active/result.json,ce80a05bb137754aa01fc61cc381d998dfb582e79f2a09b5dd0681f3b1fcab2f,data/campaign/thermochemistry/Mn_pyridine_pnn_Ph__active/result.json#/attempts/0/native_command,data/datasets/thermochemistry/export_protocol.json,data/campaign/thermochemistry/Mn_pyridine_pnn_Ph__active/accepted_geometry.xyz,330f73d7aa8f9370604897da42b049aa9c4ff1819868444525b76b543f86ede1,data/campaign/thermochemistry/Mn_pyridine_pnn_Ph__active/hessian_00.npz,65906dbc6c039436e98e90353975afea571742211b14b4f33aa19ab9807ceb0b,0,0,383.15,lowest G383.15 among eligible certificates; same geometry at all T,101325.0,1.0,100.0,0,1
Mn_pyridine_pnn_Ph|active,Mn_pyridine_pnn_Ph,active,380.0,-54064.87802669671,275.75648252415215,-53757.787490134884,234.51263649312597,217.21053738332472,-53837.72994586154,2.597548479011341,kcal/mol,cal/(mol K),0,C25H26MnN2O2P,GFN2-xTB/ALPB toluene gsolv + qRRHO + 1M,data/campaign/thermochemistry/Mn_pyridine_pnn_Ph__active/result.json,ce80a05bb137754aa01fc61cc381d998dfb582e79f2a09b5dd0681f3b1fcab2f,data/campaign/thermochemistry/Mn_pyridine_pnn_Ph__active/result.json#/attempts/0/native_command,data/datasets/thermochemistry/export_protocol.json,data/campaign/thermochemistry/Mn_pyridine_pnn_Ph__active/accepted_geometry.xyz,330f73d7aa8f9370604897da42b049aa9c4ff1819868444525b76b543f86ede1,data/campaign/thermochemistry/Mn_pyridine_pnn_Ph__active/hessian_00.npz,65906dbc6c039436e98e90353975afea571742211b14b4f33aa19ab9807ceb0b,0,0,383.15,lowest G383.15 among eligible certificates; same geometry at all T,101325.0,1.0,100.0,0,1
Mn_pyridine_pnn_Ph|active,Mn_pyridine_pnn_Ph,active,383.15,-54064.87802669671,275.75648252415215,-53757.317434467455,235.7445206936397,218.3439554822397,-53838.3505546549,2.625366355574337,kcal/mol,cal/(mol K),0,C25H26MnN2O2P,GFN2-xTB/ALPB toluene gsolv + qRRHO + 1M,data/campaign/thermochemistry/Mn_pyridine_pnn_Ph__active/result.json,ce80a05bb137754aa01fc61cc381d998dfb582e79f2a09b5dd0681f3b1fcab2f,data/campaign/thermochemistry/Mn_pyridine_pnn_Ph__active/result.json#/attempts/0/native_command,data/datasets/thermochemistry/export_protocol.json,data/campaign/thermochemistry/Mn_pyridine_pnn_Ph__active/accepted_geometry.xyz,330f73d7aa8f9370604897da42b049aa9c4ff1819868444525b76b543f86ede1,data/campaign/thermochemistry/Mn_pyridine_pnn_Ph__active/hessian_00.npz,65906dbc6c039436e98e90353975afea571742211b14b4f33aa19ab9807ceb0b,0,0,383.15,lowest G383.15 among eligible certificates; same geometry at all T,101325.0,1.0,100.0,0,1
Mn_pyridine_pnn_Ph|active,Mn_pyridine_pnn_Ph,active,390.0,-54064.87802669671,275.75648252415215,-53756.28464763753,238.41616910667844,220.80415367878598,-53839.71223130141,2.686036270841015,kcal/mol,cal/(mol K),0,C25H26MnN2O2P,GFN2-xTB/ALPB toluene gsolv + qRRHO + 1M,data/campaign/thermochemistry/Mn_pyridine_pnn_Ph__active/result.json,ce80a05bb137754aa01fc61cc381d998dfb582e79f2a09b5dd0681f3b1fcab2f,data/campaign/thermochemistry/Mn_pyridine_pnn_Ph__active/result.json#/attempts/0/native_command,data/datasets/thermochemistry/export_protocol.json,data/campaign/thermochemistry/Mn_pyridine_pnn_Ph__active/accepted_geometry.xyz,330f73d7aa8f9370604897da42b049aa9c4ff1819868444525b76b543f86ede1,data/campaign/thermochemistry/Mn_pyridine_pnn_Ph__active/hessian_00.npz,65906dbc6c039436e98e90353975afea571742211b14b4f33aa19ab9807ceb0b,0,0,383.15,lowest G383.15 among eligible certificates; same geometry at all T,101325.0,1.0,100.0,0,1
Mn_pyridine_pnn_Ph|active,Mn_pyridine_pnn_Ph,active,400.0,-54064.87802669671,275.75648252415215,-53754.751148102165,242.29849145630723,224.3841572810698,-53841.72977735652,2.775033658072708,kcal/mol,cal/(mol K),0,C25H26MnN2O2P,GFN2-xTB/ALPB toluene gsolv + qRRHO + 1M,data/campaign/thermochemistry/Mn_pyridine_pnn_Ph__active/result.json,ce80a05bb137754aa01fc61cc381d998dfb582e79f2a09b5dd0681f3b1fcab2f,data/campaign/thermochemistry/Mn_pyridine_pnn_Ph__active/result.json#/attempts/0/native_command,data/datasets/thermochemistry/export_protocol.json,data/campaign/thermochemistry/Mn_pyridine_pnn_Ph__active/accepted_geometry.xyz,330f73d7aa8f9370604897da42b049aa9c4ff1819868444525b76b543f86ede1,data/campaign/thermochemistry/Mn_pyridine_pnn_Ph__active/hessian_00.npz,65906dbc6c039436e98e90353975afea571742211b14b4f33aa19ab9807ceb0b,0,0,383.15,lowest G383.15 among eligible certificates; same geometry at all T,101325.0,1.0,100.0,0,1
Mn_pyridine_pnn_Ph|active,Mn_pyridine_pnn_Ph,active,410.0,-54064.87802669671,275.75648252415215,-53753.18753085012,246.15931931714192,227.94990560953391,-53843.78246425189,2.8645278981321125,kcal/mol,cal/(mol K),0,C25H26MnN2O2P,GFN2-xTB/ALPB toluene gsolv + qRRHO + 1M,data/campaign/thermochemistry/Mn_pyridine_pnn_Ph__active/result.json,ce80a05bb137754aa01fc61cc381d998dfb582e79f2a09b5dd0681f3b1fcab2f,data/campaign/thermochemistry/Mn_pyridine_pnn_Ph__active/result.json#/attempts/0/native_command,data/datasets/thermochemistry/export_protocol.json,data/campaign/thermochemistry/Mn_pyridine_pnn_Ph__active/accepted_geometry.xyz,330f73d7aa8f9370604897da42b049aa9c4ff1819868444525b76b543f86ede1,data/campaign/thermochemistry/Mn_pyridine_pnn_Ph__active/hessian_00.npz,65906dbc6c039436e98e90353975afea571742211b14b4f33aa19ab9807ceb0b,0,0,383.15,lowest G383.15 among eligible certificates; same geometry at all T,101325.0,1.0,100.0,0,1
Mn_pyridine_pnn_Ph|active,Mn_pyridine_pnn_Ph,active,420.0,-54064.87802669671,275.75648252415215,-53751.59434450969,249.9983665682961,231.50077860762084,-53845.870164654676,2.954506870223601,kcal/mol,cal/(mol K),0,C25H26MnN2O2P,GFN2-xTB/ALPB toluene gsolv + qRRHO + 1M,data/campaign/thermochemistry/Mn_pyridine_pnn_Ph__active/result.json,ce80a05bb137754aa01fc61cc381d998dfb582e79f2a09b5dd0681f3b1fcab2f,data/campaign/thermochemistry/Mn_pyridine_pnn_Ph__active/result.json#/attempts/0/native_command,data/datasets/thermochemistry/export_protocol.json,data/campaign/thermochemistry/Mn_pyridine_pnn_Ph__active/accepted_geometry.xyz,330f73d7aa8f9370604897da42b049aa9c4ff1819868444525b76b543f86ede1,data/campaign/thermochemistry/Mn_pyridine_pnn_Ph__active/hessian_00.npz,65906dbc6c039436e98e90353975afea571742211b14b4f33aa19ab9807ceb0b,0,0,383.15,lowest G383.15 among eligible certificates; same geometry at all T,101325.0,1.0,100.0,0,1
Mn_pyridine_pnn_Ph|active,Mn_pyridine_pnn_Ph,active,430.0,-54064.87802669671,275.75648252415215,-53749.97214405312,253.81535234631102,235.03618375813485,-53847.992744038216,3.044959030900024,kcal/mol,cal/(mol K),0,C25H26MnN2O2P,GFN2-xTB/ALPB toluene gsolv + qRRHO + 1M,data/campaign/thermochemistry/Mn_pyridine_pnn_Ph__active/result.json,ce80a05bb137754aa01fc61cc381d998dfb582e79f2a09b5dd0681f3b1fcab2f,data/campaign/thermochemistry/Mn_pyridine_pnn_Ph__active/result.json#/attempts/0/native_command,data/datasets/thermochemistry/export_protocol.json,data/campaign/thermochemistry/Mn_pyridine_pnn_Ph__active/accepted_geometry.xyz,330f73d7aa8f9370604897da42b049aa9c4ff1819868444525b76b543f86ede1,data/campaign/thermochemistry/Mn_pyridine_pnn_Ph__active/hessian_00.npz,65906dbc6c039436e98e90353975afea571742211b14b4f33aa19ab9807ceb0b,0,0,383.15,lowest G383.15 among eligible certificates; same geometry at all T,101325.0,1.0,100.0,0,1
Mn_pyridine_pnn_Ph|active,Mn_pyridine_pnn_Ph,active,440.0,-54064.87802669671,275.75648252415215,-53748.32148808807,257.61000679030695,238.55555991569975,-53850.15006107721,3.135873373767528,kcal/mol,cal/(mol K),0,C25H26MnN2O2P,GFN2-xTB/ALPB toluene gsolv + qRRHO + 1M,data/campaign/thermochemistry/Mn_pyridine_pnn_Ph__active/result.json,ce80a05bb137754aa01fc61cc381d998dfb582e79f2a09b5dd0681f3b1fcab2f,data/campaign/thermochemistry/Mn_pyridine_pnn_Ph__active/result.json#/attempts/0/native_command,data/datasets/thermochemistry/export_protocol.json,data/campaign/thermochemistry/Mn_pyridine_pnn_Ph__active/accepted_geometry.xyz,330f73d7aa8f9370604897da42b049aa9c4ff1819868444525b76b543f86ede1,data/campaign/thermochemistry/Mn_pyridine_pnn_Ph__active/hessian_00.npz,65906dbc6c039436e98e90353975afea571742211b14b4f33aa19ab9807ceb0b,0,0,383.15,lowest G383.15 among eligible certificates; same geometry at all T,101325.0,1.0,100.0,0,1
Mn_pyridine_pnn_Ph|hydrogenated,Mn_pyridine_pnn_Ph,hydrogenated,298.15,-54742.83880497239,288.8128889186784,-54433.73913555476,201.17045213791513,187.385340830218,-54487.71374647779,1.894328445494145,kcal/mol,cal/(mol K),0,C25H28MnN2O2P,GFN2-xTB/ALPB toluene gsolv + qRRHO + 1M,data/campaign/thermochemistry/Mn_pyridine_pnn_Ph__hydrogenated/result.json,c3b183bfcd9ea18e10c3601adc1ed7f28e6293862a934a4303294a3b7d4cf5b0,data/campaign/thermochemistry/Mn_pyridine_pnn_Ph__hydrogenated/result.json#/attempts/0/native_command,data/datasets/thermochemistry/export_protocol.json,data/campaign/thermochemistry/Mn_pyridine_pnn_Ph__hydrogenated/accepted_geometry.xyz,879ca1f632c36ce52e15780bea4d97ef6fef912e43527daacd54fa5f9a5595da,data/campaign/thermochemistry/Mn_pyridine_pnn_Ph__hydrogenated/hessian_00.npz,e41c41fefc2d827bb233a56a677ec064bc3a977d89b0a332a66db197d13ba24f,0,0,383.15,lowest G383.15 among eligible certificates; same geometry at all T,101325.0,1.0,100.0,0,1
Mn_pyridine_pnn_Ph|hydrogenated,Mn_pyridine_pnn_Ph,hydrogenated,340.0,-54742.83880497239,288.8128889186784,-54428.28205649062,218.27652491109947,202.97536762649622,-54495.044708699264,2.248972784367174,kcal/mol,cal/(mol K),0,C25H28MnN2O2P,GFN2-xTB/ALPB toluene gsolv + qRRHO + 1M,data/campaign/thermochemistry/Mn_pyridine_pnn_Ph__hydrogenated/result.json,c3b183bfcd9ea18e10c3601adc1ed7f28e6293862a934a4303294a3b7d4cf5b0,data/campaign/thermochemistry/Mn_pyridine_pnn_Ph__hydrogenated/result.json#/attempts/0/native_command,data/datasets/thermochemistry/export_protocol.json,data/campaign/thermochemistry/Mn_pyridine_pnn_Ph__hydrogenated/accepted_geometry.xyz,879ca1f632c36ce52e15780bea4d97ef6fef912e43527daacd54fa5f9a5595da,data/campaign/thermochemistry/Mn_pyridine_pnn_Ph__hydrogenated/hessian_00.npz,e41c41fefc2d827bb233a56a677ec064bc3a977d89b0a332a66db197d13ba24f,0,0,383.15,lowest G383.15 among eligible certificates; same geometry at all T,101325.0,1.0,100.0,0,1
Mn_pyridine_pnn_Ph|hydrogenated,Mn_pyridine_pnn_Ph,hydrogenated,350.0,-54742.83880497239,288.8128889186784,-54426.88719417078,222.31964596523687,206.68267882473793,-54496.89085126186,2.3352804975836268,kcal/mol,cal/(mol K),0,C25H28MnN2O2P,GFN2-xTB/ALPB toluene gsolv + qRRHO + 1M,data/campaign/thermochemistry/Mn_pyridine_pnn_Ph__hydrogenated/result.json,c3b183bfcd9ea18e10c3601adc1ed7f28e6293862a934a4303294a3b7d4cf5b0,data/campaign/thermochemistry/Mn_pyridine_pnn_Ph__hydrogenated/result.json#/attempts/0/native_command,data/datasets/thermochemistry/export_protocol.json,data/campaign/thermochemistry/Mn_pyridine_pnn_Ph__hydrogenated/accepted_geometry.xyz,879ca1f632c36ce52e15780bea4d97ef6fef912e43527daacd54fa5f9a5595da,data/campaign/thermochemistry/Mn_pyridine_pnn_Ph__hydrogenated/hessian_00.npz,e41c41fefc2d827bb233a56a677ec064bc3a977d89b0a332a66db197d13ba24f,0,0,383.15,lowest G383.15 among eligible certificates; same geometry at all T,101325.0,1.0,100.0,0,1
Mn_pyridine_pnn_Ph|hydrogenated,Mn_pyridine_pnn_Ph,hydrogenated,360.0,-54742.83880497239,288.8128889186784,-54425.45810466635,226.3452915813602,210.38159509713677,-54498.7733228406,2.422156060718619,kcal/mol,cal/(mol K),0,C25H28MnN2O2P,GFN2-xTB/ALPB toluene gsolv + qRRHO + 1M,data/campaign/thermochemistry/Mn_pyridine_pnn_Ph__hydrogenated/result.json,c3b183bfcd9ea18e10c3601adc1ed7f28e6293862a934a4303294a3b7d4cf5b0,data/campaign/thermochemistry/Mn_pyridine_pnn_Ph__hydrogenated/result.json#/attempts/0/native_command,data/datasets/thermochemistry/export_protocol.json,data/campaign/thermochemistry/Mn_pyridine_pnn_Ph__hydrogenated/accepted_geometry.xyz,879ca1f632c36ce52e15780bea4d97ef6fef912e43527daacd54fa5f9a5595da,data/campaign/thermochemistry/Mn_pyridine_pnn_Ph__hydrogenated/hessian_00.npz,e41c41fefc2d827bb233a56a677ec064bc3a977d89b0a332a66db197d13ba24f,0,0,383.15,lowest G383.15 among eligible certificates; same geometry at all T,101325.0,1.0,100.0,0,1
Mn_pyridine_pnn_Ph|hydrogenated,Mn_pyridine_pnn_Ph,hydrogenated,370.0,-54742.83880497239,288.8128889186784,-54423.99525588296,230.35313751437712,214.07132281950834,-54500.692061630136,2.509583696046293,kcal/mol,cal/(mol K),0,C25H28MnN2O2P,GFN2-xTB/ALPB toluene gsolv + qRRHO + 1M,data/campaign/thermochemistry/Mn_pyridine_pnn_Ph__hydrogenated/result.json,c3b183bfcd9ea18e10c3601adc1ed7f28e6293862a934a4303294a3b7d4cf5b0,data/campaign/thermochemistry/Mn_pyridine_pnn_Ph__hydrogenated/result.json#/attempts/0/native_command,data/datasets/thermochemistry/export_protocol.json,data/campaign/thermochemistry/Mn_pyridine_pnn_Ph__hydrogenated/accepted_geometry.xyz,879ca1f632c36ce52e15780bea4d97ef6fef912e43527daacd54fa5f9a5595da,data/campaign/thermochemistry/Mn_pyridine_pnn_Ph__hydrogenated/hessian_00.npz,e41c41fefc2d827bb233a56a677ec064bc3a977d89b0a332a66db197d13ba24f,0,0,383.15,lowest G383.15 among eligible certificates; same geometry at all T,101325.0,1.0,100.0,0,1
Mn_pyridine_pnn_Ph|hydrogenated,Mn_pyridine_pnn_Ph,hydrogenated,380.0,-54742.83880497239,288.8128889186784,-54422.49914347171,234.34281143251695,217.7510551064511,-54502.64699593315,2.597548479011341,kcal/mol,cal/(mol K),0,C25H28MnN2O2P,GFN2-xTB/ALPB toluene gsolv + qRRHO + 1M,data/campaign/thermochemistry/Mn_pyridine_pnn_Ph__hydrogenated/result.json,c3b183bfcd9ea18e10c3601adc1ed7f28e6293862a934a4303294a3b7d4cf5b0,data/campaign/thermochemistry/Mn_pyridine_pnn_Ph__hydrogenated/result.json#/attempts/0/native_command,data/datasets/thermochemistry/export_protocol.json,data/campaign/thermochemistry/Mn_pyridine_pnn_Ph__hydrogenated/accepted_geometry.xyz,879ca1f632c36ce52e15780bea4d97ef6fef912e43527daacd54fa5f9a5595da,data/campaign/thermochemistry/Mn_pyridine_pnn_Ph__hydrogenated/hessian_00.npz,e41c41fefc2d827bb233a56a677ec064bc3a977d89b0a332a66db197d13ba24f,0,0,383.15,lowest G383.15 among eligible certificates; same geometry at all T,101325.0,1.0,100.0,0,1
Mn_pyridine_pnn_Ph|hydrogenated,Mn_pyridine_pnn_Ph,hydrogenated,383.15,-54742.83880497239,288.8128889186784,-54422.02106115181,235.59573105623275,218.90797136785062,-54503.27028402583,2.625366355574337,kcal/mol,cal/(mol K),0,C25H28MnN2O2P,GFN2-xTB/ALPB toluene gsolv + qRRHO + 1M,data/campaign/thermochemistry/Mn_pyridine_pnn_Ph__hydrogenated/result.json,c3b183bfcd9ea18e10c3601adc1ed7f28e6293862a934a4303294a3b7d4cf5b0,data/campaign/thermochemistry/Mn_pyridine_pnn_Ph__hydrogenated/result.json#/attempts/0/native_command,data/datasets/thermochemistry/export_protocol.json,data/campaign/thermochemistry/Mn_pyridine_pnn_Ph__hydrogenated/accepted_geometry.xyz,879ca1f632c36ce52e15780bea4d97ef6fef912e43527daacd54fa5f9a5595da,data/campaign/thermochemistry/Mn_pyridine_pnn_Ph__hydrogenated/hessian_00.npz,e41c41fefc2d827bb233a56a677ec064bc3a977d89b0a332a66db197d13ba24f,0,0,383.15,lowest G383.15 among eligible certificates; same geometry at all T,101325.0,1.0,100.0,0,1
Mn_pyridine_pnn_Ph|hydrogenated,Mn_pyridine_pnn_Ph,hydrogenated,390.0,-54742.83880497239,288.8128889186784,-54420.97028657588,238.3139089660943,221.41998456335995,-54504.63804428475,2.686036270841015,kcal/mol,cal/(mol K),0,C25H28MnN2O2P,GFN2-xTB/ALPB toluene gsolv + qRRHO + 1M,data/campaign/thermochemistry/Mn_pyridine_pnn_Ph__hydrogenated/result.json,c3b183bfcd9ea18e10c3601adc1ed7f28e6293862a934a4303294a3b7d4cf5b0,data/campaign/thermochemistry/Mn_pyridine_pnn_Ph__hydrogenated/result.json#/attempts/0/native_command,data/datasets/thermochemistry/export_protocol.json,data/campaign/thermochemistry/Mn_pyridine_pnn_Ph__hydrogenated/accepted_geometry.xyz,879ca1f632c36ce52e15780bea4d97ef6fef912e43527daacd54fa5f9a5595da,data/campaign/thermochemistry/Mn_pyridine_pnn_Ph__hydrogenated/hessian_00.npz,e41c41fefc2d827bb233a56a677ec064bc3a977d89b0a332a66db197d13ba24f,0,0,383.15,lowest G383.15 among eligible certificates; same geometry at all T,101325.0,1.0,100.0,0,1
Mn_pyridine_pnn_Ph|hydrogenated,Mn_pyridine_pnn_Ph,hydrogenated,400.0,-54742.83880497239,288.8128889186784,-54419.40922373444,242.26600732780176,225.07731398283315,-54506.6651156695,2.775033658072708,kcal/mol,cal/(mol K),0,C25H28MnN2O2P,GFN2-xTB/ALPB toluene gsolv + qRRHO + 1M,data/campaign/thermochemistry/Mn_pyridine_pnn_Ph__hydrogenated/result.json,c3b183bfcd9ea18e10c3601adc1ed7f28e6293862a934a4303294a3b7d4cf5b0,data/campaign/thermochemistry/Mn_pyridine_pnn_Ph__hydrogenated/result.json#/attempts/0/native_command,data/datasets/thermochemistry/export_protocol.json,data/campaign/thermochemistry/Mn_pyridine_pnn_Ph__hydrogenated/accepted_geometry.xyz,879ca1f632c36ce52e15780bea4d97ef6fef912e43527daacd54fa5f9a5595da,data/campaign/thermochemistry/Mn_pyridine_pnn_Ph__hydrogenated/hessian_00.npz,e41c41fefc2d827bb233a56a677ec064bc3a977d89b0a332a66db197d13ba24f,0,0,383.15,lowest G383.15 among eligible certificates; same geometry at all T,101325.0,1.0,100.0,0,1
Mn_pyridine_pnn_Ph|hydrogenated,Mn_pyridine_pnn_Ph,hydrogenated,410.0,-54742.83880497239,288.8128889186784,-54417.81650899736,246.19867672768436,228.72226516038725,-54508.72810981498,2.8645278981321125,kcal/mol,cal/(mol K),0,C25H28MnN2O2P,GFN2-xTB/ALPB toluene gsolv + qRRHO + 1M,data/campaign/thermochemistry/Mn_pyridine_pnn_Ph__hydrogenated/result.json,c3b183bfcd9ea18e10c3601adc1ed7f28e6293862a934a4303294a3b7d4cf5b0,data/campaign/thermochemistry/Mn_pyridine_pnn_Ph__hydrogenated/result.json#/attempts/0/native_command,data/datasets/thermochemistry/export_protocol.json,data/campaign/thermochemistry/Mn_pyridine_pnn_Ph__hydrogenated/accepted_geometry.xyz,879ca1f632c36ce52e15780bea4d97ef6fef912e43527daacd54fa5f9a5595da,data/campaign/thermochemistry/Mn_pyridine_pnn_Ph__hydrogenated/hessian_00.npz,e41c41fefc2d827bb233a56a677ec064bc3a977d89b0a332a66db197d13ba24f,0,0,383.15,lowest G383.15 among eligible certificates; same geometry at all T,101325.0,1.0,100.0,0,1
Mn_pyridine_pnn_Ph|hydrogenated,Mn_pyridine_pnn_Ph,hydrogenated,420.0,-54742.83880497239,288.8128889186784,-54416.192708292205,250.111489807196,232.35408601254824,-54510.82691754725,2.954506870223601,kcal/mol,cal/(mol K),0,C25H28MnN2O2P,GFN2-xTB/ALPB toluene gsolv + qRRHO + 1M,data/campaign/thermochemistry/Mn_pyridine_pnn_Ph__hydrogenated/result.json,c3b183bfcd9ea18e10c3601adc1ed7f28e6293862a934a4303294a3b7d4cf5b0,data/campaign/thermochemistry/Mn_pyridine_pnn_Ph__hydrogenated/result.json#/attempts/0/native_command,data/datasets/thermochemistry/export_protocol.json,data/campaign/thermochemistry/Mn_pyridine_pnn_Ph__hydrogenated/accepted_geometry.xyz,879ca1f632c36ce52e15780bea4d97ef6fef912e43527daacd54fa5f9a5595da,data/campaign/thermochemistry/Mn_pyridine_pnn_Ph__hydrogenated/hessian_00.npz,e41c41fefc2d827bb233a56a677ec064bc3a977d89b0a332a66db197d13ba24f,0,0,383.15,lowest G383.15 among eligible certificates; same geometry at all T,101325.0,1.0,100.0,0,1
Mn_pyridine_pnn_Ph|hydrogenated,Mn_pyridine_pnn_Ph,hydrogenated,430.0,-54742.83880497239,288.8128889186784,-54414.53839606734,254.0040293119154,235.97205618140572,-54512.96142119445,3.044959030900024,kcal/mol,cal/(mol K),0,C25H28MnN2O2P,GFN2-xTB/ALPB toluene gsolv + qRRHO + 1M,data/campaign/thermochemistry/Mn_pyridine_pnn_Ph__hydrogenated/result.json,c3b183bfcd9ea18e10c3601adc1ed7f28e6293862a934a4303294a3b7d4cf5b0,data/campaign/thermochemistry/Mn_pyridine_pnn_Ph__hydrogenated/result.json#/attempts/0/native_command,data/datasets/thermochemistry/export_protocol.json,data/campaign/thermochemistry/Mn_pyridine_pnn_Ph__hydrogenated/accepted_geometry.xyz,879ca1f632c36ce52e15780bea4d97ef6fef912e43527daacd54fa5f9a5595da,data/campaign/thermochemistry/Mn_pyridine_pnn_Ph__hydrogenated/hessian_00.npz,e41c41fefc2d827bb233a56a677ec064bc3a977d89b0a332a66db197d13ba24f,0,0,383.15,lowest G383.15 among eligible certificates; same geometry at all T,101325.0,1.0,100.0,0,1
Mn_pyridine_pnn_Ph|hydrogenated,Mn_pyridine_pnn_Ph,hydrogenated,440.0,-54742.83880497239,288.8128889186784,-54412.85415222598,257.87589421321536,239.57549130538803,-54515.13149502658,3.135873373767528,kcal/mol,cal/(mol K),0,C25H28MnN2O2P,GFN2-xTB/ALPB toluene gsolv + qRRHO + 1M,data/campaign/thermochemistry/Mn_pyridine_pnn_Ph__hydrogenated/result.json,c3b183bfcd9ea18e10c3601adc1ed7f28e6293862a934a4303294a3b7d4cf5b0,data/campaign/thermochemistry/Mn_pyridine_pnn_Ph__hydrogenated/result.json#/attempts/0/native_command,data/datasets/thermochemistry/export_protocol.json,data/campaign/thermochemistry/Mn_pyridine_pnn_Ph__hydrogenated/accepted_geometry.xyz,879ca1f632c36ce52e15780bea4d97ef6fef912e43527daacd54fa5f9a5595da,data/campaign/thermochemistry/Mn_pyridine_pnn_Ph__hydrogenated/hessian_00.npz,e41c41fefc2d827bb233a56a677ec064bc3a977d89b0a332a66db197d13ba24f,0,0,383.15,lowest G383.15 among eligible certificates; same geometry at all T,101325.0,1.0,100.0,0,1
Mn_pyridine_pnn_Ph|protonated_reference,Mn_pyridine_pnn_Ph,protonated_reference,298.15,-54199.09100744343,283.7688310452803,-53895.16446716861,203.26607748128026,187.58361765257757,-53949.19819432623,1.894328445494145,kcal/mol,cal/(mol K),1,C25H27MnN2O2P,GFN2-xTB/ALPB toluene gsolv + qRRHO + 1M,data/campaign/thermochemistry/Mn_pyridine_pnn_Ph__protonated_reference/result.json,6469edf4c7184f19aa31f2e0dea04097906acb96c5983e6263f2f874723a1473,data/campaign/thermochemistry/Mn_pyridine_pnn_Ph__protonated_reference/result.json#/attempts/0/native_command,data/datasets/thermochemistry/export_protocol.json,data/campaign/thermochemistry/Mn_pyridine_pnn_Ph__protonated_reference/accepted_geometry.xyz,71b957adc5d9b5f4a4698c955344d027111295447059c28aa0930f8481c5d4ee,data/campaign/thermochemistry/Mn_pyridine_pnn_Ph__protonated_reference/hessian_00.npz,3b6f3685e7342920f4f642464a92abeb1cec39fdca885d22cc2edfd8c9f8e8eb,0,0,383.15,lowest G383.15 among eligible certificates; same geometry at all T,101325.0,1.0,100.0,0,1
Mn_pyridine_pnn_Ph|protonated_reference,Mn_pyridine_pnn_Ph,protonated_reference,340.0,-54199.09100744343,283.7688310452803,-53889.76804246762,220.18224331962003,202.95097197177049,-53956.52240015366,2.248972784367174,kcal/mol,cal/(mol K),1,C25H27MnN2O2P,GFN2-xTB/ALPB toluene gsolv + qRRHO + 1M,data/campaign/thermochemistry/Mn_pyridine_pnn_Ph__protonated_reference/result.json,6469edf4c7184f19aa31f2e0dea04097906acb96c5983e6263f2f874723a1473,data/campaign/thermochemistry/Mn_pyridine_pnn_Ph__protonated_reference/result.json#/attempts/0/native_command,data/datasets/thermochemistry/export_protocol.json,data/campaign/thermochemistry/Mn_pyridine_pnn_Ph__protonated_reference/accepted_geometry.xyz,71b957adc5d9b5f4a4698c955344d027111295447059c28aa0930f8481c5d4ee,data/campaign/thermochemistry/Mn_pyridine_pnn_Ph__protonated_reference/hessian_00.npz,3b6f3685e7342920f4f642464a92abeb1cec39fdca885d22cc2edfd8c9f8e8eb,0,0,383.15,lowest G383.15 among eligible certificates; same geometry at all T,101325.0,1.0,100.0,0,1
Mn_pyridine_pnn_Ph|protonated_reference,Mn_pyridine_pnn_Ph,protonated_reference,350.0,-54199.09100744343,283.7688310452803,-53888.38966919103,224.17757211419826,206.60331408092486,-53958.36554862177,2.3352804975836268,kcal/mol,cal/(mol K),1,C25H27MnN2O2P,GFN2-xTB/ALPB toluene gsolv + qRRHO + 1M,data/campaign/thermochemistry/Mn_pyridine_pnn_Ph__protonated_reference/result.json,6469edf4c7184f19aa31f2e0dea04097906acb96c5983e6263f2f874723a1473,data/campaign/thermochemistry/Mn_pyridine_pnn_Ph__protonated_reference/result.json#/attempts/0/native_command,data/datasets/thermochemistry/export_protocol.json,data/campaign/thermochemistry/Mn_pyridine_pnn_Ph__protonated_reference/accepted_geometry.xyz,71b957adc5d9b5f4a4698c955344d027111295447059c28aa0930f8481c5d4ee,data/campaign/thermochemistry/Mn_pyridine_pnn_Ph__protonated_reference/hessian_00.npz,3b6f3685e7342920f4f642464a92abeb1cec39fdca885d22cc2edfd8c9f8e8eb,0,0,383.15,lowest G383.15 among eligible certificates; same geometry at all T,101325.0,1.0,100.0,0,1
Mn_pyridine_pnn_Ph|protonated_reference,Mn_pyridine_pnn_Ph,protonated_reference,360.0,-54199.09100744343,283.7688310452803,-53886.977841805834,228.1545939356905,210.2466485438089,-53960.244479220884,2.422156060718619,kcal/mol,cal/(mol K),1,C25H27MnN2O2P,GFN2-xTB/ALPB toluene gsolv + qRRHO + 1M,data/campaign/thermochemistry/Mn_pyridine_pnn_Ph__protonated_reference/result.json,6469edf4c7184f19aa31f2e0dea04097906acb96c5983e6263f2f874723a1473,data/campaign/thermochemistry/Mn_pyridine_pnn_Ph__protonated_reference/result.json#/attempts/0/native_command,data/datasets/thermochemistry/export_protocol.json,data/campaign/thermochemistry/Mn_pyridine_pnn_Ph__protonated_reference/accepted_geometry.xyz,71b957adc5d9b5f4a4698c955344d027111295447059c28aa0930f8481c5d4ee,data/campaign/thermochemistry/Mn_pyridine_pnn_Ph__protonated_reference/hessian_00.npz,3b6f3685e7342920f4f642464a92abeb1cec39fdca885d22cc2edfd8c9f8e8eb,0,0,383.15,lowest G383.15 among eligible certificates; same geometry at all T,101325.0,1.0,100.0,0,1
Mn_pyridine_pnn_Ph|protonated_reference,Mn_pyridine_pnn_Ph,protonated_reference,370.0,-54199.09100744343,283.7688310452803,-53885.53302657996,232.11303458877637,213.8802185158253,-53962.15912373477,2.509583696046293,kcal/mol,cal/(mol K),1,C25H27MnN2O2P,GFN2-xTB/ALPB toluene gsolv + qRRHO + 1M,data/campaign/thermochemistry/Mn_pyridine_pnn_Ph__protonated_reference/result.json,6469edf4c7184f19aa31f2e0dea04097906acb96c5983e6263f2f874723a1473,data/campaign/thermochemistry/Mn_pyridine_pnn_Ph__protonated_reference/result.json#/attempts/0/native_command,data/datasets/thermochemistry/export_protocol.json,data/campaign/thermochemistry/Mn_pyridine_pnn_Ph__protonated_reference/accepted_geometry.xyz,71b957adc5d9b5f4a4698c955344d027111295447059c28aa0930f8481c5d4ee,data/campaign/thermochemistry/Mn_pyridine_pnn_Ph__protonated_reference/hessian_00.npz,3b6f3685e7342920f4f642464a92abeb1cec39fdca885d22cc2edfd8c9f8e8eb,0,0,383.15,lowest G383.15 among eligible certificates; same geometry at all T,101325.0,1.0,100.0,0,1
Mn_pyridine_pnn_Ph|protonated_reference,Mn_pyridine_pnn_Ph,protonated_reference,380.0,-54199.09100744343,283.7688310452803,-53884.05571600325,236.0525718512279,217.50325514066154,-53964.10940447769,2.597548479011341,kcal/mol,cal/(mol K),1,C25H27MnN2O2P,GFN2-xTB/ALPB toluene gsolv + qRRHO + 1M,data/campaign/thermochemistry/Mn_pyridine_pnn_Ph__protonated_reference/result.json,6469edf4c7184f19aa31f2e0dea04097906acb96c5983e6263f2f874723a1473,data/campaign/thermochemistry/Mn_pyridine_pnn_Ph__protonated_reference/result.json#/attempts/0/native_command,data/datasets/thermochemistry/export_protocol.json,data/campaign/thermochemistry/Mn_pyridine_pnn_Ph__protonated_reference/accepted_geometry.xyz,71b957adc5d9b5f4a4698c955344d027111295447059c28aa0930f8481c5d4ee,data/campaign/thermochemistry/Mn_pyridine_pnn_Ph__protonated_reference/hessian_00.npz,3b6f3685e7342920f4f642464a92abeb1cec39fdca885d22cc2edfd8c9f8e8eb,0,0,383.15,lowest G383.15 among eligible certificates; same geometry at all T,101325.0,1.0,100.0,0,1
Mn_pyridine_pnn_Ph|protonated_reference,Mn_pyridine_pnn_Ph,protonated_reference,383.15,-54199.09100744343,283.7688310452803,-53883.583714690016,237.28955492479582,218.6422070443806,-53964.7311099635,2.625366355574337,kcal/mol,cal/(mol K),1,C25H27MnN2O2P,GFN2-xTB/ALPB toluene gsolv + qRRHO + 1M,data/campaign/thermochemistry/Mn_pyridine_pnn_Ph__protonated_reference/result.json,6469edf4c7184f19aa31f2e0dea04097906acb96c5983e6263f2f874723a1473,data/campaign/thermochemistry/Mn_pyridine_pnn_Ph__protonated_reference/result.json#/attempts/0/native_command,data/datasets/thermochemistry/export_protocol.json,data/campaign/thermochemistry/Mn_pyridine_pnn_Ph__protonated_reference/accepted_geometry.xyz,71b957adc5d9b5f4a4698c955344d027111295447059c28aa0930f8481c5d4ee,data/campaign/thermochemistry/Mn_pyridine_pnn_Ph__protonated_reference/hessian_00.npz,3b6f3685e7342920f4f642464a92abeb1cec39fdca885d22cc2edfd8c9f8e8eb,0,0,383.15,lowest G383.15 among eligible certificates; same geometry at all T,101325.0,1.0,100.0,0,1
Mn_pyridine_pnn_Ph|protonated_reference,Mn_pyridine_pnn_Ph,protonated_reference,390.0,-54199.09100744343,283.7688310452803,-53882.546424673405,239.97285115462194,221.11498979500257,-53966.09523442262,2.686036270841015,kcal/mol,cal/(mol K),1,C25H27MnN2O2P,GFN2-xTB/ALPB toluene gsolv + qRRHO + 1M,data/campaign/thermochemistry/Mn_pyridine_pnn_Ph__protonated_reference/result.json,6469edf4c7184f19aa31f2e0dea04097906acb96c5983e6263f2f874723a1473,data/campaign/thermochemistry/Mn_pyridine_pnn_Ph__protonated_reference/result.json#/attempts/0/native_command,data/datasets/thermochemistry/export_protocol.json,data/campaign/thermochemistry/Mn_pyridine_pnn_Ph__protonated_reference/accepted_geometry.xyz,71b957adc5d9b5f4a4698c955344d027111295447059c28aa0930f8481c5d4ee,data/campaign/thermochemistry/Mn_pyridine_pnn_Ph__protonated_reference/hessian_00.npz,3b6f3685e7342920f4f642464a92abeb1cec39fdca885d22cc2edfd8c9f8e8eb,0,0,383.15,lowest G383.15 among eligible certificates; same geometry at all T,101325.0,1.0,100.0,0,1
Mn_pyridine_pnn_Ph|protonated_reference,Mn_pyridine_pnn_Ph,protonated_reference,400.0,-54199.09100744343,283.7688310452803,-53881.00568532891,243.87349890807982,224.71466436899772,-53968.11651741844,2.775033658072708,kcal/mol,cal/(mol K),1,C25H27MnN2O2P,GFN2-xTB/ALPB toluene gsolv + qRRHO + 1M,data/campaign/thermochemistry/Mn_pyridine_pnn_Ph__protonated_reference/result.json,6469edf4c7184f19aa31f2e0dea04097906acb96c5983e6263f2f874723a1473,data/campaign/thermochemistry/Mn_pyridine_pnn_Ph__protonated_reference/result.json#/attempts/0/native_command,data/datasets/thermochemistry/export_protocol.json,data/campaign/thermochemistry/Mn_pyridine_pnn_Ph__protonated_reference/accepted_geometry.xyz,71b957adc5d9b5f4a4698c955344d027111295447059c28aa0930f8481c5d4ee,data/campaign/thermochemistry/Mn_pyridine_pnn_Ph__protonated_reference/hessian_00.npz,3b6f3685e7342920f4f642464a92abeb1cec39fdca885d22cc2edfd8c9f8e8eb,0,0,383.15,lowest G383.15 among eligible certificates; same geometry at all T,101325.0,1.0,100.0,0,1
Mn_pyridine_pnn_Ph|protonated_reference,Mn_pyridine_pnn_Ph,protonated_reference,410.0,-54199.09100744343,283.7688310452803,-53879.4340450861,247.75413367225474,228.3015397381573,-53970.17314848061,2.8645278981321125,kcal/mol,cal/(mol K),1,C25H27MnN2O2P,GFN2-xTB/ALPB toluene gsolv + qRRHO + 1M,data/campaign/thermochemistry/Mn_pyridine_pnn_Ph__protonated_reference/result.json,6469edf4c7184f19aa31f2e0dea04097906acb96c5983e6263f2f874723a1473,data/campaign/thermochemistry/Mn_pyridine_pnn_Ph__protonated_reference/result.json#/attempts/0/native_command,data/datasets/thermochemistry/export_protocol.json,data/campaign/thermochemistry/Mn_pyridine_pnn_Ph__protonated_reference/accepted_geometry.xyz,71b957adc5d9b5f4a4698c955344d027111295447059c28aa0930f8481c5d4ee,data/campaign/thermochemistry/Mn_pyridine_pnn_Ph__protonated_reference/hessian_00.npz,3b6f3685e7342920f4f642464a92abeb1cec39fdca885d22cc2edfd8c9f8e8eb,0,0,383.15,lowest G383.15 among eligible certificates; same geometry at all T,101325.0,1.0,100.0,0,1
Mn_pyridine_pnn_Ph|protonated_reference,Mn_pyridine_pnn_Ph,protonated_reference,420.0,-54199.09100744343,283.7688310452803,-53877.832061921166,251.61437539668668,231.87490259578445,-53972.26501414117,2.954506870223601,kcal/mol,cal/(mol K),1,C25H27MnN2O2P,GFN2-xTB/ALPB toluene gsolv + qRRHO + 1M,data/campaign/thermochemistry/Mn_pyridine_pnn_Ph__protonated_reference/result.json,6469edf4c7184f19aa31f2e0dea04097906acb96c5983e6263f2f874723a1473,data/campaign/thermochemistry/Mn_pyridine_pnn_Ph__protonated_reference/result.json#/attempts/0/native_command,data/datasets/thermochemistry/export_protocol.json,data/campaign/thermochemistry/Mn_pyridine_pnn_Ph__protonated_reference/accepted_geometry.xyz,71b957adc5d9b5f4a4698c955344d027111295447059c28aa0930f8481c5d4ee,data/campaign/thermochemistry/Mn_pyridine_pnn_Ph__protonated_reference/hessian_00.npz,3b6f3685e7342920f4f642464a92abeb1cec39fdca885d22cc2edfd8c9f8e8eb,0,0,383.15,lowest G383.15 among eligible certificates; same geometry at all T,101325.0,1.0,100.0,0,1
Mn_pyridine_pnn_Ph|protonated_reference,Mn_pyridine_pnn_Ph,protonated_reference,430.0,-54199.09100744343,283.7688310452803,-53876.20030142325,255.45385293206542,235.43407081980268,-53974.39199284486,3.044959030900024,kcal/mol,cal/(mol K),1,C25H27MnN2O2P,GFN2-xTB/ALPB toluene gsolv + qRRHO + 1M,data/campaign/thermochemistry/Mn_pyridine_pnn_Ph__protonated_reference/result.json,6469edf4c7184f19aa31f2e0dea04097906acb96c5983e6263f2f874723a1473,data/campaign/thermochemistry/Mn_pyridine_pnn_Ph__protonated_reference/result.json#/attempts/0/native_command,data/datasets/thermochemistry/export_protocol.json,data/campaign/thermochemistry/Mn_pyridine_pnn_Ph__protonated_reference/accepted_geometry.xyz,71b957adc5d9b5f4a4698c955344d027111295447059c28aa0930f8481c5d4ee,data/campaign/thermochemistry/Mn_pyridine_pnn_Ph__protonated_reference/hessian_00.npz,3b6f3685e7342920f4f642464a92abeb1cec39fdca885d22cc2edfd8c9f8e8eb,0,0,383.15,lowest G383.15 among eligible certificates; same geometry at all T,101325.0,1.0,100.0,0,1
Mn_pyridine_pnn_Ph|protonated_reference,Mn_pyridine_pnn_Ph,protonated_reference,440.0,-54199.09100744343,283.7688310452803,-53874.539333833134,259.2722100218706,238.9783975461149,-53976.55395537966,3.135873373767528,kcal/mol,cal/(mol K),1,C25H27MnN2O2P,GFN2-xTB/ALPB toluene gsolv + qRRHO + 1M,data/campaign/thermochemistry/Mn_pyridine_pnn_Ph__protonated_reference/result.json,6469edf4c7184f19aa31f2e0dea04097906acb96c5983e6263f2f874723a1473,data/campaign/thermochemistry/Mn_pyridine_pnn_Ph__protonated_reference/result.json#/attempts/0/native_command,data/datasets/thermochemistry/export_protocol.json,data/campaign/thermochemistry/Mn_pyridine_pnn_Ph__protonated_reference/accepted_geometry.xyz,71b957adc5d9b5f4a4698c955344d027111295447059c28aa0930f8481c5d4ee,data/campaign/thermochemistry/Mn_pyridine_pnn_Ph__protonated_reference/hessian_00.npz,3b6f3685e7342920f4f642464a92abeb1cec39fdca885d22cc2edfd8c9f8e8eb,0,0,383.15,lowest G383.15 among eligible certificates; same geometry at all T,101325.0,1.0,100.0,0,1
Mn_pyridine_pnn_iPr|active,Mn_pyridine_pnn_iPr,active,298.15,-47296.69191929621,282.0912363844388,-46995.1731957038,188.91076986185055,180.0215911309259,-47046.95230465399,1.894328445494145,kcal/mol,cal/(mol K),0,C19H30MnN2O2P,GFN2-xTB/ALPB toluene gsolv + qRRHO + 1M,data/campaign/thermochemistry/Mn_pyridine_pnn_iPr__active/result.json,da2969febe0cdc8a7001f009ec32a66cdbb866743f3a40f58dc3617d66da71d0,data/campaign/thermochemistry/Mn_pyridine_pnn_iPr__active/result.json#/attempts/0/native_command,data/datasets/thermochemistry/export_protocol.json,data/campaign/thermochemistry/Mn_pyridine_pnn_iPr__active/accepted_geometry.xyz,b844103087cd9e8c0da67a688b59269df0cff040098d591148e65bacbdd429ee,data/campaign/thermochemistry/Mn_pyridine_pnn_iPr__active/hessian_00.npz,6bfa48d4599f93d95b3a8859fe0337ff2892bf549c5c3905072a840de717108a,0,0,383.15,lowest G383.15 among eligible certificates; same geometry at all T,101325.0,1.0,100.0,0,1
Mn_pyridine_pnn_iPr|active,Mn_pyridine_pnn_iPr,active,340.0,-47296.69191929621,282.0912363844388,-46990.128945977805,204.72489642152703,194.5947890409663,-47054.04220146737,2.248972784367174,kcal/mol,cal/(mol K),0,C19H30MnN2O2P,GFN2-xTB/ALPB toluene gsolv + qRRHO + 1M,data/campaign/thermochemistry/Mn_pyridine_pnn_iPr__active/result.json,da2969febe0cdc8a7001f009ec32a66cdbb866743f3a40f58dc3617d66da71d0,data/campaign/thermochemistry/Mn_pyridine_pnn_iPr__active/result.json#/attempts/0/native_command,data/datasets/thermochemistry/export_protocol.json,data/campaign/thermochemistry/Mn_pyridine_pnn_iPr__active/accepted_geometry.xyz,b844103087cd9e8c0da67a688b59269df0cff040098d591148e65bacbdd429ee,data/campaign/thermochemistry/Mn_pyridine_pnn_iPr__active/hessian_00.npz,6bfa48d4599f93d95b3a8859fe0337ff2892bf549c5c3905072a840de717108a,0,0,383.15,lowest G383.15 among eligible certificates; same geometry at all T,101325.0,1.0,100.0,0,1
Mn_pyridine_pnn_iPr|active,Mn_pyridine_pnn_iPr,active,350.0,-47296.69191929621,282.0912363844388,-46988.848456556174,208.4365193442527,198.03118188712375,-47055.824089719084,2.3352804975836268,kcal/mol,cal/(mol K),0,C19H30MnN2O2P,GFN2-xTB/ALPB toluene gsolv + qRRHO + 1M,data/campaign/thermochemistry/Mn_pyridine_pnn_iPr__active/result.json,da2969febe0cdc8a7001f009ec32a66cdbb866743f3a40f58dc3617d66da71d0,data/campaign/thermochemistry/Mn_pyridine_pnn_iPr__active/result.json#/attempts/0/native_command,data/datasets/thermochemistry/export_protocol.json,data/campaign/thermochemistry/Mn_pyridine_pnn_iPr__active/accepted_geometry.xyz,b844103087cd9e8c0da67a688b59269df0cff040098d591148e65bacbdd429ee,data/campaign/thermochemistry/Mn_pyridine_pnn_iPr__active/hessian_00.npz,6bfa48d4599f93d95b3a8859fe0337ff2892bf549c5c3905072a840de717108a,0,0,383.15,lowest G383.15 among eligible certificates; same geometry at all T,101325.0,1.0,100.0,0,1
Mn_pyridine_pnn_iPr|active,Mn_pyridine_pnn_iPr,active,360.0,-47296.69191929621,282.0912363844388,-46987.53946962729,212.12386278651113,201.45062771767854,-47057.639539544936,2.422156060718619,kcal/mol,cal/(mol K),0,C19H30MnN2O2P,GFN2-xTB/ALPB toluene gsolv + qRRHO + 1M,data/campaign/thermochemistry/Mn_pyridine_pnn_iPr__active/result.json,da2969febe0cdc8a7001f009ec32a66cdbb866743f3a40f58dc3617d66da71d0,data/campaign/thermochemistry/Mn_pyridine_pnn_iPr__active/result.json#/attempts/0/native_command,data/datasets/thermochemistry/export_protocol.json,data/campaign/thermochemistry/Mn_pyridine_pnn_iPr__active/accepted_geometry.xyz,b844103087cd9e8c0da67a688b59269df0cff040098d591148e65bacbdd429ee,data/campaign/thermochemistry/Mn_pyridine_pnn_iPr__active/hessian_00.npz,6bfa48d4599f93d95b3a8859fe0337ff2892bf549c5c3905072a840de717108a,0,0,383.15,lowest G383.15 among eligible certificates; same geometry at all T,101325.0,1.0,100.0,0,1
Mn_pyridine_pnn_iPr|active,Mn_pyridine_pnn_iPr,active,370.0,-47296.69191929621,282.0912363844388,-46986.20227639027,215.78745959053583,204.85328913735168,-47059.48840967505,2.509583696046293,kcal/mol,cal/(mol K),0,C19H30MnN2O2P,GFN2-xTB/ALPB toluene gsolv + qRRHO + 1M,data/campaign/thermochemistry/Mn_pyridine_pnn_iPr__active/result.json,da2969febe0cdc8a7001f009ec32a66cdbb866743f3a40f58dc3617d66da71d0,data/campaign/thermochemistry/Mn_pyridine_pnn_iPr__active/result.json#/attempts/0/native_command,data/datasets/thermochemistry/export_protocol.json,data/campaign/thermochemistry/Mn_pyridine_pnn_iPr__active/accepted_geometry.xyz,b844103087cd9e8c0da67a688b59269df0cff040098d591148e65bacbdd429ee,data/campaign/thermochemistry/Mn_pyridine_pnn_iPr__active/hessian_00.npz,6bfa48d4599f93d95b3a8859fe0337ff2892bf549c5c3905072a840de717108a,0,0,383.15,lowest G383.15 among eligible certificates; same geometry at all T,101325.0,1.0,100.0,0,1
Mn_pyridine_pnn_iPr|active,Mn_pyridine_pnn_iPr,active,380.0,-47296.69191929621,282.0912363844388,-46984.837192103696,219.42773577110628,208.23924847213806,-47061.370558044095,2.597548479011341,kcal/mol,cal/(mol K),0,C19H30MnN2O2P,GFN2-xTB/ALPB toluene gsolv + qRRHO + 1M,data/campaign/thermochemistry/Mn_pyridine_pnn_iPr__active/result.json,da2969febe0cdc8a7001f009ec32a66cdbb866743f3a40f58dc3617d66da71d0,data/campaign/thermochemistry/Mn_pyridine_pnn_iPr__active/result.json#/attempts/0/native_command,data/datasets/thermochemistry/export_protocol.json,data/campaign/thermochemistry/Mn_pyridine_pnn_iPr__active/accepted_geometry.xyz,b844103087cd9e8c0da67a688b59269df0cff040098d591148e65bacbdd429ee,data/campaign/thermochemistry/Mn_pyridine_pnn_iPr__active/hessian_00.npz,6bfa48d4599f93d95b3a8859fe0337ff2892bf549c5c3905072a840de717108a,0,0,383.15,lowest G383.15 among eligible certificates; same geometry at all T,101325.0,1.0,100.0,0,1
Mn_pyridine_pnn_iPr|active,Mn_pyridine_pnn_iPr,active,383.15,-47296.69191929621,282.0912363844388,-46984.40146725295,220.5696487581809,209.30237074524447,-47061.97030424842,2.625366355574337,kcal/mol,cal/(mol K),0,C19H30MnN2O2P,GFN2-xTB/ALPB toluene gsolv + qRRHO + 1M,data/campaign/thermochemistry/Mn_pyridine_pnn_iPr__active/result.json,da2969febe0cdc8a7001f009ec32a66cdbb866743f3a40f58dc3617d66da71d0,data/campaign/thermochemistry/Mn_pyridine_pnn_iPr__active/result.json#/attempts/0/native_command,data/datasets/thermochemistry/export_protocol.json,data/campaign/thermochemistry/Mn_pyridine_pnn_iPr__active/accepted_geometry.xyz,b844103087cd9e8c0da67a688b59269df0cff040098d591148e65bacbdd429ee,data/campaign/thermochemistry/Mn_pyridine_pnn_iPr__active/hessian_00.npz,6bfa48d4599f93d95b3a8859fe0337ff2892bf549c5c3905072a840de717108a,0,0,383.15,lowest G383.15 among eligible certificates; same geometry at all T,101325.0,1.0,100.0,0,1
Mn_pyridine_pnn_iPr|active,Mn_pyridine_pnn_iPr,active,390.0,-47296.69191929621,282.0912363844388,-46983.444553554145,223.0450281939899,211.6085230533259,-47063.285841274104,2.686036270841015,kcal/mol,cal/(mol K),0,C19H30MnN2O2P,GFN2-xTB/ALPB toluene gsolv + qRRHO + 1M,data/campaign/thermochemistry/Mn_pyridine_pnn_iPr__active/result.json,da2969febe0cdc8a7001f009ec32a66cdbb866743f3a40f58dc3617d66da71d0,data/campaign/thermochemistry/Mn_pyridine_pnn_iPr__active/result.json#/attempts/0/native_command,data/datasets/thermochemistry/export_protocol.json,data/campaign/thermochemistry/Mn_pyridine_pnn_iPr__active/accepted_geometry.xyz,b844103087cd9e8c0da67a688b59269df0cff040098d591148e65bacbdd429ee,data/campaign/thermochemistry/Mn_pyridine_pnn_iPr__active/hessian_00.npz,6bfa48d4599f93d95b3a8859fe0337ff2892bf549c5c3905072a840de717108a,0,0,383.15,lowest G383.15 among eligible certificates; same geometry at all T,101325.0,1.0,100.0,0,1
Mn_pyridine_pnn_iPr|active,Mn_pyridine_pnn_iPr,active,400.0,-47296.69191929621,282.0912363844388,-46982.024716398395,226.6396003362875,214.96107883608792,-47065.23411427476,2.775033658072708,kcal/mol,cal/(mol K),0,C19H30MnN2O2P,GFN2-xTB/ALPB toluene gsolv + qRRHO + 1M,data/campaign/thermochemistry/Mn_pyridine_pnn_iPr__active/result.json,da2969febe0cdc8a7001f009ec32a66cdbb866743f3a40f58dc3617d66da71d0,data/campaign/thermochemistry/Mn_pyridine_pnn_iPr__active/result.json#/attempts/0/native_command,data/datasets/thermochemistry/export_protocol.json,data/campaign/thermochemistry/Mn_pyridine_pnn_iPr__active/accepted_geometry.xyz,b844103087cd9e8c0da67a688b59269df0cff040098d591148e65bacbdd429ee,data/campaign/thermochemistry/Mn_pyridine_pnn_iPr__active/hessian_00.npz,6bfa48d4599f93d95b3a8859fe0337ff2892bf549c5c3905072a840de717108a,0,0,383.15,lowest G383.15 among eligible certificates; same geometry at all T,101325.0,1.0,100.0,0,1
Mn_pyridine_pnn_iPr|active,Mn_pyridine_pnn_iPr,active,410.0,-47296.69191929621,282.0912363844388,-46980.57805247258,230.21165618260747,218.29684237708153,-47067.21522994905,2.8645278981321125,kcal/mol,cal/(mol K),0,C19H30MnN2O2P,GFN2-xTB/ALPB toluene gsolv + qRRHO + 1M,data/campaign/thermochemistry/Mn_pyridine_pnn_iPr__active/result.json,da2969febe0cdc8a7001f009ec32a66cdbb866743f3a40f58dc3617d66da71d0,data/campaign/thermochemistry/Mn_pyridine_pnn_iPr__active/result.json#/attempts/0/native_command,data/datasets/thermochemistry/export_protocol.json,data/campaign/thermochemistry/Mn_pyridine_pnn_iPr__active/accepted_geometry.xyz,b844103087cd9e8c0da67a688b59269df0cff040098d591148e65bacbdd429ee,data/campaign/thermochemistry/Mn_pyridine_pnn_iPr__active/hessian_00.npz,6bfa48d4599f93d95b3a8859fe0337ff2892bf549c5c3905072a840de717108a,0,0,383.15,lowest G383.15 among eligible certificates; same geometry at all T,101325.0,1.0,100.0,0,1
Mn_pyridine_pnn_iPr|active,Mn_pyridine_pnn_iPr,active,420.0,-47296.69191929621,282.0912363844388,-46979.10494714122,233.76135235040954,221.61571123848907,-47069.229038991165,2.954506870223601,kcal/mol,cal/(mol K),0,C19H30MnN2O2P,GFN2-xTB/ALPB toluene gsolv + qRRHO + 1M,data/campaign/thermochemistry/Mn_pyridine_pnn_iPr__active/result.json,da2969febe0cdc8a7001f009ec32a66cdbb866743f3a40f58dc3617d66da71d0,data/campaign/thermochemistry/Mn_pyridine_pnn_iPr__active/result.json#/attempts/0/native_command,data/datasets/thermochemistry/export_protocol.json,data/campaign/thermochemistry/Mn_pyridine_pnn_iPr__active/accepted_geometry.xyz,b844103087cd9e8c0da67a688b59269df0cff040098d591148e65bacbdd429ee,data/campaign/thermochemistry/Mn_pyridine_pnn_iPr__active/hessian_00.npz,6bfa48d4599f93d95b3a8859fe0337ff2892bf549c5c3905072a840de717108a,0,0,383.15,lowest G383.15 among eligible certificates; same geometry at all T,101325.0,1.0,100.0,0,1
Mn_pyridine_pnn_iPr|active,Mn_pyridine_pnn_iPr,active,430.0,-47296.69191929621,282.0912363844388,-46977.605796741955,237.28880856372416,224.91756291497006,-47071.275389764494,3.044959030900024,kcal/mol,cal/(mol K),0,C19H30MnN2O2P,GFN2-xTB/ALPB toluene gsolv + qRRHO + 1M,data/campaign/thermochemistry/Mn_pyridine_pnn_iPr__active/result.json,da2969febe0cdc8a7001f009ec32a66cdbb866743f3a40f58dc3617d66da71d0,data/campaign/thermochemistry/Mn_pyridine_pnn_iPr__active/result.json#/attempts/0/native_command,data/datasets/thermochemistry/export_protocol.json,data/campaign/thermochemistry/Mn_pyridine_pnn_iPr__active/accepted_geometry.xyz,b844103087cd9e8c0da67a688b59269df0cff040098d591148e65bacbdd429ee,data/campaign/thermochemistry/Mn_pyridine_pnn_iPr__active/hessian_00.npz,6bfa48d4599f93d95b3a8859fe0337ff2892bf549c5c3905072a840de717108a,0,0,383.15,lowest G383.15 among eligible certificates; same geometry at all T,101325.0,1.0,100.0,0,1
Mn_pyridine_pnn_iPr|active,Mn_pyridine_pnn_iPr,active,440.0,-47296.69191929621,282.0912363844388,-46976.08100616641,240.79411660969308,228.20226239803267,-47073.354128247774,3.135873373767528,kcal/mol,cal/(mol K),0,C19H30MnN2O2P,GFN2-xTB/ALPB toluene gsolv + qRRHO + 1M,data/campaign/thermochemistry/Mn_pyridine_pnn_iPr__active/result.json,da2969febe0cdc8a7001f009ec32a66cdbb866743f3a40f58dc3617d66da71d0,data/campaign/thermochemistry/Mn_pyridine_pnn_iPr__active/result.json#/attempts/0/native_command,data/datasets/thermochemistry/export_protocol.json,data/campaign/thermochemistry/Mn_pyridine_pnn_iPr__active/accepted_geometry.xyz,b844103087cd9e8c0da67a688b59269df0cff040098d591148e65bacbdd429ee,data/campaign/thermochemistry/Mn_pyridine_pnn_iPr__active/hessian_00.npz,6bfa48d4599f93d95b3a8859fe0337ff2892bf549c5c3905072a840de717108a,0,0,383.15,lowest G383.15 among eligible certificates; same geometry at all T,101325.0,1.0,100.0,0,1
Mn_pyridine_pnn_iPr|hydrogenated,Mn_pyridine_pnn_iPr,hydrogenated,298.15,-47979.1163689749,295.09820744699454,-47664.57564767929,187.84439295360477,179.85601513235912,-47716.305390145506,1.894328445494145,kcal/mol,cal/(mol K),0,C19H32MnN2O2P,GFN2-xTB/ALPB toluene gsolv + qRRHO + 1M,data/campaign/thermochemistry/Mn_pyridine_pnn_iPr__hydrogenated/result.json,578089fd8cdcbf9d382676c755e53328d70efd6445632d79f3cf487a1f4110a0,data/campaign/thermochemistry/Mn_pyridine_pnn_iPr__hydrogenated/result.json#/attempts/0/native_command,data/datasets/thermochemistry/export_protocol.json,data/campaign/thermochemistry/Mn_pyridine_pnn_iPr__hydrogenated/accepted_geometry.xyz,2e4c24d7c17e277be06ed3fd4d5fbe5f11d813f002540d280235767cb54a3915,data/campaign/thermochemistry/Mn_pyridine_pnn_iPr__hydrogenated/hessian_00.npz,1073c5a14a90d290f5b8ebc103b39ffb4bd1452be7cef5f1b23dc9ca107b197e,3,0,383.15,lowest G383.15 among eligible certificates; same geometry at all T,101325.0,1.0,100.0,0,1
Mn_pyridine_pnn_iPr|hydrogenated,Mn_pyridine_pnn_iPr,hydrogenated,340.0,-47979.1163689749,295.09820744699454,-47659.4662083614,203.86217122863243,194.6622857610315,-47723.40241273579,2.248972784367174,kcal/mol,cal/(mol K),0,C19H32MnN2O2P,GFN2-xTB/ALPB toluene gsolv + qRRHO + 1M,data/campaign/thermochemistry/Mn_pyridine_pnn_iPr__hydrogenated/result.json,578089fd8cdcbf9d382676c755e53328d70efd6445632d79f3cf487a1f4110a0,data/campaign/thermochemistry/Mn_pyridine_pnn_iPr__hydrogenated/result.json#/attempts/0/native_command,data/datasets/thermochemistry/export_protocol.json,data/campaign/thermochemistry/Mn_pyridine_pnn_iPr__hydrogenated/accepted_geometry.xyz,2e4c24d7c17e277be06ed3fd4d5fbe5f11d813f002540d280235767cb54a3915,data/campaign/thermochemistry/Mn_pyridine_pnn_iPr__hydrogenated/hessian_00.npz,1073c5a14a90d290f5b8ebc103b39ffb4bd1452be7cef5f1b23dc9ca107b197e,3,0,383.15,lowest G383.15 among eligible certificates; same geometry at all T,101325.0,1.0,100.0,0,1
Mn_pyridine_pnn_iPr|hydrogenated,Mn_pyridine_pnn_iPr,hydrogenated,350.0,-47979.1163689749,295.09820744699454,-47658.16600661796,207.63092403436735,198.16225893510222,-47725.18751674767,2.3352804975836268,kcal/mol,cal/(mol K),0,C19H32MnN2O2P,GFN2-xTB/ALPB toluene gsolv + qRRHO + 1M,data/campaign/thermochemistry/Mn_pyridine_pnn_iPr__hydrogenated/result.json,578089fd8cdcbf9d382676c755e53328d70efd6445632d79f3cf487a1f4110a0,data/campaign/thermochemistry/Mn_pyridine_pnn_iPr__hydrogenated/result.json#/attempts/0/native_command,data/datasets/thermochemistry/export_protocol.json,data/campaign/thermochemistry/Mn_pyridine_pnn_iPr__hydrogenated/accepted_geometry.xyz,2e4c24d7c17e277be06ed3fd4d5fbe5f11d813f002540d280235767cb54a3915,data/campaign/thermochemistry/Mn_pyridine_pnn_iPr__hydrogenated/hessian_00.npz,1073c5a14a90d290f5b8ebc103b39ffb4bd1452be7cef5f1b23dc9ca107b197e,3,0,383.15,lowest G383.15 among eligible certificates; same geometry at all T,101325.0,1.0,100.0,0,1
Mn_pyridine_pnn_iPr|hydrogenated,Mn_pyridine_pnn_iPr,hydrogenated,360.0,-47979.1163689749,295.09820744699454,-47656.83569537009,211.3783292925277,201.64802226458175,-47727.00682732462,2.422156060718619,kcal/mol,cal/(mol K),0,C19H32MnN2O2P,GFN2-xTB/ALPB toluene gsolv + qRRHO + 1M,data/campaign/thermochemistry/Mn_pyridine_pnn_iPr__hydrogenated/result.json,578089fd8cdcbf9d382676c755e53328d70efd6445632d79f3cf487a1f4110a0,data/campaign/thermochemistry/Mn_pyridine_pnn_iPr__hydrogenated/result.json#/attempts/0/native_command,data/datasets/thermochemistry/export_protocol.json,data/campaign/thermochemistry/Mn_pyridine_pnn_iPr__hydrogenated/accepted_geometry.xyz,2e4c24d7c17e277be06ed3fd4d5fbe5f11d813f002540d280235767cb54a3915,data/campaign/thermochemistry/Mn_pyridine_pnn_iPr__hydrogenated/hessian_00.npz,1073c5a14a90d290f5b8ebc103b39ffb4bd1452be7cef5f1b23dc9ca107b197e,3,0,383.15,lowest G383.15 among eligible certificates; same geometry at all T,101325.0,1.0,100.0,0,1
Mn_pyridine_pnn_iPr|hydrogenated,Mn_pyridine_pnn_iPr,hydrogenated,370.0,-47979.1163689749,295.09820744699454,-47655.47556748539,215.10475461906606,205.11958479939653,-47728.86023016512,2.509583696046293,kcal/mol,cal/(mol K),0,C19H32MnN2O2P,GFN2-xTB/ALPB toluene gsolv + qRRHO + 1M,data/campaign/thermochemistry/Mn_pyridine_pnn_iPr__hydrogenated/result.json,578089fd8cdcbf9d382676c755e53328d70efd6445632d79f3cf487a1f4110a0,data/campaign/thermochemistry/Mn_pyridine_pnn_iPr__hydrogenated/result.json#/attempts/0/native_command,data/datasets/thermochemistry/export_protocol.json,data/campaign/thermochemistry/Mn_pyridine_pnn_iPr__hydrogenated/accepted_geometry.xyz,2e4c24d7c17e277be06ed3fd4d5fbe5f11d813f002540d280235767cb54a3915,data/campaign/thermochemistry/Mn_pyridine_pnn_iPr__hydrogenated/hessian_00.npz,1073c5a14a90d290f5b8ebc103b39ffb4bd1452be7cef5f1b23dc9ca107b197e,3,0,383.15,lowest G383.15 among eligible certificates; same geometry at all T,101325.0,1.0,100.0,0,1
Mn_pyridine_pnn_iPr|hydrogenated,Mn_pyridine_pnn_iPr,hydrogenated,380.0,-47979.1163689749,295.09820744699454,-47654.0859443901,218.81046201977628,208.5768754936579,-47730.74760859868,2.597548479011341,kcal/mol,cal/(mol K),0,C19H32MnN2O2P,GFN2-xTB/ALPB toluene gsolv + qRRHO + 1M,data/campaign/thermochemistry/Mn_pyridine_pnn_iPr__hydrogenated/result.json,578089fd8cdcbf9d382676c755e53328d70efd6445632d79f3cf487a1f4110a0,data/campaign/thermochemistry/Mn_pyridine_pnn_iPr__hydrogenated/result.json#/attempts/0/native_command,data/datasets/thermochemistry/export_protocol.json,data/campaign/thermochemistry/Mn_pyridine_pnn_iPr__hydrogenated/accepted_geometry.xyz,2e4c24d7c17e277be06ed3fd4d5fbe5f11d813f002540d280235767cb54a3915,data/campaign/thermochemistry/Mn_pyridine_pnn_iPr__hydrogenated/hessian_00.npz,1073c5a14a90d290f5b8ebc103b39ffb4bd1452be7cef5f1b23dc9ca107b197e,3,0,383.15,lowest G383.15 among eligible certificates; same geometry at all T,101325.0,1.0,100.0,0,1
Mn_pyridine_pnn_iPr|hydrogenated,Mn_pyridine_pnn_iPr,hydrogenated,383.15,-47979.1163689749,295.09820744699454,-47653.642159091134,219.97349899373972,209.66294615728756,-47731.349150555725,2.625366355574337,kcal/mol,cal/(mol K),0,C19H32MnN2O2P,GFN2-xTB/ALPB toluene gsolv + qRRHO + 1M,data/campaign/thermochemistry/Mn_pyridine_pnn_iPr__hydrogenated/result.json,578089fd8cdcbf9d382676c755e53328d70efd6445632d79f3cf487a1f4110a0,data/campaign/thermochemistry/Mn_pyridine_pnn_iPr__hydrogenated/result.json#/attempts/0/native_command,data/datasets/thermochemistry/export_protocol.json,data/campaign/thermochemistry/Mn_pyridine_pnn_iPr__hydrogenated/accepted_geometry.xyz,2e4c24d7c17e277be06ed3fd4d5fbe5f11d813f002540d280235767cb54a3915,data/campaign/thermochemistry/Mn_pyridine_pnn_iPr__hydrogenated/hessian_00.npz,1073c5a14a90d290f5b8ebc103b39ffb4bd1452be7cef5f1b23dc9ca107b197e,3,0,383.15,lowest G383.15 among eligible certificates; same geometry at all T,101325.0,1.0,100.0,0,1
Mn_pyridine_pnn_iPr|hydrogenated,Mn_pyridine_pnn_iPr,hydrogenated,390.0,-47979.1163689749,295.09820744699454,-47652.66717298792,222.49562687045105,212.01975991134427,-47732.66884308251,2.686036270841015,kcal/mol,cal/(mol K),0,C19H32MnN2O2P,GFN2-xTB/ALPB toluene gsolv + qRRHO + 1M,data/campaign/thermochemistry/Mn_pyridine_pnn_iPr__hydrogenated/result.json,578089fd8cdcbf9d382676c755e53328d70efd6445632d79f3cf487a1f4110a0,data/campaign/thermochemistry/Mn_pyridine_pnn_iPr__hydrogenated/result.json#/attempts/0/native_command,data/datasets/thermochemistry/export_protocol.json,data/campaign/thermochemistry/Mn_pyridine_pnn_iPr__hydrogenated/accepted_geometry.xyz,2e4c24d7c17e277be06ed3fd4d5fbe5f11d813f002540d280235767cb54a3915,data/campaign/thermochemistry/Mn_pyridine_pnn_iPr__hydrogenated/hessian_00.npz,1073c5a14a90d290f5b8ebc103b39ffb4bd1452be7cef5f1b23dc9ca107b197e,3,0,383.15,lowest G383.15 among eligible certificates; same geometry at all T,101325.0,1.0,100.0,0,1
Mn_pyridine_pnn_iPr|hydrogenated,Mn_pyridine_pnn_iPr,hydrogenated,400.0,-47979.1163689749,295.09820744699454,-47651.21962249035,226.16035471856753,215.44805498917532,-47734.62381082795,2.775033658072708,kcal/mol,cal/(mol K),0,C19H32MnN2O2P,GFN2-xTB/ALPB toluene gsolv + qRRHO + 1M,data/campaign/thermochemistry/Mn_pyridine_pnn_iPr__hydrogenated/result.json,578089fd8cdcbf9d382676c755e53328d70efd6445632d79f3cf487a1f4110a0,data/campaign/thermochemistry/Mn_pyridine_pnn_iPr__hydrogenated/result.json#/attempts/0/native_command,data/datasets/thermochemistry/export_protocol.json,data/campaign/thermochemistry/Mn_pyridine_pnn_iPr__hydrogenated/accepted_geometry.xyz,2e4c24d7c17e277be06ed3fd4d5fbe5f11d813f002540d280235767cb54a3915,data/campaign/thermochemistry/Mn_pyridine_pnn_iPr__hydrogenated/hessian_00.npz,1073c5a14a90d290f5b8ebc103b39ffb4bd1452be7cef5f1b23dc9ca107b197e,3,0,383.15,lowest G383.15 among eligible certificates; same geometry at all T,101325.0,1.0,100.0,0,1
Mn_pyridine_pnn_iPr|hydrogenated,Mn_pyridine_pnn_iPr,hydrogenated,410.0,-47979.1163689749,295.09820744699454,-47649.74368125238,229.80469599717674,218.86154192068827,-47736.61238554173,2.8645278981321125,kcal/mol,cal/(mol K),0,C19H32MnN2O2P,GFN2-xTB/ALPB toluene gsolv + qRRHO + 1M,data/campaign/thermochemistry/Mn_pyridine_pnn_iPr__hydrogenated/result.json,578089fd8cdcbf9d382676c755e53328d70efd6445632d79f3cf487a1f4110a0,data/campaign/thermochemistry/Mn_pyridine_pnn_iPr__hydrogenated/result.json#/attempts/0/native_command,data/datasets/thermochemistry/export_protocol.json,data/campaign/thermochemistry/Mn_pyridine_pnn_iPr__hydrogenated/accepted_geometry.xyz,2e4c24d7c17e277be06ed3fd4d5fbe5f11d813f002540d280235767cb54a3915,data/campaign/thermochemistry/Mn_pyridine_pnn_iPr__hydrogenated/hessian_00.npz,1073c5a14a90d290f5b8ebc103b39ffb4bd1452be7cef5f1b23dc9ca107b197e,3,0,383.15,lowest G383.15 among eligible certificates; same geometry at all T,101325.0,1.0,100.0,0,1
Mn_pyridine_pnn_iPr|hydrogenated,Mn_pyridine_pnn_iPr,hydrogenated,420.0,-47979.1163689749,295.09820744699454,-47648.23975368661,233.42865877676715,222.2599772636666,-47738.63443726713,2.954506870223601,kcal/mol,cal/(mol K),0,C19H32MnN2O2P,GFN2-xTB/ALPB toluene gsolv + qRRHO + 1M,data/campaign/thermochemistry/Mn_pyridine_pnn_iPr__hydrogenated/result.json,578089fd8cdcbf9d382676c755e53328d70efd6445632d79f3cf487a1f4110a0,data/campaign/thermochemistry/Mn_pyridine_pnn_iPr__hydrogenated/result.json#/attempts/0/native_command,data/datasets/thermochemistry/export_protocol.json,data/campaign/thermochemistry/Mn_pyridine_pnn_iPr__hydrogenated/accepted_geometry.xyz,2e4c24d7c17e277be06ed3fd4d5fbe5f11d813f002540d280235767cb54a3915,data/campaign/thermochemistry/Mn_pyridine_pnn_iPr__hydrogenated/hessian_00.npz,1073c5a14a90d290f5b8ebc103b39ffb4bd1452be7cef5f1b23dc9ca107b197e,3,0,383.15,lowest G383.15 among eligible certificates; same geometry at all T,101325.0,1.0,100.0,0,1
Mn_pyridine_pnn_iPr|hydrogenated,Mn_pyridine_pnn_iPr,hydrogenated,430.0,-47979.1163689749,295.09820744699454,-47646.70825731081,237.03221970284554,225.64310239779982,-47740.68983231096,3.044959030900024,kcal/mol,cal/(mol K),0,C19H32MnN2O2P,GFN2-xTB/ALPB toluene gsolv + qRRHO + 1M,data/campaign/thermochemistry/Mn_pyridine_pnn_iPr__hydrogenated/result.json,578089fd8cdcbf9d382676c755e53328d70efd6445632d79f3cf487a1f4110a0,data/campaign/thermochemistry/Mn_pyridine_pnn_iPr__hydrogenated/result.json#/attempts/0/native_command,data/datasets/thermochemistry/export_protocol.json,data/campaign/thermochemistry/Mn_pyridine_pnn_iPr__hydrogenated/accepted_geometry.xyz,2e4c24d7c17e277be06ed3fd4d5fbe5f11d813f002540d280235767cb54a3915,data/campaign/thermochemistry/Mn_pyridine_pnn_iPr__hydrogenated/hessian_00.npz,1073c5a14a90d290f5b8ebc103b39ffb4bd1452be7cef5f1b23dc9ca107b197e,3,0,383.15,lowest G383.15 among eligible certificates; same geometry at all T,101325.0,1.0,100.0,0,1
Mn_pyridine_pnn_iPr|hydrogenated,Mn_pyridine_pnn_iPr,hydrogenated,440.0,-47979.1163689749,295.09820744699454,-47645.14961996803,240.61533327873425,229.01065147367,-47742.77843324268,3.135873373767528,kcal/mol,cal/(mol K),0,C19H32MnN2O2P,GFN2-xTB/ALPB toluene gsolv + qRRHO + 1M,data/campaign/thermochemistry/Mn_pyridine_pnn_iPr__hydrogenated/result.json,578089fd8cdcbf9d382676c755e53328d70efd6445632d79f3cf487a1f4110a0,data/campaign/thermochemistry/Mn_pyridine_pnn_iPr__hydrogenated/result.json#/attempts/0/native_command,data/datasets/thermochemistry/export_protocol.json,data/campaign/thermochemistry/Mn_pyridine_pnn_iPr__hydrogenated/accepted_geometry.xyz,2e4c24d7c17e277be06ed3fd4d5fbe5f11d813f002540d280235767cb54a3915,data/campaign/thermochemistry/Mn_pyridine_pnn_iPr__hydrogenated/hessian_00.npz,1073c5a14a90d290f5b8ebc103b39ffb4bd1452be7cef5f1b23dc9ca107b197e,3,0,383.15,lowest G383.15 among eligible certificates; same geometry at all T,101325.0,1.0,100.0,0,1
Mn_pyridine_pnn_iPr|protonated_reference,Mn_pyridine_pnn_iPr,protonated_reference,298.15,-47433.123898535574,290.3374692264094,-47123.561337028455,186.27239994925097,178.3482493341089,-47174.841539121924,1.894328445494145,kcal/mol,cal/(mol K),1,C19H31MnN2O2P,GFN2-xTB/ALPB toluene gsolv + qRRHO + 1M,data/campaign/thermochemistry/Mn_pyridine_pnn_iPr__protonated_reference/result.json,75a1cb52689f88a0027af0f5105d0afef99ad263031428462ebc4df4bebb9f3e,data/campaign/thermochemistry/Mn_pyridine_pnn_iPr__protonated_reference/result.json#/attempts/0/native_command,data/datasets/thermochemistry/export_protocol.json,data/campaign/thermochemistry/Mn_pyridine_pnn_iPr__protonated_reference/accepted_geometry.xyz,4fe5f3e362a9b4a25051608afc2a775e0e2ee199a7d4dbb3c2ab6020ace8fa73,data/campaign/thermochemistry/Mn_pyridine_pnn_iPr__protonated_reference/hessian_00.npz,f9809d447ced0fbb069a8d1adf12bca44f98552ec9e3a98ff04b61b4445e650f,0,0,383.15,lowest G383.15 among eligible certificates; same geometry at all T,101325.0,1.0,100.0,0,1
Mn_pyridine_pnn_iPr|protonated_reference,Mn_pyridine_pnn_iPr,protonated_reference,340.0,-47433.123898535574,290.3374692264094,-47118.515479516645,202.09108396621838,193.00536382670685,-47181.888330433365,2.248972784367174,kcal/mol,cal/(mol K),1,C19H31MnN2O2P,GFN2-xTB/ALPB toluene gsolv + qRRHO + 1M,data/campaign/thermochemistry/Mn_pyridine_pnn_iPr__protonated_reference/result.json,75a1cb52689f88a0027af0f5105d0afef99ad263031428462ebc4df4bebb9f3e,data/campaign/thermochemistry/Mn_pyridine_pnn_iPr__protonated_reference/result.json#/attempts/0/native_command,data/datasets/thermochemistry/export_protocol.json,data/campaign/thermochemistry/Mn_pyridine_pnn_iPr__protonated_reference/accepted_geometry.xyz,4fe5f3e362a9b4a25051608afc2a775e0e2ee199a7d4dbb3c2ab6020ace8fa73,data/campaign/thermochemistry/Mn_pyridine_pnn_iPr__protonated_reference/hessian_00.npz,f9809d447ced0fbb069a8d1adf12bca44f98552ec9e3a98ff04b61b4445e650f,0,0,383.15,lowest G383.15 among eligible certificates; same geometry at all T,101325.0,1.0,100.0,0,1
Mn_pyridine_pnn_iPr|protonated_reference,Mn_pyridine_pnn_iPr,protonated_reference,350.0,-47433.123898535574,290.3374692264094,-47117.23247116251,205.8100028077011,196.46657103848844,-47183.660490528404,2.3352804975836268,kcal/mol,cal/(mol K),1,C19H31MnN2O2P,GFN2-xTB/ALPB toluene gsolv + qRRHO + 1M,data/campaign/thermochemistry/Mn_pyridine_pnn_iPr__protonated_reference/result.json,75a1cb52689f88a0027af0f5105d0afef99ad263031428462ebc4df4bebb9f3e,data/campaign/thermochemistry/Mn_pyridine_pnn_iPr__protonated_reference/result.json#/attempts/0/native_command,data/datasets/thermochemistry/export_protocol.json,data/campaign/thermochemistry/Mn_pyridine_pnn_iPr__protonated_reference/accepted_geometry.xyz,4fe5f3e362a9b4a25051608afc2a775e0e2ee199a7d4dbb3c2ab6020ace8fa73,data/campaign/thermochemistry/Mn_pyridine_pnn_iPr__protonated_reference/hessian_00.npz,f9809d447ced0fbb069a8d1adf12bca44f98552ec9e3a98ff04b61b4445e650f,0,0,383.15,lowest G383.15 among eligible certificates; same geometry at all T,101325.0,1.0,100.0,0,1
Mn_pyridine_pnn_iPr|protonated_reference,Mn_pyridine_pnn_iPr,protonated_reference,360.0,-47433.123898535574,290.3374692264094,-47115.92012970124,209.5067907341453,199.91248760578713,-47185.4664691786,2.422156060718619,kcal/mol,cal/(mol K),1,C19H31MnN2O2P,GFN2-xTB/ALPB toluene gsolv + qRRHO + 1M,data/campaign/thermochemistry/Mn_pyridine_pnn_iPr__protonated_reference/result.json,75a1cb52689f88a0027af0f5105d0afef99ad263031428462ebc4df4bebb9f3e,data/campaign/thermochemistry/Mn_pyridine_pnn_iPr__protonated_reference/result.json#/attempts/0/native_command,data/datasets/thermochemistry/export_protocol.json,data/campaign/thermochemistry/Mn_pyridine_pnn_iPr__protonated_reference/accepted_geometry.xyz,4fe5f3e362a9b4a25051608afc2a775e0e2ee199a7d4dbb3c2ab6020ace8fa73,data/campaign/thermochemistry/Mn_pyridine_pnn_iPr__protonated_reference/hessian_00.npz,f9809d447ced0fbb069a8d1adf12bca44f98552ec9e3a98ff04b61b4445e650f,0,0,383.15,lowest G383.15 among eligible certificates; same geometry at all T,101325.0,1.0,100.0,0,1
Mn_pyridine_pnn_iPr|protonated_reference,Mn_pyridine_pnn_iPr,protonated_reference,370.0,-47433.123898535574,290.3374692264094,-47114.57874696276,213.18186112697958,203.34318352103298,-47187.306141169494,2.509583696046293,kcal/mol,cal/(mol K),1,C19H31MnN2O2P,GFN2-xTB/ALPB toluene gsolv + qRRHO + 1M,data/campaign/thermochemistry/Mn_pyridine_pnn_iPr__protonated_reference/result.json,75a1cb52689f88a0027af0f5105d0afef99ad263031428462ebc4df4bebb9f3e,data/campaign/thermochemistry/Mn_pyridine_pnn_iPr__protonated_reference/result.json#/attempts/0/native_command,data/datasets/thermochemistry/export_protocol.json,data/campaign/thermochemistry/Mn_pyridine_pnn_iPr__protonated_reference/accepted_geometry.xyz,4fe5f3e362a9b4a25051608afc2a775e0e2ee199a7d4dbb3c2ab6020ace8fa73,data/campaign/thermochemistry/Mn_pyridine_pnn_iPr__protonated_reference/hessian_00.npz,f9809d447ced0fbb069a8d1adf12bca44f98552ec9e3a98ff04b61b4445e650f,0,0,383.15,lowest G383.15 among eligible certificates; same geometry at all T,101325.0,1.0,100.0,0,1
Mn_pyridine_pnn_iPr|protonated_reference,Mn_pyridine_pnn_iPr,protonated_reference,380.0,-47433.123898535574,290.3374692264094,-47113.20864174269,216.8355223448628,206.75864816856932,-47189.17937956774,2.597548479011341,kcal/mol,cal/(mol K),1,C19H31MnN2O2P,GFN2-xTB/ALPB toluene gsolv + qRRHO + 1M,data/campaign/thermochemistry/Mn_pyridine_pnn_iPr__protonated_reference/result.json,75a1cb52689f88a0027af0f5105d0afef99ad263031428462ebc4df4bebb9f3e,data/campaign/thermochemistry/Mn_pyridine_pnn_iPr__protonated_reference/result.json#/attempts/0/native_command,data/datasets/thermochemistry/export_protocol.json,data/campaign/thermochemistry/Mn_pyridine_pnn_iPr__protonated_reference/accepted_geometry.xyz,4fe5f3e362a9b4a25051608afc2a775e0e2ee199a7d4dbb3c2ab6020ace8fa73,data/campaign/thermochemistry/Mn_pyridine_pnn_iPr__protonated_reference/hessian_00.npz,f9809d447ced0fbb069a8d1adf12bca44f98552ec9e3a98ff04b61b4445e650f,0,0,383.15,lowest G383.15 among eligible certificates; same geometry at all T,101325.0,1.0,100.0,0,1
Mn_pyridine_pnn_iPr|protonated_reference,Mn_pyridine_pnn_iPr,protonated_reference,383.15,-47433.123898535574,290.3374692264094,-47112.77116400066,217.9820290421219,207.8313544711238,-47189.77638111069,2.625366355574337,kcal/mol,cal/(mol K),1,C19H31MnN2O2P,GFN2-xTB/ALPB toluene gsolv + qRRHO + 1M,data/campaign/thermochemistry/Mn_pyridine_pnn_iPr__protonated_reference/result.json,75a1cb52689f88a0027af0f5105d0afef99ad263031428462ebc4df4bebb9f3e,data/campaign/thermochemistry/Mn_pyridine_pnn_iPr__protonated_reference/result.json#/attempts/0/native_command,data/datasets/thermochemistry/export_protocol.json,data/campaign/thermochemistry/Mn_pyridine_pnn_iPr__protonated_reference/accepted_geometry.xyz,4fe5f3e362a9b4a25051608afc2a775e0e2ee199a7d4dbb3c2ab6020ace8fa73,data/campaign/thermochemistry/Mn_pyridine_pnn_iPr__protonated_reference/hessian_00.npz,f9809d447ced0fbb069a8d1adf12bca44f98552ec9e3a98ff04b61b4445e650f,0,0,383.15,lowest G383.15 among eligible certificates; same geometry at all T,101325.0,1.0,100.0,0,1
Mn_pyridine_pnn_iPr|protonated_reference,Mn_pyridine_pnn_iPr,protonated_reference,390.0,-47433.123898535574,290.3374692264094,-47111.810156858664,220.46799628582957,210.15880671223672,-47191.0860552056,2.686036270841015,kcal/mol,cal/(mol K),1,C19H31MnN2O2P,GFN2-xTB/ALPB toluene gsolv + qRRHO + 1M,data/campaign/thermochemistry/Mn_pyridine_pnn_iPr__protonated_reference/result.json,75a1cb52689f88a0027af0f5105d0afef99ad263031428462ebc4df4bebb9f3e,data/campaign/thermochemistry/Mn_pyridine_pnn_iPr__protonated_reference/result.json#/attempts/0/native_command,data/datasets/thermochemistry/export_protocol.json,data/campaign/thermochemistry/Mn_pyridine_pnn_iPr__protonated_reference/accepted_geometry.xyz,4fe5f3e362a9b4a25051608afc2a775e0e2ee199a7d4dbb3c2ab6020ace8fa73,data/campaign/thermochemistry/Mn_pyridine_pnn_iPr__protonated_reference/hessian_00.npz,f9809d447ced0fbb069a8d1adf12bca44f98552ec9e3a98ff04b61b4445e650f,0,0,383.15,lowest G383.15 among eligible certificates; same geometry at all T,101325.0,1.0,100.0,0,1
Mn_pyridine_pnn_iPr|protonated_reference,Mn_pyridine_pnn_iPr,protonated_reference,400.0,-47433.123898535574,290.3374692264094,-47110.38365611026,224.0794348434969,213.54353460214486,-47193.02603629304,2.775033658072708,kcal/mol,cal/(mol K),1,C19H31MnN2O2P,GFN2-xTB/ALPB toluene gsolv + qRRHO + 1M,data/campaign/thermochemistry/Mn_pyridine_pnn_iPr__protonated_reference/result.json,75a1cb52689f88a0027af0f5105d0afef99ad263031428462ebc4df4bebb9f3e,data/campaign/thermochemistry/Mn_pyridine_pnn_iPr__protonated_reference/result.json#/attempts/0/native_command,data/datasets/thermochemistry/export_protocol.json,data/campaign/thermochemistry/Mn_pyridine_pnn_iPr__protonated_reference/accepted_geometry.xyz,4fe5f3e362a9b4a25051608afc2a775e0e2ee199a7d4dbb3c2ab6020ace8fa73,data/campaign/thermochemistry/Mn_pyridine_pnn_iPr__protonated_reference/hessian_00.npz,f9809d447ced0fbb069a8d1adf12bca44f98552ec9e3a98ff04b61b4445e650f,0,0,383.15,lowest G383.15 among eligible certificates; same geometry at all T,101325.0,1.0,100.0,0,1
Mn_pyridine_pnn_iPr|protonated_reference,Mn_pyridine_pnn_iPr,protonated_reference,410.0,-47433.123898535574,290.3374692264094,-47108.92952123828,227.66993433318137,216.91267025102218,-47194.99918814306,2.8645278981321125,kcal/mol,cal/(mol K),1,C19H31MnN2O2P,GFN2-xTB/ALPB toluene gsolv + qRRHO + 1M,data/campaign/thermochemistry/Mn_pyridine_pnn_iPr__protonated_reference/result.json,75a1cb52689f88a0027af0f5105d0afef99ad263031428462ebc4df4bebb9f3e,data/campaign/thermochemistry/Mn_pyridine_pnn_iPr__protonated_reference/result.json#/attempts/0/native_command,data/datasets/thermochemistry/export_protocol.json,data/campaign/thermochemistry/Mn_pyridine_pnn_iPr__protonated_reference/accepted_geometry.xyz,4fe5f3e362a9b4a25051608afc2a775e0e2ee199a7d4dbb3c2ab6020ace8fa73,data/campaign/thermochemistry/Mn_pyridine_pnn_iPr__protonated_reference/hessian_00.npz,f9809d447ced0fbb069a8d1adf12bca44f98552ec9e3a98ff04b61b4445e650f,0,0,383.15,lowest G383.15 among eligible certificates; same geometry at all T,101325.0,1.0,100.0,0,1
Mn_pyridine_pnn_iPr|protonated_reference,Mn_pyridine_pnn_iPr,protonated_reference,420.0,-47433.123898535574,290.3374692264094,-47107.44814895717,231.23954800317728,220.26602597284355,-47197.00537299554,2.954506870223601,kcal/mol,cal/(mol K),1,C19H31MnN2O2P,GFN2-xTB/ALPB toluene gsolv + qRRHO + 1M,data/campaign/thermochemistry/Mn_pyridine_pnn_iPr__protonated_reference/result.json,75a1cb52689f88a0027af0f5105d0afef99ad263031428462ebc4df4bebb9f3e,data/campaign/thermochemistry/Mn_pyridine_pnn_iPr__protonated_reference/result.json#/attempts/0/native_command,data/datasets/thermochemistry/export_protocol.json,data/campaign/thermochemistry/Mn_pyridine_pnn_iPr__protonated_reference/accepted_geometry.xyz,4fe5f3e362a9b4a25051608afc2a775e0e2ee199a7d4dbb3c2ab6020ace8fa73,data/campaign/thermochemistry/Mn_pyridine_pnn_iPr__protonated_reference/hessian_00.npz,f9809d447ced0fbb069a8d1adf12bca44f98552ec9e3a98ff04b61b4445e650f,0,0,383.15,lowest G383.15 among eligible certificates; same geometry at all T,101325.0,1.0,100.0,0,1
Mn_pyridine_pnn_iPr|protonated_reference,Mn_pyridine_pnn_iPr,protonated_reference,430.0,-47433.123898535574,290.3374692264094,-47105.939948116145,234.78829677135587,223.6033973039762,-47199.044449925954,3.044959030900024,kcal/mol,cal/(mol K),1,C19H31MnN2O2P,GFN2-xTB/ALPB toluene gsolv + qRRHO + 1M,data/campaign/thermochemistry/Mn_pyridine_pnn_iPr__protonated_reference/result.json,75a1cb52689f88a0027af0f5105d0afef99ad263031428462ebc4df4bebb9f3e,data/campaign/thermochemistry/Mn_pyridine_pnn_iPr__protonated_reference/result.json#/attempts/0/native_command,data/datasets/thermochemistry/export_protocol.json,data/campaign/thermochemistry/Mn_pyridine_pnn_iPr__protonated_reference/accepted_geometry.xyz,4fe5f3e362a9b4a25051608afc2a775e0e2ee199a7d4dbb3c2ab6020ace8fa73,data/campaign/thermochemistry/Mn_pyridine_pnn_iPr__protonated_reference/hessian_00.npz,f9809d447ced0fbb069a8d1adf12bca44f98552ec9e3a98ff04b61b4445e650f,0,0,383.15,lowest G383.15 among eligible certificates; same geometry at all T,101325.0,1.0,100.0,0,1
Mn_pyridine_pnn_iPr|protonated_reference,Mn_pyridine_pnn_iPr,protonated_reference,440.0,-47433.123898535574,290.3374692264094,-47104.40533702828,238.31617834097207,226.92457084315922,-47201.1162748255,3.135873373767528,kcal/mol,cal/(mol K),1,C19H31MnN2O2P,GFN2-xTB/ALPB toluene gsolv + qRRHO + 1M,data/campaign/thermochemistry/Mn_pyridine_pnn_iPr__protonated_reference/result.json,75a1cb52689f88a0027af0f5105d0afef99ad263031428462ebc4df4bebb9f3e,data/campaign/thermochemistry/Mn_pyridine_pnn_iPr__protonated_reference/result.json#/attempts/0/native_command,data/datasets/thermochemistry/export_protocol.json,data/campaign/thermochemistry/Mn_pyridine_pnn_iPr__protonated_reference/accepted_geometry.xyz,4fe5f3e362a9b4a25051608afc2a775e0e2ee199a7d4dbb3c2ab6020ace8fa73,data/campaign/thermochemistry/Mn_pyridine_pnn_iPr__protonated_reference/hessian_00.npz,f9809d447ced0fbb069a8d1adf12bca44f98552ec9e3a98ff04b61b4445e650f,0,0,383.15,lowest G383.15 among eligible certificates; same geometry at all T,101325.0,1.0,100.0,0,1
Ru_bipyridine_pnnoh_Ph|active,Ru_bipyridine_pnnoh_Ph,active,298.15,-50764.851139520106,223.42446684615814,-50524.026822653104,182.24858501474674,169.4334147742291,-50572.649066822545,1.894328445494145,kcal/mol,cal/(mol K),0,C24H19N2O2PRu,GFN2-xTB/ALPB toluene gsolv + qRRHO + 1M,data/targeted_rescue/thermochemistry/Ru_bipyridine_pnnoh_Ph__active/result.json,8b453246804389db2b6c3a938ecc182795c88e8e958c09b7234170de3aa23d6c,data/targeted_rescue/thermochemistry/Ru_bipyridine_pnnoh_Ph__active/result.json#/attempts/0/native_command,data/datasets/thermochemistry/export_protocol.json,data/targeted_rescue/thermochemistry/Ru_bipyridine_pnnoh_Ph__active/accepted_geometry.xyz,f417bd5294e6d589c1648fb3092362b6cebda7d6d85bf97e2e831972735387c7,data/targeted_rescue/thermochemistry/Ru_bipyridine_pnnoh_Ph__active/hessian_00.npz,1ecf79898cc6afeba0ae804947356849f5afe47af0238d7c93c68c36e1491d59,rescue_seed20270817,0,383.15,lowest G383.15 among eligible certificates; same geometry at all T,101325.0,1.0,100.0,0,1
Ru_bipyridine_pnnoh_Ph|active,Ru_bipyridine_pnnoh_Ph,active,340.0,-50764.851139520106,223.42446684615814,-50519.26295153715,197.18123972257055,183.0915225997841,-50579.26509643671,2.248972784367174,kcal/mol,cal/(mol K),0,C24H19N2O2PRu,GFN2-xTB/ALPB toluene gsolv + qRRHO + 1M,data/targeted_rescue/thermochemistry/Ru_bipyridine_pnnoh_Ph__active/result.json,8b453246804389db2b6c3a938ecc182795c88e8e958c09b7234170de3aa23d6c,data/targeted_rescue/thermochemistry/Ru_bipyridine_pnnoh_Ph__active/result.json#/attempts/0/native_command,data/datasets/thermochemistry/export_protocol.json,data/targeted_rescue/thermochemistry/Ru_bipyridine_pnnoh_Ph__active/accepted_geometry.xyz,f417bd5294e6d589c1648fb3092362b6cebda7d6d85bf97e2e831972735387c7,data/targeted_rescue/thermochemistry/Ru_bipyridine_pnnoh_Ph__active/hessian_00.npz,1ecf79898cc6afeba0ae804947356849f5afe47af0238d7c93c68c36e1491d59,rescue_seed20270817,0,383.15,lowest G383.15 among eligible certificates; same geometry at all T,101325.0,1.0,100.0,0,1
Ru_bipyridine_pnnoh_Ph|active,Ru_bipyridine_pnnoh_Ph,active,350.0,-50764.851139520106,223.42446684615814,-50518.043676709705,200.71540351419486,186.3435130233179,-50580.928625770284,2.3352804975836268,kcal/mol,cal/(mol K),0,C24H19N2O2PRu,GFN2-xTB/ALPB toluene gsolv + qRRHO + 1M,data/targeted_rescue/thermochemistry/Ru_bipyridine_pnnoh_Ph__active/result.json,8b453246804389db2b6c3a938ecc182795c88e8e958c09b7234170de3aa23d6c,data/targeted_rescue/thermochemistry/Ru_bipyridine_pnnoh_Ph__active/result.json#/attempts/0/native_command,data/datasets/thermochemistry/export_protocol.json,data/targeted_rescue/thermochemistry/Ru_bipyridine_pnnoh_Ph__active/accepted_geometry.xyz,f417bd5294e6d589c1648fb3092362b6cebda7d6d85bf97e2e831972735387c7,data/targeted_rescue/thermochemistry/Ru_bipyridine_pnnoh_Ph__active/hessian_00.npz,1ecf79898cc6afeba0ae804947356849f5afe47af0238d7c93c68c36e1491d59,rescue_seed20270817,0,383.15,lowest G383.15 among eligible certificates; same geometry at all T,101325.0,1.0,100.0,0,1
Ru_bipyridine_pnnoh_Ph|active,Ru_bipyridine_pnnoh_Ph,active,360.0,-50764.851139520106,223.42446684615814,-50516.794148215464,204.23523647064306,189.58884624083677,-50582.62397680145,2.422156060718619,kcal/mol,cal/(mol K),0,C24H19N2O2PRu,GFN2-xTB/ALPB toluene gsolv + qRRHO + 1M,data/targeted_rescue/thermochemistry/Ru_bipyridine_pnnoh_Ph__active/result.json,8b453246804389db2b6c3a938ecc182795c88e8e958c09b7234170de3aa23d6c,data/targeted_rescue/thermochemistry/Ru_bipyridine_pnnoh_Ph__active/result.json#/attempts/0/native_command,data/datasets/thermochemistry/export_protocol.json,data/targeted_rescue/thermochemistry/Ru_bipyridine_pnnoh_Ph__active/accepted_geometry.xyz,f417bd5294e6d589c1648fb3092362b6cebda7d6d85bf97e2e831972735387c7,data/targeted_rescue/thermochemistry/Ru_bipyridine_pnnoh_Ph__active/hessian_00.npz,1ecf79898cc6afeba0ae804947356849f5afe47af0238d7c93c68c36e1491d59,rescue_seed20270817,0,383.15,lowest G383.15 among eligible certificates; same geometry at all T,101325.0,1.0,100.0,0,1
Ru_bipyridine_pnnoh_Ph|active,Ru_bipyridine_pnnoh_Ph,active,370.0,-50764.851139520106,223.42446684615814,-50515.51488361407,207.74010588224613,192.82648927401124,-50584.35110094941,2.509583696046293,kcal/mol,cal/(mol K),0,C24H19N2O2PRu,GFN2-xTB/ALPB toluene gsolv + qRRHO + 1M,data/targeted_rescue/thermochemistry/Ru_bipyridine_pnnoh_Ph__active/result.json,8b453246804389db2b6c3a938ecc182795c88e8e958c09b7234170de3aa23d6c,data/targeted_rescue/thermochemistry/Ru_bipyridine_pnnoh_Ph__active/result.json#/attempts/0/native_command,data/datasets/thermochemistry/export_protocol.json,data/targeted_rescue/thermochemistry/Ru_bipyridine_pnnoh_Ph__active/accepted_geometry.xyz,f417bd5294e6d589c1648fb3092362b6cebda7d6d85bf97e2e831972735387c7,data/targeted_rescue/thermochemistry/Ru_bipyridine_pnnoh_Ph__active/hessian_00.npz,1ecf79898cc6afeba0ae804947356849f5afe47af0238d7c93c68c36e1491d59,rescue_seed20270817,0,383.15,lowest G383.15 among eligible certificates; same geometry at all T,101325.0,1.0,100.0,0,1
Ru_bipyridine_pnnoh_Ph|active,Ru_bipyridine_pnnoh_Ph,active,380.0,-50764.851139520106,223.42446684615814,-50514.20641912789,211.22937986486073,196.05544006129978,-50586.10993787218,2.597548479011341,kcal/mol,cal/(mol K),0,C24H19N2O2PRu,GFN2-xTB/ALPB toluene gsolv + qRRHO + 1M,data/targeted_rescue/thermochemistry/Ru_bipyridine_pnnoh_Ph__active/result.json,8b453246804389db2b6c3a938ecc182795c88e8e958c09b7234170de3aa23d6c,data/targeted_rescue/thermochemistry/Ru_bipyridine_pnnoh_Ph__active/result.json#/attempts/0/native_command,data/datasets/thermochemistry/export_protocol.json,data/targeted_rescue/thermochemistry/Ru_bipyridine_pnnoh_Ph__active/accepted_geometry.xyz,f417bd5294e6d589c1648fb3092362b6cebda7d6d85bf97e2e831972735387c7,data/targeted_rescue/thermochemistry/Ru_bipyridine_pnnoh_Ph__active/hessian_00.npz,1ecf79898cc6afeba0ae804947356849f5afe47af0238d7c93c68c36e1491d59,rescue_seed20270817,0,383.15,lowest G383.15 among eligible certificates; same geometry at all T,101325.0,1.0,100.0,0,1
Ru_bipyridine_pnnoh_Ph|active,Ru_bipyridine_pnnoh_Ph,active,383.15,-50764.851139520106,223.42446684615814,-50513.78829288293,212.32517143901143,197.07060405150736,-50586.67052846969,2.625366355574337,kcal/mol,cal/(mol K),0,C24H19N2O2PRu,GFN2-xTB/ALPB toluene gsolv + qRRHO + 1M,data/targeted_rescue/thermochemistry/Ru_bipyridine_pnnoh_Ph__active/result.json,8b453246804389db2b6c3a938ecc182795c88e8e958c09b7234170de3aa23d6c,data/targeted_rescue/thermochemistry/Ru_bipyridine_pnnoh_Ph__active/result.json#/attempts/0/native_command,data/datasets/thermochemistry/export_protocol.json,data/targeted_rescue/thermochemistry/Ru_bipyridine_pnnoh_Ph__active/accepted_geometry.xyz,f417bd5294e6d589c1648fb3092362b6cebda7d6d85bf97e2e831972735387c7,data/targeted_rescue/thermochemistry/Ru_bipyridine_pnnoh_Ph__active/hessian_00.npz,1ecf79898cc6afeba0ae804947356849f5afe47af0238d7c93c68c36e1491d59,rescue_seed20270817,0,383.15,lowest G383.15 among eligible certificates; same geometry at all T,101325.0,1.0,100.0,0,1
Ru_bipyridine_pnnoh_Ph|active,Ru_bipyridine_pnnoh_Ph,active,390.0,-50764.851139520106,223.42446684615814,-50512.86930579856,214.70243726114555,199.27473445806152,-50587.90041596636,2.686036270841015,kcal/mol,cal/(mol K),0,C24H19N2O2PRu,GFN2-xTB/ALPB toluene gsolv + qRRHO + 1M,data/targeted_rescue/thermochemistry/Ru_bipyridine_pnnoh_Ph__active/result.json,8b453246804389db2b6c3a938ecc182795c88e8e958c09b7234170de3aa23d6c,data/targeted_rescue/thermochemistry/Ru_bipyridine_pnnoh_Ph__active/result.json#/attempts/0/native_command,data/datasets/thermochemistry/export_protocol.json,data/targeted_rescue/thermochemistry/Ru_bipyridine_pnnoh_Ph__active/accepted_geometry.xyz,f417bd5294e6d589c1648fb3092362b6cebda7d6d85bf97e2e831972735387c7,data/targeted_rescue/thermochemistry/Ru_bipyridine_pnnoh_Ph__active/hessian_00.npz,1ecf79898cc6afeba0ae804947356849f5afe47af0238d7c93c68c36e1491d59,rescue_seed20270817,0,383.15,lowest G383.15 among eligible certificates; same geometry at all T,101325.0,1.0,100.0,0,1
Ru_bipyridine_pnnoh_Ph|active,Ru_bipyridine_pnnoh_Ph,active,400.0,-50764.851139520106,223.42446684615814,-50511.50410590214,218.1586756335306,202.48345166477299,-50589.72245290998,2.775033658072708,kcal/mol,cal/(mol K),0,C24H19N2O2PRu,GFN2-xTB/ALPB toluene gsolv + qRRHO + 1M,data/targeted_rescue/thermochemistry/Ru_bipyridine_pnnoh_Ph__active/result.json,8b453246804389db2b6c3a938ecc182795c88e8e958c09b7234170de3aa23d6c,data/targeted_rescue/thermochemistry/Ru_bipyridine_pnnoh_Ph__active/result.json#/attempts/0/native_command,data/datasets/thermochemistry/export_protocol.json,data/targeted_rescue/thermochemistry/Ru_bipyridine_pnnoh_Ph__active/accepted_geometry.xyz,f417bd5294e6d589c1648fb3092362b6cebda7d6d85bf97e2e831972735387c7,data/targeted_rescue/thermochemistry/Ru_bipyridine_pnnoh_Ph__active/hessian_00.npz,1ecf79898cc6afeba0ae804947356849f5afe47af0238d7c93c68c36e1491d59,rescue_seed20270817,0,383.15,lowest G383.15 among eligible certificates; same geometry at all T,101325.0,1.0,100.0,0,1
Ru_bipyridine_pnnoh_Ph|active,Ru_bipyridine_pnnoh_Ph,active,410.0,-50764.851139520106,223.42446684615814,-50510.111389642094,221.59751758431247,205.6807182737557,-50591.5759562362,2.8645278981321125,kcal/mol,cal/(mol K),0,C24H19N2O2PRu,GFN2-xTB/ALPB toluene gsolv + qRRHO + 1M,data/targeted_rescue/thermochemistry/Ru_bipyridine_pnnoh_Ph__active/result.json,8b453246804389db2b6c3a938ecc182795c88e8e958c09b7234170de3aa23d6c,data/targeted_rescue/thermochemistry/Ru_bipyridine_pnnoh_Ph__active/result.json#/attempts/0/native_command,data/datasets/thermochemistry/export_protocol.json,data/targeted_rescue/thermochemistry/Ru_bipyridine_pnnoh_Ph__active/accepted_geometry.xyz,f417bd5294e6d589c1648fb3092362b6cebda7d6d85bf97e2e831972735387c7,data/targeted_rescue/thermochemistry/Ru_bipyridine_pnnoh_Ph__active/hessian_00.npz,1ecf79898cc6afeba0ae804947356849f5afe47af0238d7c93c68c36e1491d59,rescue_seed20270817,0,383.15,lowest G383.15 among eligible certificates; same geometry at all T,101325.0,1.0,100.0,0,1
Ru_bipyridine_pnnoh_Ph|active,Ru_bipyridine_pnnoh_Ph,active,420.0,-50764.851139520106,223.42446684615814,-50508.69173212966,225.01841562091352,208.86571111418255,-50593.460823927395,2.954506870223601,kcal/mol,cal/(mol K),0,C24H19N2O2PRu,GFN2-xTB/ALPB toluene gsolv + qRRHO + 1M,data/targeted_rescue/thermochemistry/Ru_bipyridine_pnnoh_Ph__active/result.json,8b453246804389db2b6c3a938ecc182795c88e8e958c09b7234170de3aa23d6c,data/targeted_rescue/thermochemistry/Ru_bipyridine_pnnoh_Ph__active/result.json#/attempts/0/native_command,data/datasets/thermochemistry/export_protocol.json,data/targeted_rescue/thermochemistry/Ru_bipyridine_pnnoh_Ph__active/accepted_geometry.xyz,f417bd5294e6d589c1648fb3092362b6cebda7d6d85bf97e2e831972735387c7,data/targeted_rescue/thermochemistry/Ru_bipyridine_pnnoh_Ph__active/hessian_00.npz,1ecf79898cc6afeba0ae804947356849f5afe47af0238d7c93c68c36e1491d59,rescue_seed20270817,0,383.15,lowest G383.15 among eligible certificates; same geometry at all T,101325.0,1.0,100.0,0,1
Ru_bipyridine_pnnoh_Ph|active,Ru_bipyridine_pnnoh_Ph,active,430.0,-50764.851139520106,223.42446684615814,-50507.245710654264,228.42085576629006,212.0376590627208,-50595.37694502033,3.044959030900024,kcal/mol,cal/(mol K),0,C24H19N2O2PRu,GFN2-xTB/ALPB toluene gsolv + qRRHO + 1M,data/targeted_rescue/thermochemistry/Ru_bipyridine_pnnoh_Ph__active/result.json,8b453246804389db2b6c3a938ecc182795c88e8e958c09b7234170de3aa23d6c,data/targeted_rescue/thermochemistry/Ru_bipyridine_pnnoh_Ph__active/result.json#/attempts/0/native_command,data/datasets/thermochemistry/export_protocol.json,data/targeted_rescue/thermochemistry/Ru_bipyridine_pnnoh_Ph__active/accepted_geometry.xyz,f417bd5294e6d589c1648fb3092362b6cebda7d6d85bf97e2e831972735387c7,data/targeted_rescue/thermochemistry/Ru_bipyridine_pnnoh_Ph__active/hessian_00.npz,1ecf79898cc6afeba0ae804947356849f5afe47af0238d7c93c68c36e1491d59,rescue_seed20270817,0,383.15,lowest G383.15 among eligible certificates; same geometry at all T,101325.0,1.0,100.0,0,1
Ru_bipyridine_pnnoh_Ph|active,Ru_bipyridine_pnnoh_Ph,active,440.0,-50764.851139520106,223.42446684615814,-50505.77390223985,231.8043600962529,215.19584397368115,-50597.324200214505,3.135873373767528,kcal/mol,cal/(mol K),0,C24H19N2O2PRu,GFN2-xTB/ALPB toluene gsolv + qRRHO + 1M,data/targeted_rescue/thermochemistry/Ru_bipyridine_pnnoh_Ph__active/result.json,8b453246804389db2b6c3a938ecc182795c88e8e958c09b7234170de3aa23d6c,data/targeted_rescue/thermochemistry/Ru_bipyridine_pnnoh_Ph__active/result.json#/attempts/0/native_command,data/datasets/thermochemistry/export_protocol.json,data/targeted_rescue/thermochemistry/Ru_bipyridine_pnnoh_Ph__active/accepted_geometry.xyz,f417bd5294e6d589c1648fb3092362b6cebda7d6d85bf97e2e831972735387c7,data/targeted_rescue/thermochemistry/Ru_bipyridine_pnnoh_Ph__active/hessian_00.npz,1ecf79898cc6afeba0ae804947356849f5afe47af0238d7c93c68c36e1491d59,rescue_seed20270817,0,383.15,lowest G383.15 among eligible certificates; same geometry at all T,101325.0,1.0,100.0,0,1
Ru_bipyridine_pnnoh_Ph|hydrogenated,Ru_bipyridine_pnnoh_Ph,hydrogenated,298.15,-51432.2586088587,234.95264303160826,-51179.5657532138,184.46935001971514,171.4895132416206,-51228.80102314129,1.894328445494145,kcal/mol,cal/(mol K),0,C24H21N2O2PRu,GFN2-xTB/ALPB toluene gsolv + qRRHO + 1M,data/targeted_rescue/thermochemistry/Ru_bipyridine_pnnoh_Ph__hydrogenated/result.json,aa46cd2af0988329089bfe3272209ccbe0ecd7f327dedf614767bf89a50e2829,data/targeted_rescue/thermochemistry/Ru_bipyridine_pnnoh_Ph__hydrogenated/result.json#/attempts/0/native_command,data/datasets/thermochemistry/export_protocol.json,data/targeted_rescue/thermochemistry/Ru_bipyridine_pnnoh_Ph__hydrogenated/accepted_geometry.xyz,91ea845baac54c4a8c140202bc198b76a49f5d339dee855cc65bd5e6fd4cf66e,data/targeted_rescue/thermochemistry/Ru_bipyridine_pnnoh_Ph__hydrogenated/hessian_00.npz,25d20e73b62ee567e8c18d5bc0c3df8167132d85624413057ea61287c53a95e4,rescue_seed20270000,0,383.15,lowest G383.15 among eligible certificates; same geometry at all T,101325.0,1.0,100.0,0,1
Ru_bipyridine_pnnoh_Ph|hydrogenated,Ru_bipyridine_pnnoh_Ph,hydrogenated,340.0,-51432.2586088587,234.95264303160826,-51174.680693379145,199.78151298585817,185.49155280450603,-51235.49884854831,2.248972784367174,kcal/mol,cal/(mol K),0,C24H21N2O2PRu,GFN2-xTB/ALPB toluene gsolv + qRRHO + 1M,data/targeted_rescue/thermochemistry/Ru_bipyridine_pnnoh_Ph__hydrogenated/result.json,aa46cd2af0988329089bfe3272209ccbe0ecd7f327dedf614767bf89a50e2829,data/targeted_rescue/thermochemistry/Ru_bipyridine_pnnoh_Ph__hydrogenated/result.json#/attempts/0/native_command,data/datasets/thermochemistry/export_protocol.json,data/targeted_rescue/thermochemistry/Ru_bipyridine_pnnoh_Ph__hydrogenated/accepted_geometry.xyz,91ea845baac54c4a8c140202bc198b76a49f5d339dee855cc65bd5e6fd4cf66e,data/targeted_rescue/thermochemistry/Ru_bipyridine_pnnoh_Ph__hydrogenated/hessian_00.npz,25d20e73b62ee567e8c18d5bc0c3df8167132d85624413057ea61287c53a95e4,rescue_seed20270000,0,383.15,lowest G383.15 among eligible certificates; same geometry at all T,101325.0,1.0,100.0,0,1
Ru_bipyridine_pnnoh_Ph|hydrogenated,Ru_bipyridine_pnnoh_Ph,hydrogenated,350.0,-51432.2586088587,234.95264303160826,-51173.428792219056,203.41024258648673,188.83022938131504,-51237.184092004936,2.3352804975836268,kcal/mol,cal/(mol K),0,C24H21N2O2PRu,GFN2-xTB/ALPB toluene gsolv + qRRHO + 1M,data/targeted_rescue/thermochemistry/Ru_bipyridine_pnnoh_Ph__hydrogenated/result.json,aa46cd2af0988329089bfe3272209ccbe0ecd7f327dedf614767bf89a50e2829,data/targeted_rescue/thermochemistry/Ru_bipyridine_pnnoh_Ph__hydrogenated/result.json#/attempts/0/native_command,data/datasets/thermochemistry/export_protocol.json,data/targeted_rescue/thermochemistry/Ru_bipyridine_pnnoh_Ph__hydrogenated/accepted_geometry.xyz,91ea845baac54c4a8c140202bc198b76a49f5d339dee855cc65bd5e6fd4cf66e,data/targeted_rescue/thermochemistry/Ru_bipyridine_pnnoh_Ph__hydrogenated/hessian_00.npz,25d20e73b62ee567e8c18d5bc0c3df8167132d85624413057ea61287c53a95e4,rescue_seed20270000,0,383.15,lowest G383.15 among eligible certificates; same geometry at all T,101325.0,1.0,100.0,0,1
Ru_bipyridine_pnnoh_Ph|hydrogenated,Ru_bipyridine_pnnoh_Ph,hydrogenated,360.0,-51432.2586088587,234.95264303160826,-51172.14522787734,207.02594821324703,192.16376890077834,-51238.902028620905,2.422156060718619,kcal/mol,cal/(mol K),0,C24H21N2O2PRu,GFN2-xTB/ALPB toluene gsolv + qRRHO + 1M,data/targeted_rescue/thermochemistry/Ru_bipyridine_pnnoh_Ph__hydrogenated/result.json,aa46cd2af0988329089bfe3272209ccbe0ecd7f327dedf614767bf89a50e2829,data/targeted_rescue/thermochemistry/Ru_bipyridine_pnnoh_Ph__hydrogenated/result.json#/attempts/0/native_command,data/datasets/thermochemistry/export_protocol.json,data/targeted_rescue/thermochemistry/Ru_bipyridine_pnnoh_Ph__hydrogenated/accepted_geometry.xyz,91ea845baac54c4a8c140202bc198b76a49f5d339dee855cc65bd5e6fd4cf66e,data/targeted_rescue/thermochemistry/Ru_bipyridine_pnnoh_Ph__hydrogenated/hessian_00.npz,25d20e73b62ee567e8c18d5bc0c3df8167132d85624413057ea61287c53a95e4,rescue_seed20270000,0,383.15,lowest G383.15 among eligible certificates; same geometry at all T,101325.0,1.0,100.0,0,1
Ru_bipyridine_pnnoh_Ph|hydrogenated,Ru_bipyridine_pnnoh_Ph,hydrogenated,370.0,-51432.2586088587,234.95264303160826,-51170.83052642165,210.62790223812374,195.4910324256552,-51240.652624723094,2.509583696046293,kcal/mol,cal/(mol K),0,C24H21N2O2PRu,GFN2-xTB/ALPB toluene gsolv + qRRHO + 1M,data/targeted_rescue/thermochemistry/Ru_bipyridine_pnnoh_Ph__hydrogenated/result.json,aa46cd2af0988329089bfe3272209ccbe0ecd7f327dedf614767bf89a50e2829,data/targeted_rescue/thermochemistry/Ru_bipyridine_pnnoh_Ph__hydrogenated/result.json#/attempts/0/native_command,data/datasets/thermochemistry/export_protocol.json,data/targeted_rescue/thermochemistry/Ru_bipyridine_pnnoh_Ph__hydrogenated/accepted_geometry.xyz,91ea845baac54c4a8c140202bc198b76a49f5d339dee855cc65bd5e6fd4cf66e,data/targeted_rescue/thermochemistry/Ru_bipyridine_pnnoh_Ph__hydrogenated/hessian_00.npz,25d20e73b62ee567e8c18d5bc0c3df8167132d85624413057ea61287c53a95e4,rescue_seed20270000,0,383.15,lowest G383.15 among eligible certificates; same geometry at all T,101325.0,1.0,100.0,0,1
Ru_bipyridine_pnnoh_Ph|hydrogenated,Ru_bipyridine_pnnoh_Ph,hydrogenated,380.0,-51432.2586088587,234.95264303160826,-51169.48523525817,214.2153783144627,198.81091321117646,-51242.43583379941,2.597548479011341,kcal/mol,cal/(mol K),0,C24H21N2O2PRu,GFN2-xTB/ALPB toluene gsolv + qRRHO + 1M,data/targeted_rescue/thermochemistry/Ru_bipyridine_pnnoh_Ph__hydrogenated/result.json,aa46cd2af0988329089bfe3272209ccbe0ecd7f327dedf614767bf89a50e2829,data/targeted_rescue/thermochemistry/Ru_bipyridine_pnnoh_Ph__hydrogenated/result.json#/attempts/0/native_command,data/datasets/thermochemistry/export_protocol.json,data/targeted_rescue/thermochemistry/Ru_bipyridine_pnnoh_Ph__hydrogenated/accepted_geometry.xyz,91ea845baac54c4a8c140202bc198b76a49f5d339dee855cc65bd5e6fd4cf66e,data/targeted_rescue/thermochemistry/Ru_bipyridine_pnnoh_Ph__hydrogenated/hessian_00.npz,25d20e73b62ee567e8c18d5bc0c3df8167132d85624413057ea61287c53a95e4,rescue_seed20270000,0,383.15,lowest G383.15 among eligible certificates; same geometry at all T,101325.0,1.0,100.0,0,1
Ru_bipyridine_pnnoh_Ph|hydrogenated,Ru_bipyridine_pnnoh_Ph,hydrogenated,383.15,-51432.2586088587,234.95264303160826,-51169.055222864336,215.34232004932605,199.85497488913856,-51243.004290137535,2.625366355574337,kcal/mol,cal/(mol K),0,C24H21N2O2PRu,GFN2-xTB/ALPB toluene gsolv + qRRHO + 1M,data/targeted_rescue/thermochemistry/Ru_bipyridine_pnnoh_Ph__hydrogenated/result.json,aa46cd2af0988329089bfe3272209ccbe0ecd7f327dedf614767bf89a50e2829,data/targeted_rescue/thermochemistry/Ru_bipyridine_pnnoh_Ph__hydrogenated/result.json#/attempts/0/native_command,data/datasets/thermochemistry/export_protocol.json,data/targeted_rescue/thermochemistry/Ru_bipyridine_pnnoh_Ph__hydrogenated/accepted_geometry.xyz,91ea845baac54c4a8c140202bc198b76a49f5d339dee855cc65bd5e6fd4cf66e,data/targeted_rescue/thermochemistry/Ru_bipyridine_pnnoh_Ph__hydrogenated/hessian_00.npz,25d20e73b62ee567e8c18d5bc0c3df8167132d85624413057ea61287c53a95e4,rescue_seed20270000,0,383.15,lowest G383.15 among eligible certificates; same geometry at all T,101325.0,1.0,100.0,0,1
Ru_bipyridine_pnnoh_Ph|hydrogenated,Ru_bipyridine_pnnoh_Ph,hydrogenated,390.0,-51432.2586088587,234.95264303160826,-51168.10991896093,217.78766208145615,202.1223444308585,-51244.25159701813,2.686036270841015,kcal/mol,cal/(mol K),0,C24H21N2O2PRu,GFN2-xTB/ALPB toluene gsolv + qRRHO + 1M,data/targeted_rescue/thermochemistry/Ru_bipyridine_pnnoh_Ph__hydrogenated/result.json,aa46cd2af0988329089bfe3272209ccbe0ecd7f327dedf614767bf89a50e2829,data/targeted_rescue/thermochemistry/Ru_bipyridine_pnnoh_Ph__hydrogenated/result.json#/attempts/0/native_command,data/datasets/thermochemistry/export_protocol.json,data/targeted_rescue/thermochemistry/Ru_bipyridine_pnnoh_Ph__hydrogenated/accepted_geometry.xyz,91ea845baac54c4a8c140202bc198b76a49f5d339dee855cc65bd5e6fd4cf66e,data/targeted_rescue/thermochemistry/Ru_bipyridine_pnnoh_Ph__hydrogenated/hessian_00.npz,25d20e73b62ee567e8c18d5bc0c3df8167132d85624413057ea61287c53a95e4,rescue_seed20270000,0,383.15,lowest G383.15 among eligible certificates; same geometry at all T,101325.0,1.0,100.0,0,1
Ru_bipyridine_pnnoh_Ph|hydrogenated,Ru_bipyridine_pnnoh_Ph,hydrogenated,400.0,-51432.2586088587,234.95264303160826,-51166.705155378186,221.34405981148043,205.42430519029517,-51246.09984379623,2.775033658072708,kcal/mol,cal/(mol K),0,C24H21N2O2PRu,GFN2-xTB/ALPB toluene gsolv + qRRHO + 1M,data/targeted_rescue/thermochemistry/Ru_bipyridine_pnnoh_Ph__hydrogenated/result.json,aa46cd2af0988329089bfe3272209ccbe0ecd7f327dedf614767bf89a50e2829,data/targeted_rescue/thermochemistry/Ru_bipyridine_pnnoh_Ph__hydrogenated/result.json#/attempts/0/native_command,data/datasets/thermochemistry/export_protocol.json,data/targeted_rescue/thermochemistry/Ru_bipyridine_pnnoh_Ph__hydrogenated/accepted_geometry.xyz,91ea845baac54c4a8c140202bc198b76a49f5d339dee855cc65bd5e6fd4cf66e,data/targeted_rescue/thermochemistry/Ru_bipyridine_pnnoh_Ph__hydrogenated/hessian_00.npz,25d20e73b62ee567e8c18d5bc0c3df8167132d85624413057ea61287c53a95e4,rescue_seed20270000,0,383.15,lowest G383.15 among eligible certificates; same geometry at all T,101325.0,1.0,100.0,0,1
Ru_bipyridine_pnnoh_Ph|hydrogenated,Ru_bipyridine_pnnoh_Ph,hydrogenated,410.0,-51432.2586088587,234.95264303160826,-51165.271532036866,224.8839052539139,208.71582503641744,-51247.980492403665,2.8645278981321125,kcal/mol,cal/(mol K),0,C24H21N2O2PRu,GFN2-xTB/ALPB toluene gsolv + qRRHO + 1M,data/targeted_rescue/thermochemistry/Ru_bipyridine_pnnoh_Ph__hydrogenated/result.json,aa46cd2af0988329089bfe3272209ccbe0ecd7f327dedf614767bf89a50e2829,data/targeted_rescue/thermochemistry/Ru_bipyridine_pnnoh_Ph__hydrogenated/result.json#/attempts/0/native_command,data/datasets/thermochemistry/export_protocol.json,data/targeted_rescue/thermochemistry/Ru_bipyridine_pnnoh_Ph__hydrogenated/accepted_geometry.xyz,91ea845baac54c4a8c140202bc198b76a49f5d339dee855cc65bd5e6fd4cf66e,data/targeted_rescue/thermochemistry/Ru_bipyridine_pnnoh_Ph__hydrogenated/hessian_00.npz,25d20e73b62ee567e8c18d5bc0c3df8167132d85624413057ea61287c53a95e4,rescue_seed20270000,0,383.15,lowest G383.15 among eligible certificates; same geometry at all T,101325.0,1.0,100.0,0,1
Ru_bipyridine_pnnoh_Ph|hydrogenated,Ru_bipyridine_pnnoh_Ph,hydrogenated,420.0,-51432.2586088587,234.95264303160826,-51163.80964285551,228.4065649102213,211.99598715778052,-51249.89345059155,2.954506870223601,kcal/mol,cal/(mol K),0,C24H21N2O2PRu,GFN2-xTB/ALPB toluene gsolv + qRRHO + 1M,data/targeted_rescue/thermochemistry/Ru_bipyridine_pnnoh_Ph__hydrogenated/result.json,aa46cd2af0988329089bfe3272209ccbe0ecd7f327dedf614767bf89a50e2829,data/targeted_rescue/thermochemistry/Ru_bipyridine_pnnoh_Ph__hydrogenated/result.json#/attempts/0/native_command,data/datasets/thermochemistry/export_protocol.json,data/targeted_rescue/thermochemistry/Ru_bipyridine_pnnoh_Ph__hydrogenated/accepted_geometry.xyz,91ea845baac54c4a8c140202bc198b76a49f5d339dee855cc65bd5e6fd4cf66e,data/targeted_rescue/thermochemistry/Ru_bipyridine_pnnoh_Ph__hydrogenated/hessian_00.npz,25d20e73b62ee567e8c18d5bc0c3df8167132d85624413057ea61287c53a95e4,rescue_seed20270000,0,383.15,lowest G383.15 among eligible certificates; same geometry at all T,101325.0,1.0,100.0,0,1
Ru_bipyridine_pnnoh_Ph|hydrogenated,Ru_bipyridine_pnnoh_Ph,hydrogenated,430.0,-51432.2586088587,234.95264303160826,-51162.32008516852,231.91144195557976,215.26393045770192,-51251.83861623443,3.044959030900024,kcal/mol,cal/(mol K),0,C24H21N2O2PRu,GFN2-xTB/ALPB toluene gsolv + qRRHO + 1M,data/targeted_rescue/thermochemistry/Ru_bipyridine_pnnoh_Ph__hydrogenated/result.json,aa46cd2af0988329089bfe3272209ccbe0ecd7f327dedf614767bf89a50e2829,data/targeted_rescue/thermochemistry/Ru_bipyridine_pnnoh_Ph__hydrogenated/result.json#/attempts/0/native_command,data/datasets/thermochemistry/export_protocol.json,data/targeted_rescue/thermochemistry/Ru_bipyridine_pnnoh_Ph__hydrogenated/accepted_geometry.xyz,91ea845baac54c4a8c140202bc198b76a49f5d339dee855cc65bd5e6fd4cf66e,data/targeted_rescue/thermochemistry/Ru_bipyridine_pnnoh_Ph__hydrogenated/hessian_00.npz,25d20e73b62ee567e8c18d5bc0c3df8167132d85624413057ea61287c53a95e4,rescue_seed20270000,0,383.15,lowest G383.15 among eligible certificates; same geometry at all T,101325.0,1.0,100.0,0,1
Ru_bipyridine_pnnoh_Ph|hydrogenated,Ru_bipyridine_pnnoh_Ph,hydrogenated,440.0,-51432.2586088587,234.95264303160826,-51160.80345705784,235.39797900265845,218.51885066725538,-51253.815877977664,3.135873373767528,kcal/mol,cal/(mol K),0,C24H21N2O2PRu,GFN2-xTB/ALPB toluene gsolv + qRRHO + 1M,data/targeted_rescue/thermochemistry/Ru_bipyridine_pnnoh_Ph__hydrogenated/result.json,aa46cd2af0988329089bfe3272209ccbe0ecd7f327dedf614767bf89a50e2829,data/targeted_rescue/thermochemistry/Ru_bipyridine_pnnoh_Ph__hydrogenated/result.json#/attempts/0/native_command,data/datasets/thermochemistry/export_protocol.json,data/targeted_rescue/thermochemistry/Ru_bipyridine_pnnoh_Ph__hydrogenated/accepted_geometry.xyz,91ea845baac54c4a8c140202bc198b76a49f5d339dee855cc65bd5e6fd4cf66e,data/targeted_rescue/thermochemistry/Ru_bipyridine_pnnoh_Ph__hydrogenated/hessian_00.npz,25d20e73b62ee567e8c18d5bc0c3df8167132d85624413057ea61287c53a95e4,rescue_seed20270000,0,383.15,lowest G383.15 among eligible certificates; same geometry at all T,101325.0,1.0,100.0,0,1
Ru_bipyridine_pnnoh_Ph|protonated_reference,Ru_bipyridine_pnnoh_Ph,protonated_reference,298.15,-50883.9973482027,229.74761575282287,-50636.62203081085,183.93256330306446,171.0336014098478,-50685.7213706257,1.894328445494145,kcal/mol,cal/(mol K),1,C24H20N2O2PRu,GFN2-xTB/ALPB toluene gsolv + qRRHO + 1M,data/targeted_rescue/thermochemistry/Ru_bipyridine_pnnoh_Ph__protonated_reference/result.json,4af479c908c4a86f13d442be5362353ab56ea30e1172f2e2991d496416e2a39c,data/targeted_rescue/thermochemistry/Ru_bipyridine_pnnoh_Ph__protonated_reference/result.json#/attempts/0/native_command,data/datasets/thermochemistry/export_protocol.json,data/targeted_rescue/thermochemistry/Ru_bipyridine_pnnoh_Ph__protonated_reference/accepted_geometry.xyz,b3b72c2a7a2d6d5f18acd6222708e5547cfda109852ee140269eb30588f0753c,data/targeted_rescue/thermochemistry/Ru_bipyridine_pnnoh_Ph__protonated_reference/hessian_00.npz,3b14afac7e807e2ee5fa5c44e78e6115cad07e9a37e94b5aa3c4e74c1b016336,rescue_seed20270000,0,383.15,lowest G383.15 among eligible certificates; same geometry at all T,101325.0,1.0,100.0,0,1
Ru_bipyridine_pnnoh_Ph|protonated_reference,Ru_bipyridine_pnnoh_Ph,protonated_reference,340.0,-50883.9973482027,229.74761575282287,-50631.783637737426,199.09875357525743,184.9341906554268,-50692.41228977591,2.248972784367174,kcal/mol,cal/(mol K),1,C24H20N2O2PRu,GFN2-xTB/ALPB toluene gsolv + qRRHO + 1M,data/targeted_rescue/thermochemistry/Ru_bipyridine_pnnoh_Ph__protonated_reference/result.json,4af479c908c4a86f13d442be5362353ab56ea30e1172f2e2991d496416e2a39c,data/targeted_rescue/thermochemistry/Ru_bipyridine_pnnoh_Ph__protonated_reference/result.json#/attempts/0/native_command,data/datasets/thermochemistry/export_protocol.json,data/targeted_rescue/thermochemistry/Ru_bipyridine_pnnoh_Ph__protonated_reference/accepted_geometry.xyz,b3b72c2a7a2d6d5f18acd6222708e5547cfda109852ee140269eb30588f0753c,data/targeted_rescue/thermochemistry/Ru_bipyridine_pnnoh_Ph__protonated_reference/hessian_00.npz,3b14afac7e807e2ee5fa5c44e78e6115cad07e9a37e94b5aa3c4e74c1b016336,rescue_seed20270000,0,383.15,lowest G383.15 among eligible certificates; same geometry at all T,101325.0,1.0,100.0,0,1
Ru_bipyridine_pnnoh_Ph|protonated_reference,Ru_bipyridine_pnnoh_Ph,protonated_reference,350.0,-50883.9973482027,229.74761575282287,-50630.54504539332,202.68891011512125,188.24410791851713,-50694.095202667224,2.3352804975836268,kcal/mol,cal/(mol K),1,C24H20N2O2PRu,GFN2-xTB/ALPB toluene gsolv + qRRHO + 1M,data/targeted_rescue/thermochemistry/Ru_bipyridine_pnnoh_Ph__protonated_reference/result.json,4af479c908c4a86f13d442be5362353ab56ea30e1172f2e2991d496416e2a39c,data/targeted_rescue/thermochemistry/Ru_bipyridine_pnnoh_Ph__protonated_reference/result.json#/attempts/0/native_command,data/datasets/thermochemistry/export_protocol.json,data/targeted_rescue/thermochemistry/Ru_bipyridine_pnnoh_Ph__protonated_reference/accepted_geometry.xyz,b3b72c2a7a2d6d5f18acd6222708e5547cfda109852ee140269eb30588f0753c,data/targeted_rescue/thermochemistry/Ru_bipyridine_pnnoh_Ph__protonated_reference/hessian_00.npz,3b14afac7e807e2ee5fa5c44e78e6115cad07e9a37e94b5aa3c4e74c1b016336,rescue_seed20270000,0,383.15,lowest G383.15 among eligible certificates; same geometry at all T,101325.0,1.0,100.0,0,1
Ru_bipyridine_pnnoh_Ph|protonated_reference,Ru_bipyridine_pnnoh_Ph,protonated_reference,360.0,-50883.9973482027,229.74761575282287,-50629.27563690942,206.2647430600426,191.5473083871042,-50695.81051186806,2.422156060718619,kcal/mol,cal/(mol K),1,C24H20N2O2PRu,GFN2-xTB/ALPB toluene gsolv + qRRHO + 1M,data/targeted_rescue/thermochemistry/Ru_bipyridine_pnnoh_Ph__protonated_reference/result.json,4af479c908c4a86f13d442be5362353ab56ea30e1172f2e2991d496416e2a39c,data/targeted_rescue/thermochemistry/Ru_bipyridine_pnnoh_Ph__protonated_reference/result.json#/attempts/0/native_command,data/datasets/thermochemistry/export_protocol.json,data/targeted_rescue/thermochemistry/Ru_bipyridine_pnnoh_Ph__protonated_reference/accepted_geometry.xyz,b3b72c2a7a2d6d5f18acd6222708e5547cfda109852ee140269eb30588f0753c,data/targeted_rescue/thermochemistry/Ru_bipyridine_pnnoh_Ph__protonated_reference/hessian_00.npz,3b14afac7e807e2ee5fa5c44e78e6115cad07e9a37e94b5aa3c4e74c1b016336,rescue_seed20270000,0,383.15,lowest G383.15 among eligible certificates; same geometry at all T,101325.0,1.0,100.0,0,1
Ru_bipyridine_pnnoh_Ph|protonated_reference,Ru_bipyridine_pnnoh_Ph,protonated_reference,370.0,-50883.9973482027,229.74761575282287,-50627.975940218115,209.8255908809743,194.84273486602677,-50697.558168422496,2.509583696046293,kcal/mol,cal/(mol K),1,C24H20N2O2PRu,GFN2-xTB/ALPB toluene gsolv + qRRHO + 1M,data/targeted_rescue/thermochemistry/Ru_bipyridine_pnnoh_Ph__protonated_reference/result.json,4af479c908c4a86f13d442be5362353ab56ea30e1172f2e2991d496416e2a39c,data/targeted_rescue/thermochemistry/Ru_bipyridine_pnnoh_Ph__protonated_reference/result.json#/attempts/0/native_command,data/datasets/thermochemistry/export_protocol.json,data/targeted_rescue/thermochemistry/Ru_bipyridine_pnnoh_Ph__protonated_reference/accepted_geometry.xyz,b3b72c2a7a2d6d5f18acd6222708e5547cfda109852ee140269eb30588f0753c,data/targeted_rescue/thermochemistry/Ru_bipyridine_pnnoh_Ph__protonated_reference/hessian_00.npz,3b14afac7e807e2ee5fa5c44e78e6115cad07e9a37e94b5aa3c4e74c1b016336,rescue_seed20270000,0,383.15,lowest G383.15 among eligible certificates; same geometry at all T,101325.0,1.0,100.0,0,1
Ru_bipyridine_pnnoh_Ph|protonated_reference,Ru_bipyridine_pnnoh_Ph,protonated_reference,380.0,-50883.9973482027,229.74761575282287,-50626.646502070056,213.37079476500085,198.1293625062154,-50699.33811134341,2.597548479011341,kcal/mol,cal/(mol K),1,C24H20N2O2PRu,GFN2-xTB/ALPB toluene gsolv + qRRHO + 1M,data/targeted_rescue/thermochemistry/Ru_bipyridine_pnnoh_Ph__protonated_reference/result.json,4af479c908c4a86f13d442be5362353ab56ea30e1172f2e2991d496416e2a39c,data/targeted_rescue/thermochemistry/Ru_bipyridine_pnnoh_Ph__protonated_reference/result.json#/attempts/0/native_command,data/datasets/thermochemistry/export_protocol.json,data/targeted_rescue/thermochemistry/Ru_bipyridine_pnnoh_Ph__protonated_reference/accepted_geometry.xyz,b3b72c2a7a2d6d5f18acd6222708e5547cfda109852ee140269eb30588f0753c,data/targeted_rescue/thermochemistry/Ru_bipyridine_pnnoh_Ph__protonated_reference/hessian_00.npz,3b14afac7e807e2ee5fa5c44e78e6115cad07e9a37e94b5aa3c4e74c1b016336,rescue_seed20270000,0,383.15,lowest G383.15 among eligible certificates; same geometry at all T,101325.0,1.0,100.0,0,1
Ru_bipyridine_pnnoh_Ph|protonated_reference,Ru_bipyridine_pnnoh_Ph,protonated_reference,383.15,-50883.9973482027,229.74761575282287,-50626.221658648654,214.48419016129787,199.16266918581974,-50699.90546899162,2.625366355574337,kcal/mol,cal/(mol K),1,C24H20N2O2PRu,GFN2-xTB/ALPB toluene gsolv + qRRHO + 1M,data/targeted_rescue/thermochemistry/Ru_bipyridine_pnnoh_Ph__protonated_reference/result.json,4af479c908c4a86f13d442be5362353ab56ea30e1172f2e2991d496416e2a39c,data/targeted_rescue/thermochemistry/Ru_bipyridine_pnnoh_Ph__protonated_reference/result.json#/attempts/0/native_command,data/datasets/thermochemistry/export_protocol.json,data/targeted_rescue/thermochemistry/Ru_bipyridine_pnnoh_Ph__protonated_reference/accepted_geometry.xyz,b3b72c2a7a2d6d5f18acd6222708e5547cfda109852ee140269eb30588f0753c,data/targeted_rescue/thermochemistry/Ru_bipyridine_pnnoh_Ph__protonated_reference/hessian_00.npz,3b14afac7e807e2ee5fa5c44e78e6115cad07e9a37e94b5aa3c4e74c1b016336,rescue_seed20270000,0,383.15,lowest G383.15 among eligible certificates; same geometry at all T,101325.0,1.0,100.0,0,1
Ru_bipyridine_pnnoh_Ph|protonated_reference,Ru_bipyridine_pnnoh_Ph,protonated_reference,390.0,-50883.9973482027,229.74761575282287,-50625.28788410572,216.899708540957,201.40620588830885,-50701.15026813132,2.686036270841015,kcal/mol,cal/(mol K),1,C24H20N2O2PRu,GFN2-xTB/ALPB toluene gsolv + qRRHO + 1M,data/targeted_rescue/thermochemistry/Ru_bipyridine_pnnoh_Ph__protonated_reference/result.json,4af479c908c4a86f13d442be5362353ab56ea30e1172f2e2991d496416e2a39c,data/targeted_rescue/thermochemistry/Ru_bipyridine_pnnoh_Ph__protonated_reference/result.json#/attempts/0/native_command,data/datasets/thermochemistry/export_protocol.json,data/targeted_rescue/thermochemistry/Ru_bipyridine_pnnoh_Ph__protonated_reference/accepted_geometry.xyz,b3b72c2a7a2d6d5f18acd6222708e5547cfda109852ee140269eb30588f0753c,data/targeted_rescue/thermochemistry/Ru_bipyridine_pnnoh_Ph__protonated_reference/hessian_00.npz,3b14afac7e807e2ee5fa5c44e78e6115cad07e9a37e94b5aa3c4e74c1b016336,rescue_seed20270000,0,383.15,lowest G383.15 among eligible certificates; same geometry at all T,101325.0,1.0,100.0,0,1
Ru_bipyridine_pnnoh_Ph|protonated_reference,Ru_bipyridine_pnnoh_Ph,protonated_reference,400.0,-50883.9973482027,229.74761575282287,-50623.90065919636,220.41170666673756,204.67232449529632,-50702.99455533641,2.775033658072708,kcal/mol,cal/(mol K),1,C24H20N2O2PRu,GFN2-xTB/ALPB toluene gsolv + qRRHO + 1M,data/targeted_rescue/thermochemistry/Ru_bipyridine_pnnoh_Ph__protonated_reference/result.json,4af479c908c4a86f13d442be5362353ab56ea30e1172f2e2991d496416e2a39c,data/targeted_rescue/thermochemistry/Ru_bipyridine_pnnoh_Ph__protonated_reference/result.json#/attempts/0/native_command,data/datasets/thermochemistry/export_protocol.json,data/targeted_rescue/thermochemistry/Ru_bipyridine_pnnoh_Ph__protonated_reference/accepted_geometry.xyz,b3b72c2a7a2d6d5f18acd6222708e5547cfda109852ee140269eb30588f0753c,data/targeted_rescue/thermochemistry/Ru_bipyridine_pnnoh_Ph__protonated_reference/hessian_00.npz,3b14afac7e807e2ee5fa5c44e78e6115cad07e9a37e94b5aa3c4e74c1b016336,rescue_seed20270000,0,383.15,lowest G383.15 among eligible certificates; same geometry at all T,101325.0,1.0,100.0,0,1
Ru_bipyridine_pnnoh_Ph|protonated_reference,Ru_bipyridine_pnnoh_Ph,protonated_reference,410.0,-50883.9973482027,229.74761575282287,-50622.48540807313,223.90619051815824,207.92682677061947,-50704.87087915095,2.8645278981321125,kcal/mol,cal/(mol K),1,C24H20N2O2PRu,GFN2-xTB/ALPB toluene gsolv + qRRHO + 1M,data/targeted_rescue/thermochemistry/Ru_bipyridine_pnnoh_Ph__protonated_reference/result.json,4af479c908c4a86f13d442be5362353ab56ea30e1172f2e2991d496416e2a39c,data/targeted_rescue/thermochemistry/Ru_bipyridine_pnnoh_Ph__protonated_reference/result.json#/attempts/0/native_command,data/datasets/thermochemistry/export_protocol.json,data/targeted_rescue/thermochemistry/Ru_bipyridine_pnnoh_Ph__protonated_reference/accepted_geometry.xyz,b3b72c2a7a2d6d5f18acd6222708e5547cfda109852ee140269eb30588f0753c,data/targeted_rescue/thermochemistry/Ru_bipyridine_pnnoh_Ph__protonated_reference/hessian_00.npz,3b14afac7e807e2ee5fa5c44e78e6115cad07e9a37e94b5aa3c4e74c1b016336,rescue_seed20270000,0,383.15,lowest G383.15 among eligible certificates; same geometry at all T,101325.0,1.0,100.0,0,1
Ru_bipyridine_pnnoh_Ph|protonated_reference,Ru_bipyridine_pnnoh_Ph,protonated_reference,420.0,-50883.9973482027,229.74761575282287,-50621.04271625406,227.3825932020502,211.16887294743105,-50706.77913602176,2.954506870223601,kcal/mol,cal/(mol K),1,C24H20N2O2PRu,GFN2-xTB/ALPB toluene gsolv + qRRHO + 1M,data/targeted_rescue/thermochemistry/Ru_bipyridine_pnnoh_Ph__protonated_reference/result.json,4af479c908c4a86f13d442be5362353ab56ea30e1172f2e2991d496416e2a39c,data/targeted_rescue/thermochemistry/Ru_bipyridine_pnnoh_Ph__protonated_reference/result.json#/attempts/0/native_command,data/datasets/thermochemistry/export_protocol.json,data/targeted_rescue/thermochemistry/Ru_bipyridine_pnnoh_Ph__protonated_reference/accepted_geometry.xyz,b3b72c2a7a2d6d5f18acd6222708e5547cfda109852ee140269eb30588f0753c,data/targeted_rescue/thermochemistry/Ru_bipyridine_pnnoh_Ph__protonated_reference/hessian_00.npz,3b14afac7e807e2ee5fa5c44e78e6115cad07e9a37e94b5aa3c4e74c1b016336,rescue_seed20270000,0,383.15,lowest G383.15 among eligible certificates; same geometry at all T,101325.0,1.0,100.0,0,1
Ru_bipyridine_pnnoh_Ph|protonated_reference,Ru_bipyridine_pnnoh_Ph,protonated_reference,430.0,-50883.9973482027,229.74761575282287,-50619.57317127062,230.84038309808,214.39767682191243,-50708.71921327314,3.044959030900024,kcal/mol,cal/(mol K),1,C24H20N2O2PRu,GFN2-xTB/ALPB toluene gsolv + qRRHO + 1M,data/targeted_rescue/thermochemistry/Ru_bipyridine_pnnoh_Ph__protonated_reference/result.json,4af479c908c4a86f13d442be5362353ab56ea30e1172f2e2991d496416e2a39c,data/targeted_rescue/thermochemistry/Ru_bipyridine_pnnoh_Ph__protonated_reference/result.json#/attempts/0/native_command,data/datasets/thermochemistry/export_protocol.json,data/targeted_rescue/thermochemistry/Ru_bipyridine_pnnoh_Ph__protonated_reference/accepted_geometry.xyz,b3b72c2a7a2d6d5f18acd6222708e5547cfda109852ee140269eb30588f0753c,data/targeted_rescue/thermochemistry/Ru_bipyridine_pnnoh_Ph__protonated_reference/hessian_00.npz,3b14afac7e807e2ee5fa5c44e78e6115cad07e9a37e94b5aa3c4e74c1b016336,rescue_seed20270000,0,383.15,lowest G383.15 among eligible certificates; same geometry at all T,101325.0,1.0,100.0,0,1
Ru_bipyridine_pnnoh_Ph|protonated_reference,Ru_bipyridine_pnnoh_Ph,protonated_reference,440.0,-50883.9973482027,229.74761575282287,-50618.0773601889,234.2790663152257,217.61250662952733,-50710.69098973213,3.135873373767528,kcal/mol,cal/(mol K),1,C24H20N2O2PRu,GFN2-xTB/ALPB toluene gsolv + qRRHO + 1M,data/targeted_rescue/thermochemistry/Ru_bipyridine_pnnoh_Ph__protonated_reference/result.json,4af479c908c4a86f13d442be5362353ab56ea30e1172f2e2991d496416e2a39c,data/targeted_rescue/thermochemistry/Ru_bipyridine_pnnoh_Ph__protonated_reference/result.json#/attempts/0/native_command,data/datasets/thermochemistry/export_protocol.json,data/targeted_rescue/thermochemistry/Ru_bipyridine_pnnoh_Ph__protonated_reference/accepted_geometry.xyz,b3b72c2a7a2d6d5f18acd6222708e5547cfda109852ee140269eb30588f0753c,data/targeted_rescue/thermochemistry/Ru_bipyridine_pnnoh_Ph__protonated_reference/hessian_00.npz,3b14afac7e807e2ee5fa5c44e78e6115cad07e9a37e94b5aa3c4e74c1b016336,rescue_seed20270000,0,383.15,lowest G383.15 among eligible certificates; same geometry at all T,101325.0,1.0,100.0,0,1
Ru_bipyridine_pnnoh_iPr|active,Ru_bipyridine_pnnoh_iPr,active,298.15,-44001.84451674797,229.56906124058938,-43755.67883336971,170.12095517402804,162.4748605041184,-43802.22638458352,1.894328445494145,kcal/mol,cal/(mol K),0,C18H23N2O2PRu,GFN2-xTB/ALPB toluene gsolv + qRRHO + 1M,data/campaign/thermochemistry/Ru_bipyridine_pnnoh_iPr__active/result.json,6bec958cc8c907d1b2131b67f79e4d7b9b0da73555a2ce8dd150e219673a0b4d,data/campaign/thermochemistry/Ru_bipyridine_pnnoh_iPr__active/result.json#/attempts/0/native_command,data/datasets/thermochemistry/export_protocol.json,data/campaign/thermochemistry/Ru_bipyridine_pnnoh_iPr__active/accepted_geometry.xyz,7805c631b15cdeb0e11ee5632222c65f920955a3d623f1c2c980dddb26e5b0e1,data/campaign/thermochemistry/Ru_bipyridine_pnnoh_iPr__active/hessian_00.npz,cca03f6625e8dd5885fdff9c72662f4253b4e401d63e34690ccefdf95279503f,1,0,383.15,lowest G383.15 among eligible certificates; same geometry at all T,101325.0,1.0,100.0,0,1
Ru_bipyridine_pnnoh_iPr|active,Ru_bipyridine_pnnoh_iPr,active,340.0,-44001.84451674797,229.56906124058938,-43751.260187639564,183.97282753290327,175.3287980324394,-43808.62300618623,2.248972784367174,kcal/mol,cal/(mol K),0,C18H23N2O2PRu,GFN2-xTB/ALPB toluene gsolv + qRRHO + 1M,data/campaign/thermochemistry/Ru_bipyridine_pnnoh_iPr__active/result.json,6bec958cc8c907d1b2131b67f79e4d7b9b0da73555a2ce8dd150e219673a0b4d,data/campaign/thermochemistry/Ru_bipyridine_pnnoh_iPr__active/result.json#/attempts/0/native_command,data/datasets/thermochemistry/export_protocol.json,data/campaign/thermochemistry/Ru_bipyridine_pnnoh_iPr__active/accepted_geometry.xyz,7805c631b15cdeb0e11ee5632222c65f920955a3d623f1c2c980dddb26e5b0e1,data/campaign/thermochemistry/Ru_bipyridine_pnnoh_iPr__active/hessian_00.npz,cca03f6625e8dd5885fdff9c72662f4253b4e401d63e34690ccefdf95279503f,1,0,383.15,lowest G383.15 among eligible certificates; same geometry at all T,101325.0,1.0,100.0,0,1
Ru_bipyridine_pnnoh_iPr|active,Ru_bipyridine_pnnoh_iPr,active,350.0,-44001.84451674797,229.56906124058938,-43750.13473317445,187.23505801737946,178.36973713220556,-43810.22886067314,2.3352804975836268,kcal/mol,cal/(mol K),0,C18H23N2O2PRu,GFN2-xTB/ALPB toluene gsolv + qRRHO + 1M,data/campaign/thermochemistry/Ru_bipyridine_pnnoh_iPr__active/result.json,6bec958cc8c907d1b2131b67f79e4d7b9b0da73555a2ce8dd150e219673a0b4d,data/campaign/thermochemistry/Ru_bipyridine_pnnoh_iPr__active/result.json#/attempts/0/native_command,data/datasets/thermochemistry/export_protocol.json,data/campaign/thermochemistry/Ru_bipyridine_pnnoh_iPr__active/accepted_geometry.xyz,7805c631b15cdeb0e11ee5632222c65f920955a3d623f1c2c980dddb26e5b0e1,data/campaign/thermochemistry/Ru_bipyridine_pnnoh_iPr__active/hessian_00.npz,cca03f6625e8dd5885fdff9c72662f4253b4e401d63e34690ccefdf95279503f,1,0,383.15,lowest G383.15 among eligible certificates; same geometry at all T,101325.0,1.0,100.0,0,1
Ru_bipyridine_pnnoh_iPr|active,Ru_bipyridine_pnnoh_iPr,active,360.0,-44001.84451674797,229.56906124058938,-43748.983056152625,190.47926090020516,181.39855721040877,-43811.86438068766,2.422156060718619,kcal/mol,cal/(mol K),0,C18H23N2O2PRu,GFN2-xTB/ALPB toluene gsolv + qRRHO + 1M,data/campaign/thermochemistry/Ru_bipyridine_pnnoh_iPr__active/result.json,6bec958cc8c907d1b2131b67f79e4d7b9b0da73555a2ce8dd150e219673a0b4d,data/campaign/thermochemistry/Ru_bipyridine_pnnoh_iPr__active/result.json#/attempts/0/native_command,data/datasets/thermochemistry/export_protocol.json,data/campaign/thermochemistry/Ru_bipyridine_pnnoh_iPr__active/accepted_geometry.xyz,7805c631b15cdeb0e11ee5632222c65f920955a3d623f1c2c980dddb26e5b0e1,data/campaign/thermochemistry/Ru_bipyridine_pnnoh_iPr__active/hessian_00.npz,cca03f6625e8dd5885fdff9c72662f4253b4e401d63e34690ccefdf95279503f,1,0,383.15,lowest G383.15 among eligible certificates; same geometry at all T,101325.0,1.0,100.0,0,1
Ru_bipyridine_pnnoh_iPr|active,Ru_bipyridine_pnnoh_iPr,active,370.0,-44001.84451674797,229.56906124058938,-43747.80550657769,193.70546522055832,184.4149877572409,-43813.52946835183,2.509583696046293,kcal/mol,cal/(mol K),0,C18H23N2O2PRu,GFN2-xTB/ALPB toluene gsolv + qRRHO + 1M,data/campaign/thermochemistry/Ru_bipyridine_pnnoh_iPr__active/result.json,6bec958cc8c907d1b2131b67f79e4d7b9b0da73555a2ce8dd150e219673a0b4d,data/campaign/thermochemistry/Ru_bipyridine_pnnoh_iPr__active/result.json#/attempts/0/native_command,data/datasets/thermochemistry/export_protocol.json,data/campaign/thermochemistry/Ru_bipyridine_pnnoh_iPr__active/accepted_geometry.xyz,7805c631b15cdeb0e11ee5632222c65f920955a3d623f1c2c980dddb26e5b0e1,data/campaign/thermochemistry/Ru_bipyridine_pnnoh_iPr__active/hessian_00.npz,cca03f6625e8dd5885fdff9c72662f4253b4e401d63e34690ccefdf95279503f,1,0,383.15,lowest G383.15 among eligible certificates; same geometry at all T,101325.0,1.0,100.0,0,1
Ru_bipyridine_pnnoh_iPr|active,Ru_bipyridine_pnnoh_iPr,active,380.0,-44001.84451674797,229.56906124058938,-43746.60245384178,196.91364596132397,187.41872582933473,-43815.22402117791,2.597548479011341,kcal/mol,cal/(mol K),0,C18H23N2O2PRu,GFN2-xTB/ALPB toluene gsolv + qRRHO + 1M,data/campaign/thermochemistry/Ru_bipyridine_pnnoh_iPr__active/result.json,6bec958cc8c907d1b2131b67f79e4d7b9b0da73555a2ce8dd150e219673a0b4d,data/campaign/thermochemistry/Ru_bipyridine_pnnoh_iPr__active/result.json#/attempts/0/native_command,data/datasets/thermochemistry/export_protocol.json,data/campaign/thermochemistry/Ru_bipyridine_pnnoh_iPr__active/accepted_geometry.xyz,7805c631b15cdeb0e11ee5632222c65f920955a3d623f1c2c980dddb26e5b0e1,data/campaign/thermochemistry/Ru_bipyridine_pnnoh_iPr__active/hessian_00.npz,cca03f6625e8dd5885fdff9c72662f4253b4e401d63e34690ccefdf95279503f,1,0,383.15,lowest G383.15 among eligible certificates; same geometry at all T,101325.0,1.0,100.0,0,1
Ru_bipyridine_pnnoh_iPr|active,Ru_bipyridine_pnnoh_iPr,active,383.15,-44001.84451674797,229.56906124058938,-43746.21827149631,197.92048031086438,188.3622230939016,-43815.76389091917,2.625366355574337,kcal/mol,cal/(mol K),0,C18H23N2O2PRu,GFN2-xTB/ALPB toluene gsolv + qRRHO + 1M,data/campaign/thermochemistry/Ru_bipyridine_pnnoh_iPr__active/result.json,6bec958cc8c907d1b2131b67f79e4d7b9b0da73555a2ce8dd150e219673a0b4d,data/campaign/thermochemistry/Ru_bipyridine_pnnoh_iPr__active/result.json#/attempts/0/native_command,data/datasets/thermochemistry/export_protocol.json,data/campaign/thermochemistry/Ru_bipyridine_pnnoh_iPr__active/accepted_geometry.xyz,7805c631b15cdeb0e11ee5632222c65f920955a3d623f1c2c980dddb26e5b0e1,data/campaign/thermochemistry/Ru_bipyridine_pnnoh_iPr__active/hessian_00.npz,cca03f6625e8dd5885fdff9c72662f4253b4e401d63e34690ccefdf95279503f,1,0,383.15,lowest G383.15 among eligible certificates; same geometry at all T,101325.0,1.0,100.0,0,1
Ru_bipyridine_pnnoh_iPr|active,Ru_bipyridine_pnnoh_iPr,active,390.0,-44001.84451674797,229.56906124058938,-43745.374283970355,200.10373682543562,190.40944685546333,-43816.94793197315,2.686036270841015,kcal/mol,cal/(mol K),0,C18H23N2O2PRu,GFN2-xTB/ALPB toluene gsolv + qRRHO + 1M,data/campaign/thermochemistry/Ru_bipyridine_pnnoh_iPr__active/result.json,6bec958cc8c907d1b2131b67f79e4d7b9b0da73555a2ce8dd150e219673a0b4d,data/campaign/thermochemistry/Ru_bipyridine_pnnoh_iPr__active/result.json#/attempts/0/native_command,data/datasets/thermochemistry/export_protocol.json,data/campaign/thermochemistry/Ru_bipyridine_pnnoh_iPr__active/accepted_geometry.xyz,7805c631b15cdeb0e11ee5632222c65f920955a3d623f1c2c980dddb26e5b0e1,data/campaign/thermochemistry/Ru_bipyridine_pnnoh_iPr__active/hessian_00.npz,cca03f6625e8dd5885fdff9c72662f4253b4e401d63e34690ccefdf95279503f,1,0,383.15,lowest G383.15 among eligible certificates; same geometry at all T,101325.0,1.0,100.0,0,1
Ru_bipyridine_pnnoh_iPr|active,Ru_bipyridine_pnnoh_iPr,active,400.0,-44001.84451674797,229.56906124058938,-43744.121396900715,203.27564130970185,193.3868139511343,-43818.701088823094,2.775033658072708,kcal/mol,cal/(mol K),0,C18H23N2O2PRu,GFN2-xTB/ALPB toluene gsolv + qRRHO + 1M,data/campaign/thermochemistry/Ru_bipyridine_pnnoh_iPr__active/result.json,6bec958cc8c907d1b2131b67f79e4d7b9b0da73555a2ce8dd150e219673a0b4d,data/campaign/thermochemistry/Ru_bipyridine_pnnoh_iPr__active/result.json#/attempts/0/native_command,data/datasets/thermochemistry/export_protocol.json,data/campaign/thermochemistry/Ru_bipyridine_pnnoh_iPr__active/accepted_geometry.xyz,7805c631b15cdeb0e11ee5632222c65f920955a3d623f1c2c980dddb26e5b0e1,data/campaign/thermochemistry/Ru_bipyridine_pnnoh_iPr__active/hessian_00.npz,cca03f6625e8dd5885fdff9c72662f4253b4e401d63e34690ccefdf95279503f,1,0,383.15,lowest G383.15 among eligible certificates; same geometry at all T,101325.0,1.0,100.0,0,1
Ru_bipyridine_pnnoh_iPr|active,Ru_bipyridine_pnnoh_iPr,active,410.0,-44001.84451674797,229.56906124058938,-43742.84420384824,206.42924219420286,196.35048583481083,-43820.48337514238,2.8645278981321125,kcal/mol,cal/(mol K),0,C18H23N2O2PRu,GFN2-xTB/ALPB toluene gsolv + qRRHO + 1M,data/campaign/thermochemistry/Ru_bipyridine_pnnoh_iPr__active/result.json,6bec958cc8c907d1b2131b67f79e4d7b9b0da73555a2ce8dd150e219673a0b4d,data/campaign/thermochemistry/Ru_bipyridine_pnnoh_iPr__active/result.json#/attempts/0/native_command,data/datasets/thermochemistry/export_protocol.json,data/campaign/thermochemistry/Ru_bipyridine_pnnoh_iPr__active/accepted_geometry.xyz,7805c631b15cdeb0e11ee5632222c65f920955a3d623f1c2c980dddb26e5b0e1,data/campaign/thermochemistry/Ru_bipyridine_pnnoh_iPr__active/hessian_00.npz,cca03f6625e8dd5885fdff9c72662f4253b4e401d63e34690ccefdf95279503f,1,0,383.15,lowest G383.15 among eligible certificates; same geometry at all T,101325.0,1.0,100.0,0,1
Ru_bipyridine_pnnoh_iPr|active,Ru_bipyridine_pnnoh_iPr,active,420.0,-44001.84451674797,229.56906124058938,-43741.54312480134,209.56440957807902,199.3001234544625,-43822.29466978199,2.954506870223601,kcal/mol,cal/(mol K),0,C18H23N2O2PRu,GFN2-xTB/ALPB toluene gsolv + qRRHO + 1M,data/campaign/thermochemistry/Ru_bipyridine_pnnoh_iPr__active/result.json,6bec958cc8c907d1b2131b67f79e4d7b9b0da73555a2ce8dd150e219673a0b4d,data/campaign/thermochemistry/Ru_bipyridine_pnnoh_iPr__active/result.json#/attempts/0/native_command,data/datasets/thermochemistry/export_protocol.json,data/campaign/thermochemistry/Ru_bipyridine_pnnoh_iPr__active/accepted_geometry.xyz,7805c631b15cdeb0e11ee5632222c65f920955a3d623f1c2c980dddb26e5b0e1,data/campaign/thermochemistry/Ru_bipyridine_pnnoh_iPr__active/hessian_00.npz,cca03f6625e8dd5885fdff9c72662f4253b4e401d63e34690ccefdf95279503f,1,0,383.15,lowest G383.15 among eligible certificates; same geometry at all T,101325.0,1.0,100.0,0,1
Ru_bipyridine_pnnoh_iPr|active,Ru_bipyridine_pnnoh_iPr,active,430.0,-44001.84451674797,229.56906124058938,-43740.21858617428,212.68100759836892,202.23539544180733,-43824.134847183355,3.044959030900024,kcal/mol,cal/(mol K),0,C18H23N2O2PRu,GFN2-xTB/ALPB toluene gsolv + qRRHO + 1M,data/campaign/thermochemistry/Ru_bipyridine_pnnoh_iPr__active/result.json,6bec958cc8c907d1b2131b67f79e4d7b9b0da73555a2ce8dd150e219673a0b4d,data/campaign/thermochemistry/Ru_bipyridine_pnnoh_iPr__active/result.json#/attempts/0/native_command,data/datasets/thermochemistry/export_protocol.json,data/campaign/thermochemistry/Ru_bipyridine_pnnoh_iPr__active/accepted_geometry.xyz,7805c631b15cdeb0e11ee5632222c65f920955a3d623f1c2c980dddb26e5b0e1,data/campaign/thermochemistry/Ru_bipyridine_pnnoh_iPr__active/hessian_00.npz,cca03f6625e8dd5885fdff9c72662f4253b4e401d63e34690ccefdf95279503f,1,0,383.15,lowest G383.15 among eligible certificates; same geometry at all T,101325.0,1.0,100.0,0,1
Ru_bipyridine_pnnoh_iPr|active,Ru_bipyridine_pnnoh_iPr,active,440.0,-44001.84451674797,229.56906124058938,-43738.87101863706,215.77889996910017,205.15598251461313,-43826.00377756972,3.135873373767528,kcal/mol,cal/(mol K),0,C18H23N2O2PRu,GFN2-xTB/ALPB toluene gsolv + qRRHO + 1M,data/campaign/thermochemistry/Ru_bipyridine_pnnoh_iPr__active/result.json,6bec958cc8c907d1b2131b67f79e4d7b9b0da73555a2ce8dd150e219673a0b4d,data/campaign/thermochemistry/Ru_bipyridine_pnnoh_iPr__active/result.json#/attempts/0/native_command,data/datasets/thermochemistry/export_protocol.json,data/campaign/thermochemistry/Ru_bipyridine_pnnoh_iPr__active/accepted_geometry.xyz,7805c631b15cdeb0e11ee5632222c65f920955a3d623f1c2c980dddb26e5b0e1,data/campaign/thermochemistry/Ru_bipyridine_pnnoh_iPr__active/hessian_00.npz,cca03f6625e8dd5885fdff9c72662f4253b4e401d63e34690ccefdf95279503f,1,0,383.15,lowest G383.15 among eligible certificates; same geometry at all T,101325.0,1.0,100.0,0,1
Ru_bipyridine_pnnoh_iPr|hydrogenated,Ru_bipyridine_pnnoh_iPr,hydrogenated,298.15,-44669.175500123936,241.03068728385566,-44411.15758879923,173.39381108036554,164.94611573850494,-44458.44194476117,1.894328445494145,kcal/mol,cal/(mol K),0,C18H25N2O2PRu,GFN2-xTB/ALPB toluene gsolv + qRRHO + 1M,data/campaign/thermochemistry/Ru_bipyridine_pnnoh_iPr__hydrogenated/result.json,5c5fb047959ce54e8b02b0c73d09a7109e75d099d687c0db70b6ca363f04121a,data/campaign/thermochemistry/Ru_bipyridine_pnnoh_iPr__hydrogenated/result.json#/attempts/0/native_command,data/datasets/thermochemistry/export_protocol.json,data/campaign/thermochemistry/Ru_bipyridine_pnnoh_iPr__hydrogenated/accepted_geometry.xyz,b38f4d1bbfb5d3cf36717d9617b0ce046f4d5bfa3a09ced8c1eeab47fb81bd65,data/campaign/thermochemistry/Ru_bipyridine_pnnoh_iPr__hydrogenated/hessian_00.npz,8b18425707a0e86a2dfee032a05408e7d47da7abd0b90b2edc3f9d3be7ef4488,1,0,383.15,lowest G383.15 among eligible certificates; same geometry at all T,101325.0,1.0,100.0,0,1
Ru_bipyridine_pnnoh_iPr|hydrogenated,Ru_bipyridine_pnnoh_iPr,hydrogenated,340.0,-44669.175500123936,241.03068728385566,-44406.609642796975,187.6506519902283,178.15241562291286,-44464.9324913244,2.248972784367174,kcal/mol,cal/(mol K),0,C18H25N2O2PRu,GFN2-xTB/ALPB toluene gsolv + qRRHO + 1M,data/campaign/thermochemistry/Ru_bipyridine_pnnoh_iPr__hydrogenated/result.json,5c5fb047959ce54e8b02b0c73d09a7109e75d099d687c0db70b6ca363f04121a,data/campaign/thermochemistry/Ru_bipyridine_pnnoh_iPr__hydrogenated/result.json#/attempts/0/native_command,data/datasets/thermochemistry/export_protocol.json,data/campaign/thermochemistry/Ru_bipyridine_pnnoh_iPr__hydrogenated/accepted_geometry.xyz,b38f4d1bbfb5d3cf36717d9617b0ce046f4d5bfa3a09ced8c1eeab47fb81bd65,data/campaign/thermochemistry/Ru_bipyridine_pnnoh_iPr__hydrogenated/hessian_00.npz,8b18425707a0e86a2dfee032a05408e7d47da7abd0b90b2edc3f9d3be7ef4488,1,0,383.15,lowest G383.15 among eligible certificates; same geometry at all T,101325.0,1.0,100.0,0,1
Ru_bipyridine_pnnoh_iPr|hydrogenated,Ru_bipyridine_pnnoh_iPr,hydrogenated,350.0,-44669.175500123936,241.03068728385566,-44405.449644643915,191.01300633172988,181.28187482768055,-44466.56302033602,2.3352804975836268,kcal/mol,cal/(mol K),0,C18H25N2O2PRu,GFN2-xTB/ALPB toluene gsolv + qRRHO + 1M,data/campaign/thermochemistry/Ru_bipyridine_pnnoh_iPr__hydrogenated/result.json,5c5fb047959ce54e8b02b0c73d09a7109e75d099d687c0db70b6ca363f04121a,data/campaign/thermochemistry/Ru_bipyridine_pnnoh_iPr__hydrogenated/result.json#/attempts/0/native_command,data/datasets/thermochemistry/export_protocol.json,data/campaign/thermochemistry/Ru_bipyridine_pnnoh_iPr__hydrogenated/accepted_geometry.xyz,b38f4d1bbfb5d3cf36717d9617b0ce046f4d5bfa3a09ced8c1eeab47fb81bd65,data/campaign/thermochemistry/Ru_bipyridine_pnnoh_iPr__hydrogenated/hessian_00.npz,8b18425707a0e86a2dfee032a05408e7d47da7abd0b90b2edc3f9d3be7ef4488,1,0,383.15,lowest G383.15 among eligible certificates; same geometry at all T,101325.0,1.0,100.0,0,1
Ru_bipyridine_pnnoh_iPr|hydrogenated,Ru_bipyridine_pnnoh_iPr,hydrogenated,360.0,-44669.175500123936,241.03068728385566,-44404.262031688384,194.35843472106336,184.40064529622586,-44468.22410793431,2.422156060718619,kcal/mol,cal/(mol K),0,C18H25N2O2PRu,GFN2-xTB/ALPB toluene gsolv + qRRHO + 1M,data/campaign/thermochemistry/Ru_bipyridine_pnnoh_iPr__hydrogenated/result.json,5c5fb047959ce54e8b02b0c73d09a7109e75d099d687c0db70b6ca363f04121a,data/campaign/thermochemistry/Ru_bipyridine_pnnoh_iPr__hydrogenated/result.json#/attempts/0/native_command,data/datasets/thermochemistry/export_protocol.json,data/campaign/thermochemistry/Ru_bipyridine_pnnoh_iPr__hydrogenated/accepted_geometry.xyz,b38f4d1bbfb5d3cf36717d9617b0ce046f4d5bfa3a09ced8c1eeab47fb81bd65,data/campaign/thermochemistry/Ru_bipyridine_pnnoh_iPr__hydrogenated/hessian_00.npz,8b18425707a0e86a2dfee032a05408e7d47da7abd0b90b2edc3f9d3be7ef4488,1,0,383.15,lowest G383.15 among eligible certificates; same geometry at all T,101325.0,1.0,100.0,0,1
Ru_bipyridine_pnnoh_iPr|hydrogenated,Ru_bipyridine_pnnoh_iPr,hydrogenated,370.0,-44669.175500123936,241.03068728385566,-44403.047166026765,197.68687269940486,187.50834483696417,-44469.915669920396,2.509583696046293,kcal/mol,cal/(mol K),0,C18H25N2O2PRu,GFN2-xTB/ALPB toluene gsolv + qRRHO + 1M,data/campaign/thermochemistry/Ru_bipyridine_pnnoh_iPr__hydrogenated/result.json,5c5fb047959ce54e8b02b0c73d09a7109e75d099d687c0db70b6ca363f04121a,data/campaign/thermochemistry/Ru_bipyridine_pnnoh_iPr__hydrogenated/result.json#/attempts/0/native_command,data/datasets/thermochemistry/export_protocol.json,data/campaign/thermochemistry/Ru_bipyridine_pnnoh_iPr__hydrogenated/accepted_geometry.xyz,b38f4d1bbfb5d3cf36717d9617b0ce046f4d5bfa3a09ced8c1eeab47fb81bd65,data/campaign/thermochemistry/Ru_bipyridine_pnnoh_iPr__hydrogenated/hessian_00.npz,8b18425707a0e86a2dfee032a05408e7d47da7abd0b90b2edc3f9d3be7ef4488,1,0,383.15,lowest G383.15 among eligible certificates; same geometry at all T,101325.0,1.0,100.0,0,1
Ru_bipyridine_pnnoh_iPr|hydrogenated,Ru_bipyridine_pnnoh_iPr,hydrogenated,380.0,-44669.175500123936,241.03068728385566,-44401.805431378605,200.99820327102955,190.60456181961422,-44471.637616391046,2.597548479011341,kcal/mol,cal/(mol K),0,C18H25N2O2PRu,GFN2-xTB/ALPB toluene gsolv + qRRHO + 1M,data/campaign/thermochemistry/Ru_bipyridine_pnnoh_iPr__hydrogenated/result.json,5c5fb047959ce54e8b02b0c73d09a7109e75d099d687c0db70b6ca363f04121a,data/campaign/thermochemistry/Ru_bipyridine_pnnoh_iPr__hydrogenated/result.json#/attempts/0/native_command,data/datasets/thermochemistry/export_protocol.json,data/campaign/thermochemistry/Ru_bipyridine_pnnoh_iPr__hydrogenated/accepted_geometry.xyz,b38f4d1bbfb5d3cf36717d9617b0ce046f4d5bfa3a09ced8c1eeab47fb81bd65,data/campaign/thermochemistry/Ru_bipyridine_pnnoh_iPr__hydrogenated/hessian_00.npz,8b18425707a0e86a2dfee032a05408e7d47da7abd0b90b2edc3f9d3be7ef4488,1,0,383.15,lowest G383.15 among eligible certificates; same geometry at all T,101325.0,1.0,100.0,0,1
Ru_bipyridine_pnnoh_iPr|hydrogenated,Ru_bipyridine_pnnoh_iPr,hydrogenated,383.15,-44669.175500123936,241.03068728385566,-44401.40878390327,202.0377051399712,191.57742360865564,-44472.18630740335,2.625366355574337,kcal/mol,cal/(mol K),0,C18H25N2O2PRu,GFN2-xTB/ALPB toluene gsolv + qRRHO + 1M,data/campaign/thermochemistry/Ru_bipyridine_pnnoh_iPr__hydrogenated/result.json,5c5fb047959ce54e8b02b0c73d09a7109e75d099d687c0db70b6ca363f04121a,data/campaign/thermochemistry/Ru_bipyridine_pnnoh_iPr__hydrogenated/result.json#/attempts/0/native_command,data/datasets/thermochemistry/export_protocol.json,data/campaign/thermochemistry/Ru_bipyridine_pnnoh_iPr__hydrogenated/accepted_geometry.xyz,b38f4d1bbfb5d3cf36717d9617b0ce046f4d5bfa3a09ced8c1eeab47fb81bd65,data/campaign/thermochemistry/Ru_bipyridine_pnnoh_iPr__hydrogenated/hessian_00.npz,8b18425707a0e86a2dfee032a05408e7d47da7abd0b90b2edc3f9d3be7ef4488,1,0,383.15,lowest G383.15 among eligible certificates; same geometry at all T,101325.0,1.0,100.0,0,1
Ru_bipyridine_pnnoh_iPr|hydrogenated,Ru_bipyridine_pnnoh_iPr,hydrogenated,390.0,-44669.175500123936,241.03068728385566,-44400.537230038004,204.2922702841568,193.6888664292936,-44473.38985167459,2.686036270841015,kcal/mol,cal/(mol K),0,C18H25N2O2PRu,GFN2-xTB/ALPB toluene gsolv + qRRHO + 1M,data/campaign/thermochemistry/Ru_bipyridine_pnnoh_iPr__hydrogenated/result.json,5c5fb047959ce54e8b02b0c73d09a7109e75d099d687c0db70b6ca363f04121a,data/campaign/thermochemistry/Ru_bipyridine_pnnoh_iPr__hydrogenated/result.json#/attempts/0/native_command,data/datasets/thermochemistry/export_protocol.json,data/campaign/thermochemistry/Ru_bipyridine_pnnoh_iPr__hydrogenated/accepted_geometry.xyz,b38f4d1bbfb5d3cf36717d9617b0ce046f4d5bfa3a09ced8c1eeab47fb81bd65,data/campaign/thermochemistry/Ru_bipyridine_pnnoh_iPr__hydrogenated/hessian_00.npz,8b18425707a0e86a2dfee032a05408e7d47da7abd0b90b2edc3f9d3be7ef4488,1,0,383.15,lowest G383.15 among eligible certificates; same geometry at all T,101325.0,1.0,100.0,0,1
Ru_bipyridine_pnnoh_iPr|hydrogenated,Ru_bipyridine_pnnoh_iPr,hydrogenated,400.0,-44669.175500123936,241.03068728385566,-44399.24297987731,207.56888998551392,196.76082032593266,-44475.17227434961,2.775033658072708,kcal/mol,cal/(mol K),0,C18H25N2O2PRu,GFN2-xTB/ALPB toluene gsolv + qRRHO + 1M,data/campaign/thermochemistry/Ru_bipyridine_pnnoh_iPr__hydrogenated/result.json,5c5fb047959ce54e8b02b0c73d09a7109e75d099d687c0db70b6ca363f04121a,data/campaign/thermochemistry/Ru_bipyridine_pnnoh_iPr__hydrogenated/result.json#/attempts/0/native_command,data/datasets/thermochemistry/export_protocol.json,data/campaign/thermochemistry/Ru_bipyridine_pnnoh_iPr__hydrogenated/accepted_geometry.xyz,b38f4d1bbfb5d3cf36717d9617b0ce046f4d5bfa3a09ced8c1eeab47fb81bd65,data/campaign/thermochemistry/Ru_bipyridine_pnnoh_iPr__hydrogenated/hessian_00.npz,8b18425707a0e86a2dfee032a05408e7d47da7abd0b90b2edc3f9d3be7ef4488,1,0,383.15,lowest G383.15 among eligible certificates; same geometry at all T,101325.0,1.0,100.0,0,1
Ru_bipyridine_pnnoh_iPr|hydrogenated,Ru_bipyridine_pnnoh_iPr,hydrogenated,410.0,-44669.175500123936,241.03068728385566,-44397.923111458054,210.82786088333233,199.81998481530383,-44476.9847773342,2.8645278981321125,kcal/mol,cal/(mol K),0,C18H25N2O2PRu,GFN2-xTB/ALPB toluene gsolv + qRRHO + 1M,data/campaign/thermochemistry/Ru_bipyridine_pnnoh_iPr__hydrogenated/result.json,5c5fb047959ce54e8b02b0c73d09a7109e75d099d687c0db70b6ca363f04121a,data/campaign/thermochemistry/Ru_bipyridine_pnnoh_iPr__hydrogenated/result.json#/attempts/0/native_command,data/datasets/thermochemistry/export_protocol.json,data/campaign/thermochemistry/Ru_bipyridine_pnnoh_iPr__hydrogenated/accepted_geometry.xyz,b38f4d1bbfb5d3cf36717d9617b0ce046f4d5bfa3a09ced8c1eeab47fb81bd65,data/campaign/thermochemistry/Ru_bipyridine_pnnoh_iPr__hydrogenated/hessian_00.npz,8b18425707a0e86a2dfee032a05408e7d47da7abd0b90b2edc3f9d3be7ef4488,1,0,383.15,lowest G383.15 among eligible certificates; same geometry at all T,101325.0,1.0,100.0,0,1
Ru_bipyridine_pnnoh_iPr|hydrogenated,Ru_bipyridine_pnnoh_iPr,hydrogenated,420.0,-44669.175500123936,241.03068728385566,-44396.57806529002,214.0689720643864,202.8659276526232,-44478.8272480339,2.954506870223601,kcal/mol,cal/(mol K),0,C18H25N2O2PRu,GFN2-xTB/ALPB toluene gsolv + qRRHO + 1M,data/campaign/thermochemistry/Ru_bipyridine_pnnoh_iPr__hydrogenated/result.json,5c5fb047959ce54e8b02b0c73d09a7109e75d099d687c0db70b6ca363f04121a,data/campaign/thermochemistry/Ru_bipyridine_pnnoh_iPr__hydrogenated/result.json#/attempts/0/native_command,data/datasets/thermochemistry/export_protocol.json,data/campaign/thermochemistry/Ru_bipyridine_pnnoh_iPr__hydrogenated/accepted_geometry.xyz,b38f4d1bbfb5d3cf36717d9617b0ce046f4d5bfa3a09ced8c1eeab47fb81bd65,data/campaign/thermochemistry/Ru_bipyridine_pnnoh_iPr__hydrogenated/hessian_00.npz,8b18425707a0e86a2dfee032a05408e7d47da7abd0b90b2edc3f9d3be7ef4488,1,0,383.15,lowest G383.15 among eligible certificates; same geometry at all T,101325.0,1.0,100.0,0,1
Ru_bipyridine_pnnoh_iPr|hydrogenated,Ru_bipyridine_pnnoh_iPr,hydrogenated,430.0,-44669.175500123936,241.03068728385566,-44395.20828926797,217.2920101148734,205.89822860712195,-44480.69956853813,3.044959030900024,kcal/mol,cal/(mol K),0,C18H25N2O2PRu,GFN2-xTB/ALPB toluene gsolv + qRRHO + 1M,data/campaign/thermochemistry/Ru_bipyridine_pnnoh_iPr__hydrogenated/result.json,5c5fb047959ce54e8b02b0c73d09a7109e75d099d687c0db70b6ca363f04121a,data/campaign/thermochemistry/Ru_bipyridine_pnnoh_iPr__hydrogenated/result.json#/attempts/0/native_command,data/datasets/thermochemistry/export_protocol.json,data/campaign/thermochemistry/Ru_bipyridine_pnnoh_iPr__hydrogenated/accepted_geometry.xyz,b38f4d1bbfb5d3cf36717d9617b0ce046f4d5bfa3a09ced8c1eeab47fb81bd65,data/campaign/thermochemistry/Ru_bipyridine_pnnoh_iPr__hydrogenated/hessian_00.npz,8b18425707a0e86a2dfee032a05408e7d47da7abd0b90b2edc3f9d3be7ef4488,1,0,383.15,lowest G383.15 among eligible certificates; same geometry at all T,101325.0,1.0,100.0,0,1
Ru_bipyridine_pnnoh_iPr|hydrogenated,Ru_bipyridine_pnnoh_iPr,hydrogenated,440.0,-44669.175500123936,241.03068728385566,-44393.81423630454,220.49676479401907,208.91648391787695,-44482.60161585464,3.135873373767528,kcal/mol,cal/(mol K),0,C18H25N2O2PRu,GFN2-xTB/ALPB toluene gsolv + qRRHO + 1M,data/campaign/thermochemistry/Ru_bipyridine_pnnoh_iPr__hydrogenated/result.json,5c5fb047959ce54e8b02b0c73d09a7109e75d099d687c0db70b6ca363f04121a,data/campaign/thermochemistry/Ru_bipyridine_pnnoh_iPr__hydrogenated/result.json#/attempts/0/native_command,data/datasets/thermochemistry/export_protocol.json,data/campaign/thermochemistry/Ru_bipyridine_pnnoh_iPr__hydrogenated/accepted_geometry.xyz,b38f4d1bbfb5d3cf36717d9617b0ce046f4d5bfa3a09ced8c1eeab47fb81bd65,data/campaign/thermochemistry/Ru_bipyridine_pnnoh_iPr__hydrogenated/hessian_00.npz,8b18425707a0e86a2dfee032a05408e7d47da7abd0b90b2edc3f9d3be7ef4488,1,0,383.15,lowest G383.15 among eligible certificates; same geometry at all T,101325.0,1.0,100.0,0,1
Ru_bipyridine_pnnoh_iPr|protonated_reference,Ru_bipyridine_pnnoh_iPr,protonated_reference,298.15,-44122.47434976357,236.16528037451744,-43869.68758080919,171.00359692859334,162.41836930316606,-43916.21828917144,1.894328445494145,kcal/mol,cal/(mol K),1,C18H24N2O2PRu,GFN2-xTB/ALPB toluene gsolv + qRRHO + 1M,data/campaign/thermochemistry/Ru_bipyridine_pnnoh_iPr__protonated_reference/result.json,76efd00867e6a9b2f6653fd105091ab40bc5a3bd6d1063d5a2d62e74a617e0b9,data/campaign/thermochemistry/Ru_bipyridine_pnnoh_iPr__protonated_reference/result.json#/attempts/0/native_command,data/datasets/thermochemistry/export_protocol.json,data/campaign/thermochemistry/Ru_bipyridine_pnnoh_iPr__protonated_reference/accepted_geometry.xyz,d8d4fe38a461951245a12794d691e6383d30fa89c4e6659c32d29969e3f0540f,data/campaign/thermochemistry/Ru_bipyridine_pnnoh_iPr__protonated_reference/hessian_00.npz,820681f3c7fb21a6527004622d3ec4a8d77ecccaa1b337f0f9cab99ea753c9c0,2,0,383.15,lowest G383.15 among eligible certificates; same geometry at all T,101325.0,1.0,100.0,0,1
Ru_bipyridine_pnnoh_iPr|protonated_reference,Ru_bipyridine_pnnoh_iPr,protonated_reference,340.0,-44122.47434976357,236.16528037451744,-43865.2165369572,185.0194104059711,175.4274485496906,-43922.61289667973,2.248972784367174,kcal/mol,cal/(mol K),1,C18H24N2O2PRu,GFN2-xTB/ALPB toluene gsolv + qRRHO + 1M,data/campaign/thermochemistry/Ru_bipyridine_pnnoh_iPr__protonated_reference/result.json,76efd00867e6a9b2f6653fd105091ab40bc5a3bd6d1063d5a2d62e74a617e0b9,data/campaign/thermochemistry/Ru_bipyridine_pnnoh_iPr__protonated_reference/result.json#/attempts/0/native_command,data/datasets/thermochemistry/export_protocol.json,data/campaign/thermochemistry/Ru_bipyridine_pnnoh_iPr__protonated_reference/accepted_geometry.xyz,d8d4fe38a461951245a12794d691e6383d30fa89c4e6659c32d29969e3f0540f,data/campaign/thermochemistry/Ru_bipyridine_pnnoh_iPr__protonated_reference/hessian_00.npz,820681f3c7fb21a6527004622d3ec4a8d77ecccaa1b337f0f9cab99ea753c9c0,2,0,383.15,lowest G383.15 among eligible certificates; same geometry at all T,101325.0,1.0,100.0,0,1
Ru_bipyridine_pnnoh_iPr|protonated_reference,Ru_bipyridine_pnnoh_iPr,protonated_reference,350.0,-44122.47434976357,236.16528037451744,-43864.07640608125,188.32417860326117,178.5090689553357,-43924.21929971804,2.3352804975836268,kcal/mol,cal/(mol K),1,C18H24N2O2PRu,GFN2-xTB/ALPB toluene gsolv + qRRHO + 1M,data/campaign/thermochemistry/Ru_bipyridine_pnnoh_iPr__protonated_reference/result.json,76efd00867e6a9b2f6653fd105091ab40bc5a3bd6d1063d5a2d62e74a617e0b9,data/campaign/thermochemistry/Ru_bipyridine_pnnoh_iPr__protonated_reference/result.json#/attempts/0/native_command,data/datasets/thermochemistry/export_protocol.json,data/campaign/thermochemistry/Ru_bipyridine_pnnoh_iPr__protonated_reference/accepted_geometry.xyz,d8d4fe38a461951245a12794d691e6383d30fa89c4e6659c32d29969e3f0540f,data/campaign/thermochemistry/Ru_bipyridine_pnnoh_iPr__protonated_reference/hessian_00.npz,820681f3c7fb21a6527004622d3ec4a8d77ecccaa1b337f0f9cab99ea753c9c0,2,0,383.15,lowest G383.15 among eligible certificates; same geometry at all T,101325.0,1.0,100.0,0,1
Ru_bipyridine_pnnoh_iPr|protonated_reference,Ru_bipyridine_pnnoh_iPr,protonated_reference,360.0,-44122.47434976357,236.16528037451744,-43862.90926560881,191.61193824928887,181.57966772682272,-43925.855789929745,2.422156060718619,kcal/mol,cal/(mol K),1,C18H24N2O2PRu,GFN2-xTB/ALPB toluene gsolv + qRRHO + 1M,data/campaign/thermochemistry/Ru_bipyridine_pnnoh_iPr__protonated_reference/result.json,76efd00867e6a9b2f6653fd105091ab40bc5a3bd6d1063d5a2d62e74a617e0b9,data/campaign/thermochemistry/Ru_bipyridine_pnnoh_iPr__protonated_reference/result.json#/attempts/0/native_command,data/datasets/thermochemistry/export_protocol.json,data/campaign/thermochemistry/Ru_bipyridine_pnnoh_iPr__protonated_reference/accepted_geometry.xyz,d8d4fe38a461951245a12794d691e6383d30fa89c4e6659c32d29969e3f0540f,data/campaign/thermochemistry/Ru_bipyridine_pnnoh_iPr__protonated_reference/hessian_00.npz,820681f3c7fb21a6527004622d3ec4a8d77ecccaa1b337f0f9cab99ea753c9c0,2,0,383.15,lowest G383.15 among eligible certificates; same geometry at all T,101325.0,1.0,100.0,0,1
Ru_bipyridine_pnnoh_iPr|protonated_reference,Ru_bipyridine_pnnoh_iPr,protonated_reference,370.0,-44122.47434976357,236.16528037451744,-43861.71548717058,194.88260326920022,184.6388528760729,-43927.522279038676,2.509583696046293,kcal/mol,cal/(mol K),1,C18H24N2O2PRu,GFN2-xTB/ALPB toluene gsolv + qRRHO + 1M,data/campaign/thermochemistry/Ru_bipyridine_pnnoh_iPr__protonated_reference/result.json,76efd00867e6a9b2f6653fd105091ab40bc5a3bd6d1063d5a2d62e74a617e0b9,data/campaign/thermochemistry/Ru_bipyridine_pnnoh_iPr__protonated_reference/result.json#/attempts/0/native_command,data/datasets/thermochemistry/export_protocol.json,data/campaign/thermochemistry/Ru_bipyridine_pnnoh_iPr__protonated_reference/accepted_geometry.xyz,d8d4fe38a461951245a12794d691e6383d30fa89c4e6659c32d29969e3f0540f,data/campaign/thermochemistry/Ru_bipyridine_pnnoh_iPr__protonated_reference/hessian_00.npz,820681f3c7fb21a6527004622d3ec4a8d77ecccaa1b337f0f9cab99ea753c9c0,2,0,383.15,lowest G383.15 among eligible certificates; same geometry at all T,101325.0,1.0,100.0,0,1
Ru_bipyridine_pnnoh_iPr|protonated_reference,Ru_bipyridine_pnnoh_iPr,protonated_reference,380.0,-44122.47434976357,236.16528037451744,-43860.49546156196,198.13604333958554,187.6862105116282,-43929.21867307737,2.597548479011341,kcal/mol,cal/(mol K),1,C18H24N2O2PRu,GFN2-xTB/ALPB toluene gsolv + qRRHO + 1M,data/campaign/thermochemistry/Ru_bipyridine_pnnoh_iPr__protonated_reference/result.json,76efd00867e6a9b2f6653fd105091ab40bc5a3bd6d1063d5a2d62e74a617e0b9,data/campaign/thermochemistry/Ru_bipyridine_pnnoh_iPr__protonated_reference/result.json#/attempts/0/native_command,data/datasets/thermochemistry/export_protocol.json,data/campaign/thermochemistry/Ru_bipyridine_pnnoh_iPr__protonated_reference/accepted_geometry.xyz,d8d4fe38a461951245a12794d691e6383d30fa89c4e6659c32d29969e3f0540f,data/campaign/thermochemistry/Ru_bipyridine_pnnoh_iPr__protonated_reference/hessian_00.npz,820681f3c7fb21a6527004622d3ec4a8d77ecccaa1b337f0f9cab99ea753c9c0,2,0,383.15,lowest G383.15 among eligible certificates; same geometry at all T,101325.0,1.0,100.0,0,1
Ru_bipyridine_pnnoh_iPr|protonated_reference,Ru_bipyridine_pnnoh_iPr,protonated_reference,383.15,-44122.47434976357,236.16528037451744,-43860.10578204589,199.15728416937722,188.64361065023365,-43929.75921511095,2.625366355574337,kcal/mol,cal/(mol K),1,C18H24N2O2PRu,GFN2-xTB/ALPB toluene gsolv + qRRHO + 1M,data/campaign/thermochemistry/Ru_bipyridine_pnnoh_iPr__protonated_reference/result.json,76efd00867e6a9b2f6653fd105091ab40bc5a3bd6d1063d5a2d62e74a617e0b9,data/campaign/thermochemistry/Ru_bipyridine_pnnoh_iPr__protonated_reference/result.json#/attempts/0/native_command,data/datasets/thermochemistry/export_protocol.json,data/campaign/thermochemistry/Ru_bipyridine_pnnoh_iPr__protonated_reference/accepted_geometry.xyz,d8d4fe38a461951245a12794d691e6383d30fa89c4e6659c32d29969e3f0540f,data/campaign/thermochemistry/Ru_bipyridine_pnnoh_iPr__protonated_reference/hessian_00.npz,820681f3c7fb21a6527004622d3ec4a8d77ecccaa1b337f0f9cab99ea753c9c0,2,0,383.15,lowest G383.15 among eligible certificates; same geometry at all T,101325.0,1.0,100.0,0,1
Ru_bipyridine_pnnoh_iPr|protonated_reference,Ru_bipyridine_pnnoh_iPr,protonated_reference,390.0,-44122.47434976357,236.16528037451744,-43859.24959587519,201.37209593833265,190.72131481615102,-43930.94487238265,2.686036270841015,kcal/mol,cal/(mol K),1,C18H24N2O2PRu,GFN2-xTB/ALPB toluene gsolv + qRRHO + 1M,data/campaign/thermochemistry/Ru_bipyridine_pnnoh_iPr__protonated_reference/result.json,76efd00867e6a9b2f6653fd105091ab40bc5a3bd6d1063d5a2d62e74a617e0b9,data/campaign/thermochemistry/Ru_bipyridine_pnnoh_iPr__protonated_reference/result.json#/attempts/0/native_command,data/datasets/thermochemistry/export_protocol.json,data/campaign/thermochemistry/Ru_bipyridine_pnnoh_iPr__protonated_reference/accepted_geometry.xyz,d8d4fe38a461951245a12794d691e6383d30fa89c4e6659c32d29969e3f0540f,data/campaign/thermochemistry/Ru_bipyridine_pnnoh_iPr__protonated_reference/hessian_00.npz,820681f3c7fb21a6527004622d3ec4a8d77ecccaa1b337f0f9cab99ea753c9c0,2,0,383.15,lowest G383.15 among eligible certificates; same geometry at all T,101325.0,1.0,100.0,0,1
Ru_bipyridine_pnnoh_iPr|protonated_reference,Ru_bipyridine_pnnoh_iPr,protonated_reference,400.0,-44122.47434976357,236.16528037451744,-43857.978310683306,204.59057673801885,193.74373659562917,-43932.70077166348,2.775033658072708,kcal/mol,cal/(mol K),1,C18H24N2O2PRu,GFN2-xTB/ALPB toluene gsolv + qRRHO + 1M,data/campaign/thermochemistry/Ru_bipyridine_pnnoh_iPr__protonated_reference/result.json,76efd00867e6a9b2f6653fd105091ab40bc5a3bd6d1063d5a2d62e74a617e0b9,data/campaign/thermochemistry/Ru_bipyridine_pnnoh_iPr__protonated_reference/result.json#/attempts/0/native_command,data/datasets/thermochemistry/export_protocol.json,data/campaign/thermochemistry/Ru_bipyridine_pnnoh_iPr__protonated_reference/accepted_geometry.xyz,d8d4fe38a461951245a12794d691e6383d30fa89c4e6659c32d29969e3f0540f,data/campaign/thermochemistry/Ru_bipyridine_pnnoh_iPr__protonated_reference/hessian_00.npz,820681f3c7fb21a6527004622d3ec4a8d77ecccaa1b337f0f9cab99ea753c9c0,2,0,383.15,lowest G383.15 among eligible certificates; same geometry at all T,101325.0,1.0,100.0,0,1
Ru_bipyridine_pnnoh_iPr|protonated_reference,Ru_bipyridine_pnnoh_iPr,protonated_reference,410.0,-44122.47434976357,236.16528037451744,-43856.68203732941,207.791288455661,196.75305048463,-43934.486260129976,2.8645278981321125,kcal/mol,cal/(mol K),1,C18H24N2O2PRu,GFN2-xTB/ALPB toluene gsolv + qRRHO + 1M,data/campaign/thermochemistry/Ru_bipyridine_pnnoh_iPr__protonated_reference/result.json,76efd00867e6a9b2f6653fd105091ab40bc5a3bd6d1063d5a2d62e74a617e0b9,data/campaign/thermochemistry/Ru_bipyridine_pnnoh_iPr__protonated_reference/result.json#/attempts/0/native_command,data/datasets/thermochemistry/export_protocol.json,data/campaign/thermochemistry/Ru_bipyridine_pnnoh_iPr__protonated_reference/accepted_geometry.xyz,d8d4fe38a461951245a12794d691e6383d30fa89c4e6659c32d29969e3f0540f,data/campaign/thermochemistry/Ru_bipyridine_pnnoh_iPr__protonated_reference/hessian_00.npz,820681f3c7fb21a6527004622d3ec4a8d77ecccaa1b337f0f9cab99ea753c9c0,2,0,383.15,lowest G383.15 among eligible certificates; same geometry at all T,101325.0,1.0,100.0,0,1
Ru_bipyridine_pnnoh_iPr|protonated_reference,Ru_bipyridine_pnnoh_iPr,protonated_reference,420.0,-44122.47434976357,236.16528037451744,-43855.36121536097,210.97402828641356,199.74884091059374,-43936.3012216732,2.954506870223601,kcal/mol,cal/(mol K),1,C18H24N2O2PRu,GFN2-xTB/ALPB toluene gsolv + qRRHO + 1M,data/campaign/thermochemistry/Ru_bipyridine_pnnoh_iPr__protonated_reference/result.json,76efd00867e6a9b2f6653fd105091ab40bc5a3bd6d1063d5a2d62e74a617e0b9,data/campaign/thermochemistry/Ru_bipyridine_pnnoh_iPr__protonated_reference/result.json#/attempts/0/native_command,data/datasets/thermochemistry/export_protocol.json,data/campaign/thermochemistry/Ru_bipyridine_pnnoh_iPr__protonated_reference/accepted_geometry.xyz,d8d4fe38a461951245a12794d691e6383d30fa89c4e6659c32d29969e3f0540f,data/campaign/thermochemistry/Ru_bipyridine_pnnoh_iPr__protonated_reference/hessian_00.npz,820681f3c7fb21a6527004622d3ec4a8d77ecccaa1b337f0f9cab99ea753c9c0,2,0,383.15,lowest G383.15 among eligible certificates; same geometry at all T,101325.0,1.0,100.0,0,1
Ru_bipyridine_pnnoh_iPr|protonated_reference,Ru_bipyridine_pnnoh_iPr,protonated_reference,430.0,-44122.47434976357,236.16528037451744,-43854.01629013708,214.13859405588846,202.73070693056542,-43938.145535086325,3.044959030900024,kcal/mol,cal/(mol K),1,C18H24N2O2PRu,GFN2-xTB/ALPB toluene gsolv + qRRHO + 1M,data/campaign/thermochemistry/Ru_bipyridine_pnnoh_iPr__protonated_reference/result.json,76efd00867e6a9b2f6653fd105091ab40bc5a3bd6d1063d5a2d62e74a617e0b9,data/campaign/thermochemistry/Ru_bipyridine_pnnoh_iPr__protonated_reference/result.json#/attempts/0/native_command,data/datasets/thermochemistry/export_protocol.json,data/campaign/thermochemistry/Ru_bipyridine_pnnoh_iPr__protonated_reference/accepted_geometry.xyz,d8d4fe38a461951245a12794d691e6383d30fa89c4e6659c32d29969e3f0540f,data/campaign/thermochemistry/Ru_bipyridine_pnnoh_iPr__protonated_reference/hessian_00.npz,820681f3c7fb21a6527004622d3ec4a8d77ecccaa1b337f0f9cab99ea753c9c0,2,0,383.15,lowest G383.15 among eligible certificates; same geometry at all T,101325.0,1.0,100.0,0,1
Ru_bipyridine_pnnoh_iPr|protonated_reference,Ru_bipyridine_pnnoh_iPr,protonated_reference,440.0,-44122.47434976357,236.16528037451744,-43852.64771062607,217.28478922702777,205.69826605787034,-43940.019074317766,3.135873373767528,kcal/mol,cal/(mol K),1,C18H24N2O2PRu,GFN2-xTB/ALPB toluene gsolv + qRRHO + 1M,data/campaign/thermochemistry/Ru_bipyridine_pnnoh_iPr__protonated_reference/result.json,76efd00867e6a9b2f6653fd105091ab40bc5a3bd6d1063d5a2d62e74a617e0b9,data/campaign/thermochemistry/Ru_bipyridine_pnnoh_iPr__protonated_reference/result.json#/attempts/0/native_command,data/datasets/thermochemistry/export_protocol.json,data/campaign/thermochemistry/Ru_bipyridine_pnnoh_iPr__protonated_reference/accepted_geometry.xyz,d8d4fe38a461951245a12794d691e6383d30fa89c4e6659c32d29969e3f0540f,data/campaign/thermochemistry/Ru_bipyridine_pnnoh_iPr__protonated_reference/hessian_00.npz,820681f3c7fb21a6527004622d3ec4a8d77ecccaa1b337f0f9cab99ea753c9c0,2,0,383.15,lowest G383.15 among eligible certificates; same geometry at all T,101325.0,1.0,100.0,0,1
Ru_macho_pnp_Ph|active,Ru_macho_pnp_Ph,active,298.15,-57858.26571967874,303.57472805536133,-57533.08799963281,218.27004353594293,198.67314675972833,-57590.42806989373,1.894328445494145,kcal/mol,cal/(mol K),0,C29H29NOP2Ru,GFN2-xTB/ALPB toluene gsolv + qRRHO + 1M,data/campaign/thermochemistry_identity_replacements/Ru_macho_pnp_Ph__active/result.json,848e83a4a19895b46164c3665a96fa1702df17f0808a05318d72b89c7f628721,data/campaign/thermochemistry_identity_replacements/Ru_macho_pnp_Ph__active/result.json#/attempts/0/native_command,data/datasets/thermochemistry/export_protocol.json,data/campaign/thermochemistry_identity_replacements/Ru_macho_pnp_Ph__active/accepted_geometry.xyz,f2c030ea3b04d2b043627d9cc29c7ff4e476300cf82e7d5e7136b8d39ac1a650,data/campaign/thermochemistry_identity_replacements/Ru_macho_pnp_Ph__active/hessian_00.npz,f089b1f84113911479daaf7fa113846d16f11718f1f1620a4e951931ce9b0b73,5,0,383.15,lowest G383.15 among eligible certificates; same geometry at all T,101325.0,1.0,100.0,0,1
Ru_macho_pnp_Ph|active,Ru_macho_pnp_Ph,active,340.0,-57858.26571967874,303.57472805536133,-57527.25032728811,236.56820631374288,215.16828260620437,-57598.158570589854,2.248972784367174,kcal/mol,cal/(mol K),0,C29H29NOP2Ru,GFN2-xTB/ALPB toluene gsolv + qRRHO + 1M,data/campaign/thermochemistry_identity_replacements/Ru_macho_pnp_Ph__active/result.json,848e83a4a19895b46164c3665a96fa1702df17f0808a05318d72b89c7f628721,data/campaign/thermochemistry_identity_replacements/Ru_macho_pnp_Ph__active/result.json#/attempts/0/native_command,data/datasets/thermochemistry/export_protocol.json,data/campaign/thermochemistry_identity_replacements/Ru_macho_pnp_Ph__active/accepted_geometry.xyz,f2c030ea3b04d2b043627d9cc29c7ff4e476300cf82e7d5e7136b8d39ac1a650,data/campaign/thermochemistry_identity_replacements/Ru_macho_pnp_Ph__active/hessian_00.npz,f089b1f84113911479daaf7fa113846d16f11718f1f1620a4e951931ce9b0b73,5,0,383.15,lowest G383.15 among eligible certificates; same geometry at all T,101325.0,1.0,100.0,0,1
Ru_macho_pnp_Ph|active,Ru_macho_pnp_Ph,active,350.0,-57858.26571967874,303.57472805536133,-57525.75425685873,240.90467787333222,219.1056851985054,-57600.10596618063,2.3352804975836268,kcal/mol,cal/(mol K),0,C29H29NOP2Ru,GFN2-xTB/ALPB toluene gsolv + qRRHO + 1M,data/campaign/thermochemistry_identity_replacements/Ru_macho_pnp_Ph__active/result.json,848e83a4a19895b46164c3665a96fa1702df17f0808a05318d72b89c7f628721,data/campaign/thermochemistry_identity_replacements/Ru_macho_pnp_Ph__active/result.json#/attempts/0/native_command,data/datasets/thermochemistry/export_protocol.json,data/campaign/thermochemistry_identity_replacements/Ru_macho_pnp_Ph__active/accepted_geometry.xyz,f2c030ea3b04d2b043627d9cc29c7ff4e476300cf82e7d5e7136b8d39ac1a650,data/campaign/thermochemistry_identity_replacements/Ru_macho_pnp_Ph__active/hessian_00.npz,f089b1f84113911479daaf7fa113846d16f11718f1f1620a4e951931ce9b0b73,5,0,383.15,lowest G383.15 among eligible certificates; same geometry at all T,101325.0,1.0,100.0,0,1
Ru_macho_pnp_Ph|active,Ru_macho_pnp_Ph,active,360.0,-57858.26571967874,303.57472805536133,-57524.220166593106,245.22609506511867,223.03891883025085,-57602.09202131128,2.422156060718619,kcal/mol,cal/(mol K),0,C29H29NOP2Ru,GFN2-xTB/ALPB toluene gsolv + qRRHO + 1M,data/campaign/thermochemistry_identity_replacements/Ru_macho_pnp_Ph__active/result.json,848e83a4a19895b46164c3665a96fa1702df17f0808a05318d72b89c7f628721,data/campaign/thermochemistry_identity_replacements/Ru_macho_pnp_Ph__active/result.json#/attempts/0/native_command,data/datasets/thermochemistry/export_protocol.json,data/campaign/thermochemistry_identity_replacements/Ru_macho_pnp_Ph__active/accepted_geometry.xyz,f2c030ea3b04d2b043627d9cc29c7ff4e476300cf82e7d5e7136b8d39ac1a650,data/campaign/thermochemistry_identity_replacements/Ru_macho_pnp_Ph__active/hessian_00.npz,f089b1f84113911479daaf7fa113846d16f11718f1f1620a4e951931ce9b0b73,5,0,383.15,lowest G383.15 among eligible certificates; same geometry at all T,101325.0,1.0,100.0,0,1
Ru_macho_pnp_Ph|active,Ru_macho_pnp_Ph,active,370.0,-57858.26571967874,303.57472805536133,-57522.64861868674,249.53174261256004,226.96669806654504,-57604.11671327532,2.509583696046293,kcal/mol,cal/(mol K),0,C29H29NOP2Ru,GFN2-xTB/ALPB toluene gsolv + qRRHO + 1M,data/campaign/thermochemistry_identity_replacements/Ru_macho_pnp_Ph__active/result.json,848e83a4a19895b46164c3665a96fa1702df17f0808a05318d72b89c7f628721,data/campaign/thermochemistry_identity_replacements/Ru_macho_pnp_Ph__active/result.json#/attempts/0/native_command,data/datasets/thermochemistry/export_protocol.json,data/campaign/thermochemistry_identity_replacements/Ru_macho_pnp_Ph__active/accepted_geometry.xyz,f2c030ea3b04d2b043627d9cc29c7ff4e476300cf82e7d5e7136b8d39ac1a650,data/campaign/thermochemistry_identity_replacements/Ru_macho_pnp_Ph__active/hessian_00.npz,f089b1f84113911479daaf7fa113846d16f11718f1f1620a4e951931ce9b0b73,5,0,383.15,lowest G383.15 among eligible certificates; same geometry at all T,101325.0,1.0,100.0,0,1
Ru_macho_pnp_Ph|active,Ru_macho_pnp_Ph,active,380.0,-57858.26571967874,303.57472805536133,-57521.04020758193,253.8208764270417,230.88775174430666,-57606.18000476575,2.597548479011341,kcal/mol,cal/(mol K),0,C29H29NOP2Ru,GFN2-xTB/ALPB toluene gsolv + qRRHO + 1M,data/campaign/thermochemistry_identity_replacements/Ru_macho_pnp_Ph__active/result.json,848e83a4a19895b46164c3665a96fa1702df17f0808a05318d72b89c7f628721,data/campaign/thermochemistry_identity_replacements/Ru_macho_pnp_Ph__active/result.json#/attempts/0/native_command,data/datasets/thermochemistry/export_protocol.json,data/campaign/thermochemistry_identity_replacements/Ru_macho_pnp_Ph__active/accepted_geometry.xyz,f2c030ea3b04d2b043627d9cc29c7ff4e476300cf82e7d5e7136b8d39ac1a650,data/campaign/thermochemistry_identity_replacements/Ru_macho_pnp_Ph__active/hessian_00.npz,f089b1f84113911479daaf7fa113846d16f11718f1f1620a4e951931ce9b0b73,5,0,383.15,lowest G383.15 among eligible certificates; same geometry at all T,101325.0,1.0,100.0,0,1
Ru_macho_pnp_Ph|active,Ru_macho_pnp_Ph,active,383.15,-57858.26571967874,303.57472805536133,-57520.52602188008,255.1684127036445,232.12129101538804,-57606.837928177054,2.625366355574337,kcal/mol,cal/(mol K),0,C29H29NOP2Ru,GFN2-xTB/ALPB toluene gsolv + qRRHO + 1M,data/campaign/thermochemistry_identity_replacements/Ru_macho_pnp_Ph__active/result.json,848e83a4a19895b46164c3665a96fa1702df17f0808a05318d72b89c7f628721,data/campaign/thermochemistry_identity_replacements/Ru_macho_pnp_Ph__active/result.json#/attempts/0/native_command,data/datasets/thermochemistry/export_protocol.json,data/campaign/thermochemistry_identity_replacements/Ru_macho_pnp_Ph__active/accepted_geometry.xyz,f2c030ea3b04d2b043627d9cc29c7ff4e476300cf82e7d5e7136b8d39ac1a650,data/campaign/thermochemistry_identity_replacements/Ru_macho_pnp_Ph__active/hessian_00.npz,f089b1f84113911479daaf7fa113846d16f11718f1f1620a4e951931ce9b0b73,5,0,383.15,lowest G383.15 among eligible certificates; same geometry at all T,101325.0,1.0,100.0,0,1
Ru_macho_pnp_Ph|active,Ru_macho_pnp_Ph,active,390.0,-57858.26571967874,303.57472805536133,-57519.395554315124,258.0927412902765,234.8008364754815,-57608.281844269724,2.686036270841015,kcal/mol,cal/(mol K),0,C29H29NOP2Ru,GFN2-xTB/ALPB toluene gsolv + qRRHO + 1M,data/campaign/thermochemistry_identity_replacements/Ru_macho_pnp_Ph__active/result.json,848e83a4a19895b46164c3665a96fa1702df17f0808a05318d72b89c7f628721,data/campaign/thermochemistry_identity_replacements/Ru_macho_pnp_Ph__active/result.json#/attempts/0/native_command,data/datasets/thermochemistry/export_protocol.json,data/campaign/thermochemistry_identity_replacements/Ru_macho_pnp_Ph__active/accepted_geometry.xyz,f2c030ea3b04d2b043627d9cc29c7ff4e476300cf82e7d5e7136b8d39ac1a650,data/campaign/thermochemistry_identity_replacements/Ru_macho_pnp_Ph__active/hessian_00.npz,f089b1f84113911479daaf7fa113846d16f11718f1f1620a4e951931ce9b0b73,5,0,383.15,lowest G383.15 among eligible certificates; same geometry at all T,101325.0,1.0,100.0,0,1
Ru_macho_pnp_Ph|active,Ru_macho_pnp_Ph,active,400.0,-57858.26571967874,303.57472805536133,-57517.71530122018,262.3465853972963,238.70474749891378,-57610.42216656167,2.775033658072708,kcal/mol,cal/(mol K),0,C29H29NOP2Ru,GFN2-xTB/ALPB toluene gsolv + qRRHO + 1M,data/campaign/thermochemistry_identity_replacements/Ru_macho_pnp_Ph__active/result.json,848e83a4a19895b46164c3665a96fa1702df17f0808a05318d72b89c7f628721,data/campaign/thermochemistry_identity_replacements/Ru_macho_pnp_Ph__active/result.json#/attempts/0/native_command,data/datasets/thermochemistry/export_protocol.json,data/campaign/thermochemistry_identity_replacements/Ru_macho_pnp_Ph__active/accepted_geometry.xyz,f2c030ea3b04d2b043627d9cc29c7ff4e476300cf82e7d5e7136b8d39ac1a650,data/campaign/thermochemistry_identity_replacements/Ru_macho_pnp_Ph__active/hessian_00.npz,f089b1f84113911479daaf7fa113846d16f11718f1f1620a4e951931ce9b0b73,5,0,383.15,lowest G383.15 among eligible certificates; same geometry at all T,101325.0,1.0,100.0,0,1
Ru_macho_pnp_Ph|active,Ru_macho_pnp_Ph,active,410.0,-57858.26571967874,303.57472805536133,-57516.000107024294,266.5816721333069,242.59832718827744,-57612.60089327335,2.8645278981321125,kcal/mol,cal/(mol K),0,C29H29NOP2Ru,GFN2-xTB/ALPB toluene gsolv + qRRHO + 1M,data/campaign/thermochemistry_identity_replacements/Ru_macho_pnp_Ph__active/result.json,848e83a4a19895b46164c3665a96fa1702df17f0808a05318d72b89c7f628721,data/campaign/thermochemistry_identity_replacements/Ru_macho_pnp_Ph__active/result.json#/attempts/0/native_command,data/datasets/thermochemistry/export_protocol.json,data/campaign/thermochemistry_identity_replacements/Ru_macho_pnp_Ph__active/accepted_geometry.xyz,f2c030ea3b04d2b043627d9cc29c7ff4e476300cf82e7d5e7136b8d39ac1a650,data/campaign/thermochemistry_identity_replacements/Ru_macho_pnp_Ph__active/hessian_00.npz,f089b1f84113911479daaf7fa113846d16f11718f1f1620a4e951931ce9b0b73,5,0,383.15,lowest G383.15 among eligible certificates; same geometry at all T,101325.0,1.0,100.0,0,1
Ru_macho_pnp_Ph|active,Ru_macho_pnp_Ph,active,420.0,-57858.26571967874,303.57472805536133,-57514.25064235772,270.7972894341758,246.48047150994773,-57614.81793352168,2.954506870223601,kcal/mol,cal/(mol K),0,C29H29NOP2Ru,GFN2-xTB/ALPB toluene gsolv + qRRHO + 1M,data/campaign/thermochemistry_identity_replacements/Ru_macho_pnp_Ph__active/result.json,848e83a4a19895b46164c3665a96fa1702df17f0808a05318d72b89c7f628721,data/campaign/thermochemistry_identity_replacements/Ru_macho_pnp_Ph__active/result.json#/attempts/0/native_command,data/datasets/thermochemistry/export_protocol.json,data/campaign/thermochemistry_identity_replacements/Ru_macho_pnp_Ph__active/accepted_geometry.xyz,f2c030ea3b04d2b043627d9cc29c7ff4e476300cf82e7d5e7136b8d39ac1a650,data/campaign/thermochemistry_identity_replacements/Ru_macho_pnp_Ph__active/hessian_00.npz,f089b1f84113911479daaf7fa113846d16f11718f1f1620a4e951931ce9b0b73,5,0,383.15,lowest G383.15 among eligible certificates; same geometry at all T,101325.0,1.0,100.0,0,1
Ru_macho_pnp_Ph|active,Ru_macho_pnp_Ph,active,430.0,-57858.26571967874,303.57472805536133,-57512.4675856847,274.99275705388806,250.3501347065778,-57617.07318457763,3.044959030900024,kcal/mol,cal/(mol K),0,C29H29NOP2Ru,GFN2-xTB/ALPB toluene gsolv + qRRHO + 1M,data/campaign/thermochemistry_identity_replacements/Ru_macho_pnp_Ph__active/result.json,848e83a4a19895b46164c3665a96fa1702df17f0808a05318d72b89c7f628721,data/campaign/thermochemistry_identity_replacements/Ru_macho_pnp_Ph__active/result.json#/attempts/0/native_command,data/datasets/thermochemistry/export_protocol.json,data/campaign/thermochemistry_identity_replacements/Ru_macho_pnp_Ph__active/accepted_geometry.xyz,f2c030ea3b04d2b043627d9cc29c7ff4e476300cf82e7d5e7136b8d39ac1a650,data/campaign/thermochemistry_identity_replacements/Ru_macho_pnp_Ph__active/hessian_00.npz,f089b1f84113911479daaf7fa113846d16f11718f1f1620a4e951931ce9b0b73,5,0,383.15,lowest G383.15 among eligible certificates; same geometry at all T,101325.0,1.0,100.0,0,1
Ru_macho_pnp_Ph|active,Ru_macho_pnp_Ph,active,440.0,-57858.26571967874,303.57472805536133,-57510.65161965266,279.1674320343692,254.20633246116859,-57619.366532561806,3.135873373767528,kcal/mol,cal/(mol K),0,C29H29NOP2Ru,GFN2-xTB/ALPB toluene gsolv + qRRHO + 1M,data/campaign/thermochemistry_identity_replacements/Ru_macho_pnp_Ph__active/result.json,848e83a4a19895b46164c3665a96fa1702df17f0808a05318d72b89c7f628721,data/campaign/thermochemistry_identity_replacements/Ru_macho_pnp_Ph__active/result.json#/attempts/0/native_command,data/datasets/thermochemistry/export_protocol.json,data/campaign/thermochemistry_identity_replacements/Ru_macho_pnp_Ph__active/accepted_geometry.xyz,f2c030ea3b04d2b043627d9cc29c7ff4e476300cf82e7d5e7136b8d39ac1a650,data/campaign/thermochemistry_identity_replacements/Ru_macho_pnp_Ph__active/hessian_00.npz,f089b1f84113911479daaf7fa113846d16f11718f1f1620a4e951931ce9b0b73,5,0,383.15,lowest G383.15 among eligible certificates; same geometry at all T,101325.0,1.0,100.0,0,1
Ru_macho_pnp_Ph|hydrogenated,Ru_macho_pnp_Ph,hydrogenated,298.15,-58518.011591067174,317.34299521634625,-58179.01801097683,216.36505023529287,198.1704035509448,-58236.20818835005,1.894328445494145,kcal/mol,cal/(mol K),0,C29H31NOP2Ru,GFN2-xTB/ALPB toluene gsolv + qRRHO + 1M,data/campaign/thermochemistry/Ru_macho_pnp_Ph__hydrogenated/result.json,5d4e79a6b7b2778cfccfca6e6b33e70880f9abdb4eb2972464612e98112410be,data/campaign/thermochemistry/Ru_macho_pnp_Ph__hydrogenated/result.json#/attempts/0/native_command,data/datasets/thermochemistry/export_protocol.json,data/campaign/thermochemistry/Ru_macho_pnp_Ph__hydrogenated/accepted_geometry.xyz,1f4305273d2ba9284908608c402b090e6670d7b2fc0bf4e0c1c02c719c0e3e7d,data/campaign/thermochemistry/Ru_macho_pnp_Ph__hydrogenated/hessian_00.npz,1288fe613d99c09db3bd21cadd8c5e47fb79199de0baaf6da5d5b367ef4b86fa,3,0,383.15,lowest G383.15 among eligible certificates; same geometry at all T,101325.0,1.0,100.0,0,1
Ru_macho_pnp_Ph|hydrogenated,Ru_macho_pnp_Ph,hydrogenated,340.0,-58518.011591067174,317.34299521634625,-58173.09542944563,234.92887918236937,214.99045317704332,-58243.94321074146,2.248972784367174,kcal/mol,cal/(mol K),0,C29H31NOP2Ru,GFN2-xTB/ALPB toluene gsolv + qRRHO + 1M,data/campaign/thermochemistry/Ru_macho_pnp_Ph__hydrogenated/result.json,5d4e79a6b7b2778cfccfca6e6b33e70880f9abdb4eb2972464612e98112410be,data/campaign/thermochemistry/Ru_macho_pnp_Ph__hydrogenated/result.json#/attempts/0/native_command,data/datasets/thermochemistry/export_protocol.json,data/campaign/thermochemistry/Ru_macho_pnp_Ph__hydrogenated/accepted_geometry.xyz,1f4305273d2ba9284908608c402b090e6670d7b2fc0bf4e0c1c02c719c0e3e7d,data/campaign/thermochemistry/Ru_macho_pnp_Ph__hydrogenated/hessian_00.npz,1288fe613d99c09db3bd21cadd8c5e47fb79199de0baaf6da5d5b367ef4b86fa,3,0,383.15,lowest G383.15 among eligible certificates; same geometry at all T,101325.0,1.0,100.0,0,1
Ru_macho_pnp_Ph|hydrogenated,Ru_macho_pnp_Ph,hydrogenated,350.0,-58518.011591067174,317.34299521634625,-58171.57548100011,239.33455746524027,219.01009722198367,-58245.893734530226,2.3352804975836268,kcal/mol,cal/(mol K),0,C29H31NOP2Ru,GFN2-xTB/ALPB toluene gsolv + qRRHO + 1M,data/campaign/thermochemistry/Ru_macho_pnp_Ph__hydrogenated/result.json,5d4e79a6b7b2778cfccfca6e6b33e70880f9abdb4eb2972464612e98112410be,data/campaign/thermochemistry/Ru_macho_pnp_Ph__hydrogenated/result.json#/attempts/0/native_command,data/datasets/thermochemistry/export_protocol.json,data/campaign/thermochemistry/Ru_macho_pnp_Ph__hydrogenated/accepted_geometry.xyz,1f4305273d2ba9284908608c402b090e6670d7b2fc0bf4e0c1c02c719c0e3e7d,data/campaign/thermochemistry/Ru_macho_pnp_Ph__hydrogenated/hessian_00.npz,1288fe613d99c09db3bd21cadd8c5e47fb79199de0baaf6da5d5b367ef4b86fa,3,0,383.15,lowest G383.15 among eligible certificates; same geometry at all T,101325.0,1.0,100.0,0,1
Ru_macho_pnp_Ph|hydrogenated,Ru_macho_pnp_Ph,hydrogenated,360.0,-58518.011591067174,317.34299521634625,-58170.01611809668,243.7271606729521,223.02717183893202,-58247.88374389798,2.422156060718619,kcal/mol,cal/(mol K),0,C29H31NOP2Ru,GFN2-xTB/ALPB toluene gsolv + qRRHO + 1M,data/campaign/thermochemistry/Ru_macho_pnp_Ph__hydrogenated/result.json,5d4e79a6b7b2778cfccfca6e6b33e70880f9abdb4eb2972464612e98112410be,data/campaign/thermochemistry/Ru_macho_pnp_Ph__hydrogenated/result.json#/attempts/0/native_command,data/datasets/thermochemistry/export_protocol.json,data/campaign/thermochemistry/Ru_macho_pnp_Ph__hydrogenated/accepted_geometry.xyz,1f4305273d2ba9284908608c402b090e6670d7b2fc0bf4e0c1c02c719c0e3e7d,data/campaign/thermochemistry/Ru_macho_pnp_Ph__hydrogenated/hessian_00.npz,1288fe613d99c09db3bd21cadd8c5e47fb79199de0baaf6da5d5b367ef4b86fa,3,0,383.15,lowest G383.15 among eligible certificates; same geometry at all T,101325.0,1.0,100.0,0,1
Ru_macho_pnp_Ph|hydrogenated,Ru_macho_pnp_Ph,hydrogenated,370.0,-58518.011591067174,317.34299521634625,-58168.41790476778,248.10586004220502,227.04029985880766,-58249.9132320195,2.509583696046293,kcal/mol,cal/(mol K),0,C29H31NOP2Ru,GFN2-xTB/ALPB toluene gsolv + qRRHO + 1M,data/campaign/thermochemistry/Ru_macho_pnp_Ph__hydrogenated/result.json,5d4e79a6b7b2778cfccfca6e6b33e70880f9abdb4eb2972464612e98112410be,data/campaign/thermochemistry/Ru_macho_pnp_Ph__hydrogenated/result.json#/attempts/0/native_command,data/datasets/thermochemistry/export_protocol.json,data/campaign/thermochemistry/Ru_macho_pnp_Ph__hydrogenated/accepted_geometry.xyz,1f4305273d2ba9284908608c402b090e6670d7b2fc0bf4e0c1c02c719c0e3e7d,data/campaign/thermochemistry/Ru_macho_pnp_Ph__hydrogenated/hessian_00.npz,1288fe613d99c09db3bd21cadd8c5e47fb79199de0baaf6da5d5b367ef4b86fa,3,0,383.15,lowest G383.15 among eligible certificates; same geometry at all T,101325.0,1.0,100.0,0,1
Ru_macho_pnp_Ph|hydrogenated,Ru_macho_pnp_Ph,hydrogenated,380.0,-58518.011591067174,317.34299521634625,-58166.78144056721,252.4697983423033,231.0481168963728,-58251.98217650882,2.597548479011341,kcal/mol,cal/(mol K),0,C29H31NOP2Ru,GFN2-xTB/ALPB toluene gsolv + qRRHO + 1M,data/campaign/thermochemistry/Ru_macho_pnp_Ph__hydrogenated/result.json,5d4e79a6b7b2778cfccfca6e6b33e70880f9abdb4eb2972464612e98112410be,data/campaign/thermochemistry/Ru_macho_pnp_Ph__hydrogenated/result.json#/attempts/0/native_command,data/datasets/thermochemistry/export_protocol.json,data/campaign/thermochemistry/Ru_macho_pnp_Ph__hydrogenated/accepted_geometry.xyz,1f4305273d2ba9284908608c402b090e6670d7b2fc0bf4e0c1c02c719c0e3e7d,data/campaign/thermochemistry/Ru_macho_pnp_Ph__hydrogenated/hessian_00.npz,1288fe613d99c09db3bd21cadd8c5e47fb79199de0baaf6da5d5b367ef4b86fa,3,0,383.15,lowest G383.15 among eligible certificates; same geometry at all T,101325.0,1.0,100.0,0,1
Ru_macho_pnp_Ph|hydrogenated,Ru_macho_pnp_Ph,hydrogenated,383.15,-58518.011591067174,317.34299521634625,-58166.25813194989,253.8412430856505,232.30926462170098,-58252.642060334125,2.625366355574337,kcal/mol,cal/(mol K),0,C29H31NOP2Ru,GFN2-xTB/ALPB toluene gsolv + qRRHO + 1M,data/campaign/thermochemistry/Ru_macho_pnp_Ph__hydrogenated/result.json,5d4e79a6b7b2778cfccfca6e6b33e70880f9abdb4eb2972464612e98112410be,data/campaign/thermochemistry/Ru_macho_pnp_Ph__hydrogenated/result.json#/attempts/0/native_command,data/datasets/thermochemistry/export_protocol.json,data/campaign/thermochemistry/Ru_macho_pnp_Ph__hydrogenated/accepted_geometry.xyz,1f4305273d2ba9284908608c402b090e6670d7b2fc0bf4e0c1c02c719c0e3e7d,data/campaign/thermochemistry/Ru_macho_pnp_Ph__hydrogenated/hessian_00.npz,1288fe613d99c09db3bd21cadd8c5e47fb79199de0baaf6da5d5b367ef4b86fa,3,0,383.15,lowest G383.15 among eligible certificates; same geometry at all T,101325.0,1.0,100.0,0,1
Ru_macho_pnp_Ph|hydrogenated,Ru_macho_pnp_Ph,hydrogenated,390.0,-58518.011591067174,317.34299521634625,-58165.10735459855,256.81810835069706,235.0492858480698,-58254.09053980846,2.686036270841015,kcal/mol,cal/(mol K),0,C29H31NOP2Ru,GFN2-xTB/ALPB toluene gsolv + qRRHO + 1M,data/campaign/thermochemistry/Ru_macho_pnp_Ph__hydrogenated/result.json,5d4e79a6b7b2778cfccfca6e6b33e70880f9abdb4eb2972464612e98112410be,data/campaign/thermochemistry/Ru_macho_pnp_Ph__hydrogenated/result.json#/attempts/0/native_command,data/datasets/thermochemistry/export_protocol.json,data/campaign/thermochemistry/Ru_macho_pnp_Ph__hydrogenated/accepted_geometry.xyz,1f4305273d2ba9284908608c402b090e6670d7b2fc0bf4e0c1c02c719c0e3e7d,data/campaign/thermochemistry/Ru_macho_pnp_Ph__hydrogenated/hessian_00.npz,1288fe613d99c09db3bd21cadd8c5e47fb79199de0baaf6da5d5b367ef4b86fa,3,0,383.15,lowest G383.15 among eligible certificates; same geometry at all T,101325.0,1.0,100.0,0,1
Ru_macho_pnp_Ph|hydrogenated,Ru_macho_pnp_Ph,hydrogenated,400.0,-58518.011591067174,317.34299521634625,-58163.396299903245,261.1499280786745,239.04250860101553,-58256.23826968558,2.775033658072708,kcal/mol,cal/(mol K),0,C29H31NOP2Ru,GFN2-xTB/ALPB toluene gsolv + qRRHO + 1M,data/campaign/thermochemistry/Ru_macho_pnp_Ph__hydrogenated/result.json,5d4e79a6b7b2778cfccfca6e6b33e70880f9abdb4eb2972464612e98112410be,data/campaign/thermochemistry/Ru_macho_pnp_Ph__hydrogenated/result.json#/attempts/0/native_command,data/datasets/thermochemistry/export_protocol.json,data/campaign/thermochemistry/Ru_macho_pnp_Ph__hydrogenated/accepted_geometry.xyz,1f4305273d2ba9284908608c402b090e6670d7b2fc0bf4e0c1c02c719c0e3e7d,data/campaign/thermochemistry/Ru_macho_pnp_Ph__hydrogenated/hessian_00.npz,1288fe613d99c09db3bd21cadd8c5e47fb79199de0baaf6da5d5b367ef4b86fa,3,0,383.15,lowest G383.15 among eligible certificates; same geometry at all T,101325.0,1.0,100.0,0,1
Ru_macho_pnp_Ph|hydrogenated,Ru_macho_pnp_Ph,hydrogenated,410.0,-58518.011591067174,317.34299521634625,-58161.64894825048,265.46441312454874,243.02653526888426,-58258.42529981258,2.8645278981321125,kcal/mol,cal/(mol K),0,C29H31NOP2Ru,GFN2-xTB/ALPB toluene gsolv + qRRHO + 1M,data/campaign/thermochemistry/Ru_macho_pnp_Ph__hydrogenated/result.json,5d4e79a6b7b2778cfccfca6e6b33e70880f9abdb4eb2972464612e98112410be,data/campaign/thermochemistry/Ru_macho_pnp_Ph__hydrogenated/result.json#/attempts/0/native_command,data/datasets/thermochemistry/export_protocol.json,data/campaign/thermochemistry/Ru_macho_pnp_Ph__hydrogenated/accepted_geometry.xyz,1f4305273d2ba9284908608c402b090e6670d7b2fc0bf4e0c1c02c719c0e3e7d,data/campaign/thermochemistry/Ru_macho_pnp_Ph__hydrogenated/hessian_00.npz,1288fe613d99c09db3bd21cadd8c5e47fb79199de0baaf6da5d5b367ef4b86fa,3,0,383.15,lowest G383.15 among eligible certificates; same geometry at all T,101325.0,1.0,100.0,0,1
Ru_macho_pnp_Ph|hydrogenated,Ru_macho_pnp_Ph,hydrogenated,420.0,-58518.011591067174,317.34299521634625,-58159.86598535329,269.7607465105804,247.00017125852656,-58260.65155041165,2.954506870223601,kcal/mol,cal/(mol K),0,C29H31NOP2Ru,GFN2-xTB/ALPB toluene gsolv + qRRHO + 1M,data/campaign/thermochemistry/Ru_macho_pnp_Ph__hydrogenated/result.json,5d4e79a6b7b2778cfccfca6e6b33e70880f9abdb4eb2972464612e98112410be,data/campaign/thermochemistry/Ru_macho_pnp_Ph__hydrogenated/result.json#/attempts/0/native_command,data/datasets/thermochemistry/export_protocol.json,data/campaign/thermochemistry/Ru_macho_pnp_Ph__hydrogenated/accepted_geometry.xyz,1f4305273d2ba9284908608c402b090e6670d7b2fc0bf4e0c1c02c719c0e3e7d,data/campaign/thermochemistry/Ru_macho_pnp_Ph__hydrogenated/hessian_00.npz,1288fe613d99c09db3bd21cadd8c5e47fb79199de0baaf6da5d5b367ef4b86fa,3,0,383.15,lowest G383.15 among eligible certificates; same geometry at all T,101325.0,1.0,100.0,0,1
Ru_macho_pnp_Ph|hydrogenated,Ru_macho_pnp_Ph,hydrogenated,430.0,-58518.011591067174,317.34299521634625,-58158.048106521346,274.0381463348443,250.9622824538466,-58262.9169289456,3.044959030900024,kcal/mol,cal/(mol K),0,C29H31NOP2Ru,GFN2-xTB/ALPB toluene gsolv + qRRHO + 1M,data/campaign/thermochemistry/Ru_macho_pnp_Ph__hydrogenated/result.json,5d4e79a6b7b2778cfccfca6e6b33e70880f9abdb4eb2972464612e98112410be,data/campaign/thermochemistry/Ru_macho_pnp_Ph__hydrogenated/result.json#/attempts/0/native_command,data/datasets/thermochemistry/export_protocol.json,data/campaign/thermochemistry/Ru_macho_pnp_Ph__hydrogenated/accepted_geometry.xyz,1f4305273d2ba9284908608c402b090e6670d7b2fc0bf4e0c1c02c719c0e3e7d,data/campaign/thermochemistry/Ru_macho_pnp_Ph__hydrogenated/hessian_00.npz,1288fe613d99c09db3bd21cadd8c5e47fb79199de0baaf6da5d5b367ef4b86fa,3,0,383.15,lowest G383.15 among eligible certificates; same geometry at all T,101325.0,1.0,100.0,0,1
Ru_macho_pnp_Ph|hydrogenated,Ru_macho_pnp_Ph,hydrogenated,440.0,-58518.011591067174,317.34299521634625,-58156.19601274889,278.2958715420006,254.91179878268096,-58265.22133083951,3.135873373767528,kcal/mol,cal/(mol K),0,C29H31NOP2Ru,GFN2-xTB/ALPB toluene gsolv + qRRHO + 1M,data/campaign/thermochemistry/Ru_macho_pnp_Ph__hydrogenated/result.json,5d4e79a6b7b2778cfccfca6e6b33e70880f9abdb4eb2972464612e98112410be,data/campaign/thermochemistry/Ru_macho_pnp_Ph__hydrogenated/result.json#/attempts/0/native_command,data/datasets/thermochemistry/export_protocol.json,data/campaign/thermochemistry/Ru_macho_pnp_Ph__hydrogenated/accepted_geometry.xyz,1f4305273d2ba9284908608c402b090e6670d7b2fc0bf4e0c1c02c719c0e3e7d,data/campaign/thermochemistry/Ru_macho_pnp_Ph__hydrogenated/hessian_00.npz,1288fe613d99c09db3bd21cadd8c5e47fb79199de0baaf6da5d5b367ef4b86fa,3,0,383.15,lowest G383.15 among eligible certificates; same geometry at all T,101325.0,1.0,100.0,0,1
Ru_macho_pnp_Ph|protonated_reference,Ru_macho_pnp_Ph,protonated_reference,298.15,-57973.686798920695,312.2612128967892,-57639.84822964088,217.1042679475112,198.31625108052685,-57697.08189145504,1.894328445494145,kcal/mol,cal/(mol K),1,C29H30NOP2Ru,GFN2-xTB/ALPB toluene gsolv + qRRHO + 1M,data/campaign/thermochemistry/Ru_macho_pnp_Ph__protonated_reference/result.json,c14bcbc48907d405277a762343f8c57b57543c59cb5229ea8dd0a5ac5319f8c5,data/campaign/thermochemistry/Ru_macho_pnp_Ph__protonated_reference/result.json#/attempts/0/native_command,data/datasets/thermochemistry/export_protocol.json,data/campaign/thermochemistry/Ru_macho_pnp_Ph__protonated_reference/accepted_geometry.xyz,a1a87a76fe80e76b5f6ec96d65b9d3343035ea5d7c5a5b6dca8006d85a9ad471,data/campaign/thermochemistry/Ru_macho_pnp_Ph__protonated_reference/hessian_00.npz,ed41086f8e1411a67758c5685e6252461c860f3ba55668641e6b05da1f07e80d,0,0,383.15,lowest G383.15 among eligible certificates; same geometry at all T,101325.0,1.0,100.0,0,1
Ru_macho_pnp_Ph|protonated_reference,Ru_macho_pnp_Ph,protonated_reference,340.0,-57973.686798920695,312.2612128967892,-57633.97068479322,235.5272225965572,215.02166778191514,-57704.8290790547,2.248972784367174,kcal/mol,cal/(mol K),1,C29H30NOP2Ru,GFN2-xTB/ALPB toluene gsolv + qRRHO + 1M,data/campaign/thermochemistry/Ru_macho_pnp_Ph__protonated_reference/result.json,c14bcbc48907d405277a762343f8c57b57543c59cb5229ea8dd0a5ac5319f8c5,data/campaign/thermochemistry/Ru_macho_pnp_Ph__protonated_reference/result.json#/attempts/0/native_command,data/datasets/thermochemistry/export_protocol.json,data/campaign/thermochemistry/Ru_macho_pnp_Ph__protonated_reference/accepted_geometry.xyz,a1a87a76fe80e76b5f6ec96d65b9d3343035ea5d7c5a5b6dca8006d85a9ad471,data/campaign/thermochemistry/Ru_macho_pnp_Ph__protonated_reference/hessian_00.npz,ed41086f8e1411a67758c5685e6252461c860f3ba55668641e6b05da1f07e80d,0,0,383.15,lowest G383.15 among eligible certificates; same geometry at all T,101325.0,1.0,100.0,0,1
Ru_macho_pnp_Ph|protonated_reference,Ru_macho_pnp_Ph,protonated_reference,350.0,-57973.686798920695,312.2612128967892,-57632.46358568106,239.89565958436972,219.00987321027344,-57706.78176080707,2.3352804975836268,kcal/mol,cal/(mol K),1,C29H30NOP2Ru,GFN2-xTB/ALPB toluene gsolv + qRRHO + 1M,data/campaign/thermochemistry/Ru_macho_pnp_Ph__protonated_reference/result.json,c14bcbc48907d405277a762343f8c57b57543c59cb5229ea8dd0a5ac5319f8c5,data/campaign/thermochemistry/Ru_macho_pnp_Ph__protonated_reference/result.json#/attempts/0/native_command,data/datasets/thermochemistry/export_protocol.json,data/campaign/thermochemistry/Ru_macho_pnp_Ph__protonated_reference/accepted_geometry.xyz,a1a87a76fe80e76b5f6ec96d65b9d3343035ea5d7c5a5b6dca8006d85a9ad471,data/campaign/thermochemistry/Ru_macho_pnp_Ph__protonated_reference/hessian_00.npz,ed41086f8e1411a67758c5685e6252461c860f3ba55668641e6b05da1f07e80d,0,0,383.15,lowest G383.15 among eligible certificates; same geometry at all T,101325.0,1.0,100.0,0,1
Ru_macho_pnp_Ph|protonated_reference,Ru_macho_pnp_Ph,protonated_reference,360.0,-57973.686798920695,312.2612128967892,-57630.91789757891,244.24974515569647,222.9940728995303,-57708.77360776202,2.422156060718619,kcal/mol,cal/(mol K),1,C29H30NOP2Ru,GFN2-xTB/ALPB toluene gsolv + qRRHO + 1M,data/campaign/thermochemistry/Ru_macho_pnp_Ph__protonated_reference/result.json,c14bcbc48907d405277a762343f8c57b57543c59cb5229ea8dd0a5ac5319f8c5,data/campaign/thermochemistry/Ru_macho_pnp_Ph__protonated_reference/result.json#/attempts/0/native_command,data/datasets/thermochemistry/export_protocol.json,data/campaign/thermochemistry/Ru_macho_pnp_Ph__protonated_reference/accepted_geometry.xyz,a1a87a76fe80e76b5f6ec96d65b9d3343035ea5d7c5a5b6dca8006d85a9ad471,data/campaign/thermochemistry/Ru_macho_pnp_Ph__protonated_reference/hessian_00.npz,ed41086f8e1411a67758c5685e6252461c860f3ba55668641e6b05da1f07e80d,0,0,383.15,lowest G383.15 among eligible certificates; same geometry at all T,101325.0,1.0,100.0,0,1
Ru_macho_pnp_Ph|protonated_reference,Ru_macho_pnp_Ph,protonated_reference,370.0,-57973.686798920695,312.2612128967892,-57629.33418935307,248.58870723486848,226.9729548678983,-57710.804598958144,2.509583696046293,kcal/mol,cal/(mol K),1,C29H30NOP2Ru,GFN2-xTB/ALPB toluene gsolv + qRRHO + 1M,data/campaign/thermochemistry/Ru_macho_pnp_Ph__protonated_reference/result.json,c14bcbc48907d405277a762343f8c57b57543c59cb5229ea8dd0a5ac5319f8c5,data/campaign/thermochemistry/Ru_macho_pnp_Ph__protonated_reference/result.json#/attempts/0/native_command,data/datasets/thermochemistry/export_protocol.json,data/campaign/thermochemistry/Ru_macho_pnp_Ph__protonated_reference/accepted_geometry.xyz,a1a87a76fe80e76b5f6ec96d65b9d3343035ea5d7c5a5b6dca8006d85a9ad471,data/campaign/thermochemistry/Ru_macho_pnp_Ph__protonated_reference/hessian_00.npz,ed41086f8e1411a67758c5685e6252461c860f3ba55668641e6b05da1f07e80d,0,0,383.15,lowest G383.15 among eligible certificates; same geometry at all T,101325.0,1.0,100.0,0,1
Ru_macho_pnp_Ph|protonated_reference,Ru_macho_pnp_Ph,protonated_reference,380.0,-57973.686798920695,312.2612128967892,-57627.713062964285,252.91174721745278,230.94522120318226,-57712.87469854248,2.597548479011341,kcal/mol,cal/(mol K),1,C29H30NOP2Ru,GFN2-xTB/ALPB toluene gsolv + qRRHO + 1M,data/campaign/thermochemistry/Ru_macho_pnp_Ph__protonated_reference/result.json,c14bcbc48907d405277a762343f8c57b57543c59cb5229ea8dd0a5ac5319f8c5,data/campaign/thermochemistry/Ru_macho_pnp_Ph__protonated_reference/result.json#/attempts/0/native_command,data/datasets/thermochemistry/export_protocol.json,data/campaign/thermochemistry/Ru_macho_pnp_Ph__protonated_reference/accepted_geometry.xyz,a1a87a76fe80e76b5f6ec96d65b9d3343035ea5d7c5a5b6dca8006d85a9ad471,data/campaign/thermochemistry/Ru_macho_pnp_Ph__protonated_reference/hessian_00.npz,ed41086f8e1411a67758c5685e6252461c860f3ba55668641e6b05da1f07e80d,0,0,383.15,lowest G383.15 among eligible certificates; same geometry at all T,101325.0,1.0,100.0,0,1
Ru_macho_pnp_Ph|protonated_reference,Ru_macho_pnp_Ph,protonated_reference,383.15,-57973.686798920695,312.2612128967892,-57627.1947583077,254.27007807156804,232.19491096696225,-57713.53487208911,2.625366355574337,kcal/mol,cal/(mol K),1,C29H30NOP2Ru,GFN2-xTB/ALPB toluene gsolv + qRRHO + 1M,data/campaign/thermochemistry/Ru_macho_pnp_Ph__protonated_reference/result.json,c14bcbc48907d405277a762343f8c57b57543c59cb5229ea8dd0a5ac5319f8c5,data/campaign/thermochemistry/Ru_macho_pnp_Ph__protonated_reference/result.json#/attempts/0/native_command,data/datasets/thermochemistry/export_protocol.json,data/campaign/thermochemistry/Ru_macho_pnp_Ph__protonated_reference/accepted_geometry.xyz,a1a87a76fe80e76b5f6ec96d65b9d3343035ea5d7c5a5b6dca8006d85a9ad471,data/campaign/thermochemistry/Ru_macho_pnp_Ph__protonated_reference/hessian_00.npz,ed41086f8e1411a67758c5685e6252461c860f3ba55668641e6b05da1f07e80d,0,0,383.15,lowest G383.15 among eligible certificates; same geometry at all T,101325.0,1.0,100.0,0,1
Ru_macho_pnp_Ph|protonated_reference,Ru_macho_pnp_Ph,protonated_reference,390.0,-57973.686798920695,312.2612128967892,-57626.05514769193,257.218057735458,234.90960191467448,-57714.98385616781,2.686036270841015,kcal/mol,cal/(mol K),1,C29H30NOP2Ru,GFN2-xTB/ALPB toluene gsolv + qRRHO + 1M,data/campaign/thermochemistry/Ru_macho_pnp_Ph__protonated_reference/result.json,c14bcbc48907d405277a762343f8c57b57543c59cb5229ea8dd0a5ac5319f8c5,data/campaign/thermochemistry/Ru_macho_pnp_Ph__protonated_reference/result.json#/attempts/0/native_command,data/datasets/thermochemistry/export_protocol.json,data/campaign/thermochemistry/Ru_macho_pnp_Ph__protonated_reference/accepted_geometry.xyz,a1a87a76fe80e76b5f6ec96d65b9d3343035ea5d7c5a5b6dca8006d85a9ad471,data/campaign/thermochemistry/Ru_macho_pnp_Ph__protonated_reference/hessian_00.npz,ed41086f8e1411a67758c5685e6252461c860f3ba55668641e6b05da1f07e80d,0,0,383.15,lowest G383.15 among eligible certificates; same geometry at all T,101325.0,1.0,100.0,0,1
Ru_macho_pnp_Ph|protonated_reference,Ru_macho_pnp_Ph,protonated_reference,400.0,-57973.686798920695,312.2612128967892,-57624.36109471621,261.5068372670191,238.86486608290173,-57717.132007491295,2.775033658072708,kcal/mol,cal/(mol K),1,C29H30NOP2Ru,GFN2-xTB/ALPB toluene gsolv + qRRHO + 1M,data/campaign/thermochemistry/Ru_macho_pnp_Ph__protonated_reference/result.json,c14bcbc48907d405277a762343f8c57b57543c59cb5229ea8dd0a5ac5319f8c5,data/campaign/thermochemistry/Ru_macho_pnp_Ph__protonated_reference/result.json#/attempts/0/native_command,data/datasets/thermochemistry/export_protocol.json,data/campaign/thermochemistry/Ru_macho_pnp_Ph__protonated_reference/accepted_geometry.xyz,a1a87a76fe80e76b5f6ec96d65b9d3343035ea5d7c5a5b6dca8006d85a9ad471,data/campaign/thermochemistry/Ru_macho_pnp_Ph__protonated_reference/hessian_00.npz,ed41086f8e1411a67758c5685e6252461c860f3ba55668641e6b05da1f07e80d,0,0,383.15,lowest G383.15 among eligible certificates; same geometry at all T,101325.0,1.0,100.0,0,1
Ru_macho_pnp_Ph|protonated_reference,Ru_macho_pnp_Ph,protonated_reference,410.0,-57973.686798920695,312.2612128967892,-57622.6315720981,265.77730195975636,242.80983061584863,-57719.319074752464,2.8645278981321125,kcal/mol,cal/(mol K),1,C29H30NOP2Ru,GFN2-xTB/ALPB toluene gsolv + qRRHO + 1M,data/campaign/thermochemistry/Ru_macho_pnp_Ph__protonated_reference/result.json,c14bcbc48907d405277a762343f8c57b57543c59cb5229ea8dd0a5ac5319f8c5,data/campaign/thermochemistry/Ru_macho_pnp_Ph__protonated_reference/result.json#/attempts/0/native_command,data/datasets/thermochemistry/export_protocol.json,data/campaign/thermochemistry/Ru_macho_pnp_Ph__protonated_reference/accepted_geometry.xyz,a1a87a76fe80e76b5f6ec96d65b9d3343035ea5d7c5a5b6dca8006d85a9ad471,data/campaign/thermochemistry/Ru_macho_pnp_Ph__protonated_reference/hessian_00.npz,ed41086f8e1411a67758c5685e6252461c860f3ba55668641e6b05da1f07e80d,0,0,383.15,lowest G383.15 among eligible certificates; same geometry at all T,101325.0,1.0,100.0,0,1
Ru_macho_pnp_Ph|protonated_reference,Ru_macho_pnp_Ph,protonated_reference,420.0,-57973.686798920695,312.2612128967892,-57620.86726017947,270.0286950161156,246.74336690845286,-57721.544967410795,2.954506870223601,kcal/mol,cal/(mol K),1,C29H30NOP2Ru,GFN2-xTB/ALPB toluene gsolv + qRRHO + 1M,data/campaign/thermochemistry/Ru_macho_pnp_Ph__protonated_reference/result.json,c14bcbc48907d405277a762343f8c57b57543c59cb5229ea8dd0a5ac5319f8c5,data/campaign/thermochemistry/Ru_macho_pnp_Ph__protonated_reference/result.json#/attempts/0/native_command,data/datasets/thermochemistry/export_protocol.json,data/campaign/thermochemistry/Ru_macho_pnp_Ph__protonated_reference/accepted_geometry.xyz,a1a87a76fe80e76b5f6ec96d65b9d3343035ea5d7c5a5b6dca8006d85a9ad471,data/campaign/thermochemistry/Ru_macho_pnp_Ph__protonated_reference/hessian_00.npz,ed41086f8e1411a67758c5685e6252461c860f3ba55668641e6b05da1f07e80d,0,0,383.15,lowest G383.15 among eligible certificates; same geometry at all T,101325.0,1.0,100.0,0,1
Ru_macho_pnp_Ph|protonated_reference,Ru_macho_pnp_Ph,protonated_reference,430.0,-57973.686798920695,312.2612128967892,-57619.06884741248,274.26029396427685,250.66440568502608,-57723.80958282614,3.044959030900024,kcal/mol,cal/(mol K),1,C29H30NOP2Ru,GFN2-xTB/ALPB toluene gsolv + qRRHO + 1M,data/campaign/thermochemistry/Ru_macho_pnp_Ph__protonated_reference/result.json,c14bcbc48907d405277a762343f8c57b57543c59cb5229ea8dd0a5ac5319f8c5,data/campaign/thermochemistry/Ru_macho_pnp_Ph__protonated_reference/result.json#/attempts/0/native_command,data/datasets/thermochemistry/export_protocol.json,data/campaign/thermochemistry/Ru_macho_pnp_Ph__protonated_reference/accepted_geometry.xyz,a1a87a76fe80e76b5f6ec96d65b9d3343035ea5d7c5a5b6dca8006d85a9ad471,data/campaign/thermochemistry/Ru_macho_pnp_Ph__protonated_reference/hessian_00.npz,ed41086f8e1411a67758c5685e6252461c860f3ba55668641e6b05da1f07e80d,0,0,383.15,lowest G383.15 among eligible certificates; same geometry at all T,101325.0,1.0,100.0,0,1
Ru_macho_pnp_Ph|protonated_reference,Ru_macho_pnp_Ph,protonated_reference,440.0,-57973.686798920695,312.2612128967892,-57617.237026615665,278.4714161113672,254.57194028375787,-57726.112806966754,3.135873373767528,kcal/mol,cal/(mol K),1,C29H30NOP2Ru,GFN2-xTB/ALPB toluene gsolv + qRRHO + 1M,data/campaign/thermochemistry/Ru_macho_pnp_Ph__protonated_reference/result.json,c14bcbc48907d405277a762343f8c57b57543c59cb5229ea8dd0a5ac5319f8c5,data/campaign/thermochemistry/Ru_macho_pnp_Ph__protonated_reference/result.json#/attempts/0/native_command,data/datasets/thermochemistry/export_protocol.json,data/campaign/thermochemistry/Ru_macho_pnp_Ph__protonated_reference/accepted_geometry.xyz,a1a87a76fe80e76b5f6ec96d65b9d3343035ea5d7c5a5b6dca8006d85a9ad471,data/campaign/thermochemistry/Ru_macho_pnp_Ph__protonated_reference/hessian_00.npz,ed41086f8e1411a67758c5685e6252461c860f3ba55668641e6b05da1f07e80d,0,0,383.15,lowest G383.15 among eligible certificates; same geometry at all T,101325.0,1.0,100.0,0,1
Ru_macho_pnp_iPr|active,Ru_macho_pnp_iPr,active,298.15,-44329.218794596534,316.7928241237995,-43992.7368632386,191.25389197746233,182.0219379759712,-44045.11237560064,1.894328445494145,kcal/mol,cal/(mol K),0,C17H37NOP2Ru,GFN2-xTB/ALPB toluene gsolv + qRRHO + 1M,data/campaign/thermochemistry_identity_replacements/Ru_macho_pnp_iPr__active/result.json,54788936ac8dcb7035b3861d390aa6761d8300ac1ced25ff219b8ba39e714ead,data/campaign/thermochemistry_identity_replacements/Ru_macho_pnp_iPr__active/result.json#/attempts/0/native_command,data/datasets/thermochemistry/export_protocol.json,data/campaign/thermochemistry_identity_replacements/Ru_macho_pnp_iPr__active/accepted_geometry.xyz,e0971ea8d5eda3d6d26542411fbad974084e5b45eef04ae53e8f83cf3c80a835,data/campaign/thermochemistry_identity_replacements/Ru_macho_pnp_iPr__active/hessian_00.npz,44c8970bacb5f84f8f46bcffae978840ed34d5abb514c2342e0b475a43682ac0,2,0,383.15,lowest G383.15 among eligible certificates; same geometry at all T,101325.0,1.0,100.0,0,1
Ru_macho_pnp_iPr|active,Ru_macho_pnp_iPr,active,340.0,-44329.218794596534,316.7928241237995,-43987.61667019432,207.30559393794704,196.86854023715637,-44052.30300109059,2.248972784367174,kcal/mol,cal/(mol K),0,C17H37NOP2Ru,GFN2-xTB/ALPB toluene gsolv + qRRHO + 1M,data/campaign/thermochemistry_identity_replacements/Ru_macho_pnp_iPr__active/result.json,54788936ac8dcb7035b3861d390aa6761d8300ac1ced25ff219b8ba39e714ead,data/campaign/thermochemistry_identity_replacements/Ru_macho_pnp_iPr__active/result.json#/attempts/0/native_command,data/datasets/thermochemistry/export_protocol.json,data/campaign/thermochemistry_identity_replacements/Ru_macho_pnp_iPr__active/accepted_geometry.xyz,e0971ea8d5eda3d6d26542411fbad974084e5b45eef04ae53e8f83cf3c80a835,data/campaign/thermochemistry_identity_replacements/Ru_macho_pnp_iPr__active/hessian_00.npz,44c8970bacb5f84f8f46bcffae978840ed34d5abb514c2342e0b475a43682ac0,2,0,383.15,lowest G383.15 among eligible certificates; same geometry at all T,101325.0,1.0,100.0,0,1
Ru_macho_pnp_iPr|active,Ru_macho_pnp_iPr,active,350.0,-44329.218794596534,316.7928241237995,-43986.31444507158,211.08021273860658,200.37585652801596,-44054.1107143588,2.3352804975836268,kcal/mol,cal/(mol K),0,C17H37NOP2Ru,GFN2-xTB/ALPB toluene gsolv + qRRHO + 1M,data/campaign/thermochemistry_identity_replacements/Ru_macho_pnp_iPr__active/result.json,54788936ac8dcb7035b3861d390aa6761d8300ac1ced25ff219b8ba39e714ead,data/campaign/thermochemistry_identity_replacements/Ru_macho_pnp_iPr__active/result.json#/attempts/0/native_command,data/datasets/thermochemistry/export_protocol.json,data/campaign/thermochemistry_identity_replacements/Ru_macho_pnp_iPr__active/accepted_geometry.xyz,e0971ea8d5eda3d6d26542411fbad974084e5b45eef04ae53e8f83cf3c80a835,data/campaign/thermochemistry_identity_replacements/Ru_macho_pnp_iPr__active/hessian_00.npz,44c8970bacb5f84f8f46bcffae978840ed34d5abb514c2342e0b475a43682ac0,2,0,383.15,lowest G383.15 among eligible certificates; same geometry at all T,101325.0,1.0,100.0,0,1
Ru_macho_pnp_iPr|active,Ru_macho_pnp_iPr,active,360.0,-44329.218794596534,316.7928241237995,-43984.982181218016,214.83311892183875,203.86857545036133,-44055.95271231943,2.422156060718619,kcal/mol,cal/(mol K),0,C17H37NOP2Ru,GFN2-xTB/ALPB toluene gsolv + qRRHO + 1M,data/campaign/thermochemistry_identity_replacements/Ru_macho_pnp_iPr__active/result.json,54788936ac8dcb7035b3861d390aa6761d8300ac1ced25ff219b8ba39e714ead,data/campaign/thermochemistry_identity_replacements/Ru_macho_pnp_iPr__active/result.json#/attempts/0/native_command,data/datasets/thermochemistry/export_protocol.json,data/campaign/thermochemistry_identity_replacements/Ru_macho_pnp_iPr__active/accepted_geometry.xyz,e0971ea8d5eda3d6d26542411fbad974084e5b45eef04ae53e8f83cf3c80a835,data/campaign/thermochemistry_identity_replacements/Ru_macho_pnp_iPr__active/hessian_00.npz,44c8970bacb5f84f8f46bcffae978840ed34d5abb514c2342e0b475a43682ac0,2,0,383.15,lowest G383.15 among eligible certificates; same geometry at all T,101325.0,1.0,100.0,0,1
Ru_macho_pnp_iPr|active,Ru_macho_pnp_iPr,active,370.0,-44329.218794596534,316.7928241237995,-43983.62011106641,218.56486574442596,207.34689140598147,-44057.82887719058,2.509583696046293,kcal/mol,cal/(mol K),0,C17H37NOP2Ru,GFN2-xTB/ALPB toluene gsolv + qRRHO + 1M,data/campaign/thermochemistry_identity_replacements/Ru_macho_pnp_iPr__active/result.json,54788936ac8dcb7035b3861d390aa6761d8300ac1ced25ff219b8ba39e714ead,data/campaign/thermochemistry_identity_replacements/Ru_macho_pnp_iPr__active/result.json#/attempts/0/native_command,data/datasets/thermochemistry/export_protocol.json,data/campaign/thermochemistry_identity_replacements/Ru_macho_pnp_iPr__active/accepted_geometry.xyz,e0971ea8d5eda3d6d26542411fbad974084e5b45eef04ae53e8f83cf3c80a835,data/campaign/thermochemistry_identity_replacements/Ru_macho_pnp_iPr__active/hessian_00.npz,44c8970bacb5f84f8f46bcffae978840ed34d5abb514c2342e0b475a43682ac0,2,0,383.15,lowest G383.15 among eligible certificates; same geometry at all T,101325.0,1.0,100.0,0,1
Ru_macho_pnp_iPr|active,Ru_macho_pnp_iPr,active,380.0,-44329.218794596534,316.7928241237995,-43982.228499591285,222.27587537258356,210.81089340086865,-44059.739090604606,2.597548479011341,kcal/mol,cal/(mol K),0,C17H37NOP2Ru,GFN2-xTB/ALPB toluene gsolv + qRRHO + 1M,data/campaign/thermochemistry_identity_replacements/Ru_macho_pnp_iPr__active/result.json,54788936ac8dcb7035b3861d390aa6761d8300ac1ced25ff219b8ba39e714ead,data/campaign/thermochemistry_identity_replacements/Ru_macho_pnp_iPr__active/result.json#/attempts/0/native_command,data/datasets/thermochemistry/export_protocol.json,data/campaign/thermochemistry_identity_replacements/Ru_macho_pnp_iPr__active/accepted_geometry.xyz,e0971ea8d5eda3d6d26542411fbad974084e5b45eef04ae53e8f83cf3c80a835,data/campaign/thermochemistry_identity_replacements/Ru_macho_pnp_iPr__active/hessian_00.npz,44c8970bacb5f84f8f46bcffae978840ed34d5abb514c2342e0b475a43682ac0,2,0,383.15,lowest G383.15 among eligible certificates; same geometry at all T,101325.0,1.0,100.0,0,1
Ru_macho_pnp_iPr|active,Ru_macho_pnp_iPr,active,383.15,-44329.218794596534,316.7928241237995,-43981.7840698852,223.4406011455162,211.8990919906832,-44060.34784062586,2.625366355574337,kcal/mol,cal/(mol K),0,C17H37NOP2Ru,GFN2-xTB/ALPB toluene gsolv + qRRHO + 1M,data/campaign/thermochemistry_identity_replacements/Ru_macho_pnp_iPr__active/result.json,54788936ac8dcb7035b3861d390aa6761d8300ac1ced25ff219b8ba39e714ead,data/campaign/thermochemistry_identity_replacements/Ru_macho_pnp_iPr__active/result.json#/attempts/0/native_command,data/datasets/thermochemistry/export_protocol.json,data/campaign/thermochemistry_identity_replacements/Ru_macho_pnp_iPr__active/accepted_geometry.xyz,e0971ea8d5eda3d6d26542411fbad974084e5b45eef04ae53e8f83cf3c80a835,data/campaign/thermochemistry_identity_replacements/Ru_macho_pnp_iPr__active/hessian_00.npz,44c8970bacb5f84f8f46bcffae978840ed34d5abb514c2342e0b475a43682ac0,2,0,383.15,lowest G383.15 among eligible certificates; same geometry at all T,101325.0,1.0,100.0,0,1
Ru_macho_pnp_iPr|active,Ru_macho_pnp_iPr,active,390.0,-44329.218794596534,316.7928241237995,-43980.80764102879,225.96646102689851,214.26058487692762,-44061.683232859956,2.686036270841015,kcal/mol,cal/(mol K),0,C17H37NOP2Ru,GFN2-xTB/ALPB toluene gsolv + qRRHO + 1M,data/campaign/thermochemistry_identity_replacements/Ru_macho_pnp_iPr__active/result.json,54788936ac8dcb7035b3861d390aa6761d8300ac1ced25ff219b8ba39e714ead,data/campaign/thermochemistry_identity_replacements/Ru_macho_pnp_iPr__active/result.json#/attempts/0/native_command,data/datasets/thermochemistry/export_protocol.json,data/campaign/thermochemistry_identity_replacements/Ru_macho_pnp_iPr__active/accepted_geometry.xyz,e0971ea8d5eda3d6d26542411fbad974084e5b45eef04ae53e8f83cf3c80a835,data/campaign/thermochemistry_identity_replacements/Ru_macho_pnp_iPr__active/hessian_00.npz,44c8970bacb5f84f8f46bcffae978840ed34d5abb514c2342e0b475a43682ac0,2,0,383.15,lowest G383.15 among eligible certificates; same geometry at all T,101325.0,1.0,100.0,0,1
Ru_macho_pnp_iPr|active,Ru_macho_pnp_iPr,active,400.0,-44329.218794596534,316.7928241237995,-43979.35785547529,229.63684663144204,217.6959012914357,-44063.66118233379,2.775033658072708,kcal/mol,cal/(mol K),0,C17H37NOP2Ru,GFN2-xTB/ALPB toluene gsolv + qRRHO + 1M,data/campaign/thermochemistry_identity_replacements/Ru_macho_pnp_iPr__active/result.json,54788936ac8dcb7035b3861d390aa6761d8300ac1ced25ff219b8ba39e714ead,data/campaign/thermochemistry_identity_replacements/Ru_macho_pnp_iPr__active/result.json#/attempts/0/native_command,data/datasets/thermochemistry/export_protocol.json,data/campaign/thermochemistry_identity_replacements/Ru_macho_pnp_iPr__active/accepted_geometry.xyz,e0971ea8d5eda3d6d26542411fbad974084e5b45eef04ae53e8f83cf3c80a835,data/campaign/thermochemistry_identity_replacements/Ru_macho_pnp_iPr__active/hessian_00.npz,44c8970bacb5f84f8f46bcffae978840ed34d5abb514c2342e0b475a43682ac0,2,0,383.15,lowest G383.15 among eligible certificates; same geometry at all T,101325.0,1.0,100.0,0,1
Ru_macho_pnp_iPr|active,Ru_macho_pnp_iPr,active,410.0,-44329.218794596534,316.7928241237995,-43977.87948547499,233.28718406340866,221.11672551224856,-44065.67281503687,2.8645278981321125,kcal/mol,cal/(mol K),0,C17H37NOP2Ru,GFN2-xTB/ALPB toluene gsolv + qRRHO + 1M,data/campaign/thermochemistry_identity_replacements/Ru_macho_pnp_iPr__active/result.json,54788936ac8dcb7035b3861d390aa6761d8300ac1ced25ff219b8ba39e714ead,data/campaign/thermochemistry_identity_replacements/Ru_macho_pnp_iPr__active/result.json#/attempts/0/native_command,data/datasets/thermochemistry/export_protocol.json,data/campaign/thermochemistry_identity_replacements/Ru_macho_pnp_iPr__active/accepted_geometry.xyz,e0971ea8d5eda3d6d26542411fbad974084e5b45eef04ae53e8f83cf3c80a835,data/campaign/thermochemistry_identity_replacements/Ru_macho_pnp_iPr__active/hessian_00.npz,44c8970bacb5f84f8f46bcffae978840ed34d5abb514c2342e0b475a43682ac0,2,0,383.15,lowest G383.15 among eligible certificates; same geometry at all T,101325.0,1.0,100.0,0,1
Ru_macho_pnp_iPr|active,Ru_macho_pnp_iPr,active,420.0,-44329.218794596534,316.7928241237995,-43976.3728926823,236.91756814417315,224.52290114471836,-44067.71800429287,2.954506870223601,kcal/mol,cal/(mol K),0,C17H37NOP2Ru,GFN2-xTB/ALPB toluene gsolv + qRRHO + 1M,data/campaign/thermochemistry_identity_replacements/Ru_macho_pnp_iPr__active/result.json,54788936ac8dcb7035b3861d390aa6761d8300ac1ced25ff219b8ba39e714ead,data/campaign/thermochemistry_identity_replacements/Ru_macho_pnp_iPr__active/result.json#/attempts/0/native_command,data/datasets/thermochemistry/export_protocol.json,data/campaign/thermochemistry_identity_replacements/Ru_macho_pnp_iPr__active/accepted_geometry.xyz,e0971ea8d5eda3d6d26542411fbad974084e5b45eef04ae53e8f83cf3c80a835,data/campaign/thermochemistry_identity_replacements/Ru_macho_pnp_iPr__active/hessian_00.npz,44c8970bacb5f84f8f46bcffae978840ed34d5abb514c2342e0b475a43682ac0,2,0,383.15,lowest G383.15 among eligible certificates; same geometry at all T,101325.0,1.0,100.0,0,1
Ru_macho_pnp_iPr|active,Ru_macho_pnp_iPr,active,430.0,-44329.218794596534,316.7928241237995,-43974.83845466291,240.5280495403111,227.91424393699077,-44069.79662052492,3.044959030900024,kcal/mol,cal/(mol K),0,C17H37NOP2Ru,GFN2-xTB/ALPB toluene gsolv + qRRHO + 1M,data/campaign/thermochemistry_identity_replacements/Ru_macho_pnp_iPr__active/result.json,54788936ac8dcb7035b3861d390aa6761d8300ac1ced25ff219b8ba39e714ead,data/campaign/thermochemistry_identity_replacements/Ru_macho_pnp_iPr__active/result.json#/attempts/0/native_command,data/datasets/thermochemistry/export_protocol.json,data/campaign/thermochemistry_identity_replacements/Ru_macho_pnp_iPr__active/accepted_geometry.xyz,e0971ea8d5eda3d6d26542411fbad974084e5b45eef04ae53e8f83cf3c80a835,data/campaign/thermochemistry_identity_replacements/Ru_macho_pnp_iPr__active/hessian_00.npz,44c8970bacb5f84f8f46bcffae978840ed34d5abb514c2342e0b475a43682ac0,2,0,383.15,lowest G383.15 among eligible certificates; same geometry at all T,101325.0,1.0,100.0,0,1
Ru_macho_pnp_iPr|active,Ru_macho_pnp_iPr,active,440.0,-44329.218794596534,316.7928241237995,-43973.2765618789,244.1186457578731,231.29055142777705,-44071.908531133355,3.135873373767528,kcal/mol,cal/(mol K),0,C17H37NOP2Ru,GFN2-xTB/ALPB toluene gsolv + qRRHO + 1M,data/campaign/thermochemistry_identity_replacements/Ru_macho_pnp_iPr__active/result.json,54788936ac8dcb7035b3861d390aa6761d8300ac1ced25ff219b8ba39e714ead,data/campaign/thermochemistry_identity_replacements/Ru_macho_pnp_iPr__active/result.json#/attempts/0/native_command,data/datasets/thermochemistry/export_protocol.json,data/campaign/thermochemistry_identity_replacements/Ru_macho_pnp_iPr__active/accepted_geometry.xyz,e0971ea8d5eda3d6d26542411fbad974084e5b45eef04ae53e8f83cf3c80a835,data/campaign/thermochemistry_identity_replacements/Ru_macho_pnp_iPr__active/hessian_00.npz,44c8970bacb5f84f8f46bcffae978840ed34d5abb514c2342e0b475a43682ac0,2,0,383.15,lowest G383.15 among eligible certificates; same geometry at all T,101325.0,1.0,100.0,0,1
Ru_macho_pnp_iPr|hydrogenated,Ru_macho_pnp_iPr,hydrogenated,298.15,-44988.02383693098,329.9282738005394,-44638.0556868536,194.44738601037415,184.8020983482558,-44691.26010403064,1.894328445494145,kcal/mol,cal/(mol K),0,C17H39NOP2Ru,GFN2-xTB/ALPB toluene gsolv + qRRHO + 1M,data/campaign/thermochemistry/Ru_macho_pnp_iPr__hydrogenated/result.json,730bdace9c693a34966db2eaa75346b2bdd8ac7686107dadaf81e9004378b5f5,data/campaign/thermochemistry/Ru_macho_pnp_iPr__hydrogenated/result.json#/attempts/0/native_command,data/datasets/thermochemistry/export_protocol.json,data/campaign/thermochemistry/Ru_macho_pnp_iPr__hydrogenated/accepted_geometry.xyz,0e6be1b8bcf955f5350a5f300fc23e2501cf76f25fd43385d55dbc5434add995,data/campaign/thermochemistry/Ru_macho_pnp_iPr__hydrogenated/hessian_00.npz,6af00efb0f1dfafc9d4d1ccb93f2ec0b2ff15fad85b241d1cefd794c91e54591,2,0,383.15,lowest G383.15 among eligible certificates; same geometry at all T,101325.0,1.0,100.0,0,1
Ru_macho_pnp_iPr|hydrogenated,Ru_macho_pnp_iPr,hydrogenated,340.0,-44988.02383693098,329.9282738005394,-44632.82651100847,210.84037128107667,200.00735451018735,-44698.580038757565,2.248972784367174,kcal/mol,cal/(mol K),0,C17H39NOP2Ru,GFN2-xTB/ALPB toluene gsolv + qRRHO + 1M,data/campaign/thermochemistry/Ru_macho_pnp_iPr__hydrogenated/result.json,730bdace9c693a34966db2eaa75346b2bdd8ac7686107dadaf81e9004378b5f5,data/campaign/thermochemistry/Ru_macho_pnp_iPr__hydrogenated/result.json#/attempts/0/native_command,data/datasets/thermochemistry/export_protocol.json,data/campaign/thermochemistry/Ru_macho_pnp_iPr__hydrogenated/accepted_geometry.xyz,0e6be1b8bcf955f5350a5f300fc23e2501cf76f25fd43385d55dbc5434add995,data/campaign/thermochemistry/Ru_macho_pnp_iPr__hydrogenated/hessian_00.npz,6af00efb0f1dfafc9d4d1ccb93f2ec0b2ff15fad85b241d1cefd794c91e54591,2,0,383.15,lowest G383.15 among eligible certificates; same geometry at all T,101325.0,1.0,100.0,0,1
Ru_macho_pnp_iPr|hydrogenated,Ru_macho_pnp_iPr,hydrogenated,350.0,-44988.02383693098,329.9282738005394,-44631.494907998494,214.7001402305355,203.6036250803082,-44700.42089627902,2.3352804975836268,kcal/mol,cal/(mol K),0,C17H39NOP2Ru,GFN2-xTB/ALPB toluene gsolv + qRRHO + 1M,data/campaign/thermochemistry/Ru_macho_pnp_iPr__hydrogenated/result.json,730bdace9c693a34966db2eaa75346b2bdd8ac7686107dadaf81e9004378b5f5,data/campaign/thermochemistry/Ru_macho_pnp_iPr__hydrogenated/result.json#/attempts/0/native_command,data/datasets/thermochemistry/export_protocol.json,data/campaign/thermochemistry/Ru_macho_pnp_iPr__hydrogenated/accepted_geometry.xyz,0e6be1b8bcf955f5350a5f300fc23e2501cf76f25fd43385d55dbc5434add995,data/campaign/thermochemistry/Ru_macho_pnp_iPr__hydrogenated/hessian_00.npz,6af00efb0f1dfafc9d4d1ccb93f2ec0b2ff15fad85b241d1cefd794c91e54591,2,0,383.15,lowest G383.15 among eligible certificates; same geometry at all T,101325.0,1.0,100.0,0,1
Ru_macho_pnp_iPr|hydrogenated,Ru_macho_pnp_iPr,hydrogenated,360.0,-44988.02383693098,329.9282738005394,-44630.131964218774,218.53946584256965,207.18645129579676,-44702.29693062454,2.422156060718619,kcal/mol,cal/(mol K),0,C17H39NOP2Ru,GFN2-xTB/ALPB toluene gsolv + qRRHO + 1M,data/campaign/thermochemistry/Ru_macho_pnp_iPr__hydrogenated/result.json,730bdace9c693a34966db2eaa75346b2bdd8ac7686107dadaf81e9004378b5f5,data/campaign/thermochemistry/Ru_macho_pnp_iPr__hydrogenated/result.json#/attempts/0/native_command,data/datasets/thermochemistry/export_protocol.json,data/campaign/thermochemistry/Ru_macho_pnp_iPr__hydrogenated/accepted_geometry.xyz,0e6be1b8bcf955f5350a5f300fc23e2501cf76f25fd43385d55dbc5434add995,data/campaign/thermochemistry/Ru_macho_pnp_iPr__hydrogenated/hessian_00.npz,6af00efb0f1dfafc9d4d1ccb93f2ec0b2ff15fad85b241d1cefd794c91e54591,2,0,383.15,lowest G383.15 among eligible certificates; same geometry at all T,101325.0,1.0,100.0,0,1
Ru_macho_pnp_iPr|hydrogenated,Ru_macho_pnp_iPr,hydrogenated,370.0,-44988.02383693098,329.9282738005394,-44628.73791258922,222.35883050071254,210.75596372616232,-44704.20803547185,2.509583696046293,kcal/mol,cal/(mol K),0,C17H39NOP2Ru,GFN2-xTB/ALPB toluene gsolv + qRRHO + 1M,data/campaign/thermochemistry/Ru_macho_pnp_iPr__hydrogenated/result.json,730bdace9c693a34966db2eaa75346b2bdd8ac7686107dadaf81e9004378b5f5,data/campaign/thermochemistry/Ru_macho_pnp_iPr__hydrogenated/result.json#/attempts/0/native_command,data/datasets/thermochemistry/export_protocol.json,data/campaign/thermochemistry/Ru_macho_pnp_iPr__hydrogenated/accepted_geometry.xyz,0e6be1b8bcf955f5350a5f300fc23e2501cf76f25fd43385d55dbc5434add995,data/campaign/thermochemistry/Ru_macho_pnp_iPr__hydrogenated/hessian_00.npz,6af00efb0f1dfafc9d4d1ccb93f2ec0b2ff15fad85b241d1cefd794c91e54591,2,0,383.15,lowest G383.15 among eligible certificates; same geometry at all T,101325.0,1.0,100.0,0,1
Ru_macho_pnp_iPr|hydrogenated,Ru_macho_pnp_iPr,hydrogenated,380.0,-44988.02383693098,329.9282738005394,-44627.31302218044,226.15858154024733,214.31218295980463,-44706.15410322615,2.597548479011341,kcal/mol,cal/(mol K),0,C17H39NOP2Ru,GFN2-xTB/ALPB toluene gsolv + qRRHO + 1M,data/campaign/thermochemistry/Ru_macho_pnp_iPr__hydrogenated/result.json,730bdace9c693a34966db2eaa75346b2bdd8ac7686107dadaf81e9004378b5f5,data/campaign/thermochemistry/Ru_macho_pnp_iPr__hydrogenated/result.json#/attempts/0/native_command,data/datasets/thermochemistry/export_protocol.json,data/campaign/thermochemistry/Ru_macho_pnp_iPr__hydrogenated/accepted_geometry.xyz,0e6be1b8bcf955f5350a5f300fc23e2501cf76f25fd43385d55dbc5434add995,data/campaign/thermochemistry/Ru_macho_pnp_iPr__hydrogenated/hessian_00.npz,6af00efb0f1dfafc9d4d1ccb93f2ec0b2ff15fad85b241d1cefd794c91e54591,2,0,383.15,lowest G383.15 among eligible certificates; same geometry at all T,101325.0,1.0,100.0,0,1
Ru_macho_pnp_iPr|hydrogenated,Ru_macho_pnp_iPr,hydrogenated,383.15,-44988.02383693098,329.9282738005394,-44626.857841976256,227.35148125320757,215.42963003197522,-44706.77433836743,2.625366355574337,kcal/mol,cal/(mol K),0,C17H39NOP2Ru,GFN2-xTB/ALPB toluene gsolv + qRRHO + 1M,data/campaign/thermochemistry/Ru_macho_pnp_iPr__hydrogenated/result.json,730bdace9c693a34966db2eaa75346b2bdd8ac7686107dadaf81e9004378b5f5,data/campaign/thermochemistry/Ru_macho_pnp_iPr__hydrogenated/result.json#/attempts/0/native_command,data/datasets/thermochemistry/export_protocol.json,data/campaign/thermochemistry/Ru_macho_pnp_iPr__hydrogenated/accepted_geometry.xyz,0e6be1b8bcf955f5350a5f300fc23e2501cf76f25fd43385d55dbc5434add995,data/campaign/thermochemistry/Ru_macho_pnp_iPr__hydrogenated/hessian_00.npz,6af00efb0f1dfafc9d4d1ccb93f2ec0b2ff15fad85b241d1cefd794c91e54591,2,0,383.15,lowest G383.15 among eligible certificates; same geometry at all T,101325.0,1.0,100.0,0,1
Ru_macho_pnp_iPr|hydrogenated,Ru_macho_pnp_iPr,hydrogenated,390.0,-44988.02383693098,329.9282738005394,-44625.85759452177,229.93895487486367,217.85504099019283,-44708.135024237105,2.686036270841015,kcal/mol,cal/(mol K),0,C17H39NOP2Ru,GFN2-xTB/ALPB toluene gsolv + qRRHO + 1M,data/campaign/thermochemistry/Ru_macho_pnp_iPr__hydrogenated/result.json,730bdace9c693a34966db2eaa75346b2bdd8ac7686107dadaf81e9004378b5f5,data/campaign/thermochemistry/Ru_macho_pnp_iPr__hydrogenated/result.json#/attempts/0/native_command,data/datasets/thermochemistry/export_protocol.json,data/campaign/thermochemistry/Ru_macho_pnp_iPr__hydrogenated/accepted_geometry.xyz,0e6be1b8bcf955f5350a5f300fc23e2501cf76f25fd43385d55dbc5434add995,data/campaign/thermochemistry/Ru_macho_pnp_iPr__hydrogenated/hessian_00.npz,6af00efb0f1dfafc9d4d1ccb93f2ec0b2ff15fad85b241d1cefd794c91e54591,2,0,383.15,lowest G383.15 among eligible certificates; same geometry at all T,101325.0,1.0,100.0,0,1
Ru_macho_pnp_iPr|hydrogenated,Ru_macho_pnp_iPr,hydrogenated,400.0,-44988.02383693098,329.9282738005394,-44624.371959810334,233.70009588282383,221.3844000948896,-44710.150686190216,2.775033658072708,kcal/mol,cal/(mol K),0,C17H39NOP2Ru,GFN2-xTB/ALPB toluene gsolv + qRRHO + 1M,data/campaign/thermochemistry/Ru_macho_pnp_iPr__hydrogenated/result.json,730bdace9c693a34966db2eaa75346b2bdd8ac7686107dadaf81e9004378b5f5,data/campaign/thermochemistry/Ru_macho_pnp_iPr__hydrogenated/result.json#/attempts/0/native_command,data/datasets/thermochemistry/export_protocol.json,data/campaign/thermochemistry/Ru_macho_pnp_iPr__hydrogenated/accepted_geometry.xyz,0e6be1b8bcf955f5350a5f300fc23e2501cf76f25fd43385d55dbc5434add995,data/campaign/thermochemistry/Ru_macho_pnp_iPr__hydrogenated/hessian_00.npz,6af00efb0f1dfafc9d4d1ccb93f2ec0b2ff15fad85b241d1cefd794c91e54591,2,0,383.15,lowest G383.15 among eligible certificates; same geometry at all T,101325.0,1.0,100.0,0,1
Ru_macho_pnp_iPr|hydrogenated,Ru_macho_pnp_iPr,hydrogenated,410.0,-44988.02383693098,329.9282738005394,-44622.85647313373,237.44207768073278,224.9000693088342,-44712.200973652216,2.8645278981321125,kcal/mol,cal/(mol K),0,C17H39NOP2Ru,GFN2-xTB/ALPB toluene gsolv + qRRHO + 1M,data/campaign/thermochemistry/Ru_macho_pnp_iPr__hydrogenated/result.json,730bdace9c693a34966db2eaa75346b2bdd8ac7686107dadaf81e9004378b5f5,data/campaign/thermochemistry/Ru_macho_pnp_iPr__hydrogenated/result.json#/attempts/0/native_command,data/datasets/thermochemistry/export_protocol.json,data/campaign/thermochemistry/Ru_macho_pnp_iPr__hydrogenated/accepted_geometry.xyz,0e6be1b8bcf955f5350a5f300fc23e2501cf76f25fd43385d55dbc5434add995,data/campaign/thermochemistry/Ru_macho_pnp_iPr__hydrogenated/hessian_00.npz,6af00efb0f1dfafc9d4d1ccb93f2ec0b2ff15fad85b241d1cefd794c91e54591,2,0,383.15,lowest G383.15 among eligible certificates; same geometry at all T,101325.0,1.0,100.0,0,1
Ru_macho_pnp_iPr|hydrogenated,Ru_macho_pnp_iPr,hydrogenated,420.0,-44988.02383693098,329.9282738005394,-44621.31151079265,241.16491695419134,228.40181863760557,-44714.285767750225,2.954506870223601,kcal/mol,cal/(mol K),0,C17H39NOP2Ru,GFN2-xTB/ALPB toluene gsolv + qRRHO + 1M,data/campaign/thermochemistry/Ru_macho_pnp_iPr__hydrogenated/result.json,730bdace9c693a34966db2eaa75346b2bdd8ac7686107dadaf81e9004378b5f5,data/campaign/thermochemistry/Ru_macho_pnp_iPr__hydrogenated/result.json#/attempts/0/native_command,data/datasets/thermochemistry/export_protocol.json,data/campaign/thermochemistry/Ru_macho_pnp_iPr__hydrogenated/accepted_geometry.xyz,0e6be1b8bcf955f5350a5f300fc23e2501cf76f25fd43385d55dbc5434add995,data/campaign/thermochemistry/Ru_macho_pnp_iPr__hydrogenated/hessian_00.npz,6af00efb0f1dfafc9d4d1ccb93f2ec0b2ff15fad85b241d1cefd794c91e54591,2,0,383.15,lowest G383.15 among eligible certificates; same geometry at all T,101325.0,1.0,100.0,0,1
Ru_macho_pnp_iPr|hydrogenated,Ru_macho_pnp_iPr,hydrogenated,430.0,-44988.02383693098,329.9282738005394,-44619.73746678793,244.86858753908587,231.88939118365948,-44716.404945966,3.044959030900024,kcal/mol,cal/(mol K),0,C17H39NOP2Ru,GFN2-xTB/ALPB toluene gsolv + qRRHO + 1M,data/campaign/thermochemistry/Ru_macho_pnp_iPr__hydrogenated/result.json,730bdace9c693a34966db2eaa75346b2bdd8ac7686107dadaf81e9004378b5f5,data/campaign/thermochemistry/Ru_macho_pnp_iPr__hydrogenated/result.json#/attempts/0/native_command,data/datasets/thermochemistry/export_protocol.json,data/campaign/thermochemistry/Ru_macho_pnp_iPr__hydrogenated/accepted_geometry.xyz,0e6be1b8bcf955f5350a5f300fc23e2501cf76f25fd43385d55dbc5434add995,data/campaign/thermochemistry/Ru_macho_pnp_iPr__hydrogenated/hessian_00.npz,6af00efb0f1dfafc9d4d1ccb93f2ec0b2ff15fad85b241d1cefd794c91e54591,2,0,383.15,lowest G383.15 among eligible certificates; same geometry at all T,101325.0,1.0,100.0,0,1
Ru_macho_pnp_iPr|hydrogenated,Ru_macho_pnp_iPr,hydrogenated,440.0,-44988.02383693098,329.9282738005394,-44618.13474951735,248.55303195908445,235.36251337283818,-44718.55838202763,3.135873373767528,kcal/mol,cal/(mol K),0,C17H39NOP2Ru,GFN2-xTB/ALPB toluene gsolv + qRRHO + 1M,data/campaign/thermochemistry/Ru_macho_pnp_iPr__hydrogenated/result.json,730bdace9c693a34966db2eaa75346b2bdd8ac7686107dadaf81e9004378b5f5,data/campaign/thermochemistry/Ru_macho_pnp_iPr__hydrogenated/result.json#/attempts/0/native_command,data/datasets/thermochemistry/export_protocol.json,data/campaign/thermochemistry/Ru_macho_pnp_iPr__hydrogenated/accepted_geometry.xyz,0e6be1b8bcf955f5350a5f300fc23e2501cf76f25fd43385d55dbc5434add995,data/campaign/thermochemistry/Ru_macho_pnp_iPr__hydrogenated/hessian_00.npz,6af00efb0f1dfafc9d4d1ccb93f2ec0b2ff15fad85b241d1cefd794c91e54591,2,0,383.15,lowest G383.15 among eligible certificates; same geometry at all T,101325.0,1.0,100.0,0,1
Ru_macho_pnp_iPr|protonated_reference,Ru_macho_pnp_iPr,protonated_reference,298.15,-44434.859455922284,324.4065344425755,-44090.71371693347,191.51834224123587,182.44763884852182,-44143.21615201066,1.894328445494145,kcal/mol,cal/(mol K),1,C17H38NOP2Ru,GFN2-xTB/ALPB toluene gsolv + qRRHO + 1M,data/campaign/thermochemistry/Ru_macho_pnp_iPr__protonated_reference/result.json,58c868f460c7ca23adb505edd18e9d2f95b9a621a6076dbe62b34e4c4956879b,data/campaign/thermochemistry/Ru_macho_pnp_iPr__protonated_reference/result.json#/attempts/0/native_command,data/datasets/thermochemistry/export_protocol.json,data/campaign/thermochemistry/Ru_macho_pnp_iPr__protonated_reference/accepted_geometry.xyz,fbfb8fdce70d6b134be106fb78fe93f5de1f5edfce805368691a0873fc5247dc,data/campaign/thermochemistry/Ru_macho_pnp_iPr__protonated_reference/hessian_00.npz,5fcdc5620574e345ee8e4b1cccdc1a2646a058ffc302827bd86409d34b4e171d,2,0,383.15,lowest G383.15 among eligible certificates; same geometry at all T,101325.0,1.0,100.0,0,1
Ru_macho_pnp_iPr|protonated_reference,Ru_macho_pnp_iPr,protonated_reference,340.0,-44434.859455922284,324.4065344425755,-44085.552111895326,207.69949453565138,197.4359495143317,-44150.43136194583,2.248972784367174,kcal/mol,cal/(mol K),1,C17H38NOP2Ru,GFN2-xTB/ALPB toluene gsolv + qRRHO + 1M,data/campaign/thermochemistry/Ru_macho_pnp_iPr__protonated_reference/result.json,58c868f460c7ca23adb505edd18e9d2f95b9a621a6076dbe62b34e4c4956879b,data/campaign/thermochemistry/Ru_macho_pnp_iPr__protonated_reference/result.json#/attempts/0/native_command,data/datasets/thermochemistry/export_protocol.json,data/campaign/thermochemistry/Ru_macho_pnp_iPr__protonated_reference/accepted_geometry.xyz,fbfb8fdce70d6b134be106fb78fe93f5de1f5edfce805368691a0873fc5247dc,data/campaign/thermochemistry/Ru_macho_pnp_iPr__protonated_reference/hessian_00.npz,5fcdc5620574e345ee8e4b1cccdc1a2646a058ffc302827bd86409d34b4e171d,2,0,383.15,lowest G383.15 among eligible certificates; same geometry at all T,101325.0,1.0,100.0,0,1
Ru_macho_pnp_iPr|protonated_reference,Ru_macho_pnp_iPr,protonated_reference,350.0,-44434.859455922284,324.4065344425755,-44084.23775025873,211.5092881476277,200.9811139729571,-44152.24585965169,2.3352804975836268,kcal/mol,cal/(mol K),1,C17H38NOP2Ru,GFN2-xTB/ALPB toluene gsolv + qRRHO + 1M,data/campaign/thermochemistry/Ru_macho_pnp_iPr__protonated_reference/result.json,58c868f460c7ca23adb505edd18e9d2f95b9a621a6076dbe62b34e4c4956879b,data/campaign/thermochemistry/Ru_macho_pnp_iPr__protonated_reference/result.json#/attempts/0/native_command,data/datasets/thermochemistry/export_protocol.json,data/campaign/thermochemistry/Ru_macho_pnp_iPr__protonated_reference/accepted_geometry.xyz,fbfb8fdce70d6b134be106fb78fe93f5de1f5edfce805368691a0873fc5247dc,data/campaign/thermochemistry/Ru_macho_pnp_iPr__protonated_reference/hessian_00.npz,5fcdc5620574e345ee8e4b1cccdc1a2646a058ffc302827bd86409d34b4e171d,2,0,383.15,lowest G383.15 among eligible certificates; same geometry at all T,101325.0,1.0,100.0,0,1
Ru_macho_pnp_iPr|protonated_reference,Ru_macho_pnp_iPr,protonated_reference,360.0,-44434.859455922284,324.4065344425755,-44082.892507059616,215.2987527624362,204.51297960033003,-44154.09502365502,2.422156060718619,kcal/mol,cal/(mol K),1,C17H38NOP2Ru,GFN2-xTB/ALPB toluene gsolv + qRRHO + 1M,data/campaign/thermochemistry/Ru_macho_pnp_iPr__protonated_reference/result.json,58c868f460c7ca23adb505edd18e9d2f95b9a621a6076dbe62b34e4c4956879b,data/campaign/thermochemistry/Ru_macho_pnp_iPr__protonated_reference/result.json#/attempts/0/native_command,data/datasets/thermochemistry/export_protocol.json,data/campaign/thermochemistry/Ru_macho_pnp_iPr__protonated_reference/accepted_geometry.xyz,fbfb8fdce70d6b134be106fb78fe93f5de1f5edfce805368691a0873fc5247dc,data/campaign/thermochemistry/Ru_macho_pnp_iPr__protonated_reference/hessian_00.npz,5fcdc5620574e345ee8e4b1cccdc1a2646a058ffc302827bd86409d34b4e171d,2,0,383.15,lowest G383.15 among eligible certificates; same geometry at all T,101325.0,1.0,100.0,0,1
Ru_macho_pnp_iPr|protonated_reference,Ru_macho_pnp_iPr,protonated_reference,370.0,-44434.859455922284,324.4065344425755,-44081.516631034734,219.06832114666443,208.03162572331115,-44155.978748856316,2.509583696046293,kcal/mol,cal/(mol K),1,C17H38NOP2Ru,GFN2-xTB/ALPB toluene gsolv + qRRHO + 1M,data/campaign/thermochemistry/Ru_macho_pnp_iPr__protonated_reference/result.json,58c868f460c7ca23adb505edd18e9d2f95b9a621a6076dbe62b34e4c4956879b,data/campaign/thermochemistry/Ru_macho_pnp_iPr__protonated_reference/result.json#/attempts/0/native_command,data/datasets/thermochemistry/export_protocol.json,data/campaign/thermochemistry/Ru_macho_pnp_iPr__protonated_reference/accepted_geometry.xyz,fbfb8fdce70d6b134be106fb78fe93f5de1f5edfce805368691a0873fc5247dc,data/campaign/thermochemistry/Ru_macho_pnp_iPr__protonated_reference/hessian_00.npz,5fcdc5620574e345ee8e4b1cccdc1a2646a058ffc302827bd86409d34b4e171d,2,0,383.15,lowest G383.15 among eligible certificates; same geometry at all T,101325.0,1.0,100.0,0,1
Ru_macho_pnp_iPr|protonated_reference,Ru_macho_pnp_iPr,protonated_reference,380.0,-44434.859455922284,324.4065344425755,-44080.11040571788,222.81829859895052,211.5370293862669,-44157.89692840565,2.597548479011341,kcal/mol,cal/(mol K),1,C17H38NOP2Ru,GFN2-xTB/ALPB toluene gsolv + qRRHO + 1M,data/campaign/thermochemistry/Ru_macho_pnp_iPr__protonated_reference/result.json,58c868f460c7ca23adb505edd18e9d2f95b9a621a6076dbe62b34e4c4956879b,data/campaign/thermochemistry/Ru_macho_pnp_iPr__protonated_reference/result.json#/attempts/0/native_command,data/datasets/thermochemistry/export_protocol.json,data/campaign/thermochemistry/Ru_macho_pnp_iPr__protonated_reference/accepted_geometry.xyz,fbfb8fdce70d6b134be106fb78fe93f5de1f5edfce805368691a0873fc5247dc,data/campaign/thermochemistry/Ru_macho_pnp_iPr__protonated_reference/hessian_00.npz,5fcdc5620574e345ee8e4b1cccdc1a2646a058ffc302827bd86409d34b4e171d,2,0,383.15,lowest G383.15 among eligible certificates; same geometry at all T,101325.0,1.0,100.0,0,1
Ru_macho_pnp_iPr|protonated_reference,Ru_macho_pnp_iPr,protonated_reference,383.15,-44434.859455922284,324.4065344425755,-44079.661208517144,223.99551855568956,212.63847406050297,-44158.50827349785,2.625366355574337,kcal/mol,cal/(mol K),1,C17H38NOP2Ru,GFN2-xTB/ALPB toluene gsolv + qRRHO + 1M,data/campaign/thermochemistry/Ru_macho_pnp_iPr__protonated_reference/result.json,58c868f460c7ca23adb505edd18e9d2f95b9a621a6076dbe62b34e4c4956879b,data/campaign/thermochemistry/Ru_macho_pnp_iPr__protonated_reference/result.json#/attempts/0/native_command,data/datasets/thermochemistry/export_protocol.json,data/campaign/thermochemistry/Ru_macho_pnp_iPr__protonated_reference/accepted_geometry.xyz,fbfb8fdce70d6b134be106fb78fe93f5de1f5edfce805368691a0873fc5247dc,data/campaign/thermochemistry/Ru_macho_pnp_iPr__protonated_reference/hessian_00.npz,5fcdc5620574e345ee8e4b1cccdc1a2646a058ffc302827bd86409d34b4e171d,2,0,383.15,lowest G383.15 among eligible certificates; same geometry at all T,101325.0,1.0,100.0,0,1
Ru_macho_pnp_iPr|protonated_reference,Ru_macho_pnp_iPr,protonated_reference,390.0,-44434.859455922284,324.4065344425755,-44078.67414564985,226.54888604377632,215.02908619399784,-44159.84945299467,2.686036270841015,kcal/mol,cal/(mol K),1,C17H38NOP2Ru,GFN2-xTB/ALPB toluene gsolv + qRRHO + 1M,data/campaign/thermochemistry/Ru_macho_pnp_iPr__protonated_reference/result.json,58c868f460c7ca23adb505edd18e9d2f95b9a621a6076dbe62b34e4c4956879b,data/campaign/thermochemistry/Ru_macho_pnp_iPr__protonated_reference/result.json#/attempts/0/native_command,data/datasets/thermochemistry/export_protocol.json,data/campaign/thermochemistry/Ru_macho_pnp_iPr__protonated_reference/accepted_geometry.xyz,fbfb8fdce70d6b134be106fb78fe93f5de1f5edfce805368691a0873fc5247dc,data/campaign/thermochemistry/Ru_macho_pnp_iPr__protonated_reference/hessian_00.npz,5fcdc5620574e345ee8e4b1cccdc1a2646a058ffc302827bd86409d34b4e171d,2,0,383.15,lowest G383.15 among eligible certificates; same geometry at all T,101325.0,1.0,100.0,0,1
Ru_macho_pnp_iPr|protonated_reference,Ru_macho_pnp_iPr,protonated_reference,400.0,-44434.859455922284,324.4065344425755,-44077.2081925248,230.2602003628311,218.50762862654003,-44161.83621031734,2.775033658072708,kcal/mol,cal/(mol K),1,C17H38NOP2Ru,GFN2-xTB/ALPB toluene gsolv + qRRHO + 1M,data/campaign/thermochemistry/Ru_macho_pnp_iPr__protonated_reference/result.json,58c868f460c7ca23adb505edd18e9d2f95b9a621a6076dbe62b34e4c4956879b,data/campaign/thermochemistry/Ru_macho_pnp_iPr__protonated_reference/result.json#/attempts/0/native_command,data/datasets/thermochemistry/export_protocol.json,data/campaign/thermochemistry/Ru_macho_pnp_iPr__protonated_reference/accepted_geometry.xyz,fbfb8fdce70d6b134be106fb78fe93f5de1f5edfce805368691a0873fc5247dc,data/campaign/thermochemistry/Ru_macho_pnp_iPr__protonated_reference/hessian_00.npz,5fcdc5620574e345ee8e4b1cccdc1a2646a058ffc302827bd86409d34b4e171d,2,0,383.15,lowest G383.15 among eligible certificates; same geometry at all T,101325.0,1.0,100.0,0,1
Ru_macho_pnp_iPr|protonated_reference,Ru_macho_pnp_iPr,protonated_reference,410.0,-44434.859455922284,324.4065344425755,-44075.71291138199,233.95229210385497,221.97244193899436,-44163.85708467884,2.8645278981321125,kcal/mol,cal/(mol K),1,C17H38NOP2Ru,GFN2-xTB/ALPB toluene gsolv + qRRHO + 1M,data/campaign/thermochemistry/Ru_macho_pnp_iPr__protonated_reference/result.json,58c868f460c7ca23adb505edd18e9d2f95b9a621a6076dbe62b34e4c4956879b,data/campaign/thermochemistry/Ru_macho_pnp_iPr__protonated_reference/result.json#/attempts/0/native_command,data/datasets/thermochemistry/export_protocol.json,data/campaign/thermochemistry/Ru_macho_pnp_iPr__protonated_reference/accepted_geometry.xyz,fbfb8fdce70d6b134be106fb78fe93f5de1f5edfce805368691a0873fc5247dc,data/campaign/thermochemistry/Ru_macho_pnp_iPr__protonated_reference/hessian_00.npz,5fcdc5620574e345ee8e4b1cccdc1a2646a058ffc302827bd86409d34b4e171d,2,0,383.15,lowest G383.15 among eligible certificates; same geometry at all T,101325.0,1.0,100.0,0,1
Ru_macho_pnp_iPr|protonated_reference,Ru_macho_pnp_iPr,protonated_reference,420.0,-44434.859455922284,324.4065344425755,-44074.18868692542,237.62516074715867,225.42327780294656,-44165.91195673244,2.954506870223601,kcal/mol,cal/(mol K),1,C17H38NOP2Ru,GFN2-xTB/ALPB toluene gsolv + qRRHO + 1M,data/campaign/thermochemistry/Ru_macho_pnp_iPr__protonated_reference/result.json,58c868f460c7ca23adb505edd18e9d2f95b9a621a6076dbe62b34e4c4956879b,data/campaign/thermochemistry/Ru_macho_pnp_iPr__protonated_reference/result.json#/attempts/0/native_command,data/datasets/thermochemistry/export_protocol.json,data/campaign/thermochemistry/Ru_macho_pnp_iPr__protonated_reference/accepted_geometry.xyz,fbfb8fdce70d6b134be106fb78fe93f5de1f5edfce805368691a0873fc5247dc,data/campaign/thermochemistry/Ru_macho_pnp_iPr__protonated_reference/hessian_00.npz,5fcdc5620574e345ee8e4b1cccdc1a2646a058ffc302827bd86409d34b4e171d,2,0,383.15,lowest G383.15 among eligible certificates; same geometry at all T,101325.0,1.0,100.0,0,1
Ru_macho_pnp_iPr|protonated_reference,Ru_macho_pnp_iPr,protonated_reference,430.0,-44434.859455922284,324.4065344425755,-44072.63592003173,241.27876773309345,228.85986587191798,-44168.00070332576,3.044959030900024,kcal/mol,cal/(mol K),1,C17H38NOP2Ru,GFN2-xTB/ALPB toluene gsolv + qRRHO + 1M,data/campaign/thermochemistry/Ru_macho_pnp_iPr__protonated_reference/result.json,58c868f460c7ca23adb505edd18e9d2f95b9a621a6076dbe62b34e4c4956879b,data/campaign/thermochemistry/Ru_macho_pnp_iPr__protonated_reference/result.json#/attempts/0/native_command,data/datasets/thermochemistry/export_protocol.json,data/campaign/thermochemistry/Ru_macho_pnp_iPr__protonated_reference/accepted_geometry.xyz,fbfb8fdce70d6b134be106fb78fe93f5de1f5edfce805368691a0873fc5247dc,data/campaign/thermochemistry/Ru_macho_pnp_iPr__protonated_reference/hessian_00.npz,5fcdc5620574e345ee8e4b1cccdc1a2646a058ffc302827bd86409d34b4e171d,2,0,383.15,lowest G383.15 among eligible certificates; same geometry at all T,101325.0,1.0,100.0,0,1
Ru_macho_pnp_iPr|protonated_reference,Ru_macho_pnp_iPr,protonated_reference,440.0,-44434.859455922284,324.4065344425755,-44071.055024487534,244.91304746392007,232.28192346595299,-44170.123197438785,3.135873373767528,kcal/mol,cal/(mol K),1,C17H38NOP2Ru,GFN2-xTB/ALPB toluene gsolv + qRRHO + 1M,data/campaign/thermochemistry/Ru_macho_pnp_iPr__protonated_reference/result.json,58c868f460c7ca23adb505edd18e9d2f95b9a621a6076dbe62b34e4c4956879b,data/campaign/thermochemistry/Ru_macho_pnp_iPr__protonated_reference/result.json#/attempts/0/native_command,data/datasets/thermochemistry/export_protocol.json,data/campaign/thermochemistry/Ru_macho_pnp_iPr__protonated_reference/accepted_geometry.xyz,fbfb8fdce70d6b134be106fb78fe93f5de1f5edfce805368691a0873fc5247dc,data/campaign/thermochemistry/Ru_macho_pnp_iPr__protonated_reference/hessian_00.npz,5fcdc5620574e345ee8e4b1cccdc1a2646a058ffc302827bd86409d34b4e171d,2,0,383.15,lowest G383.15 among eligible certificates; same geometry at all T,101325.0,1.0,100.0,0,1
Ru_pyridine_pnn_Ph|active,Ru_pyridine_pnn_Ph,active,298.15,-50757.28872046265,275.8837023279016,-50462.63783094602,188.10042343540104,177.28279736430687,-50513.600368534695,1.894328445494145,kcal/mol,cal/(mol K),0,C24H27N2OPRu,GFN2-xTB/ALPB toluene gsolv + qRRHO + 1M,data/campaign/thermochemistry/Ru_pyridine_pnn_Ph__active/result.json,ab43da869b276fed6d6dcd63a057e8d1c6dbe850386b72952d5f28a83a173ade,data/campaign/thermochemistry/Ru_pyridine_pnn_Ph__active/result.json#/attempts/0/native_command,data/datasets/thermochemistry/export_protocol.json,data/campaign/thermochemistry/Ru_pyridine_pnn_Ph__active/accepted_geometry.xyz,dd3dc073aaaa7286e03e56f6976ac022aef2a0cea92518c3fa08cf48e41e7b96,data/campaign/thermochemistry/Ru_pyridine_pnn_Ph__active/hessian_00.npz,a79a439ea4b9946e89332cd97d6a8e897da963498054e8225332d12edab2971e,0,0,383.15,lowest G383.15 among eligible certificates; same geometry at all T,101325.0,1.0,100.0,0,1
Ru_pyridine_pnn_Ph|active,Ru_pyridine_pnn_Ph,active,340.0,-50757.28872046265,275.8837023279016,-50457.53071204417,204.1091459471795,192.02601184077943,-50520.57058328568,2.248972784367174,kcal/mol,cal/(mol K),0,C24H27N2OPRu,GFN2-xTB/ALPB toluene gsolv + qRRHO + 1M,data/campaign/thermochemistry/Ru_pyridine_pnn_Ph__active/result.json,ab43da869b276fed6d6dcd63a057e8d1c6dbe850386b72952d5f28a83a173ade,data/campaign/thermochemistry/Ru_pyridine_pnn_Ph__active/result.json#/attempts/0/native_command,data/datasets/thermochemistry/export_protocol.json,data/campaign/thermochemistry/Ru_pyridine_pnn_Ph__active/accepted_geometry.xyz,dd3dc073aaaa7286e03e56f6976ac022aef2a0cea92518c3fa08cf48e41e7b96,data/campaign/thermochemistry/Ru_pyridine_pnn_Ph__active/hessian_00.npz,a79a439ea4b9946e89332cd97d6a8e897da963498054e8225332d12edab2971e,0,0,383.15,lowest G383.15 among eligible certificates; same geometry at all T,101325.0,1.0,100.0,0,1
Ru_pyridine_pnn_Ph|active,Ru_pyridine_pnn_Ph,active,350.0,-50757.28872046265,275.8837023279016,-50456.223796099395,207.8973434663512,195.53376397639292,-50522.325332993554,2.3352804975836268,kcal/mol,cal/(mol K),0,C24H27N2OPRu,GFN2-xTB/ALPB toluene gsolv + qRRHO + 1M,data/campaign/thermochemistry/Ru_pyridine_pnn_Ph__active/result.json,ab43da869b276fed6d6dcd63a057e8d1c6dbe850386b72952d5f28a83a173ade,data/campaign/thermochemistry/Ru_pyridine_pnn_Ph__active/result.json#/attempts/0/native_command,data/datasets/thermochemistry/export_protocol.json,data/campaign/thermochemistry/Ru_pyridine_pnn_Ph__active/accepted_geometry.xyz,dd3dc073aaaa7286e03e56f6976ac022aef2a0cea92518c3fa08cf48e41e7b96,data/campaign/thermochemistry/Ru_pyridine_pnn_Ph__active/hessian_00.npz,a79a439ea4b9946e89332cd97d6a8e897da963498054e8225332d12edab2971e,0,0,383.15,lowest G383.15 among eligible certificates; same geometry at all T,101325.0,1.0,100.0,0,1
Ru_pyridine_pnn_Ph|active,Ru_pyridine_pnn_Ph,active,360.0,-50757.28872046265,275.8837023279016,-50454.884257071026,211.67072804071452,199.03424636265322,-50524.114429700865,2.422156060718619,kcal/mol,cal/(mol K),0,C24H27N2OPRu,GFN2-xTB/ALPB toluene gsolv + qRRHO + 1M,data/campaign/thermochemistry/Ru_pyridine_pnn_Ph__active/result.json,ab43da869b276fed6d6dcd63a057e8d1c6dbe850386b72952d5f28a83a173ade,data/campaign/thermochemistry/Ru_pyridine_pnn_Ph__active/result.json#/attempts/0/native_command,data/datasets/thermochemistry/export_protocol.json,data/campaign/thermochemistry/Ru_pyridine_pnn_Ph__active/accepted_geometry.xyz,dd3dc073aaaa7286e03e56f6976ac022aef2a0cea92518c3fa08cf48e41e7b96,data/campaign/thermochemistry/Ru_pyridine_pnn_Ph__active/hessian_00.npz,a79a439ea4b9946e89332cd97d6a8e897da963498054e8225332d12edab2971e,0,0,383.15,lowest G383.15 among eligible certificates; same geometry at all T,101325.0,1.0,100.0,0,1
Ru_pyridine_pnn_Ph|active,Ru_pyridine_pnn_Ph,active,370.0,-50757.28872046265,275.8837023279016,-50453.512530619526,215.4289178632485,202.5266903728609,-50525.93782236144,2.509583696046293,kcal/mol,cal/(mol K),0,C24H27N2OPRu,GFN2-xTB/ALPB toluene gsolv + qRRHO + 1M,data/campaign/thermochemistry/Ru_pyridine_pnn_Ph__active/result.json,ab43da869b276fed6d6dcd63a057e8d1c6dbe850386b72952d5f28a83a173ade,data/campaign/thermochemistry/Ru_pyridine_pnn_Ph__active/result.json#/attempts/0/native_command,data/datasets/thermochemistry/export_protocol.json,data/campaign/thermochemistry/Ru_pyridine_pnn_Ph__active/accepted_geometry.xyz,dd3dc073aaaa7286e03e56f6976ac022aef2a0cea92518c3fa08cf48e41e7b96,data/campaign/thermochemistry/Ru_pyridine_pnn_Ph__active/hessian_00.npz,a79a439ea4b9946e89332cd97d6a8e897da963498054e8225332d12edab2971e,0,0,383.15,lowest G383.15 among eligible certificates; same geometry at all T,101325.0,1.0,100.0,0,1
Ru_pyridine_pnn_Ph|active,Ru_pyridine_pnn_Ph,active,380.0,-50757.28872046265,275.8837023279016,-50452.1090796711,219.17148892707814,206.01031356575714,-50527.795450347076,2.597548479011341,kcal/mol,cal/(mol K),0,C24H27N2OPRu,GFN2-xTB/ALPB toluene gsolv + qRRHO + 1M,data/campaign/thermochemistry/Ru_pyridine_pnn_Ph__active/result.json,ab43da869b276fed6d6dcd63a057e8d1c6dbe850386b72952d5f28a83a173ade,data/campaign/thermochemistry/Ru_pyridine_pnn_Ph__active/result.json#/attempts/0/native_command,data/datasets/thermochemistry/export_protocol.json,data/campaign/thermochemistry/Ru_pyridine_pnn_Ph__active/accepted_geometry.xyz,dd3dc073aaaa7286e03e56f6976ac022aef2a0cea92518c3fa08cf48e41e7b96,data/campaign/thermochemistry/Ru_pyridine_pnn_Ph__active/hessian_00.npz,a79a439ea4b9946e89332cd97d6a8e897da963498054e8225332d12edab2971e,0,0,383.15,lowest G383.15 among eligible certificates; same geometry at all T,101325.0,1.0,100.0,0,1
Ru_pyridine_pnn_Ph|active,Ru_pyridine_pnn_Ph,active,383.15,-50757.28872046265,275.8837023279016,-50451.66049920959,220.3470923652858,207.1057025307582,-50528.38768277867,2.625366355574337,kcal/mol,cal/(mol K),0,C24H27N2OPRu,GFN2-xTB/ALPB toluene gsolv + qRRHO + 1M,data/campaign/thermochemistry/Ru_pyridine_pnn_Ph__active/result.json,ab43da869b276fed6d6dcd63a057e8d1c6dbe850386b72952d5f28a83a173ade,data/campaign/thermochemistry/Ru_pyridine_pnn_Ph__active/result.json#/attempts/0/native_command,data/datasets/thermochemistry/export_protocol.json,data/campaign/thermochemistry/Ru_pyridine_pnn_Ph__active/accepted_geometry.xyz,dd3dc073aaaa7286e03e56f6976ac022aef2a0cea92518c3fa08cf48e41e7b96,data/campaign/thermochemistry/Ru_pyridine_pnn_Ph__active/hessian_00.npz,a79a439ea4b9946e89332cd97d6a8e897da963498054e8225332d12edab2971e,0,0,383.15,lowest G383.15 among eligible certificates; same geometry at all T,101325.0,1.0,100.0,0,1
Ru_pyridine_pnn_Ph|active,Ru_pyridine_pnn_Ph,active,390.0,-50757.28872046265,275.8837023279016,-50450.67439032162,222.89799005377074,209.4843320664297,-50529.68724355669,2.686036270841015,kcal/mol,cal/(mol K),0,C24H27N2OPRu,GFN2-xTB/ALPB toluene gsolv + qRRHO + 1M,data/campaign/thermochemistry/Ru_pyridine_pnn_Ph__active/result.json,ab43da869b276fed6d6dcd63a057e8d1c6dbe850386b72952d5f28a83a173ade,data/campaign/thermochemistry/Ru_pyridine_pnn_Ph__active/result.json#/attempts/0/native_command,data/datasets/thermochemistry/export_protocol.json,data/campaign/thermochemistry/Ru_pyridine_pnn_Ph__active/accepted_geometry.xyz,dd3dc073aaaa7286e03e56f6976ac022aef2a0cea92518c3fa08cf48e41e7b96,data/campaign/thermochemistry/Ru_pyridine_pnn_Ph__active/hessian_00.npz,a79a439ea4b9946e89332cd97d6a8e897da963498054e8225332d12edab2971e,0,0,383.15,lowest G383.15 among eligible certificates; same geometry at all T,101325.0,1.0,100.0,0,1
Ru_pyridine_pnn_Ph|active,Ru_pyridine_pnn_Ph,active,400.0,-50757.28872046265,275.8837023279016,-50449.20896789121,226.60795563793627,212.9479709569741,-50531.61312261593,2.775033658072708,kcal/mol,cal/(mol K),0,C24H27N2OPRu,GFN2-xTB/ALPB toluene gsolv + qRRHO + 1M,data/campaign/thermochemistry/Ru_pyridine_pnn_Ph__active/result.json,ab43da869b276fed6d6dcd63a057e8d1c6dbe850386b72952d5f28a83a173ade,data/campaign/thermochemistry/Ru_pyridine_pnn_Ph__active/result.json#/attempts/0/native_command,data/datasets/thermochemistry/export_protocol.json,data/campaign/thermochemistry/Ru_pyridine_pnn_Ph__active/accepted_geometry.xyz,dd3dc073aaaa7286e03e56f6976ac022aef2a0cea92518c3fa08cf48e41e7b96,data/campaign/thermochemistry/Ru_pyridine_pnn_Ph__active/hessian_00.npz,a79a439ea4b9946e89332cd97d6a8e897da963498054e8225332d12edab2971e,0,0,383.15,lowest G383.15 among eligible certificates; same geometry at all T,101325.0,1.0,100.0,0,1
Ru_pyridine_pnn_Ph|active,Ru_pyridine_pnn_Ph,active,410.0,-50757.28872046265,275.8837023279016,-50447.71333318218,230.30091631597813,216.4004728478347,-50533.57299915166,2.8645278981321125,kcal/mol,cal/(mol K),0,C24H27N2OPRu,GFN2-xTB/ALPB toluene gsolv + qRRHO + 1M,data/campaign/thermochemistry/Ru_pyridine_pnn_Ph__active/result.json,ab43da869b276fed6d6dcd63a057e8d1c6dbe850386b72952d5f28a83a173ade,data/campaign/thermochemistry/Ru_pyridine_pnn_Ph__active/result.json#/attempts/0/native_command,data/datasets/thermochemistry/export_protocol.json,data/campaign/thermochemistry/Ru_pyridine_pnn_Ph__active/accepted_geometry.xyz,dd3dc073aaaa7286e03e56f6976ac022aef2a0cea92518c3fa08cf48e41e7b96,data/campaign/thermochemistry/Ru_pyridine_pnn_Ph__active/hessian_00.npz,a79a439ea4b9946e89332cd97d6a8e897da963498054e8225332d12edab2971e,0,0,383.15,lowest G383.15 among eligible certificates; same geometry at all T,101325.0,1.0,100.0,0,1
Ru_pyridine_pnn_Ph|active,Ru_pyridine_pnn_Ph,active,420.0,-50757.28872046265,275.8837023279016,-50446.18801897758,233.97640776902307,219.84110480800965,-50535.56677612672,2.954506870223601,kcal/mol,cal/(mol K),0,C24H27N2OPRu,GFN2-xTB/ALPB toluene gsolv + qRRHO + 1M,data/campaign/thermochemistry/Ru_pyridine_pnn_Ph__active/result.json,ab43da869b276fed6d6dcd63a057e8d1c6dbe850386b72952d5f28a83a173ade,data/campaign/thermochemistry/Ru_pyridine_pnn_Ph__active/result.json#/attempts/0/native_command,data/datasets/thermochemistry/export_protocol.json,data/campaign/thermochemistry/Ru_pyridine_pnn_Ph__active/accepted_geometry.xyz,dd3dc073aaaa7286e03e56f6976ac022aef2a0cea92518c3fa08cf48e41e7b96,data/campaign/thermochemistry/Ru_pyridine_pnn_Ph__active/hessian_00.npz,a79a439ea4b9946e89332cd97d6a8e897da963498054e8225332d12edab2971e,0,0,383.15,lowest G383.15 among eligible certificates; same geometry at all T,101325.0,1.0,100.0,0,1
Ru_pyridine_pnn_Ph|active,Ru_pyridine_pnn_Ph,active,430.0,-50757.28872046265,275.8837023279016,-50444.633566804805,237.63397786618978,223.26916383277913,-50537.594348222,3.044959030900024,kcal/mol,cal/(mol K),0,C24H27N2OPRu,GFN2-xTB/ALPB toluene gsolv + qRRHO + 1M,data/campaign/thermochemistry/Ru_pyridine_pnn_Ph__active/result.json,ab43da869b276fed6d6dcd63a057e8d1c6dbe850386b72952d5f28a83a173ade,data/campaign/thermochemistry/Ru_pyridine_pnn_Ph__active/result.json#/attempts/0/native_command,data/datasets/thermochemistry/export_protocol.json,data/campaign/thermochemistry/Ru_pyridine_pnn_Ph__active/accepted_geometry.xyz,dd3dc073aaaa7286e03e56f6976ac022aef2a0cea92518c3fa08cf48e41e7b96,data/campaign/thermochemistry/Ru_pyridine_pnn_Ph__active/hessian_00.npz,a79a439ea4b9946e89332cd97d6a8e897da963498054e8225332d12edab2971e,0,0,383.15,lowest G383.15 among eligible certificates; same geometry at all T,101325.0,1.0,100.0,0,1
Ru_pyridine_pnn_Ph|active,Ru_pyridine_pnn_Ph,active,440.0,-50757.28872046265,275.8837023279016,-50443.05052397776,241.27319234604397,226.68398102301978,-50539.655602254126,3.135873373767528,kcal/mol,cal/(mol K),0,C24H27N2OPRu,GFN2-xTB/ALPB toluene gsolv + qRRHO + 1M,data/campaign/thermochemistry/Ru_pyridine_pnn_Ph__active/result.json,ab43da869b276fed6d6dcd63a057e8d1c6dbe850386b72952d5f28a83a173ade,data/campaign/thermochemistry/Ru_pyridine_pnn_Ph__active/result.json#/attempts/0/native_command,data/datasets/thermochemistry/export_protocol.json,data/campaign/thermochemistry/Ru_pyridine_pnn_Ph__active/accepted_geometry.xyz,dd3dc073aaaa7286e03e56f6976ac022aef2a0cea92518c3fa08cf48e41e7b96,data/campaign/thermochemistry/Ru_pyridine_pnn_Ph__active/hessian_00.npz,a79a439ea4b9946e89332cd97d6a8e897da963498054e8225332d12edab2971e,0,0,383.15,lowest G383.15 among eligible certificates; same geometry at all T,101325.0,1.0,100.0,0,1
Ru_pyridine_pnn_Ph|hydrogenated,Ru_pyridine_pnn_Ph,hydrogenated,298.15,-51422.87431218465,288.9266443734551,-51114.988921358985,191.71654049930993,179.21118817020636,-51166.52640866644,1.894328445494145,kcal/mol,cal/(mol K),0,C24H29N2OPRu,GFN2-xTB/ALPB toluene gsolv + qRRHO + 1M,data/campaign/thermochemistry/Ru_pyridine_pnn_Ph__hydrogenated/result.json,037fa2b962bd8e7e4a5ef9e7cf106f0d4dc3533449e9f83d584f663694c34854,data/campaign/thermochemistry/Ru_pyridine_pnn_Ph__hydrogenated/result.json#/attempts/0/native_command,data/datasets/thermochemistry/export_protocol.json,data/campaign/thermochemistry/Ru_pyridine_pnn_Ph__hydrogenated/accepted_geometry.xyz,808134131d2b258463deb9515e4b678c992065ff08521f0b833de022acdf5976,data/campaign/thermochemistry/Ru_pyridine_pnn_Ph__hydrogenated/hessian_00.npz,17f0240f4c565769d724e802d214ac93f1bc45060e298df2c931c8dc1a0ee25e,0,0,383.15,lowest G383.15 among eligible certificates; same geometry at all T,101325.0,1.0,100.0,0,1
Ru_pyridine_pnn_Ph|hydrogenated,Ru_pyridine_pnn_Ph,hydrogenated,340.0,-51422.87431218465,288.9266443734551,-51109.81352158714,207.93869907702108,194.11672077114076,-51173.56423386496,2.248972784367174,kcal/mol,cal/(mol K),0,C24H29N2OPRu,GFN2-xTB/ALPB toluene gsolv + qRRHO + 1M,data/campaign/thermochemistry/Ru_pyridine_pnn_Ph__hydrogenated/result.json,037fa2b962bd8e7e4a5ef9e7cf106f0d4dc3533449e9f83d584f663694c34854,data/campaign/thermochemistry/Ru_pyridine_pnn_Ph__hydrogenated/result.json#/attempts/0/native_command,data/datasets/thermochemistry/export_protocol.json,data/campaign/thermochemistry/Ru_pyridine_pnn_Ph__hydrogenated/accepted_geometry.xyz,808134131d2b258463deb9515e4b678c992065ff08521f0b833de022acdf5976,data/campaign/thermochemistry/Ru_pyridine_pnn_Ph__hydrogenated/hessian_00.npz,17f0240f4c565769d724e802d214ac93f1bc45060e298df2c931c8dc1a0ee25e,0,0,383.15,lowest G383.15 among eligible certificates; same geometry at all T,101325.0,1.0,100.0,0,1
Ru_pyridine_pnn_Ph|hydrogenated,Ru_pyridine_pnn_Ph,hydrogenated,350.0,-51422.87431218465,288.9266443734551,-51108.48648155044,211.78522087917233,197.6715700307998,-51175.33625056364,2.3352804975836268,kcal/mol,cal/(mol K),0,C24H29N2OPRu,GFN2-xTB/ALPB toluene gsolv + qRRHO + 1M,data/campaign/thermochemistry/Ru_pyridine_pnn_Ph__hydrogenated/result.json,037fa2b962bd8e7e4a5ef9e7cf106f0d4dc3533449e9f83d584f663694c34854,data/campaign/thermochemistry/Ru_pyridine_pnn_Ph__hydrogenated/result.json#/attempts/0/native_command,data/datasets/thermochemistry/export_protocol.json,data/campaign/thermochemistry/Ru_pyridine_pnn_Ph__hydrogenated/accepted_geometry.xyz,808134131d2b258463deb9515e4b678c992065ff08521f0b833de022acdf5976,data/campaign/thermochemistry/Ru_pyridine_pnn_Ph__hydrogenated/hessian_00.npz,17f0240f4c565769d724e802d214ac93f1bc45060e298df2c931c8dc1a0ee25e,0,0,383.15,lowest G383.15 among eligible certificates; same geometry at all T,101325.0,1.0,100.0,0,1
Ru_pyridine_pnn_Ph|hydrogenated,Ru_pyridine_pnn_Ph,hydrogenated,360.0,-51422.87431218465,288.9266443734551,-51107.12531367392,215.61952583743007,201.22207842404757,-51177.143105845855,2.422156060718619,kcal/mol,cal/(mol K),0,C24H29N2OPRu,GFN2-xTB/ALPB toluene gsolv + qRRHO + 1M,data/campaign/thermochemistry/Ru_pyridine_pnn_Ph__hydrogenated/result.json,037fa2b962bd8e7e4a5ef9e7cf106f0d4dc3533449e9f83d584f663694c34854,data/campaign/thermochemistry/Ru_pyridine_pnn_Ph__hydrogenated/result.json#/attempts/0/native_command,data/datasets/thermochemistry/export_protocol.json,data/campaign/thermochemistry/Ru_pyridine_pnn_Ph__hydrogenated/accepted_geometry.xyz,808134131d2b258463deb9515e4b678c992065ff08521f0b833de022acdf5976,data/campaign/thermochemistry/Ru_pyridine_pnn_Ph__hydrogenated/hessian_00.npz,17f0240f4c565769d724e802d214ac93f1bc45060e298df2c931c8dc1a0ee25e,0,0,383.15,lowest G383.15 among eligible certificates; same geometry at all T,101325.0,1.0,100.0,0,1
Ru_pyridine_pnn_Ph|hydrogenated,Ru_pyridine_pnn_Ph,hydrogenated,370.0,-51422.87431218465,288.9266443734551,-51105.73044751285,219.4411066303857,204.7673322619596,-51178.98477675373,2.509583696046293,kcal/mol,cal/(mol K),0,C24H29N2OPRu,GFN2-xTB/ALPB toluene gsolv + qRRHO + 1M,data/campaign/thermochemistry/Ru_pyridine_pnn_Ph__hydrogenated/result.json,037fa2b962bd8e7e4a5ef9e7cf106f0d4dc3533449e9f83d584f663694c34854,data/campaign/thermochemistry/Ru_pyridine_pnn_Ph__hydrogenated/result.json#/attempts/0/native_command,data/datasets/thermochemistry/export_protocol.json,data/campaign/thermochemistry/Ru_pyridine_pnn_Ph__hydrogenated/accepted_geometry.xyz,808134131d2b258463deb9515e4b678c992065ff08521f0b833de022acdf5976,data/campaign/thermochemistry/Ru_pyridine_pnn_Ph__hydrogenated/hessian_00.npz,17f0240f4c565769d724e802d214ac93f1bc45060e298df2c931c8dc1a0ee25e,0,0,383.15,lowest G383.15 among eligible certificates; same geometry at all T,101325.0,1.0,100.0,0,1
Ru_pyridine_pnn_Ph|hydrogenated,Ru_pyridine_pnn_Ph,hydrogenated,380.0,-51422.87431218465,288.9266443734551,-51104.30234506457,223.24940996950914,208.306401971617,-51180.861229334776,2.597548479011341,kcal/mol,cal/(mol K),0,C24H29N2OPRu,GFN2-xTB/ALPB toluene gsolv + qRRHO + 1M,data/campaign/thermochemistry/Ru_pyridine_pnn_Ph__hydrogenated/result.json,037fa2b962bd8e7e4a5ef9e7cf106f0d4dc3533449e9f83d584f663694c34854,data/campaign/thermochemistry/Ru_pyridine_pnn_Ph__hydrogenated/result.json#/attempts/0/native_command,data/datasets/thermochemistry/export_protocol.json,data/campaign/thermochemistry/Ru_pyridine_pnn_Ph__hydrogenated/accepted_geometry.xyz,808134131d2b258463deb9515e4b678c992065ff08521f0b833de022acdf5976,data/campaign/thermochemistry/Ru_pyridine_pnn_Ph__hydrogenated/hessian_00.npz,17f0240f4c565769d724e802d214ac93f1bc45060e298df2c931c8dc1a0ee25e,0,0,383.15,lowest G383.15 among eligible certificates; same geometry at all T,101325.0,1.0,100.0,0,1
Ru_pyridine_pnn_Ph|hydrogenated,Ru_pyridine_pnn_Ph,hydrogenated,383.15,-51422.87431218465,288.9266443734551,-51103.84568673708,224.446183057093,209.41977909945865,-51181.45950874346,2.625366355574337,kcal/mol,cal/(mol K),0,C24H29N2OPRu,GFN2-xTB/ALPB toluene gsolv + qRRHO + 1M,data/campaign/thermochemistry/Ru_pyridine_pnn_Ph__hydrogenated/result.json,037fa2b962bd8e7e4a5ef9e7cf106f0d4dc3533449e9f83d584f663694c34854,data/campaign/thermochemistry/Ru_pyridine_pnn_Ph__hydrogenated/result.json#/attempts/0/native_command,data/datasets/thermochemistry/export_protocol.json,data/campaign/thermochemistry/Ru_pyridine_pnn_Ph__hydrogenated/accepted_geometry.xyz,808134131d2b258463deb9515e4b678c992065ff08521f0b833de022acdf5976,data/campaign/thermochemistry/Ru_pyridine_pnn_Ph__hydrogenated/hessian_00.npz,17f0240f4c565769d724e802d214ac93f1bc45060e298df2c931c8dc1a0ee25e,0,0,383.15,lowest G383.15 among eligible certificates; same geometry at all T,101325.0,1.0,100.0,0,1
Ru_pyridine_pnn_Ph|hydrogenated,Ru_pyridine_pnn_Ph,hydrogenated,390.0,-51422.87431218465,288.9266443734551,-51102.84149606396,227.04385360022397,211.83835625686964,-51182.77241873329,2.686036270841015,kcal/mol,cal/(mol K),0,C24H29N2OPRu,GFN2-xTB/ALPB toluene gsolv + qRRHO + 1M,data/campaign/thermochemistry/Ru_pyridine_pnn_Ph__hydrogenated/result.json,037fa2b962bd8e7e4a5ef9e7cf106f0d4dc3533449e9f83d584f663694c34854,data/campaign/thermochemistry/Ru_pyridine_pnn_Ph__hydrogenated/result.json#/attempts/0/native_command,data/datasets/thermochemistry/export_protocol.json,data/campaign/thermochemistry/Ru_pyridine_pnn_Ph__hydrogenated/accepted_geometry.xyz,808134131d2b258463deb9515e4b678c992065ff08521f0b833de022acdf5976,data/campaign/thermochemistry/Ru_pyridine_pnn_Ph__hydrogenated/hessian_00.npz,17f0240f4c565769d724e802d214ac93f1bc45060e298df2c931c8dc1a0ee25e,0,0,383.15,lowest G383.15 among eligible certificates; same geometry at all T,101325.0,1.0,100.0,0,1
Ru_pyridine_pnn_Ph|hydrogenated,Ru_pyridine_pnn_Ph,hydrogenated,400.0,-51422.87431218465,288.9266443734551,-51101.34841346754,230.82384067295794,215.36227394932072,-51184.718289389195,2.775033658072708,kcal/mol,cal/(mol K),0,C24H29N2OPRu,GFN2-xTB/ALPB toluene gsolv + qRRHO + 1M,data/campaign/thermochemistry/Ru_pyridine_pnn_Ph__hydrogenated/result.json,037fa2b962bd8e7e4a5ef9e7cf106f0d4dc3533449e9f83d584f663694c34854,data/campaign/thermochemistry/Ru_pyridine_pnn_Ph__hydrogenated/result.json#/attempts/0/native_command,data/datasets/thermochemistry/export_protocol.json,data/campaign/thermochemistry/Ru_pyridine_pnn_Ph__hydrogenated/accepted_geometry.xyz,808134131d2b258463deb9515e4b678c992065ff08521f0b833de022acdf5976,data/campaign/thermochemistry/Ru_pyridine_pnn_Ph__hydrogenated/hessian_00.npz,17f0240f4c565769d724e802d214ac93f1bc45060e298df2c931c8dc1a0ee25e,0,0,383.15,lowest G383.15 among eligible certificates; same geometry at all T,101325.0,1.0,100.0,0,1
Ru_pyridine_pnn_Ph|hydrogenated,Ru_pyridine_pnn_Ph,hydrogenated,410.0,-51422.87431218465,288.9266443734551,-51099.82362918193,234.58877173669566,218.87725376077887,-51186.69877532571,2.8645278981321125,kcal/mol,cal/(mol K),0,C24H29N2OPRu,GFN2-xTB/ALPB toluene gsolv + qRRHO + 1M,data/campaign/thermochemistry/Ru_pyridine_pnn_Ph__hydrogenated/result.json,037fa2b962bd8e7e4a5ef9e7cf106f0d4dc3533449e9f83d584f663694c34854,data/campaign/thermochemistry/Ru_pyridine_pnn_Ph__hydrogenated/result.json#/attempts/0/native_command,data/datasets/thermochemistry/export_protocol.json,data/campaign/thermochemistry/Ru_pyridine_pnn_Ph__hydrogenated/accepted_geometry.xyz,808134131d2b258463deb9515e4b678c992065ff08521f0b833de022acdf5976,data/campaign/thermochemistry/Ru_pyridine_pnn_Ph__hydrogenated/hessian_00.npz,17f0240f4c565769d724e802d214ac93f1bc45060e298df2c931c8dc1a0ee25e,0,0,383.15,lowest G383.15 among eligible certificates; same geometry at all T,101325.0,1.0,100.0,0,1
Ru_pyridine_pnn_Ph|hydrogenated,Ru_pyridine_pnn_Ph,hydrogenated,420.0,-51422.87431218465,288.9266443734551,-51098.26769007462,238.33805460587126,222.38242215262102,-51188.7138005085,2.954506870223601,kcal/mol,cal/(mol K),0,C24H29N2OPRu,GFN2-xTB/ALPB toluene gsolv + qRRHO + 1M,data/campaign/thermochemistry/Ru_pyridine_pnn_Ph__hydrogenated/result.json,037fa2b962bd8e7e4a5ef9e7cf106f0d4dc3533449e9f83d584f663694c34854,data/campaign/thermochemistry/Ru_pyridine_pnn_Ph__hydrogenated/result.json#/attempts/0/native_command,data/datasets/thermochemistry/export_protocol.json,data/campaign/thermochemistry/Ru_pyridine_pnn_Ph__hydrogenated/accepted_geometry.xyz,808134131d2b258463deb9515e4b678c992065ff08521f0b833de022acdf5976,data/campaign/thermochemistry/Ru_pyridine_pnn_Ph__hydrogenated/hessian_00.npz,17f0240f4c565769d724e802d214ac93f1bc45060e298df2c931c8dc1a0ee25e,0,0,383.15,lowest G383.15 among eligible certificates; same geometry at all T,101325.0,1.0,100.0,0,1
Ru_pyridine_pnn_Ph|hydrogenated,Ru_pyridine_pnn_Ph,hydrogenated,430.0,-51422.87431218465,288.9266443734551,-51096.681154292164,242.07111234357328,225.87693953462522,-51190.763279261155,3.044959030900024,kcal/mol,cal/(mol K),0,C24H29N2OPRu,GFN2-xTB/ALPB toluene gsolv + qRRHO + 1M,data/campaign/thermochemistry/Ru_pyridine_pnn_Ph__hydrogenated/result.json,037fa2b962bd8e7e4a5ef9e7cf106f0d4dc3533449e9f83d584f663694c34854,data/campaign/thermochemistry/Ru_pyridine_pnn_Ph__hydrogenated/result.json#/attempts/0/native_command,data/datasets/thermochemistry/export_protocol.json,data/campaign/thermochemistry/Ru_pyridine_pnn_Ph__hydrogenated/accepted_geometry.xyz,808134131d2b258463deb9515e4b678c992065ff08521f0b833de022acdf5976,data/campaign/thermochemistry/Ru_pyridine_pnn_Ph__hydrogenated/hessian_00.npz,17f0240f4c565769d724e802d214ac93f1bc45060e298df2c931c8dc1a0ee25e,0,0,383.15,lowest G383.15 among eligible certificates; same geometry at all T,101325.0,1.0,100.0,0,1
Ru_pyridine_pnn_Ph|hydrogenated,Ru_pyridine_pnn_Ph,hydrogenated,440.0,-51422.87431218465,288.9266443734551,-51095.064587897665,245.78738959177875,229.3600049978057,-51192.847116722936,3.135873373767528,kcal/mol,cal/(mol K),0,C24H29N2OPRu,GFN2-xTB/ALPB toluene gsolv + qRRHO + 1M,data/campaign/thermochemistry/Ru_pyridine_pnn_Ph__hydrogenated/result.json,037fa2b962bd8e7e4a5ef9e7cf106f0d4dc3533449e9f83d584f663694c34854,data/campaign/thermochemistry/Ru_pyridine_pnn_Ph__hydrogenated/result.json#/attempts/0/native_command,data/datasets/thermochemistry/export_protocol.json,data/campaign/thermochemistry/Ru_pyridine_pnn_Ph__hydrogenated/accepted_geometry.xyz,808134131d2b258463deb9515e4b678c992065ff08521f0b833de022acdf5976,data/campaign/thermochemistry/Ru_pyridine_pnn_Ph__hydrogenated/hessian_00.npz,17f0240f4c565769d724e802d214ac93f1bc45060e298df2c931c8dc1a0ee25e,0,0,383.15,lowest G383.15 among eligible certificates; same geometry at all T,101325.0,1.0,100.0,0,1
Ru_pyridine_pnn_Ph|protonated_reference,Ru_pyridine_pnn_Ph,protonated_reference,298.15,-50890.17533308114,283.88893162000386,-50587.519859985354,190.92046787731186,177.8965705489037,-50638.665394049014,1.894328445494145,kcal/mol,cal/(mol K),1,C24H28N2OPRu,GFN2-xTB/ALPB toluene gsolv + qRRHO + 1M,data/campaign/thermochemistry/Ru_pyridine_pnn_Ph__protonated_reference/result.json,88ee61db50d7bef06f93f02783e50ff4c06f989cbfb344ef20a1f2782bcbe2c4,data/campaign/thermochemistry/Ru_pyridine_pnn_Ph__protonated_reference/result.json#/attempts/0/native_command,data/datasets/thermochemistry/export_protocol.json,data/campaign/thermochemistry/Ru_pyridine_pnn_Ph__protonated_reference/accepted_geometry.xyz,dcacbe4d09b79a0dd7e2dea2c059260813254a567dd0c0686d24764fd1d1642d,data/campaign/thermochemistry/Ru_pyridine_pnn_Ph__protonated_reference/hessian_00.npz,9d445bdd21c2410c7b823b9d07b42e37a92e181f5a0aceb9f0504cd46acf89b9,0,0,383.15,lowest G383.15 among eligible certificates; same geometry at all T,101325.0,1.0,100.0,0,1
Ru_pyridine_pnn_Ph|protonated_reference,Ru_pyridine_pnn_Ph,protonated_reference,340.0,-50890.17533308114,283.88893162000386,-50582.42044846758,206.90461772532612,192.51767125374533,-50645.62748390949,2.248972784367174,kcal/mol,cal/(mol K),1,C24H28N2OPRu,GFN2-xTB/ALPB toluene gsolv + qRRHO + 1M,data/campaign/thermochemistry/Ru_pyridine_pnn_Ph__protonated_reference/result.json,88ee61db50d7bef06f93f02783e50ff4c06f989cbfb344ef20a1f2782bcbe2c4,data/campaign/thermochemistry/Ru_pyridine_pnn_Ph__protonated_reference/result.json#/attempts/0/native_command,data/datasets/thermochemistry/export_protocol.json,data/campaign/thermochemistry/Ru_pyridine_pnn_Ph__protonated_reference/accepted_geometry.xyz,dcacbe4d09b79a0dd7e2dea2c059260813254a567dd0c0686d24764fd1d1642d,data/campaign/thermochemistry/Ru_pyridine_pnn_Ph__protonated_reference/hessian_00.npz,9d445bdd21c2410c7b823b9d07b42e37a92e181f5a0aceb9f0504cd46acf89b9,0,0,383.15,lowest G383.15 among eligible certificates; same geometry at all T,101325.0,1.0,100.0,0,1
Ru_pyridine_pnn_Ph|protonated_reference,Ru_pyridine_pnn_Ph,protonated_reference,350.0,-50890.17533308114,283.88893162000386,-50581.11363987125,210.6924990820083,196.00366939248244,-50647.379643661036,2.3352804975836268,kcal/mol,cal/(mol K),1,C24H28N2OPRu,GFN2-xTB/ALPB toluene gsolv + qRRHO + 1M,data/campaign/thermochemistry/Ru_pyridine_pnn_Ph__protonated_reference/result.json,88ee61db50d7bef06f93f02783e50ff4c06f989cbfb344ef20a1f2782bcbe2c4,data/campaign/thermochemistry/Ru_pyridine_pnn_Ph__protonated_reference/result.json#/attempts/0/native_command,data/datasets/thermochemistry/export_protocol.json,data/campaign/thermochemistry/Ru_pyridine_pnn_Ph__protonated_reference/accepted_geometry.xyz,dcacbe4d09b79a0dd7e2dea2c059260813254a567dd0c0686d24764fd1d1642d,data/campaign/thermochemistry/Ru_pyridine_pnn_Ph__protonated_reference/hessian_00.npz,9d445bdd21c2410c7b823b9d07b42e37a92e181f5a0aceb9f0504cd46acf89b9,0,0,383.15,lowest G383.15 among eligible certificates; same geometry at all T,101325.0,1.0,100.0,0,1
Ru_pyridine_pnn_Ph|protonated_reference,Ru_pyridine_pnn_Ph,protonated_reference,360.0,-50890.17533308114,283.88893162000386,-50579.7734860966,214.46761061267944,199.48507198449613,-50649.1659559503,2.422156060718619,kcal/mol,cal/(mol K),1,C24H28N2OPRu,GFN2-xTB/ALPB toluene gsolv + qRRHO + 1M,data/campaign/thermochemistry/Ru_pyridine_pnn_Ph__protonated_reference/result.json,88ee61db50d7bef06f93f02783e50ff4c06f989cbfb344ef20a1f2782bcbe2c4,data/campaign/thermochemistry/Ru_pyridine_pnn_Ph__protonated_reference/result.json#/attempts/0/native_command,data/datasets/thermochemistry/export_protocol.json,data/campaign/thermochemistry/Ru_pyridine_pnn_Ph__protonated_reference/accepted_geometry.xyz,dcacbe4d09b79a0dd7e2dea2c059260813254a567dd0c0686d24764fd1d1642d,data/campaign/thermochemistry/Ru_pyridine_pnn_Ph__protonated_reference/hessian_00.npz,9d445bdd21c2410c7b823b9d07b42e37a92e181f5a0aceb9f0504cd46acf89b9,0,0,383.15,lowest G383.15 among eligible certificates; same geometry at all T,101325.0,1.0,100.0,0,1
Ru_pyridine_pnn_Ph|protonated_reference,Ru_pyridine_pnn_Ph,protonated_reference,370.0,-50890.17533308114,283.88893162000386,-50578.400405414606,218.22950621559784,202.9610094167203,-50650.986395202744,2.509583696046293,kcal/mol,cal/(mol K),1,C24H28N2OPRu,GFN2-xTB/ALPB toluene gsolv + qRRHO + 1M,data/campaign/thermochemistry/Ru_pyridine_pnn_Ph__protonated_reference/result.json,88ee61db50d7bef06f93f02783e50ff4c06f989cbfb344ef20a1f2782bcbe2c4,data/campaign/thermochemistry/Ru_pyridine_pnn_Ph__protonated_reference/result.json#/attempts/0/native_command,data/datasets/thermochemistry/export_protocol.json,data/campaign/thermochemistry/Ru_pyridine_pnn_Ph__protonated_reference/accepted_geometry.xyz,dcacbe4d09b79a0dd7e2dea2c059260813254a567dd0c0686d24764fd1d1642d,data/campaign/thermochemistry/Ru_pyridine_pnn_Ph__protonated_reference/hessian_00.npz,9d445bdd21c2410c7b823b9d07b42e37a92e181f5a0aceb9f0504cd46acf89b9,0,0,383.15,lowest G383.15 among eligible certificates; same geometry at all T,101325.0,1.0,100.0,0,1
Ru_pyridine_pnn_Ph|protonated_reference,Ru_pyridine_pnn_Ph,protonated_reference,380.0,-50890.17533308114,283.88893162000386,-50576.994847323906,221.9776921634877,206.43059598269127,-50652.84092531832,2.597548479011341,kcal/mol,cal/(mol K),1,C24H28N2OPRu,GFN2-xTB/ALPB toluene gsolv + qRRHO + 1M,data/campaign/thermochemistry/Ru_pyridine_pnn_Ph__protonated_reference/result.json,88ee61db50d7bef06f93f02783e50ff4c06f989cbfb344ef20a1f2782bcbe2c4,data/campaign/thermochemistry/Ru_pyridine_pnn_Ph__protonated_reference/result.json#/attempts/0/native_command,data/datasets/thermochemistry/export_protocol.json,data/campaign/thermochemistry/Ru_pyridine_pnn_Ph__protonated_reference/accepted_geometry.xyz,dcacbe4d09b79a0dd7e2dea2c059260813254a567dd0c0686d24764fd1d1642d,data/campaign/thermochemistry/Ru_pyridine_pnn_Ph__protonated_reference/hessian_00.npz,9d445bdd21c2410c7b823b9d07b42e37a92e181f5a0aceb9f0504cd46acf89b9,0,0,383.15,lowest G383.15 among eligible certificates; same geometry at all T,101325.0,1.0,100.0,0,1
Ru_pyridine_pnn_Ph|protonated_reference,Ru_pyridine_pnn_Ph,protonated_reference,383.15,-50890.17533308114,283.88893162000386,-50576.54544550668,223.15544801789136,207.5220583110833,-50653.432155792994,2.625366355574337,kcal/mol,cal/(mol K),1,C24H28N2OPRu,GFN2-xTB/ALPB toluene gsolv + qRRHO + 1M,data/campaign/thermochemistry/Ru_pyridine_pnn_Ph__protonated_reference/result.json,88ee61db50d7bef06f93f02783e50ff4c06f989cbfb344ef20a1f2782bcbe2c4,data/campaign/thermochemistry/Ru_pyridine_pnn_Ph__protonated_reference/result.json#/attempts/0/native_command,data/datasets/thermochemistry/export_protocol.json,data/campaign/thermochemistry/Ru_pyridine_pnn_Ph__protonated_reference/accepted_geometry.xyz,dcacbe4d09b79a0dd7e2dea2c059260813254a567dd0c0686d24764fd1d1642d,data/campaign/thermochemistry/Ru_pyridine_pnn_Ph__protonated_reference/hessian_00.npz,9d445bdd21c2410c7b823b9d07b42e37a92e181f5a0aceb9f0504cd46acf89b9,0,0,383.15,lowest G383.15 among eligible certificates; same geometry at all T,101325.0,1.0,100.0,0,1
Ru_pyridine_pnn_Ph|protonated_reference,Ru_pyridine_pnn_Ph,protonated_reference,390.0,-50890.17533308114,283.88893162000386,-50575.55728804405,225.7116437630893,209.89294354208144,-50654.72949975463,2.686036270841015,kcal/mol,cal/(mol K),1,C24H28N2OPRu,GFN2-xTB/ALPB toluene gsolv + qRRHO + 1M,data/campaign/thermochemistry/Ru_pyridine_pnn_Ph__protonated_reference/result.json,88ee61db50d7bef06f93f02783e50ff4c06f989cbfb344ef20a1f2782bcbe2c4,data/campaign/thermochemistry/Ru_pyridine_pnn_Ph__protonated_reference/result.json#/attempts/0/native_command,data/datasets/thermochemistry/export_protocol.json,data/campaign/thermochemistry/Ru_pyridine_pnn_Ph__protonated_reference/accepted_geometry.xyz,dcacbe4d09b79a0dd7e2dea2c059260813254a567dd0c0686d24764fd1d1642d,data/campaign/thermochemistry/Ru_pyridine_pnn_Ph__protonated_reference/hessian_00.npz,9d445bdd21c2410c7b823b9d07b42e37a92e181f5a0aceb9f0504cd46acf89b9,0,0,383.15,lowest G383.15 among eligible certificates; same geometry at all T,101325.0,1.0,100.0,0,1
Ru_pyridine_pnn_Ph|protonated_reference,Ru_pyridine_pnn_Ph,protonated_reference,400.0,-50890.17533308114,283.88893162000386,-50574.08822618097,229.43081946970247,213.34717297695056,-50656.65206171368,2.775033658072708,kcal/mol,cal/(mol K),1,C24H28N2OPRu,GFN2-xTB/ALPB toluene gsolv + qRRHO + 1M,data/campaign/thermochemistry/Ru_pyridine_pnn_Ph__protonated_reference/result.json,88ee61db50d7bef06f93f02783e50ff4c06f989cbfb344ef20a1f2782bcbe2c4,data/campaign/thermochemistry/Ru_pyridine_pnn_Ph__protonated_reference/result.json#/attempts/0/native_command,data/datasets/thermochemistry/export_protocol.json,data/campaign/thermochemistry/Ru_pyridine_pnn_Ph__protonated_reference/accepted_geometry.xyz,dcacbe4d09b79a0dd7e2dea2c059260813254a567dd0c0686d24764fd1d1642d,data/campaign/thermochemistry/Ru_pyridine_pnn_Ph__protonated_reference/hessian_00.npz,9d445bdd21c2410c7b823b9d07b42e37a92e181f5a0aceb9f0504cd46acf89b9,0,0,383.15,lowest G383.15 among eligible certificates; same geometry at all T,101325.0,1.0,100.0,0,1
Ru_pyridine_pnn_Ph|protonated_reference,Ru_pyridine_pnn_Ph,protonated_reference,410.0,-50890.17533308114,283.88893162000386,-50572.588178620885,233.13467269432962,216.7924236376634,-50658.60854441419,2.8645278981321125,kcal/mol,cal/(mol K),1,C24H28N2OPRu,GFN2-xTB/ALPB toluene gsolv + qRRHO + 1M,data/campaign/thermochemistry/Ru_pyridine_pnn_Ph__protonated_reference/result.json,88ee61db50d7bef06f93f02783e50ff4c06f989cbfb344ef20a1f2782bcbe2c4,data/campaign/thermochemistry/Ru_pyridine_pnn_Ph__protonated_reference/result.json#/attempts/0/native_command,data/datasets/thermochemistry/export_protocol.json,data/campaign/thermochemistry/Ru_pyridine_pnn_Ph__protonated_reference/accepted_geometry.xyz,dcacbe4d09b79a0dd7e2dea2c059260813254a567dd0c0686d24764fd1d1642d,data/campaign/thermochemistry/Ru_pyridine_pnn_Ph__protonated_reference/hessian_00.npz,9d445bdd21c2410c7b823b9d07b42e37a92e181f5a0aceb9f0504cd46acf89b9,0,0,383.15,lowest G383.15 among eligible certificates; same geometry at all T,101325.0,1.0,100.0,0,1
Ru_pyridine_pnn_Ph|protonated_reference,Ru_pyridine_pnn_Ph,protonated_reference,420.0,-50890.17533308114,283.88893162000386,-50571.057676692275,236.82266154230172,220.22786097918421,-50660.598871433314,2.954506870223601,kcal/mol,cal/(mol K),1,C24H28N2OPRu,GFN2-xTB/ALPB toluene gsolv + qRRHO + 1M,data/campaign/thermochemistry/Ru_pyridine_pnn_Ph__protonated_reference/result.json,88ee61db50d7bef06f93f02783e50ff4c06f989cbfb344ef20a1f2782bcbe2c4,data/campaign/thermochemistry/Ru_pyridine_pnn_Ph__protonated_reference/result.json#/attempts/0/native_command,data/datasets/thermochemistry/export_protocol.json,data/campaign/thermochemistry/Ru_pyridine_pnn_Ph__protonated_reference/accepted_geometry.xyz,dcacbe4d09b79a0dd7e2dea2c059260813254a567dd0c0686d24764fd1d1642d,data/campaign/thermochemistry/Ru_pyridine_pnn_Ph__protonated_reference/hessian_00.npz,9d445bdd21c2410c7b823b9d07b42e37a92e181f5a0aceb9f0504cd46acf89b9,0,0,383.15,lowest G383.15 among eligible certificates; same geometry at all T,101325.0,1.0,100.0,0,1
Ru_pyridine_pnn_Ph|protonated_reference,Ru_pyridine_pnn_Ph,protonated_reference,430.0,-50890.17533308114,283.88893162000386,-50569.49726262058,240.49425671661908,223.65268258827734,-50662.622957102634,3.044959030900024,kcal/mol,cal/(mol K),1,C24H28N2OPRu,GFN2-xTB/ALPB toluene gsolv + qRRHO + 1M,data/campaign/thermochemistry/Ru_pyridine_pnn_Ph__protonated_reference/result.json,88ee61db50d7bef06f93f02783e50ff4c06f989cbfb344ef20a1f2782bcbe2c4,data/campaign/thermochemistry/Ru_pyridine_pnn_Ph__protonated_reference/result.json#/attempts/0/native_command,data/datasets/thermochemistry/export_protocol.json,data/campaign/thermochemistry/Ru_pyridine_pnn_Ph__protonated_reference/accepted_geometry.xyz,dcacbe4d09b79a0dd7e2dea2c059260813254a567dd0c0686d24764fd1d1642d,data/campaign/thermochemistry/Ru_pyridine_pnn_Ph__protonated_reference/hessian_00.npz,9d445bdd21c2410c7b823b9d07b42e37a92e181f5a0aceb9f0504cd46acf89b9,0,0,383.15,lowest G383.15 among eligible certificates; same geometry at all T,101325.0,1.0,100.0,0,1
Ru_pyridine_pnn_Ph|protonated_reference,Ru_pyridine_pnn_Ph,protonated_reference,440.0,-50890.17533308114,283.88893162000386,-50567.90748628898,244.14894780866223,227.06612279618238,-50664.68070694554,3.135873373767528,kcal/mol,cal/(mol K),1,C24H28N2OPRu,GFN2-xTB/ALPB toluene gsolv + qRRHO + 1M,data/campaign/thermochemistry/Ru_pyridine_pnn_Ph__protonated_reference/result.json,88ee61db50d7bef06f93f02783e50ff4c06f989cbfb344ef20a1f2782bcbe2c4,data/campaign/thermochemistry/Ru_pyridine_pnn_Ph__protonated_reference/result.json#/attempts/0/native_command,data/datasets/thermochemistry/export_protocol.json,data/campaign/thermochemistry/Ru_pyridine_pnn_Ph__protonated_reference/accepted_geometry.xyz,dcacbe4d09b79a0dd7e2dea2c059260813254a567dd0c0686d24764fd1d1642d,data/campaign/thermochemistry/Ru_pyridine_pnn_Ph__protonated_reference/hessian_00.npz,9d445bdd21c2410c7b823b9d07b42e37a92e181f5a0aceb9f0504cd46acf89b9,0,0,383.15,lowest G383.15 among eligible certificates; same geometry at all T,101325.0,1.0,100.0,0,1
Ru_pyridine_pnn_iPr|active,Ru_pyridine_pnn_iPr,active,298.15,-43991.72259529696,282.24940735404346,-43691.65091348026,175.73054865601245,169.4259952623529,-43740.270945522236,1.894328445494145,kcal/mol,cal/(mol K),0,C18H31N2OPRu,GFN2-xTB/ALPB toluene gsolv + qRRHO + 1M,data/campaign/thermochemistry/Ru_pyridine_pnn_iPr__active/result.json,b353fdc23b2f3c8029f2cc1e3b0210541e7cf81b7efe3b86a5824afec54ad757,data/campaign/thermochemistry/Ru_pyridine_pnn_iPr__active/result.json#/attempts/0/native_command,data/datasets/thermochemistry/export_protocol.json,data/campaign/thermochemistry/Ru_pyridine_pnn_iPr__active/accepted_geometry.xyz,0676988afaa0ae6d8f020f390b16ceb07981c0706677d83ad19202f53583a020,data/campaign/thermochemistry/Ru_pyridine_pnn_iPr__active/hessian_00.npz,aca8706bd3ded427037087fa0ab8bd421c483b5700e1be6212fcd6f7420ef512,1,0,383.15,lowest G383.15 among eligible certificates; same geometry at all T,101325.0,1.0,100.0,0,1
Ru_pyridine_pnn_iPr|active,Ru_pyridine_pnn_iPr,active,340.0,-43991.72259529696,282.24940735404346,-43686.903692766646,190.6123236577949,183.3199070939439,-43746.983488394224,2.248972784367174,kcal/mol,cal/(mol K),0,C18H31N2OPRu,GFN2-xTB/ALPB toluene gsolv + qRRHO + 1M,data/campaign/thermochemistry/Ru_pyridine_pnn_iPr__active/result.json,b353fdc23b2f3c8029f2cc1e3b0210541e7cf81b7efe3b86a5824afec54ad757,data/campaign/thermochemistry/Ru_pyridine_pnn_iPr__active/result.json#/attempts/0/native_command,data/datasets/thermochemistry/export_protocol.json,data/campaign/thermochemistry/Ru_pyridine_pnn_iPr__active/accepted_geometry.xyz,0676988afaa0ae6d8f020f390b16ceb07981c0706677d83ad19202f53583a020,data/campaign/thermochemistry/Ru_pyridine_pnn_iPr__active/hessian_00.npz,aca8706bd3ded427037087fa0ab8bd421c483b5700e1be6212fcd6f7420ef512,1,0,383.15,lowest G383.15 among eligible certificates; same geometry at all T,101325.0,1.0,100.0,0,1
Ru_pyridine_pnn_iPr|active,Ru_pyridine_pnn_iPr,active,350.0,-43991.72259529696,282.24940735404346,-43685.69363664134,194.1197760649848,186.60809269378726,-43748.67118858659,2.3352804975836268,kcal/mol,cal/(mol K),0,C18H31N2OPRu,GFN2-xTB/ALPB toluene gsolv + qRRHO + 1M,data/campaign/thermochemistry/Ru_pyridine_pnn_iPr__active/result.json,b353fdc23b2f3c8029f2cc1e3b0210541e7cf81b7efe3b86a5824afec54ad757,data/campaign/thermochemistry/Ru_pyridine_pnn_iPr__active/result.json#/attempts/0/native_command,data/datasets/thermochemistry/export_protocol.json,data/campaign/thermochemistry/Ru_pyridine_pnn_iPr__active/accepted_geometry.xyz,0676988afaa0ae6d8f020f390b16ceb07981c0706677d83ad19202f53583a020,data/campaign/thermochemistry/Ru_pyridine_pnn_iPr__active/hessian_00.npz,aca8706bd3ded427037087fa0ab8bd421c483b5700e1be6212fcd6f7420ef512,1,0,383.15,lowest G383.15 among eligible certificates; same geometry at all T,101325.0,1.0,100.0,0,1
Ru_pyridine_pnn_iPr|active,Ru_pyridine_pnn_iPr,active,360.0,-43991.72259529696,282.24940735404346,-43684.45482606904,197.60942480369374,189.88426536978872,-43750.391005541445,2.422156060718619,kcal/mol,cal/(mol K),0,C18H31N2OPRu,GFN2-xTB/ALPB toluene gsolv + qRRHO + 1M,data/campaign/thermochemistry/Ru_pyridine_pnn_iPr__active/result.json,b353fdc23b2f3c8029f2cc1e3b0210541e7cf81b7efe3b86a5824afec54ad757,data/campaign/thermochemistry/Ru_pyridine_pnn_iPr__active/result.json#/attempts/0/native_command,data/datasets/thermochemistry/export_protocol.json,data/campaign/thermochemistry/Ru_pyridine_pnn_iPr__active/accepted_geometry.xyz,0676988afaa0ae6d8f020f390b16ceb07981c0706677d83ad19202f53583a020,data/campaign/thermochemistry/Ru_pyridine_pnn_iPr__active/hessian_00.npz,aca8706bd3ded427037087fa0ab8bd421c483b5700e1be6212fcd6f7420ef512,1,0,383.15,lowest G383.15 among eligible certificates; same geometry at all T,101325.0,1.0,100.0,0,1
Ru_pyridine_pnn_iPr|active,Ru_pyridine_pnn_iPr,active,370.0,-43991.72259529696,282.24940735404346,-43683.18753747426,201.0814883206791,193.14835513254695,-43752.14284517726,2.509583696046293,kcal/mol,cal/(mol K),0,C18H31N2OPRu,GFN2-xTB/ALPB toluene gsolv + qRRHO + 1M,data/campaign/thermochemistry/Ru_pyridine_pnn_iPr__active/result.json,b353fdc23b2f3c8029f2cc1e3b0210541e7cf81b7efe3b86a5824afec54ad757,data/campaign/thermochemistry/Ru_pyridine_pnn_iPr__active/result.json#/attempts/0/native_command,data/datasets/thermochemistry/export_protocol.json,data/campaign/thermochemistry/Ru_pyridine_pnn_iPr__active/accepted_geometry.xyz,0676988afaa0ae6d8f020f390b16ceb07981c0706677d83ad19202f53583a020,data/campaign/thermochemistry/Ru_pyridine_pnn_iPr__active/hessian_00.npz,aca8706bd3ded427037087fa0ab8bd421c483b5700e1be6212fcd6f7420ef512,1,0,383.15,lowest G383.15 among eligible certificates; same geometry at all T,101325.0,1.0,100.0,0,1
Ru_pyridine_pnn_iPr|active,Ru_pyridine_pnn_iPr,active,380.0,-43991.72259529696,282.24940735404346,-43681.892075091455,204.53609338607146,196.40022058723608,-43753.92661043559,2.597548479011341,kcal/mol,cal/(mol K),0,C18H31N2OPRu,GFN2-xTB/ALPB toluene gsolv + qRRHO + 1M,data/campaign/thermochemistry/Ru_pyridine_pnn_iPr__active/result.json,b353fdc23b2f3c8029f2cc1e3b0210541e7cf81b7efe3b86a5824afec54ad757,data/campaign/thermochemistry/Ru_pyridine_pnn_iPr__active/result.json#/attempts/0/native_command,data/datasets/thermochemistry/export_protocol.json,data/campaign/thermochemistry/Ru_pyridine_pnn_iPr__active/accepted_geometry.xyz,0676988afaa0ae6d8f020f390b16ceb07981c0706677d83ad19202f53583a020,data/campaign/thermochemistry/Ru_pyridine_pnn_iPr__active/hessian_00.npz,aca8706bd3ded427037087fa0ab8bd421c483b5700e1be6212fcd6f7420ef512,1,0,383.15,lowest G383.15 among eligible certificates; same geometry at all T,101325.0,1.0,100.0,0,1
Ru_pyridine_pnn_iPr|active,Ru_pyridine_pnn_iPr,active,383.15,-43991.72259529696,282.24940735404346,-43681.47822125671,205.62068825714027,197.4219961586195,-43754.49509272931,2.625366355574337,kcal/mol,cal/(mol K),0,C18H31N2OPRu,GFN2-xTB/ALPB toluene gsolv + qRRHO + 1M,data/campaign/thermochemistry/Ru_pyridine_pnn_iPr__active/result.json,b353fdc23b2f3c8029f2cc1e3b0210541e7cf81b7efe3b86a5824afec54ad757,data/campaign/thermochemistry/Ru_pyridine_pnn_iPr__active/result.json#/attempts/0/native_command,data/datasets/thermochemistry/export_protocol.json,data/campaign/thermochemistry/Ru_pyridine_pnn_iPr__active/accepted_geometry.xyz,0676988afaa0ae6d8f020f390b16ceb07981c0706677d83ad19202f53583a020,data/campaign/thermochemistry/Ru_pyridine_pnn_iPr__active/hessian_00.npz,aca8706bd3ded427037087fa0ab8bd421c483b5700e1be6212fcd6f7420ef512,1,0,383.15,lowest G383.15 among eligible certificates; same geometry at all T,101325.0,1.0,100.0,0,1
Ru_pyridine_pnn_iPr|active,Ru_pyridine_pnn_iPr,active,390.0,-43991.72259529696,282.24940735404346,-43680.56876791663,207.97329254053957,199.63966460634683,-43755.742200842265,2.686036270841015,kcal/mol,cal/(mol K),0,C18H31N2OPRu,GFN2-xTB/ALPB toluene gsolv + qRRHO + 1M,data/campaign/thermochemistry/Ru_pyridine_pnn_iPr__active/result.json,b353fdc23b2f3c8029f2cc1e3b0210541e7cf81b7efe3b86a5824afec54ad757,data/campaign/thermochemistry/Ru_pyridine_pnn_iPr__active/result.json#/attempts/0/native_command,data/datasets/thermochemistry/export_protocol.json,data/campaign/thermochemistry/Ru_pyridine_pnn_iPr__active/accepted_geometry.xyz,0676988afaa0ae6d8f020f390b16ceb07981c0706677d83ad19202f53583a020,data/campaign/thermochemistry/Ru_pyridine_pnn_iPr__active/hessian_00.npz,aca8706bd3ded427037087fa0ab8bd421c483b5700e1be6212fcd6f7420ef512,1,0,383.15,lowest G383.15 among eligible certificates; same geometry at all T,101325.0,1.0,100.0,0,1
Ru_pyridine_pnn_iPr|active,Ru_pyridine_pnn_iPr,active,400.0,-43991.72259529696,282.24940735404346,-43679.21796659244,211.3930795022563,202.86644814095854,-43757.58951219075,2.775033658072708,kcal/mol,cal/(mol K),0,C18H31N2OPRu,GFN2-xTB/ALPB toluene gsolv + qRRHO + 1M,data/campaign/thermochemistry/Ru_pyridine_pnn_iPr__active/result.json,b353fdc23b2f3c8029f2cc1e3b0210541e7cf81b7efe3b86a5824afec54ad757,data/campaign/thermochemistry/Ru_pyridine_pnn_iPr__active/result.json#/attempts/0/native_command,data/datasets/thermochemistry/export_protocol.json,data/campaign/thermochemistry/Ru_pyridine_pnn_iPr__active/accepted_geometry.xyz,0676988afaa0ae6d8f020f390b16ceb07981c0706677d83ad19202f53583a020,data/campaign/thermochemistry/Ru_pyridine_pnn_iPr__active/hessian_00.npz,aca8706bd3ded427037087fa0ab8bd421c483b5700e1be6212fcd6f7420ef512,1,0,383.15,lowest G383.15 among eligible certificates; same geometry at all T,101325.0,1.0,100.0,0,1
Ru_pyridine_pnn_iPr|active,Ru_pyridine_pnn_iPr,active,410.0,-43991.72259529696,282.24940735404346,-43677.84004031422,214.7954026199576,206.08030223757135,-43759.46843633349,2.8645278981321125,kcal/mol,cal/(mol K),0,C18H31N2OPRu,GFN2-xTB/ALPB toluene gsolv + qRRHO + 1M,data/campaign/thermochemistry/Ru_pyridine_pnn_iPr__active/result.json,b353fdc23b2f3c8029f2cc1e3b0210541e7cf81b7efe3b86a5824afec54ad757,data/campaign/thermochemistry/Ru_pyridine_pnn_iPr__active/result.json#/attempts/0/native_command,data/datasets/thermochemistry/export_protocol.json,data/campaign/thermochemistry/Ru_pyridine_pnn_iPr__active/accepted_geometry.xyz,0676988afaa0ae6d8f020f390b16ceb07981c0706677d83ad19202f53583a020,data/campaign/thermochemistry/Ru_pyridine_pnn_iPr__active/hessian_00.npz,aca8706bd3ded427037087fa0ab8bd421c483b5700e1be6212fcd6f7420ef512,1,0,383.15,lowest G383.15 among eligible certificates; same geometry at all T,101325.0,1.0,100.0,0,1
Ru_pyridine_pnn_iPr|active,Ru_pyridine_pnn_iPr,active,420.0,-43991.72259529696,282.24940735404346,-43676.43537382438,218.18017649169553,209.2809383628217,-43761.37886106654,2.954506870223601,kcal/mol,cal/(mol K),0,C18H31N2OPRu,GFN2-xTB/ALPB toluene gsolv + qRRHO + 1M,data/campaign/thermochemistry/Ru_pyridine_pnn_iPr__active/result.json,b353fdc23b2f3c8029f2cc1e3b0210541e7cf81b7efe3b86a5824afec54ad757,data/campaign/thermochemistry/Ru_pyridine_pnn_iPr__active/result.json#/attempts/0/native_command,data/datasets/thermochemistry/export_protocol.json,data/campaign/thermochemistry/Ru_pyridine_pnn_iPr__active/accepted_geometry.xyz,0676988afaa0ae6d8f020f390b16ceb07981c0706677d83ad19202f53583a020,data/campaign/thermochemistry/Ru_pyridine_pnn_iPr__active/hessian_00.npz,aca8706bd3ded427037087fa0ab8bd421c483b5700e1be6212fcd6f7420ef512,1,0,383.15,lowest G383.15 among eligible certificates; same geometry at all T,101325.0,1.0,100.0,0,1
Ru_pyridine_pnn_iPr|active,Ru_pyridine_pnn_iPr,active,430.0,-43991.72259529696,282.24940735404346,-43675.004364545835,221.54729188956128,212.4680571609323,-43763.32067009414,3.044959030900024,kcal/mol,cal/(mol K),0,C18H31N2OPRu,GFN2-xTB/ALPB toluene gsolv + qRRHO + 1M,data/campaign/thermochemistry/Ru_pyridine_pnn_iPr__active/result.json,b353fdc23b2f3c8029f2cc1e3b0210541e7cf81b7efe3b86a5824afec54ad757,data/campaign/thermochemistry/Ru_pyridine_pnn_iPr__active/result.json#/attempts/0/native_command,data/datasets/thermochemistry/export_protocol.json,data/campaign/thermochemistry/Ru_pyridine_pnn_iPr__active/accepted_geometry.xyz,0676988afaa0ae6d8f020f390b16ceb07981c0706677d83ad19202f53583a020,data/campaign/thermochemistry/Ru_pyridine_pnn_iPr__active/hessian_00.npz,aca8706bd3ded427037087fa0ab8bd421c483b5700e1be6212fcd6f7420ef512,1,0,383.15,lowest G383.15 among eligible certificates; same geometry at all T,101325.0,1.0,100.0,0,1
Ru_pyridine_pnn_iPr|active,Ru_pyridine_pnn_iPr,active,440.0,-43991.72259529696,282.24940735404346,-43673.54741989016,224.89662414156263,215.64135578135893,-43765.29374306019,3.135873373767528,kcal/mol,cal/(mol K),0,C18H31N2OPRu,GFN2-xTB/ALPB toluene gsolv + qRRHO + 1M,data/campaign/thermochemistry/Ru_pyridine_pnn_iPr__active/result.json,b353fdc23b2f3c8029f2cc1e3b0210541e7cf81b7efe3b86a5824afec54ad757,data/campaign/thermochemistry/Ru_pyridine_pnn_iPr__active/result.json#/attempts/0/native_command,data/datasets/thermochemistry/export_protocol.json,data/campaign/thermochemistry/Ru_pyridine_pnn_iPr__active/accepted_geometry.xyz,0676988afaa0ae6d8f020f390b16ceb07981c0706677d83ad19202f53583a020,data/campaign/thermochemistry/Ru_pyridine_pnn_iPr__active/hessian_00.npz,aca8706bd3ded427037087fa0ab8bd421c483b5700e1be6212fcd6f7420ef512,1,0,383.15,lowest G383.15 among eligible certificates; same geometry at all T,101325.0,1.0,100.0,0,1
Ru_pyridine_pnn_iPr|hydrogenated,Ru_pyridine_pnn_iPr,hydrogenated,298.15,-44659.35731713386,295.2480081711075,-44345.971141368864,178.9833647321867,171.6418627904574,-44395.251834314346,1.894328445494145,kcal/mol,cal/(mol K),0,C18H33N2OPRu,GFN2-xTB/ALPB toluene gsolv + qRRHO + 1M,data/campaign/thermochemistry/Ru_pyridine_pnn_iPr__hydrogenated/result.json,7a14b39c9f5b1093c3222fd16395f45e92fed4f118982f8936716b6df2bdbf0b,data/campaign/thermochemistry/Ru_pyridine_pnn_iPr__hydrogenated/result.json#/attempts/0/native_command,data/datasets/thermochemistry/export_protocol.json,data/campaign/thermochemistry/Ru_pyridine_pnn_iPr__hydrogenated/accepted_geometry.xyz,8519a5f7127456f380d1b3c982742fc752958c478587fab0fdd297b68e0f63fe,data/campaign/thermochemistry/Ru_pyridine_pnn_iPr__hydrogenated/hessian_00.npz,da6d74e32c43c31ccf0481ae710e1433f88dbfa98c36a3d7f81e2ce63d351773,3,0,383.15,lowest G383.15 among eligible certificates; same geometry at all T,101325.0,1.0,100.0,0,1
Ru_pyridine_pnn_iPr|hydrogenated,Ru_pyridine_pnn_iPr,hydrogenated,340.0,-44659.35731713386,295.2480081711075,-44341.15117207932,194.09279829401524,185.66955322153802,-44402.02984739028,2.248972784367174,kcal/mol,cal/(mol K),0,C18H33N2OPRu,GFN2-xTB/ALPB toluene gsolv + qRRHO + 1M,data/campaign/thermochemistry/Ru_pyridine_pnn_iPr__hydrogenated/result.json,7a14b39c9f5b1093c3222fd16395f45e92fed4f118982f8936716b6df2bdbf0b,data/campaign/thermochemistry/Ru_pyridine_pnn_iPr__hydrogenated/result.json#/attempts/0/native_command,data/datasets/thermochemistry/export_protocol.json,data/campaign/thermochemistry/Ru_pyridine_pnn_iPr__hydrogenated/accepted_geometry.xyz,8519a5f7127456f380d1b3c982742fc752958c478587fab0fdd297b68e0f63fe,data/campaign/thermochemistry/Ru_pyridine_pnn_iPr__hydrogenated/hessian_00.npz,da6d74e32c43c31ccf0481ae710e1433f88dbfa98c36a3d7f81e2ce63d351773,3,0,383.15,lowest G383.15 among eligible certificates; same geometry at all T,101325.0,1.0,100.0,0,1
Ru_pyridine_pnn_iPr|hydrogenated,Ru_pyridine_pnn_iPr,hydrogenated,350.0,-44659.35731713386,295.2480081711075,-44339.92072709144,197.65934441536822,188.9961131453705,-44403.73408619474,2.3352804975836268,kcal/mol,cal/(mol K),0,C18H33N2OPRu,GFN2-xTB/ALPB toluene gsolv + qRRHO + 1M,data/campaign/thermochemistry/Ru_pyridine_pnn_iPr__hydrogenated/result.json,7a14b39c9f5b1093c3222fd16395f45e92fed4f118982f8936716b6df2bdbf0b,data/campaign/thermochemistry/Ru_pyridine_pnn_iPr__hydrogenated/result.json#/attempts/0/native_command,data/datasets/thermochemistry/export_protocol.json,data/campaign/thermochemistry/Ru_pyridine_pnn_iPr__hydrogenated/accepted_geometry.xyz,8519a5f7127456f380d1b3c982742fc752958c478587fab0fdd297b68e0f63fe,data/campaign/thermochemistry/Ru_pyridine_pnn_iPr__hydrogenated/hessian_00.npz,da6d74e32c43c31ccf0481ae710e1433f88dbfa98c36a3d7f81e2ce63d351773,3,0,383.15,lowest G383.15 among eligible certificates; same geometry at all T,101325.0,1.0,100.0,0,1
Ru_pyridine_pnn_iPr|hydrogenated,Ru_pyridine_pnn_iPr,hydrogenated,360.0,-44659.35731713386,295.2480081711075,-44338.6602871997,201.20991654291976,192.31307326895904,-44405.47083751581,2.422156060718619,kcal/mol,cal/(mol K),0,C18H33N2OPRu,GFN2-xTB/ALPB toluene gsolv + qRRHO + 1M,data/campaign/thermochemistry/Ru_pyridine_pnn_iPr__hydrogenated/result.json,7a14b39c9f5b1093c3222fd16395f45e92fed4f118982f8936716b6df2bdbf0b,data/campaign/thermochemistry/Ru_pyridine_pnn_iPr__hydrogenated/result.json#/attempts/0/native_command,data/datasets/thermochemistry/export_protocol.json,data/campaign/thermochemistry/Ru_pyridine_pnn_iPr__hydrogenated/accepted_geometry.xyz,8519a5f7127456f380d1b3c982742fc752958c478587fab0fdd297b68e0f63fe,data/campaign/thermochemistry/Ru_pyridine_pnn_iPr__hydrogenated/hessian_00.npz,da6d74e32c43c31ccf0481ae710e1433f88dbfa98c36a3d7f81e2ce63d351773,3,0,383.15,lowest G383.15 among eligible certificates; same geometry at all T,101325.0,1.0,100.0,0,1
Ru_pyridine_pnn_iPr|hydrogenated,Ru_pyridine_pnn_iPr,hydrogenated,370.0,-44659.35731713386,295.2480081711075,-44337.3701015838,204.74470754541426,195.62030606961912,-44407.240031133515,2.509583696046293,kcal/mol,cal/(mol K),0,C18H33N2OPRu,GFN2-xTB/ALPB toluene gsolv + qRRHO + 1M,data/campaign/thermochemistry/Ru_pyridine_pnn_iPr__hydrogenated/result.json,7a14b39c9f5b1093c3222fd16395f45e92fed4f118982f8936716b6df2bdbf0b,data/campaign/thermochemistry/Ru_pyridine_pnn_iPr__hydrogenated/result.json#/attempts/0/native_command,data/datasets/thermochemistry/export_protocol.json,data/campaign/thermochemistry/Ru_pyridine_pnn_iPr__hydrogenated/accepted_geometry.xyz,8519a5f7127456f380d1b3c982742fc752958c478587fab0fdd297b68e0f63fe,data/campaign/thermochemistry/Ru_pyridine_pnn_iPr__hydrogenated/hessian_00.npz,da6d74e32c43c31ccf0481ae710e1433f88dbfa98c36a3d7f81e2ce63d351773,3,0,383.15,lowest G383.15 among eligible certificates; same geometry at all T,101325.0,1.0,100.0,0,1
Ru_pyridine_pnn_iPr|hydrogenated,Ru_pyridine_pnn_iPr,hydrogenated,380.0,-44659.35731713386,295.2480081711075,-44336.05045314745,208.2638048837758,198.91760144180984,-44409.04159321633,2.597548479011341,kcal/mol,cal/(mol K),0,C18H33N2OPRu,GFN2-xTB/ALPB toluene gsolv + qRRHO + 1M,data/campaign/thermochemistry/Ru_pyridine_pnn_iPr__hydrogenated/result.json,7a14b39c9f5b1093c3222fd16395f45e92fed4f118982f8936716b6df2bdbf0b,data/campaign/thermochemistry/Ru_pyridine_pnn_iPr__hydrogenated/result.json#/attempts/0/native_command,data/datasets/thermochemistry/export_protocol.json,data/campaign/thermochemistry/Ru_pyridine_pnn_iPr__hydrogenated/accepted_geometry.xyz,8519a5f7127456f380d1b3c982742fc752958c478587fab0fdd297b68e0f63fe,data/campaign/thermochemistry/Ru_pyridine_pnn_iPr__hydrogenated/hessian_00.npz,da6d74e32c43c31ccf0481ae710e1433f88dbfa98c36a3d7f81e2ce63d351773,3,0,383.15,lowest G383.15 among eligible certificates; same geometry at all T,101325.0,1.0,100.0,0,1
Ru_pyridine_pnn_iPr|hydrogenated,Ru_pyridine_pnn_iPr,hydrogenated,383.15,-44659.35731713386,295.2480081711075,-44335.6287110469,209.36907254878892,199.95414890550677,-44409.61577684447,2.625366355574337,kcal/mol,cal/(mol K),0,C18H33N2OPRu,GFN2-xTB/ALPB toluene gsolv + qRRHO + 1M,data/campaign/thermochemistry/Ru_pyridine_pnn_iPr__hydrogenated/result.json,7a14b39c9f5b1093c3222fd16395f45e92fed4f118982f8936716b6df2bdbf0b,data/campaign/thermochemistry/Ru_pyridine_pnn_iPr__hydrogenated/result.json#/attempts/0/native_command,data/datasets/thermochemistry/export_protocol.json,data/campaign/thermochemistry/Ru_pyridine_pnn_iPr__hydrogenated/accepted_geometry.xyz,8519a5f7127456f380d1b3c982742fc752958c478587fab0fdd297b68e0f63fe,data/campaign/thermochemistry/Ru_pyridine_pnn_iPr__hydrogenated/hessian_00.npz,da6d74e32c43c31ccf0481ae710e1433f88dbfa98c36a3d7f81e2ce63d351773,3,0,383.15,lowest G383.15 among eligible certificates; same geometry at all T,101325.0,1.0,100.0,0,1
Ru_pyridine_pnn_iPr|hydrogenated,Ru_pyridine_pnn_iPr,hydrogenated,390.0,-44659.35731713386,295.2480081711075,-44334.70165495963,211.76721081130728,202.20468485814814,-44410.875445783466,2.686036270841015,kcal/mol,cal/(mol K),0,C18H33N2OPRu,GFN2-xTB/ALPB toluene gsolv + qRRHO + 1M,data/campaign/thermochemistry/Ru_pyridine_pnn_iPr__hydrogenated/result.json,7a14b39c9f5b1093c3222fd16395f45e92fed4f118982f8936716b6df2bdbf0b,data/campaign/thermochemistry/Ru_pyridine_pnn_iPr__hydrogenated/result.json#/attempts/0/native_command,data/datasets/thermochemistry/export_protocol.json,data/campaign/thermochemistry/Ru_pyridine_pnn_iPr__hydrogenated/accepted_geometry.xyz,8519a5f7127456f380d1b3c982742fc752958c478587fab0fdd297b68e0f63fe,data/campaign/thermochemistry/Ru_pyridine_pnn_iPr__hydrogenated/hessian_00.npz,da6d74e32c43c31ccf0481ae710e1433f88dbfa98c36a3d7f81e2ce63d351773,3,0,383.15,lowest G383.15 among eligible certificates; same geometry at all T,101325.0,1.0,100.0,0,1
Ru_pyridine_pnn_iPr|hydrogenated,Ru_pyridine_pnn_iPr,hydrogenated,400.0,-44659.35731713386,295.2480081711075,-44333.324046637405,215.25486016480906,205.48123333346797,-44412.74150631272,2.775033658072708,kcal/mol,cal/(mol K),0,C18H33N2OPRu,GFN2-xTB/ALPB toluene gsolv + qRRHO + 1M,data/campaign/thermochemistry/Ru_pyridine_pnn_iPr__hydrogenated/result.json,7a14b39c9f5b1093c3222fd16395f45e92fed4f118982f8936716b6df2bdbf0b,data/campaign/thermochemistry/Ru_pyridine_pnn_iPr__hydrogenated/result.json#/attempts/0/native_command,data/datasets/thermochemistry/export_protocol.json,data/campaign/thermochemistry/Ru_pyridine_pnn_iPr__hydrogenated/accepted_geometry.xyz,8519a5f7127456f380d1b3c982742fc752958c478587fab0fdd297b68e0f63fe,data/campaign/thermochemistry/Ru_pyridine_pnn_iPr__hydrogenated/hessian_00.npz,da6d74e32c43c31ccf0481ae710e1433f88dbfa98c36a3d7f81e2ce63d351773,3,0,383.15,lowest G383.15 among eligible certificates; same geometry at all T,101325.0,1.0,100.0,0,1
Ru_pyridine_pnn_iPr|hydrogenated,Ru_pyridine_pnn_iPr,hydrogenated,410.0,-44659.35731713386,295.2480081711075,-44331.91799076558,218.72663586792692,208.74688928904806,-44414.63968747595,2.8645278981321125,kcal/mol,cal/(mol K),0,C18H33N2OPRu,GFN2-xTB/ALPB toluene gsolv + qRRHO + 1M,data/campaign/thermochemistry/Ru_pyridine_pnn_iPr__hydrogenated/result.json,7a14b39c9f5b1093c3222fd16395f45e92fed4f118982f8936716b6df2bdbf0b,data/campaign/thermochemistry/Ru_pyridine_pnn_iPr__hydrogenated/result.json#/attempts/0/native_command,data/datasets/thermochemistry/export_protocol.json,data/campaign/thermochemistry/Ru_pyridine_pnn_iPr__hydrogenated/accepted_geometry.xyz,8519a5f7127456f380d1b3c982742fc752958c478587fab0fdd297b68e0f63fe,data/campaign/thermochemistry/Ru_pyridine_pnn_iPr__hydrogenated/hessian_00.npz,da6d74e32c43c31ccf0481ae710e1433f88dbfa98c36a3d7f81e2ce63d351773,3,0,383.15,lowest G383.15 among eligible certificates; same geometry at all T,101325.0,1.0,100.0,0,1
Ru_pyridine_pnn_iPr|hydrogenated,Ru_pyridine_pnn_iPr,hydrogenated,420.0,-44659.35731713386,295.2480081711075,-44330.48386942646,222.1823823007694,212.00127244967337,-44416.5698969851,2.954506870223601,kcal/mol,cal/(mol K),0,C18H33N2OPRu,GFN2-xTB/ALPB toluene gsolv + qRRHO + 1M,data/campaign/thermochemistry/Ru_pyridine_pnn_iPr__hydrogenated/result.json,7a14b39c9f5b1093c3222fd16395f45e92fed4f118982f8936716b6df2bdbf0b,data/campaign/thermochemistry/Ru_pyridine_pnn_iPr__hydrogenated/result.json#/attempts/0/native_command,data/datasets/thermochemistry/export_protocol.json,data/campaign/thermochemistry/Ru_pyridine_pnn_iPr__hydrogenated/accepted_geometry.xyz,8519a5f7127456f380d1b3c982742fc752958c478587fab0fdd297b68e0f63fe,data/campaign/thermochemistry/Ru_pyridine_pnn_iPr__hydrogenated/hessian_00.npz,da6d74e32c43c31ccf0481ae710e1433f88dbfa98c36a3d7f81e2ce63d351773,3,0,383.15,lowest G383.15 among eligible certificates; same geometry at all T,101325.0,1.0,100.0,0,1
Ru_pyridine_pnn_iPr|hydrogenated,Ru_pyridine_pnn_iPr,hydrogenated,430.0,-44659.35731713386,295.2480081711075,-44329.02208089438,225.62191670908072,215.24398992796577,-44418.5320375325,3.044959030900024,kcal/mol,cal/(mol K),0,C18H33N2OPRu,GFN2-xTB/ALPB toluene gsolv + qRRHO + 1M,data/campaign/thermochemistry/Ru_pyridine_pnn_iPr__hydrogenated/result.json,7a14b39c9f5b1093c3222fd16395f45e92fed4f118982f8936716b6df2bdbf0b,data/campaign/thermochemistry/Ru_pyridine_pnn_iPr__hydrogenated/result.json#/attempts/0/native_command,data/datasets/thermochemistry/export_protocol.json,data/campaign/thermochemistry/Ru_pyridine_pnn_iPr__hydrogenated/accepted_geometry.xyz,8519a5f7127456f380d1b3c982742fc752958c478587fab0fdd297b68e0f63fe,data/campaign/thermochemistry/Ru_pyridine_pnn_iPr__hydrogenated/hessian_00.npz,da6d74e32c43c31ccf0481ae710e1433f88dbfa98c36a3d7f81e2ce63d351773,3,0,383.15,lowest G383.15 among eligible certificates; same geometry at all T,101325.0,1.0,100.0,0,1
Ru_pyridine_pnn_iPr|hydrogenated,Ru_pyridine_pnn_iPr,hydrogenated,440.0,-44659.35731713386,295.2480081711075,-44327.53303653291,229.04503883518004,218.4746446615934,-44420.52600681024,3.135873373767528,kcal/mol,cal/(mol K),0,C18H33N2OPRu,GFN2-xTB/ALPB toluene gsolv + qRRHO + 1M,data/campaign/thermochemistry/Ru_pyridine_pnn_iPr__hydrogenated/result.json,7a14b39c9f5b1093c3222fd16395f45e92fed4f118982f8936716b6df2bdbf0b,data/campaign/thermochemistry/Ru_pyridine_pnn_iPr__hydrogenated/result.json#/attempts/0/native_command,data/datasets/thermochemistry/export_protocol.json,data/campaign/thermochemistry/Ru_pyridine_pnn_iPr__hydrogenated/accepted_geometry.xyz,8519a5f7127456f380d1b3c982742fc752958c478587fab0fdd297b68e0f63fe,data/campaign/thermochemistry/Ru_pyridine_pnn_iPr__hydrogenated/hessian_00.npz,da6d74e32c43c31ccf0481ae710e1433f88dbfa98c36a3d7f81e2ce63d351773,3,0,383.15,lowest G383.15 among eligible certificates; same geometry at all T,101325.0,1.0,100.0,0,1
Ru_pyridine_pnn_iPr|protonated_reference,Ru_pyridine_pnn_iPr,protonated_reference,298.15,-44123.657855697646,291.49871750801134,-43814.59714675432,174.32074536437327,167.68985774331222,-43862.699549394994,1.894328445494145,kcal/mol,cal/(mol K),1,C18H32N2OPRu,GFN2-xTB/ALPB toluene gsolv + qRRHO + 1M,data/campaign/thermochemistry/Ru_pyridine_pnn_iPr__protonated_reference/result.json,948c02d75d19abbd0c9d5115b5ec74af1972de26ae24a6b65b9d430db97b9f4e,data/campaign/thermochemistry/Ru_pyridine_pnn_iPr__protonated_reference/result.json#/attempts/0/native_command,data/datasets/thermochemistry/export_protocol.json,data/campaign/thermochemistry/Ru_pyridine_pnn_iPr__protonated_reference/accepted_geometry.xyz,62a4c08afd3b47ee87c8191475aa88e600c6050f33e2899d1389ac9af350c462,data/campaign/thermochemistry/Ru_pyridine_pnn_iPr__protonated_reference/hessian_00.npz,628e59873af62c1037524d72c3a1807297502be7a54d4c910d9afab3523de814,1,0,383.15,lowest G383.15 among eligible certificates; same geometry at all T,101325.0,1.0,100.0,0,1
Ru_pyridine_pnn_iPr|protonated_reference,Ru_pyridine_pnn_iPr,protonated_reference,340.0,-44123.657855697646,291.49871750801134,-43809.87638888474,189.11898588405725,181.51319102014497,-43869.34190104722,2.248972784367174,kcal/mol,cal/(mol K),1,C18H32N2OPRu,GFN2-xTB/ALPB toluene gsolv + qRRHO + 1M,data/campaign/thermochemistry/Ru_pyridine_pnn_iPr__protonated_reference/result.json,948c02d75d19abbd0c9d5115b5ec74af1972de26ae24a6b65b9d430db97b9f4e,data/campaign/thermochemistry/Ru_pyridine_pnn_iPr__protonated_reference/result.json#/attempts/0/native_command,data/datasets/thermochemistry/export_protocol.json,data/campaign/thermochemistry/Ru_pyridine_pnn_iPr__protonated_reference/accepted_geometry.xyz,62a4c08afd3b47ee87c8191475aa88e600c6050f33e2899d1389ac9af350c462,data/campaign/thermochemistry/Ru_pyridine_pnn_iPr__protonated_reference/hessian_00.npz,628e59873af62c1037524d72c3a1807297502be7a54d4c910d9afab3523de814,1,0,383.15,lowest G383.15 among eligible certificates; same geometry at all T,101325.0,1.0,100.0,0,1
Ru_pyridine_pnn_iPr|protonated_reference,Ru_pyridine_pnn_iPr,protonated_reference,350.0,-44123.657855697646,291.49871750801134,-43808.670552962016,192.61419916842874,184.79206204395422,-43871.01249417982,2.3352804975836268,kcal/mol,cal/(mol K),1,C18H32N2OPRu,GFN2-xTB/ALPB toluene gsolv + qRRHO + 1M,data/campaign/thermochemistry/Ru_pyridine_pnn_iPr__protonated_reference/result.json,948c02d75d19abbd0c9d5115b5ec74af1972de26ae24a6b65b9d430db97b9f4e,data/campaign/thermochemistry/Ru_pyridine_pnn_iPr__protonated_reference/result.json#/attempts/0/native_command,data/datasets/thermochemistry/export_protocol.json,data/campaign/thermochemistry/Ru_pyridine_pnn_iPr__protonated_reference/accepted_geometry.xyz,62a4c08afd3b47ee87c8191475aa88e600c6050f33e2899d1389ac9af350c462,data/campaign/thermochemistry/Ru_pyridine_pnn_iPr__protonated_reference/hessian_00.npz,628e59873af62c1037524d72c3a1807297502be7a54d4c910d9afab3523de814,1,0,383.15,lowest G383.15 among eligible certificates; same geometry at all T,101325.0,1.0,100.0,0,1
Ru_pyridine_pnn_iPr|protonated_reference,Ru_pyridine_pnn_iPr,protonated_reference,360.0,-44123.657855697646,291.49871750801134,-43807.435132911785,196.0942910116246,188.06153992242548,-43872.71513122314,2.422156060718619,kcal/mol,cal/(mol K),1,C18H32N2OPRu,GFN2-xTB/ALPB toluene gsolv + qRRHO + 1M,data/campaign/thermochemistry/Ru_pyridine_pnn_iPr__protonated_reference/result.json,948c02d75d19abbd0c9d5115b5ec74af1972de26ae24a6b65b9d430db97b9f4e,data/campaign/thermochemistry/Ru_pyridine_pnn_iPr__protonated_reference/result.json#/attempts/0/native_command,data/datasets/thermochemistry/export_protocol.json,data/campaign/thermochemistry/Ru_pyridine_pnn_iPr__protonated_reference/accepted_geometry.xyz,62a4c08afd3b47ee87c8191475aa88e600c6050f33e2899d1389ac9af350c462,data/campaign/thermochemistry/Ru_pyridine_pnn_iPr__protonated_reference/hessian_00.npz,628e59873af62c1037524d72c3a1807297502be7a54d4c910d9afab3523de814,1,0,383.15,lowest G383.15 among eligible certificates; same geometry at all T,101325.0,1.0,100.0,0,1
Ru_pyridine_pnn_iPr|protonated_reference,Ru_pyridine_pnn_iPr,protonated_reference,370.0,-44123.657855697646,291.49871750801134,-43806.17040313851,199.55933841714656,191.32141508399812,-43874.44974302354,2.509583696046293,kcal/mol,cal/(mol K),1,C18H32N2OPRu,GFN2-xTB/ALPB toluene gsolv + qRRHO + 1M,data/campaign/thermochemistry/Ru_pyridine_pnn_iPr__protonated_reference/result.json,948c02d75d19abbd0c9d5115b5ec74af1972de26ae24a6b65b9d430db97b9f4e,data/campaign/thermochemistry/Ru_pyridine_pnn_iPr__protonated_reference/result.json#/attempts/0/native_command,data/datasets/thermochemistry/export_protocol.json,data/campaign/thermochemistry/Ru_pyridine_pnn_iPr__protonated_reference/accepted_geometry.xyz,62a4c08afd3b47ee87c8191475aa88e600c6050f33e2899d1389ac9af350c462,data/campaign/thermochemistry/Ru_pyridine_pnn_iPr__protonated_reference/hessian_00.npz,628e59873af62c1037524d72c3a1807297502be7a54d4c910d9afab3523de814,1,0,383.15,lowest G383.15 among eligible certificates; same geometry at all T,101325.0,1.0,100.0,0,1
Ru_pyridine_pnn_iPr|protonated_reference,Ru_pyridine_pnn_iPr,protonated_reference,380.0,-44123.657855697646,291.49871750801134,-43804.87666886273,203.0093300086727,194.5714098571475,-43876.21625612943,2.597548479011341,kcal/mol,cal/(mol K),1,C18H32N2OPRu,GFN2-xTB/ALPB toluene gsolv + qRRHO + 1M,data/campaign/thermochemistry/Ru_pyridine_pnn_iPr__protonated_reference/result.json,948c02d75d19abbd0c9d5115b5ec74af1972de26ae24a6b65b9d430db97b9f4e,data/campaign/thermochemistry/Ru_pyridine_pnn_iPr__protonated_reference/result.json#/attempts/0/native_command,data/datasets/thermochemistry/export_protocol.json,data/campaign/thermochemistry/Ru_pyridine_pnn_iPr__protonated_reference/accepted_geometry.xyz,62a4c08afd3b47ee87c8191475aa88e600c6050f33e2899d1389ac9af350c462,data/campaign/thermochemistry/Ru_pyridine_pnn_iPr__protonated_reference/hessian_00.npz,628e59873af62c1037524d72c3a1807297502be7a54d4c910d9afab3523de814,1,0,383.15,lowest G383.15 among eligible certificates; same geometry at all T,101325.0,1.0,100.0,0,1
Ru_pyridine_pnn_iPr|protonated_reference,Ru_pyridine_pnn_iPr,protonated_reference,383.15,-44123.657855697646,291.49871750801134,-43804.46318783329,204.09294770918035,195.5930603739273,-43876.77930255998,2.625366355574337,kcal/mol,cal/(mol K),1,C18H32N2OPRu,GFN2-xTB/ALPB toluene gsolv + qRRHO + 1M,data/campaign/thermochemistry/Ru_pyridine_pnn_iPr__protonated_reference/result.json,948c02d75d19abbd0c9d5115b5ec74af1972de26ae24a6b65b9d430db97b9f4e,data/campaign/thermochemistry/Ru_pyridine_pnn_iPr__protonated_reference/result.json#/attempts/0/native_command,data/datasets/thermochemistry/export_protocol.json,data/campaign/thermochemistry/Ru_pyridine_pnn_iPr__protonated_reference/accepted_geometry.xyz,62a4c08afd3b47ee87c8191475aa88e600c6050f33e2899d1389ac9af350c462,data/campaign/thermochemistry/Ru_pyridine_pnn_iPr__protonated_reference/hessian_00.npz,628e59873af62c1037524d72c3a1807297502be7a54d4c910d9afab3523de814,1,0,383.15,lowest G383.15 among eligible certificates; same geometry at all T,101325.0,1.0,100.0,0,1
Ru_pyridine_pnn_iPr|protonated_reference,Ru_pyridine_pnn_iPr,protonated_reference,390.0,-44123.657855697646,291.49871750801134,-43803.55426261584,206.44418432197634,197.81119496772004,-43878.01459238242,2.686036270841015,kcal/mol,cal/(mol K),1,C18H32N2OPRu,GFN2-xTB/ALPB toluene gsolv + qRRHO + 1M,data/campaign/thermochemistry/Ru_pyridine_pnn_iPr__protonated_reference/result.json,948c02d75d19abbd0c9d5115b5ec74af1972de26ae24a6b65b9d430db97b9f4e,data/campaign/thermochemistry/Ru_pyridine_pnn_iPr__protonated_reference/result.json#/attempts/0/native_command,data/datasets/thermochemistry/export_protocol.json,data/campaign/thermochemistry/Ru_pyridine_pnn_iPr__protonated_reference/accepted_geometry.xyz,62a4c08afd3b47ee87c8191475aa88e600c6050f33e2899d1389ac9af350c462,data/campaign/thermochemistry/Ru_pyridine_pnn_iPr__protonated_reference/hessian_00.npz,628e59873af62c1037524d72c3a1807297502be7a54d4c910d9afab3523de814,1,0,383.15,lowest G383.15 among eligible certificates; same geometry at all T,101325.0,1.0,100.0,0,1
Ru_pyridine_pnn_iPr|protonated_reference,Ru_pyridine_pnn_iPr,protonated_reference,400.0,-44123.657855697646,291.49871750801134,-43802.203540713745,209.86376583454,201.0404039579901,-43879.84466863887,2.775033658072708,kcal/mol,cal/(mol K),1,C18H32N2OPRu,GFN2-xTB/ALPB toluene gsolv + qRRHO + 1M,data/campaign/thermochemistry/Ru_pyridine_pnn_iPr__protonated_reference/result.json,948c02d75d19abbd0c9d5115b5ec74af1972de26ae24a6b65b9d430db97b9f4e,data/campaign/thermochemistry/Ru_pyridine_pnn_iPr__protonated_reference/result.json#/attempts/0/native_command,data/datasets/thermochemistry/export_protocol.json,data/campaign/thermochemistry/Ru_pyridine_pnn_iPr__protonated_reference/accepted_geometry.xyz,62a4c08afd3b47ee87c8191475aa88e600c6050f33e2899d1389ac9af350c462,data/campaign/thermochemistry/Ru_pyridine_pnn_iPr__protonated_reference/hessian_00.npz,628e59873af62c1037524d72c3a1807297502be7a54d4c910d9afab3523de814,1,0,383.15,lowest G383.15 among eligible certificates; same geometry at all T,101325.0,1.0,100.0,0,1
Ru_pyridine_pnn_iPr|protonated_reference,Ru_pyridine_pnn_iPr,protonated_reference,410.0,-44123.657855697646,291.49871750801134,-43800.82487979584,213.26789885467323,204.25864562875586,-43881.70639660549,2.8645278981321125,kcal/mol,cal/(mol K),1,C18H32N2OPRu,GFN2-xTB/ALPB toluene gsolv + qRRHO + 1M,data/campaign/thermochemistry/Ru_pyridine_pnn_iPr__protonated_reference/result.json,948c02d75d19abbd0c9d5115b5ec74af1972de26ae24a6b65b9d430db97b9f4e,data/campaign/thermochemistry/Ru_pyridine_pnn_iPr__protonated_reference/result.json#/attempts/0/native_command,data/datasets/thermochemistry/export_protocol.json,data/campaign/thermochemistry/Ru_pyridine_pnn_iPr__protonated_reference/accepted_geometry.xyz,62a4c08afd3b47ee87c8191475aa88e600c6050f33e2899d1389ac9af350c462,data/campaign/thermochemistry/Ru_pyridine_pnn_iPr__protonated_reference/hessian_00.npz,628e59873af62c1037524d72c3a1807297502be7a54d4c910d9afab3523de814,1,0,383.15,lowest G383.15 among eligible certificates; same geometry at all T,101325.0,1.0,100.0,0,1
Ru_pyridine_pnn_iPr|protonated_reference,Ru_pyridine_pnn_iPr,protonated_reference,420.0,-44123.657855697646,291.49871750801134,-43799.418673494736,216.65637942161746,207.46551463773682,-43883.599682772365,2.954506870223601,kcal/mol,cal/(mol K),1,C18H32N2OPRu,GFN2-xTB/ALPB toluene gsolv + qRRHO + 1M,data/campaign/thermochemistry/Ru_pyridine_pnn_iPr__protonated_reference/result.json,948c02d75d19abbd0c9d5115b5ec74af1972de26ae24a6b65b9d430db97b9f4e,data/campaign/thermochemistry/Ru_pyridine_pnn_iPr__protonated_reference/result.json#/attempts/0/native_command,data/datasets/thermochemistry/export_protocol.json,data/campaign/thermochemistry/Ru_pyridine_pnn_iPr__protonated_reference/accepted_geometry.xyz,62a4c08afd3b47ee87c8191475aa88e600c6050f33e2899d1389ac9af350c462,data/campaign/thermochemistry/Ru_pyridine_pnn_iPr__protonated_reference/hessian_00.npz,628e59873af62c1037524d72c3a1807297502be7a54d4c910d9afab3523de814,1,0,383.15,lowest G383.15 among eligible certificates; same geometry at all T,101325.0,1.0,100.0,0,1
Ru_pyridine_pnn_iPr|protonated_reference,Ru_pyridine_pnn_iPr,protonated_reference,430.0,-44123.657855697646,291.49871750801134,-43797.985329284835,220.02898538501933,210.66060040650694,-43885.52442842873,3.044959030900024,kcal/mol,cal/(mol K),1,C18H32N2OPRu,GFN2-xTB/ALPB toluene gsolv + qRRHO + 1M,data/campaign/thermochemistry/Ru_pyridine_pnn_iPr__protonated_reference/result.json,948c02d75d19abbd0c9d5115b5ec74af1972de26ae24a6b65b9d430db97b9f4e,data/campaign/thermochemistry/Ru_pyridine_pnn_iPr__protonated_reference/result.json#/attempts/0/native_command,data/datasets/thermochemistry/export_protocol.json,data/campaign/thermochemistry/Ru_pyridine_pnn_iPr__protonated_reference/accepted_geometry.xyz,62a4c08afd3b47ee87c8191475aa88e600c6050f33e2899d1389ac9af350c462,data/campaign/thermochemistry/Ru_pyridine_pnn_iPr__protonated_reference/hessian_00.npz,628e59873af62c1037524d72c3a1807297502be7a54d4c910d9afab3523de814,1,0,383.15,lowest G383.15 among eligible certificates; same geometry at all T,101325.0,1.0,100.0,0,1
Ru_pyridine_pnn_iPr|protonated_reference,Ru_pyridine_pnn_iPr,protonated_reference,440.0,-44123.657855697646,291.49871750801134,-43796.52526554212,223.38548483936674,213.8434944972754,-43887.480529747154,3.135873373767528,kcal/mol,cal/(mol K),1,C18H32N2OPRu,GFN2-xTB/ALPB toluene gsolv + qRRHO + 1M,data/campaign/thermochemistry/Ru_pyridine_pnn_iPr__protonated_reference/result.json,948c02d75d19abbd0c9d5115b5ec74af1972de26ae24a6b65b9d430db97b9f4e,data/campaign/thermochemistry/Ru_pyridine_pnn_iPr__protonated_reference/result.json#/attempts/0/native_command,data/datasets/thermochemistry/export_protocol.json,data/campaign/thermochemistry/Ru_pyridine_pnn_iPr__protonated_reference/accepted_geometry.xyz,62a4c08afd3b47ee87c8191475aa88e600c6050f33e2899d1389ac9af350c462,data/campaign/thermochemistry/Ru_pyridine_pnn_iPr__protonated_reference/hessian_00.npz,628e59873af62c1037524d72c3a1807297502be7a54d4c910d9afab3523de814,1,0,383.15,lowest G383.15 among eligible certificates; same geometry at all T,101325.0,1.0,100.0,0,1
