catalyst_id,reaction,temperature_K,delta_G_kcal_mol,equation,atoms_balanced,charge_balanced,reactant_certificates,product_certificates,reactant_geometry_sha256,product_geometry_sha256,scope
Ru_macho_pnp_Ph,alcohol_dehydrogenation,298.15,-11.067409926794426,active_cat + benzyl_alcohol -> hydrogenated_cat + benzaldehyde,True,True,"[""data/campaign/thermochemistry_identity_replacements/Ru_macho_pnp_Ph__active/result.json"", ""data/reference_thermochemistry/benzyl_alcohol/stationarity/result.json""]","[""data/campaign/thermochemistry/Ru_macho_pnp_Ph__hydrogenated/result.json"", ""data/reference_thermochemistry/benzaldehyde/stationarity/result.json""]","[""f2c030ea3b04d2b043627d9cc29c7ff4e476300cf82e7d5e7136b8d39ac1a650"", ""f4897da33f477e49dfa225e23571ab1376182c83d5412b994134a99a99cc75c0""]","[""1f4305273d2ba9284908608c402b090e6670d7b2fc0bf4e0c1c02c719c0e3e7d"", ""e7292b48e5f27218094b119118595a7fc0b25d93db34b114bb0582e7ad8b60b9""]",Reaction thermodynamics of separate 1M molecular species; no kinetic barrier or TOF
Ru_macho_pnp_Ph,alcohol_dehydrogenation,340.0,-10.92223306829328,active_cat + benzyl_alcohol -> hydrogenated_cat + benzaldehyde,True,True,"[""data/campaign/thermochemistry_identity_replacements/Ru_macho_pnp_Ph__active/result.json"", ""data/reference_thermochemistry/benzyl_alcohol/stationarity/result.json""]","[""data/campaign/thermochemistry/Ru_macho_pnp_Ph__hydrogenated/result.json"", ""data/reference_thermochemistry/benzaldehyde/stationarity/result.json""]","[""f2c030ea3b04d2b043627d9cc29c7ff4e476300cf82e7d5e7136b8d39ac1a650"", ""f4897da33f477e49dfa225e23571ab1376182c83d5412b994134a99a99cc75c0""]","[""1f4305273d2ba9284908608c402b090e6670d7b2fc0bf4e0c1c02c719c0e3e7d"", ""e7292b48e5f27218094b119118595a7fc0b25d93db34b114bb0582e7ad8b60b9""]",Reaction thermodynamics of separate 1M molecular species; no kinetic barrier or TOF
Ru_macho_pnp_Ph,alcohol_dehydrogenation,350.0,-10.887906780906633,active_cat + benzyl_alcohol -> hydrogenated_cat + benzaldehyde,True,True,"[""data/campaign/thermochemistry_identity_replacements/Ru_macho_pnp_Ph__active/result.json"", ""data/reference_thermochemistry/benzyl_alcohol/stationarity/result.json""]","[""data/campaign/thermochemistry/Ru_macho_pnp_Ph__hydrogenated/result.json"", ""data/reference_thermochemistry/benzaldehyde/stationarity/result.json""]","[""f2c030ea3b04d2b043627d9cc29c7ff4e476300cf82e7d5e7136b8d39ac1a650"", ""f4897da33f477e49dfa225e23571ab1376182c83d5412b994134a99a99cc75c0""]","[""1f4305273d2ba9284908608c402b090e6670d7b2fc0bf4e0c1c02c719c0e3e7d"", ""e7292b48e5f27218094b119118595a7fc0b25d93db34b114bb0582e7ad8b60b9""]",Reaction thermodynamics of separate 1M molecular species; no kinetic barrier or TOF
Ru_macho_pnp_Ph,alcohol_dehydrogenation,360.0,-10.853730235570765,active_cat + benzyl_alcohol -> hydrogenated_cat + benzaldehyde,True,True,"[""data/campaign/thermochemistry_identity_replacements/Ru_macho_pnp_Ph__active/result.json"", ""data/reference_thermochemistry/benzyl_alcohol/stationarity/result.json""]","[""data/campaign/thermochemistry/Ru_macho_pnp_Ph__hydrogenated/result.json"", ""data/reference_thermochemistry/benzaldehyde/stationarity/result.json""]","[""f2c030ea3b04d2b043627d9cc29c7ff4e476300cf82e7d5e7136b8d39ac1a650"", ""f4897da33f477e49dfa225e23571ab1376182c83d5412b994134a99a99cc75c0""]","[""1f4305273d2ba9284908608c402b090e6670d7b2fc0bf4e0c1c02c719c0e3e7d"", ""e7292b48e5f27218094b119118595a7fc0b25d93db34b114bb0582e7ad8b60b9""]",Reaction thermodynamics of separate 1M molecular species; no kinetic barrier or TOF
Ru_macho_pnp_Ph,alcohol_dehydrogenation,370.0,-10.819707510536318,active_cat + benzyl_alcohol -> hydrogenated_cat + benzaldehyde,True,True,"[""data/campaign/thermochemistry_identity_replacements/Ru_macho_pnp_Ph__active/result.json"", ""data/reference_thermochemistry/benzyl_alcohol/stationarity/result.json""]","[""data/campaign/thermochemistry/Ru_macho_pnp_Ph__hydrogenated/result.json"", ""data/reference_thermochemistry/benzaldehyde/stationarity/result.json""]","[""f2c030ea3b04d2b043627d9cc29c7ff4e476300cf82e7d5e7136b8d39ac1a650"", ""f4897da33f477e49dfa225e23571ab1376182c83d5412b994134a99a99cc75c0""]","[""1f4305273d2ba9284908608c402b090e6670d7b2fc0bf4e0c1c02c719c0e3e7d"", ""e7292b48e5f27218094b119118595a7fc0b25d93db34b114bb0582e7ad8b60b9""]",Reaction thermodynamics of separate 1M molecular species; no kinetic barrier or TOF
Ru_macho_pnp_Ph,alcohol_dehydrogenation,380.0,-10.785842417766617,active_cat + benzyl_alcohol -> hydrogenated_cat + benzaldehyde,True,True,"[""data/campaign/thermochemistry_identity_replacements/Ru_macho_pnp_Ph__active/result.json"", ""data/reference_thermochemistry/benzyl_alcohol/stationarity/result.json""]","[""data/campaign/thermochemistry/Ru_macho_pnp_Ph__hydrogenated/result.json"", ""data/reference_thermochemistry/benzaldehyde/stationarity/result.json""]","[""f2c030ea3b04d2b043627d9cc29c7ff4e476300cf82e7d5e7136b8d39ac1a650"", ""f4897da33f477e49dfa225e23571ab1376182c83d5412b994134a99a99cc75c0""]","[""1f4305273d2ba9284908608c402b090e6670d7b2fc0bf4e0c1c02c719c0e3e7d"", ""e7292b48e5f27218094b119118595a7fc0b25d93db34b114bb0582e7ad8b60b9""]",Reaction thermodynamics of separate 1M molecular species; no kinetic barrier or TOF
Ru_macho_pnp_Ph,alcohol_dehydrogenation,383.15,-10.775208137107256,active_cat + benzyl_alcohol -> hydrogenated_cat + benzaldehyde,True,True,"[""data/campaign/thermochemistry_identity_replacements/Ru_macho_pnp_Ph__active/result.json"", ""data/reference_thermochemistry/benzyl_alcohol/stationarity/result.json""]","[""data/campaign/thermochemistry/Ru_macho_pnp_Ph__hydrogenated/result.json"", ""data/reference_thermochemistry/benzaldehyde/stationarity/result.json""]","[""f2c030ea3b04d2b043627d9cc29c7ff4e476300cf82e7d5e7136b8d39ac1a650"", ""f4897da33f477e49dfa225e23571ab1376182c83d5412b994134a99a99cc75c0""]","[""1f4305273d2ba9284908608c402b090e6670d7b2fc0bf4e0c1c02c719c0e3e7d"", ""e7292b48e5f27218094b119118595a7fc0b25d93db34b114bb0582e7ad8b60b9""]",Reaction thermodynamics of separate 1M molecular species; no kinetic barrier or TOF
Ru_macho_pnp_Ph,alcohol_dehydrogenation,390.0,-10.752138520025255,active_cat + benzyl_alcohol -> hydrogenated_cat + benzaldehyde,True,True,"[""data/campaign/thermochemistry_identity_replacements/Ru_macho_pnp_Ph__active/result.json"", ""data/reference_thermochemistry/benzyl_alcohol/stationarity/result.json""]","[""data/campaign/thermochemistry/Ru_macho_pnp_Ph__hydrogenated/result.json"", ""data/reference_thermochemistry/benzaldehyde/stationarity/result.json""]","[""f2c030ea3b04d2b043627d9cc29c7ff4e476300cf82e7d5e7136b8d39ac1a650"", ""f4897da33f477e49dfa225e23571ab1376182c83d5412b994134a99a99cc75c0""]","[""1f4305273d2ba9284908608c402b090e6670d7b2fc0bf4e0c1c02c719c0e3e7d"", ""e7292b48e5f27218094b119118595a7fc0b25d93db34b114bb0582e7ad8b60b9""]",Reaction thermodynamics of separate 1M molecular species; no kinetic barrier or TOF
Ru_macho_pnp_Ph,alcohol_dehydrogenation,400.0,-10.718599145429835,active_cat + benzyl_alcohol -> hydrogenated_cat + benzaldehyde,True,True,"[""data/campaign/thermochemistry_identity_replacements/Ru_macho_pnp_Ph__active/result.json"", ""data/reference_thermochemistry/benzyl_alcohol/stationarity/result.json""]","[""data/campaign/thermochemistry/Ru_macho_pnp_Ph__hydrogenated/result.json"", ""data/reference_thermochemistry/benzaldehyde/stationarity/result.json""]","[""f2c030ea3b04d2b043627d9cc29c7ff4e476300cf82e7d5e7136b8d39ac1a650"", ""f4897da33f477e49dfa225e23571ab1376182c83d5412b994134a99a99cc75c0""]","[""1f4305273d2ba9284908608c402b090e6670d7b2fc0bf4e0c1c02c719c0e3e7d"", ""e7292b48e5f27218094b119118595a7fc0b25d93db34b114bb0582e7ad8b60b9""]",Reaction thermodynamics of separate 1M molecular species; no kinetic barrier or TOF
Ru_macho_pnp_Ph,alcohol_dehydrogenation,410.0,-10.685227400092117,active_cat + benzyl_alcohol -> hydrogenated_cat + benzaldehyde,True,True,"[""data/campaign/thermochemistry_identity_replacements/Ru_macho_pnp_Ph__active/result.json"", ""data/reference_thermochemistry/benzyl_alcohol/stationarity/result.json""]","[""data/campaign/thermochemistry/Ru_macho_pnp_Ph__hydrogenated/result.json"", ""data/reference_thermochemistry/benzaldehyde/stationarity/result.json""]","[""f2c030ea3b04d2b043627d9cc29c7ff4e476300cf82e7d5e7136b8d39ac1a650"", ""f4897da33f477e49dfa225e23571ab1376182c83d5412b994134a99a99cc75c0""]","[""1f4305273d2ba9284908608c402b090e6670d7b2fc0bf4e0c1c02c719c0e3e7d"", ""e7292b48e5f27218094b119118595a7fc0b25d93db34b114bb0582e7ad8b60b9""]",Reaction thermodynamics of separate 1M molecular species; no kinetic barrier or TOF
Ru_macho_pnp_Ph,alcohol_dehydrogenation,420.0,-10.6520261787864,active_cat + benzyl_alcohol -> hydrogenated_cat + benzaldehyde,True,True,"[""data/campaign/thermochemistry_identity_replacements/Ru_macho_pnp_Ph__active/result.json"", ""data/reference_thermochemistry/benzyl_alcohol/stationarity/result.json""]","[""data/campaign/thermochemistry/Ru_macho_pnp_Ph__hydrogenated/result.json"", ""data/reference_thermochemistry/benzaldehyde/stationarity/result.json""]","[""f2c030ea3b04d2b043627d9cc29c7ff4e476300cf82e7d5e7136b8d39ac1a650"", ""f4897da33f477e49dfa225e23571ab1376182c83d5412b994134a99a99cc75c0""]","[""1f4305273d2ba9284908608c402b090e6670d7b2fc0bf4e0c1c02c719c0e3e7d"", ""e7292b48e5f27218094b119118595a7fc0b25d93db34b114bb0582e7ad8b60b9""]",Reaction thermodynamics of separate 1M molecular species; no kinetic barrier or TOF
Ru_macho_pnp_Ph,alcohol_dehydrogenation,430.0,-10.618998174188164,active_cat + benzyl_alcohol -> hydrogenated_cat + benzaldehyde,True,True,"[""data/campaign/thermochemistry_identity_replacements/Ru_macho_pnp_Ph__active/result.json"", ""data/reference_thermochemistry/benzyl_alcohol/stationarity/result.json""]","[""data/campaign/thermochemistry/Ru_macho_pnp_Ph__hydrogenated/result.json"", ""data/reference_thermochemistry/benzaldehyde/stationarity/result.json""]","[""f2c030ea3b04d2b043627d9cc29c7ff4e476300cf82e7d5e7136b8d39ac1a650"", ""f4897da33f477e49dfa225e23571ab1376182c83d5412b994134a99a99cc75c0""]","[""1f4305273d2ba9284908608c402b090e6670d7b2fc0bf4e0c1c02c719c0e3e7d"", ""e7292b48e5f27218094b119118595a7fc0b25d93db34b114bb0582e7ad8b60b9""]",Reaction thermodynamics of separate 1M molecular species; no kinetic barrier or TOF
Ru_macho_pnp_Ph,alcohol_dehydrogenation,440.0,-10.586145884790312,active_cat + benzyl_alcohol -> hydrogenated_cat + benzaldehyde,True,True,"[""data/campaign/thermochemistry_identity_replacements/Ru_macho_pnp_Ph__active/result.json"", ""data/reference_thermochemistry/benzyl_alcohol/stationarity/result.json""]","[""data/campaign/thermochemistry/Ru_macho_pnp_Ph__hydrogenated/result.json"", ""data/reference_thermochemistry/benzaldehyde/stationarity/result.json""]","[""f2c030ea3b04d2b043627d9cc29c7ff4e476300cf82e7d5e7136b8d39ac1a650"", ""f4897da33f477e49dfa225e23571ab1376182c83d5412b994134a99a99cc75c0""]","[""1f4305273d2ba9284908608c402b090e6670d7b2fc0bf4e0c1c02c719c0e3e7d"", ""e7292b48e5f27218094b119118595a7fc0b25d93db34b114bb0582e7ad8b60b9""]",Reaction thermodynamics of separate 1M molecular species; no kinetic barrier or TOF
Ru_macho_pnp_Ph,separated_ion_deprotonation,298.15,-62.24922578622136,protonated_cat(+) + tert_butoxide(-) -> active_cat + tert_butanol,True,True,"[""data/campaign/thermochemistry/Ru_macho_pnp_Ph__protonated_reference/result.json"", ""data/reference_thermochemistry/tert_butoxide_anion/stationarity/result.json""]","[""data/campaign/thermochemistry_identity_replacements/Ru_macho_pnp_Ph__active/result.json"", ""data/reference_thermochemistry/tert_butanol/stationarity/result.json""]","[""a1a87a76fe80e76b5f6ec96d65b9d3343035ea5d7c5a5b6dca8006d85a9ad471"", ""d212e4231d6b932ee1d5bcd7336d05f49a5bd740e5762fb2e2806c3cb8018b82""]","[""f2c030ea3b04d2b043627d9cc29c7ff4e476300cf82e7d5e7136b8d39ac1a650"", ""528ce6cef516220b49746927b16e66a325ccc5797a749a09e16cf5dfe6b1bd99""]",Separated-ion reference only; does not establish dissolved tBuOK salt speciation or ion pairing
Ru_macho_pnp_Ph,separated_ion_deprotonation,340.0,-62.29897048438397,protonated_cat(+) + tert_butoxide(-) -> active_cat + tert_butanol,True,True,"[""data/campaign/thermochemistry/Ru_macho_pnp_Ph__protonated_reference/result.json"", ""data/reference_thermochemistry/tert_butoxide_anion/stationarity/result.json""]","[""data/campaign/thermochemistry_identity_replacements/Ru_macho_pnp_Ph__active/result.json"", ""data/reference_thermochemistry/tert_butanol/stationarity/result.json""]","[""a1a87a76fe80e76b5f6ec96d65b9d3343035ea5d7c5a5b6dca8006d85a9ad471"", ""d212e4231d6b932ee1d5bcd7336d05f49a5bd740e5762fb2e2806c3cb8018b82""]","[""f2c030ea3b04d2b043627d9cc29c7ff4e476300cf82e7d5e7136b8d39ac1a650"", ""528ce6cef516220b49746927b16e66a325ccc5797a749a09e16cf5dfe6b1bd99""]",Separated-ion reference only; does not establish dissolved tBuOK salt speciation or ion pairing
Ru_macho_pnp_Ph,separated_ion_deprotonation,350.0,-62.31050588992002,protonated_cat(+) + tert_butoxide(-) -> active_cat + tert_butanol,True,True,"[""data/campaign/thermochemistry/Ru_macho_pnp_Ph__protonated_reference/result.json"", ""data/reference_thermochemistry/tert_butoxide_anion/stationarity/result.json""]","[""data/campaign/thermochemistry_identity_replacements/Ru_macho_pnp_Ph__active/result.json"", ""data/reference_thermochemistry/tert_butanol/stationarity/result.json""]","[""a1a87a76fe80e76b5f6ec96d65b9d3343035ea5d7c5a5b6dca8006d85a9ad471"", ""d212e4231d6b932ee1d5bcd7336d05f49a5bd740e5762fb2e2806c3cb8018b82""]","[""f2c030ea3b04d2b043627d9cc29c7ff4e476300cf82e7d5e7136b8d39ac1a650"", ""528ce6cef516220b49746927b16e66a325ccc5797a749a09e16cf5dfe6b1bd99""]",Separated-ion reference only; does not establish dissolved tBuOK salt speciation or ion pairing
Ru_macho_pnp_Ph,separated_ion_deprotonation,360.0,-62.321892161686264,protonated_cat(+) + tert_butoxide(-) -> active_cat + tert_butanol,True,True,"[""data/campaign/thermochemistry/Ru_macho_pnp_Ph__protonated_reference/result.json"", ""data/reference_thermochemistry/tert_butoxide_anion/stationarity/result.json""]","[""data/campaign/thermochemistry_identity_replacements/Ru_macho_pnp_Ph__active/result.json"", ""data/reference_thermochemistry/tert_butanol/stationarity/result.json""]","[""a1a87a76fe80e76b5f6ec96d65b9d3343035ea5d7c5a5b6dca8006d85a9ad471"", ""d212e4231d6b932ee1d5bcd7336d05f49a5bd740e5762fb2e2806c3cb8018b82""]","[""f2c030ea3b04d2b043627d9cc29c7ff4e476300cf82e7d5e7136b8d39ac1a650"", ""528ce6cef516220b49746927b16e66a325ccc5797a749a09e16cf5dfe6b1bd99""]",Separated-ion reference only; does not establish dissolved tBuOK salt speciation or ion pairing
Ru_macho_pnp_Ph,separated_ion_deprotonation,370.0,-62.333124876300644,protonated_cat(+) + tert_butoxide(-) -> active_cat + tert_butanol,True,True,"[""data/campaign/thermochemistry/Ru_macho_pnp_Ph__protonated_reference/result.json"", ""data/reference_thermochemistry/tert_butoxide_anion/stationarity/result.json""]","[""data/campaign/thermochemistry_identity_replacements/Ru_macho_pnp_Ph__active/result.json"", ""data/reference_thermochemistry/tert_butanol/stationarity/result.json""]","[""a1a87a76fe80e76b5f6ec96d65b9d3343035ea5d7c5a5b6dca8006d85a9ad471"", ""d212e4231d6b932ee1d5bcd7336d05f49a5bd740e5762fb2e2806c3cb8018b82""]","[""f2c030ea3b04d2b043627d9cc29c7ff4e476300cf82e7d5e7136b8d39ac1a650"", ""528ce6cef516220b49746927b16e66a325ccc5797a749a09e16cf5dfe6b1bd99""]",Separated-ion reference only; does not establish dissolved tBuOK salt speciation or ion pairing
Ru_macho_pnp_Ph,separated_ion_deprotonation,380.0,-62.34420062515528,protonated_cat(+) + tert_butoxide(-) -> active_cat + tert_butanol,True,True,"[""data/campaign/thermochemistry/Ru_macho_pnp_Ph__protonated_reference/result.json"", ""data/reference_thermochemistry/tert_butoxide_anion/stationarity/result.json""]","[""data/campaign/thermochemistry_identity_replacements/Ru_macho_pnp_Ph__active/result.json"", ""data/reference_thermochemistry/tert_butanol/stationarity/result.json""]","[""a1a87a76fe80e76b5f6ec96d65b9d3343035ea5d7c5a5b6dca8006d85a9ad471"", ""d212e4231d6b932ee1d5bcd7336d05f49a5bd740e5762fb2e2806c3cb8018b82""]","[""f2c030ea3b04d2b043627d9cc29c7ff4e476300cf82e7d5e7136b8d39ac1a650"", ""528ce6cef516220b49746927b16e66a325ccc5797a749a09e16cf5dfe6b1bd99""]",Separated-ion reference only; does not establish dissolved tBuOK salt speciation or ion pairing
Ru_macho_pnp_Ph,separated_ion_deprotonation,383.15,-62.347656551726686,protonated_cat(+) + tert_butoxide(-) -> active_cat + tert_butanol,True,True,"[""data/campaign/thermochemistry/Ru_macho_pnp_Ph__protonated_reference/result.json"", ""data/reference_thermochemistry/tert_butoxide_anion/stationarity/result.json""]","[""data/campaign/thermochemistry_identity_replacements/Ru_macho_pnp_Ph__active/result.json"", ""data/reference_thermochemistry/tert_butanol/stationarity/result.json""]","[""a1a87a76fe80e76b5f6ec96d65b9d3343035ea5d7c5a5b6dca8006d85a9ad471"", ""d212e4231d6b932ee1d5bcd7336d05f49a5bd740e5762fb2e2806c3cb8018b82""]","[""f2c030ea3b04d2b043627d9cc29c7ff4e476300cf82e7d5e7136b8d39ac1a650"", ""528ce6cef516220b49746927b16e66a325ccc5797a749a09e16cf5dfe6b1bd99""]",Separated-ion reference only; does not establish dissolved tBuOK salt speciation or ion pairing
Ru_macho_pnp_Ph,separated_ion_deprotonation,390.0,-62.355116889879355,protonated_cat(+) + tert_butoxide(-) -> active_cat + tert_butanol,True,True,"[""data/campaign/thermochemistry/Ru_macho_pnp_Ph__protonated_reference/result.json"", ""data/reference_thermochemistry/tert_butoxide_anion/stationarity/result.json""]","[""data/campaign/thermochemistry_identity_replacements/Ru_macho_pnp_Ph__active/result.json"", ""data/reference_thermochemistry/tert_butanol/stationarity/result.json""]","[""a1a87a76fe80e76b5f6ec96d65b9d3343035ea5d7c5a5b6dca8006d85a9ad471"", ""d212e4231d6b932ee1d5bcd7336d05f49a5bd740e5762fb2e2806c3cb8018b82""]","[""f2c030ea3b04d2b043627d9cc29c7ff4e476300cf82e7d5e7136b8d39ac1a650"", ""528ce6cef516220b49746927b16e66a325ccc5797a749a09e16cf5dfe6b1bd99""]",Separated-ion reference only; does not establish dissolved tBuOK salt speciation or ion pairing
Ru_macho_pnp_Ph,separated_ion_deprotonation,400.0,-62.365871928785054,protonated_cat(+) + tert_butoxide(-) -> active_cat + tert_butanol,True,True,"[""data/campaign/thermochemistry/Ru_macho_pnp_Ph__protonated_reference/result.json"", ""data/reference_thermochemistry/tert_butoxide_anion/stationarity/result.json""]","[""data/campaign/thermochemistry_identity_replacements/Ru_macho_pnp_Ph__active/result.json"", ""data/reference_thermochemistry/tert_butanol/stationarity/result.json""]","[""a1a87a76fe80e76b5f6ec96d65b9d3343035ea5d7c5a5b6dca8006d85a9ad471"", ""d212e4231d6b932ee1d5bcd7336d05f49a5bd740e5762fb2e2806c3cb8018b82""]","[""f2c030ea3b04d2b043627d9cc29c7ff4e476300cf82e7d5e7136b8d39ac1a650"", ""528ce6cef516220b49746927b16e66a325ccc5797a749a09e16cf5dfe6b1bd99""]",Separated-ion reference only; does not establish dissolved tBuOK salt speciation or ion pairing
Ru_macho_pnp_Ph,separated_ion_deprotonation,410.0,-62.37646467399645,protonated_cat(+) + tert_butoxide(-) -> active_cat + tert_butanol,True,True,"[""data/campaign/thermochemistry/Ru_macho_pnp_Ph__protonated_reference/result.json"", ""data/reference_thermochemistry/tert_butoxide_anion/stationarity/result.json""]","[""data/campaign/thermochemistry_identity_replacements/Ru_macho_pnp_Ph__active/result.json"", ""data/reference_thermochemistry/tert_butanol/stationarity/result.json""]","[""a1a87a76fe80e76b5f6ec96d65b9d3343035ea5d7c5a5b6dca8006d85a9ad471"", ""d212e4231d6b932ee1d5bcd7336d05f49a5bd740e5762fb2e2806c3cb8018b82""]","[""f2c030ea3b04d2b043627d9cc29c7ff4e476300cf82e7d5e7136b8d39ac1a650"", ""528ce6cef516220b49746927b16e66a325ccc5797a749a09e16cf5dfe6b1bd99""]",Separated-ion reference only; does not establish dissolved tBuOK salt speciation or ion pairing
Ru_macho_pnp_Ph,separated_ion_deprotonation,420.0,-62.38689463901028,protonated_cat(+) + tert_butoxide(-) -> active_cat + tert_butanol,True,True,"[""data/campaign/thermochemistry/Ru_macho_pnp_Ph__protonated_reference/result.json"", ""data/reference_thermochemistry/tert_butoxide_anion/stationarity/result.json""]","[""data/campaign/thermochemistry_identity_replacements/Ru_macho_pnp_Ph__active/result.json"", ""data/reference_thermochemistry/tert_butanol/stationarity/result.json""]","[""a1a87a76fe80e76b5f6ec96d65b9d3343035ea5d7c5a5b6dca8006d85a9ad471"", ""d212e4231d6b932ee1d5bcd7336d05f49a5bd740e5762fb2e2806c3cb8018b82""]","[""f2c030ea3b04d2b043627d9cc29c7ff4e476300cf82e7d5e7136b8d39ac1a650"", ""528ce6cef516220b49746927b16e66a325ccc5797a749a09e16cf5dfe6b1bd99""]",Separated-ion reference only; does not establish dissolved tBuOK salt speciation or ion pairing
Ru_macho_pnp_Ph,separated_ion_deprotonation,430.0,-62.397161835708175,protonated_cat(+) + tert_butoxide(-) -> active_cat + tert_butanol,True,True,"[""data/campaign/thermochemistry/Ru_macho_pnp_Ph__protonated_reference/result.json"", ""data/reference_thermochemistry/tert_butoxide_anion/stationarity/result.json""]","[""data/campaign/thermochemistry_identity_replacements/Ru_macho_pnp_Ph__active/result.json"", ""data/reference_thermochemistry/tert_butanol/stationarity/result.json""]","[""a1a87a76fe80e76b5f6ec96d65b9d3343035ea5d7c5a5b6dca8006d85a9ad471"", ""d212e4231d6b932ee1d5bcd7336d05f49a5bd740e5762fb2e2806c3cb8018b82""]","[""f2c030ea3b04d2b043627d9cc29c7ff4e476300cf82e7d5e7136b8d39ac1a650"", ""528ce6cef516220b49746927b16e66a325ccc5797a749a09e16cf5dfe6b1bd99""]",Separated-ion reference only; does not establish dissolved tBuOK salt speciation or ion pairing
Ru_macho_pnp_Ph,separated_ion_deprotonation,440.0,-62.40726670059303,protonated_cat(+) + tert_butoxide(-) -> active_cat + tert_butanol,True,True,"[""data/campaign/thermochemistry/Ru_macho_pnp_Ph__protonated_reference/result.json"", ""data/reference_thermochemistry/tert_butoxide_anion/stationarity/result.json""]","[""data/campaign/thermochemistry_identity_replacements/Ru_macho_pnp_Ph__active/result.json"", ""data/reference_thermochemistry/tert_butanol/stationarity/result.json""]","[""a1a87a76fe80e76b5f6ec96d65b9d3343035ea5d7c5a5b6dca8006d85a9ad471"", ""d212e4231d6b932ee1d5bcd7336d05f49a5bd740e5762fb2e2806c3cb8018b82""]","[""f2c030ea3b04d2b043627d9cc29c7ff4e476300cf82e7d5e7136b8d39ac1a650"", ""528ce6cef516220b49746927b16e66a325ccc5797a749a09e16cf5dfe6b1bd99""]",Separated-ion reference only; does not establish dissolved tBuOK salt speciation or ion pairing
Ru_macho_pnp_Ph,imine_hydrogenation,298.15,8.692135643472284,hydrogenated_cat + imine -> active_cat + product_amine,True,True,"[""data/campaign/thermochemistry/Ru_macho_pnp_Ph__hydrogenated/result.json"", ""data/reference_thermochemistry/imine/stationarity/result.json""]","[""data/campaign/thermochemistry_identity_replacements/Ru_macho_pnp_Ph__active/result.json"", ""data/reference_thermochemistry/product_amine/stationarity/result.json""]","[""1f4305273d2ba9284908608c402b090e6670d7b2fc0bf4e0c1c02c719c0e3e7d"", ""320207d7a21680926414b387b1b8cd3adcb066bb7fc19106fe58731629d2bffb""]","[""f2c030ea3b04d2b043627d9cc29c7ff4e476300cf82e7d5e7136b8d39ac1a650"", ""1310231bc0e8cfa7827d24c6e16bb1ae55f4c47ed9c416194f0e2ec8627a6231""]",Reaction thermodynamics of separate 1M molecular species; no kinetic barrier or TOF
Ru_macho_pnp_Ph,imine_hydrogenation,340.0,8.60968975194919,hydrogenated_cat + imine -> active_cat + product_amine,True,True,"[""data/campaign/thermochemistry/Ru_macho_pnp_Ph__hydrogenated/result.json"", ""data/reference_thermochemistry/imine/stationarity/result.json""]","[""data/campaign/thermochemistry_identity_replacements/Ru_macho_pnp_Ph__active/result.json"", ""data/reference_thermochemistry/product_amine/stationarity/result.json""]","[""1f4305273d2ba9284908608c402b090e6670d7b2fc0bf4e0c1c02c719c0e3e7d"", ""320207d7a21680926414b387b1b8cd3adcb066bb7fc19106fe58731629d2bffb""]","[""f2c030ea3b04d2b043627d9cc29c7ff4e476300cf82e7d5e7136b8d39ac1a650"", ""1310231bc0e8cfa7827d24c6e16bb1ae55f4c47ed9c416194f0e2ec8627a6231""]",Reaction thermodynamics of separate 1M molecular species; no kinetic barrier or TOF
Ru_macho_pnp_Ph,imine_hydrogenation,350.0,8.590110987788648,hydrogenated_cat + imine -> active_cat + product_amine,True,True,"[""data/campaign/thermochemistry/Ru_macho_pnp_Ph__hydrogenated/result.json"", ""data/reference_thermochemistry/imine/stationarity/result.json""]","[""data/campaign/thermochemistry_identity_replacements/Ru_macho_pnp_Ph__active/result.json"", ""data/reference_thermochemistry/product_amine/stationarity/result.json""]","[""1f4305273d2ba9284908608c402b090e6670d7b2fc0bf4e0c1c02c719c0e3e7d"", ""320207d7a21680926414b387b1b8cd3adcb066bb7fc19106fe58731629d2bffb""]","[""f2c030ea3b04d2b043627d9cc29c7ff4e476300cf82e7d5e7136b8d39ac1a650"", ""1310231bc0e8cfa7827d24c6e16bb1ae55f4c47ed9c416194f0e2ec8627a6231""]",Reaction thermodynamics of separate 1M molecular species; no kinetic barrier or TOF
Ru_macho_pnp_Ph,imine_hydrogenation,360.0,8.570595948694972,hydrogenated_cat + imine -> active_cat + product_amine,True,True,"[""data/campaign/thermochemistry/Ru_macho_pnp_Ph__hydrogenated/result.json"", ""data/reference_thermochemistry/imine/stationarity/result.json""]","[""data/campaign/thermochemistry_identity_replacements/Ru_macho_pnp_Ph__active/result.json"", ""data/reference_thermochemistry/product_amine/stationarity/result.json""]","[""1f4305273d2ba9284908608c402b090e6670d7b2fc0bf4e0c1c02c719c0e3e7d"", ""320207d7a21680926414b387b1b8cd3adcb066bb7fc19106fe58731629d2bffb""]","[""f2c030ea3b04d2b043627d9cc29c7ff4e476300cf82e7d5e7136b8d39ac1a650"", ""1310231bc0e8cfa7827d24c6e16bb1ae55f4c47ed9c416194f0e2ec8627a6231""]",Reaction thermodynamics of separate 1M molecular species; no kinetic barrier or TOF
Ru_macho_pnp_Ph,imine_hydrogenation,370.0,8.551152126190573,hydrogenated_cat + imine -> active_cat + product_amine,True,True,"[""data/campaign/thermochemistry/Ru_macho_pnp_Ph__hydrogenated/result.json"", ""data/reference_thermochemistry/imine/stationarity/result.json""]","[""data/campaign/thermochemistry_identity_replacements/Ru_macho_pnp_Ph__active/result.json"", ""data/reference_thermochemistry/product_amine/stationarity/result.json""]","[""1f4305273d2ba9284908608c402b090e6670d7b2fc0bf4e0c1c02c719c0e3e7d"", ""320207d7a21680926414b387b1b8cd3adcb066bb7fc19106fe58731629d2bffb""]","[""f2c030ea3b04d2b043627d9cc29c7ff4e476300cf82e7d5e7136b8d39ac1a650"", ""1310231bc0e8cfa7827d24c6e16bb1ae55f4c47ed9c416194f0e2ec8627a6231""]",Reaction thermodynamics of separate 1M molecular species; no kinetic barrier or TOF
Ru_macho_pnp_Ph,imine_hydrogenation,380.0,8.531786597650353,hydrogenated_cat + imine -> active_cat + product_amine,True,True,"[""data/campaign/thermochemistry/Ru_macho_pnp_Ph__hydrogenated/result.json"", ""data/reference_thermochemistry/imine/stationarity/result.json""]","[""data/campaign/thermochemistry_identity_replacements/Ru_macho_pnp_Ph__active/result.json"", ""data/reference_thermochemistry/product_amine/stationarity/result.json""]","[""1f4305273d2ba9284908608c402b090e6670d7b2fc0bf4e0c1c02c719c0e3e7d"", ""320207d7a21680926414b387b1b8cd3adcb066bb7fc19106fe58731629d2bffb""]","[""f2c030ea3b04d2b043627d9cc29c7ff4e476300cf82e7d5e7136b8d39ac1a650"", ""1310231bc0e8cfa7827d24c6e16bb1ae55f4c47ed9c416194f0e2ec8627a6231""]",Reaction thermodynamics of separate 1M molecular species; no kinetic barrier or TOF
Ru_macho_pnp_Ph,imine_hydrogenation,383.15,8.525703746949148,hydrogenated_cat + imine -> active_cat + product_amine,True,True,"[""data/campaign/thermochemistry/Ru_macho_pnp_Ph__hydrogenated/result.json"", ""data/reference_thermochemistry/imine/stationarity/result.json""]","[""data/campaign/thermochemistry_identity_replacements/Ru_macho_pnp_Ph__active/result.json"", ""data/reference_thermochemistry/product_amine/stationarity/result.json""]","[""1f4305273d2ba9284908608c402b090e6670d7b2fc0bf4e0c1c02c719c0e3e7d"", ""320207d7a21680926414b387b1b8cd3adcb066bb7fc19106fe58731629d2bffb""]","[""f2c030ea3b04d2b043627d9cc29c7ff4e476300cf82e7d5e7136b8d39ac1a650"", ""1310231bc0e8cfa7827d24c6e16bb1ae55f4c47ed9c416194f0e2ec8627a6231""]",Reaction thermodynamics of separate 1M molecular species; no kinetic barrier or TOF
Ru_macho_pnp_Ph,imine_hydrogenation,390.0,8.512506017195847,hydrogenated_cat + imine -> active_cat + product_amine,True,True,"[""data/campaign/thermochemistry/Ru_macho_pnp_Ph__hydrogenated/result.json"", ""data/reference_thermochemistry/imine/stationarity/result.json""]","[""data/campaign/thermochemistry_identity_replacements/Ru_macho_pnp_Ph__active/result.json"", ""data/reference_thermochemistry/product_amine/stationarity/result.json""]","[""1f4305273d2ba9284908608c402b090e6670d7b2fc0bf4e0c1c02c719c0e3e7d"", ""320207d7a21680926414b387b1b8cd3adcb066bb7fc19106fe58731629d2bffb""]","[""f2c030ea3b04d2b043627d9cc29c7ff4e476300cf82e7d5e7136b8d39ac1a650"", ""1310231bc0e8cfa7827d24c6e16bb1ae55f4c47ed9c416194f0e2ec8627a6231""]",Reaction thermodynamics of separate 1M molecular species; no kinetic barrier or TOF
Ru_macho_pnp_Ph,imine_hydrogenation,400.0,8.493316613225034,hydrogenated_cat + imine -> active_cat + product_amine,True,True,"[""data/campaign/thermochemistry/Ru_macho_pnp_Ph__hydrogenated/result.json"", ""data/reference_thermochemistry/imine/stationarity/result.json""]","[""data/campaign/thermochemistry_identity_replacements/Ru_macho_pnp_Ph__active/result.json"", ""data/reference_thermochemistry/product_amine/stationarity/result.json""]","[""1f4305273d2ba9284908608c402b090e6670d7b2fc0bf4e0c1c02c719c0e3e7d"", ""320207d7a21680926414b387b1b8cd3adcb066bb7fc19106fe58731629d2bffb""]","[""f2c030ea3b04d2b043627d9cc29c7ff4e476300cf82e7d5e7136b8d39ac1a650"", ""1310231bc0e8cfa7827d24c6e16bb1ae55f4c47ed9c416194f0e2ec8627a6231""]",Reaction thermodynamics of separate 1M molecular species; no kinetic barrier or TOF
Ru_macho_pnp_Ph,imine_hydrogenation,410.0,8.47422419124996,hydrogenated_cat + imine -> active_cat + product_amine,True,True,"[""data/campaign/thermochemistry/Ru_macho_pnp_Ph__hydrogenated/result.json"", ""data/reference_thermochemistry/imine/stationarity/result.json""]","[""data/campaign/thermochemistry_identity_replacements/Ru_macho_pnp_Ph__active/result.json"", ""data/reference_thermochemistry/product_amine/stationarity/result.json""]","[""1f4305273d2ba9284908608c402b090e6670d7b2fc0bf4e0c1c02c719c0e3e7d"", ""320207d7a21680926414b387b1b8cd3adcb066bb7fc19106fe58731629d2bffb""]","[""f2c030ea3b04d2b043627d9cc29c7ff4e476300cf82e7d5e7136b8d39ac1a650"", ""1310231bc0e8cfa7827d24c6e16bb1ae55f4c47ed9c416194f0e2ec8627a6231""]",Reaction thermodynamics of separate 1M molecular species; no kinetic barrier or TOF
Ru_macho_pnp_Ph,imine_hydrogenation,420.0,8.455234140656103,hydrogenated_cat + imine -> active_cat + product_amine,True,True,"[""data/campaign/thermochemistry/Ru_macho_pnp_Ph__hydrogenated/result.json"", ""data/reference_thermochemistry/imine/stationarity/result.json""]","[""data/campaign/thermochemistry_identity_replacements/Ru_macho_pnp_Ph__active/result.json"", ""data/reference_thermochemistry/product_amine/stationarity/result.json""]","[""1f4305273d2ba9284908608c402b090e6670d7b2fc0bf4e0c1c02c719c0e3e7d"", ""320207d7a21680926414b387b1b8cd3adcb066bb7fc19106fe58731629d2bffb""]","[""f2c030ea3b04d2b043627d9cc29c7ff4e476300cf82e7d5e7136b8d39ac1a650"", ""1310231bc0e8cfa7827d24c6e16bb1ae55f4c47ed9c416194f0e2ec8627a6231""]",Reaction thermodynamics of separate 1M molecular species; no kinetic barrier or TOF
Ru_macho_pnp_Ph,imine_hydrogenation,430.0,8.436351444473985,hydrogenated_cat + imine -> active_cat + product_amine,True,True,"[""data/campaign/thermochemistry/Ru_macho_pnp_Ph__hydrogenated/result.json"", ""data/reference_thermochemistry/imine/stationarity/result.json""]","[""data/campaign/thermochemistry_identity_replacements/Ru_macho_pnp_Ph__active/result.json"", ""data/reference_thermochemistry/product_amine/stationarity/result.json""]","[""1f4305273d2ba9284908608c402b090e6670d7b2fc0bf4e0c1c02c719c0e3e7d"", ""320207d7a21680926414b387b1b8cd3adcb066bb7fc19106fe58731629d2bffb""]","[""f2c030ea3b04d2b043627d9cc29c7ff4e476300cf82e7d5e7136b8d39ac1a650"", ""1310231bc0e8cfa7827d24c6e16bb1ae55f4c47ed9c416194f0e2ec8627a6231""]",Reaction thermodynamics of separate 1M molecular species; no kinetic barrier or TOF
Ru_macho_pnp_Ph,imine_hydrogenation,440.0,8.417580691311741,hydrogenated_cat + imine -> active_cat + product_amine,True,True,"[""data/campaign/thermochemistry/Ru_macho_pnp_Ph__hydrogenated/result.json"", ""data/reference_thermochemistry/imine/stationarity/result.json""]","[""data/campaign/thermochemistry_identity_replacements/Ru_macho_pnp_Ph__active/result.json"", ""data/reference_thermochemistry/product_amine/stationarity/result.json""]","[""1f4305273d2ba9284908608c402b090e6670d7b2fc0bf4e0c1c02c719c0e3e7d"", ""320207d7a21680926414b387b1b8cd3adcb066bb7fc19106fe58731629d2bffb""]","[""f2c030ea3b04d2b043627d9cc29c7ff4e476300cf82e7d5e7136b8d39ac1a650"", ""1310231bc0e8cfa7827d24c6e16bb1ae55f4c47ed9c416194f0e2ec8627a6231""]",Reaction thermodynamics of separate 1M molecular species; no kinetic barrier or TOF
Ru_macho_pnp_iPr,alcohol_dehydrogenation,298.15,-11.435019900471161,active_cat + benzyl_alcohol -> hydrogenated_cat + benzaldehyde,True,True,"[""data/campaign/thermochemistry_identity_replacements/Ru_macho_pnp_iPr__active/result.json"", ""data/reference_thermochemistry/benzyl_alcohol/stationarity/result.json""]","[""data/campaign/thermochemistry/Ru_macho_pnp_iPr__hydrogenated/result.json"", ""data/reference_thermochemistry/benzaldehyde/stationarity/result.json""]","[""e0971ea8d5eda3d6d26542411fbad974084e5b45eef04ae53e8f83cf3c80a835"", ""f4897da33f477e49dfa225e23571ab1376182c83d5412b994134a99a99cc75c0""]","[""0e6be1b8bcf955f5350a5f300fc23e2501cf76f25fd43385d55dbc5434add995"", ""e7292b48e5f27218094b119118595a7fc0b25d93db34b114bb0582e7ad8b60b9""]",Reaction thermodynamics of separate 1M molecular species; no kinetic barrier or TOF
Ru_macho_pnp_iPr,alcohol_dehydrogenation,340.0,-11.414630583658436,active_cat + benzyl_alcohol -> hydrogenated_cat + benzaldehyde,True,True,"[""data/campaign/thermochemistry_identity_replacements/Ru_macho_pnp_iPr__active/result.json"", ""data/reference_thermochemistry/benzyl_alcohol/stationarity/result.json""]","[""data/campaign/thermochemistry/Ru_macho_pnp_iPr__hydrogenated/result.json"", ""data/reference_thermochemistry/benzaldehyde/stationarity/result.json""]","[""e0971ea8d5eda3d6d26542411fbad974084e5b45eef04ae53e8f83cf3c80a835"", ""f4897da33f477e49dfa225e23571ab1376182c83d5412b994134a99a99cc75c0""]","[""0e6be1b8bcf955f5350a5f300fc23e2501cf76f25fd43385d55dbc5434add995"", ""e7292b48e5f27218094b119118595a7fc0b25d93db34b114bb0582e7ad8b60b9""]",Reaction thermodynamics of separate 1M molecular species; no kinetic barrier or TOF
Ru_macho_pnp_iPr,alcohol_dehydrogenation,350.0,-11.410320351529663,active_cat + benzyl_alcohol -> hydrogenated_cat + benzaldehyde,True,True,"[""data/campaign/thermochemistry_identity_replacements/Ru_macho_pnp_iPr__active/result.json"", ""data/reference_thermochemistry/benzyl_alcohol/stationarity/result.json""]","[""data/campaign/thermochemistry/Ru_macho_pnp_iPr__hydrogenated/result.json"", ""data/reference_thermochemistry/benzaldehyde/stationarity/result.json""]","[""e0971ea8d5eda3d6d26542411fbad974084e5b45eef04ae53e8f83cf3c80a835"", ""f4897da33f477e49dfa225e23571ab1376182c83d5412b994134a99a99cc75c0""]","[""0e6be1b8bcf955f5350a5f300fc23e2501cf76f25fd43385d55dbc5434add995"", ""e7292b48e5f27218094b119118595a7fc0b25d93db34b114bb0582e7ad8b60b9""]",Reaction thermodynamics of separate 1M molecular species; no kinetic barrier or TOF
Ru_macho_pnp_iPr,alcohol_dehydrogenation,360.0,-11.406225953980538,active_cat + benzyl_alcohol -> hydrogenated_cat + benzaldehyde,True,True,"[""data/campaign/thermochemistry_identity_replacements/Ru_macho_pnp_iPr__active/result.json"", ""data/reference_thermochemistry/benzyl_alcohol/stationarity/result.json""]","[""data/campaign/thermochemistry/Ru_macho_pnp_iPr__hydrogenated/result.json"", ""data/reference_thermochemistry/benzaldehyde/stationarity/result.json""]","[""e0971ea8d5eda3d6d26542411fbad974084e5b45eef04ae53e8f83cf3c80a835"", ""f4897da33f477e49dfa225e23571ab1376182c83d5412b994134a99a99cc75c0""]","[""0e6be1b8bcf955f5350a5f300fc23e2501cf76f25fd43385d55dbc5434add995"", ""e7292b48e5f27218094b119118595a7fc0b25d93db34b114bb0582e7ad8b60b9""]",Reaction thermodynamics of separate 1M molecular species; no kinetic barrier or TOF
Ru_macho_pnp_iPr,alcohol_dehydrogenation,370.0,-11.40234704762588,active_cat + benzyl_alcohol -> hydrogenated_cat + benzaldehyde,True,True,"[""data/campaign/thermochemistry_identity_replacements/Ru_macho_pnp_iPr__active/result.json"", ""data/reference_thermochemistry/benzyl_alcohol/stationarity/result.json""]","[""data/campaign/thermochemistry/Ru_macho_pnp_iPr__hydrogenated/result.json"", ""data/reference_thermochemistry/benzaldehyde/stationarity/result.json""]","[""e0971ea8d5eda3d6d26542411fbad974084e5b45eef04ae53e8f83cf3c80a835"", ""f4897da33f477e49dfa225e23571ab1376182c83d5412b994134a99a99cc75c0""]","[""0e6be1b8bcf955f5350a5f300fc23e2501cf76f25fd43385d55dbc5434add995"", ""e7292b48e5f27218094b119118595a7fc0b25d93db34b114bb0582e7ad8b60b9""]",Reaction thermodynamics of separate 1M molecular species; no kinetic barrier or TOF
Ru_macho_pnp_iPr,alcohol_dehydrogenation,380.0,-11.398683296245508,active_cat + benzyl_alcohol -> hydrogenated_cat + benzaldehyde,True,True,"[""data/campaign/thermochemistry_identity_replacements/Ru_macho_pnp_iPr__active/result.json"", ""data/reference_thermochemistry/benzyl_alcohol/stationarity/result.json""]","[""data/campaign/thermochemistry/Ru_macho_pnp_iPr__hydrogenated/result.json"", ""data/reference_thermochemistry/benzaldehyde/stationarity/result.json""]","[""e0971ea8d5eda3d6d26542411fbad974084e5b45eef04ae53e8f83cf3c80a835"", ""f4897da33f477e49dfa225e23571ab1376182c83d5412b994134a99a99cc75c0""]","[""0e6be1b8bcf955f5350a5f300fc23e2501cf76f25fd43385d55dbc5434add995"", ""e7292b48e5f27218094b119118595a7fc0b25d93db34b114bb0582e7ad8b60b9""]",Reaction thermodynamics of separate 1M molecular species; no kinetic barrier or TOF
Ru_macho_pnp_iPr,alcohol_dehydrogenation,383.15,-11.39757372160966,active_cat + benzyl_alcohol -> hydrogenated_cat + benzaldehyde,True,True,"[""data/campaign/thermochemistry_identity_replacements/Ru_macho_pnp_iPr__active/result.json"", ""data/reference_thermochemistry/benzyl_alcohol/stationarity/result.json""]","[""data/campaign/thermochemistry/Ru_macho_pnp_iPr__hydrogenated/result.json"", ""data/reference_thermochemistry/benzaldehyde/stationarity/result.json""]","[""e0971ea8d5eda3d6d26542411fbad974084e5b45eef04ae53e8f83cf3c80a835"", ""f4897da33f477e49dfa225e23571ab1376182c83d5412b994134a99a99cc75c0""]","[""0e6be1b8bcf955f5350a5f300fc23e2501cf76f25fd43385d55dbc5434add995"", ""e7292b48e5f27218094b119118595a7fc0b25d93db34b114bb0582e7ad8b60b9""]",Reaction thermodynamics of separate 1M molecular species; no kinetic barrier or TOF
Ru_macho_pnp_iPr,alcohol_dehydrogenation,390.0,-11.395234358440575,active_cat + benzyl_alcohol -> hydrogenated_cat + benzaldehyde,True,True,"[""data/campaign/thermochemistry_identity_replacements/Ru_macho_pnp_iPr__active/result.json"", ""data/reference_thermochemistry/benzyl_alcohol/stationarity/result.json""]","[""data/campaign/thermochemistry/Ru_macho_pnp_iPr__hydrogenated/result.json"", ""data/reference_thermochemistry/benzaldehyde/stationarity/result.json""]","[""e0971ea8d5eda3d6d26542411fbad974084e5b45eef04ae53e8f83cf3c80a835"", ""f4897da33f477e49dfa225e23571ab1376182c83d5412b994134a99a99cc75c0""]","[""0e6be1b8bcf955f5350a5f300fc23e2501cf76f25fd43385d55dbc5434add995"", ""e7292b48e5f27218094b119118595a7fc0b25d93db34b114bb0582e7ad8b60b9""]",Reaction thermodynamics of separate 1M molecular species; no kinetic barrier or TOF
Ru_macho_pnp_iPr,alcohol_dehydrogenation,400.0,-11.391999877951093,active_cat + benzyl_alcohol -> hydrogenated_cat + benzaldehyde,True,True,"[""data/campaign/thermochemistry_identity_replacements/Ru_macho_pnp_iPr__active/result.json"", ""data/reference_thermochemistry/benzyl_alcohol/stationarity/result.json""]","[""data/campaign/thermochemistry/Ru_macho_pnp_iPr__hydrogenated/result.json"", ""data/reference_thermochemistry/benzaldehyde/stationarity/result.json""]","[""e0971ea8d5eda3d6d26542411fbad974084e5b45eef04ae53e8f83cf3c80a835"", ""f4897da33f477e49dfa225e23571ab1376182c83d5412b994134a99a99cc75c0""]","[""0e6be1b8bcf955f5350a5f300fc23e2501cf76f25fd43385d55dbc5434add995"", ""e7292b48e5f27218094b119118595a7fc0b25d93db34b114bb0582e7ad8b60b9""]",Reaction thermodynamics of separate 1M molecular species; no kinetic barrier or TOF
Ru_macho_pnp_iPr,alcohol_dehydrogenation,410.0,-11.388979476207169,active_cat + benzyl_alcohol -> hydrogenated_cat + benzaldehyde,True,True,"[""data/campaign/thermochemistry_identity_replacements/Ru_macho_pnp_iPr__active/result.json"", ""data/reference_thermochemistry/benzyl_alcohol/stationarity/result.json""]","[""data/campaign/thermochemistry/Ru_macho_pnp_iPr__hydrogenated/result.json"", ""data/reference_thermochemistry/benzaldehyde/stationarity/result.json""]","[""e0971ea8d5eda3d6d26542411fbad974084e5b45eef04ae53e8f83cf3c80a835"", ""f4897da33f477e49dfa225e23571ab1376182c83d5412b994134a99a99cc75c0""]","[""0e6be1b8bcf955f5350a5f300fc23e2501cf76f25fd43385d55dbc5434add995"", ""e7292b48e5f27218094b119118595a7fc0b25d93db34b114bb0582e7ad8b60b9""]",Reaction thermodynamics of separate 1M molecular species; no kinetic barrier or TOF
Ru_macho_pnp_iPr,alcohol_dehydrogenation,420.0,-11.386172746175362,active_cat + benzyl_alcohol -> hydrogenated_cat + benzaldehyde,True,True,"[""data/campaign/thermochemistry_identity_replacements/Ru_macho_pnp_iPr__active/result.json"", ""data/reference_thermochemistry/benzyl_alcohol/stationarity/result.json""]","[""data/campaign/thermochemistry/Ru_macho_pnp_iPr__hydrogenated/result.json"", ""data/reference_thermochemistry/benzaldehyde/stationarity/result.json""]","[""e0971ea8d5eda3d6d26542411fbad974084e5b45eef04ae53e8f83cf3c80a835"", ""f4897da33f477e49dfa225e23571ab1376182c83d5412b994134a99a99cc75c0""]","[""0e6be1b8bcf955f5350a5f300fc23e2501cf76f25fd43385d55dbc5434add995"", ""e7292b48e5f27218094b119118595a7fc0b25d93db34b114bb0582e7ad8b60b9""]",Reaction thermodynamics of separate 1M molecular species; no kinetic barrier or TOF
Ru_macho_pnp_iPr,alcohol_dehydrogenation,430.0,-11.383579247307352,active_cat + benzyl_alcohol -> hydrogenated_cat + benzaldehyde,True,True,"[""data/campaign/thermochemistry_identity_replacements/Ru_macho_pnp_iPr__active/result.json"", ""data/reference_thermochemistry/benzyl_alcohol/stationarity/result.json""]","[""data/campaign/thermochemistry/Ru_macho_pnp_iPr__hydrogenated/result.json"", ""data/reference_thermochemistry/benzaldehyde/stationarity/result.json""]","[""e0971ea8d5eda3d6d26542411fbad974084e5b45eef04ae53e8f83cf3c80a835"", ""f4897da33f477e49dfa225e23571ab1376182c83d5412b994134a99a99cc75c0""]","[""0e6be1b8bcf955f5350a5f300fc23e2501cf76f25fd43385d55dbc5434add995"", ""e7292b48e5f27218094b119118595a7fc0b25d93db34b114bb0582e7ad8b60b9""]",Reaction thermodynamics of separate 1M molecular species; no kinetic barrier or TOF
Ru_macho_pnp_iPr,alcohol_dehydrogenation,440.0,-11.381198501363542,active_cat + benzyl_alcohol -> hydrogenated_cat + benzaldehyde,True,True,"[""data/campaign/thermochemistry_identity_replacements/Ru_macho_pnp_iPr__active/result.json"", ""data/reference_thermochemistry/benzyl_alcohol/stationarity/result.json""]","[""data/campaign/thermochemistry/Ru_macho_pnp_iPr__hydrogenated/result.json"", ""data/reference_thermochemistry/benzaldehyde/stationarity/result.json""]","[""e0971ea8d5eda3d6d26542411fbad974084e5b45eef04ae53e8f83cf3c80a835"", ""f4897da33f477e49dfa225e23571ab1376182c83d5412b994134a99a99cc75c0""]","[""0e6be1b8bcf955f5350a5f300fc23e2501cf76f25fd43385d55dbc5434add995"", ""e7292b48e5f27218094b119118595a7fc0b25d93db34b114bb0582e7ad8b60b9""]",Reaction thermodynamics of separate 1M molecular species; no kinetic barrier or TOF
Ru_macho_pnp_iPr,separated_ion_deprotonation,298.15,-70.79927093751394,protonated_cat(+) + tert_butoxide(-) -> active_cat + tert_butanol,True,True,"[""data/campaign/thermochemistry/Ru_macho_pnp_iPr__protonated_reference/result.json"", ""data/reference_thermochemistry/tert_butoxide_anion/stationarity/result.json""]","[""data/campaign/thermochemistry_identity_replacements/Ru_macho_pnp_iPr__active/result.json"", ""data/reference_thermochemistry/tert_butanol/stationarity/result.json""]","[""fbfb8fdce70d6b134be106fb78fe93f5de1f5edfce805368691a0873fc5247dc"", ""d212e4231d6b932ee1d5bcd7336d05f49a5bd740e5762fb2e2806c3cb8018b82""]","[""e0971ea8d5eda3d6d26542411fbad974084e5b45eef04ae53e8f83cf3c80a835"", ""528ce6cef516220b49746927b16e66a325ccc5797a749a09e16cf5dfe6b1bd99""]",Separated-ion reference only; does not establish dissolved tBuOK salt speciation or ion pairing
Ru_macho_pnp_iPr,separated_ion_deprotonation,340.0,-70.84111809399292,protonated_cat(+) + tert_butoxide(-) -> active_cat + tert_butanol,True,True,"[""data/campaign/thermochemistry/Ru_macho_pnp_iPr__protonated_reference/result.json"", ""data/reference_thermochemistry/tert_butoxide_anion/stationarity/result.json""]","[""data/campaign/thermochemistry_identity_replacements/Ru_macho_pnp_iPr__active/result.json"", ""data/reference_thermochemistry/tert_butanol/stationarity/result.json""]","[""fbfb8fdce70d6b134be106fb78fe93f5de1f5edfce805368691a0873fc5247dc"", ""d212e4231d6b932ee1d5bcd7336d05f49a5bd740e5762fb2e2806c3cb8018b82""]","[""e0971ea8d5eda3d6d26542411fbad974084e5b45eef04ae53e8f83cf3c80a835"", ""528ce6cef516220b49746927b16e66a325ccc5797a749a09e16cf5dfe6b1bd99""]",Separated-ion reference only; does not establish dissolved tBuOK salt speciation or ion pairing
Ru_macho_pnp_iPr,separated_ion_deprotonation,350.0,-70.85115522347405,protonated_cat(+) + tert_butoxide(-) -> active_cat + tert_butanol,True,True,"[""data/campaign/thermochemistry/Ru_macho_pnp_iPr__protonated_reference/result.json"", ""data/reference_thermochemistry/tert_butoxide_anion/stationarity/result.json""]","[""data/campaign/thermochemistry_identity_replacements/Ru_macho_pnp_iPr__active/result.json"", ""data/reference_thermochemistry/tert_butanol/stationarity/result.json""]","[""fbfb8fdce70d6b134be106fb78fe93f5de1f5edfce805368691a0873fc5247dc"", ""d212e4231d6b932ee1d5bcd7336d05f49a5bd740e5762fb2e2806c3cb8018b82""]","[""e0971ea8d5eda3d6d26542411fbad974084e5b45eef04ae53e8f83cf3c80a835"", ""528ce6cef516220b49746927b16e66a325ccc5797a749a09e16cf5dfe6b1bd99""]",Separated-ion reference only; does not establish dissolved tBuOK salt speciation or ion pairing
Ru_macho_pnp_iPr,separated_ion_deprotonation,360.0,-70.86116727683839,protonated_cat(+) + tert_butoxide(-) -> active_cat + tert_butanol,True,True,"[""data/campaign/thermochemistry/Ru_macho_pnp_iPr__protonated_reference/result.json"", ""data/reference_thermochemistry/tert_butoxide_anion/stationarity/result.json""]","[""data/campaign/thermochemistry_identity_replacements/Ru_macho_pnp_iPr__active/result.json"", ""data/reference_thermochemistry/tert_butanol/stationarity/result.json""]","[""fbfb8fdce70d6b134be106fb78fe93f5de1f5edfce805368691a0873fc5247dc"", ""d212e4231d6b932ee1d5bcd7336d05f49a5bd740e5762fb2e2806c3cb8018b82""]","[""e0971ea8d5eda3d6d26542411fbad974084e5b45eef04ae53e8f83cf3c80a835"", ""528ce6cef516220b49746927b16e66a325ccc5797a749a09e16cf5dfe6b1bd99""]",Separated-ion reference only; does not establish dissolved tBuOK salt speciation or ion pairing
Ru_macho_pnp_iPr,separated_ion_deprotonation,370.0,-70.8711388933898,protonated_cat(+) + tert_butoxide(-) -> active_cat + tert_butanol,True,True,"[""data/campaign/thermochemistry/Ru_macho_pnp_iPr__protonated_reference/result.json"", ""data/reference_thermochemistry/tert_butoxide_anion/stationarity/result.json""]","[""data/campaign/thermochemistry_identity_replacements/Ru_macho_pnp_iPr__active/result.json"", ""data/reference_thermochemistry/tert_butanol/stationarity/result.json""]","[""fbfb8fdce70d6b134be106fb78fe93f5de1f5edfce805368691a0873fc5247dc"", ""d212e4231d6b932ee1d5bcd7336d05f49a5bd740e5762fb2e2806c3cb8018b82""]","[""e0971ea8d5eda3d6d26542411fbad974084e5b45eef04ae53e8f83cf3c80a835"", ""528ce6cef516220b49746927b16e66a325ccc5797a749a09e16cf5dfe6b1bd99""]",Separated-ion reference only; does not establish dissolved tBuOK salt speciation or ion pairing
Ru_macho_pnp_iPr,separated_ion_deprotonation,380.0,-70.88105660083784,protonated_cat(+) + tert_butoxide(-) -> active_cat + tert_butanol,True,True,"[""data/campaign/thermochemistry/Ru_macho_pnp_iPr__protonated_reference/result.json"", ""data/reference_thermochemistry/tert_butoxide_anion/stationarity/result.json""]","[""data/campaign/thermochemistry_identity_replacements/Ru_macho_pnp_iPr__active/result.json"", ""data/reference_thermochemistry/tert_butanol/stationarity/result.json""]","[""fbfb8fdce70d6b134be106fb78fe93f5de1f5edfce805368691a0873fc5247dc"", ""d212e4231d6b932ee1d5bcd7336d05f49a5bd740e5762fb2e2806c3cb8018b82""]","[""e0971ea8d5eda3d6d26542411fbad974084e5b45eef04ae53e8f83cf3c80a835"", ""528ce6cef516220b49746927b16e66a325ccc5797a749a09e16cf5dfe6b1bd99""]",Separated-ion reference only; does not establish dissolved tBuOK salt speciation or ion pairing
Ru_macho_pnp_iPr,separated_ion_deprotonation,383.15,-70.88416759179381,protonated_cat(+) + tert_butoxide(-) -> active_cat + tert_butanol,True,True,"[""data/campaign/thermochemistry/Ru_macho_pnp_iPr__protonated_reference/result.json"", ""data/reference_thermochemistry/tert_butoxide_anion/stationarity/result.json""]","[""data/campaign/thermochemistry_identity_replacements/Ru_macho_pnp_iPr__active/result.json"", ""data/reference_thermochemistry/tert_butanol/stationarity/result.json""]","[""fbfb8fdce70d6b134be106fb78fe93f5de1f5edfce805368691a0873fc5247dc"", ""d212e4231d6b932ee1d5bcd7336d05f49a5bd740e5762fb2e2806c3cb8018b82""]","[""e0971ea8d5eda3d6d26542411fbad974084e5b45eef04ae53e8f83cf3c80a835"", ""528ce6cef516220b49746927b16e66a325ccc5797a749a09e16cf5dfe6b1bd99""]",Separated-ion reference only; does not establish dissolved tBuOK salt speciation or ion pairing
Ru_macho_pnp_iPr,separated_ion_deprotonation,390.0,-70.89090865325306,protonated_cat(+) + tert_butoxide(-) -> active_cat + tert_butanol,True,True,"[""data/campaign/thermochemistry/Ru_macho_pnp_iPr__protonated_reference/result.json"", ""data/reference_thermochemistry/tert_butoxide_anion/stationarity/result.json""]","[""data/campaign/thermochemistry_identity_replacements/Ru_macho_pnp_iPr__active/result.json"", ""data/reference_thermochemistry/tert_butanol/stationarity/result.json""]","[""fbfb8fdce70d6b134be106fb78fe93f5de1f5edfce805368691a0873fc5247dc"", ""d212e4231d6b932ee1d5bcd7336d05f49a5bd740e5762fb2e2806c3cb8018b82""]","[""e0971ea8d5eda3d6d26542411fbad974084e5b45eef04ae53e8f83cf3c80a835"", ""528ce6cef516220b49746927b16e66a325ccc5797a749a09e16cf5dfe6b1bd99""]",Separated-ion reference only; does not establish dissolved tBuOK salt speciation or ion pairing
Ru_macho_pnp_iPr,separated_ion_deprotonation,400.0,-70.90068487485405,protonated_cat(+) + tert_butoxide(-) -> active_cat + tert_butanol,True,True,"[""data/campaign/thermochemistry/Ru_macho_pnp_iPr__protonated_reference/result.json"", ""data/reference_thermochemistry/tert_butoxide_anion/stationarity/result.json""]","[""data/campaign/thermochemistry_identity_replacements/Ru_macho_pnp_iPr__active/result.json"", ""data/reference_thermochemistry/tert_butanol/stationarity/result.json""]","[""fbfb8fdce70d6b134be106fb78fe93f5de1f5edfce805368691a0873fc5247dc"", ""d212e4231d6b932ee1d5bcd7336d05f49a5bd740e5762fb2e2806c3cb8018b82""]","[""e0971ea8d5eda3d6d26542411fbad974084e5b45eef04ae53e8f83cf3c80a835"", ""528ce6cef516220b49746927b16e66a325ccc5797a749a09e16cf5dfe6b1bd99""]",Separated-ion reference only; does not establish dissolved tBuOK salt speciation or ion pairing
Ru_macho_pnp_iPr,separated_ion_deprotonation,410.0,-70.91037651113766,protonated_cat(+) + tert_butoxide(-) -> active_cat + tert_butanol,True,True,"[""data/campaign/thermochemistry/Ru_macho_pnp_iPr__protonated_reference/result.json"", ""data/reference_thermochemistry/tert_butoxide_anion/stationarity/result.json""]","[""data/campaign/thermochemistry_identity_replacements/Ru_macho_pnp_iPr__active/result.json"", ""data/reference_thermochemistry/tert_butanol/stationarity/result.json""]","[""fbfb8fdce70d6b134be106fb78fe93f5de1f5edfce805368691a0873fc5247dc"", ""d212e4231d6b932ee1d5bcd7336d05f49a5bd740e5762fb2e2806c3cb8018b82""]","[""e0971ea8d5eda3d6d26542411fbad974084e5b45eef04ae53e8f83cf3c80a835"", ""528ce6cef516220b49746927b16e66a325ccc5797a749a09e16cf5dfe6b1bd99""]",Separated-ion reference only; does not establish dissolved tBuOK salt speciation or ion pairing
Ru_macho_pnp_iPr,separated_ion_deprotonation,420.0,-70.91997608855672,protonated_cat(+) + tert_butoxide(-) -> active_cat + tert_butanol,True,True,"[""data/campaign/thermochemistry/Ru_macho_pnp_iPr__protonated_reference/result.json"", ""data/reference_thermochemistry/tert_butoxide_anion/stationarity/result.json""]","[""data/campaign/thermochemistry_identity_replacements/Ru_macho_pnp_iPr__active/result.json"", ""data/reference_thermochemistry/tert_butanol/stationarity/result.json""]","[""fbfb8fdce70d6b134be106fb78fe93f5de1f5edfce805368691a0873fc5247dc"", ""d212e4231d6b932ee1d5bcd7336d05f49a5bd740e5762fb2e2806c3cb8018b82""]","[""e0971ea8d5eda3d6d26542411fbad974084e5b45eef04ae53e8f83cf3c80a835"", ""528ce6cef516220b49746927b16e66a325ccc5797a749a09e16cf5dfe6b1bd99""]",Separated-ion reference only; does not establish dissolved tBuOK salt speciation or ion pairing
Ru_macho_pnp_iPr,separated_ion_deprotonation,430.0,-70.92947728338004,protonated_cat(+) + tert_butoxide(-) -> active_cat + tert_butanol,True,True,"[""data/campaign/thermochemistry/Ru_macho_pnp_iPr__protonated_reference/result.json"", ""data/reference_thermochemistry/tert_butoxide_anion/stationarity/result.json""]","[""data/campaign/thermochemistry_identity_replacements/Ru_macho_pnp_iPr__active/result.json"", ""data/reference_thermochemistry/tert_butanol/stationarity/result.json""]","[""fbfb8fdce70d6b134be106fb78fe93f5de1f5edfce805368691a0873fc5247dc"", ""d212e4231d6b932ee1d5bcd7336d05f49a5bd740e5762fb2e2806c3cb8018b82""]","[""e0971ea8d5eda3d6d26542411fbad974084e5b45eef04ae53e8f83cf3c80a835"", ""528ce6cef516220b49746927b16e66a325ccc5797a749a09e16cf5dfe6b1bd99""]",Separated-ion reference only; does not establish dissolved tBuOK salt speciation or ion pairing
Ru_macho_pnp_iPr,separated_ion_deprotonation,440.0,-70.93887480011108,protonated_cat(+) + tert_butoxide(-) -> active_cat + tert_butanol,True,True,"[""data/campaign/thermochemistry/Ru_macho_pnp_iPr__protonated_reference/result.json"", ""data/reference_thermochemistry/tert_butoxide_anion/stationarity/result.json""]","[""data/campaign/thermochemistry_identity_replacements/Ru_macho_pnp_iPr__active/result.json"", ""data/reference_thermochemistry/tert_butanol/stationarity/result.json""]","[""fbfb8fdce70d6b134be106fb78fe93f5de1f5edfce805368691a0873fc5247dc"", ""d212e4231d6b932ee1d5bcd7336d05f49a5bd740e5762fb2e2806c3cb8018b82""]","[""e0971ea8d5eda3d6d26542411fbad974084e5b45eef04ae53e8f83cf3c80a835"", ""528ce6cef516220b49746927b16e66a325ccc5797a749a09e16cf5dfe6b1bd99""]",Separated-ion reference only; does not establish dissolved tBuOK salt speciation or ion pairing
Ru_macho_pnp_iPr,imine_hydrogenation,298.15,9.05974561714902,hydrogenated_cat + imine -> active_cat + product_amine,True,True,"[""data/campaign/thermochemistry/Ru_macho_pnp_iPr__hydrogenated/result.json"", ""data/reference_thermochemistry/imine/stationarity/result.json""]","[""data/campaign/thermochemistry_identity_replacements/Ru_macho_pnp_iPr__active/result.json"", ""data/reference_thermochemistry/product_amine/stationarity/result.json""]","[""0e6be1b8bcf955f5350a5f300fc23e2501cf76f25fd43385d55dbc5434add995"", ""320207d7a21680926414b387b1b8cd3adcb066bb7fc19106fe58731629d2bffb""]","[""e0971ea8d5eda3d6d26542411fbad974084e5b45eef04ae53e8f83cf3c80a835"", ""1310231bc0e8cfa7827d24c6e16bb1ae55f4c47ed9c416194f0e2ec8627a6231""]",Reaction thermodynamics of separate 1M molecular species; no kinetic barrier or TOF
Ru_macho_pnp_iPr,imine_hydrogenation,340.0,9.102087267314346,hydrogenated_cat + imine -> active_cat + product_amine,True,True,"[""data/campaign/thermochemistry/Ru_macho_pnp_iPr__hydrogenated/result.json"", ""data/reference_thermochemistry/imine/stationarity/result.json""]","[""data/campaign/thermochemistry_identity_replacements/Ru_macho_pnp_iPr__active/result.json"", ""data/reference_thermochemistry/product_amine/stationarity/result.json""]","[""0e6be1b8bcf955f5350a5f300fc23e2501cf76f25fd43385d55dbc5434add995"", ""320207d7a21680926414b387b1b8cd3adcb066bb7fc19106fe58731629d2bffb""]","[""e0971ea8d5eda3d6d26542411fbad974084e5b45eef04ae53e8f83cf3c80a835"", ""1310231bc0e8cfa7827d24c6e16bb1ae55f4c47ed9c416194f0e2ec8627a6231""]",Reaction thermodynamics of separate 1M molecular species; no kinetic barrier or TOF
Ru_macho_pnp_iPr,imine_hydrogenation,350.0,9.112524558411678,hydrogenated_cat + imine -> active_cat + product_amine,True,True,"[""data/campaign/thermochemistry/Ru_macho_pnp_iPr__hydrogenated/result.json"", ""data/reference_thermochemistry/imine/stationarity/result.json""]","[""data/campaign/thermochemistry_identity_replacements/Ru_macho_pnp_iPr__active/result.json"", ""data/reference_thermochemistry/product_amine/stationarity/result.json""]","[""0e6be1b8bcf955f5350a5f300fc23e2501cf76f25fd43385d55dbc5434add995"", ""320207d7a21680926414b387b1b8cd3adcb066bb7fc19106fe58731629d2bffb""]","[""e0971ea8d5eda3d6d26542411fbad974084e5b45eef04ae53e8f83cf3c80a835"", ""1310231bc0e8cfa7827d24c6e16bb1ae55f4c47ed9c416194f0e2ec8627a6231""]",Reaction thermodynamics of separate 1M molecular species; no kinetic barrier or TOF
Ru_macho_pnp_iPr,imine_hydrogenation,360.0,9.123091667104745,hydrogenated_cat + imine -> active_cat + product_amine,True,True,"[""data/campaign/thermochemistry/Ru_macho_pnp_iPr__hydrogenated/result.json"", ""data/reference_thermochemistry/imine/stationarity/result.json""]","[""data/campaign/thermochemistry_identity_replacements/Ru_macho_pnp_iPr__active/result.json"", ""data/reference_thermochemistry/product_amine/stationarity/result.json""]","[""0e6be1b8bcf955f5350a5f300fc23e2501cf76f25fd43385d55dbc5434add995"", ""320207d7a21680926414b387b1b8cd3adcb066bb7fc19106fe58731629d2bffb""]","[""e0971ea8d5eda3d6d26542411fbad974084e5b45eef04ae53e8f83cf3c80a835"", ""1310231bc0e8cfa7827d24c6e16bb1ae55f4c47ed9c416194f0e2ec8627a6231""]",Reaction thermodynamics of separate 1M molecular species; no kinetic barrier or TOF
Ru_macho_pnp_iPr,imine_hydrogenation,370.0,9.133791663280135,hydrogenated_cat + imine -> active_cat + product_amine,True,True,"[""data/campaign/thermochemistry/Ru_macho_pnp_iPr__hydrogenated/result.json"", ""data/reference_thermochemistry/imine/stationarity/result.json""]","[""data/campaign/thermochemistry_identity_replacements/Ru_macho_pnp_iPr__active/result.json"", ""data/reference_thermochemistry/product_amine/stationarity/result.json""]","[""0e6be1b8bcf955f5350a5f300fc23e2501cf76f25fd43385d55dbc5434add995"", ""320207d7a21680926414b387b1b8cd3adcb066bb7fc19106fe58731629d2bffb""]","[""e0971ea8d5eda3d6d26542411fbad974084e5b45eef04ae53e8f83cf3c80a835"", ""1310231bc0e8cfa7827d24c6e16bb1ae55f4c47ed9c416194f0e2ec8627a6231""]",Reaction thermodynamics of separate 1M molecular species; no kinetic barrier or TOF
Ru_macho_pnp_iPr,imine_hydrogenation,380.0,9.144627476129244,hydrogenated_cat + imine -> active_cat + product_amine,True,True,"[""data/campaign/thermochemistry/Ru_macho_pnp_iPr__hydrogenated/result.json"", ""data/reference_thermochemistry/imine/stationarity/result.json""]","[""data/campaign/thermochemistry_identity_replacements/Ru_macho_pnp_iPr__active/result.json"", ""data/reference_thermochemistry/product_amine/stationarity/result.json""]","[""0e6be1b8bcf955f5350a5f300fc23e2501cf76f25fd43385d55dbc5434add995"", ""320207d7a21680926414b387b1b8cd3adcb066bb7fc19106fe58731629d2bffb""]","[""e0971ea8d5eda3d6d26542411fbad974084e5b45eef04ae53e8f83cf3c80a835"", ""1310231bc0e8cfa7827d24c6e16bb1ae55f4c47ed9c416194f0e2ec8627a6231""]",Reaction thermodynamics of separate 1M molecular species; no kinetic barrier or TOF
Ru_macho_pnp_iPr,imine_hydrogenation,383.15,9.148069331451552,hydrogenated_cat + imine -> active_cat + product_amine,True,True,"[""data/campaign/thermochemistry/Ru_macho_pnp_iPr__hydrogenated/result.json"", ""data/reference_thermochemistry/imine/stationarity/result.json""]","[""data/campaign/thermochemistry_identity_replacements/Ru_macho_pnp_iPr__active/result.json"", ""data/reference_thermochemistry/product_amine/stationarity/result.json""]","[""0e6be1b8bcf955f5350a5f300fc23e2501cf76f25fd43385d55dbc5434add995"", ""320207d7a21680926414b387b1b8cd3adcb066bb7fc19106fe58731629d2bffb""]","[""e0971ea8d5eda3d6d26542411fbad974084e5b45eef04ae53e8f83cf3c80a835"", ""1310231bc0e8cfa7827d24c6e16bb1ae55f4c47ed9c416194f0e2ec8627a6231""]",Reaction thermodynamics of separate 1M molecular species; no kinetic barrier or TOF
Ru_macho_pnp_iPr,imine_hydrogenation,390.0,9.155601855611167,hydrogenated_cat + imine -> active_cat + product_amine,True,True,"[""data/campaign/thermochemistry/Ru_macho_pnp_iPr__hydrogenated/result.json"", ""data/reference_thermochemistry/imine/stationarity/result.json""]","[""data/campaign/thermochemistry_identity_replacements/Ru_macho_pnp_iPr__active/result.json"", ""data/reference_thermochemistry/product_amine/stationarity/result.json""]","[""0e6be1b8bcf955f5350a5f300fc23e2501cf76f25fd43385d55dbc5434add995"", ""320207d7a21680926414b387b1b8cd3adcb066bb7fc19106fe58731629d2bffb""]","[""e0971ea8d5eda3d6d26542411fbad974084e5b45eef04ae53e8f83cf3c80a835"", ""1310231bc0e8cfa7827d24c6e16bb1ae55f4c47ed9c416194f0e2ec8627a6231""]",Reaction thermodynamics of separate 1M molecular species; no kinetic barrier or TOF
Ru_macho_pnp_iPr,imine_hydrogenation,400.0,9.166717345746292,hydrogenated_cat + imine -> active_cat + product_amine,True,True,"[""data/campaign/thermochemistry/Ru_macho_pnp_iPr__hydrogenated/result.json"", ""data/reference_thermochemistry/imine/stationarity/result.json""]","[""data/campaign/thermochemistry_identity_replacements/Ru_macho_pnp_iPr__active/result.json"", ""data/reference_thermochemistry/product_amine/stationarity/result.json""]","[""0e6be1b8bcf955f5350a5f300fc23e2501cf76f25fd43385d55dbc5434add995"", ""320207d7a21680926414b387b1b8cd3adcb066bb7fc19106fe58731629d2bffb""]","[""e0971ea8d5eda3d6d26542411fbad974084e5b45eef04ae53e8f83cf3c80a835"", ""1310231bc0e8cfa7827d24c6e16bb1ae55f4c47ed9c416194f0e2ec8627a6231""]",Reaction thermodynamics of separate 1M molecular species; no kinetic barrier or TOF
Ru_macho_pnp_iPr,imine_hydrogenation,410.0,9.177976267365011,hydrogenated_cat + imine -> active_cat + product_amine,True,True,"[""data/campaign/thermochemistry/Ru_macho_pnp_iPr__hydrogenated/result.json"", ""data/reference_thermochemistry/imine/stationarity/result.json""]","[""data/campaign/thermochemistry_identity_replacements/Ru_macho_pnp_iPr__active/result.json"", ""data/reference_thermochemistry/product_amine/stationarity/result.json""]","[""0e6be1b8bcf955f5350a5f300fc23e2501cf76f25fd43385d55dbc5434add995"", ""320207d7a21680926414b387b1b8cd3adcb066bb7fc19106fe58731629d2bffb""]","[""e0971ea8d5eda3d6d26542411fbad974084e5b45eef04ae53e8f83cf3c80a835"", ""1310231bc0e8cfa7827d24c6e16bb1ae55f4c47ed9c416194f0e2ec8627a6231""]",Reaction thermodynamics of separate 1M molecular species; no kinetic barrier or TOF
Ru_macho_pnp_iPr,imine_hydrogenation,420.0,9.189380708045064,hydrogenated_cat + imine -> active_cat + product_amine,True,True,"[""data/campaign/thermochemistry/Ru_macho_pnp_iPr__hydrogenated/result.json"", ""data/reference_thermochemistry/imine/stationarity/result.json""]","[""data/campaign/thermochemistry_identity_replacements/Ru_macho_pnp_iPr__active/result.json"", ""data/reference_thermochemistry/product_amine/stationarity/result.json""]","[""0e6be1b8bcf955f5350a5f300fc23e2501cf76f25fd43385d55dbc5434add995"", ""320207d7a21680926414b387b1b8cd3adcb066bb7fc19106fe58731629d2bffb""]","[""e0971ea8d5eda3d6d26542411fbad974084e5b45eef04ae53e8f83cf3c80a835"", ""1310231bc0e8cfa7827d24c6e16bb1ae55f4c47ed9c416194f0e2ec8627a6231""]",Reaction thermodynamics of separate 1M molecular species; no kinetic barrier or TOF
Ru_macho_pnp_iPr,imine_hydrogenation,430.0,9.200932517593174,hydrogenated_cat + imine -> active_cat + product_amine,True,True,"[""data/campaign/thermochemistry/Ru_macho_pnp_iPr__hydrogenated/result.json"", ""data/reference_thermochemistry/imine/stationarity/result.json""]","[""data/campaign/thermochemistry_identity_replacements/Ru_macho_pnp_iPr__active/result.json"", ""data/reference_thermochemistry/product_amine/stationarity/result.json""]","[""0e6be1b8bcf955f5350a5f300fc23e2501cf76f25fd43385d55dbc5434add995"", ""320207d7a21680926414b387b1b8cd3adcb066bb7fc19106fe58731629d2bffb""]","[""e0971ea8d5eda3d6d26542411fbad974084e5b45eef04ae53e8f83cf3c80a835"", ""1310231bc0e8cfa7827d24c6e16bb1ae55f4c47ed9c416194f0e2ec8627a6231""]",Reaction thermodynamics of separate 1M molecular species; no kinetic barrier or TOF
Ru_macho_pnp_iPr,imine_hydrogenation,440.0,9.212633307884971,hydrogenated_cat + imine -> active_cat + product_amine,True,True,"[""data/campaign/thermochemistry/Ru_macho_pnp_iPr__hydrogenated/result.json"", ""data/reference_thermochemistry/imine/stationarity/result.json""]","[""data/campaign/thermochemistry_identity_replacements/Ru_macho_pnp_iPr__active/result.json"", ""data/reference_thermochemistry/product_amine/stationarity/result.json""]","[""0e6be1b8bcf955f5350a5f300fc23e2501cf76f25fd43385d55dbc5434add995"", ""320207d7a21680926414b387b1b8cd3adcb066bb7fc19106fe58731629d2bffb""]","[""e0971ea8d5eda3d6d26542411fbad974084e5b45eef04ae53e8f83cf3c80a835"", ""1310231bc0e8cfa7827d24c6e16bb1ae55f4c47ed9c416194f0e2ec8627a6231""]",Reaction thermodynamics of separate 1M molecular species; no kinetic barrier or TOF
Ru_pyridine_pnn_Ph,alcohol_dehydrogenation,298.15,-18.213331602217295,active_cat + benzyl_alcohol -> hydrogenated_cat + benzaldehyde,True,True,"[""data/campaign/thermochemistry/Ru_pyridine_pnn_Ph__active/result.json"", ""data/reference_thermochemistry/benzyl_alcohol/stationarity/result.json""]","[""data/campaign/thermochemistry/Ru_pyridine_pnn_Ph__hydrogenated/result.json"", ""data/reference_thermochemistry/benzaldehyde/stationarity/result.json""]","[""dd3dc073aaaa7286e03e56f6976ac022aef2a0cea92518c3fa08cf48e41e7b96"", ""f4897da33f477e49dfa225e23571ab1376182c83d5412b994134a99a99cc75c0""]","[""808134131d2b258463deb9515e4b678c992065ff08521f0b833de022acdf5976"", ""e7292b48e5f27218094b119118595a7fc0b25d93db34b114bb0582e7ad8b60b9""]",Reaction thermodynamics of separate 1M molecular species; no kinetic barrier or TOF
Ru_pyridine_pnn_Ph,alcohol_dehydrogenation,340.0,-18.13124349597274,active_cat + benzyl_alcohol -> hydrogenated_cat + benzaldehyde,True,True,"[""data/campaign/thermochemistry/Ru_pyridine_pnn_Ph__active/result.json"", ""data/reference_thermochemistry/benzyl_alcohol/stationarity/result.json""]","[""data/campaign/thermochemistry/Ru_pyridine_pnn_Ph__hydrogenated/result.json"", ""data/reference_thermochemistry/benzaldehyde/stationarity/result.json""]","[""dd3dc073aaaa7286e03e56f6976ac022aef2a0cea92518c3fa08cf48e41e7b96"", ""f4897da33f477e49dfa225e23571ab1376182c83d5412b994134a99a99cc75c0""]","[""808134131d2b258463deb9515e4b678c992065ff08521f0b833de022acdf5976"", ""e7292b48e5f27218094b119118595a7fc0b25d93db34b114bb0582e7ad8b60b9""]",Reaction thermodynamics of separate 1M molecular species; no kinetic barrier or TOF
Ru_pyridine_pnn_Ph,alcohol_dehydrogenation,350.0,-18.1110560013949,active_cat + benzyl_alcohol -> hydrogenated_cat + benzaldehyde,True,True,"[""data/campaign/thermochemistry/Ru_pyridine_pnn_Ph__active/result.json"", ""data/reference_thermochemistry/benzyl_alcohol/stationarity/result.json""]","[""data/campaign/thermochemistry/Ru_pyridine_pnn_Ph__hydrogenated/result.json"", ""data/reference_thermochemistry/benzaldehyde/stationarity/result.json""]","[""dd3dc073aaaa7286e03e56f6976ac022aef2a0cea92518c3fa08cf48e41e7b96"", ""f4897da33f477e49dfa225e23571ab1376182c83d5412b994134a99a99cc75c0""]","[""808134131d2b258463deb9515e4b678c992065ff08521f0b833de022acdf5976"", ""e7292b48e5f27218094b119118595a7fc0b25d93db34b114bb0582e7ad8b60b9""]",Reaction thermodynamics of separate 1M molecular species; no kinetic barrier or TOF
Ru_pyridine_pnn_Ph,alcohol_dehydrogenation,360.0,-18.090683793854623,active_cat + benzyl_alcohol -> hydrogenated_cat + benzaldehyde,True,True,"[""data/campaign/thermochemistry/Ru_pyridine_pnn_Ph__active/result.json"", ""data/reference_thermochemistry/benzyl_alcohol/stationarity/result.json""]","[""data/campaign/thermochemistry/Ru_pyridine_pnn_Ph__hydrogenated/result.json"", ""data/reference_thermochemistry/benzaldehyde/stationarity/result.json""]","[""dd3dc073aaaa7286e03e56f6976ac022aef2a0cea92518c3fa08cf48e41e7b96"", ""f4897da33f477e49dfa225e23571ab1376182c83d5412b994134a99a99cc75c0""]","[""808134131d2b258463deb9515e4b678c992065ff08521f0b833de022acdf5976"", ""e7292b48e5f27218094b119118595a7fc0b25d93db34b114bb0582e7ad8b60b9""]",Reaction thermodynamics of separate 1M molecular species; no kinetic barrier or TOF
Ru_pyridine_pnn_Ph,alcohol_dehydrogenation,370.0,-18.070143158643987,active_cat + benzyl_alcohol -> hydrogenated_cat + benzaldehyde,True,True,"[""data/campaign/thermochemistry/Ru_pyridine_pnn_Ph__active/result.json"", ""data/reference_thermochemistry/benzyl_alcohol/stationarity/result.json""]","[""data/campaign/thermochemistry/Ru_pyridine_pnn_Ph__hydrogenated/result.json"", ""data/reference_thermochemistry/benzaldehyde/stationarity/result.json""]","[""dd3dc073aaaa7286e03e56f6976ac022aef2a0cea92518c3fa08cf48e41e7b96"", ""f4897da33f477e49dfa225e23571ab1376182c83d5412b994134a99a99cc75c0""]","[""808134131d2b258463deb9515e4b678c992065ff08521f0b833de022acdf5976"", ""e7292b48e5f27218094b119118595a7fc0b25d93db34b114bb0582e7ad8b60b9""]",Reaction thermodynamics of separate 1M molecular species; no kinetic barrier or TOF
Ru_pyridine_pnn_Ph,alcohol_dehydrogenation,380.0,-18.04944966239964,active_cat + benzyl_alcohol -> hydrogenated_cat + benzaldehyde,True,True,"[""data/campaign/thermochemistry/Ru_pyridine_pnn_Ph__active/result.json"", ""data/reference_thermochemistry/benzyl_alcohol/stationarity/result.json""]","[""data/campaign/thermochemistry/Ru_pyridine_pnn_Ph__hydrogenated/result.json"", ""data/reference_thermochemistry/benzaldehyde/stationarity/result.json""]","[""dd3dc073aaaa7286e03e56f6976ac022aef2a0cea92518c3fa08cf48e41e7b96"", ""f4897da33f477e49dfa225e23571ab1376182c83d5412b994134a99a99cc75c0""]","[""808134131d2b258463deb9515e4b678c992065ff08521f0b833de022acdf5976"", ""e7292b48e5f27218094b119118595a7fc0b25d93db34b114bb0582e7ad8b60b9""]",Reaction thermodynamics of separate 1M molecular species; no kinetic barrier or TOF
Ru_pyridine_pnn_Ph,alcohol_dehydrogenation,383.15,-18.042901944820187,active_cat + benzyl_alcohol -> hydrogenated_cat + benzaldehyde,True,True,"[""data/campaign/thermochemistry/Ru_pyridine_pnn_Ph__active/result.json"", ""data/reference_thermochemistry/benzyl_alcohol/stationarity/result.json""]","[""data/campaign/thermochemistry/Ru_pyridine_pnn_Ph__hydrogenated/result.json"", ""data/reference_thermochemistry/benzaldehyde/stationarity/result.json""]","[""dd3dc073aaaa7286e03e56f6976ac022aef2a0cea92518c3fa08cf48e41e7b96"", ""f4897da33f477e49dfa225e23571ab1376182c83d5412b994134a99a99cc75c0""]","[""808134131d2b258463deb9515e4b678c992065ff08521f0b833de022acdf5976"", ""e7292b48e5f27218094b119118595a7fc0b25d93db34b114bb0582e7ad8b60b9""]",Reaction thermodynamics of separate 1M molecular species; no kinetic barrier or TOF
Ru_pyridine_pnn_Ph,alcohol_dehydrogenation,390.0,-18.028618157894016,active_cat + benzyl_alcohol -> hydrogenated_cat + benzaldehyde,True,True,"[""data/campaign/thermochemistry/Ru_pyridine_pnn_Ph__active/result.json"", ""data/reference_thermochemistry/benzyl_alcohol/stationarity/result.json""]","[""data/campaign/thermochemistry/Ru_pyridine_pnn_Ph__hydrogenated/result.json"", ""data/reference_thermochemistry/benzaldehyde/stationarity/result.json""]","[""dd3dc073aaaa7286e03e56f6976ac022aef2a0cea92518c3fa08cf48e41e7b96"", ""f4897da33f477e49dfa225e23571ab1376182c83d5412b994134a99a99cc75c0""]","[""808134131d2b258463deb9515e4b678c992065ff08521f0b833de022acdf5976"", ""e7292b48e5f27218094b119118595a7fc0b25d93db34b114bb0582e7ad8b60b9""]",Reaction thermodynamics of separate 1M molecular species; no kinetic barrier or TOF
Ru_pyridine_pnn_Ph,alcohol_dehydrogenation,400.0,-18.00766279479103,active_cat + benzyl_alcohol -> hydrogenated_cat + benzaldehyde,True,True,"[""data/campaign/thermochemistry/Ru_pyridine_pnn_Ph__active/result.json"", ""data/reference_thermochemistry/benzyl_alcohol/stationarity/result.json""]","[""data/campaign/thermochemistry/Ru_pyridine_pnn_Ph__hydrogenated/result.json"", ""data/reference_thermochemistry/benzaldehyde/stationarity/result.json""]","[""dd3dc073aaaa7286e03e56f6976ac022aef2a0cea92518c3fa08cf48e41e7b96"", ""f4897da33f477e49dfa225e23571ab1376182c83d5412b994134a99a99cc75c0""]","[""808134131d2b258463deb9515e4b678c992065ff08521f0b833de022acdf5976"", ""e7292b48e5f27218094b119118595a7fc0b25d93db34b114bb0582e7ad8b60b9""]",Reaction thermodynamics of separate 1M molecular species; no kinetic barrier or TOF
Ru_pyridine_pnn_Ph,alcohol_dehydrogenation,410.0,-17.986597034920123,active_cat + benzyl_alcohol -> hydrogenated_cat + benzaldehyde,True,True,"[""data/campaign/thermochemistry/Ru_pyridine_pnn_Ph__active/result.json"", ""data/reference_thermochemistry/benzyl_alcohol/stationarity/result.json""]","[""data/campaign/thermochemistry/Ru_pyridine_pnn_Ph__hydrogenated/result.json"", ""data/reference_thermochemistry/benzaldehyde/stationarity/result.json""]","[""dd3dc073aaaa7286e03e56f6976ac022aef2a0cea92518c3fa08cf48e41e7b96"", ""f4897da33f477e49dfa225e23571ab1376182c83d5412b994134a99a99cc75c0""]","[""808134131d2b258463deb9515e4b678c992065ff08521f0b833de022acdf5976"", ""e7292b48e5f27218094b119118595a7fc0b25d93db34b114bb0582e7ad8b60b9""]",Reaction thermodynamics of separate 1M molecular species; no kinetic barrier or TOF
Ru_pyridine_pnn_Ph,alcohol_dehydrogenation,420.0,-17.96543367059894,active_cat + benzyl_alcohol -> hydrogenated_cat + benzaldehyde,True,True,"[""data/campaign/thermochemistry/Ru_pyridine_pnn_Ph__active/result.json"", ""data/reference_thermochemistry/benzyl_alcohol/stationarity/result.json""]","[""data/campaign/thermochemistry/Ru_pyridine_pnn_Ph__hydrogenated/result.json"", ""data/reference_thermochemistry/benzaldehyde/stationarity/result.json""]","[""dd3dc073aaaa7286e03e56f6976ac022aef2a0cea92518c3fa08cf48e41e7b96"", ""f4897da33f477e49dfa225e23571ab1376182c83d5412b994134a99a99cc75c0""]","[""808134131d2b258463deb9515e4b678c992065ff08521f0b833de022acdf5976"", ""e7292b48e5f27218094b119118595a7fc0b25d93db34b114bb0582e7ad8b60b9""]",Reaction thermodynamics of separate 1M molecular species; no kinetic barrier or TOF
Ru_pyridine_pnn_Ph,alcohol_dehydrogenation,430.0,-17.944184845375275,active_cat + benzyl_alcohol -> hydrogenated_cat + benzaldehyde,True,True,"[""data/campaign/thermochemistry/Ru_pyridine_pnn_Ph__active/result.json"", ""data/reference_thermochemistry/benzyl_alcohol/stationarity/result.json""]","[""data/campaign/thermochemistry/Ru_pyridine_pnn_Ph__hydrogenated/result.json"", ""data/reference_thermochemistry/benzaldehyde/stationarity/result.json""]","[""dd3dc073aaaa7286e03e56f6976ac022aef2a0cea92518c3fa08cf48e41e7b96"", ""f4897da33f477e49dfa225e23571ab1376182c83d5412b994134a99a99cc75c0""]","[""808134131d2b258463deb9515e4b678c992065ff08521f0b833de022acdf5976"", ""e7292b48e5f27218094b119118595a7fc0b25d93db34b114bb0582e7ad8b60b9""]",Reaction thermodynamics of separate 1M molecular species; no kinetic barrier or TOF
Ru_pyridine_pnn_Ph,alcohol_dehydrogenation,440.0,-17.922862075898593,active_cat + benzyl_alcohol -> hydrogenated_cat + benzaldehyde,True,True,"[""data/campaign/thermochemistry/Ru_pyridine_pnn_Ph__active/result.json"", ""data/reference_thermochemistry/benzyl_alcohol/stationarity/result.json""]","[""data/campaign/thermochemistry/Ru_pyridine_pnn_Ph__hydrogenated/result.json"", ""data/reference_thermochemistry/benzaldehyde/stationarity/result.json""]","[""dd3dc073aaaa7286e03e56f6976ac022aef2a0cea92518c3fa08cf48e41e7b96"", ""f4897da33f477e49dfa225e23571ab1376182c83d5412b994134a99a99cc75c0""]","[""808134131d2b258463deb9515e4b678c992065ff08521f0b833de022acdf5976"", ""e7292b48e5f27218094b119118595a7fc0b25d93db34b114bb0582e7ad8b60b9""]",Reaction thermodynamics of separate 1M molecular species; no kinetic barrier or TOF
Ru_pyridine_pnn_Ph,separated_ion_deprotonation,298.15,-43.83802183321313,protonated_cat(+) + tert_butoxide(-) -> active_cat + tert_butanol,True,True,"[""data/campaign/thermochemistry/Ru_pyridine_pnn_Ph__protonated_reference/result.json"", ""data/reference_thermochemistry/tert_butoxide_anion/stationarity/result.json""]","[""data/campaign/thermochemistry/Ru_pyridine_pnn_Ph__active/result.json"", ""data/reference_thermochemistry/tert_butanol/stationarity/result.json""]","[""dcacbe4d09b79a0dd7e2dea2c059260813254a567dd0c0686d24764fd1d1642d"", ""d212e4231d6b932ee1d5bcd7336d05f49a5bd740e5762fb2e2806c3cb8018b82""]","[""dd3dc073aaaa7286e03e56f6976ac022aef2a0cea92518c3fa08cf48e41e7b96"", ""528ce6cef516220b49746927b16e66a325ccc5797a749a09e16cf5dfe6b1bd99""]",Separated-ion reference only; does not establish dissolved tBuOK salt speciation or ion pairing
Ru_pyridine_pnn_Ph,separated_ion_deprotonation,340.0,-43.91257832541851,protonated_cat(+) + tert_butoxide(-) -> active_cat + tert_butanol,True,True,"[""data/campaign/thermochemistry/Ru_pyridine_pnn_Ph__protonated_reference/result.json"", ""data/reference_thermochemistry/tert_butoxide_anion/stationarity/result.json""]","[""data/campaign/thermochemistry/Ru_pyridine_pnn_Ph__active/result.json"", ""data/reference_thermochemistry/tert_butanol/stationarity/result.json""]","[""dcacbe4d09b79a0dd7e2dea2c059260813254a567dd0c0686d24764fd1d1642d"", ""d212e4231d6b932ee1d5bcd7336d05f49a5bd740e5762fb2e2806c3cb8018b82""]","[""dd3dc073aaaa7286e03e56f6976ac022aef2a0cea92518c3fa08cf48e41e7b96"", ""528ce6cef516220b49746927b16e66a325ccc5797a749a09e16cf5dfe6b1bd99""]",Separated-ion reference only; does not establish dissolved tBuOK salt speciation or ion pairing
Ru_pyridine_pnn_Ph,separated_ion_deprotonation,350.0,-43.93198984887931,protonated_cat(+) + tert_butoxide(-) -> active_cat + tert_butanol,True,True,"[""data/campaign/thermochemistry/Ru_pyridine_pnn_Ph__protonated_reference/result.json"", ""data/reference_thermochemistry/tert_butoxide_anion/stationarity/result.json""]","[""data/campaign/thermochemistry/Ru_pyridine_pnn_Ph__active/result.json"", ""data/reference_thermochemistry/tert_butanol/stationarity/result.json""]","[""dcacbe4d09b79a0dd7e2dea2c059260813254a567dd0c0686d24764fd1d1642d"", ""d212e4231d6b932ee1d5bcd7336d05f49a5bd740e5762fb2e2806c3cb8018b82""]","[""dd3dc073aaaa7286e03e56f6976ac022aef2a0cea92518c3fa08cf48e41e7b96"", ""528ce6cef516220b49746927b16e66a325ccc5797a749a09e16cf5dfe6b1bd99""]",Separated-ion reference only; does not establish dissolved tBuOK salt speciation or ion pairing
Ru_pyridine_pnn_Ph,separated_ion_deprotonation,360.0,-43.951952362993325,protonated_cat(+) + tert_butoxide(-) -> active_cat + tert_butanol,True,True,"[""data/campaign/thermochemistry/Ru_pyridine_pnn_Ph__protonated_reference/result.json"", ""data/reference_thermochemistry/tert_butoxide_anion/stationarity/result.json""]","[""data/campaign/thermochemistry/Ru_pyridine_pnn_Ph__active/result.json"", ""data/reference_thermochemistry/tert_butanol/stationarity/result.json""]","[""dcacbe4d09b79a0dd7e2dea2c059260813254a567dd0c0686d24764fd1d1642d"", ""d212e4231d6b932ee1d5bcd7336d05f49a5bd740e5762fb2e2806c3cb8018b82""]","[""dd3dc073aaaa7286e03e56f6976ac022aef2a0cea92518c3fa08cf48e41e7b96"", ""528ce6cef516220b49746927b16e66a325ccc5797a749a09e16cf5dfe6b1bd99""]",Separated-ion reference only; does not establish dissolved tBuOK salt speciation or ion pairing
Ru_pyridine_pnn_Ph,separated_ion_deprotonation,370.0,-43.972437717822686,protonated_cat(+) + tert_butoxide(-) -> active_cat + tert_butanol,True,True,"[""data/campaign/thermochemistry/Ru_pyridine_pnn_Ph__protonated_reference/result.json"", ""data/reference_thermochemistry/tert_butoxide_anion/stationarity/result.json""]","[""data/campaign/thermochemistry/Ru_pyridine_pnn_Ph__active/result.json"", ""data/reference_thermochemistry/tert_butanol/stationarity/result.json""]","[""dcacbe4d09b79a0dd7e2dea2c059260813254a567dd0c0686d24764fd1d1642d"", ""d212e4231d6b932ee1d5bcd7336d05f49a5bd740e5762fb2e2806c3cb8018b82""]","[""dd3dc073aaaa7286e03e56f6976ac022aef2a0cea92518c3fa08cf48e41e7b96"", ""528ce6cef516220b49746927b16e66a325ccc5797a749a09e16cf5dfe6b1bd99""]",Separated-ion reference only; does not establish dissolved tBuOK salt speciation or ion pairing
Ru_pyridine_pnn_Ph,separated_ion_deprotonation,380.0,-43.99341943063882,protonated_cat(+) + tert_butoxide(-) -> active_cat + tert_butanol,True,True,"[""data/campaign/thermochemistry/Ru_pyridine_pnn_Ph__protonated_reference/result.json"", ""data/reference_thermochemistry/tert_butoxide_anion/stationarity/result.json""]","[""data/campaign/thermochemistry/Ru_pyridine_pnn_Ph__active/result.json"", ""data/reference_thermochemistry/tert_butanol/stationarity/result.json""]","[""dcacbe4d09b79a0dd7e2dea2c059260813254a567dd0c0686d24764fd1d1642d"", ""d212e4231d6b932ee1d5bcd7336d05f49a5bd740e5762fb2e2806c3cb8018b82""]","[""dd3dc073aaaa7286e03e56f6976ac022aef2a0cea92518c3fa08cf48e41e7b96"", ""528ce6cef516220b49746927b16e66a325ccc5797a749a09e16cf5dfe6b1bd99""]",Separated-ion reference only; does not establish dissolved tBuOK salt speciation or ion pairing
Ru_pyridine_pnn_Ph,separated_ion_deprotonation,383.15,-44.000127449464344,protonated_cat(+) + tert_butoxide(-) -> active_cat + tert_butanol,True,True,"[""data/campaign/thermochemistry/Ru_pyridine_pnn_Ph__protonated_reference/result.json"", ""data/reference_thermochemistry/tert_butoxide_anion/stationarity/result.json""]","[""data/campaign/thermochemistry/Ru_pyridine_pnn_Ph__active/result.json"", ""data/reference_thermochemistry/tert_butanol/stationarity/result.json""]","[""dcacbe4d09b79a0dd7e2dea2c059260813254a567dd0c0686d24764fd1d1642d"", ""d212e4231d6b932ee1d5bcd7336d05f49a5bd740e5762fb2e2806c3cb8018b82""]","[""dd3dc073aaaa7286e03e56f6976ac022aef2a0cea92518c3fa08cf48e41e7b96"", ""528ce6cef516220b49746927b16e66a325ccc5797a749a09e16cf5dfe6b1bd99""]",Separated-ion reference only; does not establish dissolved tBuOK salt speciation or ion pairing
Ru_pyridine_pnn_Ph,separated_ion_deprotonation,390.0,-44.01487259003079,protonated_cat(+) + tert_butoxide(-) -> active_cat + tert_butanol,True,True,"[""data/campaign/thermochemistry/Ru_pyridine_pnn_Ph__protonated_reference/result.json"", ""data/reference_thermochemistry/tert_butoxide_anion/stationarity/result.json""]","[""data/campaign/thermochemistry/Ru_pyridine_pnn_Ph__active/result.json"", ""data/reference_thermochemistry/tert_butanol/stationarity/result.json""]","[""dcacbe4d09b79a0dd7e2dea2c059260813254a567dd0c0686d24764fd1d1642d"", ""d212e4231d6b932ee1d5bcd7336d05f49a5bd740e5762fb2e2806c3cb8018b82""]","[""dd3dc073aaaa7286e03e56f6976ac022aef2a0cea92518c3fa08cf48e41e7b96"", ""528ce6cef516220b49746927b16e66a325ccc5797a749a09e16cf5dfe6b1bd99""]",Separated-ion reference only; does not establish dissolved tBuOK salt speciation or ion pairing
Ru_pyridine_pnn_Ph,separated_ion_deprotonation,400.0,-44.036773760657525,protonated_cat(+) + tert_butoxide(-) -> active_cat + tert_butanol,True,True,"[""data/campaign/thermochemistry/Ru_pyridine_pnn_Ph__protonated_reference/result.json"", ""data/reference_thermochemistry/tert_butoxide_anion/stationarity/result.json""]","[""data/campaign/thermochemistry/Ru_pyridine_pnn_Ph__active/result.json"", ""data/reference_thermochemistry/tert_butanol/stationarity/result.json""]","[""dcacbe4d09b79a0dd7e2dea2c059260813254a567dd0c0686d24764fd1d1642d"", ""d212e4231d6b932ee1d5bcd7336d05f49a5bd740e5762fb2e2806c3cb8018b82""]","[""dd3dc073aaaa7286e03e56f6976ac022aef2a0cea92518c3fa08cf48e41e7b96"", ""528ce6cef516220b49746927b16e66a325ccc5797a749a09e16cf5dfe6b1bd99""]",Separated-ion reference only; does not establish dissolved tBuOK salt speciation or ion pairing
Ru_pyridine_pnn_Ph,separated_ion_deprotonation,410.0,-44.059100890570335,protonated_cat(+) + tert_butoxide(-) -> active_cat + tert_butanol,True,True,"[""data/campaign/thermochemistry/Ru_pyridine_pnn_Ph__protonated_reference/result.json"", ""data/reference_thermochemistry/tert_butoxide_anion/stationarity/result.json""]","[""data/campaign/thermochemistry/Ru_pyridine_pnn_Ph__active/result.json"", ""data/reference_thermochemistry/tert_butanol/stationarity/result.json""]","[""dcacbe4d09b79a0dd7e2dea2c059260813254a567dd0c0686d24764fd1d1642d"", ""d212e4231d6b932ee1d5bcd7336d05f49a5bd740e5762fb2e2806c3cb8018b82""]","[""dd3dc073aaaa7286e03e56f6976ac022aef2a0cea92518c3fa08cf48e41e7b96"", ""528ce6cef516220b49746927b16e66a325ccc5797a749a09e16cf5dfe6b1bd99""]",Separated-ion reference only; does not establish dissolved tBuOK salt speciation or ion pairing
Ru_pyridine_pnn_Ph,separated_ion_deprotonation,420.0,-44.08183322153127,protonated_cat(+) + tert_butoxide(-) -> active_cat + tert_butanol,True,True,"[""data/campaign/thermochemistry/Ru_pyridine_pnn_Ph__protonated_reference/result.json"", ""data/reference_thermochemistry/tert_butoxide_anion/stationarity/result.json""]","[""data/campaign/thermochemistry/Ru_pyridine_pnn_Ph__active/result.json"", ""data/reference_thermochemistry/tert_butanol/stationarity/result.json""]","[""dcacbe4d09b79a0dd7e2dea2c059260813254a567dd0c0686d24764fd1d1642d"", ""d212e4231d6b932ee1d5bcd7336d05f49a5bd740e5762fb2e2806c3cb8018b82""]","[""dd3dc073aaaa7286e03e56f6976ac022aef2a0cea92518c3fa08cf48e41e7b96"", ""528ce6cef516220b49746927b16e66a325ccc5797a749a09e16cf5dfe6b1bd99""]",Separated-ion reference only; does not establish dissolved tBuOK salt speciation or ion pairing
Ru_pyridine_pnn_Ph,separated_ion_deprotonation,430.0,-44.104951203587916,protonated_cat(+) + tert_butoxide(-) -> active_cat + tert_butanol,True,True,"[""data/campaign/thermochemistry/Ru_pyridine_pnn_Ph__protonated_reference/result.json"", ""data/reference_thermochemistry/tert_butoxide_anion/stationarity/result.json""]","[""data/campaign/thermochemistry/Ru_pyridine_pnn_Ph__active/result.json"", ""data/reference_thermochemistry/tert_butanol/stationarity/result.json""]","[""dcacbe4d09b79a0dd7e2dea2c059260813254a567dd0c0686d24764fd1d1642d"", ""d212e4231d6b932ee1d5bcd7336d05f49a5bd740e5762fb2e2806c3cb8018b82""]","[""dd3dc073aaaa7286e03e56f6976ac022aef2a0cea92518c3fa08cf48e41e7b96"", ""528ce6cef516220b49746927b16e66a325ccc5797a749a09e16cf5dfe6b1bd99""]",Separated-ion reference only; does not establish dissolved tBuOK salt speciation or ion pairing
Ru_pyridine_pnn_Ph,separated_ion_deprotonation,440.0,-44.12843641412837,protonated_cat(+) + tert_butoxide(-) -> active_cat + tert_butanol,True,True,"[""data/campaign/thermochemistry/Ru_pyridine_pnn_Ph__protonated_reference/result.json"", ""data/reference_thermochemistry/tert_butoxide_anion/stationarity/result.json""]","[""data/campaign/thermochemistry/Ru_pyridine_pnn_Ph__active/result.json"", ""data/reference_thermochemistry/tert_butanol/stationarity/result.json""]","[""dcacbe4d09b79a0dd7e2dea2c059260813254a567dd0c0686d24764fd1d1642d"", ""d212e4231d6b932ee1d5bcd7336d05f49a5bd740e5762fb2e2806c3cb8018b82""]","[""dd3dc073aaaa7286e03e56f6976ac022aef2a0cea92518c3fa08cf48e41e7b96"", ""528ce6cef516220b49746927b16e66a325ccc5797a749a09e16cf5dfe6b1bd99""]",Separated-ion reference only; does not establish dissolved tBuOK salt speciation or ion pairing
Ru_pyridine_pnn_Ph,imine_hydrogenation,298.15,15.838057318895153,hydrogenated_cat + imine -> active_cat + product_amine,True,True,"[""data/campaign/thermochemistry/Ru_pyridine_pnn_Ph__hydrogenated/result.json"", ""data/reference_thermochemistry/imine/stationarity/result.json""]","[""data/campaign/thermochemistry/Ru_pyridine_pnn_Ph__active/result.json"", ""data/reference_thermochemistry/product_amine/stationarity/result.json""]","[""808134131d2b258463deb9515e4b678c992065ff08521f0b833de022acdf5976"", ""320207d7a21680926414b387b1b8cd3adcb066bb7fc19106fe58731629d2bffb""]","[""dd3dc073aaaa7286e03e56f6976ac022aef2a0cea92518c3fa08cf48e41e7b96"", ""1310231bc0e8cfa7827d24c6e16bb1ae55f4c47ed9c416194f0e2ec8627a6231""]",Reaction thermodynamics of separate 1M molecular species; no kinetic barrier or TOF
Ru_pyridine_pnn_Ph,imine_hydrogenation,340.0,15.81870017962865,hydrogenated_cat + imine -> active_cat + product_amine,True,True,"[""data/campaign/thermochemistry/Ru_pyridine_pnn_Ph__hydrogenated/result.json"", ""data/reference_thermochemistry/imine/stationarity/result.json""]","[""data/campaign/thermochemistry/Ru_pyridine_pnn_Ph__active/result.json"", ""data/reference_thermochemistry/product_amine/stationarity/result.json""]","[""808134131d2b258463deb9515e4b678c992065ff08521f0b833de022acdf5976"", ""320207d7a21680926414b387b1b8cd3adcb066bb7fc19106fe58731629d2bffb""]","[""dd3dc073aaaa7286e03e56f6976ac022aef2a0cea92518c3fa08cf48e41e7b96"", ""1310231bc0e8cfa7827d24c6e16bb1ae55f4c47ed9c416194f0e2ec8627a6231""]",Reaction thermodynamics of separate 1M molecular species; no kinetic barrier or TOF
Ru_pyridine_pnn_Ph,imine_hydrogenation,350.0,15.813260208276915,hydrogenated_cat + imine -> active_cat + product_amine,True,True,"[""data/campaign/thermochemistry/Ru_pyridine_pnn_Ph__hydrogenated/result.json"", ""data/reference_thermochemistry/imine/stationarity/result.json""]","[""data/campaign/thermochemistry/Ru_pyridine_pnn_Ph__active/result.json"", ""data/reference_thermochemistry/product_amine/stationarity/result.json""]","[""808134131d2b258463deb9515e4b678c992065ff08521f0b833de022acdf5976"", ""320207d7a21680926414b387b1b8cd3adcb066bb7fc19106fe58731629d2bffb""]","[""dd3dc073aaaa7286e03e56f6976ac022aef2a0cea92518c3fa08cf48e41e7b96"", ""1310231bc0e8cfa7827d24c6e16bb1ae55f4c47ed9c416194f0e2ec8627a6231""]",Reaction thermodynamics of separate 1M molecular species; no kinetic barrier or TOF
Ru_pyridine_pnn_Ph,imine_hydrogenation,360.0,15.80754950697883,hydrogenated_cat + imine -> active_cat + product_amine,True,True,"[""data/campaign/thermochemistry/Ru_pyridine_pnn_Ph__hydrogenated/result.json"", ""data/reference_thermochemistry/imine/stationarity/result.json""]","[""data/campaign/thermochemistry/Ru_pyridine_pnn_Ph__active/result.json"", ""data/reference_thermochemistry/product_amine/stationarity/result.json""]","[""808134131d2b258463deb9515e4b678c992065ff08521f0b833de022acdf5976"", ""320207d7a21680926414b387b1b8cd3adcb066bb7fc19106fe58731629d2bffb""]","[""dd3dc073aaaa7286e03e56f6976ac022aef2a0cea92518c3fa08cf48e41e7b96"", ""1310231bc0e8cfa7827d24c6e16bb1ae55f4c47ed9c416194f0e2ec8627a6231""]",Reaction thermodynamics of separate 1M molecular species; no kinetic barrier or TOF
Ru_pyridine_pnn_Ph,imine_hydrogenation,370.0,15.801587774298241,hydrogenated_cat + imine -> active_cat + product_amine,True,True,"[""data/campaign/thermochemistry/Ru_pyridine_pnn_Ph__hydrogenated/result.json"", ""data/reference_thermochemistry/imine/stationarity/result.json""]","[""data/campaign/thermochemistry/Ru_pyridine_pnn_Ph__active/result.json"", ""data/reference_thermochemistry/product_amine/stationarity/result.json""]","[""808134131d2b258463deb9515e4b678c992065ff08521f0b833de022acdf5976"", ""320207d7a21680926414b387b1b8cd3adcb066bb7fc19106fe58731629d2bffb""]","[""dd3dc073aaaa7286e03e56f6976ac022aef2a0cea92518c3fa08cf48e41e7b96"", ""1310231bc0e8cfa7827d24c6e16bb1ae55f4c47ed9c416194f0e2ec8627a6231""]",Reaction thermodynamics of separate 1M molecular species; no kinetic barrier or TOF
Ru_pyridine_pnn_Ph,imine_hydrogenation,380.0,15.795393842283374,hydrogenated_cat + imine -> active_cat + product_amine,True,True,"[""data/campaign/thermochemistry/Ru_pyridine_pnn_Ph__hydrogenated/result.json"", ""data/reference_thermochemistry/imine/stationarity/result.json""]","[""data/campaign/thermochemistry/Ru_pyridine_pnn_Ph__active/result.json"", ""data/reference_thermochemistry/product_amine/stationarity/result.json""]","[""808134131d2b258463deb9515e4b678c992065ff08521f0b833de022acdf5976"", ""320207d7a21680926414b387b1b8cd3adcb066bb7fc19106fe58731629d2bffb""]","[""dd3dc073aaaa7286e03e56f6976ac022aef2a0cea92518c3fa08cf48e41e7b96"", ""1310231bc0e8cfa7827d24c6e16bb1ae55f4c47ed9c416194f0e2ec8627a6231""]",Reaction thermodynamics of separate 1M molecular species; no kinetic barrier or TOF
Ru_pyridine_pnn_Ph,imine_hydrogenation,383.15,15.793397554662079,hydrogenated_cat + imine -> active_cat + product_amine,True,True,"[""data/campaign/thermochemistry/Ru_pyridine_pnn_Ph__hydrogenated/result.json"", ""data/reference_thermochemistry/imine/stationarity/result.json""]","[""data/campaign/thermochemistry/Ru_pyridine_pnn_Ph__active/result.json"", ""data/reference_thermochemistry/product_amine/stationarity/result.json""]","[""808134131d2b258463deb9515e4b678c992065ff08521f0b833de022acdf5976"", ""320207d7a21680926414b387b1b8cd3adcb066bb7fc19106fe58731629d2bffb""]","[""dd3dc073aaaa7286e03e56f6976ac022aef2a0cea92518c3fa08cf48e41e7b96"", ""1310231bc0e8cfa7827d24c6e16bb1ae55f4c47ed9c416194f0e2ec8627a6231""]",Reaction thermodynamics of separate 1M molecular species; no kinetic barrier or TOF
Ru_pyridine_pnn_Ph,imine_hydrogenation,390.0,15.788985655064607,hydrogenated_cat + imine -> active_cat + product_amine,True,True,"[""data/campaign/thermochemistry/Ru_pyridine_pnn_Ph__hydrogenated/result.json"", ""data/reference_thermochemistry/imine/stationarity/result.json""]","[""data/campaign/thermochemistry/Ru_pyridine_pnn_Ph__active/result.json"", ""data/reference_thermochemistry/product_amine/stationarity/result.json""]","[""808134131d2b258463deb9515e4b678c992065ff08521f0b833de022acdf5976"", ""320207d7a21680926414b387b1b8cd3adcb066bb7fc19106fe58731629d2bffb""]","[""dd3dc073aaaa7286e03e56f6976ac022aef2a0cea92518c3fa08cf48e41e7b96"", ""1310231bc0e8cfa7827d24c6e16bb1ae55f4c47ed9c416194f0e2ec8627a6231""]",Reaction thermodynamics of separate 1M molecular species; no kinetic barrier or TOF
Ru_pyridine_pnn_Ph,imine_hydrogenation,400.0,15.78238026258623,hydrogenated_cat + imine -> active_cat + product_amine,True,True,"[""data/campaign/thermochemistry/Ru_pyridine_pnn_Ph__hydrogenated/result.json"", ""data/reference_thermochemistry/imine/stationarity/result.json""]","[""data/campaign/thermochemistry/Ru_pyridine_pnn_Ph__active/result.json"", ""data/reference_thermochemistry/product_amine/stationarity/result.json""]","[""808134131d2b258463deb9515e4b678c992065ff08521f0b833de022acdf5976"", ""320207d7a21680926414b387b1b8cd3adcb066bb7fc19106fe58731629d2bffb""]","[""dd3dc073aaaa7286e03e56f6976ac022aef2a0cea92518c3fa08cf48e41e7b96"", ""1310231bc0e8cfa7827d24c6e16bb1ae55f4c47ed9c416194f0e2ec8627a6231""]",Reaction thermodynamics of separate 1M molecular species; no kinetic barrier or TOF
Ru_pyridine_pnn_Ph,imine_hydrogenation,410.0,15.775593826077966,hydrogenated_cat + imine -> active_cat + product_amine,True,True,"[""data/campaign/thermochemistry/Ru_pyridine_pnn_Ph__hydrogenated/result.json"", ""data/reference_thermochemistry/imine/stationarity/result.json""]","[""data/campaign/thermochemistry/Ru_pyridine_pnn_Ph__active/result.json"", ""data/reference_thermochemistry/product_amine/stationarity/result.json""]","[""808134131d2b258463deb9515e4b678c992065ff08521f0b833de022acdf5976"", ""320207d7a21680926414b387b1b8cd3adcb066bb7fc19106fe58731629d2bffb""]","[""dd3dc073aaaa7286e03e56f6976ac022aef2a0cea92518c3fa08cf48e41e7b96"", ""1310231bc0e8cfa7827d24c6e16bb1ae55f4c47ed9c416194f0e2ec8627a6231""]",Reaction thermodynamics of separate 1M molecular species; no kinetic barrier or TOF
Ru_pyridine_pnn_Ph,imine_hydrogenation,420.0,15.768641632468643,hydrogenated_cat + imine -> active_cat + product_amine,True,True,"[""data/campaign/thermochemistry/Ru_pyridine_pnn_Ph__hydrogenated/result.json"", ""data/reference_thermochemistry/imine/stationarity/result.json""]","[""data/campaign/thermochemistry/Ru_pyridine_pnn_Ph__active/result.json"", ""data/reference_thermochemistry/product_amine/stationarity/result.json""]","[""808134131d2b258463deb9515e4b678c992065ff08521f0b833de022acdf5976"", ""320207d7a21680926414b387b1b8cd3adcb066bb7fc19106fe58731629d2bffb""]","[""dd3dc073aaaa7286e03e56f6976ac022aef2a0cea92518c3fa08cf48e41e7b96"", ""1310231bc0e8cfa7827d24c6e16bb1ae55f4c47ed9c416194f0e2ec8627a6231""]",Reaction thermodynamics of separate 1M molecular species; no kinetic barrier or TOF
Ru_pyridine_pnn_Ph,imine_hydrogenation,430.0,15.761538115661097,hydrogenated_cat + imine -> active_cat + product_amine,True,True,"[""data/campaign/thermochemistry/Ru_pyridine_pnn_Ph__hydrogenated/result.json"", ""data/reference_thermochemistry/imine/stationarity/result.json""]","[""data/campaign/thermochemistry/Ru_pyridine_pnn_Ph__active/result.json"", ""data/reference_thermochemistry/product_amine/stationarity/result.json""]","[""808134131d2b258463deb9515e4b678c992065ff08521f0b833de022acdf5976"", ""320207d7a21680926414b387b1b8cd3adcb066bb7fc19106fe58731629d2bffb""]","[""dd3dc073aaaa7286e03e56f6976ac022aef2a0cea92518c3fa08cf48e41e7b96"", ""1310231bc0e8cfa7827d24c6e16bb1ae55f4c47ed9c416194f0e2ec8627a6231""]",Reaction thermodynamics of separate 1M molecular species; no kinetic barrier or TOF
Ru_pyridine_pnn_Ph,imine_hydrogenation,440.0,15.754296882420022,hydrogenated_cat + imine -> active_cat + product_amine,True,True,"[""data/campaign/thermochemistry/Ru_pyridine_pnn_Ph__hydrogenated/result.json"", ""data/reference_thermochemistry/imine/stationarity/result.json""]","[""data/campaign/thermochemistry/Ru_pyridine_pnn_Ph__active/result.json"", ""data/reference_thermochemistry/product_amine/stationarity/result.json""]","[""808134131d2b258463deb9515e4b678c992065ff08521f0b833de022acdf5976"", ""320207d7a21680926414b387b1b8cd3adcb066bb7fc19106fe58731629d2bffb""]","[""dd3dc073aaaa7286e03e56f6976ac022aef2a0cea92518c3fa08cf48e41e7b96"", ""1310231bc0e8cfa7827d24c6e16bb1ae55f4c47ed9c416194f0e2ec8627a6231""]",Reaction thermodynamics of separate 1M molecular species; no kinetic barrier or TOF
Ru_pyridine_pnn_iPr,alcohol_dehydrogenation,298.15,-20.268180262582973,active_cat + benzyl_alcohol -> hydrogenated_cat + benzaldehyde,True,True,"[""data/campaign/thermochemistry/Ru_pyridine_pnn_iPr__active/result.json"", ""data/reference_thermochemistry/benzyl_alcohol/stationarity/result.json""]","[""data/campaign/thermochemistry/Ru_pyridine_pnn_iPr__hydrogenated/result.json"", ""data/reference_thermochemistry/benzaldehyde/stationarity/result.json""]","[""0676988afaa0ae6d8f020f390b16ceb07981c0706677d83ad19202f53583a020"", ""f4897da33f477e49dfa225e23571ab1376182c83d5412b994134a99a99cc75c0""]","[""8519a5f7127456f380d1b3c982742fc752958c478587fab0fdd297b68e0f63fe"", ""e7292b48e5f27218094b119118595a7fc0b25d93db34b114bb0582e7ad8b60b9""]",Reaction thermodynamics of separate 1M molecular species; no kinetic barrier or TOF
Ru_pyridine_pnn_iPr,alcohol_dehydrogenation,340.0,-20.183951912742486,active_cat + benzyl_alcohol -> hydrogenated_cat + benzaldehyde,True,True,"[""data/campaign/thermochemistry/Ru_pyridine_pnn_iPr__active/result.json"", ""data/reference_thermochemistry/benzyl_alcohol/stationarity/result.json""]","[""data/campaign/thermochemistry/Ru_pyridine_pnn_iPr__hydrogenated/result.json"", ""data/reference_thermochemistry/benzaldehyde/stationarity/result.json""]","[""0676988afaa0ae6d8f020f390b16ceb07981c0706677d83ad19202f53583a020"", ""f4897da33f477e49dfa225e23571ab1376182c83d5412b994134a99a99cc75c0""]","[""8519a5f7127456f380d1b3c982742fc752958c478587fab0fdd297b68e0f63fe"", ""e7292b48e5f27218094b119118595a7fc0b25d93db34b114bb0582e7ad8b60b9""]",Reaction thermodynamics of separate 1M molecular species; no kinetic barrier or TOF
Ru_pyridine_pnn_iPr,alcohol_dehydrogenation,350.0,-20.163036039459257,active_cat + benzyl_alcohol -> hydrogenated_cat + benzaldehyde,True,True,"[""data/campaign/thermochemistry/Ru_pyridine_pnn_iPr__active/result.json"", ""data/reference_thermochemistry/benzyl_alcohol/stationarity/result.json""]","[""data/campaign/thermochemistry/Ru_pyridine_pnn_iPr__hydrogenated/result.json"", ""data/reference_thermochemistry/benzaldehyde/stationarity/result.json""]","[""0676988afaa0ae6d8f020f390b16ceb07981c0706677d83ad19202f53583a020"", ""f4897da33f477e49dfa225e23571ab1376182c83d5412b994134a99a99cc75c0""]","[""8519a5f7127456f380d1b3c982742fc752958c478587fab0fdd297b68e0f63fe"", ""e7292b48e5f27218094b119118595a7fc0b25d93db34b114bb0582e7ad8b60b9""]",Reaction thermodynamics of separate 1M molecular species; no kinetic barrier or TOF
Ru_pyridine_pnn_iPr,alcohol_dehydrogenation,360.0,-20.141839623227497,active_cat + benzyl_alcohol -> hydrogenated_cat + benzaldehyde,True,True,"[""data/campaign/thermochemistry/Ru_pyridine_pnn_iPr__active/result.json"", ""data/reference_thermochemistry/benzyl_alcohol/stationarity/result.json""]","[""data/campaign/thermochemistry/Ru_pyridine_pnn_iPr__hydrogenated/result.json"", ""data/reference_thermochemistry/benzaldehyde/stationarity/result.json""]","[""0676988afaa0ae6d8f020f390b16ceb07981c0706677d83ad19202f53583a020"", ""f4897da33f477e49dfa225e23571ab1376182c83d5412b994134a99a99cc75c0""]","[""8519a5f7127456f380d1b3c982742fc752958c478587fab0fdd297b68e0f63fe"", ""e7292b48e5f27218094b119118595a7fc0b25d93db34b114bb0582e7ad8b60b9""]",Reaction thermodynamics of separate 1M molecular species; no kinetic barrier or TOF
Ru_pyridine_pnn_iPr,alcohol_dehydrogenation,370.0,-20.120374722611814,active_cat + benzyl_alcohol -> hydrogenated_cat + benzaldehyde,True,True,"[""data/campaign/thermochemistry/Ru_pyridine_pnn_iPr__active/result.json"", ""data/reference_thermochemistry/benzyl_alcohol/stationarity/result.json""]","[""data/campaign/thermochemistry/Ru_pyridine_pnn_iPr__hydrogenated/result.json"", ""data/reference_thermochemistry/benzaldehyde/stationarity/result.json""]","[""0676988afaa0ae6d8f020f390b16ceb07981c0706677d83ad19202f53583a020"", ""f4897da33f477e49dfa225e23571ab1376182c83d5412b994134a99a99cc75c0""]","[""8519a5f7127456f380d1b3c982742fc752958c478587fab0fdd297b68e0f63fe"", ""e7292b48e5f27218094b119118595a7fc0b25d93db34b114bb0582e7ad8b60b9""]",Reaction thermodynamics of separate 1M molecular species; no kinetic barrier or TOF
Ru_pyridine_pnn_iPr,alcohol_dehydrogenation,380.0,-20.09865345543767,active_cat + benzyl_alcohol -> hydrogenated_cat + benzaldehyde,True,True,"[""data/campaign/thermochemistry/Ru_pyridine_pnn_iPr__active/result.json"", ""data/reference_thermochemistry/benzyl_alcohol/stationarity/result.json""]","[""data/campaign/thermochemistry/Ru_pyridine_pnn_iPr__hydrogenated/result.json"", ""data/reference_thermochemistry/benzaldehyde/stationarity/result.json""]","[""0676988afaa0ae6d8f020f390b16ceb07981c0706677d83ad19202f53583a020"", ""f4897da33f477e49dfa225e23571ab1376182c83d5412b994134a99a99cc75c0""]","[""8519a5f7127456f380d1b3c982742fc752958c478587fab0fdd297b68e0f63fe"", ""e7292b48e5f27218094b119118595a7fc0b25d93db34b114bb0582e7ad8b60b9""]",Reaction thermodynamics of separate 1M molecular species; no kinetic barrier or TOF
Ru_pyridine_pnn_iPr,alcohol_dehydrogenation,383.15,-20.09176009519433,active_cat + benzyl_alcohol -> hydrogenated_cat + benzaldehyde,True,True,"[""data/campaign/thermochemistry/Ru_pyridine_pnn_iPr__active/result.json"", ""data/reference_thermochemistry/benzyl_alcohol/stationarity/result.json""]","[""data/campaign/thermochemistry/Ru_pyridine_pnn_iPr__hydrogenated/result.json"", ""data/reference_thermochemistry/benzaldehyde/stationarity/result.json""]","[""0676988afaa0ae6d8f020f390b16ceb07981c0706677d83ad19202f53583a020"", ""f4897da33f477e49dfa225e23571ab1376182c83d5412b994134a99a99cc75c0""]","[""8519a5f7127456f380d1b3c982742fc752958c478587fab0fdd297b68e0f63fe"", ""e7292b48e5f27218094b119118595a7fc0b25d93db34b114bb0582e7ad8b60b9""]",Reaction thermodynamics of separate 1M molecular species; no kinetic barrier or TOF
Ru_pyridine_pnn_iPr,alcohol_dehydrogenation,390.0,-20.076687922492056,active_cat + benzyl_alcohol -> hydrogenated_cat + benzaldehyde,True,True,"[""data/campaign/thermochemistry/Ru_pyridine_pnn_iPr__active/result.json"", ""data/reference_thermochemistry/benzyl_alcohol/stationarity/result.json""]","[""data/campaign/thermochemistry/Ru_pyridine_pnn_iPr__hydrogenated/result.json"", ""data/reference_thermochemistry/benzaldehyde/stationarity/result.json""]","[""0676988afaa0ae6d8f020f390b16ceb07981c0706677d83ad19202f53583a020"", ""f4897da33f477e49dfa225e23571ab1376182c83d5412b994134a99a99cc75c0""]","[""8519a5f7127456f380d1b3c982742fc752958c478587fab0fdd297b68e0f63fe"", ""e7292b48e5f27218094b119118595a7fc0b25d93db34b114bb0582e7ad8b60b9""]",Reaction thermodynamics of separate 1M molecular species; no kinetic barrier or TOF
Ru_pyridine_pnn_iPr,alcohol_dehydrogenation,400.0,-20.054490143489602,active_cat + benzyl_alcohol -> hydrogenated_cat + benzaldehyde,True,True,"[""data/campaign/thermochemistry/Ru_pyridine_pnn_iPr__active/result.json"", ""data/reference_thermochemistry/benzyl_alcohol/stationarity/result.json""]","[""data/campaign/thermochemistry/Ru_pyridine_pnn_iPr__hydrogenated/result.json"", ""data/reference_thermochemistry/benzaldehyde/stationarity/result.json""]","[""0676988afaa0ae6d8f020f390b16ceb07981c0706677d83ad19202f53583a020"", ""f4897da33f477e49dfa225e23571ab1376182c83d5412b994134a99a99cc75c0""]","[""8519a5f7127456f380d1b3c982742fc752958c478587fab0fdd297b68e0f63fe"", ""e7292b48e5f27218094b119118595a7fc0b25d93db34b114bb0582e7ad8b60b9""]",Reaction thermodynamics of separate 1M molecular species; no kinetic barrier or TOF
Ru_pyridine_pnn_iPr,alcohol_dehydrogenation,410.0,-20.032072003326903,active_cat + benzyl_alcohol -> hydrogenated_cat + benzaldehyde,True,True,"[""data/campaign/thermochemistry/Ru_pyridine_pnn_iPr__active/result.json"", ""data/reference_thermochemistry/benzyl_alcohol/stationarity/result.json""]","[""data/campaign/thermochemistry/Ru_pyridine_pnn_iPr__hydrogenated/result.json"", ""data/reference_thermochemistry/benzaldehyde/stationarity/result.json""]","[""0676988afaa0ae6d8f020f390b16ceb07981c0706677d83ad19202f53583a020"", ""f4897da33f477e49dfa225e23571ab1376182c83d5412b994134a99a99cc75c0""]","[""8519a5f7127456f380d1b3c982742fc752958c478587fab0fdd297b68e0f63fe"", ""e7292b48e5f27218094b119118595a7fc0b25d93db34b114bb0582e7ad8b60b9""]",Reaction thermodynamics of separate 1M molecular species; no kinetic barrier or TOF
Ru_pyridine_pnn_iPr,alcohol_dehydrogenation,420.0,-20.009445207373574,active_cat + benzyl_alcohol -> hydrogenated_cat + benzaldehyde,True,True,"[""data/campaign/thermochemistry/Ru_pyridine_pnn_iPr__active/result.json"", ""data/reference_thermochemistry/benzyl_alcohol/stationarity/result.json""]","[""data/campaign/thermochemistry/Ru_pyridine_pnn_iPr__hydrogenated/result.json"", ""data/reference_thermochemistry/benzaldehyde/stationarity/result.json""]","[""0676988afaa0ae6d8f020f390b16ceb07981c0706677d83ad19202f53583a020"", ""f4897da33f477e49dfa225e23571ab1376182c83d5412b994134a99a99cc75c0""]","[""8519a5f7127456f380d1b3c982742fc752958c478587fab0fdd297b68e0f63fe"", ""e7292b48e5f27218094b119118595a7fc0b25d93db34b114bb0582e7ad8b60b9""]",Reaction thermodynamics of separate 1M molecular species; no kinetic barrier or TOF
Ru_pyridine_pnn_iPr,alcohol_dehydrogenation,430.0,-19.986621244588605,active_cat + benzyl_alcohol -> hydrogenated_cat + benzaldehyde,True,True,"[""data/campaign/thermochemistry/Ru_pyridine_pnn_iPr__active/result.json"", ""data/reference_thermochemistry/benzyl_alcohol/stationarity/result.json""]","[""data/campaign/thermochemistry/Ru_pyridine_pnn_iPr__hydrogenated/result.json"", ""data/reference_thermochemistry/benzaldehyde/stationarity/result.json""]","[""0676988afaa0ae6d8f020f390b16ceb07981c0706677d83ad19202f53583a020"", ""f4897da33f477e49dfa225e23571ab1376182c83d5412b994134a99a99cc75c0""]","[""8519a5f7127456f380d1b3c982742fc752958c478587fab0fdd297b68e0f63fe"", ""e7292b48e5f27218094b119118595a7fc0b25d93db34b114bb0582e7ad8b60b9""]",Reaction thermodynamics of separate 1M molecular species; no kinetic barrier or TOF
Ru_pyridine_pnn_iPr,alcohol_dehydrogenation,440.0,-19.963611357143236,active_cat + benzyl_alcohol -> hydrogenated_cat + benzaldehyde,True,True,"[""data/campaign/thermochemistry/Ru_pyridine_pnn_iPr__active/result.json"", ""data/reference_thermochemistry/benzyl_alcohol/stationarity/result.json""]","[""data/campaign/thermochemistry/Ru_pyridine_pnn_iPr__hydrogenated/result.json"", ""data/reference_thermochemistry/benzaldehyde/stationarity/result.json""]","[""0676988afaa0ae6d8f020f390b16ceb07981c0706677d83ad19202f53583a020"", ""f4897da33f477e49dfa225e23571ab1376182c83d5412b994134a99a99cc75c0""]","[""8519a5f7127456f380d1b3c982742fc752958c478587fab0fdd297b68e0f63fe"", ""e7292b48e5f27218094b119118595a7fc0b25d93db34b114bb0582e7ad8b60b9""]",Reaction thermodynamics of separate 1M molecular species; no kinetic barrier or TOF
Ru_pyridine_pnn_iPr,separated_ion_deprotonation,298.15,-46.47444347477358,protonated_cat(+) + tert_butoxide(-) -> active_cat + tert_butanol,True,True,"[""data/campaign/thermochemistry/Ru_pyridine_pnn_iPr__protonated_reference/result.json"", ""data/reference_thermochemistry/tert_butoxide_anion/stationarity/result.json""]","[""data/campaign/thermochemistry/Ru_pyridine_pnn_iPr__active/result.json"", ""data/reference_thermochemistry/tert_butanol/stationarity/result.json""]","[""62a4c08afd3b47ee87c8191475aa88e600c6050f33e2899d1389ac9af350c462"", ""d212e4231d6b932ee1d5bcd7336d05f49a5bd740e5762fb2e2806c3cb8018b82""]","[""0676988afaa0ae6d8f020f390b16ceb07981c0706677d83ad19202f53583a020"", ""528ce6cef516220b49746927b16e66a325ccc5797a749a09e16cf5dfe6b1bd99""]",Separated-ion reference only; does not establish dissolved tBuOK salt speciation or ion pairing
Ru_pyridine_pnn_iPr,separated_ion_deprotonation,340.0,-46.61106629623646,protonated_cat(+) + tert_butoxide(-) -> active_cat + tert_butanol,True,True,"[""data/campaign/thermochemistry/Ru_pyridine_pnn_iPr__protonated_reference/result.json"", ""data/reference_thermochemistry/tert_butoxide_anion/stationarity/result.json""]","[""data/campaign/thermochemistry/Ru_pyridine_pnn_iPr__active/result.json"", ""data/reference_thermochemistry/tert_butanol/stationarity/result.json""]","[""62a4c08afd3b47ee87c8191475aa88e600c6050f33e2899d1389ac9af350c462"", ""d212e4231d6b932ee1d5bcd7336d05f49a5bd740e5762fb2e2806c3cb8018b82""]","[""0676988afaa0ae6d8f020f390b16ceb07981c0706677d83ad19202f53583a020"", ""528ce6cef516220b49746927b16e66a325ccc5797a749a09e16cf5dfe6b1bd99""]",Separated-ion reference only; does not establish dissolved tBuOK salt speciation or ion pairing
Ru_pyridine_pnn_iPr,separated_ion_deprotonation,350.0,-46.64499492312825,protonated_cat(+) + tert_butoxide(-) -> active_cat + tert_butanol,True,True,"[""data/campaign/thermochemistry/Ru_pyridine_pnn_iPr__protonated_reference/result.json"", ""data/reference_thermochemistry/tert_butoxide_anion/stationarity/result.json""]","[""data/campaign/thermochemistry/Ru_pyridine_pnn_iPr__active/result.json"", ""data/reference_thermochemistry/tert_butanol/stationarity/result.json""]","[""62a4c08afd3b47ee87c8191475aa88e600c6050f33e2899d1389ac9af350c462"", ""d212e4231d6b932ee1d5bcd7336d05f49a5bd740e5762fb2e2806c3cb8018b82""]","[""0676988afaa0ae6d8f020f390b16ceb07981c0706677d83ad19202f53583a020"", ""528ce6cef516220b49746927b16e66a325ccc5797a749a09e16cf5dfe6b1bd99""]",Separated-ion reference only; does not establish dissolved tBuOK salt speciation or ion pairing
Ru_pyridine_pnn_iPr,separated_ion_deprotonation,360.0,-46.67935293073242,protonated_cat(+) + tert_butoxide(-) -> active_cat + tert_butanol,True,True,"[""data/campaign/thermochemistry/Ru_pyridine_pnn_iPr__protonated_reference/result.json"", ""data/reference_thermochemistry/tert_butoxide_anion/stationarity/result.json""]","[""data/campaign/thermochemistry/Ru_pyridine_pnn_iPr__active/result.json"", ""data/reference_thermochemistry/tert_butanol/stationarity/result.json""]","[""62a4c08afd3b47ee87c8191475aa88e600c6050f33e2899d1389ac9af350c462"", ""d212e4231d6b932ee1d5bcd7336d05f49a5bd740e5762fb2e2806c3cb8018b82""]","[""0676988afaa0ae6d8f020f390b16ceb07981c0706677d83ad19202f53583a020"", ""528ce6cef516220b49746927b16e66a325ccc5797a749a09e16cf5dfe6b1bd99""]",Separated-ion reference only; does not establish dissolved tBuOK salt speciation or ion pairing
Ru_pyridine_pnn_iPr,separated_ion_deprotonation,370.0,-46.714112712843416,protonated_cat(+) + tert_butoxide(-) -> active_cat + tert_butanol,True,True,"[""data/campaign/thermochemistry/Ru_pyridine_pnn_iPr__protonated_reference/result.json"", ""data/reference_thermochemistry/tert_butoxide_anion/stationarity/result.json""]","[""data/campaign/thermochemistry/Ru_pyridine_pnn_iPr__active/result.json"", ""data/reference_thermochemistry/tert_butanol/stationarity/result.json""]","[""62a4c08afd3b47ee87c8191475aa88e600c6050f33e2899d1389ac9af350c462"", ""d212e4231d6b932ee1d5bcd7336d05f49a5bd740e5762fb2e2806c3cb8018b82""]","[""0676988afaa0ae6d8f020f390b16ceb07981c0706677d83ad19202f53583a020"", ""528ce6cef516220b49746927b16e66a325ccc5797a749a09e16cf5dfe6b1bd99""]",Separated-ion reference only; does not establish dissolved tBuOK salt speciation or ion pairing
Ru_pyridine_pnn_iPr,separated_ion_deprotonation,380.0,-46.749248708043524,protonated_cat(+) + tert_butoxide(-) -> active_cat + tert_butanol,True,True,"[""data/campaign/thermochemistry/Ru_pyridine_pnn_iPr__protonated_reference/result.json"", ""data/reference_thermochemistry/tert_butoxide_anion/stationarity/result.json""]","[""data/campaign/thermochemistry/Ru_pyridine_pnn_iPr__active/result.json"", ""data/reference_thermochemistry/tert_butanol/stationarity/result.json""]","[""62a4c08afd3b47ee87c8191475aa88e600c6050f33e2899d1389ac9af350c462"", ""d212e4231d6b932ee1d5bcd7336d05f49a5bd740e5762fb2e2806c3cb8018b82""]","[""0676988afaa0ae6d8f020f390b16ceb07981c0706677d83ad19202f53583a020"", ""528ce6cef516220b49746927b16e66a325ccc5797a749a09e16cf5dfe6b1bd99""]",Separated-ion reference only; does not establish dissolved tBuOK salt speciation or ion pairing
Ru_pyridine_pnn_iPr,separated_ion_deprotonation,383.15,-46.760390633113275,protonated_cat(+) + tert_butoxide(-) -> active_cat + tert_butanol,True,True,"[""data/campaign/thermochemistry/Ru_pyridine_pnn_iPr__protonated_reference/result.json"", ""data/reference_thermochemistry/tert_butoxide_anion/stationarity/result.json""]","[""data/campaign/thermochemistry/Ru_pyridine_pnn_iPr__active/result.json"", ""data/reference_thermochemistry/tert_butanol/stationarity/result.json""]","[""62a4c08afd3b47ee87c8191475aa88e600c6050f33e2899d1389ac9af350c462"", ""d212e4231d6b932ee1d5bcd7336d05f49a5bd740e5762fb2e2806c3cb8018b82""]","[""0676988afaa0ae6d8f020f390b16ceb07981c0706677d83ad19202f53583a020"", ""528ce6cef516220b49746927b16e66a325ccc5797a749a09e16cf5dfe6b1bd99""]",Separated-ion reference only; does not establish dissolved tBuOK salt speciation or ion pairing
Ru_pyridine_pnn_iPr,separated_ion_deprotonation,390.0,-46.78473724781543,protonated_cat(+) + tert_butoxide(-) -> active_cat + tert_butanol,True,True,"[""data/campaign/thermochemistry/Ru_pyridine_pnn_iPr__protonated_reference/result.json"", ""data/reference_thermochemistry/tert_butoxide_anion/stationarity/result.json""]","[""data/campaign/thermochemistry/Ru_pyridine_pnn_iPr__active/result.json"", ""data/reference_thermochemistry/tert_butanol/stationarity/result.json""]","[""62a4c08afd3b47ee87c8191475aa88e600c6050f33e2899d1389ac9af350c462"", ""d212e4231d6b932ee1d5bcd7336d05f49a5bd740e5762fb2e2806c3cb8018b82""]","[""0676988afaa0ae6d8f020f390b16ceb07981c0706677d83ad19202f53583a020"", ""528ce6cef516220b49746927b16e66a325ccc5797a749a09e16cf5dfe6b1bd99""]",Separated-ion reference only; does not establish dissolved tBuOK salt speciation or ion pairing
Ru_pyridine_pnn_iPr,separated_ion_deprotonation,400.0,-46.82055641029001,protonated_cat(+) + tert_butoxide(-) -> active_cat + tert_butanol,True,True,"[""data/campaign/thermochemistry/Ru_pyridine_pnn_iPr__protonated_reference/result.json"", ""data/reference_thermochemistry/tert_butoxide_anion/stationarity/result.json""]","[""data/campaign/thermochemistry/Ru_pyridine_pnn_iPr__active/result.json"", ""data/reference_thermochemistry/tert_butanol/stationarity/result.json""]","[""62a4c08afd3b47ee87c8191475aa88e600c6050f33e2899d1389ac9af350c462"", ""d212e4231d6b932ee1d5bcd7336d05f49a5bd740e5762fb2e2806c3cb8018b82""]","[""0676988afaa0ae6d8f020f390b16ceb07981c0706677d83ad19202f53583a020"", ""528ce6cef516220b49746927b16e66a325ccc5797a749a09e16cf5dfe6b1bd99""]",Separated-ion reference only; does not establish dissolved tBuOK salt speciation or ion pairing
Ru_pyridine_pnn_iPr,separated_ion_deprotonation,410.0,-46.85668588110457,protonated_cat(+) + tert_butoxide(-) -> active_cat + tert_butanol,True,True,"[""data/campaign/thermochemistry/Ru_pyridine_pnn_iPr__protonated_reference/result.json"", ""data/reference_thermochemistry/tert_butoxide_anion/stationarity/result.json""]","[""data/campaign/thermochemistry/Ru_pyridine_pnn_iPr__active/result.json"", ""data/reference_thermochemistry/tert_butanol/stationarity/result.json""]","[""62a4c08afd3b47ee87c8191475aa88e600c6050f33e2899d1389ac9af350c462"", ""d212e4231d6b932ee1d5bcd7336d05f49a5bd740e5762fb2e2806c3cb8018b82""]","[""0676988afaa0ae6d8f020f390b16ceb07981c0706677d83ad19202f53583a020"", ""528ce6cef516220b49746927b16e66a325ccc5797a749a09e16cf5dfe6b1bd99""]",Separated-ion reference only; does not establish dissolved tBuOK salt speciation or ion pairing
Ru_pyridine_pnn_iPr,separated_ion_deprotonation,420.0,-46.893106822306436,protonated_cat(+) + tert_butoxide(-) -> active_cat + tert_butanol,True,True,"[""data/campaign/thermochemistry/Ru_pyridine_pnn_iPr__protonated_reference/result.json"", ""data/reference_thermochemistry/tert_butoxide_anion/stationarity/result.json""]","[""data/campaign/thermochemistry/Ru_pyridine_pnn_iPr__active/result.json"", ""data/reference_thermochemistry/tert_butanol/stationarity/result.json""]","[""62a4c08afd3b47ee87c8191475aa88e600c6050f33e2899d1389ac9af350c462"", ""d212e4231d6b932ee1d5bcd7336d05f49a5bd740e5762fb2e2806c3cb8018b82""]","[""0676988afaa0ae6d8f020f390b16ceb07981c0706677d83ad19202f53583a020"", ""528ce6cef516220b49746927b16e66a325ccc5797a749a09e16cf5dfe6b1bd99""]",Separated-ion reference only; does not establish dissolved tBuOK salt speciation or ion pairing
Ru_pyridine_pnn_iPr,separated_ion_deprotonation,430.0,-46.92980174962395,protonated_cat(+) + tert_butoxide(-) -> active_cat + tert_butanol,True,True,"[""data/campaign/thermochemistry/Ru_pyridine_pnn_iPr__protonated_reference/result.json"", ""data/reference_thermochemistry/tert_butoxide_anion/stationarity/result.json""]","[""data/campaign/thermochemistry/Ru_pyridine_pnn_iPr__active/result.json"", ""data/reference_thermochemistry/tert_butanol/stationarity/result.json""]","[""62a4c08afd3b47ee87c8191475aa88e600c6050f33e2899d1389ac9af350c462"", ""d212e4231d6b932ee1d5bcd7336d05f49a5bd740e5762fb2e2806c3cb8018b82""]","[""0676988afaa0ae6d8f020f390b16ceb07981c0706677d83ad19202f53583a020"", ""528ce6cef516220b49746927b16e66a325ccc5797a749a09e16cf5dfe6b1bd99""]",Separated-ion reference only; does not establish dissolved tBuOK salt speciation or ion pairing
Ru_pyridine_pnn_iPr,separated_ion_deprotonation,440.0,-46.966754418575874,protonated_cat(+) + tert_butoxide(-) -> active_cat + tert_butanol,True,True,"[""data/campaign/thermochemistry/Ru_pyridine_pnn_iPr__protonated_reference/result.json"", ""data/reference_thermochemistry/tert_butoxide_anion/stationarity/result.json""]","[""data/campaign/thermochemistry/Ru_pyridine_pnn_iPr__active/result.json"", ""data/reference_thermochemistry/tert_butanol/stationarity/result.json""]","[""62a4c08afd3b47ee87c8191475aa88e600c6050f33e2899d1389ac9af350c462"", ""d212e4231d6b932ee1d5bcd7336d05f49a5bd740e5762fb2e2806c3cb8018b82""]","[""0676988afaa0ae6d8f020f390b16ceb07981c0706677d83ad19202f53583a020"", ""528ce6cef516220b49746927b16e66a325ccc5797a749a09e16cf5dfe6b1bd99""]",Separated-ion reference only; does not establish dissolved tBuOK salt speciation or ion pairing
Ru_pyridine_pnn_iPr,imine_hydrogenation,298.15,17.89290597926083,hydrogenated_cat + imine -> active_cat + product_amine,True,True,"[""data/campaign/thermochemistry/Ru_pyridine_pnn_iPr__hydrogenated/result.json"", ""data/reference_thermochemistry/imine/stationarity/result.json""]","[""data/campaign/thermochemistry/Ru_pyridine_pnn_iPr__active/result.json"", ""data/reference_thermochemistry/product_amine/stationarity/result.json""]","[""8519a5f7127456f380d1b3c982742fc752958c478587fab0fdd297b68e0f63fe"", ""320207d7a21680926414b387b1b8cd3adcb066bb7fc19106fe58731629d2bffb""]","[""0676988afaa0ae6d8f020f390b16ceb07981c0706677d83ad19202f53583a020"", ""1310231bc0e8cfa7827d24c6e16bb1ae55f4c47ed9c416194f0e2ec8627a6231""]",Reaction thermodynamics of separate 1M molecular species; no kinetic barrier or TOF
Ru_pyridine_pnn_iPr,imine_hydrogenation,340.0,17.871408596398396,hydrogenated_cat + imine -> active_cat + product_amine,True,True,"[""data/campaign/thermochemistry/Ru_pyridine_pnn_iPr__hydrogenated/result.json"", ""data/reference_thermochemistry/imine/stationarity/result.json""]","[""data/campaign/thermochemistry/Ru_pyridine_pnn_iPr__active/result.json"", ""data/reference_thermochemistry/product_amine/stationarity/result.json""]","[""8519a5f7127456f380d1b3c982742fc752958c478587fab0fdd297b68e0f63fe"", ""320207d7a21680926414b387b1b8cd3adcb066bb7fc19106fe58731629d2bffb""]","[""0676988afaa0ae6d8f020f390b16ceb07981c0706677d83ad19202f53583a020"", ""1310231bc0e8cfa7827d24c6e16bb1ae55f4c47ed9c416194f0e2ec8627a6231""]",Reaction thermodynamics of separate 1M molecular species; no kinetic barrier or TOF
Ru_pyridine_pnn_iPr,imine_hydrogenation,350.0,17.865240246341273,hydrogenated_cat + imine -> active_cat + product_amine,True,True,"[""data/campaign/thermochemistry/Ru_pyridine_pnn_iPr__hydrogenated/result.json"", ""data/reference_thermochemistry/imine/stationarity/result.json""]","[""data/campaign/thermochemistry/Ru_pyridine_pnn_iPr__active/result.json"", ""data/reference_thermochemistry/product_amine/stationarity/result.json""]","[""8519a5f7127456f380d1b3c982742fc752958c478587fab0fdd297b68e0f63fe"", ""320207d7a21680926414b387b1b8cd3adcb066bb7fc19106fe58731629d2bffb""]","[""0676988afaa0ae6d8f020f390b16ceb07981c0706677d83ad19202f53583a020"", ""1310231bc0e8cfa7827d24c6e16bb1ae55f4c47ed9c416194f0e2ec8627a6231""]",Reaction thermodynamics of separate 1M molecular species; no kinetic barrier or TOF
Ru_pyridine_pnn_iPr,imine_hydrogenation,360.0,17.858705336351704,hydrogenated_cat + imine -> active_cat + product_amine,True,True,"[""data/campaign/thermochemistry/Ru_pyridine_pnn_iPr__hydrogenated/result.json"", ""data/reference_thermochemistry/imine/stationarity/result.json""]","[""data/campaign/thermochemistry/Ru_pyridine_pnn_iPr__active/result.json"", ""data/reference_thermochemistry/product_amine/stationarity/result.json""]","[""8519a5f7127456f380d1b3c982742fc752958c478587fab0fdd297b68e0f63fe"", ""320207d7a21680926414b387b1b8cd3adcb066bb7fc19106fe58731629d2bffb""]","[""0676988afaa0ae6d8f020f390b16ceb07981c0706677d83ad19202f53583a020"", ""1310231bc0e8cfa7827d24c6e16bb1ae55f4c47ed9c416194f0e2ec8627a6231""]",Reaction thermodynamics of separate 1M molecular species; no kinetic barrier or TOF
Ru_pyridine_pnn_iPr,imine_hydrogenation,370.0,17.85181933826607,hydrogenated_cat + imine -> active_cat + product_amine,True,True,"[""data/campaign/thermochemistry/Ru_pyridine_pnn_iPr__hydrogenated/result.json"", ""data/reference_thermochemistry/imine/stationarity/result.json""]","[""data/campaign/thermochemistry/Ru_pyridine_pnn_iPr__active/result.json"", ""data/reference_thermochemistry/product_amine/stationarity/result.json""]","[""8519a5f7127456f380d1b3c982742fc752958c478587fab0fdd297b68e0f63fe"", ""320207d7a21680926414b387b1b8cd3adcb066bb7fc19106fe58731629d2bffb""]","[""0676988afaa0ae6d8f020f390b16ceb07981c0706677d83ad19202f53583a020"", ""1310231bc0e8cfa7827d24c6e16bb1ae55f4c47ed9c416194f0e2ec8627a6231""]",Reaction thermodynamics of separate 1M molecular species; no kinetic barrier or TOF
Ru_pyridine_pnn_iPr,imine_hydrogenation,380.0,17.844597635321406,hydrogenated_cat + imine -> active_cat + product_amine,True,True,"[""data/campaign/thermochemistry/Ru_pyridine_pnn_iPr__hydrogenated/result.json"", ""data/reference_thermochemistry/imine/stationarity/result.json""]","[""data/campaign/thermochemistry/Ru_pyridine_pnn_iPr__active/result.json"", ""data/reference_thermochemistry/product_amine/stationarity/result.json""]","[""8519a5f7127456f380d1b3c982742fc752958c478587fab0fdd297b68e0f63fe"", ""320207d7a21680926414b387b1b8cd3adcb066bb7fc19106fe58731629d2bffb""]","[""0676988afaa0ae6d8f020f390b16ceb07981c0706677d83ad19202f53583a020"", ""1310231bc0e8cfa7827d24c6e16bb1ae55f4c47ed9c416194f0e2ec8627a6231""]",Reaction thermodynamics of separate 1M molecular species; no kinetic barrier or TOF
Ru_pyridine_pnn_iPr,imine_hydrogenation,383.15,17.842255705036223,hydrogenated_cat + imine -> active_cat + product_amine,True,True,"[""data/campaign/thermochemistry/Ru_pyridine_pnn_iPr__hydrogenated/result.json"", ""data/reference_thermochemistry/imine/stationarity/result.json""]","[""data/campaign/thermochemistry/Ru_pyridine_pnn_iPr__active/result.json"", ""data/reference_thermochemistry/product_amine/stationarity/result.json""]","[""8519a5f7127456f380d1b3c982742fc752958c478587fab0fdd297b68e0f63fe"", ""320207d7a21680926414b387b1b8cd3adcb066bb7fc19106fe58731629d2bffb""]","[""0676988afaa0ae6d8f020f390b16ceb07981c0706677d83ad19202f53583a020"", ""1310231bc0e8cfa7827d24c6e16bb1ae55f4c47ed9c416194f0e2ec8627a6231""]",Reaction thermodynamics of separate 1M molecular species; no kinetic barrier or TOF
Ru_pyridine_pnn_iPr,imine_hydrogenation,390.0,17.837055419662647,hydrogenated_cat + imine -> active_cat + product_amine,True,True,"[""data/campaign/thermochemistry/Ru_pyridine_pnn_iPr__hydrogenated/result.json"", ""data/reference_thermochemistry/imine/stationarity/result.json""]","[""data/campaign/thermochemistry/Ru_pyridine_pnn_iPr__active/result.json"", ""data/reference_thermochemistry/product_amine/stationarity/result.json""]","[""8519a5f7127456f380d1b3c982742fc752958c478587fab0fdd297b68e0f63fe"", ""320207d7a21680926414b387b1b8cd3adcb066bb7fc19106fe58731629d2bffb""]","[""0676988afaa0ae6d8f020f390b16ceb07981c0706677d83ad19202f53583a020"", ""1310231bc0e8cfa7827d24c6e16bb1ae55f4c47ed9c416194f0e2ec8627a6231""]",Reaction thermodynamics of separate 1M molecular species; no kinetic barrier or TOF
Ru_pyridine_pnn_iPr,imine_hydrogenation,400.0,17.8292076112848,hydrogenated_cat + imine -> active_cat + product_amine,True,True,"[""data/campaign/thermochemistry/Ru_pyridine_pnn_iPr__hydrogenated/result.json"", ""data/reference_thermochemistry/imine/stationarity/result.json""]","[""data/campaign/thermochemistry/Ru_pyridine_pnn_iPr__active/result.json"", ""data/reference_thermochemistry/product_amine/stationarity/result.json""]","[""8519a5f7127456f380d1b3c982742fc752958c478587fab0fdd297b68e0f63fe"", ""320207d7a21680926414b387b1b8cd3adcb066bb7fc19106fe58731629d2bffb""]","[""0676988afaa0ae6d8f020f390b16ceb07981c0706677d83ad19202f53583a020"", ""1310231bc0e8cfa7827d24c6e16bb1ae55f4c47ed9c416194f0e2ec8627a6231""]",Reaction thermodynamics of separate 1M molecular species; no kinetic barrier or TOF
Ru_pyridine_pnn_iPr,imine_hydrogenation,410.0,17.821068794484745,hydrogenated_cat + imine -> active_cat + product_amine,True,True,"[""data/campaign/thermochemistry/Ru_pyridine_pnn_iPr__hydrogenated/result.json"", ""data/reference_thermochemistry/imine/stationarity/result.json""]","[""data/campaign/thermochemistry/Ru_pyridine_pnn_iPr__active/result.json"", ""data/reference_thermochemistry/product_amine/stationarity/result.json""]","[""8519a5f7127456f380d1b3c982742fc752958c478587fab0fdd297b68e0f63fe"", ""320207d7a21680926414b387b1b8cd3adcb066bb7fc19106fe58731629d2bffb""]","[""0676988afaa0ae6d8f020f390b16ceb07981c0706677d83ad19202f53583a020"", ""1310231bc0e8cfa7827d24c6e16bb1ae55f4c47ed9c416194f0e2ec8627a6231""]",Reaction thermodynamics of separate 1M molecular species; no kinetic barrier or TOF
Ru_pyridine_pnn_iPr,imine_hydrogenation,420.0,17.812653169243276,hydrogenated_cat + imine -> active_cat + product_amine,True,True,"[""data/campaign/thermochemistry/Ru_pyridine_pnn_iPr__hydrogenated/result.json"", ""data/reference_thermochemistry/imine/stationarity/result.json""]","[""data/campaign/thermochemistry/Ru_pyridine_pnn_iPr__active/result.json"", ""data/reference_thermochemistry/product_amine/stationarity/result.json""]","[""8519a5f7127456f380d1b3c982742fc752958c478587fab0fdd297b68e0f63fe"", ""320207d7a21680926414b387b1b8cd3adcb066bb7fc19106fe58731629d2bffb""]","[""0676988afaa0ae6d8f020f390b16ceb07981c0706677d83ad19202f53583a020"", ""1310231bc0e8cfa7827d24c6e16bb1ae55f4c47ed9c416194f0e2ec8627a6231""]",Reaction thermodynamics of separate 1M molecular species; no kinetic barrier or TOF
Ru_pyridine_pnn_iPr,imine_hydrogenation,430.0,17.803974514874426,hydrogenated_cat + imine -> active_cat + product_amine,True,True,"[""data/campaign/thermochemistry/Ru_pyridine_pnn_iPr__hydrogenated/result.json"", ""data/reference_thermochemistry/imine/stationarity/result.json""]","[""data/campaign/thermochemistry/Ru_pyridine_pnn_iPr__active/result.json"", ""data/reference_thermochemistry/product_amine/stationarity/result.json""]","[""8519a5f7127456f380d1b3c982742fc752958c478587fab0fdd297b68e0f63fe"", ""320207d7a21680926414b387b1b8cd3adcb066bb7fc19106fe58731629d2bffb""]","[""0676988afaa0ae6d8f020f390b16ceb07981c0706677d83ad19202f53583a020"", ""1310231bc0e8cfa7827d24c6e16bb1ae55f4c47ed9c416194f0e2ec8627a6231""]",Reaction thermodynamics of separate 1M molecular species; no kinetic barrier or TOF
Ru_pyridine_pnn_iPr,imine_hydrogenation,440.0,17.795046163664665,hydrogenated_cat + imine -> active_cat + product_amine,True,True,"[""data/campaign/thermochemistry/Ru_pyridine_pnn_iPr__hydrogenated/result.json"", ""data/reference_thermochemistry/imine/stationarity/result.json""]","[""data/campaign/thermochemistry/Ru_pyridine_pnn_iPr__active/result.json"", ""data/reference_thermochemistry/product_amine/stationarity/result.json""]","[""8519a5f7127456f380d1b3c982742fc752958c478587fab0fdd297b68e0f63fe"", ""320207d7a21680926414b387b1b8cd3adcb066bb7fc19106fe58731629d2bffb""]","[""0676988afaa0ae6d8f020f390b16ceb07981c0706677d83ad19202f53583a020"", ""1310231bc0e8cfa7827d24c6e16bb1ae55f4c47ed9c416194f0e2ec8627a6231""]",Reaction thermodynamics of separate 1M molecular species; no kinetic barrier or TOF
Ru_bipyridine_pnnoh_Ph,alcohol_dehydrogenation,298.15,-21.439247789219735,active_cat + benzyl_alcohol -> hydrogenated_cat + benzaldehyde,True,True,"[""data/targeted_rescue/thermochemistry/Ru_bipyridine_pnnoh_Ph__active/result.json"", ""data/reference_thermochemistry/benzyl_alcohol/stationarity/result.json""]","[""data/targeted_rescue/thermochemistry/Ru_bipyridine_pnnoh_Ph__hydrogenated/result.json"", ""data/reference_thermochemistry/benzaldehyde/stationarity/result.json""]","[""f417bd5294e6d589c1648fb3092362b6cebda7d6d85bf97e2e831972735387c7"", ""f4897da33f477e49dfa225e23571ab1376182c83d5412b994134a99a99cc75c0""]","[""91ea845baac54c4a8c140202bc198b76a49f5d339dee855cc65bd5e6fd4cf66e"", ""e7292b48e5f27218094b119118595a7fc0b25d93db34b114bb0582e7ad8b60b9""]",Reaction thermodynamics of separate 1M molecular species; no kinetic barrier or TOF
Ru_bipyridine_pnnoh_Ph,alcohol_dehydrogenation,340.0,-21.37134502828485,active_cat + benzyl_alcohol -> hydrogenated_cat + benzaldehyde,True,True,"[""data/targeted_rescue/thermochemistry/Ru_bipyridine_pnnoh_Ph__active/result.json"", ""data/reference_thermochemistry/benzyl_alcohol/stationarity/result.json""]","[""data/targeted_rescue/thermochemistry/Ru_bipyridine_pnnoh_Ph__hydrogenated/result.json"", ""data/reference_thermochemistry/benzaldehyde/stationarity/result.json""]","[""f417bd5294e6d589c1648fb3092362b6cebda7d6d85bf97e2e831972735387c7"", ""f4897da33f477e49dfa225e23571ab1376182c83d5412b994134a99a99cc75c0""]","[""91ea845baac54c4a8c140202bc198b76a49f5d339dee855cc65bd5e6fd4cf66e"", ""e7292b48e5f27218094b119118595a7fc0b25d93db34b114bb0582e7ad8b60b9""]",Reaction thermodynamics of separate 1M molecular species; no kinetic barrier or TOF
Ru_bipyridine_pnnoh_Ph,alcohol_dehydrogenation,350.0,-21.355604665961437,active_cat + benzyl_alcohol -> hydrogenated_cat + benzaldehyde,True,True,"[""data/targeted_rescue/thermochemistry/Ru_bipyridine_pnnoh_Ph__active/result.json"", ""data/reference_thermochemistry/benzyl_alcohol/stationarity/result.json""]","[""data/targeted_rescue/thermochemistry/Ru_bipyridine_pnnoh_Ph__hydrogenated/result.json"", ""data/reference_thermochemistry/benzaldehyde/stationarity/result.json""]","[""f417bd5294e6d589c1648fb3092362b6cebda7d6d85bf97e2e831972735387c7"", ""f4897da33f477e49dfa225e23571ab1376182c83d5412b994134a99a99cc75c0""]","[""91ea845baac54c4a8c140202bc198b76a49f5d339dee855cc65bd5e6fd4cf66e"", ""e7292b48e5f27218094b119118595a7fc0b25d93db34b114bb0582e7ad8b60b9""]",Reaction thermodynamics of separate 1M molecular species; no kinetic barrier or TOF
Ru_bipyridine_pnnoh_Ph,alcohol_dehydrogenation,360.0,-21.34005946832076,active_cat + benzyl_alcohol -> hydrogenated_cat + benzaldehyde,True,True,"[""data/targeted_rescue/thermochemistry/Ru_bipyridine_pnnoh_Ph__active/result.json"", ""data/reference_thermochemistry/benzyl_alcohol/stationarity/result.json""]","[""data/targeted_rescue/thermochemistry/Ru_bipyridine_pnnoh_Ph__hydrogenated/result.json"", ""data/reference_thermochemistry/benzaldehyde/stationarity/result.json""]","[""f417bd5294e6d589c1648fb3092362b6cebda7d6d85bf97e2e831972735387c7"", ""f4897da33f477e49dfa225e23571ab1376182c83d5412b994134a99a99cc75c0""]","[""91ea845baac54c4a8c140202bc198b76a49f5d339dee855cc65bd5e6fd4cf66e"", ""e7292b48e5f27218094b119118595a7fc0b25d93db34b114bb0582e7ad8b60b9""]",Reaction thermodynamics of separate 1M molecular species; no kinetic barrier or TOF
Ru_bipyridine_pnnoh_Ph,alcohol_dehydrogenation,370.0,-21.3247125400394,active_cat + benzyl_alcohol -> hydrogenated_cat + benzaldehyde,True,True,"[""data/targeted_rescue/thermochemistry/Ru_bipyridine_pnnoh_Ph__active/result.json"", ""data/reference_thermochemistry/benzyl_alcohol/stationarity/result.json""]","[""data/targeted_rescue/thermochemistry/Ru_bipyridine_pnnoh_Ph__hydrogenated/result.json"", ""data/reference_thermochemistry/benzaldehyde/stationarity/result.json""]","[""f417bd5294e6d589c1648fb3092362b6cebda7d6d85bf97e2e831972735387c7"", ""f4897da33f477e49dfa225e23571ab1376182c83d5412b994134a99a99cc75c0""]","[""91ea845baac54c4a8c140202bc198b76a49f5d339dee855cc65bd5e6fd4cf66e"", ""e7292b48e5f27218094b119118595a7fc0b25d93db34b114bb0582e7ad8b60b9""]",Reaction thermodynamics of separate 1M molecular species; no kinetic barrier or TOF
Ru_bipyridine_pnnoh_Ph,alcohol_dehydrogenation,380.0,-21.30956660193442,active_cat + benzyl_alcohol -> hydrogenated_cat + benzaldehyde,True,True,"[""data/targeted_rescue/thermochemistry/Ru_bipyridine_pnnoh_Ph__active/result.json"", ""data/reference_thermochemistry/benzyl_alcohol/stationarity/result.json""]","[""data/targeted_rescue/thermochemistry/Ru_bipyridine_pnnoh_Ph__hydrogenated/result.json"", ""data/reference_thermochemistry/benzaldehyde/stationarity/result.json""]","[""f417bd5294e6d589c1648fb3092362b6cebda7d6d85bf97e2e831972735387c7"", ""f4897da33f477e49dfa225e23571ab1376182c83d5412b994134a99a99cc75c0""]","[""91ea845baac54c4a8c140202bc198b76a49f5d339dee855cc65bd5e6fd4cf66e"", ""e7292b48e5f27218094b119118595a7fc0b25d93db34b114bb0582e7ad8b60b9""]",Reaction thermodynamics of separate 1M molecular species; no kinetic barrier or TOF
Ru_bipyridine_pnnoh_Ph,alcohol_dehydrogenation,383.15,-21.304837647883687,active_cat + benzyl_alcohol -> hydrogenated_cat + benzaldehyde,True,True,"[""data/targeted_rescue/thermochemistry/Ru_bipyridine_pnnoh_Ph__active/result.json"", ""data/reference_thermochemistry/benzyl_alcohol/stationarity/result.json""]","[""data/targeted_rescue/thermochemistry/Ru_bipyridine_pnnoh_Ph__hydrogenated/result.json"", ""data/reference_thermochemistry/benzaldehyde/stationarity/result.json""]","[""f417bd5294e6d589c1648fb3092362b6cebda7d6d85bf97e2e831972735387c7"", ""f4897da33f477e49dfa225e23571ab1376182c83d5412b994134a99a99cc75c0""]","[""91ea845baac54c4a8c140202bc198b76a49f5d339dee855cc65bd5e6fd4cf66e"", ""e7292b48e5f27218094b119118595a7fc0b25d93db34b114bb0582e7ad8b60b9""]",Reaction thermodynamics of separate 1M molecular species; no kinetic barrier or TOF
Ru_bipyridine_pnnoh_Ph,alcohol_dehydrogenation,390.0,-21.294624033058426,active_cat + benzyl_alcohol -> hydrogenated_cat + benzaldehyde,True,True,"[""data/targeted_rescue/thermochemistry/Ru_bipyridine_pnnoh_Ph__active/result.json"", ""data/reference_thermochemistry/benzyl_alcohol/stationarity/result.json""]","[""data/targeted_rescue/thermochemistry/Ru_bipyridine_pnnoh_Ph__hydrogenated/result.json"", ""data/reference_thermochemistry/benzaldehyde/stationarity/result.json""]","[""f417bd5294e6d589c1648fb3092362b6cebda7d6d85bf97e2e831972735387c7"", ""f4897da33f477e49dfa225e23571ab1376182c83d5412b994134a99a99cc75c0""]","[""91ea845baac54c4a8c140202bc198b76a49f5d339dee855cc65bd5e6fd4cf66e"", ""e7292b48e5f27218094b119118595a7fc0b25d93db34b114bb0582e7ad8b60b9""]",Reaction thermodynamics of separate 1M molecular species; no kinetic barrier or TOF
Ru_bipyridine_pnnoh_Ph,alcohol_dehydrogenation,400.0,-21.279886907779655,active_cat + benzyl_alcohol -> hydrogenated_cat + benzaldehyde,True,True,"[""data/targeted_rescue/thermochemistry/Ru_bipyridine_pnnoh_Ph__active/result.json"", ""data/reference_thermochemistry/benzyl_alcohol/stationarity/result.json""]","[""data/targeted_rescue/thermochemistry/Ru_bipyridine_pnnoh_Ph__hydrogenated/result.json"", ""data/reference_thermochemistry/benzaldehyde/stationarity/result.json""]","[""f417bd5294e6d589c1648fb3092362b6cebda7d6d85bf97e2e831972735387c7"", ""f4897da33f477e49dfa225e23571ab1376182c83d5412b994134a99a99cc75c0""]","[""91ea845baac54c4a8c140202bc198b76a49f5d339dee855cc65bd5e6fd4cf66e"", ""e7292b48e5f27218094b119118595a7fc0b25d93db34b114bb0582e7ad8b60b9""]",Reaction thermodynamics of separate 1M molecular species; no kinetic barrier or TOF
Ru_bipyridine_pnnoh_Ph,alcohol_dehydrogenation,410.0,-21.265357028329163,active_cat + benzyl_alcohol -> hydrogenated_cat + benzaldehyde,True,True,"[""data/targeted_rescue/thermochemistry/Ru_bipyridine_pnnoh_Ph__active/result.json"", ""data/reference_thermochemistry/benzyl_alcohol/stationarity/result.json""]","[""data/targeted_rescue/thermochemistry/Ru_bipyridine_pnnoh_Ph__hydrogenated/result.json"", ""data/reference_thermochemistry/benzaldehyde/stationarity/result.json""]","[""f417bd5294e6d589c1648fb3092362b6cebda7d6d85bf97e2e831972735387c7"", ""f4897da33f477e49dfa225e23571ab1376182c83d5412b994134a99a99cc75c0""]","[""91ea845baac54c4a8c140202bc198b76a49f5d339dee855cc65bd5e6fd4cf66e"", ""e7292b48e5f27218094b119118595a7fc0b25d93db34b114bb0582e7ad8b60b9""]",Reaction thermodynamics of separate 1M molecular species; no kinetic barrier or TOF
Ru_bipyridine_pnnoh_Ph,alcohol_dehydrogenation,420.0,-21.251035952975144,active_cat + benzyl_alcohol -> hydrogenated_cat + benzaldehyde,True,True,"[""data/targeted_rescue/thermochemistry/Ru_bipyridine_pnnoh_Ph__active/result.json"", ""data/reference_thermochemistry/benzyl_alcohol/stationarity/result.json""]","[""data/targeted_rescue/thermochemistry/Ru_bipyridine_pnnoh_Ph__hydrogenated/result.json"", ""data/reference_thermochemistry/benzaldehyde/stationarity/result.json""]","[""f417bd5294e6d589c1648fb3092362b6cebda7d6d85bf97e2e831972735387c7"", ""f4897da33f477e49dfa225e23571ab1376182c83d5412b994134a99a99cc75c0""]","[""91ea845baac54c4a8c140202bc198b76a49f5d339dee855cc65bd5e6fd4cf66e"", ""e7292b48e5f27218094b119118595a7fc0b25d93db34b114bb0582e7ad8b60b9""]",Reaction thermodynamics of separate 1M molecular species; no kinetic barrier or TOF
Ru_bipyridine_pnnoh_Ph,alcohol_dehydrogenation,430.0,-21.236925020322815,active_cat + benzyl_alcohol -> hydrogenated_cat + benzaldehyde,True,True,"[""data/targeted_rescue/thermochemistry/Ru_bipyridine_pnnoh_Ph__active/result.json"", ""data/reference_thermochemistry/benzyl_alcohol/stationarity/result.json""]","[""data/targeted_rescue/thermochemistry/Ru_bipyridine_pnnoh_Ph__hydrogenated/result.json"", ""data/reference_thermochemistry/benzaldehyde/stationarity/result.json""]","[""f417bd5294e6d589c1648fb3092362b6cebda7d6d85bf97e2e831972735387c7"", ""f4897da33f477e49dfa225e23571ab1376182c83d5412b994134a99a99cc75c0""]","[""91ea845baac54c4a8c140202bc198b76a49f5d339dee855cc65bd5e6fd4cf66e"", ""e7292b48e5f27218094b119118595a7fc0b25d93db34b114bb0582e7ad8b60b9""]",Reaction thermodynamics of separate 1M molecular species; no kinetic barrier or TOF
Ru_bipyridine_pnnoh_Ph,alcohol_dehydrogenation,440.0,-21.223025370247342,active_cat + benzyl_alcohol -> hydrogenated_cat + benzaldehyde,True,True,"[""data/targeted_rescue/thermochemistry/Ru_bipyridine_pnnoh_Ph__active/result.json"", ""data/reference_thermochemistry/benzyl_alcohol/stationarity/result.json""]","[""data/targeted_rescue/thermochemistry/Ru_bipyridine_pnnoh_Ph__hydrogenated/result.json"", ""data/reference_thermochemistry/benzaldehyde/stationarity/result.json""]","[""f417bd5294e6d589c1648fb3092362b6cebda7d6d85bf97e2e831972735387c7"", ""f4897da33f477e49dfa225e23571ab1376182c83d5412b994134a99a99cc75c0""]","[""91ea845baac54c4a8c140202bc198b76a49f5d339dee855cc65bd5e6fd4cf66e"", ""e7292b48e5f27218094b119118595a7fc0b25d93db34b114bb0582e7ad8b60b9""]",Reaction thermodynamics of separate 1M molecular species; no kinetic barrier or TOF
Ru_bipyridine_pnnoh_Ph,separated_ion_deprotonation,298.15,-55.830743544374855,protonated_cat(+) + tert_butoxide(-) -> active_cat + tert_butanol,True,True,"[""data/targeted_rescue/thermochemistry/Ru_bipyridine_pnnoh_Ph__protonated_reference/result.json"", ""data/reference_thermochemistry/tert_butoxide_anion/stationarity/result.json""]","[""data/targeted_rescue/thermochemistry/Ru_bipyridine_pnnoh_Ph__active/result.json"", ""data/reference_thermochemistry/tert_butanol/stationarity/result.json""]","[""b3b72c2a7a2d6d5f18acd6222708e5547cfda109852ee140269eb30588f0753c"", ""d212e4231d6b932ee1d5bcd7336d05f49a5bd740e5762fb2e2806c3cb8018b82""]","[""f417bd5294e6d589c1648fb3092362b6cebda7d6d85bf97e2e831972735387c7"", ""528ce6cef516220b49746927b16e66a325ccc5797a749a09e16cf5dfe6b1bd99""]",Separated-ion reference only; does not establish dissolved tBuOK salt speciation or ion pairing
Ru_bipyridine_pnnoh_Ph,separated_ion_deprotonation,340.0,-55.82228561003831,protonated_cat(+) + tert_butoxide(-) -> active_cat + tert_butanol,True,True,"[""data/targeted_rescue/thermochemistry/Ru_bipyridine_pnnoh_Ph__protonated_reference/result.json"", ""data/reference_thermochemistry/tert_butoxide_anion/stationarity/result.json""]","[""data/targeted_rescue/thermochemistry/Ru_bipyridine_pnnoh_Ph__active/result.json"", ""data/reference_thermochemistry/tert_butanol/stationarity/result.json""]","[""b3b72c2a7a2d6d5f18acd6222708e5547cfda109852ee140269eb30588f0753c"", ""d212e4231d6b932ee1d5bcd7336d05f49a5bd740e5762fb2e2806c3cb8018b82""]","[""f417bd5294e6d589c1648fb3092362b6cebda7d6d85bf97e2e831972735387c7"", ""528ce6cef516220b49746927b16e66a325ccc5797a749a09e16cf5dfe6b1bd99""]",Separated-ion reference only; does not establish dissolved tBuOK salt speciation or ion pairing
Ru_bipyridine_pnnoh_Ph,separated_ion_deprotonation,350.0,-55.819723619420984,protonated_cat(+) + tert_butoxide(-) -> active_cat + tert_butanol,True,True,"[""data/targeted_rescue/thermochemistry/Ru_bipyridine_pnnoh_Ph__protonated_reference/result.json"", ""data/reference_thermochemistry/tert_butoxide_anion/stationarity/result.json""]","[""data/targeted_rescue/thermochemistry/Ru_bipyridine_pnnoh_Ph__active/result.json"", ""data/reference_thermochemistry/tert_butanol/stationarity/result.json""]","[""b3b72c2a7a2d6d5f18acd6222708e5547cfda109852ee140269eb30588f0753c"", ""d212e4231d6b932ee1d5bcd7336d05f49a5bd740e5762fb2e2806c3cb8018b82""]","[""f417bd5294e6d589c1648fb3092362b6cebda7d6d85bf97e2e831972735387c7"", ""528ce6cef516220b49746927b16e66a325ccc5797a749a09e16cf5dfe6b1bd99""]",Separated-ion reference only; does not establish dissolved tBuOK salt speciation or ion pairing
Ru_bipyridine_pnnoh_Ph,separated_ion_deprotonation,360.0,-55.8169435458185,protonated_cat(+) + tert_butoxide(-) -> active_cat + tert_butanol,True,True,"[""data/targeted_rescue/thermochemistry/Ru_bipyridine_pnnoh_Ph__protonated_reference/result.json"", ""data/reference_thermochemistry/tert_butoxide_anion/stationarity/result.json""]","[""data/targeted_rescue/thermochemistry/Ru_bipyridine_pnnoh_Ph__active/result.json"", ""data/reference_thermochemistry/tert_butanol/stationarity/result.json""]","[""b3b72c2a7a2d6d5f18acd6222708e5547cfda109852ee140269eb30588f0753c"", ""d212e4231d6b932ee1d5bcd7336d05f49a5bd740e5762fb2e2806c3cb8018b82""]","[""f417bd5294e6d589c1648fb3092362b6cebda7d6d85bf97e2e831972735387c7"", ""528ce6cef516220b49746927b16e66a325ccc5797a749a09e16cf5dfe6b1bd99""]",Separated-ion reference only; does not establish dissolved tBuOK salt speciation or ion pairing
Ru_bipyridine_pnnoh_Ph,separated_ion_deprotonation,370.0,-55.813943086041036,protonated_cat(+) + tert_butoxide(-) -> active_cat + tert_butanol,True,True,"[""data/targeted_rescue/thermochemistry/Ru_bipyridine_pnnoh_Ph__protonated_reference/result.json"", ""data/reference_thermochemistry/tert_butoxide_anion/stationarity/result.json""]","[""data/targeted_rescue/thermochemistry/Ru_bipyridine_pnnoh_Ph__active/result.json"", ""data/reference_thermochemistry/tert_butanol/stationarity/result.json""]","[""b3b72c2a7a2d6d5f18acd6222708e5547cfda109852ee140269eb30588f0753c"", ""d212e4231d6b932ee1d5bcd7336d05f49a5bd740e5762fb2e2806c3cb8018b82""]","[""f417bd5294e6d589c1648fb3092362b6cebda7d6d85bf97e2e831972735387c7"", ""528ce6cef516220b49746927b16e66a325ccc5797a749a09e16cf5dfe6b1bd99""]",Separated-ion reference only; does not establish dissolved tBuOK salt speciation or ion pairing
Ru_bipyridine_pnnoh_Ph,separated_ion_deprotonation,380.0,-55.81072093065268,protonated_cat(+) + tert_butoxide(-) -> active_cat + tert_butanol,True,True,"[""data/targeted_rescue/thermochemistry/Ru_bipyridine_pnnoh_Ph__protonated_reference/result.json"", ""data/reference_thermochemistry/tert_butoxide_anion/stationarity/result.json""]","[""data/targeted_rescue/thermochemistry/Ru_bipyridine_pnnoh_Ph__active/result.json"", ""data/reference_thermochemistry/tert_butanol/stationarity/result.json""]","[""b3b72c2a7a2d6d5f18acd6222708e5547cfda109852ee140269eb30588f0753c"", ""d212e4231d6b932ee1d5bcd7336d05f49a5bd740e5762fb2e2806c3cb8018b82""]","[""f417bd5294e6d589c1648fb3092362b6cebda7d6d85bf97e2e831972735387c7"", ""528ce6cef516220b49746927b16e66a325ccc5797a749a09e16cf5dfe6b1bd99""]",Separated-ion reference only; does not establish dissolved tBuOK salt speciation or ion pairing
Ru_bipyridine_pnnoh_Ph,separated_ion_deprotonation,383.15,-55.80965994184953,protonated_cat(+) + tert_butoxide(-) -> active_cat + tert_butanol,True,True,"[""data/targeted_rescue/thermochemistry/Ru_bipyridine_pnnoh_Ph__protonated_reference/result.json"", ""data/reference_thermochemistry/tert_butoxide_anion/stationarity/result.json""]","[""data/targeted_rescue/thermochemistry/Ru_bipyridine_pnnoh_Ph__active/result.json"", ""data/reference_thermochemistry/tert_butanol/stationarity/result.json""]","[""b3b72c2a7a2d6d5f18acd6222708e5547cfda109852ee140269eb30588f0753c"", ""d212e4231d6b932ee1d5bcd7336d05f49a5bd740e5762fb2e2806c3cb8018b82""]","[""f417bd5294e6d589c1648fb3092362b6cebda7d6d85bf97e2e831972735387c7"", ""528ce6cef516220b49746927b16e66a325ccc5797a749a09e16cf5dfe6b1bd99""]",Separated-ion reference only; does not establish dissolved tBuOK salt speciation or ion pairing
Ru_bipyridine_pnnoh_Ph,separated_ion_deprotonation,390.0,-55.80727662300524,protonated_cat(+) + tert_butoxide(-) -> active_cat + tert_butanol,True,True,"[""data/targeted_rescue/thermochemistry/Ru_bipyridine_pnnoh_Ph__protonated_reference/result.json"", ""data/reference_thermochemistry/tert_butoxide_anion/stationarity/result.json""]","[""data/targeted_rescue/thermochemistry/Ru_bipyridine_pnnoh_Ph__active/result.json"", ""data/reference_thermochemistry/tert_butanol/stationarity/result.json""]","[""b3b72c2a7a2d6d5f18acd6222708e5547cfda109852ee140269eb30588f0753c"", ""d212e4231d6b932ee1d5bcd7336d05f49a5bd740e5762fb2e2806c3cb8018b82""]","[""f417bd5294e6d589c1648fb3092362b6cebda7d6d85bf97e2e831972735387c7"", ""528ce6cef516220b49746927b16e66a325ccc5797a749a09e16cf5dfe6b1bd99""]",Separated-ion reference only; does not establish dissolved tBuOK salt speciation or ion pairing
Ru_bipyridine_pnnoh_Ph,separated_ion_deprotonation,400.0,-55.80361043197627,protonated_cat(+) + tert_butoxide(-) -> active_cat + tert_butanol,True,True,"[""data/targeted_rescue/thermochemistry/Ru_bipyridine_pnnoh_Ph__protonated_reference/result.json"", ""data/reference_thermochemistry/tert_butoxide_anion/stationarity/result.json""]","[""data/targeted_rescue/thermochemistry/Ru_bipyridine_pnnoh_Ph__active/result.json"", ""data/reference_thermochemistry/tert_butanol/stationarity/result.json""]","[""b3b72c2a7a2d6d5f18acd6222708e5547cfda109852ee140269eb30588f0753c"", ""d212e4231d6b932ee1d5bcd7336d05f49a5bd740e5762fb2e2806c3cb8018b82""]","[""f417bd5294e6d589c1648fb3092362b6cebda7d6d85bf97e2e831972735387c7"", ""528ce6cef516220b49746927b16e66a325ccc5797a749a09e16cf5dfe6b1bd99""]",Separated-ion reference only; does not establish dissolved tBuOK salt speciation or ion pairing
Ru_bipyridine_pnnoh_Ph,separated_ion_deprotonation,410.0,-55.79972323835864,protonated_cat(+) + tert_butoxide(-) -> active_cat + tert_butanol,True,True,"[""data/targeted_rescue/thermochemistry/Ru_bipyridine_pnnoh_Ph__protonated_reference/result.json"", ""data/reference_thermochemistry/tert_butoxide_anion/stationarity/result.json""]","[""data/targeted_rescue/thermochemistry/Ru_bipyridine_pnnoh_Ph__active/result.json"", ""data/reference_thermochemistry/tert_butanol/stationarity/result.json""]","[""b3b72c2a7a2d6d5f18acd6222708e5547cfda109852ee140269eb30588f0753c"", ""d212e4231d6b932ee1d5bcd7336d05f49a5bd740e5762fb2e2806c3cb8018b82""]","[""f417bd5294e6d589c1648fb3092362b6cebda7d6d85bf97e2e831972735387c7"", ""528ce6cef516220b49746927b16e66a325ccc5797a749a09e16cf5dfe6b1bd99""]",Separated-ion reference only; does not establish dissolved tBuOK salt speciation or ion pairing
Ru_bipyridine_pnnoh_Ph,separated_ion_deprotonation,420.0,-55.795616433762916,protonated_cat(+) + tert_butoxide(-) -> active_cat + tert_butanol,True,True,"[""data/targeted_rescue/thermochemistry/Ru_bipyridine_pnnoh_Ph__protonated_reference/result.json"", ""data/reference_thermochemistry/tert_butoxide_anion/stationarity/result.json""]","[""data/targeted_rescue/thermochemistry/Ru_bipyridine_pnnoh_Ph__active/result.json"", ""data/reference_thermochemistry/tert_butanol/stationarity/result.json""]","[""b3b72c2a7a2d6d5f18acd6222708e5547cfda109852ee140269eb30588f0753c"", ""d212e4231d6b932ee1d5bcd7336d05f49a5bd740e5762fb2e2806c3cb8018b82""]","[""f417bd5294e6d589c1648fb3092362b6cebda7d6d85bf97e2e831972735387c7"", ""528ce6cef516220b49746927b16e66a325ccc5797a749a09e16cf5dfe6b1bd99""]",Separated-ion reference only; does not establish dissolved tBuOK salt speciation or ion pairing
Ru_bipyridine_pnnoh_Ph,separated_ion_deprotonation,430.0,-55.79129183140867,protonated_cat(+) + tert_butoxide(-) -> active_cat + tert_butanol,True,True,"[""data/targeted_rescue/thermochemistry/Ru_bipyridine_pnnoh_Ph__protonated_reference/result.json"", ""data/reference_thermochemistry/tert_butoxide_anion/stationarity/result.json""]","[""data/targeted_rescue/thermochemistry/Ru_bipyridine_pnnoh_Ph__active/result.json"", ""data/reference_thermochemistry/tert_butanol/stationarity/result.json""]","[""b3b72c2a7a2d6d5f18acd6222708e5547cfda109852ee140269eb30588f0753c"", ""d212e4231d6b932ee1d5bcd7336d05f49a5bd740e5762fb2e2806c3cb8018b82""]","[""f417bd5294e6d589c1648fb3092362b6cebda7d6d85bf97e2e831972735387c7"", ""528ce6cef516220b49746927b16e66a325ccc5797a749a09e16cf5dfe6b1bd99""]",Separated-ion reference only; does not establish dissolved tBuOK salt speciation or ion pairing
Ru_bipyridine_pnnoh_Ph,separated_ion_deprotonation,440.0,-55.786751587915205,protonated_cat(+) + tert_butoxide(-) -> active_cat + tert_butanol,True,True,"[""data/targeted_rescue/thermochemistry/Ru_bipyridine_pnnoh_Ph__protonated_reference/result.json"", ""data/reference_thermochemistry/tert_butoxide_anion/stationarity/result.json""]","[""data/targeted_rescue/thermochemistry/Ru_bipyridine_pnnoh_Ph__active/result.json"", ""data/reference_thermochemistry/tert_butanol/stationarity/result.json""]","[""b3b72c2a7a2d6d5f18acd6222708e5547cfda109852ee140269eb30588f0753c"", ""d212e4231d6b932ee1d5bcd7336d05f49a5bd740e5762fb2e2806c3cb8018b82""]","[""f417bd5294e6d589c1648fb3092362b6cebda7d6d85bf97e2e831972735387c7"", ""528ce6cef516220b49746927b16e66a325ccc5797a749a09e16cf5dfe6b1bd99""]",Separated-ion reference only; does not establish dissolved tBuOK salt speciation or ion pairing
Ru_bipyridine_pnnoh_Ph,imine_hydrogenation,298.15,19.063973505897593,hydrogenated_cat + imine -> active_cat + product_amine,True,True,"[""data/targeted_rescue/thermochemistry/Ru_bipyridine_pnnoh_Ph__hydrogenated/result.json"", ""data/reference_thermochemistry/imine/stationarity/result.json""]","[""data/targeted_rescue/thermochemistry/Ru_bipyridine_pnnoh_Ph__active/result.json"", ""data/reference_thermochemistry/product_amine/stationarity/result.json""]","[""91ea845baac54c4a8c140202bc198b76a49f5d339dee855cc65bd5e6fd4cf66e"", ""320207d7a21680926414b387b1b8cd3adcb066bb7fc19106fe58731629d2bffb""]","[""f417bd5294e6d589c1648fb3092362b6cebda7d6d85bf97e2e831972735387c7"", ""1310231bc0e8cfa7827d24c6e16bb1ae55f4c47ed9c416194f0e2ec8627a6231""]",Reaction thermodynamics of separate 1M molecular species; no kinetic barrier or TOF
Ru_bipyridine_pnnoh_Ph,imine_hydrogenation,340.0,19.05880171194076,hydrogenated_cat + imine -> active_cat + product_amine,True,True,"[""data/targeted_rescue/thermochemistry/Ru_bipyridine_pnnoh_Ph__hydrogenated/result.json"", ""data/reference_thermochemistry/imine/stationarity/result.json""]","[""data/targeted_rescue/thermochemistry/Ru_bipyridine_pnnoh_Ph__active/result.json"", ""data/reference_thermochemistry/product_amine/stationarity/result.json""]","[""91ea845baac54c4a8c140202bc198b76a49f5d339dee855cc65bd5e6fd4cf66e"", ""320207d7a21680926414b387b1b8cd3adcb066bb7fc19106fe58731629d2bffb""]","[""f417bd5294e6d589c1648fb3092362b6cebda7d6d85bf97e2e831972735387c7"", ""1310231bc0e8cfa7827d24c6e16bb1ae55f4c47ed9c416194f0e2ec8627a6231""]",Reaction thermodynamics of separate 1M molecular species; no kinetic barrier or TOF
Ru_bipyridine_pnnoh_Ph,imine_hydrogenation,350.0,19.057808872843452,hydrogenated_cat + imine -> active_cat + product_amine,True,True,"[""data/targeted_rescue/thermochemistry/Ru_bipyridine_pnnoh_Ph__hydrogenated/result.json"", ""data/reference_thermochemistry/imine/stationarity/result.json""]","[""data/targeted_rescue/thermochemistry/Ru_bipyridine_pnnoh_Ph__active/result.json"", ""data/reference_thermochemistry/product_amine/stationarity/result.json""]","[""91ea845baac54c4a8c140202bc198b76a49f5d339dee855cc65bd5e6fd4cf66e"", ""320207d7a21680926414b387b1b8cd3adcb066bb7fc19106fe58731629d2bffb""]","[""f417bd5294e6d589c1648fb3092362b6cebda7d6d85bf97e2e831972735387c7"", ""1310231bc0e8cfa7827d24c6e16bb1ae55f4c47ed9c416194f0e2ec8627a6231""]",Reaction thermodynamics of separate 1M molecular species; no kinetic barrier or TOF
Ru_bipyridine_pnnoh_Ph,imine_hydrogenation,360.0,19.056925181444967,hydrogenated_cat + imine -> active_cat + product_amine,True,True,"[""data/targeted_rescue/thermochemistry/Ru_bipyridine_pnnoh_Ph__hydrogenated/result.json"", ""data/reference_thermochemistry/imine/stationarity/result.json""]","[""data/targeted_rescue/thermochemistry/Ru_bipyridine_pnnoh_Ph__active/result.json"", ""data/reference_thermochemistry/product_amine/stationarity/result.json""]","[""91ea845baac54c4a8c140202bc198b76a49f5d339dee855cc65bd5e6fd4cf66e"", ""320207d7a21680926414b387b1b8cd3adcb066bb7fc19106fe58731629d2bffb""]","[""f417bd5294e6d589c1648fb3092362b6cebda7d6d85bf97e2e831972735387c7"", ""1310231bc0e8cfa7827d24c6e16bb1ae55f4c47ed9c416194f0e2ec8627a6231""]",Reaction thermodynamics of separate 1M molecular species; no kinetic barrier or TOF
Ru_bipyridine_pnnoh_Ph,imine_hydrogenation,370.0,19.056157155693654,hydrogenated_cat + imine -> active_cat + product_amine,True,True,"[""data/targeted_rescue/thermochemistry/Ru_bipyridine_pnnoh_Ph__hydrogenated/result.json"", ""data/reference_thermochemistry/imine/stationarity/result.json""]","[""data/targeted_rescue/thermochemistry/Ru_bipyridine_pnnoh_Ph__active/result.json"", ""data/reference_thermochemistry/product_amine/stationarity/result.json""]","[""91ea845baac54c4a8c140202bc198b76a49f5d339dee855cc65bd5e6fd4cf66e"", ""320207d7a21680926414b387b1b8cd3adcb066bb7fc19106fe58731629d2bffb""]","[""f417bd5294e6d589c1648fb3092362b6cebda7d6d85bf97e2e831972735387c7"", ""1310231bc0e8cfa7827d24c6e16bb1ae55f4c47ed9c416194f0e2ec8627a6231""]",Reaction thermodynamics of separate 1M molecular species; no kinetic barrier or TOF
Ru_bipyridine_pnnoh_Ph,imine_hydrogenation,380.0,19.055510781818157,hydrogenated_cat + imine -> active_cat + product_amine,True,True,"[""data/targeted_rescue/thermochemistry/Ru_bipyridine_pnnoh_Ph__hydrogenated/result.json"", ""data/reference_thermochemistry/imine/stationarity/result.json""]","[""data/targeted_rescue/thermochemistry/Ru_bipyridine_pnnoh_Ph__active/result.json"", ""data/reference_thermochemistry/product_amine/stationarity/result.json""]","[""91ea845baac54c4a8c140202bc198b76a49f5d339dee855cc65bd5e6fd4cf66e"", ""320207d7a21680926414b387b1b8cd3adcb066bb7fc19106fe58731629d2bffb""]","[""f417bd5294e6d589c1648fb3092362b6cebda7d6d85bf97e2e831972735387c7"", ""1310231bc0e8cfa7827d24c6e16bb1ae55f4c47ed9c416194f0e2ec8627a6231""]",Reaction thermodynamics of separate 1M molecular species; no kinetic barrier or TOF
Ru_bipyridine_pnnoh_Ph,imine_hydrogenation,383.15,19.05533325772558,hydrogenated_cat + imine -> active_cat + product_amine,True,True,"[""data/targeted_rescue/thermochemistry/Ru_bipyridine_pnnoh_Ph__hydrogenated/result.json"", ""data/reference_thermochemistry/imine/stationarity/result.json""]","[""data/targeted_rescue/thermochemistry/Ru_bipyridine_pnnoh_Ph__active/result.json"", ""data/reference_thermochemistry/product_amine/stationarity/result.json""]","[""91ea845baac54c4a8c140202bc198b76a49f5d339dee855cc65bd5e6fd4cf66e"", ""320207d7a21680926414b387b1b8cd3adcb066bb7fc19106fe58731629d2bffb""]","[""f417bd5294e6d589c1648fb3092362b6cebda7d6d85bf97e2e831972735387c7"", ""1310231bc0e8cfa7827d24c6e16bb1ae55f4c47ed9c416194f0e2ec8627a6231""]",Reaction thermodynamics of separate 1M molecular species; no kinetic barrier or TOF
Ru_bipyridine_pnnoh_Ph,imine_hydrogenation,390.0,19.054991530229017,hydrogenated_cat + imine -> active_cat + product_amine,True,True,"[""data/targeted_rescue/thermochemistry/Ru_bipyridine_pnnoh_Ph__hydrogenated/result.json"", ""data/reference_thermochemistry/imine/stationarity/result.json""]","[""data/targeted_rescue/thermochemistry/Ru_bipyridine_pnnoh_Ph__active/result.json"", ""data/reference_thermochemistry/product_amine/stationarity/result.json""]","[""91ea845baac54c4a8c140202bc198b76a49f5d339dee855cc65bd5e6fd4cf66e"", ""320207d7a21680926414b387b1b8cd3adcb066bb7fc19106fe58731629d2bffb""]","[""f417bd5294e6d589c1648fb3092362b6cebda7d6d85bf97e2e831972735387c7"", ""1310231bc0e8cfa7827d24c6e16bb1ae55f4c47ed9c416194f0e2ec8627a6231""]",Reaction thermodynamics of separate 1M molecular species; no kinetic barrier or TOF
Ru_bipyridine_pnnoh_Ph,imine_hydrogenation,400.0,19.054604375574854,hydrogenated_cat + imine -> active_cat + product_amine,True,True,"[""data/targeted_rescue/thermochemistry/Ru_bipyridine_pnnoh_Ph__hydrogenated/result.json"", ""data/reference_thermochemistry/imine/stationarity/result.json""]","[""data/targeted_rescue/thermochemistry/Ru_bipyridine_pnnoh_Ph__active/result.json"", ""data/reference_thermochemistry/product_amine/stationarity/result.json""]","[""91ea845baac54c4a8c140202bc198b76a49f5d339dee855cc65bd5e6fd4cf66e"", ""320207d7a21680926414b387b1b8cd3adcb066bb7fc19106fe58731629d2bffb""]","[""f417bd5294e6d589c1648fb3092362b6cebda7d6d85bf97e2e831972735387c7"", ""1310231bc0e8cfa7827d24c6e16bb1ae55f4c47ed9c416194f0e2ec8627a6231""]",Reaction thermodynamics of separate 1M molecular species; no kinetic barrier or TOF
Ru_bipyridine_pnnoh_Ph,imine_hydrogenation,410.0,19.054353819487005,hydrogenated_cat + imine -> active_cat + product_amine,True,True,"[""data/targeted_rescue/thermochemistry/Ru_bipyridine_pnnoh_Ph__hydrogenated/result.json"", ""data/reference_thermochemistry/imine/stationarity/result.json""]","[""data/targeted_rescue/thermochemistry/Ru_bipyridine_pnnoh_Ph__active/result.json"", ""data/reference_thermochemistry/product_amine/stationarity/result.json""]","[""91ea845baac54c4a8c140202bc198b76a49f5d339dee855cc65bd5e6fd4cf66e"", ""320207d7a21680926414b387b1b8cd3adcb066bb7fc19106fe58731629d2bffb""]","[""f417bd5294e6d589c1648fb3092362b6cebda7d6d85bf97e2e831972735387c7"", ""1310231bc0e8cfa7827d24c6e16bb1ae55f4c47ed9c416194f0e2ec8627a6231""]",Reaction thermodynamics of separate 1M molecular species; no kinetic barrier or TOF
Ru_bipyridine_pnnoh_Ph,imine_hydrogenation,420.0,19.054243914844847,hydrogenated_cat + imine -> active_cat + product_amine,True,True,"[""data/targeted_rescue/thermochemistry/Ru_bipyridine_pnnoh_Ph__hydrogenated/result.json"", ""data/reference_thermochemistry/imine/stationarity/result.json""]","[""data/targeted_rescue/thermochemistry/Ru_bipyridine_pnnoh_Ph__active/result.json"", ""data/reference_thermochemistry/product_amine/stationarity/result.json""]","[""91ea845baac54c4a8c140202bc198b76a49f5d339dee855cc65bd5e6fd4cf66e"", ""320207d7a21680926414b387b1b8cd3adcb066bb7fc19106fe58731629d2bffb""]","[""f417bd5294e6d589c1648fb3092362b6cebda7d6d85bf97e2e831972735387c7"", ""1310231bc0e8cfa7827d24c6e16bb1ae55f4c47ed9c416194f0e2ec8627a6231""]",Reaction thermodynamics of separate 1M molecular species; no kinetic barrier or TOF
Ru_bipyridine_pnnoh_Ph,imine_hydrogenation,430.0,19.054278290608636,hydrogenated_cat + imine -> active_cat + product_amine,True,True,"[""data/targeted_rescue/thermochemistry/Ru_bipyridine_pnnoh_Ph__hydrogenated/result.json"", ""data/reference_thermochemistry/imine/stationarity/result.json""]","[""data/targeted_rescue/thermochemistry/Ru_bipyridine_pnnoh_Ph__active/result.json"", ""data/reference_thermochemistry/product_amine/stationarity/result.json""]","[""91ea845baac54c4a8c140202bc198b76a49f5d339dee855cc65bd5e6fd4cf66e"", ""320207d7a21680926414b387b1b8cd3adcb066bb7fc19106fe58731629d2bffb""]","[""f417bd5294e6d589c1648fb3092362b6cebda7d6d85bf97e2e831972735387c7"", ""1310231bc0e8cfa7827d24c6e16bb1ae55f4c47ed9c416194f0e2ec8627a6231""]",Reaction thermodynamics of separate 1M molecular species; no kinetic barrier or TOF
Ru_bipyridine_pnnoh_Ph,imine_hydrogenation,440.0,19.05446017676877,hydrogenated_cat + imine -> active_cat + product_amine,True,True,"[""data/targeted_rescue/thermochemistry/Ru_bipyridine_pnnoh_Ph__hydrogenated/result.json"", ""data/reference_thermochemistry/imine/stationarity/result.json""]","[""data/targeted_rescue/thermochemistry/Ru_bipyridine_pnnoh_Ph__active/result.json"", ""data/reference_thermochemistry/product_amine/stationarity/result.json""]","[""91ea845baac54c4a8c140202bc198b76a49f5d339dee855cc65bd5e6fd4cf66e"", ""320207d7a21680926414b387b1b8cd3adcb066bb7fc19106fe58731629d2bffb""]","[""f417bd5294e6d589c1648fb3092362b6cebda7d6d85bf97e2e831972735387c7"", ""1310231bc0e8cfa7827d24c6e16bb1ae55f4c47ed9c416194f0e2ec8627a6231""]",Reaction thermodynamics of separate 1M molecular species; no kinetic barrier or TOF
Ru_bipyridine_pnnoh_iPr,alcohol_dehydrogenation,298.15,-21.502851648127034,active_cat + benzyl_alcohol -> hydrogenated_cat + benzaldehyde,True,True,"[""data/campaign/thermochemistry/Ru_bipyridine_pnnoh_iPr__active/result.json"", ""data/reference_thermochemistry/benzyl_alcohol/stationarity/result.json""]","[""data/campaign/thermochemistry/Ru_bipyridine_pnnoh_iPr__hydrogenated/result.json"", ""data/reference_thermochemistry/benzaldehyde/stationarity/result.json""]","[""7805c631b15cdeb0e11ee5632222c65f920955a3d623f1c2c980dddb26e5b0e1"", ""f4897da33f477e49dfa225e23571ab1376182c83d5412b994134a99a99cc75c0""]","[""b38f4d1bbfb5d3cf36717d9617b0ce046f4d5bfa3a09ced8c1eeab47fb81bd65"", ""e7292b48e5f27218094b119118595a7fc0b25d93db34b114bb0582e7ad8b60b9""]",Reaction thermodynamics of separate 1M molecular species; no kinetic barrier or TOF
Ru_bipyridine_pnnoh_iPr,alcohol_dehydrogenation,340.0,-21.4470780548545,active_cat + benzyl_alcohol -> hydrogenated_cat + benzaldehyde,True,True,"[""data/campaign/thermochemistry/Ru_bipyridine_pnnoh_iPr__active/result.json"", ""data/reference_thermochemistry/benzyl_alcohol/stationarity/result.json""]","[""data/campaign/thermochemistry/Ru_bipyridine_pnnoh_iPr__hydrogenated/result.json"", ""data/reference_thermochemistry/benzaldehyde/stationarity/result.json""]","[""7805c631b15cdeb0e11ee5632222c65f920955a3d623f1c2c980dddb26e5b0e1"", ""f4897da33f477e49dfa225e23571ab1376182c83d5412b994134a99a99cc75c0""]","[""b38f4d1bbfb5d3cf36717d9617b0ce046f4d5bfa3a09ced8c1eeab47fb81bd65"", ""e7292b48e5f27218094b119118595a7fc0b25d93db34b114bb0582e7ad8b60b9""]",Reaction thermodynamics of separate 1M molecular species; no kinetic barrier or TOF
Ru_bipyridine_pnnoh_iPr,alcohol_dehydrogenation,350.0,-21.434298094191035,active_cat + benzyl_alcohol -> hydrogenated_cat + benzaldehyde,True,True,"[""data/campaign/thermochemistry/Ru_bipyridine_pnnoh_iPr__active/result.json"", ""data/reference_thermochemistry/benzyl_alcohol/stationarity/result.json""]","[""data/campaign/thermochemistry/Ru_bipyridine_pnnoh_iPr__hydrogenated/result.json"", ""data/reference_thermochemistry/benzaldehyde/stationarity/result.json""]","[""7805c631b15cdeb0e11ee5632222c65f920955a3d623f1c2c980dddb26e5b0e1"", ""f4897da33f477e49dfa225e23571ab1376182c83d5412b994134a99a99cc75c0""]","[""b38f4d1bbfb5d3cf36717d9617b0ce046f4d5bfa3a09ced8c1eeab47fb81bd65"", ""e7292b48e5f27218094b119118595a7fc0b25d93db34b114bb0582e7ad8b60b9""]",Reaction thermodynamics of separate 1M molecular species; no kinetic barrier or TOF
Ru_bipyridine_pnnoh_iPr,alcohol_dehydrogenation,360.0,-21.42173489551533,active_cat + benzyl_alcohol -> hydrogenated_cat + benzaldehyde,True,True,"[""data/campaign/thermochemistry/Ru_bipyridine_pnnoh_iPr__active/result.json"", ""data/reference_thermochemistry/benzyl_alcohol/stationarity/result.json""]","[""data/campaign/thermochemistry/Ru_bipyridine_pnnoh_iPr__hydrogenated/result.json"", ""data/reference_thermochemistry/benzaldehyde/stationarity/result.json""]","[""7805c631b15cdeb0e11ee5632222c65f920955a3d623f1c2c980dddb26e5b0e1"", ""f4897da33f477e49dfa225e23571ab1376182c83d5412b994134a99a99cc75c0""]","[""b38f4d1bbfb5d3cf36717d9617b0ce046f4d5bfa3a09ced8c1eeab47fb81bd65"", ""e7292b48e5f27218094b119118595a7fc0b25d93db34b114bb0582e7ad8b60b9""]",Reaction thermodynamics of separate 1M molecular species; no kinetic barrier or TOF
Ru_bipyridine_pnnoh_iPr,alcohol_dehydrogenation,370.0,-21.409390334922136,active_cat + benzyl_alcohol -> hydrogenated_cat + benzaldehyde,True,True,"[""data/campaign/thermochemistry/Ru_bipyridine_pnnoh_iPr__active/result.json"", ""data/reference_thermochemistry/benzyl_alcohol/stationarity/result.json""]","[""data/campaign/thermochemistry/Ru_bipyridine_pnnoh_iPr__hydrogenated/result.json"", ""data/reference_thermochemistry/benzaldehyde/stationarity/result.json""]","[""7805c631b15cdeb0e11ee5632222c65f920955a3d623f1c2c980dddb26e5b0e1"", ""f4897da33f477e49dfa225e23571ab1376182c83d5412b994134a99a99cc75c0""]","[""b38f4d1bbfb5d3cf36717d9617b0ce046f4d5bfa3a09ced8c1eeab47fb81bd65"", ""e7292b48e5f27218094b119118595a7fc0b25d93db34b114bb0582e7ad8b60b9""]",Reaction thermodynamics of separate 1M molecular species; no kinetic barrier or TOF
Ru_bipyridine_pnnoh_iPr,alcohol_dehydrogenation,380.0,-21.397265887831963,active_cat + benzyl_alcohol -> hydrogenated_cat + benzaldehyde,True,True,"[""data/campaign/thermochemistry/Ru_bipyridine_pnnoh_iPr__active/result.json"", ""data/reference_thermochemistry/benzyl_alcohol/stationarity/result.json""]","[""data/campaign/thermochemistry/Ru_bipyridine_pnnoh_iPr__hydrogenated/result.json"", ""data/reference_thermochemistry/benzaldehyde/stationarity/result.json""]","[""7805c631b15cdeb0e11ee5632222c65f920955a3d623f1c2c980dddb26e5b0e1"", ""f4897da33f477e49dfa225e23571ab1376182c83d5412b994134a99a99cc75c0""]","[""b38f4d1bbfb5d3cf36717d9617b0ce046f4d5bfa3a09ced8c1eeab47fb81bd65"", ""e7292b48e5f27218094b119118595a7fc0b25d93db34b114bb0582e7ad8b60b9""]",Reaction thermodynamics of separate 1M molecular species; no kinetic barrier or TOF
Ru_bipyridine_pnnoh_iPr,alcohol_dehydrogenation,383.15,-21.393492464223527,active_cat + benzyl_alcohol -> hydrogenated_cat + benzaldehyde,True,True,"[""data/campaign/thermochemistry/Ru_bipyridine_pnnoh_iPr__active/result.json"", ""data/reference_thermochemistry/benzyl_alcohol/stationarity/result.json""]","[""data/campaign/thermochemistry/Ru_bipyridine_pnnoh_iPr__hydrogenated/result.json"", ""data/reference_thermochemistry/benzaldehyde/stationarity/result.json""]","[""7805c631b15cdeb0e11ee5632222c65f920955a3d623f1c2c980dddb26e5b0e1"", ""f4897da33f477e49dfa225e23571ab1376182c83d5412b994134a99a99cc75c0""]","[""b38f4d1bbfb5d3cf36717d9617b0ce046f4d5bfa3a09ced8c1eeab47fb81bd65"", ""e7292b48e5f27218094b119118595a7fc0b25d93db34b114bb0582e7ad8b60b9""]",Reaction thermodynamics of separate 1M molecular species; no kinetic barrier or TOF
Ru_bipyridine_pnnoh_iPr,alcohol_dehydrogenation,390.0,-21.38536268273492,active_cat + benzyl_alcohol -> hydrogenated_cat + benzaldehyde,True,True,"[""data/campaign/thermochemistry/Ru_bipyridine_pnnoh_iPr__active/result.json"", ""data/reference_thermochemistry/benzyl_alcohol/stationarity/result.json""]","[""data/campaign/thermochemistry/Ru_bipyridine_pnnoh_iPr__hydrogenated/result.json"", ""data/reference_thermochemistry/benzaldehyde/stationarity/result.json""]","[""7805c631b15cdeb0e11ee5632222c65f920955a3d623f1c2c980dddb26e5b0e1"", ""f4897da33f477e49dfa225e23571ab1376182c83d5412b994134a99a99cc75c0""]","[""b38f4d1bbfb5d3cf36717d9617b0ce046f4d5bfa3a09ced8c1eeab47fb81bd65"", ""e7292b48e5f27218094b119118595a7fc0b25d93db34b114bb0582e7ad8b60b9""]",Reaction thermodynamics of separate 1M molecular species; no kinetic barrier or TOF
Ru_bipyridine_pnnoh_iPr,alcohol_dehydrogenation,400.0,-21.373681548035165,active_cat + benzyl_alcohol -> hydrogenated_cat + benzaldehyde,True,True,"[""data/campaign/thermochemistry/Ru_bipyridine_pnnoh_iPr__active/result.json"", ""data/reference_thermochemistry/benzyl_alcohol/stationarity/result.json""]","[""data/campaign/thermochemistry/Ru_bipyridine_pnnoh_iPr__hydrogenated/result.json"", ""data/reference_thermochemistry/benzaldehyde/stationarity/result.json""]","[""7805c631b15cdeb0e11ee5632222c65f920955a3d623f1c2c980dddb26e5b0e1"", ""f4897da33f477e49dfa225e23571ab1376182c83d5412b994134a99a99cc75c0""]","[""b38f4d1bbfb5d3cf36717d9617b0ce046f4d5bfa3a09ced8c1eeab47fb81bd65"", ""e7292b48e5f27218094b119118595a7fc0b25d93db34b114bb0582e7ad8b60b9""]",Reaction thermodynamics of separate 1M molecular species; no kinetic barrier or TOF
Ru_bipyridine_pnnoh_iPr,alcohol_dehydrogenation,410.0,-21.362223052681657,active_cat + benzyl_alcohol -> hydrogenated_cat + benzaldehyde,True,True,"[""data/campaign/thermochemistry/Ru_bipyridine_pnnoh_iPr__active/result.json"", ""data/reference_thermochemistry/benzyl_alcohol/stationarity/result.json""]","[""data/campaign/thermochemistry/Ru_bipyridine_pnnoh_iPr__hydrogenated/result.json"", ""data/reference_thermochemistry/benzaldehyde/stationarity/result.json""]","[""7805c631b15cdeb0e11ee5632222c65f920955a3d623f1c2c980dddb26e5b0e1"", ""f4897da33f477e49dfa225e23571ab1376182c83d5412b994134a99a99cc75c0""]","[""b38f4d1bbfb5d3cf36717d9617b0ce046f4d5bfa3a09ced8c1eeab47fb81bd65"", ""e7292b48e5f27218094b119118595a7fc0b25d93db34b114bb0582e7ad8b60b9""]",Reaction thermodynamics of separate 1M molecular species; no kinetic barrier or TOF
Ru_bipyridine_pnnoh_iPr,alcohol_dehydrogenation,420.0,-21.35098754072351,active_cat + benzyl_alcohol -> hydrogenated_cat + benzaldehyde,True,True,"[""data/campaign/thermochemistry/Ru_bipyridine_pnnoh_iPr__active/result.json"", ""data/reference_thermochemistry/benzyl_alcohol/stationarity/result.json""]","[""data/campaign/thermochemistry/Ru_bipyridine_pnnoh_iPr__hydrogenated/result.json"", ""data/reference_thermochemistry/benzaldehyde/stationarity/result.json""]","[""7805c631b15cdeb0e11ee5632222c65f920955a3d623f1c2c980dddb26e5b0e1"", ""f4897da33f477e49dfa225e23571ab1376182c83d5412b994134a99a99cc75c0""]","[""b38f4d1bbfb5d3cf36717d9617b0ce046f4d5bfa3a09ced8c1eeab47fb81bd65"", ""e7292b48e5f27218094b119118595a7fc0b25d93db34b114bb0582e7ad8b60b9""]",Reaction thermodynamics of separate 1M molecular species; no kinetic barrier or TOF
Ru_bipyridine_pnnoh_iPr,alcohol_dehydrogenation,430.0,-21.339975161001348,active_cat + benzyl_alcohol -> hydrogenated_cat + benzaldehyde,True,True,"[""data/campaign/thermochemistry/Ru_bipyridine_pnnoh_iPr__active/result.json"", ""data/reference_thermochemistry/benzyl_alcohol/stationarity/result.json""]","[""data/campaign/thermochemistry/Ru_bipyridine_pnnoh_iPr__hydrogenated/result.json"", ""data/reference_thermochemistry/benzaldehyde/stationarity/result.json""]","[""7805c631b15cdeb0e11ee5632222c65f920955a3d623f1c2c980dddb26e5b0e1"", ""f4897da33f477e49dfa225e23571ab1376182c83d5412b994134a99a99cc75c0""]","[""b38f4d1bbfb5d3cf36717d9617b0ce046f4d5bfa3a09ced8c1eeab47fb81bd65"", ""e7292b48e5f27218094b119118595a7fc0b25d93db34b114bb0582e7ad8b60b9""]",Reaction thermodynamics of separate 1M molecular species; no kinetic barrier or TOF
Ru_bipyridine_pnnoh_iPr,alcohol_dehydrogenation,440.0,-21.329185892009264,active_cat + benzyl_alcohol -> hydrogenated_cat + benzaldehyde,True,True,"[""data/campaign/thermochemistry/Ru_bipyridine_pnnoh_iPr__active/result.json"", ""data/reference_thermochemistry/benzyl_alcohol/stationarity/result.json""]","[""data/campaign/thermochemistry/Ru_bipyridine_pnnoh_iPr__hydrogenated/result.json"", ""data/reference_thermochemistry/benzaldehyde/stationarity/result.json""]","[""7805c631b15cdeb0e11ee5632222c65f920955a3d623f1c2c980dddb26e5b0e1"", ""f4897da33f477e49dfa225e23571ab1376182c83d5412b994134a99a99cc75c0""]","[""b38f4d1bbfb5d3cf36717d9617b0ce046f4d5bfa3a09ced8c1eeab47fb81bd65"", ""e7292b48e5f27218094b119118595a7fc0b25d93db34b114bb0582e7ad8b60b9""]",Reaction thermodynamics of separate 1M molecular species; no kinetic barrier or TOF
Ru_bipyridine_pnnoh_iPr,separated_ion_deprotonation,298.15,-54.91114275961081,protonated_cat(+) + tert_butoxide(-) -> active_cat + tert_butanol,True,True,"[""data/campaign/thermochemistry/Ru_bipyridine_pnnoh_iPr__protonated_reference/result.json"", ""data/reference_thermochemistry/tert_butoxide_anion/stationarity/result.json""]","[""data/campaign/thermochemistry/Ru_bipyridine_pnnoh_iPr__active/result.json"", ""data/reference_thermochemistry/tert_butanol/stationarity/result.json""]","[""d8d4fe38a461951245a12794d691e6383d30fa89c4e6659c32d29969e3f0540f"", ""d212e4231d6b932ee1d5bcd7336d05f49a5bd740e5762fb2e2806c3cb8018b82""]","[""7805c631b15cdeb0e11ee5632222c65f920955a3d623f1c2c980dddb26e5b0e1"", ""528ce6cef516220b49746927b16e66a325ccc5797a749a09e16cf5dfe6b1bd99""]",Separated-ion reference only; does not establish dissolved tBuOK salt speciation or ion pairing
Ru_bipyridine_pnnoh_iPr,separated_ion_deprotonation,340.0,-54.979588455729754,protonated_cat(+) + tert_butoxide(-) -> active_cat + tert_butanol,True,True,"[""data/campaign/thermochemistry/Ru_bipyridine_pnnoh_iPr__protonated_reference/result.json"", ""data/reference_thermochemistry/tert_butoxide_anion/stationarity/result.json""]","[""data/campaign/thermochemistry/Ru_bipyridine_pnnoh_iPr__active/result.json"", ""data/reference_thermochemistry/tert_butanol/stationarity/result.json""]","[""d8d4fe38a461951245a12794d691e6383d30fa89c4e6659c32d29969e3f0540f"", ""d212e4231d6b932ee1d5bcd7336d05f49a5bd740e5762fb2e2806c3cb8018b82""]","[""7805c631b15cdeb0e11ee5632222c65f920955a3d623f1c2c980dddb26e5b0e1"", ""528ce6cef516220b49746927b16e66a325ccc5797a749a09e16cf5dfe6b1bd99""]",Separated-ion reference only; does not establish dissolved tBuOK salt speciation or ion pairing
Ru_bipyridine_pnnoh_iPr,separated_ion_deprotonation,350.0,-54.99586147145965,protonated_cat(+) + tert_butoxide(-) -> active_cat + tert_butanol,True,True,"[""data/campaign/thermochemistry/Ru_bipyridine_pnnoh_iPr__protonated_reference/result.json"", ""data/reference_thermochemistry/tert_butoxide_anion/stationarity/result.json""]","[""data/campaign/thermochemistry/Ru_bipyridine_pnnoh_iPr__active/result.json"", ""data/reference_thermochemistry/tert_butanol/stationarity/result.json""]","[""d8d4fe38a461951245a12794d691e6383d30fa89c4e6659c32d29969e3f0540f"", ""d212e4231d6b932ee1d5bcd7336d05f49a5bd740e5762fb2e2806c3cb8018b82""]","[""7805c631b15cdeb0e11ee5632222c65f920955a3d623f1c2c980dddb26e5b0e1"", ""528ce6cef516220b49746927b16e66a325ccc5797a749a09e16cf5dfe6b1bd99""]",Separated-ion reference only; does not establish dissolved tBuOK salt speciation or ion pairing
Ru_bipyridine_pnnoh_iPr,separated_ion_deprotonation,360.0,-55.01206937034294,protonated_cat(+) + tert_butoxide(-) -> active_cat + tert_butanol,True,True,"[""data/campaign/thermochemistry/Ru_bipyridine_pnnoh_iPr__protonated_reference/result.json"", ""data/reference_thermochemistry/tert_butoxide_anion/stationarity/result.json""]","[""data/campaign/thermochemistry/Ru_bipyridine_pnnoh_iPr__active/result.json"", ""data/reference_thermochemistry/tert_butanol/stationarity/result.json""]","[""d8d4fe38a461951245a12794d691e6383d30fa89c4e6659c32d29969e3f0540f"", ""d212e4231d6b932ee1d5bcd7336d05f49a5bd740e5762fb2e2806c3cb8018b82""]","[""7805c631b15cdeb0e11ee5632222c65f920955a3d623f1c2c980dddb26e5b0e1"", ""528ce6cef516220b49746927b16e66a325ccc5797a749a09e16cf5dfe6b1bd99""]",Separated-ion reference only; does not establish dissolved tBuOK salt speciation or ion pairing
Ru_bipyridine_pnnoh_iPr,separated_ion_deprotonation,370.0,-55.02819987228031,protonated_cat(+) + tert_butoxide(-) -> active_cat + tert_butanol,True,True,"[""data/campaign/thermochemistry/Ru_bipyridine_pnnoh_iPr__protonated_reference/result.json"", ""data/reference_thermochemistry/tert_butoxide_anion/stationarity/result.json""]","[""data/campaign/thermochemistry/Ru_bipyridine_pnnoh_iPr__active/result.json"", ""data/reference_thermochemistry/tert_butanol/stationarity/result.json""]","[""d8d4fe38a461951245a12794d691e6383d30fa89c4e6659c32d29969e3f0540f"", ""d212e4231d6b932ee1d5bcd7336d05f49a5bd740e5762fb2e2806c3cb8018b82""]","[""7805c631b15cdeb0e11ee5632222c65f920955a3d623f1c2c980dddb26e5b0e1"", ""528ce6cef516220b49746927b16e66a325ccc5797a749a09e16cf5dfe6b1bd99""]",Separated-ion reference only; does not establish dissolved tBuOK salt speciation or ion pairing
Ru_bipyridine_pnnoh_iPr,separated_ion_deprotonation,380.0,-55.04424250242846,protonated_cat(+) + tert_butoxide(-) -> active_cat + tert_butanol,True,True,"[""data/campaign/thermochemistry/Ru_bipyridine_pnnoh_iPr__protonated_reference/result.json"", ""data/reference_thermochemistry/tert_butoxide_anion/stationarity/result.json""]","[""data/campaign/thermochemistry/Ru_bipyridine_pnnoh_iPr__active/result.json"", ""data/reference_thermochemistry/tert_butanol/stationarity/result.json""]","[""d8d4fe38a461951245a12794d691e6383d30fa89c4e6659c32d29969e3f0540f"", ""d212e4231d6b932ee1d5bcd7336d05f49a5bd740e5762fb2e2806c3cb8018b82""]","[""7805c631b15cdeb0e11ee5632222c65f920955a3d623f1c2c980dddb26e5b0e1"", ""528ce6cef516220b49746927b16e66a325ccc5797a749a09e16cf5dfe6b1bd99""]",Separated-ion reference only; does not establish dissolved tBuOK salt speciation or ion pairing
Ru_bipyridine_pnnoh_iPr,separated_ion_deprotonation,383.15,-55.04927627200232,protonated_cat(+) + tert_butoxide(-) -> active_cat + tert_butanol,True,True,"[""data/campaign/thermochemistry/Ru_bipyridine_pnnoh_iPr__protonated_reference/result.json"", ""data/reference_thermochemistry/tert_butoxide_anion/stationarity/result.json""]","[""data/campaign/thermochemistry/Ru_bipyridine_pnnoh_iPr__active/result.json"", ""data/reference_thermochemistry/tert_butanol/stationarity/result.json""]","[""d8d4fe38a461951245a12794d691e6383d30fa89c4e6659c32d29969e3f0540f"", ""d212e4231d6b932ee1d5bcd7336d05f49a5bd740e5762fb2e2806c3cb8018b82""]","[""7805c631b15cdeb0e11ee5632222c65f920955a3d623f1c2c980dddb26e5b0e1"", ""528ce6cef516220b49746927b16e66a325ccc5797a749a09e16cf5dfe6b1bd99""]",Separated-ion reference only; does not establish dissolved tBuOK salt speciation or ion pairing
Ru_bipyridine_pnnoh_iPr,separated_ion_deprotonation,390.0,-55.06018837846386,protonated_cat(+) + tert_butoxide(-) -> active_cat + tert_butanol,True,True,"[""data/campaign/thermochemistry/Ru_bipyridine_pnnoh_iPr__protonated_reference/result.json"", ""data/reference_thermochemistry/tert_butoxide_anion/stationarity/result.json""]","[""data/campaign/thermochemistry/Ru_bipyridine_pnnoh_iPr__active/result.json"", ""data/reference_thermochemistry/tert_butanol/stationarity/result.json""]","[""d8d4fe38a461951245a12794d691e6383d30fa89c4e6659c32d29969e3f0540f"", ""d212e4231d6b932ee1d5bcd7336d05f49a5bd740e5762fb2e2806c3cb8018b82""]","[""7805c631b15cdeb0e11ee5632222c65f920955a3d623f1c2c980dddb26e5b0e1"", ""528ce6cef516220b49746927b16e66a325ccc5797a749a09e16cf5dfe6b1bd99""]",Separated-ion reference only; does not establish dissolved tBuOK salt speciation or ion pairing
Ru_bipyridine_pnnoh_iPr,separated_ion_deprotonation,400.0,-55.07603001801908,protonated_cat(+) + tert_butoxide(-) -> active_cat + tert_butanol,True,True,"[""data/campaign/thermochemistry/Ru_bipyridine_pnnoh_iPr__protonated_reference/result.json"", ""data/reference_thermochemistry/tert_butoxide_anion/stationarity/result.json""]","[""data/campaign/thermochemistry/Ru_bipyridine_pnnoh_iPr__active/result.json"", ""data/reference_thermochemistry/tert_butanol/stationarity/result.json""]","[""d8d4fe38a461951245a12794d691e6383d30fa89c4e6659c32d29969e3f0540f"", ""d212e4231d6b932ee1d5bcd7336d05f49a5bd740e5762fb2e2806c3cb8018b82""]","[""7805c631b15cdeb0e11ee5632222c65f920955a3d623f1c2c980dddb26e5b0e1"", ""528ce6cef516220b49746927b16e66a325ccc5797a749a09e16cf5dfe6b1bd99""]",Separated-ion reference only; does not establish dissolved tBuOK salt speciation or ion pairing
Ru_bipyridine_pnnoh_iPr,separated_ion_deprotonation,410.0,-55.09176116551134,protonated_cat(+) + tert_butoxide(-) -> active_cat + tert_butanol,True,True,"[""data/campaign/thermochemistry/Ru_bipyridine_pnnoh_iPr__protonated_reference/result.json"", ""data/reference_thermochemistry/tert_butoxide_anion/stationarity/result.json""]","[""data/campaign/thermochemistry/Ru_bipyridine_pnnoh_iPr__active/result.json"", ""data/reference_thermochemistry/tert_butanol/stationarity/result.json""]","[""d8d4fe38a461951245a12794d691e6383d30fa89c4e6659c32d29969e3f0540f"", ""d212e4231d6b932ee1d5bcd7336d05f49a5bd740e5762fb2e2806c3cb8018b82""]","[""7805c631b15cdeb0e11ee5632222c65f920955a3d623f1c2c980dddb26e5b0e1"", ""528ce6cef516220b49746927b16e66a325ccc5797a749a09e16cf5dfe6b1bd99""]",Separated-ion reference only; does not establish dissolved tBuOK salt speciation or ion pairing
Ru_bipyridine_pnnoh_iPr,separated_ion_deprotonation,420.0,-55.10737663691907,protonated_cat(+) + tert_butoxide(-) -> active_cat + tert_butanol,True,True,"[""data/campaign/thermochemistry/Ru_bipyridine_pnnoh_iPr__protonated_reference/result.json"", ""data/reference_thermochemistry/tert_butoxide_anion/stationarity/result.json""]","[""data/campaign/thermochemistry/Ru_bipyridine_pnnoh_iPr__active/result.json"", ""data/reference_thermochemistry/tert_butanol/stationarity/result.json""]","[""d8d4fe38a461951245a12794d691e6383d30fa89c4e6659c32d29969e3f0540f"", ""d212e4231d6b932ee1d5bcd7336d05f49a5bd740e5762fb2e2806c3cb8018b82""]","[""7805c631b15cdeb0e11ee5632222c65f920955a3d623f1c2c980dddb26e5b0e1"", ""528ce6cef516220b49746927b16e66a325ccc5797a749a09e16cf5dfe6b1bd99""]",Separated-ion reference only; does not establish dissolved tBuOK salt speciation or ion pairing
Ru_bipyridine_pnnoh_iPr,separated_ion_deprotonation,430.0,-55.12287218124948,protonated_cat(+) + tert_butoxide(-) -> active_cat + tert_butanol,True,True,"[""data/campaign/thermochemistry/Ru_bipyridine_pnnoh_iPr__protonated_reference/result.json"", ""data/reference_thermochemistry/tert_butoxide_anion/stationarity/result.json""]","[""data/campaign/thermochemistry/Ru_bipyridine_pnnoh_iPr__active/result.json"", ""data/reference_thermochemistry/tert_butanol/stationarity/result.json""]","[""d8d4fe38a461951245a12794d691e6383d30fa89c4e6659c32d29969e3f0540f"", ""d212e4231d6b932ee1d5bcd7336d05f49a5bd740e5762fb2e2806c3cb8018b82""]","[""7805c631b15cdeb0e11ee5632222c65f920955a3d623f1c2c980dddb26e5b0e1"", ""528ce6cef516220b49746927b16e66a325ccc5797a749a09e16cf5dfe6b1bd99""]",Separated-ion reference only; does not establish dissolved tBuOK salt speciation or ion pairing
Ru_bipyridine_pnnoh_iPr,separated_ion_deprotonation,440.0,-55.13824435749484,protonated_cat(+) + tert_butoxide(-) -> active_cat + tert_butanol,True,True,"[""data/campaign/thermochemistry/Ru_bipyridine_pnnoh_iPr__protonated_reference/result.json"", ""data/reference_thermochemistry/tert_butoxide_anion/stationarity/result.json""]","[""data/campaign/thermochemistry/Ru_bipyridine_pnnoh_iPr__active/result.json"", ""data/reference_thermochemistry/tert_butanol/stationarity/result.json""]","[""d8d4fe38a461951245a12794d691e6383d30fa89c4e6659c32d29969e3f0540f"", ""d212e4231d6b932ee1d5bcd7336d05f49a5bd740e5762fb2e2806c3cb8018b82""]","[""7805c631b15cdeb0e11ee5632222c65f920955a3d623f1c2c980dddb26e5b0e1"", ""528ce6cef516220b49746927b16e66a325ccc5797a749a09e16cf5dfe6b1bd99""]",Separated-ion reference only; does not establish dissolved tBuOK salt speciation or ion pairing
Ru_bipyridine_pnnoh_iPr,imine_hydrogenation,298.15,19.127577364804893,hydrogenated_cat + imine -> active_cat + product_amine,True,True,"[""data/campaign/thermochemistry/Ru_bipyridine_pnnoh_iPr__hydrogenated/result.json"", ""data/reference_thermochemistry/imine/stationarity/result.json""]","[""data/campaign/thermochemistry/Ru_bipyridine_pnnoh_iPr__active/result.json"", ""data/reference_thermochemistry/product_amine/stationarity/result.json""]","[""b38f4d1bbfb5d3cf36717d9617b0ce046f4d5bfa3a09ced8c1eeab47fb81bd65"", ""320207d7a21680926414b387b1b8cd3adcb066bb7fc19106fe58731629d2bffb""]","[""7805c631b15cdeb0e11ee5632222c65f920955a3d623f1c2c980dddb26e5b0e1"", ""1310231bc0e8cfa7827d24c6e16bb1ae55f4c47ed9c416194f0e2ec8627a6231""]",Reaction thermodynamics of separate 1M molecular species; no kinetic barrier or TOF
Ru_bipyridine_pnnoh_iPr,imine_hydrogenation,340.0,19.13453473851041,hydrogenated_cat + imine -> active_cat + product_amine,True,True,"[""data/campaign/thermochemistry/Ru_bipyridine_pnnoh_iPr__hydrogenated/result.json"", ""data/reference_thermochemistry/imine/stationarity/result.json""]","[""data/campaign/thermochemistry/Ru_bipyridine_pnnoh_iPr__active/result.json"", ""data/reference_thermochemistry/product_amine/stationarity/result.json""]","[""b38f4d1bbfb5d3cf36717d9617b0ce046f4d5bfa3a09ced8c1eeab47fb81bd65"", ""320207d7a21680926414b387b1b8cd3adcb066bb7fc19106fe58731629d2bffb""]","[""7805c631b15cdeb0e11ee5632222c65f920955a3d623f1c2c980dddb26e5b0e1"", ""1310231bc0e8cfa7827d24c6e16bb1ae55f4c47ed9c416194f0e2ec8627a6231""]",Reaction thermodynamics of separate 1M molecular species; no kinetic barrier or TOF
Ru_bipyridine_pnnoh_iPr,imine_hydrogenation,350.0,19.13650230107305,hydrogenated_cat + imine -> active_cat + product_amine,True,True,"[""data/campaign/thermochemistry/Ru_bipyridine_pnnoh_iPr__hydrogenated/result.json"", ""data/reference_thermochemistry/imine/stationarity/result.json""]","[""data/campaign/thermochemistry/Ru_bipyridine_pnnoh_iPr__active/result.json"", ""data/reference_thermochemistry/product_amine/stationarity/result.json""]","[""b38f4d1bbfb5d3cf36717d9617b0ce046f4d5bfa3a09ced8c1eeab47fb81bd65"", ""320207d7a21680926414b387b1b8cd3adcb066bb7fc19106fe58731629d2bffb""]","[""7805c631b15cdeb0e11ee5632222c65f920955a3d623f1c2c980dddb26e5b0e1"", ""1310231bc0e8cfa7827d24c6e16bb1ae55f4c47ed9c416194f0e2ec8627a6231""]",Reaction thermodynamics of separate 1M molecular species; no kinetic barrier or TOF
Ru_bipyridine_pnnoh_iPr,imine_hydrogenation,360.0,19.138600608639535,hydrogenated_cat + imine -> active_cat + product_amine,True,True,"[""data/campaign/thermochemistry/Ru_bipyridine_pnnoh_iPr__hydrogenated/result.json"", ""data/reference_thermochemistry/imine/stationarity/result.json""]","[""data/campaign/thermochemistry/Ru_bipyridine_pnnoh_iPr__active/result.json"", ""data/reference_thermochemistry/product_amine/stationarity/result.json""]","[""b38f4d1bbfb5d3cf36717d9617b0ce046f4d5bfa3a09ced8c1eeab47fb81bd65"", ""320207d7a21680926414b387b1b8cd3adcb066bb7fc19106fe58731629d2bffb""]","[""7805c631b15cdeb0e11ee5632222c65f920955a3d623f1c2c980dddb26e5b0e1"", ""1310231bc0e8cfa7827d24c6e16bb1ae55f4c47ed9c416194f0e2ec8627a6231""]",Reaction thermodynamics of separate 1M molecular species; no kinetic barrier or TOF
Ru_bipyridine_pnnoh_iPr,imine_hydrogenation,370.0,19.14083495057639,hydrogenated_cat + imine -> active_cat + product_amine,True,True,"[""data/campaign/thermochemistry/Ru_bipyridine_pnnoh_iPr__hydrogenated/result.json"", ""data/reference_thermochemistry/imine/stationarity/result.json""]","[""data/campaign/thermochemistry/Ru_bipyridine_pnnoh_iPr__active/result.json"", ""data/reference_thermochemistry/product_amine/stationarity/result.json""]","[""b38f4d1bbfb5d3cf36717d9617b0ce046f4d5bfa3a09ced8c1eeab47fb81bd65"", ""320207d7a21680926414b387b1b8cd3adcb066bb7fc19106fe58731629d2bffb""]","[""7805c631b15cdeb0e11ee5632222c65f920955a3d623f1c2c980dddb26e5b0e1"", ""1310231bc0e8cfa7827d24c6e16bb1ae55f4c47ed9c416194f0e2ec8627a6231""]",Reaction thermodynamics of separate 1M molecular species; no kinetic barrier or TOF
Ru_bipyridine_pnnoh_iPr,imine_hydrogenation,380.0,19.1432100677157,hydrogenated_cat + imine -> active_cat + product_amine,True,True,"[""data/campaign/thermochemistry/Ru_bipyridine_pnnoh_iPr__hydrogenated/result.json"", ""data/reference_thermochemistry/imine/stationarity/result.json""]","[""data/campaign/thermochemistry/Ru_bipyridine_pnnoh_iPr__active/result.json"", ""data/reference_thermochemistry/product_amine/stationarity/result.json""]","[""b38f4d1bbfb5d3cf36717d9617b0ce046f4d5bfa3a09ced8c1eeab47fb81bd65"", ""320207d7a21680926414b387b1b8cd3adcb066bb7fc19106fe58731629d2bffb""]","[""7805c631b15cdeb0e11ee5632222c65f920955a3d623f1c2c980dddb26e5b0e1"", ""1310231bc0e8cfa7827d24c6e16bb1ae55f4c47ed9c416194f0e2ec8627a6231""]",Reaction thermodynamics of separate 1M molecular species; no kinetic barrier or TOF
Ru_bipyridine_pnnoh_iPr,imine_hydrogenation,383.15,19.14398807406542,hydrogenated_cat + imine -> active_cat + product_amine,True,True,"[""data/campaign/thermochemistry/Ru_bipyridine_pnnoh_iPr__hydrogenated/result.json"", ""data/reference_thermochemistry/imine/stationarity/result.json""]","[""data/campaign/thermochemistry/Ru_bipyridine_pnnoh_iPr__active/result.json"", ""data/reference_thermochemistry/product_amine/stationarity/result.json""]","[""b38f4d1bbfb5d3cf36717d9617b0ce046f4d5bfa3a09ced8c1eeab47fb81bd65"", ""320207d7a21680926414b387b1b8cd3adcb066bb7fc19106fe58731629d2bffb""]","[""7805c631b15cdeb0e11ee5632222c65f920955a3d623f1c2c980dddb26e5b0e1"", ""1310231bc0e8cfa7827d24c6e16bb1ae55f4c47ed9c416194f0e2ec8627a6231""]",Reaction thermodynamics of separate 1M molecular species; no kinetic barrier or TOF
Ru_bipyridine_pnnoh_iPr,imine_hydrogenation,390.0,19.145730179905513,hydrogenated_cat + imine -> active_cat + product_amine,True,True,"[""data/campaign/thermochemistry/Ru_bipyridine_pnnoh_iPr__hydrogenated/result.json"", ""data/reference_thermochemistry/imine/stationarity/result.json""]","[""data/campaign/thermochemistry/Ru_bipyridine_pnnoh_iPr__active/result.json"", ""data/reference_thermochemistry/product_amine/stationarity/result.json""]","[""b38f4d1bbfb5d3cf36717d9617b0ce046f4d5bfa3a09ced8c1eeab47fb81bd65"", ""320207d7a21680926414b387b1b8cd3adcb066bb7fc19106fe58731629d2bffb""]","[""7805c631b15cdeb0e11ee5632222c65f920955a3d623f1c2c980dddb26e5b0e1"", ""1310231bc0e8cfa7827d24c6e16bb1ae55f4c47ed9c416194f0e2ec8627a6231""]",Reaction thermodynamics of separate 1M molecular species; no kinetic barrier or TOF
Ru_bipyridine_pnnoh_iPr,imine_hydrogenation,400.0,19.148399015830364,hydrogenated_cat + imine -> active_cat + product_amine,True,True,"[""data/campaign/thermochemistry/Ru_bipyridine_pnnoh_iPr__hydrogenated/result.json"", ""data/reference_thermochemistry/imine/stationarity/result.json""]","[""data/campaign/thermochemistry/Ru_bipyridine_pnnoh_iPr__active/result.json"", ""data/reference_thermochemistry/product_amine/stationarity/result.json""]","[""b38f4d1bbfb5d3cf36717d9617b0ce046f4d5bfa3a09ced8c1eeab47fb81bd65"", ""320207d7a21680926414b387b1b8cd3adcb066bb7fc19106fe58731629d2bffb""]","[""7805c631b15cdeb0e11ee5632222c65f920955a3d623f1c2c980dddb26e5b0e1"", ""1310231bc0e8cfa7827d24c6e16bb1ae55f4c47ed9c416194f0e2ec8627a6231""]",Reaction thermodynamics of separate 1M molecular species; no kinetic barrier or TOF
Ru_bipyridine_pnnoh_iPr,imine_hydrogenation,410.0,19.1512198438395,hydrogenated_cat + imine -> active_cat + product_amine,True,True,"[""data/campaign/thermochemistry/Ru_bipyridine_pnnoh_iPr__hydrogenated/result.json"", ""data/reference_thermochemistry/imine/stationarity/result.json""]","[""data/campaign/thermochemistry/Ru_bipyridine_pnnoh_iPr__active/result.json"", ""data/reference_thermochemistry/product_amine/stationarity/result.json""]","[""b38f4d1bbfb5d3cf36717d9617b0ce046f4d5bfa3a09ced8c1eeab47fb81bd65"", ""320207d7a21680926414b387b1b8cd3adcb066bb7fc19106fe58731629d2bffb""]","[""7805c631b15cdeb0e11ee5632222c65f920955a3d623f1c2c980dddb26e5b0e1"", ""1310231bc0e8cfa7827d24c6e16bb1ae55f4c47ed9c416194f0e2ec8627a6231""]",Reaction thermodynamics of separate 1M molecular species; no kinetic barrier or TOF
Ru_bipyridine_pnnoh_iPr,imine_hydrogenation,420.0,19.15419550259321,hydrogenated_cat + imine -> active_cat + product_amine,True,True,"[""data/campaign/thermochemistry/Ru_bipyridine_pnnoh_iPr__hydrogenated/result.json"", ""data/reference_thermochemistry/imine/stationarity/result.json""]","[""data/campaign/thermochemistry/Ru_bipyridine_pnnoh_iPr__active/result.json"", ""data/reference_thermochemistry/product_amine/stationarity/result.json""]","[""b38f4d1bbfb5d3cf36717d9617b0ce046f4d5bfa3a09ced8c1eeab47fb81bd65"", ""320207d7a21680926414b387b1b8cd3adcb066bb7fc19106fe58731629d2bffb""]","[""7805c631b15cdeb0e11ee5632222c65f920955a3d623f1c2c980dddb26e5b0e1"", ""1310231bc0e8cfa7827d24c6e16bb1ae55f4c47ed9c416194f0e2ec8627a6231""]",Reaction thermodynamics of separate 1M molecular species; no kinetic barrier or TOF
Ru_bipyridine_pnnoh_iPr,imine_hydrogenation,430.0,19.15732843128717,hydrogenated_cat + imine -> active_cat + product_amine,True,True,"[""data/campaign/thermochemistry/Ru_bipyridine_pnnoh_iPr__hydrogenated/result.json"", ""data/reference_thermochemistry/imine/stationarity/result.json""]","[""data/campaign/thermochemistry/Ru_bipyridine_pnnoh_iPr__active/result.json"", ""data/reference_thermochemistry/product_amine/stationarity/result.json""]","[""b38f4d1bbfb5d3cf36717d9617b0ce046f4d5bfa3a09ced8c1eeab47fb81bd65"", ""320207d7a21680926414b387b1b8cd3adcb066bb7fc19106fe58731629d2bffb""]","[""7805c631b15cdeb0e11ee5632222c65f920955a3d623f1c2c980dddb26e5b0e1"", ""1310231bc0e8cfa7827d24c6e16bb1ae55f4c47ed9c416194f0e2ec8627a6231""]",Reaction thermodynamics of separate 1M molecular species; no kinetic barrier or TOF
Ru_bipyridine_pnnoh_iPr,imine_hydrogenation,440.0,19.160620698530693,hydrogenated_cat + imine -> active_cat + product_amine,True,True,"[""data/campaign/thermochemistry/Ru_bipyridine_pnnoh_iPr__hydrogenated/result.json"", ""data/reference_thermochemistry/imine/stationarity/result.json""]","[""data/campaign/thermochemistry/Ru_bipyridine_pnnoh_iPr__active/result.json"", ""data/reference_thermochemistry/product_amine/stationarity/result.json""]","[""b38f4d1bbfb5d3cf36717d9617b0ce046f4d5bfa3a09ced8c1eeab47fb81bd65"", ""320207d7a21680926414b387b1b8cd3adcb066bb7fc19106fe58731629d2bffb""]","[""7805c631b15cdeb0e11ee5632222c65f920955a3d623f1c2c980dddb26e5b0e1"", ""1310231bc0e8cfa7827d24c6e16bb1ae55f4c47ed9c416194f0e2ec8627a6231""]",Reaction thermodynamics of separate 1M molecular species; no kinetic barrier or TOF
Mn_macho_pnp_Ph,alcohol_dehydrogenation,298.15,2.4914184117278637,active_cat + benzyl_alcohol -> hydrogenated_cat + benzaldehyde,True,True,"[""data/campaign/thermochemistry/Mn_macho_pnp_Ph__active/result.json"", ""data/reference_thermochemistry/benzyl_alcohol/stationarity/result.json""]","[""data/campaign/thermochemistry/Mn_macho_pnp_Ph__hydrogenated/result.json"", ""data/reference_thermochemistry/benzaldehyde/stationarity/result.json""]","[""c71b779af5dd714d318a72889d362e1c43d3fb0c021b86fc1ac004f1242b6172"", ""f4897da33f477e49dfa225e23571ab1376182c83d5412b994134a99a99cc75c0""]","[""f667fd9d44bb8f9a90ca38eb86d9b6e1e60cb9750c89885e170ef1deb4b0f0cf"", ""e7292b48e5f27218094b119118595a7fc0b25d93db34b114bb0582e7ad8b60b9""]",Reaction thermodynamics of separate 1M molecular species; no kinetic barrier or TOF
Mn_macho_pnp_Ph,alcohol_dehydrogenation,340.0,2.545184047008661,active_cat + benzyl_alcohol -> hydrogenated_cat + benzaldehyde,True,True,"[""data/campaign/thermochemistry/Mn_macho_pnp_Ph__active/result.json"", ""data/reference_thermochemistry/benzyl_alcohol/stationarity/result.json""]","[""data/campaign/thermochemistry/Mn_macho_pnp_Ph__hydrogenated/result.json"", ""data/reference_thermochemistry/benzaldehyde/stationarity/result.json""]","[""c71b779af5dd714d318a72889d362e1c43d3fb0c021b86fc1ac004f1242b6172"", ""f4897da33f477e49dfa225e23571ab1376182c83d5412b994134a99a99cc75c0""]","[""f667fd9d44bb8f9a90ca38eb86d9b6e1e60cb9750c89885e170ef1deb4b0f0cf"", ""e7292b48e5f27218094b119118595a7fc0b25d93db34b114bb0582e7ad8b60b9""]",Reaction thermodynamics of separate 1M molecular species; no kinetic barrier or TOF
Mn_macho_pnp_Ph,alcohol_dehydrogenation,350.0,2.556358092904702,active_cat + benzyl_alcohol -> hydrogenated_cat + benzaldehyde,True,True,"[""data/campaign/thermochemistry/Mn_macho_pnp_Ph__active/result.json"", ""data/reference_thermochemistry/benzyl_alcohol/stationarity/result.json""]","[""data/campaign/thermochemistry/Mn_macho_pnp_Ph__hydrogenated/result.json"", ""data/reference_thermochemistry/benzaldehyde/stationarity/result.json""]","[""c71b779af5dd714d318a72889d362e1c43d3fb0c021b86fc1ac004f1242b6172"", ""f4897da33f477e49dfa225e23571ab1376182c83d5412b994134a99a99cc75c0""]","[""f667fd9d44bb8f9a90ca38eb86d9b6e1e60cb9750c89885e170ef1deb4b0f0cf"", ""e7292b48e5f27218094b119118595a7fc0b25d93db34b114bb0582e7ad8b60b9""]",Reaction thermodynamics of separate 1M molecular species; no kinetic barrier or TOF
Mn_macho_pnp_Ph,alcohol_dehydrogenation,360.0,2.5669097920599597,active_cat + benzyl_alcohol -> hydrogenated_cat + benzaldehyde,True,True,"[""data/campaign/thermochemistry/Mn_macho_pnp_Ph__active/result.json"", ""data/reference_thermochemistry/benzyl_alcohol/stationarity/result.json""]","[""data/campaign/thermochemistry/Mn_macho_pnp_Ph__hydrogenated/result.json"", ""data/reference_thermochemistry/benzaldehyde/stationarity/result.json""]","[""c71b779af5dd714d318a72889d362e1c43d3fb0c021b86fc1ac004f1242b6172"", ""f4897da33f477e49dfa225e23571ab1376182c83d5412b994134a99a99cc75c0""]","[""f667fd9d44bb8f9a90ca38eb86d9b6e1e60cb9750c89885e170ef1deb4b0f0cf"", ""e7292b48e5f27218094b119118595a7fc0b25d93db34b114bb0582e7ad8b60b9""]",Reaction thermodynamics of separate 1M molecular species; no kinetic barrier or TOF
Mn_macho_pnp_Ph,alcohol_dehydrogenation,370.0,2.5768498340166843,active_cat + benzyl_alcohol -> hydrogenated_cat + benzaldehyde,True,True,"[""data/campaign/thermochemistry/Mn_macho_pnp_Ph__active/result.json"", ""data/reference_thermochemistry/benzyl_alcohol/stationarity/result.json""]","[""data/campaign/thermochemistry/Mn_macho_pnp_Ph__hydrogenated/result.json"", ""data/reference_thermochemistry/benzaldehyde/stationarity/result.json""]","[""c71b779af5dd714d318a72889d362e1c43d3fb0c021b86fc1ac004f1242b6172"", ""f4897da33f477e49dfa225e23571ab1376182c83d5412b994134a99a99cc75c0""]","[""f667fd9d44bb8f9a90ca38eb86d9b6e1e60cb9750c89885e170ef1deb4b0f0cf"", ""e7292b48e5f27218094b119118595a7fc0b25d93db34b114bb0582e7ad8b60b9""]",Reaction thermodynamics of separate 1M molecular species; no kinetic barrier or TOF
Mn_macho_pnp_Ph,alcohol_dehydrogenation,380.0,2.586188624934948,active_cat + benzyl_alcohol -> hydrogenated_cat + benzaldehyde,True,True,"[""data/campaign/thermochemistry/Mn_macho_pnp_Ph__active/result.json"", ""data/reference_thermochemistry/benzyl_alcohol/stationarity/result.json""]","[""data/campaign/thermochemistry/Mn_macho_pnp_Ph__hydrogenated/result.json"", ""data/reference_thermochemistry/benzaldehyde/stationarity/result.json""]","[""c71b779af5dd714d318a72889d362e1c43d3fb0c021b86fc1ac004f1242b6172"", ""f4897da33f477e49dfa225e23571ab1376182c83d5412b994134a99a99cc75c0""]","[""f667fd9d44bb8f9a90ca38eb86d9b6e1e60cb9750c89885e170ef1deb4b0f0cf"", ""e7292b48e5f27218094b119118595a7fc0b25d93db34b114bb0582e7ad8b60b9""]",Reaction thermodynamics of separate 1M molecular species; no kinetic barrier or TOF
Mn_macho_pnp_Ph,alcohol_dehydrogenation,383.15,2.5890074429335073,active_cat + benzyl_alcohol -> hydrogenated_cat + benzaldehyde,True,True,"[""data/campaign/thermochemistry/Mn_macho_pnp_Ph__active/result.json"", ""data/reference_thermochemistry/benzyl_alcohol/stationarity/result.json""]","[""data/campaign/thermochemistry/Mn_macho_pnp_Ph__hydrogenated/result.json"", ""data/reference_thermochemistry/benzaldehyde/stationarity/result.json""]","[""c71b779af5dd714d318a72889d362e1c43d3fb0c021b86fc1ac004f1242b6172"", ""f4897da33f477e49dfa225e23571ab1376182c83d5412b994134a99a99cc75c0""]","[""f667fd9d44bb8f9a90ca38eb86d9b6e1e60cb9750c89885e170ef1deb4b0f0cf"", ""e7292b48e5f27218094b119118595a7fc0b25d93db34b114bb0582e7ad8b60b9""]",Reaction thermodynamics of separate 1M molecular species; no kinetic barrier or TOF
Mn_macho_pnp_Ph,alcohol_dehydrogenation,390.0,2.594936286832308,active_cat + benzyl_alcohol -> hydrogenated_cat + benzaldehyde,True,True,"[""data/campaign/thermochemistry/Mn_macho_pnp_Ph__active/result.json"", ""data/reference_thermochemistry/benzyl_alcohol/stationarity/result.json""]","[""data/campaign/thermochemistry/Mn_macho_pnp_Ph__hydrogenated/result.json"", ""data/reference_thermochemistry/benzaldehyde/stationarity/result.json""]","[""c71b779af5dd714d318a72889d362e1c43d3fb0c021b86fc1ac004f1242b6172"", ""f4897da33f477e49dfa225e23571ab1376182c83d5412b994134a99a99cc75c0""]","[""f667fd9d44bb8f9a90ca38eb86d9b6e1e60cb9750c89885e170ef1deb4b0f0cf"", ""e7292b48e5f27218094b119118595a7fc0b25d93db34b114bb0582e7ad8b60b9""]",Reaction thermodynamics of separate 1M molecular species; no kinetic barrier or TOF
Mn_macho_pnp_Ph,alcohol_dehydrogenation,400.0,2.603102660019431,active_cat + benzyl_alcohol -> hydrogenated_cat + benzaldehyde,True,True,"[""data/campaign/thermochemistry/Mn_macho_pnp_Ph__active/result.json"", ""data/reference_thermochemistry/benzyl_alcohol/stationarity/result.json""]","[""data/campaign/thermochemistry/Mn_macho_pnp_Ph__hydrogenated/result.json"", ""data/reference_thermochemistry/benzaldehyde/stationarity/result.json""]","[""c71b779af5dd714d318a72889d362e1c43d3fb0c021b86fc1ac004f1242b6172"", ""f4897da33f477e49dfa225e23571ab1376182c83d5412b994134a99a99cc75c0""]","[""f667fd9d44bb8f9a90ca38eb86d9b6e1e60cb9750c89885e170ef1deb4b0f0cf"", ""e7292b48e5f27218094b119118595a7fc0b25d93db34b114bb0582e7ad8b60b9""]",Reaction thermodynamics of separate 1M molecular species; no kinetic barrier or TOF
Mn_macho_pnp_Ph,alcohol_dehydrogenation,410.0,2.6106973078494775,active_cat + benzyl_alcohol -> hydrogenated_cat + benzaldehyde,True,True,"[""data/campaign/thermochemistry/Mn_macho_pnp_Ph__active/result.json"", ""data/reference_thermochemistry/benzyl_alcohol/stationarity/result.json""]","[""data/campaign/thermochemistry/Mn_macho_pnp_Ph__hydrogenated/result.json"", ""data/reference_thermochemistry/benzaldehyde/stationarity/result.json""]","[""c71b779af5dd714d318a72889d362e1c43d3fb0c021b86fc1ac004f1242b6172"", ""f4897da33f477e49dfa225e23571ab1376182c83d5412b994134a99a99cc75c0""]","[""f667fd9d44bb8f9a90ca38eb86d9b6e1e60cb9750c89885e170ef1deb4b0f0cf"", ""e7292b48e5f27218094b119118595a7fc0b25d93db34b114bb0582e7ad8b60b9""]",Reaction thermodynamics of separate 1M molecular species; no kinetic barrier or TOF
Mn_macho_pnp_Ph,alcohol_dehydrogenation,420.0,2.6177295237230283,active_cat + benzyl_alcohol -> hydrogenated_cat + benzaldehyde,True,True,"[""data/campaign/thermochemistry/Mn_macho_pnp_Ph__active/result.json"", ""data/reference_thermochemistry/benzyl_alcohol/stationarity/result.json""]","[""data/campaign/thermochemistry/Mn_macho_pnp_Ph__hydrogenated/result.json"", ""data/reference_thermochemistry/benzaldehyde/stationarity/result.json""]","[""c71b779af5dd714d318a72889d362e1c43d3fb0c021b86fc1ac004f1242b6172"", ""f4897da33f477e49dfa225e23571ab1376182c83d5412b994134a99a99cc75c0""]","[""f667fd9d44bb8f9a90ca38eb86d9b6e1e60cb9750c89885e170ef1deb4b0f0cf"", ""e7292b48e5f27218094b119118595a7fc0b25d93db34b114bb0582e7ad8b60b9""]",Reaction thermodynamics of separate 1M molecular species; no kinetic barrier or TOF
Mn_macho_pnp_Ph,alcohol_dehydrogenation,430.0,2.6242083393262874,active_cat + benzyl_alcohol -> hydrogenated_cat + benzaldehyde,True,True,"[""data/campaign/thermochemistry/Mn_macho_pnp_Ph__active/result.json"", ""data/reference_thermochemistry/benzyl_alcohol/stationarity/result.json""]","[""data/campaign/thermochemistry/Mn_macho_pnp_Ph__hydrogenated/result.json"", ""data/reference_thermochemistry/benzaldehyde/stationarity/result.json""]","[""c71b779af5dd714d318a72889d362e1c43d3fb0c021b86fc1ac004f1242b6172"", ""f4897da33f477e49dfa225e23571ab1376182c83d5412b994134a99a99cc75c0""]","[""f667fd9d44bb8f9a90ca38eb86d9b6e1e60cb9750c89885e170ef1deb4b0f0cf"", ""e7292b48e5f27218094b119118595a7fc0b25d93db34b114bb0582e7ad8b60b9""]",Reaction thermodynamics of separate 1M molecular species; no kinetic barrier or TOF
Mn_macho_pnp_Ph,alcohol_dehydrogenation,440.0,2.6301425340752758,active_cat + benzyl_alcohol -> hydrogenated_cat + benzaldehyde,True,True,"[""data/campaign/thermochemistry/Mn_macho_pnp_Ph__active/result.json"", ""data/reference_thermochemistry/benzyl_alcohol/stationarity/result.json""]","[""data/campaign/thermochemistry/Mn_macho_pnp_Ph__hydrogenated/result.json"", ""data/reference_thermochemistry/benzaldehyde/stationarity/result.json""]","[""c71b779af5dd714d318a72889d362e1c43d3fb0c021b86fc1ac004f1242b6172"", ""f4897da33f477e49dfa225e23571ab1376182c83d5412b994134a99a99cc75c0""]","[""f667fd9d44bb8f9a90ca38eb86d9b6e1e60cb9750c89885e170ef1deb4b0f0cf"", ""e7292b48e5f27218094b119118595a7fc0b25d93db34b114bb0582e7ad8b60b9""]",Reaction thermodynamics of separate 1M molecular species; no kinetic barrier or TOF
Mn_macho_pnp_Ph,separated_ion_deprotonation,298.15,-87.50104243029273,protonated_cat(+) + tert_butoxide(-) -> active_cat + tert_butanol,True,True,"[""data/campaign/thermochemistry/Mn_macho_pnp_Ph__protonated_reference/result.json"", ""data/reference_thermochemistry/tert_butoxide_anion/stationarity/result.json""]","[""data/campaign/thermochemistry/Mn_macho_pnp_Ph__active/result.json"", ""data/reference_thermochemistry/tert_butanol/stationarity/result.json""]","[""e90d1b84e83115a5ae1ebbd5468df5217cb6c23d391669611a3c686df508ac2d"", ""d212e4231d6b932ee1d5bcd7336d05f49a5bd740e5762fb2e2806c3cb8018b82""]","[""c71b779af5dd714d318a72889d362e1c43d3fb0c021b86fc1ac004f1242b6172"", ""528ce6cef516220b49746927b16e66a325ccc5797a749a09e16cf5dfe6b1bd99""]",Separated-ion reference only; does not establish dissolved tBuOK salt speciation or ion pairing
Mn_macho_pnp_Ph,separated_ion_deprotonation,340.0,-87.54356209937941,protonated_cat(+) + tert_butoxide(-) -> active_cat + tert_butanol,True,True,"[""data/campaign/thermochemistry/Mn_macho_pnp_Ph__protonated_reference/result.json"", ""data/reference_thermochemistry/tert_butoxide_anion/stationarity/result.json""]","[""data/campaign/thermochemistry/Mn_macho_pnp_Ph__active/result.json"", ""data/reference_thermochemistry/tert_butanol/stationarity/result.json""]","[""e90d1b84e83115a5ae1ebbd5468df5217cb6c23d391669611a3c686df508ac2d"", ""d212e4231d6b932ee1d5bcd7336d05f49a5bd740e5762fb2e2806c3cb8018b82""]","[""c71b779af5dd714d318a72889d362e1c43d3fb0c021b86fc1ac004f1242b6172"", ""528ce6cef516220b49746927b16e66a325ccc5797a749a09e16cf5dfe6b1bd99""]",Separated-ion reference only; does not establish dissolved tBuOK salt speciation or ion pairing
Mn_macho_pnp_Ph,separated_ion_deprotonation,350.0,-87.55255391449828,protonated_cat(+) + tert_butoxide(-) -> active_cat + tert_butanol,True,True,"[""data/campaign/thermochemistry/Mn_macho_pnp_Ph__protonated_reference/result.json"", ""data/reference_thermochemistry/tert_butoxide_anion/stationarity/result.json""]","[""data/campaign/thermochemistry/Mn_macho_pnp_Ph__active/result.json"", ""data/reference_thermochemistry/tert_butanol/stationarity/result.json""]","[""e90d1b84e83115a5ae1ebbd5468df5217cb6c23d391669611a3c686df508ac2d"", ""d212e4231d6b932ee1d5bcd7336d05f49a5bd740e5762fb2e2806c3cb8018b82""]","[""c71b779af5dd714d318a72889d362e1c43d3fb0c021b86fc1ac004f1242b6172"", ""528ce6cef516220b49746927b16e66a325ccc5797a749a09e16cf5dfe6b1bd99""]",Separated-ion reference only; does not establish dissolved tBuOK salt speciation or ion pairing
Mn_macho_pnp_Ph,separated_ion_deprotonation,360.0,-87.5611082313917,protonated_cat(+) + tert_butoxide(-) -> active_cat + tert_butanol,True,True,"[""data/campaign/thermochemistry/Mn_macho_pnp_Ph__protonated_reference/result.json"", ""data/reference_thermochemistry/tert_butoxide_anion/stationarity/result.json""]","[""data/campaign/thermochemistry/Mn_macho_pnp_Ph__active/result.json"", ""data/reference_thermochemistry/tert_butanol/stationarity/result.json""]","[""e90d1b84e83115a5ae1ebbd5468df5217cb6c23d391669611a3c686df508ac2d"", ""d212e4231d6b932ee1d5bcd7336d05f49a5bd740e5762fb2e2806c3cb8018b82""]","[""c71b779af5dd714d318a72889d362e1c43d3fb0c021b86fc1ac004f1242b6172"", ""528ce6cef516220b49746927b16e66a325ccc5797a749a09e16cf5dfe6b1bd99""]",Separated-ion reference only; does not establish dissolved tBuOK salt speciation or ion pairing
Mn_macho_pnp_Ph,separated_ion_deprotonation,370.0,-87.56923210935383,protonated_cat(+) + tert_butoxide(-) -> active_cat + tert_butanol,True,True,"[""data/campaign/thermochemistry/Mn_macho_pnp_Ph__protonated_reference/result.json"", ""data/reference_thermochemistry/tert_butoxide_anion/stationarity/result.json""]","[""data/campaign/thermochemistry/Mn_macho_pnp_Ph__active/result.json"", ""data/reference_thermochemistry/tert_butanol/stationarity/result.json""]","[""e90d1b84e83115a5ae1ebbd5468df5217cb6c23d391669611a3c686df508ac2d"", ""d212e4231d6b932ee1d5bcd7336d05f49a5bd740e5762fb2e2806c3cb8018b82""]","[""c71b779af5dd714d318a72889d362e1c43d3fb0c021b86fc1ac004f1242b6172"", ""528ce6cef516220b49746927b16e66a325ccc5797a749a09e16cf5dfe6b1bd99""]",Separated-ion reference only; does not establish dissolved tBuOK salt speciation or ion pairing
Mn_macho_pnp_Ph,separated_ion_deprotonation,380.0,-87.57693289549024,protonated_cat(+) + tert_butoxide(-) -> active_cat + tert_butanol,True,True,"[""data/campaign/thermochemistry/Mn_macho_pnp_Ph__protonated_reference/result.json"", ""data/reference_thermochemistry/tert_butoxide_anion/stationarity/result.json""]","[""data/campaign/thermochemistry/Mn_macho_pnp_Ph__active/result.json"", ""data/reference_thermochemistry/tert_butanol/stationarity/result.json""]","[""e90d1b84e83115a5ae1ebbd5468df5217cb6c23d391669611a3c686df508ac2d"", ""d212e4231d6b932ee1d5bcd7336d05f49a5bd740e5762fb2e2806c3cb8018b82""]","[""c71b779af5dd714d318a72889d362e1c43d3fb0c021b86fc1ac004f1242b6172"", ""528ce6cef516220b49746927b16e66a325ccc5797a749a09e16cf5dfe6b1bd99""]",Separated-ion reference only; does not establish dissolved tBuOK salt speciation or ion pairing
Mn_macho_pnp_Ph,separated_ion_deprotonation,383.15,-87.57927222130093,protonated_cat(+) + tert_butoxide(-) -> active_cat + tert_butanol,True,True,"[""data/campaign/thermochemistry/Mn_macho_pnp_Ph__protonated_reference/result.json"", ""data/reference_thermochemistry/tert_butoxide_anion/stationarity/result.json""]","[""data/campaign/thermochemistry/Mn_macho_pnp_Ph__active/result.json"", ""data/reference_thermochemistry/tert_butanol/stationarity/result.json""]","[""e90d1b84e83115a5ae1ebbd5468df5217cb6c23d391669611a3c686df508ac2d"", ""d212e4231d6b932ee1d5bcd7336d05f49a5bd740e5762fb2e2806c3cb8018b82""]","[""c71b779af5dd714d318a72889d362e1c43d3fb0c021b86fc1ac004f1242b6172"", ""528ce6cef516220b49746927b16e66a325ccc5797a749a09e16cf5dfe6b1bd99""]",Separated-ion reference only; does not establish dissolved tBuOK salt speciation or ion pairing
Mn_macho_pnp_Ph,separated_ion_deprotonation,390.0,-87.58421816770897,protonated_cat(+) + tert_butoxide(-) -> active_cat + tert_butanol,True,True,"[""data/campaign/thermochemistry/Mn_macho_pnp_Ph__protonated_reference/result.json"", ""data/reference_thermochemistry/tert_butoxide_anion/stationarity/result.json""]","[""data/campaign/thermochemistry/Mn_macho_pnp_Ph__active/result.json"", ""data/reference_thermochemistry/tert_butanol/stationarity/result.json""]","[""e90d1b84e83115a5ae1ebbd5468df5217cb6c23d391669611a3c686df508ac2d"", ""d212e4231d6b932ee1d5bcd7336d05f49a5bd740e5762fb2e2806c3cb8018b82""]","[""c71b779af5dd714d318a72889d362e1c43d3fb0c021b86fc1ac004f1242b6172"", ""528ce6cef516220b49746927b16e66a325ccc5797a749a09e16cf5dfe6b1bd99""]",Separated-ion reference only; does not establish dissolved tBuOK salt speciation or ion pairing
Mn_macho_pnp_Ph,separated_ion_deprotonation,400.0,-87.59109568180429,protonated_cat(+) + tert_butoxide(-) -> active_cat + tert_butanol,True,True,"[""data/campaign/thermochemistry/Mn_macho_pnp_Ph__protonated_reference/result.json"", ""data/reference_thermochemistry/tert_butoxide_anion/stationarity/result.json""]","[""data/campaign/thermochemistry/Mn_macho_pnp_Ph__active/result.json"", ""data/reference_thermochemistry/tert_butanol/stationarity/result.json""]","[""e90d1b84e83115a5ae1ebbd5468df5217cb6c23d391669611a3c686df508ac2d"", ""d212e4231d6b932ee1d5bcd7336d05f49a5bd740e5762fb2e2806c3cb8018b82""]","[""c71b779af5dd714d318a72889d362e1c43d3fb0c021b86fc1ac004f1242b6172"", ""528ce6cef516220b49746927b16e66a325ccc5797a749a09e16cf5dfe6b1bd99""]",Separated-ion reference only; does not establish dissolved tBuOK salt speciation or ion pairing
Mn_macho_pnp_Ph,separated_ion_deprotonation,410.0,-87.59757332271147,protonated_cat(+) + tert_butoxide(-) -> active_cat + tert_butanol,True,True,"[""data/campaign/thermochemistry/Mn_macho_pnp_Ph__protonated_reference/result.json"", ""data/reference_thermochemistry/tert_butoxide_anion/stationarity/result.json""]","[""data/campaign/thermochemistry/Mn_macho_pnp_Ph__active/result.json"", ""data/reference_thermochemistry/tert_butanol/stationarity/result.json""]","[""e90d1b84e83115a5ae1ebbd5468df5217cb6c23d391669611a3c686df508ac2d"", ""d212e4231d6b932ee1d5bcd7336d05f49a5bd740e5762fb2e2806c3cb8018b82""]","[""c71b779af5dd714d318a72889d362e1c43d3fb0c021b86fc1ac004f1242b6172"", ""528ce6cef516220b49746927b16e66a325ccc5797a749a09e16cf5dfe6b1bd99""]",Separated-ion reference only; does not establish dissolved tBuOK salt speciation or ion pairing
Mn_macho_pnp_Ph,separated_ion_deprotonation,420.0,-87.60365906022707,protonated_cat(+) + tert_butoxide(-) -> active_cat + tert_butanol,True,True,"[""data/campaign/thermochemistry/Mn_macho_pnp_Ph__protonated_reference/result.json"", ""data/reference_thermochemistry/tert_butoxide_anion/stationarity/result.json""]","[""data/campaign/thermochemistry/Mn_macho_pnp_Ph__active/result.json"", ""data/reference_thermochemistry/tert_butanol/stationarity/result.json""]","[""e90d1b84e83115a5ae1ebbd5468df5217cb6c23d391669611a3c686df508ac2d"", ""d212e4231d6b932ee1d5bcd7336d05f49a5bd740e5762fb2e2806c3cb8018b82""]","[""c71b779af5dd714d318a72889d362e1c43d3fb0c021b86fc1ac004f1242b6172"", ""528ce6cef516220b49746927b16e66a325ccc5797a749a09e16cf5dfe6b1bd99""]",Separated-ion reference only; does not establish dissolved tBuOK salt speciation or ion pairing
Mn_macho_pnp_Ph,separated_ion_deprotonation,430.0,-87.60936090875293,protonated_cat(+) + tert_butoxide(-) -> active_cat + tert_butanol,True,True,"[""data/campaign/thermochemistry/Mn_macho_pnp_Ph__protonated_reference/result.json"", ""data/reference_thermochemistry/tert_butoxide_anion/stationarity/result.json""]","[""data/campaign/thermochemistry/Mn_macho_pnp_Ph__active/result.json"", ""data/reference_thermochemistry/tert_butanol/stationarity/result.json""]","[""e90d1b84e83115a5ae1ebbd5468df5217cb6c23d391669611a3c686df508ac2d"", ""d212e4231d6b932ee1d5bcd7336d05f49a5bd740e5762fb2e2806c3cb8018b82""]","[""c71b779af5dd714d318a72889d362e1c43d3fb0c021b86fc1ac004f1242b6172"", ""528ce6cef516220b49746927b16e66a325ccc5797a749a09e16cf5dfe6b1bd99""]",Separated-ion reference only; does not establish dissolved tBuOK salt speciation or ion pairing
Mn_macho_pnp_Ph,separated_ion_deprotonation,440.0,-87.61468689143294,protonated_cat(+) + tert_butoxide(-) -> active_cat + tert_butanol,True,True,"[""data/campaign/thermochemistry/Mn_macho_pnp_Ph__protonated_reference/result.json"", ""data/reference_thermochemistry/tert_butoxide_anion/stationarity/result.json""]","[""data/campaign/thermochemistry/Mn_macho_pnp_Ph__active/result.json"", ""data/reference_thermochemistry/tert_butanol/stationarity/result.json""]","[""e90d1b84e83115a5ae1ebbd5468df5217cb6c23d391669611a3c686df508ac2d"", ""d212e4231d6b932ee1d5bcd7336d05f49a5bd740e5762fb2e2806c3cb8018b82""]","[""c71b779af5dd714d318a72889d362e1c43d3fb0c021b86fc1ac004f1242b6172"", ""528ce6cef516220b49746927b16e66a325ccc5797a749a09e16cf5dfe6b1bd99""]",Separated-ion reference only; does not establish dissolved tBuOK salt speciation or ion pairing
Mn_macho_pnp_Ph,imine_hydrogenation,298.15,-4.866692695050006,hydrogenated_cat + imine -> active_cat + product_amine,True,True,"[""data/campaign/thermochemistry/Mn_macho_pnp_Ph__hydrogenated/result.json"", ""data/reference_thermochemistry/imine/stationarity/result.json""]","[""data/campaign/thermochemistry/Mn_macho_pnp_Ph__active/result.json"", ""data/reference_thermochemistry/product_amine/stationarity/result.json""]","[""f667fd9d44bb8f9a90ca38eb86d9b6e1e60cb9750c89885e170ef1deb4b0f0cf"", ""320207d7a21680926414b387b1b8cd3adcb066bb7fc19106fe58731629d2bffb""]","[""c71b779af5dd714d318a72889d362e1c43d3fb0c021b86fc1ac004f1242b6172"", ""1310231bc0e8cfa7827d24c6e16bb1ae55f4c47ed9c416194f0e2ec8627a6231""]",Reaction thermodynamics of separate 1M molecular species; no kinetic barrier or TOF
Mn_macho_pnp_Ph,imine_hydrogenation,340.0,-4.857727363352751,hydrogenated_cat + imine -> active_cat + product_amine,True,True,"[""data/campaign/thermochemistry/Mn_macho_pnp_Ph__hydrogenated/result.json"", ""data/reference_thermochemistry/imine/stationarity/result.json""]","[""data/campaign/thermochemistry/Mn_macho_pnp_Ph__active/result.json"", ""data/reference_thermochemistry/product_amine/stationarity/result.json""]","[""f667fd9d44bb8f9a90ca38eb86d9b6e1e60cb9750c89885e170ef1deb4b0f0cf"", ""320207d7a21680926414b387b1b8cd3adcb066bb7fc19106fe58731629d2bffb""]","[""c71b779af5dd714d318a72889d362e1c43d3fb0c021b86fc1ac004f1242b6172"", ""1310231bc0e8cfa7827d24c6e16bb1ae55f4c47ed9c416194f0e2ec8627a6231""]",Reaction thermodynamics of separate 1M molecular species; no kinetic barrier or TOF
Mn_macho_pnp_Ph,imine_hydrogenation,350.0,-4.8541538860226865,hydrogenated_cat + imine -> active_cat + product_amine,True,True,"[""data/campaign/thermochemistry/Mn_macho_pnp_Ph__hydrogenated/result.json"", ""data/reference_thermochemistry/imine/stationarity/result.json""]","[""data/campaign/thermochemistry/Mn_macho_pnp_Ph__active/result.json"", ""data/reference_thermochemistry/product_amine/stationarity/result.json""]","[""f667fd9d44bb8f9a90ca38eb86d9b6e1e60cb9750c89885e170ef1deb4b0f0cf"", ""320207d7a21680926414b387b1b8cd3adcb066bb7fc19106fe58731629d2bffb""]","[""c71b779af5dd714d318a72889d362e1c43d3fb0c021b86fc1ac004f1242b6172"", ""1310231bc0e8cfa7827d24c6e16bb1ae55f4c47ed9c416194f0e2ec8627a6231""]",Reaction thermodynamics of separate 1M molecular species; no kinetic barrier or TOF
Mn_macho_pnp_Ph,imine_hydrogenation,360.0,-4.850044078935753,hydrogenated_cat + imine -> active_cat + product_amine,True,True,"[""data/campaign/thermochemistry/Mn_macho_pnp_Ph__hydrogenated/result.json"", ""data/reference_thermochemistry/imine/stationarity/result.json""]","[""data/campaign/thermochemistry/Mn_macho_pnp_Ph__active/result.json"", ""data/reference_thermochemistry/product_amine/stationarity/result.json""]","[""f667fd9d44bb8f9a90ca38eb86d9b6e1e60cb9750c89885e170ef1deb4b0f0cf"", ""320207d7a21680926414b387b1b8cd3adcb066bb7fc19106fe58731629d2bffb""]","[""c71b779af5dd714d318a72889d362e1c43d3fb0c021b86fc1ac004f1242b6172"", ""1310231bc0e8cfa7827d24c6e16bb1ae55f4c47ed9c416194f0e2ec8627a6231""]",Reaction thermodynamics of separate 1M molecular species; no kinetic barrier or TOF
Mn_macho_pnp_Ph,imine_hydrogenation,370.0,-4.84540521836243,hydrogenated_cat + imine -> active_cat + product_amine,True,True,"[""data/campaign/thermochemistry/Mn_macho_pnp_Ph__hydrogenated/result.json"", ""data/reference_thermochemistry/imine/stationarity/result.json""]","[""data/campaign/thermochemistry/Mn_macho_pnp_Ph__active/result.json"", ""data/reference_thermochemistry/product_amine/stationarity/result.json""]","[""f667fd9d44bb8f9a90ca38eb86d9b6e1e60cb9750c89885e170ef1deb4b0f0cf"", ""320207d7a21680926414b387b1b8cd3adcb066bb7fc19106fe58731629d2bffb""]","[""c71b779af5dd714d318a72889d362e1c43d3fb0c021b86fc1ac004f1242b6172"", ""1310231bc0e8cfa7827d24c6e16bb1ae55f4c47ed9c416194f0e2ec8627a6231""]",Reaction thermodynamics of separate 1M molecular species; no kinetic barrier or TOF
Mn_macho_pnp_Ph,imine_hydrogenation,380.0,-4.840244445051212,hydrogenated_cat + imine -> active_cat + product_amine,True,True,"[""data/campaign/thermochemistry/Mn_macho_pnp_Ph__hydrogenated/result.json"", ""data/reference_thermochemistry/imine/stationarity/result.json""]","[""data/campaign/thermochemistry/Mn_macho_pnp_Ph__active/result.json"", ""data/reference_thermochemistry/product_amine/stationarity/result.json""]","[""f667fd9d44bb8f9a90ca38eb86d9b6e1e60cb9750c89885e170ef1deb4b0f0cf"", ""320207d7a21680926414b387b1b8cd3adcb066bb7fc19106fe58731629d2bffb""]","[""c71b779af5dd714d318a72889d362e1c43d3fb0c021b86fc1ac004f1242b6172"", ""1310231bc0e8cfa7827d24c6e16bb1ae55f4c47ed9c416194f0e2ec8627a6231""]",Reaction thermodynamics of separate 1M molecular species; no kinetic barrier or TOF
Mn_macho_pnp_Ph,imine_hydrogenation,383.15,-4.838511833091616,hydrogenated_cat + imine -> active_cat + product_amine,True,True,"[""data/campaign/thermochemistry/Mn_macho_pnp_Ph__hydrogenated/result.json"", ""data/reference_thermochemistry/imine/stationarity/result.json""]","[""data/campaign/thermochemistry/Mn_macho_pnp_Ph__active/result.json"", ""data/reference_thermochemistry/product_amine/stationarity/result.json""]","[""f667fd9d44bb8f9a90ca38eb86d9b6e1e60cb9750c89885e170ef1deb4b0f0cf"", ""320207d7a21680926414b387b1b8cd3adcb066bb7fc19106fe58731629d2bffb""]","[""c71b779af5dd714d318a72889d362e1c43d3fb0c021b86fc1ac004f1242b6172"", ""1310231bc0e8cfa7827d24c6e16bb1ae55f4c47ed9c416194f0e2ec8627a6231""]",Reaction thermodynamics of separate 1M molecular species; no kinetic barrier or TOF
Mn_macho_pnp_Ph,imine_hydrogenation,390.0,-4.834568789661716,hydrogenated_cat + imine -> active_cat + product_amine,True,True,"[""data/campaign/thermochemistry/Mn_macho_pnp_Ph__hydrogenated/result.json"", ""data/reference_thermochemistry/imine/stationarity/result.json""]","[""data/campaign/thermochemistry/Mn_macho_pnp_Ph__active/result.json"", ""data/reference_thermochemistry/product_amine/stationarity/result.json""]","[""f667fd9d44bb8f9a90ca38eb86d9b6e1e60cb9750c89885e170ef1deb4b0f0cf"", ""320207d7a21680926414b387b1b8cd3adcb066bb7fc19106fe58731629d2bffb""]","[""c71b779af5dd714d318a72889d362e1c43d3fb0c021b86fc1ac004f1242b6172"", ""1310231bc0e8cfa7827d24c6e16bb1ae55f4c47ed9c416194f0e2ec8627a6231""]",Reaction thermodynamics of separate 1M molecular species; no kinetic barrier or TOF
Mn_macho_pnp_Ph,imine_hydrogenation,400.0,-4.828385192224232,hydrogenated_cat + imine -> active_cat + product_amine,True,True,"[""data/campaign/thermochemistry/Mn_macho_pnp_Ph__hydrogenated/result.json"", ""data/reference_thermochemistry/imine/stationarity/result.json""]","[""data/campaign/thermochemistry/Mn_macho_pnp_Ph__active/result.json"", ""data/reference_thermochemistry/product_amine/stationarity/result.json""]","[""f667fd9d44bb8f9a90ca38eb86d9b6e1e60cb9750c89885e170ef1deb4b0f0cf"", ""320207d7a21680926414b387b1b8cd3adcb066bb7fc19106fe58731629d2bffb""]","[""c71b779af5dd714d318a72889d362e1c43d3fb0c021b86fc1ac004f1242b6172"", ""1310231bc0e8cfa7827d24c6e16bb1ae55f4c47ed9c416194f0e2ec8627a6231""]",Reaction thermodynamics of separate 1M molecular species; no kinetic barrier or TOF
Mn_macho_pnp_Ph,imine_hydrogenation,410.0,-4.821700516691635,hydrogenated_cat + imine -> active_cat + product_amine,True,True,"[""data/campaign/thermochemistry/Mn_macho_pnp_Ph__hydrogenated/result.json"", ""data/reference_thermochemistry/imine/stationarity/result.json""]","[""data/campaign/thermochemistry/Mn_macho_pnp_Ph__active/result.json"", ""data/reference_thermochemistry/product_amine/stationarity/result.json""]","[""f667fd9d44bb8f9a90ca38eb86d9b6e1e60cb9750c89885e170ef1deb4b0f0cf"", ""320207d7a21680926414b387b1b8cd3adcb066bb7fc19106fe58731629d2bffb""]","[""c71b779af5dd714d318a72889d362e1c43d3fb0c021b86fc1ac004f1242b6172"", ""1310231bc0e8cfa7827d24c6e16bb1ae55f4c47ed9c416194f0e2ec8627a6231""]",Reaction thermodynamics of separate 1M molecular species; no kinetic barrier or TOF
Mn_macho_pnp_Ph,imine_hydrogenation,420.0,-4.814521561853326,hydrogenated_cat + imine -> active_cat + product_amine,True,True,"[""data/campaign/thermochemistry/Mn_macho_pnp_Ph__hydrogenated/result.json"", ""data/reference_thermochemistry/imine/stationarity/result.json""]","[""data/campaign/thermochemistry/Mn_macho_pnp_Ph__active/result.json"", ""data/reference_thermochemistry/product_amine/stationarity/result.json""]","[""f667fd9d44bb8f9a90ca38eb86d9b6e1e60cb9750c89885e170ef1deb4b0f0cf"", ""320207d7a21680926414b387b1b8cd3adcb066bb7fc19106fe58731629d2bffb""]","[""c71b779af5dd714d318a72889d362e1c43d3fb0c021b86fc1ac004f1242b6172"", ""1310231bc0e8cfa7827d24c6e16bb1ae55f4c47ed9c416194f0e2ec8627a6231""]",Reaction thermodynamics of separate 1M molecular species; no kinetic barrier or TOF
Mn_macho_pnp_Ph,imine_hydrogenation,430.0,-4.806855069040466,hydrogenated_cat + imine -> active_cat + product_amine,True,True,"[""data/campaign/thermochemistry/Mn_macho_pnp_Ph__hydrogenated/result.json"", ""data/reference_thermochemistry/imine/stationarity/result.json""]","[""data/campaign/thermochemistry/Mn_macho_pnp_Ph__active/result.json"", ""data/reference_thermochemistry/product_amine/stationarity/result.json""]","[""f667fd9d44bb8f9a90ca38eb86d9b6e1e60cb9750c89885e170ef1deb4b0f0cf"", ""320207d7a21680926414b387b1b8cd3adcb066bb7fc19106fe58731629d2bffb""]","[""c71b779af5dd714d318a72889d362e1c43d3fb0c021b86fc1ac004f1242b6172"", ""1310231bc0e8cfa7827d24c6e16bb1ae55f4c47ed9c416194f0e2ec8627a6231""]",Reaction thermodynamics of separate 1M molecular species; no kinetic barrier or TOF
Mn_macho_pnp_Ph,imine_hydrogenation,440.0,-4.798707727553847,hydrogenated_cat + imine -> active_cat + product_amine,True,True,"[""data/campaign/thermochemistry/Mn_macho_pnp_Ph__hydrogenated/result.json"", ""data/reference_thermochemistry/imine/stationarity/result.json""]","[""data/campaign/thermochemistry/Mn_macho_pnp_Ph__active/result.json"", ""data/reference_thermochemistry/product_amine/stationarity/result.json""]","[""f667fd9d44bb8f9a90ca38eb86d9b6e1e60cb9750c89885e170ef1deb4b0f0cf"", ""320207d7a21680926414b387b1b8cd3adcb066bb7fc19106fe58731629d2bffb""]","[""c71b779af5dd714d318a72889d362e1c43d3fb0c021b86fc1ac004f1242b6172"", ""1310231bc0e8cfa7827d24c6e16bb1ae55f4c47ed9c416194f0e2ec8627a6231""]",Reaction thermodynamics of separate 1M molecular species; no kinetic barrier or TOF
Mn_macho_pnp_iPr,alcohol_dehydrogenation,298.15,5.886166448353833,active_cat + benzyl_alcohol -> hydrogenated_cat + benzaldehyde,True,True,"[""data/campaign/thermochemistry/Mn_macho_pnp_iPr__active/result.json"", ""data/reference_thermochemistry/benzyl_alcohol/stationarity/result.json""]","[""data/campaign/thermochemistry/Mn_macho_pnp_iPr__hydrogenated/result.json"", ""data/reference_thermochemistry/benzaldehyde/stationarity/result.json""]","[""1d1f93991abde9df16e9b079544e3fda884186628b523280073cf146f5cb3d7a"", ""f4897da33f477e49dfa225e23571ab1376182c83d5412b994134a99a99cc75c0""]","[""37720869e088e04aabc401db3f1ac7fa6597021a1620509dafa595dd356da31b"", ""e7292b48e5f27218094b119118595a7fc0b25d93db34b114bb0582e7ad8b60b9""]",Reaction thermodynamics of separate 1M molecular species; no kinetic barrier or TOF
Mn_macho_pnp_iPr,alcohol_dehydrogenation,340.0,5.9504809412501345,active_cat + benzyl_alcohol -> hydrogenated_cat + benzaldehyde,True,True,"[""data/campaign/thermochemistry/Mn_macho_pnp_iPr__active/result.json"", ""data/reference_thermochemistry/benzyl_alcohol/stationarity/result.json""]","[""data/campaign/thermochemistry/Mn_macho_pnp_iPr__hydrogenated/result.json"", ""data/reference_thermochemistry/benzaldehyde/stationarity/result.json""]","[""1d1f93991abde9df16e9b079544e3fda884186628b523280073cf146f5cb3d7a"", ""f4897da33f477e49dfa225e23571ab1376182c83d5412b994134a99a99cc75c0""]","[""37720869e088e04aabc401db3f1ac7fa6597021a1620509dafa595dd356da31b"", ""e7292b48e5f27218094b119118595a7fc0b25d93db34b114bb0582e7ad8b60b9""]",Reaction thermodynamics of separate 1M molecular species; no kinetic barrier or TOF
Mn_macho_pnp_iPr,alcohol_dehydrogenation,350.0,5.964474878830515,active_cat + benzyl_alcohol -> hydrogenated_cat + benzaldehyde,True,True,"[""data/campaign/thermochemistry/Mn_macho_pnp_iPr__active/result.json"", ""data/reference_thermochemistry/benzyl_alcohol/stationarity/result.json""]","[""data/campaign/thermochemistry/Mn_macho_pnp_iPr__hydrogenated/result.json"", ""data/reference_thermochemistry/benzaldehyde/stationarity/result.json""]","[""1d1f93991abde9df16e9b079544e3fda884186628b523280073cf146f5cb3d7a"", ""f4897da33f477e49dfa225e23571ab1376182c83d5412b994134a99a99cc75c0""]","[""37720869e088e04aabc401db3f1ac7fa6597021a1620509dafa595dd356da31b"", ""e7292b48e5f27218094b119118595a7fc0b25d93db34b114bb0582e7ad8b60b9""]",Reaction thermodynamics of separate 1M molecular species; no kinetic barrier or TOF
Mn_macho_pnp_iPr,alcohol_dehydrogenation,360.0,5.977950567741573,active_cat + benzyl_alcohol -> hydrogenated_cat + benzaldehyde,True,True,"[""data/campaign/thermochemistry/Mn_macho_pnp_iPr__active/result.json"", ""data/reference_thermochemistry/benzyl_alcohol/stationarity/result.json""]","[""data/campaign/thermochemistry/Mn_macho_pnp_iPr__hydrogenated/result.json"", ""data/reference_thermochemistry/benzaldehyde/stationarity/result.json""]","[""1d1f93991abde9df16e9b079544e3fda884186628b523280073cf146f5cb3d7a"", ""f4897da33f477e49dfa225e23571ab1376182c83d5412b994134a99a99cc75c0""]","[""37720869e088e04aabc401db3f1ac7fa6597021a1620509dafa595dd356da31b"", ""e7292b48e5f27218094b119118595a7fc0b25d93db34b114bb0582e7ad8b60b9""]",Reaction thermodynamics of separate 1M molecular species; no kinetic barrier or TOF
Mn_macho_pnp_iPr,alcohol_dehydrogenation,370.0,5.9909139360952395,active_cat + benzyl_alcohol -> hydrogenated_cat + benzaldehyde,True,True,"[""data/campaign/thermochemistry/Mn_macho_pnp_iPr__active/result.json"", ""data/reference_thermochemistry/benzyl_alcohol/stationarity/result.json""]","[""data/campaign/thermochemistry/Mn_macho_pnp_iPr__hydrogenated/result.json"", ""data/reference_thermochemistry/benzaldehyde/stationarity/result.json""]","[""1d1f93991abde9df16e9b079544e3fda884186628b523280073cf146f5cb3d7a"", ""f4897da33f477e49dfa225e23571ab1376182c83d5412b994134a99a99cc75c0""]","[""37720869e088e04aabc401db3f1ac7fa6597021a1620509dafa595dd356da31b"", ""e7292b48e5f27218094b119118595a7fc0b25d93db34b114bb0582e7ad8b60b9""]",Reaction thermodynamics of separate 1M molecular species; no kinetic barrier or TOF
Mn_macho_pnp_iPr,alcohol_dehydrogenation,380.0,6.003370980843101,active_cat + benzyl_alcohol -> hydrogenated_cat + benzaldehyde,True,True,"[""data/campaign/thermochemistry/Mn_macho_pnp_iPr__active/result.json"", ""data/reference_thermochemistry/benzyl_alcohol/stationarity/result.json""]","[""data/campaign/thermochemistry/Mn_macho_pnp_iPr__hydrogenated/result.json"", ""data/reference_thermochemistry/benzaldehyde/stationarity/result.json""]","[""1d1f93991abde9df16e9b079544e3fda884186628b523280073cf146f5cb3d7a"", ""f4897da33f477e49dfa225e23571ab1376182c83d5412b994134a99a99cc75c0""]","[""37720869e088e04aabc401db3f1ac7fa6597021a1620509dafa595dd356da31b"", ""e7292b48e5f27218094b119118595a7fc0b25d93db34b114bb0582e7ad8b60b9""]",Reaction thermodynamics of separate 1M molecular species; no kinetic barrier or TOF
Mn_macho_pnp_iPr,alcohol_dehydrogenation,383.15,6.0071910479455255,active_cat + benzyl_alcohol -> hydrogenated_cat + benzaldehyde,True,True,"[""data/campaign/thermochemistry/Mn_macho_pnp_iPr__active/result.json"", ""data/reference_thermochemistry/benzyl_alcohol/stationarity/result.json""]","[""data/campaign/thermochemistry/Mn_macho_pnp_iPr__hydrogenated/result.json"", ""data/reference_thermochemistry/benzaldehyde/stationarity/result.json""]","[""1d1f93991abde9df16e9b079544e3fda884186628b523280073cf146f5cb3d7a"", ""f4897da33f477e49dfa225e23571ab1376182c83d5412b994134a99a99cc75c0""]","[""37720869e088e04aabc401db3f1ac7fa6597021a1620509dafa595dd356da31b"", ""e7292b48e5f27218094b119118595a7fc0b25d93db34b114bb0582e7ad8b60b9""]",Reaction thermodynamics of separate 1M molecular species; no kinetic barrier or TOF
Mn_macho_pnp_iPr,alcohol_dehydrogenation,390.0,6.015327736857216,active_cat + benzyl_alcohol -> hydrogenated_cat + benzaldehyde,True,True,"[""data/campaign/thermochemistry/Mn_macho_pnp_iPr__active/result.json"", ""data/reference_thermochemistry/benzyl_alcohol/stationarity/result.json""]","[""data/campaign/thermochemistry/Mn_macho_pnp_iPr__hydrogenated/result.json"", ""data/reference_thermochemistry/benzaldehyde/stationarity/result.json""]","[""1d1f93991abde9df16e9b079544e3fda884186628b523280073cf146f5cb3d7a"", ""f4897da33f477e49dfa225e23571ab1376182c83d5412b994134a99a99cc75c0""]","[""37720869e088e04aabc401db3f1ac7fa6597021a1620509dafa595dd356da31b"", ""e7292b48e5f27218094b119118595a7fc0b25d93db34b114bb0582e7ad8b60b9""]",Reaction thermodynamics of separate 1M molecular species; no kinetic barrier or TOF
Mn_macho_pnp_iPr,alcohol_dehydrogenation,400.0,6.026790251949933,active_cat + benzyl_alcohol -> hydrogenated_cat + benzaldehyde,True,True,"[""data/campaign/thermochemistry/Mn_macho_pnp_iPr__active/result.json"", ""data/reference_thermochemistry/benzyl_alcohol/stationarity/result.json""]","[""data/campaign/thermochemistry/Mn_macho_pnp_iPr__hydrogenated/result.json"", ""data/reference_thermochemistry/benzaldehyde/stationarity/result.json""]","[""1d1f93991abde9df16e9b079544e3fda884186628b523280073cf146f5cb3d7a"", ""f4897da33f477e49dfa225e23571ab1376182c83d5412b994134a99a99cc75c0""]","[""37720869e088e04aabc401db3f1ac7fa6597021a1620509dafa595dd356da31b"", ""e7292b48e5f27218094b119118595a7fc0b25d93db34b114bb0582e7ad8b60b9""]",Reaction thermodynamics of separate 1M molecular species; no kinetic barrier or TOF
Mn_macho_pnp_iPr,alcohol_dehydrogenation,410.0,6.037764566906844,active_cat + benzyl_alcohol -> hydrogenated_cat + benzaldehyde,True,True,"[""data/campaign/thermochemistry/Mn_macho_pnp_iPr__active/result.json"", ""data/reference_thermochemistry/benzyl_alcohol/stationarity/result.json""]","[""data/campaign/thermochemistry/Mn_macho_pnp_iPr__hydrogenated/result.json"", ""data/reference_thermochemistry/benzaldehyde/stationarity/result.json""]","[""1d1f93991abde9df16e9b079544e3fda884186628b523280073cf146f5cb3d7a"", ""f4897da33f477e49dfa225e23571ab1376182c83d5412b994134a99a99cc75c0""]","[""37720869e088e04aabc401db3f1ac7fa6597021a1620509dafa595dd356da31b"", ""e7292b48e5f27218094b119118595a7fc0b25d93db34b114bb0582e7ad8b60b9""]",Reaction thermodynamics of separate 1M molecular species; no kinetic barrier or TOF
Mn_macho_pnp_iPr,alcohol_dehydrogenation,420.0,6.048256699761623,active_cat + benzyl_alcohol -> hydrogenated_cat + benzaldehyde,True,True,"[""data/campaign/thermochemistry/Mn_macho_pnp_iPr__active/result.json"", ""data/reference_thermochemistry/benzyl_alcohol/stationarity/result.json""]","[""data/campaign/thermochemistry/Mn_macho_pnp_iPr__hydrogenated/result.json"", ""data/reference_thermochemistry/benzaldehyde/stationarity/result.json""]","[""1d1f93991abde9df16e9b079544e3fda884186628b523280073cf146f5cb3d7a"", ""f4897da33f477e49dfa225e23571ab1376182c83d5412b994134a99a99cc75c0""]","[""37720869e088e04aabc401db3f1ac7fa6597021a1620509dafa595dd356da31b"", ""e7292b48e5f27218094b119118595a7fc0b25d93db34b114bb0582e7ad8b60b9""]",Reaction thermodynamics of separate 1M molecular species; no kinetic barrier or TOF
Mn_macho_pnp_iPr,alcohol_dehydrogenation,430.0,6.058272633705201,active_cat + benzyl_alcohol -> hydrogenated_cat + benzaldehyde,True,True,"[""data/campaign/thermochemistry/Mn_macho_pnp_iPr__active/result.json"", ""data/reference_thermochemistry/benzyl_alcohol/stationarity/result.json""]","[""data/campaign/thermochemistry/Mn_macho_pnp_iPr__hydrogenated/result.json"", ""data/reference_thermochemistry/benzaldehyde/stationarity/result.json""]","[""1d1f93991abde9df16e9b079544e3fda884186628b523280073cf146f5cb3d7a"", ""f4897da33f477e49dfa225e23571ab1376182c83d5412b994134a99a99cc75c0""]","[""37720869e088e04aabc401db3f1ac7fa6597021a1620509dafa595dd356da31b"", ""e7292b48e5f27218094b119118595a7fc0b25d93db34b114bb0582e7ad8b60b9""]",Reaction thermodynamics of separate 1M molecular species; no kinetic barrier or TOF
Mn_macho_pnp_iPr,alcohol_dehydrogenation,440.0,6.067818307888956,active_cat + benzyl_alcohol -> hydrogenated_cat + benzaldehyde,True,True,"[""data/campaign/thermochemistry/Mn_macho_pnp_iPr__active/result.json"", ""data/reference_thermochemistry/benzyl_alcohol/stationarity/result.json""]","[""data/campaign/thermochemistry/Mn_macho_pnp_iPr__hydrogenated/result.json"", ""data/reference_thermochemistry/benzaldehyde/stationarity/result.json""]","[""1d1f93991abde9df16e9b079544e3fda884186628b523280073cf146f5cb3d7a"", ""f4897da33f477e49dfa225e23571ab1376182c83d5412b994134a99a99cc75c0""]","[""37720869e088e04aabc401db3f1ac7fa6597021a1620509dafa595dd356da31b"", ""e7292b48e5f27218094b119118595a7fc0b25d93db34b114bb0582e7ad8b60b9""]",Reaction thermodynamics of separate 1M molecular species; no kinetic barrier or TOF
Mn_macho_pnp_iPr,separated_ion_deprotonation,298.15,-85.58248791763981,protonated_cat(+) + tert_butoxide(-) -> active_cat + tert_butanol,True,True,"[""data/campaign/thermochemistry/Mn_macho_pnp_iPr__protonated_reference/result.json"", ""data/reference_thermochemistry/tert_butoxide_anion/stationarity/result.json""]","[""data/campaign/thermochemistry/Mn_macho_pnp_iPr__active/result.json"", ""data/reference_thermochemistry/tert_butanol/stationarity/result.json""]","[""4d6ecfaf98a6ca62a7c7c64cfbe3f1c3eb8c454672878b2d295b6aaed50327b6"", ""d212e4231d6b932ee1d5bcd7336d05f49a5bd740e5762fb2e2806c3cb8018b82""]","[""1d1f93991abde9df16e9b079544e3fda884186628b523280073cf146f5cb3d7a"", ""528ce6cef516220b49746927b16e66a325ccc5797a749a09e16cf5dfe6b1bd99""]",Separated-ion reference only; does not establish dissolved tBuOK salt speciation or ion pairing
Mn_macho_pnp_iPr,separated_ion_deprotonation,340.0,-85.63838442575616,protonated_cat(+) + tert_butoxide(-) -> active_cat + tert_butanol,True,True,"[""data/campaign/thermochemistry/Mn_macho_pnp_iPr__protonated_reference/result.json"", ""data/reference_thermochemistry/tert_butoxide_anion/stationarity/result.json""]","[""data/campaign/thermochemistry/Mn_macho_pnp_iPr__active/result.json"", ""data/reference_thermochemistry/tert_butanol/stationarity/result.json""]","[""4d6ecfaf98a6ca62a7c7c64cfbe3f1c3eb8c454672878b2d295b6aaed50327b6"", ""d212e4231d6b932ee1d5bcd7336d05f49a5bd740e5762fb2e2806c3cb8018b82""]","[""1d1f93991abde9df16e9b079544e3fda884186628b523280073cf146f5cb3d7a"", ""528ce6cef516220b49746927b16e66a325ccc5797a749a09e16cf5dfe6b1bd99""]",Separated-ion reference only; does not establish dissolved tBuOK salt speciation or ion pairing
Mn_macho_pnp_iPr,separated_ion_deprotonation,350.0,-85.65093172925481,protonated_cat(+) + tert_butoxide(-) -> active_cat + tert_butanol,True,True,"[""data/campaign/thermochemistry/Mn_macho_pnp_iPr__protonated_reference/result.json"", ""data/reference_thermochemistry/tert_butoxide_anion/stationarity/result.json""]","[""data/campaign/thermochemistry/Mn_macho_pnp_iPr__active/result.json"", ""data/reference_thermochemistry/tert_butanol/stationarity/result.json""]","[""4d6ecfaf98a6ca62a7c7c64cfbe3f1c3eb8c454672878b2d295b6aaed50327b6"", ""d212e4231d6b932ee1d5bcd7336d05f49a5bd740e5762fb2e2806c3cb8018b82""]","[""1d1f93991abde9df16e9b079544e3fda884186628b523280073cf146f5cb3d7a"", ""528ce6cef516220b49746927b16e66a325ccc5797a749a09e16cf5dfe6b1bd99""]",Separated-ion reference only; does not establish dissolved tBuOK salt speciation or ion pairing
Mn_macho_pnp_iPr,separated_ion_deprotonation,360.0,-85.66316414299945,protonated_cat(+) + tert_butoxide(-) -> active_cat + tert_butanol,True,True,"[""data/campaign/thermochemistry/Mn_macho_pnp_iPr__protonated_reference/result.json"", ""data/reference_thermochemistry/tert_butoxide_anion/stationarity/result.json""]","[""data/campaign/thermochemistry/Mn_macho_pnp_iPr__active/result.json"", ""data/reference_thermochemistry/tert_butanol/stationarity/result.json""]","[""4d6ecfaf98a6ca62a7c7c64cfbe3f1c3eb8c454672878b2d295b6aaed50327b6"", ""d212e4231d6b932ee1d5bcd7336d05f49a5bd740e5762fb2e2806c3cb8018b82""]","[""1d1f93991abde9df16e9b079544e3fda884186628b523280073cf146f5cb3d7a"", ""528ce6cef516220b49746927b16e66a325ccc5797a749a09e16cf5dfe6b1bd99""]",Separated-ion reference only; does not establish dissolved tBuOK salt speciation or ion pairing
Mn_macho_pnp_iPr,separated_ion_deprotonation,370.0,-85.67508204373189,protonated_cat(+) + tert_butoxide(-) -> active_cat + tert_butanol,True,True,"[""data/campaign/thermochemistry/Mn_macho_pnp_iPr__protonated_reference/result.json"", ""data/reference_thermochemistry/tert_butoxide_anion/stationarity/result.json""]","[""data/campaign/thermochemistry/Mn_macho_pnp_iPr__active/result.json"", ""data/reference_thermochemistry/tert_butanol/stationarity/result.json""]","[""4d6ecfaf98a6ca62a7c7c64cfbe3f1c3eb8c454672878b2d295b6aaed50327b6"", ""d212e4231d6b932ee1d5bcd7336d05f49a5bd740e5762fb2e2806c3cb8018b82""]","[""1d1f93991abde9df16e9b079544e3fda884186628b523280073cf146f5cb3d7a"", ""528ce6cef516220b49746927b16e66a325ccc5797a749a09e16cf5dfe6b1bd99""]",Separated-ion reference only; does not establish dissolved tBuOK salt speciation or ion pairing
Mn_macho_pnp_iPr,separated_ion_deprotonation,380.0,-85.68668660337244,protonated_cat(+) + tert_butoxide(-) -> active_cat + tert_butanol,True,True,"[""data/campaign/thermochemistry/Mn_macho_pnp_iPr__protonated_reference/result.json"", ""data/reference_thermochemistry/tert_butoxide_anion/stationarity/result.json""]","[""data/campaign/thermochemistry/Mn_macho_pnp_iPr__active/result.json"", ""data/reference_thermochemistry/tert_butanol/stationarity/result.json""]","[""4d6ecfaf98a6ca62a7c7c64cfbe3f1c3eb8c454672878b2d295b6aaed50327b6"", ""d212e4231d6b932ee1d5bcd7336d05f49a5bd740e5762fb2e2806c3cb8018b82""]","[""1d1f93991abde9df16e9b079544e3fda884186628b523280073cf146f5cb3d7a"", ""528ce6cef516220b49746927b16e66a325ccc5797a749a09e16cf5dfe6b1bd99""]",Separated-ion reference only; does not establish dissolved tBuOK salt speciation or ion pairing
Mn_macho_pnp_iPr,separated_ion_deprotonation,383.15,-85.69027742435719,protonated_cat(+) + tert_butoxide(-) -> active_cat + tert_butanol,True,True,"[""data/campaign/thermochemistry/Mn_macho_pnp_iPr__protonated_reference/result.json"", ""data/reference_thermochemistry/tert_butoxide_anion/stationarity/result.json""]","[""data/campaign/thermochemistry/Mn_macho_pnp_iPr__active/result.json"", ""data/reference_thermochemistry/tert_butanol/stationarity/result.json""]","[""4d6ecfaf98a6ca62a7c7c64cfbe3f1c3eb8c454672878b2d295b6aaed50327b6"", ""d212e4231d6b932ee1d5bcd7336d05f49a5bd740e5762fb2e2806c3cb8018b82""]","[""1d1f93991abde9df16e9b079544e3fda884186628b523280073cf146f5cb3d7a"", ""528ce6cef516220b49746927b16e66a325ccc5797a749a09e16cf5dfe6b1bd99""]",Separated-ion reference only; does not establish dissolved tBuOK salt speciation or ion pairing
Mn_macho_pnp_iPr,separated_ion_deprotonation,390.0,-85.69797969281535,protonated_cat(+) + tert_butoxide(-) -> active_cat + tert_butanol,True,True,"[""data/campaign/thermochemistry/Mn_macho_pnp_iPr__protonated_reference/result.json"", ""data/reference_thermochemistry/tert_butoxide_anion/stationarity/result.json""]","[""data/campaign/thermochemistry/Mn_macho_pnp_iPr__active/result.json"", ""data/reference_thermochemistry/tert_butanol/stationarity/result.json""]","[""4d6ecfaf98a6ca62a7c7c64cfbe3f1c3eb8c454672878b2d295b6aaed50327b6"", ""d212e4231d6b932ee1d5bcd7336d05f49a5bd740e5762fb2e2806c3cb8018b82""]","[""1d1f93991abde9df16e9b079544e3fda884186628b523280073cf146f5cb3d7a"", ""528ce6cef516220b49746927b16e66a325ccc5797a749a09e16cf5dfe6b1bd99""]",Separated-ion reference only; does not establish dissolved tBuOK salt speciation or ion pairing
Mn_macho_pnp_iPr,separated_ion_deprotonation,400.0,-85.70896379185433,protonated_cat(+) + tert_butoxide(-) -> active_cat + tert_butanol,True,True,"[""data/campaign/thermochemistry/Mn_macho_pnp_iPr__protonated_reference/result.json"", ""data/reference_thermochemistry/tert_butoxide_anion/stationarity/result.json""]","[""data/campaign/thermochemistry/Mn_macho_pnp_iPr__active/result.json"", ""data/reference_thermochemistry/tert_butanol/stationarity/result.json""]","[""4d6ecfaf98a6ca62a7c7c64cfbe3f1c3eb8c454672878b2d295b6aaed50327b6"", ""d212e4231d6b932ee1d5bcd7336d05f49a5bd740e5762fb2e2806c3cb8018b82""]","[""1d1f93991abde9df16e9b079544e3fda884186628b523280073cf146f5cb3d7a"", ""528ce6cef516220b49746927b16e66a325ccc5797a749a09e16cf5dfe6b1bd99""]",Separated-ion reference only; does not establish dissolved tBuOK salt speciation or ion pairing
Mn_macho_pnp_iPr,separated_ion_deprotonation,410.0,-85.71964190582548,protonated_cat(+) + tert_butoxide(-) -> active_cat + tert_butanol,True,True,"[""data/campaign/thermochemistry/Mn_macho_pnp_iPr__protonated_reference/result.json"", ""data/reference_thermochemistry/tert_butoxide_anion/stationarity/result.json""]","[""data/campaign/thermochemistry/Mn_macho_pnp_iPr__active/result.json"", ""data/reference_thermochemistry/tert_butanol/stationarity/result.json""]","[""4d6ecfaf98a6ca62a7c7c64cfbe3f1c3eb8c454672878b2d295b6aaed50327b6"", ""d212e4231d6b932ee1d5bcd7336d05f49a5bd740e5762fb2e2806c3cb8018b82""]","[""1d1f93991abde9df16e9b079544e3fda884186628b523280073cf146f5cb3d7a"", ""528ce6cef516220b49746927b16e66a325ccc5797a749a09e16cf5dfe6b1bd99""]",Separated-ion reference only; does not establish dissolved tBuOK salt speciation or ion pairing
Mn_macho_pnp_iPr,separated_ion_deprotonation,420.0,-85.73001748887691,protonated_cat(+) + tert_butoxide(-) -> active_cat + tert_butanol,True,True,"[""data/campaign/thermochemistry/Mn_macho_pnp_iPr__protonated_reference/result.json"", ""data/reference_thermochemistry/tert_butoxide_anion/stationarity/result.json""]","[""data/campaign/thermochemistry/Mn_macho_pnp_iPr__active/result.json"", ""data/reference_thermochemistry/tert_butanol/stationarity/result.json""]","[""4d6ecfaf98a6ca62a7c7c64cfbe3f1c3eb8c454672878b2d295b6aaed50327b6"", ""d212e4231d6b932ee1d5bcd7336d05f49a5bd740e5762fb2e2806c3cb8018b82""]","[""1d1f93991abde9df16e9b079544e3fda884186628b523280073cf146f5cb3d7a"", ""528ce6cef516220b49746927b16e66a325ccc5797a749a09e16cf5dfe6b1bd99""]",Separated-ion reference only; does not establish dissolved tBuOK salt speciation or ion pairing
Mn_macho_pnp_iPr,separated_ion_deprotonation,430.0,-85.74009437377208,protonated_cat(+) + tert_butoxide(-) -> active_cat + tert_butanol,True,True,"[""data/campaign/thermochemistry/Mn_macho_pnp_iPr__protonated_reference/result.json"", ""data/reference_thermochemistry/tert_butoxide_anion/stationarity/result.json""]","[""data/campaign/thermochemistry/Mn_macho_pnp_iPr__active/result.json"", ""data/reference_thermochemistry/tert_butanol/stationarity/result.json""]","[""4d6ecfaf98a6ca62a7c7c64cfbe3f1c3eb8c454672878b2d295b6aaed50327b6"", ""d212e4231d6b932ee1d5bcd7336d05f49a5bd740e5762fb2e2806c3cb8018b82""]","[""1d1f93991abde9df16e9b079544e3fda884186628b523280073cf146f5cb3d7a"", ""528ce6cef516220b49746927b16e66a325ccc5797a749a09e16cf5dfe6b1bd99""]",Separated-ion reference only; does not establish dissolved tBuOK salt speciation or ion pairing
Mn_macho_pnp_iPr,separated_ion_deprotonation,440.0,-85.74987670842893,protonated_cat(+) + tert_butoxide(-) -> active_cat + tert_butanol,True,True,"[""data/campaign/thermochemistry/Mn_macho_pnp_iPr__protonated_reference/result.json"", ""data/reference_thermochemistry/tert_butoxide_anion/stationarity/result.json""]","[""data/campaign/thermochemistry/Mn_macho_pnp_iPr__active/result.json"", ""data/reference_thermochemistry/tert_butanol/stationarity/result.json""]","[""4d6ecfaf98a6ca62a7c7c64cfbe3f1c3eb8c454672878b2d295b6aaed50327b6"", ""d212e4231d6b932ee1d5bcd7336d05f49a5bd740e5762fb2e2806c3cb8018b82""]","[""1d1f93991abde9df16e9b079544e3fda884186628b523280073cf146f5cb3d7a"", ""528ce6cef516220b49746927b16e66a325ccc5797a749a09e16cf5dfe6b1bd99""]",Separated-ion reference only; does not establish dissolved tBuOK salt speciation or ion pairing
Mn_macho_pnp_iPr,imine_hydrogenation,298.15,-8.261440731675975,hydrogenated_cat + imine -> active_cat + product_amine,True,True,"[""data/campaign/thermochemistry/Mn_macho_pnp_iPr__hydrogenated/result.json"", ""data/reference_thermochemistry/imine/stationarity/result.json""]","[""data/campaign/thermochemistry/Mn_macho_pnp_iPr__active/result.json"", ""data/reference_thermochemistry/product_amine/stationarity/result.json""]","[""37720869e088e04aabc401db3f1ac7fa6597021a1620509dafa595dd356da31b"", ""320207d7a21680926414b387b1b8cd3adcb066bb7fc19106fe58731629d2bffb""]","[""1d1f93991abde9df16e9b079544e3fda884186628b523280073cf146f5cb3d7a"", ""1310231bc0e8cfa7827d24c6e16bb1ae55f4c47ed9c416194f0e2ec8627a6231""]",Reaction thermodynamics of separate 1M molecular species; no kinetic barrier or TOF
Mn_macho_pnp_iPr,imine_hydrogenation,340.0,-8.263024257594225,hydrogenated_cat + imine -> active_cat + product_amine,True,True,"[""data/campaign/thermochemistry/Mn_macho_pnp_iPr__hydrogenated/result.json"", ""data/reference_thermochemistry/imine/stationarity/result.json""]","[""data/campaign/thermochemistry/Mn_macho_pnp_iPr__active/result.json"", ""data/reference_thermochemistry/product_amine/stationarity/result.json""]","[""37720869e088e04aabc401db3f1ac7fa6597021a1620509dafa595dd356da31b"", ""320207d7a21680926414b387b1b8cd3adcb066bb7fc19106fe58731629d2bffb""]","[""1d1f93991abde9df16e9b079544e3fda884186628b523280073cf146f5cb3d7a"", ""1310231bc0e8cfa7827d24c6e16bb1ae55f4c47ed9c416194f0e2ec8627a6231""]",Reaction thermodynamics of separate 1M molecular species; no kinetic barrier or TOF
Mn_macho_pnp_iPr,imine_hydrogenation,350.0,-8.2622706719485,hydrogenated_cat + imine -> active_cat + product_amine,True,True,"[""data/campaign/thermochemistry/Mn_macho_pnp_iPr__hydrogenated/result.json"", ""data/reference_thermochemistry/imine/stationarity/result.json""]","[""data/campaign/thermochemistry/Mn_macho_pnp_iPr__active/result.json"", ""data/reference_thermochemistry/product_amine/stationarity/result.json""]","[""37720869e088e04aabc401db3f1ac7fa6597021a1620509dafa595dd356da31b"", ""320207d7a21680926414b387b1b8cd3adcb066bb7fc19106fe58731629d2bffb""]","[""1d1f93991abde9df16e9b079544e3fda884186628b523280073cf146f5cb3d7a"", ""1310231bc0e8cfa7827d24c6e16bb1ae55f4c47ed9c416194f0e2ec8627a6231""]",Reaction thermodynamics of separate 1M molecular species; no kinetic barrier or TOF
Mn_macho_pnp_iPr,imine_hydrogenation,360.0,-8.261084854617366,hydrogenated_cat + imine -> active_cat + product_amine,True,True,"[""data/campaign/thermochemistry/Mn_macho_pnp_iPr__hydrogenated/result.json"", ""data/reference_thermochemistry/imine/stationarity/result.json""]","[""data/campaign/thermochemistry/Mn_macho_pnp_iPr__active/result.json"", ""data/reference_thermochemistry/product_amine/stationarity/result.json""]","[""37720869e088e04aabc401db3f1ac7fa6597021a1620509dafa595dd356da31b"", ""320207d7a21680926414b387b1b8cd3adcb066bb7fc19106fe58731629d2bffb""]","[""1d1f93991abde9df16e9b079544e3fda884186628b523280073cf146f5cb3d7a"", ""1310231bc0e8cfa7827d24c6e16bb1ae55f4c47ed9c416194f0e2ec8627a6231""]",Reaction thermodynamics of separate 1M molecular species; no kinetic barrier or TOF
Mn_macho_pnp_iPr,imine_hydrogenation,370.0,-8.259469320440985,hydrogenated_cat + imine -> active_cat + product_amine,True,True,"[""data/campaign/thermochemistry/Mn_macho_pnp_iPr__hydrogenated/result.json"", ""data/reference_thermochemistry/imine/stationarity/result.json""]","[""data/campaign/thermochemistry/Mn_macho_pnp_iPr__active/result.json"", ""data/reference_thermochemistry/product_amine/stationarity/result.json""]","[""37720869e088e04aabc401db3f1ac7fa6597021a1620509dafa595dd356da31b"", ""320207d7a21680926414b387b1b8cd3adcb066bb7fc19106fe58731629d2bffb""]","[""1d1f93991abde9df16e9b079544e3fda884186628b523280073cf146f5cb3d7a"", ""1310231bc0e8cfa7827d24c6e16bb1ae55f4c47ed9c416194f0e2ec8627a6231""]",Reaction thermodynamics of separate 1M molecular species; no kinetic barrier or TOF
Mn_macho_pnp_iPr,imine_hydrogenation,380.0,-8.257426800959365,hydrogenated_cat + imine -> active_cat + product_amine,True,True,"[""data/campaign/thermochemistry/Mn_macho_pnp_iPr__hydrogenated/result.json"", ""data/reference_thermochemistry/imine/stationarity/result.json""]","[""data/campaign/thermochemistry/Mn_macho_pnp_iPr__active/result.json"", ""data/reference_thermochemistry/product_amine/stationarity/result.json""]","[""37720869e088e04aabc401db3f1ac7fa6597021a1620509dafa595dd356da31b"", ""320207d7a21680926414b387b1b8cd3adcb066bb7fc19106fe58731629d2bffb""]","[""1d1f93991abde9df16e9b079544e3fda884186628b523280073cf146f5cb3d7a"", ""1310231bc0e8cfa7827d24c6e16bb1ae55f4c47ed9c416194f0e2ec8627a6231""]",Reaction thermodynamics of separate 1M molecular species; no kinetic barrier or TOF
Mn_macho_pnp_iPr,imine_hydrogenation,383.15,-8.256695438103634,hydrogenated_cat + imine -> active_cat + product_amine,True,True,"[""data/campaign/thermochemistry/Mn_macho_pnp_iPr__hydrogenated/result.json"", ""data/reference_thermochemistry/imine/stationarity/result.json""]","[""data/campaign/thermochemistry/Mn_macho_pnp_iPr__active/result.json"", ""data/reference_thermochemistry/product_amine/stationarity/result.json""]","[""37720869e088e04aabc401db3f1ac7fa6597021a1620509dafa595dd356da31b"", ""320207d7a21680926414b387b1b8cd3adcb066bb7fc19106fe58731629d2bffb""]","[""1d1f93991abde9df16e9b079544e3fda884186628b523280073cf146f5cb3d7a"", ""1310231bc0e8cfa7827d24c6e16bb1ae55f4c47ed9c416194f0e2ec8627a6231""]",Reaction thermodynamics of separate 1M molecular species; no kinetic barrier or TOF
Mn_macho_pnp_iPr,imine_hydrogenation,390.0,-8.254960239686625,hydrogenated_cat + imine -> active_cat + product_amine,True,True,"[""data/campaign/thermochemistry/Mn_macho_pnp_iPr__hydrogenated/result.json"", ""data/reference_thermochemistry/imine/stationarity/result.json""]","[""data/campaign/thermochemistry/Mn_macho_pnp_iPr__active/result.json"", ""data/reference_thermochemistry/product_amine/stationarity/result.json""]","[""37720869e088e04aabc401db3f1ac7fa6597021a1620509dafa595dd356da31b"", ""320207d7a21680926414b387b1b8cd3adcb066bb7fc19106fe58731629d2bffb""]","[""1d1f93991abde9df16e9b079544e3fda884186628b523280073cf146f5cb3d7a"", ""1310231bc0e8cfa7827d24c6e16bb1ae55f4c47ed9c416194f0e2ec8627a6231""]",Reaction thermodynamics of separate 1M molecular species; no kinetic barrier or TOF
Mn_macho_pnp_iPr,imine_hydrogenation,400.0,-8.252072784154734,hydrogenated_cat + imine -> active_cat + product_amine,True,True,"[""data/campaign/thermochemistry/Mn_macho_pnp_iPr__hydrogenated/result.json"", ""data/reference_thermochemistry/imine/stationarity/result.json""]","[""data/campaign/thermochemistry/Mn_macho_pnp_iPr__active/result.json"", ""data/reference_thermochemistry/product_amine/stationarity/result.json""]","[""37720869e088e04aabc401db3f1ac7fa6597021a1620509dafa595dd356da31b"", ""320207d7a21680926414b387b1b8cd3adcb066bb7fc19106fe58731629d2bffb""]","[""1d1f93991abde9df16e9b079544e3fda884186628b523280073cf146f5cb3d7a"", ""1310231bc0e8cfa7827d24c6e16bb1ae55f4c47ed9c416194f0e2ec8627a6231""]",Reaction thermodynamics of separate 1M molecular species; no kinetic barrier or TOF
Mn_macho_pnp_iPr,imine_hydrogenation,410.0,-8.248767775749002,hydrogenated_cat + imine -> active_cat + product_amine,True,True,"[""data/campaign/thermochemistry/Mn_macho_pnp_iPr__hydrogenated/result.json"", ""data/reference_thermochemistry/imine/stationarity/result.json""]","[""data/campaign/thermochemistry/Mn_macho_pnp_iPr__active/result.json"", ""data/reference_thermochemistry/product_amine/stationarity/result.json""]","[""37720869e088e04aabc401db3f1ac7fa6597021a1620509dafa595dd356da31b"", ""320207d7a21680926414b387b1b8cd3adcb066bb7fc19106fe58731629d2bffb""]","[""1d1f93991abde9df16e9b079544e3fda884186628b523280073cf146f5cb3d7a"", ""1310231bc0e8cfa7827d24c6e16bb1ae55f4c47ed9c416194f0e2ec8627a6231""]",Reaction thermodynamics of separate 1M molecular species; no kinetic barrier or TOF
Mn_macho_pnp_iPr,imine_hydrogenation,420.0,-8.24504873789192,hydrogenated_cat + imine -> active_cat + product_amine,True,True,"[""data/campaign/thermochemistry/Mn_macho_pnp_iPr__hydrogenated/result.json"", ""data/reference_thermochemistry/imine/stationarity/result.json""]","[""data/campaign/thermochemistry/Mn_macho_pnp_iPr__active/result.json"", ""data/reference_thermochemistry/product_amine/stationarity/result.json""]","[""37720869e088e04aabc401db3f1ac7fa6597021a1620509dafa595dd356da31b"", ""320207d7a21680926414b387b1b8cd3adcb066bb7fc19106fe58731629d2bffb""]","[""1d1f93991abde9df16e9b079544e3fda884186628b523280073cf146f5cb3d7a"", ""1310231bc0e8cfa7827d24c6e16bb1ae55f4c47ed9c416194f0e2ec8627a6231""]",Reaction thermodynamics of separate 1M molecular species; no kinetic barrier or TOF
Mn_macho_pnp_iPr,imine_hydrogenation,430.0,-8.24091936341938,hydrogenated_cat + imine -> active_cat + product_amine,True,True,"[""data/campaign/thermochemistry/Mn_macho_pnp_iPr__hydrogenated/result.json"", ""data/reference_thermochemistry/imine/stationarity/result.json""]","[""data/campaign/thermochemistry/Mn_macho_pnp_iPr__active/result.json"", ""data/reference_thermochemistry/product_amine/stationarity/result.json""]","[""37720869e088e04aabc401db3f1ac7fa6597021a1620509dafa595dd356da31b"", ""320207d7a21680926414b387b1b8cd3adcb066bb7fc19106fe58731629d2bffb""]","[""1d1f93991abde9df16e9b079544e3fda884186628b523280073cf146f5cb3d7a"", ""1310231bc0e8cfa7827d24c6e16bb1ae55f4c47ed9c416194f0e2ec8627a6231""]",Reaction thermodynamics of separate 1M molecular species; no kinetic barrier or TOF
Mn_macho_pnp_iPr,imine_hydrogenation,440.0,-8.236383501367527,hydrogenated_cat + imine -> active_cat + product_amine,True,True,"[""data/campaign/thermochemistry/Mn_macho_pnp_iPr__hydrogenated/result.json"", ""data/reference_thermochemistry/imine/stationarity/result.json""]","[""data/campaign/thermochemistry/Mn_macho_pnp_iPr__active/result.json"", ""data/reference_thermochemistry/product_amine/stationarity/result.json""]","[""37720869e088e04aabc401db3f1ac7fa6597021a1620509dafa595dd356da31b"", ""320207d7a21680926414b387b1b8cd3adcb066bb7fc19106fe58731629d2bffb""]","[""1d1f93991abde9df16e9b079544e3fda884186628b523280073cf146f5cb3d7a"", ""1310231bc0e8cfa7827d24c6e16bb1ae55f4c47ed9c416194f0e2ec8627a6231""]",Reaction thermodynamics of separate 1M molecular species; no kinetic barrier or TOF
Mn_pyridine_pnn_Ph,alcohol_dehydrogenation,298.15,-30.158290415851297,active_cat + benzyl_alcohol -> hydrogenated_cat + benzaldehyde,True,True,"[""data/campaign/thermochemistry/Mn_pyridine_pnn_Ph__active/result.json"", ""data/reference_thermochemistry/benzyl_alcohol/stationarity/result.json""]","[""data/campaign/thermochemistry/Mn_pyridine_pnn_Ph__hydrogenated/result.json"", ""data/reference_thermochemistry/benzaldehyde/stationarity/result.json""]","[""330f73d7aa8f9370604897da42b049aa9c4ff1819868444525b76b543f86ede1"", ""f4897da33f477e49dfa225e23571ab1376182c83d5412b994134a99a99cc75c0""]","[""879ca1f632c36ce52e15780bea4d97ef6fef912e43527daacd54fa5f9a5595da"", ""e7292b48e5f27218094b119118595a7fc0b25d93db34b114bb0582e7ad8b60b9""]",Reaction thermodynamics of separate 1M molecular species; no kinetic barrier or TOF
Mn_pyridine_pnn_Ph,alcohol_dehydrogenation,340.0,-30.026776857292134,active_cat + benzyl_alcohol -> hydrogenated_cat + benzaldehyde,True,True,"[""data/campaign/thermochemistry/Mn_pyridine_pnn_Ph__active/result.json"", ""data/reference_thermochemistry/benzyl_alcohol/stationarity/result.json""]","[""data/campaign/thermochemistry/Mn_pyridine_pnn_Ph__hydrogenated/result.json"", ""data/reference_thermochemistry/benzaldehyde/stationarity/result.json""]","[""330f73d7aa8f9370604897da42b049aa9c4ff1819868444525b76b543f86ede1"", ""f4897da33f477e49dfa225e23571ab1376182c83d5412b994134a99a99cc75c0""]","[""879ca1f632c36ce52e15780bea4d97ef6fef912e43527daacd54fa5f9a5595da"", ""e7292b48e5f27218094b119118595a7fc0b25d93db34b114bb0582e7ad8b60b9""]",Reaction thermodynamics of separate 1M molecular species; no kinetic barrier or TOF
Mn_pyridine_pnn_Ph,alcohol_dehydrogenation,350.0,-29.99525846592951,active_cat + benzyl_alcohol -> hydrogenated_cat + benzaldehyde,True,True,"[""data/campaign/thermochemistry/Mn_pyridine_pnn_Ph__active/result.json"", ""data/reference_thermochemistry/benzyl_alcohol/stationarity/result.json""]","[""data/campaign/thermochemistry/Mn_pyridine_pnn_Ph__hydrogenated/result.json"", ""data/reference_thermochemistry/benzaldehyde/stationarity/result.json""]","[""330f73d7aa8f9370604897da42b049aa9c4ff1819868444525b76b543f86ede1"", ""f4897da33f477e49dfa225e23571ab1376182c83d5412b994134a99a99cc75c0""]","[""879ca1f632c36ce52e15780bea4d97ef6fef912e43527daacd54fa5f9a5595da"", ""e7292b48e5f27218094b119118595a7fc0b25d93db34b114bb0582e7ad8b60b9""]",Reaction thermodynamics of separate 1M molecular species; no kinetic barrier or TOF
Mn_pyridine_pnn_Ph,alcohol_dehydrogenation,360.0,-29.963734233280775,active_cat + benzyl_alcohol -> hydrogenated_cat + benzaldehyde,True,True,"[""data/campaign/thermochemistry/Mn_pyridine_pnn_Ph__active/result.json"", ""data/reference_thermochemistry/benzyl_alcohol/stationarity/result.json""]","[""data/campaign/thermochemistry/Mn_pyridine_pnn_Ph__hydrogenated/result.json"", ""data/reference_thermochemistry/benzaldehyde/stationarity/result.json""]","[""330f73d7aa8f9370604897da42b049aa9c4ff1819868444525b76b543f86ede1"", ""f4897da33f477e49dfa225e23571ab1376182c83d5412b994134a99a99cc75c0""]","[""879ca1f632c36ce52e15780bea4d97ef6fef912e43527daacd54fa5f9a5595da"", ""e7292b48e5f27218094b119118595a7fc0b25d93db34b114bb0582e7ad8b60b9""]",Reaction thermodynamics of separate 1M molecular species; no kinetic barrier or TOF
Mn_pyridine_pnn_Ph,alcohol_dehydrogenation,370.0,-29.93221746499512,active_cat + benzyl_alcohol -> hydrogenated_cat + benzaldehyde,True,True,"[""data/campaign/thermochemistry/Mn_pyridine_pnn_Ph__active/result.json"", ""data/reference_thermochemistry/benzyl_alcohol/stationarity/result.json""]","[""data/campaign/thermochemistry/Mn_pyridine_pnn_Ph__hydrogenated/result.json"", ""data/reference_thermochemistry/benzaldehyde/stationarity/result.json""]","[""330f73d7aa8f9370604897da42b049aa9c4ff1819868444525b76b543f86ede1"", ""f4897da33f477e49dfa225e23571ab1376182c83d5412b994134a99a99cc75c0""]","[""879ca1f632c36ce52e15780bea4d97ef6fef912e43527daacd54fa5f9a5595da"", ""e7292b48e5f27218094b119118595a7fc0b25d93db34b114bb0582e7ad8b60b9""]",Reaction thermodynamics of separate 1M molecular species; no kinetic barrier or TOF
Mn_pyridine_pnn_Ph,alcohol_dehydrogenation,380.0,-29.9007207463128,active_cat + benzyl_alcohol -> hydrogenated_cat + benzaldehyde,True,True,"[""data/campaign/thermochemistry/Mn_pyridine_pnn_Ph__active/result.json"", ""data/reference_thermochemistry/benzyl_alcohol/stationarity/result.json""]","[""data/campaign/thermochemistry/Mn_pyridine_pnn_Ph__hydrogenated/result.json"", ""data/reference_thermochemistry/benzaldehyde/stationarity/result.json""]","[""330f73d7aa8f9370604897da42b049aa9c4ff1819868444525b76b543f86ede1"", ""f4897da33f477e49dfa225e23571ab1376182c83d5412b994134a99a99cc75c0""]","[""879ca1f632c36ce52e15780bea4d97ef6fef912e43527daacd54fa5f9a5595da"", ""e7292b48e5f27218094b119118595a7fc0b25d93db34b114bb0582e7ad8b60b9""]",Reaction thermodynamics of separate 1M molecular species; no kinetic barrier or TOF
Mn_pyridine_pnn_Ph,alcohol_dehydrogenation,383.15,-29.89080535096582,active_cat + benzyl_alcohol -> hydrogenated_cat + benzaldehyde,True,True,"[""data/campaign/thermochemistry/Mn_pyridine_pnn_Ph__active/result.json"", ""data/reference_thermochemistry/benzyl_alcohol/stationarity/result.json""]","[""data/campaign/thermochemistry/Mn_pyridine_pnn_Ph__hydrogenated/result.json"", ""data/reference_thermochemistry/benzaldehyde/stationarity/result.json""]","[""330f73d7aa8f9370604897da42b049aa9c4ff1819868444525b76b543f86ede1"", ""f4897da33f477e49dfa225e23571ab1376182c83d5412b994134a99a99cc75c0""]","[""879ca1f632c36ce52e15780bea4d97ef6fef912e43527daacd54fa5f9a5595da"", ""e7292b48e5f27218094b119118595a7fc0b25d93db34b114bb0582e7ad8b60b9""]",Reaction thermodynamics of separate 1M molecular species; no kinetic barrier or TOF
Mn_pyridine_pnn_Ph,alcohol_dehydrogenation,390.0,-29.86925596463152,active_cat + benzyl_alcohol -> hydrogenated_cat + benzaldehyde,True,True,"[""data/campaign/thermochemistry/Mn_pyridine_pnn_Ph__active/result.json"", ""data/reference_thermochemistry/benzyl_alcohol/stationarity/result.json""]","[""data/campaign/thermochemistry/Mn_pyridine_pnn_Ph__hydrogenated/result.json"", ""data/reference_thermochemistry/benzaldehyde/stationarity/result.json""]","[""330f73d7aa8f9370604897da42b049aa9c4ff1819868444525b76b543f86ede1"", ""f4897da33f477e49dfa225e23571ab1376182c83d5412b994134a99a99cc75c0""]","[""879ca1f632c36ce52e15780bea4d97ef6fef912e43527daacd54fa5f9a5595da"", ""e7292b48e5f27218094b119118595a7fc0b25d93db34b114bb0582e7ad8b60b9""]",Reaction thermodynamics of separate 1M molecular species; no kinetic barrier or TOF
Mn_pyridine_pnn_Ph,alcohol_dehydrogenation,400.0,-29.837834334501167,active_cat + benzyl_alcohol -> hydrogenated_cat + benzaldehyde,True,True,"[""data/campaign/thermochemistry/Mn_pyridine_pnn_Ph__active/result.json"", ""data/reference_thermochemistry/benzyl_alcohol/stationarity/result.json""]","[""data/campaign/thermochemistry/Mn_pyridine_pnn_Ph__hydrogenated/result.json"", ""data/reference_thermochemistry/benzaldehyde/stationarity/result.json""]","[""330f73d7aa8f9370604897da42b049aa9c4ff1819868444525b76b543f86ede1"", ""f4897da33f477e49dfa225e23571ab1376182c83d5412b994134a99a99cc75c0""]","[""879ca1f632c36ce52e15780bea4d97ef6fef912e43527daacd54fa5f9a5595da"", ""e7292b48e5f27218094b119118595a7fc0b25d93db34b114bb0582e7ad8b60b9""]",Reaction thermodynamics of separate 1M molecular species; no kinetic barrier or TOF
Mn_pyridine_pnn_Ph,alcohol_dehydrogenation,410.0,-29.806466423957318,active_cat + benzyl_alcohol -> hydrogenated_cat + benzaldehyde,True,True,"[""data/campaign/thermochemistry/Mn_pyridine_pnn_Ph__active/result.json"", ""data/reference_thermochemistry/benzyl_alcohol/stationarity/result.json""]","[""data/campaign/thermochemistry/Mn_pyridine_pnn_Ph__hydrogenated/result.json"", ""data/reference_thermochemistry/benzaldehyde/stationarity/result.json""]","[""330f73d7aa8f9370604897da42b049aa9c4ff1819868444525b76b543f86ede1"", ""f4897da33f477e49dfa225e23571ab1376182c83d5412b994134a99a99cc75c0""]","[""879ca1f632c36ce52e15780bea4d97ef6fef912e43527daacd54fa5f9a5595da"", ""e7292b48e5f27218094b119118595a7fc0b25d93db34b114bb0582e7ad8b60b9""]",Reaction thermodynamics of separate 1M molecular species; no kinetic barrier or TOF
Mn_pyridine_pnn_Ph,alcohol_dehydrogenation,420.0,-29.77516218139317,active_cat + benzyl_alcohol -> hydrogenated_cat + benzaldehyde,True,True,"[""data/campaign/thermochemistry/Mn_pyridine_pnn_Ph__active/result.json"", ""data/reference_thermochemistry/benzyl_alcohol/stationarity/result.json""]","[""data/campaign/thermochemistry/Mn_pyridine_pnn_Ph__hydrogenated/result.json"", ""data/reference_thermochemistry/benzaldehyde/stationarity/result.json""]","[""330f73d7aa8f9370604897da42b049aa9c4ff1819868444525b76b543f86ede1"", ""f4897da33f477e49dfa225e23571ab1376182c83d5412b994134a99a99cc75c0""]","[""879ca1f632c36ce52e15780bea4d97ef6fef912e43527daacd54fa5f9a5595da"", ""e7292b48e5f27218094b119118595a7fc0b25d93db34b114bb0582e7ad8b60b9""]",Reaction thermodynamics of separate 1M molecular species; no kinetic barrier or TOF
Mn_pyridine_pnn_Ph,alcohol_dehydrogenation,430.0,-29.743930962456943,active_cat + benzyl_alcohol -> hydrogenated_cat + benzaldehyde,True,True,"[""data/campaign/thermochemistry/Mn_pyridine_pnn_Ph__active/result.json"", ""data/reference_thermochemistry/benzyl_alcohol/stationarity/result.json""]","[""data/campaign/thermochemistry/Mn_pyridine_pnn_Ph__hydrogenated/result.json"", ""data/reference_thermochemistry/benzaldehyde/stationarity/result.json""]","[""330f73d7aa8f9370604897da42b049aa9c4ff1819868444525b76b543f86ede1"", ""f4897da33f477e49dfa225e23571ab1376182c83d5412b994134a99a99cc75c0""]","[""879ca1f632c36ce52e15780bea4d97ef6fef912e43527daacd54fa5f9a5595da"", ""e7292b48e5f27218094b119118595a7fc0b25d93db34b114bb0582e7ad8b60b9""]",Reaction thermodynamics of separate 1M molecular species; no kinetic barrier or TOF
Mn_pyridine_pnn_Ph,alcohol_dehydrogenation,440.0,-29.71278155645632,active_cat + benzyl_alcohol -> hydrogenated_cat + benzaldehyde,True,True,"[""data/campaign/thermochemistry/Mn_pyridine_pnn_Ph__active/result.json"", ""data/reference_thermochemistry/benzyl_alcohol/stationarity/result.json""]","[""data/campaign/thermochemistry/Mn_pyridine_pnn_Ph__hydrogenated/result.json"", ""data/reference_thermochemistry/benzaldehyde/stationarity/result.json""]","[""330f73d7aa8f9370604897da42b049aa9c4ff1819868444525b76b543f86ede1"", ""f4897da33f477e49dfa225e23571ab1376182c83d5412b994134a99a99cc75c0""]","[""879ca1f632c36ce52e15780bea4d97ef6fef912e43527daacd54fa5f9a5595da"", ""e7292b48e5f27218094b119118595a7fc0b25d93db34b114bb0582e7ad8b60b9""]",Reaction thermodynamics of separate 1M molecular species; no kinetic barrier or TOF
Mn_pyridine_pnn_Ph,separated_ion_deprotonation,298.15,-42.54760055371662,protonated_cat(+) + tert_butoxide(-) -> active_cat + tert_butanol,True,True,"[""data/campaign/thermochemistry/Mn_pyridine_pnn_Ph__protonated_reference/result.json"", ""data/reference_thermochemistry/tert_butoxide_anion/stationarity/result.json""]","[""data/campaign/thermochemistry/Mn_pyridine_pnn_Ph__active/result.json"", ""data/reference_thermochemistry/tert_butanol/stationarity/result.json""]","[""71b957adc5d9b5f4a4698c955344d027111295447059c28aa0930f8481c5d4ee"", ""d212e4231d6b932ee1d5bcd7336d05f49a5bd740e5762fb2e2806c3cb8018b82""]","[""330f73d7aa8f9370604897da42b049aa9c4ff1819868444525b76b543f86ede1"", ""528ce6cef516220b49746927b16e66a325ccc5797a749a09e16cf5dfe6b1bd99""]",Separated-ion reference only; does not establish dissolved tBuOK salt speciation or ion pairing
Mn_pyridine_pnn_Ph,separated_ion_deprotonation,340.0,-42.60260355422906,protonated_cat(+) + tert_butoxide(-) -> active_cat + tert_butanol,True,True,"[""data/campaign/thermochemistry/Mn_pyridine_pnn_Ph__protonated_reference/result.json"", ""data/reference_thermochemistry/tert_butoxide_anion/stationarity/result.json""]","[""data/campaign/thermochemistry/Mn_pyridine_pnn_Ph__active/result.json"", ""data/reference_thermochemistry/tert_butanol/stationarity/result.json""]","[""71b957adc5d9b5f4a4698c955344d027111295447059c28aa0930f8481c5d4ee"", ""d212e4231d6b932ee1d5bcd7336d05f49a5bd740e5762fb2e2806c3cb8018b82""]","[""330f73d7aa8f9370604897da42b049aa9c4ff1819868444525b76b543f86ede1"", ""528ce6cef516220b49746927b16e66a325ccc5797a749a09e16cf5dfe6b1bd99""]",Separated-ion reference only; does not establish dissolved tBuOK salt speciation or ion pairing
Mn_pyridine_pnn_Ph,separated_ion_deprotonation,350.0,-42.61648312183024,protonated_cat(+) + tert_butoxide(-) -> active_cat + tert_butanol,True,True,"[""data/campaign/thermochemistry/Mn_pyridine_pnn_Ph__protonated_reference/result.json"", ""data/reference_thermochemistry/tert_butoxide_anion/stationarity/result.json""]","[""data/campaign/thermochemistry/Mn_pyridine_pnn_Ph__active/result.json"", ""data/reference_thermochemistry/tert_butanol/stationarity/result.json""]","[""71b957adc5d9b5f4a4698c955344d027111295447059c28aa0930f8481c5d4ee"", ""d212e4231d6b932ee1d5bcd7336d05f49a5bd740e5762fb2e2806c3cb8018b82""]","[""330f73d7aa8f9370604897da42b049aa9c4ff1819868444525b76b543f86ede1"", ""528ce6cef516220b49746927b16e66a325ccc5797a749a09e16cf5dfe6b1bd99""]",Separated-ion reference only; does not establish dissolved tBuOK salt speciation or ion pairing
Mn_pyridine_pnn_Ph,separated_ion_deprotonation,360.0,-42.63059564772993,protonated_cat(+) + tert_butoxide(-) -> active_cat + tert_butanol,True,True,"[""data/campaign/thermochemistry/Mn_pyridine_pnn_Ph__protonated_reference/result.json"", ""data/reference_thermochemistry/tert_butoxide_anion/stationarity/result.json""]","[""data/campaign/thermochemistry/Mn_pyridine_pnn_Ph__active/result.json"", ""data/reference_thermochemistry/tert_butanol/stationarity/result.json""]","[""71b957adc5d9b5f4a4698c955344d027111295447059c28aa0930f8481c5d4ee"", ""d212e4231d6b932ee1d5bcd7336d05f49a5bd740e5762fb2e2806c3cb8018b82""]","[""330f73d7aa8f9370604897da42b049aa9c4ff1819868444525b76b543f86ede1"", ""528ce6cef516220b49746927b16e66a325ccc5797a749a09e16cf5dfe6b1bd99""]",Separated-ion reference only; does not establish dissolved tBuOK salt speciation or ion pairing
Mn_pyridine_pnn_Ph,separated_ion_deprotonation,370.0,-42.64491975585588,protonated_cat(+) + tert_butoxide(-) -> active_cat + tert_butanol,True,True,"[""data/campaign/thermochemistry/Mn_pyridine_pnn_Ph__protonated_reference/result.json"", ""data/reference_thermochemistry/tert_butoxide_anion/stationarity/result.json""]","[""data/campaign/thermochemistry/Mn_pyridine_pnn_Ph__active/result.json"", ""data/reference_thermochemistry/tert_butanol/stationarity/result.json""]","[""71b957adc5d9b5f4a4698c955344d027111295447059c28aa0930f8481c5d4ee"", ""d212e4231d6b932ee1d5bcd7336d05f49a5bd740e5762fb2e2806c3cb8018b82""]","[""330f73d7aa8f9370604897da42b049aa9c4ff1819868444525b76b543f86ede1"", ""528ce6cef516220b49746927b16e66a325ccc5797a749a09e16cf5dfe6b1bd99""]",Separated-ion reference only; does not establish dissolved tBuOK salt speciation or ion pairing
Mn_pyridine_pnn_Ph,separated_ion_deprotonation,380.0,-42.65943578573024,protonated_cat(+) + tert_butoxide(-) -> active_cat + tert_butanol,True,True,"[""data/campaign/thermochemistry/Mn_pyridine_pnn_Ph__protonated_reference/result.json"", ""data/reference_thermochemistry/tert_butoxide_anion/stationarity/result.json""]","[""data/campaign/thermochemistry/Mn_pyridine_pnn_Ph__active/result.json"", ""data/reference_thermochemistry/tert_butanol/stationarity/result.json""]","[""71b957adc5d9b5f4a4698c955344d027111295447059c28aa0930f8481c5d4ee"", ""d212e4231d6b932ee1d5bcd7336d05f49a5bd740e5762fb2e2806c3cb8018b82""]","[""330f73d7aa8f9370604897da42b049aa9c4ff1819868444525b76b543f86ede1"", ""528ce6cef516220b49746927b16e66a325ccc5797a749a09e16cf5dfe6b1bd99""]",Separated-ion reference only; does not establish dissolved tBuOK salt speciation or ion pairing
Mn_pyridine_pnn_Ph,separated_ion_deprotonation,383.15,-42.664045155186614,protonated_cat(+) + tert_butoxide(-) -> active_cat + tert_butanol,True,True,"[""data/campaign/thermochemistry/Mn_pyridine_pnn_Ph__protonated_reference/result.json"", ""data/reference_thermochemistry/tert_butoxide_anion/stationarity/result.json""]","[""data/campaign/thermochemistry/Mn_pyridine_pnn_Ph__active/result.json"", ""data/reference_thermochemistry/tert_butanol/stationarity/result.json""]","[""71b957adc5d9b5f4a4698c955344d027111295447059c28aa0930f8481c5d4ee"", ""d212e4231d6b932ee1d5bcd7336d05f49a5bd740e5762fb2e2806c3cb8018b82""]","[""330f73d7aa8f9370604897da42b049aa9c4ff1819868444525b76b543f86ede1"", ""528ce6cef516220b49746927b16e66a325ccc5797a749a09e16cf5dfe6b1bd99""]",Separated-ion reference only; does not establish dissolved tBuOK salt speciation or ion pairing
Mn_pyridine_pnn_Ph,separated_ion_deprotonation,390.0,-42.67412566676103,protonated_cat(+) + tert_butoxide(-) -> active_cat + tert_butanol,True,True,"[""data/campaign/thermochemistry/Mn_pyridine_pnn_Ph__protonated_reference/result.json"", ""data/reference_thermochemistry/tert_butoxide_anion/stationarity/result.json""]","[""data/campaign/thermochemistry/Mn_pyridine_pnn_Ph__active/result.json"", ""data/reference_thermochemistry/tert_butanol/stationarity/result.json""]","[""71b957adc5d9b5f4a4698c955344d027111295447059c28aa0930f8481c5d4ee"", ""d212e4231d6b932ee1d5bcd7336d05f49a5bd740e5762fb2e2806c3cb8018b82""]","[""330f73d7aa8f9370604897da42b049aa9c4ff1819868444525b76b543f86ede1"", ""528ce6cef516220b49746927b16e66a325ccc5797a749a09e16cf5dfe6b1bd99""]",Separated-ion reference only; does not establish dissolved tBuOK salt speciation or ion pairing
Mn_pyridine_pnn_Ph,separated_ion_deprotonation,400.0,-42.68897279648809,protonated_cat(+) + tert_butoxide(-) -> active_cat + tert_butanol,True,True,"[""data/campaign/thermochemistry/Mn_pyridine_pnn_Ph__protonated_reference/result.json"", ""data/reference_thermochemistry/tert_butoxide_anion/stationarity/result.json""]","[""data/campaign/thermochemistry/Mn_pyridine_pnn_Ph__active/result.json"", ""data/reference_thermochemistry/tert_butanol/stationarity/result.json""]","[""71b957adc5d9b5f4a4698c955344d027111295447059c28aa0930f8481c5d4ee"", ""d212e4231d6b932ee1d5bcd7336d05f49a5bd740e5762fb2e2806c3cb8018b82""]","[""330f73d7aa8f9370604897da42b049aa9c4ff1819868444525b76b543f86ede1"", ""528ce6cef516220b49746927b16e66a325ccc5797a749a09e16cf5dfe6b1bd99""]",Separated-ion reference only; does not establish dissolved tBuOK salt speciation or ion pairing
Mn_pyridine_pnn_Ph,separated_ion_deprotonation,410.0,-42.70396192438966,protonated_cat(+) + tert_butoxide(-) -> active_cat + tert_butanol,True,True,"[""data/campaign/thermochemistry/Mn_pyridine_pnn_Ph__protonated_reference/result.json"", ""data/reference_thermochemistry/tert_butoxide_anion/stationarity/result.json""]","[""data/campaign/thermochemistry/Mn_pyridine_pnn_Ph__active/result.json"", ""data/reference_thermochemistry/tert_butanol/stationarity/result.json""]","[""71b957adc5d9b5f4a4698c955344d027111295447059c28aa0930f8481c5d4ee"", ""d212e4231d6b932ee1d5bcd7336d05f49a5bd740e5762fb2e2806c3cb8018b82""]","[""330f73d7aa8f9370604897da42b049aa9c4ff1819868444525b76b543f86ede1"", ""528ce6cef516220b49746927b16e66a325ccc5797a749a09e16cf5dfe6b1bd99""]",Separated-ion reference only; does not establish dissolved tBuOK salt speciation or ion pairing
Mn_pyridine_pnn_Ph,separated_ion_deprotonation,420.0,-42.71907904163163,protonated_cat(+) + tert_butoxide(-) -> active_cat + tert_butanol,True,True,"[""data/campaign/thermochemistry/Mn_pyridine_pnn_Ph__protonated_reference/result.json"", ""data/reference_thermochemistry/tert_butoxide_anion/stationarity/result.json""]","[""data/campaign/thermochemistry/Mn_pyridine_pnn_Ph__active/result.json"", ""data/reference_thermochemistry/tert_butanol/stationarity/result.json""]","[""71b957adc5d9b5f4a4698c955344d027111295447059c28aa0930f8481c5d4ee"", ""d212e4231d6b932ee1d5bcd7336d05f49a5bd740e5762fb2e2806c3cb8018b82""]","[""330f73d7aa8f9370604897da42b049aa9c4ff1819868444525b76b543f86ede1"", ""528ce6cef516220b49746927b16e66a325ccc5797a749a09e16cf5dfe6b1bd99""]",Separated-ion reference only; does not establish dissolved tBuOK salt speciation or ion pairing
Mn_pyridine_pnn_Ph,separated_ion_deprotonation,430.0,-42.734311277576126,protonated_cat(+) + tert_butoxide(-) -> active_cat + tert_butanol,True,True,"[""data/campaign/thermochemistry/Mn_pyridine_pnn_Ph__protonated_reference/result.json"", ""data/reference_thermochemistry/tert_butoxide_anion/stationarity/result.json""]","[""data/campaign/thermochemistry/Mn_pyridine_pnn_Ph__active/result.json"", ""data/reference_thermochemistry/tert_butanol/stationarity/result.json""]","[""71b957adc5d9b5f4a4698c955344d027111295447059c28aa0930f8481c5d4ee"", ""d212e4231d6b932ee1d5bcd7336d05f49a5bd740e5762fb2e2806c3cb8018b82""]","[""330f73d7aa8f9370604897da42b049aa9c4ff1819868444525b76b543f86ede1"", ""528ce6cef516220b49746927b16e66a325ccc5797a749a09e16cf5dfe6b1bd99""]",Separated-ion reference only; does not establish dissolved tBuOK salt speciation or ion pairing
Mn_pyridine_pnn_Ph,separated_ion_deprotonation,440.0,-42.74964680309131,protonated_cat(+) + tert_butoxide(-) -> active_cat + tert_butanol,True,True,"[""data/campaign/thermochemistry/Mn_pyridine_pnn_Ph__protonated_reference/result.json"", ""data/reference_thermochemistry/tert_butoxide_anion/stationarity/result.json""]","[""data/campaign/thermochemistry/Mn_pyridine_pnn_Ph__active/result.json"", ""data/reference_thermochemistry/tert_butanol/stationarity/result.json""]","[""71b957adc5d9b5f4a4698c955344d027111295447059c28aa0930f8481c5d4ee"", ""d212e4231d6b932ee1d5bcd7336d05f49a5bd740e5762fb2e2806c3cb8018b82""]","[""330f73d7aa8f9370604897da42b049aa9c4ff1819868444525b76b543f86ede1"", ""528ce6cef516220b49746927b16e66a325ccc5797a749a09e16cf5dfe6b1bd99""]",Separated-ion reference only; does not establish dissolved tBuOK salt speciation or ion pairing
Mn_pyridine_pnn_Ph,imine_hydrogenation,298.15,27.783016132529156,hydrogenated_cat + imine -> active_cat + product_amine,True,True,"[""data/campaign/thermochemistry/Mn_pyridine_pnn_Ph__hydrogenated/result.json"", ""data/reference_thermochemistry/imine/stationarity/result.json""]","[""data/campaign/thermochemistry/Mn_pyridine_pnn_Ph__active/result.json"", ""data/reference_thermochemistry/product_amine/stationarity/result.json""]","[""879ca1f632c36ce52e15780bea4d97ef6fef912e43527daacd54fa5f9a5595da"", ""320207d7a21680926414b387b1b8cd3adcb066bb7fc19106fe58731629d2bffb""]","[""330f73d7aa8f9370604897da42b049aa9c4ff1819868444525b76b543f86ede1"", ""1310231bc0e8cfa7827d24c6e16bb1ae55f4c47ed9c416194f0e2ec8627a6231""]",Reaction thermodynamics of separate 1M molecular species; no kinetic barrier or TOF
Mn_pyridine_pnn_Ph,imine_hydrogenation,340.0,27.714233540948044,hydrogenated_cat + imine -> active_cat + product_amine,True,True,"[""data/campaign/thermochemistry/Mn_pyridine_pnn_Ph__hydrogenated/result.json"", ""data/reference_thermochemistry/imine/stationarity/result.json""]","[""data/campaign/thermochemistry/Mn_pyridine_pnn_Ph__active/result.json"", ""data/reference_thermochemistry/product_amine/stationarity/result.json""]","[""879ca1f632c36ce52e15780bea4d97ef6fef912e43527daacd54fa5f9a5595da"", ""320207d7a21680926414b387b1b8cd3adcb066bb7fc19106fe58731629d2bffb""]","[""330f73d7aa8f9370604897da42b049aa9c4ff1819868444525b76b543f86ede1"", ""1310231bc0e8cfa7827d24c6e16bb1ae55f4c47ed9c416194f0e2ec8627a6231""]",Reaction thermodynamics of separate 1M molecular species; no kinetic barrier or TOF
Mn_pyridine_pnn_Ph,imine_hydrogenation,350.0,27.697462672811525,hydrogenated_cat + imine -> active_cat + product_amine,True,True,"[""data/campaign/thermochemistry/Mn_pyridine_pnn_Ph__hydrogenated/result.json"", ""data/reference_thermochemistry/imine/stationarity/result.json""]","[""data/campaign/thermochemistry/Mn_pyridine_pnn_Ph__active/result.json"", ""data/reference_thermochemistry/product_amine/stationarity/result.json""]","[""879ca1f632c36ce52e15780bea4d97ef6fef912e43527daacd54fa5f9a5595da"", ""320207d7a21680926414b387b1b8cd3adcb066bb7fc19106fe58731629d2bffb""]","[""330f73d7aa8f9370604897da42b049aa9c4ff1819868444525b76b543f86ede1"", ""1310231bc0e8cfa7827d24c6e16bb1ae55f4c47ed9c416194f0e2ec8627a6231""]",Reaction thermodynamics of separate 1M molecular species; no kinetic barrier or TOF
Mn_pyridine_pnn_Ph,imine_hydrogenation,360.0,27.680599946404982,hydrogenated_cat + imine -> active_cat + product_amine,True,True,"[""data/campaign/thermochemistry/Mn_pyridine_pnn_Ph__hydrogenated/result.json"", ""data/reference_thermochemistry/imine/stationarity/result.json""]","[""data/campaign/thermochemistry/Mn_pyridine_pnn_Ph__active/result.json"", ""data/reference_thermochemistry/product_amine/stationarity/result.json""]","[""879ca1f632c36ce52e15780bea4d97ef6fef912e43527daacd54fa5f9a5595da"", ""320207d7a21680926414b387b1b8cd3adcb066bb7fc19106fe58731629d2bffb""]","[""330f73d7aa8f9370604897da42b049aa9c4ff1819868444525b76b543f86ede1"", ""1310231bc0e8cfa7827d24c6e16bb1ae55f4c47ed9c416194f0e2ec8627a6231""]",Reaction thermodynamics of separate 1M molecular species; no kinetic barrier or TOF
Mn_pyridine_pnn_Ph,imine_hydrogenation,370.0,27.663662080649374,hydrogenated_cat + imine -> active_cat + product_amine,True,True,"[""data/campaign/thermochemistry/Mn_pyridine_pnn_Ph__hydrogenated/result.json"", ""data/reference_thermochemistry/imine/stationarity/result.json""]","[""data/campaign/thermochemistry/Mn_pyridine_pnn_Ph__active/result.json"", ""data/reference_thermochemistry/product_amine/stationarity/result.json""]","[""879ca1f632c36ce52e15780bea4d97ef6fef912e43527daacd54fa5f9a5595da"", ""320207d7a21680926414b387b1b8cd3adcb066bb7fc19106fe58731629d2bffb""]","[""330f73d7aa8f9370604897da42b049aa9c4ff1819868444525b76b543f86ede1"", ""1310231bc0e8cfa7827d24c6e16bb1ae55f4c47ed9c416194f0e2ec8627a6231""]",Reaction thermodynamics of separate 1M molecular species; no kinetic barrier or TOF
Mn_pyridine_pnn_Ph,imine_hydrogenation,380.0,27.646664926196536,hydrogenated_cat + imine -> active_cat + product_amine,True,True,"[""data/campaign/thermochemistry/Mn_pyridine_pnn_Ph__hydrogenated/result.json"", ""data/reference_thermochemistry/imine/stationarity/result.json""]","[""data/campaign/thermochemistry/Mn_pyridine_pnn_Ph__active/result.json"", ""data/reference_thermochemistry/product_amine/stationarity/result.json""]","[""879ca1f632c36ce52e15780bea4d97ef6fef912e43527daacd54fa5f9a5595da"", ""320207d7a21680926414b387b1b8cd3adcb066bb7fc19106fe58731629d2bffb""]","[""330f73d7aa8f9370604897da42b049aa9c4ff1819868444525b76b543f86ede1"", ""1310231bc0e8cfa7827d24c6e16bb1ae55f4c47ed9c416194f0e2ec8627a6231""]",Reaction thermodynamics of separate 1M molecular species; no kinetic barrier or TOF
Mn_pyridine_pnn_Ph,imine_hydrogenation,383.15,27.641300960807712,hydrogenated_cat + imine -> active_cat + product_amine,True,True,"[""data/campaign/thermochemistry/Mn_pyridine_pnn_Ph__hydrogenated/result.json"", ""data/reference_thermochemistry/imine/stationarity/result.json""]","[""data/campaign/thermochemistry/Mn_pyridine_pnn_Ph__active/result.json"", ""data/reference_thermochemistry/product_amine/stationarity/result.json""]","[""879ca1f632c36ce52e15780bea4d97ef6fef912e43527daacd54fa5f9a5595da"", ""320207d7a21680926414b387b1b8cd3adcb066bb7fc19106fe58731629d2bffb""]","[""330f73d7aa8f9370604897da42b049aa9c4ff1819868444525b76b543f86ede1"", ""1310231bc0e8cfa7827d24c6e16bb1ae55f4c47ed9c416194f0e2ec8627a6231""]",Reaction thermodynamics of separate 1M molecular species; no kinetic barrier or TOF
Mn_pyridine_pnn_Ph,imine_hydrogenation,390.0,27.62962346180211,hydrogenated_cat + imine -> active_cat + product_amine,True,True,"[""data/campaign/thermochemistry/Mn_pyridine_pnn_Ph__hydrogenated/result.json"", ""data/reference_thermochemistry/imine/stationarity/result.json""]","[""data/campaign/thermochemistry/Mn_pyridine_pnn_Ph__active/result.json"", ""data/reference_thermochemistry/product_amine/stationarity/result.json""]","[""879ca1f632c36ce52e15780bea4d97ef6fef912e43527daacd54fa5f9a5595da"", ""320207d7a21680926414b387b1b8cd3adcb066bb7fc19106fe58731629d2bffb""]","[""330f73d7aa8f9370604897da42b049aa9c4ff1819868444525b76b543f86ede1"", ""1310231bc0e8cfa7827d24c6e16bb1ae55f4c47ed9c416194f0e2ec8627a6231""]",Reaction thermodynamics of separate 1M molecular species; no kinetic barrier or TOF
Mn_pyridine_pnn_Ph,imine_hydrogenation,400.0,27.612551802296366,hydrogenated_cat + imine -> active_cat + product_amine,True,True,"[""data/campaign/thermochemistry/Mn_pyridine_pnn_Ph__hydrogenated/result.json"", ""data/reference_thermochemistry/imine/stationarity/result.json""]","[""data/campaign/thermochemistry/Mn_pyridine_pnn_Ph__active/result.json"", ""data/reference_thermochemistry/product_amine/stationarity/result.json""]","[""879ca1f632c36ce52e15780bea4d97ef6fef912e43527daacd54fa5f9a5595da"", ""320207d7a21680926414b387b1b8cd3adcb066bb7fc19106fe58731629d2bffb""]","[""330f73d7aa8f9370604897da42b049aa9c4ff1819868444525b76b543f86ede1"", ""1310231bc0e8cfa7827d24c6e16bb1ae55f4c47ed9c416194f0e2ec8627a6231""]",Reaction thermodynamics of separate 1M molecular species; no kinetic barrier or TOF
Mn_pyridine_pnn_Ph,imine_hydrogenation,410.0,27.59546321511516,hydrogenated_cat + imine -> active_cat + product_amine,True,True,"[""data/campaign/thermochemistry/Mn_pyridine_pnn_Ph__hydrogenated/result.json"", ""data/reference_thermochemistry/imine/stationarity/result.json""]","[""data/campaign/thermochemistry/Mn_pyridine_pnn_Ph__active/result.json"", ""data/reference_thermochemistry/product_amine/stationarity/result.json""]","[""879ca1f632c36ce52e15780bea4d97ef6fef912e43527daacd54fa5f9a5595da"", ""320207d7a21680926414b387b1b8cd3adcb066bb7fc19106fe58731629d2bffb""]","[""330f73d7aa8f9370604897da42b049aa9c4ff1819868444525b76b543f86ede1"", ""1310231bc0e8cfa7827d24c6e16bb1ae55f4c47ed9c416194f0e2ec8627a6231""]",Reaction thermodynamics of separate 1M molecular species; no kinetic barrier or TOF
Mn_pyridine_pnn_Ph,imine_hydrogenation,420.0,27.578370143262873,hydrogenated_cat + imine -> active_cat + product_amine,True,True,"[""data/campaign/thermochemistry/Mn_pyridine_pnn_Ph__hydrogenated/result.json"", ""data/reference_thermochemistry/imine/stationarity/result.json""]","[""data/campaign/thermochemistry/Mn_pyridine_pnn_Ph__active/result.json"", ""data/reference_thermochemistry/product_amine/stationarity/result.json""]","[""879ca1f632c36ce52e15780bea4d97ef6fef912e43527daacd54fa5f9a5595da"", ""320207d7a21680926414b387b1b8cd3adcb066bb7fc19106fe58731629d2bffb""]","[""330f73d7aa8f9370604897da42b049aa9c4ff1819868444525b76b543f86ede1"", ""1310231bc0e8cfa7827d24c6e16bb1ae55f4c47ed9c416194f0e2ec8627a6231""]",Reaction thermodynamics of separate 1M molecular species; no kinetic barrier or TOF
Mn_pyridine_pnn_Ph,imine_hydrogenation,430.0,27.561284232742764,hydrogenated_cat + imine -> active_cat + product_amine,True,True,"[""data/campaign/thermochemistry/Mn_pyridine_pnn_Ph__hydrogenated/result.json"", ""data/reference_thermochemistry/imine/stationarity/result.json""]","[""data/campaign/thermochemistry/Mn_pyridine_pnn_Ph__active/result.json"", ""data/reference_thermochemistry/product_amine/stationarity/result.json""]","[""879ca1f632c36ce52e15780bea4d97ef6fef912e43527daacd54fa5f9a5595da"", ""320207d7a21680926414b387b1b8cd3adcb066bb7fc19106fe58731629d2bffb""]","[""330f73d7aa8f9370604897da42b049aa9c4ff1819868444525b76b543f86ede1"", ""1310231bc0e8cfa7827d24c6e16bb1ae55f4c47ed9c416194f0e2ec8627a6231""]",Reaction thermodynamics of separate 1M molecular species; no kinetic barrier or TOF
Mn_pyridine_pnn_Ph,imine_hydrogenation,440.0,27.54421636297775,hydrogenated_cat + imine -> active_cat + product_amine,True,True,"[""data/campaign/thermochemistry/Mn_pyridine_pnn_Ph__hydrogenated/result.json"", ""data/reference_thermochemistry/imine/stationarity/result.json""]","[""data/campaign/thermochemistry/Mn_pyridine_pnn_Ph__active/result.json"", ""data/reference_thermochemistry/product_amine/stationarity/result.json""]","[""879ca1f632c36ce52e15780bea4d97ef6fef912e43527daacd54fa5f9a5595da"", ""320207d7a21680926414b387b1b8cd3adcb066bb7fc19106fe58731629d2bffb""]","[""330f73d7aa8f9370604897da42b049aa9c4ff1819868444525b76b543f86ede1"", ""1310231bc0e8cfa7827d24c6e16bb1ae55f4c47ed9c416194f0e2ec8627a6231""]",Reaction thermodynamics of separate 1M molecular species; no kinetic barrier or TOF
Mn_pyridine_pnn_iPr,alcohol_dehydrogenation,298.15,-34.640376961988295,active_cat + benzyl_alcohol -> hydrogenated_cat + benzaldehyde,True,True,"[""data/campaign/thermochemistry/Mn_pyridine_pnn_iPr__active/result.json"", ""data/reference_thermochemistry/benzyl_alcohol/stationarity/result.json""]","[""data/campaign/thermochemistry/Mn_pyridine_pnn_iPr__hydrogenated/result.json"", ""data/reference_thermochemistry/benzaldehyde/stationarity/result.json""]","[""b844103087cd9e8c0da67a688b59269df0cff040098d591148e65bacbdd429ee"", ""f4897da33f477e49dfa225e23571ab1376182c83d5412b994134a99a99cc75c0""]","[""2e4c24d7c17e277be06ed3fd4d5fbe5f11d813f002540d280235767cb54a3915"", ""e7292b48e5f27218094b119118595a7fc0b25d93db34b114bb0582e7ad8b60b9""]",Reaction thermodynamics of separate 1M molecular species; no kinetic barrier or TOF
Mn_pyridine_pnn_iPr,alcohol_dehydrogenation,340.0,-34.49780418511,active_cat + benzyl_alcohol -> hydrogenated_cat + benzaldehyde,True,True,"[""data/campaign/thermochemistry/Mn_pyridine_pnn_iPr__active/result.json"", ""data/reference_thermochemistry/benzyl_alcohol/stationarity/result.json""]","[""data/campaign/thermochemistry/Mn_pyridine_pnn_iPr__hydrogenated/result.json"", ""data/reference_thermochemistry/benzaldehyde/stationarity/result.json""]","[""b844103087cd9e8c0da67a688b59269df0cff040098d591148e65bacbdd429ee"", ""f4897da33f477e49dfa225e23571ab1376182c83d5412b994134a99a99cc75c0""]","[""2e4c24d7c17e277be06ed3fd4d5fbe5f11d813f002540d280235767cb54a3915"", ""e7292b48e5f27218094b119118595a7fc0b25d93db34b114bb0582e7ad8b60b9""]",Reaction thermodynamics of separate 1M molecular species; no kinetic barrier or TOF
Mn_pyridine_pnn_iPr,alcohol_dehydrogenation,350.0,-34.46356545989329,active_cat + benzyl_alcohol -> hydrogenated_cat + benzaldehyde,True,True,"[""data/campaign/thermochemistry/Mn_pyridine_pnn_iPr__active/result.json"", ""data/reference_thermochemistry/benzyl_alcohol/stationarity/result.json""]","[""data/campaign/thermochemistry/Mn_pyridine_pnn_iPr__hydrogenated/result.json"", ""data/reference_thermochemistry/benzaldehyde/stationarity/result.json""]","[""b844103087cd9e8c0da67a688b59269df0cff040098d591148e65bacbdd429ee"", ""f4897da33f477e49dfa225e23571ab1376182c83d5412b994134a99a99cc75c0""]","[""2e4c24d7c17e277be06ed3fd4d5fbe5f11d813f002540d280235767cb54a3915"", ""e7292b48e5f27218094b119118595a7fc0b25d93db34b114bb0582e7ad8b60b9""]",Reaction thermodynamics of separate 1M molecular species; no kinetic barrier or TOF
Mn_pyridine_pnn_iPr,alcohol_dehydrogenation,360.0,-34.429295428550176,active_cat + benzyl_alcohol -> hydrogenated_cat + benzaldehyde,True,True,"[""data/campaign/thermochemistry/Mn_pyridine_pnn_iPr__active/result.json"", ""data/reference_thermochemistry/benzyl_alcohol/stationarity/result.json""]","[""data/campaign/thermochemistry/Mn_pyridine_pnn_iPr__hydrogenated/result.json"", ""data/reference_thermochemistry/benzaldehyde/stationarity/result.json""]","[""b844103087cd9e8c0da67a688b59269df0cff040098d591148e65bacbdd429ee"", ""f4897da33f477e49dfa225e23571ab1376182c83d5412b994134a99a99cc75c0""]","[""2e4c24d7c17e277be06ed3fd4d5fbe5f11d813f002540d280235767cb54a3915"", ""e7292b48e5f27218094b119118595a7fc0b25d93db34b114bb0582e7ad8b60b9""]",Reaction thermodynamics of separate 1M molecular species; no kinetic barrier or TOF
Mn_pyridine_pnn_iPr,alcohol_dehydrogenation,370.0,-34.39500925642824,active_cat + benzyl_alcohol -> hydrogenated_cat + benzaldehyde,True,True,"[""data/campaign/thermochemistry/Mn_pyridine_pnn_iPr__active/result.json"", ""data/reference_thermochemistry/benzyl_alcohol/stationarity/result.json""]","[""data/campaign/thermochemistry/Mn_pyridine_pnn_iPr__hydrogenated/result.json"", ""data/reference_thermochemistry/benzaldehyde/stationarity/result.json""]","[""b844103087cd9e8c0da67a688b59269df0cff040098d591148e65bacbdd429ee"", ""f4897da33f477e49dfa225e23571ab1376182c83d5412b994134a99a99cc75c0""]","[""2e4c24d7c17e277be06ed3fd4d5fbe5f11d813f002540d280235767cb54a3915"", ""e7292b48e5f27218094b119118595a7fc0b25d93db34b114bb0582e7ad8b60b9""]",Reaction thermodynamics of separate 1M molecular species; no kinetic barrier or TOF
Mn_pyridine_pnn_iPr,alcohol_dehydrogenation,380.0,-34.36072122928272,active_cat + benzyl_alcohol -> hydrogenated_cat + benzaldehyde,True,True,"[""data/campaign/thermochemistry/Mn_pyridine_pnn_iPr__active/result.json"", ""data/reference_thermochemistry/benzyl_alcohol/stationarity/result.json""]","[""data/campaign/thermochemistry/Mn_pyridine_pnn_iPr__hydrogenated/result.json"", ""data/reference_thermochemistry/benzaldehyde/stationarity/result.json""]","[""b844103087cd9e8c0da67a688b59269df0cff040098d591148e65bacbdd429ee"", ""f4897da33f477e49dfa225e23571ab1376182c83d5412b994134a99a99cc75c0""]","[""2e4c24d7c17e277be06ed3fd4d5fbe5f11d813f002540d280235767cb54a3915"", ""e7292b48e5f27218094b119118595a7fc0b25d93db34b114bb0582e7ad8b60b9""]",Reaction thermodynamics of separate 1M molecular species; no kinetic barrier or TOF
Mn_pyridine_pnn_iPr,alcohol_dehydrogenation,383.15,-34.34992228734336,active_cat + benzyl_alcohol -> hydrogenated_cat + benzaldehyde,True,True,"[""data/campaign/thermochemistry/Mn_pyridine_pnn_iPr__active/result.json"", ""data/reference_thermochemistry/benzyl_alcohol/stationarity/result.json""]","[""data/campaign/thermochemistry/Mn_pyridine_pnn_iPr__hydrogenated/result.json"", ""data/reference_thermochemistry/benzaldehyde/stationarity/result.json""]","[""b844103087cd9e8c0da67a688b59269df0cff040098d591148e65bacbdd429ee"", ""f4897da33f477e49dfa225e23571ab1376182c83d5412b994134a99a99cc75c0""]","[""2e4c24d7c17e277be06ed3fd4d5fbe5f11d813f002540d280235767cb54a3915"", ""e7292b48e5f27218094b119118595a7fc0b25d93db34b114bb0582e7ad8b60b9""]",Reaction thermodynamics of separate 1M molecular species; no kinetic barrier or TOF
Mn_pyridine_pnn_iPr,alcohol_dehydrogenation,390.0,-34.326444789696325,active_cat + benzyl_alcohol -> hydrogenated_cat + benzaldehyde,True,True,"[""data/campaign/thermochemistry/Mn_pyridine_pnn_iPr__active/result.json"", ""data/reference_thermochemistry/benzyl_alcohol/stationarity/result.json""]","[""data/campaign/thermochemistry/Mn_pyridine_pnn_iPr__hydrogenated/result.json"", ""data/reference_thermochemistry/benzaldehyde/stationarity/result.json""]","[""b844103087cd9e8c0da67a688b59269df0cff040098d591148e65bacbdd429ee"", ""f4897da33f477e49dfa225e23571ab1376182c83d5412b994134a99a99cc75c0""]","[""2e4c24d7c17e277be06ed3fd4d5fbe5f11d813f002540d280235767cb54a3915"", ""e7292b48e5f27218094b119118595a7fc0b25d93db34b114bb0582e7ad8b60b9""]",Reaction thermodynamics of separate 1M molecular species; no kinetic barrier or TOF
Mn_pyridine_pnn_iPr,alcohol_dehydrogenation,400.0,-34.29219257471232,active_cat + benzyl_alcohol -> hydrogenated_cat + benzaldehyde,True,True,"[""data/campaign/thermochemistry/Mn_pyridine_pnn_iPr__active/result.json"", ""data/reference_thermochemistry/benzyl_alcohol/stationarity/result.json""]","[""data/campaign/thermochemistry/Mn_pyridine_pnn_iPr__hydrogenated/result.json"", ""data/reference_thermochemistry/benzaldehyde/stationarity/result.json""]","[""b844103087cd9e8c0da67a688b59269df0cff040098d591148e65bacbdd429ee"", ""f4897da33f477e49dfa225e23571ab1376182c83d5412b994134a99a99cc75c0""]","[""2e4c24d7c17e277be06ed3fd4d5fbe5f11d813f002540d280235767cb54a3915"", ""e7292b48e5f27218094b119118595a7fc0b25d93db34b114bb0582e7ad8b60b9""]",Reaction thermodynamics of separate 1M molecular species; no kinetic barrier or TOF
Mn_pyridine_pnn_iPr,alcohol_dehydrogenation,410.0,-34.2579764535476,active_cat + benzyl_alcohol -> hydrogenated_cat + benzaldehyde,True,True,"[""data/campaign/thermochemistry/Mn_pyridine_pnn_iPr__active/result.json"", ""data/reference_thermochemistry/benzyl_alcohol/stationarity/result.json""]","[""data/campaign/thermochemistry/Mn_pyridine_pnn_iPr__hydrogenated/result.json"", ""data/reference_thermochemistry/benzaldehyde/stationarity/result.json""]","[""b844103087cd9e8c0da67a688b59269df0cff040098d591148e65bacbdd429ee"", ""f4897da33f477e49dfa225e23571ab1376182c83d5412b994134a99a99cc75c0""]","[""2e4c24d7c17e277be06ed3fd4d5fbe5f11d813f002540d280235767cb54a3915"", ""e7292b48e5f27218094b119118595a7fc0b25d93db34b114bb0582e7ad8b60b9""]",Reaction thermodynamics of separate 1M molecular species; no kinetic barrier or TOF
Mn_pyridine_pnn_iPr,alcohol_dehydrogenation,420.0,-34.223807564781964,active_cat + benzyl_alcohol -> hydrogenated_cat + benzaldehyde,True,True,"[""data/campaign/thermochemistry/Mn_pyridine_pnn_iPr__active/result.json"", ""data/reference_thermochemistry/benzyl_alcohol/stationarity/result.json""]","[""data/campaign/thermochemistry/Mn_pyridine_pnn_iPr__hydrogenated/result.json"", ""data/reference_thermochemistry/benzaldehyde/stationarity/result.json""]","[""b844103087cd9e8c0da67a688b59269df0cff040098d591148e65bacbdd429ee"", ""f4897da33f477e49dfa225e23571ab1376182c83d5412b994134a99a99cc75c0""]","[""2e4c24d7c17e277be06ed3fd4d5fbe5f11d813f002540d280235767cb54a3915"", ""e7292b48e5f27218094b119118595a7fc0b25d93db34b114bb0582e7ad8b60b9""]",Reaction thermodynamics of separate 1M molecular species; no kinetic barrier or TOF
Mn_pyridine_pnn_iPr,alcohol_dehydrogenation,430.0,-34.18969635269241,active_cat + benzyl_alcohol -> hydrogenated_cat + benzaldehyde,True,True,"[""data/campaign/thermochemistry/Mn_pyridine_pnn_iPr__active/result.json"", ""data/reference_thermochemistry/benzyl_alcohol/stationarity/result.json""]","[""data/campaign/thermochemistry/Mn_pyridine_pnn_iPr__hydrogenated/result.json"", ""data/reference_thermochemistry/benzaldehyde/stationarity/result.json""]","[""b844103087cd9e8c0da67a688b59269df0cff040098d591148e65bacbdd429ee"", ""f4897da33f477e49dfa225e23571ab1376182c83d5412b994134a99a99cc75c0""]","[""2e4c24d7c17e277be06ed3fd4d5fbe5f11d813f002540d280235767cb54a3915"", ""e7292b48e5f27218094b119118595a7fc0b25d93db34b114bb0582e7ad8b60b9""]",Reaction thermodynamics of separate 1M molecular species; no kinetic barrier or TOF
Mn_pyridine_pnn_iPr,alcohol_dehydrogenation,440.0,-34.155652601995826,active_cat + benzyl_alcohol -> hydrogenated_cat + benzaldehyde,True,True,"[""data/campaign/thermochemistry/Mn_pyridine_pnn_iPr__active/result.json"", ""data/reference_thermochemistry/benzyl_alcohol/stationarity/result.json""]","[""data/campaign/thermochemistry/Mn_pyridine_pnn_iPr__hydrogenated/result.json"", ""data/reference_thermochemistry/benzaldehyde/stationarity/result.json""]","[""b844103087cd9e8c0da67a688b59269df0cff040098d591148e65bacbdd429ee"", ""f4897da33f477e49dfa225e23571ab1376182c83d5412b994134a99a99cc75c0""]","[""2e4c24d7c17e277be06ed3fd4d5fbe5f11d813f002540d280235767cb54a3915"", ""e7292b48e5f27218094b119118595a7fc0b25d93db34b114bb0582e7ad8b60b9""]",Reaction thermodynamics of separate 1M molecular species; no kinetic barrier or TOF
Mn_pyridine_pnn_iPr,separated_ion_deprotonation,298.15,-41.013812879598845,protonated_cat(+) + tert_butoxide(-) -> active_cat + tert_butanol,True,True,"[""data/campaign/thermochemistry/Mn_pyridine_pnn_iPr__protonated_reference/result.json"", ""data/reference_thermochemistry/tert_butoxide_anion/stationarity/result.json""]","[""data/campaign/thermochemistry/Mn_pyridine_pnn_iPr__active/result.json"", ""data/reference_thermochemistry/tert_butanol/stationarity/result.json""]","[""4fe5f3e362a9b4a25051608afc2a775e0e2ee199a7d4dbb3c2ab6020ace8fa73"", ""d212e4231d6b932ee1d5bcd7336d05f49a5bd740e5762fb2e2806c3cb8018b82""]","[""b844103087cd9e8c0da67a688b59269df0cff040098d591148e65bacbdd429ee"", ""528ce6cef516220b49746927b16e66a325ccc5797a749a09e16cf5dfe6b1bd99""]",Separated-ion reference only; does not establish dissolved tBuOK salt speciation or ion pairing
Mn_pyridine_pnn_iPr,separated_ion_deprotonation,340.0,-41.12334998323604,protonated_cat(+) + tert_butoxide(-) -> active_cat + tert_butanol,True,True,"[""data/campaign/thermochemistry/Mn_pyridine_pnn_iPr__protonated_reference/result.json"", ""data/reference_thermochemistry/tert_butoxide_anion/stationarity/result.json""]","[""data/campaign/thermochemistry/Mn_pyridine_pnn_iPr__active/result.json"", ""data/reference_thermochemistry/tert_butanol/stationarity/result.json""]","[""4fe5f3e362a9b4a25051608afc2a775e0e2ee199a7d4dbb3c2ab6020ace8fa73"", ""d212e4231d6b932ee1d5bcd7336d05f49a5bd740e5762fb2e2806c3cb8018b82""]","[""b844103087cd9e8c0da67a688b59269df0cff040098d591148e65bacbdd429ee"", ""528ce6cef516220b49746927b16e66a325ccc5797a749a09e16cf5dfe6b1bd99""]",Separated-ion reference only; does not establish dissolved tBuOK salt speciation or ion pairing
Mn_pyridine_pnn_iPr,separated_ion_deprotonation,350.0,-41.149899707041186,protonated_cat(+) + tert_butoxide(-) -> active_cat + tert_butanol,True,True,"[""data/campaign/thermochemistry/Mn_pyridine_pnn_iPr__protonated_reference/result.json"", ""data/reference_thermochemistry/tert_butoxide_anion/stationarity/result.json""]","[""data/campaign/thermochemistry/Mn_pyridine_pnn_iPr__active/result.json"", ""data/reference_thermochemistry/tert_butanol/stationarity/result.json""]","[""4fe5f3e362a9b4a25051608afc2a775e0e2ee199a7d4dbb3c2ab6020ace8fa73"", ""d212e4231d6b932ee1d5bcd7336d05f49a5bd740e5762fb2e2806c3cb8018b82""]","[""b844103087cd9e8c0da67a688b59269df0cff040098d591148e65bacbdd429ee"", ""528ce6cef516220b49746927b16e66a325ccc5797a749a09e16cf5dfe6b1bd99""]",Separated-ion reference only; does not establish dissolved tBuOK salt speciation or ion pairing
Mn_pyridine_pnn_iPr,separated_ion_deprotonation,360.0,-41.17654897876491,protonated_cat(+) + tert_butoxide(-) -> active_cat + tert_butanol,True,True,"[""data/campaign/thermochemistry/Mn_pyridine_pnn_iPr__protonated_reference/result.json"", ""data/reference_thermochemistry/tert_butoxide_anion/stationarity/result.json""]","[""data/campaign/thermochemistry/Mn_pyridine_pnn_iPr__active/result.json"", ""data/reference_thermochemistry/tert_butanol/stationarity/result.json""]","[""4fe5f3e362a9b4a25051608afc2a775e0e2ee199a7d4dbb3c2ab6020ace8fa73"", ""d212e4231d6b932ee1d5bcd7336d05f49a5bd740e5762fb2e2806c3cb8018b82""]","[""b844103087cd9e8c0da67a688b59269df0cff040098d591148e65bacbdd429ee"", ""528ce6cef516220b49746927b16e66a325ccc5797a749a09e16cf5dfe6b1bd99""]",Separated-ion reference only; does not establish dissolved tBuOK salt speciation or ion pairing
Mn_pyridine_pnn_iPr,separated_ion_deprotonation,370.0,-41.20327906467901,protonated_cat(+) + tert_butoxide(-) -> active_cat + tert_butanol,True,True,"[""data/campaign/thermochemistry/Mn_pyridine_pnn_iPr__protonated_reference/result.json"", ""data/reference_thermochemistry/tert_butoxide_anion/stationarity/result.json""]","[""data/campaign/thermochemistry/Mn_pyridine_pnn_iPr__active/result.json"", ""data/reference_thermochemistry/tert_butanol/stationarity/result.json""]","[""4fe5f3e362a9b4a25051608afc2a775e0e2ee199a7d4dbb3c2ab6020ace8fa73"", ""d212e4231d6b932ee1d5bcd7336d05f49a5bd740e5762fb2e2806c3cb8018b82""]","[""b844103087cd9e8c0da67a688b59269df0cff040098d591148e65bacbdd429ee"", ""528ce6cef516220b49746927b16e66a325ccc5797a749a09e16cf5dfe6b1bd99""]",Separated-ion reference only; does not establish dissolved tBuOK salt speciation or ion pairing
Mn_pyridine_pnn_iPr,separated_ion_deprotonation,380.0,-41.23007287824112,protonated_cat(+) + tert_butoxide(-) -> active_cat + tert_butanol,True,True,"[""data/campaign/thermochemistry/Mn_pyridine_pnn_iPr__protonated_reference/result.json"", ""data/reference_thermochemistry/tert_butoxide_anion/stationarity/result.json""]","[""data/campaign/thermochemistry/Mn_pyridine_pnn_iPr__active/result.json"", ""data/reference_thermochemistry/tert_butanol/stationarity/result.json""]","[""4fe5f3e362a9b4a25051608afc2a775e0e2ee199a7d4dbb3c2ab6020ace8fa73"", ""d212e4231d6b932ee1d5bcd7336d05f49a5bd740e5762fb2e2806c3cb8018b82""]","[""b844103087cd9e8c0da67a688b59269df0cff040098d591148e65bacbdd429ee"", ""528ce6cef516220b49746927b16e66a325ccc5797a749a09e16cf5dfe6b1bd99""]",Separated-ion reference only; does not establish dissolved tBuOK salt speciation or ion pairing
Mn_pyridine_pnn_iPr,separated_ion_deprotonation,383.15,-41.23852360151068,protonated_cat(+) + tert_butoxide(-) -> active_cat + tert_butanol,True,True,"[""data/campaign/thermochemistry/Mn_pyridine_pnn_iPr__protonated_reference/result.json"", ""data/reference_thermochemistry/tert_butoxide_anion/stationarity/result.json""]","[""data/campaign/thermochemistry/Mn_pyridine_pnn_iPr__active/result.json"", ""data/reference_thermochemistry/tert_butanol/stationarity/result.json""]","[""4fe5f3e362a9b4a25051608afc2a775e0e2ee199a7d4dbb3c2ab6020ace8fa73"", ""d212e4231d6b932ee1d5bcd7336d05f49a5bd740e5762fb2e2806c3cb8018b82""]","[""b844103087cd9e8c0da67a688b59269df0cff040098d591148e65bacbdd429ee"", ""528ce6cef516220b49746927b16e66a325ccc5797a749a09e16cf5dfe6b1bd99""]",Separated-ion reference only; does not establish dissolved tBuOK salt speciation or ion pairing
Mn_pyridine_pnn_iPr,separated_ion_deprotonation,390.0,-41.256914856474395,protonated_cat(+) + tert_butoxide(-) -> active_cat + tert_butanol,True,True,"[""data/campaign/thermochemistry/Mn_pyridine_pnn_iPr__protonated_reference/result.json"", ""data/reference_thermochemistry/tert_butoxide_anion/stationarity/result.json""]","[""data/campaign/thermochemistry/Mn_pyridine_pnn_iPr__active/result.json"", ""data/reference_thermochemistry/tert_butanol/stationarity/result.json""]","[""4fe5f3e362a9b4a25051608afc2a775e0e2ee199a7d4dbb3c2ab6020ace8fa73"", ""d212e4231d6b932ee1d5bcd7336d05f49a5bd740e5762fb2e2806c3cb8018b82""]","[""b844103087cd9e8c0da67a688b59269df0cff040098d591148e65bacbdd429ee"", ""528ce6cef516220b49746927b16e66a325ccc5797a749a09e16cf5dfe6b1bd99""]",Separated-ion reference only; does not establish dissolved tBuOK salt speciation or ion pairing
Mn_pyridine_pnn_iPr,separated_ion_deprotonation,400.0,-41.28379084012704,protonated_cat(+) + tert_butoxide(-) -> active_cat + tert_butanol,True,True,"[""data/campaign/thermochemistry/Mn_pyridine_pnn_iPr__protonated_reference/result.json"", ""data/reference_thermochemistry/tert_butoxide_anion/stationarity/result.json""]","[""data/campaign/thermochemistry/Mn_pyridine_pnn_iPr__active/result.json"", ""data/reference_thermochemistry/tert_butanol/stationarity/result.json""]","[""4fe5f3e362a9b4a25051608afc2a775e0e2ee199a7d4dbb3c2ab6020ace8fa73"", ""d212e4231d6b932ee1d5bcd7336d05f49a5bd740e5762fb2e2806c3cb8018b82""]","[""b844103087cd9e8c0da67a688b59269df0cff040098d591148e65bacbdd429ee"", ""528ce6cef516220b49746927b16e66a325ccc5797a749a09e16cf5dfe6b1bd99""]",Separated-ion reference only; does not establish dissolved tBuOK salt speciation or ion pairing
Mn_pyridine_pnn_iPr,separated_ion_deprotonation,410.0,-41.31068795909414,protonated_cat(+) + tert_butoxide(-) -> active_cat + tert_butanol,True,True,"[""data/campaign/thermochemistry/Mn_pyridine_pnn_iPr__protonated_reference/result.json"", ""data/reference_thermochemistry/tert_butoxide_anion/stationarity/result.json""]","[""data/campaign/thermochemistry/Mn_pyridine_pnn_iPr__active/result.json"", ""data/reference_thermochemistry/tert_butanol/stationarity/result.json""]","[""4fe5f3e362a9b4a25051608afc2a775e0e2ee199a7d4dbb3c2ab6020ace8fa73"", ""d212e4231d6b932ee1d5bcd7336d05f49a5bd740e5762fb2e2806c3cb8018b82""]","[""b844103087cd9e8c0da67a688b59269df0cff040098d591148e65bacbdd429ee"", ""528ce6cef516220b49746927b16e66a325ccc5797a749a09e16cf5dfe6b1bd99""]",Separated-ion reference only; does not establish dissolved tBuOK salt speciation or ion pairing
Mn_pyridine_pnn_iPr,separated_ion_deprotonation,420.0,-41.33759452375307,protonated_cat(+) + tert_butoxide(-) -> active_cat + tert_butanol,True,True,"[""data/campaign/thermochemistry/Mn_pyridine_pnn_iPr__protonated_reference/result.json"", ""data/reference_thermochemistry/tert_butoxide_anion/stationarity/result.json""]","[""data/campaign/thermochemistry/Mn_pyridine_pnn_iPr__active/result.json"", ""data/reference_thermochemistry/tert_butanol/stationarity/result.json""]","[""4fe5f3e362a9b4a25051608afc2a775e0e2ee199a7d4dbb3c2ab6020ace8fa73"", ""d212e4231d6b932ee1d5bcd7336d05f49a5bd740e5762fb2e2806c3cb8018b82""]","[""b844103087cd9e8c0da67a688b59269df0cff040098d591148e65bacbdd429ee"", ""528ce6cef516220b49746927b16e66a325ccc5797a749a09e16cf5dfe6b1bd99""]",Separated-ion reference only; does not establish dissolved tBuOK salt speciation or ion pairing
Mn_pyridine_pnn_iPr,separated_ion_deprotonation,430.0,-41.36449992275993,protonated_cat(+) + tert_butoxide(-) -> active_cat + tert_butanol,True,True,"[""data/campaign/thermochemistry/Mn_pyridine_pnn_iPr__protonated_reference/result.json"", ""data/reference_thermochemistry/tert_butoxide_anion/stationarity/result.json""]","[""data/campaign/thermochemistry/Mn_pyridine_pnn_iPr__active/result.json"", ""data/reference_thermochemistry/tert_butanol/stationarity/result.json""]","[""4fe5f3e362a9b4a25051608afc2a775e0e2ee199a7d4dbb3c2ab6020ace8fa73"", ""d212e4231d6b932ee1d5bcd7336d05f49a5bd740e5762fb2e2806c3cb8018b82""]","[""b844103087cd9e8c0da67a688b59269df0cff040098d591148e65bacbdd429ee"", ""528ce6cef516220b49746927b16e66a325ccc5797a749a09e16cf5dfe6b1bd99""]",Separated-ion reference only; does not establish dissolved tBuOK salt speciation or ion pairing
Mn_pyridine_pnn_iPr,separated_ion_deprotonation,440.0,-41.391394527814555,protonated_cat(+) + tert_butoxide(-) -> active_cat + tert_butanol,True,True,"[""data/campaign/thermochemistry/Mn_pyridine_pnn_iPr__protonated_reference/result.json"", ""data/reference_thermochemistry/tert_butoxide_anion/stationarity/result.json""]","[""data/campaign/thermochemistry/Mn_pyridine_pnn_iPr__active/result.json"", ""data/reference_thermochemistry/tert_butanol/stationarity/result.json""]","[""4fe5f3e362a9b4a25051608afc2a775e0e2ee199a7d4dbb3c2ab6020ace8fa73"", ""d212e4231d6b932ee1d5bcd7336d05f49a5bd740e5762fb2e2806c3cb8018b82""]","[""b844103087cd9e8c0da67a688b59269df0cff040098d591148e65bacbdd429ee"", ""528ce6cef516220b49746927b16e66a325ccc5797a749a09e16cf5dfe6b1bd99""]",Separated-ion reference only; does not establish dissolved tBuOK salt speciation or ion pairing
Mn_pyridine_pnn_iPr,imine_hydrogenation,298.15,32.26510267866615,hydrogenated_cat + imine -> active_cat + product_amine,True,True,"[""data/campaign/thermochemistry/Mn_pyridine_pnn_iPr__hydrogenated/result.json"", ""data/reference_thermochemistry/imine/stationarity/result.json""]","[""data/campaign/thermochemistry/Mn_pyridine_pnn_iPr__active/result.json"", ""data/reference_thermochemistry/product_amine/stationarity/result.json""]","[""2e4c24d7c17e277be06ed3fd4d5fbe5f11d813f002540d280235767cb54a3915"", ""320207d7a21680926414b387b1b8cd3adcb066bb7fc19106fe58731629d2bffb""]","[""b844103087cd9e8c0da67a688b59269df0cff040098d591148e65bacbdd429ee"", ""1310231bc0e8cfa7827d24c6e16bb1ae55f4c47ed9c416194f0e2ec8627a6231""]",Reaction thermodynamics of separate 1M molecular species; no kinetic barrier or TOF
Mn_pyridine_pnn_iPr,imine_hydrogenation,340.0,32.18526086876591,hydrogenated_cat + imine -> active_cat + product_amine,True,True,"[""data/campaign/thermochemistry/Mn_pyridine_pnn_iPr__hydrogenated/result.json"", ""data/reference_thermochemistry/imine/stationarity/result.json""]","[""data/campaign/thermochemistry/Mn_pyridine_pnn_iPr__active/result.json"", ""data/reference_thermochemistry/product_amine/stationarity/result.json""]","[""2e4c24d7c17e277be06ed3fd4d5fbe5f11d813f002540d280235767cb54a3915"", ""320207d7a21680926414b387b1b8cd3adcb066bb7fc19106fe58731629d2bffb""]","[""b844103087cd9e8c0da67a688b59269df0cff040098d591148e65bacbdd429ee"", ""1310231bc0e8cfa7827d24c6e16bb1ae55f4c47ed9c416194f0e2ec8627a6231""]",Reaction thermodynamics of separate 1M molecular species; no kinetic barrier or TOF
Mn_pyridine_pnn_iPr,imine_hydrogenation,350.0,32.165769666775304,hydrogenated_cat + imine -> active_cat + product_amine,True,True,"[""data/campaign/thermochemistry/Mn_pyridine_pnn_iPr__hydrogenated/result.json"", ""data/reference_thermochemistry/imine/stationarity/result.json""]","[""data/campaign/thermochemistry/Mn_pyridine_pnn_iPr__active/result.json"", ""data/reference_thermochemistry/product_amine/stationarity/result.json""]","[""2e4c24d7c17e277be06ed3fd4d5fbe5f11d813f002540d280235767cb54a3915"", ""320207d7a21680926414b387b1b8cd3adcb066bb7fc19106fe58731629d2bffb""]","[""b844103087cd9e8c0da67a688b59269df0cff040098d591148e65bacbdd429ee"", ""1310231bc0e8cfa7827d24c6e16bb1ae55f4c47ed9c416194f0e2ec8627a6231""]",Reaction thermodynamics of separate 1M molecular species; no kinetic barrier or TOF
Mn_pyridine_pnn_iPr,imine_hydrogenation,360.0,32.14616114167438,hydrogenated_cat + imine -> active_cat + product_amine,True,True,"[""data/campaign/thermochemistry/Mn_pyridine_pnn_iPr__hydrogenated/result.json"", ""data/reference_thermochemistry/imine/stationarity/result.json""]","[""data/campaign/thermochemistry/Mn_pyridine_pnn_iPr__active/result.json"", ""data/reference_thermochemistry/product_amine/stationarity/result.json""]","[""2e4c24d7c17e277be06ed3fd4d5fbe5f11d813f002540d280235767cb54a3915"", ""320207d7a21680926414b387b1b8cd3adcb066bb7fc19106fe58731629d2bffb""]","[""b844103087cd9e8c0da67a688b59269df0cff040098d591148e65bacbdd429ee"", ""1310231bc0e8cfa7827d24c6e16bb1ae55f4c47ed9c416194f0e2ec8627a6231""]",Reaction thermodynamics of separate 1M molecular species; no kinetic barrier or TOF
Mn_pyridine_pnn_iPr,imine_hydrogenation,370.0,32.12645387208249,hydrogenated_cat + imine -> active_cat + product_amine,True,True,"[""data/campaign/thermochemistry/Mn_pyridine_pnn_iPr__hydrogenated/result.json"", ""data/reference_thermochemistry/imine/stationarity/result.json""]","[""data/campaign/thermochemistry/Mn_pyridine_pnn_iPr__active/result.json"", ""data/reference_thermochemistry/product_amine/stationarity/result.json""]","[""2e4c24d7c17e277be06ed3fd4d5fbe5f11d813f002540d280235767cb54a3915"", ""320207d7a21680926414b387b1b8cd3adcb066bb7fc19106fe58731629d2bffb""]","[""b844103087cd9e8c0da67a688b59269df0cff040098d591148e65bacbdd429ee"", ""1310231bc0e8cfa7827d24c6e16bb1ae55f4c47ed9c416194f0e2ec8627a6231""]",Reaction thermodynamics of separate 1M molecular species; no kinetic barrier or TOF
Mn_pyridine_pnn_iPr,imine_hydrogenation,380.0,32.10666540916645,hydrogenated_cat + imine -> active_cat + product_amine,True,True,"[""data/campaign/thermochemistry/Mn_pyridine_pnn_iPr__hydrogenated/result.json"", ""data/reference_thermochemistry/imine/stationarity/result.json""]","[""data/campaign/thermochemistry/Mn_pyridine_pnn_iPr__active/result.json"", ""data/reference_thermochemistry/product_amine/stationarity/result.json""]","[""2e4c24d7c17e277be06ed3fd4d5fbe5f11d813f002540d280235767cb54a3915"", ""320207d7a21680926414b387b1b8cd3adcb066bb7fc19106fe58731629d2bffb""]","[""b844103087cd9e8c0da67a688b59269df0cff040098d591148e65bacbdd429ee"", ""1310231bc0e8cfa7827d24c6e16bb1ae55f4c47ed9c416194f0e2ec8627a6231""]",Reaction thermodynamics of separate 1M molecular species; no kinetic barrier or TOF
Mn_pyridine_pnn_iPr,imine_hydrogenation,383.15,32.10041789718525,hydrogenated_cat + imine -> active_cat + product_amine,True,True,"[""data/campaign/thermochemistry/Mn_pyridine_pnn_iPr__hydrogenated/result.json"", ""data/reference_thermochemistry/imine/stationarity/result.json""]","[""data/campaign/thermochemistry/Mn_pyridine_pnn_iPr__active/result.json"", ""data/reference_thermochemistry/product_amine/stationarity/result.json""]","[""2e4c24d7c17e277be06ed3fd4d5fbe5f11d813f002540d280235767cb54a3915"", ""320207d7a21680926414b387b1b8cd3adcb066bb7fc19106fe58731629d2bffb""]","[""b844103087cd9e8c0da67a688b59269df0cff040098d591148e65bacbdd429ee"", ""1310231bc0e8cfa7827d24c6e16bb1ae55f4c47ed9c416194f0e2ec8627a6231""]",Reaction thermodynamics of separate 1M molecular species; no kinetic barrier or TOF
Mn_pyridine_pnn_iPr,imine_hydrogenation,390.0,32.086812286866916,hydrogenated_cat + imine -> active_cat + product_amine,True,True,"[""data/campaign/thermochemistry/Mn_pyridine_pnn_iPr__hydrogenated/result.json"", ""data/reference_thermochemistry/imine/stationarity/result.json""]","[""data/campaign/thermochemistry/Mn_pyridine_pnn_iPr__active/result.json"", ""data/reference_thermochemistry/product_amine/stationarity/result.json""]","[""2e4c24d7c17e277be06ed3fd4d5fbe5f11d813f002540d280235767cb54a3915"", ""320207d7a21680926414b387b1b8cd3adcb066bb7fc19106fe58731629d2bffb""]","[""b844103087cd9e8c0da67a688b59269df0cff040098d591148e65bacbdd429ee"", ""1310231bc0e8cfa7827d24c6e16bb1ae55f4c47ed9c416194f0e2ec8627a6231""]",Reaction thermodynamics of separate 1M molecular species; no kinetic barrier or TOF
Mn_pyridine_pnn_iPr,imine_hydrogenation,400.0,32.066910042507516,hydrogenated_cat + imine -> active_cat + product_amine,True,True,"[""data/campaign/thermochemistry/Mn_pyridine_pnn_iPr__hydrogenated/result.json"", ""data/reference_thermochemistry/imine/stationarity/result.json""]","[""data/campaign/thermochemistry/Mn_pyridine_pnn_iPr__active/result.json"", ""data/reference_thermochemistry/product_amine/stationarity/result.json""]","[""2e4c24d7c17e277be06ed3fd4d5fbe5f11d813f002540d280235767cb54a3915"", ""320207d7a21680926414b387b1b8cd3adcb066bb7fc19106fe58731629d2bffb""]","[""b844103087cd9e8c0da67a688b59269df0cff040098d591148e65bacbdd429ee"", ""1310231bc0e8cfa7827d24c6e16bb1ae55f4c47ed9c416194f0e2ec8627a6231""]",Reaction thermodynamics of separate 1M molecular species; no kinetic barrier or TOF
Mn_pyridine_pnn_iPr,imine_hydrogenation,410.0,32.04697324470544,hydrogenated_cat + imine -> active_cat + product_amine,True,True,"[""data/campaign/thermochemistry/Mn_pyridine_pnn_iPr__hydrogenated/result.json"", ""data/reference_thermochemistry/imine/stationarity/result.json""]","[""data/campaign/thermochemistry/Mn_pyridine_pnn_iPr__active/result.json"", ""data/reference_thermochemistry/product_amine/stationarity/result.json""]","[""2e4c24d7c17e277be06ed3fd4d5fbe5f11d813f002540d280235767cb54a3915"", ""320207d7a21680926414b387b1b8cd3adcb066bb7fc19106fe58731629d2bffb""]","[""b844103087cd9e8c0da67a688b59269df0cff040098d591148e65bacbdd429ee"", ""1310231bc0e8cfa7827d24c6e16bb1ae55f4c47ed9c416194f0e2ec8627a6231""]",Reaction thermodynamics of separate 1M molecular species; no kinetic barrier or TOF
Mn_pyridine_pnn_iPr,imine_hydrogenation,420.0,32.02701552665167,hydrogenated_cat + imine -> active_cat + product_amine,True,True,"[""data/campaign/thermochemistry/Mn_pyridine_pnn_iPr__hydrogenated/result.json"", ""data/reference_thermochemistry/imine/stationarity/result.json""]","[""data/campaign/thermochemistry/Mn_pyridine_pnn_iPr__active/result.json"", ""data/reference_thermochemistry/product_amine/stationarity/result.json""]","[""2e4c24d7c17e277be06ed3fd4d5fbe5f11d813f002540d280235767cb54a3915"", ""320207d7a21680926414b387b1b8cd3adcb066bb7fc19106fe58731629d2bffb""]","[""b844103087cd9e8c0da67a688b59269df0cff040098d591148e65bacbdd429ee"", ""1310231bc0e8cfa7827d24c6e16bb1ae55f4c47ed9c416194f0e2ec8627a6231""]",Reaction thermodynamics of separate 1M molecular species; no kinetic barrier or TOF
Mn_pyridine_pnn_iPr,imine_hydrogenation,430.0,32.00704962297823,hydrogenated_cat + imine -> active_cat + product_amine,True,True,"[""data/campaign/thermochemistry/Mn_pyridine_pnn_iPr__hydrogenated/result.json"", ""data/reference_thermochemistry/imine/stationarity/result.json""]","[""data/campaign/thermochemistry/Mn_pyridine_pnn_iPr__active/result.json"", ""data/reference_thermochemistry/product_amine/stationarity/result.json""]","[""2e4c24d7c17e277be06ed3fd4d5fbe5f11d813f002540d280235767cb54a3915"", ""320207d7a21680926414b387b1b8cd3adcb066bb7fc19106fe58731629d2bffb""]","[""b844103087cd9e8c0da67a688b59269df0cff040098d591148e65bacbdd429ee"", ""1310231bc0e8cfa7827d24c6e16bb1ae55f4c47ed9c416194f0e2ec8627a6231""]",Reaction thermodynamics of separate 1M molecular species; no kinetic barrier or TOF
Mn_pyridine_pnn_iPr,imine_hydrogenation,440.0,31.987087408517255,hydrogenated_cat + imine -> active_cat + product_amine,True,True,"[""data/campaign/thermochemistry/Mn_pyridine_pnn_iPr__hydrogenated/result.json"", ""data/reference_thermochemistry/imine/stationarity/result.json""]","[""data/campaign/thermochemistry/Mn_pyridine_pnn_iPr__active/result.json"", ""data/reference_thermochemistry/product_amine/stationarity/result.json""]","[""2e4c24d7c17e277be06ed3fd4d5fbe5f11d813f002540d280235767cb54a3915"", ""320207d7a21680926414b387b1b8cd3adcb066bb7fc19106fe58731629d2bffb""]","[""b844103087cd9e8c0da67a688b59269df0cff040098d591148e65bacbdd429ee"", ""1310231bc0e8cfa7827d24c6e16bb1ae55f4c47ed9c416194f0e2ec8627a6231""]",Reaction thermodynamics of separate 1M molecular species; no kinetic barrier or TOF
Mn_bipyridine_pnnoh_Ph,alcohol_dehydrogenation,298.15,-15.248411488568308,active_cat + benzyl_alcohol -> hydrogenated_cat + benzaldehyde,True,True,"[""data/targeted_rescue/thermochemistry/Mn_bipyridine_pnnoh_Ph__active/result.json"", ""data/reference_thermochemistry/benzyl_alcohol/stationarity/result.json""]","[""data/targeted_rescue/thermochemistry/Mn_bipyridine_pnnoh_Ph__hydrogenated/result.json"", ""data/reference_thermochemistry/benzaldehyde/stationarity/result.json""]","[""42402724770b016586bccffebc9747d6db6552339500dd61f81ab5cc0ea40975"", ""f4897da33f477e49dfa225e23571ab1376182c83d5412b994134a99a99cc75c0""]","[""037be0241665ae81de0f53a5829e3568d2f990406b7db75562f7e2624d1e9408"", ""e7292b48e5f27218094b119118595a7fc0b25d93db34b114bb0582e7ad8b60b9""]",Reaction thermodynamics of separate 1M molecular species; no kinetic barrier or TOF
Mn_bipyridine_pnnoh_Ph,alcohol_dehydrogenation,340.0,-15.187256602304842,active_cat + benzyl_alcohol -> hydrogenated_cat + benzaldehyde,True,True,"[""data/targeted_rescue/thermochemistry/Mn_bipyridine_pnnoh_Ph__active/result.json"", ""data/reference_thermochemistry/benzyl_alcohol/stationarity/result.json""]","[""data/targeted_rescue/thermochemistry/Mn_bipyridine_pnnoh_Ph__hydrogenated/result.json"", ""data/reference_thermochemistry/benzaldehyde/stationarity/result.json""]","[""42402724770b016586bccffebc9747d6db6552339500dd61f81ab5cc0ea40975"", ""f4897da33f477e49dfa225e23571ab1376182c83d5412b994134a99a99cc75c0""]","[""037be0241665ae81de0f53a5829e3568d2f990406b7db75562f7e2624d1e9408"", ""e7292b48e5f27218094b119118595a7fc0b25d93db34b114bb0582e7ad8b60b9""]",Reaction thermodynamics of separate 1M molecular species; no kinetic barrier or TOF
Mn_bipyridine_pnnoh_Ph,alcohol_dehydrogenation,350.0,-15.173274188487994,active_cat + benzyl_alcohol -> hydrogenated_cat + benzaldehyde,True,True,"[""data/targeted_rescue/thermochemistry/Mn_bipyridine_pnnoh_Ph__active/result.json"", ""data/reference_thermochemistry/benzyl_alcohol/stationarity/result.json""]","[""data/targeted_rescue/thermochemistry/Mn_bipyridine_pnnoh_Ph__hydrogenated/result.json"", ""data/reference_thermochemistry/benzaldehyde/stationarity/result.json""]","[""42402724770b016586bccffebc9747d6db6552339500dd61f81ab5cc0ea40975"", ""f4897da33f477e49dfa225e23571ab1376182c83d5412b994134a99a99cc75c0""]","[""037be0241665ae81de0f53a5829e3568d2f990406b7db75562f7e2624d1e9408"", ""e7292b48e5f27218094b119118595a7fc0b25d93db34b114bb0582e7ad8b60b9""]",Reaction thermodynamics of separate 1M molecular species; no kinetic barrier or TOF
Mn_bipyridine_pnnoh_Ph,alcohol_dehydrogenation,360.0,-15.159549835670987,active_cat + benzyl_alcohol -> hydrogenated_cat + benzaldehyde,True,True,"[""data/targeted_rescue/thermochemistry/Mn_bipyridine_pnnoh_Ph__active/result.json"", ""data/reference_thermochemistry/benzyl_alcohol/stationarity/result.json""]","[""data/targeted_rescue/thermochemistry/Mn_bipyridine_pnnoh_Ph__hydrogenated/result.json"", ""data/reference_thermochemistry/benzaldehyde/stationarity/result.json""]","[""42402724770b016586bccffebc9747d6db6552339500dd61f81ab5cc0ea40975"", ""f4897da33f477e49dfa225e23571ab1376182c83d5412b994134a99a99cc75c0""]","[""037be0241665ae81de0f53a5829e3568d2f990406b7db75562f7e2624d1e9408"", ""e7292b48e5f27218094b119118595a7fc0b25d93db34b114bb0582e7ad8b60b9""]",Reaction thermodynamics of separate 1M molecular species; no kinetic barrier or TOF
Mn_bipyridine_pnnoh_Ph,alcohol_dehydrogenation,370.0,-15.14608867412062,active_cat + benzyl_alcohol -> hydrogenated_cat + benzaldehyde,True,True,"[""data/targeted_rescue/thermochemistry/Mn_bipyridine_pnnoh_Ph__active/result.json"", ""data/reference_thermochemistry/benzyl_alcohol/stationarity/result.json""]","[""data/targeted_rescue/thermochemistry/Mn_bipyridine_pnnoh_Ph__hydrogenated/result.json"", ""data/reference_thermochemistry/benzaldehyde/stationarity/result.json""]","[""42402724770b016586bccffebc9747d6db6552339500dd61f81ab5cc0ea40975"", ""f4897da33f477e49dfa225e23571ab1376182c83d5412b994134a99a99cc75c0""]","[""037be0241665ae81de0f53a5829e3568d2f990406b7db75562f7e2624d1e9408"", ""e7292b48e5f27218094b119118595a7fc0b25d93db34b114bb0582e7ad8b60b9""]",Reaction thermodynamics of separate 1M molecular species; no kinetic barrier or TOF
Mn_bipyridine_pnnoh_Ph,alcohol_dehydrogenation,380.0,-15.132894876978753,active_cat + benzyl_alcohol -> hydrogenated_cat + benzaldehyde,True,True,"[""data/targeted_rescue/thermochemistry/Mn_bipyridine_pnnoh_Ph__active/result.json"", ""data/reference_thermochemistry/benzyl_alcohol/stationarity/result.json""]","[""data/targeted_rescue/thermochemistry/Mn_bipyridine_pnnoh_Ph__hydrogenated/result.json"", ""data/reference_thermochemistry/benzaldehyde/stationarity/result.json""]","[""42402724770b016586bccffebc9747d6db6552339500dd61f81ab5cc0ea40975"", ""f4897da33f477e49dfa225e23571ab1376182c83d5412b994134a99a99cc75c0""]","[""037be0241665ae81de0f53a5829e3568d2f990406b7db75562f7e2624d1e9408"", ""e7292b48e5f27218094b119118595a7fc0b25d93db34b114bb0582e7ad8b60b9""]",Reaction thermodynamics of separate 1M molecular species; no kinetic barrier or TOF
Mn_bipyridine_pnnoh_Ph,alcohol_dehydrogenation,383.15,-15.12879475804948,active_cat + benzyl_alcohol -> hydrogenated_cat + benzaldehyde,True,True,"[""data/targeted_rescue/thermochemistry/Mn_bipyridine_pnnoh_Ph__active/result.json"", ""data/reference_thermochemistry/benzyl_alcohol/stationarity/result.json""]","[""data/targeted_rescue/thermochemistry/Mn_bipyridine_pnnoh_Ph__hydrogenated/result.json"", ""data/reference_thermochemistry/benzaldehyde/stationarity/result.json""]","[""42402724770b016586bccffebc9747d6db6552339500dd61f81ab5cc0ea40975"", ""f4897da33f477e49dfa225e23571ab1376182c83d5412b994134a99a99cc75c0""]","[""037be0241665ae81de0f53a5829e3568d2f990406b7db75562f7e2624d1e9408"", ""e7292b48e5f27218094b119118595a7fc0b25d93db34b114bb0582e7ad8b60b9""]",Reaction thermodynamics of separate 1M molecular species; no kinetic barrier or TOF
Mn_bipyridine_pnnoh_Ph,alcohol_dehydrogenation,390.0,-15.119971768321193,active_cat + benzyl_alcohol -> hydrogenated_cat + benzaldehyde,True,True,"[""data/targeted_rescue/thermochemistry/Mn_bipyridine_pnnoh_Ph__active/result.json"", ""data/reference_thermochemistry/benzyl_alcohol/stationarity/result.json""]","[""data/targeted_rescue/thermochemistry/Mn_bipyridine_pnnoh_Ph__hydrogenated/result.json"", ""data/reference_thermochemistry/benzaldehyde/stationarity/result.json""]","[""42402724770b016586bccffebc9747d6db6552339500dd61f81ab5cc0ea40975"", ""f4897da33f477e49dfa225e23571ab1376182c83d5412b994134a99a99cc75c0""]","[""037be0241665ae81de0f53a5829e3568d2f990406b7db75562f7e2624d1e9408"", ""e7292b48e5f27218094b119118595a7fc0b25d93db34b114bb0582e7ad8b60b9""]",Reaction thermodynamics of separate 1M molecular species; no kinetic barrier or TOF
Mn_bipyridine_pnnoh_Ph,alcohol_dehydrogenation,400.0,-15.10732192121759,active_cat + benzyl_alcohol -> hydrogenated_cat + benzaldehyde,True,True,"[""data/targeted_rescue/thermochemistry/Mn_bipyridine_pnnoh_Ph__active/result.json"", ""data/reference_thermochemistry/benzyl_alcohol/stationarity/result.json""]","[""data/targeted_rescue/thermochemistry/Mn_bipyridine_pnnoh_Ph__hydrogenated/result.json"", ""data/reference_thermochemistry/benzaldehyde/stationarity/result.json""]","[""42402724770b016586bccffebc9747d6db6552339500dd61f81ab5cc0ea40975"", ""f4897da33f477e49dfa225e23571ab1376182c83d5412b994134a99a99cc75c0""]","[""037be0241665ae81de0f53a5829e3568d2f990406b7db75562f7e2624d1e9408"", ""e7292b48e5f27218094b119118595a7fc0b25d93db34b114bb0582e7ad8b60b9""]",Reaction thermodynamics of separate 1M molecular species; no kinetic barrier or TOF
Mn_bipyridine_pnnoh_Ph,alcohol_dehydrogenation,410.0,-15.094947245503135,active_cat + benzyl_alcohol -> hydrogenated_cat + benzaldehyde,True,True,"[""data/targeted_rescue/thermochemistry/Mn_bipyridine_pnnoh_Ph__active/result.json"", ""data/reference_thermochemistry/benzyl_alcohol/stationarity/result.json""]","[""data/targeted_rescue/thermochemistry/Mn_bipyridine_pnnoh_Ph__hydrogenated/result.json"", ""data/reference_thermochemistry/benzaldehyde/stationarity/result.json""]","[""42402724770b016586bccffebc9747d6db6552339500dd61f81ab5cc0ea40975"", ""f4897da33f477e49dfa225e23571ab1376182c83d5412b994134a99a99cc75c0""]","[""037be0241665ae81de0f53a5829e3568d2f990406b7db75562f7e2624d1e9408"", ""e7292b48e5f27218094b119118595a7fc0b25d93db34b114bb0582e7ad8b60b9""]",Reaction thermodynamics of separate 1M molecular species; no kinetic barrier or TOF
Mn_bipyridine_pnnoh_Ph,alcohol_dehydrogenation,420.0,-15.08284906645531,active_cat + benzyl_alcohol -> hydrogenated_cat + benzaldehyde,True,True,"[""data/targeted_rescue/thermochemistry/Mn_bipyridine_pnnoh_Ph__active/result.json"", ""data/reference_thermochemistry/benzyl_alcohol/stationarity/result.json""]","[""data/targeted_rescue/thermochemistry/Mn_bipyridine_pnnoh_Ph__hydrogenated/result.json"", ""data/reference_thermochemistry/benzaldehyde/stationarity/result.json""]","[""42402724770b016586bccffebc9747d6db6552339500dd61f81ab5cc0ea40975"", ""f4897da33f477e49dfa225e23571ab1376182c83d5412b994134a99a99cc75c0""]","[""037be0241665ae81de0f53a5829e3568d2f990406b7db75562f7e2624d1e9408"", ""e7292b48e5f27218094b119118595a7fc0b25d93db34b114bb0582e7ad8b60b9""]",Reaction thermodynamics of separate 1M molecular species; no kinetic barrier or TOF
Mn_bipyridine_pnnoh_Ph,alcohol_dehydrogenation,430.0,-15.07102819465581,active_cat + benzyl_alcohol -> hydrogenated_cat + benzaldehyde,True,True,"[""data/targeted_rescue/thermochemistry/Mn_bipyridine_pnnoh_Ph__active/result.json"", ""data/reference_thermochemistry/benzyl_alcohol/stationarity/result.json""]","[""data/targeted_rescue/thermochemistry/Mn_bipyridine_pnnoh_Ph__hydrogenated/result.json"", ""data/reference_thermochemistry/benzaldehyde/stationarity/result.json""]","[""42402724770b016586bccffebc9747d6db6552339500dd61f81ab5cc0ea40975"", ""f4897da33f477e49dfa225e23571ab1376182c83d5412b994134a99a99cc75c0""]","[""037be0241665ae81de0f53a5829e3568d2f990406b7db75562f7e2624d1e9408"", ""e7292b48e5f27218094b119118595a7fc0b25d93db34b114bb0582e7ad8b60b9""]",Reaction thermodynamics of separate 1M molecular species; no kinetic barrier or TOF
Mn_bipyridine_pnnoh_Ph,alcohol_dehydrogenation,440.0,-15.059484987894393,active_cat + benzyl_alcohol -> hydrogenated_cat + benzaldehyde,True,True,"[""data/targeted_rescue/thermochemistry/Mn_bipyridine_pnnoh_Ph__active/result.json"", ""data/reference_thermochemistry/benzyl_alcohol/stationarity/result.json""]","[""data/targeted_rescue/thermochemistry/Mn_bipyridine_pnnoh_Ph__hydrogenated/result.json"", ""data/reference_thermochemistry/benzaldehyde/stationarity/result.json""]","[""42402724770b016586bccffebc9747d6db6552339500dd61f81ab5cc0ea40975"", ""f4897da33f477e49dfa225e23571ab1376182c83d5412b994134a99a99cc75c0""]","[""037be0241665ae81de0f53a5829e3568d2f990406b7db75562f7e2624d1e9408"", ""e7292b48e5f27218094b119118595a7fc0b25d93db34b114bb0582e7ad8b60b9""]",Reaction thermodynamics of separate 1M molecular species; no kinetic barrier or TOF
Mn_bipyridine_pnnoh_Ph,separated_ion_deprotonation,298.15,-71.06409002135115,protonated_cat(+) + tert_butoxide(-) -> active_cat + tert_butanol,True,True,"[""data/targeted_rescue/thermochemistry/Mn_bipyridine_pnnoh_Ph__protonated_reference/result.json"", ""data/reference_thermochemistry/tert_butoxide_anion/stationarity/result.json""]","[""data/targeted_rescue/thermochemistry/Mn_bipyridine_pnnoh_Ph__active/result.json"", ""data/reference_thermochemistry/tert_butanol/stationarity/result.json""]","[""ed8e32b37656ed4f719c5cb3abc33427ffc8c2db6dab8823ddb1be3bf9193e52"", ""d212e4231d6b932ee1d5bcd7336d05f49a5bd740e5762fb2e2806c3cb8018b82""]","[""42402724770b016586bccffebc9747d6db6552339500dd61f81ab5cc0ea40975"", ""528ce6cef516220b49746927b16e66a325ccc5797a749a09e16cf5dfe6b1bd99""]",Separated-ion reference only; does not establish dissolved tBuOK salt speciation or ion pairing
Mn_bipyridine_pnnoh_Ph,separated_ion_deprotonation,340.0,-71.03671137383026,protonated_cat(+) + tert_butoxide(-) -> active_cat + tert_butanol,True,True,"[""data/targeted_rescue/thermochemistry/Mn_bipyridine_pnnoh_Ph__protonated_reference/result.json"", ""data/reference_thermochemistry/tert_butoxide_anion/stationarity/result.json""]","[""data/targeted_rescue/thermochemistry/Mn_bipyridine_pnnoh_Ph__active/result.json"", ""data/reference_thermochemistry/tert_butanol/stationarity/result.json""]","[""ed8e32b37656ed4f719c5cb3abc33427ffc8c2db6dab8823ddb1be3bf9193e52"", ""d212e4231d6b932ee1d5bcd7336d05f49a5bd740e5762fb2e2806c3cb8018b82""]","[""42402724770b016586bccffebc9747d6db6552339500dd61f81ab5cc0ea40975"", ""528ce6cef516220b49746927b16e66a325ccc5797a749a09e16cf5dfe6b1bd99""]",Separated-ion reference only; does not establish dissolved tBuOK salt speciation or ion pairing
Mn_bipyridine_pnnoh_Ph,separated_ion_deprotonation,350.0,-71.02938159184487,protonated_cat(+) + tert_butoxide(-) -> active_cat + tert_butanol,True,True,"[""data/targeted_rescue/thermochemistry/Mn_bipyridine_pnnoh_Ph__protonated_reference/result.json"", ""data/reference_thermochemistry/tert_butoxide_anion/stationarity/result.json""]","[""data/targeted_rescue/thermochemistry/Mn_bipyridine_pnnoh_Ph__active/result.json"", ""data/reference_thermochemistry/tert_butanol/stationarity/result.json""]","[""ed8e32b37656ed4f719c5cb3abc33427ffc8c2db6dab8823ddb1be3bf9193e52"", ""d212e4231d6b932ee1d5bcd7336d05f49a5bd740e5762fb2e2806c3cb8018b82""]","[""42402724770b016586bccffebc9747d6db6552339500dd61f81ab5cc0ea40975"", ""528ce6cef516220b49746927b16e66a325ccc5797a749a09e16cf5dfe6b1bd99""]",Separated-ion reference only; does not establish dissolved tBuOK salt speciation or ion pairing
Mn_bipyridine_pnnoh_Ph,separated_ion_deprotonation,360.0,-71.02175636041648,protonated_cat(+) + tert_butoxide(-) -> active_cat + tert_butanol,True,True,"[""data/targeted_rescue/thermochemistry/Mn_bipyridine_pnnoh_Ph__protonated_reference/result.json"", ""data/reference_thermochemistry/tert_butoxide_anion/stationarity/result.json""]","[""data/targeted_rescue/thermochemistry/Mn_bipyridine_pnnoh_Ph__active/result.json"", ""data/reference_thermochemistry/tert_butanol/stationarity/result.json""]","[""ed8e32b37656ed4f719c5cb3abc33427ffc8c2db6dab8823ddb1be3bf9193e52"", ""d212e4231d6b932ee1d5bcd7336d05f49a5bd740e5762fb2e2806c3cb8018b82""]","[""42402724770b016586bccffebc9747d6db6552339500dd61f81ab5cc0ea40975"", ""528ce6cef516220b49746927b16e66a325ccc5797a749a09e16cf5dfe6b1bd99""]",Separated-ion reference only; does not establish dissolved tBuOK salt speciation or ion pairing
Mn_bipyridine_pnnoh_Ph,separated_ion_deprotonation,370.0,-71.01384090928514,protonated_cat(+) + tert_butoxide(-) -> active_cat + tert_butanol,True,True,"[""data/targeted_rescue/thermochemistry/Mn_bipyridine_pnnoh_Ph__protonated_reference/result.json"", ""data/reference_thermochemistry/tert_butoxide_anion/stationarity/result.json""]","[""data/targeted_rescue/thermochemistry/Mn_bipyridine_pnnoh_Ph__active/result.json"", ""data/reference_thermochemistry/tert_butanol/stationarity/result.json""]","[""ed8e32b37656ed4f719c5cb3abc33427ffc8c2db6dab8823ddb1be3bf9193e52"", ""d212e4231d6b932ee1d5bcd7336d05f49a5bd740e5762fb2e2806c3cb8018b82""]","[""42402724770b016586bccffebc9747d6db6552339500dd61f81ab5cc0ea40975"", ""528ce6cef516220b49746927b16e66a325ccc5797a749a09e16cf5dfe6b1bd99""]",Separated-ion reference only; does not establish dissolved tBuOK salt speciation or ion pairing
Mn_bipyridine_pnnoh_Ph,separated_ion_deprotonation,380.0,-71.00564094483525,protonated_cat(+) + tert_butoxide(-) -> active_cat + tert_butanol,True,True,"[""data/targeted_rescue/thermochemistry/Mn_bipyridine_pnnoh_Ph__protonated_reference/result.json"", ""data/reference_thermochemistry/tert_butoxide_anion/stationarity/result.json""]","[""data/targeted_rescue/thermochemistry/Mn_bipyridine_pnnoh_Ph__active/result.json"", ""data/reference_thermochemistry/tert_butanol/stationarity/result.json""]","[""ed8e32b37656ed4f719c5cb3abc33427ffc8c2db6dab8823ddb1be3bf9193e52"", ""d212e4231d6b932ee1d5bcd7336d05f49a5bd740e5762fb2e2806c3cb8018b82""]","[""42402724770b016586bccffebc9747d6db6552339500dd61f81ab5cc0ea40975"", ""528ce6cef516220b49746927b16e66a325ccc5797a749a09e16cf5dfe6b1bd99""]",Separated-ion reference only; does not establish dissolved tBuOK salt speciation or ion pairing
Mn_bipyridine_pnnoh_Ph,separated_ion_deprotonation,383.15,-71.00299999437993,protonated_cat(+) + tert_butoxide(-) -> active_cat + tert_butanol,True,True,"[""data/targeted_rescue/thermochemistry/Mn_bipyridine_pnnoh_Ph__protonated_reference/result.json"", ""data/reference_thermochemistry/tert_butoxide_anion/stationarity/result.json""]","[""data/targeted_rescue/thermochemistry/Mn_bipyridine_pnnoh_Ph__active/result.json"", ""data/reference_thermochemistry/tert_butanol/stationarity/result.json""]","[""ed8e32b37656ed4f719c5cb3abc33427ffc8c2db6dab8823ddb1be3bf9193e52"", ""d212e4231d6b932ee1d5bcd7336d05f49a5bd740e5762fb2e2806c3cb8018b82""]","[""42402724770b016586bccffebc9747d6db6552339500dd61f81ab5cc0ea40975"", ""528ce6cef516220b49746927b16e66a325ccc5797a749a09e16cf5dfe6b1bd99""]",Separated-ion reference only; does not establish dissolved tBuOK salt speciation or ion pairing
Mn_bipyridine_pnnoh_Ph,separated_ion_deprotonation,390.0,-70.99716255907879,protonated_cat(+) + tert_butoxide(-) -> active_cat + tert_butanol,True,True,"[""data/targeted_rescue/thermochemistry/Mn_bipyridine_pnnoh_Ph__protonated_reference/result.json"", ""data/reference_thermochemistry/tert_butoxide_anion/stationarity/result.json""]","[""data/targeted_rescue/thermochemistry/Mn_bipyridine_pnnoh_Ph__active/result.json"", ""data/reference_thermochemistry/tert_butanol/stationarity/result.json""]","[""ed8e32b37656ed4f719c5cb3abc33427ffc8c2db6dab8823ddb1be3bf9193e52"", ""d212e4231d6b932ee1d5bcd7336d05f49a5bd740e5762fb2e2806c3cb8018b82""]","[""42402724770b016586bccffebc9747d6db6552339500dd61f81ab5cc0ea40975"", ""528ce6cef516220b49746927b16e66a325ccc5797a749a09e16cf5dfe6b1bd99""]",Separated-ion reference only; does not establish dissolved tBuOK salt speciation or ion pairing
Mn_bipyridine_pnnoh_Ph,separated_ion_deprotonation,400.0,-70.98841214727872,protonated_cat(+) + tert_butoxide(-) -> active_cat + tert_butanol,True,True,"[""data/targeted_rescue/thermochemistry/Mn_bipyridine_pnnoh_Ph__protonated_reference/result.json"", ""data/reference_thermochemistry/tert_butoxide_anion/stationarity/result.json""]","[""data/targeted_rescue/thermochemistry/Mn_bipyridine_pnnoh_Ph__active/result.json"", ""data/reference_thermochemistry/tert_butanol/stationarity/result.json""]","[""ed8e32b37656ed4f719c5cb3abc33427ffc8c2db6dab8823ddb1be3bf9193e52"", ""d212e4231d6b932ee1d5bcd7336d05f49a5bd740e5762fb2e2806c3cb8018b82""]","[""42402724770b016586bccffebc9747d6db6552339500dd61f81ab5cc0ea40975"", ""528ce6cef516220b49746927b16e66a325ccc5797a749a09e16cf5dfe6b1bd99""]",Separated-ion reference only; does not establish dissolved tBuOK salt speciation or ion pairing
Mn_bipyridine_pnnoh_Ph,separated_ion_deprotonation,410.0,-70.97939633423994,protonated_cat(+) + tert_butoxide(-) -> active_cat + tert_butanol,True,True,"[""data/targeted_rescue/thermochemistry/Mn_bipyridine_pnnoh_Ph__protonated_reference/result.json"", ""data/reference_thermochemistry/tert_butoxide_anion/stationarity/result.json""]","[""data/targeted_rescue/thermochemistry/Mn_bipyridine_pnnoh_Ph__active/result.json"", ""data/reference_thermochemistry/tert_butanol/stationarity/result.json""]","[""ed8e32b37656ed4f719c5cb3abc33427ffc8c2db6dab8823ddb1be3bf9193e52"", ""d212e4231d6b932ee1d5bcd7336d05f49a5bd740e5762fb2e2806c3cb8018b82""]","[""42402724770b016586bccffebc9747d6db6552339500dd61f81ab5cc0ea40975"", ""528ce6cef516220b49746927b16e66a325ccc5797a749a09e16cf5dfe6b1bd99""]",Separated-ion reference only; does not establish dissolved tBuOK salt speciation or ion pairing
Mn_bipyridine_pnnoh_Ph,separated_ion_deprotonation,420.0,-70.97012190846363,protonated_cat(+) + tert_butoxide(-) -> active_cat + tert_butanol,True,True,"[""data/targeted_rescue/thermochemistry/Mn_bipyridine_pnnoh_Ph__protonated_reference/result.json"", ""data/reference_thermochemistry/tert_butoxide_anion/stationarity/result.json""]","[""data/targeted_rescue/thermochemistry/Mn_bipyridine_pnnoh_Ph__active/result.json"", ""data/reference_thermochemistry/tert_butanol/stationarity/result.json""]","[""ed8e32b37656ed4f719c5cb3abc33427ffc8c2db6dab8823ddb1be3bf9193e52"", ""d212e4231d6b932ee1d5bcd7336d05f49a5bd740e5762fb2e2806c3cb8018b82""]","[""42402724770b016586bccffebc9747d6db6552339500dd61f81ab5cc0ea40975"", ""528ce6cef516220b49746927b16e66a325ccc5797a749a09e16cf5dfe6b1bd99""]",Separated-ion reference only; does not establish dissolved tBuOK salt speciation or ion pairing
Mn_bipyridine_pnnoh_Ph,separated_ion_deprotonation,430.0,-70.96059576421067,protonated_cat(+) + tert_butoxide(-) -> active_cat + tert_butanol,True,True,"[""data/targeted_rescue/thermochemistry/Mn_bipyridine_pnnoh_Ph__protonated_reference/result.json"", ""data/reference_thermochemistry/tert_butoxide_anion/stationarity/result.json""]","[""data/targeted_rescue/thermochemistry/Mn_bipyridine_pnnoh_Ph__active/result.json"", ""data/reference_thermochemistry/tert_butanol/stationarity/result.json""]","[""ed8e32b37656ed4f719c5cb3abc33427ffc8c2db6dab8823ddb1be3bf9193e52"", ""d212e4231d6b932ee1d5bcd7336d05f49a5bd740e5762fb2e2806c3cb8018b82""]","[""42402724770b016586bccffebc9747d6db6552339500dd61f81ab5cc0ea40975"", ""528ce6cef516220b49746927b16e66a325ccc5797a749a09e16cf5dfe6b1bd99""]",Separated-ion reference only; does not establish dissolved tBuOK salt speciation or ion pairing
Mn_bipyridine_pnnoh_Ph,separated_ion_deprotonation,440.0,-70.95082485075909,protonated_cat(+) + tert_butoxide(-) -> active_cat + tert_butanol,True,True,"[""data/targeted_rescue/thermochemistry/Mn_bipyridine_pnnoh_Ph__protonated_reference/result.json"", ""data/reference_thermochemistry/tert_butoxide_anion/stationarity/result.json""]","[""data/targeted_rescue/thermochemistry/Mn_bipyridine_pnnoh_Ph__active/result.json"", ""data/reference_thermochemistry/tert_butanol/stationarity/result.json""]","[""ed8e32b37656ed4f719c5cb3abc33427ffc8c2db6dab8823ddb1be3bf9193e52"", ""d212e4231d6b932ee1d5bcd7336d05f49a5bd740e5762fb2e2806c3cb8018b82""]","[""42402724770b016586bccffebc9747d6db6552339500dd61f81ab5cc0ea40975"", ""528ce6cef516220b49746927b16e66a325ccc5797a749a09e16cf5dfe6b1bd99""]",Separated-ion reference only; does not establish dissolved tBuOK salt speciation or ion pairing
Mn_bipyridine_pnnoh_Ph,imine_hydrogenation,298.15,12.873137205246167,hydrogenated_cat + imine -> active_cat + product_amine,True,True,"[""data/targeted_rescue/thermochemistry/Mn_bipyridine_pnnoh_Ph__hydrogenated/result.json"", ""data/reference_thermochemistry/imine/stationarity/result.json""]","[""data/targeted_rescue/thermochemistry/Mn_bipyridine_pnnoh_Ph__active/result.json"", ""data/reference_thermochemistry/product_amine/stationarity/result.json""]","[""037be0241665ae81de0f53a5829e3568d2f990406b7db75562f7e2624d1e9408"", ""320207d7a21680926414b387b1b8cd3adcb066bb7fc19106fe58731629d2bffb""]","[""42402724770b016586bccffebc9747d6db6552339500dd61f81ab5cc0ea40975"", ""1310231bc0e8cfa7827d24c6e16bb1ae55f4c47ed9c416194f0e2ec8627a6231""]",Reaction thermodynamics of separate 1M molecular species; no kinetic barrier or TOF
Mn_bipyridine_pnnoh_Ph,imine_hydrogenation,340.0,12.874713285960752,hydrogenated_cat + imine -> active_cat + product_amine,True,True,"[""data/targeted_rescue/thermochemistry/Mn_bipyridine_pnnoh_Ph__hydrogenated/result.json"", ""data/reference_thermochemistry/imine/stationarity/result.json""]","[""data/targeted_rescue/thermochemistry/Mn_bipyridine_pnnoh_Ph__active/result.json"", ""data/reference_thermochemistry/product_amine/stationarity/result.json""]","[""037be0241665ae81de0f53a5829e3568d2f990406b7db75562f7e2624d1e9408"", ""320207d7a21680926414b387b1b8cd3adcb066bb7fc19106fe58731629d2bffb""]","[""42402724770b016586bccffebc9747d6db6552339500dd61f81ab5cc0ea40975"", ""1310231bc0e8cfa7827d24c6e16bb1ae55f4c47ed9c416194f0e2ec8627a6231""]",Reaction thermodynamics of separate 1M molecular species; no kinetic barrier or TOF
Mn_bipyridine_pnnoh_Ph,imine_hydrogenation,350.0,12.87547839537001,hydrogenated_cat + imine -> active_cat + product_amine,True,True,"[""data/targeted_rescue/thermochemistry/Mn_bipyridine_pnnoh_Ph__hydrogenated/result.json"", ""data/reference_thermochemistry/imine/stationarity/result.json""]","[""data/targeted_rescue/thermochemistry/Mn_bipyridine_pnnoh_Ph__active/result.json"", ""data/reference_thermochemistry/product_amine/stationarity/result.json""]","[""037be0241665ae81de0f53a5829e3568d2f990406b7db75562f7e2624d1e9408"", ""320207d7a21680926414b387b1b8cd3adcb066bb7fc19106fe58731629d2bffb""]","[""42402724770b016586bccffebc9747d6db6552339500dd61f81ab5cc0ea40975"", ""1310231bc0e8cfa7827d24c6e16bb1ae55f4c47ed9c416194f0e2ec8627a6231""]",Reaction thermodynamics of separate 1M molecular species; no kinetic barrier or TOF
Mn_bipyridine_pnnoh_Ph,imine_hydrogenation,360.0,12.876415548795194,hydrogenated_cat + imine -> active_cat + product_amine,True,True,"[""data/targeted_rescue/thermochemistry/Mn_bipyridine_pnnoh_Ph__hydrogenated/result.json"", ""data/reference_thermochemistry/imine/stationarity/result.json""]","[""data/targeted_rescue/thermochemistry/Mn_bipyridine_pnnoh_Ph__active/result.json"", ""data/reference_thermochemistry/product_amine/stationarity/result.json""]","[""037be0241665ae81de0f53a5829e3568d2f990406b7db75562f7e2624d1e9408"", ""320207d7a21680926414b387b1b8cd3adcb066bb7fc19106fe58731629d2bffb""]","[""42402724770b016586bccffebc9747d6db6552339500dd61f81ab5cc0ea40975"", ""1310231bc0e8cfa7827d24c6e16bb1ae55f4c47ed9c416194f0e2ec8627a6231""]",Reaction thermodynamics of separate 1M molecular species; no kinetic barrier or TOF
Mn_bipyridine_pnnoh_Ph,imine_hydrogenation,370.0,12.877533289774874,hydrogenated_cat + imine -> active_cat + product_amine,True,True,"[""data/targeted_rescue/thermochemistry/Mn_bipyridine_pnnoh_Ph__hydrogenated/result.json"", ""data/reference_thermochemistry/imine/stationarity/result.json""]","[""data/targeted_rescue/thermochemistry/Mn_bipyridine_pnnoh_Ph__active/result.json"", ""data/reference_thermochemistry/product_amine/stationarity/result.json""]","[""037be0241665ae81de0f53a5829e3568d2f990406b7db75562f7e2624d1e9408"", ""320207d7a21680926414b387b1b8cd3adcb066bb7fc19106fe58731629d2bffb""]","[""42402724770b016586bccffebc9747d6db6552339500dd61f81ab5cc0ea40975"", ""1310231bc0e8cfa7827d24c6e16bb1ae55f4c47ed9c416194f0e2ec8627a6231""]",Reaction thermodynamics of separate 1M molecular species; no kinetic barrier or TOF
Mn_bipyridine_pnnoh_Ph,imine_hydrogenation,380.0,12.878839056862489,hydrogenated_cat + imine -> active_cat + product_amine,True,True,"[""data/targeted_rescue/thermochemistry/Mn_bipyridine_pnnoh_Ph__hydrogenated/result.json"", ""data/reference_thermochemistry/imine/stationarity/result.json""]","[""data/targeted_rescue/thermochemistry/Mn_bipyridine_pnnoh_Ph__active/result.json"", ""data/reference_thermochemistry/product_amine/stationarity/result.json""]","[""037be0241665ae81de0f53a5829e3568d2f990406b7db75562f7e2624d1e9408"", ""320207d7a21680926414b387b1b8cd3adcb066bb7fc19106fe58731629d2bffb""]","[""42402724770b016586bccffebc9747d6db6552339500dd61f81ab5cc0ea40975"", ""1310231bc0e8cfa7827d24c6e16bb1ae55f4c47ed9c416194f0e2ec8627a6231""]",Reaction thermodynamics of separate 1M molecular species; no kinetic barrier or TOF
Mn_bipyridine_pnnoh_Ph,imine_hydrogenation,383.15,12.879290367891372,hydrogenated_cat + imine -> active_cat + product_amine,True,True,"[""data/targeted_rescue/thermochemistry/Mn_bipyridine_pnnoh_Ph__hydrogenated/result.json"", ""data/reference_thermochemistry/imine/stationarity/result.json""]","[""data/targeted_rescue/thermochemistry/Mn_bipyridine_pnnoh_Ph__active/result.json"", ""data/reference_thermochemistry/product_amine/stationarity/result.json""]","[""037be0241665ae81de0f53a5829e3568d2f990406b7db75562f7e2624d1e9408"", ""320207d7a21680926414b387b1b8cd3adcb066bb7fc19106fe58731629d2bffb""]","[""42402724770b016586bccffebc9747d6db6552339500dd61f81ab5cc0ea40975"", ""1310231bc0e8cfa7827d24c6e16bb1ae55f4c47ed9c416194f0e2ec8627a6231""]",Reaction thermodynamics of separate 1M molecular species; no kinetic barrier or TOF
Mn_bipyridine_pnnoh_Ph,imine_hydrogenation,390.0,12.880339265491784,hydrogenated_cat + imine -> active_cat + product_amine,True,True,"[""data/targeted_rescue/thermochemistry/Mn_bipyridine_pnnoh_Ph__hydrogenated/result.json"", ""data/reference_thermochemistry/imine/stationarity/result.json""]","[""data/targeted_rescue/thermochemistry/Mn_bipyridine_pnnoh_Ph__active/result.json"", ""data/reference_thermochemistry/product_amine/stationarity/result.json""]","[""037be0241665ae81de0f53a5829e3568d2f990406b7db75562f7e2624d1e9408"", ""320207d7a21680926414b387b1b8cd3adcb066bb7fc19106fe58731629d2bffb""]","[""42402724770b016586bccffebc9747d6db6552339500dd61f81ab5cc0ea40975"", ""1310231bc0e8cfa7827d24c6e16bb1ae55f4c47ed9c416194f0e2ec8627a6231""]",Reaction thermodynamics of separate 1M molecular species; no kinetic barrier or TOF
Mn_bipyridine_pnnoh_Ph,imine_hydrogenation,400.0,12.882039389012789,hydrogenated_cat + imine -> active_cat + product_amine,True,True,"[""data/targeted_rescue/thermochemistry/Mn_bipyridine_pnnoh_Ph__hydrogenated/result.json"", ""data/reference_thermochemistry/imine/stationarity/result.json""]","[""data/targeted_rescue/thermochemistry/Mn_bipyridine_pnnoh_Ph__active/result.json"", ""data/reference_thermochemistry/product_amine/stationarity/result.json""]","[""037be0241665ae81de0f53a5829e3568d2f990406b7db75562f7e2624d1e9408"", ""320207d7a21680926414b387b1b8cd3adcb066bb7fc19106fe58731629d2bffb""]","[""42402724770b016586bccffebc9747d6db6552339500dd61f81ab5cc0ea40975"", ""1310231bc0e8cfa7827d24c6e16bb1ae55f4c47ed9c416194f0e2ec8627a6231""]",Reaction thermodynamics of separate 1M molecular species; no kinetic barrier or TOF
Mn_bipyridine_pnnoh_Ph,imine_hydrogenation,410.0,12.883944036660978,hydrogenated_cat + imine -> active_cat + product_amine,True,True,"[""data/targeted_rescue/thermochemistry/Mn_bipyridine_pnnoh_Ph__hydrogenated/result.json"", ""data/reference_thermochemistry/imine/stationarity/result.json""]","[""data/targeted_rescue/thermochemistry/Mn_bipyridine_pnnoh_Ph__active/result.json"", ""data/reference_thermochemistry/product_amine/stationarity/result.json""]","[""037be0241665ae81de0f53a5829e3568d2f990406b7db75562f7e2624d1e9408"", ""320207d7a21680926414b387b1b8cd3adcb066bb7fc19106fe58731629d2bffb""]","[""42402724770b016586bccffebc9747d6db6552339500dd61f81ab5cc0ea40975"", ""1310231bc0e8cfa7827d24c6e16bb1ae55f4c47ed9c416194f0e2ec8627a6231""]",Reaction thermodynamics of separate 1M molecular species; no kinetic barrier or TOF
Mn_bipyridine_pnnoh_Ph,imine_hydrogenation,420.0,12.886057028325013,hydrogenated_cat + imine -> active_cat + product_amine,True,True,"[""data/targeted_rescue/thermochemistry/Mn_bipyridine_pnnoh_Ph__hydrogenated/result.json"", ""data/reference_thermochemistry/imine/stationarity/result.json""]","[""data/targeted_rescue/thermochemistry/Mn_bipyridine_pnnoh_Ph__active/result.json"", ""data/reference_thermochemistry/product_amine/stationarity/result.json""]","[""037be0241665ae81de0f53a5829e3568d2f990406b7db75562f7e2624d1e9408"", ""320207d7a21680926414b387b1b8cd3adcb066bb7fc19106fe58731629d2bffb""]","[""42402724770b016586bccffebc9747d6db6552339500dd61f81ab5cc0ea40975"", ""1310231bc0e8cfa7827d24c6e16bb1ae55f4c47ed9c416194f0e2ec8627a6231""]",Reaction thermodynamics of separate 1M molecular species; no kinetic barrier or TOF
Mn_bipyridine_pnnoh_Ph,imine_hydrogenation,430.0,12.88838146494163,hydrogenated_cat + imine -> active_cat + product_amine,True,True,"[""data/targeted_rescue/thermochemistry/Mn_bipyridine_pnnoh_Ph__hydrogenated/result.json"", ""data/reference_thermochemistry/imine/stationarity/result.json""]","[""data/targeted_rescue/thermochemistry/Mn_bipyridine_pnnoh_Ph__active/result.json"", ""data/reference_thermochemistry/product_amine/stationarity/result.json""]","[""037be0241665ae81de0f53a5829e3568d2f990406b7db75562f7e2624d1e9408"", ""320207d7a21680926414b387b1b8cd3adcb066bb7fc19106fe58731629d2bffb""]","[""42402724770b016586bccffebc9747d6db6552339500dd61f81ab5cc0ea40975"", ""1310231bc0e8cfa7827d24c6e16bb1ae55f4c47ed9c416194f0e2ec8627a6231""]",Reaction thermodynamics of separate 1M molecular species; no kinetic barrier or TOF
Mn_bipyridine_pnnoh_Ph,imine_hydrogenation,440.0,12.890919794415822,hydrogenated_cat + imine -> active_cat + product_amine,True,True,"[""data/targeted_rescue/thermochemistry/Mn_bipyridine_pnnoh_Ph__hydrogenated/result.json"", ""data/reference_thermochemistry/imine/stationarity/result.json""]","[""data/targeted_rescue/thermochemistry/Mn_bipyridine_pnnoh_Ph__active/result.json"", ""data/reference_thermochemistry/product_amine/stationarity/result.json""]","[""037be0241665ae81de0f53a5829e3568d2f990406b7db75562f7e2624d1e9408"", ""320207d7a21680926414b387b1b8cd3adcb066bb7fc19106fe58731629d2bffb""]","[""42402724770b016586bccffebc9747d6db6552339500dd61f81ab5cc0ea40975"", ""1310231bc0e8cfa7827d24c6e16bb1ae55f4c47ed9c416194f0e2ec8627a6231""]",Reaction thermodynamics of separate 1M molecular species; no kinetic barrier or TOF
Mn_bipyridine_pnnoh_iPr,alcohol_dehydrogenation,298.15,-14.018774652869979,active_cat + benzyl_alcohol -> hydrogenated_cat + benzaldehyde,True,True,"[""data/campaign/thermochemistry/Mn_bipyridine_pnnoh_iPr__active/result.json"", ""data/reference_thermochemistry/benzyl_alcohol/stationarity/result.json""]","[""data/campaign/thermochemistry/Mn_bipyridine_pnnoh_iPr__hydrogenated/result.json"", ""data/reference_thermochemistry/benzaldehyde/stationarity/result.json""]","[""cc5aa3b881737dc1808eeebafdd7a650a57b30f216ee56eb8cd03d22c19999a9"", ""f4897da33f477e49dfa225e23571ab1376182c83d5412b994134a99a99cc75c0""]","[""507fa2dd8efd96a1537ae40f832d4e9dfc7ee3b2fcae02308725c798b2aeca06"", ""e7292b48e5f27218094b119118595a7fc0b25d93db34b114bb0582e7ad8b60b9""]",Reaction thermodynamics of separate 1M molecular species; no kinetic barrier or TOF
Mn_bipyridine_pnnoh_iPr,alcohol_dehydrogenation,340.0,-13.94587675816365,active_cat + benzyl_alcohol -> hydrogenated_cat + benzaldehyde,True,True,"[""data/campaign/thermochemistry/Mn_bipyridine_pnnoh_iPr__active/result.json"", ""data/reference_thermochemistry/benzyl_alcohol/stationarity/result.json""]","[""data/campaign/thermochemistry/Mn_bipyridine_pnnoh_iPr__hydrogenated/result.json"", ""data/reference_thermochemistry/benzaldehyde/stationarity/result.json""]","[""cc5aa3b881737dc1808eeebafdd7a650a57b30f216ee56eb8cd03d22c19999a9"", ""f4897da33f477e49dfa225e23571ab1376182c83d5412b994134a99a99cc75c0""]","[""507fa2dd8efd96a1537ae40f832d4e9dfc7ee3b2fcae02308725c798b2aeca06"", ""e7292b48e5f27218094b119118595a7fc0b25d93db34b114bb0582e7ad8b60b9""]",Reaction thermodynamics of separate 1M molecular species; no kinetic barrier or TOF
Mn_bipyridine_pnnoh_iPr,alcohol_dehydrogenation,350.0,-13.928912060659059,active_cat + benzyl_alcohol -> hydrogenated_cat + benzaldehyde,True,True,"[""data/campaign/thermochemistry/Mn_bipyridine_pnnoh_iPr__active/result.json"", ""data/reference_thermochemistry/benzyl_alcohol/stationarity/result.json""]","[""data/campaign/thermochemistry/Mn_bipyridine_pnnoh_iPr__hydrogenated/result.json"", ""data/reference_thermochemistry/benzaldehyde/stationarity/result.json""]","[""cc5aa3b881737dc1808eeebafdd7a650a57b30f216ee56eb8cd03d22c19999a9"", ""f4897da33f477e49dfa225e23571ab1376182c83d5412b994134a99a99cc75c0""]","[""507fa2dd8efd96a1537ae40f832d4e9dfc7ee3b2fcae02308725c798b2aeca06"", ""e7292b48e5f27218094b119118595a7fc0b25d93db34b114bb0582e7ad8b60b9""]",Reaction thermodynamics of separate 1M molecular species; no kinetic barrier or TOF
Mn_bipyridine_pnnoh_iPr,alcohol_dehydrogenation,360.0,-13.912140895366974,active_cat + benzyl_alcohol -> hydrogenated_cat + benzaldehyde,True,True,"[""data/campaign/thermochemistry/Mn_bipyridine_pnnoh_iPr__active/result.json"", ""data/reference_thermochemistry/benzyl_alcohol/stationarity/result.json""]","[""data/campaign/thermochemistry/Mn_bipyridine_pnnoh_iPr__hydrogenated/result.json"", ""data/reference_thermochemistry/benzaldehyde/stationarity/result.json""]","[""cc5aa3b881737dc1808eeebafdd7a650a57b30f216ee56eb8cd03d22c19999a9"", ""f4897da33f477e49dfa225e23571ab1376182c83d5412b994134a99a99cc75c0""]","[""507fa2dd8efd96a1537ae40f832d4e9dfc7ee3b2fcae02308725c798b2aeca06"", ""e7292b48e5f27218094b119118595a7fc0b25d93db34b114bb0582e7ad8b60b9""]",Reaction thermodynamics of separate 1M molecular species; no kinetic barrier or TOF
Mn_bipyridine_pnnoh_iPr,alcohol_dehydrogenation,370.0,-13.895569995454935,active_cat + benzyl_alcohol -> hydrogenated_cat + benzaldehyde,True,True,"[""data/campaign/thermochemistry/Mn_bipyridine_pnnoh_iPr__active/result.json"", ""data/reference_thermochemistry/benzyl_alcohol/stationarity/result.json""]","[""data/campaign/thermochemistry/Mn_bipyridine_pnnoh_iPr__hydrogenated/result.json"", ""data/reference_thermochemistry/benzaldehyde/stationarity/result.json""]","[""cc5aa3b881737dc1808eeebafdd7a650a57b30f216ee56eb8cd03d22c19999a9"", ""f4897da33f477e49dfa225e23571ab1376182c83d5412b994134a99a99cc75c0""]","[""507fa2dd8efd96a1537ae40f832d4e9dfc7ee3b2fcae02308725c798b2aeca06"", ""e7292b48e5f27218094b119118595a7fc0b25d93db34b114bb0582e7ad8b60b9""]",Reaction thermodynamics of separate 1M molecular species; no kinetic barrier or TOF
Mn_bipyridine_pnnoh_iPr,alcohol_dehydrogenation,380.0,-13.879205091883705,active_cat + benzyl_alcohol -> hydrogenated_cat + benzaldehyde,True,True,"[""data/campaign/thermochemistry/Mn_bipyridine_pnnoh_iPr__active/result.json"", ""data/reference_thermochemistry/benzyl_alcohol/stationarity/result.json""]","[""data/campaign/thermochemistry/Mn_bipyridine_pnnoh_iPr__hydrogenated/result.json"", ""data/reference_thermochemistry/benzaldehyde/stationarity/result.json""]","[""cc5aa3b881737dc1808eeebafdd7a650a57b30f216ee56eb8cd03d22c19999a9"", ""f4897da33f477e49dfa225e23571ab1376182c83d5412b994134a99a99cc75c0""]","[""507fa2dd8efd96a1537ae40f832d4e9dfc7ee3b2fcae02308725c798b2aeca06"", ""e7292b48e5f27218094b119118595a7fc0b25d93db34b114bb0582e7ad8b60b9""]",Reaction thermodynamics of separate 1M molecular species; no kinetic barrier or TOF
Mn_bipyridine_pnnoh_iPr,alcohol_dehydrogenation,383.15,-13.87409360739548,active_cat + benzyl_alcohol -> hydrogenated_cat + benzaldehyde,True,True,"[""data/campaign/thermochemistry/Mn_bipyridine_pnnoh_iPr__active/result.json"", ""data/reference_thermochemistry/benzyl_alcohol/stationarity/result.json""]","[""data/campaign/thermochemistry/Mn_bipyridine_pnnoh_iPr__hydrogenated/result.json"", ""data/reference_thermochemistry/benzaldehyde/stationarity/result.json""]","[""cc5aa3b881737dc1808eeebafdd7a650a57b30f216ee56eb8cd03d22c19999a9"", ""f4897da33f477e49dfa225e23571ab1376182c83d5412b994134a99a99cc75c0""]","[""507fa2dd8efd96a1537ae40f832d4e9dfc7ee3b2fcae02308725c798b2aeca06"", ""e7292b48e5f27218094b119118595a7fc0b25d93db34b114bb0582e7ad8b60b9""]",Reaction thermodynamics of separate 1M molecular species; no kinetic barrier or TOF
Mn_bipyridine_pnnoh_iPr,alcohol_dehydrogenation,390.0,-13.863051021982756,active_cat + benzyl_alcohol -> hydrogenated_cat + benzaldehyde,True,True,"[""data/campaign/thermochemistry/Mn_bipyridine_pnnoh_iPr__active/result.json"", ""data/reference_thermochemistry/benzyl_alcohol/stationarity/result.json""]","[""data/campaign/thermochemistry/Mn_bipyridine_pnnoh_iPr__hydrogenated/result.json"", ""data/reference_thermochemistry/benzaldehyde/stationarity/result.json""]","[""cc5aa3b881737dc1808eeebafdd7a650a57b30f216ee56eb8cd03d22c19999a9"", ""f4897da33f477e49dfa225e23571ab1376182c83d5412b994134a99a99cc75c0""]","[""507fa2dd8efd96a1537ae40f832d4e9dfc7ee3b2fcae02308725c798b2aeca06"", ""e7292b48e5f27218094b119118595a7fc0b25d93db34b114bb0582e7ad8b60b9""]",Reaction thermodynamics of separate 1M molecular species; no kinetic barrier or TOF
Mn_bipyridine_pnnoh_iPr,alcohol_dehydrogenation,400.0,-13.847111827815752,active_cat + benzyl_alcohol -> hydrogenated_cat + benzaldehyde,True,True,"[""data/campaign/thermochemistry/Mn_bipyridine_pnnoh_iPr__active/result.json"", ""data/reference_thermochemistry/benzyl_alcohol/stationarity/result.json""]","[""data/campaign/thermochemistry/Mn_bipyridine_pnnoh_iPr__hydrogenated/result.json"", ""data/reference_thermochemistry/benzaldehyde/stationarity/result.json""]","[""cc5aa3b881737dc1808eeebafdd7a650a57b30f216ee56eb8cd03d22c19999a9"", ""f4897da33f477e49dfa225e23571ab1376182c83d5412b994134a99a99cc75c0""]","[""507fa2dd8efd96a1537ae40f832d4e9dfc7ee3b2fcae02308725c798b2aeca06"", ""e7292b48e5f27218094b119118595a7fc0b25d93db34b114bb0582e7ad8b60b9""]",Reaction thermodynamics of separate 1M molecular species; no kinetic barrier or TOF
Mn_bipyridine_pnnoh_iPr,alcohol_dehydrogenation,410.0,-13.831390844374255,active_cat + benzyl_alcohol -> hydrogenated_cat + benzaldehyde,True,True,"[""data/campaign/thermochemistry/Mn_bipyridine_pnnoh_iPr__active/result.json"", ""data/reference_thermochemistry/benzyl_alcohol/stationarity/result.json""]","[""data/campaign/thermochemistry/Mn_bipyridine_pnnoh_iPr__hydrogenated/result.json"", ""data/reference_thermochemistry/benzaldehyde/stationarity/result.json""]","[""cc5aa3b881737dc1808eeebafdd7a650a57b30f216ee56eb8cd03d22c19999a9"", ""f4897da33f477e49dfa225e23571ab1376182c83d5412b994134a99a99cc75c0""]","[""507fa2dd8efd96a1537ae40f832d4e9dfc7ee3b2fcae02308725c798b2aeca06"", ""e7292b48e5f27218094b119118595a7fc0b25d93db34b114bb0582e7ad8b60b9""]",Reaction thermodynamics of separate 1M molecular species; no kinetic barrier or TOF
Mn_bipyridine_pnnoh_iPr,alcohol_dehydrogenation,420.0,-13.815890778603716,active_cat + benzyl_alcohol -> hydrogenated_cat + benzaldehyde,True,True,"[""data/campaign/thermochemistry/Mn_bipyridine_pnnoh_iPr__active/result.json"", ""data/reference_thermochemistry/benzyl_alcohol/stationarity/result.json""]","[""data/campaign/thermochemistry/Mn_bipyridine_pnnoh_iPr__hydrogenated/result.json"", ""data/reference_thermochemistry/benzaldehyde/stationarity/result.json""]","[""cc5aa3b881737dc1808eeebafdd7a650a57b30f216ee56eb8cd03d22c19999a9"", ""f4897da33f477e49dfa225e23571ab1376182c83d5412b994134a99a99cc75c0""]","[""507fa2dd8efd96a1537ae40f832d4e9dfc7ee3b2fcae02308725c798b2aeca06"", ""e7292b48e5f27218094b119118595a7fc0b25d93db34b114bb0582e7ad8b60b9""]",Reaction thermodynamics of separate 1M molecular species; no kinetic barrier or TOF
Mn_bipyridine_pnnoh_iPr,alcohol_dehydrogenation,430.0,-13.800613779629202,active_cat + benzyl_alcohol -> hydrogenated_cat + benzaldehyde,True,True,"[""data/campaign/thermochemistry/Mn_bipyridine_pnnoh_iPr__active/result.json"", ""data/reference_thermochemistry/benzyl_alcohol/stationarity/result.json""]","[""data/campaign/thermochemistry/Mn_bipyridine_pnnoh_iPr__hydrogenated/result.json"", ""data/reference_thermochemistry/benzaldehyde/stationarity/result.json""]","[""cc5aa3b881737dc1808eeebafdd7a650a57b30f216ee56eb8cd03d22c19999a9"", ""f4897da33f477e49dfa225e23571ab1376182c83d5412b994134a99a99cc75c0""]","[""507fa2dd8efd96a1537ae40f832d4e9dfc7ee3b2fcae02308725c798b2aeca06"", ""e7292b48e5f27218094b119118595a7fc0b25d93db34b114bb0582e7ad8b60b9""]",Reaction thermodynamics of separate 1M molecular species; no kinetic barrier or TOF
Mn_bipyridine_pnnoh_iPr,alcohol_dehydrogenation,440.0,-13.78556150114673,active_cat + benzyl_alcohol -> hydrogenated_cat + benzaldehyde,True,True,"[""data/campaign/thermochemistry/Mn_bipyridine_pnnoh_iPr__active/result.json"", ""data/reference_thermochemistry/benzyl_alcohol/stationarity/result.json""]","[""data/campaign/thermochemistry/Mn_bipyridine_pnnoh_iPr__hydrogenated/result.json"", ""data/reference_thermochemistry/benzaldehyde/stationarity/result.json""]","[""cc5aa3b881737dc1808eeebafdd7a650a57b30f216ee56eb8cd03d22c19999a9"", ""f4897da33f477e49dfa225e23571ab1376182c83d5412b994134a99a99cc75c0""]","[""507fa2dd8efd96a1537ae40f832d4e9dfc7ee3b2fcae02308725c798b2aeca06"", ""e7292b48e5f27218094b119118595a7fc0b25d93db34b114bb0582e7ad8b60b9""]",Reaction thermodynamics of separate 1M molecular species; no kinetic barrier or TOF
Mn_bipyridine_pnnoh_iPr,separated_ion_deprotonation,298.15,-69.68875875756567,protonated_cat(+) + tert_butoxide(-) -> active_cat + tert_butanol,True,True,"[""data/campaign/thermochemistry/Mn_bipyridine_pnnoh_iPr__protonated_reference/result.json"", ""data/reference_thermochemistry/tert_butoxide_anion/stationarity/result.json""]","[""data/campaign/thermochemistry/Mn_bipyridine_pnnoh_iPr__active/result.json"", ""data/reference_thermochemistry/tert_butanol/stationarity/result.json""]","[""a2654db6a310fef2276a0d5df59e7c2d0f0f11f12314e6953620f99d4a8e7344"", ""d212e4231d6b932ee1d5bcd7336d05f49a5bd740e5762fb2e2806c3cb8018b82""]","[""cc5aa3b881737dc1808eeebafdd7a650a57b30f216ee56eb8cd03d22c19999a9"", ""528ce6cef516220b49746927b16e66a325ccc5797a749a09e16cf5dfe6b1bd99""]",Separated-ion reference only; does not establish dissolved tBuOK salt speciation or ion pairing
Mn_bipyridine_pnnoh_iPr,separated_ion_deprotonation,340.0,-69.6492559656017,protonated_cat(+) + tert_butoxide(-) -> active_cat + tert_butanol,True,True,"[""data/campaign/thermochemistry/Mn_bipyridine_pnnoh_iPr__protonated_reference/result.json"", ""data/reference_thermochemistry/tert_butoxide_anion/stationarity/result.json""]","[""data/campaign/thermochemistry/Mn_bipyridine_pnnoh_iPr__active/result.json"", ""data/reference_thermochemistry/tert_butanol/stationarity/result.json""]","[""a2654db6a310fef2276a0d5df59e7c2d0f0f11f12314e6953620f99d4a8e7344"", ""d212e4231d6b932ee1d5bcd7336d05f49a5bd740e5762fb2e2806c3cb8018b82""]","[""cc5aa3b881737dc1808eeebafdd7a650a57b30f216ee56eb8cd03d22c19999a9"", ""528ce6cef516220b49746927b16e66a325ccc5797a749a09e16cf5dfe6b1bd99""]",Separated-ion reference only; does not establish dissolved tBuOK salt speciation or ion pairing
Mn_bipyridine_pnnoh_iPr,separated_ion_deprotonation,350.0,-69.63908619350332,protonated_cat(+) + tert_butoxide(-) -> active_cat + tert_butanol,True,True,"[""data/campaign/thermochemistry/Mn_bipyridine_pnnoh_iPr__protonated_reference/result.json"", ""data/reference_thermochemistry/tert_butoxide_anion/stationarity/result.json""]","[""data/campaign/thermochemistry/Mn_bipyridine_pnnoh_iPr__active/result.json"", ""data/reference_thermochemistry/tert_butanol/stationarity/result.json""]","[""a2654db6a310fef2276a0d5df59e7c2d0f0f11f12314e6953620f99d4a8e7344"", ""d212e4231d6b932ee1d5bcd7336d05f49a5bd740e5762fb2e2806c3cb8018b82""]","[""cc5aa3b881737dc1808eeebafdd7a650a57b30f216ee56eb8cd03d22c19999a9"", ""528ce6cef516220b49746927b16e66a325ccc5797a749a09e16cf5dfe6b1bd99""]",Separated-ion reference only; does not establish dissolved tBuOK salt speciation or ion pairing
Mn_bipyridine_pnnoh_iPr,separated_ion_deprotonation,360.0,-69.6286409964523,protonated_cat(+) + tert_butoxide(-) -> active_cat + tert_butanol,True,True,"[""data/campaign/thermochemistry/Mn_bipyridine_pnnoh_iPr__protonated_reference/result.json"", ""data/reference_thermochemistry/tert_butoxide_anion/stationarity/result.json""]","[""data/campaign/thermochemistry/Mn_bipyridine_pnnoh_iPr__active/result.json"", ""data/reference_thermochemistry/tert_butanol/stationarity/result.json""]","[""a2654db6a310fef2276a0d5df59e7c2d0f0f11f12314e6953620f99d4a8e7344"", ""d212e4231d6b932ee1d5bcd7336d05f49a5bd740e5762fb2e2806c3cb8018b82""]","[""cc5aa3b881737dc1808eeebafdd7a650a57b30f216ee56eb8cd03d22c19999a9"", ""528ce6cef516220b49746927b16e66a325ccc5797a749a09e16cf5dfe6b1bd99""]",Separated-ion reference only; does not establish dissolved tBuOK salt speciation or ion pairing
Mn_bipyridine_pnnoh_iPr,separated_ion_deprotonation,370.0,-69.61792468393287,protonated_cat(+) + tert_butoxide(-) -> active_cat + tert_butanol,True,True,"[""data/campaign/thermochemistry/Mn_bipyridine_pnnoh_iPr__protonated_reference/result.json"", ""data/reference_thermochemistry/tert_butoxide_anion/stationarity/result.json""]","[""data/campaign/thermochemistry/Mn_bipyridine_pnnoh_iPr__active/result.json"", ""data/reference_thermochemistry/tert_butanol/stationarity/result.json""]","[""a2654db6a310fef2276a0d5df59e7c2d0f0f11f12314e6953620f99d4a8e7344"", ""d212e4231d6b932ee1d5bcd7336d05f49a5bd740e5762fb2e2806c3cb8018b82""]","[""cc5aa3b881737dc1808eeebafdd7a650a57b30f216ee56eb8cd03d22c19999a9"", ""528ce6cef516220b49746927b16e66a325ccc5797a749a09e16cf5dfe6b1bd99""]",Separated-ion reference only; does not establish dissolved tBuOK salt speciation or ion pairing
Mn_bipyridine_pnnoh_iPr,separated_ion_deprotonation,380.0,-69.60694207684537,protonated_cat(+) + tert_butoxide(-) -> active_cat + tert_butanol,True,True,"[""data/campaign/thermochemistry/Mn_bipyridine_pnnoh_iPr__protonated_reference/result.json"", ""data/reference_thermochemistry/tert_butoxide_anion/stationarity/result.json""]","[""data/campaign/thermochemistry/Mn_bipyridine_pnnoh_iPr__active/result.json"", ""data/reference_thermochemistry/tert_butanol/stationarity/result.json""]","[""a2654db6a310fef2276a0d5df59e7c2d0f0f11f12314e6953620f99d4a8e7344"", ""d212e4231d6b932ee1d5bcd7336d05f49a5bd740e5762fb2e2806c3cb8018b82""]","[""cc5aa3b881737dc1808eeebafdd7a650a57b30f216ee56eb8cd03d22c19999a9"", ""528ce6cef516220b49746927b16e66a325ccc5797a749a09e16cf5dfe6b1bd99""]",Separated-ion reference only; does not establish dissolved tBuOK salt speciation or ion pairing
Mn_bipyridine_pnnoh_iPr,separated_ion_deprotonation,383.15,-69.60342823081737,protonated_cat(+) + tert_butoxide(-) -> active_cat + tert_butanol,True,True,"[""data/campaign/thermochemistry/Mn_bipyridine_pnnoh_iPr__protonated_reference/result.json"", ""data/reference_thermochemistry/tert_butoxide_anion/stationarity/result.json""]","[""data/campaign/thermochemistry/Mn_bipyridine_pnnoh_iPr__active/result.json"", ""data/reference_thermochemistry/tert_butanol/stationarity/result.json""]","[""a2654db6a310fef2276a0d5df59e7c2d0f0f11f12314e6953620f99d4a8e7344"", ""d212e4231d6b932ee1d5bcd7336d05f49a5bd740e5762fb2e2806c3cb8018b82""]","[""cc5aa3b881737dc1808eeebafdd7a650a57b30f216ee56eb8cd03d22c19999a9"", ""528ce6cef516220b49746927b16e66a325ccc5797a749a09e16cf5dfe6b1bd99""]",Separated-ion reference only; does not establish dissolved tBuOK salt speciation or ion pairing
Mn_bipyridine_pnnoh_iPr,separated_ion_deprotonation,390.0,-69.59569842006931,protonated_cat(+) + tert_butoxide(-) -> active_cat + tert_butanol,True,True,"[""data/campaign/thermochemistry/Mn_bipyridine_pnnoh_iPr__protonated_reference/result.json"", ""data/reference_thermochemistry/tert_butoxide_anion/stationarity/result.json""]","[""data/campaign/thermochemistry/Mn_bipyridine_pnnoh_iPr__active/result.json"", ""data/reference_thermochemistry/tert_butanol/stationarity/result.json""]","[""a2654db6a310fef2276a0d5df59e7c2d0f0f11f12314e6953620f99d4a8e7344"", ""d212e4231d6b932ee1d5bcd7336d05f49a5bd740e5762fb2e2806c3cb8018b82""]","[""cc5aa3b881737dc1808eeebafdd7a650a57b30f216ee56eb8cd03d22c19999a9"", ""528ce6cef516220b49746927b16e66a325ccc5797a749a09e16cf5dfe6b1bd99""]",Separated-ion reference only; does not establish dissolved tBuOK salt speciation or ion pairing
Mn_bipyridine_pnnoh_iPr,separated_ion_deprotonation,400.0,-69.5841993022841,protonated_cat(+) + tert_butoxide(-) -> active_cat + tert_butanol,True,True,"[""data/campaign/thermochemistry/Mn_bipyridine_pnnoh_iPr__protonated_reference/result.json"", ""data/reference_thermochemistry/tert_butoxide_anion/stationarity/result.json""]","[""data/campaign/thermochemistry/Mn_bipyridine_pnnoh_iPr__active/result.json"", ""data/reference_thermochemistry/tert_butanol/stationarity/result.json""]","[""a2654db6a310fef2276a0d5df59e7c2d0f0f11f12314e6953620f99d4a8e7344"", ""d212e4231d6b932ee1d5bcd7336d05f49a5bd740e5762fb2e2806c3cb8018b82""]","[""cc5aa3b881737dc1808eeebafdd7a650a57b30f216ee56eb8cd03d22c19999a9"", ""528ce6cef516220b49746927b16e66a325ccc5797a749a09e16cf5dfe6b1bd99""]",Separated-ion reference only; does not establish dissolved tBuOK salt speciation or ion pairing
Mn_bipyridine_pnnoh_iPr,separated_ion_deprotonation,410.0,-69.57245058303852,protonated_cat(+) + tert_butoxide(-) -> active_cat + tert_butanol,True,True,"[""data/campaign/thermochemistry/Mn_bipyridine_pnnoh_iPr__protonated_reference/result.json"", ""data/reference_thermochemistry/tert_butoxide_anion/stationarity/result.json""]","[""data/campaign/thermochemistry/Mn_bipyridine_pnnoh_iPr__active/result.json"", ""data/reference_thermochemistry/tert_butanol/stationarity/result.json""]","[""a2654db6a310fef2276a0d5df59e7c2d0f0f11f12314e6953620f99d4a8e7344"", ""d212e4231d6b932ee1d5bcd7336d05f49a5bd740e5762fb2e2806c3cb8018b82""]","[""cc5aa3b881737dc1808eeebafdd7a650a57b30f216ee56eb8cd03d22c19999a9"", ""528ce6cef516220b49746927b16e66a325ccc5797a749a09e16cf5dfe6b1bd99""]",Separated-ion reference only; does not establish dissolved tBuOK salt speciation or ion pairing
Mn_bipyridine_pnnoh_iPr,separated_ion_deprotonation,420.0,-69.56045832720338,protonated_cat(+) + tert_butoxide(-) -> active_cat + tert_butanol,True,True,"[""data/campaign/thermochemistry/Mn_bipyridine_pnnoh_iPr__protonated_reference/result.json"", ""data/reference_thermochemistry/tert_butoxide_anion/stationarity/result.json""]","[""data/campaign/thermochemistry/Mn_bipyridine_pnnoh_iPr__active/result.json"", ""data/reference_thermochemistry/tert_butanol/stationarity/result.json""]","[""a2654db6a310fef2276a0d5df59e7c2d0f0f11f12314e6953620f99d4a8e7344"", ""d212e4231d6b932ee1d5bcd7336d05f49a5bd740e5762fb2e2806c3cb8018b82""]","[""cc5aa3b881737dc1808eeebafdd7a650a57b30f216ee56eb8cd03d22c19999a9"", ""528ce6cef516220b49746927b16e66a325ccc5797a749a09e16cf5dfe6b1bd99""]",Separated-ion reference only; does not establish dissolved tBuOK salt speciation or ion pairing
Mn_bipyridine_pnnoh_iPr,separated_ion_deprotonation,430.0,-69.54822874639467,protonated_cat(+) + tert_butoxide(-) -> active_cat + tert_butanol,True,True,"[""data/campaign/thermochemistry/Mn_bipyridine_pnnoh_iPr__protonated_reference/result.json"", ""data/reference_thermochemistry/tert_butoxide_anion/stationarity/result.json""]","[""data/campaign/thermochemistry/Mn_bipyridine_pnnoh_iPr__active/result.json"", ""data/reference_thermochemistry/tert_butanol/stationarity/result.json""]","[""a2654db6a310fef2276a0d5df59e7c2d0f0f11f12314e6953620f99d4a8e7344"", ""d212e4231d6b932ee1d5bcd7336d05f49a5bd740e5762fb2e2806c3cb8018b82""]","[""cc5aa3b881737dc1808eeebafdd7a650a57b30f216ee56eb8cd03d22c19999a9"", ""528ce6cef516220b49746927b16e66a325ccc5797a749a09e16cf5dfe6b1bd99""]",Separated-ion reference only; does not establish dissolved tBuOK salt speciation or ion pairing
Mn_bipyridine_pnnoh_iPr,separated_ion_deprotonation,440.0,-69.53576814724147,protonated_cat(+) + tert_butoxide(-) -> active_cat + tert_butanol,True,True,"[""data/campaign/thermochemistry/Mn_bipyridine_pnnoh_iPr__protonated_reference/result.json"", ""data/reference_thermochemistry/tert_butoxide_anion/stationarity/result.json""]","[""data/campaign/thermochemistry/Mn_bipyridine_pnnoh_iPr__active/result.json"", ""data/reference_thermochemistry/tert_butanol/stationarity/result.json""]","[""a2654db6a310fef2276a0d5df59e7c2d0f0f11f12314e6953620f99d4a8e7344"", ""d212e4231d6b932ee1d5bcd7336d05f49a5bd740e5762fb2e2806c3cb8018b82""]","[""cc5aa3b881737dc1808eeebafdd7a650a57b30f216ee56eb8cd03d22c19999a9"", ""528ce6cef516220b49746927b16e66a325ccc5797a749a09e16cf5dfe6b1bd99""]",Separated-ion reference only; does not establish dissolved tBuOK salt speciation or ion pairing
Mn_bipyridine_pnnoh_iPr,imine_hydrogenation,298.15,11.643500369547837,hydrogenated_cat + imine -> active_cat + product_amine,True,True,"[""data/campaign/thermochemistry/Mn_bipyridine_pnnoh_iPr__hydrogenated/result.json"", ""data/reference_thermochemistry/imine/stationarity/result.json""]","[""data/campaign/thermochemistry/Mn_bipyridine_pnnoh_iPr__active/result.json"", ""data/reference_thermochemistry/product_amine/stationarity/result.json""]","[""507fa2dd8efd96a1537ae40f832d4e9dfc7ee3b2fcae02308725c798b2aeca06"", ""320207d7a21680926414b387b1b8cd3adcb066bb7fc19106fe58731629d2bffb""]","[""cc5aa3b881737dc1808eeebafdd7a650a57b30f216ee56eb8cd03d22c19999a9"", ""1310231bc0e8cfa7827d24c6e16bb1ae55f4c47ed9c416194f0e2ec8627a6231""]",Reaction thermodynamics of separate 1M molecular species; no kinetic barrier or TOF
Mn_bipyridine_pnnoh_iPr,imine_hydrogenation,340.0,11.633333441819559,hydrogenated_cat + imine -> active_cat + product_amine,True,True,"[""data/campaign/thermochemistry/Mn_bipyridine_pnnoh_iPr__hydrogenated/result.json"", ""data/reference_thermochemistry/imine/stationarity/result.json""]","[""data/campaign/thermochemistry/Mn_bipyridine_pnnoh_iPr__active/result.json"", ""data/reference_thermochemistry/product_amine/stationarity/result.json""]","[""507fa2dd8efd96a1537ae40f832d4e9dfc7ee3b2fcae02308725c798b2aeca06"", ""320207d7a21680926414b387b1b8cd3adcb066bb7fc19106fe58731629d2bffb""]","[""cc5aa3b881737dc1808eeebafdd7a650a57b30f216ee56eb8cd03d22c19999a9"", ""1310231bc0e8cfa7827d24c6e16bb1ae55f4c47ed9c416194f0e2ec8627a6231""]",Reaction thermodynamics of separate 1M molecular species; no kinetic barrier or TOF
Mn_bipyridine_pnnoh_iPr,imine_hydrogenation,350.0,11.631116267541074,hydrogenated_cat + imine -> active_cat + product_amine,True,True,"[""data/campaign/thermochemistry/Mn_bipyridine_pnnoh_iPr__hydrogenated/result.json"", ""data/reference_thermochemistry/imine/stationarity/result.json""]","[""data/campaign/thermochemistry/Mn_bipyridine_pnnoh_iPr__active/result.json"", ""data/reference_thermochemistry/product_amine/stationarity/result.json""]","[""507fa2dd8efd96a1537ae40f832d4e9dfc7ee3b2fcae02308725c798b2aeca06"", ""320207d7a21680926414b387b1b8cd3adcb066bb7fc19106fe58731629d2bffb""]","[""cc5aa3b881737dc1808eeebafdd7a650a57b30f216ee56eb8cd03d22c19999a9"", ""1310231bc0e8cfa7827d24c6e16bb1ae55f4c47ed9c416194f0e2ec8627a6231""]",Reaction thermodynamics of separate 1M molecular species; no kinetic barrier or TOF
Mn_bipyridine_pnnoh_iPr,imine_hydrogenation,360.0,11.629006608491181,hydrogenated_cat + imine -> active_cat + product_amine,True,True,"[""data/campaign/thermochemistry/Mn_bipyridine_pnnoh_iPr__hydrogenated/result.json"", ""data/reference_thermochemistry/imine/stationarity/result.json""]","[""data/campaign/thermochemistry/Mn_bipyridine_pnnoh_iPr__active/result.json"", ""data/reference_thermochemistry/product_amine/stationarity/result.json""]","[""507fa2dd8efd96a1537ae40f832d4e9dfc7ee3b2fcae02308725c798b2aeca06"", ""320207d7a21680926414b387b1b8cd3adcb066bb7fc19106fe58731629d2bffb""]","[""cc5aa3b881737dc1808eeebafdd7a650a57b30f216ee56eb8cd03d22c19999a9"", ""1310231bc0e8cfa7827d24c6e16bb1ae55f4c47ed9c416194f0e2ec8627a6231""]",Reaction thermodynamics of separate 1M molecular species; no kinetic barrier or TOF
Mn_bipyridine_pnnoh_iPr,imine_hydrogenation,370.0,11.627014611109189,hydrogenated_cat + imine -> active_cat + product_amine,True,True,"[""data/campaign/thermochemistry/Mn_bipyridine_pnnoh_iPr__hydrogenated/result.json"", ""data/reference_thermochemistry/imine/stationarity/result.json""]","[""data/campaign/thermochemistry/Mn_bipyridine_pnnoh_iPr__active/result.json"", ""data/reference_thermochemistry/product_amine/stationarity/result.json""]","[""507fa2dd8efd96a1537ae40f832d4e9dfc7ee3b2fcae02308725c798b2aeca06"", ""320207d7a21680926414b387b1b8cd3adcb066bb7fc19106fe58731629d2bffb""]","[""cc5aa3b881737dc1808eeebafdd7a650a57b30f216ee56eb8cd03d22c19999a9"", ""1310231bc0e8cfa7827d24c6e16bb1ae55f4c47ed9c416194f0e2ec8627a6231""]",Reaction thermodynamics of separate 1M molecular species; no kinetic barrier or TOF
Mn_bipyridine_pnnoh_iPr,imine_hydrogenation,380.0,11.625149271767441,hydrogenated_cat + imine -> active_cat + product_amine,True,True,"[""data/campaign/thermochemistry/Mn_bipyridine_pnnoh_iPr__hydrogenated/result.json"", ""data/reference_thermochemistry/imine/stationarity/result.json""]","[""data/campaign/thermochemistry/Mn_bipyridine_pnnoh_iPr__active/result.json"", ""data/reference_thermochemistry/product_amine/stationarity/result.json""]","[""507fa2dd8efd96a1537ae40f832d4e9dfc7ee3b2fcae02308725c798b2aeca06"", ""320207d7a21680926414b387b1b8cd3adcb066bb7fc19106fe58731629d2bffb""]","[""cc5aa3b881737dc1808eeebafdd7a650a57b30f216ee56eb8cd03d22c19999a9"", ""1310231bc0e8cfa7827d24c6e16bb1ae55f4c47ed9c416194f0e2ec8627a6231""]",Reaction thermodynamics of separate 1M molecular species; no kinetic barrier or TOF
Mn_bipyridine_pnnoh_iPr,imine_hydrogenation,383.15,11.624589217237371,hydrogenated_cat + imine -> active_cat + product_amine,True,True,"[""data/campaign/thermochemistry/Mn_bipyridine_pnnoh_iPr__hydrogenated/result.json"", ""data/reference_thermochemistry/imine/stationarity/result.json""]","[""data/campaign/thermochemistry/Mn_bipyridine_pnnoh_iPr__active/result.json"", ""data/reference_thermochemistry/product_amine/stationarity/result.json""]","[""507fa2dd8efd96a1537ae40f832d4e9dfc7ee3b2fcae02308725c798b2aeca06"", ""320207d7a21680926414b387b1b8cd3adcb066bb7fc19106fe58731629d2bffb""]","[""cc5aa3b881737dc1808eeebafdd7a650a57b30f216ee56eb8cd03d22c19999a9"", ""1310231bc0e8cfa7827d24c6e16bb1ae55f4c47ed9c416194f0e2ec8627a6231""]",Reaction thermodynamics of separate 1M molecular species; no kinetic barrier or TOF
Mn_bipyridine_pnnoh_iPr,imine_hydrogenation,390.0,11.623418519153347,hydrogenated_cat + imine -> active_cat + product_amine,True,True,"[""data/campaign/thermochemistry/Mn_bipyridine_pnnoh_iPr__hydrogenated/result.json"", ""data/reference_thermochemistry/imine/stationarity/result.json""]","[""data/campaign/thermochemistry/Mn_bipyridine_pnnoh_iPr__active/result.json"", ""data/reference_thermochemistry/product_amine/stationarity/result.json""]","[""507fa2dd8efd96a1537ae40f832d4e9dfc7ee3b2fcae02308725c798b2aeca06"", ""320207d7a21680926414b387b1b8cd3adcb066bb7fc19106fe58731629d2bffb""]","[""cc5aa3b881737dc1808eeebafdd7a650a57b30f216ee56eb8cd03d22c19999a9"", ""1310231bc0e8cfa7827d24c6e16bb1ae55f4c47ed9c416194f0e2ec8627a6231""]",Reaction thermodynamics of separate 1M molecular species; no kinetic barrier or TOF
Mn_bipyridine_pnnoh_iPr,imine_hydrogenation,400.0,11.62182929561095,hydrogenated_cat + imine -> active_cat + product_amine,True,True,"[""data/campaign/thermochemistry/Mn_bipyridine_pnnoh_iPr__hydrogenated/result.json"", ""data/reference_thermochemistry/imine/stationarity/result.json""]","[""data/campaign/thermochemistry/Mn_bipyridine_pnnoh_iPr__active/result.json"", ""data/reference_thermochemistry/product_amine/stationarity/result.json""]","[""507fa2dd8efd96a1537ae40f832d4e9dfc7ee3b2fcae02308725c798b2aeca06"", ""320207d7a21680926414b387b1b8cd3adcb066bb7fc19106fe58731629d2bffb""]","[""cc5aa3b881737dc1808eeebafdd7a650a57b30f216ee56eb8cd03d22c19999a9"", ""1310231bc0e8cfa7827d24c6e16bb1ae55f4c47ed9c416194f0e2ec8627a6231""]",Reaction thermodynamics of separate 1M molecular species; no kinetic barrier or TOF
Mn_bipyridine_pnnoh_iPr,imine_hydrogenation,410.0,11.620387635532097,hydrogenated_cat + imine -> active_cat + product_amine,True,True,"[""data/campaign/thermochemistry/Mn_bipyridine_pnnoh_iPr__hydrogenated/result.json"", ""data/reference_thermochemistry/imine/stationarity/result.json""]","[""data/campaign/thermochemistry/Mn_bipyridine_pnnoh_iPr__active/result.json"", ""data/reference_thermochemistry/product_amine/stationarity/result.json""]","[""507fa2dd8efd96a1537ae40f832d4e9dfc7ee3b2fcae02308725c798b2aeca06"", ""320207d7a21680926414b387b1b8cd3adcb066bb7fc19106fe58731629d2bffb""]","[""cc5aa3b881737dc1808eeebafdd7a650a57b30f216ee56eb8cd03d22c19999a9"", ""1310231bc0e8cfa7827d24c6e16bb1ae55f4c47ed9c416194f0e2ec8627a6231""]",Reaction thermodynamics of separate 1M molecular species; no kinetic barrier or TOF
Mn_bipyridine_pnnoh_iPr,imine_hydrogenation,420.0,11.619098740473419,hydrogenated_cat + imine -> active_cat + product_amine,True,True,"[""data/campaign/thermochemistry/Mn_bipyridine_pnnoh_iPr__hydrogenated/result.json"", ""data/reference_thermochemistry/imine/stationarity/result.json""]","[""data/campaign/thermochemistry/Mn_bipyridine_pnnoh_iPr__active/result.json"", ""data/reference_thermochemistry/product_amine/stationarity/result.json""]","[""507fa2dd8efd96a1537ae40f832d4e9dfc7ee3b2fcae02308725c798b2aeca06"", ""320207d7a21680926414b387b1b8cd3adcb066bb7fc19106fe58731629d2bffb""]","[""cc5aa3b881737dc1808eeebafdd7a650a57b30f216ee56eb8cd03d22c19999a9"", ""1310231bc0e8cfa7827d24c6e16bb1ae55f4c47ed9c416194f0e2ec8627a6231""]",Reaction thermodynamics of separate 1M molecular species; no kinetic barrier or TOF
Mn_bipyridine_pnnoh_iPr,imine_hydrogenation,430.0,11.617967049915023,hydrogenated_cat + imine -> active_cat + product_amine,True,True,"[""data/campaign/thermochemistry/Mn_bipyridine_pnnoh_iPr__hydrogenated/result.json"", ""data/reference_thermochemistry/imine/stationarity/result.json""]","[""data/campaign/thermochemistry/Mn_bipyridine_pnnoh_iPr__active/result.json"", ""data/reference_thermochemistry/product_amine/stationarity/result.json""]","[""507fa2dd8efd96a1537ae40f832d4e9dfc7ee3b2fcae02308725c798b2aeca06"", ""320207d7a21680926414b387b1b8cd3adcb066bb7fc19106fe58731629d2bffb""]","[""cc5aa3b881737dc1808eeebafdd7a650a57b30f216ee56eb8cd03d22c19999a9"", ""1310231bc0e8cfa7827d24c6e16bb1ae55f4c47ed9c416194f0e2ec8627a6231""]",Reaction thermodynamics of separate 1M molecular species; no kinetic barrier or TOF
Mn_bipyridine_pnnoh_iPr,imine_hydrogenation,440.0,11.61699630766816,hydrogenated_cat + imine -> active_cat + product_amine,True,True,"[""data/campaign/thermochemistry/Mn_bipyridine_pnnoh_iPr__hydrogenated/result.json"", ""data/reference_thermochemistry/imine/stationarity/result.json""]","[""data/campaign/thermochemistry/Mn_bipyridine_pnnoh_iPr__active/result.json"", ""data/reference_thermochemistry/product_amine/stationarity/result.json""]","[""507fa2dd8efd96a1537ae40f832d4e9dfc7ee3b2fcae02308725c798b2aeca06"", ""320207d7a21680926414b387b1b8cd3adcb066bb7fc19106fe58731629d2bffb""]","[""cc5aa3b881737dc1808eeebafdd7a650a57b30f216ee56eb8cd03d22c19999a9"", ""1310231bc0e8cfa7827d24c6e16bb1ae55f4c47ed9c416194f0e2ec8627a6231""]",Reaction thermodynamics of separate 1M molecular species; no kinetic barrier or TOF
Fe_macho_pnp_Ph,alcohol_dehydrogenation,298.15,-2.973502217211717,active_cat + benzyl_alcohol -> hydrogenated_cat + benzaldehyde,True,True,"[""data/campaign/thermochemistry/Fe_macho_pnp_Ph__active/result.json"", ""data/reference_thermochemistry/benzyl_alcohol/stationarity/result.json""]","[""data/campaign/thermochemistry/Fe_macho_pnp_Ph__hydrogenated/result.json"", ""data/reference_thermochemistry/benzaldehyde/stationarity/result.json""]","[""ec55524bc2bfeb59790d0b4935d6f41cd7fa80fcc1e713213625f7301743a54e"", ""f4897da33f477e49dfa225e23571ab1376182c83d5412b994134a99a99cc75c0""]","[""686a75e8d62faf50c535b3956a3841b5f3301084cdbc07fb145921368ddb27fb"", ""e7292b48e5f27218094b119118595a7fc0b25d93db34b114bb0582e7ad8b60b9""]",Reaction thermodynamics of separate 1M molecular species; no kinetic barrier or TOF
Fe_macho_pnp_Ph,alcohol_dehydrogenation,340.0,-2.800914444222144,active_cat + benzyl_alcohol -> hydrogenated_cat + benzaldehyde,True,True,"[""data/campaign/thermochemistry/Fe_macho_pnp_Ph__active/result.json"", ""data/reference_thermochemistry/benzyl_alcohol/stationarity/result.json""]","[""data/campaign/thermochemistry/Fe_macho_pnp_Ph__hydrogenated/result.json"", ""data/reference_thermochemistry/benzaldehyde/stationarity/result.json""]","[""ec55524bc2bfeb59790d0b4935d6f41cd7fa80fcc1e713213625f7301743a54e"", ""f4897da33f477e49dfa225e23571ab1376182c83d5412b994134a99a99cc75c0""]","[""686a75e8d62faf50c535b3956a3841b5f3301084cdbc07fb145921368ddb27fb"", ""e7292b48e5f27218094b119118595a7fc0b25d93db34b114bb0582e7ad8b60b9""]",Reaction thermodynamics of separate 1M molecular species; no kinetic barrier or TOF
Fe_macho_pnp_Ph,alcohol_dehydrogenation,350.0,-2.7603303845426126,active_cat + benzyl_alcohol -> hydrogenated_cat + benzaldehyde,True,True,"[""data/campaign/thermochemistry/Fe_macho_pnp_Ph__active/result.json"", ""data/reference_thermochemistry/benzyl_alcohol/stationarity/result.json""]","[""data/campaign/thermochemistry/Fe_macho_pnp_Ph__hydrogenated/result.json"", ""data/reference_thermochemistry/benzaldehyde/stationarity/result.json""]","[""ec55524bc2bfeb59790d0b4935d6f41cd7fa80fcc1e713213625f7301743a54e"", ""f4897da33f477e49dfa225e23571ab1376182c83d5412b994134a99a99cc75c0""]","[""686a75e8d62faf50c535b3956a3841b5f3301084cdbc07fb145921368ddb27fb"", ""e7292b48e5f27218094b119118595a7fc0b25d93db34b114bb0582e7ad8b60b9""]",Reaction thermodynamics of separate 1M molecular species; no kinetic barrier or TOF
Fe_macho_pnp_Ph,alcohol_dehydrogenation,360.0,-2.7200012608318502,active_cat + benzyl_alcohol -> hydrogenated_cat + benzaldehyde,True,True,"[""data/campaign/thermochemistry/Fe_macho_pnp_Ph__active/result.json"", ""data/reference_thermochemistry/benzyl_alcohol/stationarity/result.json""]","[""data/campaign/thermochemistry/Fe_macho_pnp_Ph__hydrogenated/result.json"", ""data/reference_thermochemistry/benzaldehyde/stationarity/result.json""]","[""ec55524bc2bfeb59790d0b4935d6f41cd7fa80fcc1e713213625f7301743a54e"", ""f4897da33f477e49dfa225e23571ab1376182c83d5412b994134a99a99cc75c0""]","[""686a75e8d62faf50c535b3956a3841b5f3301084cdbc07fb145921368ddb27fb"", ""e7292b48e5f27218094b119118595a7fc0b25d93db34b114bb0582e7ad8b60b9""]",Reaction thermodynamics of separate 1M molecular species; no kinetic barrier or TOF
Fe_macho_pnp_Ph,alcohol_dehydrogenation,370.0,-2.679927795072217,active_cat + benzyl_alcohol -> hydrogenated_cat + benzaldehyde,True,True,"[""data/campaign/thermochemistry/Fe_macho_pnp_Ph__active/result.json"", ""data/reference_thermochemistry/benzyl_alcohol/stationarity/result.json""]","[""data/campaign/thermochemistry/Fe_macho_pnp_Ph__hydrogenated/result.json"", ""data/reference_thermochemistry/benzaldehyde/stationarity/result.json""]","[""ec55524bc2bfeb59790d0b4935d6f41cd7fa80fcc1e713213625f7301743a54e"", ""f4897da33f477e49dfa225e23571ab1376182c83d5412b994134a99a99cc75c0""]","[""686a75e8d62faf50c535b3956a3841b5f3301084cdbc07fb145921368ddb27fb"", ""e7292b48e5f27218094b119118595a7fc0b25d93db34b114bb0582e7ad8b60b9""]",Reaction thermodynamics of separate 1M molecular species; no kinetic barrier or TOF
Fe_macho_pnp_Ph,alcohol_dehydrogenation,380.0,-2.6401105995300895,active_cat + benzyl_alcohol -> hydrogenated_cat + benzaldehyde,True,True,"[""data/campaign/thermochemistry/Fe_macho_pnp_Ph__active/result.json"", ""data/reference_thermochemistry/benzyl_alcohol/stationarity/result.json""]","[""data/campaign/thermochemistry/Fe_macho_pnp_Ph__hydrogenated/result.json"", ""data/reference_thermochemistry/benzaldehyde/stationarity/result.json""]","[""ec55524bc2bfeb59790d0b4935d6f41cd7fa80fcc1e713213625f7301743a54e"", ""f4897da33f477e49dfa225e23571ab1376182c83d5412b994134a99a99cc75c0""]","[""686a75e8d62faf50c535b3956a3841b5f3301084cdbc07fb145921368ddb27fb"", ""e7292b48e5f27218094b119118595a7fc0b25d93db34b114bb0582e7ad8b60b9""]",Reaction thermodynamics of separate 1M molecular species; no kinetic barrier or TOF
Fe_macho_pnp_Ph,alcohol_dehydrogenation,383.15,-2.6276213453820674,active_cat + benzyl_alcohol -> hydrogenated_cat + benzaldehyde,True,True,"[""data/campaign/thermochemistry/Fe_macho_pnp_Ph__active/result.json"", ""data/reference_thermochemistry/benzyl_alcohol/stationarity/result.json""]","[""data/campaign/thermochemistry/Fe_macho_pnp_Ph__hydrogenated/result.json"", ""data/reference_thermochemistry/benzaldehyde/stationarity/result.json""]","[""ec55524bc2bfeb59790d0b4935d6f41cd7fa80fcc1e713213625f7301743a54e"", ""f4897da33f477e49dfa225e23571ab1376182c83d5412b994134a99a99cc75c0""]","[""686a75e8d62faf50c535b3956a3841b5f3301084cdbc07fb145921368ddb27fb"", ""e7292b48e5f27218094b119118595a7fc0b25d93db34b114bb0582e7ad8b60b9""]",Reaction thermodynamics of separate 1M molecular species; no kinetic barrier or TOF
Fe_macho_pnp_Ph,alcohol_dehydrogenation,390.0,-2.6005501967465534,active_cat + benzyl_alcohol -> hydrogenated_cat + benzaldehyde,True,True,"[""data/campaign/thermochemistry/Fe_macho_pnp_Ph__active/result.json"", ""data/reference_thermochemistry/benzyl_alcohol/stationarity/result.json""]","[""data/campaign/thermochemistry/Fe_macho_pnp_Ph__hydrogenated/result.json"", ""data/reference_thermochemistry/benzaldehyde/stationarity/result.json""]","[""ec55524bc2bfeb59790d0b4935d6f41cd7fa80fcc1e713213625f7301743a54e"", ""f4897da33f477e49dfa225e23571ab1376182c83d5412b994134a99a99cc75c0""]","[""686a75e8d62faf50c535b3956a3841b5f3301084cdbc07fb145921368ddb27fb"", ""e7292b48e5f27218094b119118595a7fc0b25d93db34b114bb0582e7ad8b60b9""]",Reaction thermodynamics of separate 1M molecular species; no kinetic barrier or TOF
Fe_macho_pnp_Ph,alcohol_dehydrogenation,400.0,-2.5612470343166933,active_cat + benzyl_alcohol -> hydrogenated_cat + benzaldehyde,True,True,"[""data/campaign/thermochemistry/Fe_macho_pnp_Ph__active/result.json"", ""data/reference_thermochemistry/benzyl_alcohol/stationarity/result.json""]","[""data/campaign/thermochemistry/Fe_macho_pnp_Ph__hydrogenated/result.json"", ""data/reference_thermochemistry/benzaldehyde/stationarity/result.json""]","[""ec55524bc2bfeb59790d0b4935d6f41cd7fa80fcc1e713213625f7301743a54e"", ""f4897da33f477e49dfa225e23571ab1376182c83d5412b994134a99a99cc75c0""]","[""686a75e8d62faf50c535b3956a3841b5f3301084cdbc07fb145921368ddb27fb"", ""e7292b48e5f27218094b119118595a7fc0b25d93db34b114bb0582e7ad8b60b9""]",Reaction thermodynamics of separate 1M molecular species; no kinetic barrier or TOF
Fe_macho_pnp_Ph,alcohol_dehydrogenation,410.0,-2.5222014958926593,active_cat + benzyl_alcohol -> hydrogenated_cat + benzaldehyde,True,True,"[""data/campaign/thermochemistry/Fe_macho_pnp_Ph__active/result.json"", ""data/reference_thermochemistry/benzyl_alcohol/stationarity/result.json""]","[""data/campaign/thermochemistry/Fe_macho_pnp_Ph__hydrogenated/result.json"", ""data/reference_thermochemistry/benzaldehyde/stationarity/result.json""]","[""ec55524bc2bfeb59790d0b4935d6f41cd7fa80fcc1e713213625f7301743a54e"", ""f4897da33f477e49dfa225e23571ab1376182c83d5412b994134a99a99cc75c0""]","[""686a75e8d62faf50c535b3956a3841b5f3301084cdbc07fb145921368ddb27fb"", ""e7292b48e5f27218094b119118595a7fc0b25d93db34b114bb0582e7ad8b60b9""]",Reaction thermodynamics of separate 1M molecular species; no kinetic barrier or TOF
Fe_macho_pnp_Ph,alcohol_dehydrogenation,420.0,-2.4834139084832714,active_cat + benzyl_alcohol -> hydrogenated_cat + benzaldehyde,True,True,"[""data/campaign/thermochemistry/Fe_macho_pnp_Ph__active/result.json"", ""data/reference_thermochemistry/benzyl_alcohol/stationarity/result.json""]","[""data/campaign/thermochemistry/Fe_macho_pnp_Ph__hydrogenated/result.json"", ""data/reference_thermochemistry/benzaldehyde/stationarity/result.json""]","[""ec55524bc2bfeb59790d0b4935d6f41cd7fa80fcc1e713213625f7301743a54e"", ""f4897da33f477e49dfa225e23571ab1376182c83d5412b994134a99a99cc75c0""]","[""686a75e8d62faf50c535b3956a3841b5f3301084cdbc07fb145921368ddb27fb"", ""e7292b48e5f27218094b119118595a7fc0b25d93db34b114bb0582e7ad8b60b9""]",Reaction thermodynamics of separate 1M molecular species; no kinetic barrier or TOF
Fe_macho_pnp_Ph,alcohol_dehydrogenation,430.0,-2.4448845470797096,active_cat + benzyl_alcohol -> hydrogenated_cat + benzaldehyde,True,True,"[""data/campaign/thermochemistry/Fe_macho_pnp_Ph__active/result.json"", ""data/reference_thermochemistry/benzyl_alcohol/stationarity/result.json""]","[""data/campaign/thermochemistry/Fe_macho_pnp_Ph__hydrogenated/result.json"", ""data/reference_thermochemistry/benzaldehyde/stationarity/result.json""]","[""ec55524bc2bfeb59790d0b4935d6f41cd7fa80fcc1e713213625f7301743a54e"", ""f4897da33f477e49dfa225e23571ab1376182c83d5412b994134a99a99cc75c0""]","[""686a75e8d62faf50c535b3956a3841b5f3301084cdbc07fb145921368ddb27fb"", ""e7292b48e5f27218094b119118595a7fc0b25d93db34b114bb0582e7ad8b60b9""]",Reaction thermodynamics of separate 1M molecular species; no kinetic barrier or TOF
Fe_macho_pnp_Ph,alcohol_dehydrogenation,440.0,-2.4066136371293396,active_cat + benzyl_alcohol -> hydrogenated_cat + benzaldehyde,True,True,"[""data/campaign/thermochemistry/Fe_macho_pnp_Ph__active/result.json"", ""data/reference_thermochemistry/benzyl_alcohol/stationarity/result.json""]","[""data/campaign/thermochemistry/Fe_macho_pnp_Ph__hydrogenated/result.json"", ""data/reference_thermochemistry/benzaldehyde/stationarity/result.json""]","[""ec55524bc2bfeb59790d0b4935d6f41cd7fa80fcc1e713213625f7301743a54e"", ""f4897da33f477e49dfa225e23571ab1376182c83d5412b994134a99a99cc75c0""]","[""686a75e8d62faf50c535b3956a3841b5f3301084cdbc07fb145921368ddb27fb"", ""e7292b48e5f27218094b119118595a7fc0b25d93db34b114bb0582e7ad8b60b9""]",Reaction thermodynamics of separate 1M molecular species; no kinetic barrier or TOF
Fe_macho_pnp_Ph,separated_ion_deprotonation,298.15,-66.21597155408017,protonated_cat(+) + tert_butoxide(-) -> active_cat + tert_butanol,True,True,"[""data/campaign/thermochemistry/Fe_macho_pnp_Ph__protonated_reference/result.json"", ""data/reference_thermochemistry/tert_butoxide_anion/stationarity/result.json""]","[""data/campaign/thermochemistry/Fe_macho_pnp_Ph__active/result.json"", ""data/reference_thermochemistry/tert_butanol/stationarity/result.json""]","[""215d68e400636c6ddb321c0f34a32977da0049a8062dd0cdbd8ab183ed3df0e5"", ""d212e4231d6b932ee1d5bcd7336d05f49a5bd740e5762fb2e2806c3cb8018b82""]","[""ec55524bc2bfeb59790d0b4935d6f41cd7fa80fcc1e713213625f7301743a54e"", ""528ce6cef516220b49746927b16e66a325ccc5797a749a09e16cf5dfe6b1bd99""]",Separated-ion reference only; does not establish dissolved tBuOK salt speciation or ion pairing
Fe_macho_pnp_Ph,separated_ion_deprotonation,340.0,-66.30974386563867,protonated_cat(+) + tert_butoxide(-) -> active_cat + tert_butanol,True,True,"[""data/campaign/thermochemistry/Fe_macho_pnp_Ph__protonated_reference/result.json"", ""data/reference_thermochemistry/tert_butoxide_anion/stationarity/result.json""]","[""data/campaign/thermochemistry/Fe_macho_pnp_Ph__active/result.json"", ""data/reference_thermochemistry/tert_butanol/stationarity/result.json""]","[""215d68e400636c6ddb321c0f34a32977da0049a8062dd0cdbd8ab183ed3df0e5"", ""d212e4231d6b932ee1d5bcd7336d05f49a5bd740e5762fb2e2806c3cb8018b82""]","[""ec55524bc2bfeb59790d0b4935d6f41cd7fa80fcc1e713213625f7301743a54e"", ""528ce6cef516220b49746927b16e66a325ccc5797a749a09e16cf5dfe6b1bd99""]",Separated-ion reference only; does not establish dissolved tBuOK salt speciation or ion pairing
Fe_macho_pnp_Ph,separated_ion_deprotonation,350.0,-66.33266885520061,protonated_cat(+) + tert_butoxide(-) -> active_cat + tert_butanol,True,True,"[""data/campaign/thermochemistry/Fe_macho_pnp_Ph__protonated_reference/result.json"", ""data/reference_thermochemistry/tert_butoxide_anion/stationarity/result.json""]","[""data/campaign/thermochemistry/Fe_macho_pnp_Ph__active/result.json"", ""data/reference_thermochemistry/tert_butanol/stationarity/result.json""]","[""215d68e400636c6ddb321c0f34a32977da0049a8062dd0cdbd8ab183ed3df0e5"", ""d212e4231d6b932ee1d5bcd7336d05f49a5bd740e5762fb2e2806c3cb8018b82""]","[""ec55524bc2bfeb59790d0b4935d6f41cd7fa80fcc1e713213625f7301743a54e"", ""528ce6cef516220b49746927b16e66a325ccc5797a749a09e16cf5dfe6b1bd99""]",Separated-ion reference only; does not establish dissolved tBuOK salt speciation or ion pairing
Fe_macho_pnp_Ph,separated_ion_deprotonation,360.0,-66.35576554889121,protonated_cat(+) + tert_butoxide(-) -> active_cat + tert_butanol,True,True,"[""data/campaign/thermochemistry/Fe_macho_pnp_Ph__protonated_reference/result.json"", ""data/reference_thermochemistry/tert_butoxide_anion/stationarity/result.json""]","[""data/campaign/thermochemistry/Fe_macho_pnp_Ph__active/result.json"", ""data/reference_thermochemistry/tert_butanol/stationarity/result.json""]","[""215d68e400636c6ddb321c0f34a32977da0049a8062dd0cdbd8ab183ed3df0e5"", ""d212e4231d6b932ee1d5bcd7336d05f49a5bd740e5762fb2e2806c3cb8018b82""]","[""ec55524bc2bfeb59790d0b4935d6f41cd7fa80fcc1e713213625f7301743a54e"", ""528ce6cef516220b49746927b16e66a325ccc5797a749a09e16cf5dfe6b1bd99""]",Separated-ion reference only; does not establish dissolved tBuOK salt speciation or ion pairing
Fe_macho_pnp_Ph,separated_ion_deprotonation,370.0,-66.37902244698671,protonated_cat(+) + tert_butoxide(-) -> active_cat + tert_butanol,True,True,"[""data/campaign/thermochemistry/Fe_macho_pnp_Ph__protonated_reference/result.json"", ""data/reference_thermochemistry/tert_butoxide_anion/stationarity/result.json""]","[""data/campaign/thermochemistry/Fe_macho_pnp_Ph__active/result.json"", ""data/reference_thermochemistry/tert_butanol/stationarity/result.json""]","[""215d68e400636c6ddb321c0f34a32977da0049a8062dd0cdbd8ab183ed3df0e5"", ""d212e4231d6b932ee1d5bcd7336d05f49a5bd740e5762fb2e2806c3cb8018b82""]","[""ec55524bc2bfeb59790d0b4935d6f41cd7fa80fcc1e713213625f7301743a54e"", ""528ce6cef516220b49746927b16e66a325ccc5797a749a09e16cf5dfe6b1bd99""]",Separated-ion reference only; does not establish dissolved tBuOK salt speciation or ion pairing
Fe_macho_pnp_Ph,separated_ion_deprotonation,380.0,-66.40242909717745,protonated_cat(+) + tert_butoxide(-) -> active_cat + tert_butanol,True,True,"[""data/campaign/thermochemistry/Fe_macho_pnp_Ph__protonated_reference/result.json"", ""data/reference_thermochemistry/tert_butoxide_anion/stationarity/result.json""]","[""data/campaign/thermochemistry/Fe_macho_pnp_Ph__active/result.json"", ""data/reference_thermochemistry/tert_butanol/stationarity/result.json""]","[""215d68e400636c6ddb321c0f34a32977da0049a8062dd0cdbd8ab183ed3df0e5"", ""d212e4231d6b932ee1d5bcd7336d05f49a5bd740e5762fb2e2806c3cb8018b82""]","[""ec55524bc2bfeb59790d0b4935d6f41cd7fa80fcc1e713213625f7301743a54e"", ""528ce6cef516220b49746927b16e66a325ccc5797a749a09e16cf5dfe6b1bd99""]",Separated-ion reference only; does not establish dissolved tBuOK salt speciation or ion pairing
Fe_macho_pnp_Ph,separated_ion_deprotonation,383.15,-66.40983166483056,protonated_cat(+) + tert_butoxide(-) -> active_cat + tert_butanol,True,True,"[""data/campaign/thermochemistry/Fe_macho_pnp_Ph__protonated_reference/result.json"", ""data/reference_thermochemistry/tert_butoxide_anion/stationarity/result.json""]","[""data/campaign/thermochemistry/Fe_macho_pnp_Ph__active/result.json"", ""data/reference_thermochemistry/tert_butanol/stationarity/result.json""]","[""215d68e400636c6ddb321c0f34a32977da0049a8062dd0cdbd8ab183ed3df0e5"", ""d212e4231d6b932ee1d5bcd7336d05f49a5bd740e5762fb2e2806c3cb8018b82""]","[""ec55524bc2bfeb59790d0b4935d6f41cd7fa80fcc1e713213625f7301743a54e"", ""528ce6cef516220b49746927b16e66a325ccc5797a749a09e16cf5dfe6b1bd99""]",Separated-ion reference only; does not establish dissolved tBuOK salt speciation or ion pairing
Fe_macho_pnp_Ph,separated_ion_deprotonation,390.0,-66.42597599985493,protonated_cat(+) + tert_butoxide(-) -> active_cat + tert_butanol,True,True,"[""data/campaign/thermochemistry/Fe_macho_pnp_Ph__protonated_reference/result.json"", ""data/reference_thermochemistry/tert_butoxide_anion/stationarity/result.json""]","[""data/campaign/thermochemistry/Fe_macho_pnp_Ph__active/result.json"", ""data/reference_thermochemistry/tert_butanol/stationarity/result.json""]","[""215d68e400636c6ddb321c0f34a32977da0049a8062dd0cdbd8ab183ed3df0e5"", ""d212e4231d6b932ee1d5bcd7336d05f49a5bd740e5762fb2e2806c3cb8018b82""]","[""ec55524bc2bfeb59790d0b4935d6f41cd7fa80fcc1e713213625f7301743a54e"", ""528ce6cef516220b49746927b16e66a325ccc5797a749a09e16cf5dfe6b1bd99""]",Separated-ion reference only; does not establish dissolved tBuOK salt speciation or ion pairing
Fe_macho_pnp_Ph,separated_ion_deprotonation,400.0,-66.4496545186339,protonated_cat(+) + tert_butoxide(-) -> active_cat + tert_butanol,True,True,"[""data/campaign/thermochemistry/Fe_macho_pnp_Ph__protonated_reference/result.json"", ""data/reference_thermochemistry/tert_butoxide_anion/stationarity/result.json""]","[""data/campaign/thermochemistry/Fe_macho_pnp_Ph__active/result.json"", ""data/reference_thermochemistry/tert_butanol/stationarity/result.json""]","[""215d68e400636c6ddb321c0f34a32977da0049a8062dd0cdbd8ab183ed3df0e5"", ""d212e4231d6b932ee1d5bcd7336d05f49a5bd740e5762fb2e2806c3cb8018b82""]","[""ec55524bc2bfeb59790d0b4935d6f41cd7fa80fcc1e713213625f7301743a54e"", ""528ce6cef516220b49746927b16e66a325ccc5797a749a09e16cf5dfe6b1bd99""]",Separated-ion reference only; does not establish dissolved tBuOK salt speciation or ion pairing
Fe_macho_pnp_Ph,separated_ion_deprotonation,410.0,-66.47345679607861,protonated_cat(+) + tert_butoxide(-) -> active_cat + tert_butanol,True,True,"[""data/campaign/thermochemistry/Fe_macho_pnp_Ph__protonated_reference/result.json"", ""data/reference_thermochemistry/tert_butoxide_anion/stationarity/result.json""]","[""data/campaign/thermochemistry/Fe_macho_pnp_Ph__active/result.json"", ""data/reference_thermochemistry/tert_butanol/stationarity/result.json""]","[""215d68e400636c6ddb321c0f34a32977da0049a8062dd0cdbd8ab183ed3df0e5"", ""d212e4231d6b932ee1d5bcd7336d05f49a5bd740e5762fb2e2806c3cb8018b82""]","[""ec55524bc2bfeb59790d0b4935d6f41cd7fa80fcc1e713213625f7301743a54e"", ""528ce6cef516220b49746927b16e66a325ccc5797a749a09e16cf5dfe6b1bd99""]",Separated-ion reference only; does not establish dissolved tBuOK salt speciation or ion pairing
Fe_macho_pnp_Ph,separated_ion_deprotonation,420.0,-66.49737567549528,protonated_cat(+) + tert_butoxide(-) -> active_cat + tert_butanol,True,True,"[""data/campaign/thermochemistry/Fe_macho_pnp_Ph__protonated_reference/result.json"", ""data/reference_thermochemistry/tert_butoxide_anion/stationarity/result.json""]","[""data/campaign/thermochemistry/Fe_macho_pnp_Ph__active/result.json"", ""data/reference_thermochemistry/tert_butanol/stationarity/result.json""]","[""215d68e400636c6ddb321c0f34a32977da0049a8062dd0cdbd8ab183ed3df0e5"", ""d212e4231d6b932ee1d5bcd7336d05f49a5bd740e5762fb2e2806c3cb8018b82""]","[""ec55524bc2bfeb59790d0b4935d6f41cd7fa80fcc1e713213625f7301743a54e"", ""528ce6cef516220b49746927b16e66a325ccc5797a749a09e16cf5dfe6b1bd99""]",Separated-ion reference only; does not establish dissolved tBuOK salt speciation or ion pairing
Fe_macho_pnp_Ph,separated_ion_deprotonation,430.0,-66.52140462864008,protonated_cat(+) + tert_butoxide(-) -> active_cat + tert_butanol,True,True,"[""data/campaign/thermochemistry/Fe_macho_pnp_Ph__protonated_reference/result.json"", ""data/reference_thermochemistry/tert_butoxide_anion/stationarity/result.json""]","[""data/campaign/thermochemistry/Fe_macho_pnp_Ph__active/result.json"", ""data/reference_thermochemistry/tert_butanol/stationarity/result.json""]","[""215d68e400636c6ddb321c0f34a32977da0049a8062dd0cdbd8ab183ed3df0e5"", ""d212e4231d6b932ee1d5bcd7336d05f49a5bd740e5762fb2e2806c3cb8018b82""]","[""ec55524bc2bfeb59790d0b4935d6f41cd7fa80fcc1e713213625f7301743a54e"", ""528ce6cef516220b49746927b16e66a325ccc5797a749a09e16cf5dfe6b1bd99""]",Separated-ion reference only; does not establish dissolved tBuOK salt speciation or ion pairing
Fe_macho_pnp_Ph,separated_ion_deprotonation,440.0,-66.5455376896316,protonated_cat(+) + tert_butoxide(-) -> active_cat + tert_butanol,True,True,"[""data/campaign/thermochemistry/Fe_macho_pnp_Ph__protonated_reference/result.json"", ""data/reference_thermochemistry/tert_butoxide_anion/stationarity/result.json""]","[""data/campaign/thermochemistry/Fe_macho_pnp_Ph__active/result.json"", ""data/reference_thermochemistry/tert_butanol/stationarity/result.json""]","[""215d68e400636c6ddb321c0f34a32977da0049a8062dd0cdbd8ab183ed3df0e5"", ""d212e4231d6b932ee1d5bcd7336d05f49a5bd740e5762fb2e2806c3cb8018b82""]","[""ec55524bc2bfeb59790d0b4935d6f41cd7fa80fcc1e713213625f7301743a54e"", ""528ce6cef516220b49746927b16e66a325ccc5797a749a09e16cf5dfe6b1bd99""]",Separated-ion reference only; does not establish dissolved tBuOK salt speciation or ion pairing
Fe_macho_pnp_Ph,imine_hydrogenation,298.15,0.5982279338895751,hydrogenated_cat + imine -> active_cat + product_amine,True,True,"[""data/campaign/thermochemistry/Fe_macho_pnp_Ph__hydrogenated/result.json"", ""data/reference_thermochemistry/imine/stationarity/result.json""]","[""data/campaign/thermochemistry/Fe_macho_pnp_Ph__active/result.json"", ""data/reference_thermochemistry/product_amine/stationarity/result.json""]","[""686a75e8d62faf50c535b3956a3841b5f3301084cdbc07fb145921368ddb27fb"", ""320207d7a21680926414b387b1b8cd3adcb066bb7fc19106fe58731629d2bffb""]","[""ec55524bc2bfeb59790d0b4935d6f41cd7fa80fcc1e713213625f7301743a54e"", ""1310231bc0e8cfa7827d24c6e16bb1ae55f4c47ed9c416194f0e2ec8627a6231""]",Reaction thermodynamics of separate 1M molecular species; no kinetic barrier or TOF
Fe_macho_pnp_Ph,imine_hydrogenation,340.0,0.4883711278780538,hydrogenated_cat + imine -> active_cat + product_amine,True,True,"[""data/campaign/thermochemistry/Fe_macho_pnp_Ph__hydrogenated/result.json"", ""data/reference_thermochemistry/imine/stationarity/result.json""]","[""data/campaign/thermochemistry/Fe_macho_pnp_Ph__active/result.json"", ""data/reference_thermochemistry/product_amine/stationarity/result.json""]","[""686a75e8d62faf50c535b3956a3841b5f3301084cdbc07fb145921368ddb27fb"", ""320207d7a21680926414b387b1b8cd3adcb066bb7fc19106fe58731629d2bffb""]","[""ec55524bc2bfeb59790d0b4935d6f41cd7fa80fcc1e713213625f7301743a54e"", ""1310231bc0e8cfa7827d24c6e16bb1ae55f4c47ed9c416194f0e2ec8627a6231""]",Reaction thermodynamics of separate 1M molecular species; no kinetic barrier or TOF
Fe_macho_pnp_Ph,imine_hydrogenation,350.0,0.46253459142462816,hydrogenated_cat + imine -> active_cat + product_amine,True,True,"[""data/campaign/thermochemistry/Fe_macho_pnp_Ph__hydrogenated/result.json"", ""data/reference_thermochemistry/imine/stationarity/result.json""]","[""data/campaign/thermochemistry/Fe_macho_pnp_Ph__active/result.json"", ""data/reference_thermochemistry/product_amine/stationarity/result.json""]","[""686a75e8d62faf50c535b3956a3841b5f3301084cdbc07fb145921368ddb27fb"", ""320207d7a21680926414b387b1b8cd3adcb066bb7fc19106fe58731629d2bffb""]","[""ec55524bc2bfeb59790d0b4935d6f41cd7fa80fcc1e713213625f7301743a54e"", ""1310231bc0e8cfa7827d24c6e16bb1ae55f4c47ed9c416194f0e2ec8627a6231""]",Reaction thermodynamics of separate 1M molecular species; no kinetic barrier or TOF
Fe_macho_pnp_Ph,imine_hydrogenation,360.0,0.43686697395605734,hydrogenated_cat + imine -> active_cat + product_amine,True,True,"[""data/campaign/thermochemistry/Fe_macho_pnp_Ph__hydrogenated/result.json"", ""data/reference_thermochemistry/imine/stationarity/result.json""]","[""data/campaign/thermochemistry/Fe_macho_pnp_Ph__active/result.json"", ""data/reference_thermochemistry/product_amine/stationarity/result.json""]","[""686a75e8d62faf50c535b3956a3841b5f3301084cdbc07fb145921368ddb27fb"", ""320207d7a21680926414b387b1b8cd3adcb066bb7fc19106fe58731629d2bffb""]","[""ec55524bc2bfeb59790d0b4935d6f41cd7fa80fcc1e713213625f7301743a54e"", ""1310231bc0e8cfa7827d24c6e16bb1ae55f4c47ed9c416194f0e2ec8627a6231""]",Reaction thermodynamics of separate 1M molecular species; no kinetic barrier or TOF
Fe_macho_pnp_Ph,imine_hydrogenation,370.0,0.41137241072647157,hydrogenated_cat + imine -> active_cat + product_amine,True,True,"[""data/campaign/thermochemistry/Fe_macho_pnp_Ph__hydrogenated/result.json"", ""data/reference_thermochemistry/imine/stationarity/result.json""]","[""data/campaign/thermochemistry/Fe_macho_pnp_Ph__active/result.json"", ""data/reference_thermochemistry/product_amine/stationarity/result.json""]","[""686a75e8d62faf50c535b3956a3841b5f3301084cdbc07fb145921368ddb27fb"", ""320207d7a21680926414b387b1b8cd3adcb066bb7fc19106fe58731629d2bffb""]","[""ec55524bc2bfeb59790d0b4935d6f41cd7fa80fcc1e713213625f7301743a54e"", ""1310231bc0e8cfa7827d24c6e16bb1ae55f4c47ed9c416194f0e2ec8627a6231""]",Reaction thermodynamics of separate 1M molecular species; no kinetic barrier or TOF
Fe_macho_pnp_Ph,imine_hydrogenation,380.0,0.3860547794138256,hydrogenated_cat + imine -> active_cat + product_amine,True,True,"[""data/campaign/thermochemistry/Fe_macho_pnp_Ph__hydrogenated/result.json"", ""data/reference_thermochemistry/imine/stationarity/result.json""]","[""data/campaign/thermochemistry/Fe_macho_pnp_Ph__active/result.json"", ""data/reference_thermochemistry/product_amine/stationarity/result.json""]","[""686a75e8d62faf50c535b3956a3841b5f3301084cdbc07fb145921368ddb27fb"", ""320207d7a21680926414b387b1b8cd3adcb066bb7fc19106fe58731629d2bffb""]","[""ec55524bc2bfeb59790d0b4935d6f41cd7fa80fcc1e713213625f7301743a54e"", ""1310231bc0e8cfa7827d24c6e16bb1ae55f4c47ed9c416194f0e2ec8627a6231""]",Reaction thermodynamics of separate 1M molecular species; no kinetic barrier or TOF
Fe_macho_pnp_Ph,imine_hydrogenation,383.15,0.37811695522395894,hydrogenated_cat + imine -> active_cat + product_amine,True,True,"[""data/campaign/thermochemistry/Fe_macho_pnp_Ph__hydrogenated/result.json"", ""data/reference_thermochemistry/imine/stationarity/result.json""]","[""data/campaign/thermochemistry/Fe_macho_pnp_Ph__active/result.json"", ""data/reference_thermochemistry/product_amine/stationarity/result.json""]","[""686a75e8d62faf50c535b3956a3841b5f3301084cdbc07fb145921368ddb27fb"", ""320207d7a21680926414b387b1b8cd3adcb066bb7fc19106fe58731629d2bffb""]","[""ec55524bc2bfeb59790d0b4935d6f41cd7fa80fcc1e713213625f7301743a54e"", ""1310231bc0e8cfa7827d24c6e16bb1ae55f4c47ed9c416194f0e2ec8627a6231""]",Reaction thermodynamics of separate 1M molecular species; no kinetic barrier or TOF
Fe_macho_pnp_Ph,imine_hydrogenation,390.0,0.3609176939171448,hydrogenated_cat + imine -> active_cat + product_amine,True,True,"[""data/campaign/thermochemistry/Fe_macho_pnp_Ph__hydrogenated/result.json"", ""data/reference_thermochemistry/imine/stationarity/result.json""]","[""data/campaign/thermochemistry/Fe_macho_pnp_Ph__active/result.json"", ""data/reference_thermochemistry/product_amine/stationarity/result.json""]","[""686a75e8d62faf50c535b3956a3841b5f3301084cdbc07fb145921368ddb27fb"", ""320207d7a21680926414b387b1b8cd3adcb066bb7fc19106fe58731629d2bffb""]","[""ec55524bc2bfeb59790d0b4935d6f41cd7fa80fcc1e713213625f7301743a54e"", ""1310231bc0e8cfa7827d24c6e16bb1ae55f4c47ed9c416194f0e2ec8627a6231""]",Reaction thermodynamics of separate 1M molecular species; no kinetic barrier or TOF
Fe_macho_pnp_Ph,imine_hydrogenation,400.0,0.3359645021118922,hydrogenated_cat + imine -> active_cat + product_amine,True,True,"[""data/campaign/thermochemistry/Fe_macho_pnp_Ph__hydrogenated/result.json"", ""data/reference_thermochemistry/imine/stationarity/result.json""]","[""data/campaign/thermochemistry/Fe_macho_pnp_Ph__active/result.json"", ""data/reference_thermochemistry/product_amine/stationarity/result.json""]","[""686a75e8d62faf50c535b3956a3841b5f3301084cdbc07fb145921368ddb27fb"", ""320207d7a21680926414b387b1b8cd3adcb066bb7fc19106fe58731629d2bffb""]","[""ec55524bc2bfeb59790d0b4935d6f41cd7fa80fcc1e713213625f7301743a54e"", ""1310231bc0e8cfa7827d24c6e16bb1ae55f4c47ed9c416194f0e2ec8627a6231""]",Reaction thermodynamics of separate 1M molecular species; no kinetic barrier or TOF
Fe_macho_pnp_Ph,imine_hydrogenation,410.0,0.3111982870505017,hydrogenated_cat + imine -> active_cat + product_amine,True,True,"[""data/campaign/thermochemistry/Fe_macho_pnp_Ph__hydrogenated/result.json"", ""data/reference_thermochemistry/imine/stationarity/result.json""]","[""data/campaign/thermochemistry/Fe_macho_pnp_Ph__active/result.json"", ""data/reference_thermochemistry/product_amine/stationarity/result.json""]","[""686a75e8d62faf50c535b3956a3841b5f3301084cdbc07fb145921368ddb27fb"", ""320207d7a21680926414b387b1b8cd3adcb066bb7fc19106fe58731629d2bffb""]","[""ec55524bc2bfeb59790d0b4935d6f41cd7fa80fcc1e713213625f7301743a54e"", ""1310231bc0e8cfa7827d24c6e16bb1ae55f4c47ed9c416194f0e2ec8627a6231""]",Reaction thermodynamics of separate 1M molecular species; no kinetic barrier or TOF
Fe_macho_pnp_Ph,imine_hydrogenation,420.0,0.28662187035297393,hydrogenated_cat + imine -> active_cat + product_amine,True,True,"[""data/campaign/thermochemistry/Fe_macho_pnp_Ph__hydrogenated/result.json"", ""data/reference_thermochemistry/imine/stationarity/result.json""]","[""data/campaign/thermochemistry/Fe_macho_pnp_Ph__active/result.json"", ""data/reference_thermochemistry/product_amine/stationarity/result.json""]","[""686a75e8d62faf50c535b3956a3841b5f3301084cdbc07fb145921368ddb27fb"", ""320207d7a21680926414b387b1b8cd3adcb066bb7fc19106fe58731629d2bffb""]","[""ec55524bc2bfeb59790d0b4935d6f41cd7fa80fcc1e713213625f7301743a54e"", ""1310231bc0e8cfa7827d24c6e16bb1ae55f4c47ed9c416194f0e2ec8627a6231""]",Reaction thermodynamics of separate 1M molecular species; no kinetic barrier or TOF
Fe_macho_pnp_Ph,imine_hydrogenation,430.0,0.26223781736553065,hydrogenated_cat + imine -> active_cat + product_amine,True,True,"[""data/campaign/thermochemistry/Fe_macho_pnp_Ph__hydrogenated/result.json"", ""data/reference_thermochemistry/imine/stationarity/result.json""]","[""data/campaign/thermochemistry/Fe_macho_pnp_Ph__active/result.json"", ""data/reference_thermochemistry/product_amine/stationarity/result.json""]","[""686a75e8d62faf50c535b3956a3841b5f3301084cdbc07fb145921368ddb27fb"", ""320207d7a21680926414b387b1b8cd3adcb066bb7fc19106fe58731629d2bffb""]","[""ec55524bc2bfeb59790d0b4935d6f41cd7fa80fcc1e713213625f7301743a54e"", ""1310231bc0e8cfa7827d24c6e16bb1ae55f4c47ed9c416194f0e2ec8627a6231""]",Reaction thermodynamics of separate 1M molecular species; no kinetic barrier or TOF
Fe_macho_pnp_Ph,imine_hydrogenation,440.0,0.2380484436507686,hydrogenated_cat + imine -> active_cat + product_amine,True,True,"[""data/campaign/thermochemistry/Fe_macho_pnp_Ph__hydrogenated/result.json"", ""data/reference_thermochemistry/imine/stationarity/result.json""]","[""data/campaign/thermochemistry/Fe_macho_pnp_Ph__active/result.json"", ""data/reference_thermochemistry/product_amine/stationarity/result.json""]","[""686a75e8d62faf50c535b3956a3841b5f3301084cdbc07fb145921368ddb27fb"", ""320207d7a21680926414b387b1b8cd3adcb066bb7fc19106fe58731629d2bffb""]","[""ec55524bc2bfeb59790d0b4935d6f41cd7fa80fcc1e713213625f7301743a54e"", ""1310231bc0e8cfa7827d24c6e16bb1ae55f4c47ed9c416194f0e2ec8627a6231""]",Reaction thermodynamics of separate 1M molecular species; no kinetic barrier or TOF
Fe_macho_pnp_iPr,alcohol_dehydrogenation,298.15,-3.8124220179906843,active_cat + benzyl_alcohol -> hydrogenated_cat + benzaldehyde,True,True,"[""data/campaign/thermochemistry_identity_replacements/Fe_macho_pnp_iPr__active/result.json"", ""data/reference_thermochemistry/benzyl_alcohol/stationarity/result.json""]","[""data/campaign/thermochemistry/Fe_macho_pnp_iPr__hydrogenated/result.json"", ""data/reference_thermochemistry/benzaldehyde/stationarity/result.json""]","[""482211776866964d0723ae4e386827f05a91295f37e5023cc616450bc494ab12"", ""f4897da33f477e49dfa225e23571ab1376182c83d5412b994134a99a99cc75c0""]","[""0758f1daa4f890a37ec77d90b7e595bb46f4dafd3ec7d836667740c0f1c3d2e0"", ""e7292b48e5f27218094b119118595a7fc0b25d93db34b114bb0582e7ad8b60b9""]",Reaction thermodynamics of separate 1M molecular species; no kinetic barrier or TOF
Fe_macho_pnp_iPr,alcohol_dehydrogenation,340.0,-3.73373450048166,active_cat + benzyl_alcohol -> hydrogenated_cat + benzaldehyde,True,True,"[""data/campaign/thermochemistry_identity_replacements/Fe_macho_pnp_iPr__active/result.json"", ""data/reference_thermochemistry/benzyl_alcohol/stationarity/result.json""]","[""data/campaign/thermochemistry/Fe_macho_pnp_iPr__hydrogenated/result.json"", ""data/reference_thermochemistry/benzaldehyde/stationarity/result.json""]","[""482211776866964d0723ae4e386827f05a91295f37e5023cc616450bc494ab12"", ""f4897da33f477e49dfa225e23571ab1376182c83d5412b994134a99a99cc75c0""]","[""0758f1daa4f890a37ec77d90b7e595bb46f4dafd3ec7d836667740c0f1c3d2e0"", ""e7292b48e5f27218094b119118595a7fc0b25d93db34b114bb0582e7ad8b60b9""]",Reaction thermodynamics of separate 1M molecular species; no kinetic barrier or TOF
Fe_macho_pnp_iPr,alcohol_dehydrogenation,350.0,-3.7152576615953876,active_cat + benzyl_alcohol -> hydrogenated_cat + benzaldehyde,True,True,"[""data/campaign/thermochemistry_identity_replacements/Fe_macho_pnp_iPr__active/result.json"", ""data/reference_thermochemistry/benzyl_alcohol/stationarity/result.json""]","[""data/campaign/thermochemistry/Fe_macho_pnp_iPr__hydrogenated/result.json"", ""data/reference_thermochemistry/benzaldehyde/stationarity/result.json""]","[""482211776866964d0723ae4e386827f05a91295f37e5023cc616450bc494ab12"", ""f4897da33f477e49dfa225e23571ab1376182c83d5412b994134a99a99cc75c0""]","[""0758f1daa4f890a37ec77d90b7e595bb46f4dafd3ec7d836667740c0f1c3d2e0"", ""e7292b48e5f27218094b119118595a7fc0b25d93db34b114bb0582e7ad8b60b9""]",Reaction thermodynamics of separate 1M molecular species; no kinetic barrier or TOF
Fe_macho_pnp_iPr,alcohol_dehydrogenation,360.0,-3.6969160130411183,active_cat + benzyl_alcohol -> hydrogenated_cat + benzaldehyde,True,True,"[""data/campaign/thermochemistry_identity_replacements/Fe_macho_pnp_iPr__active/result.json"", ""data/reference_thermochemistry/benzyl_alcohol/stationarity/result.json""]","[""data/campaign/thermochemistry/Fe_macho_pnp_iPr__hydrogenated/result.json"", ""data/reference_thermochemistry/benzaldehyde/stationarity/result.json""]","[""482211776866964d0723ae4e386827f05a91295f37e5023cc616450bc494ab12"", ""f4897da33f477e49dfa225e23571ab1376182c83d5412b994134a99a99cc75c0""]","[""0758f1daa4f890a37ec77d90b7e595bb46f4dafd3ec7d836667740c0f1c3d2e0"", ""e7292b48e5f27218094b119118595a7fc0b25d93db34b114bb0582e7ad8b60b9""]",Reaction thermodynamics of separate 1M molecular species; no kinetic barrier or TOF
Fe_macho_pnp_iPr,alcohol_dehydrogenation,370.0,-3.6787134496134968,active_cat + benzyl_alcohol -> hydrogenated_cat + benzaldehyde,True,True,"[""data/campaign/thermochemistry_identity_replacements/Fe_macho_pnp_iPr__active/result.json"", ""data/reference_thermochemistry/benzyl_alcohol/stationarity/result.json""]","[""data/campaign/thermochemistry/Fe_macho_pnp_iPr__hydrogenated/result.json"", ""data/reference_thermochemistry/benzaldehyde/stationarity/result.json""]","[""482211776866964d0723ae4e386827f05a91295f37e5023cc616450bc494ab12"", ""f4897da33f477e49dfa225e23571ab1376182c83d5412b994134a99a99cc75c0""]","[""0758f1daa4f890a37ec77d90b7e595bb46f4dafd3ec7d836667740c0f1c3d2e0"", ""e7292b48e5f27218094b119118595a7fc0b25d93db34b114bb0582e7ad8b60b9""]",Reaction thermodynamics of separate 1M molecular species; no kinetic barrier or TOF
Fe_macho_pnp_iPr,alcohol_dehydrogenation,380.0,-3.6606535038572474,active_cat + benzyl_alcohol -> hydrogenated_cat + benzaldehyde,True,True,"[""data/campaign/thermochemistry_identity_replacements/Fe_macho_pnp_iPr__active/result.json"", ""data/reference_thermochemistry/benzyl_alcohol/stationarity/result.json""]","[""data/campaign/thermochemistry/Fe_macho_pnp_iPr__hydrogenated/result.json"", ""data/reference_thermochemistry/benzaldehyde/stationarity/result.json""]","[""482211776866964d0723ae4e386827f05a91295f37e5023cc616450bc494ab12"", ""f4897da33f477e49dfa225e23571ab1376182c83d5412b994134a99a99cc75c0""]","[""0758f1daa4f890a37ec77d90b7e595bb46f4dafd3ec7d836667740c0f1c3d2e0"", ""e7292b48e5f27218094b119118595a7fc0b25d93db34b114bb0582e7ad8b60b9""]",Reaction thermodynamics of separate 1M molecular species; no kinetic barrier or TOF
Fe_macho_pnp_iPr,alcohol_dehydrogenation,383.15,-3.654994680058735,active_cat + benzyl_alcohol -> hydrogenated_cat + benzaldehyde,True,True,"[""data/campaign/thermochemistry_identity_replacements/Fe_macho_pnp_iPr__active/result.json"", ""data/reference_thermochemistry/benzyl_alcohol/stationarity/result.json""]","[""data/campaign/thermochemistry/Fe_macho_pnp_iPr__hydrogenated/result.json"", ""data/reference_thermochemistry/benzaldehyde/stationarity/result.json""]","[""482211776866964d0723ae4e386827f05a91295f37e5023cc616450bc494ab12"", ""f4897da33f477e49dfa225e23571ab1376182c83d5412b994134a99a99cc75c0""]","[""0758f1daa4f890a37ec77d90b7e595bb46f4dafd3ec7d836667740c0f1c3d2e0"", ""e7292b48e5f27218094b119118595a7fc0b25d93db34b114bb0582e7ad8b60b9""]",Reaction thermodynamics of separate 1M molecular species; no kinetic barrier or TOF
Fe_macho_pnp_iPr,alcohol_dehydrogenation,390.0,-3.6427393857829884,active_cat + benzyl_alcohol -> hydrogenated_cat + benzaldehyde,True,True,"[""data/campaign/thermochemistry_identity_replacements/Fe_macho_pnp_iPr__active/result.json"", ""data/reference_thermochemistry/benzyl_alcohol/stationarity/result.json""]","[""data/campaign/thermochemistry/Fe_macho_pnp_iPr__hydrogenated/result.json"", ""data/reference_thermochemistry/benzaldehyde/stationarity/result.json""]","[""482211776866964d0723ae4e386827f05a91295f37e5023cc616450bc494ab12"", ""f4897da33f477e49dfa225e23571ab1376182c83d5412b994134a99a99cc75c0""]","[""0758f1daa4f890a37ec77d90b7e595bb46f4dafd3ec7d836667740c0f1c3d2e0"", ""e7292b48e5f27218094b119118595a7fc0b25d93db34b114bb0582e7ad8b60b9""]",Reaction thermodynamics of separate 1M molecular species; no kinetic barrier or TOF
Fe_macho_pnp_iPr,alcohol_dehydrogenation,400.0,-3.6249740172843303,active_cat + benzyl_alcohol -> hydrogenated_cat + benzaldehyde,True,True,"[""data/campaign/thermochemistry_identity_replacements/Fe_macho_pnp_iPr__active/result.json"", ""data/reference_thermochemistry/benzyl_alcohol/stationarity/result.json""]","[""data/campaign/thermochemistry/Fe_macho_pnp_iPr__hydrogenated/result.json"", ""data/reference_thermochemistry/benzaldehyde/stationarity/result.json""]","[""482211776866964d0723ae4e386827f05a91295f37e5023cc616450bc494ab12"", ""f4897da33f477e49dfa225e23571ab1376182c83d5412b994134a99a99cc75c0""]","[""0758f1daa4f890a37ec77d90b7e595bb46f4dafd3ec7d836667740c0f1c3d2e0"", ""e7292b48e5f27218094b119118595a7fc0b25d93db34b114bb0582e7ad8b60b9""]",Reaction thermodynamics of separate 1M molecular species; no kinetic barrier or TOF
Fe_macho_pnp_iPr,alcohol_dehydrogenation,410.0,-3.6073600619420176,active_cat + benzyl_alcohol -> hydrogenated_cat + benzaldehyde,True,True,"[""data/campaign/thermochemistry_identity_replacements/Fe_macho_pnp_iPr__active/result.json"", ""data/reference_thermochemistry/benzyl_alcohol/stationarity/result.json""]","[""data/campaign/thermochemistry/Fe_macho_pnp_iPr__hydrogenated/result.json"", ""data/reference_thermochemistry/benzaldehyde/stationarity/result.json""]","[""482211776866964d0723ae4e386827f05a91295f37e5023cc616450bc494ab12"", ""f4897da33f477e49dfa225e23571ab1376182c83d5412b994134a99a99cc75c0""]","[""0758f1daa4f890a37ec77d90b7e595bb46f4dafd3ec7d836667740c0f1c3d2e0"", ""e7292b48e5f27218094b119118595a7fc0b25d93db34b114bb0582e7ad8b60b9""]",Reaction thermodynamics of separate 1M molecular species; no kinetic barrier or TOF
Fe_macho_pnp_iPr,alcohol_dehydrogenation,420.0,-3.5898999502660445,active_cat + benzyl_alcohol -> hydrogenated_cat + benzaldehyde,True,True,"[""data/campaign/thermochemistry_identity_replacements/Fe_macho_pnp_iPr__active/result.json"", ""data/reference_thermochemistry/benzyl_alcohol/stationarity/result.json""]","[""data/campaign/thermochemistry/Fe_macho_pnp_iPr__hydrogenated/result.json"", ""data/reference_thermochemistry/benzaldehyde/stationarity/result.json""]","[""482211776866964d0723ae4e386827f05a91295f37e5023cc616450bc494ab12"", ""f4897da33f477e49dfa225e23571ab1376182c83d5412b994134a99a99cc75c0""]","[""0758f1daa4f890a37ec77d90b7e595bb46f4dafd3ec7d836667740c0f1c3d2e0"", ""e7292b48e5f27218094b119118595a7fc0b25d93db34b114bb0582e7ad8b60b9""]",Reaction thermodynamics of separate 1M molecular species; no kinetic barrier or TOF
Fe_macho_pnp_iPr,alcohol_dehydrogenation,430.0,-3.572595901259774,active_cat + benzyl_alcohol -> hydrogenated_cat + benzaldehyde,True,True,"[""data/campaign/thermochemistry_identity_replacements/Fe_macho_pnp_iPr__active/result.json"", ""data/reference_thermochemistry/benzyl_alcohol/stationarity/result.json""]","[""data/campaign/thermochemistry/Fe_macho_pnp_iPr__hydrogenated/result.json"", ""data/reference_thermochemistry/benzaldehyde/stationarity/result.json""]","[""482211776866964d0723ae4e386827f05a91295f37e5023cc616450bc494ab12"", ""f4897da33f477e49dfa225e23571ab1376182c83d5412b994134a99a99cc75c0""]","[""0758f1daa4f890a37ec77d90b7e595bb46f4dafd3ec7d836667740c0f1c3d2e0"", ""e7292b48e5f27218094b119118595a7fc0b25d93db34b114bb0582e7ad8b60b9""]",Reaction thermodynamics of separate 1M molecular species; no kinetic barrier or TOF
Fe_macho_pnp_iPr,alcohol_dehydrogenation,440.0,-3.555449940457038,active_cat + benzyl_alcohol -> hydrogenated_cat + benzaldehyde,True,True,"[""data/campaign/thermochemistry_identity_replacements/Fe_macho_pnp_iPr__active/result.json"", ""data/reference_thermochemistry/benzyl_alcohol/stationarity/result.json""]","[""data/campaign/thermochemistry/Fe_macho_pnp_iPr__hydrogenated/result.json"", ""data/reference_thermochemistry/benzaldehyde/stationarity/result.json""]","[""482211776866964d0723ae4e386827f05a91295f37e5023cc616450bc494ab12"", ""f4897da33f477e49dfa225e23571ab1376182c83d5412b994134a99a99cc75c0""]","[""0758f1daa4f890a37ec77d90b7e595bb46f4dafd3ec7d836667740c0f1c3d2e0"", ""e7292b48e5f27218094b119118595a7fc0b25d93db34b114bb0582e7ad8b60b9""]",Reaction thermodynamics of separate 1M molecular species; no kinetic barrier or TOF
Fe_macho_pnp_iPr,separated_ion_deprotonation,298.15,-60.26181214418102,protonated_cat(+) + tert_butoxide(-) -> active_cat + tert_butanol,True,True,"[""data/campaign/thermochemistry/Fe_macho_pnp_iPr__protonated_reference/result.json"", ""data/reference_thermochemistry/tert_butoxide_anion/stationarity/result.json""]","[""data/campaign/thermochemistry_identity_replacements/Fe_macho_pnp_iPr__active/result.json"", ""data/reference_thermochemistry/tert_butanol/stationarity/result.json""]","[""23eb790ddaff88badb6b0c8085a17716c2fb051cee5acad392493fb28530ef3d"", ""d212e4231d6b932ee1d5bcd7336d05f49a5bd740e5762fb2e2806c3cb8018b82""]","[""482211776866964d0723ae4e386827f05a91295f37e5023cc616450bc494ab12"", ""528ce6cef516220b49746927b16e66a325ccc5797a749a09e16cf5dfe6b1bd99""]",Separated-ion reference only; does not establish dissolved tBuOK salt speciation or ion pairing
Fe_macho_pnp_iPr,separated_ion_deprotonation,340.0,-60.421828986398396,protonated_cat(+) + tert_butoxide(-) -> active_cat + tert_butanol,True,True,"[""data/campaign/thermochemistry/Fe_macho_pnp_iPr__protonated_reference/result.json"", ""data/reference_thermochemistry/tert_butoxide_anion/stationarity/result.json""]","[""data/campaign/thermochemistry_identity_replacements/Fe_macho_pnp_iPr__active/result.json"", ""data/reference_thermochemistry/tert_butanol/stationarity/result.json""]","[""23eb790ddaff88badb6b0c8085a17716c2fb051cee5acad392493fb28530ef3d"", ""d212e4231d6b932ee1d5bcd7336d05f49a5bd740e5762fb2e2806c3cb8018b82""]","[""482211776866964d0723ae4e386827f05a91295f37e5023cc616450bc494ab12"", ""528ce6cef516220b49746927b16e66a325ccc5797a749a09e16cf5dfe6b1bd99""]",Separated-ion reference only; does not establish dissolved tBuOK salt speciation or ion pairing
Fe_macho_pnp_iPr,separated_ion_deprotonation,350.0,-60.460497866133665,protonated_cat(+) + tert_butoxide(-) -> active_cat + tert_butanol,True,True,"[""data/campaign/thermochemistry/Fe_macho_pnp_iPr__protonated_reference/result.json"", ""data/reference_thermochemistry/tert_butoxide_anion/stationarity/result.json""]","[""data/campaign/thermochemistry_identity_replacements/Fe_macho_pnp_iPr__active/result.json"", ""data/reference_thermochemistry/tert_butanol/stationarity/result.json""]","[""23eb790ddaff88badb6b0c8085a17716c2fb051cee5acad392493fb28530ef3d"", ""d212e4231d6b932ee1d5bcd7336d05f49a5bd740e5762fb2e2806c3cb8018b82""]","[""482211776866964d0723ae4e386827f05a91295f37e5023cc616450bc494ab12"", ""528ce6cef516220b49746927b16e66a325ccc5797a749a09e16cf5dfe6b1bd99""]",Separated-ion reference only; does not establish dissolved tBuOK salt speciation or ion pairing
Fe_macho_pnp_iPr,separated_ion_deprotonation,360.0,-60.49928962196282,protonated_cat(+) + tert_butoxide(-) -> active_cat + tert_butanol,True,True,"[""data/campaign/thermochemistry/Fe_macho_pnp_iPr__protonated_reference/result.json"", ""data/reference_thermochemistry/tert_butoxide_anion/stationarity/result.json""]","[""data/campaign/thermochemistry_identity_replacements/Fe_macho_pnp_iPr__active/result.json"", ""data/reference_thermochemistry/tert_butanol/stationarity/result.json""]","[""23eb790ddaff88badb6b0c8085a17716c2fb051cee5acad392493fb28530ef3d"", ""d212e4231d6b932ee1d5bcd7336d05f49a5bd740e5762fb2e2806c3cb8018b82""]","[""482211776866964d0723ae4e386827f05a91295f37e5023cc616450bc494ab12"", ""528ce6cef516220b49746927b16e66a325ccc5797a749a09e16cf5dfe6b1bd99""]",Separated-ion reference only; does not establish dissolved tBuOK salt speciation or ion pairing
Fe_macho_pnp_iPr,separated_ion_deprotonation,370.0,-60.53818685076294,protonated_cat(+) + tert_butoxide(-) -> active_cat + tert_butanol,True,True,"[""data/campaign/thermochemistry/Fe_macho_pnp_iPr__protonated_reference/result.json"", ""data/reference_thermochemistry/tert_butoxide_anion/stationarity/result.json""]","[""data/campaign/thermochemistry_identity_replacements/Fe_macho_pnp_iPr__active/result.json"", ""data/reference_thermochemistry/tert_butanol/stationarity/result.json""]","[""23eb790ddaff88badb6b0c8085a17716c2fb051cee5acad392493fb28530ef3d"", ""d212e4231d6b932ee1d5bcd7336d05f49a5bd740e5762fb2e2806c3cb8018b82""]","[""482211776866964d0723ae4e386827f05a91295f37e5023cc616450bc494ab12"", ""528ce6cef516220b49746927b16e66a325ccc5797a749a09e16cf5dfe6b1bd99""]",Separated-ion reference only; does not establish dissolved tBuOK salt speciation or ion pairing
Fe_macho_pnp_iPr,separated_ion_deprotonation,380.0,-60.577174056639706,protonated_cat(+) + tert_butoxide(-) -> active_cat + tert_butanol,True,True,"[""data/campaign/thermochemistry/Fe_macho_pnp_iPr__protonated_reference/result.json"", ""data/reference_thermochemistry/tert_butoxide_anion/stationarity/result.json""]","[""data/campaign/thermochemistry_identity_replacements/Fe_macho_pnp_iPr__active/result.json"", ""data/reference_thermochemistry/tert_butanol/stationarity/result.json""]","[""23eb790ddaff88badb6b0c8085a17716c2fb051cee5acad392493fb28530ef3d"", ""d212e4231d6b932ee1d5bcd7336d05f49a5bd740e5762fb2e2806c3cb8018b82""]","[""482211776866964d0723ae4e386827f05a91295f37e5023cc616450bc494ab12"", ""528ce6cef516220b49746927b16e66a325ccc5797a749a09e16cf5dfe6b1bd99""]",Separated-ion reference only; does not establish dissolved tBuOK salt speciation or ion pairing
Fe_macho_pnp_iPr,separated_ion_deprotonation,383.15,-60.589471416671586,protonated_cat(+) + tert_butoxide(-) -> active_cat + tert_butanol,True,True,"[""data/campaign/thermochemistry/Fe_macho_pnp_iPr__protonated_reference/result.json"", ""data/reference_thermochemistry/tert_butoxide_anion/stationarity/result.json""]","[""data/campaign/thermochemistry_identity_replacements/Fe_macho_pnp_iPr__active/result.json"", ""data/reference_thermochemistry/tert_butanol/stationarity/result.json""]","[""23eb790ddaff88badb6b0c8085a17716c2fb051cee5acad392493fb28530ef3d"", ""d212e4231d6b932ee1d5bcd7336d05f49a5bd740e5762fb2e2806c3cb8018b82""]","[""482211776866964d0723ae4e386827f05a91295f37e5023cc616450bc494ab12"", ""528ce6cef516220b49746927b16e66a325ccc5797a749a09e16cf5dfe6b1bd99""]",Separated-ion reference only; does not establish dissolved tBuOK salt speciation or ion pairing
Fe_macho_pnp_iPr,separated_ion_deprotonation,390.0,-60.61623746672012,protonated_cat(+) + tert_butoxide(-) -> active_cat + tert_butanol,True,True,"[""data/campaign/thermochemistry/Fe_macho_pnp_iPr__protonated_reference/result.json"", ""data/reference_thermochemistry/tert_butoxide_anion/stationarity/result.json""]","[""data/campaign/thermochemistry_identity_replacements/Fe_macho_pnp_iPr__active/result.json"", ""data/reference_thermochemistry/tert_butanol/stationarity/result.json""]","[""23eb790ddaff88badb6b0c8085a17716c2fb051cee5acad392493fb28530ef3d"", ""d212e4231d6b932ee1d5bcd7336d05f49a5bd740e5762fb2e2806c3cb8018b82""]","[""482211776866964d0723ae4e386827f05a91295f37e5023cc616450bc494ab12"", ""528ce6cef516220b49746927b16e66a325ccc5797a749a09e16cf5dfe6b1bd99""]",Separated-ion reference only; does not establish dissolved tBuOK salt speciation or ion pairing
Fe_macho_pnp_iPr,separated_ion_deprotonation,400.0,-60.65536485995108,protonated_cat(+) + tert_butoxide(-) -> active_cat + tert_butanol,True,True,"[""data/campaign/thermochemistry/Fe_macho_pnp_iPr__protonated_reference/result.json"", ""data/reference_thermochemistry/tert_butoxide_anion/stationarity/result.json""]","[""data/campaign/thermochemistry_identity_replacements/Fe_macho_pnp_iPr__active/result.json"", ""data/reference_thermochemistry/tert_butanol/stationarity/result.json""]","[""23eb790ddaff88badb6b0c8085a17716c2fb051cee5acad392493fb28530ef3d"", ""d212e4231d6b932ee1d5bcd7336d05f49a5bd740e5762fb2e2806c3cb8018b82""]","[""482211776866964d0723ae4e386827f05a91295f37e5023cc616450bc494ab12"", ""528ce6cef516220b49746927b16e66a325ccc5797a749a09e16cf5dfe6b1bd99""]",Separated-ion reference only; does not establish dissolved tBuOK salt speciation or ion pairing
Fe_macho_pnp_iPr,separated_ion_deprotonation,410.0,-60.69454540887273,protonated_cat(+) + tert_butoxide(-) -> active_cat + tert_butanol,True,True,"[""data/campaign/thermochemistry/Fe_macho_pnp_iPr__protonated_reference/result.json"", ""data/reference_thermochemistry/tert_butoxide_anion/stationarity/result.json""]","[""data/campaign/thermochemistry_identity_replacements/Fe_macho_pnp_iPr__active/result.json"", ""data/reference_thermochemistry/tert_butanol/stationarity/result.json""]","[""23eb790ddaff88badb6b0c8085a17716c2fb051cee5acad392493fb28530ef3d"", ""d212e4231d6b932ee1d5bcd7336d05f49a5bd740e5762fb2e2806c3cb8018b82""]","[""482211776866964d0723ae4e386827f05a91295f37e5023cc616450bc494ab12"", ""528ce6cef516220b49746927b16e66a325ccc5797a749a09e16cf5dfe6b1bd99""]",Separated-ion reference only; does not establish dissolved tBuOK salt speciation or ion pairing
Fe_macho_pnp_iPr,separated_ion_deprotonation,420.0,-60.73376953407933,protonated_cat(+) + tert_butoxide(-) -> active_cat + tert_butanol,True,True,"[""data/campaign/thermochemistry/Fe_macho_pnp_iPr__protonated_reference/result.json"", ""data/reference_thermochemistry/tert_butoxide_anion/stationarity/result.json""]","[""data/campaign/thermochemistry_identity_replacements/Fe_macho_pnp_iPr__active/result.json"", ""data/reference_thermochemistry/tert_butanol/stationarity/result.json""]","[""23eb790ddaff88badb6b0c8085a17716c2fb051cee5acad392493fb28530ef3d"", ""d212e4231d6b932ee1d5bcd7336d05f49a5bd740e5762fb2e2806c3cb8018b82""]","[""482211776866964d0723ae4e386827f05a91295f37e5023cc616450bc494ab12"", ""528ce6cef516220b49746927b16e66a325ccc5797a749a09e16cf5dfe6b1bd99""]",Separated-ion reference only; does not establish dissolved tBuOK salt speciation or ion pairing
Fe_macho_pnp_iPr,separated_ion_deprotonation,430.0,-60.773028771027384,protonated_cat(+) + tert_butoxide(-) -> active_cat + tert_butanol,True,True,"[""data/campaign/thermochemistry/Fe_macho_pnp_iPr__protonated_reference/result.json"", ""data/reference_thermochemistry/tert_butoxide_anion/stationarity/result.json""]","[""data/campaign/thermochemistry_identity_replacements/Fe_macho_pnp_iPr__active/result.json"", ""data/reference_thermochemistry/tert_butanol/stationarity/result.json""]","[""23eb790ddaff88badb6b0c8085a17716c2fb051cee5acad392493fb28530ef3d"", ""d212e4231d6b932ee1d5bcd7336d05f49a5bd740e5762fb2e2806c3cb8018b82""]","[""482211776866964d0723ae4e386827f05a91295f37e5023cc616450bc494ab12"", ""528ce6cef516220b49746927b16e66a325ccc5797a749a09e16cf5dfe6b1bd99""]",Separated-ion reference only; does not establish dissolved tBuOK salt speciation or ion pairing
Fe_macho_pnp_iPr,separated_ion_deprotonation,440.0,-60.812315648745425,protonated_cat(+) + tert_butoxide(-) -> active_cat + tert_butanol,True,True,"[""data/campaign/thermochemistry/Fe_macho_pnp_iPr__protonated_reference/result.json"", ""data/reference_thermochemistry/tert_butoxide_anion/stationarity/result.json""]","[""data/campaign/thermochemistry_identity_replacements/Fe_macho_pnp_iPr__active/result.json"", ""data/reference_thermochemistry/tert_butanol/stationarity/result.json""]","[""23eb790ddaff88badb6b0c8085a17716c2fb051cee5acad392493fb28530ef3d"", ""d212e4231d6b932ee1d5bcd7336d05f49a5bd740e5762fb2e2806c3cb8018b82""]","[""482211776866964d0723ae4e386827f05a91295f37e5023cc616450bc494ab12"", ""528ce6cef516220b49746927b16e66a325ccc5797a749a09e16cf5dfe6b1bd99""]",Separated-ion reference only; does not establish dissolved tBuOK salt speciation or ion pairing
Fe_macho_pnp_iPr,imine_hydrogenation,298.15,1.4371477346685424,hydrogenated_cat + imine -> active_cat + product_amine,True,True,"[""data/campaign/thermochemistry/Fe_macho_pnp_iPr__hydrogenated/result.json"", ""data/reference_thermochemistry/imine/stationarity/result.json""]","[""data/campaign/thermochemistry_identity_replacements/Fe_macho_pnp_iPr__active/result.json"", ""data/reference_thermochemistry/product_amine/stationarity/result.json""]","[""0758f1daa4f890a37ec77d90b7e595bb46f4dafd3ec7d836667740c0f1c3d2e0"", ""320207d7a21680926414b387b1b8cd3adcb066bb7fc19106fe58731629d2bffb""]","[""482211776866964d0723ae4e386827f05a91295f37e5023cc616450bc494ab12"", ""1310231bc0e8cfa7827d24c6e16bb1ae55f4c47ed9c416194f0e2ec8627a6231""]",Reaction thermodynamics of separate 1M molecular species; no kinetic barrier or TOF
Fe_macho_pnp_iPr,imine_hydrogenation,340.0,1.4211911841375695,hydrogenated_cat + imine -> active_cat + product_amine,True,True,"[""data/campaign/thermochemistry/Fe_macho_pnp_iPr__hydrogenated/result.json"", ""data/reference_thermochemistry/imine/stationarity/result.json""]","[""data/campaign/thermochemistry_identity_replacements/Fe_macho_pnp_iPr__active/result.json"", ""data/reference_thermochemistry/product_amine/stationarity/result.json""]","[""0758f1daa4f890a37ec77d90b7e595bb46f4dafd3ec7d836667740c0f1c3d2e0"", ""320207d7a21680926414b387b1b8cd3adcb066bb7fc19106fe58731629d2bffb""]","[""482211776866964d0723ae4e386827f05a91295f37e5023cc616450bc494ab12"", ""1310231bc0e8cfa7827d24c6e16bb1ae55f4c47ed9c416194f0e2ec8627a6231""]",Reaction thermodynamics of separate 1M molecular species; no kinetic barrier or TOF
Fe_macho_pnp_iPr,imine_hydrogenation,350.0,1.4174618684774032,hydrogenated_cat + imine -> active_cat + product_amine,True,True,"[""data/campaign/thermochemistry/Fe_macho_pnp_iPr__hydrogenated/result.json"", ""data/reference_thermochemistry/imine/stationarity/result.json""]","[""data/campaign/thermochemistry_identity_replacements/Fe_macho_pnp_iPr__active/result.json"", ""data/reference_thermochemistry/product_amine/stationarity/result.json""]","[""0758f1daa4f890a37ec77d90b7e595bb46f4dafd3ec7d836667740c0f1c3d2e0"", ""320207d7a21680926414b387b1b8cd3adcb066bb7fc19106fe58731629d2bffb""]","[""482211776866964d0723ae4e386827f05a91295f37e5023cc616450bc494ab12"", ""1310231bc0e8cfa7827d24c6e16bb1ae55f4c47ed9c416194f0e2ec8627a6231""]",Reaction thermodynamics of separate 1M molecular species; no kinetic barrier or TOF
Fe_macho_pnp_iPr,imine_hydrogenation,360.0,1.4137817261653254,hydrogenated_cat + imine -> active_cat + product_amine,True,True,"[""data/campaign/thermochemistry/Fe_macho_pnp_iPr__hydrogenated/result.json"", ""data/reference_thermochemistry/imine/stationarity/result.json""]","[""data/campaign/thermochemistry_identity_replacements/Fe_macho_pnp_iPr__active/result.json"", ""data/reference_thermochemistry/product_amine/stationarity/result.json""]","[""0758f1daa4f890a37ec77d90b7e595bb46f4dafd3ec7d836667740c0f1c3d2e0"", ""320207d7a21680926414b387b1b8cd3adcb066bb7fc19106fe58731629d2bffb""]","[""482211776866964d0723ae4e386827f05a91295f37e5023cc616450bc494ab12"", ""1310231bc0e8cfa7827d24c6e16bb1ae55f4c47ed9c416194f0e2ec8627a6231""]",Reaction thermodynamics of separate 1M molecular species; no kinetic barrier or TOF
Fe_macho_pnp_iPr,imine_hydrogenation,370.0,1.4101580652677512,hydrogenated_cat + imine -> active_cat + product_amine,True,True,"[""data/campaign/thermochemistry/Fe_macho_pnp_iPr__hydrogenated/result.json"", ""data/reference_thermochemistry/imine/stationarity/result.json""]","[""data/campaign/thermochemistry_identity_replacements/Fe_macho_pnp_iPr__active/result.json"", ""data/reference_thermochemistry/product_amine/stationarity/result.json""]","[""0758f1daa4f890a37ec77d90b7e595bb46f4dafd3ec7d836667740c0f1c3d2e0"", ""320207d7a21680926414b387b1b8cd3adcb066bb7fc19106fe58731629d2bffb""]","[""482211776866964d0723ae4e386827f05a91295f37e5023cc616450bc494ab12"", ""1310231bc0e8cfa7827d24c6e16bb1ae55f4c47ed9c416194f0e2ec8627a6231""]",Reaction thermodynamics of separate 1M molecular species; no kinetic barrier or TOF
Fe_macho_pnp_iPr,imine_hydrogenation,380.0,1.4065976837409835,hydrogenated_cat + imine -> active_cat + product_amine,True,True,"[""data/campaign/thermochemistry/Fe_macho_pnp_iPr__hydrogenated/result.json"", ""data/reference_thermochemistry/imine/stationarity/result.json""]","[""data/campaign/thermochemistry_identity_replacements/Fe_macho_pnp_iPr__active/result.json"", ""data/reference_thermochemistry/product_amine/stationarity/result.json""]","[""0758f1daa4f890a37ec77d90b7e595bb46f4dafd3ec7d836667740c0f1c3d2e0"", ""320207d7a21680926414b387b1b8cd3adcb066bb7fc19106fe58731629d2bffb""]","[""482211776866964d0723ae4e386827f05a91295f37e5023cc616450bc494ab12"", ""1310231bc0e8cfa7827d24c6e16bb1ae55f4c47ed9c416194f0e2ec8627a6231""]",Reaction thermodynamics of separate 1M molecular species; no kinetic barrier or TOF
Fe_macho_pnp_iPr,imine_hydrogenation,383.15,1.4054902899006265,hydrogenated_cat + imine -> active_cat + product_amine,True,True,"[""data/campaign/thermochemistry/Fe_macho_pnp_iPr__hydrogenated/result.json"", ""data/reference_thermochemistry/imine/stationarity/result.json""]","[""data/campaign/thermochemistry_identity_replacements/Fe_macho_pnp_iPr__active/result.json"", ""data/reference_thermochemistry/product_amine/stationarity/result.json""]","[""0758f1daa4f890a37ec77d90b7e595bb46f4dafd3ec7d836667740c0f1c3d2e0"", ""320207d7a21680926414b387b1b8cd3adcb066bb7fc19106fe58731629d2bffb""]","[""482211776866964d0723ae4e386827f05a91295f37e5023cc616450bc494ab12"", ""1310231bc0e8cfa7827d24c6e16bb1ae55f4c47ed9c416194f0e2ec8627a6231""]",Reaction thermodynamics of separate 1M molecular species; no kinetic barrier or TOF
Fe_macho_pnp_iPr,imine_hydrogenation,390.0,1.4031068829535798,hydrogenated_cat + imine -> active_cat + product_amine,True,True,"[""data/campaign/thermochemistry/Fe_macho_pnp_iPr__hydrogenated/result.json"", ""data/reference_thermochemistry/imine/stationarity/result.json""]","[""data/campaign/thermochemistry_identity_replacements/Fe_macho_pnp_iPr__active/result.json"", ""data/reference_thermochemistry/product_amine/stationarity/result.json""]","[""0758f1daa4f890a37ec77d90b7e595bb46f4dafd3ec7d836667740c0f1c3d2e0"", ""320207d7a21680926414b387b1b8cd3adcb066bb7fc19106fe58731629d2bffb""]","[""482211776866964d0723ae4e386827f05a91295f37e5023cc616450bc494ab12"", ""1310231bc0e8cfa7827d24c6e16bb1ae55f4c47ed9c416194f0e2ec8627a6231""]",Reaction thermodynamics of separate 1M molecular species; no kinetic barrier or TOF
Fe_macho_pnp_iPr,imine_hydrogenation,400.0,1.3996914850795292,hydrogenated_cat + imine -> active_cat + product_amine,True,True,"[""data/campaign/thermochemistry/Fe_macho_pnp_iPr__hydrogenated/result.json"", ""data/reference_thermochemistry/imine/stationarity/result.json""]","[""data/campaign/thermochemistry_identity_replacements/Fe_macho_pnp_iPr__active/result.json"", ""data/reference_thermochemistry/product_amine/stationarity/result.json""]","[""0758f1daa4f890a37ec77d90b7e595bb46f4dafd3ec7d836667740c0f1c3d2e0"", ""320207d7a21680926414b387b1b8cd3adcb066bb7fc19106fe58731629d2bffb""]","[""482211776866964d0723ae4e386827f05a91295f37e5023cc616450bc494ab12"", ""1310231bc0e8cfa7827d24c6e16bb1ae55f4c47ed9c416194f0e2ec8627a6231""]",Reaction thermodynamics of separate 1M molecular species; no kinetic barrier or TOF
Fe_macho_pnp_iPr,imine_hydrogenation,410.0,1.39635685309986,hydrogenated_cat + imine -> active_cat + product_amine,True,True,"[""data/campaign/thermochemistry/Fe_macho_pnp_iPr__hydrogenated/result.json"", ""data/reference_thermochemistry/imine/stationarity/result.json""]","[""data/campaign/thermochemistry_identity_replacements/Fe_macho_pnp_iPr__active/result.json"", ""data/reference_thermochemistry/product_amine/stationarity/result.json""]","[""0758f1daa4f890a37ec77d90b7e595bb46f4dafd3ec7d836667740c0f1c3d2e0"", ""320207d7a21680926414b387b1b8cd3adcb066bb7fc19106fe58731629d2bffb""]","[""482211776866964d0723ae4e386827f05a91295f37e5023cc616450bc494ab12"", ""1310231bc0e8cfa7827d24c6e16bb1ae55f4c47ed9c416194f0e2ec8627a6231""]",Reaction thermodynamics of separate 1M molecular species; no kinetic barrier or TOF
Fe_macho_pnp_iPr,imine_hydrogenation,420.0,1.393107912135747,hydrogenated_cat + imine -> active_cat + product_amine,True,True,"[""data/campaign/thermochemistry/Fe_macho_pnp_iPr__hydrogenated/result.json"", ""data/reference_thermochemistry/imine/stationarity/result.json""]","[""data/campaign/thermochemistry_identity_replacements/Fe_macho_pnp_iPr__active/result.json"", ""data/reference_thermochemistry/product_amine/stationarity/result.json""]","[""0758f1daa4f890a37ec77d90b7e595bb46f4dafd3ec7d836667740c0f1c3d2e0"", ""320207d7a21680926414b387b1b8cd3adcb066bb7fc19106fe58731629d2bffb""]","[""482211776866964d0723ae4e386827f05a91295f37e5023cc616450bc494ab12"", ""1310231bc0e8cfa7827d24c6e16bb1ae55f4c47ed9c416194f0e2ec8627a6231""]",Reaction thermodynamics of separate 1M molecular species; no kinetic barrier or TOF
Fe_macho_pnp_iPr,imine_hydrogenation,430.0,1.3899491715455952,hydrogenated_cat + imine -> active_cat + product_amine,True,True,"[""data/campaign/thermochemistry/Fe_macho_pnp_iPr__hydrogenated/result.json"", ""data/reference_thermochemistry/imine/stationarity/result.json""]","[""data/campaign/thermochemistry_identity_replacements/Fe_macho_pnp_iPr__active/result.json"", ""data/reference_thermochemistry/product_amine/stationarity/result.json""]","[""0758f1daa4f890a37ec77d90b7e595bb46f4dafd3ec7d836667740c0f1c3d2e0"", ""320207d7a21680926414b387b1b8cd3adcb066bb7fc19106fe58731629d2bffb""]","[""482211776866964d0723ae4e386827f05a91295f37e5023cc616450bc494ab12"", ""1310231bc0e8cfa7827d24c6e16bb1ae55f4c47ed9c416194f0e2ec8627a6231""]",Reaction thermodynamics of separate 1M molecular species; no kinetic barrier or TOF
Fe_macho_pnp_iPr,imine_hydrogenation,440.0,1.3868847469784669,hydrogenated_cat + imine -> active_cat + product_amine,True,True,"[""data/campaign/thermochemistry/Fe_macho_pnp_iPr__hydrogenated/result.json"", ""data/reference_thermochemistry/imine/stationarity/result.json""]","[""data/campaign/thermochemistry_identity_replacements/Fe_macho_pnp_iPr__active/result.json"", ""data/reference_thermochemistry/product_amine/stationarity/result.json""]","[""0758f1daa4f890a37ec77d90b7e595bb46f4dafd3ec7d836667740c0f1c3d2e0"", ""320207d7a21680926414b387b1b8cd3adcb066bb7fc19106fe58731629d2bffb""]","[""482211776866964d0723ae4e386827f05a91295f37e5023cc616450bc494ab12"", ""1310231bc0e8cfa7827d24c6e16bb1ae55f4c47ed9c416194f0e2ec8627a6231""]",Reaction thermodynamics of separate 1M molecular species; no kinetic barrier or TOF
Fe_pyridine_pnn_Ph,alcohol_dehydrogenation,298.15,-16.124471434648513,active_cat + benzyl_alcohol -> hydrogenated_cat + benzaldehyde,True,True,"[""data/campaign/thermochemistry/Fe_pyridine_pnn_Ph__active/result.json"", ""data/reference_thermochemistry/benzyl_alcohol/stationarity/result.json""]","[""data/campaign/thermochemistry/Fe_pyridine_pnn_Ph__hydrogenated/result.json"", ""data/reference_thermochemistry/benzaldehyde/stationarity/result.json""]","[""671a0eae0187357794cb66dc90c7e505770786186572d92c0f93d4ee563beb35"", ""f4897da33f477e49dfa225e23571ab1376182c83d5412b994134a99a99cc75c0""]","[""761400515eaae15e4e389b05de7a3032b690ce42fa3f51a75b9d76d27978fd21"", ""e7292b48e5f27218094b119118595a7fc0b25d93db34b114bb0582e7ad8b60b9""]",Reaction thermodynamics of separate 1M molecular species; no kinetic barrier or TOF
Fe_pyridine_pnn_Ph,alcohol_dehydrogenation,340.0,-15.897947301938984,active_cat + benzyl_alcohol -> hydrogenated_cat + benzaldehyde,True,True,"[""data/campaign/thermochemistry/Fe_pyridine_pnn_Ph__active/result.json"", ""data/reference_thermochemistry/benzyl_alcohol/stationarity/result.json""]","[""data/campaign/thermochemistry/Fe_pyridine_pnn_Ph__hydrogenated/result.json"", ""data/reference_thermochemistry/benzaldehyde/stationarity/result.json""]","[""671a0eae0187357794cb66dc90c7e505770786186572d92c0f93d4ee563beb35"", ""f4897da33f477e49dfa225e23571ab1376182c83d5412b994134a99a99cc75c0""]","[""761400515eaae15e4e389b05de7a3032b690ce42fa3f51a75b9d76d27978fd21"", ""e7292b48e5f27218094b119118595a7fc0b25d93db34b114bb0582e7ad8b60b9""]",Reaction thermodynamics of separate 1M molecular species; no kinetic barrier or TOF
Fe_pyridine_pnn_Ph,alcohol_dehydrogenation,350.0,-15.843635805609665,active_cat + benzyl_alcohol -> hydrogenated_cat + benzaldehyde,True,True,"[""data/campaign/thermochemistry/Fe_pyridine_pnn_Ph__active/result.json"", ""data/reference_thermochemistry/benzyl_alcohol/stationarity/result.json""]","[""data/campaign/thermochemistry/Fe_pyridine_pnn_Ph__hydrogenated/result.json"", ""data/reference_thermochemistry/benzaldehyde/stationarity/result.json""]","[""671a0eae0187357794cb66dc90c7e505770786186572d92c0f93d4ee563beb35"", ""f4897da33f477e49dfa225e23571ab1376182c83d5412b994134a99a99cc75c0""]","[""761400515eaae15e4e389b05de7a3032b690ce42fa3f51a75b9d76d27978fd21"", ""e7292b48e5f27218094b119118595a7fc0b25d93db34b114bb0582e7ad8b60b9""]",Reaction thermodynamics of separate 1M molecular species; no kinetic barrier or TOF
Fe_pyridine_pnn_Ph,alcohol_dehydrogenation,360.0,-15.789295874610616,active_cat + benzyl_alcohol -> hydrogenated_cat + benzaldehyde,True,True,"[""data/campaign/thermochemistry/Fe_pyridine_pnn_Ph__active/result.json"", ""data/reference_thermochemistry/benzyl_alcohol/stationarity/result.json""]","[""data/campaign/thermochemistry/Fe_pyridine_pnn_Ph__hydrogenated/result.json"", ""data/reference_thermochemistry/benzaldehyde/stationarity/result.json""]","[""671a0eae0187357794cb66dc90c7e505770786186572d92c0f93d4ee563beb35"", ""f4897da33f477e49dfa225e23571ab1376182c83d5412b994134a99a99cc75c0""]","[""761400515eaae15e4e389b05de7a3032b690ce42fa3f51a75b9d76d27978fd21"", ""e7292b48e5f27218094b119118595a7fc0b25d93db34b114bb0582e7ad8b60b9""]",Reaction thermodynamics of separate 1M molecular species; no kinetic barrier or TOF
Fe_pyridine_pnn_Ph,alcohol_dehydrogenation,370.0,-15.734945958787648,active_cat + benzyl_alcohol -> hydrogenated_cat + benzaldehyde,True,True,"[""data/campaign/thermochemistry/Fe_pyridine_pnn_Ph__active/result.json"", ""data/reference_thermochemistry/benzyl_alcohol/stationarity/result.json""]","[""data/campaign/thermochemistry/Fe_pyridine_pnn_Ph__hydrogenated/result.json"", ""data/reference_thermochemistry/benzaldehyde/stationarity/result.json""]","[""671a0eae0187357794cb66dc90c7e505770786186572d92c0f93d4ee563beb35"", ""f4897da33f477e49dfa225e23571ab1376182c83d5412b994134a99a99cc75c0""]","[""761400515eaae15e4e389b05de7a3032b690ce42fa3f51a75b9d76d27978fd21"", ""e7292b48e5f27218094b119118595a7fc0b25d93db34b114bb0582e7ad8b60b9""]",Reaction thermodynamics of separate 1M molecular species; no kinetic barrier or TOF
Fe_pyridine_pnn_Ph,alcohol_dehydrogenation,380.0,-15.680603411323318,active_cat + benzyl_alcohol -> hydrogenated_cat + benzaldehyde,True,True,"[""data/campaign/thermochemistry/Fe_pyridine_pnn_Ph__active/result.json"", ""data/reference_thermochemistry/benzyl_alcohol/stationarity/result.json""]","[""data/campaign/thermochemistry/Fe_pyridine_pnn_Ph__hydrogenated/result.json"", ""data/reference_thermochemistry/benzaldehyde/stationarity/result.json""]","[""671a0eae0187357794cb66dc90c7e505770786186572d92c0f93d4ee563beb35"", ""f4897da33f477e49dfa225e23571ab1376182c83d5412b994134a99a99cc75c0""]","[""761400515eaae15e4e389b05de7a3032b690ce42fa3f51a75b9d76d27978fd21"", ""e7292b48e5f27218094b119118595a7fc0b25d93db34b114bb0582e7ad8b60b9""]",Reaction thermodynamics of separate 1M molecular species; no kinetic barrier or TOF
Fe_pyridine_pnn_Ph,alcohol_dehydrogenation,383.15,-15.663489670412673,active_cat + benzyl_alcohol -> hydrogenated_cat + benzaldehyde,True,True,"[""data/campaign/thermochemistry/Fe_pyridine_pnn_Ph__active/result.json"", ""data/reference_thermochemistry/benzyl_alcohol/stationarity/result.json""]","[""data/campaign/thermochemistry/Fe_pyridine_pnn_Ph__hydrogenated/result.json"", ""data/reference_thermochemistry/benzaldehyde/stationarity/result.json""]","[""671a0eae0187357794cb66dc90c7e505770786186572d92c0f93d4ee563beb35"", ""f4897da33f477e49dfa225e23571ab1376182c83d5412b994134a99a99cc75c0""]","[""761400515eaae15e4e389b05de7a3032b690ce42fa3f51a75b9d76d27978fd21"", ""e7292b48e5f27218094b119118595a7fc0b25d93db34b114bb0582e7ad8b60b9""]",Reaction thermodynamics of separate 1M molecular species; no kinetic barrier or TOF
Fe_pyridine_pnn_Ph,alcohol_dehydrogenation,390.0,-15.626284552456127,active_cat + benzyl_alcohol -> hydrogenated_cat + benzaldehyde,True,True,"[""data/campaign/thermochemistry/Fe_pyridine_pnn_Ph__active/result.json"", ""data/reference_thermochemistry/benzyl_alcohol/stationarity/result.json""]","[""data/campaign/thermochemistry/Fe_pyridine_pnn_Ph__hydrogenated/result.json"", ""data/reference_thermochemistry/benzaldehyde/stationarity/result.json""]","[""671a0eae0187357794cb66dc90c7e505770786186572d92c0f93d4ee563beb35"", ""f4897da33f477e49dfa225e23571ab1376182c83d5412b994134a99a99cc75c0""]","[""761400515eaae15e4e389b05de7a3032b690ce42fa3f51a75b9d76d27978fd21"", ""e7292b48e5f27218094b119118595a7fc0b25d93db34b114bb0582e7ad8b60b9""]",Reaction thermodynamics of separate 1M molecular species; no kinetic barrier or TOF
Fe_pyridine_pnn_Ph,alcohol_dehydrogenation,400.0,-15.572004730847766,active_cat + benzyl_alcohol -> hydrogenated_cat + benzaldehyde,True,True,"[""data/campaign/thermochemistry/Fe_pyridine_pnn_Ph__active/result.json"", ""data/reference_thermochemistry/benzyl_alcohol/stationarity/result.json""]","[""data/campaign/thermochemistry/Fe_pyridine_pnn_Ph__hydrogenated/result.json"", ""data/reference_thermochemistry/benzaldehyde/stationarity/result.json""]","[""671a0eae0187357794cb66dc90c7e505770786186572d92c0f93d4ee563beb35"", ""f4897da33f477e49dfa225e23571ab1376182c83d5412b994134a99a99cc75c0""]","[""761400515eaae15e4e389b05de7a3032b690ce42fa3f51a75b9d76d27978fd21"", ""e7292b48e5f27218094b119118595a7fc0b25d93db34b114bb0582e7ad8b60b9""]",Reaction thermodynamics of separate 1M molecular species; no kinetic barrier or TOF
Fe_pyridine_pnn_Ph,alcohol_dehydrogenation,410.0,-15.517778382120014,active_cat + benzyl_alcohol -> hydrogenated_cat + benzaldehyde,True,True,"[""data/campaign/thermochemistry/Fe_pyridine_pnn_Ph__active/result.json"", ""data/reference_thermochemistry/benzyl_alcohol/stationarity/result.json""]","[""data/campaign/thermochemistry/Fe_pyridine_pnn_Ph__hydrogenated/result.json"", ""data/reference_thermochemistry/benzaldehyde/stationarity/result.json""]","[""671a0eae0187357794cb66dc90c7e505770786186572d92c0f93d4ee563beb35"", ""f4897da33f477e49dfa225e23571ab1376182c83d5412b994134a99a99cc75c0""]","[""761400515eaae15e4e389b05de7a3032b690ce42fa3f51a75b9d76d27978fd21"", ""e7292b48e5f27218094b119118595a7fc0b25d93db34b114bb0582e7ad8b60b9""]",Reaction thermodynamics of separate 1M molecular species; no kinetic barrier or TOF
Fe_pyridine_pnn_Ph,alcohol_dehydrogenation,420.0,-15.46361908378276,active_cat + benzyl_alcohol -> hydrogenated_cat + benzaldehyde,True,True,"[""data/campaign/thermochemistry/Fe_pyridine_pnn_Ph__active/result.json"", ""data/reference_thermochemistry/benzyl_alcohol/stationarity/result.json""]","[""data/campaign/thermochemistry/Fe_pyridine_pnn_Ph__hydrogenated/result.json"", ""data/reference_thermochemistry/benzaldehyde/stationarity/result.json""]","[""671a0eae0187357794cb66dc90c7e505770786186572d92c0f93d4ee563beb35"", ""f4897da33f477e49dfa225e23571ab1376182c83d5412b994134a99a99cc75c0""]","[""761400515eaae15e4e389b05de7a3032b690ce42fa3f51a75b9d76d27978fd21"", ""e7292b48e5f27218094b119118595a7fc0b25d93db34b114bb0582e7ad8b60b9""]",Reaction thermodynamics of separate 1M molecular species; no kinetic barrier or TOF
Fe_pyridine_pnn_Ph,alcohol_dehydrogenation,430.0,-15.409539606804174,active_cat + benzyl_alcohol -> hydrogenated_cat + benzaldehyde,True,True,"[""data/campaign/thermochemistry/Fe_pyridine_pnn_Ph__active/result.json"", ""data/reference_thermochemistry/benzyl_alcohol/stationarity/result.json""]","[""data/campaign/thermochemistry/Fe_pyridine_pnn_Ph__hydrogenated/result.json"", ""data/reference_thermochemistry/benzaldehyde/stationarity/result.json""]","[""671a0eae0187357794cb66dc90c7e505770786186572d92c0f93d4ee563beb35"", ""f4897da33f477e49dfa225e23571ab1376182c83d5412b994134a99a99cc75c0""]","[""761400515eaae15e4e389b05de7a3032b690ce42fa3f51a75b9d76d27978fd21"", ""e7292b48e5f27218094b119118595a7fc0b25d93db34b114bb0582e7ad8b60b9""]",Reaction thermodynamics of separate 1M molecular species; no kinetic barrier or TOF
Fe_pyridine_pnn_Ph,alcohol_dehydrogenation,440.0,-15.355551963501057,active_cat + benzyl_alcohol -> hydrogenated_cat + benzaldehyde,True,True,"[""data/campaign/thermochemistry/Fe_pyridine_pnn_Ph__active/result.json"", ""data/reference_thermochemistry/benzyl_alcohol/stationarity/result.json""]","[""data/campaign/thermochemistry/Fe_pyridine_pnn_Ph__hydrogenated/result.json"", ""data/reference_thermochemistry/benzaldehyde/stationarity/result.json""]","[""671a0eae0187357794cb66dc90c7e505770786186572d92c0f93d4ee563beb35"", ""f4897da33f477e49dfa225e23571ab1376182c83d5412b994134a99a99cc75c0""]","[""761400515eaae15e4e389b05de7a3032b690ce42fa3f51a75b9d76d27978fd21"", ""e7292b48e5f27218094b119118595a7fc0b25d93db34b114bb0582e7ad8b60b9""]",Reaction thermodynamics of separate 1M molecular species; no kinetic barrier or TOF
Fe_pyridine_pnn_Ph,separated_ion_deprotonation,298.15,-30.73029283662254,protonated_cat(+) + tert_butoxide(-) -> active_cat + tert_butanol,True,True,"[""data/campaign/thermochemistry/Fe_pyridine_pnn_Ph__protonated_reference/result.json"", ""data/reference_thermochemistry/tert_butoxide_anion/stationarity/result.json""]","[""data/campaign/thermochemistry/Fe_pyridine_pnn_Ph__active/result.json"", ""data/reference_thermochemistry/tert_butanol/stationarity/result.json""]","[""a6e6a432bdbd08c4ad1b903c3a1296b9fc258c7da8fa8a6e9f2b1da24db58a29"", ""d212e4231d6b932ee1d5bcd7336d05f49a5bd740e5762fb2e2806c3cb8018b82""]","[""671a0eae0187357794cb66dc90c7e505770786186572d92c0f93d4ee563beb35"", ""528ce6cef516220b49746927b16e66a325ccc5797a749a09e16cf5dfe6b1bd99""]",Separated-ion reference only; does not establish dissolved tBuOK salt speciation or ion pairing
Fe_pyridine_pnn_Ph,separated_ion_deprotonation,340.0,-31.082792516519476,protonated_cat(+) + tert_butoxide(-) -> active_cat + tert_butanol,True,True,"[""data/campaign/thermochemistry/Fe_pyridine_pnn_Ph__protonated_reference/result.json"", ""data/reference_thermochemistry/tert_butoxide_anion/stationarity/result.json""]","[""data/campaign/thermochemistry/Fe_pyridine_pnn_Ph__active/result.json"", ""data/reference_thermochemistry/tert_butanol/stationarity/result.json""]","[""a6e6a432bdbd08c4ad1b903c3a1296b9fc258c7da8fa8a6e9f2b1da24db58a29"", ""d212e4231d6b932ee1d5bcd7336d05f49a5bd740e5762fb2e2806c3cb8018b82""]","[""671a0eae0187357794cb66dc90c7e505770786186572d92c0f93d4ee563beb35"", ""528ce6cef516220b49746927b16e66a325ccc5797a749a09e16cf5dfe6b1bd99""]",Separated-ion reference only; does not establish dissolved tBuOK salt speciation or ion pairing
Fe_pyridine_pnn_Ph,separated_ion_deprotonation,350.0,-31.168785533187474,protonated_cat(+) + tert_butoxide(-) -> active_cat + tert_butanol,True,True,"[""data/campaign/thermochemistry/Fe_pyridine_pnn_Ph__protonated_reference/result.json"", ""data/reference_thermochemistry/tert_butoxide_anion/stationarity/result.json""]","[""data/campaign/thermochemistry/Fe_pyridine_pnn_Ph__active/result.json"", ""data/reference_thermochemistry/tert_butanol/stationarity/result.json""]","[""a6e6a432bdbd08c4ad1b903c3a1296b9fc258c7da8fa8a6e9f2b1da24db58a29"", ""d212e4231d6b932ee1d5bcd7336d05f49a5bd740e5762fb2e2806c3cb8018b82""]","[""671a0eae0187357794cb66dc90c7e505770786186572d92c0f93d4ee563beb35"", ""528ce6cef516220b49746927b16e66a325ccc5797a749a09e16cf5dfe6b1bd99""]",Separated-ion reference only; does not establish dissolved tBuOK salt speciation or ion pairing
Fe_pyridine_pnn_Ph,separated_ion_deprotonation,360.0,-31.255379881004046,protonated_cat(+) + tert_butoxide(-) -> active_cat + tert_butanol,True,True,"[""data/campaign/thermochemistry/Fe_pyridine_pnn_Ph__protonated_reference/result.json"", ""data/reference_thermochemistry/tert_butoxide_anion/stationarity/result.json""]","[""data/campaign/thermochemistry/Fe_pyridine_pnn_Ph__active/result.json"", ""data/reference_thermochemistry/tert_butanol/stationarity/result.json""]","[""a6e6a432bdbd08c4ad1b903c3a1296b9fc258c7da8fa8a6e9f2b1da24db58a29"", ""d212e4231d6b932ee1d5bcd7336d05f49a5bd740e5762fb2e2806c3cb8018b82""]","[""671a0eae0187357794cb66dc90c7e505770786186572d92c0f93d4ee563beb35"", ""528ce6cef516220b49746927b16e66a325ccc5797a749a09e16cf5dfe6b1bd99""]",Separated-ion reference only; does not establish dissolved tBuOK salt speciation or ion pairing
Fe_pyridine_pnn_Ph,separated_ion_deprotonation,370.0,-31.34254134706316,protonated_cat(+) + tert_butoxide(-) -> active_cat + tert_butanol,True,True,"[""data/campaign/thermochemistry/Fe_pyridine_pnn_Ph__protonated_reference/result.json"", ""data/reference_thermochemistry/tert_butoxide_anion/stationarity/result.json""]","[""data/campaign/thermochemistry/Fe_pyridine_pnn_Ph__active/result.json"", ""data/reference_thermochemistry/tert_butanol/stationarity/result.json""]","[""a6e6a432bdbd08c4ad1b903c3a1296b9fc258c7da8fa8a6e9f2b1da24db58a29"", ""d212e4231d6b932ee1d5bcd7336d05f49a5bd740e5762fb2e2806c3cb8018b82""]","[""671a0eae0187357794cb66dc90c7e505770786186572d92c0f93d4ee563beb35"", ""528ce6cef516220b49746927b16e66a325ccc5797a749a09e16cf5dfe6b1bd99""]",Separated-ion reference only; does not establish dissolved tBuOK salt speciation or ion pairing
Fe_pyridine_pnn_Ph,separated_ion_deprotonation,380.0,-31.430237711660084,protonated_cat(+) + tert_butoxide(-) -> active_cat + tert_butanol,True,True,"[""data/campaign/thermochemistry/Fe_pyridine_pnn_Ph__protonated_reference/result.json"", ""data/reference_thermochemistry/tert_butoxide_anion/stationarity/result.json""]","[""data/campaign/thermochemistry/Fe_pyridine_pnn_Ph__active/result.json"", ""data/reference_thermochemistry/tert_butanol/stationarity/result.json""]","[""a6e6a432bdbd08c4ad1b903c3a1296b9fc258c7da8fa8a6e9f2b1da24db58a29"", ""d212e4231d6b932ee1d5bcd7336d05f49a5bd740e5762fb2e2806c3cb8018b82""]","[""671a0eae0187357794cb66dc90c7e505770786186572d92c0f93d4ee563beb35"", ""528ce6cef516220b49746927b16e66a325ccc5797a749a09e16cf5dfe6b1bd99""]",Separated-ion reference only; does not establish dissolved tBuOK salt speciation or ion pairing
Fe_pyridine_pnn_Ph,separated_ion_deprotonation,383.15,-31.457967947433644,protonated_cat(+) + tert_butoxide(-) -> active_cat + tert_butanol,True,True,"[""data/campaign/thermochemistry/Fe_pyridine_pnn_Ph__protonated_reference/result.json"", ""data/reference_thermochemistry/tert_butoxide_anion/stationarity/result.json""]","[""data/campaign/thermochemistry/Fe_pyridine_pnn_Ph__active/result.json"", ""data/reference_thermochemistry/tert_butanol/stationarity/result.json""]","[""a6e6a432bdbd08c4ad1b903c3a1296b9fc258c7da8fa8a6e9f2b1da24db58a29"", ""d212e4231d6b932ee1d5bcd7336d05f49a5bd740e5762fb2e2806c3cb8018b82""]","[""671a0eae0187357794cb66dc90c7e505770786186572d92c0f93d4ee563beb35"", ""528ce6cef516220b49746927b16e66a325ccc5797a749a09e16cf5dfe6b1bd99""]",Separated-ion reference only; does not establish dissolved tBuOK salt speciation or ion pairing
Fe_pyridine_pnn_Ph,separated_ion_deprotonation,390.0,-31.518438593639075,protonated_cat(+) + tert_butoxide(-) -> active_cat + tert_butanol,True,True,"[""data/campaign/thermochemistry/Fe_pyridine_pnn_Ph__protonated_reference/result.json"", ""data/reference_thermochemistry/tert_butoxide_anion/stationarity/result.json""]","[""data/campaign/thermochemistry/Fe_pyridine_pnn_Ph__active/result.json"", ""data/reference_thermochemistry/tert_butanol/stationarity/result.json""]","[""a6e6a432bdbd08c4ad1b903c3a1296b9fc258c7da8fa8a6e9f2b1da24db58a29"", ""d212e4231d6b932ee1d5bcd7336d05f49a5bd740e5762fb2e2806c3cb8018b82""]","[""671a0eae0187357794cb66dc90c7e505770786186572d92c0f93d4ee563beb35"", ""528ce6cef516220b49746927b16e66a325ccc5797a749a09e16cf5dfe6b1bd99""]",Separated-ion reference only; does not establish dissolved tBuOK salt speciation or ion pairing
Fe_pyridine_pnn_Ph,separated_ion_deprotonation,400.0,-31.6071153084049,protonated_cat(+) + tert_butoxide(-) -> active_cat + tert_butanol,True,True,"[""data/campaign/thermochemistry/Fe_pyridine_pnn_Ph__protonated_reference/result.json"", ""data/reference_thermochemistry/tert_butoxide_anion/stationarity/result.json""]","[""data/campaign/thermochemistry/Fe_pyridine_pnn_Ph__active/result.json"", ""data/reference_thermochemistry/tert_butanol/stationarity/result.json""]","[""a6e6a432bdbd08c4ad1b903c3a1296b9fc258c7da8fa8a6e9f2b1da24db58a29"", ""d212e4231d6b932ee1d5bcd7336d05f49a5bd740e5762fb2e2806c3cb8018b82""]","[""671a0eae0187357794cb66dc90c7e505770786186572d92c0f93d4ee563beb35"", ""528ce6cef516220b49746927b16e66a325ccc5797a749a09e16cf5dfe6b1bd99""]",Separated-ion reference only; does not establish dissolved tBuOK salt speciation or ion pairing
Fe_pyridine_pnn_Ph,separated_ion_deprotonation,410.0,-31.696240737875996,protonated_cat(+) + tert_butoxide(-) -> active_cat + tert_butanol,True,True,"[""data/campaign/thermochemistry/Fe_pyridine_pnn_Ph__protonated_reference/result.json"", ""data/reference_thermochemistry/tert_butoxide_anion/stationarity/result.json""]","[""data/campaign/thermochemistry/Fe_pyridine_pnn_Ph__active/result.json"", ""data/reference_thermochemistry/tert_butanol/stationarity/result.json""]","[""a6e6a432bdbd08c4ad1b903c3a1296b9fc258c7da8fa8a6e9f2b1da24db58a29"", ""d212e4231d6b932ee1d5bcd7336d05f49a5bd740e5762fb2e2806c3cb8018b82""]","[""671a0eae0187357794cb66dc90c7e505770786186572d92c0f93d4ee563beb35"", ""528ce6cef516220b49746927b16e66a325ccc5797a749a09e16cf5dfe6b1bd99""]",Separated-ion reference only; does not establish dissolved tBuOK salt speciation or ion pairing
Fe_pyridine_pnn_Ph,separated_ion_deprotonation,420.0,-31.785789211597148,protonated_cat(+) + tert_butoxide(-) -> active_cat + tert_butanol,True,True,"[""data/campaign/thermochemistry/Fe_pyridine_pnn_Ph__protonated_reference/result.json"", ""data/reference_thermochemistry/tert_butoxide_anion/stationarity/result.json""]","[""data/campaign/thermochemistry/Fe_pyridine_pnn_Ph__active/result.json"", ""data/reference_thermochemistry/tert_butanol/stationarity/result.json""]","[""a6e6a432bdbd08c4ad1b903c3a1296b9fc258c7da8fa8a6e9f2b1da24db58a29"", ""d212e4231d6b932ee1d5bcd7336d05f49a5bd740e5762fb2e2806c3cb8018b82""]","[""671a0eae0187357794cb66dc90c7e505770786186572d92c0f93d4ee563beb35"", ""528ce6cef516220b49746927b16e66a325ccc5797a749a09e16cf5dfe6b1bd99""]",Separated-ion reference only; does not establish dissolved tBuOK salt speciation or ion pairing
Fe_pyridine_pnn_Ph,separated_ion_deprotonation,430.0,-31.875736398402296,protonated_cat(+) + tert_butoxide(-) -> active_cat + tert_butanol,True,True,"[""data/campaign/thermochemistry/Fe_pyridine_pnn_Ph__protonated_reference/result.json"", ""data/reference_thermochemistry/tert_butoxide_anion/stationarity/result.json""]","[""data/campaign/thermochemistry/Fe_pyridine_pnn_Ph__active/result.json"", ""data/reference_thermochemistry/tert_butanol/stationarity/result.json""]","[""a6e6a432bdbd08c4ad1b903c3a1296b9fc258c7da8fa8a6e9f2b1da24db58a29"", ""d212e4231d6b932ee1d5bcd7336d05f49a5bd740e5762fb2e2806c3cb8018b82""]","[""671a0eae0187357794cb66dc90c7e505770786186572d92c0f93d4ee563beb35"", ""528ce6cef516220b49746927b16e66a325ccc5797a749a09e16cf5dfe6b1bd99""]",Separated-ion reference only; does not establish dissolved tBuOK salt speciation or ion pairing
Fe_pyridine_pnn_Ph,separated_ion_deprotonation,440.0,-31.96605920775255,protonated_cat(+) + tert_butoxide(-) -> active_cat + tert_butanol,True,True,"[""data/campaign/thermochemistry/Fe_pyridine_pnn_Ph__protonated_reference/result.json"", ""data/reference_thermochemistry/tert_butoxide_anion/stationarity/result.json""]","[""data/campaign/thermochemistry/Fe_pyridine_pnn_Ph__active/result.json"", ""data/reference_thermochemistry/tert_butanol/stationarity/result.json""]","[""a6e6a432bdbd08c4ad1b903c3a1296b9fc258c7da8fa8a6e9f2b1da24db58a29"", ""d212e4231d6b932ee1d5bcd7336d05f49a5bd740e5762fb2e2806c3cb8018b82""]","[""671a0eae0187357794cb66dc90c7e505770786186572d92c0f93d4ee563beb35"", ""528ce6cef516220b49746927b16e66a325ccc5797a749a09e16cf5dfe6b1bd99""]",Separated-ion reference only; does not establish dissolved tBuOK salt speciation or ion pairing
Fe_pyridine_pnn_Ph,imine_hydrogenation,298.15,13.74919715132637,hydrogenated_cat + imine -> active_cat + product_amine,True,True,"[""data/campaign/thermochemistry/Fe_pyridine_pnn_Ph__hydrogenated/result.json"", ""data/reference_thermochemistry/imine/stationarity/result.json""]","[""data/campaign/thermochemistry/Fe_pyridine_pnn_Ph__active/result.json"", ""data/reference_thermochemistry/product_amine/stationarity/result.json""]","[""761400515eaae15e4e389b05de7a3032b690ce42fa3f51a75b9d76d27978fd21"", ""320207d7a21680926414b387b1b8cd3adcb066bb7fc19106fe58731629d2bffb""]","[""671a0eae0187357794cb66dc90c7e505770786186572d92c0f93d4ee563beb35"", ""1310231bc0e8cfa7827d24c6e16bb1ae55f4c47ed9c416194f0e2ec8627a6231""]",Reaction thermodynamics of separate 1M molecular species; no kinetic barrier or TOF
Fe_pyridine_pnn_Ph,imine_hydrogenation,340.0,13.585403985594894,hydrogenated_cat + imine -> active_cat + product_amine,True,True,"[""data/campaign/thermochemistry/Fe_pyridine_pnn_Ph__hydrogenated/result.json"", ""data/reference_thermochemistry/imine/stationarity/result.json""]","[""data/campaign/thermochemistry/Fe_pyridine_pnn_Ph__active/result.json"", ""data/reference_thermochemistry/product_amine/stationarity/result.json""]","[""761400515eaae15e4e389b05de7a3032b690ce42fa3f51a75b9d76d27978fd21"", ""320207d7a21680926414b387b1b8cd3adcb066bb7fc19106fe58731629d2bffb""]","[""671a0eae0187357794cb66dc90c7e505770786186572d92c0f93d4ee563beb35"", ""1310231bc0e8cfa7827d24c6e16bb1ae55f4c47ed9c416194f0e2ec8627a6231""]",Reaction thermodynamics of separate 1M molecular species; no kinetic barrier or TOF
Fe_pyridine_pnn_Ph,imine_hydrogenation,350.0,13.54584001249168,hydrogenated_cat + imine -> active_cat + product_amine,True,True,"[""data/campaign/thermochemistry/Fe_pyridine_pnn_Ph__hydrogenated/result.json"", ""data/reference_thermochemistry/imine/stationarity/result.json""]","[""data/campaign/thermochemistry/Fe_pyridine_pnn_Ph__active/result.json"", ""data/reference_thermochemistry/product_amine/stationarity/result.json""]","[""761400515eaae15e4e389b05de7a3032b690ce42fa3f51a75b9d76d27978fd21"", ""320207d7a21680926414b387b1b8cd3adcb066bb7fc19106fe58731629d2bffb""]","[""671a0eae0187357794cb66dc90c7e505770786186572d92c0f93d4ee563beb35"", ""1310231bc0e8cfa7827d24c6e16bb1ae55f4c47ed9c416194f0e2ec8627a6231""]",Reaction thermodynamics of separate 1M molecular species; no kinetic barrier or TOF
Fe_pyridine_pnn_Ph,imine_hydrogenation,360.0,13.506161587734823,hydrogenated_cat + imine -> active_cat + product_amine,True,True,"[""data/campaign/thermochemistry/Fe_pyridine_pnn_Ph__hydrogenated/result.json"", ""data/reference_thermochemistry/imine/stationarity/result.json""]","[""data/campaign/thermochemistry/Fe_pyridine_pnn_Ph__active/result.json"", ""data/reference_thermochemistry/product_amine/stationarity/result.json""]","[""761400515eaae15e4e389b05de7a3032b690ce42fa3f51a75b9d76d27978fd21"", ""320207d7a21680926414b387b1b8cd3adcb066bb7fc19106fe58731629d2bffb""]","[""671a0eae0187357794cb66dc90c7e505770786186572d92c0f93d4ee563beb35"", ""1310231bc0e8cfa7827d24c6e16bb1ae55f4c47ed9c416194f0e2ec8627a6231""]",Reaction thermodynamics of separate 1M molecular species; no kinetic barrier or TOF
Fe_pyridine_pnn_Ph,imine_hydrogenation,370.0,13.466390574441903,hydrogenated_cat + imine -> active_cat + product_amine,True,True,"[""data/campaign/thermochemistry/Fe_pyridine_pnn_Ph__hydrogenated/result.json"", ""data/reference_thermochemistry/imine/stationarity/result.json""]","[""data/campaign/thermochemistry/Fe_pyridine_pnn_Ph__active/result.json"", ""data/reference_thermochemistry/product_amine/stationarity/result.json""]","[""761400515eaae15e4e389b05de7a3032b690ce42fa3f51a75b9d76d27978fd21"", ""320207d7a21680926414b387b1b8cd3adcb066bb7fc19106fe58731629d2bffb""]","[""671a0eae0187357794cb66dc90c7e505770786186572d92c0f93d4ee563beb35"", ""1310231bc0e8cfa7827d24c6e16bb1ae55f4c47ed9c416194f0e2ec8627a6231""]",Reaction thermodynamics of separate 1M molecular species; no kinetic barrier or TOF
Fe_pyridine_pnn_Ph,imine_hydrogenation,380.0,13.426547591207054,hydrogenated_cat + imine -> active_cat + product_amine,True,True,"[""data/campaign/thermochemistry/Fe_pyridine_pnn_Ph__hydrogenated/result.json"", ""data/reference_thermochemistry/imine/stationarity/result.json""]","[""data/campaign/thermochemistry/Fe_pyridine_pnn_Ph__active/result.json"", ""data/reference_thermochemistry/product_amine/stationarity/result.json""]","[""761400515eaae15e4e389b05de7a3032b690ce42fa3f51a75b9d76d27978fd21"", ""320207d7a21680926414b387b1b8cd3adcb066bb7fc19106fe58731629d2bffb""]","[""671a0eae0187357794cb66dc90c7e505770786186572d92c0f93d4ee563beb35"", ""1310231bc0e8cfa7827d24c6e16bb1ae55f4c47ed9c416194f0e2ec8627a6231""]",Reaction thermodynamics of separate 1M molecular species; no kinetic barrier or TOF
Fe_pyridine_pnn_Ph,imine_hydrogenation,383.15,13.413985280254565,hydrogenated_cat + imine -> active_cat + product_amine,True,True,"[""data/campaign/thermochemistry/Fe_pyridine_pnn_Ph__hydrogenated/result.json"", ""data/reference_thermochemistry/imine/stationarity/result.json""]","[""data/campaign/thermochemistry/Fe_pyridine_pnn_Ph__active/result.json"", ""data/reference_thermochemistry/product_amine/stationarity/result.json""]","[""761400515eaae15e4e389b05de7a3032b690ce42fa3f51a75b9d76d27978fd21"", ""320207d7a21680926414b387b1b8cd3adcb066bb7fc19106fe58731629d2bffb""]","[""671a0eae0187357794cb66dc90c7e505770786186572d92c0f93d4ee563beb35"", ""1310231bc0e8cfa7827d24c6e16bb1ae55f4c47ed9c416194f0e2ec8627a6231""]",Reaction thermodynamics of separate 1M molecular species; no kinetic barrier or TOF
Fe_pyridine_pnn_Ph,imine_hydrogenation,390.0,13.386652049626719,hydrogenated_cat + imine -> active_cat + product_amine,True,True,"[""data/campaign/thermochemistry/Fe_pyridine_pnn_Ph__hydrogenated/result.json"", ""data/reference_thermochemistry/imine/stationarity/result.json""]","[""data/campaign/thermochemistry/Fe_pyridine_pnn_Ph__active/result.json"", ""data/reference_thermochemistry/product_amine/stationarity/result.json""]","[""761400515eaae15e4e389b05de7a3032b690ce42fa3f51a75b9d76d27978fd21"", ""320207d7a21680926414b387b1b8cd3adcb066bb7fc19106fe58731629d2bffb""]","[""671a0eae0187357794cb66dc90c7e505770786186572d92c0f93d4ee563beb35"", ""1310231bc0e8cfa7827d24c6e16bb1ae55f4c47ed9c416194f0e2ec8627a6231""]",Reaction thermodynamics of separate 1M molecular species; no kinetic barrier or TOF
Fe_pyridine_pnn_Ph,imine_hydrogenation,400.0,13.346722198642965,hydrogenated_cat + imine -> active_cat + product_amine,True,True,"[""data/campaign/thermochemistry/Fe_pyridine_pnn_Ph__hydrogenated/result.json"", ""data/reference_thermochemistry/imine/stationarity/result.json""]","[""data/campaign/thermochemistry/Fe_pyridine_pnn_Ph__active/result.json"", ""data/reference_thermochemistry/product_amine/stationarity/result.json""]","[""761400515eaae15e4e389b05de7a3032b690ce42fa3f51a75b9d76d27978fd21"", ""320207d7a21680926414b387b1b8cd3adcb066bb7fc19106fe58731629d2bffb""]","[""671a0eae0187357794cb66dc90c7e505770786186572d92c0f93d4ee563beb35"", ""1310231bc0e8cfa7827d24c6e16bb1ae55f4c47ed9c416194f0e2ec8627a6231""]",Reaction thermodynamics of separate 1M molecular species; no kinetic barrier or TOF
Fe_pyridine_pnn_Ph,imine_hydrogenation,410.0,13.306775173277856,hydrogenated_cat + imine -> active_cat + product_amine,True,True,"[""data/campaign/thermochemistry/Fe_pyridine_pnn_Ph__hydrogenated/result.json"", ""data/reference_thermochemistry/imine/stationarity/result.json""]","[""data/campaign/thermochemistry/Fe_pyridine_pnn_Ph__active/result.json"", ""data/reference_thermochemistry/product_amine/stationarity/result.json""]","[""761400515eaae15e4e389b05de7a3032b690ce42fa3f51a75b9d76d27978fd21"", ""320207d7a21680926414b387b1b8cd3adcb066bb7fc19106fe58731629d2bffb""]","[""671a0eae0187357794cb66dc90c7e505770786186572d92c0f93d4ee563beb35"", ""1310231bc0e8cfa7827d24c6e16bb1ae55f4c47ed9c416194f0e2ec8627a6231""]",Reaction thermodynamics of separate 1M molecular species; no kinetic barrier or TOF
Fe_pyridine_pnn_Ph,imine_hydrogenation,420.0,13.266827045652462,hydrogenated_cat + imine -> active_cat + product_amine,True,True,"[""data/campaign/thermochemistry/Fe_pyridine_pnn_Ph__hydrogenated/result.json"", ""data/reference_thermochemistry/imine/stationarity/result.json""]","[""data/campaign/thermochemistry/Fe_pyridine_pnn_Ph__active/result.json"", ""data/reference_thermochemistry/product_amine/stationarity/result.json""]","[""761400515eaae15e4e389b05de7a3032b690ce42fa3f51a75b9d76d27978fd21"", ""320207d7a21680926414b387b1b8cd3adcb066bb7fc19106fe58731629d2bffb""]","[""671a0eae0187357794cb66dc90c7e505770786186572d92c0f93d4ee563beb35"", ""1310231bc0e8cfa7827d24c6e16bb1ae55f4c47ed9c416194f0e2ec8627a6231""]",Reaction thermodynamics of separate 1M molecular species; no kinetic barrier or TOF
Fe_pyridine_pnn_Ph,imine_hydrogenation,430.0,13.226892877089995,hydrogenated_cat + imine -> active_cat + product_amine,True,True,"[""data/campaign/thermochemistry/Fe_pyridine_pnn_Ph__hydrogenated/result.json"", ""data/reference_thermochemistry/imine/stationarity/result.json""]","[""data/campaign/thermochemistry/Fe_pyridine_pnn_Ph__active/result.json"", ""data/reference_thermochemistry/product_amine/stationarity/result.json""]","[""761400515eaae15e4e389b05de7a3032b690ce42fa3f51a75b9d76d27978fd21"", ""320207d7a21680926414b387b1b8cd3adcb066bb7fc19106fe58731629d2bffb""]","[""671a0eae0187357794cb66dc90c7e505770786186572d92c0f93d4ee563beb35"", ""1310231bc0e8cfa7827d24c6e16bb1ae55f4c47ed9c416194f0e2ec8627a6231""]",Reaction thermodynamics of separate 1M molecular species; no kinetic barrier or TOF
Fe_pyridine_pnn_Ph,imine_hydrogenation,440.0,13.186986770022486,hydrogenated_cat + imine -> active_cat + product_amine,True,True,"[""data/campaign/thermochemistry/Fe_pyridine_pnn_Ph__hydrogenated/result.json"", ""data/reference_thermochemistry/imine/stationarity/result.json""]","[""data/campaign/thermochemistry/Fe_pyridine_pnn_Ph__active/result.json"", ""data/reference_thermochemistry/product_amine/stationarity/result.json""]","[""761400515eaae15e4e389b05de7a3032b690ce42fa3f51a75b9d76d27978fd21"", ""320207d7a21680926414b387b1b8cd3adcb066bb7fc19106fe58731629d2bffb""]","[""671a0eae0187357794cb66dc90c7e505770786186572d92c0f93d4ee563beb35"", ""1310231bc0e8cfa7827d24c6e16bb1ae55f4c47ed9c416194f0e2ec8627a6231""]",Reaction thermodynamics of separate 1M molecular species; no kinetic barrier or TOF
Fe_pyridine_pnn_iPr,alcohol_dehydrogenation,298.15,-19.24528981733056,active_cat + benzyl_alcohol -> hydrogenated_cat + benzaldehyde,True,True,"[""data/campaign/thermochemistry/Fe_pyridine_pnn_iPr__active/result.json"", ""data/reference_thermochemistry/benzyl_alcohol/stationarity/result.json""]","[""data/campaign/thermochemistry/Fe_pyridine_pnn_iPr__hydrogenated/result.json"", ""data/reference_thermochemistry/benzaldehyde/stationarity/result.json""]","[""e86671950a63cee8ad913469c398c0a38c6413830c659f0b071ec23d3408c93f"", ""f4897da33f477e49dfa225e23571ab1376182c83d5412b994134a99a99cc75c0""]","[""23e5cb2c3c6e0b0f69afad7fc72a6a679d3171012da4fb0889cc3898c6da1be9"", ""e7292b48e5f27218094b119118595a7fc0b25d93db34b114bb0582e7ad8b60b9""]",Reaction thermodynamics of separate 1M molecular species; no kinetic barrier or TOF
Fe_pyridine_pnn_iPr,alcohol_dehydrogenation,340.0,-19.020941632403265,active_cat + benzyl_alcohol -> hydrogenated_cat + benzaldehyde,True,True,"[""data/campaign/thermochemistry/Fe_pyridine_pnn_iPr__active/result.json"", ""data/reference_thermochemistry/benzyl_alcohol/stationarity/result.json""]","[""data/campaign/thermochemistry/Fe_pyridine_pnn_iPr__hydrogenated/result.json"", ""data/reference_thermochemistry/benzaldehyde/stationarity/result.json""]","[""e86671950a63cee8ad913469c398c0a38c6413830c659f0b071ec23d3408c93f"", ""f4897da33f477e49dfa225e23571ab1376182c83d5412b994134a99a99cc75c0""]","[""23e5cb2c3c6e0b0f69afad7fc72a6a679d3171012da4fb0889cc3898c6da1be9"", ""e7292b48e5f27218094b119118595a7fc0b25d93db34b114bb0582e7ad8b60b9""]",Reaction thermodynamics of separate 1M molecular species; no kinetic barrier or TOF
Fe_pyridine_pnn_iPr,alcohol_dehydrogenation,350.0,-18.9666288016997,active_cat + benzyl_alcohol -> hydrogenated_cat + benzaldehyde,True,True,"[""data/campaign/thermochemistry/Fe_pyridine_pnn_iPr__active/result.json"", ""data/reference_thermochemistry/benzyl_alcohol/stationarity/result.json""]","[""data/campaign/thermochemistry/Fe_pyridine_pnn_iPr__hydrogenated/result.json"", ""data/reference_thermochemistry/benzaldehyde/stationarity/result.json""]","[""e86671950a63cee8ad913469c398c0a38c6413830c659f0b071ec23d3408c93f"", ""f4897da33f477e49dfa225e23571ab1376182c83d5412b994134a99a99cc75c0""]","[""23e5cb2c3c6e0b0f69afad7fc72a6a679d3171012da4fb0889cc3898c6da1be9"", ""e7292b48e5f27218094b119118595a7fc0b25d93db34b114bb0582e7ad8b60b9""]",Reaction thermodynamics of separate 1M molecular species; no kinetic barrier or TOF
Fe_pyridine_pnn_iPr,alcohol_dehydrogenation,360.0,-18.912094280722158,active_cat + benzyl_alcohol -> hydrogenated_cat + benzaldehyde,True,True,"[""data/campaign/thermochemistry/Fe_pyridine_pnn_iPr__active/result.json"", ""data/reference_thermochemistry/benzyl_alcohol/stationarity/result.json""]","[""data/campaign/thermochemistry/Fe_pyridine_pnn_iPr__hydrogenated/result.json"", ""data/reference_thermochemistry/benzaldehyde/stationarity/result.json""]","[""e86671950a63cee8ad913469c398c0a38c6413830c659f0b071ec23d3408c93f"", ""f4897da33f477e49dfa225e23571ab1376182c83d5412b994134a99a99cc75c0""]","[""23e5cb2c3c6e0b0f69afad7fc72a6a679d3171012da4fb0889cc3898c6da1be9"", ""e7292b48e5f27218094b119118595a7fc0b25d93db34b114bb0582e7ad8b60b9""]",Reaction thermodynamics of separate 1M molecular species; no kinetic barrier or TOF
Fe_pyridine_pnn_iPr,alcohol_dehydrogenation,370.0,-18.857360246091048,active_cat + benzyl_alcohol -> hydrogenated_cat + benzaldehyde,True,True,"[""data/campaign/thermochemistry/Fe_pyridine_pnn_iPr__active/result.json"", ""data/reference_thermochemistry/benzyl_alcohol/stationarity/result.json""]","[""data/campaign/thermochemistry/Fe_pyridine_pnn_iPr__hydrogenated/result.json"", ""data/reference_thermochemistry/benzaldehyde/stationarity/result.json""]","[""e86671950a63cee8ad913469c398c0a38c6413830c659f0b071ec23d3408c93f"", ""f4897da33f477e49dfa225e23571ab1376182c83d5412b994134a99a99cc75c0""]","[""23e5cb2c3c6e0b0f69afad7fc72a6a679d3171012da4fb0889cc3898c6da1be9"", ""e7292b48e5f27218094b119118595a7fc0b25d93db34b114bb0582e7ad8b60b9""]",Reaction thermodynamics of separate 1M molecular species; no kinetic barrier or TOF
Fe_pyridine_pnn_iPr,alcohol_dehydrogenation,380.0,-18.80244772986589,active_cat + benzyl_alcohol -> hydrogenated_cat + benzaldehyde,True,True,"[""data/campaign/thermochemistry/Fe_pyridine_pnn_iPr__active/result.json"", ""data/reference_thermochemistry/benzyl_alcohol/stationarity/result.json""]","[""data/campaign/thermochemistry/Fe_pyridine_pnn_iPr__hydrogenated/result.json"", ""data/reference_thermochemistry/benzaldehyde/stationarity/result.json""]","[""e86671950a63cee8ad913469c398c0a38c6413830c659f0b071ec23d3408c93f"", ""f4897da33f477e49dfa225e23571ab1376182c83d5412b994134a99a99cc75c0""]","[""23e5cb2c3c6e0b0f69afad7fc72a6a679d3171012da4fb0889cc3898c6da1be9"", ""e7292b48e5f27218094b119118595a7fc0b25d93db34b114bb0582e7ad8b60b9""]",Reaction thermodynamics of separate 1M molecular species; no kinetic barrier or TOF
Fe_pyridine_pnn_iPr,alcohol_dehydrogenation,383.15,-18.78511653780879,active_cat + benzyl_alcohol -> hydrogenated_cat + benzaldehyde,True,True,"[""data/campaign/thermochemistry/Fe_pyridine_pnn_iPr__active/result.json"", ""data/reference_thermochemistry/benzyl_alcohol/stationarity/result.json""]","[""data/campaign/thermochemistry/Fe_pyridine_pnn_iPr__hydrogenated/result.json"", ""data/reference_thermochemistry/benzaldehyde/stationarity/result.json""]","[""e86671950a63cee8ad913469c398c0a38c6413830c659f0b071ec23d3408c93f"", ""f4897da33f477e49dfa225e23571ab1376182c83d5412b994134a99a99cc75c0""]","[""23e5cb2c3c6e0b0f69afad7fc72a6a679d3171012da4fb0889cc3898c6da1be9"", ""e7292b48e5f27218094b119118595a7fc0b25d93db34b114bb0582e7ad8b60b9""]",Reaction thermodynamics of separate 1M molecular species; no kinetic barrier or TOF
Fe_pyridine_pnn_iPr,alcohol_dehydrogenation,390.0,-18.747376676556087,active_cat + benzyl_alcohol -> hydrogenated_cat + benzaldehyde,True,True,"[""data/campaign/thermochemistry/Fe_pyridine_pnn_iPr__active/result.json"", ""data/reference_thermochemistry/benzyl_alcohol/stationarity/result.json""]","[""data/campaign/thermochemistry/Fe_pyridine_pnn_iPr__hydrogenated/result.json"", ""data/reference_thermochemistry/benzaldehyde/stationarity/result.json""]","[""e86671950a63cee8ad913469c398c0a38c6413830c659f0b071ec23d3408c93f"", ""f4897da33f477e49dfa225e23571ab1376182c83d5412b994134a99a99cc75c0""]","[""23e5cb2c3c6e0b0f69afad7fc72a6a679d3171012da4fb0889cc3898c6da1be9"", ""e7292b48e5f27218094b119118595a7fc0b25d93db34b114bb0582e7ad8b60b9""]",Reaction thermodynamics of separate 1M molecular species; no kinetic barrier or TOF
Fe_pyridine_pnn_iPr,alcohol_dehydrogenation,400.0,-18.692165998449127,active_cat + benzyl_alcohol -> hydrogenated_cat + benzaldehyde,True,True,"[""data/campaign/thermochemistry/Fe_pyridine_pnn_iPr__active/result.json"", ""data/reference_thermochemistry/benzyl_alcohol/stationarity/result.json""]","[""data/campaign/thermochemistry/Fe_pyridine_pnn_iPr__hydrogenated/result.json"", ""data/reference_thermochemistry/benzaldehyde/stationarity/result.json""]","[""e86671950a63cee8ad913469c398c0a38c6413830c659f0b071ec23d3408c93f"", ""f4897da33f477e49dfa225e23571ab1376182c83d5412b994134a99a99cc75c0""]","[""23e5cb2c3c6e0b0f69afad7fc72a6a679d3171012da4fb0889cc3898c6da1be9"", ""e7292b48e5f27218094b119118595a7fc0b25d93db34b114bb0582e7ad8b60b9""]",Reaction thermodynamics of separate 1M molecular species; no kinetic barrier or TOF
Fe_pyridine_pnn_iPr,alcohol_dehydrogenation,410.0,-18.63683362910524,active_cat + benzyl_alcohol -> hydrogenated_cat + benzaldehyde,True,True,"[""data/campaign/thermochemistry/Fe_pyridine_pnn_iPr__active/result.json"", ""data/reference_thermochemistry/benzyl_alcohol/stationarity/result.json""]","[""data/campaign/thermochemistry/Fe_pyridine_pnn_iPr__hydrogenated/result.json"", ""data/reference_thermochemistry/benzaldehyde/stationarity/result.json""]","[""e86671950a63cee8ad913469c398c0a38c6413830c659f0b071ec23d3408c93f"", ""f4897da33f477e49dfa225e23571ab1376182c83d5412b994134a99a99cc75c0""]","[""23e5cb2c3c6e0b0f69afad7fc72a6a679d3171012da4fb0889cc3898c6da1be9"", ""e7292b48e5f27218094b119118595a7fc0b25d93db34b114bb0582e7ad8b60b9""]",Reaction thermodynamics of separate 1M molecular species; no kinetic barrier or TOF
Fe_pyridine_pnn_iPr,alcohol_dehydrogenation,420.0,-18.58139657391257,active_cat + benzyl_alcohol -> hydrogenated_cat + benzaldehyde,True,True,"[""data/campaign/thermochemistry/Fe_pyridine_pnn_iPr__active/result.json"", ""data/reference_thermochemistry/benzyl_alcohol/stationarity/result.json""]","[""data/campaign/thermochemistry/Fe_pyridine_pnn_iPr__hydrogenated/result.json"", ""data/reference_thermochemistry/benzaldehyde/stationarity/result.json""]","[""e86671950a63cee8ad913469c398c0a38c6413830c659f0b071ec23d3408c93f"", ""f4897da33f477e49dfa225e23571ab1376182c83d5412b994134a99a99cc75c0""]","[""23e5cb2c3c6e0b0f69afad7fc72a6a679d3171012da4fb0889cc3898c6da1be9"", ""e7292b48e5f27218094b119118595a7fc0b25d93db34b114bb0582e7ad8b60b9""]",Reaction thermodynamics of separate 1M molecular species; no kinetic barrier or TOF
Fe_pyridine_pnn_iPr,alcohol_dehydrogenation,430.0,-18.525870958317682,active_cat + benzyl_alcohol -> hydrogenated_cat + benzaldehyde,True,True,"[""data/campaign/thermochemistry/Fe_pyridine_pnn_iPr__active/result.json"", ""data/reference_thermochemistry/benzyl_alcohol/stationarity/result.json""]","[""data/campaign/thermochemistry/Fe_pyridine_pnn_iPr__hydrogenated/result.json"", ""data/reference_thermochemistry/benzaldehyde/stationarity/result.json""]","[""e86671950a63cee8ad913469c398c0a38c6413830c659f0b071ec23d3408c93f"", ""f4897da33f477e49dfa225e23571ab1376182c83d5412b994134a99a99cc75c0""]","[""23e5cb2c3c6e0b0f69afad7fc72a6a679d3171012da4fb0889cc3898c6da1be9"", ""e7292b48e5f27218094b119118595a7fc0b25d93db34b114bb0582e7ad8b60b9""]",Reaction thermodynamics of separate 1M molecular species; no kinetic barrier or TOF
Fe_pyridine_pnn_iPr,alcohol_dehydrogenation,440.0,-18.47027207298015,active_cat + benzyl_alcohol -> hydrogenated_cat + benzaldehyde,True,True,"[""data/campaign/thermochemistry/Fe_pyridine_pnn_iPr__active/result.json"", ""data/reference_thermochemistry/benzyl_alcohol/stationarity/result.json""]","[""data/campaign/thermochemistry/Fe_pyridine_pnn_iPr__hydrogenated/result.json"", ""data/reference_thermochemistry/benzaldehyde/stationarity/result.json""]","[""e86671950a63cee8ad913469c398c0a38c6413830c659f0b071ec23d3408c93f"", ""f4897da33f477e49dfa225e23571ab1376182c83d5412b994134a99a99cc75c0""]","[""23e5cb2c3c6e0b0f69afad7fc72a6a679d3171012da4fb0889cc3898c6da1be9"", ""e7292b48e5f27218094b119118595a7fc0b25d93db34b114bb0582e7ad8b60b9""]",Reaction thermodynamics of separate 1M molecular species; no kinetic barrier or TOF
Fe_pyridine_pnn_iPr,separated_ion_deprotonation,298.15,-34.79647142459362,protonated_cat(+) + tert_butoxide(-) -> active_cat + tert_butanol,True,True,"[""data/campaign/thermochemistry/Fe_pyridine_pnn_iPr__protonated_reference/result.json"", ""data/reference_thermochemistry/tert_butoxide_anion/stationarity/result.json""]","[""data/campaign/thermochemistry/Fe_pyridine_pnn_iPr__active/result.json"", ""data/reference_thermochemistry/tert_butanol/stationarity/result.json""]","[""d6312bd23dc56dfb1652a88eeeb489c3ed119d1b3abcec5b1e96f98dbbe7741a"", ""d212e4231d6b932ee1d5bcd7336d05f49a5bd740e5762fb2e2806c3cb8018b82""]","[""e86671950a63cee8ad913469c398c0a38c6413830c659f0b071ec23d3408c93f"", ""528ce6cef516220b49746927b16e66a325ccc5797a749a09e16cf5dfe6b1bd99""]",Separated-ion reference only; does not establish dissolved tBuOK salt speciation or ion pairing
Fe_pyridine_pnn_iPr,separated_ion_deprotonation,340.0,-34.9470139717796,protonated_cat(+) + tert_butoxide(-) -> active_cat + tert_butanol,True,True,"[""data/campaign/thermochemistry/Fe_pyridine_pnn_iPr__protonated_reference/result.json"", ""data/reference_thermochemistry/tert_butoxide_anion/stationarity/result.json""]","[""data/campaign/thermochemistry/Fe_pyridine_pnn_iPr__active/result.json"", ""data/reference_thermochemistry/tert_butanol/stationarity/result.json""]","[""d6312bd23dc56dfb1652a88eeeb489c3ed119d1b3abcec5b1e96f98dbbe7741a"", ""d212e4231d6b932ee1d5bcd7336d05f49a5bd740e5762fb2e2806c3cb8018b82""]","[""e86671950a63cee8ad913469c398c0a38c6413830c659f0b071ec23d3408c93f"", ""528ce6cef516220b49746927b16e66a325ccc5797a749a09e16cf5dfe6b1bd99""]",Separated-ion reference only; does not establish dissolved tBuOK salt speciation or ion pairing
Fe_pyridine_pnn_iPr,separated_ion_deprotonation,350.0,-34.98384604871171,protonated_cat(+) + tert_butoxide(-) -> active_cat + tert_butanol,True,True,"[""data/campaign/thermochemistry/Fe_pyridine_pnn_iPr__protonated_reference/result.json"", ""data/reference_thermochemistry/tert_butoxide_anion/stationarity/result.json""]","[""data/campaign/thermochemistry/Fe_pyridine_pnn_iPr__active/result.json"", ""data/reference_thermochemistry/tert_butanol/stationarity/result.json""]","[""d6312bd23dc56dfb1652a88eeeb489c3ed119d1b3abcec5b1e96f98dbbe7741a"", ""d212e4231d6b932ee1d5bcd7336d05f49a5bd740e5762fb2e2806c3cb8018b82""]","[""e86671950a63cee8ad913469c398c0a38c6413830c659f0b071ec23d3408c93f"", ""528ce6cef516220b49746927b16e66a325ccc5797a749a09e16cf5dfe6b1bd99""]",Separated-ion reference only; does not establish dissolved tBuOK salt speciation or ion pairing
Fe_pyridine_pnn_iPr,separated_ion_deprotonation,360.0,-35.020951266007614,protonated_cat(+) + tert_butoxide(-) -> active_cat + tert_butanol,True,True,"[""data/campaign/thermochemistry/Fe_pyridine_pnn_iPr__protonated_reference/result.json"", ""data/reference_thermochemistry/tert_butoxide_anion/stationarity/result.json""]","[""data/campaign/thermochemistry/Fe_pyridine_pnn_iPr__active/result.json"", ""data/reference_thermochemistry/tert_butanol/stationarity/result.json""]","[""d6312bd23dc56dfb1652a88eeeb489c3ed119d1b3abcec5b1e96f98dbbe7741a"", ""d212e4231d6b932ee1d5bcd7336d05f49a5bd740e5762fb2e2806c3cb8018b82""]","[""e86671950a63cee8ad913469c398c0a38c6413830c659f0b071ec23d3408c93f"", ""528ce6cef516220b49746927b16e66a325ccc5797a749a09e16cf5dfe6b1bd99""]",Separated-ion reference only; does not establish dissolved tBuOK salt speciation or ion pairing
Fe_pyridine_pnn_iPr,separated_ion_deprotonation,370.0,-35.05830529769628,protonated_cat(+) + tert_butoxide(-) -> active_cat + tert_butanol,True,True,"[""data/campaign/thermochemistry/Fe_pyridine_pnn_iPr__protonated_reference/result.json"", ""data/reference_thermochemistry/tert_butoxide_anion/stationarity/result.json""]","[""data/campaign/thermochemistry/Fe_pyridine_pnn_iPr__active/result.json"", ""data/reference_thermochemistry/tert_butanol/stationarity/result.json""]","[""d6312bd23dc56dfb1652a88eeeb489c3ed119d1b3abcec5b1e96f98dbbe7741a"", ""d212e4231d6b932ee1d5bcd7336d05f49a5bd740e5762fb2e2806c3cb8018b82""]","[""e86671950a63cee8ad913469c398c0a38c6413830c659f0b071ec23d3408c93f"", ""528ce6cef516220b49746927b16e66a325ccc5797a749a09e16cf5dfe6b1bd99""]",Separated-ion reference only; does not establish dissolved tBuOK salt speciation or ion pairing
Fe_pyridine_pnn_iPr,separated_ion_deprotonation,380.0,-35.09588584298581,protonated_cat(+) + tert_butoxide(-) -> active_cat + tert_butanol,True,True,"[""data/campaign/thermochemistry/Fe_pyridine_pnn_iPr__protonated_reference/result.json"", ""data/reference_thermochemistry/tert_butoxide_anion/stationarity/result.json""]","[""data/campaign/thermochemistry/Fe_pyridine_pnn_iPr__active/result.json"", ""data/reference_thermochemistry/tert_butanol/stationarity/result.json""]","[""d6312bd23dc56dfb1652a88eeeb489c3ed119d1b3abcec5b1e96f98dbbe7741a"", ""d212e4231d6b932ee1d5bcd7336d05f49a5bd740e5762fb2e2806c3cb8018b82""]","[""e86671950a63cee8ad913469c398c0a38c6413830c659f0b071ec23d3408c93f"", ""528ce6cef516220b49746927b16e66a325ccc5797a749a09e16cf5dfe6b1bd99""]",Separated-ion reference only; does not establish dissolved tBuOK salt speciation or ion pairing
Fe_pyridine_pnn_iPr,separated_ion_deprotonation,383.15,-35.10776731464284,protonated_cat(+) + tert_butoxide(-) -> active_cat + tert_butanol,True,True,"[""data/campaign/thermochemistry/Fe_pyridine_pnn_iPr__protonated_reference/result.json"", ""data/reference_thermochemistry/tert_butoxide_anion/stationarity/result.json""]","[""data/campaign/thermochemistry/Fe_pyridine_pnn_iPr__active/result.json"", ""data/reference_thermochemistry/tert_butanol/stationarity/result.json""]","[""d6312bd23dc56dfb1652a88eeeb489c3ed119d1b3abcec5b1e96f98dbbe7741a"", ""d212e4231d6b932ee1d5bcd7336d05f49a5bd740e5762fb2e2806c3cb8018b82""]","[""e86671950a63cee8ad913469c398c0a38c6413830c659f0b071ec23d3408c93f"", ""528ce6cef516220b49746927b16e66a325ccc5797a749a09e16cf5dfe6b1bd99""]",Separated-ion reference only; does not establish dissolved tBuOK salt speciation or ion pairing
Fe_pyridine_pnn_iPr,separated_ion_deprotonation,390.0,-35.133672469472,protonated_cat(+) + tert_butoxide(-) -> active_cat + tert_butanol,True,True,"[""data/campaign/thermochemistry/Fe_pyridine_pnn_iPr__protonated_reference/result.json"", ""data/reference_thermochemistry/tert_butoxide_anion/stationarity/result.json""]","[""data/campaign/thermochemistry/Fe_pyridine_pnn_iPr__active/result.json"", ""data/reference_thermochemistry/tert_butanol/stationarity/result.json""]","[""d6312bd23dc56dfb1652a88eeeb489c3ed119d1b3abcec5b1e96f98dbbe7741a"", ""d212e4231d6b932ee1d5bcd7336d05f49a5bd740e5762fb2e2806c3cb8018b82""]","[""e86671950a63cee8ad913469c398c0a38c6413830c659f0b071ec23d3408c93f"", ""528ce6cef516220b49746927b16e66a325ccc5797a749a09e16cf5dfe6b1bd99""]",Separated-ion reference only; does not establish dissolved tBuOK salt speciation or ion pairing
Fe_pyridine_pnn_iPr,separated_ion_deprotonation,400.0,-35.171646462717035,protonated_cat(+) + tert_butoxide(-) -> active_cat + tert_butanol,True,True,"[""data/campaign/thermochemistry/Fe_pyridine_pnn_iPr__protonated_reference/result.json"", ""data/reference_thermochemistry/tert_butoxide_anion/stationarity/result.json""]","[""data/campaign/thermochemistry/Fe_pyridine_pnn_iPr__active/result.json"", ""data/reference_thermochemistry/tert_butanol/stationarity/result.json""]","[""d6312bd23dc56dfb1652a88eeeb489c3ed119d1b3abcec5b1e96f98dbbe7741a"", ""d212e4231d6b932ee1d5bcd7336d05f49a5bd740e5762fb2e2806c3cb8018b82""]","[""e86671950a63cee8ad913469c398c0a38c6413830c659f0b071ec23d3408c93f"", ""528ce6cef516220b49746927b16e66a325ccc5797a749a09e16cf5dfe6b1bd99""]",Separated-ion reference only; does not establish dissolved tBuOK salt speciation or ion pairing
Fe_pyridine_pnn_iPr,separated_ion_deprotonation,410.0,-35.20979068361521,protonated_cat(+) + tert_butoxide(-) -> active_cat + tert_butanol,True,True,"[""data/campaign/thermochemistry/Fe_pyridine_pnn_iPr__protonated_reference/result.json"", ""data/reference_thermochemistry/tert_butoxide_anion/stationarity/result.json""]","[""data/campaign/thermochemistry/Fe_pyridine_pnn_iPr__active/result.json"", ""data/reference_thermochemistry/tert_butanol/stationarity/result.json""]","[""d6312bd23dc56dfb1652a88eeeb489c3ed119d1b3abcec5b1e96f98dbbe7741a"", ""d212e4231d6b932ee1d5bcd7336d05f49a5bd740e5762fb2e2806c3cb8018b82""]","[""e86671950a63cee8ad913469c398c0a38c6413830c659f0b071ec23d3408c93f"", ""528ce6cef516220b49746927b16e66a325ccc5797a749a09e16cf5dfe6b1bd99""]",Separated-ion reference only; does not establish dissolved tBuOK salt speciation or ion pairing
Fe_pyridine_pnn_iPr,separated_ion_deprotonation,420.0,-35.24808943404423,protonated_cat(+) + tert_butoxide(-) -> active_cat + tert_butanol,True,True,"[""data/campaign/thermochemistry/Fe_pyridine_pnn_iPr__protonated_reference/result.json"", ""data/reference_thermochemistry/tert_butoxide_anion/stationarity/result.json""]","[""data/campaign/thermochemistry/Fe_pyridine_pnn_iPr__active/result.json"", ""data/reference_thermochemistry/tert_butanol/stationarity/result.json""]","[""d6312bd23dc56dfb1652a88eeeb489c3ed119d1b3abcec5b1e96f98dbbe7741a"", ""d212e4231d6b932ee1d5bcd7336d05f49a5bd740e5762fb2e2806c3cb8018b82""]","[""e86671950a63cee8ad913469c398c0a38c6413830c659f0b071ec23d3408c93f"", ""528ce6cef516220b49746927b16e66a325ccc5797a749a09e16cf5dfe6b1bd99""]",Separated-ion reference only; does not establish dissolved tBuOK salt speciation or ion pairing
Fe_pyridine_pnn_iPr,separated_ion_deprotonation,430.0,-35.28652833096385,protonated_cat(+) + tert_butoxide(-) -> active_cat + tert_butanol,True,True,"[""data/campaign/thermochemistry/Fe_pyridine_pnn_iPr__protonated_reference/result.json"", ""data/reference_thermochemistry/tert_butoxide_anion/stationarity/result.json""]","[""data/campaign/thermochemistry/Fe_pyridine_pnn_iPr__active/result.json"", ""data/reference_thermochemistry/tert_butanol/stationarity/result.json""]","[""d6312bd23dc56dfb1652a88eeeb489c3ed119d1b3abcec5b1e96f98dbbe7741a"", ""d212e4231d6b932ee1d5bcd7336d05f49a5bd740e5762fb2e2806c3cb8018b82""]","[""e86671950a63cee8ad913469c398c0a38c6413830c659f0b071ec23d3408c93f"", ""528ce6cef516220b49746927b16e66a325ccc5797a749a09e16cf5dfe6b1bd99""]",Separated-ion reference only; does not establish dissolved tBuOK salt speciation or ion pairing
Fe_pyridine_pnn_iPr,separated_ion_deprotonation,440.0,-35.3250941895858,protonated_cat(+) + tert_butoxide(-) -> active_cat + tert_butanol,True,True,"[""data/campaign/thermochemistry/Fe_pyridine_pnn_iPr__protonated_reference/result.json"", ""data/reference_thermochemistry/tert_butoxide_anion/stationarity/result.json""]","[""data/campaign/thermochemistry/Fe_pyridine_pnn_iPr__active/result.json"", ""data/reference_thermochemistry/tert_butanol/stationarity/result.json""]","[""d6312bd23dc56dfb1652a88eeeb489c3ed119d1b3abcec5b1e96f98dbbe7741a"", ""d212e4231d6b932ee1d5bcd7336d05f49a5bd740e5762fb2e2806c3cb8018b82""]","[""e86671950a63cee8ad913469c398c0a38c6413830c659f0b071ec23d3408c93f"", ""528ce6cef516220b49746927b16e66a325ccc5797a749a09e16cf5dfe6b1bd99""]",Separated-ion reference only; does not establish dissolved tBuOK salt speciation or ion pairing
Fe_pyridine_pnn_iPr,imine_hydrogenation,298.15,16.870015534008417,hydrogenated_cat + imine -> active_cat + product_amine,True,True,"[""data/campaign/thermochemistry/Fe_pyridine_pnn_iPr__hydrogenated/result.json"", ""data/reference_thermochemistry/imine/stationarity/result.json""]","[""data/campaign/thermochemistry/Fe_pyridine_pnn_iPr__active/result.json"", ""data/reference_thermochemistry/product_amine/stationarity/result.json""]","[""23e5cb2c3c6e0b0f69afad7fc72a6a679d3171012da4fb0889cc3898c6da1be9"", ""320207d7a21680926414b387b1b8cd3adcb066bb7fc19106fe58731629d2bffb""]","[""e86671950a63cee8ad913469c398c0a38c6413830c659f0b071ec23d3408c93f"", ""1310231bc0e8cfa7827d24c6e16bb1ae55f4c47ed9c416194f0e2ec8627a6231""]",Reaction thermodynamics of separate 1M molecular species; no kinetic barrier or TOF
Fe_pyridine_pnn_iPr,imine_hydrogenation,340.0,16.708398316059174,hydrogenated_cat + imine -> active_cat + product_amine,True,True,"[""data/campaign/thermochemistry/Fe_pyridine_pnn_iPr__hydrogenated/result.json"", ""data/reference_thermochemistry/imine/stationarity/result.json""]","[""data/campaign/thermochemistry/Fe_pyridine_pnn_iPr__active/result.json"", ""data/reference_thermochemistry/product_amine/stationarity/result.json""]","[""23e5cb2c3c6e0b0f69afad7fc72a6a679d3171012da4fb0889cc3898c6da1be9"", ""320207d7a21680926414b387b1b8cd3adcb066bb7fc19106fe58731629d2bffb""]","[""e86671950a63cee8ad913469c398c0a38c6413830c659f0b071ec23d3408c93f"", ""1310231bc0e8cfa7827d24c6e16bb1ae55f4c47ed9c416194f0e2ec8627a6231""]",Reaction thermodynamics of separate 1M molecular species; no kinetic barrier or TOF
Fe_pyridine_pnn_iPr,imine_hydrogenation,350.0,16.668833008581714,hydrogenated_cat + imine -> active_cat + product_amine,True,True,"[""data/campaign/thermochemistry/Fe_pyridine_pnn_iPr__hydrogenated/result.json"", ""data/reference_thermochemistry/imine/stationarity/result.json""]","[""data/campaign/thermochemistry/Fe_pyridine_pnn_iPr__active/result.json"", ""data/reference_thermochemistry/product_amine/stationarity/result.json""]","[""23e5cb2c3c6e0b0f69afad7fc72a6a679d3171012da4fb0889cc3898c6da1be9"", ""320207d7a21680926414b387b1b8cd3adcb066bb7fc19106fe58731629d2bffb""]","[""e86671950a63cee8ad913469c398c0a38c6413830c659f0b071ec23d3408c93f"", ""1310231bc0e8cfa7827d24c6e16bb1ae55f4c47ed9c416194f0e2ec8627a6231""]",Reaction thermodynamics of separate 1M molecular species; no kinetic barrier or TOF
Fe_pyridine_pnn_iPr,imine_hydrogenation,360.0,16.628959993846365,hydrogenated_cat + imine -> active_cat + product_amine,True,True,"[""data/campaign/thermochemistry/Fe_pyridine_pnn_iPr__hydrogenated/result.json"", ""data/reference_thermochemistry/imine/stationarity/result.json""]","[""data/campaign/thermochemistry/Fe_pyridine_pnn_iPr__active/result.json"", ""data/reference_thermochemistry/product_amine/stationarity/result.json""]","[""23e5cb2c3c6e0b0f69afad7fc72a6a679d3171012da4fb0889cc3898c6da1be9"", ""320207d7a21680926414b387b1b8cd3adcb066bb7fc19106fe58731629d2bffb""]","[""e86671950a63cee8ad913469c398c0a38c6413830c659f0b071ec23d3408c93f"", ""1310231bc0e8cfa7827d24c6e16bb1ae55f4c47ed9c416194f0e2ec8627a6231""]",Reaction thermodynamics of separate 1M molecular species; no kinetic barrier or TOF
Fe_pyridine_pnn_iPr,imine_hydrogenation,370.0,16.588804861745302,hydrogenated_cat + imine -> active_cat + product_amine,True,True,"[""data/campaign/thermochemistry/Fe_pyridine_pnn_iPr__hydrogenated/result.json"", ""data/reference_thermochemistry/imine/stationarity/result.json""]","[""data/campaign/thermochemistry/Fe_pyridine_pnn_iPr__active/result.json"", ""data/reference_thermochemistry/product_amine/stationarity/result.json""]","[""23e5cb2c3c6e0b0f69afad7fc72a6a679d3171012da4fb0889cc3898c6da1be9"", ""320207d7a21680926414b387b1b8cd3adcb066bb7fc19106fe58731629d2bffb""]","[""e86671950a63cee8ad913469c398c0a38c6413830c659f0b071ec23d3408c93f"", ""1310231bc0e8cfa7827d24c6e16bb1ae55f4c47ed9c416194f0e2ec8627a6231""]",Reaction thermodynamics of separate 1M molecular species; no kinetic barrier or TOF
Fe_pyridine_pnn_iPr,imine_hydrogenation,380.0,16.548391909749625,hydrogenated_cat + imine -> active_cat + product_amine,True,True,"[""data/campaign/thermochemistry/Fe_pyridine_pnn_iPr__hydrogenated/result.json"", ""data/reference_thermochemistry/imine/stationarity/result.json""]","[""data/campaign/thermochemistry/Fe_pyridine_pnn_iPr__active/result.json"", ""data/reference_thermochemistry/product_amine/stationarity/result.json""]","[""23e5cb2c3c6e0b0f69afad7fc72a6a679d3171012da4fb0889cc3898c6da1be9"", ""320207d7a21680926414b387b1b8cd3adcb066bb7fc19106fe58731629d2bffb""]","[""e86671950a63cee8ad913469c398c0a38c6413830c659f0b071ec23d3408c93f"", ""1310231bc0e8cfa7827d24c6e16bb1ae55f4c47ed9c416194f0e2ec8627a6231""]",Reaction thermodynamics of separate 1M molecular species; no kinetic barrier or TOF
Fe_pyridine_pnn_iPr,imine_hydrogenation,383.15,16.53561214765068,hydrogenated_cat + imine -> active_cat + product_amine,True,True,"[""data/campaign/thermochemistry/Fe_pyridine_pnn_iPr__hydrogenated/result.json"", ""data/reference_thermochemistry/imine/stationarity/result.json""]","[""data/campaign/thermochemistry/Fe_pyridine_pnn_iPr__active/result.json"", ""data/reference_thermochemistry/product_amine/stationarity/result.json""]","[""23e5cb2c3c6e0b0f69afad7fc72a6a679d3171012da4fb0889cc3898c6da1be9"", ""320207d7a21680926414b387b1b8cd3adcb066bb7fc19106fe58731629d2bffb""]","[""e86671950a63cee8ad913469c398c0a38c6413830c659f0b071ec23d3408c93f"", ""1310231bc0e8cfa7827d24c6e16bb1ae55f4c47ed9c416194f0e2ec8627a6231""]",Reaction thermodynamics of separate 1M molecular species; no kinetic barrier or TOF
Fe_pyridine_pnn_iPr,imine_hydrogenation,390.0,16.507744173726678,hydrogenated_cat + imine -> active_cat + product_amine,True,True,"[""data/campaign/thermochemistry/Fe_pyridine_pnn_iPr__hydrogenated/result.json"", ""data/reference_thermochemistry/imine/stationarity/result.json""]","[""data/campaign/thermochemistry/Fe_pyridine_pnn_iPr__active/result.json"", ""data/reference_thermochemistry/product_amine/stationarity/result.json""]","[""23e5cb2c3c6e0b0f69afad7fc72a6a679d3171012da4fb0889cc3898c6da1be9"", ""320207d7a21680926414b387b1b8cd3adcb066bb7fc19106fe58731629d2bffb""]","[""e86671950a63cee8ad913469c398c0a38c6413830c659f0b071ec23d3408c93f"", ""1310231bc0e8cfa7827d24c6e16bb1ae55f4c47ed9c416194f0e2ec8627a6231""]",Reaction thermodynamics of separate 1M molecular species; no kinetic barrier or TOF
Fe_pyridine_pnn_iPr,imine_hydrogenation,400.0,16.466883466244326,hydrogenated_cat + imine -> active_cat + product_amine,True,True,"[""data/campaign/thermochemistry/Fe_pyridine_pnn_iPr__hydrogenated/result.json"", ""data/reference_thermochemistry/imine/stationarity/result.json""]","[""data/campaign/thermochemistry/Fe_pyridine_pnn_iPr__active/result.json"", ""data/reference_thermochemistry/product_amine/stationarity/result.json""]","[""23e5cb2c3c6e0b0f69afad7fc72a6a679d3171012da4fb0889cc3898c6da1be9"", ""320207d7a21680926414b387b1b8cd3adcb066bb7fc19106fe58731629d2bffb""]","[""e86671950a63cee8ad913469c398c0a38c6413830c659f0b071ec23d3408c93f"", ""1310231bc0e8cfa7827d24c6e16bb1ae55f4c47ed9c416194f0e2ec8627a6231""]",Reaction thermodynamics of separate 1M molecular species; no kinetic barrier or TOF
Fe_pyridine_pnn_iPr,imine_hydrogenation,410.0,16.425830420263082,hydrogenated_cat + imine -> active_cat + product_amine,True,True,"[""data/campaign/thermochemistry/Fe_pyridine_pnn_iPr__hydrogenated/result.json"", ""data/reference_thermochemistry/imine/stationarity/result.json""]","[""data/campaign/thermochemistry/Fe_pyridine_pnn_iPr__active/result.json"", ""data/reference_thermochemistry/product_amine/stationarity/result.json""]","[""23e5cb2c3c6e0b0f69afad7fc72a6a679d3171012da4fb0889cc3898c6da1be9"", ""320207d7a21680926414b387b1b8cd3adcb066bb7fc19106fe58731629d2bffb""]","[""e86671950a63cee8ad913469c398c0a38c6413830c659f0b071ec23d3408c93f"", ""1310231bc0e8cfa7827d24c6e16bb1ae55f4c47ed9c416194f0e2ec8627a6231""]",Reaction thermodynamics of separate 1M molecular species; no kinetic barrier or TOF
Fe_pyridine_pnn_iPr,imine_hydrogenation,420.0,16.384604535782273,hydrogenated_cat + imine -> active_cat + product_amine,True,True,"[""data/campaign/thermochemistry/Fe_pyridine_pnn_iPr__hydrogenated/result.json"", ""data/reference_thermochemistry/imine/stationarity/result.json""]","[""data/campaign/thermochemistry/Fe_pyridine_pnn_iPr__active/result.json"", ""data/reference_thermochemistry/product_amine/stationarity/result.json""]","[""23e5cb2c3c6e0b0f69afad7fc72a6a679d3171012da4fb0889cc3898c6da1be9"", ""320207d7a21680926414b387b1b8cd3adcb066bb7fc19106fe58731629d2bffb""]","[""e86671950a63cee8ad913469c398c0a38c6413830c659f0b071ec23d3408c93f"", ""1310231bc0e8cfa7827d24c6e16bb1ae55f4c47ed9c416194f0e2ec8627a6231""]",Reaction thermodynamics of separate 1M molecular species; no kinetic barrier or TOF
Fe_pyridine_pnn_iPr,imine_hydrogenation,430.0,16.343224228603503,hydrogenated_cat + imine -> active_cat + product_amine,True,True,"[""data/campaign/thermochemistry/Fe_pyridine_pnn_iPr__hydrogenated/result.json"", ""data/reference_thermochemistry/imine/stationarity/result.json""]","[""data/campaign/thermochemistry/Fe_pyridine_pnn_iPr__active/result.json"", ""data/reference_thermochemistry/product_amine/stationarity/result.json""]","[""23e5cb2c3c6e0b0f69afad7fc72a6a679d3171012da4fb0889cc3898c6da1be9"", ""320207d7a21680926414b387b1b8cd3adcb066bb7fc19106fe58731629d2bffb""]","[""e86671950a63cee8ad913469c398c0a38c6413830c659f0b071ec23d3408c93f"", ""1310231bc0e8cfa7827d24c6e16bb1ae55f4c47ed9c416194f0e2ec8627a6231""]",Reaction thermodynamics of separate 1M molecular species; no kinetic barrier or TOF
Fe_pyridine_pnn_iPr,imine_hydrogenation,440.0,16.30170687950158,hydrogenated_cat + imine -> active_cat + product_amine,True,True,"[""data/campaign/thermochemistry/Fe_pyridine_pnn_iPr__hydrogenated/result.json"", ""data/reference_thermochemistry/imine/stationarity/result.json""]","[""data/campaign/thermochemistry/Fe_pyridine_pnn_iPr__active/result.json"", ""data/reference_thermochemistry/product_amine/stationarity/result.json""]","[""23e5cb2c3c6e0b0f69afad7fc72a6a679d3171012da4fb0889cc3898c6da1be9"", ""320207d7a21680926414b387b1b8cd3adcb066bb7fc19106fe58731629d2bffb""]","[""e86671950a63cee8ad913469c398c0a38c6413830c659f0b071ec23d3408c93f"", ""1310231bc0e8cfa7827d24c6e16bb1ae55f4c47ed9c416194f0e2ec8627a6231""]",Reaction thermodynamics of separate 1M molecular species; no kinetic barrier or TOF
Fe_bipyridine_pnnoh_Ph,alcohol_dehydrogenation,298.15,-7.2257451882996975,active_cat + benzyl_alcohol -> hydrogenated_cat + benzaldehyde,True,True,"[""data/targeted_rescue/thermochemistry/Fe_bipyridine_pnnoh_Ph__active/result.json"", ""data/reference_thermochemistry/benzyl_alcohol/stationarity/result.json""]","[""data/targeted_rescue/thermochemistry/Fe_bipyridine_pnnoh_Ph__hydrogenated/result.json"", ""data/reference_thermochemistry/benzaldehyde/stationarity/result.json""]","[""00e5a55e89234d48cda3da27df2559bcf51ab79c4fb11f3fbc8b8ed2bc712caf"", ""f4897da33f477e49dfa225e23571ab1376182c83d5412b994134a99a99cc75c0""]","[""66af4a8a827662aa9fa788e27c8527badb5778ac2ab5474c056516382a1fbe19"", ""e7292b48e5f27218094b119118595a7fc0b25d93db34b114bb0582e7ad8b60b9""]",Reaction thermodynamics of separate 1M molecular species; no kinetic barrier or TOF
Fe_bipyridine_pnnoh_Ph,alcohol_dehydrogenation,340.0,-7.184281571298925,active_cat + benzyl_alcohol -> hydrogenated_cat + benzaldehyde,True,True,"[""data/targeted_rescue/thermochemistry/Fe_bipyridine_pnnoh_Ph__active/result.json"", ""data/reference_thermochemistry/benzyl_alcohol/stationarity/result.json""]","[""data/targeted_rescue/thermochemistry/Fe_bipyridine_pnnoh_Ph__hydrogenated/result.json"", ""data/reference_thermochemistry/benzaldehyde/stationarity/result.json""]","[""00e5a55e89234d48cda3da27df2559bcf51ab79c4fb11f3fbc8b8ed2bc712caf"", ""f4897da33f477e49dfa225e23571ab1376182c83d5412b994134a99a99cc75c0""]","[""66af4a8a827662aa9fa788e27c8527badb5778ac2ab5474c056516382a1fbe19"", ""e7292b48e5f27218094b119118595a7fc0b25d93db34b114bb0582e7ad8b60b9""]",Reaction thermodynamics of separate 1M molecular species; no kinetic barrier or TOF
Fe_bipyridine_pnnoh_Ph,alcohol_dehydrogenation,350.0,-7.174914035971597,active_cat + benzyl_alcohol -> hydrogenated_cat + benzaldehyde,True,True,"[""data/targeted_rescue/thermochemistry/Fe_bipyridine_pnnoh_Ph__active/result.json"", ""data/reference_thermochemistry/benzyl_alcohol/stationarity/result.json""]","[""data/targeted_rescue/thermochemistry/Fe_bipyridine_pnnoh_Ph__hydrogenated/result.json"", ""data/reference_thermochemistry/benzaldehyde/stationarity/result.json""]","[""00e5a55e89234d48cda3da27df2559bcf51ab79c4fb11f3fbc8b8ed2bc712caf"", ""f4897da33f477e49dfa225e23571ab1376182c83d5412b994134a99a99cc75c0""]","[""66af4a8a827662aa9fa788e27c8527badb5778ac2ab5474c056516382a1fbe19"", ""e7292b48e5f27218094b119118595a7fc0b25d93db34b114bb0582e7ad8b60b9""]",Reaction thermodynamics of separate 1M molecular species; no kinetic barrier or TOF
Fe_bipyridine_pnnoh_Ph,alcohol_dehydrogenation,360.0,-7.165762317426925,active_cat + benzyl_alcohol -> hydrogenated_cat + benzaldehyde,True,True,"[""data/targeted_rescue/thermochemistry/Fe_bipyridine_pnnoh_Ph__active/result.json"", ""data/reference_thermochemistry/benzyl_alcohol/stationarity/result.json""]","[""data/targeted_rescue/thermochemistry/Fe_bipyridine_pnnoh_Ph__hydrogenated/result.json"", ""data/reference_thermochemistry/benzaldehyde/stationarity/result.json""]","[""00e5a55e89234d48cda3da27df2559bcf51ab79c4fb11f3fbc8b8ed2bc712caf"", ""f4897da33f477e49dfa225e23571ab1376182c83d5412b994134a99a99cc75c0""]","[""66af4a8a827662aa9fa788e27c8527badb5778ac2ab5474c056516382a1fbe19"", ""e7292b48e5f27218094b119118595a7fc0b25d93db34b114bb0582e7ad8b60b9""]",Reaction thermodynamics of separate 1M molecular species; no kinetic barrier or TOF
Fe_bipyridine_pnnoh_Ph,alcohol_dehydrogenation,370.0,-7.156829117406232,active_cat + benzyl_alcohol -> hydrogenated_cat + benzaldehyde,True,True,"[""data/targeted_rescue/thermochemistry/Fe_bipyridine_pnnoh_Ph__active/result.json"", ""data/reference_thermochemistry/benzyl_alcohol/stationarity/result.json""]","[""data/targeted_rescue/thermochemistry/Fe_bipyridine_pnnoh_Ph__hydrogenated/result.json"", ""data/reference_thermochemistry/benzaldehyde/stationarity/result.json""]","[""00e5a55e89234d48cda3da27df2559bcf51ab79c4fb11f3fbc8b8ed2bc712caf"", ""f4897da33f477e49dfa225e23571ab1376182c83d5412b994134a99a99cc75c0""]","[""66af4a8a827662aa9fa788e27c8527badb5778ac2ab5474c056516382a1fbe19"", ""e7292b48e5f27218094b119118595a7fc0b25d93db34b114bb0582e7ad8b60b9""]",Reaction thermodynamics of separate 1M molecular species; no kinetic barrier or TOF
Fe_bipyridine_pnnoh_Ph,alcohol_dehydrogenation,380.0,-7.148116711685361,active_cat + benzyl_alcohol -> hydrogenated_cat + benzaldehyde,True,True,"[""data/targeted_rescue/thermochemistry/Fe_bipyridine_pnnoh_Ph__active/result.json"", ""data/reference_thermochemistry/benzyl_alcohol/stationarity/result.json""]","[""data/targeted_rescue/thermochemistry/Fe_bipyridine_pnnoh_Ph__hydrogenated/result.json"", ""data/reference_thermochemistry/benzaldehyde/stationarity/result.json""]","[""00e5a55e89234d48cda3da27df2559bcf51ab79c4fb11f3fbc8b8ed2bc712caf"", ""f4897da33f477e49dfa225e23571ab1376182c83d5412b994134a99a99cc75c0""]","[""66af4a8a827662aa9fa788e27c8527badb5778ac2ab5474c056516382a1fbe19"", ""e7292b48e5f27218094b119118595a7fc0b25d93db34b114bb0582e7ad8b60b9""]",Reaction thermodynamics of separate 1M molecular species; no kinetic barrier or TOF
Fe_bipyridine_pnnoh_Ph,alcohol_dehydrogenation,383.15,-7.145418345797225,active_cat + benzyl_alcohol -> hydrogenated_cat + benzaldehyde,True,True,"[""data/targeted_rescue/thermochemistry/Fe_bipyridine_pnnoh_Ph__active/result.json"", ""data/reference_thermochemistry/benzyl_alcohol/stationarity/result.json""]","[""data/targeted_rescue/thermochemistry/Fe_bipyridine_pnnoh_Ph__hydrogenated/result.json"", ""data/reference_thermochemistry/benzaldehyde/stationarity/result.json""]","[""00e5a55e89234d48cda3da27df2559bcf51ab79c4fb11f3fbc8b8ed2bc712caf"", ""f4897da33f477e49dfa225e23571ab1376182c83d5412b994134a99a99cc75c0""]","[""66af4a8a827662aa9fa788e27c8527badb5778ac2ab5474c056516382a1fbe19"", ""e7292b48e5f27218094b119118595a7fc0b25d93db34b114bb0582e7ad8b60b9""]",Reaction thermodynamics of separate 1M molecular species; no kinetic barrier or TOF
Fe_bipyridine_pnnoh_Ph,alcohol_dehydrogenation,390.0,-7.1396269965498504,active_cat + benzyl_alcohol -> hydrogenated_cat + benzaldehyde,True,True,"[""data/targeted_rescue/thermochemistry/Fe_bipyridine_pnnoh_Ph__active/result.json"", ""data/reference_thermochemistry/benzyl_alcohol/stationarity/result.json""]","[""data/targeted_rescue/thermochemistry/Fe_bipyridine_pnnoh_Ph__hydrogenated/result.json"", ""data/reference_thermochemistry/benzaldehyde/stationarity/result.json""]","[""00e5a55e89234d48cda3da27df2559bcf51ab79c4fb11f3fbc8b8ed2bc712caf"", ""f4897da33f477e49dfa225e23571ab1376182c83d5412b994134a99a99cc75c0""]","[""66af4a8a827662aa9fa788e27c8527badb5778ac2ab5474c056516382a1fbe19"", ""e7292b48e5f27218094b119118595a7fc0b25d93db34b114bb0582e7ad8b60b9""]",Reaction thermodynamics of separate 1M molecular species; no kinetic barrier or TOF
Fe_bipyridine_pnnoh_Ph,alcohol_dehydrogenation,400.0,-7.131361530677168,active_cat + benzyl_alcohol -> hydrogenated_cat + benzaldehyde,True,True,"[""data/targeted_rescue/thermochemistry/Fe_bipyridine_pnnoh_Ph__active/result.json"", ""data/reference_thermochemistry/benzyl_alcohol/stationarity/result.json""]","[""data/targeted_rescue/thermochemistry/Fe_bipyridine_pnnoh_Ph__hydrogenated/result.json"", ""data/reference_thermochemistry/benzaldehyde/stationarity/result.json""]","[""00e5a55e89234d48cda3da27df2559bcf51ab79c4fb11f3fbc8b8ed2bc712caf"", ""f4897da33f477e49dfa225e23571ab1376182c83d5412b994134a99a99cc75c0""]","[""66af4a8a827662aa9fa788e27c8527badb5778ac2ab5474c056516382a1fbe19"", ""e7292b48e5f27218094b119118595a7fc0b25d93db34b114bb0582e7ad8b60b9""]",Reaction thermodynamics of separate 1M molecular species; no kinetic barrier or TOF
Fe_bipyridine_pnnoh_Ph,alcohol_dehydrogenation,410.0,-7.123321572413261,active_cat + benzyl_alcohol -> hydrogenated_cat + benzaldehyde,True,True,"[""data/targeted_rescue/thermochemistry/Fe_bipyridine_pnnoh_Ph__active/result.json"", ""data/reference_thermochemistry/benzyl_alcohol/stationarity/result.json""]","[""data/targeted_rescue/thermochemistry/Fe_bipyridine_pnnoh_Ph__hydrogenated/result.json"", ""data/reference_thermochemistry/benzaldehyde/stationarity/result.json""]","[""00e5a55e89234d48cda3da27df2559bcf51ab79c4fb11f3fbc8b8ed2bc712caf"", ""f4897da33f477e49dfa225e23571ab1376182c83d5412b994134a99a99cc75c0""]","[""66af4a8a827662aa9fa788e27c8527badb5778ac2ab5474c056516382a1fbe19"", ""e7292b48e5f27218094b119118595a7fc0b25d93db34b114bb0582e7ad8b60b9""]",Reaction thermodynamics of separate 1M molecular species; no kinetic barrier or TOF
Fe_bipyridine_pnnoh_Ph,alcohol_dehydrogenation,420.0,-7.115508112654425,active_cat + benzyl_alcohol -> hydrogenated_cat + benzaldehyde,True,True,"[""data/targeted_rescue/thermochemistry/Fe_bipyridine_pnnoh_Ph__active/result.json"", ""data/reference_thermochemistry/benzyl_alcohol/stationarity/result.json""]","[""data/targeted_rescue/thermochemistry/Fe_bipyridine_pnnoh_Ph__hydrogenated/result.json"", ""data/reference_thermochemistry/benzaldehyde/stationarity/result.json""]","[""00e5a55e89234d48cda3da27df2559bcf51ab79c4fb11f3fbc8b8ed2bc712caf"", ""f4897da33f477e49dfa225e23571ab1376182c83d5412b994134a99a99cc75c0""]","[""66af4a8a827662aa9fa788e27c8527badb5778ac2ab5474c056516382a1fbe19"", ""e7292b48e5f27218094b119118595a7fc0b25d93db34b114bb0582e7ad8b60b9""]",Reaction thermodynamics of separate 1M molecular species; no kinetic barrier or TOF
Fe_bipyridine_pnnoh_Ph,alcohol_dehydrogenation,430.0,-7.1079219037237635,active_cat + benzyl_alcohol -> hydrogenated_cat + benzaldehyde,True,True,"[""data/targeted_rescue/thermochemistry/Fe_bipyridine_pnnoh_Ph__active/result.json"", ""data/reference_thermochemistry/benzyl_alcohol/stationarity/result.json""]","[""data/targeted_rescue/thermochemistry/Fe_bipyridine_pnnoh_Ph__hydrogenated/result.json"", ""data/reference_thermochemistry/benzaldehyde/stationarity/result.json""]","[""00e5a55e89234d48cda3da27df2559bcf51ab79c4fb11f3fbc8b8ed2bc712caf"", ""f4897da33f477e49dfa225e23571ab1376182c83d5412b994134a99a99cc75c0""]","[""66af4a8a827662aa9fa788e27c8527badb5778ac2ab5474c056516382a1fbe19"", ""e7292b48e5f27218094b119118595a7fc0b25d93db34b114bb0582e7ad8b60b9""]",Reaction thermodynamics of separate 1M molecular species; no kinetic barrier or TOF
Fe_bipyridine_pnnoh_Ph,alcohol_dehydrogenation,440.0,-7.100563484713348,active_cat + benzyl_alcohol -> hydrogenated_cat + benzaldehyde,True,True,"[""data/targeted_rescue/thermochemistry/Fe_bipyridine_pnnoh_Ph__active/result.json"", ""data/reference_thermochemistry/benzyl_alcohol/stationarity/result.json""]","[""data/targeted_rescue/thermochemistry/Fe_bipyridine_pnnoh_Ph__hydrogenated/result.json"", ""data/reference_thermochemistry/benzaldehyde/stationarity/result.json""]","[""00e5a55e89234d48cda3da27df2559bcf51ab79c4fb11f3fbc8b8ed2bc712caf"", ""f4897da33f477e49dfa225e23571ab1376182c83d5412b994134a99a99cc75c0""]","[""66af4a8a827662aa9fa788e27c8527badb5778ac2ab5474c056516382a1fbe19"", ""e7292b48e5f27218094b119118595a7fc0b25d93db34b114bb0582e7ad8b60b9""]",Reaction thermodynamics of separate 1M molecular species; no kinetic barrier or TOF
Fe_bipyridine_pnnoh_Ph,separated_ion_deprotonation,298.15,-62.289457646369556,protonated_cat(+) + tert_butoxide(-) -> active_cat + tert_butanol,True,True,"[""data/targeted_rescue/thermochemistry/Fe_bipyridine_pnnoh_Ph__protonated_reference/result.json"", ""data/reference_thermochemistry/tert_butoxide_anion/stationarity/result.json""]","[""data/targeted_rescue/thermochemistry/Fe_bipyridine_pnnoh_Ph__active/result.json"", ""data/reference_thermochemistry/tert_butanol/stationarity/result.json""]","[""777550d138d4d9d9e51e1f29bec87d4c12d317698c5e26870dbce3a0e548f50f"", ""d212e4231d6b932ee1d5bcd7336d05f49a5bd740e5762fb2e2806c3cb8018b82""]","[""00e5a55e89234d48cda3da27df2559bcf51ab79c4fb11f3fbc8b8ed2bc712caf"", ""528ce6cef516220b49746927b16e66a325ccc5797a749a09e16cf5dfe6b1bd99""]",Separated-ion reference only; does not establish dissolved tBuOK salt speciation or ion pairing
Fe_bipyridine_pnnoh_Ph,separated_ion_deprotonation,340.0,-62.283476674330814,protonated_cat(+) + tert_butoxide(-) -> active_cat + tert_butanol,True,True,"[""data/targeted_rescue/thermochemistry/Fe_bipyridine_pnnoh_Ph__protonated_reference/result.json"", ""data/reference_thermochemistry/tert_butoxide_anion/stationarity/result.json""]","[""data/targeted_rescue/thermochemistry/Fe_bipyridine_pnnoh_Ph__active/result.json"", ""data/reference_thermochemistry/tert_butanol/stationarity/result.json""]","[""777550d138d4d9d9e51e1f29bec87d4c12d317698c5e26870dbce3a0e548f50f"", ""d212e4231d6b932ee1d5bcd7336d05f49a5bd740e5762fb2e2806c3cb8018b82""]","[""00e5a55e89234d48cda3da27df2559bcf51ab79c4fb11f3fbc8b8ed2bc712caf"", ""528ce6cef516220b49746927b16e66a325ccc5797a749a09e16cf5dfe6b1bd99""]",Separated-ion reference only; does not establish dissolved tBuOK salt speciation or ion pairing
Fe_bipyridine_pnnoh_Ph,separated_ion_deprotonation,350.0,-62.28162369440906,protonated_cat(+) + tert_butoxide(-) -> active_cat + tert_butanol,True,True,"[""data/targeted_rescue/thermochemistry/Fe_bipyridine_pnnoh_Ph__protonated_reference/result.json"", ""data/reference_thermochemistry/tert_butoxide_anion/stationarity/result.json""]","[""data/targeted_rescue/thermochemistry/Fe_bipyridine_pnnoh_Ph__active/result.json"", ""data/reference_thermochemistry/tert_butanol/stationarity/result.json""]","[""777550d138d4d9d9e51e1f29bec87d4c12d317698c5e26870dbce3a0e548f50f"", ""d212e4231d6b932ee1d5bcd7336d05f49a5bd740e5762fb2e2806c3cb8018b82""]","[""00e5a55e89234d48cda3da27df2559bcf51ab79c4fb11f3fbc8b8ed2bc712caf"", ""528ce6cef516220b49746927b16e66a325ccc5797a749a09e16cf5dfe6b1bd99""]",Separated-ion reference only; does not establish dissolved tBuOK salt speciation or ion pairing
Fe_bipyridine_pnnoh_Ph,separated_ion_deprotonation,360.0,-62.27961087490985,protonated_cat(+) + tert_butoxide(-) -> active_cat + tert_butanol,True,True,"[""data/targeted_rescue/thermochemistry/Fe_bipyridine_pnnoh_Ph__protonated_reference/result.json"", ""data/reference_thermochemistry/tert_butoxide_anion/stationarity/result.json""]","[""data/targeted_rescue/thermochemistry/Fe_bipyridine_pnnoh_Ph__active/result.json"", ""data/reference_thermochemistry/tert_butanol/stationarity/result.json""]","[""777550d138d4d9d9e51e1f29bec87d4c12d317698c5e26870dbce3a0e548f50f"", ""d212e4231d6b932ee1d5bcd7336d05f49a5bd740e5762fb2e2806c3cb8018b82""]","[""00e5a55e89234d48cda3da27df2559bcf51ab79c4fb11f3fbc8b8ed2bc712caf"", ""528ce6cef516220b49746927b16e66a325ccc5797a749a09e16cf5dfe6b1bd99""]",Separated-ion reference only; does not establish dissolved tBuOK salt speciation or ion pairing
Fe_bipyridine_pnnoh_Ph,separated_ion_deprotonation,370.0,-62.27744128151426,protonated_cat(+) + tert_butoxide(-) -> active_cat + tert_butanol,True,True,"[""data/targeted_rescue/thermochemistry/Fe_bipyridine_pnnoh_Ph__protonated_reference/result.json"", ""data/reference_thermochemistry/tert_butoxide_anion/stationarity/result.json""]","[""data/targeted_rescue/thermochemistry/Fe_bipyridine_pnnoh_Ph__active/result.json"", ""data/reference_thermochemistry/tert_butanol/stationarity/result.json""]","[""777550d138d4d9d9e51e1f29bec87d4c12d317698c5e26870dbce3a0e548f50f"", ""d212e4231d6b932ee1d5bcd7336d05f49a5bd740e5762fb2e2806c3cb8018b82""]","[""00e5a55e89234d48cda3da27df2559bcf51ab79c4fb11f3fbc8b8ed2bc712caf"", ""528ce6cef516220b49746927b16e66a325ccc5797a749a09e16cf5dfe6b1bd99""]",Separated-ion reference only; does not establish dissolved tBuOK salt speciation or ion pairing
Fe_bipyridine_pnnoh_Ph,separated_ion_deprotonation,380.0,-62.275118507704974,protonated_cat(+) + tert_butoxide(-) -> active_cat + tert_butanol,True,True,"[""data/targeted_rescue/thermochemistry/Fe_bipyridine_pnnoh_Ph__protonated_reference/result.json"", ""data/reference_thermochemistry/tert_butoxide_anion/stationarity/result.json""]","[""data/targeted_rescue/thermochemistry/Fe_bipyridine_pnnoh_Ph__active/result.json"", ""data/reference_thermochemistry/tert_butanol/stationarity/result.json""]","[""777550d138d4d9d9e51e1f29bec87d4c12d317698c5e26870dbce3a0e548f50f"", ""d212e4231d6b932ee1d5bcd7336d05f49a5bd740e5762fb2e2806c3cb8018b82""]","[""00e5a55e89234d48cda3da27df2559bcf51ab79c4fb11f3fbc8b8ed2bc712caf"", ""528ce6cef516220b49746927b16e66a325ccc5797a749a09e16cf5dfe6b1bd99""]",Separated-ion reference only; does not establish dissolved tBuOK salt speciation or ion pairing
Fe_bipyridine_pnnoh_Ph,separated_ion_deprotonation,383.15,-62.27435574079573,protonated_cat(+) + tert_butoxide(-) -> active_cat + tert_butanol,True,True,"[""data/targeted_rescue/thermochemistry/Fe_bipyridine_pnnoh_Ph__protonated_reference/result.json"", ""data/reference_thermochemistry/tert_butoxide_anion/stationarity/result.json""]","[""data/targeted_rescue/thermochemistry/Fe_bipyridine_pnnoh_Ph__active/result.json"", ""data/reference_thermochemistry/tert_butanol/stationarity/result.json""]","[""777550d138d4d9d9e51e1f29bec87d4c12d317698c5e26870dbce3a0e548f50f"", ""d212e4231d6b932ee1d5bcd7336d05f49a5bd740e5762fb2e2806c3cb8018b82""]","[""00e5a55e89234d48cda3da27df2559bcf51ab79c4fb11f3fbc8b8ed2bc712caf"", ""528ce6cef516220b49746927b16e66a325ccc5797a749a09e16cf5dfe6b1bd99""]",Separated-ion reference only; does not establish dissolved tBuOK salt speciation or ion pairing
Fe_bipyridine_pnnoh_Ph,separated_ion_deprotonation,390.0,-62.272646572668236,protonated_cat(+) + tert_butoxide(-) -> active_cat + tert_butanol,True,True,"[""data/targeted_rescue/thermochemistry/Fe_bipyridine_pnnoh_Ph__protonated_reference/result.json"", ""data/reference_thermochemistry/tert_butoxide_anion/stationarity/result.json""]","[""data/targeted_rescue/thermochemistry/Fe_bipyridine_pnnoh_Ph__active/result.json"", ""data/reference_thermochemistry/tert_butanol/stationarity/result.json""]","[""777550d138d4d9d9e51e1f29bec87d4c12d317698c5e26870dbce3a0e548f50f"", ""d212e4231d6b932ee1d5bcd7336d05f49a5bd740e5762fb2e2806c3cb8018b82""]","[""00e5a55e89234d48cda3da27df2559bcf51ab79c4fb11f3fbc8b8ed2bc712caf"", ""528ce6cef516220b49746927b16e66a325ccc5797a749a09e16cf5dfe6b1bd99""]",Separated-ion reference only; does not establish dissolved tBuOK salt speciation or ion pairing
Fe_bipyridine_pnnoh_Ph,separated_ion_deprotonation,400.0,-62.27002982982958,protonated_cat(+) + tert_butoxide(-) -> active_cat + tert_butanol,True,True,"[""data/targeted_rescue/thermochemistry/Fe_bipyridine_pnnoh_Ph__protonated_reference/result.json"", ""data/reference_thermochemistry/tert_butoxide_anion/stationarity/result.json""]","[""data/targeted_rescue/thermochemistry/Fe_bipyridine_pnnoh_Ph__active/result.json"", ""data/reference_thermochemistry/tert_butanol/stationarity/result.json""]","[""777550d138d4d9d9e51e1f29bec87d4c12d317698c5e26870dbce3a0e548f50f"", ""d212e4231d6b932ee1d5bcd7336d05f49a5bd740e5762fb2e2806c3cb8018b82""]","[""00e5a55e89234d48cda3da27df2559bcf51ab79c4fb11f3fbc8b8ed2bc712caf"", ""528ce6cef516220b49746927b16e66a325ccc5797a749a09e16cf5dfe6b1bd99""]",Separated-ion reference only; does not establish dissolved tBuOK salt speciation or ion pairing
Fe_bipyridine_pnnoh_Ph,separated_ion_deprotonation,410.0,-62.26727288567963,protonated_cat(+) + tert_butoxide(-) -> active_cat + tert_butanol,True,True,"[""data/targeted_rescue/thermochemistry/Fe_bipyridine_pnnoh_Ph__protonated_reference/result.json"", ""data/reference_thermochemistry/tert_butoxide_anion/stationarity/result.json""]","[""data/targeted_rescue/thermochemistry/Fe_bipyridine_pnnoh_Ph__active/result.json"", ""data/reference_thermochemistry/tert_butanol/stationarity/result.json""]","[""777550d138d4d9d9e51e1f29bec87d4c12d317698c5e26870dbce3a0e548f50f"", ""d212e4231d6b932ee1d5bcd7336d05f49a5bd740e5762fb2e2806c3cb8018b82""]","[""00e5a55e89234d48cda3da27df2559bcf51ab79c4fb11f3fbc8b8ed2bc712caf"", ""528ce6cef516220b49746927b16e66a325ccc5797a749a09e16cf5dfe6b1bd99""]",Separated-ion reference only; does not establish dissolved tBuOK salt speciation or ion pairing
Fe_bipyridine_pnnoh_Ph,separated_ion_deprotonation,420.0,-62.26438052822414,protonated_cat(+) + tert_butoxide(-) -> active_cat + tert_butanol,True,True,"[""data/targeted_rescue/thermochemistry/Fe_bipyridine_pnnoh_Ph__protonated_reference/result.json"", ""data/reference_thermochemistry/tert_butoxide_anion/stationarity/result.json""]","[""data/targeted_rescue/thermochemistry/Fe_bipyridine_pnnoh_Ph__active/result.json"", ""data/reference_thermochemistry/tert_butanol/stationarity/result.json""]","[""777550d138d4d9d9e51e1f29bec87d4c12d317698c5e26870dbce3a0e548f50f"", ""d212e4231d6b932ee1d5bcd7336d05f49a5bd740e5762fb2e2806c3cb8018b82""]","[""00e5a55e89234d48cda3da27df2559bcf51ab79c4fb11f3fbc8b8ed2bc712caf"", ""528ce6cef516220b49746927b16e66a325ccc5797a749a09e16cf5dfe6b1bd99""]",Separated-ion reference only; does not establish dissolved tBuOK salt speciation or ion pairing
Fe_bipyridine_pnnoh_Ph,separated_ion_deprotonation,430.0,-62.261357664732714,protonated_cat(+) + tert_butoxide(-) -> active_cat + tert_butanol,True,True,"[""data/targeted_rescue/thermochemistry/Fe_bipyridine_pnnoh_Ph__protonated_reference/result.json"", ""data/reference_thermochemistry/tert_butoxide_anion/stationarity/result.json""]","[""data/targeted_rescue/thermochemistry/Fe_bipyridine_pnnoh_Ph__active/result.json"", ""data/reference_thermochemistry/tert_butanol/stationarity/result.json""]","[""777550d138d4d9d9e51e1f29bec87d4c12d317698c5e26870dbce3a0e548f50f"", ""d212e4231d6b932ee1d5bcd7336d05f49a5bd740e5762fb2e2806c3cb8018b82""]","[""00e5a55e89234d48cda3da27df2559bcf51ab79c4fb11f3fbc8b8ed2bc712caf"", ""528ce6cef516220b49746927b16e66a325ccc5797a749a09e16cf5dfe6b1bd99""]",Separated-ion reference only; does not establish dissolved tBuOK salt speciation or ion pairing
Fe_bipyridine_pnnoh_Ph,separated_ion_deprotonation,440.0,-62.258209267518396,protonated_cat(+) + tert_butoxide(-) -> active_cat + tert_butanol,True,True,"[""data/targeted_rescue/thermochemistry/Fe_bipyridine_pnnoh_Ph__protonated_reference/result.json"", ""data/reference_thermochemistry/tert_butoxide_anion/stationarity/result.json""]","[""data/targeted_rescue/thermochemistry/Fe_bipyridine_pnnoh_Ph__active/result.json"", ""data/reference_thermochemistry/tert_butanol/stationarity/result.json""]","[""777550d138d4d9d9e51e1f29bec87d4c12d317698c5e26870dbce3a0e548f50f"", ""d212e4231d6b932ee1d5bcd7336d05f49a5bd740e5762fb2e2806c3cb8018b82""]","[""00e5a55e89234d48cda3da27df2559bcf51ab79c4fb11f3fbc8b8ed2bc712caf"", ""528ce6cef516220b49746927b16e66a325ccc5797a749a09e16cf5dfe6b1bd99""]",Separated-ion reference only; does not establish dissolved tBuOK salt speciation or ion pairing
Fe_bipyridine_pnnoh_Ph,imine_hydrogenation,298.15,4.850470904977556,hydrogenated_cat + imine -> active_cat + product_amine,True,True,"[""data/targeted_rescue/thermochemistry/Fe_bipyridine_pnnoh_Ph__hydrogenated/result.json"", ""data/reference_thermochemistry/imine/stationarity/result.json""]","[""data/targeted_rescue/thermochemistry/Fe_bipyridine_pnnoh_Ph__active/result.json"", ""data/reference_thermochemistry/product_amine/stationarity/result.json""]","[""66af4a8a827662aa9fa788e27c8527badb5778ac2ab5474c056516382a1fbe19"", ""320207d7a21680926414b387b1b8cd3adcb066bb7fc19106fe58731629d2bffb""]","[""00e5a55e89234d48cda3da27df2559bcf51ab79c4fb11f3fbc8b8ed2bc712caf"", ""1310231bc0e8cfa7827d24c6e16bb1ae55f4c47ed9c416194f0e2ec8627a6231""]",Reaction thermodynamics of separate 1M molecular species; no kinetic barrier or TOF
Fe_bipyridine_pnnoh_Ph,imine_hydrogenation,340.0,4.871738254954835,hydrogenated_cat + imine -> active_cat + product_amine,True,True,"[""data/targeted_rescue/thermochemistry/Fe_bipyridine_pnnoh_Ph__hydrogenated/result.json"", ""data/reference_thermochemistry/imine/stationarity/result.json""]","[""data/targeted_rescue/thermochemistry/Fe_bipyridine_pnnoh_Ph__active/result.json"", ""data/reference_thermochemistry/product_amine/stationarity/result.json""]","[""66af4a8a827662aa9fa788e27c8527badb5778ac2ab5474c056516382a1fbe19"", ""320207d7a21680926414b387b1b8cd3adcb066bb7fc19106fe58731629d2bffb""]","[""00e5a55e89234d48cda3da27df2559bcf51ab79c4fb11f3fbc8b8ed2bc712caf"", ""1310231bc0e8cfa7827d24c6e16bb1ae55f4c47ed9c416194f0e2ec8627a6231""]",Reaction thermodynamics of separate 1M molecular species; no kinetic barrier or TOF
Fe_bipyridine_pnnoh_Ph,imine_hydrogenation,350.0,4.877118242853612,hydrogenated_cat + imine -> active_cat + product_amine,True,True,"[""data/targeted_rescue/thermochemistry/Fe_bipyridine_pnnoh_Ph__hydrogenated/result.json"", ""data/reference_thermochemistry/imine/stationarity/result.json""]","[""data/targeted_rescue/thermochemistry/Fe_bipyridine_pnnoh_Ph__active/result.json"", ""data/reference_thermochemistry/product_amine/stationarity/result.json""]","[""66af4a8a827662aa9fa788e27c8527badb5778ac2ab5474c056516382a1fbe19"", ""320207d7a21680926414b387b1b8cd3adcb066bb7fc19106fe58731629d2bffb""]","[""00e5a55e89234d48cda3da27df2559bcf51ab79c4fb11f3fbc8b8ed2bc712caf"", ""1310231bc0e8cfa7827d24c6e16bb1ae55f4c47ed9c416194f0e2ec8627a6231""]",Reaction thermodynamics of separate 1M molecular species; no kinetic barrier or TOF
Fe_bipyridine_pnnoh_Ph,imine_hydrogenation,360.0,4.882628030551132,hydrogenated_cat + imine -> active_cat + product_amine,True,True,"[""data/targeted_rescue/thermochemistry/Fe_bipyridine_pnnoh_Ph__hydrogenated/result.json"", ""data/reference_thermochemistry/imine/stationarity/result.json""]","[""data/targeted_rescue/thermochemistry/Fe_bipyridine_pnnoh_Ph__active/result.json"", ""data/reference_thermochemistry/product_amine/stationarity/result.json""]","[""66af4a8a827662aa9fa788e27c8527badb5778ac2ab5474c056516382a1fbe19"", ""320207d7a21680926414b387b1b8cd3adcb066bb7fc19106fe58731629d2bffb""]","[""00e5a55e89234d48cda3da27df2559bcf51ab79c4fb11f3fbc8b8ed2bc712caf"", ""1310231bc0e8cfa7827d24c6e16bb1ae55f4c47ed9c416194f0e2ec8627a6231""]",Reaction thermodynamics of separate 1M molecular species; no kinetic barrier or TOF
Fe_bipyridine_pnnoh_Ph,imine_hydrogenation,370.0,4.888273733060487,hydrogenated_cat + imine -> active_cat + product_amine,True,True,"[""data/targeted_rescue/thermochemistry/Fe_bipyridine_pnnoh_Ph__hydrogenated/result.json"", ""data/reference_thermochemistry/imine/stationarity/result.json""]","[""data/targeted_rescue/thermochemistry/Fe_bipyridine_pnnoh_Ph__active/result.json"", ""data/reference_thermochemistry/product_amine/stationarity/result.json""]","[""66af4a8a827662aa9fa788e27c8527badb5778ac2ab5474c056516382a1fbe19"", ""320207d7a21680926414b387b1b8cd3adcb066bb7fc19106fe58731629d2bffb""]","[""00e5a55e89234d48cda3da27df2559bcf51ab79c4fb11f3fbc8b8ed2bc712caf"", ""1310231bc0e8cfa7827d24c6e16bb1ae55f4c47ed9c416194f0e2ec8627a6231""]",Reaction thermodynamics of separate 1M molecular species; no kinetic barrier or TOF
Fe_bipyridine_pnnoh_Ph,imine_hydrogenation,380.0,4.894060891569097,hydrogenated_cat + imine -> active_cat + product_amine,True,True,"[""data/targeted_rescue/thermochemistry/Fe_bipyridine_pnnoh_Ph__hydrogenated/result.json"", ""data/reference_thermochemistry/imine/stationarity/result.json""]","[""data/targeted_rescue/thermochemistry/Fe_bipyridine_pnnoh_Ph__active/result.json"", ""data/reference_thermochemistry/product_amine/stationarity/result.json""]","[""66af4a8a827662aa9fa788e27c8527badb5778ac2ab5474c056516382a1fbe19"", ""320207d7a21680926414b387b1b8cd3adcb066bb7fc19106fe58731629d2bffb""]","[""00e5a55e89234d48cda3da27df2559bcf51ab79c4fb11f3fbc8b8ed2bc712caf"", ""1310231bc0e8cfa7827d24c6e16bb1ae55f4c47ed9c416194f0e2ec8627a6231""]",Reaction thermodynamics of separate 1M molecular species; no kinetic barrier or TOF
Fe_bipyridine_pnnoh_Ph,imine_hydrogenation,383.15,4.8959139556391165,hydrogenated_cat + imine -> active_cat + product_amine,True,True,"[""data/targeted_rescue/thermochemistry/Fe_bipyridine_pnnoh_Ph__hydrogenated/result.json"", ""data/reference_thermochemistry/imine/stationarity/result.json""]","[""data/targeted_rescue/thermochemistry/Fe_bipyridine_pnnoh_Ph__active/result.json"", ""data/reference_thermochemistry/product_amine/stationarity/result.json""]","[""66af4a8a827662aa9fa788e27c8527badb5778ac2ab5474c056516382a1fbe19"", ""320207d7a21680926414b387b1b8cd3adcb066bb7fc19106fe58731629d2bffb""]","[""00e5a55e89234d48cda3da27df2559bcf51ab79c4fb11f3fbc8b8ed2bc712caf"", ""1310231bc0e8cfa7827d24c6e16bb1ae55f4c47ed9c416194f0e2ec8627a6231""]",Reaction thermodynamics of separate 1M molecular species; no kinetic barrier or TOF
Fe_bipyridine_pnnoh_Ph,imine_hydrogenation,390.0,4.899994493720442,hydrogenated_cat + imine -> active_cat + product_amine,True,True,"[""data/targeted_rescue/thermochemistry/Fe_bipyridine_pnnoh_Ph__hydrogenated/result.json"", ""data/reference_thermochemistry/imine/stationarity/result.json""]","[""data/targeted_rescue/thermochemistry/Fe_bipyridine_pnnoh_Ph__active/result.json"", ""data/reference_thermochemistry/product_amine/stationarity/result.json""]","[""66af4a8a827662aa9fa788e27c8527badb5778ac2ab5474c056516382a1fbe19"", ""320207d7a21680926414b387b1b8cd3adcb066bb7fc19106fe58731629d2bffb""]","[""00e5a55e89234d48cda3da27df2559bcf51ab79c4fb11f3fbc8b8ed2bc712caf"", ""1310231bc0e8cfa7827d24c6e16bb1ae55f4c47ed9c416194f0e2ec8627a6231""]",Reaction thermodynamics of separate 1M molecular species; no kinetic barrier or TOF
Fe_bipyridine_pnnoh_Ph,imine_hydrogenation,400.0,4.906078998472367,hydrogenated_cat + imine -> active_cat + product_amine,True,True,"[""data/targeted_rescue/thermochemistry/Fe_bipyridine_pnnoh_Ph__hydrogenated/result.json"", ""data/reference_thermochemistry/imine/stationarity/result.json""]","[""data/targeted_rescue/thermochemistry/Fe_bipyridine_pnnoh_Ph__active/result.json"", ""data/reference_thermochemistry/product_amine/stationarity/result.json""]","[""66af4a8a827662aa9fa788e27c8527badb5778ac2ab5474c056516382a1fbe19"", ""320207d7a21680926414b387b1b8cd3adcb066bb7fc19106fe58731629d2bffb""]","[""00e5a55e89234d48cda3da27df2559bcf51ab79c4fb11f3fbc8b8ed2bc712caf"", ""1310231bc0e8cfa7827d24c6e16bb1ae55f4c47ed9c416194f0e2ec8627a6231""]",Reaction thermodynamics of separate 1M molecular species; no kinetic barrier or TOF
Fe_bipyridine_pnnoh_Ph,imine_hydrogenation,410.0,4.912318363571103,hydrogenated_cat + imine -> active_cat + product_amine,True,True,"[""data/targeted_rescue/thermochemistry/Fe_bipyridine_pnnoh_Ph__hydrogenated/result.json"", ""data/reference_thermochemistry/imine/stationarity/result.json""]","[""data/targeted_rescue/thermochemistry/Fe_bipyridine_pnnoh_Ph__active/result.json"", ""data/reference_thermochemistry/product_amine/stationarity/result.json""]","[""66af4a8a827662aa9fa788e27c8527badb5778ac2ab5474c056516382a1fbe19"", ""320207d7a21680926414b387b1b8cd3adcb066bb7fc19106fe58731629d2bffb""]","[""00e5a55e89234d48cda3da27df2559bcf51ab79c4fb11f3fbc8b8ed2bc712caf"", ""1310231bc0e8cfa7827d24c6e16bb1ae55f4c47ed9c416194f0e2ec8627a6231""]",Reaction thermodynamics of separate 1M molecular species; no kinetic barrier or TOF
Fe_bipyridine_pnnoh_Ph,imine_hydrogenation,420.0,4.918716074524127,hydrogenated_cat + imine -> active_cat + product_amine,True,True,"[""data/targeted_rescue/thermochemistry/Fe_bipyridine_pnnoh_Ph__hydrogenated/result.json"", ""data/reference_thermochemistry/imine/stationarity/result.json""]","[""data/targeted_rescue/thermochemistry/Fe_bipyridine_pnnoh_Ph__active/result.json"", ""data/reference_thermochemistry/product_amine/stationarity/result.json""]","[""66af4a8a827662aa9fa788e27c8527badb5778ac2ab5474c056516382a1fbe19"", ""320207d7a21680926414b387b1b8cd3adcb066bb7fc19106fe58731629d2bffb""]","[""00e5a55e89234d48cda3da27df2559bcf51ab79c4fb11f3fbc8b8ed2bc712caf"", ""1310231bc0e8cfa7827d24c6e16bb1ae55f4c47ed9c416194f0e2ec8627a6231""]",Reaction thermodynamics of separate 1M molecular species; no kinetic barrier or TOF
Fe_bipyridine_pnnoh_Ph,imine_hydrogenation,430.0,4.925275174009585,hydrogenated_cat + imine -> active_cat + product_amine,True,True,"[""data/targeted_rescue/thermochemistry/Fe_bipyridine_pnnoh_Ph__hydrogenated/result.json"", ""data/reference_thermochemistry/imine/stationarity/result.json""]","[""data/targeted_rescue/thermochemistry/Fe_bipyridine_pnnoh_Ph__active/result.json"", ""data/reference_thermochemistry/product_amine/stationarity/result.json""]","[""66af4a8a827662aa9fa788e27c8527badb5778ac2ab5474c056516382a1fbe19"", ""320207d7a21680926414b387b1b8cd3adcb066bb7fc19106fe58731629d2bffb""]","[""00e5a55e89234d48cda3da27df2559bcf51ab79c4fb11f3fbc8b8ed2bc712caf"", ""1310231bc0e8cfa7827d24c6e16bb1ae55f4c47ed9c416194f0e2ec8627a6231""]",Reaction thermodynamics of separate 1M molecular species; no kinetic barrier or TOF
Fe_bipyridine_pnnoh_Ph,imine_hydrogenation,440.0,4.931998291234777,hydrogenated_cat + imine -> active_cat + product_amine,True,True,"[""data/targeted_rescue/thermochemistry/Fe_bipyridine_pnnoh_Ph__hydrogenated/result.json"", ""data/reference_thermochemistry/imine/stationarity/result.json""]","[""data/targeted_rescue/thermochemistry/Fe_bipyridine_pnnoh_Ph__active/result.json"", ""data/reference_thermochemistry/product_amine/stationarity/result.json""]","[""66af4a8a827662aa9fa788e27c8527badb5778ac2ab5474c056516382a1fbe19"", ""320207d7a21680926414b387b1b8cd3adcb066bb7fc19106fe58731629d2bffb""]","[""00e5a55e89234d48cda3da27df2559bcf51ab79c4fb11f3fbc8b8ed2bc712caf"", ""1310231bc0e8cfa7827d24c6e16bb1ae55f4c47ed9c416194f0e2ec8627a6231""]",Reaction thermodynamics of separate 1M molecular species; no kinetic barrier or TOF
Fe_bipyridine_pnnoh_iPr,alcohol_dehydrogenation,298.15,-6.953722768887019,active_cat + benzyl_alcohol -> hydrogenated_cat + benzaldehyde,True,True,"[""data/campaign/thermochemistry/Fe_bipyridine_pnnoh_iPr__active/result.json"", ""data/reference_thermochemistry/benzyl_alcohol/stationarity/result.json""]","[""data/campaign/thermochemistry/Fe_bipyridine_pnnoh_iPr__hydrogenated/result.json"", ""data/reference_thermochemistry/benzaldehyde/stationarity/result.json""]","[""dc0c47d276cd94423cb2fc3683486aa9e7be98cbd95e897cc4b3c575c885c7c3"", ""f4897da33f477e49dfa225e23571ab1376182c83d5412b994134a99a99cc75c0""]","[""7d7757e49cf86b6afbdfd11e476eee7d1733be171a7bc151b75d168b32e74de1"", ""e7292b48e5f27218094b119118595a7fc0b25d93db34b114bb0582e7ad8b60b9""]",Reaction thermodynamics of separate 1M molecular species; no kinetic barrier or TOF
Fe_bipyridine_pnnoh_iPr,alcohol_dehydrogenation,340.0,-6.87045619125638,active_cat + benzyl_alcohol -> hydrogenated_cat + benzaldehyde,True,True,"[""data/campaign/thermochemistry/Fe_bipyridine_pnnoh_iPr__active/result.json"", ""data/reference_thermochemistry/benzyl_alcohol/stationarity/result.json""]","[""data/campaign/thermochemistry/Fe_bipyridine_pnnoh_iPr__hydrogenated/result.json"", ""data/reference_thermochemistry/benzaldehyde/stationarity/result.json""]","[""dc0c47d276cd94423cb2fc3683486aa9e7be98cbd95e897cc4b3c575c885c7c3"", ""f4897da33f477e49dfa225e23571ab1376182c83d5412b994134a99a99cc75c0""]","[""7d7757e49cf86b6afbdfd11e476eee7d1733be171a7bc151b75d168b32e74de1"", ""e7292b48e5f27218094b119118595a7fc0b25d93db34b114bb0582e7ad8b60b9""]",Reaction thermodynamics of separate 1M molecular species; no kinetic barrier or TOF
Fe_bipyridine_pnnoh_iPr,alcohol_dehydrogenation,350.0,-6.851377660543221,active_cat + benzyl_alcohol -> hydrogenated_cat + benzaldehyde,True,True,"[""data/campaign/thermochemistry/Fe_bipyridine_pnnoh_iPr__active/result.json"", ""data/reference_thermochemistry/benzyl_alcohol/stationarity/result.json""]","[""data/campaign/thermochemistry/Fe_bipyridine_pnnoh_iPr__hydrogenated/result.json"", ""data/reference_thermochemistry/benzaldehyde/stationarity/result.json""]","[""dc0c47d276cd94423cb2fc3683486aa9e7be98cbd95e897cc4b3c575c885c7c3"", ""f4897da33f477e49dfa225e23571ab1376182c83d5412b994134a99a99cc75c0""]","[""7d7757e49cf86b6afbdfd11e476eee7d1733be171a7bc151b75d168b32e74de1"", ""e7292b48e5f27218094b119118595a7fc0b25d93db34b114bb0582e7ad8b60b9""]",Reaction thermodynamics of separate 1M molecular species; no kinetic barrier or TOF
Fe_bipyridine_pnnoh_iPr,alcohol_dehydrogenation,360.0,-6.832617538742852,active_cat + benzyl_alcohol -> hydrogenated_cat + benzaldehyde,True,True,"[""data/campaign/thermochemistry/Fe_bipyridine_pnnoh_iPr__active/result.json"", ""data/reference_thermochemistry/benzyl_alcohol/stationarity/result.json""]","[""data/campaign/thermochemistry/Fe_bipyridine_pnnoh_iPr__hydrogenated/result.json"", ""data/reference_thermochemistry/benzaldehyde/stationarity/result.json""]","[""dc0c47d276cd94423cb2fc3683486aa9e7be98cbd95e897cc4b3c575c885c7c3"", ""f4897da33f477e49dfa225e23571ab1376182c83d5412b994134a99a99cc75c0""]","[""7d7757e49cf86b6afbdfd11e476eee7d1733be171a7bc151b75d168b32e74de1"", ""e7292b48e5f27218094b119118595a7fc0b25d93db34b114bb0582e7ad8b60b9""]",Reaction thermodynamics of separate 1M molecular species; no kinetic barrier or TOF
Fe_bipyridine_pnnoh_iPr,alcohol_dehydrogenation,370.0,-6.8141762299874244,active_cat + benzyl_alcohol -> hydrogenated_cat + benzaldehyde,True,True,"[""data/campaign/thermochemistry/Fe_bipyridine_pnnoh_iPr__active/result.json"", ""data/reference_thermochemistry/benzyl_alcohol/stationarity/result.json""]","[""data/campaign/thermochemistry/Fe_bipyridine_pnnoh_iPr__hydrogenated/result.json"", ""data/reference_thermochemistry/benzaldehyde/stationarity/result.json""]","[""dc0c47d276cd94423cb2fc3683486aa9e7be98cbd95e897cc4b3c575c885c7c3"", ""f4897da33f477e49dfa225e23571ab1376182c83d5412b994134a99a99cc75c0""]","[""7d7757e49cf86b6afbdfd11e476eee7d1733be171a7bc151b75d168b32e74de1"", ""e7292b48e5f27218094b119118595a7fc0b25d93db34b114bb0582e7ad8b60b9""]",Reaction thermodynamics of separate 1M molecular species; no kinetic barrier or TOF
Fe_bipyridine_pnnoh_iPr,alcohol_dehydrogenation,380.0,-6.796053701820711,active_cat + benzyl_alcohol -> hydrogenated_cat + benzaldehyde,True,True,"[""data/campaign/thermochemistry/Fe_bipyridine_pnnoh_iPr__active/result.json"", ""data/reference_thermochemistry/benzyl_alcohol/stationarity/result.json""]","[""data/campaign/thermochemistry/Fe_bipyridine_pnnoh_iPr__hydrogenated/result.json"", ""data/reference_thermochemistry/benzaldehyde/stationarity/result.json""]","[""dc0c47d276cd94423cb2fc3683486aa9e7be98cbd95e897cc4b3c575c885c7c3"", ""f4897da33f477e49dfa225e23571ab1376182c83d5412b994134a99a99cc75c0""]","[""7d7757e49cf86b6afbdfd11e476eee7d1733be171a7bc151b75d168b32e74de1"", ""e7292b48e5f27218094b119118595a7fc0b25d93db34b114bb0582e7ad8b60b9""]",Reaction thermodynamics of separate 1M molecular species; no kinetic barrier or TOF
Fe_bipyridine_pnnoh_iPr,alcohol_dehydrogenation,383.15,-6.790411073336145,active_cat + benzyl_alcohol -> hydrogenated_cat + benzaldehyde,True,True,"[""data/campaign/thermochemistry/Fe_bipyridine_pnnoh_iPr__active/result.json"", ""data/reference_thermochemistry/benzyl_alcohol/stationarity/result.json""]","[""data/campaign/thermochemistry/Fe_bipyridine_pnnoh_iPr__hydrogenated/result.json"", ""data/reference_thermochemistry/benzaldehyde/stationarity/result.json""]","[""dc0c47d276cd94423cb2fc3683486aa9e7be98cbd95e897cc4b3c575c885c7c3"", ""f4897da33f477e49dfa225e23571ab1376182c83d5412b994134a99a99cc75c0""]","[""7d7757e49cf86b6afbdfd11e476eee7d1733be171a7bc151b75d168b32e74de1"", ""e7292b48e5f27218094b119118595a7fc0b25d93db34b114bb0582e7ad8b60b9""]",Reaction thermodynamics of separate 1M molecular species; no kinetic barrier or TOF
Fe_bipyridine_pnnoh_iPr,alcohol_dehydrogenation,390.0,-6.778249549404791,active_cat + benzyl_alcohol -> hydrogenated_cat + benzaldehyde,True,True,"[""data/campaign/thermochemistry/Fe_bipyridine_pnnoh_iPr__active/result.json"", ""data/reference_thermochemistry/benzyl_alcohol/stationarity/result.json""]","[""data/campaign/thermochemistry/Fe_bipyridine_pnnoh_iPr__hydrogenated/result.json"", ""data/reference_thermochemistry/benzaldehyde/stationarity/result.json""]","[""dc0c47d276cd94423cb2fc3683486aa9e7be98cbd95e897cc4b3c575c885c7c3"", ""f4897da33f477e49dfa225e23571ab1376182c83d5412b994134a99a99cc75c0""]","[""7d7757e49cf86b6afbdfd11e476eee7d1733be171a7bc151b75d168b32e74de1"", ""e7292b48e5f27218094b119118595a7fc0b25d93db34b114bb0582e7ad8b60b9""]",Reaction thermodynamics of separate 1M molecular species; no kinetic barrier or TOF
Fe_bipyridine_pnnoh_iPr,alcohol_dehydrogenation,400.0,-6.760763051139293,active_cat + benzyl_alcohol -> hydrogenated_cat + benzaldehyde,True,True,"[""data/campaign/thermochemistry/Fe_bipyridine_pnnoh_iPr__active/result.json"", ""data/reference_thermochemistry/benzyl_alcohol/stationarity/result.json""]","[""data/campaign/thermochemistry/Fe_bipyridine_pnnoh_iPr__hydrogenated/result.json"", ""data/reference_thermochemistry/benzaldehyde/stationarity/result.json""]","[""dc0c47d276cd94423cb2fc3683486aa9e7be98cbd95e897cc4b3c575c885c7c3"", ""f4897da33f477e49dfa225e23571ab1376182c83d5412b994134a99a99cc75c0""]","[""7d7757e49cf86b6afbdfd11e476eee7d1733be171a7bc151b75d168b32e74de1"", ""e7292b48e5f27218094b119118595a7fc0b25d93db34b114bb0582e7ad8b60b9""]",Reaction thermodynamics of separate 1M molecular species; no kinetic barrier or TOF
Fe_bipyridine_pnnoh_iPr,alcohol_dehydrogenation,410.0,-6.743593216997397,active_cat + benzyl_alcohol -> hydrogenated_cat + benzaldehyde,True,True,"[""data/campaign/thermochemistry/Fe_bipyridine_pnnoh_iPr__active/result.json"", ""data/reference_thermochemistry/benzyl_alcohol/stationarity/result.json""]","[""data/campaign/thermochemistry/Fe_bipyridine_pnnoh_iPr__hydrogenated/result.json"", ""data/reference_thermochemistry/benzaldehyde/stationarity/result.json""]","[""dc0c47d276cd94423cb2fc3683486aa9e7be98cbd95e897cc4b3c575c885c7c3"", ""f4897da33f477e49dfa225e23571ab1376182c83d5412b994134a99a99cc75c0""]","[""7d7757e49cf86b6afbdfd11e476eee7d1733be171a7bc151b75d168b32e74de1"", ""e7292b48e5f27218094b119118595a7fc0b25d93db34b114bb0582e7ad8b60b9""]",Reaction thermodynamics of separate 1M molecular species; no kinetic barrier or TOF
Fe_bipyridine_pnnoh_iPr,alcohol_dehydrogenation,420.0,-6.726738829971509,active_cat + benzyl_alcohol -> hydrogenated_cat + benzaldehyde,True,True,"[""data/campaign/thermochemistry/Fe_bipyridine_pnnoh_iPr__active/result.json"", ""data/reference_thermochemistry/benzyl_alcohol/stationarity/result.json""]","[""data/campaign/thermochemistry/Fe_bipyridine_pnnoh_iPr__hydrogenated/result.json"", ""data/reference_thermochemistry/benzaldehyde/stationarity/result.json""]","[""dc0c47d276cd94423cb2fc3683486aa9e7be98cbd95e897cc4b3c575c885c7c3"", ""f4897da33f477e49dfa225e23571ab1376182c83d5412b994134a99a99cc75c0""]","[""7d7757e49cf86b6afbdfd11e476eee7d1733be171a7bc151b75d168b32e74de1"", ""e7292b48e5f27218094b119118595a7fc0b25d93db34b114bb0582e7ad8b60b9""]",Reaction thermodynamics of separate 1M molecular species; no kinetic barrier or TOF
Fe_bipyridine_pnnoh_iPr,alcohol_dehydrogenation,430.0,-6.710198481403495,active_cat + benzyl_alcohol -> hydrogenated_cat + benzaldehyde,True,True,"[""data/campaign/thermochemistry/Fe_bipyridine_pnnoh_iPr__active/result.json"", ""data/reference_thermochemistry/benzyl_alcohol/stationarity/result.json""]","[""data/campaign/thermochemistry/Fe_bipyridine_pnnoh_iPr__hydrogenated/result.json"", ""data/reference_thermochemistry/benzaldehyde/stationarity/result.json""]","[""dc0c47d276cd94423cb2fc3683486aa9e7be98cbd95e897cc4b3c575c885c7c3"", ""f4897da33f477e49dfa225e23571ab1376182c83d5412b994134a99a99cc75c0""]","[""7d7757e49cf86b6afbdfd11e476eee7d1733be171a7bc151b75d168b32e74de1"", ""e7292b48e5f27218094b119118595a7fc0b25d93db34b114bb0582e7ad8b60b9""]",Reaction thermodynamics of separate 1M molecular species; no kinetic barrier or TOF
Fe_bipyridine_pnnoh_iPr,alcohol_dehydrogenation,440.0,-6.693970601143519,active_cat + benzyl_alcohol -> hydrogenated_cat + benzaldehyde,True,True,"[""data/campaign/thermochemistry/Fe_bipyridine_pnnoh_iPr__active/result.json"", ""data/reference_thermochemistry/benzyl_alcohol/stationarity/result.json""]","[""data/campaign/thermochemistry/Fe_bipyridine_pnnoh_iPr__hydrogenated/result.json"", ""data/reference_thermochemistry/benzaldehyde/stationarity/result.json""]","[""dc0c47d276cd94423cb2fc3683486aa9e7be98cbd95e897cc4b3c575c885c7c3"", ""f4897da33f477e49dfa225e23571ab1376182c83d5412b994134a99a99cc75c0""]","[""7d7757e49cf86b6afbdfd11e476eee7d1733be171a7bc151b75d168b32e74de1"", ""e7292b48e5f27218094b119118595a7fc0b25d93db34b114bb0582e7ad8b60b9""]",Reaction thermodynamics of separate 1M molecular species; no kinetic barrier or TOF
Fe_bipyridine_pnnoh_iPr,separated_ion_deprotonation,298.15,-59.263188035412895,protonated_cat(+) + tert_butoxide(-) -> active_cat + tert_butanol,True,True,"[""data/campaign/thermochemistry/Fe_bipyridine_pnnoh_iPr__protonated_reference/result.json"", ""data/reference_thermochemistry/tert_butoxide_anion/stationarity/result.json""]","[""data/campaign/thermochemistry/Fe_bipyridine_pnnoh_iPr__active/result.json"", ""data/reference_thermochemistry/tert_butanol/stationarity/result.json""]","[""b37ffacf0657895634a931b7041336836ec525e033f18cd0dcbc45c38551f9a3"", ""d212e4231d6b932ee1d5bcd7336d05f49a5bd740e5762fb2e2806c3cb8018b82""]","[""dc0c47d276cd94423cb2fc3683486aa9e7be98cbd95e897cc4b3c575c885c7c3"", ""528ce6cef516220b49746927b16e66a325ccc5797a749a09e16cf5dfe6b1bd99""]",Separated-ion reference only; does not establish dissolved tBuOK salt speciation or ion pairing
Fe_bipyridine_pnnoh_iPr,separated_ion_deprotonation,340.0,-59.29646706664607,protonated_cat(+) + tert_butoxide(-) -> active_cat + tert_butanol,True,True,"[""data/campaign/thermochemistry/Fe_bipyridine_pnnoh_iPr__protonated_reference/result.json"", ""data/reference_thermochemistry/tert_butoxide_anion/stationarity/result.json""]","[""data/campaign/thermochemistry/Fe_bipyridine_pnnoh_iPr__active/result.json"", ""data/reference_thermochemistry/tert_butanol/stationarity/result.json""]","[""b37ffacf0657895634a931b7041336836ec525e033f18cd0dcbc45c38551f9a3"", ""d212e4231d6b932ee1d5bcd7336d05f49a5bd740e5762fb2e2806c3cb8018b82""]","[""dc0c47d276cd94423cb2fc3683486aa9e7be98cbd95e897cc4b3c575c885c7c3"", ""528ce6cef516220b49746927b16e66a325ccc5797a749a09e16cf5dfe6b1bd99""]",Separated-ion reference only; does not establish dissolved tBuOK salt speciation or ion pairing
Fe_bipyridine_pnnoh_iPr,separated_ion_deprotonation,350.0,-59.30407463306983,protonated_cat(+) + tert_butoxide(-) -> active_cat + tert_butanol,True,True,"[""data/campaign/thermochemistry/Fe_bipyridine_pnnoh_iPr__protonated_reference/result.json"", ""data/reference_thermochemistry/tert_butoxide_anion/stationarity/result.json""]","[""data/campaign/thermochemistry/Fe_bipyridine_pnnoh_iPr__active/result.json"", ""data/reference_thermochemistry/tert_butanol/stationarity/result.json""]","[""b37ffacf0657895634a931b7041336836ec525e033f18cd0dcbc45c38551f9a3"", ""d212e4231d6b932ee1d5bcd7336d05f49a5bd740e5762fb2e2806c3cb8018b82""]","[""dc0c47d276cd94423cb2fc3683486aa9e7be98cbd95e897cc4b3c575c885c7c3"", ""528ce6cef516220b49746927b16e66a325ccc5797a749a09e16cf5dfe6b1bd99""]",Separated-ion reference only; does not establish dissolved tBuOK salt speciation or ion pairing
Fe_bipyridine_pnnoh_iPr,separated_ion_deprotonation,360.0,-59.31154775997129,protonated_cat(+) + tert_butoxide(-) -> active_cat + tert_butanol,True,True,"[""data/campaign/thermochemistry/Fe_bipyridine_pnnoh_iPr__protonated_reference/result.json"", ""data/reference_thermochemistry/tert_butoxide_anion/stationarity/result.json""]","[""data/campaign/thermochemistry/Fe_bipyridine_pnnoh_iPr__active/result.json"", ""data/reference_thermochemistry/tert_butanol/stationarity/result.json""]","[""b37ffacf0657895634a931b7041336836ec525e033f18cd0dcbc45c38551f9a3"", ""d212e4231d6b932ee1d5bcd7336d05f49a5bd740e5762fb2e2806c3cb8018b82""]","[""dc0c47d276cd94423cb2fc3683486aa9e7be98cbd95e897cc4b3c575c885c7c3"", ""528ce6cef516220b49746927b16e66a325ccc5797a749a09e16cf5dfe6b1bd99""]",Separated-ion reference only; does not establish dissolved tBuOK salt speciation or ion pairing
Fe_bipyridine_pnnoh_iPr,separated_ion_deprotonation,370.0,-59.31888747265657,protonated_cat(+) + tert_butoxide(-) -> active_cat + tert_butanol,True,True,"[""data/campaign/thermochemistry/Fe_bipyridine_pnnoh_iPr__protonated_reference/result.json"", ""data/reference_thermochemistry/tert_butoxide_anion/stationarity/result.json""]","[""data/campaign/thermochemistry/Fe_bipyridine_pnnoh_iPr__active/result.json"", ""data/reference_thermochemistry/tert_butanol/stationarity/result.json""]","[""b37ffacf0657895634a931b7041336836ec525e033f18cd0dcbc45c38551f9a3"", ""d212e4231d6b932ee1d5bcd7336d05f49a5bd740e5762fb2e2806c3cb8018b82""]","[""dc0c47d276cd94423cb2fc3683486aa9e7be98cbd95e897cc4b3c575c885c7c3"", ""528ce6cef516220b49746927b16e66a325ccc5797a749a09e16cf5dfe6b1bd99""]",Separated-ion reference only; does not establish dissolved tBuOK salt speciation or ion pairing
Fe_bipyridine_pnnoh_iPr,separated_ion_deprotonation,380.0,-59.32609555175259,protonated_cat(+) + tert_butoxide(-) -> active_cat + tert_butanol,True,True,"[""data/campaign/thermochemistry/Fe_bipyridine_pnnoh_iPr__protonated_reference/result.json"", ""data/reference_thermochemistry/tert_butoxide_anion/stationarity/result.json""]","[""data/campaign/thermochemistry/Fe_bipyridine_pnnoh_iPr__active/result.json"", ""data/reference_thermochemistry/tert_butanol/stationarity/result.json""]","[""b37ffacf0657895634a931b7041336836ec525e033f18cd0dcbc45c38551f9a3"", ""d212e4231d6b932ee1d5bcd7336d05f49a5bd740e5762fb2e2806c3cb8018b82""]","[""dc0c47d276cd94423cb2fc3683486aa9e7be98cbd95e897cc4b3c575c885c7c3"", ""528ce6cef516220b49746927b16e66a325ccc5797a749a09e16cf5dfe6b1bd99""]",Separated-ion reference only; does not establish dissolved tBuOK salt speciation or ion pairing
Fe_bipyridine_pnnoh_iPr,separated_ion_deprotonation,383.15,-59.328339203500946,protonated_cat(+) + tert_butoxide(-) -> active_cat + tert_butanol,True,True,"[""data/campaign/thermochemistry/Fe_bipyridine_pnnoh_iPr__protonated_reference/result.json"", ""data/reference_thermochemistry/tert_butoxide_anion/stationarity/result.json""]","[""data/campaign/thermochemistry/Fe_bipyridine_pnnoh_iPr__active/result.json"", ""data/reference_thermochemistry/tert_butanol/stationarity/result.json""]","[""b37ffacf0657895634a931b7041336836ec525e033f18cd0dcbc45c38551f9a3"", ""d212e4231d6b932ee1d5bcd7336d05f49a5bd740e5762fb2e2806c3cb8018b82""]","[""dc0c47d276cd94423cb2fc3683486aa9e7be98cbd95e897cc4b3c575c885c7c3"", ""528ce6cef516220b49746927b16e66a325ccc5797a749a09e16cf5dfe6b1bd99""]",Separated-ion reference only; does not establish dissolved tBuOK salt speciation or ion pairing
Fe_bipyridine_pnnoh_iPr,separated_ion_deprotonation,390.0,-59.333174405053796,protonated_cat(+) + tert_butoxide(-) -> active_cat + tert_butanol,True,True,"[""data/campaign/thermochemistry/Fe_bipyridine_pnnoh_iPr__protonated_reference/result.json"", ""data/reference_thermochemistry/tert_butoxide_anion/stationarity/result.json""]","[""data/campaign/thermochemistry/Fe_bipyridine_pnnoh_iPr__active/result.json"", ""data/reference_thermochemistry/tert_butanol/stationarity/result.json""]","[""b37ffacf0657895634a931b7041336836ec525e033f18cd0dcbc45c38551f9a3"", ""d212e4231d6b932ee1d5bcd7336d05f49a5bd740e5762fb2e2806c3cb8018b82""]","[""dc0c47d276cd94423cb2fc3683486aa9e7be98cbd95e897cc4b3c575c885c7c3"", ""528ce6cef516220b49746927b16e66a325ccc5797a749a09e16cf5dfe6b1bd99""]",Separated-ion reference only; does not establish dissolved tBuOK salt speciation or ion pairing
Fe_bipyridine_pnnoh_iPr,separated_ion_deprotonation,400.0,-59.34012695286219,protonated_cat(+) + tert_butoxide(-) -> active_cat + tert_butanol,True,True,"[""data/campaign/thermochemistry/Fe_bipyridine_pnnoh_iPr__protonated_reference/result.json"", ""data/reference_thermochemistry/tert_butoxide_anion/stationarity/result.json""]","[""data/campaign/thermochemistry/Fe_bipyridine_pnnoh_iPr__active/result.json"", ""data/reference_thermochemistry/tert_butanol/stationarity/result.json""]","[""b37ffacf0657895634a931b7041336836ec525e033f18cd0dcbc45c38551f9a3"", ""d212e4231d6b932ee1d5bcd7336d05f49a5bd740e5762fb2e2806c3cb8018b82""]","[""dc0c47d276cd94423cb2fc3683486aa9e7be98cbd95e897cc4b3c575c885c7c3"", ""528ce6cef516220b49746927b16e66a325ccc5797a749a09e16cf5dfe6b1bd99""]",Separated-ion reference only; does not establish dissolved tBuOK salt speciation or ion pairing
Fe_bipyridine_pnnoh_iPr,separated_ion_deprotonation,410.0,-59.34695652598202,protonated_cat(+) + tert_butoxide(-) -> active_cat + tert_butanol,True,True,"[""data/campaign/thermochemistry/Fe_bipyridine_pnnoh_iPr__protonated_reference/result.json"", ""data/reference_thermochemistry/tert_butoxide_anion/stationarity/result.json""]","[""data/campaign/thermochemistry/Fe_bipyridine_pnnoh_iPr__active/result.json"", ""data/reference_thermochemistry/tert_butanol/stationarity/result.json""]","[""b37ffacf0657895634a931b7041336836ec525e033f18cd0dcbc45c38551f9a3"", ""d212e4231d6b932ee1d5bcd7336d05f49a5bd740e5762fb2e2806c3cb8018b82""]","[""dc0c47d276cd94423cb2fc3683486aa9e7be98cbd95e897cc4b3c575c885c7c3"", ""528ce6cef516220b49746927b16e66a325ccc5797a749a09e16cf5dfe6b1bd99""]",Separated-ion reference only; does not establish dissolved tBuOK salt speciation or ion pairing
Fe_bipyridine_pnnoh_iPr,separated_ion_deprotonation,420.0,-59.35366677571801,protonated_cat(+) + tert_butoxide(-) -> active_cat + tert_butanol,True,True,"[""data/campaign/thermochemistry/Fe_bipyridine_pnnoh_iPr__protonated_reference/result.json"", ""data/reference_thermochemistry/tert_butoxide_anion/stationarity/result.json""]","[""data/campaign/thermochemistry/Fe_bipyridine_pnnoh_iPr__active/result.json"", ""data/reference_thermochemistry/tert_butanol/stationarity/result.json""]","[""b37ffacf0657895634a931b7041336836ec525e033f18cd0dcbc45c38551f9a3"", ""d212e4231d6b932ee1d5bcd7336d05f49a5bd740e5762fb2e2806c3cb8018b82""]","[""dc0c47d276cd94423cb2fc3683486aa9e7be98cbd95e897cc4b3c575c885c7c3"", ""528ce6cef516220b49746927b16e66a325ccc5797a749a09e16cf5dfe6b1bd99""]",Separated-ion reference only; does not establish dissolved tBuOK salt speciation or ion pairing
Fe_bipyridine_pnnoh_iPr,separated_ion_deprotonation,430.0,-59.360261594918484,protonated_cat(+) + tert_butoxide(-) -> active_cat + tert_butanol,True,True,"[""data/campaign/thermochemistry/Fe_bipyridine_pnnoh_iPr__protonated_reference/result.json"", ""data/reference_thermochemistry/tert_butoxide_anion/stationarity/result.json""]","[""data/campaign/thermochemistry/Fe_bipyridine_pnnoh_iPr__active/result.json"", ""data/reference_thermochemistry/tert_butanol/stationarity/result.json""]","[""b37ffacf0657895634a931b7041336836ec525e033f18cd0dcbc45c38551f9a3"", ""d212e4231d6b932ee1d5bcd7336d05f49a5bd740e5762fb2e2806c3cb8018b82""]","[""dc0c47d276cd94423cb2fc3683486aa9e7be98cbd95e897cc4b3c575c885c7c3"", ""528ce6cef516220b49746927b16e66a325ccc5797a749a09e16cf5dfe6b1bd99""]",Separated-ion reference only; does not establish dissolved tBuOK salt speciation or ion pairing
Fe_bipyridine_pnnoh_iPr,separated_ion_deprotonation,440.0,-59.36674504919574,protonated_cat(+) + tert_butoxide(-) -> active_cat + tert_butanol,True,True,"[""data/campaign/thermochemistry/Fe_bipyridine_pnnoh_iPr__protonated_reference/result.json"", ""data/reference_thermochemistry/tert_butoxide_anion/stationarity/result.json""]","[""data/campaign/thermochemistry/Fe_bipyridine_pnnoh_iPr__active/result.json"", ""data/reference_thermochemistry/tert_butanol/stationarity/result.json""]","[""b37ffacf0657895634a931b7041336836ec525e033f18cd0dcbc45c38551f9a3"", ""d212e4231d6b932ee1d5bcd7336d05f49a5bd740e5762fb2e2806c3cb8018b82""]","[""dc0c47d276cd94423cb2fc3683486aa9e7be98cbd95e897cc4b3c575c885c7c3"", ""528ce6cef516220b49746927b16e66a325ccc5797a749a09e16cf5dfe6b1bd99""]",Separated-ion reference only; does not establish dissolved tBuOK salt speciation or ion pairing
Fe_bipyridine_pnnoh_iPr,imine_hydrogenation,298.15,4.578448485564877,hydrogenated_cat + imine -> active_cat + product_amine,True,True,"[""data/campaign/thermochemistry/Fe_bipyridine_pnnoh_iPr__hydrogenated/result.json"", ""data/reference_thermochemistry/imine/stationarity/result.json""]","[""data/campaign/thermochemistry/Fe_bipyridine_pnnoh_iPr__active/result.json"", ""data/reference_thermochemistry/product_amine/stationarity/result.json""]","[""7d7757e49cf86b6afbdfd11e476eee7d1733be171a7bc151b75d168b32e74de1"", ""320207d7a21680926414b387b1b8cd3adcb066bb7fc19106fe58731629d2bffb""]","[""dc0c47d276cd94423cb2fc3683486aa9e7be98cbd95e897cc4b3c575c885c7c3"", ""1310231bc0e8cfa7827d24c6e16bb1ae55f4c47ed9c416194f0e2ec8627a6231""]",Reaction thermodynamics of separate 1M molecular species; no kinetic barrier or TOF
Fe_bipyridine_pnnoh_iPr,imine_hydrogenation,340.0,4.55791287491229,hydrogenated_cat + imine -> active_cat + product_amine,True,True,"[""data/campaign/thermochemistry/Fe_bipyridine_pnnoh_iPr__hydrogenated/result.json"", ""data/reference_thermochemistry/imine/stationarity/result.json""]","[""data/campaign/thermochemistry/Fe_bipyridine_pnnoh_iPr__active/result.json"", ""data/reference_thermochemistry/product_amine/stationarity/result.json""]","[""7d7757e49cf86b6afbdfd11e476eee7d1733be171a7bc151b75d168b32e74de1"", ""320207d7a21680926414b387b1b8cd3adcb066bb7fc19106fe58731629d2bffb""]","[""dc0c47d276cd94423cb2fc3683486aa9e7be98cbd95e897cc4b3c575c885c7c3"", ""1310231bc0e8cfa7827d24c6e16bb1ae55f4c47ed9c416194f0e2ec8627a6231""]",Reaction thermodynamics of separate 1M molecular species; no kinetic barrier or TOF
Fe_bipyridine_pnnoh_iPr,imine_hydrogenation,350.0,4.553581867425237,hydrogenated_cat + imine -> active_cat + product_amine,True,True,"[""data/campaign/thermochemistry/Fe_bipyridine_pnnoh_iPr__hydrogenated/result.json"", ""data/reference_thermochemistry/imine/stationarity/result.json""]","[""data/campaign/thermochemistry/Fe_bipyridine_pnnoh_iPr__active/result.json"", ""data/reference_thermochemistry/product_amine/stationarity/result.json""]","[""7d7757e49cf86b6afbdfd11e476eee7d1733be171a7bc151b75d168b32e74de1"", ""320207d7a21680926414b387b1b8cd3adcb066bb7fc19106fe58731629d2bffb""]","[""dc0c47d276cd94423cb2fc3683486aa9e7be98cbd95e897cc4b3c575c885c7c3"", ""1310231bc0e8cfa7827d24c6e16bb1ae55f4c47ed9c416194f0e2ec8627a6231""]",Reaction thermodynamics of separate 1M molecular species; no kinetic barrier or TOF
Fe_bipyridine_pnnoh_iPr,imine_hydrogenation,360.0,4.549483251867059,hydrogenated_cat + imine -> active_cat + product_amine,True,True,"[""data/campaign/thermochemistry/Fe_bipyridine_pnnoh_iPr__hydrogenated/result.json"", ""data/reference_thermochemistry/imine/stationarity/result.json""]","[""data/campaign/thermochemistry/Fe_bipyridine_pnnoh_iPr__active/result.json"", ""data/reference_thermochemistry/product_amine/stationarity/result.json""]","[""7d7757e49cf86b6afbdfd11e476eee7d1733be171a7bc151b75d168b32e74de1"", ""320207d7a21680926414b387b1b8cd3adcb066bb7fc19106fe58731629d2bffb""]","[""dc0c47d276cd94423cb2fc3683486aa9e7be98cbd95e897cc4b3c575c885c7c3"", ""1310231bc0e8cfa7827d24c6e16bb1ae55f4c47ed9c416194f0e2ec8627a6231""]",Reaction thermodynamics of separate 1M molecular species; no kinetic barrier or TOF
Fe_bipyridine_pnnoh_iPr,imine_hydrogenation,370.0,4.545620845641679,hydrogenated_cat + imine -> active_cat + product_amine,True,True,"[""data/campaign/thermochemistry/Fe_bipyridine_pnnoh_iPr__hydrogenated/result.json"", ""data/reference_thermochemistry/imine/stationarity/result.json""]","[""data/campaign/thermochemistry/Fe_bipyridine_pnnoh_iPr__active/result.json"", ""data/reference_thermochemistry/product_amine/stationarity/result.json""]","[""7d7757e49cf86b6afbdfd11e476eee7d1733be171a7bc151b75d168b32e74de1"", ""320207d7a21680926414b387b1b8cd3adcb066bb7fc19106fe58731629d2bffb""]","[""dc0c47d276cd94423cb2fc3683486aa9e7be98cbd95e897cc4b3c575c885c7c3"", ""1310231bc0e8cfa7827d24c6e16bb1ae55f4c47ed9c416194f0e2ec8627a6231""]",Reaction thermodynamics of separate 1M molecular species; no kinetic barrier or TOF
Fe_bipyridine_pnnoh_iPr,imine_hydrogenation,380.0,4.541997881704447,hydrogenated_cat + imine -> active_cat + product_amine,True,True,"[""data/campaign/thermochemistry/Fe_bipyridine_pnnoh_iPr__hydrogenated/result.json"", ""data/reference_thermochemistry/imine/stationarity/result.json""]","[""data/campaign/thermochemistry/Fe_bipyridine_pnnoh_iPr__active/result.json"", ""data/reference_thermochemistry/product_amine/stationarity/result.json""]","[""7d7757e49cf86b6afbdfd11e476eee7d1733be171a7bc151b75d168b32e74de1"", ""320207d7a21680926414b387b1b8cd3adcb066bb7fc19106fe58731629d2bffb""]","[""dc0c47d276cd94423cb2fc3683486aa9e7be98cbd95e897cc4b3c575c885c7c3"", ""1310231bc0e8cfa7827d24c6e16bb1ae55f4c47ed9c416194f0e2ec8627a6231""]",Reaction thermodynamics of separate 1M molecular species; no kinetic barrier or TOF
Fe_bipyridine_pnnoh_iPr,imine_hydrogenation,383.15,4.5409066831780365,hydrogenated_cat + imine -> active_cat + product_amine,True,True,"[""data/campaign/thermochemistry/Fe_bipyridine_pnnoh_iPr__hydrogenated/result.json"", ""data/reference_thermochemistry/imine/stationarity/result.json""]","[""data/campaign/thermochemistry/Fe_bipyridine_pnnoh_iPr__active/result.json"", ""data/reference_thermochemistry/product_amine/stationarity/result.json""]","[""7d7757e49cf86b6afbdfd11e476eee7d1733be171a7bc151b75d168b32e74de1"", ""320207d7a21680926414b387b1b8cd3adcb066bb7fc19106fe58731629d2bffb""]","[""dc0c47d276cd94423cb2fc3683486aa9e7be98cbd95e897cc4b3c575c885c7c3"", ""1310231bc0e8cfa7827d24c6e16bb1ae55f4c47ed9c416194f0e2ec8627a6231""]",Reaction thermodynamics of separate 1M molecular species; no kinetic barrier or TOF
Fe_bipyridine_pnnoh_iPr,imine_hydrogenation,390.0,4.538617046575382,hydrogenated_cat + imine -> active_cat + product_amine,True,True,"[""data/campaign/thermochemistry/Fe_bipyridine_pnnoh_iPr__hydrogenated/result.json"", ""data/reference_thermochemistry/imine/stationarity/result.json""]","[""data/campaign/thermochemistry/Fe_bipyridine_pnnoh_iPr__active/result.json"", ""data/reference_thermochemistry/product_amine/stationarity/result.json""]","[""7d7757e49cf86b6afbdfd11e476eee7d1733be171a7bc151b75d168b32e74de1"", ""320207d7a21680926414b387b1b8cd3adcb066bb7fc19106fe58731629d2bffb""]","[""dc0c47d276cd94423cb2fc3683486aa9e7be98cbd95e897cc4b3c575c885c7c3"", ""1310231bc0e8cfa7827d24c6e16bb1ae55f4c47ed9c416194f0e2ec8627a6231""]",Reaction thermodynamics of separate 1M molecular species; no kinetic barrier or TOF
Fe_bipyridine_pnnoh_iPr,imine_hydrogenation,400.0,4.535480518934492,hydrogenated_cat + imine -> active_cat + product_amine,True,True,"[""data/campaign/thermochemistry/Fe_bipyridine_pnnoh_iPr__hydrogenated/result.json"", ""data/reference_thermochemistry/imine/stationarity/result.json""]","[""data/campaign/thermochemistry/Fe_bipyridine_pnnoh_iPr__active/result.json"", ""data/reference_thermochemistry/product_amine/stationarity/result.json""]","[""7d7757e49cf86b6afbdfd11e476eee7d1733be171a7bc151b75d168b32e74de1"", ""320207d7a21680926414b387b1b8cd3adcb066bb7fc19106fe58731629d2bffb""]","[""dc0c47d276cd94423cb2fc3683486aa9e7be98cbd95e897cc4b3c575c885c7c3"", ""1310231bc0e8cfa7827d24c6e16bb1ae55f4c47ed9c416194f0e2ec8627a6231""]",Reaction thermodynamics of separate 1M molecular species; no kinetic barrier or TOF
Fe_bipyridine_pnnoh_iPr,imine_hydrogenation,410.0,4.532590008155239,hydrogenated_cat + imine -> active_cat + product_amine,True,True,"[""data/campaign/thermochemistry/Fe_bipyridine_pnnoh_iPr__hydrogenated/result.json"", ""data/reference_thermochemistry/imine/stationarity/result.json""]","[""data/campaign/thermochemistry/Fe_bipyridine_pnnoh_iPr__active/result.json"", ""data/reference_thermochemistry/product_amine/stationarity/result.json""]","[""7d7757e49cf86b6afbdfd11e476eee7d1733be171a7bc151b75d168b32e74de1"", ""320207d7a21680926414b387b1b8cd3adcb066bb7fc19106fe58731629d2bffb""]","[""dc0c47d276cd94423cb2fc3683486aa9e7be98cbd95e897cc4b3c575c885c7c3"", ""1310231bc0e8cfa7827d24c6e16bb1ae55f4c47ed9c416194f0e2ec8627a6231""]",Reaction thermodynamics of separate 1M molecular species; no kinetic barrier or TOF
Fe_bipyridine_pnnoh_iPr,imine_hydrogenation,420.0,4.529946791841212,hydrogenated_cat + imine -> active_cat + product_amine,True,True,"[""data/campaign/thermochemistry/Fe_bipyridine_pnnoh_iPr__hydrogenated/result.json"", ""data/reference_thermochemistry/imine/stationarity/result.json""]","[""data/campaign/thermochemistry/Fe_bipyridine_pnnoh_iPr__active/result.json"", ""data/reference_thermochemistry/product_amine/stationarity/result.json""]","[""7d7757e49cf86b6afbdfd11e476eee7d1733be171a7bc151b75d168b32e74de1"", ""320207d7a21680926414b387b1b8cd3adcb066bb7fc19106fe58731629d2bffb""]","[""dc0c47d276cd94423cb2fc3683486aa9e7be98cbd95e897cc4b3c575c885c7c3"", ""1310231bc0e8cfa7827d24c6e16bb1ae55f4c47ed9c416194f0e2ec8627a6231""]",Reaction thermodynamics of separate 1M molecular species; no kinetic barrier or TOF
Fe_bipyridine_pnnoh_iPr,imine_hydrogenation,430.0,4.527551751689316,hydrogenated_cat + imine -> active_cat + product_amine,True,True,"[""data/campaign/thermochemistry/Fe_bipyridine_pnnoh_iPr__hydrogenated/result.json"", ""data/reference_thermochemistry/imine/stationarity/result.json""]","[""data/campaign/thermochemistry/Fe_bipyridine_pnnoh_iPr__active/result.json"", ""data/reference_thermochemistry/product_amine/stationarity/result.json""]","[""7d7757e49cf86b6afbdfd11e476eee7d1733be171a7bc151b75d168b32e74de1"", ""320207d7a21680926414b387b1b8cd3adcb066bb7fc19106fe58731629d2bffb""]","[""dc0c47d276cd94423cb2fc3683486aa9e7be98cbd95e897cc4b3c575c885c7c3"", ""1310231bc0e8cfa7827d24c6e16bb1ae55f4c47ed9c416194f0e2ec8627a6231""]",Reaction thermodynamics of separate 1M molecular species; no kinetic barrier or TOF
Fe_bipyridine_pnnoh_iPr,imine_hydrogenation,440.0,4.525405407664948,hydrogenated_cat + imine -> active_cat + product_amine,True,True,"[""data/campaign/thermochemistry/Fe_bipyridine_pnnoh_iPr__hydrogenated/result.json"", ""data/reference_thermochemistry/imine/stationarity/result.json""]","[""data/campaign/thermochemistry/Fe_bipyridine_pnnoh_iPr__active/result.json"", ""data/reference_thermochemistry/product_amine/stationarity/result.json""]","[""7d7757e49cf86b6afbdfd11e476eee7d1733be171a7bc151b75d168b32e74de1"", ""320207d7a21680926414b387b1b8cd3adcb066bb7fc19106fe58731629d2bffb""]","[""dc0c47d276cd94423cb2fc3683486aa9e7be98cbd95e897cc4b3c575c885c7c3"", ""1310231bc0e8cfa7827d24c6e16bb1ae55f4c47ed9c416194f0e2ec8627a6231""]",Reaction thermodynamics of separate 1M molecular species; no kinetic barrier or TOF
Co_macho_pnp_Ph,alcohol_dehydrogenation,298.15,1.4150409942649276,active_cat + benzyl_alcohol -> hydrogenated_cat + benzaldehyde,True,True,"[""data/campaign/thermochemistry/Co_macho_pnp_Ph__active/result.json"", ""data/reference_thermochemistry/benzyl_alcohol/stationarity/result.json""]","[""data/campaign/thermochemistry/Co_macho_pnp_Ph__hydrogenated/result.json"", ""data/reference_thermochemistry/benzaldehyde/stationarity/result.json""]","[""c45a6445213eef391df5a721a1d920025855c13b32205588b88eeb027ce4b6ee"", ""f4897da33f477e49dfa225e23571ab1376182c83d5412b994134a99a99cc75c0""]","[""d47d39d2f9cd8725a350991f6cb6b49fe32dabc00ea593b1964ee69d27706917"", ""e7292b48e5f27218094b119118595a7fc0b25d93db34b114bb0582e7ad8b60b9""]",Reaction thermodynamics of separate 1M molecular species; no kinetic barrier or TOF
Co_macho_pnp_Ph,alcohol_dehydrogenation,340.0,1.5632597490803164,active_cat + benzyl_alcohol -> hydrogenated_cat + benzaldehyde,True,True,"[""data/campaign/thermochemistry/Co_macho_pnp_Ph__active/result.json"", ""data/reference_thermochemistry/benzyl_alcohol/stationarity/result.json""]","[""data/campaign/thermochemistry/Co_macho_pnp_Ph__hydrogenated/result.json"", ""data/reference_thermochemistry/benzaldehyde/stationarity/result.json""]","[""c45a6445213eef391df5a721a1d920025855c13b32205588b88eeb027ce4b6ee"", ""f4897da33f477e49dfa225e23571ab1376182c83d5412b994134a99a99cc75c0""]","[""d47d39d2f9cd8725a350991f6cb6b49fe32dabc00ea593b1964ee69d27706917"", ""e7292b48e5f27218094b119118595a7fc0b25d93db34b114bb0582e7ad8b60b9""]",Reaction thermodynamics of separate 1M molecular species; no kinetic barrier or TOF
Co_macho_pnp_Ph,alcohol_dehydrogenation,350.0,1.5970666490648,active_cat + benzyl_alcohol -> hydrogenated_cat + benzaldehyde,True,True,"[""data/campaign/thermochemistry/Co_macho_pnp_Ph__active/result.json"", ""data/reference_thermochemistry/benzyl_alcohol/stationarity/result.json""]","[""data/campaign/thermochemistry/Co_macho_pnp_Ph__hydrogenated/result.json"", ""data/reference_thermochemistry/benzaldehyde/stationarity/result.json""]","[""c45a6445213eef391df5a721a1d920025855c13b32205588b88eeb027ce4b6ee"", ""f4897da33f477e49dfa225e23571ab1376182c83d5412b994134a99a99cc75c0""]","[""d47d39d2f9cd8725a350991f6cb6b49fe32dabc00ea593b1964ee69d27706917"", ""e7292b48e5f27218094b119118595a7fc0b25d93db34b114bb0582e7ad8b60b9""]",Reaction thermodynamics of separate 1M molecular species; no kinetic barrier or TOF
Co_macho_pnp_Ph,alcohol_dehydrogenation,360.0,1.630283607284582,active_cat + benzyl_alcohol -> hydrogenated_cat + benzaldehyde,True,True,"[""data/campaign/thermochemistry/Co_macho_pnp_Ph__active/result.json"", ""data/reference_thermochemistry/benzyl_alcohol/stationarity/result.json""]","[""data/campaign/thermochemistry/Co_macho_pnp_Ph__hydrogenated/result.json"", ""data/reference_thermochemistry/benzaldehyde/stationarity/result.json""]","[""c45a6445213eef391df5a721a1d920025855c13b32205588b88eeb027ce4b6ee"", ""f4897da33f477e49dfa225e23571ab1376182c83d5412b994134a99a99cc75c0""]","[""d47d39d2f9cd8725a350991f6cb6b49fe32dabc00ea593b1964ee69d27706917"", ""e7292b48e5f27218094b119118595a7fc0b25d93db34b114bb0582e7ad8b60b9""]",Reaction thermodynamics of separate 1M molecular species; no kinetic barrier or TOF
Co_macho_pnp_Ph,alcohol_dehydrogenation,370.0,1.6629253154223989,active_cat + benzyl_alcohol -> hydrogenated_cat + benzaldehyde,True,True,"[""data/campaign/thermochemistry/Co_macho_pnp_Ph__active/result.json"", ""data/reference_thermochemistry/benzyl_alcohol/stationarity/result.json""]","[""data/campaign/thermochemistry/Co_macho_pnp_Ph__hydrogenated/result.json"", ""data/reference_thermochemistry/benzaldehyde/stationarity/result.json""]","[""c45a6445213eef391df5a721a1d920025855c13b32205588b88eeb027ce4b6ee"", ""f4897da33f477e49dfa225e23571ab1376182c83d5412b994134a99a99cc75c0""]","[""d47d39d2f9cd8725a350991f6cb6b49fe32dabc00ea593b1964ee69d27706917"", ""e7292b48e5f27218094b119118595a7fc0b25d93db34b114bb0582e7ad8b60b9""]",Reaction thermodynamics of separate 1M molecular species; no kinetic barrier or TOF
Co_macho_pnp_Ph,alcohol_dehydrogenation,380.0,1.6950061558763991,active_cat + benzyl_alcohol -> hydrogenated_cat + benzaldehyde,True,True,"[""data/campaign/thermochemistry/Co_macho_pnp_Ph__active/result.json"", ""data/reference_thermochemistry/benzyl_alcohol/stationarity/result.json""]","[""data/campaign/thermochemistry/Co_macho_pnp_Ph__hydrogenated/result.json"", ""data/reference_thermochemistry/benzaldehyde/stationarity/result.json""]","[""c45a6445213eef391df5a721a1d920025855c13b32205588b88eeb027ce4b6ee"", ""f4897da33f477e49dfa225e23571ab1376182c83d5412b994134a99a99cc75c0""]","[""d47d39d2f9cd8725a350991f6cb6b49fe32dabc00ea593b1964ee69d27706917"", ""e7292b48e5f27218094b119118595a7fc0b25d93db34b114bb0582e7ad8b60b9""]",Reaction thermodynamics of separate 1M molecular species; no kinetic barrier or TOF
Co_macho_pnp_Ph,alcohol_dehydrogenation,383.15,1.7049977098577074,active_cat + benzyl_alcohol -> hydrogenated_cat + benzaldehyde,True,True,"[""data/campaign/thermochemistry/Co_macho_pnp_Ph__active/result.json"", ""data/reference_thermochemistry/benzyl_alcohol/stationarity/result.json""]","[""data/campaign/thermochemistry/Co_macho_pnp_Ph__hydrogenated/result.json"", ""data/reference_thermochemistry/benzaldehyde/stationarity/result.json""]","[""c45a6445213eef391df5a721a1d920025855c13b32205588b88eeb027ce4b6ee"", ""f4897da33f477e49dfa225e23571ab1376182c83d5412b994134a99a99cc75c0""]","[""d47d39d2f9cd8725a350991f6cb6b49fe32dabc00ea593b1964ee69d27706917"", ""e7292b48e5f27218094b119118595a7fc0b25d93db34b114bb0582e7ad8b60b9""]",Reaction thermodynamics of separate 1M molecular species; no kinetic barrier or TOF
Co_macho_pnp_Ph,alcohol_dehydrogenation,390.0,1.7265401534950797,active_cat + benzyl_alcohol -> hydrogenated_cat + benzaldehyde,True,True,"[""data/campaign/thermochemistry/Co_macho_pnp_Ph__active/result.json"", ""data/reference_thermochemistry/benzyl_alcohol/stationarity/result.json""]","[""data/campaign/thermochemistry/Co_macho_pnp_Ph__hydrogenated/result.json"", ""data/reference_thermochemistry/benzaldehyde/stationarity/result.json""]","[""c45a6445213eef391df5a721a1d920025855c13b32205588b88eeb027ce4b6ee"", ""f4897da33f477e49dfa225e23571ab1376182c83d5412b994134a99a99cc75c0""]","[""d47d39d2f9cd8725a350991f6cb6b49fe32dabc00ea593b1964ee69d27706917"", ""e7292b48e5f27218094b119118595a7fc0b25d93db34b114bb0582e7ad8b60b9""]",Reaction thermodynamics of separate 1M molecular species; no kinetic barrier or TOF
Co_macho_pnp_Ph,alcohol_dehydrogenation,400.0,1.757540940447143,active_cat + benzyl_alcohol -> hydrogenated_cat + benzaldehyde,True,True,"[""data/campaign/thermochemistry/Co_macho_pnp_Ph__active/result.json"", ""data/reference_thermochemistry/benzyl_alcohol/stationarity/result.json""]","[""data/campaign/thermochemistry/Co_macho_pnp_Ph__hydrogenated/result.json"", ""data/reference_thermochemistry/benzaldehyde/stationarity/result.json""]","[""c45a6445213eef391df5a721a1d920025855c13b32205588b88eeb027ce4b6ee"", ""f4897da33f477e49dfa225e23571ab1376182c83d5412b994134a99a99cc75c0""]","[""d47d39d2f9cd8725a350991f6cb6b49fe32dabc00ea593b1964ee69d27706917"", ""e7292b48e5f27218094b119118595a7fc0b25d93db34b114bb0582e7ad8b60b9""]",Reaction thermodynamics of separate 1M molecular species; no kinetic barrier or TOF
Co_macho_pnp_Ph,alcohol_dehydrogenation,410.0,1.7880217322308454,active_cat + benzyl_alcohol -> hydrogenated_cat + benzaldehyde,True,True,"[""data/campaign/thermochemistry/Co_macho_pnp_Ph__active/result.json"", ""data/reference_thermochemistry/benzyl_alcohol/stationarity/result.json""]","[""data/campaign/thermochemistry/Co_macho_pnp_Ph__hydrogenated/result.json"", ""data/reference_thermochemistry/benzaldehyde/stationarity/result.json""]","[""c45a6445213eef391df5a721a1d920025855c13b32205588b88eeb027ce4b6ee"", ""f4897da33f477e49dfa225e23571ab1376182c83d5412b994134a99a99cc75c0""]","[""d47d39d2f9cd8725a350991f6cb6b49fe32dabc00ea593b1964ee69d27706917"", ""e7292b48e5f27218094b119118595a7fc0b25d93db34b114bb0582e7ad8b60b9""]",Reaction thermodynamics of separate 1M molecular species; no kinetic barrier or TOF
Co_macho_pnp_Ph,alcohol_dehydrogenation,420.0,1.817995312923813,active_cat + benzyl_alcohol -> hydrogenated_cat + benzaldehyde,True,True,"[""data/campaign/thermochemistry/Co_macho_pnp_Ph__active/result.json"", ""data/reference_thermochemistry/benzyl_alcohol/stationarity/result.json""]","[""data/campaign/thermochemistry/Co_macho_pnp_Ph__hydrogenated/result.json"", ""data/reference_thermochemistry/benzaldehyde/stationarity/result.json""]","[""c45a6445213eef391df5a721a1d920025855c13b32205588b88eeb027ce4b6ee"", ""f4897da33f477e49dfa225e23571ab1376182c83d5412b994134a99a99cc75c0""]","[""d47d39d2f9cd8725a350991f6cb6b49fe32dabc00ea593b1964ee69d27706917"", ""e7292b48e5f27218094b119118595a7fc0b25d93db34b114bb0582e7ad8b60b9""]",Reaction thermodynamics of separate 1M molecular species; no kinetic barrier or TOF
Co_macho_pnp_Ph,alcohol_dehydrogenation,430.0,1.8474740280253172,active_cat + benzyl_alcohol -> hydrogenated_cat + benzaldehyde,True,True,"[""data/campaign/thermochemistry/Co_macho_pnp_Ph__active/result.json"", ""data/reference_thermochemistry/benzyl_alcohol/stationarity/result.json""]","[""data/campaign/thermochemistry/Co_macho_pnp_Ph__hydrogenated/result.json"", ""data/reference_thermochemistry/benzaldehyde/stationarity/result.json""]","[""c45a6445213eef391df5a721a1d920025855c13b32205588b88eeb027ce4b6ee"", ""f4897da33f477e49dfa225e23571ab1376182c83d5412b994134a99a99cc75c0""]","[""d47d39d2f9cd8725a350991f6cb6b49fe32dabc00ea593b1964ee69d27706917"", ""e7292b48e5f27218094b119118595a7fc0b25d93db34b114bb0582e7ad8b60b9""]",Reaction thermodynamics of separate 1M molecular species; no kinetic barrier or TOF
Co_macho_pnp_Ph,alcohol_dehydrogenation,440.0,1.8764697836923006,active_cat + benzyl_alcohol -> hydrogenated_cat + benzaldehyde,True,True,"[""data/campaign/thermochemistry/Co_macho_pnp_Ph__active/result.json"", ""data/reference_thermochemistry/benzyl_alcohol/stationarity/result.json""]","[""data/campaign/thermochemistry/Co_macho_pnp_Ph__hydrogenated/result.json"", ""data/reference_thermochemistry/benzaldehyde/stationarity/result.json""]","[""c45a6445213eef391df5a721a1d920025855c13b32205588b88eeb027ce4b6ee"", ""f4897da33f477e49dfa225e23571ab1376182c83d5412b994134a99a99cc75c0""]","[""d47d39d2f9cd8725a350991f6cb6b49fe32dabc00ea593b1964ee69d27706917"", ""e7292b48e5f27218094b119118595a7fc0b25d93db34b114bb0582e7ad8b60b9""]",Reaction thermodynamics of separate 1M molecular species; no kinetic barrier or TOF
Co_macho_pnp_Ph,separated_ion_deprotonation,298.15,-48.74009158134504,protonated_cat(+) + tert_butoxide(-) -> active_cat + tert_butanol,True,True,"[""data/campaign/thermochemistry/Co_macho_pnp_Ph__protonated_reference/result.json"", ""data/reference_thermochemistry/tert_butoxide_anion/stationarity/result.json""]","[""data/campaign/thermochemistry/Co_macho_pnp_Ph__active/result.json"", ""data/reference_thermochemistry/tert_butanol/stationarity/result.json""]","[""471dbbebf392a1b8fa31dc10d9b1fde03dee3d22214661e084eab670acfbc798"", ""d212e4231d6b932ee1d5bcd7336d05f49a5bd740e5762fb2e2806c3cb8018b82""]","[""c45a6445213eef391df5a721a1d920025855c13b32205588b88eeb027ce4b6ee"", ""528ce6cef516220b49746927b16e66a325ccc5797a749a09e16cf5dfe6b1bd99""]",Separated-ion reference only; does not establish dissolved tBuOK salt speciation or ion pairing
Co_macho_pnp_Ph,separated_ion_deprotonation,340.0,-48.82068639591853,protonated_cat(+) + tert_butoxide(-) -> active_cat + tert_butanol,True,True,"[""data/campaign/thermochemistry/Co_macho_pnp_Ph__protonated_reference/result.json"", ""data/reference_thermochemistry/tert_butoxide_anion/stationarity/result.json""]","[""data/campaign/thermochemistry/Co_macho_pnp_Ph__active/result.json"", ""data/reference_thermochemistry/tert_butanol/stationarity/result.json""]","[""471dbbebf392a1b8fa31dc10d9b1fde03dee3d22214661e084eab670acfbc798"", ""d212e4231d6b932ee1d5bcd7336d05f49a5bd740e5762fb2e2806c3cb8018b82""]","[""c45a6445213eef391df5a721a1d920025855c13b32205588b88eeb027ce4b6ee"", ""528ce6cef516220b49746927b16e66a325ccc5797a749a09e16cf5dfe6b1bd99""]",Separated-ion reference only; does not establish dissolved tBuOK salt speciation or ion pairing
Co_macho_pnp_Ph,separated_ion_deprotonation,350.0,-48.83976421402258,protonated_cat(+) + tert_butoxide(-) -> active_cat + tert_butanol,True,True,"[""data/campaign/thermochemistry/Co_macho_pnp_Ph__protonated_reference/result.json"", ""data/reference_thermochemistry/tert_butoxide_anion/stationarity/result.json""]","[""data/campaign/thermochemistry/Co_macho_pnp_Ph__active/result.json"", ""data/reference_thermochemistry/tert_butanol/stationarity/result.json""]","[""471dbbebf392a1b8fa31dc10d9b1fde03dee3d22214661e084eab670acfbc798"", ""d212e4231d6b932ee1d5bcd7336d05f49a5bd740e5762fb2e2806c3cb8018b82""]","[""c45a6445213eef391df5a721a1d920025855c13b32205588b88eeb027ce4b6ee"", ""528ce6cef516220b49746927b16e66a325ccc5797a749a09e16cf5dfe6b1bd99""]",Separated-ion reference only; does not establish dissolved tBuOK salt speciation or ion pairing
Co_macho_pnp_Ph,separated_ion_deprotonation,360.0,-48.85875346967077,protonated_cat(+) + tert_butoxide(-) -> active_cat + tert_butanol,True,True,"[""data/campaign/thermochemistry/Co_macho_pnp_Ph__protonated_reference/result.json"", ""data/reference_thermochemistry/tert_butoxide_anion/stationarity/result.json""]","[""data/campaign/thermochemistry/Co_macho_pnp_Ph__active/result.json"", ""data/reference_thermochemistry/tert_butanol/stationarity/result.json""]","[""471dbbebf392a1b8fa31dc10d9b1fde03dee3d22214661e084eab670acfbc798"", ""d212e4231d6b932ee1d5bcd7336d05f49a5bd740e5762fb2e2806c3cb8018b82""]","[""c45a6445213eef391df5a721a1d920025855c13b32205588b88eeb027ce4b6ee"", ""528ce6cef516220b49746927b16e66a325ccc5797a749a09e16cf5dfe6b1bd99""]",Separated-ion reference only; does not establish dissolved tBuOK salt speciation or ion pairing
Co_macho_pnp_Ph,separated_ion_deprotonation,370.0,-48.877647424416864,protonated_cat(+) + tert_butoxide(-) -> active_cat + tert_butanol,True,True,"[""data/campaign/thermochemistry/Co_macho_pnp_Ph__protonated_reference/result.json"", ""data/reference_thermochemistry/tert_butoxide_anion/stationarity/result.json""]","[""data/campaign/thermochemistry/Co_macho_pnp_Ph__active/result.json"", ""data/reference_thermochemistry/tert_butanol/stationarity/result.json""]","[""471dbbebf392a1b8fa31dc10d9b1fde03dee3d22214661e084eab670acfbc798"", ""d212e4231d6b932ee1d5bcd7336d05f49a5bd740e5762fb2e2806c3cb8018b82""]","[""c45a6445213eef391df5a721a1d920025855c13b32205588b88eeb027ce4b6ee"", ""528ce6cef516220b49746927b16e66a325ccc5797a749a09e16cf5dfe6b1bd99""]",Separated-ion reference only; does not establish dissolved tBuOK salt speciation or ion pairing
Co_macho_pnp_Ph,separated_ion_deprotonation,380.0,-48.89644050811876,protonated_cat(+) + tert_butoxide(-) -> active_cat + tert_butanol,True,True,"[""data/campaign/thermochemistry/Co_macho_pnp_Ph__protonated_reference/result.json"", ""data/reference_thermochemistry/tert_butoxide_anion/stationarity/result.json""]","[""data/campaign/thermochemistry/Co_macho_pnp_Ph__active/result.json"", ""data/reference_thermochemistry/tert_butanol/stationarity/result.json""]","[""471dbbebf392a1b8fa31dc10d9b1fde03dee3d22214661e084eab670acfbc798"", ""d212e4231d6b932ee1d5bcd7336d05f49a5bd740e5762fb2e2806c3cb8018b82""]","[""c45a6445213eef391df5a721a1d920025855c13b32205588b88eeb027ce4b6ee"", ""528ce6cef516220b49746927b16e66a325ccc5797a749a09e16cf5dfe6b1bd99""]",Separated-ion reference only; does not establish dissolved tBuOK salt speciation or ion pairing
Co_macho_pnp_Ph,separated_ion_deprotonation,383.15,-48.90233868813084,protonated_cat(+) + tert_butoxide(-) -> active_cat + tert_butanol,True,True,"[""data/campaign/thermochemistry/Co_macho_pnp_Ph__protonated_reference/result.json"", ""data/reference_thermochemistry/tert_butoxide_anion/stationarity/result.json""]","[""data/campaign/thermochemistry/Co_macho_pnp_Ph__active/result.json"", ""data/reference_thermochemistry/tert_butanol/stationarity/result.json""]","[""471dbbebf392a1b8fa31dc10d9b1fde03dee3d22214661e084eab670acfbc798"", ""d212e4231d6b932ee1d5bcd7336d05f49a5bd740e5762fb2e2806c3cb8018b82""]","[""c45a6445213eef391df5a721a1d920025855c13b32205588b88eeb027ce4b6ee"", ""528ce6cef516220b49746927b16e66a325ccc5797a749a09e16cf5dfe6b1bd99""]",Separated-ion reference only; does not establish dissolved tBuOK salt speciation or ion pairing
Co_macho_pnp_Ph,separated_ion_deprotonation,390.0,-48.91512819584932,protonated_cat(+) + tert_butoxide(-) -> active_cat + tert_butanol,True,True,"[""data/campaign/thermochemistry/Co_macho_pnp_Ph__protonated_reference/result.json"", ""data/reference_thermochemistry/tert_butoxide_anion/stationarity/result.json""]","[""data/campaign/thermochemistry/Co_macho_pnp_Ph__active/result.json"", ""data/reference_thermochemistry/tert_butanol/stationarity/result.json""]","[""471dbbebf392a1b8fa31dc10d9b1fde03dee3d22214661e084eab670acfbc798"", ""d212e4231d6b932ee1d5bcd7336d05f49a5bd740e5762fb2e2806c3cb8018b82""]","[""c45a6445213eef391df5a721a1d920025855c13b32205588b88eeb027ce4b6ee"", ""528ce6cef516220b49746927b16e66a325ccc5797a749a09e16cf5dfe6b1bd99""]",Separated-ion reference only; does not establish dissolved tBuOK salt speciation or ion pairing
Co_macho_pnp_Ph,separated_ion_deprotonation,400.0,-48.93370689465519,protonated_cat(+) + tert_butoxide(-) -> active_cat + tert_butanol,True,True,"[""data/campaign/thermochemistry/Co_macho_pnp_Ph__protonated_reference/result.json"", ""data/reference_thermochemistry/tert_butoxide_anion/stationarity/result.json""]","[""data/campaign/thermochemistry/Co_macho_pnp_Ph__active/result.json"", ""data/reference_thermochemistry/tert_butanol/stationarity/result.json""]","[""471dbbebf392a1b8fa31dc10d9b1fde03dee3d22214661e084eab670acfbc798"", ""d212e4231d6b932ee1d5bcd7336d05f49a5bd740e5762fb2e2806c3cb8018b82""]","[""c45a6445213eef391df5a721a1d920025855c13b32205588b88eeb027ce4b6ee"", ""528ce6cef516220b49746927b16e66a325ccc5797a749a09e16cf5dfe6b1bd99""]",Separated-ion reference only; does not establish dissolved tBuOK salt speciation or ion pairing
Co_macho_pnp_Ph,separated_ion_deprotonation,410.0,-48.95217383933232,protonated_cat(+) + tert_butoxide(-) -> active_cat + tert_butanol,True,True,"[""data/campaign/thermochemistry/Co_macho_pnp_Ph__protonated_reference/result.json"", ""data/reference_thermochemistry/tert_butoxide_anion/stationarity/result.json""]","[""data/campaign/thermochemistry/Co_macho_pnp_Ph__active/result.json"", ""data/reference_thermochemistry/tert_butanol/stationarity/result.json""]","[""471dbbebf392a1b8fa31dc10d9b1fde03dee3d22214661e084eab670acfbc798"", ""d212e4231d6b932ee1d5bcd7336d05f49a5bd740e5762fb2e2806c3cb8018b82""]","[""c45a6445213eef391df5a721a1d920025855c13b32205588b88eeb027ce4b6ee"", ""528ce6cef516220b49746927b16e66a325ccc5797a749a09e16cf5dfe6b1bd99""]",Separated-ion reference only; does not establish dissolved tBuOK salt speciation or ion pairing
Co_macho_pnp_Ph,separated_ion_deprotonation,420.0,-48.97052699734559,protonated_cat(+) + tert_butoxide(-) -> active_cat + tert_butanol,True,True,"[""data/campaign/thermochemistry/Co_macho_pnp_Ph__protonated_reference/result.json"", ""data/reference_thermochemistry/tert_butoxide_anion/stationarity/result.json""]","[""data/campaign/thermochemistry/Co_macho_pnp_Ph__active/result.json"", ""data/reference_thermochemistry/tert_butanol/stationarity/result.json""]","[""471dbbebf392a1b8fa31dc10d9b1fde03dee3d22214661e084eab670acfbc798"", ""d212e4231d6b932ee1d5bcd7336d05f49a5bd740e5762fb2e2806c3cb8018b82""]","[""c45a6445213eef391df5a721a1d920025855c13b32205588b88eeb027ce4b6ee"", ""528ce6cef516220b49746927b16e66a325ccc5797a749a09e16cf5dfe6b1bd99""]",Separated-ion reference only; does not establish dissolved tBuOK salt speciation or ion pairing
Co_macho_pnp_Ph,separated_ion_deprotonation,430.0,-48.98876498197751,protonated_cat(+) + tert_butoxide(-) -> active_cat + tert_butanol,True,True,"[""data/campaign/thermochemistry/Co_macho_pnp_Ph__protonated_reference/result.json"", ""data/reference_thermochemistry/tert_butoxide_anion/stationarity/result.json""]","[""data/campaign/thermochemistry/Co_macho_pnp_Ph__active/result.json"", ""data/reference_thermochemistry/tert_butanol/stationarity/result.json""]","[""471dbbebf392a1b8fa31dc10d9b1fde03dee3d22214661e084eab670acfbc798"", ""d212e4231d6b932ee1d5bcd7336d05f49a5bd740e5762fb2e2806c3cb8018b82""]","[""c45a6445213eef391df5a721a1d920025855c13b32205588b88eeb027ce4b6ee"", ""528ce6cef516220b49746927b16e66a325ccc5797a749a09e16cf5dfe6b1bd99""]",Separated-ion reference only; does not establish dissolved tBuOK salt speciation or ion pairing
Co_macho_pnp_Ph,separated_ion_deprotonation,440.0,-49.00688697363876,protonated_cat(+) + tert_butoxide(-) -> active_cat + tert_butanol,True,True,"[""data/campaign/thermochemistry/Co_macho_pnp_Ph__protonated_reference/result.json"", ""data/reference_thermochemistry/tert_butoxide_anion/stationarity/result.json""]","[""data/campaign/thermochemistry/Co_macho_pnp_Ph__active/result.json"", ""data/reference_thermochemistry/tert_butanol/stationarity/result.json""]","[""471dbbebf392a1b8fa31dc10d9b1fde03dee3d22214661e084eab670acfbc798"", ""d212e4231d6b932ee1d5bcd7336d05f49a5bd740e5762fb2e2806c3cb8018b82""]","[""c45a6445213eef391df5a721a1d920025855c13b32205588b88eeb027ce4b6ee"", ""528ce6cef516220b49746927b16e66a325ccc5797a749a09e16cf5dfe6b1bd99""]",Separated-ion reference only; does not establish dissolved tBuOK salt speciation or ion pairing
Co_macho_pnp_Ph,imine_hydrogenation,298.15,-3.7903152775870694,hydrogenated_cat + imine -> active_cat + product_amine,True,True,"[""data/campaign/thermochemistry/Co_macho_pnp_Ph__hydrogenated/result.json"", ""data/reference_thermochemistry/imine/stationarity/result.json""]","[""data/campaign/thermochemistry/Co_macho_pnp_Ph__active/result.json"", ""data/reference_thermochemistry/product_amine/stationarity/result.json""]","[""d47d39d2f9cd8725a350991f6cb6b49fe32dabc00ea593b1964ee69d27706917"", ""320207d7a21680926414b387b1b8cd3adcb066bb7fc19106fe58731629d2bffb""]","[""c45a6445213eef391df5a721a1d920025855c13b32205588b88eeb027ce4b6ee"", ""1310231bc0e8cfa7827d24c6e16bb1ae55f4c47ed9c416194f0e2ec8627a6231""]",Reaction thermodynamics of separate 1M molecular species; no kinetic barrier or TOF
Co_macho_pnp_Ph,imine_hydrogenation,340.0,-3.8758030654244067,hydrogenated_cat + imine -> active_cat + product_amine,True,True,"[""data/campaign/thermochemistry/Co_macho_pnp_Ph__hydrogenated/result.json"", ""data/reference_thermochemistry/imine/stationarity/result.json""]","[""data/campaign/thermochemistry/Co_macho_pnp_Ph__active/result.json"", ""data/reference_thermochemistry/product_amine/stationarity/result.json""]","[""d47d39d2f9cd8725a350991f6cb6b49fe32dabc00ea593b1964ee69d27706917"", ""320207d7a21680926414b387b1b8cd3adcb066bb7fc19106fe58731629d2bffb""]","[""c45a6445213eef391df5a721a1d920025855c13b32205588b88eeb027ce4b6ee"", ""1310231bc0e8cfa7827d24c6e16bb1ae55f4c47ed9c416194f0e2ec8627a6231""]",Reaction thermodynamics of separate 1M molecular species; no kinetic barrier or TOF
Co_macho_pnp_Ph,imine_hydrogenation,350.0,-3.8948624421827844,hydrogenated_cat + imine -> active_cat + product_amine,True,True,"[""data/campaign/thermochemistry/Co_macho_pnp_Ph__hydrogenated/result.json"", ""data/reference_thermochemistry/imine/stationarity/result.json""]","[""data/campaign/thermochemistry/Co_macho_pnp_Ph__active/result.json"", ""data/reference_thermochemistry/product_amine/stationarity/result.json""]","[""d47d39d2f9cd8725a350991f6cb6b49fe32dabc00ea593b1964ee69d27706917"", ""320207d7a21680926414b387b1b8cd3adcb066bb7fc19106fe58731629d2bffb""]","[""c45a6445213eef391df5a721a1d920025855c13b32205588b88eeb027ce4b6ee"", ""1310231bc0e8cfa7827d24c6e16bb1ae55f4c47ed9c416194f0e2ec8627a6231""]",Reaction thermodynamics of separate 1M molecular species; no kinetic barrier or TOF
Co_macho_pnp_Ph,imine_hydrogenation,360.0,-3.913417894160375,hydrogenated_cat + imine -> active_cat + product_amine,True,True,"[""data/campaign/thermochemistry/Co_macho_pnp_Ph__hydrogenated/result.json"", ""data/reference_thermochemistry/imine/stationarity/result.json""]","[""data/campaign/thermochemistry/Co_macho_pnp_Ph__active/result.json"", ""data/reference_thermochemistry/product_amine/stationarity/result.json""]","[""d47d39d2f9cd8725a350991f6cb6b49fe32dabc00ea593b1964ee69d27706917"", ""320207d7a21680926414b387b1b8cd3adcb066bb7fc19106fe58731629d2bffb""]","[""c45a6445213eef391df5a721a1d920025855c13b32205588b88eeb027ce4b6ee"", ""1310231bc0e8cfa7827d24c6e16bb1ae55f4c47ed9c416194f0e2ec8627a6231""]",Reaction thermodynamics of separate 1M molecular species; no kinetic barrier or TOF
Co_macho_pnp_Ph,imine_hydrogenation,370.0,-3.9314806997681444,hydrogenated_cat + imine -> active_cat + product_amine,True,True,"[""data/campaign/thermochemistry/Co_macho_pnp_Ph__hydrogenated/result.json"", ""data/reference_thermochemistry/imine/stationarity/result.json""]","[""data/campaign/thermochemistry/Co_macho_pnp_Ph__active/result.json"", ""data/reference_thermochemistry/product_amine/stationarity/result.json""]","[""d47d39d2f9cd8725a350991f6cb6b49fe32dabc00ea593b1964ee69d27706917"", ""320207d7a21680926414b387b1b8cd3adcb066bb7fc19106fe58731629d2bffb""]","[""c45a6445213eef391df5a721a1d920025855c13b32205588b88eeb027ce4b6ee"", ""1310231bc0e8cfa7827d24c6e16bb1ae55f4c47ed9c416194f0e2ec8627a6231""]",Reaction thermodynamics of separate 1M molecular species; no kinetic barrier or TOF
Co_macho_pnp_Ph,imine_hydrogenation,380.0,-3.949061975992663,hydrogenated_cat + imine -> active_cat + product_amine,True,True,"[""data/campaign/thermochemistry/Co_macho_pnp_Ph__hydrogenated/result.json"", ""data/reference_thermochemistry/imine/stationarity/result.json""]","[""data/campaign/thermochemistry/Co_macho_pnp_Ph__active/result.json"", ""data/reference_thermochemistry/product_amine/stationarity/result.json""]","[""d47d39d2f9cd8725a350991f6cb6b49fe32dabc00ea593b1964ee69d27706917"", ""320207d7a21680926414b387b1b8cd3adcb066bb7fc19106fe58731629d2bffb""]","[""c45a6445213eef391df5a721a1d920025855c13b32205588b88eeb027ce4b6ee"", ""1310231bc0e8cfa7827d24c6e16bb1ae55f4c47ed9c416194f0e2ec8627a6231""]",Reaction thermodynamics of separate 1M molecular species; no kinetic barrier or TOF
Co_macho_pnp_Ph,imine_hydrogenation,383.15,-3.954502100015816,hydrogenated_cat + imine -> active_cat + product_amine,True,True,"[""data/campaign/thermochemistry/Co_macho_pnp_Ph__hydrogenated/result.json"", ""data/reference_thermochemistry/imine/stationarity/result.json""]","[""data/campaign/thermochemistry/Co_macho_pnp_Ph__active/result.json"", ""data/reference_thermochemistry/product_amine/stationarity/result.json""]","[""d47d39d2f9cd8725a350991f6cb6b49fe32dabc00ea593b1964ee69d27706917"", ""320207d7a21680926414b387b1b8cd3adcb066bb7fc19106fe58731629d2bffb""]","[""c45a6445213eef391df5a721a1d920025855c13b32205588b88eeb027ce4b6ee"", ""1310231bc0e8cfa7827d24c6e16bb1ae55f4c47ed9c416194f0e2ec8627a6231""]",Reaction thermodynamics of separate 1M molecular species; no kinetic barrier or TOF
Co_macho_pnp_Ph,imine_hydrogenation,390.0,-3.9661726563244883,hydrogenated_cat + imine -> active_cat + product_amine,True,True,"[""data/campaign/thermochemistry/Co_macho_pnp_Ph__hydrogenated/result.json"", ""data/reference_thermochemistry/imine/stationarity/result.json""]","[""data/campaign/thermochemistry/Co_macho_pnp_Ph__active/result.json"", ""data/reference_thermochemistry/product_amine/stationarity/result.json""]","[""d47d39d2f9cd8725a350991f6cb6b49fe32dabc00ea593b1964ee69d27706917"", ""320207d7a21680926414b387b1b8cd3adcb066bb7fc19106fe58731629d2bffb""]","[""c45a6445213eef391df5a721a1d920025855c13b32205588b88eeb027ce4b6ee"", ""1310231bc0e8cfa7827d24c6e16bb1ae55f4c47ed9c416194f0e2ec8627a6231""]",Reaction thermodynamics of separate 1M molecular species; no kinetic barrier or TOF
Co_macho_pnp_Ph,imine_hydrogenation,400.0,-3.982823472651944,hydrogenated_cat + imine -> active_cat + product_amine,True,True,"[""data/campaign/thermochemistry/Co_macho_pnp_Ph__hydrogenated/result.json"", ""data/reference_thermochemistry/imine/stationarity/result.json""]","[""data/campaign/thermochemistry/Co_macho_pnp_Ph__active/result.json"", ""data/reference_thermochemistry/product_amine/stationarity/result.json""]","[""d47d39d2f9cd8725a350991f6cb6b49fe32dabc00ea593b1964ee69d27706917"", ""320207d7a21680926414b387b1b8cd3adcb066bb7fc19106fe58731629d2bffb""]","[""c45a6445213eef391df5a721a1d920025855c13b32205588b88eeb027ce4b6ee"", ""1310231bc0e8cfa7827d24c6e16bb1ae55f4c47ed9c416194f0e2ec8627a6231""]",Reaction thermodynamics of separate 1M molecular species; no kinetic barrier or TOF
Co_macho_pnp_Ph,imine_hydrogenation,410.0,-3.999024941073003,hydrogenated_cat + imine -> active_cat + product_amine,True,True,"[""data/campaign/thermochemistry/Co_macho_pnp_Ph__hydrogenated/result.json"", ""data/reference_thermochemistry/imine/stationarity/result.json""]","[""data/campaign/thermochemistry/Co_macho_pnp_Ph__active/result.json"", ""data/reference_thermochemistry/product_amine/stationarity/result.json""]","[""d47d39d2f9cd8725a350991f6cb6b49fe32dabc00ea593b1964ee69d27706917"", ""320207d7a21680926414b387b1b8cd3adcb066bb7fc19106fe58731629d2bffb""]","[""c45a6445213eef391df5a721a1d920025855c13b32205588b88eeb027ce4b6ee"", ""1310231bc0e8cfa7827d24c6e16bb1ae55f4c47ed9c416194f0e2ec8627a6231""]",Reaction thermodynamics of separate 1M molecular species; no kinetic barrier or TOF
Co_macho_pnp_Ph,imine_hydrogenation,420.0,-4.01478735105411,hydrogenated_cat + imine -> active_cat + product_amine,True,True,"[""data/campaign/thermochemistry/Co_macho_pnp_Ph__hydrogenated/result.json"", ""data/reference_thermochemistry/imine/stationarity/result.json""]","[""data/campaign/thermochemistry/Co_macho_pnp_Ph__active/result.json"", ""data/reference_thermochemistry/product_amine/stationarity/result.json""]","[""d47d39d2f9cd8725a350991f6cb6b49fe32dabc00ea593b1964ee69d27706917"", ""320207d7a21680926414b387b1b8cd3adcb066bb7fc19106fe58731629d2bffb""]","[""c45a6445213eef391df5a721a1d920025855c13b32205588b88eeb027ce4b6ee"", ""1310231bc0e8cfa7827d24c6e16bb1ae55f4c47ed9c416194f0e2ec8627a6231""]",Reaction thermodynamics of separate 1M molecular species; no kinetic barrier or TOF
Co_macho_pnp_Ph,imine_hydrogenation,430.0,-4.030120757739496,hydrogenated_cat + imine -> active_cat + product_amine,True,True,"[""data/campaign/thermochemistry/Co_macho_pnp_Ph__hydrogenated/result.json"", ""data/reference_thermochemistry/imine/stationarity/result.json""]","[""data/campaign/thermochemistry/Co_macho_pnp_Ph__active/result.json"", ""data/reference_thermochemistry/product_amine/stationarity/result.json""]","[""d47d39d2f9cd8725a350991f6cb6b49fe32dabc00ea593b1964ee69d27706917"", ""320207d7a21680926414b387b1b8cd3adcb066bb7fc19106fe58731629d2bffb""]","[""c45a6445213eef391df5a721a1d920025855c13b32205588b88eeb027ce4b6ee"", ""1310231bc0e8cfa7827d24c6e16bb1ae55f4c47ed9c416194f0e2ec8627a6231""]",Reaction thermodynamics of separate 1M molecular species; no kinetic barrier or TOF
Co_macho_pnp_Ph,imine_hydrogenation,440.0,-4.045034977170872,hydrogenated_cat + imine -> active_cat + product_amine,True,True,"[""data/campaign/thermochemistry/Co_macho_pnp_Ph__hydrogenated/result.json"", ""data/reference_thermochemistry/imine/stationarity/result.json""]","[""data/campaign/thermochemistry/Co_macho_pnp_Ph__active/result.json"", ""data/reference_thermochemistry/product_amine/stationarity/result.json""]","[""d47d39d2f9cd8725a350991f6cb6b49fe32dabc00ea593b1964ee69d27706917"", ""320207d7a21680926414b387b1b8cd3adcb066bb7fc19106fe58731629d2bffb""]","[""c45a6445213eef391df5a721a1d920025855c13b32205588b88eeb027ce4b6ee"", ""1310231bc0e8cfa7827d24c6e16bb1ae55f4c47ed9c416194f0e2ec8627a6231""]",Reaction thermodynamics of separate 1M molecular species; no kinetic barrier or TOF
Co_macho_pnp_iPr,alcohol_dehydrogenation,298.15,10.153978333501072,active_cat + benzyl_alcohol -> hydrogenated_cat + benzaldehyde,True,True,"[""data/campaign/thermochemistry/Co_macho_pnp_iPr__active/result.json"", ""data/reference_thermochemistry/benzyl_alcohol/stationarity/result.json""]","[""data/campaign/thermochemistry/Co_macho_pnp_iPr__hydrogenated/result.json"", ""data/reference_thermochemistry/benzaldehyde/stationarity/result.json""]","[""f9e1cc284d85c75cd17197b5234eb9a49f1470fcb2e30384c56f78c5e1cc0e29"", ""f4897da33f477e49dfa225e23571ab1376182c83d5412b994134a99a99cc75c0""]","[""980437b80d652615b0ef2f057c984bfc6952f150c4bd6882ad0f874a295f04b8"", ""e7292b48e5f27218094b119118595a7fc0b25d93db34b114bb0582e7ad8b60b9""]",Reaction thermodynamics of separate 1M molecular species; no kinetic barrier or TOF
Co_macho_pnp_iPr,alcohol_dehydrogenation,340.0,10.269522697675711,active_cat + benzyl_alcohol -> hydrogenated_cat + benzaldehyde,True,True,"[""data/campaign/thermochemistry/Co_macho_pnp_iPr__active/result.json"", ""data/reference_thermochemistry/benzyl_alcohol/stationarity/result.json""]","[""data/campaign/thermochemistry/Co_macho_pnp_iPr__hydrogenated/result.json"", ""data/reference_thermochemistry/benzaldehyde/stationarity/result.json""]","[""f9e1cc284d85c75cd17197b5234eb9a49f1470fcb2e30384c56f78c5e1cc0e29"", ""f4897da33f477e49dfa225e23571ab1376182c83d5412b994134a99a99cc75c0""]","[""980437b80d652615b0ef2f057c984bfc6952f150c4bd6882ad0f874a295f04b8"", ""e7292b48e5f27218094b119118595a7fc0b25d93db34b114bb0582e7ad8b60b9""]",Reaction thermodynamics of separate 1M molecular species; no kinetic barrier or TOF
Co_macho_pnp_iPr,alcohol_dehydrogenation,350.0,10.295268074583873,active_cat + benzyl_alcohol -> hydrogenated_cat + benzaldehyde,True,True,"[""data/campaign/thermochemistry/Co_macho_pnp_iPr__active/result.json"", ""data/reference_thermochemistry/benzyl_alcohol/stationarity/result.json""]","[""data/campaign/thermochemistry/Co_macho_pnp_iPr__hydrogenated/result.json"", ""data/reference_thermochemistry/benzaldehyde/stationarity/result.json""]","[""f9e1cc284d85c75cd17197b5234eb9a49f1470fcb2e30384c56f78c5e1cc0e29"", ""f4897da33f477e49dfa225e23571ab1376182c83d5412b994134a99a99cc75c0""]","[""980437b80d652615b0ef2f057c984bfc6952f150c4bd6882ad0f874a295f04b8"", ""e7292b48e5f27218094b119118595a7fc0b25d93db34b114bb0582e7ad8b60b9""]",Reaction thermodynamics of separate 1M molecular species; no kinetic barrier or TOF
Co_macho_pnp_iPr,alcohol_dehydrogenation,360.0,10.320331373955923,active_cat + benzyl_alcohol -> hydrogenated_cat + benzaldehyde,True,True,"[""data/campaign/thermochemistry/Co_macho_pnp_iPr__active/result.json"", ""data/reference_thermochemistry/benzyl_alcohol/stationarity/result.json""]","[""data/campaign/thermochemistry/Co_macho_pnp_iPr__hydrogenated/result.json"", ""data/reference_thermochemistry/benzaldehyde/stationarity/result.json""]","[""f9e1cc284d85c75cd17197b5234eb9a49f1470fcb2e30384c56f78c5e1cc0e29"", ""f4897da33f477e49dfa225e23571ab1376182c83d5412b994134a99a99cc75c0""]","[""980437b80d652615b0ef2f057c984bfc6952f150c4bd6882ad0f874a295f04b8"", ""e7292b48e5f27218094b119118595a7fc0b25d93db34b114bb0582e7ad8b60b9""]",Reaction thermodynamics of separate 1M molecular species; no kinetic barrier or TOF
Co_macho_pnp_iPr,alcohol_dehydrogenation,370.0,10.34472986675064,active_cat + benzyl_alcohol -> hydrogenated_cat + benzaldehyde,True,True,"[""data/campaign/thermochemistry/Co_macho_pnp_iPr__active/result.json"", ""data/reference_thermochemistry/benzyl_alcohol/stationarity/result.json""]","[""data/campaign/thermochemistry/Co_macho_pnp_iPr__hydrogenated/result.json"", ""data/reference_thermochemistry/benzaldehyde/stationarity/result.json""]","[""f9e1cc284d85c75cd17197b5234eb9a49f1470fcb2e30384c56f78c5e1cc0e29"", ""f4897da33f477e49dfa225e23571ab1376182c83d5412b994134a99a99cc75c0""]","[""980437b80d652615b0ef2f057c984bfc6952f150c4bd6882ad0f874a295f04b8"", ""e7292b48e5f27218094b119118595a7fc0b25d93db34b114bb0582e7ad8b60b9""]",Reaction thermodynamics of separate 1M molecular species; no kinetic barrier or TOF
Co_macho_pnp_iPr,alcohol_dehydrogenation,380.0,10.368480383463975,active_cat + benzyl_alcohol -> hydrogenated_cat + benzaldehyde,True,True,"[""data/campaign/thermochemistry/Co_macho_pnp_iPr__active/result.json"", ""data/reference_thermochemistry/benzyl_alcohol/stationarity/result.json""]","[""data/campaign/thermochemistry/Co_macho_pnp_iPr__hydrogenated/result.json"", ""data/reference_thermochemistry/benzaldehyde/stationarity/result.json""]","[""f9e1cc284d85c75cd17197b5234eb9a49f1470fcb2e30384c56f78c5e1cc0e29"", ""f4897da33f477e49dfa225e23571ab1376182c83d5412b994134a99a99cc75c0""]","[""980437b80d652615b0ef2f057c984bfc6952f150c4bd6882ad0f874a295f04b8"", ""e7292b48e5f27218094b119118595a7fc0b25d93db34b114bb0582e7ad8b60b9""]",Reaction thermodynamics of separate 1M molecular species; no kinetic barrier or TOF
Co_macho_pnp_iPr,alcohol_dehydrogenation,383.15,10.375830219018098,active_cat + benzyl_alcohol -> hydrogenated_cat + benzaldehyde,True,True,"[""data/campaign/thermochemistry/Co_macho_pnp_iPr__active/result.json"", ""data/reference_thermochemistry/benzyl_alcohol/stationarity/result.json""]","[""data/campaign/thermochemistry/Co_macho_pnp_iPr__hydrogenated/result.json"", ""data/reference_thermochemistry/benzaldehyde/stationarity/result.json""]","[""f9e1cc284d85c75cd17197b5234eb9a49f1470fcb2e30384c56f78c5e1cc0e29"", ""f4897da33f477e49dfa225e23571ab1376182c83d5412b994134a99a99cc75c0""]","[""980437b80d652615b0ef2f057c984bfc6952f150c4bd6882ad0f874a295f04b8"", ""e7292b48e5f27218094b119118595a7fc0b25d93db34b114bb0582e7ad8b60b9""]",Reaction thermodynamics of separate 1M molecular species; no kinetic barrier or TOF
Co_macho_pnp_iPr,alcohol_dehydrogenation,390.0,10.391599273576503,active_cat + benzyl_alcohol -> hydrogenated_cat + benzaldehyde,True,True,"[""data/campaign/thermochemistry/Co_macho_pnp_iPr__active/result.json"", ""data/reference_thermochemistry/benzyl_alcohol/stationarity/result.json""]","[""data/campaign/thermochemistry/Co_macho_pnp_iPr__hydrogenated/result.json"", ""data/reference_thermochemistry/benzaldehyde/stationarity/result.json""]","[""f9e1cc284d85c75cd17197b5234eb9a49f1470fcb2e30384c56f78c5e1cc0e29"", ""f4897da33f477e49dfa225e23571ab1376182c83d5412b994134a99a99cc75c0""]","[""980437b80d652615b0ef2f057c984bfc6952f150c4bd6882ad0f874a295f04b8"", ""e7292b48e5f27218094b119118595a7fc0b25d93db34b114bb0582e7ad8b60b9""]",Reaction thermodynamics of separate 1M molecular species; no kinetic barrier or TOF
Co_macho_pnp_iPr,alcohol_dehydrogenation,400.0,10.41410237783748,active_cat + benzyl_alcohol -> hydrogenated_cat + benzaldehyde,True,True,"[""data/campaign/thermochemistry/Co_macho_pnp_iPr__active/result.json"", ""data/reference_thermochemistry/benzyl_alcohol/stationarity/result.json""]","[""data/campaign/thermochemistry/Co_macho_pnp_iPr__hydrogenated/result.json"", ""data/reference_thermochemistry/benzaldehyde/stationarity/result.json""]","[""f9e1cc284d85c75cd17197b5234eb9a49f1470fcb2e30384c56f78c5e1cc0e29"", ""f4897da33f477e49dfa225e23571ab1376182c83d5412b994134a99a99cc75c0""]","[""980437b80d652615b0ef2f057c984bfc6952f150c4bd6882ad0f874a295f04b8"", ""e7292b48e5f27218094b119118595a7fc0b25d93db34b114bb0582e7ad8b60b9""]",Reaction thermodynamics of separate 1M molecular species; no kinetic barrier or TOF
Co_macho_pnp_iPr,alcohol_dehydrogenation,410.0,10.43600501146284,active_cat + benzyl_alcohol -> hydrogenated_cat + benzaldehyde,True,True,"[""data/campaign/thermochemistry/Co_macho_pnp_iPr__active/result.json"", ""data/reference_thermochemistry/benzyl_alcohol/stationarity/result.json""]","[""data/campaign/thermochemistry/Co_macho_pnp_iPr__hydrogenated/result.json"", ""data/reference_thermochemistry/benzaldehyde/stationarity/result.json""]","[""f9e1cc284d85c75cd17197b5234eb9a49f1470fcb2e30384c56f78c5e1cc0e29"", ""f4897da33f477e49dfa225e23571ab1376182c83d5412b994134a99a99cc75c0""]","[""980437b80d652615b0ef2f057c984bfc6952f150c4bd6882ad0f874a295f04b8"", ""e7292b48e5f27218094b119118595a7fc0b25d93db34b114bb0582e7ad8b60b9""]",Reaction thermodynamics of separate 1M molecular species; no kinetic barrier or TOF
Co_macho_pnp_iPr,alcohol_dehydrogenation,420.0,10.457321956333544,active_cat + benzyl_alcohol -> hydrogenated_cat + benzaldehyde,True,True,"[""data/campaign/thermochemistry/Co_macho_pnp_iPr__active/result.json"", ""data/reference_thermochemistry/benzyl_alcohol/stationarity/result.json""]","[""data/campaign/thermochemistry/Co_macho_pnp_iPr__hydrogenated/result.json"", ""data/reference_thermochemistry/benzaldehyde/stationarity/result.json""]","[""f9e1cc284d85c75cd17197b5234eb9a49f1470fcb2e30384c56f78c5e1cc0e29"", ""f4897da33f477e49dfa225e23571ab1376182c83d5412b994134a99a99cc75c0""]","[""980437b80d652615b0ef2f057c984bfc6952f150c4bd6882ad0f874a295f04b8"", ""e7292b48e5f27218094b119118595a7fc0b25d93db34b114bb0582e7ad8b60b9""]",Reaction thermodynamics of separate 1M molecular species; no kinetic barrier or TOF
Co_macho_pnp_iPr,alcohol_dehydrogenation,430.0,10.478067460306193,active_cat + benzyl_alcohol -> hydrogenated_cat + benzaldehyde,True,True,"[""data/campaign/thermochemistry/Co_macho_pnp_iPr__active/result.json"", ""data/reference_thermochemistry/benzyl_alcohol/stationarity/result.json""]","[""data/campaign/thermochemistry/Co_macho_pnp_iPr__hydrogenated/result.json"", ""data/reference_thermochemistry/benzaldehyde/stationarity/result.json""]","[""f9e1cc284d85c75cd17197b5234eb9a49f1470fcb2e30384c56f78c5e1cc0e29"", ""f4897da33f477e49dfa225e23571ab1376182c83d5412b994134a99a99cc75c0""]","[""980437b80d652615b0ef2f057c984bfc6952f150c4bd6882ad0f874a295f04b8"", ""e7292b48e5f27218094b119118595a7fc0b25d93db34b114bb0582e7ad8b60b9""]",Reaction thermodynamics of separate 1M molecular species; no kinetic barrier or TOF
Co_macho_pnp_iPr,alcohol_dehydrogenation,440.0,10.498255242422601,active_cat + benzyl_alcohol -> hydrogenated_cat + benzaldehyde,True,True,"[""data/campaign/thermochemistry/Co_macho_pnp_iPr__active/result.json"", ""data/reference_thermochemistry/benzyl_alcohol/stationarity/result.json""]","[""data/campaign/thermochemistry/Co_macho_pnp_iPr__hydrogenated/result.json"", ""data/reference_thermochemistry/benzaldehyde/stationarity/result.json""]","[""f9e1cc284d85c75cd17197b5234eb9a49f1470fcb2e30384c56f78c5e1cc0e29"", ""f4897da33f477e49dfa225e23571ab1376182c83d5412b994134a99a99cc75c0""]","[""980437b80d652615b0ef2f057c984bfc6952f150c4bd6882ad0f874a295f04b8"", ""e7292b48e5f27218094b119118595a7fc0b25d93db34b114bb0582e7ad8b60b9""]",Reaction thermodynamics of separate 1M molecular species; no kinetic barrier or TOF
Co_macho_pnp_iPr,separated_ion_deprotonation,298.15,-46.48238364853387,protonated_cat(+) + tert_butoxide(-) -> active_cat + tert_butanol,True,True,"[""data/campaign/thermochemistry/Co_macho_pnp_iPr__protonated_reference/result.json"", ""data/reference_thermochemistry/tert_butoxide_anion/stationarity/result.json""]","[""data/campaign/thermochemistry/Co_macho_pnp_iPr__active/result.json"", ""data/reference_thermochemistry/tert_butanol/stationarity/result.json""]","[""bbdb815919dcf493a9b116254f5556dbcd7ddfcae6352d8d39c1f89a6856b794"", ""d212e4231d6b932ee1d5bcd7336d05f49a5bd740e5762fb2e2806c3cb8018b82""]","[""f9e1cc284d85c75cd17197b5234eb9a49f1470fcb2e30384c56f78c5e1cc0e29"", ""528ce6cef516220b49746927b16e66a325ccc5797a749a09e16cf5dfe6b1bd99""]",Separated-ion reference only; does not establish dissolved tBuOK salt speciation or ion pairing
Co_macho_pnp_iPr,separated_ion_deprotonation,340.0,-46.57012694372497,protonated_cat(+) + tert_butoxide(-) -> active_cat + tert_butanol,True,True,"[""data/campaign/thermochemistry/Co_macho_pnp_iPr__protonated_reference/result.json"", ""data/reference_thermochemistry/tert_butoxide_anion/stationarity/result.json""]","[""data/campaign/thermochemistry/Co_macho_pnp_iPr__active/result.json"", ""data/reference_thermochemistry/tert_butanol/stationarity/result.json""]","[""bbdb815919dcf493a9b116254f5556dbcd7ddfcae6352d8d39c1f89a6856b794"", ""d212e4231d6b932ee1d5bcd7336d05f49a5bd740e5762fb2e2806c3cb8018b82""]","[""f9e1cc284d85c75cd17197b5234eb9a49f1470fcb2e30384c56f78c5e1cc0e29"", ""528ce6cef516220b49746927b16e66a325ccc5797a749a09e16cf5dfe6b1bd99""]",Separated-ion reference only; does not establish dissolved tBuOK salt speciation or ion pairing
Co_macho_pnp_iPr,separated_ion_deprotonation,350.0,-46.59100461019625,protonated_cat(+) + tert_butoxide(-) -> active_cat + tert_butanol,True,True,"[""data/campaign/thermochemistry/Co_macho_pnp_iPr__protonated_reference/result.json"", ""data/reference_thermochemistry/tert_butoxide_anion/stationarity/result.json""]","[""data/campaign/thermochemistry/Co_macho_pnp_iPr__active/result.json"", ""data/reference_thermochemistry/tert_butanol/stationarity/result.json""]","[""bbdb815919dcf493a9b116254f5556dbcd7ddfcae6352d8d39c1f89a6856b794"", ""d212e4231d6b932ee1d5bcd7336d05f49a5bd740e5762fb2e2806c3cb8018b82""]","[""f9e1cc284d85c75cd17197b5234eb9a49f1470fcb2e30384c56f78c5e1cc0e29"", ""528ce6cef516220b49746927b16e66a325ccc5797a749a09e16cf5dfe6b1bd99""]",Separated-ion reference only; does not establish dissolved tBuOK salt speciation or ion pairing
Co_macho_pnp_iPr,separated_ion_deprotonation,360.0,-46.61182295125036,protonated_cat(+) + tert_butoxide(-) -> active_cat + tert_butanol,True,True,"[""data/campaign/thermochemistry/Co_macho_pnp_iPr__protonated_reference/result.json"", ""data/reference_thermochemistry/tert_butoxide_anion/stationarity/result.json""]","[""data/campaign/thermochemistry/Co_macho_pnp_iPr__active/result.json"", ""data/reference_thermochemistry/tert_butanol/stationarity/result.json""]","[""bbdb815919dcf493a9b116254f5556dbcd7ddfcae6352d8d39c1f89a6856b794"", ""d212e4231d6b932ee1d5bcd7336d05f49a5bd740e5762fb2e2806c3cb8018b82""]","[""f9e1cc284d85c75cd17197b5234eb9a49f1470fcb2e30384c56f78c5e1cc0e29"", ""528ce6cef516220b49746927b16e66a325ccc5797a749a09e16cf5dfe6b1bd99""]",Separated-ion reference only; does not establish dissolved tBuOK salt speciation or ion pairing
Co_macho_pnp_iPr,separated_ion_deprotonation,370.0,-46.63257284856991,protonated_cat(+) + tert_butoxide(-) -> active_cat + tert_butanol,True,True,"[""data/campaign/thermochemistry/Co_macho_pnp_iPr__protonated_reference/result.json"", ""data/reference_thermochemistry/tert_butoxide_anion/stationarity/result.json""]","[""data/campaign/thermochemistry/Co_macho_pnp_iPr__active/result.json"", ""data/reference_thermochemistry/tert_butanol/stationarity/result.json""]","[""bbdb815919dcf493a9b116254f5556dbcd7ddfcae6352d8d39c1f89a6856b794"", ""d212e4231d6b932ee1d5bcd7336d05f49a5bd740e5762fb2e2806c3cb8018b82""]","[""f9e1cc284d85c75cd17197b5234eb9a49f1470fcb2e30384c56f78c5e1cc0e29"", ""528ce6cef516220b49746927b16e66a325ccc5797a749a09e16cf5dfe6b1bd99""]",Separated-ion reference only; does not establish dissolved tBuOK salt speciation or ion pairing
Co_macho_pnp_iPr,separated_ion_deprotonation,380.0,-46.65324664302716,protonated_cat(+) + tert_butoxide(-) -> active_cat + tert_butanol,True,True,"[""data/campaign/thermochemistry/Co_macho_pnp_iPr__protonated_reference/result.json"", ""data/reference_thermochemistry/tert_butoxide_anion/stationarity/result.json""]","[""data/campaign/thermochemistry/Co_macho_pnp_iPr__active/result.json"", ""data/reference_thermochemistry/tert_butanol/stationarity/result.json""]","[""bbdb815919dcf493a9b116254f5556dbcd7ddfcae6352d8d39c1f89a6856b794"", ""d212e4231d6b932ee1d5bcd7336d05f49a5bd740e5762fb2e2806c3cb8018b82""]","[""f9e1cc284d85c75cd17197b5234eb9a49f1470fcb2e30384c56f78c5e1cc0e29"", ""528ce6cef516220b49746927b16e66a325ccc5797a749a09e16cf5dfe6b1bd99""]",Separated-ion reference only; does not establish dissolved tBuOK salt speciation or ion pairing
Co_macho_pnp_iPr,separated_ion_deprotonation,383.15,-46.65974207851832,protonated_cat(+) + tert_butoxide(-) -> active_cat + tert_butanol,True,True,"[""data/campaign/thermochemistry/Co_macho_pnp_iPr__protonated_reference/result.json"", ""data/reference_thermochemistry/tert_butoxide_anion/stationarity/result.json""]","[""data/campaign/thermochemistry/Co_macho_pnp_iPr__active/result.json"", ""data/reference_thermochemistry/tert_butanol/stationarity/result.json""]","[""bbdb815919dcf493a9b116254f5556dbcd7ddfcae6352d8d39c1f89a6856b794"", ""d212e4231d6b932ee1d5bcd7336d05f49a5bd740e5762fb2e2806c3cb8018b82""]","[""f9e1cc284d85c75cd17197b5234eb9a49f1470fcb2e30384c56f78c5e1cc0e29"", ""528ce6cef516220b49746927b16e66a325ccc5797a749a09e16cf5dfe6b1bd99""]",Separated-ion reference only; does not establish dissolved tBuOK salt speciation or ion pairing
Co_macho_pnp_iPr,separated_ion_deprotonation,390.0,-46.673837986390936,protonated_cat(+) + tert_butoxide(-) -> active_cat + tert_butanol,True,True,"[""data/campaign/thermochemistry/Co_macho_pnp_iPr__protonated_reference/result.json"", ""data/reference_thermochemistry/tert_butoxide_anion/stationarity/result.json""]","[""data/campaign/thermochemistry/Co_macho_pnp_iPr__active/result.json"", ""data/reference_thermochemistry/tert_butanol/stationarity/result.json""]","[""bbdb815919dcf493a9b116254f5556dbcd7ddfcae6352d8d39c1f89a6856b794"", ""d212e4231d6b932ee1d5bcd7336d05f49a5bd740e5762fb2e2806c3cb8018b82""]","[""f9e1cc284d85c75cd17197b5234eb9a49f1470fcb2e30384c56f78c5e1cc0e29"", ""528ce6cef516220b49746927b16e66a325ccc5797a749a09e16cf5dfe6b1bd99""]",Separated-ion reference only; does not establish dissolved tBuOK salt speciation or ion pairing
Co_macho_pnp_iPr,separated_ion_deprotonation,400.0,-46.694341703667305,protonated_cat(+) + tert_butoxide(-) -> active_cat + tert_butanol,True,True,"[""data/campaign/thermochemistry/Co_macho_pnp_iPr__protonated_reference/result.json"", ""data/reference_thermochemistry/tert_butoxide_anion/stationarity/result.json""]","[""data/campaign/thermochemistry/Co_macho_pnp_iPr__active/result.json"", ""data/reference_thermochemistry/tert_butanol/stationarity/result.json""]","[""bbdb815919dcf493a9b116254f5556dbcd7ddfcae6352d8d39c1f89a6856b794"", ""d212e4231d6b932ee1d5bcd7336d05f49a5bd740e5762fb2e2806c3cb8018b82""]","[""f9e1cc284d85c75cd17197b5234eb9a49f1470fcb2e30384c56f78c5e1cc0e29"", ""528ce6cef516220b49746927b16e66a325ccc5797a749a09e16cf5dfe6b1bd99""]",Separated-ion reference only; does not establish dissolved tBuOK salt speciation or ion pairing
Co_macho_pnp_iPr,separated_ion_deprotonation,410.0,-46.71475366621053,protonated_cat(+) + tert_butoxide(-) -> active_cat + tert_butanol,True,True,"[""data/campaign/thermochemistry/Co_macho_pnp_iPr__protonated_reference/result.json"", ""data/reference_thermochemistry/tert_butoxide_anion/stationarity/result.json""]","[""data/campaign/thermochemistry/Co_macho_pnp_iPr__active/result.json"", ""data/reference_thermochemistry/tert_butanol/stationarity/result.json""]","[""bbdb815919dcf493a9b116254f5556dbcd7ddfcae6352d8d39c1f89a6856b794"", ""d212e4231d6b932ee1d5bcd7336d05f49a5bd740e5762fb2e2806c3cb8018b82""]","[""f9e1cc284d85c75cd17197b5234eb9a49f1470fcb2e30384c56f78c5e1cc0e29"", ""528ce6cef516220b49746927b16e66a325ccc5797a749a09e16cf5dfe6b1bd99""]",Separated-ion reference only; does not establish dissolved tBuOK salt speciation or ion pairing
Co_macho_pnp_iPr,separated_ion_deprotonation,420.0,-46.73507067517858,protonated_cat(+) + tert_butoxide(-) -> active_cat + tert_butanol,True,True,"[""data/campaign/thermochemistry/Co_macho_pnp_iPr__protonated_reference/result.json"", ""data/reference_thermochemistry/tert_butoxide_anion/stationarity/result.json""]","[""data/campaign/thermochemistry/Co_macho_pnp_iPr__active/result.json"", ""data/reference_thermochemistry/tert_butanol/stationarity/result.json""]","[""bbdb815919dcf493a9b116254f5556dbcd7ddfcae6352d8d39c1f89a6856b794"", ""d212e4231d6b932ee1d5bcd7336d05f49a5bd740e5762fb2e2806c3cb8018b82""]","[""f9e1cc284d85c75cd17197b5234eb9a49f1470fcb2e30384c56f78c5e1cc0e29"", ""528ce6cef516220b49746927b16e66a325ccc5797a749a09e16cf5dfe6b1bd99""]",Separated-ion reference only; does not establish dissolved tBuOK salt speciation or ion pairing
Co_macho_pnp_iPr,separated_ion_deprotonation,430.0,-46.755290354789395,protonated_cat(+) + tert_butoxide(-) -> active_cat + tert_butanol,True,True,"[""data/campaign/thermochemistry/Co_macho_pnp_iPr__protonated_reference/result.json"", ""data/reference_thermochemistry/tert_butoxide_anion/stationarity/result.json""]","[""data/campaign/thermochemistry/Co_macho_pnp_iPr__active/result.json"", ""data/reference_thermochemistry/tert_butanol/stationarity/result.json""]","[""bbdb815919dcf493a9b116254f5556dbcd7ddfcae6352d8d39c1f89a6856b794"", ""d212e4231d6b932ee1d5bcd7336d05f49a5bd740e5762fb2e2806c3cb8018b82""]","[""f9e1cc284d85c75cd17197b5234eb9a49f1470fcb2e30384c56f78c5e1cc0e29"", ""528ce6cef516220b49746927b16e66a325ccc5797a749a09e16cf5dfe6b1bd99""]",Separated-ion reference only; does not establish dissolved tBuOK salt speciation or ion pairing
Co_macho_pnp_iPr,separated_ion_deprotonation,440.0,-46.77541105500495,protonated_cat(+) + tert_butoxide(-) -> active_cat + tert_butanol,True,True,"[""data/campaign/thermochemistry/Co_macho_pnp_iPr__protonated_reference/result.json"", ""data/reference_thermochemistry/tert_butoxide_anion/stationarity/result.json""]","[""data/campaign/thermochemistry/Co_macho_pnp_iPr__active/result.json"", ""data/reference_thermochemistry/tert_butanol/stationarity/result.json""]","[""bbdb815919dcf493a9b116254f5556dbcd7ddfcae6352d8d39c1f89a6856b794"", ""d212e4231d6b932ee1d5bcd7336d05f49a5bd740e5762fb2e2806c3cb8018b82""]","[""f9e1cc284d85c75cd17197b5234eb9a49f1470fcb2e30384c56f78c5e1cc0e29"", ""528ce6cef516220b49746927b16e66a325ccc5797a749a09e16cf5dfe6b1bd99""]",Separated-ion reference only; does not establish dissolved tBuOK salt speciation or ion pairing
Co_macho_pnp_iPr,imine_hydrogenation,298.15,-12.529252616823214,hydrogenated_cat + imine -> active_cat + product_amine,True,True,"[""data/campaign/thermochemistry/Co_macho_pnp_iPr__hydrogenated/result.json"", ""data/reference_thermochemistry/imine/stationarity/result.json""]","[""data/campaign/thermochemistry/Co_macho_pnp_iPr__active/result.json"", ""data/reference_thermochemistry/product_amine/stationarity/result.json""]","[""980437b80d652615b0ef2f057c984bfc6952f150c4bd6882ad0f874a295f04b8"", ""320207d7a21680926414b387b1b8cd3adcb066bb7fc19106fe58731629d2bffb""]","[""f9e1cc284d85c75cd17197b5234eb9a49f1470fcb2e30384c56f78c5e1cc0e29"", ""1310231bc0e8cfa7827d24c6e16bb1ae55f4c47ed9c416194f0e2ec8627a6231""]",Reaction thermodynamics of separate 1M molecular species; no kinetic barrier or TOF
Co_macho_pnp_iPr,imine_hydrogenation,340.0,-12.582066014019802,hydrogenated_cat + imine -> active_cat + product_amine,True,True,"[""data/campaign/thermochemistry/Co_macho_pnp_iPr__hydrogenated/result.json"", ""data/reference_thermochemistry/imine/stationarity/result.json""]","[""data/campaign/thermochemistry/Co_macho_pnp_iPr__active/result.json"", ""data/reference_thermochemistry/product_amine/stationarity/result.json""]","[""980437b80d652615b0ef2f057c984bfc6952f150c4bd6882ad0f874a295f04b8"", ""320207d7a21680926414b387b1b8cd3adcb066bb7fc19106fe58731629d2bffb""]","[""f9e1cc284d85c75cd17197b5234eb9a49f1470fcb2e30384c56f78c5e1cc0e29"", ""1310231bc0e8cfa7827d24c6e16bb1ae55f4c47ed9c416194f0e2ec8627a6231""]",Reaction thermodynamics of separate 1M molecular species; no kinetic barrier or TOF
Co_macho_pnp_iPr,imine_hydrogenation,350.0,-12.593063867701858,hydrogenated_cat + imine -> active_cat + product_amine,True,True,"[""data/campaign/thermochemistry/Co_macho_pnp_iPr__hydrogenated/result.json"", ""data/reference_thermochemistry/imine/stationarity/result.json""]","[""data/campaign/thermochemistry/Co_macho_pnp_iPr__active/result.json"", ""data/reference_thermochemistry/product_amine/stationarity/result.json""]","[""980437b80d652615b0ef2f057c984bfc6952f150c4bd6882ad0f874a295f04b8"", ""320207d7a21680926414b387b1b8cd3adcb066bb7fc19106fe58731629d2bffb""]","[""f9e1cc284d85c75cd17197b5234eb9a49f1470fcb2e30384c56f78c5e1cc0e29"", ""1310231bc0e8cfa7827d24c6e16bb1ae55f4c47ed9c416194f0e2ec8627a6231""]",Reaction thermodynamics of separate 1M molecular species; no kinetic barrier or TOF
Co_macho_pnp_iPr,imine_hydrogenation,360.0,-12.603465660831716,hydrogenated_cat + imine -> active_cat + product_amine,True,True,"[""data/campaign/thermochemistry/Co_macho_pnp_iPr__hydrogenated/result.json"", ""data/reference_thermochemistry/imine/stationarity/result.json""]","[""data/campaign/thermochemistry/Co_macho_pnp_iPr__active/result.json"", ""data/reference_thermochemistry/product_amine/stationarity/result.json""]","[""980437b80d652615b0ef2f057c984bfc6952f150c4bd6882ad0f874a295f04b8"", ""320207d7a21680926414b387b1b8cd3adcb066bb7fc19106fe58731629d2bffb""]","[""f9e1cc284d85c75cd17197b5234eb9a49f1470fcb2e30384c56f78c5e1cc0e29"", ""1310231bc0e8cfa7827d24c6e16bb1ae55f4c47ed9c416194f0e2ec8627a6231""]",Reaction thermodynamics of separate 1M molecular species; no kinetic barrier or TOF
Co_macho_pnp_iPr,imine_hydrogenation,370.0,-12.613285251096386,hydrogenated_cat + imine -> active_cat + product_amine,True,True,"[""data/campaign/thermochemistry/Co_macho_pnp_iPr__hydrogenated/result.json"", ""data/reference_thermochemistry/imine/stationarity/result.json""]","[""data/campaign/thermochemistry/Co_macho_pnp_iPr__active/result.json"", ""data/reference_thermochemistry/product_amine/stationarity/result.json""]","[""980437b80d652615b0ef2f057c984bfc6952f150c4bd6882ad0f874a295f04b8"", ""320207d7a21680926414b387b1b8cd3adcb066bb7fc19106fe58731629d2bffb""]","[""f9e1cc284d85c75cd17197b5234eb9a49f1470fcb2e30384c56f78c5e1cc0e29"", ""1310231bc0e8cfa7827d24c6e16bb1ae55f4c47ed9c416194f0e2ec8627a6231""]",Reaction thermodynamics of separate 1M molecular species; no kinetic barrier or TOF
Co_macho_pnp_iPr,imine_hydrogenation,380.0,-12.622536203580239,hydrogenated_cat + imine -> active_cat + product_amine,True,True,"[""data/campaign/thermochemistry/Co_macho_pnp_iPr__hydrogenated/result.json"", ""data/reference_thermochemistry/imine/stationarity/result.json""]","[""data/campaign/thermochemistry/Co_macho_pnp_iPr__active/result.json"", ""data/reference_thermochemistry/product_amine/stationarity/result.json""]","[""980437b80d652615b0ef2f057c984bfc6952f150c4bd6882ad0f874a295f04b8"", ""320207d7a21680926414b387b1b8cd3adcb066bb7fc19106fe58731629d2bffb""]","[""f9e1cc284d85c75cd17197b5234eb9a49f1470fcb2e30384c56f78c5e1cc0e29"", ""1310231bc0e8cfa7827d24c6e16bb1ae55f4c47ed9c416194f0e2ec8627a6231""]",Reaction thermodynamics of separate 1M molecular species; no kinetic barrier or TOF
Co_macho_pnp_iPr,imine_hydrogenation,383.15,-12.625334609176207,hydrogenated_cat + imine -> active_cat + product_amine,True,True,"[""data/campaign/thermochemistry/Co_macho_pnp_iPr__hydrogenated/result.json"", ""data/reference_thermochemistry/imine/stationarity/result.json""]","[""data/campaign/thermochemistry/Co_macho_pnp_iPr__active/result.json"", ""data/reference_thermochemistry/product_amine/stationarity/result.json""]","[""980437b80d652615b0ef2f057c984bfc6952f150c4bd6882ad0f874a295f04b8"", ""320207d7a21680926414b387b1b8cd3adcb066bb7fc19106fe58731629d2bffb""]","[""f9e1cc284d85c75cd17197b5234eb9a49f1470fcb2e30384c56f78c5e1cc0e29"", ""1310231bc0e8cfa7827d24c6e16bb1ae55f4c47ed9c416194f0e2ec8627a6231""]",Reaction thermodynamics of separate 1M molecular species; no kinetic barrier or TOF
Co_macho_pnp_iPr,imine_hydrogenation,390.0,-12.631231776405912,hydrogenated_cat + imine -> active_cat + product_amine,True,True,"[""data/campaign/thermochemistry/Co_macho_pnp_iPr__hydrogenated/result.json"", ""data/reference_thermochemistry/imine/stationarity/result.json""]","[""data/campaign/thermochemistry/Co_macho_pnp_iPr__active/result.json"", ""data/reference_thermochemistry/product_amine/stationarity/result.json""]","[""980437b80d652615b0ef2f057c984bfc6952f150c4bd6882ad0f874a295f04b8"", ""320207d7a21680926414b387b1b8cd3adcb066bb7fc19106fe58731629d2bffb""]","[""f9e1cc284d85c75cd17197b5234eb9a49f1470fcb2e30384c56f78c5e1cc0e29"", ""1310231bc0e8cfa7827d24c6e16bb1ae55f4c47ed9c416194f0e2ec8627a6231""]",Reaction thermodynamics of separate 1M molecular species; no kinetic barrier or TOF
Co_macho_pnp_iPr,imine_hydrogenation,400.0,-12.639384910042281,hydrogenated_cat + imine -> active_cat + product_amine,True,True,"[""data/campaign/thermochemistry/Co_macho_pnp_iPr__hydrogenated/result.json"", ""data/reference_thermochemistry/imine/stationarity/result.json""]","[""data/campaign/thermochemistry/Co_macho_pnp_iPr__active/result.json"", ""data/reference_thermochemistry/product_amine/stationarity/result.json""]","[""980437b80d652615b0ef2f057c984bfc6952f150c4bd6882ad0f874a295f04b8"", ""320207d7a21680926414b387b1b8cd3adcb066bb7fc19106fe58731629d2bffb""]","[""f9e1cc284d85c75cd17197b5234eb9a49f1470fcb2e30384c56f78c5e1cc0e29"", ""1310231bc0e8cfa7827d24c6e16bb1ae55f4c47ed9c416194f0e2ec8627a6231""]",Reaction thermodynamics of separate 1M molecular species; no kinetic barrier or TOF
Co_macho_pnp_iPr,imine_hydrogenation,410.0,-12.647008220304997,hydrogenated_cat + imine -> active_cat + product_amine,True,True,"[""data/campaign/thermochemistry/Co_macho_pnp_iPr__hydrogenated/result.json"", ""data/reference_thermochemistry/imine/stationarity/result.json""]","[""data/campaign/thermochemistry/Co_macho_pnp_iPr__active/result.json"", ""data/reference_thermochemistry/product_amine/stationarity/result.json""]","[""980437b80d652615b0ef2f057c984bfc6952f150c4bd6882ad0f874a295f04b8"", ""320207d7a21680926414b387b1b8cd3adcb066bb7fc19106fe58731629d2bffb""]","[""f9e1cc284d85c75cd17197b5234eb9a49f1470fcb2e30384c56f78c5e1cc0e29"", ""1310231bc0e8cfa7827d24c6e16bb1ae55f4c47ed9c416194f0e2ec8627a6231""]",Reaction thermodynamics of separate 1M molecular species; no kinetic barrier or TOF
Co_macho_pnp_iPr,imine_hydrogenation,420.0,-12.654113994463842,hydrogenated_cat + imine -> active_cat + product_amine,True,True,"[""data/campaign/thermochemistry/Co_macho_pnp_iPr__hydrogenated/result.json"", ""data/reference_thermochemistry/imine/stationarity/result.json""]","[""data/campaign/thermochemistry/Co_macho_pnp_iPr__active/result.json"", ""data/reference_thermochemistry/product_amine/stationarity/result.json""]","[""980437b80d652615b0ef2f057c984bfc6952f150c4bd6882ad0f874a295f04b8"", ""320207d7a21680926414b387b1b8cd3adcb066bb7fc19106fe58731629d2bffb""]","[""f9e1cc284d85c75cd17197b5234eb9a49f1470fcb2e30384c56f78c5e1cc0e29"", ""1310231bc0e8cfa7827d24c6e16bb1ae55f4c47ed9c416194f0e2ec8627a6231""]",Reaction thermodynamics of separate 1M molecular species; no kinetic barrier or TOF
Co_macho_pnp_iPr,imine_hydrogenation,430.0,-12.660714190020371,hydrogenated_cat + imine -> active_cat + product_amine,True,True,"[""data/campaign/thermochemistry/Co_macho_pnp_iPr__hydrogenated/result.json"", ""data/reference_thermochemistry/imine/stationarity/result.json""]","[""data/campaign/thermochemistry/Co_macho_pnp_iPr__active/result.json"", ""data/reference_thermochemistry/product_amine/stationarity/result.json""]","[""980437b80d652615b0ef2f057c984bfc6952f150c4bd6882ad0f874a295f04b8"", ""320207d7a21680926414b387b1b8cd3adcb066bb7fc19106fe58731629d2bffb""]","[""f9e1cc284d85c75cd17197b5234eb9a49f1470fcb2e30384c56f78c5e1cc0e29"", ""1310231bc0e8cfa7827d24c6e16bb1ae55f4c47ed9c416194f0e2ec8627a6231""]",Reaction thermodynamics of separate 1M molecular species; no kinetic barrier or TOF
Co_macho_pnp_iPr,imine_hydrogenation,440.0,-12.666820435901172,hydrogenated_cat + imine -> active_cat + product_amine,True,True,"[""data/campaign/thermochemistry/Co_macho_pnp_iPr__hydrogenated/result.json"", ""data/reference_thermochemistry/imine/stationarity/result.json""]","[""data/campaign/thermochemistry/Co_macho_pnp_iPr__active/result.json"", ""data/reference_thermochemistry/product_amine/stationarity/result.json""]","[""980437b80d652615b0ef2f057c984bfc6952f150c4bd6882ad0f874a295f04b8"", ""320207d7a21680926414b387b1b8cd3adcb066bb7fc19106fe58731629d2bffb""]","[""f9e1cc284d85c75cd17197b5234eb9a49f1470fcb2e30384c56f78c5e1cc0e29"", ""1310231bc0e8cfa7827d24c6e16bb1ae55f4c47ed9c416194f0e2ec8627a6231""]",Reaction thermodynamics of separate 1M molecular species; no kinetic barrier or TOF
Co_pyridine_pnn_Ph,alcohol_dehydrogenation,298.15,-1.460401324171471,active_cat + benzyl_alcohol -> hydrogenated_cat + benzaldehyde,True,True,"[""data/campaign/thermochemistry/Co_pyridine_pnn_Ph__active/result.json"", ""data/reference_thermochemistry/benzyl_alcohol/stationarity/result.json""]","[""data/campaign/thermochemistry/Co_pyridine_pnn_Ph__hydrogenated/result.json"", ""data/reference_thermochemistry/benzaldehyde/stationarity/result.json""]","[""4a98443b7f854f18c1b7fdbcfbcd55e808df0bac1325ee582da7569402312078"", ""f4897da33f477e49dfa225e23571ab1376182c83d5412b994134a99a99cc75c0""]","[""9ac8ecbbbfa1d5b29e35ba743ea52089dc5ef134f908169ac7b79bd8f50f0955"", ""e7292b48e5f27218094b119118595a7fc0b25d93db34b114bb0582e7ad8b60b9""]",Reaction thermodynamics of separate 1M molecular species; no kinetic barrier or TOF
Co_pyridine_pnn_Ph,alcohol_dehydrogenation,340.0,-1.3464886590991227,active_cat + benzyl_alcohol -> hydrogenated_cat + benzaldehyde,True,True,"[""data/campaign/thermochemistry/Co_pyridine_pnn_Ph__active/result.json"", ""data/reference_thermochemistry/benzyl_alcohol/stationarity/result.json""]","[""data/campaign/thermochemistry/Co_pyridine_pnn_Ph__hydrogenated/result.json"", ""data/reference_thermochemistry/benzaldehyde/stationarity/result.json""]","[""4a98443b7f854f18c1b7fdbcfbcd55e808df0bac1325ee582da7569402312078"", ""f4897da33f477e49dfa225e23571ab1376182c83d5412b994134a99a99cc75c0""]","[""9ac8ecbbbfa1d5b29e35ba743ea52089dc5ef134f908169ac7b79bd8f50f0955"", ""e7292b48e5f27218094b119118595a7fc0b25d93db34b114bb0582e7ad8b60b9""]",Reaction thermodynamics of separate 1M molecular species; no kinetic barrier or TOF
Co_pyridine_pnn_Ph,alcohol_dehydrogenation,350.0,-1.3189082648714248,active_cat + benzyl_alcohol -> hydrogenated_cat + benzaldehyde,True,True,"[""data/campaign/thermochemistry/Co_pyridine_pnn_Ph__active/result.json"", ""data/reference_thermochemistry/benzyl_alcohol/stationarity/result.json""]","[""data/campaign/thermochemistry/Co_pyridine_pnn_Ph__hydrogenated/result.json"", ""data/reference_thermochemistry/benzaldehyde/stationarity/result.json""]","[""4a98443b7f854f18c1b7fdbcfbcd55e808df0bac1325ee582da7569402312078"", ""f4897da33f477e49dfa225e23571ab1376182c83d5412b994134a99a99cc75c0""]","[""9ac8ecbbbfa1d5b29e35ba743ea52089dc5ef134f908169ac7b79bd8f50f0955"", ""e7292b48e5f27218094b119118595a7fc0b25d93db34b114bb0582e7ad8b60b9""]",Reaction thermodynamics of separate 1M molecular species; no kinetic barrier or TOF
Co_pyridine_pnn_Ph,alcohol_dehydrogenation,360.0,-1.2912065102009365,active_cat + benzyl_alcohol -> hydrogenated_cat + benzaldehyde,True,True,"[""data/campaign/thermochemistry/Co_pyridine_pnn_Ph__active/result.json"", ""data/reference_thermochemistry/benzyl_alcohol/stationarity/result.json""]","[""data/campaign/thermochemistry/Co_pyridine_pnn_Ph__hydrogenated/result.json"", ""data/reference_thermochemistry/benzaldehyde/stationarity/result.json""]","[""4a98443b7f854f18c1b7fdbcfbcd55e808df0bac1325ee582da7569402312078"", ""f4897da33f477e49dfa225e23571ab1376182c83d5412b994134a99a99cc75c0""]","[""9ac8ecbbbfa1d5b29e35ba743ea52089dc5ef134f908169ac7b79bd8f50f0955"", ""e7292b48e5f27218094b119118595a7fc0b25d93db34b114bb0582e7ad8b60b9""]",Reaction thermodynamics of separate 1M molecular species; no kinetic barrier or TOF
Co_pyridine_pnn_Ph,alcohol_dehydrogenation,370.0,-1.2633913258705434,active_cat + benzyl_alcohol -> hydrogenated_cat + benzaldehyde,True,True,"[""data/campaign/thermochemistry/Co_pyridine_pnn_Ph__active/result.json"", ""data/reference_thermochemistry/benzyl_alcohol/stationarity/result.json""]","[""data/campaign/thermochemistry/Co_pyridine_pnn_Ph__hydrogenated/result.json"", ""data/reference_thermochemistry/benzaldehyde/stationarity/result.json""]","[""4a98443b7f854f18c1b7fdbcfbcd55e808df0bac1325ee582da7569402312078"", ""f4897da33f477e49dfa225e23571ab1376182c83d5412b994134a99a99cc75c0""]","[""9ac8ecbbbfa1d5b29e35ba743ea52089dc5ef134f908169ac7b79bd8f50f0955"", ""e7292b48e5f27218094b119118595a7fc0b25d93db34b114bb0582e7ad8b60b9""]",Reaction thermodynamics of separate 1M molecular species; no kinetic barrier or TOF
Co_pyridine_pnn_Ph,alcohol_dehydrogenation,380.0,-1.235470256242479,active_cat + benzyl_alcohol -> hydrogenated_cat + benzaldehyde,True,True,"[""data/campaign/thermochemistry/Co_pyridine_pnn_Ph__active/result.json"", ""data/reference_thermochemistry/benzyl_alcohol/stationarity/result.json""]","[""data/campaign/thermochemistry/Co_pyridine_pnn_Ph__hydrogenated/result.json"", ""data/reference_thermochemistry/benzaldehyde/stationarity/result.json""]","[""4a98443b7f854f18c1b7fdbcfbcd55e808df0bac1325ee582da7569402312078"", ""f4897da33f477e49dfa225e23571ab1376182c83d5412b994134a99a99cc75c0""]","[""9ac8ecbbbfa1d5b29e35ba743ea52089dc5ef134f908169ac7b79bd8f50f0955"", ""e7292b48e5f27218094b119118595a7fc0b25d93db34b114bb0582e7ad8b60b9""]",Reaction thermodynamics of separate 1M molecular species; no kinetic barrier or TOF
Co_pyridine_pnn_Ph,alcohol_dehydrogenation,383.15,-1.2266543468358577,active_cat + benzyl_alcohol -> hydrogenated_cat + benzaldehyde,True,True,"[""data/campaign/thermochemistry/Co_pyridine_pnn_Ph__active/result.json"", ""data/reference_thermochemistry/benzyl_alcohol/stationarity/result.json""]","[""data/campaign/thermochemistry/Co_pyridine_pnn_Ph__hydrogenated/result.json"", ""data/reference_thermochemistry/benzaldehyde/stationarity/result.json""]","[""4a98443b7f854f18c1b7fdbcfbcd55e808df0bac1325ee582da7569402312078"", ""f4897da33f477e49dfa225e23571ab1376182c83d5412b994134a99a99cc75c0""]","[""9ac8ecbbbfa1d5b29e35ba743ea52089dc5ef134f908169ac7b79bd8f50f0955"", ""e7292b48e5f27218094b119118595a7fc0b25d93db34b114bb0582e7ad8b60b9""]",Reaction thermodynamics of separate 1M molecular species; no kinetic barrier or TOF
Co_pyridine_pnn_Ph,alcohol_dehydrogenation,390.0,-1.207450486597736,active_cat + benzyl_alcohol -> hydrogenated_cat + benzaldehyde,True,True,"[""data/campaign/thermochemistry/Co_pyridine_pnn_Ph__active/result.json"", ""data/reference_thermochemistry/benzyl_alcohol/stationarity/result.json""]","[""data/campaign/thermochemistry/Co_pyridine_pnn_Ph__hydrogenated/result.json"", ""data/reference_thermochemistry/benzaldehyde/stationarity/result.json""]","[""4a98443b7f854f18c1b7fdbcfbcd55e808df0bac1325ee582da7569402312078"", ""f4897da33f477e49dfa225e23571ab1376182c83d5412b994134a99a99cc75c0""]","[""9ac8ecbbbfa1d5b29e35ba743ea52089dc5ef134f908169ac7b79bd8f50f0955"", ""e7292b48e5f27218094b119118595a7fc0b25d93db34b114bb0582e7ad8b60b9""]",Reaction thermodynamics of separate 1M molecular species; no kinetic barrier or TOF
Co_pyridine_pnn_Ph,alcohol_dehydrogenation,400.0,-1.1793388698770286,active_cat + benzyl_alcohol -> hydrogenated_cat + benzaldehyde,True,True,"[""data/campaign/thermochemistry/Co_pyridine_pnn_Ph__active/result.json"", ""data/reference_thermochemistry/benzyl_alcohol/stationarity/result.json""]","[""data/campaign/thermochemistry/Co_pyridine_pnn_Ph__hydrogenated/result.json"", ""data/reference_thermochemistry/benzaldehyde/stationarity/result.json""]","[""4a98443b7f854f18c1b7fdbcfbcd55e808df0bac1325ee582da7569402312078"", ""f4897da33f477e49dfa225e23571ab1376182c83d5412b994134a99a99cc75c0""]","[""9ac8ecbbbfa1d5b29e35ba743ea52089dc5ef134f908169ac7b79bd8f50f0955"", ""e7292b48e5f27218094b119118595a7fc0b25d93db34b114bb0582e7ad8b60b9""]",Reaction thermodynamics of separate 1M molecular species; no kinetic barrier or TOF
Co_pyridine_pnn_Ph,alcohol_dehydrogenation,410.0,-1.1511419515663874,active_cat + benzyl_alcohol -> hydrogenated_cat + benzaldehyde,True,True,"[""data/campaign/thermochemistry/Co_pyridine_pnn_Ph__active/result.json"", ""data/reference_thermochemistry/benzyl_alcohol/stationarity/result.json""]","[""data/campaign/thermochemistry/Co_pyridine_pnn_Ph__hydrogenated/result.json"", ""data/reference_thermochemistry/benzaldehyde/stationarity/result.json""]","[""4a98443b7f854f18c1b7fdbcfbcd55e808df0bac1325ee582da7569402312078"", ""f4897da33f477e49dfa225e23571ab1376182c83d5412b994134a99a99cc75c0""]","[""9ac8ecbbbfa1d5b29e35ba743ea52089dc5ef134f908169ac7b79bd8f50f0955"", ""e7292b48e5f27218094b119118595a7fc0b25d93db34b114bb0582e7ad8b60b9""]",Reaction thermodynamics of separate 1M molecular species; no kinetic barrier or TOF
Co_pyridine_pnn_Ph,alcohol_dehydrogenation,420.0,-1.1228659925673128,active_cat + benzyl_alcohol -> hydrogenated_cat + benzaldehyde,True,True,"[""data/campaign/thermochemistry/Co_pyridine_pnn_Ph__active/result.json"", ""data/reference_thermochemistry/benzyl_alcohol/stationarity/result.json""]","[""data/campaign/thermochemistry/Co_pyridine_pnn_Ph__hydrogenated/result.json"", ""data/reference_thermochemistry/benzaldehyde/stationarity/result.json""]","[""4a98443b7f854f18c1b7fdbcfbcd55e808df0bac1325ee582da7569402312078"", ""f4897da33f477e49dfa225e23571ab1376182c83d5412b994134a99a99cc75c0""]","[""9ac8ecbbbfa1d5b29e35ba743ea52089dc5ef134f908169ac7b79bd8f50f0955"", ""e7292b48e5f27218094b119118595a7fc0b25d93db34b114bb0582e7ad8b60b9""]",Reaction thermodynamics of separate 1M molecular species; no kinetic barrier or TOF
Co_pyridine_pnn_Ph,alcohol_dehydrogenation,430.0,-1.0945169897131564,active_cat + benzyl_alcohol -> hydrogenated_cat + benzaldehyde,True,True,"[""data/campaign/thermochemistry/Co_pyridine_pnn_Ph__active/result.json"", ""data/reference_thermochemistry/benzyl_alcohol/stationarity/result.json""]","[""data/campaign/thermochemistry/Co_pyridine_pnn_Ph__hydrogenated/result.json"", ""data/reference_thermochemistry/benzaldehyde/stationarity/result.json""]","[""4a98443b7f854f18c1b7fdbcfbcd55e808df0bac1325ee582da7569402312078"", ""f4897da33f477e49dfa225e23571ab1376182c83d5412b994134a99a99cc75c0""]","[""9ac8ecbbbfa1d5b29e35ba743ea52089dc5ef134f908169ac7b79bd8f50f0955"", ""e7292b48e5f27218094b119118595a7fc0b25d93db34b114bb0582e7ad8b60b9""]",Reaction thermodynamics of separate 1M molecular species; no kinetic barrier or TOF
Co_pyridine_pnn_Ph,alcohol_dehydrogenation,440.0,-1.0661006937189086,active_cat + benzyl_alcohol -> hydrogenated_cat + benzaldehyde,True,True,"[""data/campaign/thermochemistry/Co_pyridine_pnn_Ph__active/result.json"", ""data/reference_thermochemistry/benzyl_alcohol/stationarity/result.json""]","[""data/campaign/thermochemistry/Co_pyridine_pnn_Ph__hydrogenated/result.json"", ""data/reference_thermochemistry/benzaldehyde/stationarity/result.json""]","[""4a98443b7f854f18c1b7fdbcfbcd55e808df0bac1325ee582da7569402312078"", ""f4897da33f477e49dfa225e23571ab1376182c83d5412b994134a99a99cc75c0""]","[""9ac8ecbbbfa1d5b29e35ba743ea52089dc5ef134f908169ac7b79bd8f50f0955"", ""e7292b48e5f27218094b119118595a7fc0b25d93db34b114bb0582e7ad8b60b9""]",Reaction thermodynamics of separate 1M molecular species; no kinetic barrier or TOF
Co_pyridine_pnn_Ph,separated_ion_deprotonation,298.15,-43.36391899711816,protonated_cat(+) + tert_butoxide(-) -> active_cat + tert_butanol,True,True,"[""data/campaign/thermochemistry/Co_pyridine_pnn_Ph__protonated_reference/result.json"", ""data/reference_thermochemistry/tert_butoxide_anion/stationarity/result.json""]","[""data/campaign/thermochemistry/Co_pyridine_pnn_Ph__active/result.json"", ""data/reference_thermochemistry/tert_butanol/stationarity/result.json""]","[""8859be59e5ad54a13d2fe2c10da191fc607be8b820b3ac3594911dbe01156d45"", ""d212e4231d6b932ee1d5bcd7336d05f49a5bd740e5762fb2e2806c3cb8018b82""]","[""4a98443b7f854f18c1b7fdbcfbcd55e808df0bac1325ee582da7569402312078"", ""528ce6cef516220b49746927b16e66a325ccc5797a749a09e16cf5dfe6b1bd99""]",Separated-ion reference only; does not establish dissolved tBuOK salt speciation or ion pairing
Co_pyridine_pnn_Ph,separated_ion_deprotonation,340.0,-43.45641820091805,protonated_cat(+) + tert_butoxide(-) -> active_cat + tert_butanol,True,True,"[""data/campaign/thermochemistry/Co_pyridine_pnn_Ph__protonated_reference/result.json"", ""data/reference_thermochemistry/tert_butoxide_anion/stationarity/result.json""]","[""data/campaign/thermochemistry/Co_pyridine_pnn_Ph__active/result.json"", ""data/reference_thermochemistry/tert_butanol/stationarity/result.json""]","[""8859be59e5ad54a13d2fe2c10da191fc607be8b820b3ac3594911dbe01156d45"", ""d212e4231d6b932ee1d5bcd7336d05f49a5bd740e5762fb2e2806c3cb8018b82""]","[""4a98443b7f854f18c1b7fdbcfbcd55e808df0bac1325ee582da7569402312078"", ""528ce6cef516220b49746927b16e66a325ccc5797a749a09e16cf5dfe6b1bd99""]",Separated-ion reference only; does not establish dissolved tBuOK salt speciation or ion pairing
Co_pyridine_pnn_Ph,separated_ion_deprotonation,350.0,-43.47896350632436,protonated_cat(+) + tert_butoxide(-) -> active_cat + tert_butanol,True,True,"[""data/campaign/thermochemistry/Co_pyridine_pnn_Ph__protonated_reference/result.json"", ""data/reference_thermochemistry/tert_butoxide_anion/stationarity/result.json""]","[""data/campaign/thermochemistry/Co_pyridine_pnn_Ph__active/result.json"", ""data/reference_thermochemistry/tert_butanol/stationarity/result.json""]","[""8859be59e5ad54a13d2fe2c10da191fc607be8b820b3ac3594911dbe01156d45"", ""d212e4231d6b932ee1d5bcd7336d05f49a5bd740e5762fb2e2806c3cb8018b82""]","[""4a98443b7f854f18c1b7fdbcfbcd55e808df0bac1325ee582da7569402312078"", ""528ce6cef516220b49746927b16e66a325ccc5797a749a09e16cf5dfe6b1bd99""]",Separated-ion reference only; does not establish dissolved tBuOK salt speciation or ion pairing
Co_pyridine_pnn_Ph,separated_ion_deprotonation,360.0,-43.50163930850249,protonated_cat(+) + tert_butoxide(-) -> active_cat + tert_butanol,True,True,"[""data/campaign/thermochemistry/Co_pyridine_pnn_Ph__protonated_reference/result.json"", ""data/reference_thermochemistry/tert_butoxide_anion/stationarity/result.json""]","[""data/campaign/thermochemistry/Co_pyridine_pnn_Ph__active/result.json"", ""data/reference_thermochemistry/tert_butanol/stationarity/result.json""]","[""8859be59e5ad54a13d2fe2c10da191fc607be8b820b3ac3594911dbe01156d45"", ""d212e4231d6b932ee1d5bcd7336d05f49a5bd740e5762fb2e2806c3cb8018b82""]","[""4a98443b7f854f18c1b7fdbcfbcd55e808df0bac1325ee582da7569402312078"", ""528ce6cef516220b49746927b16e66a325ccc5797a749a09e16cf5dfe6b1bd99""]",Separated-ion reference only; does not establish dissolved tBuOK salt speciation or ion pairing
Co_pyridine_pnn_Ph,separated_ion_deprotonation,370.0,-43.52442881456409,protonated_cat(+) + tert_butoxide(-) -> active_cat + tert_butanol,True,True,"[""data/campaign/thermochemistry/Co_pyridine_pnn_Ph__protonated_reference/result.json"", ""data/reference_thermochemistry/tert_butoxide_anion/stationarity/result.json""]","[""data/campaign/thermochemistry/Co_pyridine_pnn_Ph__active/result.json"", ""data/reference_thermochemistry/tert_butanol/stationarity/result.json""]","[""8859be59e5ad54a13d2fe2c10da191fc607be8b820b3ac3594911dbe01156d45"", ""d212e4231d6b932ee1d5bcd7336d05f49a5bd740e5762fb2e2806c3cb8018b82""]","[""4a98443b7f854f18c1b7fdbcfbcd55e808df0bac1325ee582da7569402312078"", ""528ce6cef516220b49746927b16e66a325ccc5797a749a09e16cf5dfe6b1bd99""]",Separated-ion reference only; does not establish dissolved tBuOK salt speciation or ion pairing
Co_pyridine_pnn_Ph,separated_ion_deprotonation,380.0,-43.547316609705376,protonated_cat(+) + tert_butoxide(-) -> active_cat + tert_butanol,True,True,"[""data/campaign/thermochemistry/Co_pyridine_pnn_Ph__protonated_reference/result.json"", ""data/reference_thermochemistry/tert_butoxide_anion/stationarity/result.json""]","[""data/campaign/thermochemistry/Co_pyridine_pnn_Ph__active/result.json"", ""data/reference_thermochemistry/tert_butanol/stationarity/result.json""]","[""8859be59e5ad54a13d2fe2c10da191fc607be8b820b3ac3594911dbe01156d45"", ""d212e4231d6b932ee1d5bcd7336d05f49a5bd740e5762fb2e2806c3cb8018b82""]","[""4a98443b7f854f18c1b7fdbcfbcd55e808df0bac1325ee582da7569402312078"", ""528ce6cef516220b49746927b16e66a325ccc5797a749a09e16cf5dfe6b1bd99""]",Separated-ion reference only; does not establish dissolved tBuOK salt speciation or ion pairing
Co_pyridine_pnn_Ph,separated_ion_deprotonation,383.15,-43.55454433008708,protonated_cat(+) + tert_butoxide(-) -> active_cat + tert_butanol,True,True,"[""data/campaign/thermochemistry/Co_pyridine_pnn_Ph__protonated_reference/result.json"", ""data/reference_thermochemistry/tert_butoxide_anion/stationarity/result.json""]","[""data/campaign/thermochemistry/Co_pyridine_pnn_Ph__active/result.json"", ""data/reference_thermochemistry/tert_butanol/stationarity/result.json""]","[""8859be59e5ad54a13d2fe2c10da191fc607be8b820b3ac3594911dbe01156d45"", ""d212e4231d6b932ee1d5bcd7336d05f49a5bd740e5762fb2e2806c3cb8018b82""]","[""4a98443b7f854f18c1b7fdbcfbcd55e808df0bac1325ee582da7569402312078"", ""528ce6cef516220b49746927b16e66a325ccc5797a749a09e16cf5dfe6b1bd99""]",Separated-ion reference only; does not establish dissolved tBuOK salt speciation or ion pairing
Co_pyridine_pnn_Ph,separated_ion_deprotonation,390.0,-43.57028856204306,protonated_cat(+) + tert_butoxide(-) -> active_cat + tert_butanol,True,True,"[""data/campaign/thermochemistry/Co_pyridine_pnn_Ph__protonated_reference/result.json"", ""data/reference_thermochemistry/tert_butoxide_anion/stationarity/result.json""]","[""data/campaign/thermochemistry/Co_pyridine_pnn_Ph__active/result.json"", ""data/reference_thermochemistry/tert_butanol/stationarity/result.json""]","[""8859be59e5ad54a13d2fe2c10da191fc607be8b820b3ac3594911dbe01156d45"", ""d212e4231d6b932ee1d5bcd7336d05f49a5bd740e5762fb2e2806c3cb8018b82""]","[""4a98443b7f854f18c1b7fdbcfbcd55e808df0bac1325ee582da7569402312078"", ""528ce6cef516220b49746927b16e66a325ccc5797a749a09e16cf5dfe6b1bd99""]",Separated-ion reference only; does not establish dissolved tBuOK salt speciation or ion pairing
Co_pyridine_pnn_Ph,separated_ion_deprotonation,400.0,-43.59333172849438,protonated_cat(+) + tert_butoxide(-) -> active_cat + tert_butanol,True,True,"[""data/campaign/thermochemistry/Co_pyridine_pnn_Ph__protonated_reference/result.json"", ""data/reference_thermochemistry/tert_butoxide_anion/stationarity/result.json""]","[""data/campaign/thermochemistry/Co_pyridine_pnn_Ph__active/result.json"", ""data/reference_thermochemistry/tert_butanol/stationarity/result.json""]","[""8859be59e5ad54a13d2fe2c10da191fc607be8b820b3ac3594911dbe01156d45"", ""d212e4231d6b932ee1d5bcd7336d05f49a5bd740e5762fb2e2806c3cb8018b82""]","[""4a98443b7f854f18c1b7fdbcfbcd55e808df0bac1325ee582da7569402312078"", ""528ce6cef516220b49746927b16e66a325ccc5797a749a09e16cf5dfe6b1bd99""]",Separated-ion reference only; does not establish dissolved tBuOK salt speciation or ion pairing
Co_pyridine_pnn_Ph,separated_ion_deprotonation,410.0,-43.616434263467454,protonated_cat(+) + tert_butoxide(-) -> active_cat + tert_butanol,True,True,"[""data/campaign/thermochemistry/Co_pyridine_pnn_Ph__protonated_reference/result.json"", ""data/reference_thermochemistry/tert_butoxide_anion/stationarity/result.json""]","[""data/campaign/thermochemistry/Co_pyridine_pnn_Ph__active/result.json"", ""data/reference_thermochemistry/tert_butanol/stationarity/result.json""]","[""8859be59e5ad54a13d2fe2c10da191fc607be8b820b3ac3594911dbe01156d45"", ""d212e4231d6b932ee1d5bcd7336d05f49a5bd740e5762fb2e2806c3cb8018b82""]","[""4a98443b7f854f18c1b7fdbcfbcd55e808df0bac1325ee582da7569402312078"", ""528ce6cef516220b49746927b16e66a325ccc5797a749a09e16cf5dfe6b1bd99""]",Separated-ion reference only; does not establish dissolved tBuOK salt speciation or ion pairing
Co_pyridine_pnn_Ph,separated_ion_deprotonation,420.0,-43.63958533134792,protonated_cat(+) + tert_butoxide(-) -> active_cat + tert_butanol,True,True,"[""data/campaign/thermochemistry/Co_pyridine_pnn_Ph__protonated_reference/result.json"", ""data/reference_thermochemistry/tert_butoxide_anion/stationarity/result.json""]","[""data/campaign/thermochemistry/Co_pyridine_pnn_Ph__active/result.json"", ""data/reference_thermochemistry/tert_butanol/stationarity/result.json""]","[""8859be59e5ad54a13d2fe2c10da191fc607be8b820b3ac3594911dbe01156d45"", ""d212e4231d6b932ee1d5bcd7336d05f49a5bd740e5762fb2e2806c3cb8018b82""]","[""4a98443b7f854f18c1b7fdbcfbcd55e808df0bac1325ee582da7569402312078"", ""528ce6cef516220b49746927b16e66a325ccc5797a749a09e16cf5dfe6b1bd99""]",Separated-ion reference only; does not establish dissolved tBuOK salt speciation or ion pairing
Co_pyridine_pnn_Ph,separated_ion_deprotonation,430.0,-43.66277502315461,protonated_cat(+) + tert_butoxide(-) -> active_cat + tert_butanol,True,True,"[""data/campaign/thermochemistry/Co_pyridine_pnn_Ph__protonated_reference/result.json"", ""data/reference_thermochemistry/tert_butoxide_anion/stationarity/result.json""]","[""data/campaign/thermochemistry/Co_pyridine_pnn_Ph__active/result.json"", ""data/reference_thermochemistry/tert_butanol/stationarity/result.json""]","[""8859be59e5ad54a13d2fe2c10da191fc607be8b820b3ac3594911dbe01156d45"", ""d212e4231d6b932ee1d5bcd7336d05f49a5bd740e5762fb2e2806c3cb8018b82""]","[""4a98443b7f854f18c1b7fdbcfbcd55e808df0bac1325ee582da7569402312078"", ""528ce6cef516220b49746927b16e66a325ccc5797a749a09e16cf5dfe6b1bd99""]",Separated-ion reference only; does not establish dissolved tBuOK salt speciation or ion pairing
Co_pyridine_pnn_Ph,separated_ion_deprotonation,440.0,-43.68599427856316,protonated_cat(+) + tert_butoxide(-) -> active_cat + tert_butanol,True,True,"[""data/campaign/thermochemistry/Co_pyridine_pnn_Ph__protonated_reference/result.json"", ""data/reference_thermochemistry/tert_butoxide_anion/stationarity/result.json""]","[""data/campaign/thermochemistry/Co_pyridine_pnn_Ph__active/result.json"", ""data/reference_thermochemistry/tert_butanol/stationarity/result.json""]","[""8859be59e5ad54a13d2fe2c10da191fc607be8b820b3ac3594911dbe01156d45"", ""d212e4231d6b932ee1d5bcd7336d05f49a5bd740e5762fb2e2806c3cb8018b82""]","[""4a98443b7f854f18c1b7fdbcfbcd55e808df0bac1325ee582da7569402312078"", ""528ce6cef516220b49746927b16e66a325ccc5797a749a09e16cf5dfe6b1bd99""]",Separated-ion reference only; does not establish dissolved tBuOK salt speciation or ion pairing
Co_pyridine_pnn_Ph,imine_hydrogenation,298.15,-0.9148729591506708,hydrogenated_cat + imine -> active_cat + product_amine,True,True,"[""data/campaign/thermochemistry/Co_pyridine_pnn_Ph__hydrogenated/result.json"", ""data/reference_thermochemistry/imine/stationarity/result.json""]","[""data/campaign/thermochemistry/Co_pyridine_pnn_Ph__active/result.json"", ""data/reference_thermochemistry/product_amine/stationarity/result.json""]","[""9ac8ecbbbfa1d5b29e35ba743ea52089dc5ef134f908169ac7b79bd8f50f0955"", ""320207d7a21680926414b387b1b8cd3adcb066bb7fc19106fe58731629d2bffb""]","[""4a98443b7f854f18c1b7fdbcfbcd55e808df0bac1325ee582da7569402312078"", ""1310231bc0e8cfa7827d24c6e16bb1ae55f4c47ed9c416194f0e2ec8627a6231""]",Reaction thermodynamics of separate 1M molecular species; no kinetic barrier or TOF
Co_pyridine_pnn_Ph,imine_hydrogenation,340.0,-0.9660546572449675,hydrogenated_cat + imine -> active_cat + product_amine,True,True,"[""data/campaign/thermochemistry/Co_pyridine_pnn_Ph__hydrogenated/result.json"", ""data/reference_thermochemistry/imine/stationarity/result.json""]","[""data/campaign/thermochemistry/Co_pyridine_pnn_Ph__active/result.json"", ""data/reference_thermochemistry/product_amine/stationarity/result.json""]","[""9ac8ecbbbfa1d5b29e35ba743ea52089dc5ef134f908169ac7b79bd8f50f0955"", ""320207d7a21680926414b387b1b8cd3adcb066bb7fc19106fe58731629d2bffb""]","[""4a98443b7f854f18c1b7fdbcfbcd55e808df0bac1325ee582da7569402312078"", ""1310231bc0e8cfa7827d24c6e16bb1ae55f4c47ed9c416194f0e2ec8627a6231""]",Reaction thermodynamics of separate 1M molecular species; no kinetic barrier or TOF
Co_pyridine_pnn_Ph,imine_hydrogenation,350.0,-0.9788875282465597,hydrogenated_cat + imine -> active_cat + product_amine,True,True,"[""data/campaign/thermochemistry/Co_pyridine_pnn_Ph__hydrogenated/result.json"", ""data/reference_thermochemistry/imine/stationarity/result.json""]","[""data/campaign/thermochemistry/Co_pyridine_pnn_Ph__active/result.json"", ""data/reference_thermochemistry/product_amine/stationarity/result.json""]","[""9ac8ecbbbfa1d5b29e35ba743ea52089dc5ef134f908169ac7b79bd8f50f0955"", ""320207d7a21680926414b387b1b8cd3adcb066bb7fc19106fe58731629d2bffb""]","[""4a98443b7f854f18c1b7fdbcfbcd55e808df0bac1325ee582da7569402312078"", ""1310231bc0e8cfa7827d24c6e16bb1ae55f4c47ed9c416194f0e2ec8627a6231""]",Reaction thermodynamics of separate 1M molecular species; no kinetic barrier or TOF
Co_pyridine_pnn_Ph,imine_hydrogenation,360.0,-0.9919277766748564,hydrogenated_cat + imine -> active_cat + product_amine,True,True,"[""data/campaign/thermochemistry/Co_pyridine_pnn_Ph__hydrogenated/result.json"", ""data/reference_thermochemistry/imine/stationarity/result.json""]","[""data/campaign/thermochemistry/Co_pyridine_pnn_Ph__active/result.json"", ""data/reference_thermochemistry/product_amine/stationarity/result.json""]","[""9ac8ecbbbfa1d5b29e35ba743ea52089dc5ef134f908169ac7b79bd8f50f0955"", ""320207d7a21680926414b387b1b8cd3adcb066bb7fc19106fe58731629d2bffb""]","[""4a98443b7f854f18c1b7fdbcfbcd55e808df0bac1325ee582da7569402312078"", ""1310231bc0e8cfa7827d24c6e16bb1ae55f4c47ed9c416194f0e2ec8627a6231""]",Reaction thermodynamics of separate 1M molecular species; no kinetic barrier or TOF
Co_pyridine_pnn_Ph,imine_hydrogenation,370.0,-1.0051640584752022,hydrogenated_cat + imine -> active_cat + product_amine,True,True,"[""data/campaign/thermochemistry/Co_pyridine_pnn_Ph__hydrogenated/result.json"", ""data/reference_thermochemistry/imine/stationarity/result.json""]","[""data/campaign/thermochemistry/Co_pyridine_pnn_Ph__active/result.json"", ""data/reference_thermochemistry/product_amine/stationarity/result.json""]","[""9ac8ecbbbfa1d5b29e35ba743ea52089dc5ef134f908169ac7b79bd8f50f0955"", ""320207d7a21680926414b387b1b8cd3adcb066bb7fc19106fe58731629d2bffb""]","[""4a98443b7f854f18c1b7fdbcfbcd55e808df0bac1325ee582da7569402312078"", ""1310231bc0e8cfa7827d24c6e16bb1ae55f4c47ed9c416194f0e2ec8627a6231""]",Reaction thermodynamics of separate 1M molecular species; no kinetic barrier or TOF
Co_pyridine_pnn_Ph,imine_hydrogenation,380.0,-1.0185855638737848,hydrogenated_cat + imine -> active_cat + product_amine,True,True,"[""data/campaign/thermochemistry/Co_pyridine_pnn_Ph__hydrogenated/result.json"", ""data/reference_thermochemistry/imine/stationarity/result.json""]","[""data/campaign/thermochemistry/Co_pyridine_pnn_Ph__active/result.json"", ""data/reference_thermochemistry/product_amine/stationarity/result.json""]","[""9ac8ecbbbfa1d5b29e35ba743ea52089dc5ef134f908169ac7b79bd8f50f0955"", ""320207d7a21680926414b387b1b8cd3adcb066bb7fc19106fe58731629d2bffb""]","[""4a98443b7f854f18c1b7fdbcfbcd55e808df0bac1325ee582da7569402312078"", ""1310231bc0e8cfa7827d24c6e16bb1ae55f4c47ed9c416194f0e2ec8627a6231""]",Reaction thermodynamics of separate 1M molecular species; no kinetic barrier or TOF
Co_pyridine_pnn_Ph,imine_hydrogenation,383.15,-1.0228500433222507,hydrogenated_cat + imine -> active_cat + product_amine,True,True,"[""data/campaign/thermochemistry/Co_pyridine_pnn_Ph__hydrogenated/result.json"", ""data/reference_thermochemistry/imine/stationarity/result.json""]","[""data/campaign/thermochemistry/Co_pyridine_pnn_Ph__active/result.json"", ""data/reference_thermochemistry/product_amine/stationarity/result.json""]","[""9ac8ecbbbfa1d5b29e35ba743ea52089dc5ef134f908169ac7b79bd8f50f0955"", ""320207d7a21680926414b387b1b8cd3adcb066bb7fc19106fe58731629d2bffb""]","[""4a98443b7f854f18c1b7fdbcfbcd55e808df0bac1325ee582da7569402312078"", ""1310231bc0e8cfa7827d24c6e16bb1ae55f4c47ed9c416194f0e2ec8627a6231""]",Reaction thermodynamics of separate 1M molecular species; no kinetic barrier or TOF
Co_pyridine_pnn_Ph,imine_hydrogenation,390.0,-1.0321820162316726,hydrogenated_cat + imine -> active_cat + product_amine,True,True,"[""data/campaign/thermochemistry/Co_pyridine_pnn_Ph__hydrogenated/result.json"", ""data/reference_thermochemistry/imine/stationarity/result.json""]","[""data/campaign/thermochemistry/Co_pyridine_pnn_Ph__active/result.json"", ""data/reference_thermochemistry/product_amine/stationarity/result.json""]","[""9ac8ecbbbfa1d5b29e35ba743ea52089dc5ef134f908169ac7b79bd8f50f0955"", ""320207d7a21680926414b387b1b8cd3adcb066bb7fc19106fe58731629d2bffb""]","[""4a98443b7f854f18c1b7fdbcfbcd55e808df0bac1325ee582da7569402312078"", ""1310231bc0e8cfa7827d24c6e16bb1ae55f4c47ed9c416194f0e2ec8627a6231""]",Reaction thermodynamics of separate 1M molecular species; no kinetic barrier or TOF
Co_pyridine_pnn_Ph,imine_hydrogenation,400.0,-1.0459436623277725,hydrogenated_cat + imine -> active_cat + product_amine,True,True,"[""data/campaign/thermochemistry/Co_pyridine_pnn_Ph__hydrogenated/result.json"", ""data/reference_thermochemistry/imine/stationarity/result.json""]","[""data/campaign/thermochemistry/Co_pyridine_pnn_Ph__active/result.json"", ""data/reference_thermochemistry/product_amine/stationarity/result.json""]","[""9ac8ecbbbfa1d5b29e35ba743ea52089dc5ef134f908169ac7b79bd8f50f0955"", ""320207d7a21680926414b387b1b8cd3adcb066bb7fc19106fe58731629d2bffb""]","[""4a98443b7f854f18c1b7fdbcfbcd55e808df0bac1325ee582da7569402312078"", ""1310231bc0e8cfa7827d24c6e16bb1ae55f4c47ed9c416194f0e2ec8627a6231""]",Reaction thermodynamics of separate 1M molecular species; no kinetic barrier or TOF
Co_pyridine_pnn_Ph,imine_hydrogenation,410.0,-1.0598612572757702,hydrogenated_cat + imine -> active_cat + product_amine,True,True,"[""data/campaign/thermochemistry/Co_pyridine_pnn_Ph__hydrogenated/result.json"", ""data/reference_thermochemistry/imine/stationarity/result.json""]","[""data/campaign/thermochemistry/Co_pyridine_pnn_Ph__active/result.json"", ""data/reference_thermochemistry/product_amine/stationarity/result.json""]","[""9ac8ecbbbfa1d5b29e35ba743ea52089dc5ef134f908169ac7b79bd8f50f0955"", ""320207d7a21680926414b387b1b8cd3adcb066bb7fc19106fe58731629d2bffb""]","[""4a98443b7f854f18c1b7fdbcfbcd55e808df0bac1325ee582da7569402312078"", ""1310231bc0e8cfa7827d24c6e16bb1ae55f4c47ed9c416194f0e2ec8627a6231""]",Reaction thermodynamics of separate 1M molecular species; no kinetic barrier or TOF
Co_pyridine_pnn_Ph,imine_hydrogenation,420.0,-1.0739260455629847,hydrogenated_cat + imine -> active_cat + product_amine,True,True,"[""data/campaign/thermochemistry/Co_pyridine_pnn_Ph__hydrogenated/result.json"", ""data/reference_thermochemistry/imine/stationarity/result.json""]","[""data/campaign/thermochemistry/Co_pyridine_pnn_Ph__active/result.json"", ""data/reference_thermochemistry/product_amine/stationarity/result.json""]","[""9ac8ecbbbfa1d5b29e35ba743ea52089dc5ef134f908169ac7b79bd8f50f0955"", ""320207d7a21680926414b387b1b8cd3adcb066bb7fc19106fe58731629d2bffb""]","[""4a98443b7f854f18c1b7fdbcfbcd55e808df0bac1325ee582da7569402312078"", ""1310231bc0e8cfa7827d24c6e16bb1ae55f4c47ed9c416194f0e2ec8627a6231""]",Reaction thermodynamics of separate 1M molecular species; no kinetic barrier or TOF
Co_pyridine_pnn_Ph,imine_hydrogenation,430.0,-1.0881297400010226,hydrogenated_cat + imine -> active_cat + product_amine,True,True,"[""data/campaign/thermochemistry/Co_pyridine_pnn_Ph__hydrogenated/result.json"", ""data/reference_thermochemistry/imine/stationarity/result.json""]","[""data/campaign/thermochemistry/Co_pyridine_pnn_Ph__active/result.json"", ""data/reference_thermochemistry/product_amine/stationarity/result.json""]","[""9ac8ecbbbfa1d5b29e35ba743ea52089dc5ef134f908169ac7b79bd8f50f0955"", ""320207d7a21680926414b387b1b8cd3adcb066bb7fc19106fe58731629d2bffb""]","[""4a98443b7f854f18c1b7fdbcfbcd55e808df0bac1325ee582da7569402312078"", ""1310231bc0e8cfa7827d24c6e16bb1ae55f4c47ed9c416194f0e2ec8627a6231""]",Reaction thermodynamics of separate 1M molecular species; no kinetic barrier or TOF
Co_pyridine_pnn_Ph,imine_hydrogenation,440.0,-1.1024644997596624,hydrogenated_cat + imine -> active_cat + product_amine,True,True,"[""data/campaign/thermochemistry/Co_pyridine_pnn_Ph__hydrogenated/result.json"", ""data/reference_thermochemistry/imine/stationarity/result.json""]","[""data/campaign/thermochemistry/Co_pyridine_pnn_Ph__active/result.json"", ""data/reference_thermochemistry/product_amine/stationarity/result.json""]","[""9ac8ecbbbfa1d5b29e35ba743ea52089dc5ef134f908169ac7b79bd8f50f0955"", ""320207d7a21680926414b387b1b8cd3adcb066bb7fc19106fe58731629d2bffb""]","[""4a98443b7f854f18c1b7fdbcfbcd55e808df0bac1325ee582da7569402312078"", ""1310231bc0e8cfa7827d24c6e16bb1ae55f4c47ed9c416194f0e2ec8627a6231""]",Reaction thermodynamics of separate 1M molecular species; no kinetic barrier or TOF
Co_pyridine_pnn_iPr,alcohol_dehydrogenation,298.15,4.053312015055781,active_cat + benzyl_alcohol -> hydrogenated_cat + benzaldehyde,True,True,"[""data/campaign/thermochemistry/Co_pyridine_pnn_iPr__active/result.json"", ""data/reference_thermochemistry/benzyl_alcohol/stationarity/result.json""]","[""data/campaign/thermochemistry/Co_pyridine_pnn_iPr__hydrogenated/result.json"", ""data/reference_thermochemistry/benzaldehyde/stationarity/result.json""]","[""b8719933a77162560d4dfa566e09739785ecbefa51f5a33c43bc51b436da274d"", ""f4897da33f477e49dfa225e23571ab1376182c83d5412b994134a99a99cc75c0""]","[""3483096d95ef86f0a41ac8fd9fedb46a9f32fc5029ff32732bdd09c8ca39e45f"", ""e7292b48e5f27218094b119118595a7fc0b25d93db34b114bb0582e7ad8b60b9""]",Reaction thermodynamics of separate 1M molecular species; no kinetic barrier or TOF
Co_pyridine_pnn_iPr,alcohol_dehydrogenation,340.0,4.1184621542961395,active_cat + benzyl_alcohol -> hydrogenated_cat + benzaldehyde,True,True,"[""data/campaign/thermochemistry/Co_pyridine_pnn_iPr__active/result.json"", ""data/reference_thermochemistry/benzyl_alcohol/stationarity/result.json""]","[""data/campaign/thermochemistry/Co_pyridine_pnn_iPr__hydrogenated/result.json"", ""data/reference_thermochemistry/benzaldehyde/stationarity/result.json""]","[""b8719933a77162560d4dfa566e09739785ecbefa51f5a33c43bc51b436da274d"", ""f4897da33f477e49dfa225e23571ab1376182c83d5412b994134a99a99cc75c0""]","[""3483096d95ef86f0a41ac8fd9fedb46a9f32fc5029ff32732bdd09c8ca39e45f"", ""e7292b48e5f27218094b119118595a7fc0b25d93db34b114bb0582e7ad8b60b9""]",Reaction thermodynamics of separate 1M molecular species; no kinetic barrier or TOF
Co_pyridine_pnn_iPr,alcohol_dehydrogenation,350.0,4.1338839431300585,active_cat + benzyl_alcohol -> hydrogenated_cat + benzaldehyde,True,True,"[""data/campaign/thermochemistry/Co_pyridine_pnn_iPr__active/result.json"", ""data/reference_thermochemistry/benzyl_alcohol/stationarity/result.json""]","[""data/campaign/thermochemistry/Co_pyridine_pnn_iPr__hydrogenated/result.json"", ""data/reference_thermochemistry/benzaldehyde/stationarity/result.json""]","[""b8719933a77162560d4dfa566e09739785ecbefa51f5a33c43bc51b436da274d"", ""f4897da33f477e49dfa225e23571ab1376182c83d5412b994134a99a99cc75c0""]","[""3483096d95ef86f0a41ac8fd9fedb46a9f32fc5029ff32732bdd09c8ca39e45f"", ""e7292b48e5f27218094b119118595a7fc0b25d93db34b114bb0582e7ad8b60b9""]",Reaction thermodynamics of separate 1M molecular species; no kinetic barrier or TOF
Co_pyridine_pnn_iPr,alcohol_dehydrogenation,360.0,4.149247535910035,active_cat + benzyl_alcohol -> hydrogenated_cat + benzaldehyde,True,True,"[""data/campaign/thermochemistry/Co_pyridine_pnn_iPr__active/result.json"", ""data/reference_thermochemistry/benzyl_alcohol/stationarity/result.json""]","[""data/campaign/thermochemistry/Co_pyridine_pnn_iPr__hydrogenated/result.json"", ""data/reference_thermochemistry/benzaldehyde/stationarity/result.json""]","[""b8719933a77162560d4dfa566e09739785ecbefa51f5a33c43bc51b436da274d"", ""f4897da33f477e49dfa225e23571ab1376182c83d5412b994134a99a99cc75c0""]","[""3483096d95ef86f0a41ac8fd9fedb46a9f32fc5029ff32732bdd09c8ca39e45f"", ""e7292b48e5f27218094b119118595a7fc0b25d93db34b114bb0582e7ad8b60b9""]",Reaction thermodynamics of separate 1M molecular species; no kinetic barrier or TOF
Co_pyridine_pnn_iPr,alcohol_dehydrogenation,370.0,4.164551613799631,active_cat + benzyl_alcohol -> hydrogenated_cat + benzaldehyde,True,True,"[""data/campaign/thermochemistry/Co_pyridine_pnn_iPr__active/result.json"", ""data/reference_thermochemistry/benzyl_alcohol/stationarity/result.json""]","[""data/campaign/thermochemistry/Co_pyridine_pnn_iPr__hydrogenated/result.json"", ""data/reference_thermochemistry/benzaldehyde/stationarity/result.json""]","[""b8719933a77162560d4dfa566e09739785ecbefa51f5a33c43bc51b436da274d"", ""f4897da33f477e49dfa225e23571ab1376182c83d5412b994134a99a99cc75c0""]","[""3483096d95ef86f0a41ac8fd9fedb46a9f32fc5029ff32732bdd09c8ca39e45f"", ""e7292b48e5f27218094b119118595a7fc0b25d93db34b114bb0582e7ad8b60b9""]",Reaction thermodynamics of separate 1M molecular species; no kinetic barrier or TOF
Co_pyridine_pnn_iPr,alcohol_dehydrogenation,380.0,4.179794708305053,active_cat + benzyl_alcohol -> hydrogenated_cat + benzaldehyde,True,True,"[""data/campaign/thermochemistry/Co_pyridine_pnn_iPr__active/result.json"", ""data/reference_thermochemistry/benzyl_alcohol/stationarity/result.json""]","[""data/campaign/thermochemistry/Co_pyridine_pnn_iPr__hydrogenated/result.json"", ""data/reference_thermochemistry/benzaldehyde/stationarity/result.json""]","[""b8719933a77162560d4dfa566e09739785ecbefa51f5a33c43bc51b436da274d"", ""f4897da33f477e49dfa225e23571ab1376182c83d5412b994134a99a99cc75c0""]","[""3483096d95ef86f0a41ac8fd9fedb46a9f32fc5029ff32732bdd09c8ca39e45f"", ""e7292b48e5f27218094b119118595a7fc0b25d93db34b114bb0582e7ad8b60b9""]",Reaction thermodynamics of separate 1M molecular species; no kinetic barrier or TOF
Co_pyridine_pnn_iPr,alcohol_dehydrogenation,383.15,4.184583400776319,active_cat + benzyl_alcohol -> hydrogenated_cat + benzaldehyde,True,True,"[""data/campaign/thermochemistry/Co_pyridine_pnn_iPr__active/result.json"", ""data/reference_thermochemistry/benzyl_alcohol/stationarity/result.json""]","[""data/campaign/thermochemistry/Co_pyridine_pnn_iPr__hydrogenated/result.json"", ""data/reference_thermochemistry/benzaldehyde/stationarity/result.json""]","[""b8719933a77162560d4dfa566e09739785ecbefa51f5a33c43bc51b436da274d"", ""f4897da33f477e49dfa225e23571ab1376182c83d5412b994134a99a99cc75c0""]","[""3483096d95ef86f0a41ac8fd9fedb46a9f32fc5029ff32732bdd09c8ca39e45f"", ""e7292b48e5f27218094b119118595a7fc0b25d93db34b114bb0582e7ad8b60b9""]",Reaction thermodynamics of separate 1M molecular species; no kinetic barrier or TOF
Co_pyridine_pnn_iPr,alcohol_dehydrogenation,390.0,4.194975223914298,active_cat + benzyl_alcohol -> hydrogenated_cat + benzaldehyde,True,True,"[""data/campaign/thermochemistry/Co_pyridine_pnn_iPr__active/result.json"", ""data/reference_thermochemistry/benzyl_alcohol/stationarity/result.json""]","[""data/campaign/thermochemistry/Co_pyridine_pnn_iPr__hydrogenated/result.json"", ""data/reference_thermochemistry/benzaldehyde/stationarity/result.json""]","[""b8719933a77162560d4dfa566e09739785ecbefa51f5a33c43bc51b436da274d"", ""f4897da33f477e49dfa225e23571ab1376182c83d5412b994134a99a99cc75c0""]","[""3483096d95ef86f0a41ac8fd9fedb46a9f32fc5029ff32732bdd09c8ca39e45f"", ""e7292b48e5f27218094b119118595a7fc0b25d93db34b114bb0582e7ad8b60b9""]",Reaction thermodynamics of separate 1M molecular species; no kinetic barrier or TOF
Co_pyridine_pnn_iPr,alcohol_dehydrogenation,400.0,4.210091457543967,active_cat + benzyl_alcohol -> hydrogenated_cat + benzaldehyde,True,True,"[""data/campaign/thermochemistry/Co_pyridine_pnn_iPr__active/result.json"", ""data/reference_thermochemistry/benzyl_alcohol/stationarity/result.json""]","[""data/campaign/thermochemistry/Co_pyridine_pnn_iPr__hydrogenated/result.json"", ""data/reference_thermochemistry/benzaldehyde/stationarity/result.json""]","[""b8719933a77162560d4dfa566e09739785ecbefa51f5a33c43bc51b436da274d"", ""f4897da33f477e49dfa225e23571ab1376182c83d5412b994134a99a99cc75c0""]","[""3483096d95ef86f0a41ac8fd9fedb46a9f32fc5029ff32732bdd09c8ca39e45f"", ""e7292b48e5f27218094b119118595a7fc0b25d93db34b114bb0582e7ad8b60b9""]",Reaction thermodynamics of separate 1M molecular species; no kinetic barrier or TOF
Co_pyridine_pnn_iPr,alcohol_dehydrogenation,410.0,4.225141615672328,active_cat + benzyl_alcohol -> hydrogenated_cat + benzaldehyde,True,True,"[""data/campaign/thermochemistry/Co_pyridine_pnn_iPr__active/result.json"", ""data/reference_thermochemistry/benzyl_alcohol/stationarity/result.json""]","[""data/campaign/thermochemistry/Co_pyridine_pnn_iPr__hydrogenated/result.json"", ""data/reference_thermochemistry/benzaldehyde/stationarity/result.json""]","[""b8719933a77162560d4dfa566e09739785ecbefa51f5a33c43bc51b436da274d"", ""f4897da33f477e49dfa225e23571ab1376182c83d5412b994134a99a99cc75c0""]","[""3483096d95ef86f0a41ac8fd9fedb46a9f32fc5029ff32732bdd09c8ca39e45f"", ""e7292b48e5f27218094b119118595a7fc0b25d93db34b114bb0582e7ad8b60b9""]",Reaction thermodynamics of separate 1M molecular species; no kinetic barrier or TOF
Co_pyridine_pnn_iPr,alcohol_dehydrogenation,420.0,4.240123830082666,active_cat + benzyl_alcohol -> hydrogenated_cat + benzaldehyde,True,True,"[""data/campaign/thermochemistry/Co_pyridine_pnn_iPr__active/result.json"", ""data/reference_thermochemistry/benzyl_alcohol/stationarity/result.json""]","[""data/campaign/thermochemistry/Co_pyridine_pnn_iPr__hydrogenated/result.json"", ""data/reference_thermochemistry/benzaldehyde/stationarity/result.json""]","[""b8719933a77162560d4dfa566e09739785ecbefa51f5a33c43bc51b436da274d"", ""f4897da33f477e49dfa225e23571ab1376182c83d5412b994134a99a99cc75c0""]","[""3483096d95ef86f0a41ac8fd9fedb46a9f32fc5029ff32732bdd09c8ca39e45f"", ""e7292b48e5f27218094b119118595a7fc0b25d93db34b114bb0582e7ad8b60b9""]",Reaction thermodynamics of separate 1M molecular species; no kinetic barrier or TOF
Co_pyridine_pnn_iPr,alcohol_dehydrogenation,430.0,4.255036172155087,active_cat + benzyl_alcohol -> hydrogenated_cat + benzaldehyde,True,True,"[""data/campaign/thermochemistry/Co_pyridine_pnn_iPr__active/result.json"", ""data/reference_thermochemistry/benzyl_alcohol/stationarity/result.json""]","[""data/campaign/thermochemistry/Co_pyridine_pnn_iPr__hydrogenated/result.json"", ""data/reference_thermochemistry/benzaldehyde/stationarity/result.json""]","[""b8719933a77162560d4dfa566e09739785ecbefa51f5a33c43bc51b436da274d"", ""f4897da33f477e49dfa225e23571ab1376182c83d5412b994134a99a99cc75c0""]","[""3483096d95ef86f0a41ac8fd9fedb46a9f32fc5029ff32732bdd09c8ca39e45f"", ""e7292b48e5f27218094b119118595a7fc0b25d93db34b114bb0582e7ad8b60b9""]",Reaction thermodynamics of separate 1M molecular species; no kinetic barrier or TOF
Co_pyridine_pnn_iPr,alcohol_dehydrogenation,440.0,4.269876666472555,active_cat + benzyl_alcohol -> hydrogenated_cat + benzaldehyde,True,True,"[""data/campaign/thermochemistry/Co_pyridine_pnn_iPr__active/result.json"", ""data/reference_thermochemistry/benzyl_alcohol/stationarity/result.json""]","[""data/campaign/thermochemistry/Co_pyridine_pnn_iPr__hydrogenated/result.json"", ""data/reference_thermochemistry/benzaldehyde/stationarity/result.json""]","[""b8719933a77162560d4dfa566e09739785ecbefa51f5a33c43bc51b436da274d"", ""f4897da33f477e49dfa225e23571ab1376182c83d5412b994134a99a99cc75c0""]","[""3483096d95ef86f0a41ac8fd9fedb46a9f32fc5029ff32732bdd09c8ca39e45f"", ""e7292b48e5f27218094b119118595a7fc0b25d93db34b114bb0582e7ad8b60b9""]",Reaction thermodynamics of separate 1M molecular species; no kinetic barrier or TOF
Co_pyridine_pnn_iPr,separated_ion_deprotonation,298.15,-41.02243270954568,protonated_cat(+) + tert_butoxide(-) -> active_cat + tert_butanol,True,True,"[""data/campaign/thermochemistry/Co_pyridine_pnn_iPr__protonated_reference/result.json"", ""data/reference_thermochemistry/tert_butoxide_anion/stationarity/result.json""]","[""data/campaign/thermochemistry/Co_pyridine_pnn_iPr__active/result.json"", ""data/reference_thermochemistry/tert_butanol/stationarity/result.json""]","[""865895a77f49e6a569f59b2085c1899577b627d1994a99b5e1dab2ceafc338e0"", ""d212e4231d6b932ee1d5bcd7336d05f49a5bd740e5762fb2e2806c3cb8018b82""]","[""b8719933a77162560d4dfa566e09739785ecbefa51f5a33c43bc51b436da274d"", ""528ce6cef516220b49746927b16e66a325ccc5797a749a09e16cf5dfe6b1bd99""]",Separated-ion reference only; does not establish dissolved tBuOK salt speciation or ion pairing
Co_pyridine_pnn_iPr,separated_ion_deprotonation,340.0,-41.12593931160336,protonated_cat(+) + tert_butoxide(-) -> active_cat + tert_butanol,True,True,"[""data/campaign/thermochemistry/Co_pyridine_pnn_iPr__protonated_reference/result.json"", ""data/reference_thermochemistry/tert_butoxide_anion/stationarity/result.json""]","[""data/campaign/thermochemistry/Co_pyridine_pnn_iPr__active/result.json"", ""data/reference_thermochemistry/tert_butanol/stationarity/result.json""]","[""865895a77f49e6a569f59b2085c1899577b627d1994a99b5e1dab2ceafc338e0"", ""d212e4231d6b932ee1d5bcd7336d05f49a5bd740e5762fb2e2806c3cb8018b82""]","[""b8719933a77162560d4dfa566e09739785ecbefa51f5a33c43bc51b436da274d"", ""528ce6cef516220b49746927b16e66a325ccc5797a749a09e16cf5dfe6b1bd99""]",Separated-ion reference only; does not establish dissolved tBuOK salt speciation or ion pairing
Co_pyridine_pnn_iPr,separated_ion_deprotonation,350.0,-41.15139585621728,protonated_cat(+) + tert_butoxide(-) -> active_cat + tert_butanol,True,True,"[""data/campaign/thermochemistry/Co_pyridine_pnn_iPr__protonated_reference/result.json"", ""data/reference_thermochemistry/tert_butoxide_anion/stationarity/result.json""]","[""data/campaign/thermochemistry/Co_pyridine_pnn_iPr__active/result.json"", ""data/reference_thermochemistry/tert_butanol/stationarity/result.json""]","[""865895a77f49e6a569f59b2085c1899577b627d1994a99b5e1dab2ceafc338e0"", ""d212e4231d6b932ee1d5bcd7336d05f49a5bd740e5762fb2e2806c3cb8018b82""]","[""b8719933a77162560d4dfa566e09739785ecbefa51f5a33c43bc51b436da274d"", ""528ce6cef516220b49746927b16e66a325ccc5797a749a09e16cf5dfe6b1bd99""]",Separated-ion reference only; does not establish dissolved tBuOK salt speciation or ion pairing
Co_pyridine_pnn_iPr,separated_ion_deprotonation,360.0,-41.17708128973027,protonated_cat(+) + tert_butoxide(-) -> active_cat + tert_butanol,True,True,"[""data/campaign/thermochemistry/Co_pyridine_pnn_iPr__protonated_reference/result.json"", ""data/reference_thermochemistry/tert_butoxide_anion/stationarity/result.json""]","[""data/campaign/thermochemistry/Co_pyridine_pnn_iPr__active/result.json"", ""data/reference_thermochemistry/tert_butanol/stationarity/result.json""]","[""865895a77f49e6a569f59b2085c1899577b627d1994a99b5e1dab2ceafc338e0"", ""d212e4231d6b932ee1d5bcd7336d05f49a5bd740e5762fb2e2806c3cb8018b82""]","[""b8719933a77162560d4dfa566e09739785ecbefa51f5a33c43bc51b436da274d"", ""528ce6cef516220b49746927b16e66a325ccc5797a749a09e16cf5dfe6b1bd99""]",Separated-ion reference only; does not establish dissolved tBuOK salt speciation or ion pairing
Co_pyridine_pnn_iPr,separated_ion_deprotonation,370.0,-41.20297451541592,protonated_cat(+) + tert_butoxide(-) -> active_cat + tert_butanol,True,True,"[""data/campaign/thermochemistry/Co_pyridine_pnn_iPr__protonated_reference/result.json"", ""data/reference_thermochemistry/tert_butoxide_anion/stationarity/result.json""]","[""data/campaign/thermochemistry/Co_pyridine_pnn_iPr__active/result.json"", ""data/reference_thermochemistry/tert_butanol/stationarity/result.json""]","[""865895a77f49e6a569f59b2085c1899577b627d1994a99b5e1dab2ceafc338e0"", ""d212e4231d6b932ee1d5bcd7336d05f49a5bd740e5762fb2e2806c3cb8018b82""]","[""b8719933a77162560d4dfa566e09739785ecbefa51f5a33c43bc51b436da274d"", ""528ce6cef516220b49746927b16e66a325ccc5797a749a09e16cf5dfe6b1bd99""]",Separated-ion reference only; does not establish dissolved tBuOK salt speciation or ion pairing
Co_pyridine_pnn_iPr,separated_ion_deprotonation,380.0,-41.229056085298,protonated_cat(+) + tert_butoxide(-) -> active_cat + tert_butanol,True,True,"[""data/campaign/thermochemistry/Co_pyridine_pnn_iPr__protonated_reference/result.json"", ""data/reference_thermochemistry/tert_butoxide_anion/stationarity/result.json""]","[""data/campaign/thermochemistry/Co_pyridine_pnn_iPr__active/result.json"", ""data/reference_thermochemistry/tert_butanol/stationarity/result.json""]","[""865895a77f49e6a569f59b2085c1899577b627d1994a99b5e1dab2ceafc338e0"", ""d212e4231d6b932ee1d5bcd7336d05f49a5bd740e5762fb2e2806c3cb8018b82""]","[""b8719933a77162560d4dfa566e09739785ecbefa51f5a33c43bc51b436da274d"", ""528ce6cef516220b49746927b16e66a325ccc5797a749a09e16cf5dfe6b1bd99""]",Separated-ion reference only; does not establish dissolved tBuOK salt speciation or ion pairing
Co_pyridine_pnn_iPr,separated_ion_deprotonation,383.15,-41.23730788525427,protonated_cat(+) + tert_butoxide(-) -> active_cat + tert_butanol,True,True,"[""data/campaign/thermochemistry/Co_pyridine_pnn_iPr__protonated_reference/result.json"", ""data/reference_thermochemistry/tert_butoxide_anion/stationarity/result.json""]","[""data/campaign/thermochemistry/Co_pyridine_pnn_iPr__active/result.json"", ""data/reference_thermochemistry/tert_butanol/stationarity/result.json""]","[""865895a77f49e6a569f59b2085c1899577b627d1994a99b5e1dab2ceafc338e0"", ""d212e4231d6b932ee1d5bcd7336d05f49a5bd740e5762fb2e2806c3cb8018b82""]","[""b8719933a77162560d4dfa566e09739785ecbefa51f5a33c43bc51b436da274d"", ""528ce6cef516220b49746927b16e66a325ccc5797a749a09e16cf5dfe6b1bd99""]",Separated-ion reference only; does not establish dissolved tBuOK salt speciation or ion pairing
Co_pyridine_pnn_iPr,separated_ion_deprotonation,390.0,-41.25530808526855,protonated_cat(+) + tert_butoxide(-) -> active_cat + tert_butanol,True,True,"[""data/campaign/thermochemistry/Co_pyridine_pnn_iPr__protonated_reference/result.json"", ""data/reference_thermochemistry/tert_butoxide_anion/stationarity/result.json""]","[""data/campaign/thermochemistry/Co_pyridine_pnn_iPr__active/result.json"", ""data/reference_thermochemistry/tert_butanol/stationarity/result.json""]","[""865895a77f49e6a569f59b2085c1899577b627d1994a99b5e1dab2ceafc338e0"", ""d212e4231d6b932ee1d5bcd7336d05f49a5bd740e5762fb2e2806c3cb8018b82""]","[""b8719933a77162560d4dfa566e09739785ecbefa51f5a33c43bc51b436da274d"", ""528ce6cef516220b49746927b16e66a325ccc5797a749a09e16cf5dfe6b1bd99""]",Separated-ion reference only; does not establish dissolved tBuOK salt speciation or ion pairing
Co_pyridine_pnn_iPr,separated_ion_deprotonation,400.0,-41.281714022974484,protonated_cat(+) + tert_butoxide(-) -> active_cat + tert_butanol,True,True,"[""data/campaign/thermochemistry/Co_pyridine_pnn_iPr__protonated_reference/result.json"", ""data/reference_thermochemistry/tert_butoxide_anion/stationarity/result.json""]","[""data/campaign/thermochemistry/Co_pyridine_pnn_iPr__active/result.json"", ""data/reference_thermochemistry/tert_butanol/stationarity/result.json""]","[""865895a77f49e6a569f59b2085c1899577b627d1994a99b5e1dab2ceafc338e0"", ""d212e4231d6b932ee1d5bcd7336d05f49a5bd740e5762fb2e2806c3cb8018b82""]","[""b8719933a77162560d4dfa566e09739785ecbefa51f5a33c43bc51b436da274d"", ""528ce6cef516220b49746927b16e66a325ccc5797a749a09e16cf5dfe6b1bd99""]",Separated-ion reference only; does not establish dissolved tBuOK salt speciation or ion pairing
Co_pyridine_pnn_iPr,separated_ion_deprotonation,410.0,-41.30825871963498,protonated_cat(+) + tert_butoxide(-) -> active_cat + tert_butanol,True,True,"[""data/campaign/thermochemistry/Co_pyridine_pnn_iPr__protonated_reference/result.json"", ""data/reference_thermochemistry/tert_butoxide_anion/stationarity/result.json""]","[""data/campaign/thermochemistry/Co_pyridine_pnn_iPr__active/result.json"", ""data/reference_thermochemistry/tert_butanol/stationarity/result.json""]","[""865895a77f49e6a569f59b2085c1899577b627d1994a99b5e1dab2ceafc338e0"", ""d212e4231d6b932ee1d5bcd7336d05f49a5bd740e5762fb2e2806c3cb8018b82""]","[""b8719933a77162560d4dfa566e09739785ecbefa51f5a33c43bc51b436da274d"", ""528ce6cef516220b49746927b16e66a325ccc5797a749a09e16cf5dfe6b1bd99""]",Separated-ion reference only; does not establish dissolved tBuOK salt speciation or ion pairing
Co_pyridine_pnn_iPr,separated_ion_deprotonation,420.0,-41.334928207212215,protonated_cat(+) + tert_butoxide(-) -> active_cat + tert_butanol,True,True,"[""data/campaign/thermochemistry/Co_pyridine_pnn_iPr__protonated_reference/result.json"", ""data/reference_thermochemistry/tert_butoxide_anion/stationarity/result.json""]","[""data/campaign/thermochemistry/Co_pyridine_pnn_iPr__active/result.json"", ""data/reference_thermochemistry/tert_butanol/stationarity/result.json""]","[""865895a77f49e6a569f59b2085c1899577b627d1994a99b5e1dab2ceafc338e0"", ""d212e4231d6b932ee1d5bcd7336d05f49a5bd740e5762fb2e2806c3cb8018b82""]","[""b8719933a77162560d4dfa566e09739785ecbefa51f5a33c43bc51b436da274d"", ""528ce6cef516220b49746927b16e66a325ccc5797a749a09e16cf5dfe6b1bd99""]",Separated-ion reference only; does not establish dissolved tBuOK salt speciation or ion pairing
Co_pyridine_pnn_iPr,separated_ion_deprotonation,430.0,-41.36170963103177,protonated_cat(+) + tert_butoxide(-) -> active_cat + tert_butanol,True,True,"[""data/campaign/thermochemistry/Co_pyridine_pnn_iPr__protonated_reference/result.json"", ""data/reference_thermochemistry/tert_butoxide_anion/stationarity/result.json""]","[""data/campaign/thermochemistry/Co_pyridine_pnn_iPr__active/result.json"", ""data/reference_thermochemistry/tert_butanol/stationarity/result.json""]","[""865895a77f49e6a569f59b2085c1899577b627d1994a99b5e1dab2ceafc338e0"", ""d212e4231d6b932ee1d5bcd7336d05f49a5bd740e5762fb2e2806c3cb8018b82""]","[""b8719933a77162560d4dfa566e09739785ecbefa51f5a33c43bc51b436da274d"", ""528ce6cef516220b49746927b16e66a325ccc5797a749a09e16cf5dfe6b1bd99""]",Separated-ion reference only; does not establish dissolved tBuOK salt speciation or ion pairing
Co_pyridine_pnn_iPr,separated_ion_deprotonation,440.0,-41.38859115840387,protonated_cat(+) + tert_butoxide(-) -> active_cat + tert_butanol,True,True,"[""data/campaign/thermochemistry/Co_pyridine_pnn_iPr__protonated_reference/result.json"", ""data/reference_thermochemistry/tert_butoxide_anion/stationarity/result.json""]","[""data/campaign/thermochemistry/Co_pyridine_pnn_iPr__active/result.json"", ""data/reference_thermochemistry/tert_butanol/stationarity/result.json""]","[""865895a77f49e6a569f59b2085c1899577b627d1994a99b5e1dab2ceafc338e0"", ""d212e4231d6b932ee1d5bcd7336d05f49a5bd740e5762fb2e2806c3cb8018b82""]","[""b8719933a77162560d4dfa566e09739785ecbefa51f5a33c43bc51b436da274d"", ""528ce6cef516220b49746927b16e66a325ccc5797a749a09e16cf5dfe6b1bd99""]",Separated-ion reference only; does not establish dissolved tBuOK salt speciation or ion pairing
Co_pyridine_pnn_iPr,imine_hydrogenation,298.15,-6.4285862983779225,hydrogenated_cat + imine -> active_cat + product_amine,True,True,"[""data/campaign/thermochemistry/Co_pyridine_pnn_iPr__hydrogenated/result.json"", ""data/reference_thermochemistry/imine/stationarity/result.json""]","[""data/campaign/thermochemistry/Co_pyridine_pnn_iPr__active/result.json"", ""data/reference_thermochemistry/product_amine/stationarity/result.json""]","[""3483096d95ef86f0a41ac8fd9fedb46a9f32fc5029ff32732bdd09c8ca39e45f"", ""320207d7a21680926414b387b1b8cd3adcb066bb7fc19106fe58731629d2bffb""]","[""b8719933a77162560d4dfa566e09739785ecbefa51f5a33c43bc51b436da274d"", ""1310231bc0e8cfa7827d24c6e16bb1ae55f4c47ed9c416194f0e2ec8627a6231""]",Reaction thermodynamics of separate 1M molecular species; no kinetic barrier or TOF
Co_pyridine_pnn_iPr,imine_hydrogenation,340.0,-6.43100547064023,hydrogenated_cat + imine -> active_cat + product_amine,True,True,"[""data/campaign/thermochemistry/Co_pyridine_pnn_iPr__hydrogenated/result.json"", ""data/reference_thermochemistry/imine/stationarity/result.json""]","[""data/campaign/thermochemistry/Co_pyridine_pnn_iPr__active/result.json"", ""data/reference_thermochemistry/product_amine/stationarity/result.json""]","[""3483096d95ef86f0a41ac8fd9fedb46a9f32fc5029ff32732bdd09c8ca39e45f"", ""320207d7a21680926414b387b1b8cd3adcb066bb7fc19106fe58731629d2bffb""]","[""b8719933a77162560d4dfa566e09739785ecbefa51f5a33c43bc51b436da274d"", ""1310231bc0e8cfa7827d24c6e16bb1ae55f4c47ed9c416194f0e2ec8627a6231""]",Reaction thermodynamics of separate 1M molecular species; no kinetic barrier or TOF
Co_pyridine_pnn_iPr,imine_hydrogenation,350.0,-6.431679736248043,hydrogenated_cat + imine -> active_cat + product_amine,True,True,"[""data/campaign/thermochemistry/Co_pyridine_pnn_iPr__hydrogenated/result.json"", ""data/reference_thermochemistry/imine/stationarity/result.json""]","[""data/campaign/thermochemistry/Co_pyridine_pnn_iPr__active/result.json"", ""data/reference_thermochemistry/product_amine/stationarity/result.json""]","[""3483096d95ef86f0a41ac8fd9fedb46a9f32fc5029ff32732bdd09c8ca39e45f"", ""320207d7a21680926414b387b1b8cd3adcb066bb7fc19106fe58731629d2bffb""]","[""b8719933a77162560d4dfa566e09739785ecbefa51f5a33c43bc51b436da274d"", ""1310231bc0e8cfa7827d24c6e16bb1ae55f4c47ed9c416194f0e2ec8627a6231""]",Reaction thermodynamics of separate 1M molecular species; no kinetic barrier or TOF
Co_pyridine_pnn_iPr,imine_hydrogenation,360.0,-6.432381822785828,hydrogenated_cat + imine -> active_cat + product_amine,True,True,"[""data/campaign/thermochemistry/Co_pyridine_pnn_iPr__hydrogenated/result.json"", ""data/reference_thermochemistry/imine/stationarity/result.json""]","[""data/campaign/thermochemistry/Co_pyridine_pnn_iPr__active/result.json"", ""data/reference_thermochemistry/product_amine/stationarity/result.json""]","[""3483096d95ef86f0a41ac8fd9fedb46a9f32fc5029ff32732bdd09c8ca39e45f"", ""320207d7a21680926414b387b1b8cd3adcb066bb7fc19106fe58731629d2bffb""]","[""b8719933a77162560d4dfa566e09739785ecbefa51f5a33c43bc51b436da274d"", ""1310231bc0e8cfa7827d24c6e16bb1ae55f4c47ed9c416194f0e2ec8627a6231""]",Reaction thermodynamics of separate 1M molecular species; no kinetic barrier or TOF
Co_pyridine_pnn_iPr,imine_hydrogenation,370.0,-6.433106998145377,hydrogenated_cat + imine -> active_cat + product_amine,True,True,"[""data/campaign/thermochemistry/Co_pyridine_pnn_iPr__hydrogenated/result.json"", ""data/reference_thermochemistry/imine/stationarity/result.json""]","[""data/campaign/thermochemistry/Co_pyridine_pnn_iPr__active/result.json"", ""data/reference_thermochemistry/product_amine/stationarity/result.json""]","[""3483096d95ef86f0a41ac8fd9fedb46a9f32fc5029ff32732bdd09c8ca39e45f"", ""320207d7a21680926414b387b1b8cd3adcb066bb7fc19106fe58731629d2bffb""]","[""b8719933a77162560d4dfa566e09739785ecbefa51f5a33c43bc51b436da274d"", ""1310231bc0e8cfa7827d24c6e16bb1ae55f4c47ed9c416194f0e2ec8627a6231""]",Reaction thermodynamics of separate 1M molecular species; no kinetic barrier or TOF
Co_pyridine_pnn_iPr,imine_hydrogenation,380.0,-6.433850528421317,hydrogenated_cat + imine -> active_cat + product_amine,True,True,"[""data/campaign/thermochemistry/Co_pyridine_pnn_iPr__hydrogenated/result.json"", ""data/reference_thermochemistry/imine/stationarity/result.json""]","[""data/campaign/thermochemistry/Co_pyridine_pnn_iPr__active/result.json"", ""data/reference_thermochemistry/product_amine/stationarity/result.json""]","[""3483096d95ef86f0a41ac8fd9fedb46a9f32fc5029ff32732bdd09c8ca39e45f"", ""320207d7a21680926414b387b1b8cd3adcb066bb7fc19106fe58731629d2bffb""]","[""b8719933a77162560d4dfa566e09739785ecbefa51f5a33c43bc51b436da274d"", ""1310231bc0e8cfa7827d24c6e16bb1ae55f4c47ed9c416194f0e2ec8627a6231""]",Reaction thermodynamics of separate 1M molecular species; no kinetic barrier or TOF
Co_pyridine_pnn_iPr,imine_hydrogenation,383.15,-6.434087790934427,hydrogenated_cat + imine -> active_cat + product_amine,True,True,"[""data/campaign/thermochemistry/Co_pyridine_pnn_iPr__hydrogenated/result.json"", ""data/reference_thermochemistry/imine/stationarity/result.json""]","[""data/campaign/thermochemistry/Co_pyridine_pnn_iPr__active/result.json"", ""data/reference_thermochemistry/product_amine/stationarity/result.json""]","[""3483096d95ef86f0a41ac8fd9fedb46a9f32fc5029ff32732bdd09c8ca39e45f"", ""320207d7a21680926414b387b1b8cd3adcb066bb7fc19106fe58731629d2bffb""]","[""b8719933a77162560d4dfa566e09739785ecbefa51f5a33c43bc51b436da274d"", ""1310231bc0e8cfa7827d24c6e16bb1ae55f4c47ed9c416194f0e2ec8627a6231""]",Reaction thermodynamics of separate 1M molecular species; no kinetic barrier or TOF
Co_pyridine_pnn_iPr,imine_hydrogenation,390.0,-6.434607726743707,hydrogenated_cat + imine -> active_cat + product_amine,True,True,"[""data/campaign/thermochemistry/Co_pyridine_pnn_iPr__hydrogenated/result.json"", ""data/reference_thermochemistry/imine/stationarity/result.json""]","[""data/campaign/thermochemistry/Co_pyridine_pnn_iPr__active/result.json"", ""data/reference_thermochemistry/product_amine/stationarity/result.json""]","[""3483096d95ef86f0a41ac8fd9fedb46a9f32fc5029ff32732bdd09c8ca39e45f"", ""320207d7a21680926414b387b1b8cd3adcb066bb7fc19106fe58731629d2bffb""]","[""b8719933a77162560d4dfa566e09739785ecbefa51f5a33c43bc51b436da274d"", ""1310231bc0e8cfa7827d24c6e16bb1ae55f4c47ed9c416194f0e2ec8627a6231""]",Reaction thermodynamics of separate 1M molecular species; no kinetic barrier or TOF
Co_pyridine_pnn_iPr,imine_hydrogenation,400.0,-6.4353739897487685,hydrogenated_cat + imine -> active_cat + product_amine,True,True,"[""data/campaign/thermochemistry/Co_pyridine_pnn_iPr__hydrogenated/result.json"", ""data/reference_thermochemistry/imine/stationarity/result.json""]","[""data/campaign/thermochemistry/Co_pyridine_pnn_iPr__active/result.json"", ""data/reference_thermochemistry/product_amine/stationarity/result.json""]","[""3483096d95ef86f0a41ac8fd9fedb46a9f32fc5029ff32732bdd09c8ca39e45f"", ""320207d7a21680926414b387b1b8cd3adcb066bb7fc19106fe58731629d2bffb""]","[""b8719933a77162560d4dfa566e09739785ecbefa51f5a33c43bc51b436da274d"", ""1310231bc0e8cfa7827d24c6e16bb1ae55f4c47ed9c416194f0e2ec8627a6231""]",Reaction thermodynamics of separate 1M molecular species; no kinetic barrier or TOF
Co_pyridine_pnn_iPr,imine_hydrogenation,410.0,-6.436144824514486,hydrogenated_cat + imine -> active_cat + product_amine,True,True,"[""data/campaign/thermochemistry/Co_pyridine_pnn_iPr__hydrogenated/result.json"", ""data/reference_thermochemistry/imine/stationarity/result.json""]","[""data/campaign/thermochemistry/Co_pyridine_pnn_iPr__active/result.json"", ""data/reference_thermochemistry/product_amine/stationarity/result.json""]","[""3483096d95ef86f0a41ac8fd9fedb46a9f32fc5029ff32732bdd09c8ca39e45f"", ""320207d7a21680926414b387b1b8cd3adcb066bb7fc19106fe58731629d2bffb""]","[""b8719933a77162560d4dfa566e09739785ecbefa51f5a33c43bc51b436da274d"", ""1310231bc0e8cfa7827d24c6e16bb1ae55f4c47ed9c416194f0e2ec8627a6231""]",Reaction thermodynamics of separate 1M molecular species; no kinetic barrier or TOF
Co_pyridine_pnn_iPr,imine_hydrogenation,420.0,-6.436915868212964,hydrogenated_cat + imine -> active_cat + product_amine,True,True,"[""data/campaign/thermochemistry/Co_pyridine_pnn_iPr__hydrogenated/result.json"", ""data/reference_thermochemistry/imine/stationarity/result.json""]","[""data/campaign/thermochemistry/Co_pyridine_pnn_iPr__active/result.json"", ""data/reference_thermochemistry/product_amine/stationarity/result.json""]","[""3483096d95ef86f0a41ac8fd9fedb46a9f32fc5029ff32732bdd09c8ca39e45f"", ""320207d7a21680926414b387b1b8cd3adcb066bb7fc19106fe58731629d2bffb""]","[""b8719933a77162560d4dfa566e09739785ecbefa51f5a33c43bc51b436da274d"", ""1310231bc0e8cfa7827d24c6e16bb1ae55f4c47ed9c416194f0e2ec8627a6231""]",Reaction thermodynamics of separate 1M molecular species; no kinetic barrier or TOF
Co_pyridine_pnn_iPr,imine_hydrogenation,430.0,-6.437682901869266,hydrogenated_cat + imine -> active_cat + product_amine,True,True,"[""data/campaign/thermochemistry/Co_pyridine_pnn_iPr__hydrogenated/result.json"", ""data/reference_thermochemistry/imine/stationarity/result.json""]","[""data/campaign/thermochemistry/Co_pyridine_pnn_iPr__active/result.json"", ""data/reference_thermochemistry/product_amine/stationarity/result.json""]","[""3483096d95ef86f0a41ac8fd9fedb46a9f32fc5029ff32732bdd09c8ca39e45f"", ""320207d7a21680926414b387b1b8cd3adcb066bb7fc19106fe58731629d2bffb""]","[""b8719933a77162560d4dfa566e09739785ecbefa51f5a33c43bc51b436da274d"", ""1310231bc0e8cfa7827d24c6e16bb1ae55f4c47ed9c416194f0e2ec8627a6231""]",Reaction thermodynamics of separate 1M molecular species; no kinetic barrier or TOF
Co_pyridine_pnn_iPr,imine_hydrogenation,440.0,-6.438441859951126,hydrogenated_cat + imine -> active_cat + product_amine,True,True,"[""data/campaign/thermochemistry/Co_pyridine_pnn_iPr__hydrogenated/result.json"", ""data/reference_thermochemistry/imine/stationarity/result.json""]","[""data/campaign/thermochemistry/Co_pyridine_pnn_iPr__active/result.json"", ""data/reference_thermochemistry/product_amine/stationarity/result.json""]","[""3483096d95ef86f0a41ac8fd9fedb46a9f32fc5029ff32732bdd09c8ca39e45f"", ""320207d7a21680926414b387b1b8cd3adcb066bb7fc19106fe58731629d2bffb""]","[""b8719933a77162560d4dfa566e09739785ecbefa51f5a33c43bc51b436da274d"", ""1310231bc0e8cfa7827d24c6e16bb1ae55f4c47ed9c416194f0e2ec8627a6231""]",Reaction thermodynamics of separate 1M molecular species; no kinetic barrier or TOF
