species_key,catalyst_id,state,temperature_K,E_elec,ZPVE,H_298,S_harmonic,S_qRRHO,G_298_qRRHO_sol,delta_G_concentration,energy_unit,entropy_unit,charge,formula,method,certificate,certificate_sha256,native_protocol_reference,export_protocol_reference,geometry,geometry_sha256,spectrum,spectrum_sha256,conformer_source,accepted_attempt,selection_temperature_K,selection_scope,pressure_pa,concentration_mol_l,cutoff_cm1,unpaired_electrons,symmetry_number
aniline,,reference,298.15,-12126.616466246141,71.07793109265559,-12051.211372076841,75.96705529960536,75.98269880252127,-12071.971285279318,1.894328445494145,kcal/mol,cal/(mol K),0,C6H7N,GFN2-xTB/ALPB toluene gsolv + qRRHO + 1M,data/reference_thermochemistry/aniline/stationarity/result.json,d3e9ebbf63b998564883a059902adaa09a543bcf4a40400ed99edfd6aa72e27f,data/reference_thermochemistry/aniline/stationarity/result.json#/attempts/0/native_command,data/datasets/thermochemistry/export_protocol.json,data/reference_thermochemistry/aniline/stationarity/accepted_geometry.xyz,10c6e1d825c20755cd72d7ae99b7d750b13a234bf316f183eefd95d13576771e,data/reference_thermochemistry/aniline/stationarity/hessian_00.npz,62ff63f728d70945f713ede715266d5c53d3f1a7e54c2420f6254502ebce2d38,conformer_03,0,383.15,lowest G383.15 among eligible certificates; same geometry at all T,101325.0,1.0,100.0,0,1
aniline,,reference,340.0,-12126.616466246141,71.07793109265559,-12050.052192820183,79.6001650397244,79.60901841916711,-12074.870286298332,2.248972784367174,kcal/mol,cal/(mol K),0,C6H7N,GFN2-xTB/ALPB toluene gsolv + qRRHO + 1M,data/reference_thermochemistry/aniline/stationarity/result.json,d3e9ebbf63b998564883a059902adaa09a543bcf4a40400ed99edfd6aa72e27f,data/reference_thermochemistry/aniline/stationarity/result.json#/attempts/0/native_command,data/datasets/thermochemistry/export_protocol.json,data/reference_thermochemistry/aniline/stationarity/accepted_geometry.xyz,10c6e1d825c20755cd72d7ae99b7d750b13a234bf316f183eefd95d13576771e,data/reference_thermochemistry/aniline/stationarity/hessian_00.npz,62ff63f728d70945f713ede715266d5c53d3f1a7e54c2420f6254502ebce2d38,conformer_03,0,383.15,lowest G383.15 among eligible certificates; same geometry at all T,101325.0,1.0,100.0,0,1
aniline,,reference,350.0,-12126.616466246141,71.07793109265559,-12049.7537104334,80.46533502078675,80.47261602583706,-12075.58384554486,2.3352804975836268,kcal/mol,cal/(mol K),0,C6H7N,GFN2-xTB/ALPB toluene gsolv + qRRHO + 1M,data/reference_thermochemistry/aniline/stationarity/result.json,d3e9ebbf63b998564883a059902adaa09a543bcf4a40400ed99edfd6aa72e27f,data/reference_thermochemistry/aniline/stationarity/result.json#/attempts/0/native_command,data/datasets/thermochemistry/export_protocol.json,data/reference_thermochemistry/aniline/stationarity/accepted_geometry.xyz,10c6e1d825c20755cd72d7ae99b7d750b13a234bf316f183eefd95d13576771e,data/reference_thermochemistry/aniline/stationarity/hessian_00.npz,62ff63f728d70945f713ede715266d5c53d3f1a7e54c2420f6254502ebce2d38,conformer_03,0,383.15,lowest G383.15 among eligible certificates; same geometry at all T,101325.0,1.0,100.0,0,1
aniline,,reference,360.0,-12126.616466246141,71.07793109265559,-12049.44715495109,81.32887570009495,81.33460523196072,-12076.305456773878,2.422156060718619,kcal/mol,cal/(mol K),0,C6H7N,GFN2-xTB/ALPB toluene gsolv + qRRHO + 1M,data/reference_thermochemistry/aniline/stationarity/result.json,d3e9ebbf63b998564883a059902adaa09a543bcf4a40400ed99edfd6aa72e27f,data/reference_thermochemistry/aniline/stationarity/result.json#/attempts/0/native_command,data/datasets/thermochemistry/export_protocol.json,data/reference_thermochemistry/aniline/stationarity/accepted_geometry.xyz,10c6e1d825c20755cd72d7ae99b7d750b13a234bf316f183eefd95d13576771e,data/reference_thermochemistry/aniline/stationarity/hessian_00.npz,62ff63f728d70945f713ede715266d5c53d3f1a7e54c2420f6254502ebce2d38,conformer_03,0,383.15,lowest G383.15 among eligible certificates; same geometry at all T,101325.0,1.0,100.0,0,1
aniline,,reference,370.0,-12126.616466246141,71.07793109265559,-12049.13264733613,82.19054494629388,82.19474427436141,-12077.035119021597,2.509583696046293,kcal/mol,cal/(mol K),0,C6H7N,GFN2-xTB/ALPB toluene gsolv + qRRHO + 1M,data/reference_thermochemistry/aniline/stationarity/result.json,d3e9ebbf63b998564883a059902adaa09a543bcf4a40400ed99edfd6aa72e27f,data/reference_thermochemistry/aniline/stationarity/result.json#/attempts/0/native_command,data/datasets/thermochemistry/export_protocol.json,data/reference_thermochemistry/aniline/stationarity/accepted_geometry.xyz,10c6e1d825c20755cd72d7ae99b7d750b13a234bf316f183eefd95d13576771e,data/reference_thermochemistry/aniline/stationarity/hessian_00.npz,62ff63f728d70945f713ede715266d5c53d3f1a7e54c2420f6254502ebce2d38,conformer_03,0,383.15,lowest G383.15 among eligible certificates; same geometry at all T,101325.0,1.0,100.0,0,1
aniline,,reference,380.0,-12126.616466246141,71.07793109265559,-12048.810314783264,83.05010337402973,83.05279398105263,-12077.772828017054,2.597548479011341,kcal/mol,cal/(mol K),0,C6H7N,GFN2-xTB/ALPB toluene gsolv + qRRHO + 1M,data/reference_thermochemistry/aniline/stationarity/result.json,d3e9ebbf63b998564883a059902adaa09a543bcf4a40400ed99edfd6aa72e27f,data/reference_thermochemistry/aniline/stationarity/result.json#/attempts/0/native_command,data/datasets/thermochemistry/export_protocol.json,data/reference_thermochemistry/aniline/stationarity/accepted_geometry.xyz,10c6e1d825c20755cd72d7ae99b7d750b13a234bf316f183eefd95d13576771e,data/reference_thermochemistry/aniline/stationarity/hessian_00.npz,62ff63f728d70945f713ede715266d5c53d3f1a7e54c2420f6254502ebce2d38,conformer_03,0,383.15,lowest G383.15 among eligible certificates; same geometry at all T,101325.0,1.0,100.0,0,1
aniline,,reference,383.15,-12126.616466246141,71.07793109265559,-12048.707180416015,83.32038950201832,83.3226093281905,-12078.006871824537,2.625366355574337,kcal/mol,cal/(mol K),0,C6H7N,GFN2-xTB/ALPB toluene gsolv + qRRHO + 1M,data/reference_thermochemistry/aniline/stationarity/result.json,d3e9ebbf63b998564883a059902adaa09a543bcf4a40400ed99edfd6aa72e27f,data/reference_thermochemistry/aniline/stationarity/result.json#/attempts/0/native_command,data/datasets/thermochemistry/export_protocol.json,data/reference_thermochemistry/aniline/stationarity/accepted_geometry.xyz,10c6e1d825c20755cd72d7ae99b7d750b13a234bf316f183eefd95d13576771e,data/reference_thermochemistry/aniline/stationarity/hessian_00.npz,62ff63f728d70945f713ede715266d5c53d3f1a7e54c2420f6254502ebce2d38,conformer_03,0,383.15,lowest G383.15 among eligible certificates; same geometry at all T,101325.0,1.0,100.0,0,1
aniline,,reference,390.0,-12126.616466246141,71.07793109265559,-12048.480289636138,83.90731687268952,83.90852032855682,-12078.518576293434,2.686036270841015,kcal/mol,cal/(mol K),0,C6H7N,GFN2-xTB/ALPB toluene gsolv + qRRHO + 1M,data/reference_thermochemistry/aniline/stationarity/result.json,d3e9ebbf63b998564883a059902adaa09a543bcf4a40400ed99edfd6aa72e27f,data/reference_thermochemistry/aniline/stationarity/result.json#/attempts/0/native_command,data/datasets/thermochemistry/export_protocol.json,data/reference_thermochemistry/aniline/stationarity/accepted_geometry.xyz,10c6e1d825c20755cd72d7ae99b7d750b13a234bf316f183eefd95d13576771e,data/reference_thermochemistry/aniline/stationarity/hessian_00.npz,62ff63f728d70945f713ede715266d5c53d3f1a7e54c2420f6254502ebce2d38,conformer_03,0,383.15,lowest G383.15 among eligible certificates; same geometry at all T,101325.0,1.0,100.0,0,1
aniline,,reference,400.0,-12126.616466246141,71.07793109265559,-12048.14270836568,84.76195865948485,84.76169651851431,-12079.272353315013,2.775033658072708,kcal/mol,cal/(mol K),0,C6H7N,GFN2-xTB/ALPB toluene gsolv + qRRHO + 1M,data/reference_thermochemistry/aniline/stationarity/result.json,d3e9ebbf63b998564883a059902adaa09a543bcf4a40400ed99edfd6aa72e27f,data/reference_thermochemistry/aniline/stationarity/result.json#/attempts/0/native_command,data/datasets/thermochemistry/export_protocol.json,data/reference_thermochemistry/aniline/stationarity/accepted_geometry.xyz,10c6e1d825c20755cd72d7ae99b7d750b13a234bf316f183eefd95d13576771e,data/reference_thermochemistry/aniline/stationarity/hessian_00.npz,62ff63f728d70945f713ede715266d5c53d3f1a7e54c2420f6254502ebce2d38,conformer_03,0,383.15,lowest G383.15 among eligible certificates; same geometry at all T,101325.0,1.0,100.0,0,1
aniline,,reference,410.0,-12126.616466246141,71.07793109265559,-12047.797710617042,85.61381090985397,85.61210462748953,-12080.03414561618,2.8645278981321125,kcal/mol,cal/(mol K),0,C6H7N,GFN2-xTB/ALPB toluene gsolv + qRRHO + 1M,data/reference_thermochemistry/aniline/stationarity/result.json,d3e9ebbf63b998564883a059902adaa09a543bcf4a40400ed99edfd6aa72e27f,data/reference_thermochemistry/aniline/stationarity/result.json#/attempts/0/native_command,data/datasets/thermochemistry/export_protocol.json,data/reference_thermochemistry/aniline/stationarity/accepted_geometry.xyz,10c6e1d825c20755cd72d7ae99b7d750b13a234bf316f183eefd95d13576771e,data/reference_thermochemistry/aniline/stationarity/hessian_00.npz,62ff63f728d70945f713ede715266d5c53d3f1a7e54c2420f6254502ebce2d38,conformer_03,0,383.15,lowest G383.15 among eligible certificates; same geometry at all T,101325.0,1.0,100.0,0,1
aniline,,reference,420.0,-12126.616466246141,71.07793109265559,-12047.445438329527,86.4626660152907,86.45953688083281,-12080.803936949254,2.954506870223601,kcal/mol,cal/(mol K),0,C6H7N,GFN2-xTB/ALPB toluene gsolv + qRRHO + 1M,data/reference_thermochemistry/aniline/stationarity/result.json,d3e9ebbf63b998564883a059902adaa09a543bcf4a40400ed99edfd6aa72e27f,data/reference_thermochemistry/aniline/stationarity/result.json#/attempts/0/native_command,data/datasets/thermochemistry/export_protocol.json,data/reference_thermochemistry/aniline/stationarity/accepted_geometry.xyz,10c6e1d825c20755cd72d7ae99b7d750b13a234bf316f183eefd95d13576771e,data/reference_thermochemistry/aniline/stationarity/hessian_00.npz,62ff63f728d70945f713ede715266d5c53d3f1a7e54c2420f6254502ebce2d38,conformer_03,0,383.15,lowest G383.15 among eligible certificates; same geometry at all T,101325.0,1.0,100.0,0,1
aniline,,reference,430.0,-12126.616466246141,71.07793109265559,-12047.086034932037,87.30832751554244,87.30379659814562,-12081.58170843834,3.044959030900024,kcal/mol,cal/(mol K),0,C6H7N,GFN2-xTB/ALPB toluene gsolv + qRRHO + 1M,data/reference_thermochemistry/aniline/stationarity/result.json,d3e9ebbf63b998564883a059902adaa09a543bcf4a40400ed99edfd6aa72e27f,data/reference_thermochemistry/aniline/stationarity/result.json#/attempts/0/native_command,data/datasets/thermochemistry/export_protocol.json,data/reference_thermochemistry/aniline/stationarity/accepted_geometry.xyz,10c6e1d825c20755cd72d7ae99b7d750b13a234bf316f183eefd95d13576771e,data/reference_thermochemistry/aniline/stationarity/hessian_00.npz,62ff63f728d70945f713ede715266d5c53d3f1a7e54c2420f6254502ebce2d38,conformer_03,0,383.15,lowest G383.15 among eligible certificates; same geometry at all T,101325.0,1.0,100.0,0,1
aniline,,reference,440.0,-12126.616466246141,71.07793109265559,-12046.719644614568,88.15061074873188,88.14469885439316,-12082.367438736734,3.135873373767528,kcal/mol,cal/(mol K),0,C6H7N,GFN2-xTB/ALPB toluene gsolv + qRRHO + 1M,data/reference_thermochemistry/aniline/stationarity/result.json,d3e9ebbf63b998564883a059902adaa09a543bcf4a40400ed99edfd6aa72e27f,data/reference_thermochemistry/aniline/stationarity/result.json#/attempts/0/native_command,data/datasets/thermochemistry/export_protocol.json,data/reference_thermochemistry/aniline/stationarity/accepted_geometry.xyz,10c6e1d825c20755cd72d7ae99b7d750b13a234bf316f183eefd95d13576771e,data/reference_thermochemistry/aniline/stationarity/hessian_00.npz,62ff63f728d70945f713ede715266d5c53d3f1a7e54c2420f6254502ebce2d38,conformer_03,0,383.15,lowest G383.15 among eligible certificates; same geometry at all T,101325.0,1.0,100.0,0,1
benzaldehyde,,reference,298.15,-13856.982995495624,66.38587617215343,-13785.838571135144,80.98828955022135,80.71534366476781,-13808.0095224033,1.894328445494145,kcal/mol,cal/(mol K),0,C7H6O,GFN2-xTB/ALPB toluene gsolv + qRRHO + 1M,data/reference_thermochemistry/benzaldehyde/stationarity/result.json,3f46fd56a8a071c7e4fdfe9972db25c91e7807951f2d2b7fb661fb482d116e75,data/reference_thermochemistry/benzaldehyde/stationarity/result.json#/attempts/0/native_command,data/datasets/thermochemistry/export_protocol.json,data/reference_thermochemistry/benzaldehyde/stationarity/accepted_geometry.xyz,e7292b48e5f27218094b119118595a7fc0b25d93db34b114bb0582e7ad8b60b9,data/reference_thermochemistry/benzaldehyde/stationarity/hessian_00.npz,64b76d5543cceee8f41ba798404dcfd80e1e4663692826bc2b20b21159eae912,conformer_03,0,383.15,lowest G383.15 among eligible certificates; same geometry at all T,101325.0,1.0,100.0,0,1
benzaldehyde,,reference,340.0,-13856.982995495624,66.38587617215343,-13784.63784171675,84.75189492662062,84.40483199536847,-13811.086511810809,2.248972784367174,kcal/mol,cal/(mol K),0,C7H6O,GFN2-xTB/ALPB toluene gsolv + qRRHO + 1M,data/reference_thermochemistry/benzaldehyde/stationarity/result.json,3f46fd56a8a071c7e4fdfe9972db25c91e7807951f2d2b7fb661fb482d116e75,data/reference_thermochemistry/benzaldehyde/stationarity/result.json#/attempts/0/native_command,data/datasets/thermochemistry/export_protocol.json,data/reference_thermochemistry/benzaldehyde/stationarity/accepted_geometry.xyz,e7292b48e5f27218094b119118595a7fc0b25d93db34b114bb0582e7ad8b60b9,data/reference_thermochemistry/benzaldehyde/stationarity/hessian_00.npz,64b76d5543cceee8f41ba798404dcfd80e1e4663692826bc2b20b21159eae912,conformer_03,0,383.15,lowest G383.15 among eligible certificates; same geometry at all T,101325.0,1.0,100.0,0,1
benzaldehyde,,reference,350.0,-13856.982995495624,66.38587617215343,-13784.329719495985,85.64500885591667,85.2814245727887,-13811.842937598878,2.3352804975836268,kcal/mol,cal/(mol K),0,C7H6O,GFN2-xTB/ALPB toluene gsolv + qRRHO + 1M,data/reference_thermochemistry/benzaldehyde/stationarity/result.json,3f46fd56a8a071c7e4fdfe9972db25c91e7807951f2d2b7fb661fb482d116e75,data/reference_thermochemistry/benzaldehyde/stationarity/result.json#/attempts/0/native_command,data/datasets/thermochemistry/export_protocol.json,data/reference_thermochemistry/benzaldehyde/stationarity/accepted_geometry.xyz,e7292b48e5f27218094b119118595a7fc0b25d93db34b114bb0582e7ad8b60b9,data/reference_thermochemistry/benzaldehyde/stationarity/hessian_00.npz,64b76d5543cceee8f41ba798404dcfd80e1e4663692826bc2b20b21159eae912,conformer_03,0,383.15,lowest G383.15 among eligible certificates; same geometry at all T,101325.0,1.0,100.0,0,1
benzaldehyde,,reference,360.0,-13856.982995495624,66.38587617215343,-13784.013574489514,86.5355643145972,86.15587313581176,-13812.607532757687,2.422156060718619,kcal/mol,cal/(mol K),0,C7H6O,GFN2-xTB/ALPB toluene gsolv + qRRHO + 1M,data/reference_thermochemistry/benzaldehyde/stationarity/result.json,3f46fd56a8a071c7e4fdfe9972db25c91e7807951f2d2b7fb661fb482d116e75,data/reference_thermochemistry/benzaldehyde/stationarity/result.json#/attempts/0/native_command,data/datasets/thermochemistry/export_protocol.json,data/reference_thermochemistry/benzaldehyde/stationarity/accepted_geometry.xyz,e7292b48e5f27218094b119118595a7fc0b25d93db34b114bb0582e7ad8b60b9,data/reference_thermochemistry/benzaldehyde/stationarity/hessian_00.npz,64b76d5543cceee8f41ba798404dcfd80e1e4663692826bc2b20b21159eae912,conformer_03,0,383.15,lowest G383.15 among eligible certificates; same geometry at all T,101325.0,1.0,100.0,0,1
benzaldehyde,,reference,370.0,-13856.982995495624,66.38587617215343,-13783.689503187406,87.42343717270316,87.02803453080934,-13813.380292267759,2.509583696046293,kcal/mol,cal/(mol K),0,C7H6O,GFN2-xTB/ALPB toluene gsolv + qRRHO + 1M,data/reference_thermochemistry/benzaldehyde/stationarity/result.json,3f46fd56a8a071c7e4fdfe9972db25c91e7807951f2d2b7fb661fb482d116e75,data/reference_thermochemistry/benzaldehyde/stationarity/result.json#/attempts/0/native_command,data/datasets/thermochemistry/export_protocol.json,data/reference_thermochemistry/benzaldehyde/stationarity/accepted_geometry.xyz,e7292b48e5f27218094b119118595a7fc0b25d93db34b114bb0582e7ad8b60b9,data/reference_thermochemistry/benzaldehyde/stationarity/hessian_00.npz,64b76d5543cceee8f41ba798404dcfd80e1e4663692826bc2b20b21159eae912,conformer_03,0,383.15,lowest G383.15 among eligible certificates; same geometry at all T,101325.0,1.0,100.0,0,1
benzaldehyde,,reference,380.0,-13856.982995495624,66.38587617215343,-13783.357610756579,88.30849008089487,87.89775355890063,-13814.16120862995,2.597548479011341,kcal/mol,cal/(mol K),0,C7H6O,GFN2-xTB/ALPB toluene gsolv + qRRHO + 1M,data/reference_thermochemistry/benzaldehyde/stationarity/result.json,3f46fd56a8a071c7e4fdfe9972db25c91e7807951f2d2b7fb661fb482d116e75,data/reference_thermochemistry/benzaldehyde/stationarity/result.json#/attempts/0/native_command,data/datasets/thermochemistry/export_protocol.json,data/reference_thermochemistry/benzaldehyde/stationarity/accepted_geometry.xyz,e7292b48e5f27218094b119118595a7fc0b25d93db34b114bb0582e7ad8b60b9,data/reference_thermochemistry/benzaldehyde/stationarity/hessian_00.npz,64b76d5543cceee8f41ba798404dcfd80e1e4663692826bc2b20b21159eae912,conformer_03,0,383.15,lowest G383.15 among eligible certificates; same geometry at all T,101325.0,1.0,100.0,0,1
benzaldehyde,,reference,383.15,-13856.982995495624,66.38587617215343,-13783.251462595153,88.5866745512527,88.17118335254195,-13814.408885141105,2.625366355574337,kcal/mol,cal/(mol K),0,C7H6O,GFN2-xTB/ALPB toluene gsolv + qRRHO + 1M,data/reference_thermochemistry/benzaldehyde/stationarity/result.json,3f46fd56a8a071c7e4fdfe9972db25c91e7807951f2d2b7fb661fb482d116e75,data/reference_thermochemistry/benzaldehyde/stationarity/result.json#/attempts/0/native_command,data/datasets/thermochemistry/export_protocol.json,data/reference_thermochemistry/benzaldehyde/stationarity/accepted_geometry.xyz,e7292b48e5f27218094b119118595a7fc0b25d93db34b114bb0582e7ad8b60b9,data/reference_thermochemistry/benzaldehyde/stationarity/hessian_00.npz,64b76d5543cceee8f41ba798404dcfd80e1e4663692826bc2b20b21159eae912,conformer_03,0,383.15,lowest G383.15 among eligible certificates; same geometry at all T,101325.0,1.0,100.0,0,1
benzaldehyde,,reference,390.0,-13856.982995495624,66.38587617215343,-13783.01800974251,89.19057721796267,88.76486764164596,-13814.95027185191,2.686036270841015,kcal/mol,cal/(mol K),0,C7H6O,GFN2-xTB/ALPB toluene gsolv + qRRHO + 1M,data/reference_thermochemistry/benzaldehyde/stationarity/result.json,3f46fd56a8a071c7e4fdfe9972db25c91e7807951f2d2b7fb661fb482d116e75,data/reference_thermochemistry/benzaldehyde/stationarity/result.json#/attempts/0/native_command,data/datasets/thermochemistry/export_protocol.json,data/reference_thermochemistry/benzaldehyde/stationarity/accepted_geometry.xyz,e7292b48e5f27218094b119118595a7fc0b25d93db34b114bb0582e7ad8b60b9,data/reference_thermochemistry/benzaldehyde/stationarity/hessian_00.npz,64b76d5543cceee8f41ba798404dcfd80e1e4663692826bc2b20b21159eae912,conformer_03,0,383.15,lowest G383.15 among eligible certificates; same geometry at all T,101325.0,1.0,100.0,0,1
benzaldehyde,,reference,400.0,-13856.982995495624,66.38587617215343,-13782.67081885147,90.06954823317677,89.62921068648289,-13815.747469467991,2.775033658072708,kcal/mol,cal/(mol K),0,C7H6O,GFN2-xTB/ALPB toluene gsolv + qRRHO + 1M,data/reference_thermochemistry/benzaldehyde/stationarity/result.json,3f46fd56a8a071c7e4fdfe9972db25c91e7807951f2d2b7fb661fb482d116e75,data/reference_thermochemistry/benzaldehyde/stationarity/result.json#/attempts/0/native_command,data/datasets/thermochemistry/export_protocol.json,data/reference_thermochemistry/benzaldehyde/stationarity/accepted_geometry.xyz,e7292b48e5f27218094b119118595a7fc0b25d93db34b114bb0582e7ad8b60b9,data/reference_thermochemistry/benzaldehyde/stationarity/hessian_00.npz,64b76d5543cceee8f41ba798404dcfd80e1e4663692826bc2b20b21159eae912,conformer_03,0,383.15,lowest G383.15 among eligible certificates; same geometry at all T,101325.0,1.0,100.0,0,1
benzaldehyde,,reference,410.0,-13856.982995495624,66.38587617215343,-13782.316161820041,90.94525148643552,90.49061625498264,-13816.552786586451,2.8645278981321125,kcal/mol,cal/(mol K),0,C7H6O,GFN2-xTB/ALPB toluene gsolv + qRRHO + 1M,data/reference_thermochemistry/benzaldehyde/stationarity/result.json,3f46fd56a8a071c7e4fdfe9972db25c91e7807951f2d2b7fb661fb482d116e75,data/reference_thermochemistry/benzaldehyde/stationarity/result.json#/attempts/0/native_command,data/datasets/thermochemistry/export_protocol.json,data/reference_thermochemistry/benzaldehyde/stationarity/accepted_geometry.xyz,e7292b48e5f27218094b119118595a7fc0b25d93db34b114bb0582e7ad8b60b9,data/reference_thermochemistry/benzaldehyde/stationarity/hessian_00.npz,64b76d5543cceee8f41ba798404dcfd80e1e4663692826bc2b20b21159eae912,conformer_03,0,383.15,lowest G383.15 among eligible certificates; same geometry at all T,101325.0,1.0,100.0,0,1
benzaldehyde,,reference,420.0,-13856.982995495624,66.38587617215343,-13781.954166375306,91.81753667914535,91.34892012681274,-13817.366205958344,2.954506870223601,kcal/mol,cal/(mol K),0,C7H6O,GFN2-xTB/ALPB toluene gsolv + qRRHO + 1M,data/reference_thermochemistry/benzaldehyde/stationarity/result.json,3f46fd56a8a071c7e4fdfe9972db25c91e7807951f2d2b7fb661fb482d116e75,data/reference_thermochemistry/benzaldehyde/stationarity/result.json#/attempts/0/native_command,data/datasets/thermochemistry/export_protocol.json,data/reference_thermochemistry/benzaldehyde/stationarity/accepted_geometry.xyz,e7292b48e5f27218094b119118595a7fc0b25d93db34b114bb0582e7ad8b60b9,data/reference_thermochemistry/benzaldehyde/stationarity/hessian_00.npz,64b76d5543cceee8f41ba798404dcfd80e1e4663692826bc2b20b21159eae912,conformer_03,0,383.15,lowest G383.15 among eligible certificates; same geometry at all T,101325.0,1.0,100.0,0,1
benzaldehyde,,reference,430.0,-13856.982995495624,66.38587617215343,-13781.584963286956,92.68625695928559,92.2039623427038,-13818.187708063419,3.044959030900024,kcal/mol,cal/(mol K),0,C7H6O,GFN2-xTB/ALPB toluene gsolv + qRRHO + 1M,data/reference_thermochemistry/benzaldehyde/stationarity/result.json,3f46fd56a8a071c7e4fdfe9972db25c91e7807951f2d2b7fb661fb482d116e75,data/reference_thermochemistry/benzaldehyde/stationarity/result.json#/attempts/0/native_command,data/datasets/thermochemistry/export_protocol.json,data/reference_thermochemistry/benzaldehyde/stationarity/accepted_geometry.xyz,e7292b48e5f27218094b119118595a7fc0b25d93db34b114bb0582e7ad8b60b9,data/reference_thermochemistry/benzaldehyde/stationarity/hessian_00.npz,64b76d5543cceee8f41ba798404dcfd80e1e4663692826bc2b20b21159eae912,conformer_03,0,383.15,lowest G383.15 among eligible certificates; same geometry at all T,101325.0,1.0,100.0,0,1
benzaldehyde,,reference,440.0,-13856.982995495624,66.38587617215343,-13781.208685510377,93.5512705752188,93.05558880076048,-13819.017271208944,3.135873373767528,kcal/mol,cal/(mol K),0,C7H6O,GFN2-xTB/ALPB toluene gsolv + qRRHO + 1M,data/reference_thermochemistry/benzaldehyde/stationarity/result.json,3f46fd56a8a071c7e4fdfe9972db25c91e7807951f2d2b7fb661fb482d116e75,data/reference_thermochemistry/benzaldehyde/stationarity/result.json#/attempts/0/native_command,data/datasets/thermochemistry/export_protocol.json,data/reference_thermochemistry/benzaldehyde/stationarity/accepted_geometry.xyz,e7292b48e5f27218094b119118595a7fc0b25d93db34b114bb0582e7ad8b60b9,data/reference_thermochemistry/benzaldehyde/stationarity/hessian_00.npz,64b76d5543cceee8f41ba798404dcfd80e1e4663692826bc2b20b21159eae912,conformer_03,0,383.15,lowest G383.15 among eligible certificates; same geometry at all T,101325.0,1.0,100.0,0,1
benzyl_alcohol,,reference,298.15,-14505.269022487804,80.74314094133545,-14419.311445654283,87.83078393997035,84.87376731188601,-14442.722230932826,1.894328445494145,kcal/mol,cal/(mol K),0,C7H8O,GFN2-xTB/ALPB toluene gsolv + qRRHO + 1M,data/reference_thermochemistry/benzyl_alcohol/stationarity/result.json,0d8d739b15132b3eaadd6017059fd5f058ed99b882729013224aa941f77742c2,data/reference_thermochemistry/benzyl_alcohol/stationarity/result.json#/attempts/0/native_command,data/datasets/thermochemistry/export_protocol.json,data/reference_thermochemistry/benzyl_alcohol/stationarity/accepted_geometry.xyz,f4897da33f477e49dfa225e23571ab1376182c83d5412b994134a99a99cc75c0,data/reference_thermochemistry/benzyl_alcohol/stationarity/hessian_00.npz,c52a5006fbe9a528104aa37196ed30e3ab66fb315bb59581763faae755cfd29c,conformer_01,0,383.15,lowest G383.15 among eligible certificates; same geometry at all T,101325.0,1.0,100.0,0,1
benzyl_alcohol,,reference,340.0,-14505.269022487804,80.74314094133545,-14417.996712615695,91.95154523048916,88.82699724351563,-14445.948918894122,2.248972784367174,kcal/mol,cal/(mol K),0,C7H8O,GFN2-xTB/ALPB toluene gsolv + qRRHO + 1M,data/reference_thermochemistry/benzyl_alcohol/stationarity/result.json,0d8d739b15132b3eaadd6017059fd5f058ed99b882729013224aa941f77742c2,data/reference_thermochemistry/benzyl_alcohol/stationarity/result.json#/attempts/0/native_command,data/datasets/thermochemistry/export_protocol.json,data/reference_thermochemistry/benzyl_alcohol/stationarity/accepted_geometry.xyz,f4897da33f477e49dfa225e23571ab1376182c83d5412b994134a99a99cc75c0,data/reference_thermochemistry/benzyl_alcohol/stationarity/hessian_00.npz,c52a5006fbe9a528104aa37196ed30e3ab66fb315bb59581763faae755cfd29c,conformer_01,0,383.15,lowest G383.15 among eligible certificates; same geometry at all T,101325.0,1.0,100.0,0,1
benzyl_alcohol,,reference,350.0,-14505.269022487804,80.74314094133545,-14417.658513577277,92.93183671038942,89.77018882250084,-14446.742799167569,2.3352804975836268,kcal/mol,cal/(mol K),0,C7H8O,GFN2-xTB/ALPB toluene gsolv + qRRHO + 1M,data/reference_thermochemistry/benzyl_alcohol/stationarity/result.json,0d8d739b15132b3eaadd6017059fd5f058ed99b882729013224aa941f77742c2,data/reference_thermochemistry/benzyl_alcohol/stationarity/result.json#/attempts/0/native_command,data/datasets/thermochemistry/export_protocol.json,data/reference_thermochemistry/benzyl_alcohol/stationarity/accepted_geometry.xyz,f4897da33f477e49dfa225e23571ab1376182c83d5412b994134a99a99cc75c0,data/reference_thermochemistry/benzyl_alcohol/stationarity/hessian_00.npz,c52a5006fbe9a528104aa37196ed30e3ab66fb315bb59581763faae755cfd29c,conformer_01,0,383.15,lowest G383.15 among eligible certificates; same geometry at all T,101325.0,1.0,100.0,0,1
benzyl_alcohol,,reference,360.0,-14505.269022487804,80.74314094133545,-14417.31118640888,93.91022774274306,90.71248544627878,-14447.545525108822,2.422156060718619,kcal/mol,cal/(mol K),0,C7H8O,GFN2-xTB/ALPB toluene gsolv + qRRHO + 1M,data/reference_thermochemistry/benzyl_alcohol/stationarity/result.json,0d8d739b15132b3eaadd6017059fd5f058ed99b882729013224aa941f77742c2,data/reference_thermochemistry/benzyl_alcohol/stationarity/result.json#/attempts/0/native_command,data/datasets/thermochemistry/export_protocol.json,data/reference_thermochemistry/benzyl_alcohol/stationarity/accepted_geometry.xyz,f4897da33f477e49dfa225e23571ab1376182c83d5412b994134a99a99cc75c0,data/reference_thermochemistry/benzyl_alcohol/stationarity/hessian_00.npz,c52a5006fbe9a528104aa37196ed30e3ab66fb315bb59581763faae755cfd29c,conformer_01,0,383.15,lowest G383.15 among eligible certificates; same geometry at all T,101325.0,1.0,100.0,0,1
benzyl_alcohol,,reference,370.0,-14505.269022487804,80.74314094133545,-14416.95482844119,94.88655585187992,91.65367231421394,-14448.357103501403,2.509583696046293,kcal/mol,cal/(mol K),0,C7H8O,GFN2-xTB/ALPB toluene gsolv + qRRHO + 1M,data/reference_thermochemistry/benzyl_alcohol/stationarity/result.json,0d8d739b15132b3eaadd6017059fd5f058ed99b882729013224aa941f77742c2,data/reference_thermochemistry/benzyl_alcohol/stationarity/result.json#/attempts/0/native_command,data/datasets/thermochemistry/export_protocol.json,data/reference_thermochemistry/benzyl_alcohol/stationarity/accepted_geometry.xyz,f4897da33f477e49dfa225e23571ab1376182c83d5412b994134a99a99cc75c0,data/reference_thermochemistry/benzyl_alcohol/stationarity/hessian_00.npz,c52a5006fbe9a528104aa37196ed30e3ab66fb315bb59581763faae755cfd29c,conformer_01,0,383.15,lowest G383.15 among eligible certificates; same geometry at all T,101325.0,1.0,100.0,0,1
benzyl_alcohol,,reference,380.0,-14505.269022487804,80.74314094133545,-14416.589548751112,95.86064022211981,92.59352021881374,-14449.177537955251,2.597548479011341,kcal/mol,cal/(mol K),0,C7H8O,GFN2-xTB/ALPB toluene gsolv + qRRHO + 1M,data/reference_thermochemistry/benzyl_alcohol/stationarity/result.json,0d8d739b15132b3eaadd6017059fd5f058ed99b882729013224aa941f77742c2,data/reference_thermochemistry/benzyl_alcohol/stationarity/result.json#/attempts/0/native_command,data/datasets/thermochemistry/export_protocol.json,data/reference_thermochemistry/benzyl_alcohol/stationarity/accepted_geometry.xyz,f4897da33f477e49dfa225e23571ab1376182c83d5412b994134a99a99cc75c0,data/reference_thermochemistry/benzyl_alcohol/stationarity/hessian_00.npz,c52a5006fbe9a528104aa37196ed30e3ab66fb315bb59581763faae755cfd29c,conformer_01,0,383.15,lowest G383.15 among eligible certificates; same geometry at all T,101325.0,1.0,100.0,0,1
benzyl_alcohol,,reference,383.15,-14505.269022487804,80.74314094133545,-14416.472656649663,96.16698148063486,92.88925712379064,-14449.437809161069,2.625366355574337,kcal/mol,cal/(mol K),0,C7H8O,GFN2-xTB/ALPB toluene gsolv + qRRHO + 1M,data/reference_thermochemistry/benzyl_alcohol/stationarity/result.json,0d8d739b15132b3eaadd6017059fd5f058ed99b882729013224aa941f77742c2,data/reference_thermochemistry/benzyl_alcohol/stationarity/result.json#/attempts/0/native_command,data/datasets/thermochemistry/export_protocol.json,data/reference_thermochemistry/benzyl_alcohol/stationarity/accepted_geometry.xyz,f4897da33f477e49dfa225e23571ab1376182c83d5412b994134a99a99cc75c0,data/reference_thermochemistry/benzyl_alcohol/stationarity/hessian_00.npz,c52a5006fbe9a528104aa37196ed30e3ab66fb315bb59581763faae755cfd29c,conformer_01,0,383.15,lowest G383.15 among eligible certificates; same geometry at all T,101325.0,1.0,100.0,0,1
benzyl_alcohol,,reference,390.0,-14505.269022487804,80.74314094133545,-14416.215466529893,96.83228784412296,93.53179131171247,-14450.006828870619,2.686036270841015,kcal/mol,cal/(mol K),0,C7H8O,GFN2-xTB/ALPB toluene gsolv + qRRHO + 1M,data/reference_thermochemistry/benzyl_alcohol/stationarity/result.json,0d8d739b15132b3eaadd6017059fd5f058ed99b882729013224aa941f77742c2,data/reference_thermochemistry/benzyl_alcohol/stationarity/result.json#/attempts/0/native_command,data/datasets/thermochemistry/export_protocol.json,data/reference_thermochemistry/benzyl_alcohol/stationarity/accepted_geometry.xyz,f4897da33f477e49dfa225e23571ab1376182c83d5412b994134a99a99cc75c0,data/reference_thermochemistry/benzyl_alcohol/stationarity/hessian_00.npz,c52a5006fbe9a528104aa37196ed30e3ab66fb315bb59581763faae755cfd29c,conformer_01,0,383.15,lowest G383.15 among eligible certificates; same geometry at all T,101325.0,1.0,100.0,0,1
benzyl_alcohol,,reference,400.0,-14505.269022487804,80.74314094133545,-14415.832709531684,97.8012986792965,94.46824393214281,-14450.844973446468,2.775033658072708,kcal/mol,cal/(mol K),0,C7H8O,GFN2-xTB/ALPB toluene gsolv + qRRHO + 1M,data/reference_thermochemistry/benzyl_alcohol/stationarity/result.json,0d8d739b15132b3eaadd6017059fd5f058ed99b882729013224aa941f77742c2,data/reference_thermochemistry/benzyl_alcohol/stationarity/result.json#/attempts/0/native_command,data/datasets/thermochemistry/export_protocol.json,data/reference_thermochemistry/benzyl_alcohol/stationarity/accepted_geometry.xyz,f4897da33f477e49dfa225e23571ab1376182c83d5412b994134a99a99cc75c0,data/reference_thermochemistry/benzyl_alcohol/stationarity/hessian_00.npz,c52a5006fbe9a528104aa37196ed30e3ab66fb315bb59581763faae755cfd29c,conformer_01,0,383.15,lowest G383.15 among eligible certificates; same geometry at all T,101325.0,1.0,100.0,0,1
benzyl_alcohol,,reference,410.0,-14505.269022487804,80.74314094133545,-14415.44141261745,98.76746995104354,95.40263660065625,-14451.691965725588,2.8645278981321125,kcal/mol,cal/(mol K),0,C7H8O,GFN2-xTB/ALPB toluene gsolv + qRRHO + 1M,data/reference_thermochemistry/benzyl_alcohol/stationarity/result.json,0d8d739b15132b3eaadd6017059fd5f058ed99b882729013224aa941f77742c2,data/reference_thermochemistry/benzyl_alcohol/stationarity/result.json#/attempts/0/native_command,data/datasets/thermochemistry/export_protocol.json,data/reference_thermochemistry/benzyl_alcohol/stationarity/accepted_geometry.xyz,f4897da33f477e49dfa225e23571ab1376182c83d5412b994134a99a99cc75c0,data/reference_thermochemistry/benzyl_alcohol/stationarity/hessian_00.npz,c52a5006fbe9a528104aa37196ed30e3ab66fb315bb59581763faae755cfd29c,conformer_01,0,383.15,lowest G383.15 among eligible certificates; same geometry at all T,101325.0,1.0,100.0,0,1
benzyl_alcohol,,reference,420.0,-14505.269022487804,80.74314094133545,-14415.041716403837,99.73059966584749,96.33473127598255,-14452.547796669527,2.954506870223601,kcal/mol,cal/(mol K),0,C7H8O,GFN2-xTB/ALPB toluene gsolv + qRRHO + 1M,data/reference_thermochemistry/benzyl_alcohol/stationarity/result.json,0d8d739b15132b3eaadd6017059fd5f058ed99b882729013224aa941f77742c2,data/reference_thermochemistry/benzyl_alcohol/stationarity/result.json#/attempts/0/native_command,data/datasets/thermochemistry/export_protocol.json,data/reference_thermochemistry/benzyl_alcohol/stationarity/accepted_geometry.xyz,f4897da33f477e49dfa225e23571ab1376182c83d5412b994134a99a99cc75c0,data/reference_thermochemistry/benzyl_alcohol/stationarity/hessian_00.npz,c52a5006fbe9a528104aa37196ed30e3ab66fb315bb59581763faae755cfd29c,conformer_01,0,383.15,lowest G383.15 among eligible certificates; same geometry at all T,101325.0,1.0,100.0,0,1
benzyl_alcohol,,reference,430.0,-14505.269022487804,80.74314094133545,-14414.633766022373,100.69048946029557,97.26429596679681,-14453.412454257195,3.044959030900024,kcal/mol,cal/(mol K),0,C7H8O,GFN2-xTB/ALPB toluene gsolv + qRRHO + 1M,data/reference_thermochemistry/benzyl_alcohol/stationarity/result.json,0d8d739b15132b3eaadd6017059fd5f058ed99b882729013224aa941f77742c2,data/reference_thermochemistry/benzyl_alcohol/stationarity/result.json#/attempts/0/native_command,data/datasets/thermochemistry/export_protocol.json,data/reference_thermochemistry/benzyl_alcohol/stationarity/accepted_geometry.xyz,f4897da33f477e49dfa225e23571ab1376182c83d5412b994134a99a99cc75c0,data/reference_thermochemistry/benzyl_alcohol/stationarity/hessian_00.npz,c52a5006fbe9a528104aa37196ed30e3ab66fb315bb59581763faae755cfd29c,conformer_01,0,383.15,lowest G383.15 among eligible certificates; same geometry at all T,101325.0,1.0,100.0,0,1
benzyl_alcohol,,reference,440.0,-14505.269022487804,80.74314094133545,-14414.217709990984,101.64694686261588,98.19110678327148,-14454.285923601856,3.135873373767528,kcal/mol,cal/(mol K),0,C7H8O,GFN2-xTB/ALPB toluene gsolv + qRRHO + 1M,data/reference_thermochemistry/benzyl_alcohol/stationarity/result.json,0d8d739b15132b3eaadd6017059fd5f058ed99b882729013224aa941f77742c2,data/reference_thermochemistry/benzyl_alcohol/stationarity/result.json#/attempts/0/native_command,data/datasets/thermochemistry/export_protocol.json,data/reference_thermochemistry/benzyl_alcohol/stationarity/accepted_geometry.xyz,f4897da33f477e49dfa225e23571ab1376182c83d5412b994134a99a99cc75c0,data/reference_thermochemistry/benzyl_alcohol/stationarity/hessian_00.npz,c52a5006fbe9a528104aa37196ed30e3ab66fb315bb59581763faae755cfd29c,conformer_01,0,383.15,lowest G383.15 among eligible certificates; same geometry at all T,101325.0,1.0,100.0,0,1
hemiaminal,,reference,298.15,-26008.279573098363,139.86874538065604,-25859.502388157158,116.48629528285987,111.62136802171509,-25890.887970587337,1.894328445494145,kcal/mol,cal/(mol K),0,C13H13NO,GFN2-xTB/ALPB toluene gsolv + qRRHO + 1M,data/reference_thermochemistry/hemiaminal/stationarity/result.json,c87bc196360d78217ef6e0528c5db5f9660bc58ea6815663a40e35b3495caff7,data/reference_thermochemistry/hemiaminal/stationarity/result.json#/attempts/0/native_command,data/datasets/thermochemistry/export_protocol.json,data/reference_thermochemistry/hemiaminal/stationarity/accepted_geometry.xyz,43c120f6fa5106717960454234119afe3ec98c29b1709477c98d887599f3c399,data/reference_thermochemistry/hemiaminal/stationarity/hessian_00.npz,711a7c4d09980744a16cc9ec29921e184db45bc50a5ba5cb4383c551e9ea48f9,conformer_02,0,383.15,lowest G383.15 among eligible certificates; same geometry at all T,101325.0,1.0,100.0,0,1
hemiaminal,,reference,340.0,-26008.279573098363,139.86874538065604,-25857.082802321936,124.06983684363074,118.69902535527604,-25895.19149815836,2.248972784367174,kcal/mol,cal/(mol K),0,C13H13NO,GFN2-xTB/ALPB toluene gsolv + qRRHO + 1M,data/reference_thermochemistry/hemiaminal/stationarity/result.json,c87bc196360d78217ef6e0528c5db5f9660bc58ea6815663a40e35b3495caff7,data/reference_thermochemistry/hemiaminal/stationarity/result.json#/attempts/0/native_command,data/datasets/thermochemistry/export_protocol.json,data/reference_thermochemistry/hemiaminal/stationarity/accepted_geometry.xyz,43c120f6fa5106717960454234119afe3ec98c29b1709477c98d887599f3c399,data/reference_thermochemistry/hemiaminal/stationarity/hessian_00.npz,711a7c4d09980744a16cc9ec29921e184db45bc50a5ba5cb4383c551e9ea48f9,conformer_02,0,383.15,lowest G383.15 among eligible certificates; same geometry at all T,101325.0,1.0,100.0,0,1
hemiaminal,,reference,350.0,-26008.279573098363,139.86874538065604,-25856.459900699076,125.87535633475261,120.3925248893645,-25896.26200391277,2.3352804975836268,kcal/mol,cal/(mol K),0,C13H13NO,GFN2-xTB/ALPB toluene gsolv + qRRHO + 1M,data/reference_thermochemistry/hemiaminal/stationarity/result.json,c87bc196360d78217ef6e0528c5db5f9660bc58ea6815663a40e35b3495caff7,data/reference_thermochemistry/hemiaminal/stationarity/result.json#/attempts/0/native_command,data/datasets/thermochemistry/export_protocol.json,data/reference_thermochemistry/hemiaminal/stationarity/accepted_geometry.xyz,43c120f6fa5106717960454234119afe3ec98c29b1709477c98d887599f3c399,data/reference_thermochemistry/hemiaminal/stationarity/hessian_00.npz,711a7c4d09980744a16cc9ec29921e184db45bc50a5ba5cb4383c551e9ea48f9,conformer_02,0,383.15,lowest G383.15 among eligible certificates; same geometry at all T,101325.0,1.0,100.0,0,1
hemiaminal,,reference,360.0,-26008.279573098363,139.86874538065604,-25855.82012899807,127.67753848648744,122.0857265272252,-25897.348834487155,2.422156060718619,kcal/mol,cal/(mol K),0,C13H13NO,GFN2-xTB/ALPB toluene gsolv + qRRHO + 1M,data/reference_thermochemistry/hemiaminal/stationarity/result.json,c87bc196360d78217ef6e0528c5db5f9660bc58ea6815663a40e35b3495caff7,data/reference_thermochemistry/hemiaminal/stationarity/result.json#/attempts/0/native_command,data/datasets/thermochemistry/export_protocol.json,data/reference_thermochemistry/hemiaminal/stationarity/accepted_geometry.xyz,43c120f6fa5106717960454234119afe3ec98c29b1709477c98d887599f3c399,data/reference_thermochemistry/hemiaminal/stationarity/hessian_00.npz,711a7c4d09980744a16cc9ec29921e184db45bc50a5ba5cb4383c551e9ea48f9,conformer_02,0,383.15,lowest G383.15 among eligible certificates; same geometry at all T,101325.0,1.0,100.0,0,1
hemiaminal,,reference,370.0,-26008.279573098363,139.86874538065604,-25855.163715184786,129.47594163687944,123.77803050234729,-25898.452002774608,2.509583696046293,kcal/mol,cal/(mol K),0,C13H13NO,GFN2-xTB/ALPB toluene gsolv + qRRHO + 1M,data/reference_thermochemistry/hemiaminal/stationarity/result.json,c87bc196360d78217ef6e0528c5db5f9660bc58ea6815663a40e35b3495caff7,data/reference_thermochemistry/hemiaminal/stationarity/result.json#/attempts/0/native_command,data/datasets/thermochemistry/export_protocol.json,data/reference_thermochemistry/hemiaminal/stationarity/accepted_geometry.xyz,43c120f6fa5106717960454234119afe3ec98c29b1709477c98d887599f3c399,data/reference_thermochemistry/hemiaminal/stationarity/hessian_00.npz,711a7c4d09980744a16cc9ec29921e184db45bc50a5ba5cb4383c551e9ea48f9,conformer_02,0,383.15,lowest G383.15 among eligible certificates; same geometry at all T,101325.0,1.0,100.0,0,1
hemiaminal,,reference,380.0,-26008.279573098363,139.86874538065604,-25854.490904380444,131.2701136897137,125.46883846232876,-25899.57151451712,2.597548479011341,kcal/mol,cal/(mol K),0,C13H13NO,GFN2-xTB/ALPB toluene gsolv + qRRHO + 1M,data/reference_thermochemistry/hemiaminal/stationarity/result.json,c87bc196360d78217ef6e0528c5db5f9660bc58ea6815663a40e35b3495caff7,data/reference_thermochemistry/hemiaminal/stationarity/result.json#/attempts/0/native_command,data/datasets/thermochemistry/export_protocol.json,data/reference_thermochemistry/hemiaminal/stationarity/accepted_geometry.xyz,43c120f6fa5106717960454234119afe3ec98c29b1709477c98d887599f3c399,data/reference_thermochemistry/hemiaminal/stationarity/hessian_00.npz,711a7c4d09980744a16cc9ec29921e184db45bc50a5ba5cb4383c551e9ea48f9,conformer_02,0,383.15,lowest G383.15 among eligible certificates; same geometry at all T,101325.0,1.0,100.0,0,1
hemiaminal,,reference,383.15,-26008.279573098363,139.86874538065604,-25854.275614094873,131.83432887540135,126.001038491067,-25899.927545637154,2.625366355574337,kcal/mol,cal/(mol K),0,C13H13NO,GFN2-xTB/ALPB toluene gsolv + qRRHO + 1M,data/reference_thermochemistry/hemiaminal/stationarity/result.json,c87bc196360d78217ef6e0528c5db5f9660bc58ea6815663a40e35b3495caff7,data/reference_thermochemistry/hemiaminal/stationarity/result.json#/attempts/0/native_command,data/datasets/thermochemistry/export_protocol.json,data/reference_thermochemistry/hemiaminal/stationarity/accepted_geometry.xyz,43c120f6fa5106717960454234119afe3ec98c29b1709477c98d887599f3c399,data/reference_thermochemistry/hemiaminal/stationarity/hessian_00.npz,711a7c4d09980744a16cc9ec29921e184db45bc50a5ba5cb4383c551e9ea48f9,conformer_02,0,383.15,lowest G383.15 among eligible certificates; same geometry at all T,101325.0,1.0,100.0,0,1
hemiaminal,,reference,390.0,-26008.279573098363,139.86874538065604,-25853.801956180054,133.05960016691984,127.15756038311002,-25900.70736845863,2.686036270841015,kcal/mol,cal/(mol K),0,C13H13NO,GFN2-xTB/ALPB toluene gsolv + qRRHO + 1M,data/reference_thermochemistry/hemiaminal/stationarity/result.json,c87bc196360d78217ef6e0528c5db5f9660bc58ea6815663a40e35b3495caff7,data/reference_thermochemistry/hemiaminal/stationarity/result.json#/attempts/0/native_command,data/datasets/thermochemistry/export_protocol.json,data/reference_thermochemistry/hemiaminal/stationarity/accepted_geometry.xyz,43c120f6fa5106717960454234119afe3ec98c29b1709477c98d887599f3c399,data/reference_thermochemistry/hemiaminal/stationarity/hessian_00.npz,711a7c4d09980744a16cc9ec29921e184db45bc50a5ba5cb4383c551e9ea48f9,conformer_02,0,383.15,lowest G383.15 among eligible certificates; same geometry at all T,101325.0,1.0,100.0,0,1
hemiaminal,,reference,400.0,-26008.279573098363,139.86874538065604,-25853.09714211831,134.8439508680303,128.84362022167286,-25901.859556548905,2.775033658072708,kcal/mol,cal/(mol K),0,C13H13NO,GFN2-xTB/ALPB toluene gsolv + qRRHO + 1M,data/reference_thermochemistry/hemiaminal/stationarity/result.json,c87bc196360d78217ef6e0528c5db5f9660bc58ea6815663a40e35b3495caff7,data/reference_thermochemistry/hemiaminal/stationarity/result.json#/attempts/0/native_command,data/datasets/thermochemistry/export_protocol.json,data/reference_thermochemistry/hemiaminal/stationarity/accepted_geometry.xyz,43c120f6fa5106717960454234119afe3ec98c29b1709477c98d887599f3c399,data/reference_thermochemistry/hemiaminal/stationarity/hessian_00.npz,711a7c4d09980744a16cc9ec29921e184db45bc50a5ba5cb4383c551e9ea48f9,conformer_02,0,383.15,lowest G383.15 among eligible certificates; same geometry at all T,101325.0,1.0,100.0,0,1
hemiaminal,,reference,410.0,-26008.279573098363,139.86874538065604,-25852.376743303383,136.6227252926209,130.52646044563647,-25903.02806418796,2.8645278981321125,kcal/mol,cal/(mol K),0,C13H13NO,GFN2-xTB/ALPB toluene gsolv + qRRHO + 1M,data/reference_thermochemistry/hemiaminal/stationarity/result.json,c87bc196360d78217ef6e0528c5db5f9660bc58ea6815663a40e35b3495caff7,data/reference_thermochemistry/hemiaminal/stationarity/result.json#/attempts/0/native_command,data/datasets/thermochemistry/export_protocol.json,data/reference_thermochemistry/hemiaminal/stationarity/accepted_geometry.xyz,43c120f6fa5106717960454234119afe3ec98c29b1709477c98d887599f3c399,data/reference_thermochemistry/hemiaminal/stationarity/hessian_00.npz,711a7c4d09980744a16cc9ec29921e184db45bc50a5ba5cb4383c551e9ea48f9,conformer_02,0,383.15,lowest G383.15 among eligible certificates; same geometry at all T,101325.0,1.0,100.0,0,1
hemiaminal,,reference,420.0,-26008.279573098363,139.86874538065604,-25851.641048231326,138.39549697372985,132.20554557285868,-25904.212870501702,2.954506870223601,kcal/mol,cal/(mol K),0,C13H13NO,GFN2-xTB/ALPB toluene gsolv + qRRHO + 1M,data/reference_thermochemistry/hemiaminal/stationarity/result.json,c87bc196360d78217ef6e0528c5db5f9660bc58ea6815663a40e35b3495caff7,data/reference_thermochemistry/hemiaminal/stationarity/result.json#/attempts/0/native_command,data/datasets/thermochemistry/export_protocol.json,data/reference_thermochemistry/hemiaminal/stationarity/accepted_geometry.xyz,43c120f6fa5106717960454234119afe3ec98c29b1709477c98d887599f3c399,data/reference_thermochemistry/hemiaminal/stationarity/hessian_00.npz,711a7c4d09980744a16cc9ec29921e184db45bc50a5ba5cb4383c551e9ea48f9,conformer_02,0,383.15,lowest G383.15 among eligible certificates; same geometry at all T,101325.0,1.0,100.0,0,1
hemiaminal,,reference,430.0,-26008.279573098363,139.86874538065604,-25850.89035078785,140.16185686069542,133.88036484677636,-25905.413948641064,3.044959030900024,kcal/mol,cal/(mol K),0,C13H13NO,GFN2-xTB/ALPB toluene gsolv + qRRHO + 1M,data/reference_thermochemistry/hemiaminal/stationarity/result.json,c87bc196360d78217ef6e0528c5db5f9660bc58ea6815663a40e35b3495caff7,data/reference_thermochemistry/hemiaminal/stationarity/result.json#/attempts/0/native_command,data/datasets/thermochemistry/export_protocol.json,data/reference_thermochemistry/hemiaminal/stationarity/accepted_geometry.xyz,43c120f6fa5106717960454234119afe3ec98c29b1709477c98d887599f3c399,data/reference_thermochemistry/hemiaminal/stationarity/hessian_00.npz,711a7c4d09980744a16cc9ec29921e184db45bc50a5ba5cb4383c551e9ea48f9,conformer_02,0,383.15,lowest G383.15 among eligible certificates; same geometry at all T,101325.0,1.0,100.0,0,1
hemiaminal,,reference,440.0,-26008.279573098363,139.86874538065604,-25850.124948438614,141.9214158792988,135.55043416449809,-25906.631266097225,3.135873373767528,kcal/mol,cal/(mol K),0,C13H13NO,GFN2-xTB/ALPB toluene gsolv + qRRHO + 1M,data/reference_thermochemistry/hemiaminal/stationarity/result.json,c87bc196360d78217ef6e0528c5db5f9660bc58ea6815663a40e35b3495caff7,data/reference_thermochemistry/hemiaminal/stationarity/result.json#/attempts/0/native_command,data/datasets/thermochemistry/export_protocol.json,data/reference_thermochemistry/hemiaminal/stationarity/accepted_geometry.xyz,43c120f6fa5106717960454234119afe3ec98c29b1709477c98d887599f3c399,data/reference_thermochemistry/hemiaminal/stationarity/hessian_00.npz,711a7c4d09980744a16cc9ec29921e184db45bc50a5ba5cb4383c551e9ea48f9,conformer_02,0,383.15,lowest G383.15 among eligible certificates; same geometry at all T,101325.0,1.0,100.0,0,1
imine,,reference,298.15,-22803.807504411663,122.88420864889022,-22673.092198023354,107.93395949550326,104.31443221940236,-22702.299217544074,1.894328445494145,kcal/mol,cal/(mol K),0,C13H11N,GFN2-xTB/ALPB toluene gsolv + qRRHO + 1M,data/reference_thermochemistry/imine/stationarity/result.json,2ee89b5a8c79986ed8f229f1f3ade61a7e00647f67f221ceee47af2a271952a1,data/reference_thermochemistry/imine/stationarity/result.json#/attempts/0/native_command,data/datasets/thermochemistry/export_protocol.json,data/reference_thermochemistry/imine/stationarity/accepted_geometry.xyz,320207d7a21680926414b387b1b8cd3adcb066bb7fc19106fe58731629d2bffb,data/reference_thermochemistry/imine/stationarity/hessian_00.npz,a94e2ab678a36c063d8f4bfe28a3f471fce72f64ae5d5410d494060438662da3,conformer_01,0,383.15,lowest G383.15 among eligible certificates; same geometry at all T,101325.0,1.0,100.0,0,1
imine,,reference,340.0,-22803.807504411663,122.88420864889022,-22670.9668534667,114.59502369938738,110.55942759030064,-22706.308086063036,2.248972784367174,kcal/mol,cal/(mol K),0,C13H11N,GFN2-xTB/ALPB toluene gsolv + qRRHO + 1M,data/reference_thermochemistry/imine/stationarity/result.json,2ee89b5a8c79986ed8f229f1f3ade61a7e00647f67f221ceee47af2a271952a1,data/reference_thermochemistry/imine/stationarity/result.json#/attempts/0/native_command,data/datasets/thermochemistry/export_protocol.json,data/reference_thermochemistry/imine/stationarity/accepted_geometry.xyz,320207d7a21680926414b387b1b8cd3adcb066bb7fc19106fe58731629d2bffb,data/reference_thermochemistry/imine/stationarity/hessian_00.npz,a94e2ab678a36c063d8f4bfe28a3f471fce72f64ae5d5410d494060438662da3,conformer_01,0,383.15,lowest G383.15 among eligible certificates; same geometry at all T,101325.0,1.0,100.0,0,1
imine,,reference,350.0,-22803.807504411663,122.88420864889022,-22670.41858055137,116.18422434090175,112.05647931327519,-22707.30306781343,2.3352804975836268,kcal/mol,cal/(mol K),0,C13H11N,GFN2-xTB/ALPB toluene gsolv + qRRHO + 1M,data/reference_thermochemistry/imine/stationarity/result.json,2ee89b5a8c79986ed8f229f1f3ade61a7e00647f67f221ceee47af2a271952a1,data/reference_thermochemistry/imine/stationarity/result.json#/attempts/0/native_command,data/datasets/thermochemistry/export_protocol.json,data/reference_thermochemistry/imine/stationarity/accepted_geometry.xyz,320207d7a21680926414b387b1b8cd3adcb066bb7fc19106fe58731629d2bffb,data/reference_thermochemistry/imine/stationarity/hessian_00.npz,a94e2ab678a36c063d8f4bfe28a3f471fce72f64ae5d5410d494060438662da3,conformer_01,0,383.15,lowest G383.15 among eligible certificates; same geometry at all T,101325.0,1.0,100.0,0,1
imine,,reference,360.0,-22803.807504411663,122.88420864889022,-22669.855050671038,117.77163717392472,113.55423823258775,-22708.31242037405,2.422156060718619,kcal/mol,cal/(mol K),0,C13H11N,GFN2-xTB/ALPB toluene gsolv + qRRHO + 1M,data/reference_thermochemistry/imine/stationarity/result.json,2ee89b5a8c79986ed8f229f1f3ade61a7e00647f67f221ceee47af2a271952a1,data/reference_thermochemistry/imine/stationarity/result.json#/attempts/0/native_command,data/datasets/thermochemistry/export_protocol.json,data/reference_thermochemistry/imine/stationarity/accepted_geometry.xyz,320207d7a21680926414b387b1b8cd3adcb066bb7fc19106fe58731629d2bffb,data/reference_thermochemistry/imine/stationarity/hessian_00.npz,a94e2ab678a36c063d8f4bfe28a3f471fce72f64ae5d5410d494060438662da3,conformer_01,0,383.15,lowest G383.15 among eligible certificates; same geometry at all T,101325.0,1.0,100.0,0,1
imine,,reference,370.0,-22803.807504411663,122.88420864889022,-22669.276463581005,119.356812910553,115.05212567920918,-22709.336166386267,2.509583696046293,kcal/mol,cal/(mol K),0,C13H11N,GFN2-xTB/ALPB toluene gsolv + qRRHO + 1M,data/reference_thermochemistry/imine/stationarity/result.json,2ee89b5a8c79986ed8f229f1f3ade61a7e00647f67f221ceee47af2a271952a1,data/reference_thermochemistry/imine/stationarity/result.json#/attempts/0/native_command,data/datasets/thermochemistry/export_protocol.json,data/reference_thermochemistry/imine/stationarity/accepted_geometry.xyz,320207d7a21680926414b387b1b8cd3adcb066bb7fc19106fe58731629d2bffb,data/reference_thermochemistry/imine/stationarity/hessian_00.npz,a94e2ab678a36c063d8f4bfe28a3f471fce72f64ae5d5410d494060438662da3,conformer_01,0,383.15,lowest G383.15 among eligible certificates; same geometry at all T,101325.0,1.0,100.0,0,1
imine,,reference,380.0,-22803.807504411663,122.88420864889022,-22668.6830350458,120.93929549689149,116.5495658723283,-22710.374321598276,2.597548479011341,kcal/mol,cal/(mol K),0,C13H11N,GFN2-xTB/ALPB toluene gsolv + qRRHO + 1M,data/reference_thermochemistry/imine/stationarity/result.json,2ee89b5a8c79986ed8f229f1f3ade61a7e00647f67f221ceee47af2a271952a1,data/reference_thermochemistry/imine/stationarity/result.json#/attempts/0/native_command,data/datasets/thermochemistry/export_protocol.json,data/reference_thermochemistry/imine/stationarity/accepted_geometry.xyz,320207d7a21680926414b387b1b8cd3adcb066bb7fc19106fe58731629d2bffb,data/reference_thermochemistry/imine/stationarity/hessian_00.npz,a94e2ab678a36c063d8f4bfe28a3f471fce72f64ae5d5410d494060438662da3,conformer_01,0,383.15,lowest G383.15 among eligible certificates; same geometry at all T,101325.0,1.0,100.0,0,1
imine,,reference,383.15,-22803.807504411663,122.88420864889022,-22668.493067521842,121.43714679178062,117.02107600359122,-22710.704326437044,2.625366355574337,kcal/mol,cal/(mol K),0,C13H11N,GFN2-xTB/ALPB toluene gsolv + qRRHO + 1M,data/reference_thermochemistry/imine/stationarity/result.json,2ee89b5a8c79986ed8f229f1f3ade61a7e00647f67f221ceee47af2a271952a1,data/reference_thermochemistry/imine/stationarity/result.json#/attempts/0/native_command,data/datasets/thermochemistry/export_protocol.json,data/reference_thermochemistry/imine/stationarity/accepted_geometry.xyz,320207d7a21680926414b387b1b8cd3adcb066bb7fc19106fe58731629d2bffb,data/reference_thermochemistry/imine/stationarity/hessian_00.npz,a94e2ab678a36c063d8f4bfe28a3f471fce72f64ae5d5410d494060438662da3,conformer_01,0,383.15,lowest G383.15 among eligible certificates; same geometry at all T,101325.0,1.0,100.0,0,1
imine,,reference,390.0,-22803.807504411663,122.88420864889022,-22668.07499431267,122.51862938147904,118.04599226581357,-22711.426895025495,2.686036270841015,kcal/mol,cal/(mol K),0,C13H11N,GFN2-xTB/ALPB toluene gsolv + qRRHO + 1M,data/reference_thermochemistry/imine/stationarity/result.json,2ee89b5a8c79986ed8f229f1f3ade61a7e00647f67f221ceee47af2a271952a1,data/reference_thermochemistry/imine/stationarity/result.json#/attempts/0/native_command,data/datasets/thermochemistry/export_protocol.json,data/reference_thermochemistry/imine/stationarity/accepted_geometry.xyz,320207d7a21680926414b387b1b8cd3adcb066bb7fc19106fe58731629d2bffb,data/reference_thermochemistry/imine/stationarity/hessian_00.npz,a94e2ab678a36c063d8f4bfe28a3f471fce72f64ae5d5410d494060438662da3,conformer_01,0,383.15,lowest G383.15 among eligible certificates; same geometry at all T,101325.0,1.0,100.0,0,1
imine,,reference,400.0,-22803.807504411663,122.88420864889022,-22667.452581749276,124.09436544746525,119.54085266401941,-22712.493889156813,2.775033658072708,kcal/mol,cal/(mol K),0,C13H11N,GFN2-xTB/ALPB toluene gsolv + qRRHO + 1M,data/reference_thermochemistry/imine/stationarity/result.json,2ee89b5a8c79986ed8f229f1f3ade61a7e00647f67f221ceee47af2a271952a1,data/reference_thermochemistry/imine/stationarity/result.json#/attempts/0/native_command,data/datasets/thermochemistry/export_protocol.json,data/reference_thermochemistry/imine/stationarity/accepted_geometry.xyz,320207d7a21680926414b387b1b8cd3adcb066bb7fc19106fe58731629d2bffb,data/reference_thermochemistry/imine/stationarity/hessian_00.npz,a94e2ab678a36c063d8f4bfe28a3f471fce72f64ae5d5410d494060438662da3,conformer_01,0,383.15,lowest G383.15 among eligible certificates; same geometry at all T,101325.0,1.0,100.0,0,1
imine,,reference,410.0,-22803.807504411663,122.88420864889022,-22666.816046657274,125.66606577803651,121.03361326253363,-22713.575300196782,2.8645278981321125,kcal/mol,cal/(mol K),0,C13H11N,GFN2-xTB/ALPB toluene gsolv + qRRHO + 1M,data/reference_thermochemistry/imine/stationarity/result.json,2ee89b5a8c79986ed8f229f1f3ade61a7e00647f67f221ceee47af2a271952a1,data/reference_thermochemistry/imine/stationarity/result.json#/attempts/0/native_command,data/datasets/thermochemistry/export_protocol.json,data/reference_thermochemistry/imine/stationarity/accepted_geometry.xyz,320207d7a21680926414b387b1b8cd3adcb066bb7fc19106fe58731629d2bffb,data/reference_thermochemistry/imine/stationarity/hessian_00.npz,a94e2ab678a36c063d8f4bfe28a3f471fce72f64ae5d5410d494060438662da3,conformer_01,0,383.15,lowest G383.15 among eligible certificates; same geometry at all T,101325.0,1.0,100.0,0,1
imine,,reference,420.0,-22803.807504411663,122.88420864889022,-22666.165645267385,127.23330740980818,122.52376175671924,-22714.671118334983,2.954506870223601,kcal/mol,cal/(mol K),0,C13H11N,GFN2-xTB/ALPB toluene gsolv + qRRHO + 1M,data/reference_thermochemistry/imine/stationarity/result.json,2ee89b5a8c79986ed8f229f1f3ade61a7e00647f67f221ceee47af2a271952a1,data/reference_thermochemistry/imine/stationarity/result.json#/attempts/0/native_command,data/datasets/thermochemistry/export_protocol.json,data/reference_thermochemistry/imine/stationarity/accepted_geometry.xyz,320207d7a21680926414b387b1b8cd3adcb066bb7fc19106fe58731629d2bffb,data/reference_thermochemistry/imine/stationarity/hessian_00.npz,a94e2ab678a36c063d8f4bfe28a3f471fce72f64ae5d5410d494060438662da3,conformer_01,0,383.15,lowest G383.15 among eligible certificates; same geometry at all T,101325.0,1.0,100.0,0,1
imine,,reference,430.0,-22803.807504411663,122.88420864889022,-22665.5016389173,128.79568521437315,124.01080964809294,-22715.78132803508,3.044959030900024,kcal/mol,cal/(mol K),0,C13H11N,GFN2-xTB/ALPB toluene gsolv + qRRHO + 1M,data/reference_thermochemistry/imine/stationarity/result.json,2ee89b5a8c79986ed8f229f1f3ade61a7e00647f67f221ceee47af2a271952a1,data/reference_thermochemistry/imine/stationarity/result.json#/attempts/0/native_command,data/datasets/thermochemistry/export_protocol.json,data/reference_thermochemistry/imine/stationarity/accepted_geometry.xyz,320207d7a21680926414b387b1b8cd3adcb066bb7fc19106fe58731629d2bffb,data/reference_thermochemistry/imine/stationarity/hessian_00.npz,a94e2ab678a36c063d8f4bfe28a3f471fce72f64ae5d5410d494060438662da3,conformer_01,0,383.15,lowest G383.15 among eligible certificates; same geometry at all T,101325.0,1.0,100.0,0,1
imine,,reference,440.0,-22803.807504411663,122.88420864889022,-22664.824292409758,130.3528140341492,125.49429386597961,-22716.90590833702,3.135873373767528,kcal/mol,cal/(mol K),0,C13H11N,GFN2-xTB/ALPB toluene gsolv + qRRHO + 1M,data/reference_thermochemistry/imine/stationarity/result.json,2ee89b5a8c79986ed8f229f1f3ade61a7e00647f67f221ceee47af2a271952a1,data/reference_thermochemistry/imine/stationarity/result.json#/attempts/0/native_command,data/datasets/thermochemistry/export_protocol.json,data/reference_thermochemistry/imine/stationarity/accepted_geometry.xyz,320207d7a21680926414b387b1b8cd3adcb066bb7fc19106fe58731629d2bffb,data/reference_thermochemistry/imine/stationarity/hessian_00.npz,a94e2ab678a36c063d8f4bfe28a3f471fce72f64ae5d5410d494060438662da3,conformer_01,0,383.15,lowest G383.15 among eligible certificates; same geometry at all T,101325.0,1.0,100.0,0,1
product_amine,,reference,298.15,-23455.525552190105,137.84286362943251,-23309.60501689029,111.4238866101608,106.24354154662143,-23339.387200356923,1.894328445494145,kcal/mol,cal/(mol K),0,C13H13N,GFN2-xTB/ALPB toluene gsolv + qRRHO + 1M,data/reference_thermochemistry/product_amine/stationarity/result.json,e12171d1b82ce6be4486cc215dd7d930921558e6a27498d7d946e102e88597f5,data/reference_thermochemistry/product_amine/stationarity/result.json#/attempts/0/native_command,data/datasets/thermochemistry/export_protocol.json,data/reference_thermochemistry/product_amine/stationarity/accepted_geometry.xyz,1310231bc0e8cfa7827d24c6e16bb1ae55f4c47ed9c416194f0e2ec8627a6231,data/reference_thermochemistry/product_amine/stationarity/hessian_00.npz,e0a82691865e570f53cc6bb7b32c298c96add14e7eac0c19b74ce5b401cfceb6,conformer_03,0,383.15,lowest G383.15 among eligible certificates; same geometry at all T,101325.0,1.0,100.0,0,1
product_amine,,reference,340.0,-23455.525552190105,137.84286362943251,-23307.38287255963,118.38811805288599,112.79157849245581,-23343.483036462694,2.248972784367174,kcal/mol,cal/(mol K),0,C13H13N,GFN2-xTB/ALPB toluene gsolv + qRRHO + 1M,data/reference_thermochemistry/product_amine/stationarity/result.json,e12171d1b82ce6be4486cc215dd7d930921558e6a27498d7d946e102e88597f5,data/reference_thermochemistry/product_amine/stationarity/result.json#/attempts/0/native_command,data/datasets/thermochemistry/export_protocol.json,data/reference_thermochemistry/product_amine/stationarity/accepted_geometry.xyz,1310231bc0e8cfa7827d24c6e16bb1ae55f4c47ed9c416194f0e2ec8627a6231,data/reference_thermochemistry/product_amine/stationarity/hessian_00.npz,e0a82691865e570f53cc6bb7b32c298c96add14e7eac0c19b74ce5b401cfceb6,conformer_03,0,383.15,lowest G383.15 among eligible certificates; same geometry at all T,101325.0,1.0,100.0,0,1
product_amine,,reference,350.0,-23455.525552190105,137.84286362943251,-23306.808686599637,120.0524267119468,114.36376878053255,-23344.50072517524,2.3352804975836268,kcal/mol,cal/(mol K),0,C13H13N,GFN2-xTB/ALPB toluene gsolv + qRRHO + 1M,data/reference_thermochemistry/product_amine/stationarity/result.json,e12171d1b82ce6be4486cc215dd7d930921558e6a27498d7d946e102e88597f5,data/reference_thermochemistry/product_amine/stationarity/result.json#/attempts/0/native_command,data/datasets/thermochemistry/export_protocol.json,data/reference_thermochemistry/product_amine/stationarity/accepted_geometry.xyz,1310231bc0e8cfa7827d24c6e16bb1ae55f4c47ed9c416194f0e2ec8627a6231,data/reference_thermochemistry/product_amine/stationarity/hessian_00.npz,e0a82691865e570f53cc6bb7b32c298c96add14e7eac0c19b74ce5b401cfceb6,conformer_03,0,383.15,lowest G383.15 among eligible certificates; same geometry at all T,101325.0,1.0,100.0,0,1
product_amine,,reference,360.0,-23455.525552190105,137.84286362943251,-23306.21817140649,121.71585245535665,115.93758796191926,-23345.533547012063,2.422156060718619,kcal/mol,cal/(mol K),0,C13H13N,GFN2-xTB/ALPB toluene gsolv + qRRHO + 1M,data/reference_thermochemistry/product_amine/stationarity/result.json,e12171d1b82ce6be4486cc215dd7d930921558e6a27498d7d946e102e88597f5,data/reference_thermochemistry/product_amine/stationarity/result.json#/attempts/0/native_command,data/datasets/thermochemistry/export_protocol.json,data/reference_thermochemistry/product_amine/stationarity/accepted_geometry.xyz,1310231bc0e8cfa7827d24c6e16bb1ae55f4c47ed9c416194f0e2ec8627a6231,data/reference_thermochemistry/product_amine/stationarity/hessian_00.npz,e0a82691865e570f53cc6bb7b32c298c96add14e7eac0c19b74ce5b401cfceb6,conformer_03,0,383.15,lowest G383.15 among eligible certificates; same geometry at all T,101325.0,1.0,100.0,0,1
product_amine,,reference,370.0,-23455.525552190105,137.84286362943251,-23305.611529960133,123.3778875757638,117.51239659505234,-23346.581533004257,2.509583696046293,kcal/mol,cal/(mol K),0,C13H13N,GFN2-xTB/ALPB toluene gsolv + qRRHO + 1M,data/reference_thermochemistry/product_amine/stationarity/result.json,e12171d1b82ce6be4486cc215dd7d930921558e6a27498d7d946e102e88597f5,data/reference_thermochemistry/product_amine/stationarity/result.json#/attempts/0/native_command,data/datasets/thermochemistry/export_protocol.json,data/reference_thermochemistry/product_amine/stationarity/accepted_geometry.xyz,1310231bc0e8cfa7827d24c6e16bb1ae55f4c47ed9c416194f0e2ec8627a6231,data/reference_thermochemistry/product_amine/stationarity/hessian_00.npz,e0a82691865e570f53cc6bb7b32c298c96add14e7eac0c19b74ce5b401cfceb6,conformer_03,0,383.15,lowest G383.15 among eligible certificates; same geometry at all T,101325.0,1.0,100.0,0,1
product_amine,,reference,380.0,-23455.525552190105,137.84286362943251,-23304.988982723316,125.03801834371203,119.08755920891532,-23347.644706743693,2.597548479011341,kcal/mol,cal/(mol K),0,C13H13N,GFN2-xTB/ALPB toluene gsolv + qRRHO + 1M,data/reference_thermochemistry/product_amine/stationarity/result.json,e12171d1b82ce6be4486cc215dd7d930921558e6a27498d7d946e102e88597f5,data/reference_thermochemistry/product_amine/stationarity/result.json#/attempts/0/native_command,data/datasets/thermochemistry/export_protocol.json,data/reference_thermochemistry/product_amine/stationarity/accepted_geometry.xyz,1310231bc0e8cfa7827d24c6e16bb1ae55f4c47ed9c416194f0e2ec8627a6231,data/reference_thermochemistry/product_amine/stationarity/hessian_00.npz,e0a82691865e570f53cc6bb7b32c298c96add14e7eac0c19b74ce5b401cfceb6,conformer_03,0,383.15,lowest G383.15 among eligible certificates; same geometry at all T,101325.0,1.0,100.0,0,1
product_amine,,reference,383.15,-23455.525552190105,137.84286362943251,-23304.789623307905,125.56048307664256,119.58370845578608,-23347.982754847166,2.625366355574337,kcal/mol,cal/(mol K),0,C13H13N,GFN2-xTB/ALPB toluene gsolv + qRRHO + 1M,data/reference_thermochemistry/product_amine/stationarity/result.json,e12171d1b82ce6be4486cc215dd7d930921558e6a27498d7d946e102e88597f5,data/reference_thermochemistry/product_amine/stationarity/result.json#/attempts/0/native_command,data/datasets/thermochemistry/export_protocol.json,data/reference_thermochemistry/product_amine/stationarity/accepted_geometry.xyz,1310231bc0e8cfa7827d24c6e16bb1ae55f4c47ed9c416194f0e2ec8627a6231,data/reference_thermochemistry/product_amine/stationarity/hessian_00.npz,e0a82691865e570f53cc6bb7b32c298c96add14e7eac0c19b74ce5b401cfceb6,conformer_03,0,383.15,lowest G383.15 among eligible certificates; same geometry at all T,101325.0,1.0,100.0,0,1
product_amine,,reference,390.0,-23455.525552190105,137.84286362943251,-23304.350765048053,126.69573237269636,120.66245069184615,-23348.723084547033,2.686036270841015,kcal/mol,cal/(mol K),0,C13H13N,GFN2-xTB/ALPB toluene gsolv + qRRHO + 1M,data/reference_thermochemistry/product_amine/stationarity/result.json,e12171d1b82ce6be4486cc215dd7d930921558e6a27498d7d946e102e88597f5,data/reference_thermochemistry/product_amine/stationarity/result.json#/attempts/0/native_command,data/datasets/thermochemistry/export_protocol.json,data/reference_thermochemistry/product_amine/stationarity/accepted_geometry.xyz,1310231bc0e8cfa7827d24c6e16bb1ae55f4c47ed9c416194f0e2ec8627a6231,data/reference_thermochemistry/product_amine/stationarity/hessian_00.npz,e0a82691865e570f53cc6bb7b32c298c96add14e7eac0c19b74ce5b401cfceb6,conformer_03,0,383.15,lowest G383.15 among eligible certificates; same geometry at all T,101325.0,1.0,100.0,0,1
product_amine,,reference,400.0,-23455.525552190105,137.84286362943251,-23303.697124719714,128.35052470320193,122.23646151463385,-23349.816675667495,2.775033658072708,kcal/mol,cal/(mol K),0,C13H13N,GFN2-xTB/ALPB toluene gsolv + qRRHO + 1M,data/reference_thermochemistry/product_amine/stationarity/result.json,e12171d1b82ce6be4486cc215dd7d930921558e6a27498d7d946e102e88597f5,data/reference_thermochemistry/product_amine/stationarity/result.json#/attempts/0/native_command,data/datasets/thermochemistry/export_protocol.json,data/reference_thermochemistry/product_amine/stationarity/accepted_geometry.xyz,1310231bc0e8cfa7827d24c6e16bb1ae55f4c47ed9c416194f0e2ec8627a6231,data/reference_thermochemistry/product_amine/stationarity/hessian_00.npz,e0a82691865e570f53cc6bb7b32c298c96add14e7eac0c19b74ce5b401cfceb6,conformer_03,0,383.15,lowest G383.15 among eligible certificates; same geometry at all T,101325.0,1.0,100.0,0,1
product_amine,,reference,410.0,-23455.525552190105,137.84286362943251,-23303.028319658468,130.0019027468727,123.80900191323084,-23350.92548254476,2.8645278981321125,kcal/mol,cal/(mol K),0,C13H13N,GFN2-xTB/ALPB toluene gsolv + qRRHO + 1M,data/reference_thermochemistry/product_amine/stationarity/result.json,e12171d1b82ce6be4486cc215dd7d930921558e6a27498d7d946e102e88597f5,data/reference_thermochemistry/product_amine/stationarity/result.json#/attempts/0/native_command,data/datasets/thermochemistry/export_protocol.json,data/reference_thermochemistry/product_amine/stationarity/accepted_geometry.xyz,1310231bc0e8cfa7827d24c6e16bb1ae55f4c47ed9c416194f0e2ec8627a6231,data/reference_thermochemistry/product_amine/stationarity/hessian_00.npz,e0a82691865e570f53cc6bb7b32c298c96add14e7eac0c19b74ce5b401cfceb6,conformer_03,0,383.15,lowest G383.15 among eligible certificates; same geometry at all T,101325.0,1.0,100.0,0,1
product_amine,,reference,420.0,-23455.525552190105,137.84286362943251,-23302.34461579074,131.64939022496048,125.37950515186341,-23352.049501084297,2.954506870223601,kcal/mol,cal/(mol K),0,C13H13N,GFN2-xTB/ALPB toluene gsolv + qRRHO + 1M,data/reference_thermochemistry/product_amine/stationarity/result.json,e12171d1b82ce6be4486cc215dd7d930921558e6a27498d7d946e102e88597f5,data/reference_thermochemistry/product_amine/stationarity/result.json#/attempts/0/native_command,data/datasets/thermochemistry/export_protocol.json,data/reference_thermochemistry/product_amine/stationarity/accepted_geometry.xyz,1310231bc0e8cfa7827d24c6e16bb1ae55f4c47ed9c416194f0e2ec8627a6231,data/reference_thermochemistry/product_amine/stationarity/hessian_00.npz,e0a82691865e570f53cc6bb7b32c298c96add14e7eac0c19b74ce5b401cfceb6,conformer_03,0,383.15,lowest G383.15 among eligible certificates; same geometry at all T,101325.0,1.0,100.0,0,1
product_amine,,reference,430.0,-23455.525552190105,137.84286362943251,-23301.646285097613,133.2925302269091,126.94742998106031,-23353.18872095857,3.044959030900024,kcal/mol,cal/(mol K),0,C13H13N,GFN2-xTB/ALPB toluene gsolv + qRRHO + 1M,data/reference_thermochemistry/product_amine/stationarity/result.json,e12171d1b82ce6be4486cc215dd7d930921558e6a27498d7d946e102e88597f5,data/reference_thermochemistry/product_amine/stationarity/result.json#/attempts/0/native_command,data/datasets/thermochemistry/export_protocol.json,data/reference_thermochemistry/product_amine/stationarity/accepted_geometry.xyz,1310231bc0e8cfa7827d24c6e16bb1ae55f4c47ed9c416194f0e2ec8627a6231,data/reference_thermochemistry/product_amine/stationarity/hessian_00.npz,e0a82691865e570f53cc6bb7b32c298c96add14e7eac0c19b74ce5b401cfceb6,conformer_03,0,383.15,lowest G383.15 among eligible certificates; same geometry at all T,101325.0,1.0,100.0,0,1
product_amine,,reference,440.0,-23455.525552190105,137.84286362943251,-23300.93360384222,134.93088750575834,128.51226239763696,-23354.34312592341,3.135873373767528,kcal/mol,cal/(mol K),0,C13H13N,GFN2-xTB/ALPB toluene gsolv + qRRHO + 1M,data/reference_thermochemistry/product_amine/stationarity/result.json,e12171d1b82ce6be4486cc215dd7d930921558e6a27498d7d946e102e88597f5,data/reference_thermochemistry/product_amine/stationarity/result.json#/attempts/0/native_command,data/datasets/thermochemistry/export_protocol.json,data/reference_thermochemistry/product_amine/stationarity/accepted_geometry.xyz,1310231bc0e8cfa7827d24c6e16bb1ae55f4c47ed9c416194f0e2ec8627a6231,data/reference_thermochemistry/product_amine/stationarity/hessian_00.npz,e0a82691865e570f53cc6bb7b32c298c96add14e7eac0c19b74ce5b401cfceb6,conformer_03,0,383.15,lowest G383.15 among eligible certificates; same geometry at all T,101325.0,1.0,100.0,0,1
tert_butanol,,reference,298.15,-11131.370419258841,83.49270381656258,-11042.904512701603,78.4966281031999,78.49092930240515,-11064.412254827621,1.894328445494145,kcal/mol,cal/(mol K),0,C4H10O,GFN2-xTB/ALPB toluene gsolv + qRRHO + 1M,data/reference_thermochemistry/tert_butanol/stationarity/result.json,8adab470849d6646c6d5b52cab0e32e897898300e466093a834b128439fbee79,data/reference_thermochemistry/tert_butanol/stationarity/result.json#/attempts/0/native_command,data/datasets/thermochemistry/export_protocol.json,data/reference_thermochemistry/tert_butanol/stationarity/accepted_geometry.xyz,528ce6cef516220b49746927b16e66a325ccc5797a749a09e16cf5dfe6b1bd99,data/reference_thermochemistry/tert_butanol/stationarity/hessian_00.npz,519f1eb724b3b223ec193e71e4eefe89a521e378f0383d7a15fa5396300f9c25,conformer_01,0,383.15,lowest G383.15 among eligible certificates; same geometry at all T,101325.0,1.0,100.0,0,1
tert_butanol,,reference,340.0,-11131.370419258841,83.49270381656258,-11041.705024462557,82.25711458163252,82.22118063524103,-11067.411253094171,2.248972784367174,kcal/mol,cal/(mol K),0,C4H10O,GFN2-xTB/ALPB toluene gsolv + qRRHO + 1M,data/reference_thermochemistry/tert_butanol/stationarity/result.json,8adab470849d6646c6d5b52cab0e32e897898300e466093a834b128439fbee79,data/reference_thermochemistry/tert_butanol/stationarity/result.json#/attempts/0/native_command,data/datasets/thermochemistry/export_protocol.json,data/reference_thermochemistry/tert_butanol/stationarity/accepted_geometry.xyz,528ce6cef516220b49746927b16e66a325ccc5797a749a09e16cf5dfe6b1bd99,data/reference_thermochemistry/tert_butanol/stationarity/hessian_00.npz,519f1eb724b3b223ec193e71e4eefe89a521e378f0383d7a15fa5396300f9c25,conformer_01,0,383.15,lowest G383.15 among eligible certificates; same geometry at all T,101325.0,1.0,100.0,0,1
tert_butanol,,reference,350.0,-11131.370419258841,83.49270381656258,-11041.400387800657,83.1401326882651,83.09736729010018,-11068.149185854609,2.3352804975836268,kcal/mol,cal/(mol K),0,C4H10O,GFN2-xTB/ALPB toluene gsolv + qRRHO + 1M,data/reference_thermochemistry/tert_butanol/stationarity/result.json,8adab470849d6646c6d5b52cab0e32e897898300e466093a834b128439fbee79,data/reference_thermochemistry/tert_butanol/stationarity/result.json#/attempts/0/native_command,data/datasets/thermochemistry/export_protocol.json,data/reference_thermochemistry/tert_butanol/stationarity/accepted_geometry.xyz,528ce6cef516220b49746927b16e66a325ccc5797a749a09e16cf5dfe6b1bd99,data/reference_thermochemistry/tert_butanol/stationarity/hessian_00.npz,519f1eb724b3b223ec193e71e4eefe89a521e378f0383d7a15fa5396300f9c25,conformer_01,0,383.15,lowest G383.15 among eligible certificates; same geometry at all T,101325.0,1.0,100.0,0,1
tert_butanol,,reference,360.0,-11131.370419258841,83.49270381656258,-11041.08883267014,84.01776515823325,83.96831140119065,-11068.895268713852,2.422156060718619,kcal/mol,cal/(mol K),0,C4H10O,GFN2-xTB/ALPB toluene gsolv + qRRHO + 1M,data/reference_thermochemistry/tert_butanol/stationarity/result.json,8adab470849d6646c6d5b52cab0e32e897898300e466093a834b128439fbee79,data/reference_thermochemistry/tert_butanol/stationarity/result.json#/attempts/0/native_command,data/datasets/thermochemistry/export_protocol.json,data/reference_thermochemistry/tert_butanol/stationarity/accepted_geometry.xyz,528ce6cef516220b49746927b16e66a325ccc5797a749a09e16cf5dfe6b1bd99,data/reference_thermochemistry/tert_butanol/stationarity/hessian_00.npz,519f1eb724b3b223ec193e71e4eefe89a521e378f0383d7a15fa5396300f9c25,conformer_01,0,383.15,lowest G383.15 among eligible certificates; same geometry at all T,101325.0,1.0,100.0,0,1
tert_butanol,,reference,370.0,-11131.370419258841,83.49270381656258,-11040.77039224129,84.8902163156794,84.83421299456688,-11069.649467353232,2.509583696046293,kcal/mol,cal/(mol K),0,C4H10O,GFN2-xTB/ALPB toluene gsolv + qRRHO + 1M,data/reference_thermochemistry/tert_butanol/stationarity/result.json,8adab470849d6646c6d5b52cab0e32e897898300e466093a834b128439fbee79,data/reference_thermochemistry/tert_butanol/stationarity/result.json#/attempts/0/native_command,data/datasets/thermochemistry/export_protocol.json,data/reference_thermochemistry/tert_butanol/stationarity/accepted_geometry.xyz,528ce6cef516220b49746927b16e66a325ccc5797a749a09e16cf5dfe6b1bd99,data/reference_thermochemistry/tert_butanol/stationarity/hessian_00.npz,519f1eb724b3b223ec193e71e4eefe89a521e378f0383d7a15fa5396300f9c25,conformer_01,0,383.15,lowest G383.15 among eligible certificates; same geometry at all T,101325.0,1.0,100.0,0,1
tert_butanol,,reference,380.0,-11131.370419258841,83.49270381656258,-11040.445108490934,85.75765064068774,85.69523226707526,-11070.411748273413,2.597548479011341,kcal/mol,cal/(mol K),0,C4H10O,GFN2-xTB/ALPB toluene gsolv + qRRHO + 1M,data/reference_thermochemistry/tert_butanol/stationarity/result.json,8adab470849d6646c6d5b52cab0e32e897898300e466093a834b128439fbee79,data/reference_thermochemistry/tert_butanol/stationarity/result.json#/attempts/0/native_command,data/datasets/thermochemistry/export_protocol.json,data/reference_thermochemistry/tert_butanol/stationarity/accepted_geometry.xyz,528ce6cef516220b49746927b16e66a325ccc5797a749a09e16cf5dfe6b1bd99,data/reference_thermochemistry/tert_butanol/stationarity/hessian_00.npz,519f1eb724b3b223ec193e71e4eefe89a521e378f0383d7a15fa5396300f9c25,conformer_01,0,383.15,lowest G383.15 among eligible certificates; same geometry at all T,101325.0,1.0,100.0,0,1
tert_butanol,,reference,383.15,-11131.370419258841,83.49270381656258,-11040.34123456663,86.02987510783197,85.96546317330633,-11070.653535425907,2.625366355574337,kcal/mol,cal/(mol K),0,C4H10O,GFN2-xTB/ALPB toluene gsolv + qRRHO + 1M,data/reference_thermochemistry/tert_butanol/stationarity/result.json,8adab470849d6646c6d5b52cab0e32e897898300e466093a834b128439fbee79,data/reference_thermochemistry/tert_butanol/stationarity/result.json#/attempts/0/native_command,data/datasets/thermochemistry/export_protocol.json,data/reference_thermochemistry/tert_butanol/stationarity/accepted_geometry.xyz,528ce6cef516220b49746927b16e66a325ccc5797a749a09e16cf5dfe6b1bd99,data/reference_thermochemistry/tert_butanol/stationarity/hessian_00.npz,519f1eb724b3b223ec193e71e4eefe89a521e378f0383d7a15fa5396300f9c25,conformer_01,0,383.15,lowest G383.15 among eligible certificates; same geometry at all T,101325.0,1.0,100.0,0,1
tert_butanol,,reference,390.0,-11131.370419258841,83.49270381656258,-11040.113031487806,86.62019876646826,86.55149561902019,-11071.182078508384,2.686036270841015,kcal/mol,cal/(mol K),0,C4H10O,GFN2-xTB/ALPB toluene gsolv + qRRHO + 1M,data/reference_thermochemistry/tert_butanol/stationarity/result.json,8adab470849d6646c6d5b52cab0e32e897898300e466093a834b128439fbee79,data/reference_thermochemistry/tert_butanol/stationarity/result.json#/attempts/0/native_command,data/datasets/thermochemistry/export_protocol.json,data/reference_thermochemistry/tert_butanol/stationarity/accepted_geometry.xyz,528ce6cef516220b49746927b16e66a325ccc5797a749a09e16cf5dfe6b1bd99,data/reference_thermochemistry/tert_butanol/stationarity/hessian_00.npz,519f1eb724b3b223ec193e71e4eefe89a521e378f0383d7a15fa5396300f9c25,conformer_01,0,383.15,lowest G383.15 among eligible certificates; same geometry at all T,101325.0,1.0,100.0,0,1
tert_butanol,,reference,400.0,-11131.370419258841,83.49270381656258,-11039.774218616352,87.47796287316058,87.40310107412121,-11071.960425387928,2.775033658072708,kcal/mol,cal/(mol K),0,C4H10O,GFN2-xTB/ALPB toluene gsolv + qRRHO + 1M,data/reference_thermochemistry/tert_butanol/stationarity/result.json,8adab470849d6646c6d5b52cab0e32e897898300e466093a834b128439fbee79,data/reference_thermochemistry/tert_butanol/stationarity/result.json#/attempts/0/native_command,data/datasets/thermochemistry/export_protocol.json,data/reference_thermochemistry/tert_butanol/stationarity/accepted_geometry.xyz,528ce6cef516220b49746927b16e66a325ccc5797a749a09e16cf5dfe6b1bd99,data/reference_thermochemistry/tert_butanol/stationarity/hessian_00.npz,519f1eb724b3b223ec193e71e4eefe89a521e378f0383d7a15fa5396300f9c25,conformer_01,0,383.15,lowest G383.15 among eligible certificates; same geometry at all T,101325.0,1.0,100.0,0,1
tert_butanol,,reference,410.0,-11131.370419258841,83.49270381656258,-11039.428733770848,88.33102148908381,88.25012309968119,-11072.746756343584,2.8645278981321125,kcal/mol,cal/(mol K),0,C4H10O,GFN2-xTB/ALPB toluene gsolv + qRRHO + 1M,data/reference_thermochemistry/tert_butanol/stationarity/result.json,8adab470849d6646c6d5b52cab0e32e897898300e466093a834b128439fbee79,data/reference_thermochemistry/tert_butanol/stationarity/result.json#/attempts/0/native_command,data/datasets/thermochemistry/export_protocol.json,data/reference_thermochemistry/tert_butanol/stationarity/accepted_geometry.xyz,528ce6cef516220b49746927b16e66a325ccc5797a749a09e16cf5dfe6b1bd99,data/reference_thermochemistry/tert_butanol/stationarity/hessian_00.npz,519f1eb724b3b223ec193e71e4eefe89a521e378f0383d7a15fa5396300f9c25,conformer_01,0,383.15,lowest G383.15 among eligible certificates; same geometry at all T,101325.0,1.0,100.0,0,1
tert_butanol,,reference,420.0,-11131.370419258841,83.49270381656258,-11039.076646545185,89.17943372384386,89.092616853002,-11073.541038753223,2.954506870223601,kcal/mol,cal/(mol K),0,C4H10O,GFN2-xTB/ALPB toluene gsolv + qRRHO + 1M,data/reference_thermochemistry/tert_butanol/stationarity/result.json,8adab470849d6646c6d5b52cab0e32e897898300e466093a834b128439fbee79,data/reference_thermochemistry/tert_butanol/stationarity/result.json#/attempts/0/native_command,data/datasets/thermochemistry/export_protocol.json,data/reference_thermochemistry/tert_butanol/stationarity/accepted_geometry.xyz,528ce6cef516220b49746927b16e66a325ccc5797a749a09e16cf5dfe6b1bd99,data/reference_thermochemistry/tert_butanol/stationarity/hessian_00.npz,519f1eb724b3b223ec193e71e4eefe89a521e378f0383d7a15fa5396300f9c25,conformer_01,0,383.15,lowest G383.15 among eligible certificates; same geometry at all T,101325.0,1.0,100.0,0,1
tert_butanol,,reference,430.0,-11131.370419258841,83.49270381656258,-11038.718031438171,90.0232429668789,89.93062188889405,-11074.343239819496,3.044959030900024,kcal/mol,cal/(mol K),0,C4H10O,GFN2-xTB/ALPB toluene gsolv + qRRHO + 1M,data/reference_thermochemistry/tert_butanol/stationarity/result.json,8adab470849d6646c6d5b52cab0e32e897898300e466093a834b128439fbee79,data/reference_thermochemistry/tert_butanol/stationarity/result.json#/attempts/0/native_command,data/datasets/thermochemistry/export_protocol.json,data/reference_thermochemistry/tert_butanol/stationarity/accepted_geometry.xyz,528ce6cef516220b49746927b16e66a325ccc5797a749a09e16cf5dfe6b1bd99,data/reference_thermochemistry/tert_butanol/stationarity/hessian_00.npz,519f1eb724b3b223ec193e71e4eefe89a521e378f0383d7a15fa5396300f9c25,conformer_01,0,383.15,lowest G383.15 among eligible certificates; same geometry at all T,101325.0,1.0,100.0,0,1
tert_butanol,,reference,440.0,-11131.370419258841,83.49270381656258,-11038.3529670893,90.86248009072932,90.76416536855302,-11075.153326477697,3.135873373767528,kcal/mol,cal/(mol K),0,C4H10O,GFN2-xTB/ALPB toluene gsolv + qRRHO + 1M,data/reference_thermochemistry/tert_butanol/stationarity/result.json,8adab470849d6646c6d5b52cab0e32e897898300e466093a834b128439fbee79,data/reference_thermochemistry/tert_butanol/stationarity/result.json#/attempts/0/native_command,data/datasets/thermochemistry/export_protocol.json,data/reference_thermochemistry/tert_butanol/stationarity/accepted_geometry.xyz,528ce6cef516220b49746927b16e66a325ccc5797a749a09e16cf5dfe6b1bd99,data/reference_thermochemistry/tert_butanol/stationarity/hessian_00.npz,519f1eb724b3b223ec193e71e4eefe89a521e378f0383d7a15fa5396300f9c25,conformer_01,0,383.15,lowest G383.15 among eligible certificates; same geometry at all T,101325.0,1.0,100.0,0,1
tert_butoxide_anion,,reference,298.15,-10953.866751412123,74.67860561749497,-10874.459608734465,76.95957840293302,76.95430887511971,-10895.509207480089,1.894328445494145,kcal/mol,cal/(mol K),-1,C4H9O,GFN2-xTB/ALPB toluene gsolv + qRRHO + 1M,data/reference_thermochemistry/tert_butoxide_anion/stationarity/result.json,88adb8a49c26bc4cd72d48077540bd445d0d01f6964773a245cd9c89fe278af0,data/reference_thermochemistry/tert_butoxide_anion/stationarity/result.json#/attempts/0/native_command,data/datasets/thermochemistry/export_protocol.json,data/reference_thermochemistry/tert_butoxide_anion/stationarity/accepted_geometry.xyz,d212e4231d6b932ee1d5bcd7336d05f49a5bd740e5762fb2e2806c3cb8018b82,data/reference_thermochemistry/tert_butoxide_anion/stationarity/hessian_00.npz,e4f3d24ee0c485d7bfb4b3b6fa54bc584045b5b1c82e50a2220f83eb06a0af88,conformer_00,0,383.15,lowest G383.15 among eligible certificates; same geometry at all T,101325.0,1.0,100.0,0,1
tert_butoxide_anion,,reference,340.0,-10953.866751412123,74.67860561749497,-10873.311301159001,80.5595275585673,80.52778167736746,-10898.441774144938,2.248972784367174,kcal/mol,cal/(mol K),-1,C4H9O,GFN2-xTB/ALPB toluene gsolv + qRRHO + 1M,data/reference_thermochemistry/tert_butoxide_anion/stationarity/result.json,88adb8a49c26bc4cd72d48077540bd445d0d01f6964773a245cd9c89fe278af0,data/reference_thermochemistry/tert_butoxide_anion/stationarity/result.json#/attempts/0/native_command,data/datasets/thermochemistry/export_protocol.json,data/reference_thermochemistry/tert_butoxide_anion/stationarity/accepted_geometry.xyz,d212e4231d6b932ee1d5bcd7336d05f49a5bd740e5762fb2e2806c3cb8018b82,data/reference_thermochemistry/tert_butoxide_anion/stationarity/hessian_00.npz,e4f3d24ee0c485d7bfb4b3b6fa54bc584045b5b1c82e50a2220f83eb06a0af88,conformer_00,0,383.15,lowest G383.15 among eligible certificates; same geometry at all T,101325.0,1.0,100.0,0,1
tert_butoxide_anion,,reference,350.0,-10953.866751412123,74.67860561749497,-10873.01938977358,81.40565986650095,81.36793160642965,-10899.162885338248,2.3352804975836268,kcal/mol,cal/(mol K),-1,C4H9O,GFN2-xTB/ALPB toluene gsolv + qRRHO + 1M,data/reference_thermochemistry/tert_butoxide_anion/stationarity/result.json,88adb8a49c26bc4cd72d48077540bd445d0d01f6964773a245cd9c89fe278af0,data/reference_thermochemistry/tert_butoxide_anion/stationarity/result.json#/attempts/0/native_command,data/datasets/thermochemistry/export_protocol.json,data/reference_thermochemistry/tert_butoxide_anion/stationarity/accepted_geometry.xyz,d212e4231d6b932ee1d5bcd7336d05f49a5bd740e5762fb2e2806c3cb8018b82,data/reference_thermochemistry/tert_butoxide_anion/stationarity/hessian_00.npz,e4f3d24ee0c485d7bfb4b3b6fa54bc584045b5b1c82e50a2220f83eb06a0af88,conformer_00,0,383.15,lowest G383.15 among eligible certificates; same geometry at all T,101325.0,1.0,100.0,0,1
tert_butoxide_anion,,reference,360.0,-10953.866751412123,74.67860561749497,-10872.72080680773,82.24675032185672,82.20316487335782,-10899.891790101421,2.422156060718619,kcal/mol,cal/(mol K),-1,C4H9O,GFN2-xTB/ALPB toluene gsolv + qRRHO + 1M,data/reference_thermochemistry/tert_butoxide_anion/stationarity/result.json,88adb8a49c26bc4cd72d48077540bd445d0d01f6964773a245cd9c89fe278af0,data/reference_thermochemistry/tert_butoxide_anion/stationarity/result.json#/attempts/0/native_command,data/datasets/thermochemistry/export_protocol.json,data/reference_thermochemistry/tert_butoxide_anion/stationarity/accepted_geometry.xyz,d212e4231d6b932ee1d5bcd7336d05f49a5bd740e5762fb2e2806c3cb8018b82,data/reference_thermochemistry/tert_butoxide_anion/stationarity/hessian_00.npz,e4f3d24ee0c485d7bfb4b3b6fa54bc584045b5b1c82e50a2220f83eb06a0af88,conformer_00,0,383.15,lowest G383.15 among eligible certificates; same geometry at all T,101325.0,1.0,100.0,0,1
tert_butoxide_anion,,reference,370.0,-10953.866751412123,74.67860561749497,-10872.415608194653,83.08292201548363,83.03360079864748,-10900.628456794106,2.509583696046293,kcal/mol,cal/(mol K),-1,C4H9O,GFN2-xTB/ALPB toluene gsolv + qRRHO + 1M,data/reference_thermochemistry/tert_butoxide_anion/stationarity/result.json,88adb8a49c26bc4cd72d48077540bd445d0d01f6964773a245cd9c89fe278af0,data/reference_thermochemistry/tert_butoxide_anion/stationarity/result.json#/attempts/0/native_command,data/datasets/thermochemistry/export_protocol.json,data/reference_thermochemistry/tert_butoxide_anion/stationarity/accepted_geometry.xyz,d212e4231d6b932ee1d5bcd7336d05f49a5bd740e5762fb2e2806c3cb8018b82,data/reference_thermochemistry/tert_butoxide_anion/stationarity/hessian_00.npz,e4f3d24ee0c485d7bfb4b3b6fa54bc584045b5b1c82e50a2220f83eb06a0af88,conformer_00,0,383.15,lowest G383.15 among eligible certificates; same geometry at all T,101325.0,1.0,100.0,0,1
tert_butoxide_anion,,reference,380.0,-10953.866751412123,74.67860561749497,-10872.103856193404,83.91427131131971,83.85933199246367,-10901.37285387153,2.597548479011341,kcal/mol,cal/(mol K),-1,C4H9O,GFN2-xTB/ALPB toluene gsolv + qRRHO + 1M,data/reference_thermochemistry/tert_butoxide_anion/stationarity/result.json,88adb8a49c26bc4cd72d48077540bd445d0d01f6964773a245cd9c89fe278af0,data/reference_thermochemistry/tert_butoxide_anion/stationarity/result.json#/attempts/0/native_command,data/datasets/thermochemistry/export_protocol.json,data/reference_thermochemistry/tert_butoxide_anion/stationarity/accepted_geometry.xyz,d212e4231d6b932ee1d5bcd7336d05f49a5bd740e5762fb2e2806c3cb8018b82,data/reference_thermochemistry/tert_butoxide_anion/stationarity/hessian_00.npz,e4f3d24ee0c485d7bfb4b3b6fa54bc584045b5b1c82e50a2220f83eb06a0af88,conformer_00,0,383.15,lowest G383.15 among eligible certificates; same geometry at all T,101325.0,1.0,100.0,0,1
tert_butoxide_anion,,reference,383.15,-10953.866751412123,74.67860561749497,-10872.004307734735,84.17515994932654,84.11847470432207,-10901.608934962122,2.625366355574337,kcal/mol,cal/(mol K),-1,C4H9O,GFN2-xTB/ALPB toluene gsolv + qRRHO + 1M,data/reference_thermochemistry/tert_butoxide_anion/stationarity/result.json,88adb8a49c26bc4cd72d48077540bd445d0d01f6964773a245cd9c89fe278af0,data/reference_thermochemistry/tert_butoxide_anion/stationarity/result.json#/attempts/0/native_command,data/datasets/thermochemistry/export_protocol.json,data/reference_thermochemistry/tert_butoxide_anion/stationarity/accepted_geometry.xyz,d212e4231d6b932ee1d5bcd7336d05f49a5bd740e5762fb2e2806c3cb8018b82,data/reference_thermochemistry/tert_butoxide_anion/stationarity/hessian_00.npz,e4f3d24ee0c485d7bfb4b3b6fa54bc584045b5b1c82e50a2220f83eb06a0af88,conformer_00,0,383.15,lowest G383.15 among eligible certificates; same geometry at all T,101325.0,1.0,100.0,0,1
tert_butoxide_anion,,reference,390.0,-10953.866751412123,74.67860561749497,-10871.785618705,84.74087240068125,84.68042893912224,-10902.124949720417,2.686036270841015,kcal/mol,cal/(mol K),-1,C4H9O,GFN2-xTB/ALPB toluene gsolv + qRRHO + 1M,data/reference_thermochemistry/tert_butoxide_anion/stationarity/result.json,88adb8a49c26bc4cd72d48077540bd445d0d01f6964773a245cd9c89fe278af0,data/reference_thermochemistry/tert_butoxide_anion/stationarity/result.json#/attempts/0/native_command,data/datasets/thermochemistry/export_protocol.json,data/reference_thermochemistry/tert_butoxide_anion/stationarity/accepted_geometry.xyz,d212e4231d6b932ee1d5bcd7336d05f49a5bd740e5762fb2e2806c3cb8018b82,data/reference_thermochemistry/tert_butoxide_anion/stationarity/hessian_00.npz,e4f3d24ee0c485d7bfb4b3b6fa54bc584045b5b1c82e50a2220f83eb06a0af88,conformer_00,0,383.15,lowest G383.15 among eligible certificates; same geometry at all T,101325.0,1.0,100.0,0,1
tert_butoxide_anion,,reference,400.0,-10953.866751412123,74.67860561749497,-10871.460968572392,85.56278132096128,85.4969440380013,-10902.88471252952,2.775033658072708,kcal/mol,cal/(mol K),-1,C4H9O,GFN2-xTB/ALPB toluene gsolv + qRRHO + 1M,data/reference_thermochemistry/tert_butoxide_anion/stationarity/result.json,88adb8a49c26bc4cd72d48077540bd445d0d01f6964773a245cd9c89fe278af0,data/reference_thermochemistry/tert_butoxide_anion/stationarity/result.json#/attempts/0/native_command,data/datasets/thermochemistry/export_protocol.json,data/reference_thermochemistry/tert_butoxide_anion/stationarity/accepted_geometry.xyz,d212e4231d6b932ee1d5bcd7336d05f49a5bd740e5762fb2e2806c3cb8018b82,data/reference_thermochemistry/tert_butoxide_anion/stationarity/hessian_00.npz,e4f3d24ee0c485d7bfb4b3b6fa54bc584045b5b1c82e50a2220f83eb06a0af88,conformer_00,0,383.15,lowest G383.15 among eligible certificates; same geometry at all T,101325.0,1.0,100.0,0,1
tert_butoxide_anion,,reference,410.0,-10953.866751412123,74.67860561749497,-10871.129982883975,86.38003946931515,86.30891513325392,-10903.652110190476,2.8645278981321125,kcal/mol,cal/(mol K),-1,C4H9O,GFN2-xTB/ALPB toluene gsolv + qRRHO + 1M,data/reference_thermochemistry/tert_butoxide_anion/stationarity/result.json,88adb8a49c26bc4cd72d48077540bd445d0d01f6964773a245cd9c89fe278af0,data/reference_thermochemistry/tert_butoxide_anion/stationarity/result.json#/attempts/0/native_command,data/datasets/thermochemistry/export_protocol.json,data/reference_thermochemistry/tert_butoxide_anion/stationarity/accepted_geometry.xyz,d212e4231d6b932ee1d5bcd7336d05f49a5bd740e5762fb2e2806c3cb8018b82,data/reference_thermochemistry/tert_butoxide_anion/stationarity/hessian_00.npz,e4f3d24ee0c485d7bfb4b3b6fa54bc584045b5b1c82e50a2220f83eb06a0af88,conformer_00,0,383.15,lowest G383.15 among eligible certificates; same geometry at all T,101325.0,1.0,100.0,0,1
tert_butoxide_anion,,reference,420.0,-10953.866751412123,74.67860561749497,-10870.792742296151,87.19267664706427,87.11636856944526,-10904.427110225095,2.954506870223601,kcal/mol,cal/(mol K),-1,C4H9O,GFN2-xTB/ALPB toluene gsolv + qRRHO + 1M,data/reference_thermochemistry/tert_butoxide_anion/stationarity/result.json,88adb8a49c26bc4cd72d48077540bd445d0d01f6964773a245cd9c89fe278af0,data/reference_thermochemistry/tert_butoxide_anion/stationarity/result.json#/attempts/0/native_command,data/datasets/thermochemistry/export_protocol.json,data/reference_thermochemistry/tert_butoxide_anion/stationarity/accepted_geometry.xyz,d212e4231d6b932ee1d5bcd7336d05f49a5bd740e5762fb2e2806c3cb8018b82,data/reference_thermochemistry/tert_butoxide_anion/stationarity/hessian_00.npz,e4f3d24ee0c485d7bfb4b3b6fa54bc584045b5b1c82e50a2220f83eb06a0af88,conformer_00,0,383.15,lowest G383.15 among eligible certificates; same geometry at all T,101325.0,1.0,100.0,0,1
tert_butoxide_anion,,reference,430.0,-10953.866751412123,74.67860561749497,-10870.449330386631,88.00071367351937,87.91932181289849,-10905.209679735277,3.044959030900024,kcal/mol,cal/(mol K),-1,C4H9O,GFN2-xTB/ALPB toluene gsolv + qRRHO + 1M,data/reference_thermochemistry/tert_butoxide_anion/stationarity/result.json,88adb8a49c26bc4cd72d48077540bd445d0d01f6964773a245cd9c89fe278af0,data/reference_thermochemistry/tert_butoxide_anion/stationarity/result.json#/attempts/0/native_command,data/datasets/thermochemistry/export_protocol.json,data/reference_thermochemistry/tert_butoxide_anion/stationarity/accepted_geometry.xyz,d212e4231d6b932ee1d5bcd7336d05f49a5bd740e5762fb2e2806c3cb8018b82,data/reference_thermochemistry/tert_butoxide_anion/stationarity/hessian_00.npz,e4f3d24ee0c485d7bfb4b3b6fa54bc584045b5b1c82e50a2220f83eb06a0af88,conformer_00,0,383.15,lowest G383.15 among eligible certificates; same geometry at all T,101325.0,1.0,100.0,0,1
tert_butoxide_anion,,reference,440.0,-10953.866751412123,74.67860561749497,-10870.099833046928,88.80416460916322,88.71778567953423,-10905.999785372156,3.135873373767528,kcal/mol,cal/(mol K),-1,C4H9O,GFN2-xTB/ALPB toluene gsolv + qRRHO + 1M,data/reference_thermochemistry/tert_butoxide_anion/stationarity/result.json,88adb8a49c26bc4cd72d48077540bd445d0d01f6964773a245cd9c89fe278af0,data/reference_thermochemistry/tert_butoxide_anion/stationarity/result.json#/attempts/0/native_command,data/datasets/thermochemistry/export_protocol.json,data/reference_thermochemistry/tert_butoxide_anion/stationarity/accepted_geometry.xyz,d212e4231d6b932ee1d5bcd7336d05f49a5bd740e5762fb2e2806c3cb8018b82,data/reference_thermochemistry/tert_butoxide_anion/stationarity/hessian_00.npz,e4f3d24ee0c485d7bfb4b3b6fa54bc584045b5b1c82e50a2220f83eb06a0af88,conformer_00,0,383.15,lowest G383.15 among eligible certificates; same geometry at all T,101325.0,1.0,100.0,0,1
water,,reference,298.15,-3183.360809063457,12.551507298675748,-3168.4366535265985,46.447841908535835,46.44784351354895,-3180.3907496246693,1.894328445494145,kcal/mol,cal/(mol K),0,H2O,GFN2-xTB/ALPB toluene gsolv + qRRHO + 1M,data/reference_thermochemistry/water/stationarity/result.json,6bdc755b638bea813a83910603897ca6afe0f39aaa2e999e599c63f4d4e8e170,data/reference_thermochemistry/water/stationarity/result.json#/attempts/0/native_command,data/datasets/thermochemistry/export_protocol.json,data/reference_thermochemistry/water/stationarity/accepted_geometry.xyz,b1f656d8e4e88d584ad8b71c352f7fa4a3b5198d1b61e4845d00e0ca24c8c884,data/reference_thermochemistry/water/stationarity/hessian_00.npz,2dd72a2c1af1fcdc73cf323035528fe785da15a647646a4abe849b7ff6f88398,conformer_02,0,383.15,lowest G383.15 among eligible certificates; same geometry at all T,101325.0,1.0,100.0,0,1
water,,reference,340.0,-3183.360809063457,12.551507298675748,-3168.099968766053,47.50446025317925,47.504464156296606,-3182.0025137948264,2.248972784367174,kcal/mol,cal/(mol K),0,H2O,GFN2-xTB/ALPB toluene gsolv + qRRHO + 1M,data/reference_thermochemistry/water/stationarity/result.json,6bdc755b638bea813a83910603897ca6afe0f39aaa2e999e599c63f4d4e8e170,data/reference_thermochemistry/water/stationarity/result.json#/attempts/0/native_command,data/datasets/thermochemistry/export_protocol.json,data/reference_thermochemistry/water/stationarity/accepted_geometry.xyz,b1f656d8e4e88d584ad8b71c352f7fa4a3b5198d1b61e4845d00e0ca24c8c884,data/reference_thermochemistry/water/stationarity/hessian_00.npz,2dd72a2c1af1fcdc73cf323035528fe785da15a647646a4abe849b7ff6f88398,conformer_02,0,383.15,lowest G383.15 among eligible certificates; same geometry at all T,101325.0,1.0,100.0,0,1
water,,reference,350.0,-3183.360809063457,12.551507298675748,-3168.019106702637,47.73885822505207,47.738862613369214,-3182.392428119733,2.3352804975836268,kcal/mol,cal/(mol K),0,H2O,GFN2-xTB/ALPB toluene gsolv + qRRHO + 1M,data/reference_thermochemistry/water/stationarity/result.json,6bdc755b638bea813a83910603897ca6afe0f39aaa2e999e599c63f4d4e8e170,data/reference_thermochemistry/water/stationarity/result.json#/attempts/0/native_command,data/datasets/thermochemistry/export_protocol.json,data/reference_thermochemistry/water/stationarity/accepted_geometry.xyz,b1f656d8e4e88d584ad8b71c352f7fa4a3b5198d1b61e4845d00e0ca24c8c884,data/reference_thermochemistry/water/stationarity/hessian_00.npz,2dd72a2c1af1fcdc73cf323035528fe785da15a647646a4abe849b7ff6f88398,conformer_02,0,383.15,lowest G383.15 among eligible certificates; same geometry at all T,101325.0,1.0,100.0,0,1
water,,reference,360.0,-3183.360809063457,12.551507298675748,-3167.938063529213,47.967162721201866,47.96716757182007,-3182.78408779435,2.422156060718619,kcal/mol,cal/(mol K),0,H2O,GFN2-xTB/ALPB toluene gsolv + qRRHO + 1M,data/reference_thermochemistry/water/stationarity/result.json,6bdc755b638bea813a83910603897ca6afe0f39aaa2e999e599c63f4d4e8e170,data/reference_thermochemistry/water/stationarity/result.json#/attempts/0/native_command,data/datasets/thermochemistry/export_protocol.json,data/reference_thermochemistry/water/stationarity/accepted_geometry.xyz,b1f656d8e4e88d584ad8b71c352f7fa4a3b5198d1b61e4845d00e0ca24c8c884,data/reference_thermochemistry/water/stationarity/hessian_00.npz,2dd72a2c1af1fcdc73cf323035528fe785da15a647646a4abe849b7ff6f88398,conformer_02,0,383.15,lowest G383.15 among eligible certificates; same geometry at all T,101325.0,1.0,100.0,0,1
water,,reference,370.0,-3183.360809063457,12.551507298675748,-3167.856829526945,48.18973433152417,48.189739622333306,-3183.177449491162,2.509583696046293,kcal/mol,cal/(mol K),0,H2O,GFN2-xTB/ALPB toluene gsolv + qRRHO + 1M,data/reference_thermochemistry/water/stationarity/result.json,6bdc755b638bea813a83910603897ca6afe0f39aaa2e999e599c63f4d4e8e170,data/reference_thermochemistry/water/stationarity/result.json#/attempts/0/native_command,data/datasets/thermochemistry/export_protocol.json,data/reference_thermochemistry/water/stationarity/accepted_geometry.xyz,b1f656d8e4e88d584ad8b71c352f7fa4a3b5198d1b61e4845d00e0ca24c8c884,data/reference_thermochemistry/water/stationarity/hessian_00.npz,2dd72a2c1af1fcdc73cf323035528fe785da15a647646a4abe849b7ff6f88398,conformer_02,0,383.15,lowest G383.15 among eligible certificates; same geometry at all T,101325.0,1.0,100.0,0,1
water,,reference,380.0,-3183.360809063457,12.551507298675748,-3167.775395649056,48.40690299910661,48.40690870875908,-3183.572472479373,2.597548479011341,kcal/mol,cal/(mol K),0,H2O,GFN2-xTB/ALPB toluene gsolv + qRRHO + 1M,data/reference_thermochemistry/water/stationarity/result.json,6bdc755b638bea813a83910603897ca6afe0f39aaa2e999e599c63f4d4e8e170,data/reference_thermochemistry/water/stationarity/result.json#/attempts/0/native_command,data/datasets/thermochemistry/export_protocol.json,data/reference_thermochemistry/water/stationarity/accepted_geometry.xyz,b1f656d8e4e88d584ad8b71c352f7fa4a3b5198d1b61e4845d00e0ca24c8c884,data/reference_thermochemistry/water/stationarity/hessian_00.npz,2dd72a2c1af1fcdc73cf323035528fe785da15a647646a4abe849b7ff6f88398,conformer_02,0,383.15,lowest G383.15 among eligible certificates; same geometry at all T,101325.0,1.0,100.0,0,1
water,,reference,383.15,-3183.360809063457,12.551507298675748,-3167.749701225296,48.474241151184316,48.47424698846994,-3183.697242603354,2.625366355574337,kcal/mol,cal/(mol K),0,H2O,GFN2-xTB/ALPB toluene gsolv + qRRHO + 1M,data/reference_thermochemistry/water/stationarity/result.json,6bdc755b638bea813a83910603897ca6afe0f39aaa2e999e599c63f4d4e8e170,data/reference_thermochemistry/water/stationarity/result.json#/attempts/0/native_command,data/datasets/thermochemistry/export_protocol.json,data/reference_thermochemistry/water/stationarity/accepted_geometry.xyz,b1f656d8e4e88d584ad8b71c352f7fa4a3b5198d1b61e4845d00e0ca24c8c884,data/reference_thermochemistry/water/stationarity/hessian_00.npz,2dd72a2c1af1fcdc73cf323035528fe785da15a647646a4abe849b7ff6f88398,conformer_02,0,383.15,lowest G383.15 among eligible certificates; same geometry at all T,101325.0,1.0,100.0,0,1
water,,reference,390.0,-3183.360809063457,12.551507298675748,-3167.693753531185,48.61897117825067,48.61897728613907,-3183.969118401938,2.686036270841015,kcal/mol,cal/(mol K),0,H2O,GFN2-xTB/ALPB toluene gsolv + qRRHO + 1M,data/reference_thermochemistry/water/stationarity/result.json,6bdc755b638bea813a83910603897ca6afe0f39aaa2e999e599c63f4d4e8e170,data/reference_thermochemistry/water/stationarity/result.json#/attempts/0/native_command,data/datasets/thermochemistry/export_protocol.json,data/reference_thermochemistry/water/stationarity/accepted_geometry.xyz,b1f656d8e4e88d584ad8b71c352f7fa4a3b5198d1b61e4845d00e0ca24c8c884,data/reference_thermochemistry/water/stationarity/hessian_00.npz,2dd72a2c1af1fcdc73cf323035528fe785da15a647646a4abe849b7ff6f88398,conformer_02,0,383.15,lowest G383.15 among eligible certificates; same geometry at all T,101325.0,1.0,100.0,0,1
water,,reference,400.0,-3183.360809063457,12.551507298675748,-3167.611895487975,48.82621662751409,48.82622311375161,-3184.367351075403,2.775033658072708,kcal/mol,cal/(mol K),0,H2O,GFN2-xTB/ALPB toluene gsolv + qRRHO + 1M,data/reference_thermochemistry/water/stationarity/result.json,6bdc755b638bea813a83910603897ca6afe0f39aaa2e999e599c63f4d4e8e170,data/reference_thermochemistry/water/stationarity/result.json#/attempts/0/native_command,data/datasets/thermochemistry/export_protocol.json,data/reference_thermochemistry/water/stationarity/accepted_geometry.xyz,b1f656d8e4e88d584ad8b71c352f7fa4a3b5198d1b61e4845d00e0ca24c8c884,data/reference_thermochemistry/water/stationarity/hessian_00.npz,2dd72a2c1af1fcdc73cf323035528fe785da15a647646a4abe849b7ff6f88398,conformer_02,0,383.15,lowest G383.15 among eligible certificates; same geometry at all T,101325.0,1.0,100.0,0,1
water,,reference,410.0,-3183.360809063457,12.551507298675748,-3167.5298144981707,49.02889488618218,49.02890173158472,-3184.7671363099885,2.8645278981321125,kcal/mol,cal/(mol K),0,H2O,GFN2-xTB/ALPB toluene gsolv + qRRHO + 1M,data/reference_thermochemistry/water/stationarity/result.json,6bdc755b638bea813a83910603897ca6afe0f39aaa2e999e599c63f4d4e8e170,data/reference_thermochemistry/water/stationarity/result.json#/attempts/0/native_command,data/datasets/thermochemistry/export_protocol.json,data/reference_thermochemistry/water/stationarity/accepted_geometry.xyz,b1f656d8e4e88d584ad8b71c352f7fa4a3b5198d1b61e4845d00e0ca24c8c884,data/reference_thermochemistry/water/stationarity/hessian_00.npz,2dd72a2c1af1fcdc73cf323035528fe785da15a647646a4abe849b7ff6f88398,conformer_02,0,383.15,lowest G383.15 among eligible certificates; same geometry at all T,101325.0,1.0,100.0,0,1
water,,reference,420.0,-3183.360809063457,12.551507298675748,-3167.447504180467,49.227241474619504,49.22724866068902,-3185.1684417477327,2.954506870223601,kcal/mol,cal/(mol K),0,H2O,GFN2-xTB/ALPB toluene gsolv + qRRHO + 1M,data/reference_thermochemistry/water/stationarity/result.json,6bdc755b638bea813a83910603897ca6afe0f39aaa2e999e599c63f4d4e8e170,data/reference_thermochemistry/water/stationarity/result.json#/attempts/0/native_command,data/datasets/thermochemistry/export_protocol.json,data/reference_thermochemistry/water/stationarity/accepted_geometry.xyz,b1f656d8e4e88d584ad8b71c352f7fa4a3b5198d1b61e4845d00e0ca24c8c884,data/reference_thermochemistry/water/stationarity/hessian_00.npz,2dd72a2c1af1fcdc73cf323035528fe785da15a647646a4abe849b7ff6f88398,conformer_02,0,383.15,lowest G383.15 among eligible certificates; same geometry at all T,101325.0,1.0,100.0,0,1
water,,reference,430.0,-3183.360809063457,12.551507298675748,-3167.3649587621408,49.4214738526355,49.421481361544004,-3185.571236716705,3.044959030900024,kcal/mol,cal/(mol K),0,H2O,GFN2-xTB/ALPB toluene gsolv + qRRHO + 1M,data/reference_thermochemistry/water/stationarity/result.json,6bdc755b638bea813a83910603897ca6afe0f39aaa2e999e599c63f4d4e8e170,data/reference_thermochemistry/water/stationarity/result.json#/attempts/0/native_command,data/datasets/thermochemistry/export_protocol.json,data/reference_thermochemistry/water/stationarity/accepted_geometry.xyz,b1f656d8e4e88d584ad8b71c352f7fa4a3b5198d1b61e4845d00e0ca24c8c884,data/reference_thermochemistry/water/stationarity/hessian_00.npz,2dd72a2c1af1fcdc73cf323035528fe785da15a647646a4abe849b7ff6f88398,conformer_02,0,383.15,lowest G383.15 among eligible certificates; same geometry at all T,101325.0,1.0,100.0,0,1
water,,reference,440.0,-3183.360809063457,12.551507298675748,-3167.2821730423766,49.61179316492953,49.61180097950339,-3185.9754920995906,3.135873373767528,kcal/mol,cal/(mol K),0,H2O,GFN2-xTB/ALPB toluene gsolv + qRRHO + 1M,data/reference_thermochemistry/water/stationarity/result.json,6bdc755b638bea813a83910603897ca6afe0f39aaa2e999e599c63f4d4e8e170,data/reference_thermochemistry/water/stationarity/result.json#/attempts/0/native_command,data/datasets/thermochemistry/export_protocol.json,data/reference_thermochemistry/water/stationarity/accepted_geometry.xyz,b1f656d8e4e88d584ad8b71c352f7fa4a3b5198d1b61e4845d00e0ca24c8c884,data/reference_thermochemistry/water/stationarity/hessian_00.npz,2dd72a2c1af1fcdc73cf323035528fe785da15a647646a4abe849b7ff6f88398,conformer_02,0,383.15,lowest G383.15 among eligible certificates; same geometry at all T,101325.0,1.0,100.0,0,1
