80
 energy: -120.344561791411 gnorm: 0.265415723618 xtb: 6.7.1 (edcfbbe)
Mn           0.01680211578742       -0.37357366861321       -0.33213135130600
N            0.29269670050179       -2.12131438361125        0.16837346101427
C            1.50986894316595       -2.89846551408408       -0.03909799249437
C            2.44217997579608       -2.22030826659877       -1.04067165617204
P            2.19530248194282       -0.44675941461832       -0.65264420162543
C            3.30225749549392       -0.25601770078666        0.78561986006666
C            2.74077728425564       -0.18757458135576        2.05535354090567
C            3.55344002860853       -0.10203533920403        3.17188239440765
C            4.93068310551389       -0.08132335716724        3.02280039585241
C            5.49466056827305       -0.14602811428582        1.75753609798289
C            4.68631972528638       -0.23425877916591        0.63891047105779
C            3.09339723398350        0.48636834153568       -1.92572782290377
C            2.90837511466535        1.86755832314249       -1.89003350017206
C            3.54482102308797        2.67895795845677       -2.80904363296645
C            4.36405544605738        2.11505688563558       -3.77602859261420
C            4.54263959345330        0.74238497917119       -3.82139619039187
C            3.91057310043788       -0.07581111825106       -2.89977046991709
C           -0.66492312899905       -2.98927632000471        0.84517482596148
C           -1.83300109969516       -2.19211835536084        1.42156448033748
P           -2.06994986554327       -0.88699288318973        0.15701612418910
C           -3.29300578219103        0.26826862182492        0.84197296366367
C           -4.02290853644226        0.05735063016166        2.00641902480027
C           -4.92828311714598        1.01506530821104        2.43224450163006
C           -5.10918893129683        2.17916654559600        1.70393721876832
C           -4.37888052097830        2.39545149641840        0.54470495878875
C           -3.47159719064825        1.44539677339529        0.11721923749671
C           -3.06471296176407       -1.79014693190273       -1.07823596064189
C           -2.43696910725319       -2.24671679473879       -2.23153690330134
C           -3.14291009841349       -2.98995082698638       -3.16075756603916
C           -4.48087534057612       -3.27614631883218       -2.94246253368589
C           -5.11203408199156       -2.81836404862447       -1.79574573867758
C           -4.40938649601551       -2.07793337211289       -0.86249569227877
H            1.24970958612554       -3.91169445035274       -0.39323368830087
H            2.04222638464016       -3.02075689664325        0.92297071799288
H            2.09095855757313       -2.38734992432524       -2.06638747143881
H            3.47850818891173       -2.55357219822293       -0.93513640720312
H            1.65883362024151       -0.19522889137763        2.15344698711251
H            3.11408412516892       -0.04783714218959        4.15799422821285
H            5.56694676635599       -0.01117566582546        3.89330748803951
H            6.56928911375740       -0.12616307677586        1.64408199658159
H            5.12501910523450       -0.27910257744344       -0.34919661696983
H            2.24745688800617        2.28250663942767       -1.13594293953275
H            3.39972122746780        3.74918069738921       -2.77878192110622
H            4.85946241506518        2.74675409025923       -4.49909007442696
H            5.17666822289208        0.30532665435579       -4.57999943801367
H            4.05473434608537       -1.14642813051716       -2.94516535248464
H           -1.05748703307597       -3.73804302231947        0.13157628119164
H           -0.15701124537620       -3.54880192247399        1.65057058040742
H           -2.71854917971416       -2.81323459357389        1.58344626964352
H           -1.53857957138354       -1.69802212256839        2.35565889936345
H           -3.88717094957175       -0.84660309035910        2.58400814138323
H           -5.49438284405252        0.85199969861443        3.33853930446384
H           -5.81605576493781        2.92244800963253        2.04326653494842
H           -4.51432885353573        3.30715779947885       -0.01898821477286
H           -2.87443666489184        1.59960432625695       -0.77568767947112
H           -1.39029108766912       -2.00388448760930       -2.39223410285488
H           -2.65212825324202       -3.34339620239844       -4.05661358541279
H           -5.03480700974676       -3.85401170077907       -3.66828944544245
H           -6.15682849385456       -3.03983564312980       -1.62987338938199
H           -4.90288539920856       -1.71586407285919        0.02964224136106
C           -0.28891968924902        0.39785538944565       -1.89680900172435
O           -0.43422377404430        0.88997992518589       -2.94312212203005
C           -0.03513529627572        1.14959047637956        0.57017961104878
O           -0.11498610431795        2.13361379808352        1.18935886759178
O            1.42648025084697       -1.35337514196288       -2.57342047462701
C            0.73863389938251       -1.47678287677484       -3.62159384553319
C            1.12460989615935       -0.79458215797499       -4.87033725717161
C            2.27295588258344        0.01575502196525       -4.93144661544280
C            2.62156162117619        0.65419198525806       -6.12607992164450
C            1.82987935055598        0.48987361671669       -7.26570972971007
C            0.68773793004392       -0.31336852477197       -7.21307237426128
C            0.33499890362855       -0.95384899527060       -6.02083992864979
H            0.63484803850587       -2.09621589964753       -0.79220060068256
H            0.33558530174101       -0.70231091555097       -1.86520313789300
H           -0.14896659843694       -2.09610837799391       -3.59538386192785
H            2.89929572984509        0.15556851060250       -4.05923439663426
H            3.50604850427486        1.27666791055222       -6.16815508824435
H            2.10134853269399        0.98477659026842       -8.18921258440639
H            0.07520612709121       -0.43996540623727       -8.09642736323562
H           -0.55343772048650       -1.57315257550647       -5.99642311227710
80
 energy: -120.443206365948 gnorm: 0.143089298560 xtb: 6.7.1 (edcfbbe)
Mn           0.00529947636741       -0.33002723040177       -0.32238086561890
N            0.31114116189964       -2.13462223757552        0.18753427415830
C            1.54268425177106       -2.92190941018279       -0.00315841966325
C            2.49986460185174       -2.25544189038324       -0.97935067013948
P            2.20764961437411       -0.45469821416954       -0.64742641217335
C            3.30928389937019       -0.25915683861064        0.78997918071517
C            2.74316475264844       -0.18946897060468        2.05683055296484
C            3.55445293243978       -0.10249301460045        3.17307295667923
C            4.93186654637401       -0.08135437125469        3.02379536934819
C            5.49777629541549       -0.14557358265434        1.75938932114591
C            4.69088342813973       -0.23450005205071        0.64152218336516
C            3.12444575682290        0.49323484688579       -1.89667194821060
C            2.91377963131822        1.87079371883170       -1.88418888427955
C            3.54383186449201        2.68011384868379       -2.80870220730464
C            4.38335266134020        2.12001806423887       -3.76522755218500
C            4.60525837623360        0.75710860248317       -3.78011850813403
C            3.95389014316823       -0.06528072622465       -2.86319127087564
C           -0.67027848349693       -2.99996505082821        0.84022447755130
C           -1.83153019319992       -2.19208807383220        1.41851414112225
P           -2.06888627496432       -0.87657845126252        0.15836295794610
C           -3.29415491607840        0.27028027753792        0.84274455626989
C           -4.02361519618375        0.05708570079504        2.00676465702374
C           -4.92866694999752        1.01493631124836        2.43240750795848
C           -5.10936615929875        2.17916246160071        1.70409547074769
C           -4.37923675487706        2.39590748222249        0.54476004830073
C           -3.47190636301562        1.44645128852617        0.11712076209768
C           -3.06749298522364       -1.79154724994699       -1.07254459714218
C           -2.44559994676619       -2.24996116254857       -2.22579833362833
C           -3.14537998725621       -2.99051759023859       -3.16005538119815
C           -4.48251409756456       -3.27648780732293       -2.94284166898575
C           -5.11311411469162       -2.81834617344263       -1.79582412328745
C           -4.41172085109715       -2.07836344533660       -0.86117360788383
H            1.26476281256260       -3.92433224361899       -0.37909150357902
H            2.06236720993413       -3.04305409291795        0.95642332080975
H            2.15210458953785       -2.41081149529221       -2.01836300088926
H            3.53030000339026       -2.57319573197792       -0.88311582009289
H            1.65969039748293       -0.19402443967979        2.15158281579237
H            3.11415625445448       -0.04784421982824        4.15816532284074
H            5.56768720972209       -0.01111718009928        3.89397393534111
H            6.57169179305564       -0.12595569403393        1.64517512374747
H            5.12740110866951       -0.27954812545879       -0.34821642824180
H            2.24680994551084        2.28337472652097       -1.13488341864160
H            3.39591843237304        3.74921024771297       -2.78072288162145
H            4.86210477755267        2.74976635584791       -4.49920414796317
H            5.18967705897285        0.30912233880752       -4.57304362480720
H            4.06749016841891       -1.14145839901639       -2.93474623776694
H           -1.06462356365143       -3.74631329247461        0.12848527352251
H           -0.15767874446582       -3.54899011605735        1.64565596117702
H           -2.71630954839330       -2.81359059374246        1.58198316339321
H           -1.53718755745955       -1.69801965262511        2.35210190293454
H           -3.88704677995674       -0.84646240792101        2.58404365155976
H           -5.49433709794683        0.85193154272889        3.33855791740156
H           -5.81598156475195        2.92239244142772        2.04330501626551
H           -4.51429942273216        3.30735082586660       -0.01890183833616
H           -2.87343841604487        1.60048987452320       -0.77488314617484
H           -1.40481535926289       -2.00459774329155       -2.38565929210980
H           -2.65237017031391       -3.34297078350431       -4.05646893020539
H           -5.03500726297166       -3.85406733134198       -3.66915029994994
H           -6.15735044650834       -3.03992343755596       -1.63048626599055
H           -4.90381187882128       -1.71570301978691        0.03039434875314
C           -0.29598899822009        0.42783012275658       -1.89148751844821
O           -0.45115467205298        0.89660063742381       -2.96570638372870
C           -0.02011450346507        1.14229913205290        0.63563810707484
O           -0.12768607285525        2.16422079280556        1.18991261149947
O            1.34240782280285       -1.31899042322429       -2.65133360000875
C            0.73307620886074       -1.49320790888624       -3.73093570670859
C            1.10669908378444       -0.80324605272204       -4.92351205769444
C            2.23400020576758        0.01595193629578       -4.96865363663810
C            2.60307784004942        0.64933992911783       -6.13802459439883
C            1.82328220897556        0.48761713080342       -7.27369690824088
C            0.68443644002116       -0.31131611053403       -7.22469962318476
C            0.32523230079130       -0.95645680439212       -6.05755559403532
H            0.56016390299934       -2.09910161477104       -0.80324492151622
H            0.28499684662054       -0.65759329959217       -1.84965116119024
H           -0.16129908445080       -2.10400929342905       -3.67304011364558
H            2.84351599657474        0.13988926643041       -4.09567625201300
H            3.49202937152876        1.27006116006270       -6.16872508613813
H            2.09930561949401        0.98451093270950       -8.19251062259575
H            0.07385337420297       -0.43693253135005       -8.10469868811060
H           -0.56047929976120       -1.57379218385895       -6.01206697596199
80
 energy: -120.502014398370 gnorm: 0.087420932458 xtb: 6.7.1 (edcfbbe)
Mn           0.01348860503047       -0.28050673510979       -0.32461322643665
N            0.34760578523057       -2.16137580109437        0.20503908636887
C            1.59037000217452       -2.94998023791139        0.04081735295911
C            2.53177804925059       -2.27081427395587       -0.93622639565159
P            2.22833598133117       -0.44787566312058       -0.64070315556088
C            3.31754567122327       -0.25485573281084        0.79900741893514
C            2.74701922197601       -0.18967711003899        2.06224357275682
C            3.55744917021135       -0.10348985676720        3.17784494357249
C            4.93483102303898       -0.08160482303975        3.02766924288561
C            5.50302595318860       -0.14599529150189        1.76443357537965
C            4.69693436027615       -0.23452130016752        0.64722724629277
C            3.15843735957135        0.50007985713666       -1.87322153555748
C            2.92738429545136        1.87411971876820       -1.87392314663202
C            3.55373436689877        2.68233241377471       -2.80080047915187
C            4.40444139728667        2.12507464267513       -3.75032073811239
C            4.64838378553024        0.76640523338741       -3.75117256069018
C            4.00278989194266       -0.05629639053654       -2.82555574490978
C           -0.66967058712446       -3.01299937987132        0.83532669226216
C           -1.82493763821317       -2.19032910912485        1.41122318213170
P           -2.06603513070784       -0.86084366256137        0.15660808903488
C           -3.29580435928577        0.27307394993934        0.84378457048768
C           -4.02482531206741        0.05714121025150        2.00737913603539
C           -4.92972831785500        1.01511900234166        2.43267941522237
C           -5.11015064132767        2.17941539623202        1.70428615925190
C           -4.38044789442623        2.39708917022011        0.54485769360429
C           -3.47261955111260        1.44860868190138        0.11727569276567
C           -3.07037543930391       -1.79003564350967       -1.06793310012918
C           -2.45335941806415       -2.25245450668513       -2.22079861256220
C           -3.14799593572967       -2.99180469570999       -3.15885109570963
C           -4.48495741038580       -3.27716551587352       -2.94256303389075
C           -5.11432574367276       -2.81864155926603       -1.79489527581118
C           -4.41450679819618       -2.07831064280457       -0.85905552055705
H            1.29532763020608       -3.94152208798778       -0.35049717650373
H            2.08865530448039       -3.07077796622478        1.00306660603343
H            2.21453510742715       -2.45600069054863       -1.96944898577314
H            3.56148016650761       -2.57243680950601       -0.83869780764982
H            1.66285894889408       -0.19237631159572        2.15225147135074
H            3.11580566117616       -0.04789496950205        4.16157685311431
H            5.57022388368064       -0.01075123299919        3.89733534194594
H            6.57636740753957       -0.12540967217179        1.64882842813503
H            5.13058363596907       -0.27995254667542       -0.34430739881825
H            2.24376659916783        2.28354223460134       -1.13677858217404
H            3.38671912450834        3.74898296130575       -2.78744588878372
H            4.86776481741551        2.75464750764045       -4.49482883195753
H            5.21444240397180        0.31158955621302       -4.55305918697051
H            4.09441890610646       -1.13459098820343       -2.91379051908745
H           -1.07066610623961       -3.75245291256114        0.12474140216699
H           -0.16380004121691       -3.55654091530971        1.64336506942417
H           -2.71135614162661       -2.80966667985274        1.57684500655495
H           -1.53127611835799       -1.69887752968875        2.34589303971540
H           -3.88711094300877       -0.84616905579639        2.58413960890351
H           -5.49489643154785        0.85225344191360        3.33886170398338
H           -5.81625103947078        2.92275640579326        2.04363501395912
H           -4.51482462012509        3.30843814638163       -0.01863997719120
H           -2.87158169956516        1.60281230934523       -0.77299059928623
H           -1.41589035870729       -2.00594973368824       -2.38185949427320
H           -2.65307312665983       -3.34240974089318       -4.05545837684381
H           -5.03668456770493       -3.85374937614654       -3.66986927201083
H           -6.15854086195040       -3.03953077091468       -1.63072158392620
H           -4.90634557789981       -1.71499971236364        0.03186371020789
C           -0.30081574295215        0.46334764334077       -1.89569670256356
O           -0.47814021332395        0.90567369207352       -2.98783026408386
C           -0.03199887127254        1.15090942064373        0.68068730178813
O           -0.12710924242410        2.18048836755300        1.21945283045489
O            1.26432833783107       -1.31678493007154       -2.69669199624801
C            0.71955070219433       -1.49496431419788       -3.80529786906405
C            1.08155959415655       -0.80437249093004       -4.96752369704491
C            2.20401406624002        0.01241451017837       -5.00552471070433
C            2.58490508348400        0.64724727491964       -6.15667026032597
C            1.81419318006347        0.48752475353009       -7.29365998971706
C            0.67723231499751       -0.30908151045774       -7.25320111648804
C            0.30876365590424       -0.95784272070181       -6.10374802214387
H            0.43215782038824       -2.11701530497324       -0.82814436362339
H            0.23283409512212       -0.61078333662586       -1.84746804253750
H           -0.16059776546172       -2.13946521024849       -3.76150416131790
H            2.78166410403576        0.12670630115969       -4.12395900115389
H            3.47477569653840        1.26665376289198       -6.17369968032908
H            2.09553734681620        0.98569668135664       -8.20739792720279
H            0.06822440984658       -0.42963167834932       -8.13182101479890
H           -0.57312461695354       -1.57652088633162       -6.03967417755489
80
 energy: -120.539994047446 gnorm: 0.063016943528 xtb: 6.7.1 (edcfbbe)
Mn           0.01367849045330       -0.23221417459651       -0.33476855674282
N            0.37629431370817       -2.19823932267511        0.20429747981560
C            1.63263464431304       -2.97467320119720        0.08490521785323
C            2.56235818457144       -2.27956583893578       -0.89385134989534
P            2.24270628454652       -0.44246427399442       -0.63148329770645
C            3.32567093600343       -0.25085191809542        0.80867193542511
C            2.75258962401140       -0.18844327054740        2.06964837583042
C            3.56292473546753       -0.10358941428169        3.18514859696152
C            4.94032445485614       -0.08134849998160        3.03454717615156
C            5.51084979805930       -0.14553504407167        1.77249663996112
C            4.70497170837594       -0.23348132780166        0.65522607373942
C            3.18798861387715        0.50144386878620       -1.85361361134278
C            2.94343350958964        1.87431286496338       -1.86121823089924
C            3.56604382759869        2.68326147278850       -2.79040903142344
C            4.42659850868987        2.12919681360180       -3.73191065458247
C            4.68050955613283        0.77148320113053       -3.72677626133659
C            4.04897828065480       -0.05065015501725       -2.79212464630155
C           -0.66532595261813       -3.02830186190777        0.83406402042912
C           -1.81397614191164       -2.18768846588429        1.40197108909159
P           -2.06277943504103       -0.84891967373236        0.15101401898106
C           -3.29554197962963        0.27576914181584        0.84509173441544
C           -4.02513019446995        0.05772862767905        2.00805504289850
C           -4.93076207929986        1.01540738503021        2.43292802149449
C           -5.11141167124379        2.17985972124263        1.70480533988781
C           -4.38213423345873        2.39892003242561        0.54547554451002
C           -3.47297922126550        1.45167034839673        0.11846226098544
C           -3.07427236016033       -1.78734325800611       -1.06600879053971
C           -2.45936653176128       -2.25376390376303       -2.21803639075545
C           -3.15169240022325       -2.99391222064796       -3.15674321772081
C           -4.48887467086360       -3.27831932986909       -2.94094662992824
C           -5.11672122125459       -2.81905432380247       -1.79269979561032
C           -4.41828731650674       -2.07743589836581       -0.85667850452791
H            1.34712773113574       -3.96427390609468       -0.31147796782022
H            2.10991923838162       -3.08759508849257        1.05523084169230
H            2.27753924828018       -2.51049141980894       -1.92165555534628
H            3.60269390112806       -2.55917816643721       -0.77594196300928
H            1.66840825303065       -0.19043625197055        2.15459216892457
H            3.12000064983068       -0.04828021488951        4.16806991050750
H            5.57521258617069       -0.00983015614718        3.90416178992517
H            6.58409802431718       -0.12491705187284        1.65619467871610
H            5.13684280894418       -0.28017699451131       -0.33692350225982
H            2.24092325309235        2.28098607588309       -1.13870172846035
H            3.37664488081556        3.74730615852643       -2.79434370006458
H            4.87650037048698        2.75914797425557       -4.48586674912065
H            5.25085249451700        0.31615394884753       -4.52289792618717
H            4.13800217086662       -1.12674018594658       -2.88241121492035
H           -1.07150328145444       -3.75994781790128        0.12188003477752
H           -0.17392036906951       -3.57146220630285        1.64795715168831
H           -2.70424200736066       -2.80181894678234        1.56849327368730
H           -1.51965556922331       -1.69893863026388        2.33752411946935
H           -3.88669509244507       -0.84571773729212        2.58424893982170
H           -5.49561953780075        0.85258129526629        3.33932456735607
H           -5.81709678256960        2.92327134501671        2.04467853831409
H           -4.51627952286585        3.31036775145799       -0.01784077412993
H           -2.86997763432742        1.60665048657697       -0.77037916503747
H           -1.42299603467920       -2.00662261285715       -2.38326793163870
H           -2.65527647243424       -3.34268591576535       -4.05290231920650
H           -5.04069087461328       -3.85352925877034       -3.66933961278222
H           -6.16114588419715       -3.03936535731017       -1.62931523018905
H           -4.91080407731526       -1.71399224087545        0.03392552136001
C           -0.31277787954873        0.51300974686369       -1.90404328709970
O           -0.51198853966894        0.94033386355519       -2.99999397322819
C           -0.02733954646809        1.15408177693529        0.74418536718948
O           -0.12979843652609        2.20679407875492        1.24642581028953
O            1.19392264660044       -1.34029626960515       -2.72497468120034
C            0.69383570292007       -1.50527115679922       -3.85371665420606
C            1.05359529235373       -0.80601681501375       -5.01475024936053
C            2.17564326356521        0.01386793277449       -5.03949903171717
C            2.56669067276366        0.65090440196031       -6.18464237521676
C            1.80351961638311        0.49114376858281       -7.32815258244128
C            0.66436282346769       -0.30346320232636       -7.30103668953825
C            0.28693202859333       -0.96050594073140       -6.16076186067853
H            0.29040875814547       -2.14460819188400       -0.84792114790191
H            0.17332092866894       -0.56749206166655       -1.85340132367950
H           -0.16580174177108       -2.19362694385343       -3.86394717026181
H            2.72546354514063        0.11982589448619       -4.14037067194884
H            3.45638943983945        1.26729767132150       -6.18720211737901
H            2.09132029802892        0.99129841948311       -8.23691104373030
H            0.05935917285639       -0.41811125585368       -8.18239397734595
H           -0.59279991684681       -1.58084446271676       -6.08774197755999
80
 energy: -120.555182773923 gnorm: 0.050388055280 xtb: 6.7.1 (edcfbbe)
Mn           0.01569521101574       -0.19196284249984       -0.35272040333585
N            0.38586608931942       -2.23489949613716        0.19026262248310
C            1.66030957790352       -2.98969926402910        0.12235084829717
C            2.59233198203988       -2.28314004403254       -0.85600267101042
P            2.25141536741021       -0.44222430293212       -0.62481435332787
C            3.33287650124361       -0.24454471433991        0.81801059303753
C            2.76026327264410       -0.18495709981585        2.07919060503285
C            3.57078907081758       -0.10225656144031        3.19534764581284
C            4.94810229481689       -0.07970921716323        3.04526895882090
C            5.51972533247280       -0.14372149709589        1.78382316565823
C            4.71362552209329       -0.23007144956739        0.66617469169688
C            3.21123087042340        0.49931491066096       -1.83985197475697
C            2.95764436284671        1.87146150234303       -1.85062845635540
C            3.57765662943275        2.68296855341670       -2.78024843702620
C            4.44861816192172        2.13298109673194       -3.71310833555409
C            4.70973112932492        0.77513786089705       -3.70361288928261
C            4.08668078432268       -0.04742085011897       -2.76791886686269
C           -0.66294574868777       -3.04642408724874        0.83540799213994
C           -1.80210853414539       -2.18291979342537        1.38996077055880
P           -2.05701523514444       -0.83787246326503        0.14126117649694
C           -3.29458910645001        0.27816914429910        0.84558075199420
C           -4.02475730371074        0.05854645817305        2.00807944550937
C           -4.93137320030047        1.01552867759200        2.43337738510661
C           -5.11323719001481        2.18029024533953        1.70611665452088
C           -4.38428863435874        2.40111824469991        0.54703971320909
C           -3.47375341096077        1.45520042711762        0.12042269669560
C           -3.07757179781351       -1.78345757205797       -1.06545064699969
C           -2.46420798323309       -2.25359532338256       -2.21727967041660
C           -3.15719716220067       -2.99627729036225       -3.15358430427355
C           -4.49434499380347       -3.27983804355790       -2.93710843398384
C           -5.12001987243181       -2.81906641529360       -1.78834028643715
C           -4.42143893180680       -2.07558902030631       -0.85340177072505
H            1.41343807000368       -3.99105697313876       -0.26577371686281
H            2.11463368102955       -3.08136643916390        1.10873732230965
H            2.33847466905681       -2.55966293687571       -1.88254715708002
H            3.64362542433701       -2.53400831975027       -0.69900233972116
H            1.67663691805563       -0.18812070096057        2.16093056825417
H            3.12713193028970       -0.04831749864196        4.17815444274553
H            5.58265025690253       -0.00808402504140        3.91523165985124
H            6.59327546222182       -0.12367895977667        1.66753867819976
H            5.14614471733461       -0.27858039760443       -0.32514411561176
H            2.23985070574305        2.27494495362216       -1.14057162470836
H            3.36860928643135        3.74382650706646       -2.79818577946157
H            4.89181594666744        2.76352875008666       -4.47093914517298
H            5.30064540966996        0.32389204688051       -4.48593796938018
H            4.19486776394392       -1.12019925010210       -2.84379884928754
H           -1.07283826201990       -3.77691774886841        0.12507198967502
H           -0.18725895167365       -3.58934370676554        1.65839937528354
H           -2.69770164481454       -2.78892689846235        1.55825990432164
H           -1.50344885924471       -1.69631359163554        2.32520798313243
H           -3.88547818471331       -0.84507228258679        2.58406174296506
H           -5.49619857804457        0.85219129280533        3.33988588421443
H           -5.81917198023100        2.92326031376714        2.04669251352057
H           -4.51884968204020        3.31277357996647       -0.01602701113559
H           -2.86864889817556        1.61246696203662       -0.76670703512725
H           -1.42834291393888       -2.00707372056725       -2.38880736643017
H           -2.66002419373633       -3.34520987605866       -4.04881319326573
H           -5.04707675659889       -3.85421726314253       -3.66571220916435
H           -6.16464645670784       -3.03916030199897       -1.62469886562814
H           -4.91512540508474       -1.71188527262441        0.03674181739651
C           -0.32546184503147        0.57338757042813       -1.91260808145027
O           -0.55050847052496        0.99147962430016       -3.00640624739563
C           -0.06128303271090        1.18102384883450        0.75108705691039
O           -0.10287284249256        2.18667571116777        1.32863954199021
O            1.13483904020645       -1.38276897312891       -2.75463435633758
C            0.66529956068056       -1.53264358154592       -3.89627494500807
C            1.02435680563238       -0.81215117439383       -5.06237985843477
C            2.14421007862302        0.01522553641346       -5.07034277794791
C            2.54313106275260        0.65481097938960       -6.21592146008600
C            1.78952014316776        0.49545541392300       -7.36802078270365
C            0.64878523961316       -0.29832931227989       -7.35623158794225
C            0.26425393914268       -0.96377956384467       -6.21888720157107
H            0.18973851442086       -2.16526784449680       -0.84196599381680
H            0.11485133729947       -0.53497149028067       -1.86195300461921
H           -0.17662797555917       -2.24997612582882       -3.97496975354145
H            2.67667094896024        0.11674364114727       -4.15420440217878
H            3.43149925845805        1.27030525848826       -6.20653716737682
H            2.08542066561923        0.99800536737392       -8.27347406655217
H            0.05036622388436       -0.40529681416507       -8.24469431946410
H           -0.61447052145117       -1.58664185667403       -6.15436615485739
80
 energy: -120.568408589274 gnorm: 0.044821895354 xtb: 6.7.1 (edcfbbe)
Mn           0.00846181222964       -0.18822873939469       -0.37562119463262
N            0.38128604622102       -2.26643161641693        0.17484723429112
C            1.67182642238733       -2.99040798387998        0.14260478220298
C            2.61498320563906       -2.27420652414136       -0.82793154708938
P            2.25062646051418       -0.43985193182857       -0.61533558674030
C            3.33968085710197       -0.23664066340583        0.82872085660014
C            2.76975538873487       -0.17968798410700        2.09148490819608
C            3.58047146366420       -0.10031255208483        3.20872001844840
C            4.95769246875229       -0.07797205466508        3.06007538180349
C            5.52912573493242       -0.14120156893902        1.79853407494099
C            4.72249205104861       -0.22514260833421        0.68049127749442
C            3.22428136272538        0.49481520736413       -1.83067956662170
C            2.96657540762490        1.86614544742798       -1.84340271466080
C            3.58785414482113        2.68110111992424       -2.77004807017635
C            4.46924290555810        2.13551063887594       -3.69390347332677
C            4.73533030895557        0.77711706737668       -3.68063858777359
C            4.11425290766417       -0.04647418460464       -2.74978866837658
C           -0.66282663980625       -3.06715893383047        0.83823024685885
C           -1.79185386729533       -2.18245876236628        1.38046935014224
P           -2.05359542883058       -0.83552822486654        0.13302799693370
C           -3.29134211032686        0.27992505375160        0.84722969053953
C           -4.02317902569300        0.05914807612240        2.00850215283812
C           -4.93137397070834        1.01486448973861        2.43424544180096
C           -5.11514080507996        2.18015896572747        1.70843995567409
C           -4.38577487901120        2.40311311887189        0.55010712527670
C           -3.47290607974382        1.45879830839781        0.12433442660736
C           -3.08201881614618       -1.77979759076049       -1.06773390920399
C           -2.46965813025049       -2.25272885510466       -2.21997418288046
C           -3.16574672635076       -2.99900487321728       -3.15137023154346
C           -4.50263743661620       -3.28157378898706       -2.93256654676751
C           -5.12563006789822       -2.81840004993555       -1.78336190615674
C           -4.42548207754514       -2.07263776020199       -0.85122286794844
H            1.47949055699503       -4.01315812882399       -0.22491489214292
H            2.10297957306243       -3.05373285070796        1.14791783796657
H            2.39576910675369       -2.59246546520604       -1.85335672342070
H            3.67112496984263       -2.49856460829184       -0.62141952889296
H            1.68661163349319       -0.18439738834857        2.17198555755680
H            3.13659205654773       -0.04922114438134        4.19187491414051
H            5.59211320374244       -0.00767675698625        3.93065105122320
H            6.60320800282783       -0.12289095736836        1.68280976271429
H            5.15800433114902       -0.27496613684494       -0.30903296625398
H            2.23975638984335        2.26697740252379       -1.14145906056046
H            3.36498951319906        3.73871934232285       -2.79678270371458
H            4.91529067155417        2.76718799904264       -4.44849552545120
H            5.36147859162151        0.33368741572420       -4.44114404261564
H            4.25734259980771       -1.11633275322357       -2.80012871351784
H           -1.07764732668432       -3.80168861327857        0.13354540366938
H           -0.19958971883635       -3.60937052492738        1.66920553821354
H           -2.69541323568302       -2.77545438250418        1.55149407774769
H           -1.48512178045129       -1.69427747522036        2.31228431812614
H           -3.88395606143141       -0.84490993540688        2.58407069951153
H           -5.49647705996083        0.85032346123017        3.34053363633508
H           -5.82210562062338        2.92205746677657        2.04968288067045
H           -4.52176699041302        3.31489324776812       -0.01279879958412
H           -2.86758840354161        1.61899238539709       -0.76237416782916
H           -1.43395735954448       -2.00775168407254       -2.39946513995180
H           -2.66878608501328       -3.34994790877458       -4.04550608005517
H           -5.05712559777568       -3.85585346417003       -3.66006404848402
H           -6.17015935839576       -3.03842316775304       -1.61770363144869
H           -4.91957761924852       -1.70885496156218        0.03901776402665
C           -0.34067225372868        0.62487100557023       -1.91381525630164
O           -0.58027600744379        1.06808154627952       -2.98889585972816
C           -0.00998410313958        1.14093543009566        0.81701955921790
O           -0.11035455968368        2.19783791712876        1.32084482834896
O            1.08795745456758       -1.43499733078973       -2.79016132266832
C            0.63608939058864       -1.56993314637561       -3.93817289634101
C            0.99483746395579       -0.82269275371497       -5.10848907898626
C            2.11155410018915        0.01401785654147       -5.09962822049280
C            2.51394768276617        0.65937182643826       -6.24699730951430
C            1.77227846081602        0.50171519052842       -7.40924178867261
C            0.63178763911264       -0.29316137712765       -7.41368893614990
C            0.24277015032385       -0.96699647994622       -6.27677423431769
H            0.12743195018016       -2.15190529116800       -0.81610686116324
H            0.06547089604774       -0.51535802300523       -1.86846790562128
H           -0.18990868731901       -2.30196582446464       -4.08218308718533
H            2.63567991204427        0.11577201257867       -4.17154783387823
H            3.39978127343766        1.27704305197986       -6.22835405795408
H            2.07773050917177        1.00654396509624       -8.31240039067227
H            0.04229136893313       -0.39184330383385       -8.31193323961520
H           -0.63624385058899       -1.59304269675855       -6.23621323486078
80
 energy: -120.582866066184 gnorm: 0.045057914097 xtb: 6.7.1 (edcfbbe)
Mn           0.00923395593007       -0.20814967761460       -0.40254996041061
N            0.38637455790120       -2.27520810618177        0.18656915370008
C            1.67669074908593       -2.97751527719387        0.15391229952407
C            2.63585023179105       -2.26431535854184       -0.80714709019635
P            2.25363709051482       -0.44080456058577       -0.60895807074218
C            3.34576262621033       -0.22579029498937        0.84060003271544
C            2.77888457113158       -0.17224901121219        2.10540121975521
C            3.58923178112895       -0.09658219109950        3.22406722388144
C            4.96639411616246       -0.07486823945328        3.07773513816369
C            5.53684799224892       -0.13658778373511        1.81563462771195
C            4.73010012200755       -0.21657559308320        0.69701691431320
C            3.23374836919039        0.48923523414744       -1.82665714665494
C            2.97014668486893        1.85894881168213       -1.84239811525755
C            3.59506318103208        2.67799973629691       -2.76361321072198
C            4.48945974568569        2.13704221623113       -3.67681263362770
C            4.76510991497819        0.77910148387740       -3.65672030990171
C            4.13983001012547       -0.04692948531856       -2.73487771330662
C           -0.65776261122932       -3.07429422980473        0.84848778559274
C           -1.78328055709986       -2.17702534760359        1.37494506702535
P           -2.04856523049906       -0.83295609632943        0.12350552958466
C           -3.28768516612420        0.28191217322678        0.84642830144116
C           -4.02082422718764        0.05990138740182        2.00680129074239
C           -4.93094069417197        1.01380306255440        2.43344358487817
C           -5.11719780266253        2.17979791625778        1.70954546611242
C           -4.38717856896393        2.40509816169110        0.55210685095057
C           -3.47208569979119        1.46260248650433        0.12651501123459
C           -3.08493247273955       -1.77623972464074       -1.07105705225212
C           -2.47517449873368       -2.25211181495182       -2.22444987175619
C           -3.17581523428683       -3.00177480754304       -3.14998866000773
C           -4.51210990302631       -3.28312996696179       -2.92743735588442
C           -5.13149034447222       -2.81650765551892       -1.77774918184905
C           -4.42797166494142       -2.06863028711558       -0.84959408156487
H            1.52835745821219       -4.02022902222900       -0.18750260913831
H            2.09266689034511       -3.01698917700011        1.17076164282660
H            2.44971307069199       -2.61189317792378       -1.83068919145162
H            3.68761957754563       -2.47081373767797       -0.55457971622680
H            1.69648804571953       -0.17962344723647        2.18694948866218
H            3.14519014390198       -0.04962583960194        4.20764224945787
H            5.60066685719018       -0.00730715002512        3.94907584144876
H            6.61139344149534       -0.12136382118934        1.70082983898182
H            5.17025070601625       -0.26771746885467       -0.29018768494214
H            2.23889389453363        2.25680459584023       -1.14436444568974
H            3.36575751540970        3.73301230961974       -2.79231364568810
H            4.94456111625853        2.77051635256262       -4.42357721145563
H            5.42694756310112        0.34496058884756       -4.39560710172879
H            4.31917223692236       -1.11474591509058       -2.75848089262104
H           -1.07598126320740       -3.81278816910294        0.14588255039803
H           -0.20718352770658       -3.62129870987009        1.68300399288665
H           -2.69398387033755       -2.75850157224831        1.54676814666090
H           -1.47126269633824       -1.68574141743367        2.30301513326957
H           -3.88169704315696       -0.84440971668325        2.58226639412261
H           -5.49643158769378        0.84742024277389        3.33931387052763
H           -5.82584721588720        2.92004151783266        2.05142925203685
H           -4.52469679556457        3.31721263646357       -0.01017422704079
H           -2.86650893579821        1.62713384909904       -0.75936652389601
H           -1.43998453801316       -2.01018095321814       -2.41240283933213
H           -2.68013723339939       -3.35650192005503       -4.04321682068410
H           -5.06893259525720       -3.85854120991323       -3.65230135404755
H           -6.17572494248646       -3.03614245791132       -1.60868139690790
H           -4.92160675762371       -1.70376126134139        0.04065772022732
C           -0.35734137956338        0.65579255761360       -1.91302054971659
O           -0.61399033152842        1.13475953307055       -2.96696920922263
C           -0.04101434018929        1.12620577446013        0.78300129230387
O           -0.06405371557257        2.11097616147952        1.41536775811397
O            1.04826780334731       -1.48925990047683       -2.84111341055253
C            0.60704014899728       -1.61245633708231       -3.98919040441169
C            0.96741584502008       -0.83868184965284       -5.15580308909586
C            2.07796796600859        0.00889487505543       -5.13007727116306
C            2.48245975881592        0.66202194369067       -6.27587838708721
C            1.75460917665515        0.50711524865191       -7.44752830475890
C            0.61634245772579       -0.29019878564878       -7.46728606828052
C            0.22493849719969       -0.97255309792544       -6.33300417510021
H            0.09092608442553       -2.09130847147078       -0.76904293894389
H            0.01901246871571       -0.51613391000652       -1.87388931610535
H           -0.20425179240211       -2.34795885917134       -4.18003713211055
H            2.60017610592582        0.11341099537043       -4.19632410871979
H            3.36503468783723        1.28453336212261       -6.24924198722923
H            2.06973366900684        1.01455574236998       -8.34796420204260
H            0.03701032049351       -0.38232972246473       -8.37485633534636
H           -0.65491330951541       -1.60146413831888       -6.32229150620591
80
 energy: -120.588603414432 gnorm: 0.033647357847 xtb: 6.7.1 (edcfbbe)
Mn           0.02688609717598       -0.19657802870944       -0.40716452780711
N            0.39414311715487       -2.28781425042022        0.19832440682781
C            1.67765698125725       -2.97880032315046        0.15380406354409
C            2.63901652308270       -2.26366706793250       -0.80210971978053
P            2.26349350918352       -0.44729221225425       -0.60533789833042
C            3.34964548631675       -0.21628271844511        0.85299362079541
C            2.78375594445610       -0.16426492982539        2.11902561821874
C            3.59293759174035       -0.09061050815126        3.23930463238438
C            4.97018856912302       -0.06951929888147        3.09624920124495
C            5.54012725733826       -0.12802207215379        1.83381413387665
C            4.73442830007295       -0.20445667314947        0.71394200337805
C            3.23226098098932        0.48104359592001       -1.83120795912802
C            2.96203492688530        1.84887499673042       -1.84975014114098
C            3.59573775098259        2.67216144633315       -2.76117209571478
C            4.50359957168696        2.13526662220241       -3.66352695176924
C            4.78807402675347        0.77873467887674       -3.63832400040329
C            4.15517309742768       -0.05116489973190       -2.72577637380075
C           -0.65210187164216       -3.07412282066344        0.86783095187231
C           -1.77875322808936       -2.17115640797903        1.38004638949833
P           -2.04411512912187       -0.83748933382099        0.11695509880876
C           -3.28073821835669        0.28087782214607        0.84343486480690
C           -4.01508024957040        0.05694565960311        2.00287872726980
C           -4.92822341316622        1.00789890021010        2.43003017487746
C           -5.11731385206681        2.17455531419779        1.70815123869418
C           -4.38572318466912        2.40290431157214        0.55229003754764
C           -3.46770183993438        1.46298782855585        0.12629890448585
C           -3.08506559960794       -1.77741077365347       -1.07637346072013
C           -2.48058735094712       -2.25502533445293       -2.23238718641190
C           -3.18724850629551       -3.00659088238841       -3.15202988520648
C           -4.52273574160683       -3.28645229633952       -2.92307588587927
C           -5.13712645804420       -2.81499572140024       -1.77275117553438
C           -4.42801477798117       -2.06592479947469       -0.84995137034777
H            1.55013222176928       -4.03084813730035       -0.16357002646140
H            2.08888275858822       -2.98437085030152        1.17361151988346
H            2.47809507794193       -2.62002306223041       -1.82286732857898
H            3.68252781016022       -2.45840258167117       -0.52857332183829
H            1.70219234964648       -0.17454507678635        2.20366446615301
H            3.14840361776816       -0.04813219414232        4.22298121051035
H            5.60392451176820       -0.00643254897285        3.96871153300046
H            6.61490910775052       -0.11563204767572        1.72061469361150
H            5.17947323407669       -0.25368065760398       -0.27112525866844
H            2.23005256787116        2.24408800797543       -1.15142094845218
H            3.37105046814506        3.72702947063527       -2.78292131394635
H            4.97694737243724        2.77205858057049       -4.39557733067429
H            5.47957145647670        0.35360116575594       -4.35665534419011
H            4.35794832791596       -1.11626160779857       -2.73220795510458
H           -1.07166058047754       -3.82087438960561        0.17166929467650
H           -0.20399366862385       -3.61716990441116        1.70525261903318
H           -2.69286690142953       -2.74582117926949        1.55596805090631
H           -1.46553979029778       -1.66924206058140        2.30167355543657
H           -3.87632815625000       -0.84766376530309        2.57784316549866
H           -5.49494508276451        0.83836914189666        3.33461617355922
H           -5.82937874966985        2.91185925651723        2.04983786270792
H           -4.52573595485737        3.31518822644927       -0.00915973771426
H           -2.86335118025078        1.63181934681223       -0.75949237519429
H           -1.44575963012786       -2.01738192958236       -2.42826092711634
H           -2.69513883319755       -3.36662924546007       -4.04518101656639
H           -5.08288648472822       -3.86492982726098       -3.64287247609635
H           -6.18078464993327       -3.03335302822922       -1.59804792407745
H           -4.91847327927400       -1.69814805140166        0.04082927812537
C           -0.35947555993996        0.69131504760742       -1.89749150874642
O           -0.62369099121262        1.22538097154375       -2.92402342337720
C           -0.00898456333339        1.11008579777683        0.80666935740973
O           -0.04603872458028        2.08216940247439        1.45021656770810
O            1.01928972041853       -1.52635710768527       -2.89352920201010
C            0.58457084714163       -1.64243196531955       -4.03927311815717
C            0.94952503654116       -0.85426336730249       -5.19565533826396
C            2.05370399653067        0.00203195775465       -5.15740941781164
C            2.45752228829321        0.66679816979219       -6.29630391399374
C            1.74138762997687        0.51468981908998       -7.47460787764516
C            0.60917726459863       -0.28965918332285       -7.50684394439735
C            0.21686945782982       -0.98064408813981       -6.37890160530412
H            0.04422938274409       -2.09704599571376       -0.75654283627840
H           -0.02250231702020       -0.51361721106289       -1.89701612265211
H           -0.21779659388802       -2.37683444128413       -4.24339356592872
H            2.57556170962745        0.10954148474731       -4.22368772443361
H            3.33384706694391        1.29878667986636       -6.26201237170617
H            2.06149181577879        1.02722744152111       -8.37075846511601
H            0.03842084174285       -0.37983358261594       -8.42010935821588
H           -0.66058589881381       -1.61437647362930       -6.39139554748385
80
 energy: -120.586375181493 gnorm: 0.031693006139 xtb: 6.7.1 (edcfbbe)
Mn           0.03399466711584       -0.18025934834141       -0.42020088309436
N            0.38630158782597       -2.29970721271689        0.20024943240241
C            1.67803753870139       -2.97586665833925        0.16629339513901
C            2.63910459898116       -2.25896067245754       -0.78872301126670
P            2.26679140618706       -0.44718676665314       -0.59833964165555
C            3.35213029768969       -0.21033954729655        0.86488839884277
C            2.78762619399363       -0.15869676831311        2.13208412207277
C            3.59561302988505       -0.08447358320670        3.25345735911530
C            4.97322790133772       -0.06349561019572        3.11405588555488
C            5.54225843286947       -0.11726922321650        1.85102301132218
C            4.73738006154104       -0.19253459487404        0.72978253387048
C            3.23254113166696        0.47148383943782       -1.83206663757925
C            2.95426243315406        1.83712915298908       -1.85785839225478
C            3.59845904010071        2.66402465444732       -2.75837697711976
C            4.52369046068228        2.13057518359158       -3.64516273224876
C            4.81439699710185        0.77596354758401       -3.61468268397973
C            4.17036000333265       -0.05807226208270       -2.71248789082698
C           -0.65271372818261       -3.07678982428743        0.88350768758755
C           -1.77836931812217       -2.16610844148408        1.38201442190182
P           -2.04197991576371       -0.84014542113180        0.11102489058887
C           -3.27546226110235        0.28026188817482        0.83935281066349
C           -4.00871221241640        0.05240944179975        1.99867882129198
C           -4.92441072488326        0.99949485650304        2.42799604613821
C           -5.11708543432647        2.16725750770564        1.70880378169643
C           -4.38403317404407        2.40048608075655        0.55478978839374
C           -3.46368029702908        1.46400632453036        0.12640497198785
C           -3.08394765687407       -1.78055092296274       -1.08101654673543
C           -2.48801546149291       -2.26145828464881       -2.24071916464310
C           -3.20365266144178       -3.01367544968629       -3.15325470535530
C           -4.53807940946919       -3.29063722976086       -2.91489272677303
C           -5.14469421049342       -2.81278469426539       -1.76306542887209
C           -4.42682142638653       -2.06328302355805       -0.84742381611369
H            1.57171017029074       -4.03247327108106       -0.13362574740929
H            2.08470872549869       -2.94673283872326        1.18811878590291
H            2.49998265745755       -2.61302627397457       -1.80859732901183
H            3.67382868850010       -2.44480496361720       -0.49927851196514
H            1.70708495556321       -0.17128353455484        2.22266465733897
H            3.15040225179945       -0.04494709335729        4.23706796389744
H            5.60626689121585       -0.00549494543929        3.98769954000871
H            6.61721905823052       -0.10494685992547        1.73959066642483
H            5.18764889418288       -0.23519509297740       -0.25335685703191
H            2.21159813759577        2.22910408254354       -1.16665232029420
H            3.37327523119025        3.72009649690604       -2.77787901091126
H            5.01466167198837        2.77125371832041       -4.36382620149222
H            5.52951536435723        0.36074292351696       -4.31380327462404
H            4.38746912554446       -1.11893429521971       -2.70734059763890
H           -1.06594423187390       -3.84353372156273        0.20311234113053
H           -0.20022759276401       -3.59894563732627        1.73329680570219
H           -2.69268976853053       -2.73626733750848        1.56759496847827
H           -1.46431322294345       -1.64917832595199        2.29554104957365
H           -3.86859751710311       -0.85242064984743        2.57290315925778
H           -5.49152449053530        0.82515182180087        3.33140919619412
H           -5.83315097060141        2.90049781416211        2.05082044157048
H           -4.52618633754555        3.31366812554084       -0.00450279834039
H           -2.86029687948271        1.63868570871743       -0.75869064502534
H           -1.45367348662231       -2.03022903819307       -2.44580494017666
H           -2.71852131378670       -3.37881583603460       -4.04832248174780
H           -5.10360817554608       -3.87249055203447       -3.62780385146428
H           -6.18782403367974       -3.02728103912144       -1.58063374935764
H           -4.91147179898898       -1.69038005785610        0.04436265690406
C           -0.34322636056610        0.74897015772113       -1.88130259766675
O           -0.61705355342432        1.33274476407908       -2.88027403573148
C            0.02355878609955        1.08779123817547        0.82531833866871
O           -0.02432359132111        2.03591777018250        1.50200956566715
O            0.99486322039157       -1.56906735681466       -2.95417543406939
C            0.56487429157726       -1.67833288854388       -4.10207578664238
C            0.93640286783305       -0.87674250195504       -5.24401776456045
C            2.02959539188735       -0.00693634807811       -5.18931714266068
C            2.42985718150919        0.67644114968829       -6.31765685435482
C            1.72685855548562        0.52869035114158       -7.50423847319525
C            0.60483812071424       -0.28883908669323       -7.55224767851677
C            0.21490596552371       -0.99518067895702       -6.43420821134871
H            0.03082182487851       -2.12628407257821       -0.74131456089636
H           -0.05852999218404       -0.49572846558967       -1.93807591219532
H           -0.22431216164769       -2.42118468120033       -4.31499685376756
H            2.55343175220174        0.10333133115563       -4.25639143099298
H            3.29637462229251        1.32230976513610       -6.27329522813368
H            2.04858479446428        1.05240357477488       -8.39278198246830
H            0.04175178220382       -0.37682897569457       -8.46973025974084
H           -0.65871273112859       -1.63404708070006       -6.46972157516128
80
 energy: -120.594259781146 gnorm: 0.269973673894 xtb: 6.7.1 (edcfbbe)
Mn           0.02754220727200       -0.19319972467284       -0.42773332482003
N            0.38461879180746       -2.30165841995264        0.21074689496353
C            1.68013688311161       -2.96523985183469        0.17238756926538
C            2.64204499595513       -2.24858101604312       -0.77956140732332
P            2.26393167114860       -0.44071672700343       -0.58970412960275
C            3.35208295028982       -0.20265090550440        0.87488499260600
C            2.78889294004986       -0.15524512455696        2.14322474744159
C            3.59597943514418       -0.08165787097225        3.26542918718020
C            4.97388523019409       -0.05941232647220        3.12852687106587
C            5.54234249037168       -0.10795951967147        1.86504055242252
C            4.73795238631156       -0.18050768398667        0.74258658693949
C            3.23428351437038        0.46488394138030       -1.82922193804913
C            2.94993660591117        1.82905045612093       -1.86462493547657
C            3.60411541217755        2.65668932206565       -2.75672501627526
C            4.54557779044364        2.12394795776967       -3.62698143401535
C            4.83704242424714        0.77021518131852       -3.59186637221381
C            4.18253456751391       -0.06505339060918       -2.69776454945677
C           -0.64781837487601       -3.07746566499299        0.90032824400615
C           -1.77619527188268       -2.16107764692684        1.38367204888745
P           -2.04206252032176       -0.84220375932610        0.10561317701328
C           -3.27250859119059        0.28003833642956        0.83474984966808
C           -4.00419394990639        0.04892655863956        1.99443324804971
C           -4.92127787915828        0.99315787795433        2.42613632385576
C           -5.11634114234259        2.16204298549695        1.70929387167186
C           -4.38211109456825        2.39973171375826        0.55694709957893
C           -3.46043290648444        1.46576631356530        0.12582251829616
C           -3.08512510247491       -1.78416189682054       -1.08422303573947
C           -2.49733353213740       -2.26943381822711       -2.24668839299845
C           -3.22220608582496       -3.02097030949697       -3.15293102458676
C           -4.55606594837396       -3.29348120198854       -2.90589140572328
C           -5.15467616518934       -2.80973774307134       -1.75229694588838
C           -4.42807818592344       -2.06051244582159       -0.84338112278989
H            1.58156896071177       -4.02124604947780       -0.11933898145286
H            2.08724018537365       -2.92723775307927        1.19128128358202
H            2.51386923547192       -2.59906099243486       -1.80020023479165
H            3.67270649614656       -2.43132846458042       -0.47681615284759
H            1.70930450125248       -0.17032135195635        2.23895623307143
H            3.14982770159131       -0.04317467859133        4.24877131949250
H            5.60615630424682       -0.00431438109608        4.00298617361784
H            6.61745138404251       -0.09341582550257        1.75476215267922
H            5.19198214415151       -0.21751978278712       -0.23910428551655
H            2.19411845596779        2.21894947679668       -1.18446470321644
H            3.37602705046828        3.71329729033469       -2.77940368354728
H            5.05029006463299        2.76626414789757       -4.33585374259896
H            5.56866485497989        0.36048811821703       -4.27519923582232
H            4.40717022198057       -1.12263634843568       -2.68454046307289
H           -1.05707387901658       -3.85704308457749        0.23161455850070
H           -0.19356643073967       -3.58397627848224        1.76028889415423
H           -2.69030166735098       -2.72864313238901        1.57637946357022
H           -1.46427424686543       -1.63245278647614        2.29182721956863
H           -3.86262786282580       -0.85625945440129        2.56768253749026
H           -5.48799065269289        0.81493162713259        3.32901735938293
H           -5.83492971216343        2.89227758587944        2.05211671637581
H           -4.52474999512220        3.31452415555198        0.00045311758513
H           -2.85685294997204        1.64540075877708       -0.75808169393094
H           -1.46308457728483       -2.04401370656071       -2.45961665069143
H           -2.74476073632442       -3.38938325061954       -4.05087527601780
H           -5.12760509182028       -3.87657530475690       -3.61311807809862
H           -6.19765360704330       -3.01875348947074       -1.56288705848089
H           -4.90634120516182       -1.68207011314268        0.04959465488105
C           -0.32870443569980        0.78769123120691       -1.85730189292113
O           -0.60007869751744        1.41937511881812       -2.82816063682260
C            0.04740605017311        1.04050267974986        0.84891920100373
O           -0.02618046294324        1.98335647874504        1.53019517114558
O            0.98000524021160       -1.60594248788463       -3.00756479205603
C            0.54917032036907       -1.70765708179169       -4.15640402089963
C            0.92609297834605       -0.89664304126087       -5.28977277679725
C            2.01025226511260       -0.01578996817896       -5.21904365419432
C            2.40722448359223        0.68644599318330       -6.33787419200716
C            1.71504152610048        0.54416887896334       -7.53226610356465
C            0.60378130573161       -0.28801256425262       -7.59692732125676
C            0.21533770841746       -1.01033723304550       -6.48791127879489
H            0.03817331750793       -2.11564557753320       -0.72531063372281
H           -0.06933305523115       -0.47749355618757       -1.95876287668176
H           -0.22757572658131       -2.46281608356059       -4.37824779179376
H            2.53516941845784        0.09413687560164       -4.28425837373925
H            3.26351969795968        1.34561156413566       -6.28195463681244
H            2.03597322417966        1.08242197167590       -8.41220964719364
H            0.04764101471578       -0.37403660857044       -8.51870751351465
H           -0.65153400486104       -1.65752288763683       -6.54119026301580
80
 energy: -120.586670224143 gnorm: 0.066893150030 xtb: 6.7.1 (edcfbbe)
Mn           0.01946829254771       -0.28081596713258       -0.43994073443295
N            0.38479064991035       -2.27352571374279        0.22227016544350
C            1.66955654479468       -2.94819924409391        0.16783657809552
C            2.64144152633643       -2.24309813243373       -0.78326087109642
P            2.26334079962022       -0.44335032012450       -0.59136520344844
C            3.35115549984751       -0.20267360051797        0.87536971236923
C            2.78877258168054       -0.15458575265410        2.14398860517746
C            3.59628240023504       -0.08136463663576        3.26603880380335
C            4.97402775067248       -0.05958060080416        3.12902931654529
C            5.54216741304225       -0.10829697465420        1.86532074681076
C            4.73738423585783       -0.18105219816202        0.74313733992923
C            3.23187285359007        0.46518615956428       -1.83043132831421
C            2.94995630914840        1.82908185670770       -1.86389578364815
C            3.60540844060261        2.65678592776301       -2.75583958365770
C            4.54659867867376        2.12383300784359       -3.62635465077871
C            4.83686617620370        0.76914694276076       -3.59121991175058
C            4.18059722383300       -0.06512886828272       -2.69953482405680
C           -0.64718532919598       -3.07061182587623        0.88941771602501
C           -1.77644225248558       -2.16401717999648        1.38530023608613
P           -2.04671443723144       -0.84992752412146        0.10655974325486
C           -3.27030164027308        0.28097237556329        0.83603544921770
C           -4.00305817666626        0.05021745090118        1.99476511201127
C           -4.92044251126905        0.99431156086422        2.42602086037144
C           -5.11521833301477        2.16323444023460        1.70930400200958
C           -4.38056996855140        2.40066524439626        0.55699457305705
C           -3.45871497463069        1.46648198883944        0.12648138183526
C           -3.08821627220233       -1.78491197241124       -1.08464940663757
C           -2.49849430449361       -2.26862207253372       -2.24689295335521
C           -3.22348560542202       -3.01993217470970       -3.15308879528781
C           -4.55734265178907       -3.29250991004550       -2.90598182344420
C           -5.15646356713184       -2.80878951472411       -1.75252420654047
C           -4.43033576851982       -2.05997917233092       -0.84334924693185
H            1.57587582627630       -4.01077398937871       -0.12534955556109
H            2.08558177105383       -2.92781190191641        1.18927802063878
H            2.51743409351680       -2.60037132962362       -1.80089880062784
H            3.66787689920921       -2.43178936163372       -0.47567498749213
H            1.70919357468984       -0.17020106694744        2.23891615527550
H            3.15041828401495       -0.04447367690914        4.24955028745045
H            5.60670154968160       -0.00548422277917        4.00356539670426
H            6.61746074790863       -0.09490390492157        1.75513013877559
H            5.19184474671203       -0.21769138619338       -0.23840383719908
H            2.19427157060580        2.21935955320442       -1.18378014097737
H            3.37643156301901        3.71281108704208       -2.77956773471494
H            5.05231407500110        2.76544149863518       -4.33545390521105
H            5.57319580144490        0.35988605874579       -4.27306781194549
H            4.41008883746048       -1.12278927092573       -2.68158725610863
H           -1.05232150686120       -3.85230703769271        0.21848957683158
H           -0.19586420847582       -3.58180688066949        1.75061618595710
H           -2.69007962481600       -2.73124934658387        1.57735942300582
H           -1.46385998203455       -1.63208150087213        2.29169768796507
H           -3.86207845067943       -0.85534542543119        2.56768668621931
H           -5.48765633664695        0.81615300916839        3.32870410925732
H           -5.83413750567222        2.89346760787060        2.05192415976348
H           -4.52380501350119        3.31519597597136        0.00018408194762
H           -2.85594519391540        1.64568410313651       -0.75808336353719
H           -1.46364212773977       -2.04409382969839       -2.45954006136731
H           -2.74527566123200       -3.38884462918717       -4.05039775665393
H           -5.12873166195844       -3.87577999338560       -3.61316630394599
H           -6.19931218468904       -3.01812732710585       -1.56304892072544
H           -4.90813234668861       -1.68135427666638        0.04977793586937
C           -0.32714395257905        0.77035633441026       -1.84562069229933
O           -0.60022321501904        1.40981905661705       -2.81503004186885
C            0.06202122185747        0.97775295599665        0.85623022868344
O           -0.03212936964421        1.95531329314051        1.49120779026967
O            0.98106831538206       -1.60933360706078       -3.00308861830195
C            0.54712961879163       -1.71054461117457       -4.15167110034813
C            0.92440804835367       -0.89662099167719       -5.29059547480595
C            2.00970799113565       -0.01570593361394       -5.21919823861458
C            2.40568491994480        0.68625270986291       -6.34002209319832
C            1.71351045649948        0.54359388841984       -7.53467608108605
C            0.60192766384869       -0.28873178385968       -7.60006297130243
C            0.21426295693374       -1.01082433780692       -6.48903359443293
H            0.06068959083069       -1.94831509853584       -0.68368148287903
H           -0.06210659851194       -0.49729944220966       -1.93583196557518
H           -0.22701133404716       -2.46376111308436       -4.38563894987827
H            2.53613469405339        0.09420927432347       -4.28355088016151
H            3.26246274857280        1.34520281561567       -6.28398952955365
H            2.03539875482592        1.08167917495715       -8.41490670895633
H            0.04661960327008       -0.37354803872051       -8.52274598676365
H           -0.65454057356192       -1.65711244981028       -6.54678787900299
80
 energy: -120.591352046437 gnorm: 0.042923887481 xtb: 6.7.1 (edcfbbe)
Mn           0.03250189186281       -0.25711917469734       -0.42940431059054
N            0.39946726380954       -2.26410197992563        0.24831326814316
C            1.67727289645489       -2.94711210807011        0.17592577353579
C            2.64664688355699       -2.24558480964234       -0.77797531568989
P            2.27033325463593       -0.44258811235104       -0.58896156084725
C            3.35183341298166       -0.19719687606721        0.88045439132509
C            2.78830647887457       -0.15466326260130        2.14895445606762
C            3.59477968395070       -0.08259842953302        3.27173028100837
C            4.97265795828175       -0.05861782993849        3.13564620592047
C            5.54145359654898       -0.10319560487251        1.87214022283793
C            4.73769775333012       -0.17272649269045        0.74906592309440
C            3.23529641777303        0.46343695487390       -1.82964426560587
C            2.94798188318286        1.82679525653257       -1.86989395320534
C            3.60838572073020        2.65393336921309       -2.75764510478575
C            4.55807503986744        2.12054746872862       -3.61811481782038
C            4.84877323430195        0.76639166493266       -3.58038478545310
C            4.18907781422020       -0.06819177407448       -2.69070379811910
C           -0.64001944820825       -3.05839125867321        0.90189708955300
C           -1.77927830496929       -2.15851953773694        1.38569381667708
P           -2.04521883939480       -0.84935552232206        0.10032117220680
C           -3.26843402269321        0.27974203333812        0.83094855844496
C           -3.99976269830484        0.04672631585245        1.99071091410577
C           -4.91747163190290        0.98947785478103        2.42421495930186
C           -5.11308834245900        2.15940276426032        1.70925708042494
C           -4.37817794263813        2.39984377480695        0.55789505235875
C           -3.45613071043891        1.46695416018939        0.12453392999863
C           -3.09077881231894       -1.78840518390640       -1.08616249102154
C           -2.50579674478264       -2.27541995552826       -2.24921647273088
C           -3.23615598020551       -3.02497263524600       -3.15271290440422
C           -4.57019897915492       -3.29375343341686       -2.90155406396150
C           -5.16487073540236       -2.80759890056456       -1.74700833131285
C           -4.43374401809542       -2.05952149291764       -0.84123310112592
H            1.56014248885097       -3.99800003790045       -0.12377086910303
H            2.09991443122558       -2.93591317259358        1.18901428613465
H            2.51955353716453       -2.59784497383488       -1.79850094775431
H            3.67558583733496       -2.43345356847243       -0.46954066758793
H            1.70913368053011       -0.17354102457371        2.24618281699792
H            3.14767099285466       -0.04640069662793        4.25474114152734
H            5.60439912970271       -0.00520647654992        4.01051030070838
H            6.61655288116177       -0.08727734655335        1.76218912765171
H            5.19264736839713       -0.20718236532105       -0.23216023051504
H            2.18818144861584        2.21608016265894       -1.19498190928363
H            3.38027761573360        3.71006715651658       -2.78287571707979
H            5.07030476897923        2.76247134852621       -4.32144621661071
H            5.58530409537782        0.35692514247807       -4.25723732535371
H            4.41327337177493       -1.12509233544106       -2.67430755277159
H           -1.03885299537547       -3.83412264337304        0.22257333937453
H           -0.19021636161504       -3.57295515901119        1.75971382552830
H           -2.68921125834623       -2.73216398724784        1.57712471627173
H           -1.47157362217421       -1.62644698447376        2.29329715963451
H           -3.85796975031917       -0.85943625013219        2.56232693599154
H           -5.48416478943853        0.80902758511714        3.32670817218126
H           -5.83280934481763        2.88814601750317        2.05286578748423
H           -4.52115961975801        3.31585658161883        0.00349129723674
H           -2.85343805522481        1.64813715177666       -0.75949191084682
H           -1.47018001411230       -2.05576010770187       -2.46333767107219
H           -2.76283335453751       -3.39479996088956       -4.05219420339462
H           -5.14527061124549       -3.87610108304585       -3.60644772109742
H           -6.20783284223536       -3.01312237357034       -1.55422981380925
H           -4.90731740213942       -1.67799310109740        0.05297381652194
C           -0.32212028377050        0.76550994112747       -1.83193806368976
O           -0.58058927814643        1.42603130027401       -2.78318625601892
C            0.03504557013318        0.98630130598263        0.84356259698093
O           -0.03625047137226        1.93140996466054        1.53046727980920
O            0.97732810491144       -1.62923342307964       -3.03533449382465
C            0.54459260416035       -1.72523890776021       -4.18365399701702
C            0.92028367853434       -0.90474961776847       -5.31425729963789
C            1.99990262151882       -0.01849482884467       -5.23532477648228
C            2.39515897296876        0.69383120397080       -6.34893979013134
C            1.70765754791728        0.55512832239945       -7.54639909587530
C            0.60384869225663       -0.28617623727194       -7.62073391540934
C            0.21571752093814       -1.01697341906989       -6.51652837572011
H            0.06101478291922       -1.94753422184377       -0.67201128611869
H           -0.06542734919911       -0.50288739355143       -1.94370929510216
H           -0.23014363426158       -2.47848482180667       -4.41170895438001
H            2.52362442807590        0.08798310024221       -4.29864114535113
H            3.24615487239130        1.35882768079048       -6.28570869605520
H            2.02674107029744        1.10341869774373       -8.42101090961997
H            0.05285647380044       -0.37216390626052       -8.54580684220596
H           -0.64450086349243       -1.67197524995832       -6.57770831126509
80
 energy: -120.596139101579 gnorm: 0.023495295845 xtb: 6.7.1 (edcfbbe)
Mn           0.04436706446566       -0.22370859268878       -0.42512395534007
N            0.41331185415949       -2.25483972803267        0.27898521323619
C            1.69013114785915       -2.95119772635785        0.19472737467164
C            2.64975484698396       -2.24381032030111       -0.76359040253689
P            2.27730081985700       -0.43387847218935       -0.57741107916711
C            3.35407041290090       -0.18800300664831        0.89050410711211
C            2.78810135274522       -0.15425812857674        2.15790394995896
C            3.59329282544656       -0.08309781646013        3.28134283476937
C            4.97141118037315       -0.05456026171644        3.14621731105795
C            5.54156174653369       -0.09268863019492        1.88326396960598
C            4.73925240676364       -0.15879199922838        0.75916279884040
C            3.23849478964684        0.46338175536913       -1.82457373562079
C            2.94547285752377        1.82592320378218       -1.87741047832256
C            3.61345446330735        2.65014209865176       -2.76068566924139
C            4.57538342344686        2.11473823873631       -3.60503902712759
C            4.86602940745183        0.76123397943719       -3.56114267314650
C            4.20001622714657       -0.07179986324592       -2.67286078292878
C           -0.63258020685880       -3.04632422739712        0.91700449206681
C           -1.78188830572578       -2.15162784718255        1.38615070694126
P           -2.04587471235074       -0.84923841892733        0.09413274867339
C           -3.26640625814455        0.27948803348310        0.82438195804482
C           -3.99607845338130        0.04263192894075        1.98491770865995
C           -4.91373827903007        0.98352740144040        2.42176766226656
C           -5.10985665751862        2.15519451708640        1.70961958252966
C           -4.37477900457099        2.40007150211093        0.55970075920049
C           -3.45272639070666        1.46890313580987        0.12214601305856
C           -3.09480114962507       -1.79262859805831       -1.08844765283115
C           -2.51706185552311       -2.28612190629897       -2.25218020034955
C           -3.25617957793873       -3.03327649559527       -3.15088448518784
C           -4.59042559684555       -3.29528977501470       -2.89314163974251
C           -5.17762756179142       -2.80511706320372       -1.73671269756719
C           -4.43864864178725       -2.05767244027061       -0.83704597899407
H            1.54742135741531       -3.99242241021371       -0.11911067138683
H            2.12260234855755       -2.94672648170983        1.20102049935659
H            2.50851796422149       -2.58087229198977       -1.78852888692183
H            3.68334203009709       -2.43257233531062       -0.46832286835745
H            1.70952372121574       -0.17826297632298        2.25754853570980
H            3.14422803532737       -0.05017940218150        4.26354668279710
H            5.60181742823546       -0.00310716664818        4.02164671682855
H            6.61641938340908       -0.07325110589807        1.77348616934046
H            5.19387829003612       -0.18798673285410       -0.22220674287583
H            2.17680066207175        2.21422810748012       -1.21354782863462
H            3.38508401986622        3.70604409930044       -2.79226986344881
H            5.09757201377426        2.75606570968906       -4.30055360158382
H            5.60769299872187        0.34937830893197       -4.22728744610824
H            4.41983698564128       -1.12883461457740       -2.65555860682317
H           -1.01974824334717       -3.81893030080345        0.22852786942622
H           -0.18809539824913       -3.55957948604550        1.77731524650737
H           -2.68679408534121       -2.73444195899699        1.57670531729940
H           -1.48329512473363       -1.61516910232596        2.29446169210258
H           -3.85316229017545       -0.86473475581814        2.55399983218170
H           -5.47921443417499        0.79978805607225        3.32419494370760
H           -5.83034255619462        2.88201372217763        2.05493827394869
H           -4.51685027982617        3.31849306450681        0.00912526282203
H           -2.84956395312851        1.65303343790169       -0.76070993404293
H           -1.47974118291046       -2.07500697676548       -2.46814191463102
H           -2.79071475758497       -3.40657030565808       -4.05295169939426
H           -5.17155446703744       -3.87626137451921       -3.59413113000083
H           -6.22042550626324       -3.00524836814915       -1.53782660918288
H           -4.90507955656963       -1.67162895950528        0.05897838283243
C           -0.29889121587423        0.78918735069496       -1.81325671167031
O           -0.55377585232442        1.46412377896325       -2.74392445457572
C            0.02230141689165        0.96927768674404        0.85701081459874
O           -0.05801059961286        1.88457091339608        1.57343141591712
O            0.97268965867627       -1.66073658913168       -3.09019232332583
C            0.53881734132800       -1.74668206511968       -4.23718530508753
C            0.91483584662844       -0.92069464731318       -5.35606671021046
C            1.98405885150990       -0.02511247151820       -5.26286507249997
C            2.37700098452530        0.70609997317783       -6.36364020218740
C            1.69691052018933        0.57373156462669       -7.56557464072328
C            0.60693945970024       -0.28293934459524       -7.65601940308210
C            0.21950934148773       -1.03026551361788       -6.56442844746088
H            0.08051408842330       -1.97851022932503       -0.66110420214047
H           -0.06288634515300       -0.48802583336367       -1.97210558824227
H           -0.23798874217620       -2.50135271145043       -4.45518642251681
H            2.50189421473683        0.07535476250985       -4.32362456725378
H            3.21863042393558        1.37994697612725       -6.28780368556674
H            2.01171552543474        1.13787414081431       -8.43090116100791
H            0.06283234836466       -0.36997143370729       -8.58479550027281
H           -0.62756618421832       -1.69839395444359       -6.63008802856735
80
 energy: -120.599958569505 gnorm: 0.030588535537 xtb: 6.7.1 (edcfbbe)
Mn           0.04798558123841       -0.19916141551633       -0.43430004699495
N            0.42441335744370       -2.25729688042482        0.29692267147530
C            1.70472327115742       -2.96003683074485        0.21268398625895
C            2.65319037350130       -2.23979358249408       -0.74726323208433
P            2.28069248220176       -0.42383312393183       -0.56109380276780
C            3.35697616239358       -0.17632484056458        0.90227312054257
C            2.78846251479665       -0.15069417910897        2.16834351772439
C            3.59228225408022       -0.07984816679033        3.29261596735621
C            4.97044588789410       -0.04531804837746        3.15838072299874
C            5.54257975735864       -0.07664305780645        1.89622734658913
C            4.74183669661828       -0.14115484427354        0.77114189671601
C            3.24303138119354        0.46353587981242       -1.81535672768545
C            2.94526884789600        1.82522452269063       -1.88279476974052
C            3.61899833771206        2.64495929962913       -2.76533379001034
C            4.59268422906513        2.10665508784952       -3.59412097737174
C            4.88382569428655        0.75359922618737       -3.54089037931259
C            4.21202453849365       -0.07525250971762       -2.65232961646734
C           -0.62493238047013       -3.04209786495772        0.93398852170982
C           -1.77862283016984       -2.14135976800101        1.38505515386979
P           -2.04304816689475       -0.84702394363178        0.08424462249755
C           -3.26339156763297        0.28013285543897        0.81614791970744
C           -3.99263205515744        0.04013598643270        1.97682224557019
C           -4.91014321730951        0.97954232423548        2.41691146271472
C           -5.10655203832955        2.15303790177904        1.70778674940371
C           -4.37158068409574        2.40160757232935        0.55893872632385
C           -3.44957777528998        1.47175138713666        0.11783717384468
C           -3.09816903881211       -1.79731333653374       -1.08929610711966
C           -2.52717837622553       -2.29839504582547       -2.25291359361758
C           -3.27490754714914       -3.04400168103314       -3.14612884648637
C           -4.60944411979992       -3.29833490786621       -2.88202651138077
C           -5.18904520789199       -2.80312749822813       -1.72392139750551
C           -4.44230464948639       -2.05607003101581       -0.83061752806578
H            1.54970670430835       -3.99907079147576       -0.11153143637454
H            2.14117661711481       -2.96112395921478        1.21813426882867
H            2.49206037986393       -2.56124608251790       -1.77560120338569
H            3.69308628705637       -2.42978333420772       -0.47156412899255
H            1.71024599026004       -0.18073301688832        2.26747334985858
H            3.14137858024359       -0.05185563604946        4.27411240072273
H            5.59947966039881        0.00534440342561        4.03462103695396
H            6.61738784417329       -0.05326791274553        1.78699621887998
H            5.19573381913340       -0.16449168298382       -0.21060742766694
H            2.16674270992917        2.21442611298496       -1.23163289023542
H            3.38763341825589        3.69985093004209       -2.80765998560441
H            5.12199238060875        2.74566013180766       -4.28571531184524
H            5.63202135360196        0.33732891260552       -4.19734328401902
H            4.43048498446791       -1.13338796053873       -2.63112025890123
H           -1.00690285173064       -3.81723944813861        0.24557405037152
H           -0.19075506925604       -3.54995445749193        1.80312152414362
H           -2.68224907786465       -2.72788128745737        1.57497295159549
H           -1.48955976992118       -1.59807032976305        2.29275669625444
H           -3.84935907172949       -0.86868372266032        2.54326390704682
H           -5.47471842226848        0.79312467595343        3.31934548599712
H           -5.82738898616520        2.87853927735594        2.05510177204097
H           -4.51312292959881        3.32210096758799        0.01165226391561
H           -2.84608009995458        1.65843958762472       -0.76416615278044
H           -1.48878394678790       -2.09332458619318       -2.47213456185596
H           -2.81674810714001       -3.42207892463011       -4.04987925259049
H           -5.19686852175300       -3.87771705182894       -3.57918646983503
H           -6.23165167618613       -2.99825814466169       -1.51880747144013
H           -4.90227618455386       -1.66471377350923        0.06641018998221
C           -0.28343706222620        0.83143535946700       -1.80341324232432
O           -0.52920789855182        1.56085744675419       -2.70413178520185
C            0.00068271931064        0.94376044449292        0.88415281367194
O           -0.07215257647362        1.81152791825927        1.67119333786608
O            0.96292038124202       -1.69499675353062       -3.14671364924178
C            0.53005407457282       -1.77260169655384       -4.29313857648750
C            0.90851542758467       -0.93882656201088       -5.40282578719983
C            1.96711669282916       -0.03298462383927       -5.29149926805152
C            2.35875541846833        0.71653946991504       -6.37997249399695
C            1.68722119443150        0.58914420660715       -7.58732164534767
C            0.61113403142806       -0.28285058535251       -7.69675970481078
C            0.22404923559896       -1.04709229010230       -6.61774354009623
H            0.09992519097937       -2.03431782711256       -0.66421311684372
H           -0.05953432052769       -0.45604386601243       -2.01047262710378
H           -0.25378885193107       -2.52236724868893       -4.50951453944056
H            2.47594655468465        0.06064396590398       -4.34672443584976
H            3.19067226051131        1.40010810336777       -6.28937572853936
H            1.99819605196787        1.16983186610486       -8.44302270220671
H            0.07515086346401       -0.36891109963759       -8.63052420480582
H           -0.61035645414529       -1.72984538064586       -6.69079370556292
80
 energy: -120.595647551274 gnorm: 0.027048164512 xtb: 6.7.1 (edcfbbe)
Mn           0.04854407214176       -0.17067212788959       -0.43712371264880
N            0.43222699447578       -2.26787165956556        0.30320112380488
C            1.72076974020750       -2.97149949400829        0.23026270941050
C            2.65364234529678       -2.23397456394106       -0.73170722087193
P            2.28338973583733       -0.41114224350206       -0.53799270951797
C            3.36164171433062       -0.16448957934928        0.91742370253589
C            2.79068179202595       -0.14907985686178        2.18222362812408
C            3.59357961410026       -0.07806423894466        3.30685932085796
C            4.97135431033580       -0.03503310709334        3.17197674834092
C            5.54557465726279       -0.05840379168989        1.91062836606679
C            4.74612234705409       -0.12203530501940        0.78494609476215
C            3.24900231606274        0.46567582859675       -1.80110425289883
C            2.94922893690640        1.82646020152256       -1.88405675545289
C            3.62630978113866        2.63947063209796       -2.77026367240652
C            4.60813893343381        2.09713362958741       -3.58591510537071
C            4.89821411061216        0.74430035473055       -3.52150916776034
C            4.22208267958814       -0.07738607814263       -2.62992636960791
C           -0.61967651175097       -3.04410064469967        0.94889673220371
C           -1.77279340284264       -2.13120881324318        1.38194842816448
P           -2.03885367447903       -0.84504199061506        0.07095988369542
C           -3.25899998942145        0.28061528572093        0.80766801127960
C           -3.98891981433095        0.03774707586663        1.96778049235637
C           -4.90582051665536        0.97608540484498        2.41136318256528
C           -5.10172505003890        2.15186095908832        1.70593544492197
C           -4.36726974041277        2.40354721741767        0.55771244367372
C           -3.44562725651706        1.47458748337615        0.11326223601261
C           -3.10277487798068       -1.80272824007727       -1.08940190697960
C           -2.53728976109273       -2.31109818635733       -2.25200268710647
C           -3.29252892981054       -3.05563374423680       -3.13986142026866
C           -4.62746413911171       -3.30177933878540       -2.87024860883799
C           -5.20013513497241       -2.80162458927647       -1.71084332730613
C           -4.44652214555036       -2.05524902630651       -0.82335380066650
H            1.55913270016511       -4.00966163667765       -0.10839302314331
H            2.15655990705797       -2.98719317526551        1.23750590517964
H            2.45675165825453       -2.53006197878789       -1.76496542522516
H            3.70372031545554       -2.43064343651435       -0.49130798459872
H            1.71291148236863       -0.18630282061503        2.27792634251746
H            3.14143563791399       -0.05637496808686        4.28783785002949
H            5.59943748768429        0.01632533212246        4.04878001186666
H            6.62030259866567       -0.02958945297365        1.80158556748640
H            5.19733772664805       -0.13853833840788       -0.19804839587099
H            2.16313632131619        2.21900472182471       -1.24555867963323
H            3.39070783908547        3.69245852686199       -2.82717454432711
H            5.14100669393685        2.73192514482051       -4.27781647493789
H            5.64893256341659        0.32027934542654       -4.17173113394344
H            4.43825996222347       -1.13742824879389       -2.60475663467103
H           -1.00193318859223       -3.82412683746658        0.26742256359217
H           -0.19663359835600       -3.54341330304063        1.82831490506945
H           -2.67809793551222       -2.71745963091753        1.57027123526026
H           -1.49189206597578       -1.58215911655856        2.28865856837322
H           -3.84640555665534       -0.87315515957817        2.53096756154443
H           -5.46982891536559        0.78733186569155        3.31376310971143
H           -5.82191148537823        2.87689206011303        2.05607323013564
H           -4.50826890383117        3.32607656659784        0.01364035145904
H           -2.84134854836073        1.66329803205578       -0.76783596554866
H           -1.49813200694029       -2.10900503012610       -2.47346299587230
H           -2.84093173107878       -3.43911839386589       -4.04441917939373
H           -5.22110029347622       -3.87845149954211       -3.56441714869964
H           -6.24259386568664       -2.99191639323912       -1.50034964322090
H           -4.90064159287805       -1.65869036552135        0.07416019100325
C           -0.25134712170984        0.90432527083071       -1.78786350679261
O           -0.50922105027540        1.62134834464239       -2.68192332102689
C           -0.01391267360101        0.91634431864360        0.93605551972586
O           -0.11731761879649        1.75983771009978        1.73193822869372
O            0.95035698722583       -1.72733842837910       -3.19705653406439
C            0.51534423584571       -1.79227957485605       -4.34163368876254
C            0.90202872729523       -0.95522666374442       -5.44815537605678
C            1.95084089627223       -0.04089403083446       -5.31735446494591
C            2.34135973458902        0.72649507813377       -6.39389759074929
C            1.67794306649515        0.60424984998808       -7.60641633455573
C            0.61624713373654       -0.28174340446469       -7.73678230169945
C            0.22959542142616       -1.06321521522639       -6.67032135191431
H            0.13356189414805       -2.12684248743618       -0.68812589116646
H           -0.03898700670399       -0.39794178626139       -2.03736109284807
H           -0.28006077860803       -2.53498726987045       -4.56248418650792
H            2.44734311082880        0.04383700438115       -4.36482646314533
H            3.16308941566476        1.41916291033557       -6.28718171932167
H            1.98445422313630        1.20194318947634       -8.45204764748130
H            0.08942293803717       -0.36455532768019       -8.67643060710019
H           -0.59233721661429       -1.76014452006350       -6.75083350731304
80
 energy: -120.598532521448 gnorm: 0.022064818800 xtb: 6.7.1 (edcfbbe)
Mn           0.04576940941480       -0.15608501933899       -0.44300768050954
N            0.42816151175268       -2.28906736539060        0.28521098417505
C            1.73130708726378       -2.97371668198016        0.24361181051589
C            2.65443501248148       -2.22590090810451       -0.71878058913104
P            2.28435618601610       -0.40309985435958       -0.51826519482757
C            3.36718690052914       -0.15534738205726        0.93383506524549
C            2.79629968681424       -0.14724362176197        2.19903709576378
C            3.59830902100052       -0.07485927506834        3.32425088160727
C            4.97562011823638       -0.02318289807197        3.18940148838023
C            5.55047663163515       -0.03886574637179        1.92808568968102
C            4.75186055397319       -0.10382500453658        0.80184709091724
C            3.25509844569040        0.46514247956437       -1.78847069215488
C            2.95568989775002        1.82475051121041       -1.88345499091053
C            3.63535389248475        2.63222315116135       -2.77369435623333
C            4.62283144007975        2.08646250183824       -3.58007241687532
C            4.91344675500291        0.73412679157108       -3.50371415863898
C            4.23246634677405       -0.08111612266509       -2.61103456236026
C           -0.62025744576144       -3.05270397263200        0.95653310218135
C           -1.76662123793395       -2.12530324380483        1.37685947401010
P           -2.03323651355159       -0.84530296810720        0.05665464935877
C           -3.25342372915614        0.28054473465962        0.80004170995996
C           -3.98465464171862        0.03558954945804        1.95885995268329
C           -4.90114709737499        0.97285365799875        2.40546841451255
C           -5.09716296971238        2.15090789130900        1.70400857283554
C           -4.36296344988144        2.40500637786817        0.55611223770145
C           -3.44153233891638        1.47681100008226        0.10946165098820
C           -3.10726292272563       -1.80742092901895       -1.08971670430401
C           -2.54672279623981       -2.32098398710346       -2.25258671456541
C           -3.30794443113660       -3.06740056865042       -3.13406008449099
C           -4.64283606991429       -3.30767924094327       -2.85843306671825
C           -5.20959810564175       -2.80164160573362       -1.69846795639335
C           -4.45001181094122       -2.05487001867473       -0.81651237785114
H            1.59310953582622       -4.01820335610954       -0.09218051304556
H            2.15746298807994       -2.98533736281157        1.25681538880045
H            2.43617343895562       -2.50543872655535       -1.75363731455135
H            3.70775368151742       -2.42826294334952       -0.50048140573083
H            1.71887404765427       -0.19180093382496        2.29168548195399
H            3.14601465760735       -0.05975072677263        4.30535914514835
H            5.60333212444000        0.02889396421565        4.06674672917352
H            6.62523150959131       -0.00383228452772        1.81985436014451
H            5.20289258473474       -0.11291989858420       -0.18136170335843
H            2.16627105058270        2.22263448115507       -1.25271556882406
H            3.39531293872079        3.68351438778533       -2.84276620491784
H            5.15981685905724        2.71714168631326       -4.27358053251065
H            5.67008910141092        0.30613523408406       -4.14710709235343
H            4.45372615343645       -1.14065672116009       -2.57607346525509
H           -1.00683594665884       -3.84958629272280        0.29739154612312
H           -0.19658919688396       -3.53059421697103        1.84777420176635
H           -2.67707412736995       -2.70257665188021        1.56864397629826
H           -1.48507336804889       -1.56767355152882        2.27798717591484
H           -3.84375328543393       -0.87694525176205        2.51990950340951
H           -5.46530321657635        0.78158658893736        3.30741537671852
H           -5.81700614057991        2.87531605829555        2.05675187883935
H           -4.50445271227400        3.32879172957093        0.01415510845298
H           -2.83802987909788        1.66797546741952       -0.77182123469453
H           -1.50787926363101       -2.11955507681515       -2.47821721873701
H           -2.86127353906894       -3.45688341292590       -4.03855615839043
H           -5.24185206799960       -3.88332774228722       -3.54898238507462
H           -6.25209022666563       -2.98744415631107       -1.48343682221754
H           -4.89990708518349       -1.65385211941312        0.08110108074948
C           -0.24174930870837        0.96596381599507       -1.77127947269710
O           -0.48956138346700        1.73352484117271       -2.64099964922626
C           -0.02872701645910        0.89690303700235        0.96589631532437
O           -0.14587686922336        1.70699282864116        1.79847464737004
O            0.93051288515483       -1.76393531661369       -3.24331504673892
C            0.49516116555596       -1.81755429955283       -4.38672018650143
C            0.89282811182409       -0.97472445124859       -5.49183399606284
C            1.93260254279509       -0.05136120568647       -5.34223842936184
C            2.32154103913094        0.73315684129089       -6.40862451112144
C            1.66818839986120        0.61649990221894       -7.62754925855654
C            0.61882412584612       -0.28178101958021       -7.77802213758532
C            0.23277270307945       -1.07869722301749       -6.72131614324072
H            0.15715140484224       -2.20807860146025       -0.71533945684671
H           -0.03082626148159       -0.35431547784609       -2.05512814638747
H           -0.30848026010193       -2.54813379460376       -4.62232988259875
H            2.41896838597041        0.02941500967106       -4.38285345400023
H            3.13345592156850        1.43619481362871       -6.28775323884977
H            1.97337827679452        1.22850385561767       -8.46416250304403
H            0.10211489321732       -0.35894054249503       -8.72420116224634
H           -0.58209204829492       -1.78373918644856       -6.81867978782694
80
 energy: -120.600992403915 gnorm: 0.026637503463 xtb: 6.7.1 (edcfbbe)
Mn           0.03998792091301       -0.14070698411829       -0.44498759402028
N            0.41450658708521       -2.31824294207008        0.23985032967159
C            1.73711651565279       -2.96906103909821        0.25044500645907
C            2.65308760663071       -2.21357509221676       -0.71049507041637
P            2.28388922979850       -0.39388458716961       -0.49841558919971
C            3.37359905168201       -0.14898186984586        0.95232047432339
C            2.80405085434672       -0.14878211179484        2.21872390556641
C            3.60540815920476       -0.07516234579769        3.34442712932882
C            4.98209335138546       -0.01243345575687        3.20918884016901
C            5.55666892432195       -0.01912585334375        1.94750901522216
C            4.75843068266611       -0.08673273820907        0.82099741212859
C            3.26255921307438        0.46697708745317       -1.77314754307410
C            2.96713451654407        1.82555665726965       -1.87834624303091
C            3.64680446617855        2.62567313842314       -2.77641721223758
C            4.63424577088616        2.07452661647584       -3.57849269248245
C            4.92463658924671        0.72253143463832       -3.48890659300696
C            4.24072024044713       -0.08447212843988       -2.59285732205431
C           -0.62467766171507       -3.06459282793220        0.95428069341739
C           -1.76010995106977       -2.12373767451988        1.36898328375221
P           -2.02645912995582       -0.84543347333039        0.04364566484104
C           -3.24818862494424        0.27991246000025        0.79354112061621
C           -3.98103236573740        0.03295869193598        1.95029842342072
C           -4.89633112365323        0.96977181510132        2.40007584339486
C           -5.09162687260858        2.15054681863739        1.70325546386434
C           -4.35776686440451        2.40651131909342        0.55529694987534
C           -3.43744804901578        1.47842462813930        0.10668185322692
C           -3.11100061419793       -1.80926619186916       -1.08966725580404
C           -2.55469856774973       -2.32728338905978       -2.25321602856088
C           -3.32002097086854       -3.07760534370658       -3.12810725392537
C           -4.65466196391468       -3.31341894488390       -2.84704990538689
C           -5.21649696260193       -2.80154219864985       -1.68721444212221
C           -4.45230726276294       -2.05362438157466       -0.81004738283423
H            1.64333986377059       -4.02705662908160       -0.06943287246910
H            2.14640030967903       -2.95969179663727        1.27363487399556
H            2.41474783624708       -2.48012136138016       -1.74566213582603
H            3.70815087894444       -2.42389685152577       -0.51306914672057
H            1.72654172076868       -0.20093195706854        2.30713711016838
H            3.15401897042036       -0.06793324425240        4.32617990535767
H            5.61002968368074        0.04154589432364        4.08671657520316
H            6.63138433048514        0.02466492442376        1.84013309125541
H            5.20966296913034       -0.08744779677278       -0.16213458117210
H            2.17987780637184        2.23235569255580       -1.25095993342244
H            3.40448351047847        3.67508500294152       -2.85645927936217
H            5.17222579044855        2.69893831036209       -4.27773529191192
H            5.68345866102622        0.28961965337371       -4.12845735764223
H            4.46662388372119       -1.14284514413788       -2.54660832382041
H           -1.02142951473233       -3.88265491321574        0.32795180245975
H           -0.18802171905293       -3.51353209298058        1.85411837612092
H           -2.67756170014251       -2.68757987558373        1.56499602586334
H           -1.47228721252920       -1.55935347684572        2.26328160235817
H           -3.84254628693637       -0.88132471943186        2.50935239974021
H           -5.46096094001784        0.77597601728148        3.30133327063092
H           -5.81027330342711        2.87485779788509        2.05902253067090
H           -4.49945678026558        3.33143505076294        0.01519953563346
H           -2.83509170932220        1.67180113800081       -0.77520839447797
H           -1.51691187119859       -2.12384560395659       -2.48296367758902
H           -2.87700609398290       -3.47331531953336       -4.03172183394197
H           -5.25810822758029       -3.88923786146869       -3.53373548205346
H           -6.25903793371837       -2.98380207728978       -1.46876525204733
H           -4.89963181787435       -1.64973415478890        0.08740251001047
C           -0.23167081473407        1.02348367640668       -1.75316818882056
O           -0.47814459247744        1.77996276653270       -2.62294032954930
C           -0.04774994821712        0.89729710602462        0.97845004088103
O           -0.16849704548611        1.67404053168550        1.85118814100725
O            0.90681537094451       -1.79838651868254       -3.28064420422779
C            0.47025155585343       -1.83709276895450       -4.42177341301995
C            0.88166989574515       -0.98938248449266       -5.52776534407529
C            1.91404778026960       -0.06002724396079       -5.36175564820121
C            2.30256815109722        0.73762887548983       -6.41930025620153
C            1.65947505970160        0.62674460703005       -7.64407804942605
C            0.62115921203937       -0.28052028381558       -7.81269914900861
C            0.23445747592002       -1.08876094445268       -6.76372528011245
H            0.17299264512920       -2.30077561009093       -0.76405163769996
H           -0.01536441864009       -0.31940493161253       -2.04410241723691
H           -0.34336018986826       -2.54929051348672       -4.67725889433403
H            2.38991197513915        0.01757332267322       -4.39594535304250
H            3.10558179588605        1.44880613451303       -6.28604300787230
H            1.96373780346600        1.25151895846648       -8.47203714555329
H            0.11528616001725       -0.35114330107256       -8.76531196159841
H           -0.57548101070137       -1.79792684744477       -6.88103107185427
80
 energy: -120.603175611431 gnorm: 0.042578984601 xtb: 6.7.1 (edcfbbe)
Mn           0.03984898115755       -0.13423986859419       -0.43374629423769
N            0.39398435071698       -2.36229170518591        0.17120587066676
C            1.73907101333264       -2.95930211283513        0.24995530735009
C            2.64978683496558       -2.19816642053006       -0.70859452012971
P            2.28304992056238       -0.38518551492657       -0.47993142853766
C            3.38017448596042       -0.14581782960000        0.97259879248982
C            2.81312319414543       -0.15433850486624        2.24097727287058
C            3.61381531414078       -0.07895677946316        3.36699423476189
C            4.98982456380109       -0.00310120909762        3.23151315448006
C            5.56299423766668        0.00067042016122        1.96904635103292
C            4.76483695305972       -0.07043618525915        0.84229200142292
C            3.27116388851650        0.47001876840446       -1.75557663682149
C            2.98124157990270        1.82774640174415       -1.87052119295032
C            3.66025651080828        2.61920677861968       -2.77812676232604
C            4.64463661824393        2.06044613670082       -3.57842957584483
C            4.93341481098216        0.70879529434676       -3.47491732455340
C            4.24808786992204       -0.08894380793655       -2.57362960746109
C           -0.63174656183941       -3.08221092193497        0.94440256913335
C           -1.75307313120776       -2.12652970245189        1.35792818500233
P           -2.01725456643081       -0.84402987239682        0.03298444333307
C           -3.24300667234638        0.27875779418579        0.78779449450504
C           -3.97699440351173        0.02965715837667        1.94234232288378
C           -4.89104316331693        0.96611534958243        2.39526517753505
C           -5.08534150044781        2.14971716736645        1.70337416459388
C           -4.35163623130589        2.40738593461226        0.55526842986630
C           -3.43302388383263        1.47919033521452        0.10465331621655
C           -3.11179168424033       -1.80799121723468       -1.08947778315226
C           -2.56103218543164       -2.33013391480775       -2.25492193087492
C           -3.32995766258527       -3.08574595463694       -3.12240667840563
C           -4.66388587864450       -3.31873662328000       -2.83508169049345
C           -5.22052365277666       -2.80048322991487       -1.67574699543133
C           -4.45158939149141       -2.05084256328682       -0.80348193436813
H            1.70514779915538       -4.03242914231176       -0.03857394753531
H            2.12278851306171       -2.90918859903809        1.28412526880975
H            2.39771013981750       -2.45315370876553       -1.74363134883089
H            3.70475317236951       -2.41660320883302       -0.52529276925745
H            1.73546466029721       -0.21313273507430        2.32635731275199
H            3.16406208744088       -0.07927934048201        4.34963980157504
H            5.61829822775821        0.05401143837944        4.10889343846459
H            6.63749653380331        0.05625657270391        1.86266330722066
H            5.21747234489145       -0.06179945726659       -0.14007180296152
H            2.19836978464541        2.24634007346132       -1.24378097522251
H            3.41688250430078        3.66733192029433       -2.86798483315686
H            5.18183646494495        2.67687600204165       -4.28635308066991
H            5.69165816409053        0.27127129884448       -4.11162969853346
H            4.47649900108633       -1.14463435782431       -2.51544208693050
H           -1.04444987396588       -3.92247495640065        0.35994154862653
H           -0.16794952897333       -3.49558740743012        1.84777490850907
H           -2.67862813681106       -2.67305993895703        1.55977165692411
H           -1.45445531449342       -1.55771895486221        2.24512609765047
H           -3.84100830696868       -0.88610124562896        2.49994018982894
H           -5.45637775824761        0.76942731261709        3.29556845647252
H           -5.80240029257100        2.87404475540969        2.06227106969733
H           -4.49293877960543        3.33363753219990        0.01721849770151
H           -2.83192393019898        1.67526114326022       -0.77783729688690
H           -1.52513191241237       -2.12342907978828       -2.48983835057484
H           -2.89072691172336       -3.48760417141798       -4.02519993198794
H           -5.27143651850604       -3.89667151645682       -3.51659361829871
H           -6.26311248449687       -2.97939421082137       -1.45392895202423
H           -4.89727813697673       -1.64474229041535        0.09367545005836
C           -0.23549434250559        1.06155160221010       -1.71491743811477
O           -0.46216450503475        1.84249155060423       -2.57616666762283
C           -0.04817234907008        0.90068350352733        0.98974939025044
O           -0.20780573252875        1.68353509783470        1.82198475403948
O            0.87808032623430       -1.83812579848454       -3.31593952783400
C            0.43916946758806       -1.85483664739685       -4.45436463838042
C            0.86708397165358       -1.00015652474613       -5.55919913938368
C            1.89249280834495       -0.06627813357249       -5.37755088472708
C            2.28231039379312        0.74255560852333       -6.42636439571350
C            1.65141603259992        0.63759073054606       -7.65784590662283
C            0.62406451458861       -0.27780139782875       -7.84405017111977
C            0.23506487241368       -1.09532042899296       -6.80191835330185
H            0.17996075697655       -2.41150408375147       -0.82967504558279
H           -0.00335902036725       -0.31315666226640       -2.00681874305119
H           -0.38026218123193       -2.55056172239276       -4.73501659756927
H            2.35882614167555        0.00887115881594       -4.40640175954613
H            3.07684045553713        1.46036754199487       -6.28161187843301
H            1.95595570241553        1.27383323320057       -8.47682144950308
H            0.13077046190322       -0.34326758996500       -8.80316009079773
H           -0.57038918483365       -1.80610413587699       -6.94301934277390
80
 energy: -120.605653121203 gnorm: 0.022845528465 xtb: 6.7.1 (edcfbbe)
Mn           0.04767059581095       -0.12435170157126       -0.43268985338106
N            0.38017515066440       -2.38822874467017        0.11605029743367
C            1.73465814227796       -2.94510135453316        0.24213415151046
C            2.64808974890292       -2.18477562050159       -0.71179134590978
P            2.28590044088891       -0.37666505561649       -0.46971173377775
C            3.38405774600875       -0.14159172000215        0.98751345939428
C            2.81769850066992       -0.15752426203492        2.25667933079158
C            3.61725276414370       -0.08117023093124        3.38336283205919
C            4.99302937707121        0.00533092218125        3.24904152762027
C            5.56541810102617        0.01776433089366        1.98633871487984
C            4.76797823373379       -0.05562324274327        0.85894954143978
C            3.27710732553848        0.47456432698719       -1.74427349932611
C            2.99041640291976        1.83203388831906       -1.86823702878246
C            3.67052673461020        2.61539071424502       -2.78218454643944
C            4.65177717028243        2.04774274817785       -3.58023938556262
C            4.93873857214490        0.69641784826872       -3.46557563390348
C            4.25335309570524       -0.09360943995229       -2.55782630370933
C           -0.63340606170618       -3.08585141234772        0.93067094937880
C           -1.74769981420305       -2.12745584322450        1.35131313038631
P           -2.01061011485424       -0.84182945024921        0.02956701079550
C           -3.23762673991360        0.27974190154597        0.78443885901302
C           -3.97190072855018        0.02890372988148        1.93799337468301
C           -4.88656146856405        0.96449346603712        2.39171247247038
C           -5.08005846956907        2.14950128004956        1.70231508138123
C           -4.34606638647622        2.40844716516879        0.55451953270464
C           -3.42803508761432        1.48051296654923        0.10258205621111
C           -3.10949607850742       -1.80366466785131       -1.09126747839612
C           -2.56475075012335       -2.33016594556149       -2.25814043513388
C           -3.33713347711672       -3.09065780690381       -3.11840456468560
C           -4.66997842905654       -3.32300770413916       -2.82444078780137
C           -5.22168035472463       -2.79899601864896       -1.66557729908344
C           -4.44842986641743       -2.04617726793506       -0.79922621378767
H            1.73708945813413       -4.02465191035167       -0.01286476659183
H            2.09372260408005       -2.85011149667163        1.28271607572110
H            2.39664900686097       -2.43487727293314       -1.74747216521517
H            3.70144525815279       -2.40731076682581       -0.52631870317767
H            1.73989895773548       -0.22158630990251        2.34290371875747
H            3.16807492122305       -0.08734958149876        4.36638585637905
H            5.62118981462961        0.06487810301027        4.12648821506644
H            6.63952021441319        0.08354601142760        1.88086315970152
H            5.22297709725440       -0.04022637840550       -0.12207740547370
H            2.21237030060866        2.25942965828974       -1.24043874222956
H            3.43038460386745        3.66378701748313       -2.87723631373572
H            5.18992072760157        2.65686546386418       -4.29370770699010
H            5.69766605869114        0.25446780151794       -4.09701458166547
H            4.48110262654329       -1.14749064755010       -2.48988122254981
H           -1.05779240249816       -3.93713678408892        0.37505555359961
H           -0.14223597041695       -3.47735654725537        1.82835912080521
H           -2.67529374862518       -2.66660317226236        1.55819778818261
H           -1.44098287980772       -1.55864712465748        2.23574379235980
H           -3.83756454028901       -0.88778161800057        2.49450414759772
H           -5.45266177605521        0.76556942623996        3.29099976458525
H           -5.79632777487841        2.87364745630143        2.06263783419762
H           -4.48667108073845        3.33570804848299        0.01797965573287
H           -2.82868033086034        1.67794134230473       -0.78076548238103
H           -1.53028099802748       -2.12300746375296       -2.49799933631073
H           -2.90181223727216       -3.49743530643042       -4.02096359900176
H           -5.28055701392017       -3.90503723949925       -3.49997874215155
H           -6.26379137132285       -2.97589534018861       -1.43912325206010
H           -4.89184238059115       -1.63812624844710        0.09836839081475
C           -0.22713315203144        1.08620557092357       -1.68816614511971
O           -0.44675023168463        1.85398459156738       -2.55342042487892
C           -0.05710612684117        0.89744787166439        1.00772774702178
O           -0.23726450974827        1.65745138424097        1.87247094290757
O            0.85671864202292       -1.87216044445912       -3.35140054267711
C            0.41612616329349       -1.87067624245238       -4.48713325507548
C            0.85327963944878       -1.00945321093767       -5.58393207988936
C            1.87250986635290       -0.07134595408247       -5.38973317765277
C            2.26576283202508        0.74666875062412       -6.43007539274894
C            1.64631834482345        0.64543843709827       -7.66781874234155
C            0.62767968491022       -0.27749250515849       -7.86752306988353
C            0.23418297679647       -1.10257528312013       -6.83223429501594
H            0.16669494061728       -2.48773811632232       -0.88332675312592
H            0.00188089263962       -0.32901269273438       -1.97586302452867
H           -0.40546150667753       -2.55553477591602       -4.77733394336227
H            2.33191782498023        0.00283873693690       -4.41541470839217
H            3.05413285393613        1.46931694308230       -6.27556696902930
H            1.95289529445164        1.28932731145403       -8.47969331203266
H            0.14525068954743       -0.34381710821587       -8.83167538822466
H           -0.56514587801747       -1.81643595278325       -6.98913857420067
80
 energy: -120.608055336327 gnorm: 0.020723274931 xtb: 6.7.1 (edcfbbe)
Mn           0.05948330293738       -0.11941460398385       -0.42709434533936
N            0.36470963803824       -2.41426001064451        0.06317405187305
C            1.72316328745915       -2.92657455827910        0.22967870991223
C            2.64665827826797       -2.17031949516660       -0.71734863266067
P            2.29013933180302       -0.36594577600674       -0.46297810288143
C            3.38595964191982       -0.13585561255050        1.00044494334182
C            2.81977667473788       -0.15940633310767        2.26960316873244
C            3.61781111592939       -0.08277720431328        3.39720326768844
C            4.99334896416065        0.01430385249286        3.26506960867806
C            5.56497823745172        0.03605786521522        2.00249287525073
C            4.76854993798559       -0.03932600147369        0.87411723354054
C            3.28088427828154        0.48245241936909       -1.73444592969210
C            2.99928897145922        1.84026842376932       -1.86740043357197
C            3.68116372871695        2.61402206591574       -2.78732825168647
C            4.65693593915192        2.03449068109351       -3.58360816732364
C            4.94043380830283        0.68373773475706       -3.45838216115401
C            4.25586192834019       -0.09743325457931       -2.54124171380551
C           -0.63412951840647       -3.08934341261943        0.90960746172026
C           -1.74269616877124       -2.12980074383173        1.34556954857974
P           -2.00560938302466       -0.84036480196163        0.03164003403342
C           -3.23074841113577        0.28123596548119        0.78389650079407
C           -3.96430764465386        0.02904348667512        1.93779816204352
C           -4.88131643558858        0.96312143520045        2.39056081698362
C           -5.07449231355449        2.14841619810075        1.70175092575320
C           -4.34015128909921        2.40851381625780        0.55457248315399
C           -3.42183178216980        1.48117890285297        0.10142721903517
C           -3.10415567227498       -1.79803148850337       -1.09512723378057
C           -2.56646982966317       -2.32741955782269       -2.26342325317644
C           -3.34257153180002       -3.09268167563434       -3.11563912186805
C           -4.67336699475409       -3.32742281978180       -2.81340563648826
C           -5.21974678927776       -2.79806893555615       -1.65491388709637
C           -4.44220057645801       -2.04097997490523       -0.79621368181704
H            1.75834842643633       -4.00656675035432        0.01565694326994
H            2.04992085056760       -2.77613178133010        1.27108578674085
H            2.40852629540770       -2.41864064965927       -1.75502618628525
H            3.69661388529748       -2.39569075610694       -0.51548846347852
H            1.74225957354404       -0.22853427499112        2.36084737363811
H            3.16841627579819       -0.09602408904550        4.38028799042815
H            5.62036455532409        0.07533795185703        4.14292373372486
H            6.63827794398155        0.11198853052615        1.89772189441658
H            5.22644676346387       -0.01723073853628       -0.10519604973137
H            2.22691382610397        2.27510741551330       -1.23756513260968
H            3.44848387880560        3.66418066811146       -2.88544345863138
H            5.19707577788795        2.63531099941488       -4.30175735110734
H            5.70153373388499        0.23604101359564       -4.08172960506129
H            4.48215505993992       -1.15023555253625       -2.46222265324707
H           -1.06964044845679       -3.94445026021419        0.37851635992711
H           -0.11576369448843       -3.46706301744990        1.79601011628614
H           -2.66873209097842       -2.66763647381149        1.55788649512328
H           -1.42886773285337       -1.56703240286894        2.23198500733994
H           -3.82970213302894       -0.88773964419504        2.49386395171447
H           -5.44839864150764        0.76218291199653        3.28864788338424
H           -5.79114479350559        2.87193899927926        2.06200209430970
H           -4.48039170695540        3.33641372384103        0.01903546869922
H           -2.82477894897582        1.67903032442822       -0.78309947849439
H           -1.53417775780939       -2.11929489599106       -2.50992350701586
H           -2.91181979008522       -3.50305561622279       -4.01859905053766
H           -5.28604777934280       -3.91593862651488       -3.48135297666083
H           -6.26038289329999       -2.97456697233481       -1.42142081537969
H           -4.88231371005717       -1.63049372194143        0.10222449584043
C           -0.20436425372443        1.11237488164518       -1.64627920500413
O           -0.41209713661798        1.86672303911666       -2.51777139494750
C           -0.05724259838218        0.88859755725251        1.01881053123747
O           -0.25813077736452        1.63804293829040        1.89701346690472
O            0.83370562044449       -1.91612451664516       -3.39112540608772
C            0.39444451256722       -1.89143737304680       -4.52709950836823
C            0.83516140658696       -1.01532633627654       -5.60595682583725
C            1.84752871927839       -0.07315232396560       -5.39867548639735
C            2.24793745850470        0.75179306307470       -6.43000744967802
C            1.64342846523447        0.65230173517659       -7.67576257292840
C            0.63251943159741       -0.27565951220124       -7.88860733589606
C            0.23031799856544       -1.10600749413590       -6.86131399863033
H            0.13656736253017       -2.56391271285387       -0.92937574036730
H           -0.00474641473776       -0.38039256545526       -1.93533573015861
H           -0.42909872036453       -2.56662019997088       -4.82078664998976
H            2.30038699552950        0.00072036786953       -4.42198849139492
H            3.03075756069318        1.47814190336027       -6.26455591048864
H            1.95431884683144        1.30196250734548       -8.48063915297993
H            0.16158674842803       -0.34635276793885       -8.85787776619170
H           -0.55908801466923       -1.82625086106245       -7.03088653998051
80
 energy: -120.610244921613 gnorm: 0.021901206638 xtb: 6.7.1 (edcfbbe)
Mn           0.06728099877292       -0.11701595289175       -0.42726063530108
N            0.34517911473849       -2.44191068410721        0.01061825324760
C            1.71340274208874       -2.90591090832907        0.22189676763184
C            2.64783868224864       -2.15668581418322       -0.72039693602932
P            2.29360758941264       -0.35480765229628       -0.45658121403524
C            3.38592399672947       -0.12706991336843        1.01200709810567
C            2.81981615874594       -0.15990621349202        2.28101757073389
C            3.61626862433305       -0.08363825422900        3.40982120833957
C            4.99136247706841        0.02431636357311        3.28002937631131
C            5.56274423296925        0.05675646806333        2.01779175046971
C            4.76751739118902       -0.01954327457695        0.88821259212785
C            3.28560381675824        0.49132745260855       -1.72405538553205
C            3.01029463964220        1.84993416427123       -1.86657350517887
C            3.69392064240446        2.61321981569821       -2.79312102859568
C            4.66433779965681        2.02113617158846       -3.58694982697666
C            4.94377508519010        0.67103550303477       -3.45040236115009
C            4.25947814117125       -0.09979081582250       -2.52324377071847
C           -0.63598862194400       -3.09607303174286        0.89031839682546
C           -1.73918971669225       -2.13107325389046        1.33881549729525
P           -2.00014301515173       -0.83896310966128        0.03175473911872
C           -3.22324166467135        0.28157644523363        0.78348080336863
C           -3.95511661418434        0.02899868391915        1.93898449527198
C           -4.87422151405322        0.96162847467430        2.39099550109572
C           -5.06822470596291        2.14650939880465        1.70165032961196
C           -4.33401164915396        2.40763192461404        0.55491503678202
C           -3.41544926315537        1.48081573140411        0.10030166882349
C           -3.09881360337078       -1.79445379050535       -1.09907895472195
C           -2.56830210859261       -2.32482932163054       -2.26923198454871
C           -3.34894266831963       -3.09444779889495       -3.11313118537786
C           -4.67703186053505       -3.33275234447395       -2.80139479327371
C           -5.21762103439188       -2.79878216075431       -1.64253083141235
C           -4.43554587559665       -2.03756805172322       -0.79208147123375
H            1.79282679184464       -3.99284156416825        0.05395335497093
H            2.00416819819667       -2.69212736967009        1.26397144206861
H            2.42383431423618       -2.40389563741990       -1.76092435720516
H            3.69399339746545       -2.38550982197384       -0.49774108843283
H            1.74308583630773       -0.23451218863138        2.37798457743860
H            3.16596953298753       -0.10472731374974        4.39255509406955
H            5.61675198916189        0.08627810358889        4.15873237653683
H            6.63521877461579        0.14245179770067        1.91354140626100
H            5.22766480361592        0.00956424668694       -0.08969598964148
H            2.24302014401227        2.29166424355669       -1.23608800997031
H            3.46956392895717        3.66529973264055       -2.89545737912963
H            5.20526745333198        2.61327006102499       -4.31094558653984
H            5.70361627494647        0.21597347370463       -4.06762047450060
H            4.48258127325188       -1.15211896660423       -2.43415141270327
H           -1.08558699647552       -3.95990799975610        0.38668898698939
H           -0.09930838827785       -3.45941621330654        1.77334557966318
H           -2.66409071904156       -2.66925739149752        1.55773821817929
H           -1.41822986802452       -1.57639785159909        2.22870924060361
H           -3.81818044597139       -0.88716176745428        2.49530312150515
H           -5.44189841368448        0.75926244796298        3.28831067035089
H           -5.78614955025923        2.86909140982754        2.06122614731545
H           -4.47461423140320        3.33582669244741        0.01993638385622
H           -2.82025985784466        1.67851825250208       -0.78538195177433
H           -1.53886456942642       -2.11394664294433       -2.52402797249789
H           -2.92347070375892       -3.50696282048907       -4.01743221798673
H           -5.29174312568827       -3.92761191166771       -3.46167054534260
H           -6.25632503131719       -2.97531113948309       -1.40090374020628
H           -4.87107477355543       -1.62375151305624        0.10727170645302
C           -0.16837013218772        1.16339042589787       -1.59734287492027
O           -0.35629504539189        1.91701441137656       -2.47040072504078
C           -0.05787748752168        0.86565016105001        1.03432373104524
O           -0.27552979451839        1.61173287844807        1.91180374991626
O            0.81017245803084       -1.97184597630802       -3.44081527296033
C            0.37062616929556       -1.91724160107055       -4.57460449552552
C            0.81517612722995       -1.02416054607403       -5.63259689935112
C            1.81887746891995       -0.07638906977414       -5.40786133700710
C            2.22708987209573        0.75831707652451       -6.42853683086433
C            1.63993466111002        0.66191219144434       -7.68330191592840
C            0.63816545317366       -0.27213182528017       -7.91355357795692
C            0.22625903902832       -1.11038970248997       -6.89663862588412
H            0.10388394042839       -2.64696388390508       -0.97087782418257
H           -0.01948480785835       -0.44189235866253       -1.90332200679265
H           -0.45468026553411       -2.58727450767870       -4.87510186444866
H            2.26163087203429       -0.00208981297530       -4.42648242543331
H            3.00398373268132        1.48793778419216       -6.24948395091447
H            1.95831444361581        1.31656117603314       -8.48081424404373
H            0.17941838305149       -0.34468125307787       -8.88888633784988
H           -0.55314868288953       -1.83681793625818       -7.07760489507050
80
 energy: -120.611843053057 gnorm: 0.028588652246 xtb: 6.7.1 (edcfbbe)
Mn           0.05822889840541       -0.12836674135788       -0.44970436012717
N            0.34559128459977       -2.42644473638799        0.02924663861898
C            1.71423850703212       -2.90008478265910        0.22647611950289
C            2.64769410406371       -2.15180208792545       -0.71808351083430
P            2.29097839411754       -0.34867501652209       -0.45590946582220
C            3.38291650466567       -0.12282129692002        1.01126808240402
C            2.81656932651118       -0.15751450780910        2.27993787018124
C            3.61282832310713       -0.08198347759791        3.40912667652421
C            4.98755157728841        0.02720453593351        3.27961584062130
C            5.55978475561282        0.06120011703453        2.01784285531476
C            4.76501244291016       -0.01503236368482        0.88801221376294
C            3.28532090720044        0.49506668696026       -1.72477253471422
C            3.01514860302267        1.85477420823795       -1.86578731927645
C            3.69923458087592        2.61518343883866       -2.79434781148307
C            4.66708661012657        2.02058646750280       -3.58969963899088
C            4.94256856335538        0.66978543230349       -3.45378971343403
C            4.25505865312716       -0.09798009314784       -2.52720184985357
C           -0.63535227939864       -3.09587799254973        0.89780427001929
C           -1.74047430048747       -2.12982921209960        1.34124438959234
P           -2.00042763728375       -0.84162861357797        0.02911057910731
C           -3.22261637578678        0.28006027267468        0.78262568487239
C           -3.95334234861793        0.02987281045777        1.93959687762718
C           -4.87164174422936        0.96317646685795        2.39142400126382
C           -5.06658035936521        2.14704583028677        1.70036258881212
C           -4.33316237217725        2.40686785697284        0.55289513584575
C           -3.41532678984724        1.47911804677015        0.09860499920980
C           -3.09969765892692       -1.79822820259649       -1.09855938663710
C           -2.56889278263530       -2.32667142985889       -2.26927510926173
C           -3.35010778686741       -3.09620316594734       -3.11281431873086
C           -4.67740991163435       -3.33556437617417       -2.79937605908824
C           -5.21758139211548       -2.80230952487056       -1.63967241123017
C           -4.43556424853655       -2.04084294015804       -0.78998944759947
H            1.78715419736165       -3.98675160267323        0.05584008934668
H            2.00611962647370       -2.69397653071340        1.26585398028348
H            2.41501443741417       -2.39265553413428       -1.75890220857811
H            3.69412771429675       -2.38581934536662       -0.50099657017124
H            1.74028881809213       -0.23346279332787        2.37597819943927
H            3.16184185182762       -0.10522912098847        4.39134264258094
H            5.61240932330754        0.08850113984702        4.15889740966682
H            6.63227731147038        0.14722578096079        1.91380479235564
H            5.22409920192017        0.01580495820793       -0.09036449291666
H            2.24714647629530        2.29720666563084       -1.23763000500024
H            3.47548777776431        3.66687876065210       -2.90003639738995
H            5.20689103464709        2.61072895533072       -4.31631072737953
H            5.69824869840187        0.21006221445380       -4.07468920301990
H            4.47582786243687       -1.15169689114932       -2.43845562682789
H           -1.08353519720690       -3.95585246195877        0.38303166320037
H           -0.10983167496796       -3.46894577790850        1.78358926804143
H           -2.66611278914009       -2.67050724806744        1.55561296410149
H           -1.42362108040456       -1.57658489343587        2.23351764693054
H           -3.81484590914659       -0.88536214088820        2.49717994859127
H           -5.43858129521351        0.76239725310012        3.28967887264040
H           -5.78468500380582        2.86999571886182        2.05934496739499
H           -4.47411382346178        3.33452344471811        0.01697569426199
H           -2.81992201936878        1.67516661556126       -0.78757959181335
H           -1.54018893303316       -2.11329300998427       -2.52557527529777
H           -2.92523318487448       -3.50747550367832       -4.01798202529266
H           -5.29214809319474       -3.93042952631566       -3.45939436600579
H           -6.25577927067550       -2.97946015567851       -1.39694348926812
H           -4.86951968773020       -1.62600998319640        0.10938963045428
C           -0.23241776227778        1.18480643326292       -1.57555587686051
O           -0.33556603026935        1.95700325772548       -2.45414221023764
C           -0.10617947387169        0.80181543119398        1.04159268285414
O           -0.23685703325202        1.61464227427923        1.87814579540659
O            0.83754513019195       -2.01084141167627       -3.45683911710069
C            0.37855129927464       -1.93055584493112       -4.58113021648420
C            0.81538121206807       -1.02633292200011       -5.63418086371586
C            1.81823389020252       -0.07993094166500       -5.40409150138176
C            2.22590256637777        0.75823678127239       -6.42251662611294
C            1.64139956990585        0.66439032820046       -7.67819199111952
C            0.64000800026487       -0.26761804775476       -7.91334350784260
C            0.22559249335640       -1.10670129145560       -6.89871475826896
H            0.10715425349377       -2.63094200399251       -0.94762559110172
H            0.05809900253429       -0.46195915637813       -1.92805630825309
H           -0.46084693689156       -2.58880402517256       -4.88039708561071
H            2.25651935131042       -0.00874989429012       -4.41995812275937
H            3.00088167419051        1.48824660680636       -6.23956787021851
H            1.96260839903579        1.31944896568486       -8.47473895915132
H            0.18335346387130       -0.33700730814590       -8.89002359173532
H           -0.55339282677347       -1.83416359731014       -7.08034779863917
80
 energy: -120.614658990921 gnorm: 0.033895992946 xtb: 6.7.1 (edcfbbe)
Mn           0.02885533234698       -0.14507323345764       -0.48179548139480
N            0.34604872129840       -2.39686378781171        0.06142065415935
C            1.71549210072627       -2.88820108177256        0.23628262331208
C            2.64509266698101       -2.13990749115029       -0.71242360970708
P            2.28021705185865       -0.33397442331962       -0.45393678719891
C            3.37447169850042       -0.11349029717194        1.00949974604934
C            2.80919637136406       -0.15253234587945        2.27827375848158
C            3.60577549538249       -0.07860697766369        3.40780974710487
C            4.97962606353495        0.03275779515164        3.27811017761190
C            5.55261740379172        0.06926797409862        2.01682077032293
C            4.75791576908633       -0.00611229266880        0.88692655532051
C            3.28293361946637        0.50150885467132       -1.72555614913161
C            3.02319026629150        1.86329082740991       -1.86519744213524
C            3.70895247804926        2.61736119822209       -2.79757199495202
C            4.67211392192185        2.01730671720258       -3.59493324649467
C            4.93970720071878        0.66518317153843       -3.45898401249327
C            4.24566641520853       -0.09589926238508       -2.53287217070070
C           -0.63422448668203       -3.09184537876510        0.91123596343648
C           -1.74299657498413       -2.12386978284508        1.34492676002660
P           -2.00447189031135       -0.84702035928333        0.01979074344868
C           -3.22030619077673        0.27944131948907        0.77934411312049
C           -3.94879666656117        0.03360150269349        1.93923766525667
C           -4.86600129952667        0.96784460395672        2.39048142707172
C           -5.06282799549381        2.14975889288931        1.69610675271776
C           -4.33084470450846        2.40723014302834        0.54726888226152
C           -3.41418395482561        1.47788899637727        0.09360500196187
C           -3.10520644596739       -1.80790884654987       -1.09785850429259
C           -2.57237249634739       -2.33201917641367       -2.26905542510849
C           -3.35405095211436       -3.10183000761944       -3.11192287277529
C           -4.68001760683970       -3.34314911160276       -2.79559961450505
C           -5.22047101583932       -2.81108157368122       -1.63482407802284
C           -4.43921543816113       -2.04912341900672       -0.78628370739937
H            1.77648186553521       -3.97432745727711        0.06048474371121
H            2.00966551924462       -2.69567182817859        1.27065635747585
H            2.39763469324929       -2.37148267488733       -1.75350683513592
H            3.69208763211125       -2.38188062982579       -0.50483959097214
H            1.73398625285578       -0.23093532257117        2.37370218790054
H            3.15393482727028       -0.10527740715864        4.38928831607590
H            5.60393570710567        0.09323066782890        4.15820711239069
H            6.62517890576788        0.15558159572622        1.91273623750973
H            5.21478763673323        0.02712852776940       -0.09245211836524
H            2.25478538093058        2.30818285399022       -1.24124328188493
H            3.48763858753964        3.66861981243648       -2.90944713388258
H            5.21103478238816        2.60348128814146       -4.32575463451498
H            5.68850017790176        0.19633399882513       -4.08531815503562
H            4.46174591599118       -1.15234192810313       -2.44452608689096
H           -1.07908579350628       -3.94600860682100        0.37754017800242
H           -0.12863190794569       -3.48158362619402        1.80215793314699
H           -2.66944509697308       -2.66906686382786        1.55382347842104
H           -1.43249861558063       -1.57149018195075        2.23995490140991
H           -3.80820959220151       -0.88038258361093        2.49869613358223
H           -5.43189947722282        0.76987074713292        3.29026700943078
H           -5.78151609711663        2.87320512814257        2.05386867655741
H           -4.47275568198798        3.33367669138545        0.00941552028328
H           -2.81861425144301        1.66985836204648       -0.79391764031173
H           -1.54475237996576       -2.11323845962035       -2.52691722184851
H           -2.92967267024160       -3.51098939243759       -4.01828780386992
H           -5.29437758128862       -3.93824030175186       -3.45522007097044
H           -6.25779515015198       -2.98921998475809       -1.39054307680548
H           -4.86980398242147       -1.63182079448407        0.11309991984415
C           -0.22581996171992        1.22070071644844       -1.56213322420787
O           -0.37656205367875        2.03037658020697       -2.40053801773805
C           -0.07950785901637        0.78715920645601        1.00661430648399
O           -0.24109440956510        1.53888775875690        1.87232790174290
O            0.88891299305892       -2.08465187751896       -3.48977191703621
C            0.39204253036634       -1.95431497438787       -4.59438015734088
C            0.81526517017227       -1.02967507604077       -5.63839102636885
C            1.81590308393882       -0.08530759510055       -5.39788229718198
C            2.22304425303312        0.75872993270878       -6.41253544533448
C            1.64378240699944        0.66878960704807       -7.66983093078672
C            0.64316926325573       -0.25965057150051       -7.91417044303561
C            0.22446267581392       -1.10036165891830       -6.90380132414809
H            0.11323644805401       -2.60573788159155       -0.90613600552634
H            0.19122032675405       -0.54523572508327       -1.95325618551451
H           -0.47608026995597       -2.58816497537449       -4.89016611320949
H            2.24567242762924       -0.02011285392299       -4.40860571635367
H            2.99466439066383        1.48933958464322       -6.22248701196624
H            1.97010891919869        1.32456986695706       -8.46471095517644
H            0.19017874387564       -0.32311743972272       -8.89319967114356
H           -0.55440288270423       -1.82932317121026       -7.08549090857392
80
 energy: -120.617433404779 gnorm: 0.029352951230 xtb: 6.7.1 (edcfbbe)
Mn           0.05565250580730       -0.13804565804854       -0.47583630281977
N            0.34978849279701       -2.38894675909994        0.06893609607720
C            1.71908354023840       -2.88388442077369        0.24731054839966
C            2.64544351379651       -2.14085059288889       -0.70805660813664
P            2.29296818087384       -0.33220847634187       -0.45640029141740
C            3.37319728528022       -0.10015651652517        1.01212268856397
C            2.80568966080552       -0.14538837773219        2.27969915406728
C            3.60087506480074       -0.07419702023688        3.41034551003670
C            4.97448366230933        0.03903594755521        3.28171698632977
C            5.54930155018772        0.07890971162685        2.02114006841681
C            4.75622919532153        0.00789424672789        0.89065459028013
C            3.28745567255931        0.50498972579656       -1.73132312544929
C            3.02911010383602        1.86708242144196       -1.87177302449483
C            3.71635793667372        2.61816346864490       -2.80533336140584
C            4.67603833885646        2.01434903109857       -3.60413209576427
C            4.93860450846311        0.66099682286017       -3.46903112094823
C            4.24514200909159       -0.09628744710027       -2.53998600622458
C           -0.63506937904910       -3.08027299833259        0.91500063874788
C           -1.74649184529818       -2.11191500645200        1.33915614547896
P           -1.99892361119260       -0.84551435960826       -0.00095030483337
C           -3.21329713643266        0.28003711287111        0.76719243655705
C           -3.93919089106729        0.03614738802139        1.93037933626536
C           -4.85610647078270        0.97026483001646        2.38331628366635
C           -5.05616235413711        2.15117881709638        1.68822359435771
C           -4.32711547638172        2.40752090855441        0.53736153651656
C           -3.41130554378645        1.47803636124342        0.08197009119028
C           -3.10979898806314       -1.81633788598587       -1.09846744026680
C           -2.57721199191753       -2.33835768289262       -2.27033736155185
C           -3.35921831656703       -3.10996617409879       -3.11121203013637
C           -4.68422736327662       -3.35310129836509       -2.79199765638340
C           -5.22438877520690       -2.82175294395581       -1.63062014153745
C           -4.44281524168158       -2.05884870933561       -0.78316387514958
H            1.77071622560038       -3.96944449020410        0.06773156769610
H            2.01963462346645       -2.69386644706380        1.28105191730090
H            2.39134845796002       -2.37189262097387       -1.74753318349738
H            3.69249077348182       -2.38184836013076       -0.50482888471879
H            1.73108184376558       -0.22901952894551        2.37460553332474
H            3.14745134169288       -0.10434148298431        4.39099048590101
H            5.59763262324821        0.09846784519678        4.16260579138094
H            6.62181534148645        0.16480681101568        1.91777369325070
H            5.21225868171562        0.04050350027088       -0.08910460762864
H            2.26523246219462        2.31548561197072       -1.24486643263891
H            3.50091723888377        3.67081912802741       -2.91593202731611
H            5.21708312482339        2.59910117530725       -4.33435445666115
H            5.68428410283365        0.18812463058440       -4.09560637186939
H            4.45458131950550       -1.15436836559980       -2.45349732034365
H           -1.07534400882958       -3.93405857445759        0.37716077262382
H           -0.13717790574721       -3.47294476164468        1.80906336282631
H           -2.67350538130975       -2.65632611649179        1.54968119919581
H           -1.43944697197999       -1.55615277175034        2.23305232001450
H           -3.79791512967986       -0.87685475398198        2.49144199614876
H           -5.41985080717405        0.77364491362301        3.28499693060644
H           -5.77520518923825        2.87419916768305        2.04656991966570
H           -4.47120960929597        3.33315107106078       -0.00125547365280
H           -2.81933206684371        1.66746731186146       -0.80831479637414
H           -1.55035365928437       -2.11477630509474       -2.52882136025429
H           -2.93586738467855       -3.51800991929805       -4.01853626894049
H           -5.29885100221732       -3.94883509716251       -3.45075954329124
H           -6.26139019806174       -3.00074564324381       -1.38546890987491
H           -4.87102796799257       -1.64054175573364        0.11698079238008
C           -0.23303419646056        1.25363539941968       -1.52093615388544
O           -0.41741797185323        2.07478356648560       -2.33614637617641
C           -0.07752238089532        0.78591760758337        1.01109499923381
O           -0.25577829529660        1.52374700395918        1.88376871847797
O            0.92552210856842       -2.15082484397715       -3.52794427531169
C            0.40447593075553       -1.98449856972136       -4.61587558492348
C            0.81731515524827       -1.03906510315696       -5.64684530859406
C            1.81274692100636       -0.09207834938938       -5.39495340659189
C            2.22039968782722        0.76022063204004       -6.40315382931023
C            1.64629579598022        0.67492779676705       -7.66272510967075
C            0.64536025270360       -0.25151819750729       -7.91563134137879
C            0.22557764869169       -1.09933054378289       -6.91179587889381
H            0.11771818166347       -2.60351678108427       -0.89798598381433
H            0.15805088997493       -0.62437695904437       -1.91902376329234
H           -0.48714376567007       -2.59174726882413       -4.90507958871840
H            2.23875748313227       -0.03431517024327       -4.40368465443659
H            2.99027803508157        1.49112643060198       -6.20624791651788
H            1.97588277689928        1.33400059141381       -8.45371668835398
H            0.19503940679665       -0.30879863516813       -8.89623775285254
H           -0.55425171899829       -1.82656301349030       -7.09590555048821
80
 energy: -120.619606654749 gnorm: 0.013467300214 xtb: 6.7.1 (edcfbbe)
Mn           0.06404629115872       -0.13540285566015       -0.48570510827187
N            0.35968235328175       -2.39372633275890        0.07885243746115
C            1.73068589679549       -2.87879862707221        0.26633343085837
C            2.64918180150986       -2.13731270831145       -0.69782511106858
P            2.29468676072671       -0.32813983034536       -0.46250708313374
C            3.36647367173085       -0.08698280480733        1.01083747233110
C            2.79805643625313       -0.13777947636725        2.27816029154381
C            3.59166746756820       -0.06665132857511        3.41007957513972
C            4.96517598134443        0.05014798007873        3.28346769068807
C            5.54116454739817        0.09496189975226        2.02337870527882
C            4.74950034725018        0.02620770955071        0.89190427502376
C            3.29143160655328        0.50693657290846       -1.73547799985037
C            3.03637012083178        1.86972661411319       -1.87945361067741
C            3.72598690180759        2.61650312384738       -2.81494810176978
C            4.68005450367982        2.00687524952394       -3.61597278025540
C            4.93461659343488        0.65176407958017       -3.48150575757044
C            4.24335260418253       -0.10095315026154       -2.54595014018714
C           -0.63203462243300       -3.07042025411314        0.92620753707604
C           -1.74742793191725       -2.10422832683730        1.33791153651314
P           -2.00026524214970       -0.84868960565305       -0.01299860280934
C           -3.21120337051758        0.28352348534466        0.75132398428922
C           -3.93176256001667        0.04269799645206        1.91810807767588
C           -4.84581870427721        0.97800500461436        2.37305822744274
C           -5.04877770997055        2.15749276412056        1.67649128430972
C           -4.32503440661318        2.41070344191364        0.52165120592265
C           -3.41243784644667        1.47938354564810        0.06410976286067
C           -3.11587504641804       -1.82220976394270       -1.10296017831460
C           -2.58524378766377       -2.34645700983032       -2.27538435347637
C           -3.36727456739073       -3.12389847153142       -3.11114500583050
C           -4.69061282340832       -3.36975181335520       -2.78685564810854
C           -5.22870308010855       -2.83845545481519       -1.62469790256195
C           -4.44701668437682       -2.07036233033954       -0.78126188448483
H            1.77877352472952       -3.96351492321106        0.08410141947579
H            2.03913638407822       -2.68511074645265        1.30125509510806
H            2.39201401813106       -2.37752703995574       -1.73333843927212
H            3.69775647959458       -2.37092556348847       -0.49840188865623
H            1.72402427056709       -0.22716216141819        2.37470536868801
H            3.13705422566985       -0.10181567982196        4.39029957656821
H            5.58727315613748        0.10698265746068        4.16524785835093
H            6.61374264486130        0.18159719980487        1.92182269613883
H            5.20552062174663        0.06194138485471       -0.08765267458503
H            2.27907526759463        2.32467460833180       -1.24848009835825
H            3.51961920668502        3.67165938033784       -2.92307855763885
H            5.22469873071064        2.58951648808199       -4.34512875410069
H            5.67641032968893        0.17542705781748       -4.10742988867475
H            4.44386050029894       -1.16000891842859       -2.46117427286049
H           -1.06632931117326       -3.92563392873376        0.38946843573629
H           -0.13656062644651       -3.45701518827101        1.82333948447277
H           -2.67488702146570       -2.64464672396460        1.55107319958248
H           -1.44570316219301       -1.53615358802079        2.22543544296970
H           -3.78933781112142       -0.86806218140437        2.48236875744239
H           -5.40490994939487        0.78348907879339        3.27803271466586
H           -5.76646079500825        2.88083334710202        2.03618329150595
H           -4.47090077839349        3.33493146555104       -0.01873891697660
H           -2.82709637111431        1.66438827218703       -0.83101158913724
H           -1.55951653513526       -2.11933938228005       -2.53487712859203
H           -2.94617613772405       -3.53257331838355       -4.01915063928567
H           -5.30642331424760       -3.96756007407791       -3.44297987672069
H           -6.26485324080709       -3.02014947379372       -1.37690485171951
H           -4.87250266089803       -1.65365161177239        0.12130432120652
C           -0.21570056383524        1.31646694026554       -1.46024422258423
O           -0.45045225628549        2.17215105747589       -2.22492956484683
C           -0.09332904786926        0.76354870724536        1.01359362319010
O           -0.25793360704554        1.50690746616675        1.89613945502232
O            0.95948594298316       -2.23381664035194       -3.58480284596643
C            0.41116126607916       -2.02235821876465       -4.64693899313605
C            0.82060691416216       -1.05670437731884       -5.66100097081593
C            1.80886963293640       -0.10603926631216       -5.39260722470457
C            2.21725480639907        0.76081485631491       -6.38882053911387
C            1.64984102528394        0.68508209690668       -7.65207222494222
C            0.64944637665658       -0.24020118498238       -7.91829396384750
C            0.22970852273551       -1.10231361650554       -6.92584392369127
H            0.12588581364640       -2.61347659251651       -0.89188483117497
H            0.12844480469067       -0.69978717288896       -1.89769255831978
H           -0.48672640654153       -2.61319533700718       -4.93339797200660
H            2.22987239295857       -0.05791567914741       -4.39944205626799
H            2.98315174081435        1.49380127647703       -6.18057361496440
H            1.98209419300571        1.35208044500387       -8.43503775098117
H            0.20180870043829       -0.28654538738959       -8.90053813122767
H           -0.55101673804604       -1.82575490188110       -7.11742184281728
80
 energy: -120.619898561429 gnorm: 0.025296390173 xtb: 6.7.1 (edcfbbe)
Mn           0.06141597315118       -0.12795020135084       -0.49208065933058
N            0.36796318967466       -2.40133744482556        0.08713330711654
C            1.74054780658056       -2.87394955827418        0.28184960855522
C            2.65429490857977       -2.13415238235607       -0.68898493022728
P            2.29113413804153       -0.32585764347847       -0.46900991061497
C            3.35912947384405       -0.07586944296385        1.00811802151710
C            2.79044446287271       -0.13128742943365        2.27528293810157
C            3.58254678574862       -0.05914618341025        3.40826136513491
C            4.95603950091388        0.06209020045094        3.28393077748424
C            5.53252902170207        0.11247522661077        2.02421341244368
C            4.74196955963691        0.04419309002201        0.89176447168318
C            3.29160547729192        0.50506342676691       -1.74148357720032
C            3.04358398505669        1.86951121603537       -1.88572441907516
C            3.73573109249862        2.61301206623361       -2.82215028114252
C            4.68421556706162        1.99805038453597       -3.62574901065082
C            4.93130421542894        0.64153097149343       -3.49197308652957
C            4.23923213112013       -0.10846288704195       -2.55362875073362
C           -0.62709844480972       -3.06492880108166        0.93982648334975
C           -1.74389874591349       -2.09595926108840        1.33626811180590
P           -2.00356920958199       -0.84937970242392       -0.02152989040459
C           -3.21297573935155        0.28749902057569        0.73570248136552
C           -3.92685066675834        0.05019270597056        1.90664291830523
C           -4.83759067041309        0.98746032635907        2.36342777973417
C           -5.04282824598979        2.16527284091733        1.66481071312857
C           -4.32569396997907        2.41400760437131        0.50478588658726
C           -3.41730576973694        1.48009265731334        0.04456655626354
C           -3.11876917728419       -1.82902329948103       -1.10771620546682
C           -2.59296501000277       -2.35647089943661       -2.28161083054287
C           -3.37617961470263       -3.13868694540677       -3.11168203631342
C           -4.69753475701493       -3.38704271739759       -2.78102698046618
C           -5.23144201052141       -2.85482093959225       -1.61764139742335
C           -4.44807335929562       -2.08219990754419       -0.77916603605994
H            1.79581905041343       -3.95924926147710        0.10683722259585
H            2.05070802824876       -2.66982936799589        1.31696007767022
H            2.39818843702479       -2.38776387422094       -1.72111191445575
H            3.70484099941461       -2.35879730359148       -0.48918128694858
H            1.71676839712992       -0.22501221712330        2.37329199187540
H            3.12711033852855       -0.09803473699704        4.38818073648009
H            5.57720328018524        0.11748503481077        4.16640196865027
H            6.60503652092363        0.20222192614321        1.92451185596896
H            5.19906151468421        0.08496332184907       -0.08706390030843
H            2.29107642643107        2.33002114929289       -1.25250779843615
H            3.53571407578591        3.66982487421425       -2.92905000777599
H            5.23026578786072        2.57796817700966       -4.35604427746680
H            5.66850188928694        0.16234902273217       -4.11930460577712
H            4.43486135942124       -1.16728428607971       -2.46784121249743
H           -1.05888681480659       -3.92511557575707        0.41188173618705
H           -0.13046632140669       -3.43830056795382        1.84157398227443
H           -2.67062436348249       -2.63424301079191        1.55266975715803
H           -1.44671419104237       -1.51542177073385        2.21752960842648
H           -3.78292933712665       -0.85823157448368        2.47406193527491
H           -5.39138374840282        0.79540273955774        3.27204376858582
H           -5.75726505356536        2.89028250236459        2.02680013298918
H           -4.47255476491510        3.33695168372089       -0.03740380473150
H           -2.83872447966756        1.66151687850525       -0.85522916208634
H           -1.56915970079423       -2.12668823787571       -2.54523554181346
H           -2.95798053965968       -3.54959080850909       -4.01992380746168
H           -5.31498893994120       -3.98849631146485       -3.43263788054655
H           -6.26607549863612       -3.03986614599354       -1.36506539897827
H           -4.87166467681380       -1.66594332658203        0.12483860099123
C           -0.27459740254982        1.37295399345349       -1.38987524090263
O           -0.41322343893381        2.25548924819084       -2.14053767816991
C           -0.07294486701752        0.77062712052051        1.00789674741804
O           -0.28514742938394        1.45721746525502        1.93242175577045
O            0.98804824330241       -2.31084019891661       -3.63651233336993
C            0.42378250204952       -2.06722278552705       -4.67913540969320
C            0.82397039408340       -1.07633765528582       -5.67488854219585
C            1.80612287879305       -0.12361741085758       -5.39116542162422
C            2.21369787382774        0.75916173473852       -6.37414784837700
C            1.65090248763834        0.69659841198478       -7.64063108314776
C            0.65303857858412       -0.22837131550135       -7.92059581123791
C            0.23332112573516       -1.10523538087288       -6.94000623773303
H            0.13351502667286       -2.62655827141995       -0.88620828220878
H            0.12051508504876       -0.71802664210304       -1.88762017557587
H           -0.49193459941406       -2.62997378628233       -4.95914507879334
H            2.22434345769397       -0.08562865824217       -4.39687976169011
H            2.97499394587774        1.49421308167865       -6.15416087290700
H            1.98367533542298        1.37402372240781       -8.41417634357239
H            0.20787238225632       -0.26330173268676       -8.90438435558901
H           -0.54418049227810       -1.82817173366541       -7.14395147446390
80
 energy: -120.621419574097 gnorm: 0.014060430221 xtb: 6.7.1 (edcfbbe)
Mn           0.05462127989196       -0.12439610196440       -0.48892993395753
N            0.37018090751761       -2.40609739609262        0.08964134032430
C            1.74335495079658       -2.87177933867680        0.28661328620758
C            2.65639747696244       -2.13288527851650       -0.68650824511092
P            2.28762871052617       -0.32527861438674       -0.47304141179776
C            3.35465015731096       -0.07012101058826        1.00610808726443
C            2.78587962981145       -0.12816149387183        2.27302445085257
C            3.57721094888218       -0.05558204250344        3.40645745981083
C            4.95067193711094        0.06876192921587        3.28344549581427
C            5.52713943067325        0.12295648391734        2.02393946197487
C            4.73711485395387        0.05428539780331        0.89100228995372
C            3.29079557092659        0.50259052223494       -1.74597659479585
C            3.04896671390168        1.86848902483065       -1.88773609491963
C            3.74195803623436        2.61073927584845       -2.82439365171540
C            4.68710120153669        1.99309431070927       -3.62991982967044
C            4.93060715347740        0.63603848693117       -3.49663391465402
C            4.23626055645198       -0.11333893224415       -2.55938906687734
C           -0.62402827842106       -3.06514687469652        0.94747228765003
C           -1.74162601353387       -2.09326023147144        1.33538227570724
P           -2.00671580790463       -0.85088099084804       -0.02491504882509
C           -3.21647001154633        0.28757484243309        0.72738015437709
C           -3.92608325557493        0.05367776160297        1.90135070169944
C           -4.83443707675303        0.99311146256519        2.35897049809242
C           -5.04021299556866        2.16968189816676        1.65856125290316
C           -4.32748819760558        2.41434707772189        0.49481794393050
C           -3.42231522579725        1.47793027764360        0.03291519991678
C           -3.11900112224743       -1.83507343795445       -1.11070643939115
C           -2.59718641155721       -2.36326364900555       -2.28613574136873
C           -3.38185610956627       -3.14678965799477       -3.11317412630202
C           -4.70192891226622       -3.39678604475178       -2.77826796199396
C           -5.23254787898010       -2.86368059569873       -1.61387995432750
C           -4.44729442312541       -2.08961269045486       -0.77845339276378
H            1.80976589984020       -3.95849643963202        0.12230164919887
H            2.04967639921390       -2.65796099629512        1.32071270806325
H            2.40349886010589       -2.39528277877654       -1.71771135440678
H            3.70811661836085       -2.35206078074354       -0.48352665008937
H            1.71236663247573       -0.22407192059059        2.37131881354814
H            3.12146704997353       -0.09604769549465        4.38615956734226
H            5.57135167184671        0.12422472660000        4.16618227107871
H            6.59946270767791        0.21619402759663        1.92505770540717
H            5.19554413322091        0.09863953577730       -0.08710566686935
H            2.29827446230097        2.33130312021925       -1.25424398566933
H            3.54354713150533        3.66779021945728       -2.93121439898301
H            5.23244059977373        2.57105800970493       -4.36231933857020
H            5.66463974535092        0.15518272423925       -4.12653734203023
H            4.43098339019901       -1.17188667818134       -2.47234237430596
H           -1.05583644614590       -3.93112900423220        0.42905634943598
H           -0.12520341054777       -3.42728043839297        1.85306751423401
H           -2.66679172081314       -2.63290087967118        1.55437369503506
H           -1.44591528547529       -1.50665480570528        2.21359392150496
H           -3.78109585808244       -0.85331641720652        2.47055303330945
H           -5.38500617648103        0.80334185077726        3.26995009594168
H           -5.75136499144882        2.89700914502475        2.02227184666507
H           -4.47447102159363        3.33659022392085       -0.04859754065255
H           -2.84745830857430        1.65738067548237       -0.86958692447381
H           -1.57479512811393       -2.13225780360917       -2.55391181288254
H           -2.96555355488911       -3.55919222273370       -4.02156677929227
H           -5.32040177599497       -4.00087775445949       -3.42654874857357
H           -6.26589083964754       -3.05072927209310       -1.35737064524119
H           -4.87014072464433       -1.67268846867531        0.12564013126755
C           -0.22822675503815        1.39645910747841       -1.36437262841556
O           -0.42847046644413        2.30825619333805       -2.07179637839667
C           -0.10354462402425        0.75062675032718        1.02492582140847
O           -0.28148349390034        1.46744342013224        1.92880975702635
O            1.00409922513932       -2.35202302771102       -3.66040056134367
C            0.43073847010523       -2.09148904602927       -4.69474596611799
C            0.82518776237808       -1.08727124027150       -5.68132481945362
C            1.80654937384893       -0.13648545598501       -5.39070258157020
C            2.21218678361672        0.75595661211445       -6.36562342376021
C            1.64999330026781        0.70365815072664       -7.63319634236870
C            0.65476493402473       -0.22124538927980       -7.92094756345475
C            0.23458173340983       -1.10574734455726       -6.94704863131028
H            0.13658638494735       -2.63407641494251       -0.88322484702763
H            0.12194901328010       -0.69404943762864       -1.89001310379693
H           -0.49478783144310       -2.63998098366307       -4.97295779999337
H            2.22487591004447       -0.10471167060986       -4.39620136545129
H            2.97097234473351        1.49145431163703       -6.13901171979919
H            1.98184077977585        1.38828866444626       -8.40076916359341
H            0.21086686302675       -0.24964607074235       -8.90557008315861
H           -0.53881690232526       -1.83039717048212       -7.16079895925141
80
 energy: -120.622226064564 gnorm: 0.015890386097 xtb: 6.7.1 (edcfbbe)
Mn           0.05222391716898       -0.11570608541886       -0.48692698321452
N            0.36988403991050       -2.40837950627346        0.08807591439341
C            1.74351373727084       -2.86552269270772        0.29060830807614
C            2.65587217197742       -2.12789078635365       -0.68463690227283
P            2.28458252223068       -0.32090365950025       -0.47371830024567
C            3.35246223275568       -0.06334722370935        1.00518601223214
C            2.78256971051889       -0.12508819281418        2.27100221594270
C            3.57228855782967       -0.05093281699522        3.40509876792434
C            4.94552055791651        0.07920878535302        3.28369143726866
C            5.52247394655686        0.13941869681806        2.02468124731541
C            4.73376841093670        0.06862149013146        0.89091993226150
C            3.29024343454196        0.50049088905444       -1.74970293027342
C            3.05572621146551        1.86759719687287       -1.88991729625628
C            3.74960685648776        2.60749193474400       -2.82766151811715
C            4.68956719008242        1.98565205023149       -3.63611989419406
C            4.92755217417749        0.62772007980445       -3.50332408597628
C            4.23161518347578       -0.11944140877284       -2.56556128130088
C           -0.62073388123361       -3.06176205773957        0.95494430902949
C           -1.74158986657517       -2.08935062907884        1.33440704973835
P           -2.00694331464862       -0.85173186939970       -0.02988430084587
C           -3.22077681813180        0.28575623427504        0.71615262116030
C           -3.92499152285460        0.05765120950126        1.89453244409760
C           -4.82929168814658        1.00085408360337        2.35352381111648
C           -5.03580963965682        2.17536616986832        1.65014091343437
C           -4.33004589410266        2.41315800311749        0.48062740023130
C           -3.42942149224947        1.47296476061227        0.01671570125524
C           -3.11691706666255       -1.84149379075719       -1.11491069590900
C           -2.60106031590811       -2.37034789322501       -2.29272234258734
C           -3.38833521537978       -3.15664672352955       -3.11463283356610
C           -4.70629372662248       -3.40974715394637       -2.77290875212555
C           -5.23169913552956       -2.87537360767396       -1.60681752435713
C           -4.44355012353521       -2.09824352315177       -0.77694242114096
H            1.82385411025113       -3.95432843223739        0.13976501952599
H            2.04426254490389       -2.63904959464473        1.32343403265399
H            2.40770340602711       -2.39930119857704       -1.71543676495296
H            3.70835059381436       -2.34251856622762       -0.47728116511381
H            1.70922347688626       -0.22501781869612        2.36829681483245
H            3.11579116540150       -0.09484020722899        4.38426505746053
H            5.56524250198492        0.13466756396368        4.16691578263109
H            6.59431947010359        0.23881939966679        1.92678403415338
H            5.19357175228880        0.11857648748057       -0.08638310614641
H            2.30883001124775        2.33372264311350       -1.25481446311406
H            3.55558478862016        3.66541080179514       -2.93249770313099
H            5.23567195219201        2.56095080682547       -4.37009242082741
H            5.65811301241127        0.14430771920096       -4.13589611153323
H            4.42237419704765       -1.17884041934457       -2.47954695410828
H           -1.05026329260465       -3.93840039694835        0.45168669559414
H           -0.11763121733865       -3.40733673856004        1.86537977808308
H           -2.66513389242675       -2.63108819256239        1.55636134952886
H           -1.44715895614463       -1.49716269555415        2.20955835800130
H           -3.77841093302347       -0.84717071077667        2.46653266921965
H           -5.37486713252342        0.81532608009091        3.26836592771160
H           -5.74181969254932        2.90663351691522        2.01620846918637
H           -4.47822548248991        3.33371352449604       -0.06548847793136
H           -2.86074892205978        1.64899298555039       -0.89034533918592
H           -1.58017991450212       -2.13908055601911       -2.56679933771085
H           -2.97586156642216       -3.56951554258413       -4.02459332589202
H           -5.32689152987159       -4.01613378877179       -3.41704400552626
H           -6.26331404414610       -3.06412571240186       -1.34457032075488
H           -4.86469642421481       -1.68137007662362        0.12793372923822
C           -0.20835018778616        1.41505217374847       -1.33445157304693
O           -0.42558231503934        2.35545573943473       -2.00274999361403
C           -0.11412429458743        0.74263191511968        1.03721797633109
O           -0.29577538003776        1.45574530639422        1.94179792279363
O            1.01352724087074       -2.39339223766698       -3.68682124464034
C            0.42507160748188       -2.10893208935059       -4.70784076971037
C            0.82746392671613       -1.10438771936492       -5.68877682197558
C            1.80899311717705       -0.15753908019784       -5.38907506487149
C            2.21086550242414        0.74905040498529       -6.35204006206736
C            1.64802419863324        0.71257699127720       -7.62015792521761
C            0.65782482078241       -0.21336226062840       -7.91928742102248
C            0.23973375600139       -1.11106535222072       -6.95614755153281
H            0.13678646258163       -2.64065887568744       -0.88321962280521
H            0.11410352808710       -0.65493730316926       -1.90019895838867
H           -0.48024391843487       -2.67252741581398       -4.99521976519462
H            2.22826686841872       -0.13522956111752       -4.39457813401628
H            2.96673586610824        1.48415501948695       -6.11601518582486
H            1.97692215186552        1.40897817738132       -8.37844996979698
H            0.21394540079050       -0.23101930532802       -8.90428035703384
H           -0.53146882864900       -1.83443314105190       -7.18261756518503
80
 energy: -120.623048078907 gnorm: 0.023454499428 xtb: 6.7.1 (edcfbbe)
Mn           0.04646802815214       -0.10715197178377       -0.48573433625116
N            0.36824223329390       -2.40659624516887        0.08669322542516
C            1.74276097293863       -2.85362052871340        0.29581776162940
C            2.65358807825127       -2.11806375953051       -0.68243657970238
P            2.28049229454976       -0.31126295386729       -0.47419509528910
C            3.34947140710870       -0.05162401809037        1.00346723518035
C            2.77789037109693       -0.12048715694043        2.26784019842023
C            3.56513530346883       -0.04418295635699        3.40317088417605
C            4.93770113279456        0.09621239916626        3.28396876710224
C            5.51566037459463        0.16633732348761        2.02589410406413
C            4.72918759438142        0.09249951398543        0.89060738190057
C            3.29044851988497        0.50007755691396       -1.75434244736458
C            3.06708402127390        1.86886762568382       -1.89312075568146
C            3.76259774645051        2.60397167707040       -2.83338008390881
C            4.69393216529523        1.97481138195239       -3.64637543842169
C            4.92175158798738        0.61505658577071       -3.51468092668243
C            4.22379942145456       -0.12699808664220       -2.57468746297534
C           -0.61573194325020       -3.05446103981581        0.96537456592026
C           -1.74350604481416       -2.08404550853995        1.33345571934120
P           -2.00828432460739       -0.85412014901564       -0.03731950760649
C           -3.22645618619444        0.28348447336447        0.70069943566897
C           -3.92248593910741        0.06514554484426        1.88585017308093
C           -4.82075953832713        1.01392899424861        2.34598556826813
C           -5.02903782731106        2.18452884208417        1.63683965173374
C           -4.33433464295362        2.41097196887664        0.45823826777646
C           -3.44012845308646        1.46514138278736       -0.00736246217811
C           -3.11437494969216       -1.85117645402696       -1.12136261317206
C           -2.60618265152315       -2.37994624568717       -2.30246994526032
C           -3.39740310569851       -3.17069208352417       -3.11668311064357
C           -4.71190363197656       -3.42907720990947       -2.76448906701661
C           -5.22983194242655       -2.89396479375905       -1.59535731566522
C           -4.43780280390564       -2.11198084176710       -0.77400723251871
H            1.83757604352694       -3.94469490754251        0.16057667960477
H            2.03685852119105       -2.61249320813004        1.32663781964795
H            2.40867815011018       -2.39743821865634       -1.71283284052098
H            3.70685731291937       -2.32903876197364       -0.47163651567332
H            1.70499483202961       -0.22730099732500        2.36309550831007
H            3.10740745959602       -0.09439131313038        4.38143929603206
H            5.55578017721884        0.15212994553242        4.16814505960897
H            6.58671530980265        0.27559567518051        1.92957886978472
H            5.19049219300407        0.15044078927433       -0.08566820639237
H            2.32621841596630        2.34035677873364       -1.25552836371110
H            3.57626544283116        3.66332397588082       -2.93580121415742
H            5.24171661959703        2.54551923818141       -4.38277453368316
H            5.64627877342507        0.12629389009933       -4.15128021594524
H            4.40675290420201       -1.18839175448241       -2.49114956074016
H           -1.03945544780154       -3.94606481856336        0.48116664734563
H           -0.10754025435042       -3.37854643669416        1.88195326920020
H           -2.66525739476122       -2.62903075065946        1.55709197116917
H           -1.45310832839005       -1.48539195168598        2.20566197319032
H           -3.77348094073327       -0.83628654372502        2.46238507941227
H           -5.35855677506659        0.83567164976869        3.26695864339758
H           -5.72745955864730        2.92188966040780        2.00571953538953
H           -4.48508172775109        3.32811085212973       -0.09313655464803
H           -2.88076883105062        1.63449307824059       -0.92165171778949
H           -1.58748189189838       -2.14779458467264       -2.58568729670865
H           -2.99093639450987       -3.58323755489297       -4.02954893692046
H           -5.33535055599807       -4.03899915301274       -3.40246990506204
H           -6.25864585192918       -3.08552104306015       -1.32418615875505
H           -4.85538505357753       -1.69546053568849        0.13258981756271
C           -0.19896317256067        1.44023604805866       -1.28546640179325
O           -0.41225129044484        2.41961999334388       -1.90033495448818
C           -0.12646075023714        0.72705405542272        1.05206052976706
O           -0.31691280085616        1.43125633927832        1.95947307708569
O            1.02591297832164       -2.45395533236767       -3.72556417144479
C            0.44410814405655       -2.16413654231256       -4.73799983281291
C            0.83725002885969       -1.13732537308072       -5.70178640189063
C            1.81121343004735       -0.18893895676616       -5.38373191464056
C            2.20744438375342        0.73972065953868       -6.32786496655991
C            1.64481359208621        0.72654794906233       -7.59688661404020
C            0.66336309704289       -0.20176692150450       -7.91515006783533
C            0.25136076486890       -1.12286539600249       -6.97052145501497
H            0.13502164899143       -2.64567093884113       -0.88126735762390
H            0.11946051396916       -0.61153971487062       -1.91824073727324
H           -0.48946735271067       -2.69521004731154       -5.01771433357618
H            2.23336348469569       -0.18493974033294       -4.38969719222699
H            2.95896306666742        1.47381639366329       -6.07657261294835
H            1.96755753719809        1.44285939382922       -8.33986727268864
H            0.21983747572412       -0.20247280559725       -8.90077468311427
H           -0.51526453619903       -1.84557109932703       -7.21593318701854
80
 energy: -120.623779952124 gnorm: 0.024056595147 xtb: 6.7.1 (edcfbbe)
Mn           0.04202100347628       -0.10502439337869       -0.48636475745060
N            0.36565593945448       -2.39812536295480        0.08809110148117
C            1.74143740313117       -2.83960690291238        0.30034764203428
C            2.65088509517576       -2.10728363988552       -0.68062953899527
P            2.27937109389652       -0.29948290677169       -0.47483660537331
C            3.34687815340929       -0.03657865525146        1.00170682849284
C            2.77364723474088       -0.11486224325740        2.26497576134853
C            3.55837742495733       -0.03697591957414        3.40187938882215
C            4.92983356860983        0.11562165485340        3.28469037710519
C            5.50915914592012        0.19649841505799        2.02785101983910
C            4.72527731513797        0.12024353483552        0.89072186194551
C            3.29179856327648        0.50291092345765       -1.75913991782165
C            3.07998354983338        1.87344089278335       -1.89693583197735
C            3.77787351477859        2.60225005956073       -2.84046709807185
C            4.69976340657143        1.96465693521203       -3.65787249120612
C            4.91522667708854        0.60252984107151       -3.52776656275853
C            4.21498971391639       -0.13252029159430       -2.58455456613432
C           -0.61097278568784       -3.04438978286264        0.97522163368729
C           -1.74752988502907       -2.07842316129253        1.33191218126080
P           -2.01035476629953       -0.85698220004229       -0.04653940754601
C           -3.23049399221146        0.28246626061492        0.68595490983940
C           -3.91812117979978        0.07510757921868        1.87816142925530
C           -4.81074789820337        1.02915819181063        2.33815217235414
C           -5.02204986047928        2.19463171641520        1.62144829409909
C           -4.33896142885786        2.40866590412622        0.43351639612418
C           -3.45042909271444        1.45744869215909       -0.03193198754547
C           -3.11275045500199       -1.86192959700648       -1.12715364544605
C           -2.61010312482839       -2.38907889813259       -2.31104479184303
C           -3.40492909880505       -3.18433569654218       -3.11801514151624
C           -4.71560806509508       -3.44878993093833       -2.75551227542862
C           -5.22713267405662       -2.91469115140129       -1.58291836578154
C           -4.43215990733941       -2.12788667368956       -0.76962109376876
H            1.84077701667729       -3.93143533998271        0.17415268978045
H            2.03178950338183       -2.59024099427792        1.32895514464282
H            2.40365701398623       -2.38730806264649       -1.71063756529077
H            3.70446407967872       -2.31846694291247       -0.47080557989689
H            1.70149551169455       -0.22992074613135        2.35757763657585
H            3.09930093942536       -0.09486004213714        4.37910358476208
H            5.54599926469252        0.17299630771037        4.17009584956753
H            6.57931045257804        0.31615433630450        1.93331578467640
H            5.18723974744652        0.18530851196636       -0.08478852787610
H            2.34539990779202        2.35080781780230       -1.25691968174589
H            3.60012180369460        3.66304131437026       -2.94196618609217
H            5.24930982129677        2.52998647166339       -4.39719878418513
H            5.63221952687135        0.10644750525370       -4.16852702567863
H            4.38899353381691       -1.19622729118803       -2.50322567409013
H           -1.02633112142300       -3.94803265531878        0.50394866746632
H           -0.10032586539329       -3.35236760958246        1.89631704808700
H           -2.66813402183826       -2.62702998031063        1.55324398367772
H           -1.46475190577925       -1.47567073122083        2.20361940103451
H           -3.76643813052292       -0.82251924119652        2.46005288652323
H           -5.34065060496699        0.85927591658927        3.26546705941210
H           -5.71364580954614        2.93786869614638        1.99175601381952
H           -4.49339240130818        3.32117559743261       -0.12466157687288
H           -2.89992934133915        1.61806955008866       -0.95350784773075
H           -1.59385375590603       -2.15409269492893       -2.60287803777133
H           -3.00424219352108       -3.59566559329461       -4.03402941040057
H           -5.34094534325448       -4.06291062818330       -3.38744200176693
H           -6.25281601217108       -3.11004739465841       -1.30272240471025
H           -4.84497151673564       -1.71151139448693        0.13913397035472
C           -0.21203922700458        1.46522325167791       -1.23000375821202
O           -0.39274892567676        2.47729225134075       -1.79775603277566
C           -0.13351039009463        0.70669952754122        1.06179609881749
O           -0.33922111097061        1.39584989501624        1.97513869503543
O            1.07026016129059       -2.55558020039120       -3.77394455082547
C            0.45162996941200       -2.21016516913352       -4.76371160101626
C            0.83939274111891       -1.16263727785127       -5.71119984792903
C            1.81458012695596       -0.22210315828467       -5.37595460615385
C            2.20573555023808        0.72878838042919       -6.30045718621357
C            1.64206299433803        0.74085210006630       -7.56920154364826
C            0.66563820255910       -0.18548834664702       -7.90716755676104
C            0.25430925365179       -1.12480554129894       -6.98028544710435
H            0.13109550831039       -2.64546105753940       -0.87546694635183
H            0.13078529598131       -0.59320542486975       -1.93502969594232
H           -0.49720091380922       -2.72255390438591       -5.04630689547200
H            2.23810446753311       -0.23834751469053       -4.38193762093359
H            2.95369336579537        1.46062346098877       -6.03278754257742
H            1.96034719066705        1.47564045007925       -8.29668688077942
H            0.22515679429681       -0.17062010566733       -8.89428242159860
H           -0.50513508255521       -1.84944526242193       -7.24380483670079
80
 energy: -120.624539782149 gnorm: 0.008959330629 xtb: 6.7.1 (edcfbbe)
Mn           0.04602731382351       -0.10860501727989       -0.48397478846043
N            0.36161648589792       -2.39127917944682        0.08442738985405
C            1.73887730209994       -2.82952397767267        0.29911189603898
C            2.64845576239274       -2.10057903189841       -0.68237918940183
P            2.28360371339567       -0.29144457060642       -0.47621901812336
C            3.34731643012089       -0.02361170051871        1.00035548495049
C            2.77302584429580       -0.11077052497125        2.26318914796384
C            3.55572602610545       -0.03121406074662        3.40145903986006
C            4.92589109556655        0.13353468558212        3.28570018115778
C            5.50615620167593        0.22343806592085        2.03002506713306
C            4.72458598849089        0.14475432396272        0.89126317278948
C            3.29422679406259        0.50701824701916       -1.76315067569055
C            3.09072933625803        1.87880562839762       -1.90065030565125
C            3.79112654098340        2.60209703046493       -2.84680646564017
C            4.70522837775804        1.95756712631397       -3.66723587370331
C            4.91003374130511        0.59340890166722       -3.53868066423522
C            4.20851417215274       -0.13559992283416       -2.59211864843983
C           -0.60856913894609       -3.03505644641203        0.97909788686688
C           -1.75314603454659       -2.07598943733547        1.32884264897290
P           -2.01238713653616       -0.85813132339209       -0.05262110401216
C           -3.23338706042357        0.28355204502588        0.67549879557358
C           -3.91410453610607        0.08595333521447        1.87320755665756
C           -4.80243373517783        1.04427590167676        2.33156037873054
C           -5.01723157594186        2.20428433879253        1.60692753830707
C           -4.34384327965848        2.40708910688388        0.41156349771956
C           -3.45903666586376        1.45175336506687       -0.05153692630106
C           -3.11145585727377       -1.86869481238988       -1.13073060384876
C           -2.61164481642734       -2.39370155273620       -2.31641381435508
C           -3.40835800542487       -3.19268479591701       -3.11838515382345
C           -4.71555659839620       -3.46306116162183       -2.74837437662972
C           -5.22324967401220       -2.93168624900105       -1.57280853118796
C           -4.42713677774585       -2.14091837473896       -0.76496659553159
H            1.83432953565821       -3.92040834294693        0.17425499089607
H            2.02894217983123       -2.57728051762982        1.32691829091871
H            2.39683359032010       -2.37602042658250       -1.71206423554026
H            3.70162489402052       -2.31460485142887       -0.47606872704483
H            1.70157912032641       -0.23367704475811        2.35325124236644
H            3.09590636739844       -0.09636537303606        4.37789712714057
H            5.54048676122406        0.19369065389410        4.17209655124455
H            6.57531868481649        0.35266764551844        1.93711899627420
H            5.18656908590911        0.21510674695860       -0.08368180704915
H            2.36187499326258        2.36131673768805       -1.25781222040362
H            3.62093751564904        3.66416377542692       -2.94800971954873
H            5.25638191287463        2.51844695363059       -4.40867512536400
H            5.62035218490862        0.09137243129617       -4.18189331170213
H            4.37547006439578       -1.20050821251622       -2.51153257741980
H           -1.01555160354024       -3.94601244892776        0.51603367368330
H           -0.09382790924587       -3.33147053832274        1.90075053369302
H           -2.67295464583642       -2.62773425224325        1.54439463950904
H           -1.47948799925042       -1.47256898686779        2.20256840466157
H           -3.76000154825318       -0.80783288658899        2.46066843383432
H           -5.32594357157265        0.88235512407513        3.26392637966995
H           -5.70416256749630        2.95196526863903        1.97655934201307
H           -4.50243639182664        3.31440649433647       -0.15385608502313
H           -2.91497842453900        1.60339493803789       -0.97852742300343
H           -1.59786119204287       -2.15520015689150       -2.61435759096130
H           -3.01162989383769       -3.60264735320567       -4.03671503569398
H           -5.34113784413942       -4.08133877827287       -3.37583157320422
H           -6.24602886553646       -3.13181457705967       -1.28562701048026
H           -4.83547551198030       -1.72527529031095        0.14616611512513
C           -0.22142361602892        1.47572342838277       -1.18824658368289
O           -0.38053811617376        2.50433421008503       -1.71921803911125
C           -0.13243949992865        0.69095457818549        1.06739303638632
O           -0.36240874607174        1.36282722943112        1.99042442750330
O            1.06109583829190       -2.58101431224010       -3.79259138869635
C            0.45216999586834       -2.23723612856767       -4.77770071104699
C            0.84747419228470       -1.18949383591389       -5.71825029842732
C            1.81713752558878       -0.24849232329431       -5.36753973341449
C            2.20385049459767        0.71905993157927       -6.27585522537922
C            1.63962568699111        0.74839327879829       -7.54327923562477
C            0.67055538532039       -0.18001823733256       -7.89755271521344
C            0.26608458245532       -1.13850691343522       -6.98743018676734
H            0.12313742670826       -2.64692321136349       -0.87661945632693
H            0.11163315316403       -0.58163167674317       -1.94575996863684
H           -0.47565814318621       -2.76792484731443       -5.06754207404754
H            2.23930959335256       -0.27791076949026       -4.37375643596651
H            2.94739919899167        1.45057240839705       -5.99478969133879
H            1.95119417799180        1.49894808816384       -8.25727105783688
H            0.22990133496451       -0.15129925945293       -8.88412715038684
H           -0.49040896025563       -1.86142410173637       -7.26171057996833
80
 energy: -120.624785655074 gnorm: 0.036384492191 xtb: 6.7.1 (edcfbbe)
Mn           0.05096427004048       -0.12012116175887       -0.49146818927232
N            0.35934721073850       -2.38307771666113        0.08380458971406
C            1.73866627876122       -2.81899546678109        0.30011353716659
C            2.64765809336467       -2.09371170567563       -0.68322242276738
P            2.28686366509443       -0.28318583898825       -0.48070427485248
C            3.34488765261740       -0.00663073215305        0.99741109139511
C            2.76991016713327       -0.10387756150418        2.25976009701407
C            3.54983222331678       -0.02012599142276        3.39969118687336
C            4.91827294713694        0.16055754566277        3.28640014914263
C            5.49951899112554        0.26150318059412        2.03214563534062
C            4.72089058492170        0.17778298525620        0.89157813154979
C            3.29784008857126        0.51123009082215       -1.76898405151606
C            3.10623322489424        1.88508261786720       -1.90688880863116
C            3.81028000480920        2.60035105507910       -2.85680580369390
C            4.71377546424958        1.94616183215232       -3.68131204559621
C            4.90482067029583        0.57979252929433       -3.55358427552134
C            4.20106794503715       -0.14103952890333       -2.60223927138042
C           -0.60613891020395       -3.02290447154427        0.98620500490468
C           -1.76007962529655       -2.07149615128915        1.32467578269029
P           -2.01491576526919       -0.86007850969228       -0.06318129256859
C           -3.23643306676407        0.28586237912431        0.65788800240580
C           -3.90713484633449        0.10218292472346        1.86368673688316
C           -4.78993015198198        1.06664820318109        2.31927658488983
C           -5.01029404505055        2.21853608117469        1.58302908180363
C           -4.34896536468506        2.40624374924845        0.37832446704847
C           -3.46905845260505        1.44497368413223       -0.08133548635358
C           -3.11247047455088       -1.87859686066280       -1.13428564857853
C           -2.61596752704925       -2.40178238857526       -2.32195585227843
C           -3.41350486662240       -3.20770322476637       -3.11671758367252
C           -4.71587207648918       -3.48680089419956       -2.73671757467874
C           -5.21968153947014       -2.95813154527188       -1.55820134618732
C           -4.42336997505742       -2.16020816790916       -0.75760744206009
H            1.82938909174385       -3.90915561780021        0.17664152852458
H            2.02987072286675       -2.56373507115682        1.32722755915730
H            2.38993018363967       -2.36692111782981       -1.71186264801910
H            3.70059940887839       -2.31016763027468       -0.48115585705686
H            1.69961871628531       -0.23774044995886        2.34761577702381
H            3.08905425263942       -0.09492224867600        4.37507666372576
H            5.53080794357501        0.22424649421501        4.17413648715084
H            6.56741034909215        0.40295185186613        1.94165606233515
H            5.18285426616938        0.25670356676420       -0.08267992613719
H            2.38567061942334        2.37572971228723       -1.26061990929068
H            3.65140152446582        3.66446800630758       -2.95793119465150
H            5.26752227399170        2.50119058002852       -4.42522318501327
H            5.60532585440719        0.06945603416088       -4.20037119872100
H            4.35798926614576       -1.20725432800188       -2.52194952492887
H           -1.00336536685867       -3.94181197094892        0.53228485620940
H           -0.08909277694931       -3.30458148668039        1.91065930854116
H           -2.67850519048296       -2.62771535554597        1.53350151913142
H           -1.49889435607814       -1.46444931285521        2.19972334007145
H           -3.74889911579290       -0.78508663281302        2.46042125657013
H           -5.30491507009604        0.91620551969299        3.25850595940075
H           -5.69250655001544        2.97139007039449        1.95047432265301
H           -4.51320553920211        3.30628786505368       -0.19718177127795
H           -2.93353721761959        1.58367995574759       -1.01550786400394
H           -1.60580901432249       -2.15698148718715       -2.62683812475615
H           -3.02100938449023       -3.61639516585196       -4.03738419517959
H           -5.34142578859173       -4.11041070067783       -3.35894113588268
H           -6.23869200275353       -3.16575324946416       -1.26286806751252
H           -4.82581885952356       -1.74568891814782        0.15682483603093
C           -0.21873074223565        1.50974483478764       -1.12154225476740
O           -0.39446244104133        2.58963716073780       -1.57511001979983
C           -0.13593324723775        0.65484233287702        1.07000772970214
O           -0.38398190411436        1.31048568649258        2.00420341655953
O            1.07467205398738       -2.64850969692285       -3.82977921416375
C            0.46505034556594       -2.28852879978180       -4.80397881000968
C            0.85572172085781       -1.22171470125204       -5.72654367473877
C            1.81854731516237       -0.28105310780606       -5.35454940889752
C            2.20040737653232        0.70832375923755       -6.24174554985458
C            1.63689128773379        0.76000974497997       -7.50840179987186
C            0.67501250180993       -0.16834553715100       -7.88412486052148
C            0.27569185720814       -1.14896841388391       -6.99499272467147
H            0.11718584837378       -2.65085722968393       -0.87459335931440
H            0.09790259411871       -0.58359714018867       -1.96204586383426
H           -0.47162358688937       -2.80552298449542       -5.09336187895491
H            2.23873527068977       -0.32923109448366       -4.36099713741103
H            2.93906923277552        1.43847334248126       -5.94353809780826
H            1.94314526188972        1.52803885711837       -8.20577912033953
H            0.23591574465131       -0.12183013010252       -8.87079051228840
H           -0.47557686473687       -1.87133250563783       -7.28364428418238
80
 energy: -120.625482136263 gnorm: 0.011521387465 xtb: 6.7.1 (edcfbbe)
Mn           0.05081269259372       -0.12029008442887       -0.47648815609978
N            0.35569644057225       -2.37422533377842        0.07678825539795
C            1.73553326970974       -2.81543243192039        0.29032683215143
C            2.64635297465177       -2.08999449029635       -0.69013929483797
P            2.28690344832786       -0.27927564763601       -0.48381403188438
C            3.34505621029770       -0.00268214502984        0.99416170776666
C            2.77146702270154       -0.10412691990452        2.25702767179079
C            3.55070857966180       -0.01619559741343        3.39709313378694
C            4.91774966685794        0.17433166243219        3.28428468056598
C            5.49815125901300        0.28047248646509        2.03035765192965
C            4.72029728170289        0.19145144965589        0.88949606298474
C            3.29944509530252        0.51574760296668       -1.77011838341457
C            3.11246147259361        1.89031748630954       -1.90839107711096
C            3.81830946687560        2.60204557727061       -2.85970513898805
C            4.71719346514113        1.94431753528201       -3.68597828082783
C            4.90290111426506        0.57749034130189       -3.55852284087945
C            4.19848111919406       -0.13990772426150       -2.60486825131414
C           -0.60640373844604       -3.01763369541579        0.98167536138181
C           -1.76575675144523       -2.07519761521547        1.32250908284632
P           -2.01705071958654       -0.86106580260602       -0.06225502900768
C           -3.23858373153873        0.28742721332551        0.65389312801118
C           -3.90471335496261        0.11122165678283        1.86295648389696
C           -4.78573442906355        1.07872668618259        2.31500388783760
C           -5.00971742362962        2.22521958882889        1.57126467641884
C           -4.35339820022398        2.40493721822649        0.36308610229514
C           -3.47434317386096        1.44110607716673       -0.09240607575483
C           -3.11285462611489       -1.87809371087334       -1.13512114105884
C           -2.61582578150535       -2.39872830214798       -2.32356850555677
C           -3.41147414868842       -3.20857822036920       -3.11637616181761
C           -4.71111706306931       -3.49406224580536       -2.73304101234685
C           -5.21525955029527       -2.96863858075873       -1.55325845533278
C           -4.42124746330733       -2.16653829504675       -0.75467424297175
H            1.81946682102584       -3.90478992632653        0.16167778998964
H            2.02837695691144       -2.56503993705143        1.31831349229762
H            2.38526360094049       -2.35792097909453       -1.71927002118152
H            3.69829773097363       -2.31182206517066       -0.49062577428246
H            1.70200552525983       -0.24382520530628        2.34435982192781
H            3.09053929687178       -0.09619594441667        4.37226849369558
H            5.52981388829961        0.24131486983743        4.17227852153923
H            6.56502622552121        0.42968365360332        1.94057497247792
H            5.18155109413052        0.27599068266010       -0.08462036334504
H            2.39490911465183        2.38401303795647       -1.26134127450441
H            3.66483664321948        3.66701996176529       -2.96083887111320
H            5.27217454364454        2.49725958394236       -4.43041788017058
H            5.59852971543803        0.06387449926359       -4.20699171603986
H            4.35107179138663       -1.20639215588935       -2.52484320784831
H           -0.99846123934303       -3.93795510907767        0.52883266322295
H           -0.08659304071273       -3.29522056182045        1.90479818693373
H           -2.68311295464852       -2.63603184762831        1.52334752030984
H           -1.51204806695955       -1.47117906344012        2.20146519714111
H           -3.74352554639289       -0.77184726178212        2.46532681196091
H           -5.29690292056728        0.93526493034689        3.25717829436234
H           -5.69103918090926        2.98016302538076        1.93550346039282
H           -4.52114717809858        3.30032665144992       -0.21847533645428
H           -2.94119347855511        1.57235998837761       -1.02871336029516
H           -1.60769773680918       -2.14953995051186       -2.63012049839911
H           -3.01956317269195       -3.61508302578024       -4.03816497326571
H           -5.33513897121137       -4.11966025919219       -3.35463832487262
H           -6.23220896100981       -3.18194064402769       -1.25546063386501
H           -4.82104180140730       -1.75455667566771        0.16212398815489
C           -0.21384329260918        1.49996537215553       -1.10663774172777
O           -0.40088001369157        2.56840429660940       -1.54540655549617
C           -0.14319188380941        0.65127267192576        1.08298559608716
O           -0.39660327339162        1.30877935200186        2.01448390114194
O            1.08191232160227       -2.67618460990013       -3.83415208036360
C            0.47398882905853       -2.31211027601382       -4.80951544179519
C            0.85847383103072       -1.23431938426415       -5.72289442807361
C            1.82037626396851       -0.29601079823045       -5.34382500434913
C            2.19946325568477        0.70067073671305       -6.22231621740290
C            1.63406597203622        0.76173088912244       -7.48691342373831
C            0.67426624271700       -0.16499493084814       -7.87026963319509
C            0.27681989715939       -1.15200818941781       -6.98964835900430
H            0.11086348534220       -2.64697456699011       -0.88062832531014
H            0.10507132386064       -0.58569310654892       -1.95320825612374
H           -0.47519236515452       -2.81645904938876       -5.09839548586213
H            2.24123253663698       -0.35286564992907       -4.35178746648323
H            2.93714972070993        1.42866120433536       -5.91840136274663
H            1.93713966578317        1.53551599933025       -8.17732159394407
H            0.23566017968314       -0.11203748783121       -8.85620127313124
H           -0.47058115897469       -1.87571425399458       -7.28296630897166
80
 energy: -120.625867724376 gnorm: 0.007413232167 xtb: 6.7.1 (edcfbbe)
Mn           0.04794327711575       -0.12406046126057       -0.47214115171207
N            0.35154252619575       -2.36669220250466        0.07051676356904
C            1.73226956318919       -2.81030750910636        0.28116434258968
C            2.64339654000929       -2.08352151373675       -0.69781661739623
P            2.28618021249990       -0.27270101250327       -0.48617640418031
C            3.34494643960736        0.00681896261936        0.99069361329129
C            2.77230548578850       -0.10282680224144        2.25328079203101
C            3.54983391875294       -0.00841864080345        3.39371893324573
C            4.91482813051268        0.19814987557187        3.28192473938262
C            5.49429779840081        0.31390228000615        2.02832900524358
C            4.71803099853552        0.21743168611565        0.88700799387401
C            3.29941472839950        0.51951508857668       -1.77449511486939
C            3.12256492970138        1.89572143918202       -1.91177118301807
C            3.83242385916613        2.60237524636446       -2.86392056075793
C            4.72364811808850        1.93827481382585       -3.69356408465589
C            4.89919593138967        0.57008416969426       -3.56743167003719
C            4.19187669189774       -0.14205679029498       -2.61193774069133
C           -0.60500614121034       -3.01194398549313        0.98230447451309
C           -1.77180562349081       -2.07666033554786        1.31877439010743
P           -2.02012672733960       -0.86221380668829       -0.06555755053881
C           -3.24150767547387        0.29005912855959        0.64337819822107
C           -3.89909077020983        0.12716404947981        1.85910283750237
C           -4.77766018258241        1.09964859803282        2.30543883704371
C           -5.00749754313748        2.23716043313133        1.54936599988357
C           -4.36090015716149        2.40249205983115        0.33358969129534
C           -3.48414756452196        1.43392158903180       -0.11636541698533
C           -3.11303149158528       -1.88207123857994       -1.13806311040427
C           -2.61805382459932       -2.39914934530566       -2.32877581836169
C           -3.41197620719336       -3.21542035294211       -3.11686412421261
C           -4.70720353121564       -3.51095340903340       -2.72588161987915
C           -5.20932676292414       -2.98908094904518       -1.54352368460019
C           -4.41721021618008       -2.18032749139982       -0.74999575990704
H            1.81487660515259       -3.89976844392288        0.15094938919118
H            2.02540204934016       -2.56187800658116        1.30950483449800
H            2.38104745963069       -2.34951734322678       -1.72757745672718
H            3.69485234789799       -2.30851997407656       -0.49947365291438
H            1.70402018291834       -0.25300940602560        2.33963055943538
H            3.08990540203607       -0.09462858369747        4.36834399395748
H            5.52566270344871        0.27145965294254        4.17028795637483
H            6.55942310503775        0.47707158110934        1.93937163937108
H            5.17882711754566        0.30939414674612       -0.08667575344492
H            2.40991858145599        2.39468342409195       -1.26375798102181
H            3.68726808584239        3.66854063455722       -2.96469385468187
H            5.27997157328567        2.48716612478883       -4.44009706058093
H            5.58769114016503        0.05077676398251       -4.21897906832151
H            4.33778812944599       -1.20936266306529       -2.53211983671909
H           -0.98933850525964       -3.93945833577678        0.53677887636876
H           -0.08050902806086       -3.27739921230649        1.90690618275414
H           -2.68725558863627       -2.64346649390534        1.51236967958414
H           -1.52728221153632       -1.47404831175412        2.20106601643780
H           -3.73381860426229       -0.74932316901143        2.47005945982440
H           -5.28169903095036        0.96780905352607        3.25330962675306
H           -5.68568020025550        2.99674858750714        1.91014653491267
H           -4.53330789514123        3.29093014524582       -0.25732309499449
H           -2.95744495174918        1.55364953655366       -1.05802312483775
H           -1.61321502352755       -2.14269921053765       -2.64043787265575
H           -3.02184789744162       -3.61996657173699       -4.04022351308258
H           -5.32953704281719       -4.14250421673381       -3.34339135604613
H           -6.22267414040495       -3.21127966756713       -1.23962183451753
H           -4.81375994167587       -1.77056304473574        0.16925261684246
C           -0.21754712158879        1.50804184021132       -1.06656913619875
O           -0.40538589091018        2.59433913917895       -1.45839599422233
C           -0.15255110582670        0.62934142994981        1.09570036055177
O           -0.40502515233876        1.28763965794058        2.02385415869464
O            1.08887441436711       -2.72468676337480       -3.84916067140970
C            0.47775376786888       -2.34668186316657       -4.81981297263790
C            0.86267856393538       -1.25938393547839       -5.72028106053837
C            1.82235433064003       -0.32480804399682       -5.32706022068313
C            2.19706562734488        0.68811573376127       -6.18919000715498
C            1.63019458868692        0.76836143243725       -7.45246221164024
C            0.67496376098834       -0.15682464170448       -7.85105707045959
C            0.28166500555460       -1.16026665179690       -6.98656687904831
H            0.10375654177113       -2.64445121965243       -0.88444775129175
H            0.11258359513018       -0.56971118963926       -1.96013118327026
H           -0.46465078654233       -2.85471500760923       -5.11623414241085
H            2.24361493513014       -0.39668669566538       -4.33602548169481
H            2.93149679249765        1.41421653446299       -5.87315870320602
H            1.92805988473682        1.55644710608011       -8.12965366987143
H            0.23604269748442       -0.08892757968881       -8.83626081189438
H           -0.46296294051569       -1.88246562164623       -7.29127129882796
80
 energy: -120.626296796432 gnorm: 0.008958775356 xtb: 6.7.1 (edcfbbe)
Mn           0.04596478199536       -0.12831136742376       -0.47406197366513
N            0.34692170198392       -2.36059198608703        0.06151439415090
C            1.72821187229887       -2.80996901593103        0.26505046096226
C            2.64020159167329       -2.07843536292680       -0.71007772323524
P            2.28514372289480       -0.26810594207650       -0.49026341490938
C            3.34619884167676        0.01510338695896        0.98488688751433
C            2.77626735401532       -0.10420850616688        2.24755845652700
C            3.55201816831792        0.00292091664167        3.38778919578602
C            4.91344448322263        0.23295698163369        3.27635539683682
C            5.49011625401810        0.35934956265539        2.02250865211926
C            4.71540694636454        0.24970185057449        0.88141497868221
C            3.29833642745959        0.52347399902433       -1.78034706089662
C            3.13271521720932        1.90119663324133       -1.91635433276920
C            3.84856760258161        2.60284612135387       -2.86759215934507
C            4.73243027637314        1.93269865254730       -3.70005039362981
C            4.89666450054649        0.56336754446850       -3.57574290352156
C            4.18536206900288       -0.14353264417257       -2.61928074075473
C           -0.60455458141615       -3.00757317160325        0.98078915151877
C           -1.77915744688375       -2.08022304710563        1.31306569874017
P           -2.02225196982025       -0.86197774854414       -0.06885822134461
C           -3.24381723824769        0.29495473225574        0.62992973197170
C           -3.89053267535731        0.15110257589571        1.85371190238731
C           -4.76774379336880        1.12988269470920        2.28966577812202
C           -5.00665989593121        2.25335383009785        1.51540285387045
C           -4.37116642193804        2.39881269757208        0.29137132461930
C           -3.49570333906453        1.42443182088675       -0.14855126642161
C           -3.11357396829711       -1.88399301960298       -1.14069817276562
C           -2.62020076660210       -2.39574433076600       -2.33428614252219
C           -3.40897605300839       -3.22194853522744       -3.11702484402989
C           -4.69790273811361       -3.53280215943560       -2.71706740678125
C           -5.19924598990963       -3.01575022088356       -1.53216653745194
C           -4.41212584270863       -2.19688909183705       -0.74416260333384
H            1.80764595909322       -3.89908272317077        0.12698563791817
H            2.02423778807009       -2.56971484873620        1.29490886111538
H            2.37809426847145       -2.34153311166921       -1.74109346924421
H            3.69119029427842       -2.30648208711457       -0.51243553713357
H            1.71011214309726       -0.27086468209599        2.33424871958383
H            3.09352027818948       -0.09030119660685        4.36223809068947
H            5.52307310165015        0.31735382392404        4.16456538955407
H            6.55215446374379        0.54233260335646        1.93376772299705
H            5.17482104349864        0.35066223689951       -0.09193661138318
H            2.42471751642305        2.40586676191007       -1.26830428631652
H            3.71373214420905        3.67037340949433       -2.96726365191705
H            5.29084973122718        2.47776232898669       -4.44782613575711
H            5.57782183865015        0.03842732398631       -4.22970890669590
H            4.32435525910696       -1.21125377936358       -2.53914260026828
H           -0.97985384007780       -3.94160983611433        0.54206622013329
H           -0.07418550816533       -3.26052342273169        1.90576765230241
H           -2.69222622855154       -2.65413147570391        1.49695077302006
H           -1.54531363293840       -1.48175663780803        2.20066779974916
H           -3.71829186206995       -0.71453250659816        2.47821860795841
H           -5.26337117087154        1.01477606714983        3.24401873065733
H           -5.68352646115112        3.01784854921330        1.86843943713581
H           -4.55061867519484        3.27662105285685       -0.31326680026118
H           -2.97680667396079        1.52799165675888       -1.09627055913005
H           -1.62008103054924       -2.12716438529947       -2.65096786045999
H           -3.01929364806442       -3.62349700406538       -4.04176454206284
H           -5.31613082828327       -4.17364996228560       -3.32955093815502
H           -6.20766963692441       -3.25162603991612       -1.22202357088184
H           -4.80620195258339       -1.79055456525794        0.17777202676249
C           -0.22043022401205        1.52120441379729       -1.02275124649713
O           -0.41685708100887        2.62899927141463       -1.35102391719921
C           -0.15490376413721        0.60457343448311        1.10468940307622
O           -0.41254689794437        1.25203181644200        2.04047985361480
O            1.09058917763836       -2.77428962683108       -3.85440383905158
C            0.48187975575530       -2.38833848938958       -4.82533523020480
C            0.86566407642604       -1.28840442282647       -5.70862685305300
C            1.82245377290779       -0.35830515925708       -5.29996735028433
C            2.19247196335653        0.67098546534218       -6.14323502106649
C            1.62387688793153        0.77193645139644       -7.40402063118707
C            0.67254945042257       -0.14952568538270       -7.81886527684774
C            0.28383058101695       -1.16956242163823       -6.97302021411289
H            0.09425955147126       -2.64123469321712       -0.89136300012187
H            0.09918247773432       -0.55215890321546       -1.96739876235437
H           -0.45247607115550       -2.90106425342836       -5.13291869080621
H            2.24434446989916       -0.44635329306530       -4.31105556070819
H            2.92336347291445        1.39444583019764       -5.81461577120221
H            1.91701880112138        1.57351583141513       -8.06623051327305
H            0.23290113479070       -0.06479610866541       -8.80219606810536
H           -0.45786464609810       -1.88945062776352       -7.28992431883318
80
 energy: -120.626716592795 gnorm: 0.006739825744 xtb: 6.7.1 (edcfbbe)
Mn           0.04219749683348       -0.12833243936164       -0.47389999074959
N            0.34385884151825       -2.36195553408220        0.05175424497040
C            1.72465251306171       -2.81826519952349        0.24534927876204
C            2.63709839708713       -2.07812347659971       -0.72444721548791
P            2.28193128782659       -0.26888281120626       -0.49745905284353
C            3.34686117809681        0.01740244922237        0.97627630138544
C            2.78184843289399       -0.11077628717307        2.24005015696815
C            3.55710810493116        0.01286286960738        3.37893399476861
C            4.91395790984513        0.26782425145393        3.26582604189583
C            5.48563305013585        0.40160873164586        2.01049703612704
C            4.71117420070345        0.27631007887143        0.87091715917332
C            3.29603858922238        0.52564628762323       -1.78664466104386
C            3.13684767526293        1.90389089755110       -1.92046863989807
C            3.85890374454234        2.60439122840662       -2.86754059273019
C            4.74101093521168        1.93269049629331       -3.70027069347285
C            4.89853724482886        0.56284545873957       -3.57871610203328
C            4.18328551362960       -0.14243548886059       -2.62428784292307
C           -0.60553344575656       -3.00909590990537        0.97586161421696
C           -1.78342490350914       -2.08485032348355        1.30709119863628
P           -2.02363072828874       -0.86081852052279       -0.07151939896117
C           -3.24423069706656        0.30036183074789        0.61907971143651
C           -3.88152150243081        0.17587707990978        1.84938875800991
C           -4.76042562892463        1.15950670140940        2.27218093521199
C           -5.00937428047620        2.26726386147115        1.47889428133777
C           -4.38194239951474        2.39336127526660        0.24899909605958
C           -3.50506826423522        1.41458646212628       -0.17830169117160
C           -3.11491096358476       -1.88284006984283       -1.14338621160561
C           -2.62163384145161       -2.38803497604667       -2.33972224810719
C           -3.40236356214774       -3.22454167060370       -3.11890940948800
C           -4.68490963864860       -3.55230304716045       -2.71183193869002
C           -5.18770801733326       -3.03965921228122       -1.52553795830079
C           -4.40807617758846       -2.21039956611182       -0.74115409579025
H            1.80172287864596       -3.90660585742290        0.09390424106677
H            2.02533272822816       -2.59193279026088        1.27749526704297
H            2.37845836510727       -2.33886629748895       -1.75726928191387
H            3.68810993655251       -2.30618713237494       -0.52523284836216
H            1.71874839612139       -0.29589367285753        2.32990424138427
H            3.10173170628892       -0.08499419575649        4.35426728633882
H            5.52320257826634        0.36645487416549        4.15284490688327
H            6.54377423648812        0.60451793559238        1.92012481121571
H            5.16836740667285        0.38422437028881       -0.10253125457212
H            2.42968136736142        2.41098451767974       -1.27403984583682
H            3.73127033988030        3.67273892160645       -2.96467044860731
H            5.30199488924482        2.47701652781241       -4.44652735498435
H            5.57688432646798        0.03567286773756       -4.23302168564560
H            4.31868074226460       -1.21027654986067       -2.54437209690619
H           -0.97569718595850       -3.94625100227204        0.54068478962085
H           -0.07110942626331       -3.25545689149549        1.90021776893457
H           -2.69512536531308       -2.66270591634732        1.48398845815645
H           -1.55517255928044       -1.49219841729879        2.19959086647276
H           -3.70082337485949       -0.67727213326168        2.48842541945873
H           -5.24953379403056        1.06120059350802        3.23134188800380
H           -5.68825961749614        3.03490696580718        1.82150643323554
H           -4.56854146000125        3.25975489951455       -0.36967605223660
H           -2.99247645246158        1.50254469756454       -1.13062873330465
H           -1.62615112442417       -2.10526228155585       -2.65908201526625
H           -3.01080460953194       -3.62207254207688       -4.04450658558334
H           -5.29709519659552       -4.20325672058918       -3.32002227249842
H           -6.19153197746745       -3.28957233086275       -1.21182321567174
H           -4.80270259710015       -1.80775261221889        0.18230267501844
C           -0.22866375927912        1.53426797989427       -0.98759498510832
O           -0.42465814162058        2.65303147247853       -1.26623552506572
C           -0.15345856523731        0.59045762086023        1.11308926150658
O           -0.40296739668628        1.23241817128020        2.05353914527810
O            1.07771160052394       -2.79962059434872       -3.83747877879342
C            0.48010829675945       -2.42017574521450       -4.81770291939442
C            0.86430819612598       -1.31208774366967       -5.68714106917648
C            1.81840631182384       -0.38489266392621       -5.26730715545375
C            2.18535091173614        0.65571117080456       -6.09654235082676
C            1.61597317043812        0.77128178093567       -7.35538676378773
C            0.66608408779992       -0.14609224674342       -7.78140407963442
C            0.28142738112107       -1.17852148222978       -6.94973403160751
H            0.08601163222501       -2.63930835698689       -0.90029688410231
H            0.09891580900223       -0.53756415508527       -1.96253779828884
H           -0.43720777036608       -2.94796703306053       -5.14216287813036
H            2.24070622136413       -0.48397082507922       -4.28016447288060
H            2.91423341410831        1.37683944855902       -5.75986654098665
H            1.90731523873120        1.58140586281244       -8.00662882848055
H            0.22455283064205       -0.04770310711908       -8.76230568506764
H           -0.46085503037549       -1.89404057848077       -7.27462892898914
80
 energy: -120.627102118805 gnorm: 0.008430687017 xtb: 6.7.1 (edcfbbe)
Mn           0.04171231407802       -0.12183519932118       -0.47162375973089
N            0.34071047928351       -2.36687381257967        0.04062257720025
C            1.72058668187455       -2.82631485166296        0.22630495270975
C            2.63401668312566       -2.07858186213951       -0.73751920449372
P            2.27937135389934       -0.27017698334426       -0.50614985240196
C            3.34745766859942        0.01925260916684        0.96585110430065
C            2.78795699888516       -0.12034203886906        2.23116351925406
C            3.56287353029211        0.02205261015037        3.36832406618773
C            4.91415458562358        0.30601985721867        3.25218900050778
C            5.48040293624020        0.44774463775080        1.99516246117699
C            4.70612066212002        0.30484175772630        0.85729861667165
C            3.29490590799002        0.52635459038328       -1.79382933615608
C            3.13964211268354        1.90493706112088       -1.92436744930915
C            3.86784767296715        2.60630033608981       -2.86624274088253
C            4.75104661519037        1.93468000308527       -3.69815305464542
C            4.90313138148319        0.56371178034892       -3.58098712192761
C            4.18360012982841       -0.14179646555992       -2.63026552258274
C           -0.60599375929649       -3.01058283401942        0.97008181669719
C           -1.78552552879895       -2.08703789009703        1.30053417150029
P           -2.02277166161501       -0.85955931709358       -0.07692124932589
C           -3.24476468479033        0.30436561477105        0.60504312298514
C           -3.87165311788443        0.20180956418345        1.84263100408493
C           -4.75188997050205        1.19036824231192        2.25205043127424
C           -5.01210589984241        2.28051596541310        1.43803434294191
C           -4.39431666163981        2.38476625785778        0.20060119746870
C           -3.51611268581560        1.40146838049695       -0.21312137949586
C           -3.11343025671314       -1.88280200908428       -1.14872423182031
C           -2.62137738927657       -2.38084396428662       -2.34855588977811
C           -3.39502050419413       -3.22793433421220       -3.12317429210552
C           -4.67028435546823       -3.57369497666197       -2.70739506920697
C           -5.17342671952502       -3.06523834328146       -1.51928740861070
C           -4.40065263846978       -2.22499307979112       -0.73973765590302
H            1.79666882719567       -3.91314135164626        0.06180283159464
H            2.02480590602953       -2.61309068030613        1.26015551267375
H            2.37882769883427       -2.33629392646372       -1.77189023743842
H            3.68523472349953       -2.30538369538986       -0.53610355326666
H            1.72903499367857       -0.32773746389443        2.32493785160604
H            3.11135318613384       -0.08270215847672        4.34510127932473
H            5.52286523740268        0.42086081780472        4.13769128773259
H            6.53400288358241        0.67247224781466        1.90209671176017
H            5.16043306971947        0.42084156726014       -0.11660406674105
H            2.43119535589036        2.41258286040927       -1.27970465278346
H            3.74540489365891        3.67546558508171       -2.95937317319689
H            5.31634032354893        2.47987517516388       -4.44046059563874
H            5.58180925200169        0.03596366636137       -4.23454212111281
H            4.31660077163694       -1.21020103374124       -2.55201280705405
H           -0.97399875053986       -3.95168554038034        0.54128848628609
H           -0.06821017499178       -3.25044721638597        1.89421630856387
H           -2.69774851067785       -2.66476681443598        1.47332584345525
H           -1.55953394309059       -1.49780193905657        2.19566577277541
H           -3.68063752364382       -0.63700289293583        2.49782522131116
H           -5.23339327827141        1.11008530506450        3.21694590611374
H           -5.69290249847270        3.05148295383201        1.76979601761289
H           -4.58956220497007        3.23783858403479       -0.43428012088086
H           -3.01103196391997        1.47248394277991       -1.17124552540449
H           -1.63084527070418       -2.08457301020446       -2.67199762126449
H           -3.00305951797364       -3.62018384105224       -4.05094461041170
H           -5.27652843808185       -4.23515600172251       -3.31013003655568
H           -6.17237522275894       -3.32843468984130       -1.20070619742419
H           -4.79627669500838       -1.82638097410422        0.18534209516660
C           -0.23084438007226        1.54924283862799       -0.94979371279135
O           -0.42966501725929        2.68243772556952       -1.17280317244083
C           -0.14644620276176        0.58653914186209        1.12016156589900
O           -0.39605363594036        1.21393477291095        2.07237858117416
O            1.06066968932905       -2.83237666355810       -3.81540830602894
C            0.47788816953965       -2.46049824850800       -4.80802785894973
C            0.85851368988936       -1.33815917616672       -5.66172171392166
C            1.81023567010652       -0.41397007883713       -5.22873488180860
C            2.17473887002562        0.64035562572982       -6.04281882990704
C            1.60476347118395        0.77327772706829       -7.30045393539960
C            0.65643876479531       -0.14054283824537       -7.73951514179071
C            0.27535649563571       -1.18744636444800       -6.92304363290791
H            0.07633069960382       -2.64072274027497       -0.91086145608855
H            0.09233292754922       -0.52343713609029       -1.95379369666867
H           -0.42556276255963       -3.00048653762009       -5.15367251625567
H            2.23387561944917       -0.52678629399678       -4.24293380175945
H            2.90231369344085        1.35868737236734       -5.69637206585691
H            1.89429094048108        1.59500157630994       -7.93950372492024
H            0.21397599061994       -0.02824188471610       -8.71862012234969
H           -0.46541704278127       -1.90031536908268       -7.25878839250717
80
 energy: -120.627382292677 gnorm: 0.013105452546 xtb: 6.7.1 (edcfbbe)
Mn           0.04341411250178       -0.11481415185397       -0.47689217232796
N            0.33861919247550       -2.37721446123844        0.03217577302094
C            1.71637102797082       -2.84057983439909        0.20779762504741
C            2.63024010988026       -2.08359740661237       -0.74910057113123
P            2.27789018077909       -0.27550704575122       -0.51259761863751
C            3.35030128534574        0.01464868010509        0.95583606526896
C            2.79793723170649       -0.13455670419684        2.22321352116301
C            3.57395342602999        0.02593251720421        3.35713181380457
C            4.91860936776016        0.33504882944344        3.23511333197245
C            5.47823778056062        0.48004442129417        1.97565201839862
C            4.70271152051549        0.32050450993435        0.84099016006035
C            3.29250416687202        0.52385473783567       -1.79953410038070
C            3.13181474170700        1.90158767888361       -1.92600717328874
C            3.86550189274528        2.61014168893533       -2.85869267169535
C            4.75946234845648        1.94575001555993       -3.68518655786497
C            4.91510687922348        0.57445702724865       -3.57323115212139
C            4.19072224434458       -0.13772598842989       -2.63152011264127
C           -0.60861565782703       -3.01768973516497        0.96008546354254
C           -1.78280525129743       -2.08819246813348        1.29583282056737
P           -2.01817702822136       -0.85726041407100       -0.08053608081795
C           -3.24291750183723        0.30665800545834        0.59588108707055
C           -3.86330550347242        0.22253746807975        1.83692341385015
C           -4.74836762403307        1.21247907210248        2.23248564583924
C           -5.01947014147589        2.28568519107338        1.40095538781400
C           -4.40567651957635        2.37308556110355        0.16083051937364
C           -3.52298548411751        1.38849499751389       -0.23865586246143
C           -3.10800549853260       -1.88006654085863       -1.15410697620627
C           -2.61566939161186       -2.37038203776543       -2.35705196827659
C           -3.38242897706892       -3.22402323271625       -3.13064383636436
C           -4.65164183002584       -3.58435202663082       -2.71049745886715
C           -5.15680882355515       -3.07974799426992       -1.52151765857003
C           -4.39098161841431       -2.23229684291174       -0.74326068779067
H            1.79088260148959       -3.92501177772469        0.02624882450467
H            2.02470294293865       -2.64422928638602        1.24308398561237
H            2.37826261140999       -2.33657734413927       -1.78505301382194
H            3.68173080297986       -2.30867888113591       -0.54565661697262
H            1.74430143109232       -0.36299963962463        2.32241113100248
H            3.12797141795303       -0.08373653220014        4.33625636460325
H            5.52729701059628        0.46730895652597        4.11806881293018
H            6.52674681261277        0.72212936995953        1.87726182386416
H            5.15232782173287        0.44066172838070       -0.13441326342596
H            2.41533532233870        2.40344157039541       -1.28516713544670
H            3.73996035244487        3.67901047175582       -2.94726281706691
H            5.33001240472125        2.49668015434277       -4.41927512744663
H            5.60275569516249        0.05228000598984       -4.22259399895985
H            4.32843751062827       -1.20611684628444       -2.55566717656839
H           -0.98314423383850       -3.95589435779766        0.53091886279513
H           -0.07185548510463       -3.26337363940003        1.88234877130731
H           -2.69844375103330       -2.65928954758786        1.47076761131870
H           -1.54952656541274       -1.50154352679078        2.19062640673935
H           -3.66200286159620       -0.60258744780750        2.50552745384039
H           -5.22567724396342        1.14650761123107        3.19997775913371
H           -5.70533516607035        3.05707786290371        1.72118839054139
H           -4.60870179630722        3.21358082043436       -0.48756477150204
H           -3.02082796950758        1.44677825212508       -1.19871290683937
H           -1.62901509304995       -2.06370044249520       -2.68192022490821
H           -2.98914128989759       -3.61010131320268       -4.06056440087999
H           -5.25129112093889       -4.25400694843468       -3.30984516656862
H           -6.15221915134409       -3.35237674960546       -1.20116681526355
H           -4.79057413435698       -1.83733896679707        0.18192531410874
C           -0.23413417243836        1.55809120847705       -0.93860277526170
O           -0.42860561387405        2.68963233791670       -1.13362091702086
C           -0.13023562185030        0.59188986285252        1.11632096958147
O           -0.36471367559271        1.21106150857125        2.07714250182301
O            1.02419429818567       -2.82623200457496       -3.76100937887602
C            0.46638634128530       -2.47880340864305       -4.77831855624103
C            0.84250710351993       -1.34874477787076       -5.62435925322829
C            1.79306202759899       -0.42521506404240       -5.18749698114443
C            2.15975360605222        0.62926040225862       -5.99799580283316
C            1.59039591328087        0.76621789625430       -7.25466716827700
C            0.64014092209301       -0.14403631767908       -7.69612448945729
C            0.25960104037626       -1.19291430819352       -6.88427910702498
H            0.06785498757162       -2.63984765441587       -0.92052363130351
H            0.08680198462976       -0.51542373879437       -1.94546957320857
H           -0.41377021209359       -3.04383319520040       -5.15294540378964
H            2.21752734008146       -0.54120719383892       -4.20265074360848
H            2.88918535701516        1.34482890883214       -5.65032358200260
H            1.88268291150960        1.58840052654420       -7.89063670804870
H            0.19668886734663       -0.02805803215956       -8.67340375665831
H           -0.48141227787262       -1.90381979915044       -7.22294954929748
80
 energy: -120.627622614228 gnorm: 0.009268677085 xtb: 6.7.1 (edcfbbe)
Mn           0.04578559706399       -0.11327064674858       -0.47712399651828
N            0.33585822801678       -2.37853890164242        0.02446703721208
C            1.71277637563804       -2.84409748391590        0.19603995524563
C            2.62755806897677       -2.08479044925699       -0.75722369556539
P            2.27873376186880       -0.27592922422610       -0.52018173880757
C            3.35086011395789        0.01909530187662        0.94637631911198
C            2.80351640062069       -0.14262335765821        2.21506398093256
C            3.57910047677385        0.03099257291637        3.34738501185507
C            4.91793919750438        0.36629308960985        3.22236887417492
C            5.47360984994308        0.52042657053247        1.96223703025042
C            4.69857150642143        0.34764841872008        0.82890781254768
C            3.29386179690831        0.52287468059270       -1.80622416870103
C            3.13206642043192        1.90075817767734       -1.93019620829691
C            3.87061315878523        2.61237727505213       -2.85723983020688
C            4.76957500267987        1.95039657678089       -3.68037117692229
C            4.92410952252205        0.57821001861232       -3.57246574414823
C            4.19534360476497       -0.13671790191230       -2.63629250043268
C           -0.60896693275772       -3.01506807587356        0.95486538276866
C           -1.78251169959715       -2.08418734318153        1.29114301905362
P           -2.01595333873559       -0.85707214685538       -0.08869501149729
C           -3.24351346859955        0.30850997276701        0.57993841057391
C           -3.85386037245337        0.24350934600374        1.82763573869144
C           -4.73993153364358        1.23665445825403        2.21265925677202
C           -5.02207113028789        2.29399445673113        1.36345392813818
C           -4.41773852121881        2.36275293761916        0.11648148649007
C           -3.53412386473451        1.37501599339117       -0.27205683867032
C           -3.10149713813582       -1.88411528952401       -1.16183209920934
C           -2.61122851895168       -2.36796247701974       -2.36810116018407
C           -3.37574840427390       -3.22753473050230       -3.13773600840603
C           -4.63866605229397       -3.60098113245048       -2.70962157132007
C           -5.14222222318418       -3.10115754503494       -1.51780655204776
C           -4.37942558424402       -2.24681670803795       -0.74404820937508
H            1.78454439205867       -3.92688976419597        0.00733167674724
H            2.02222395383491       -2.65456969206914        1.23147500229701
H            2.37379506259623       -2.33259723263024       -1.79366169177981
H            3.67872751623544       -2.31134297131870       -0.55471244076936
H            1.75446357946093       -0.39050137241486        2.31642100703509
H            3.13688117154823       -0.08775673607422        4.32746033509709
H            5.52536663480644        0.51161396893291        4.10425045911640
H            6.51798208863852        0.78076909372942        1.86109035900604
H            5.14465052336691        0.47533781296896       -0.14727284087598
H            2.41187296993149        2.40011714979887       -1.29102979361048
H            3.74543157325255        3.68179531363042       -2.94242388923440
H            5.34555010188365        2.50374542598553       -4.40852844462683
H            5.61566306585456        0.05804061594509       -4.22001399641715
H            4.33301539126952       -1.20571815102990       -2.56339021437448
H           -0.98610934593390       -3.95465366382196        0.53005692770952
H           -0.07196613319547       -3.25939336965142        1.87722960533711
H           -2.70028458554934       -2.65175269606814        1.46757874094315
H           -1.54728967981254       -1.49579866079672        2.18453098096445
H           -3.64318315530538       -0.56924897549044        2.50932500955659
H           -5.20952974262415        1.18556597094905        3.18562543696709
H           -5.70842108748398        3.06819957371093        1.67558157125864
H           -4.62937423776819        3.19082691182198       -0.54583590859137
H           -3.03797098109383        1.41862595389767       -1.23698494062901
H           -1.62891480529394       -2.05299739702346       -2.69852596120271
H           -2.98504698481214       -3.60827291747903       -4.07099554874917
H           -5.23485813618045       -4.27720884337870       -3.30457793717772
H           -6.13343491490975       -3.38255180756096       -1.19118097343012
H           -4.77803525596946       -1.85507125662497        0.18314392644343
C           -0.23546823311612        1.57613202653200       -0.89644222447870
O           -0.43038122988072        2.72362469291723       -1.04033307111548
C           -0.12545542848395        0.58077867262944        1.12065104147429
O           -0.34970953935421        1.19683847238713        2.08372506040676
O            0.99888775499894       -2.84891953954059       -3.73522246918511
C            0.46046694402496       -2.51368120924242       -4.76593988626887
C            0.83283693420099       -1.37316382092205       -5.60076259823565
C            1.77871065136586       -0.44955914189018       -5.15113412244569
C            2.14439236561391        0.61548920377691       -5.94970216278622
C            1.57568103767345        0.76574224402107       -7.20534203572854
C            0.62864745692062       -0.14294010965494       -7.65859329113351
C            0.25174185215665       -1.20453638669377       -6.85982919462510
H            0.05960700983109       -2.63952000445569       -0.92757272634356
H            0.09682692320464       -0.50553361380804       -1.94880785420972
H           -0.40228686413740       -3.09530160810883       -5.16272295032786
H            2.20111682511546       -0.57463453466151       -4.16641272140839
H            2.87253166790472        1.32862585756979       -5.59281709790152
H            1.86730168141710        1.59593086000837       -7.83199548709142
H            0.18533297833730       -0.01632507048024       -8.63513998386972
H           -0.48652940605609       -1.91396147687245       -7.20767325714898
80
 energy: -120.627822374396 gnorm: 0.006364896656 xtb: 6.7.1 (edcfbbe)
Mn           0.04840256865242       -0.10992770603053       -0.47741419014432
N            0.33526095178119       -2.37738435919201        0.02048157410816
C            1.71149312098559       -2.84426667700141        0.19361261174850
C            2.62773043289351       -2.08708724751847       -0.75904030615504
P            2.28078202796425       -0.27765693525926       -0.52250206934610
C            3.35277142507604        0.01988336968708        0.94244779807447
C            2.80796216912502       -0.14709672196967        2.21153431164965
C            3.58332375813203        0.02946707385108        3.34304334506573
C            4.91902010737352        0.37476010402436        3.21689548113543
C            5.47322995294436        0.53376665585921        1.95687174305232
C            4.69849204592517        0.35715671842005        0.82416077943726
C            3.29573303949950        0.52022461340311       -1.80825253224640
C            3.12822110437692        1.89781940631223       -1.93184221859077
C            3.86774291961557        2.61393254149509       -2.85461518751601
C            4.77398480348886        1.95643717212403       -3.67322367888787
C            4.93355408192138        0.58456165071518       -3.56658106708781
C            4.20278398968056       -0.13513877022872       -2.63546283880286
C           -0.60924349244031       -3.01247459676096        0.95078458851680
C           -1.77892185045610       -2.07746929041285        1.28949357671406
P           -2.01244197628743       -0.85544256107823       -0.09331793644267
C           -3.24355795048869        0.30887152630738        0.57091434411331
C           -3.85000705521686        0.24953405845126        1.82050349495503
C           -4.73759056726499        1.24218046701988        2.20228743886475
C           -5.02468090625661        2.29354865043507        1.34815342454418
C           -4.42426538328304        2.35666494140129        0.09895214015614
C           -3.53923322482485        1.36940328967595       -0.28631393571549
C           -3.09325881582835       -1.88685639376533       -1.16679106333932
C           -2.60479661135946       -2.36852874681299       -2.37450774766356
C           -3.37120396462972       -3.22726124093521       -3.14359861598761
C           -4.63232987552679       -3.60321994116820       -2.71325202876666
C           -5.13382958114501       -3.10632877924762       -1.51935571568144
C           -4.36989373999257       -2.25204429028260       -0.74668510981502
H            1.78271829784453       -3.92699174200448        0.00695785829221
H            2.01909414860800       -2.65312318620683        1.22889156395803
H            2.37197969384595       -2.33272184611750       -1.79529858089837
H            3.67836049386812       -2.31589922921129       -0.55764005770623
H            1.76127452895151       -0.40201755341213        2.31293801470466
H            3.14318407524021       -0.09373820532735        4.32324279711018
H            5.52542699954751        0.52366179471914        4.09841634761754
H            6.51573719262490        0.80073953008302        1.85434093735622
H            5.14256727532690        0.48808995280058       -0.15248211347489
H            2.40267252631296        2.39247318183127       -1.29482987871299
H            3.73690984326593        3.68288606555129       -2.93925248396919
H            5.35237772727424        2.51279826303241       -4.39716397255961
H            5.63139315941192        0.06903199400771       -4.21139634676847
H            4.34438440288503       -1.20376192563632       -2.56387479707152
H           -0.99204712171099       -3.95077245905244        0.52609732035936
H           -0.07235692990612       -3.25991475355875        1.87330953683496
H           -2.69776881224528       -2.64159504477278        1.47291136375093
H           -1.53774534656232       -1.48546078953907        2.17924706154972
H           -3.63551602912576       -0.55877465929583        2.50563871846710
H           -5.20397511963126        1.19520517533501        3.17692343431659
H           -5.71138345515252        3.06785920722750        1.65822339453987
H           -4.63963805764013        3.17999581557012       -0.56712166314130
H           -3.04459843434871        1.40865258025251       -1.25236112365962
H           -1.62388890756467       -2.05339194971729       -2.70800632528923
H           -2.98315596338101       -3.60591877964896       -4.07871721219112
H           -5.22873759506424       -4.27941416193530       -3.30770382193806
H           -6.12372904582687       -3.38887974363325       -1.18962296674436
H           -4.76722124784643       -1.86143142192495        0.18146444931269
C           -0.22957845984704        1.57950529370762       -0.88780818440845
O           -0.42362541412905        2.72734576590801       -1.02163248745499
C           -0.12031792148233        0.58046804910719        1.12183304341357
O           -0.34283664573365        1.19157021683093        2.09006911838338
O            0.97616781157993       -2.84776391776347       -3.71239335962120
C            0.45043132585845       -2.52239671371509       -4.75255418941339
C            0.82251642145932       -1.38266671999322       -5.58722556244974
C            1.76612473993199       -0.45793361070470       -5.13384925351899
C            2.13213694783855        0.60984658724785       -5.93041588319019
C            1.56432261121225        0.76296903400735       -7.18661240302357
C            0.61911049859011       -0.14642524132203       -7.64282836203793
C            0.24369106473643       -1.21229491318438       -6.84716372634679
H            0.05850084540146       -2.63705482044389       -0.93196828817116
H            0.09714860420932       -0.49820560961811       -1.95667852009447
H           -0.39645475657153       -3.11841855163499       -5.16128019060024
H            2.18587374959321       -0.58318182925694       -4.14799017073645
H            2.85923022613731        1.32311229444370       -5.57060557460146
H            1.85511255479752        1.59589111021752       -7.81156759822619
H            0.17612780952391       -0.01776087947263       -8.61989390839354
H           -0.49281315623517       -1.92217540474335       -7.19824020540660
80
 energy: -120.628078848784 gnorm: 0.005259925569 xtb: 6.7.1 (edcfbbe)
Mn           0.05549902137564       -0.10892348595300       -0.48008934575446
N            0.33598930899833       -2.37350802032828        0.01396456792605
C            1.71160707731739       -2.84341144543494        0.19173466948169
C            2.63035082539805       -2.09101401658178       -0.76146570971028
P            2.28676453607137       -0.28043994399381       -0.52591549944752
C            3.35831563671912        0.02044882560339        0.93680933890012
C            2.81731732334453       -0.15592662984015        2.20609495130530
C            3.59201280234986        0.02456697407561        3.33704228638146
C            4.92259392769889        0.38594317645323        3.21057025771793
C            5.47437511796147        0.55414610578679        1.95098192885404
C            4.70068144478087        0.37180720982666        0.81882335012915
C            3.30061387895723        0.51681991912229       -1.81106123061082
C            3.11982953694495        1.89332101297817       -1.93610302161852
C            3.86023093679630        2.61790047060669       -2.85109727167233
C            4.78212840623756        1.96958552365582       -3.65957727518159
C            4.95403428895818        0.59908709627373       -3.55306396599510
C            4.22043572598851       -0.12977939632340       -2.63074063753841
C           -0.61136979891023       -3.00714677236066        0.94152056830075
C           -1.77182077632508       -2.06402976621448        1.28745142625739
P           -2.00564451708488       -0.85195884272891       -0.10058156650845
C           -3.24278054242112        0.31079373599050        0.55385530855756
C           -3.84314473333476        0.25857362569667        1.80594151891314
C           -4.73424447526073        1.24961944034223        2.18291405557274
C           -5.03108638736745        2.29129016626125        1.32101337158639
C           -4.43673900873346        2.34689726563914        0.06905227512374
C           -3.54741045455786        1.36180465127930       -0.31092720121682
C           -3.07717125323981       -1.89102427470558       -1.17529099116348
C           -2.59153901873406       -2.36963013854867       -2.38508012235927
C           -3.36175065850534       -3.22562379429913       -3.15447736187962
C           -4.62101606840177       -3.60362392785373       -2.72211506585234
C           -5.11876080413643       -3.11233943933759       -1.52442931679076
C           -4.35223117509208       -2.25971482055204       -0.75242783566360
H            1.78002612770329       -3.92692544879589        0.01090288979110
H            2.01590327556126       -2.64741922381156        1.22740740898016
H            2.37063501624854       -2.33437229883038       -1.79712849506864
H            3.67989701694600       -2.32503362040776       -0.56300743413598
H            1.77395468398352       -0.42240671558123        2.30653040384697
H            3.15508601476445       -0.10772459669000        4.31701383151693
H            5.52727438502021        0.53876762116464        4.09212653033509
H            6.51370241270853        0.83238189961562        1.84725524169622
H            5.14143099699192        0.51029348828750       -0.15827390015751
H            2.38282862323427        2.37835272762186       -1.30447960724566
H            3.71663796740593        3.68548850582962       -2.93684642994470
H            5.36382651290326        2.53166876648472       -4.37634013502625
H            5.66485092113296        0.09295950896010       -4.19121673565799
H            4.37116171705621       -1.19705346078759       -2.55943604041490
H           -1.00528299559574       -3.93851440019085        0.51100673248166
H           -0.07550907955569       -3.26646792918902        1.86203528429976
H           -2.69177772433706       -2.62205391891828        1.48582858880001
H           -1.51768084661907       -1.46614073867865        2.17013175746220
H           -3.62102095751841       -0.54220308829354        2.49711140241478
H           -5.19541650268952        1.20827971353342        3.15984581086988
H           -5.72011369317557        3.06458812680460        1.62725523962299
H           -4.66048749419491        3.16212349169847       -0.60344004284734
H           -3.05479753768690        1.39473546679557       -1.27812140527184
H           -1.61240728991181       -2.05555926936908       -2.72282011670085
H           -2.97818199404652       -3.60072539816956       -4.09270369542541
H           -5.21933216001422       -4.27645299291003       -3.31837595342640
H           -6.10684390950018       -3.39587722410586       -1.19056729567233
H           -4.74588874304726       -1.87177725845341        0.17824609046662
C           -0.21848635608146        1.58420266829233       -0.87384655167809
O           -0.41634423670111        2.72968060204880       -0.99605997405589
C           -0.11029468827906        0.57481229418131        1.12158576485640
O           -0.32455032851902        1.18464756240766        2.09295043058800
O            0.93136453465717       -2.84306280402273       -3.66798469560849
C            0.42982544083080       -2.53445589898394       -4.72594419193954
C            0.79935526865624       -1.39385299999572       -5.56017587116849
C            1.73682155243468       -0.46466438553843       -5.10260743570336
C            2.10532991470622        0.60062442379240       -5.89992910230879
C            1.54189467165528        0.75054183820171       -7.15768175004835
C            0.60034301477281       -0.16070454537494       -7.61603668170867
C            0.22541949554475       -1.22635271214007       -6.82197156601080
H            0.06178490569997       -2.63127992443853       -0.94010022531584
H            0.09240758517233       -0.48858771433723       -1.97394255545687
H           -0.38953808833563       -3.15268399505691       -5.15332379717370
H            2.15280835470317       -0.58799949250021       -4.11509700959571
H            2.83010563604890        1.31460226844030       -5.53801873927712
H            1.83236273963620        1.58250006891595       -7.78298620570049
H            0.15940453554086       -0.03405270509524       -8.59399387916738
H           -0.50613815939907       -1.93931253639074       -7.17639618707047
80
 energy: -120.628217290686 gnorm: 0.006416046814 xtb: 6.7.1 (edcfbbe)
Mn           0.06073476325925       -0.10617902721311       -0.48190658270611
N            0.33670583064484       -2.37105423442501        0.00521871155830
C            1.71178962916800       -2.84357513558663        0.18522220661592
C            2.63273623835517       -2.09243923467171       -0.76720305000284
P            2.29102253905960       -0.28150676595860       -0.53121136267257
C            3.36346470793901        0.02317272745434        0.93028038985972
C            2.82641199244180       -0.16554942455640        2.19980622404934
C            3.59995297342128        0.02294321147417        3.33053464750305
C            4.92545776755017        0.40525742170510        3.20420937724401
C            5.47353098576782        0.58526940257740        1.94438905558080
C            4.70121332044322        0.39436082499834        0.81260436038420
C            3.30450508928811        0.51696067141537       -1.81560938105530
C            3.11510272019119        1.89224763534034       -1.94261552765632
C            3.85799933349659        2.62215336063968       -2.85103010320376
C            4.79178986479982        1.98004295959006       -3.65111123054219
C            4.97148893321152        0.61067672686835       -3.54382111210804
C            4.23503172992872       -0.12369177971737       -2.62788761959535
C           -0.61351788582704       -3.00427451618130        0.93145525347561
C           -1.76753227799360       -2.05598035636138        1.28383043681263
P           -2.00033804182040       -0.84902960227727       -0.10712833970449
C           -3.24171775074898        0.31466479600010        0.53552977453107
C           -3.83413017440457        0.27511642025783        1.79233580009913
C           -4.72902119516519        1.26648598077899        2.16078962368786
C           -5.03752472205985        2.29481464138242        1.28552264197361
C           -4.45116424044199        2.33721461018831        0.02867900034901
C           -3.55729981701325        1.35250790748376       -0.34268825686762
C           -3.06560547704374       -1.89446873598229       -1.18191652374453
C           -2.58239604138737       -2.36805084069342       -2.39458850301441
C           -3.35219285606536       -3.22539261786972       -3.16333525135728
C           -4.60830871925576       -3.61038117538729       -2.72730221870405
C           -5.10336752566803       -3.12506042542068       -1.52600608413827
C           -4.33753280169742       -2.27079061852729       -0.75523982424187
H            1.77855835322813       -3.92768655662587        0.00549249266725
H            2.01491515996862       -2.64755587167529        1.22178240053097
H            2.37289469527749       -2.33571570900851       -1.80295065086604
H            3.68170138833700       -2.32892380534208       -0.56886409470592
H            1.78625358641891       -0.44690109535582        2.30058175743084
H            3.16594055515804       -0.11876305196569        4.31050631423473
H            5.52879197275967        0.56594165551329        4.08578262668621
H            6.50893018605836        0.87980331825378        1.84015333347322
H            5.13936541483049        0.54215683003984       -0.16429892677791
H            2.36923535000029        2.37125085260579       -1.31670276450403
H            3.70731836433542        3.68873092325163       -2.93776357717275
H            5.37651541634171        2.54599281283774       -4.36236650086380
H            5.69169177043846        0.11023810484270       -4.17587029396809
H            4.39219026866134       -1.18987155725837       -2.55504402401810
H           -1.01382584573101       -3.93045865681906        0.49620444003708
H           -0.07743614585251       -3.27190367957213        1.84945613521265
H           -2.68762390833146       -2.61042931450284        1.49127607983405
H           -1.50455185366360       -1.45687696294810        2.16303229566806
H           -3.60339302243025       -0.51555001262050        2.49312983938429
H           -5.18379363334254        1.23571267966723        3.14148633846261
H           -5.72957825915159        3.06840455629658        1.58500660703355
H           -4.68431942291557        3.14219786062439       -0.65390158405640
H           -3.06930060059652        1.37534332892230       -1.31282667911183
H           -1.60588683529520       -2.04959914518027       -2.73572621317577
H           -2.97077183646756       -3.59634456554100       -4.10409295249730
H           -5.20640281644353       -4.28388446535708       -3.32373136852881
H           -6.08854379898595       -3.41456935137348       -1.18833210272378
H           -4.72856174285758       -1.88649663304142        0.17805500814707
C           -0.21446748012979        1.59275331402747       -0.84955876250870
O           -0.41664873395414        2.74103725739946       -0.94537456241726
C           -0.09989834743759        0.56790916064406        1.12418821777320
O           -0.30891399714614        1.17268634956556        2.10074502946028
O            0.89299569522379       -2.85660388660802       -3.63225730384009
C            0.41237244033379       -2.56052948062673       -4.70536121821115
C            0.78197074628290       -1.41588684813000       -5.53286918996051
C            1.71253657922496       -0.48360981510495       -5.06661439260819
C            2.07910651250903        0.58829459497614       -5.85749725065189
C            1.51911376266303        0.74240070242127       -7.11672211158240
C            0.58311844842649       -0.17114994302947       -7.58292946345430
C            0.21211561649658       -1.24488595935649       -6.79652190484887
H            0.06513262837926       -2.62736090395805       -0.95003845702113
H            0.09301104003449       -0.47490182105975       -1.98296523819123
H           -0.38562348634935       -3.19438959145971       -5.15115619181449
H            2.12333254608567       -0.60811733381338       -4.07724947962159
H            2.79906590687693        1.30421749099146       -5.48929985050784
H            1.80828416142903        1.57868694300833       -7.73740674569356
H            0.14406421022308       -0.04065737043019       -8.56142969695981
H           -0.51584924099333       -1.95855592489126       -7.15725573749902
80
 energy: -120.628371103453 gnorm: 0.006229719611 xtb: 6.7.1 (edcfbbe)
Mn           0.06758408423322       -0.10434745547115       -0.48173164882112
N            0.34118692951100       -2.36609435496420       -0.00205188630307
C            1.71631387800798       -2.83804439106461        0.18650415227246
C            2.63998346748730       -2.09089278670571       -0.76713803701728
P            2.29785086651323       -0.27954341785767       -0.53476204634877
C            3.36994623220670        0.02836453497638        0.92786235929260
C            2.83472222198530       -0.17008238880866        2.19657894862877
C            3.60605014615374        0.01863949483727        3.32873142073769
C            4.92806350149030        0.41060232839434        3.20565152255922
C            5.47366795752279        0.60297190314934        1.94645565673814
C            4.70386059715054        0.41137565786013        0.81347788432291
C            3.31124445930506        0.52082040370870       -1.81832260679085
C            3.11013066524860        1.89383694289935       -1.95215343921358
C            3.85309615788894        2.62737507394508       -2.85674470531422
C            4.79962812749147        1.99091824847632       -3.64663569097751
C            4.99075250379213        0.62374211181214       -3.53325422164695
C            4.25407878212668       -0.11440192661994       -2.62060213934884
C           -0.61575035824949       -3.00151749062811        0.91949093083789
C           -1.76139180837897       -2.04720883922505        1.28102809715170
P           -1.99498067351979       -0.84580428529239       -0.11312045383164
C           -3.23991049161377        0.31932524190573        0.51714084159112
C           -3.82886757385599        0.28532098285864        1.77531708667200
C           -4.72813328606539        1.27465752974512        2.13904006648400
C           -5.04424020795779        2.29485962058641        1.25816076261041
C           -4.46203421289774        2.33083127638463       -0.00008311441040
C           -3.56263365392164        1.34897252322812       -0.36697129950010
C           -3.05530147223477       -1.89804870638218       -1.18624814519969
C           -2.57399204943511       -2.36876329350359       -2.40055982104095
C           -3.34419209965350       -3.22470335040592       -3.17055387010297
C           -4.60010553867724       -3.61055096352492       -2.73452932506717
C           -5.09227168548308       -3.13060190601201       -1.52994404772731
C           -4.32564355831005       -2.27837961805790       -0.75805563424810
H            1.78320193810645       -3.92368110565780        0.01390343023256
H            2.01629536692214       -2.63639082613599        1.22357730062608
H            2.38185533899387       -2.33862432855294       -1.80248958730845
H            3.68841558202160       -2.32870370165381       -0.56715064820742
H            1.79629397869757       -0.45690763500143        2.29626233241132
H            3.17312938680701       -0.13184921153647        4.30778951160191
H            5.52991915906162        0.57118540776955        4.08835022376381
H            6.50589510035875        0.90708104057407        1.84461931210763
H            5.14124297352435        0.56876525814595       -0.16206435940557
H            2.35458538206212        2.36743663436851       -1.33397582203746
H            3.69354460737253        3.69227282929608       -2.94832693005973
H            5.38502247427597        2.55984002090072       -4.35466489780322
H            5.72100030948129        0.12811085494150       -4.15709530507367
H            4.41980752818514       -1.17883560762406       -2.54195752822102
H           -1.02305086661893       -3.91866079147576        0.47324507934031
H           -0.08099023763826       -3.28312641004588        1.83388151529019
H           -2.68061836794261       -2.59856202230217        1.49894783049820
H           -1.48789642064222       -1.44808502479589        2.15678293184408
H           -3.59272191738818       -0.49926204615559        2.48022066136946
H           -5.17936467272734        1.24916246450558        3.12100800007941
H           -5.74022474418331        3.06679378847105        1.55360350271835
H           -4.70249377982005        3.12941804965388       -0.68712088307113
H           -3.07781774908212        1.36713773890082       -1.33817914736384
H           -1.59818636017228       -2.04916928169486       -2.74200770629581
H           -2.96384755525475       -3.59306482419708       -4.11269980747428
H           -5.20037474200314       -4.28027172048395       -3.33406052406660
H           -6.07613381698804       -3.42279941236569       -1.19141642625645
H           -4.71322414029697       -1.89754288731092        0.17801007917802
C           -0.21131362654164        1.59678714170817       -0.83211315680829
O           -0.42189168465606        2.74337883336451       -0.91930782329001
C           -0.09048585742695        0.56364109680097        1.12660353599332
O           -0.29719658138492        1.16908465630025        2.10279481157529
O            0.85955381529609       -2.87053680016639       -3.60708309800992
C            0.39344850659700       -2.58165365123507       -4.68789688274280
C            0.76397194154369       -1.43520760033474       -5.51142825096909
C            1.68500585681861       -0.49670848033270       -5.03890723952556
C            2.04833851437457        0.57907173316877       -5.82686855881813
C            1.49467348060314        0.72991210001603       -7.08958548744420
C            0.56704741982989       -0.18970892235327       -7.56171472930574
C            0.19965146367731       -1.26733530355474       -6.77872912480786
H            0.07898894169583       -2.62410234453245       -0.95937645109724
H            0.10090775301223       -0.46551077430763       -1.98907063558077
H           -0.39063734825796       -3.22065587046993       -5.14019224302356
H            2.08939069377895       -0.61781392953183       -4.04641401364159
H            2.76033036441716        1.30064501320231       -5.45391523735419
H            1.78167263842322        1.56859662040504       -7.70848003468399
H            0.13180107546556       -0.06047456206596       -8.54208263290439
H           -0.52281236994042       -1.98466067630047       -7.14349632488846
80
 energy: -120.628476619577 gnorm: 0.003172085009 xtb: 6.7.1 (edcfbbe)
Mn           0.06829197297514       -0.10399736893532       -0.47954741853818
N            0.34250131275617       -2.36682161724383       -0.00490495503390
C            1.71768791733283       -2.83682505062610        0.18413615972730
C            2.64167021046865       -2.08715972419952       -0.76717248295706
P            2.29848979076803       -0.27608893471270       -0.53377521769007
C            3.37118540013748        0.02845780743782        0.92929301901414
C            2.83560941042215       -0.17130497089755        2.19751938571981
C            3.60700045534164        0.01551658873994        3.32999956166463
C            4.92927957511094        0.40791943945809        3.20736507272021
C            5.47432774406685        0.60289831127694        1.94859633058964
C            4.70435688064956        0.41322400938324        0.81512818315116
C            3.31142592618834        0.52527774641475       -1.81766220836402
C            3.10957014518685        1.89776854310759       -1.95334566495202
C            3.85238237400355        2.63035814337877       -2.85919539528771
C            4.79885131492354        1.99349888889339       -3.64852491392142
C            4.99076862659484        0.62650379060244       -3.53287245956956
C            4.25469623842770       -0.11041142116000       -2.61897180958991
C           -0.61513619568046       -3.00496505529335        0.91395984413179
C           -1.76064379644905       -2.05130354959206        1.27887181908715
P           -1.99427623373061       -0.84585112505300       -0.11299812940103
C           -3.23870782091875        0.31916604868786        0.51872831636651
C           -3.82848915852746        0.28563665800689        1.77672147103540
C           -4.72875501695383        1.27406985697991        2.13980005774122
C           -5.04585186070085        2.29284387722847        1.25776075220386
C           -4.46263481107602        2.32860863592606       -0.00018053544041
C           -3.56211454396292        1.34770150765909       -0.36622133163567
C           -3.05722719559406       -1.89538719584008       -1.18631769505615
C           -2.57529372683417       -2.36476598647158       -2.40089890447675
C           -3.34382998005107       -3.22140920747639       -3.17137639173962
C           -4.59962097863487       -3.60834362420029       -2.73571992551539
C           -5.09251053280376       -3.12932237186471       -1.53103844311460
C           -4.32701431346926       -2.27693464388622       -0.75820599208817
H            1.78598758391881       -3.92166397322809        0.00847176562551
H            2.01704174295821       -2.63760260818356        1.22127990328599
H            2.38578609094496       -2.33422598545730       -1.80325910841367
H            3.69021008054940       -2.32353200013676       -0.56519415314637
H            1.79689663313349       -0.45775686910842        2.29725993846562
H            3.17372900597201       -0.13599849936171        4.30881311189693
H            5.53160346675326        0.56642012571375        4.09011077546628
H            6.50601493399538        0.90862690931308        1.84758843912499
H            5.14169943650104        0.57282186609720       -0.15993976177773
H            2.35363425881387        2.37218971123382       -1.33644251875995
H            3.69320679936573        3.69502585096061       -2.95219651988190
H            5.38363011997936        2.56211764830530       -4.35737827754016
H            5.72131133150050        0.12985993039284       -4.15556482015280
H            4.42160742729588       -1.17468539787043       -2.53816468324791
H           -1.02293566771571       -3.92016313974774        0.46409282569925
H           -0.08142079214153       -3.29033562663544        1.82763774320242
H           -2.68048001503568       -2.60259735503702        1.49382791020836
H           -1.48713913074957       -1.45542860171714        2.15685173737005
H           -3.59087326692362       -0.49781320396830        2.48233062213808
H           -5.18074613561240        1.24887925999298        3.12151041809177
H           -5.74297455576028        3.06392739148145        1.55249454851471
H           -4.70357578999635        3.12636350500108       -0.68791161019899
H           -3.07738970184592        1.36602186665804       -1.33744488385711
H           -1.59922383768702       -2.04388796546883       -2.74068637375417
H           -2.96231502180934       -3.58908513209625       -4.11342217151349
H           -5.19895449593748       -4.27848371908342       -3.33521237502365
H           -6.07652607518808       -3.42247201523090       -1.19364155016308
H           -4.71553794602291       -1.89733476760043        0.17803649273273
C           -0.21473916341141        1.59556642080604       -0.83321670371708
O           -0.43006006063580        2.74195715545098       -0.92654285827730
C           -0.08579461018016        0.56565816328616        1.12851762329102
O           -0.30231196178026        1.16554170910222        2.10583111719167
O            0.86552463015581       -2.88080445846286       -3.61237551289531
C            0.39476765199302       -2.58599930082472       -4.68854151564958
C            0.76388828334568       -1.43678737283534       -5.50930225606240
C            1.68292636583612       -0.49752972006099       -5.03579276600038
C            2.04420991484207        0.57864250920580       -5.82244158868682
C            1.49204537597507        0.72839620973911       -7.08577201939401
C            0.56732810889871       -0.19248800060334       -7.55972773201377
C            0.20042339985725       -1.26945693912297       -6.77702741928484
H            0.08160462135659       -2.62373749759228       -0.96280773139464
H            0.10345945303977       -0.45928369672037       -1.98244391319336
H           -0.39416639950074       -3.22181173330162       -5.13990814509614
H            2.08850012669915       -0.61927967637229       -4.04362175667039
H            2.75440917942405        1.30092759055335       -5.44857519085969
H            1.77764045809509        1.56785739606487       -7.70342196710709
H            0.13367251767664       -0.06430440106516       -8.54087297052462
H           -0.51916284061193       -1.98876533763130       -7.14304805874977
80
 energy: -120.628566451765 gnorm: 0.009567689734 xtb: 6.7.1 (edcfbbe)
Mn           0.07305677845921       -0.09944820531486       -0.47488329505028
N            0.34756252559184       -2.36756989807212       -0.01527654954789
C            1.72276834454103       -2.83280446772676        0.17568648858836
C            2.64864922085007       -2.07562099083438       -0.76792423467166
P            2.30302256368362       -0.26551690446970       -0.52978320394715
C            3.37579663021195        0.03169277297611        0.93504090615189
C            2.83951337849773       -0.17479054672694        2.20157755224840
C            3.61120689493564        0.00444852315466        3.33514297852193
C            4.93409922247612        0.39835377347600        3.21419438501578
C            5.47738534665334        0.60333102272735        1.95690438858748
C            4.70687470316068        0.42111669832177        0.82178772226839
C            3.31317172827782        0.53998102537131       -1.81497962886097
C            3.10747341198439        1.91057323404918       -1.95770210955079
C            3.84934588146377        2.64005022137415       -2.86795445594333
C            4.79626811085686        2.00201729754194       -3.65502471499863
C            4.99175880263674        0.63586014518861       -3.53147138166145
C            4.25839935023014       -0.09700401059079       -2.61284968184710
C           -0.61264460076092       -3.01603340032691        0.89396773913034
C           -1.75781789087117       -2.06540019779935        1.27118793396525
P           -1.99124525239299       -0.84607849451536       -0.11218117949277
C           -3.23457986984467        0.31809137170852        0.52428380052992
C           -3.82620101914029        0.28634980263682        1.78184647285636
C           -4.73073226776928        1.27142672365554        2.14212194503053
C           -5.05152756729009        2.28559627622926        1.25623401786853
C           -4.46547148894408        2.32060921478684       -0.00071932612372
C           -3.56096896513490        1.34276661595823       -0.36368821580317
C           -3.06209259261687       -1.88665336318962       -1.18677639227571
C           -2.57835210548832       -2.35153800243191       -2.40246158513381
C           -3.34228954953388       -3.20946665920167       -3.17504522143303
C           -4.59753354223662       -3.60014816149078       -2.74040658195707
C           -5.09271134319410       -3.12401409784496       -1.53547605442993
C           -4.33057405215146       -2.27141434739489       -0.75938639137578
H            1.79558494062021       -3.91537645572341       -0.00968204087444
H            2.01935823787364       -2.64134205520980        1.21368599151525
H            2.40024819113370       -2.32052407180823       -1.80644254152362
H            3.69719480290297       -2.30799310524283       -0.55929281147029
H            1.80047386243780       -0.46173623283565        2.30117032141330
H            3.17725327468329       -0.15220962344366        4.31299922297370
H            5.53775685202287        0.54947366388239        4.09730148466578
H            6.50765963269266        0.91357067988179        1.85857597635926
H            5.14401078885688        0.58844624372679       -0.15178557874824
H            2.35009911190897        2.38765537659827       -1.34500754766842
H            3.69011020918243        3.70386890660419       -2.96648302013818
H            5.37830700732692        2.56938159825273       -4.36729607674958
H            5.72302415053198        0.13608806695027       -4.15081221591095
H            4.42937792851485       -1.16051648517353       -2.52490496671345
H           -1.02229433269414       -3.92401581866312        0.43077733548649
H           -0.08215825516553       -3.31549383685910        1.80476264819083
H           -2.67926073757896       -2.61713416569384        1.47672072502105
H           -1.48424221958146       -1.48043123161445        2.15645112267485
H           -3.58363658612301       -0.49352863480300        2.48972711980144
H           -5.18494082875831        1.24736415800592        3.12302784641618
H           -5.75294949341771        3.05364720129429        1.54821458754191
H           -4.70838670386573        3.11550730440691       -0.69088115291146
H           -3.07650562381003        1.36157860951470       -1.33494991740594
H           -1.60205424010385       -2.02539567179170       -2.73771064560299
H           -2.95750030616184       -3.57458263627842       -4.11697910419616
H           -5.19407505437255       -4.27169788001003       -3.33991386191842
H           -6.07694603508216       -3.42070785619580       -1.20134820057634
H           -4.72201017096150       -1.89603566893150        0.17753221448810
C           -0.23153165404864        1.59413038540677       -0.83471946411798
O           -0.45181737630386        2.74052820739224       -0.94490712780680
C           -0.10085438461925        0.55970052276133        1.13631270494967
O           -0.30201184928946        1.16798006402122        2.11098752780302
O            0.88468801982492       -2.91445294290405       -3.62715150608432
C            0.39832091735259       -2.60048080257564       -4.68891189320667
C            0.76374819791514       -1.44362333878314       -5.50205331510950
C            1.67541887026495       -0.50085065721986       -5.02457063427459
C            2.03001644184841        0.57788268505578       -5.80700359035778
C            1.48273032341034        0.72451139420024       -7.07254421723215
C            0.56855014338689       -0.20199896040063       -7.55311948485575
C            0.20427922380621       -1.27869169786902       -6.77187060663048
H            0.09139906295566       -2.62068306207778       -0.97527726432473
H            0.09606507083523       -0.44866924704957       -1.96243251795035
H           -0.40537126003607       -3.22568235709575       -5.13762568082346
H            2.08258021189647       -0.62332213006451       -4.03248452914884
H            2.73309467533697        1.30389584477808       -5.42935773146129
H            1.76426853244504        1.56673729121386       -7.68639553562014
H            0.14063284566923       -0.07746508744444       -8.53713662967128
H           -0.50689454250772       -2.00402523084719       -7.14147538679469
80
 energy: -120.628643340959 gnorm: 0.009345860231 xtb: 6.7.1 (edcfbbe)
Mn           0.06808504835189       -0.09775398204457       -0.47863840126586
N            0.34958524322189       -2.36686276329858       -0.02095219565940
C            1.72530222471233       -2.83021152842373        0.17087448079877
C            2.65146295257858       -2.06800140169659       -0.76874675836597
P            2.30157748588088       -0.25868660088259       -0.52724400351726
C            3.37582176611694        0.03677333602233        0.93748596417786
C            2.84070154049436       -0.17581704986570        2.20361804255778
C            3.61316434908068       -0.00191014303245        3.33748373749217
C            4.93594047331909        0.39261571944493        3.21737668266454
C            5.47807155441091        0.60394382448930        1.96065594710138
C            4.70682890590415        0.42661853032112        0.82498517237379
C            3.31292231275493        0.54761857150826       -1.81205806770562
C            3.10483356982346        1.91730975004604       -1.95946334703687
C            3.84609158115900        2.64503731007223       -2.87194006386442
C            4.79407943117413        2.00635468572835       -3.65719681024924
C            4.99206069753174        0.64093818634155       -3.52912332810866
C            4.26022135068024       -0.08985116278731       -2.60768060650461
C           -0.61143716391390       -3.02157048008111        0.88338738152592
C           -1.75617992276542       -2.07319370283142        1.26812089629088
P           -1.99120994154739       -0.84702777932264       -0.10917251825334
C           -3.23326603238295        0.31731714565674        0.52854555966160
C           -3.82436571482894        0.28650921271421        1.78607292964099
C           -4.73193079952516        1.26968646998012        2.14400744256091
C           -5.05492025132824        2.28175726805191        1.25618508073729
C           -4.46826311339837        2.31636111060495       -0.00038008117469
C           -3.56152199661150        1.33983204634265       -0.36139059201462
C           -3.06298777711121       -1.88303666639583       -1.18709082682068
C           -2.57851314458529       -2.34512560288594       -2.40371383895358
C           -3.34136117492672       -3.20222813829021       -3.17820334867295
C           -4.59616677192024       -3.59509958906221       -2.74407465524734
C           -5.09246282766219       -3.12058684339209       -1.53899413078063
C           -4.33152267746342       -2.26855795901963       -0.76095079622156
H            1.80133765500621       -3.91208329788667       -0.01864983125090
H            2.01967514835761       -2.64188160073371        1.21014570019625
H            2.40708969133692       -2.31250899742474       -1.80834879068494
H            3.69989541056071       -2.29865891302104       -0.55736905181525
H            1.80191834320456       -0.46371428958582        2.30287687535111
H            3.18000013793238       -0.16328453535977        4.31491632145477
H            5.54024400204432        0.53954130832904        4.10080042276226
H            6.50829629570806        0.91492358513113        1.86327362750553
H            5.14365402457461        0.59850650597542       -0.14797449317920
H            2.34661556946413        2.39576692589397       -1.34893162022368
H            3.68523426488052        3.70835802256348       -2.97426766128951
H            5.37441538423979        2.57252663703675       -4.37182612826677
H            5.72361165761954        0.14002175099068       -4.14725021962969
H            4.43334520340619       -1.15266942048205       -2.51647768110833
H           -1.02209841806718       -3.92520854919647        0.41245762893535
H           -0.08143204845319       -3.32932211788103        1.79179234246789
H           -2.67765180608889       -2.62592866995763        1.47042496100430
H           -1.48188986882985       -1.49333044493313        2.15634577643231
H           -3.57963644035626       -0.49213479800233        2.49477975150903
H           -5.18677299104575        1.24620467405364        3.12456043418389
H           -5.75898002814065        3.04813992419371        1.54627225831238
H           -4.71266886469586        3.10963031853224       -0.69198333493744
H           -3.07719202295599        1.35825843947813       -1.33273634908987
H           -1.60285096038489       -2.01557609958478       -2.73798701337673
H           -2.95581686443890       -3.56548549924296       -4.12047329046808
H           -5.19173590683119       -4.26705817142233       -3.34419726976580
H           -6.07648740157362       -3.41924236982527       -1.20591893033931
H           -4.72400670012582       -1.89530827955301        0.17638462834131
C           -0.21703367460932        1.59921419620375       -0.83563865279040
O           -0.47104365421150        2.73753658497249       -0.95743485690151
C           -0.09276529239664        0.55967915565837        1.13542496470289
O           -0.30816165226497        1.15610052987034        2.11452569980114
O            0.89247670462323       -2.92955303074880       -3.62974206558487
C            0.39960441895767       -2.60848761344802       -4.68670805336055
C            0.76378621927680       -1.44977440293818       -5.49804074709177
C            1.67085228912591       -0.50388047936009       -5.01761550112463
C            2.02238613717283        0.57783616004510       -5.79818782625405
C            1.47741751584421        0.72356399156003       -7.06502194104078
C            0.56915798959119       -0.20731225564140       -7.54929421815062
C            0.20733364707352       -1.28641702986695       -6.76949849319299
H            0.09614961471252       -2.61764681156312       -0.98223935511878
H            0.10763829779938       -0.44332580672438       -1.96245217568834
H           -0.40902243538066       -3.22880475186640       -5.13404839370135
H            2.07571349342724       -0.62490192488707       -4.02436395711055
H            2.72061858258214        1.30735340101689       -5.41776566187236
H            1.75731067894955        1.56769575787182       -7.67733377365726
H            0.14417256489820       -0.08440405501683       -8.53482396766757
H           -0.50092442844694       -2.01406119667099       -7.14045887631135
80
 energy: -120.628712444647 gnorm: 0.005477746521 xtb: 6.7.1 (edcfbbe)
Mn           0.06582185556410       -0.09736811232333       -0.48096977249816
N            0.35054662970022       -2.36648200934203       -0.02484593199261
C            1.72688257276972       -2.82942517371196        0.16835780194275
C            2.65330459021220       -2.06483132242001       -0.76930546797140
P            2.30074834521593       -0.25598431026600       -0.52636670108704
C            3.37461981288923        0.04171199926671        0.93833865935536
C            2.84090310141766       -0.17593392395979        2.20450455784801
C            3.61395832472104       -0.00531088197364        3.33840516220803
C            4.93620247653420        0.38955761247456        3.21892195336122
C            5.47794832297383        0.60492700344304        1.96240470179001
C            4.70629927765798        0.43067280678475        0.82676783049384
C            3.31259870188642        0.55056404116651       -1.81054282643171
C            3.10234211156884        1.91989412693612       -1.96018256795362
C            3.84262818844687        2.64741348195445       -2.87333039816952
C            4.79221882691669        2.00900469488571       -3.65730349255346
C            4.99263268172978        0.64430711616911       -3.52732297617211
C            4.26174189298611       -0.08635528842399       -2.60486757293544
C           -0.61122067891642       -3.02301619151158        0.87756714599857
C           -1.75432364408594       -2.07432960068473        1.26514740240234
P           -1.99071985996727       -0.84613969088405       -0.10875090737906
C           -3.23340673093789        0.31630315425951        0.53011925630264
C           -3.82225945034497        0.28531509072139        1.78829468165196
C           -4.73162148910914        1.26752989085241        2.14536747929737
C           -5.05654382224321        2.27915031165572        1.25737426544513
C           -4.47124923672276        2.31409654164637        0.00049421120402
C           -3.56350429079999        1.33813265257930       -0.36022809438919
C           -3.06063731421307       -1.88214566784524       -1.18824258020782
C           -2.57688018618454       -2.34264863680628       -2.40579977361509
C           -3.34094922138169       -3.19799457963639       -3.18138879727285
C           -4.59530747781762       -3.59181693857875       -2.74708739240581
C           -5.09131722630915       -3.11835378870876       -1.54155395349970
C           -4.32970834189189       -2.26747671644741       -0.76277516714973
H            1.80448629419188       -3.91148534443701       -0.02131017469961
H            2.01892187344918       -2.64102746991905        1.20908218098110
H            2.41017115462707       -2.30893873044933       -1.80922231332356
H            3.70142504751549       -2.29561433759939       -0.55774341321060
H            1.80262389887726       -0.46496353475704        2.30288229943705
H            3.18219884688656       -0.17113996200093        4.31562084092421
H            5.54059336528071        0.53411059117998        4.10270476800324
H            6.50882644159972        0.91453662825394        1.86504837142417
H            5.14269430619018        0.60534746270464       -0.14606627939162
H            2.34324500111588        2.39802763073676       -1.35030630596722
H            3.67886899000232        3.71038039228503       -2.97774128305928
H            5.37160202704010        2.57452534169053       -4.37310482318223
H            5.72481289352887        0.14404038105536       -4.14520983448216
H            4.43647358049086       -1.14844170075251       -2.51255460778881
H           -1.02303572524878       -3.92418722163007        0.40332619182719
H           -0.08073229158824       -3.33498441343520        1.78438417309900
H           -2.67518155361568       -2.62776269654788        1.46868655478103
H           -1.47862073661532       -1.49644838470468        2.15399744031425
H           -3.57641383794969       -0.49321389457257        2.49698348726265
H           -5.18564192203191        1.24398488436242        3.12613550328339
H           -5.76193550118267        3.04463789257518        1.54689468928287
H           -4.71711350750714        3.10676699631227       -0.69144275400219
H           -3.07953949769923        1.35615746894685       -1.33178781397903
H           -1.60214392716692       -2.01189842320923       -2.74137124812093
H           -2.95658064137981       -3.55987570088244       -4.12445147780755
H           -5.19135442365597       -4.26321266133305       -3.34813145383457
H           -6.07506498544230       -3.41724303062256       -1.20806443130985
H           -4.72179173453366       -1.89465795103618        0.17479184246378
C           -0.23951359121681        1.59604543513739       -0.83997456157940
O           -0.45446974812766        2.73920777348879       -0.95650120131737
C           -0.08099658791811        0.56211593183464        1.13389068034779
O           -0.31359905384941        1.14633692716008        2.11725748925913
O            0.89256162152203       -2.93159562510065       -3.62449479319381
C            0.40028838162262       -2.61258190276807       -4.68320806276962
C            0.76394944706590       -1.45508253238705       -5.49582777278243
C            1.66770425928521       -0.50619134860156       -5.01301212192119
C            2.01841879256899        0.57817997855198       -5.79314371851339
C            1.47492627953603        0.72367077552781       -7.06092647112750
C            0.56965549326255       -0.21035341950851       -7.54691504796741
C            0.20963473158148       -1.29268803361543       -6.76843520942230
H            0.09887674394207       -2.61591729152988       -0.98697146625463
H            0.11523388797778       -0.44416450978817       -1.96938930428488
H           -0.40743409954538       -3.23185375496174       -5.12905892127586
H            2.06859621105768       -0.62481663553258       -4.01816317718655
H            2.71343535699164        1.31064688566753       -5.41074677300087
H            1.75392039138672        1.56939210105600       -7.67280506633663
H            0.14558878291188       -0.08769056097220       -8.53292818395249
H           -0.49789881720346       -2.02100386657938       -7.14017102317975
80
 energy: -120.628830114823 gnorm: 0.002412572882 xtb: 6.7.1 (edcfbbe)
Mn           0.06969422795291       -0.09615772353500       -0.47662807223156
N            0.35163492829625       -2.36687847217188       -0.02868770134083
C            1.72829768223058       -2.82848445117226        0.16639117404326
C            2.65553904738816       -2.06229426395975       -0.76910656458938
P            2.30288560594731       -0.25350290889455       -0.52680097084076
C            3.37489898781417        0.04341120654766        0.93923701205365
C            2.84144926935397       -0.17737641965210        2.20506549000980
C            3.61464408314044       -0.00895412928903        3.33922718728639
C            4.93662257538673        0.38665702421425        3.22050185523887
C            5.47805425190174        0.60559903331232        1.96437220273917
C            4.70629547538239        0.43386664377784        0.82861893788108
C            3.31360305219714        0.55383293768089       -1.81078879898470
C            3.10110974924313        1.92266876970769       -1.96181909022489
C            3.84005278444583        2.65024278313384       -2.87578113971609
C            4.79087843935178        2.01234403041059       -3.65874795537300
C            4.99380805294476        0.64824090618070       -3.52692472679457
C            4.26381393903971       -0.08255644154652       -2.60396998259091
C           -0.61151109239752       -3.02462510823272        0.87140041890787
C           -1.75282356122912       -2.07499654023939        1.26149353437875
P           -1.98923213979306       -0.84563075797810       -0.11100970838811
C           -3.23278507147896        0.31474509212533        0.53027137096361
C           -3.82036242396887        0.28345132625737        1.78912433549078
C           -4.73053217399151        1.26496680494631        2.14652567622384
C           -5.05765772293650        2.27574379822188        1.25846660340408
C           -4.47338439044064        2.31119974927621        0.00113539362570
C           -3.56465647025744        1.33620473795089       -0.35985399983616
C           -3.05977497339680       -1.88071187890615       -1.19045942383145
C           -2.57674527457696       -2.33955917523188       -2.40877355334709
C           -3.34113462659845       -3.19426283047047       -3.18473042272548
C           -4.59516385209883       -3.58878366520216       -2.75023897398462
C           -5.09065903224170       -3.11683816864787       -1.54390938592518
C           -4.32858624934776       -2.26683397743960       -0.76467228436652
H            1.80692721187599       -3.91028767125820       -0.02393127621637
H            2.01837261085880       -2.64070745836702        1.20795493187961
H            2.41346825873294       -2.30532121114136       -1.80949172159333
H            3.70348525344658       -2.29288603540288       -0.55688860707843
H            1.80335028226723       -0.46705957620490        2.30275638467640
H            3.18352834203654       -0.17808191639950        4.31616015785014
H            5.54123890433382        0.52876248511032        4.10453720416220
H            6.50895149268720        0.91533374871404        1.86734785414216
H            5.14220885541515        0.61159193243000       -0.14392630737282
H            2.34089740330120        2.40011295176163       -1.35274840564827
H            3.67411107668579        3.71276943416000       -2.98152903575916
H            5.36962282604515        2.57772288936711       -4.37510097991503
H            5.72727138317136        0.14859823257971       -4.14372449207354
H            4.44058119750686       -1.14407880774488       -2.50987862749455
H           -1.02462114359431       -3.92348256188717        0.39415506338644
H           -0.08155611272299       -3.34039556301926        1.77720233844572
H           -2.67366239977493       -2.62824760838899        1.46602587859305
H           -1.47538473134008       -1.49905755393120        2.15108309630123
H           -3.57274150285709       -0.49420341178079        2.49814704130570
H           -5.18374352046086        1.24134646009696        3.12767555461346
H           -5.76396667294529        3.04037031455639        1.54810356205390
H           -4.72081102751374        3.10328854622717       -0.69091520580017
H           -3.08143168973304        1.35407006015529       -1.33180033024325
H           -1.60207531284181       -2.00888184200406       -2.74436371030649
H           -2.95748612422414       -3.55487087834070       -4.12854170771172
H           -5.19148510000192       -4.25941956440002       -3.35197850360924
H           -6.07443056950137       -3.41549194082012       -1.21038190926020
H           -4.72013687233210       -1.89456805919505        0.17331550471222
C           -0.23261282228571        1.59757906077117       -0.83752276664668
O           -0.45768440368295        2.73860435201728       -0.95867711128832
C           -0.08943669897970        0.55811324814231        1.13890875559173
O           -0.31153911838608        1.14860989402949        2.12023310774563
O            0.89311190107387       -2.93328908168573       -3.62108157928321
C            0.40136851109561       -2.61603837240715       -4.68046484108068
C            0.76394628199459       -1.45845618932663       -5.49313559636141
C            1.66428247106069       -0.50712073439383       -5.00841660928880
C            2.01384953653813        0.57824625581716       -5.78784351956593
C            1.47279858016914        0.72218376608787       -7.05676071551036
C            0.57055013544448       -0.21394859253985       -7.54429370847705
C            0.21132727449256       -1.29711122842434       -6.76657664659049
H            0.10193575791458       -2.61480069512693       -0.99173941307312
H            0.10343996189616       -0.44445501937640       -1.96837254552160
H           -0.40599109720697       -3.23543023051940       -5.12493016670105
H            2.06365207420694       -0.62464864573432       -4.01294106466304
H            2.70631715488392        1.31244282681307       -5.40403713579846
H            1.75005696899765        1.56921082231131       -7.66778060577162
H            0.14748478309381       -0.09188257794654       -8.53079189006782
H           -0.49319200780909       -2.02741795399047       -7.14026197875967
80
 energy: -120.628952293075 gnorm: 0.002107255033 xtb: 6.7.1 (edcfbbe)
Mn           0.07195531016038       -0.09325935275500       -0.47573851015788
N            0.35527880220059       -2.36589963894776       -0.03889337102823
C            1.73257141733461       -2.82424153400474        0.16032781778070
C            2.66170806272500       -2.05321051703761       -0.76916200802929
P            2.30486353867479       -0.24537666266122       -0.52538541206143
C            3.37541697448714        0.04918468732794        0.94225370643807
C            2.84329608996885       -0.18142192266476        2.20699927142977
C            3.61733675636685       -0.02073391771283        3.34179229441607
C            4.93875548305580        0.37711747707792        3.22504142984863
C            5.47853535499708        0.60743126939657        1.97006391121611
C            4.70589195784182        0.44375567698486        0.83377221148350
C            3.31452306509032        0.56403509845688       -1.80894503149215
C            3.09580501052109        1.93130730431778       -1.96607446068830
C            3.83174225980977        2.65825321002672       -2.88297224683378
C            4.78606993466494        2.02142782099065       -3.66257143597358
C            4.99592009756719        0.65901727091940       -3.52400016754816
C            4.26868434054543       -0.07109302039791       -2.59837030508764
C           -0.61100751309939       -3.03120739938350        0.85289345371936
C           -1.74890491611958       -2.08196351219959        1.25385496512127
P           -1.98671289103770       -0.84584584433556       -0.11179460243297
C           -3.23128418163544        0.31117496601518        0.53351744518502
C           -3.81588360680512        0.27985920572827        1.79370675943586
C           -4.72925251406343        1.25865417332088        2.15072951906665
C           -5.06240215046518        2.26623032472474        1.26132692575783
C           -4.48013371362376        2.30237062806084        0.00303561264452
C           -3.56819193244697        1.33026414476186       -0.35755597570601
C           -3.05820953296547       -1.87522069514838       -1.19540620792740
C           -2.57625541614737       -2.32923225367249       -2.41587226264034
C           -3.34080637017959       -3.18192255229365       -3.19386736578771
C           -4.59404164571468       -3.57885923025583       -2.75938529368461
C           -5.08882175425173       -3.11126495235649       -1.55105642149546
C           -4.32646823775396       -2.26345330121130       -0.76976469223987
H            1.81489889634950       -3.90504221313121       -0.03381183785834
H            2.01777792310446       -2.63960817954004        1.20388158293380
H            2.42397772412105       -2.29423194681674       -1.81107027690956
H            3.70933465479528       -2.28221716631189       -0.55364399701759
H            1.80563605822268       -0.47306761077827        2.30322405640322
H            3.18764023308918       -0.19851364105099        4.31789436814861
H            5.54424840977116        0.51210083419365        4.10967127769221
H            6.50897312887082        0.91918046464925        1.87436546647986
H            5.14041418035034        0.63046401695522       -0.13783295649274
H            2.33291249185678        2.40802069512540       -1.35981916230504
H            3.66056405470401        3.71951695280705       -2.99362288300890
H            5.36239474879468        2.58607300489362       -4.38145062980628
H            5.73253924107447        0.16019616507325       -4.13767298551889
H            4.45108168629297       -1.13115590592235       -2.49897307009516
H           -1.02766760271595       -3.92238205578345        0.36420843715461
H           -0.08299398445919       -3.36036031440329        1.75525105365781
H           -2.67008612946887       -2.63485730643673        1.45843923021879
H           -1.46703739371705       -1.51225146972364        2.14611478332721
H           -3.56322314125940       -0.49520731770368        2.50381913864036
H           -5.18079350755826        1.23522946102705        3.13267783151716
H           -5.77181412062858        3.02818872952012        1.55049471748911
H           -4.73171287557553        3.09229394581844       -0.69001151006615
H           -3.08652494990687        1.34782699891008       -1.33032673327631
H           -1.60206785995435       -1.99692118321708       -2.75106911286986
H           -2.95820658731146       -3.53880506481977       -4.13952666517515
H           -5.19034699903308       -4.24806317302267       -3.36278343072097
H           -6.07224351656216       -3.41114790060633       -1.21765465427805
H           -4.71715183887124       -1.89442874773551        0.16988040736635
C           -0.23028887862061        1.60054993168275       -0.83723022057838
O           -0.46566021208302        2.73912734345988       -0.96734411633512
C           -0.09766389596190        0.54938811324718        1.14373304350713
O           -0.30959210170062        1.14206721251401        2.12568013565940
O            0.89739013711606       -2.94356357807367       -3.61385704621174
C            0.40266503484980       -2.62583415406673       -4.67184171517739
C            0.76361933427867       -1.46774987021429       -5.48439104766897
C            1.65430791473866       -0.50980566645117       -4.99453701075071
C            1.99957675744764        0.57859934332873       -5.77150758955840
C            1.46478762720342        0.71846823752033       -7.04342746254669
C            0.57295053053239       -0.22480667255058       -7.53646958822915
C            0.21704955646339       -1.31047401236934       -6.76097526328966
H            0.11157953241299       -2.60945672447021       -1.00460333916105
H            0.10743280315827       -0.43458758984754       -1.97158691216489
H           -0.40292760909811       -3.24670142956942       -5.11565558311217
H            2.04917429551665       -0.62399227004835       -3.99691307534710
H            2.68388346787204        1.31818754049783       -5.38331256244032
H            1.73828395279130        1.56820842069543       -7.65237041411972
H            0.15445104595016       -0.10581444041750       -8.52532404647992
H           -0.47909963665050       -2.04647252734246       -7.13951202626836
80
 energy: -120.629124931320 gnorm: 0.003644403180 xtb: 6.7.1 (edcfbbe)
Mn           0.07601551881819       -0.08733805919245       -0.47662897436872
N            0.36192501380585       -2.36333612694172       -0.05795071793646
C            1.73988766235014       -2.81673455587750        0.15001235342000
C            2.67237706048386       -2.03777593570726       -0.76915876121606
P            2.30910113635720       -0.23154206198956       -0.52157758760357
C            3.37707514704880        0.05991434371141        0.94816380717382
C            2.84731281074975       -0.18886578520450        2.21065363860167
C            3.62276487016066       -0.04194581523943        3.34643236353580
C            4.94296573774678        0.36047397591121        3.23319290970326
C            5.47978611200716        0.61156685978471        1.98044764259019
C            4.70572846285257        0.46196458055600        0.84331395829423
C            3.31595624853740        0.58120771945850       -1.80533777015775
C            3.08514486889456        1.94547995665605       -1.97354974013587
C            3.81539462929948        2.67188846965380       -2.89544011083701
C            4.77673045355796        2.03770867712157       -3.66873211203564
C            4.99977513787419        0.67855781136098       -3.51819162560704
C            4.27776058706223       -0.05094800771742       -2.58799477003022
C           -0.61010607090576       -3.04160044956391        0.81894920096665
C           -1.74121632090731       -2.09240266202394        1.23878800534186
P           -1.98137367517206       -0.84507836762203       -0.11506571484798
C           -3.22809434088504        0.30519997346444        0.53800981287203
C           -3.80627734046106        0.27301470438934        1.80106558136421
C           -4.72581912324927        1.24618423529571        2.15847851628915
C           -5.07072395248321        2.24840065953616        1.26747736996544
C           -4.49345038226556        2.28627011915642        0.00684789537222
C           -3.57566810686995        1.31991512938102       -0.35423316303278
C           -3.05391842207389       -1.86648921065647       -1.20477995078958
C           -2.57452493368292       -2.31130175448963       -2.42953410019983
C           -3.34046357672763       -3.15904033578199       -3.21172903624746
C           -4.59228594687643       -3.56012676366297       -2.77714140904633
C           -5.08506325226646       -3.10103619044407       -1.56465968031030
C           -4.32135638070559       -2.25820927538167       -0.77938602656212
H            1.82848574005401       -3.89605927725988       -0.04949033738192
H            2.01612069851426       -2.63647358281063        1.19696077473079
H            2.44218494747841       -2.27571420691524       -1.81358738800169
H            3.71926952077358       -2.26435207648514       -0.54784772511022
H            1.81054152244052       -0.48449038063761        2.30399497549777
H            3.19553758230847       -0.23526263534131        4.32087257328421
H            5.54988239457655        0.48300445477374        4.11879316967264
H            6.50918554482871        0.92758400255191        1.88711583317454
H            5.13736797777009        0.66489648705708       -0.12665263085422
H            2.31703294463777        2.42008758922790       -1.37225445305362
H            3.63379659537835        3.73066391585871       -3.01502860744132
H            5.34836369689969        2.60134483311741       -4.39216664804623
H            5.74245650085395        0.18192189402545       -4.12634576914658
H            4.47057049922673       -1.10830334673700       -2.47965257697144
H           -1.03368745676506       -3.91849562493777        0.30993253373478
H           -0.08586591674048       -3.39512692768366        1.71490212915424
H           -2.66288411030194       -2.64423131820047        1.44513304432431
H           -1.45048521896409       -1.53304345890612        2.13492993948513
H           -3.54452384419703       -0.49801362271588        2.51242676332899
H           -5.17336227830669        1.22248491764727        3.14230033635043
H           -5.78556992815476        3.00530809225698        1.55678523522832
H           -4.75350353277491        3.07241740449791       -0.68744166976904
H           -3.09739435075699        1.33750226575236       -1.32874754484889
H           -1.60154273526010       -1.97583570771846       -2.76489563515427
H           -2.96032371855779       -3.50887306468360       -4.16105362697639
H           -5.18907918475666       -4.22606877314702       -3.38383031143359
H           -6.06758951796511       -3.40334034817912       -1.23089722593609
H           -4.70986092875798       -1.89526899865869        0.16358137679622
C           -0.22899097042289        1.60646780341129       -0.83791372401474
O           -0.47651692218572        2.74130947879228       -0.98027234345939
C           -0.09828418540036        0.53846611538138        1.14945925728056
O           -0.31197538156088        1.12197240062137        2.13653199708165
O            0.90086748350839       -2.95654348377438       -3.59503985253637
C            0.40762986245403       -2.64453170082187       -4.65565238164356
C            0.76334515176072       -1.48451492899385       -5.46758386383363
C            1.63565693649375       -0.51378305144261       -4.96852054380746
C            1.97343100914911        0.57983209677895       -5.74172216021010
C            1.45000557187790        0.71194586042168       -7.01920131476540
C            0.57765009787588       -0.24496316745076       -7.52198280916162
C            0.22852979538914       -1.33561339678056       -6.75031173351102
H            0.12945898478488       -2.59976288329729       -1.02832351982034
H            0.10105960334287       -0.42326609349486       -1.97947712060396
H           -0.39641606297996       -3.26748445948336       -5.09688290497380
H            2.02160035062423       -0.62126711268868       -3.96664614794406
H            2.64261085609710        1.32950342204533       -5.34573514939258
H            1.71703860260789        1.56603249894729       -7.62510459022897
H            0.16790701123287       -0.13222364071663       -8.51538315819654
H           -0.45267020991271       -2.08176989057601       -7.13711011733183
80
 energy: -120.629335881959 gnorm: 0.004661711086 xtb: 6.7.1 (edcfbbe)
Mn           0.07832462433149       -0.08080581289513       -0.47627566941343
N            0.37022739728298       -2.36070049726576       -0.08183385960447
C            1.74862223375936       -2.80797703579197        0.13782199125562
C            2.68519867096758       -2.02030224768361       -0.76936715148903
P            2.31303185680727       -0.21594008766602       -0.51909031880853
C            3.37807687437866        0.07161840718313        0.95353597414763
C            2.85152678846190       -0.19926170678189        2.21320772040982
C            3.62859334315012       -0.06825832930926        3.35000493830620
C            4.94703659772390        0.34078185186268        3.24109699512302
C            5.47988085881383        0.61725091051752        1.99148570909208
C            4.70423531222799        0.48377666540291        0.85338888587838
C            3.31826450441106        0.60135592899305       -1.80137347195844
C            3.07132253038662        1.96148096170714       -1.98257949994000
C            3.79412947419639        2.68833741448206       -2.91001588317825
C            4.76479367211705        2.05880690400372       -3.67562398188614
C            5.00515775369746        0.70401912862438       -3.51104093923553
C            4.29020172318539       -0.02581648526632       -2.57568887253908
C           -0.60895162372820       -3.05362109244331        0.77674990495768
C           -1.73113408049588       -2.10435712805772        1.21998344889988
P           -1.97610342506901       -0.84443769946494       -0.11994541298124
C           -3.22511918144805        0.29786538483320        0.54211290543446
C           -3.79397238611329        0.26385248386081        1.80922914272530
C           -4.72049181382256        1.22966113283405        2.16917987804552
C           -5.08077941361458        2.22572711697101        1.27729506164618
C           -4.51130047809232        2.26628228466478        0.01300957650313
C           -3.58673932112318        1.30752820604571       -0.35057147947632
C           -3.04855298179420       -1.85672482425132       -1.21775240794189
C           -2.57269409250534       -2.28945456129235       -2.44813089740564
C           -3.34090867434195       -3.13020310096967       -3.23588448127775
C           -4.59099259816262       -3.53635396526130       -2.80111401621832
C           -5.08044513564345       -3.08898244034696       -1.58273513662115
C           -4.31458791849431       -2.25317091295011       -0.79226124702775
H            1.84464607309597       -3.88571104917873       -0.06654546439098
H            2.01384350631606       -2.63170326163393        1.18835474530151
H            2.46444899122441       -2.25538879340064       -1.81655140222879
H            3.73120260615864       -2.24365839149575       -0.54056632524139
H            1.81610654395416       -0.50046192831620        2.30350385054380
H            3.20430366377630       -0.28016831832918        4.32216783644803
H            5.55572358850284        0.44861422766478        4.12757339529956
H            6.50758973428564        0.93981499917570        1.90141225524870
H            5.13231841966722        0.70636931548174       -0.11419833835206
H            2.29587353591043        2.43204245268718       -1.38748229663613
H            3.59879235180630        3.74367141083205       -3.04015046554449
H            5.33027726904671        2.62214269600522       -4.40414773669915
H            5.75579931934547        0.21115774066340       -4.11256780034656
H            4.49620965051572       -1.07972786163427       -2.45723231289068
H           -1.04145404015403       -3.91223966658817        0.24344780592523
H           -0.08960770368520       -3.43699725447498        1.66407583747578
H           -2.65328905408160       -2.65419491607404        1.43003395075786
H           -1.42834394376663       -1.55647196097886        2.11949478891103
H           -3.52028915766090       -0.50260043724521        2.52123507412216
H           -5.16168553634490        1.20484701783375        3.15592348400469
H           -5.80173493730965        2.97620454351533        1.56836731307441
H           -4.78296969019006        3.04795660933046       -0.68199828026644
H           -3.11362421463222        1.32601284759742       -1.32768670136521
H           -1.60120439950316       -1.95029161072357       -2.78385728155999
H           -2.96415670932672       -3.47060311617749       -4.19011839402850
H           -5.18904361853302       -4.19703861907755       -3.41237537778968
H           -6.06167374972347       -3.39453837645076       -1.24822053961145
H           -4.69972332228492       -1.89861174923756        0.15539664739248
C           -0.23347814282007        1.61237494219833       -0.83738134859179
O           -0.48375069277257        2.74486324564596       -0.99000894378465
C           -0.09857507131463        0.52680285563244        1.15668263388998
O           -0.31376143308603        1.09902941389646        2.14979210684805
O            0.90100793819253       -2.96774739189173       -3.56600240143075
C            0.41051435354975       -2.66374634608347       -4.63083235013588
C            0.76228134518499       -1.50355627033456       -5.44402049119932
C            1.61286628204097       -0.51801493747115       -4.93538108355671
C            1.94138284959870        0.58100145875338       -5.70494417224705
C            1.43208291806377        0.70278766351286       -6.98925638810675
C            0.58336311021349       -0.27026489250097       -7.50266100249704
C            0.24261505108058       -1.36606576484423       -6.73454362449210
H            0.15195552226841       -2.58892598954517       -1.05764237858000
H            0.11467242539810       -0.40462330807193       -1.98655549177848
H           -0.37984361921605       -3.29947189677812       -5.07698200615802
H            1.98706674595806       -0.61642133810198       -3.92791211026678
H            2.59171808229897        1.34293125617757       -5.30012873237838
H            1.69124287048839        1.56134507048475       -7.59228291037773
H            0.18502256447366       -0.16613282817247       -8.50186430352263
H           -0.42014870717053       -2.12452411599285       -7.13047451651497
80
 energy: -120.629582291807 gnorm: 0.004500207131 xtb: 6.7.1 (edcfbbe)
Mn           0.08101179666763       -0.07379434178326       -0.48101346047311
N            0.37920054382218       -2.35736840915730       -0.10726380355734
C            1.75733007689145       -2.79863466110471        0.12560968262385
C            2.69842802749003       -2.00328312756235       -0.76973637645009
P            2.31754366113681       -0.20083198294653       -0.51584419177529
C            3.38039648196437        0.08190339617980        0.95899225953231
C            2.85690810804767       -0.21130648362781        2.21492638080077
C            3.63510180881245       -0.09509810557905        3.35240669950355
C            4.95132032971919        0.32247280865063        3.24807515561286
C            5.47989662691501        0.62474051990204        2.00259668612049
C            4.70317051809139        0.50589829583591        0.86369378762015
C            3.32024959851408        0.62137429310697       -1.79751656180349
C            3.05552593503188        1.97651810865765       -1.99124153025868
C            3.77042883416633        2.70518135592634       -2.92352482450354
C            4.75157016424956        2.08240949686153       -3.68129534284400
C            5.01089591585109        0.73275903137709       -3.50316792714611
C            4.30356039271845        0.00123309444129       -2.56339872026575
C           -0.60751642048577       -3.06457484690416        0.73155226111621
C           -1.72021780615355       -2.11611048770769        1.19893840328951
P           -1.97006087868852       -0.84361805348504       -0.12724181471066
C           -3.22218505492065        0.28980942523767        0.54360310722525
C           -3.77972957481938        0.25271437889832        1.81557008631987
C           -4.71277543996881        1.21008407265278        2.18130901542429
C           -5.09061870502228        2.20034212018294        1.29023431680386
C           -4.53147140532055        2.24461879685165        0.02121460964056
C           -3.60017211312554        1.29474641020260       -0.34783764186801
C           -3.04236213085335       -1.84712155671738       -1.23320313566464
C           -2.57084922779311       -2.26584752869338       -2.47008487549468
C           -3.34188407534242       -3.09823841354363       -3.26425249776593
C           -4.59008203529368       -3.50998724608782       -2.82934237577994
C           -5.07502166841015       -3.07680760067056       -1.60383685482075
C           -4.30646146352592       -2.24945148766070       -0.80728717585387
H            1.86079544890950       -3.87490147248092       -0.08239782942870
H            2.01119525554213       -2.62556845556129        1.17919254612656
H            2.48779497180320       -2.23613973414814       -1.81945540243010
H            3.74337390806463       -2.22337253063355       -0.53273782703143
H            1.82309297095714       -0.51909823127488        2.30215938429592
H            3.21338850110369       -0.32541330188226        4.32154418025900
H            5.56156132505863        0.41658247479807        4.13492998794935
H            6.50516864606937        0.95603687994174        1.91645382587045
H            5.12746896616519        0.74814470270090       -0.10083139523553
H            2.27176834224095        2.44124756600724       -1.40250074154657
H            3.56006584648291        3.75635088018880       -3.06398128566942
H            5.31009642243551        2.64663424769991       -4.41451426369274
H            5.77045243988903        0.24527670062134       -4.09798001196974
H            4.52434362913416       -1.04867359352508       -2.43500602627037
H           -1.04937685278064       -3.90293772504117        0.17399699878619
H           -0.09413835557079       -3.47848994004107        1.60876801718783
H           -2.64262035835025       -2.66362374828674        1.41395851479357
H           -1.40392544960537       -1.57905302559155        2.10044830448738
H           -3.49251552026678       -0.50954541595361        2.52683174716535
H           -5.14546271720119        1.18291126148992        3.17187307225709
H           -5.81731717056575        2.94362013218452        1.58546342424573
H           -4.81699787700026        3.02198380617351       -0.67316332877682
H           -3.13432435843462        1.31570191731751       -1.32847329840033
H           -1.60096078738356       -1.92259014051922       -2.80613021698716
H           -2.96901116337903       -3.42744912845630       -4.22411447593805
H           -5.19018961777367       -4.16365525519666       -3.44605437121004
H           -6.05462877765260       -3.38662653041082       -1.26845573637917
H           -4.68749500389870       -1.90543041788645        0.14607651529550
C           -0.23995952978517        1.61932395566034       -0.83648011313665
O           -0.49101101873845        2.75043831601464       -0.99234235296489
C           -0.09165764075407        0.51595947674410        1.15904266920376
O           -0.31454838261184        1.07063531011596        2.16070967639235
O            0.89478705585752       -2.97386615223102       -3.52699166739688
C            0.41815793473657       -2.68636522548755       -4.60322423324147
C            0.76152822562160       -1.52296486800789       -5.41546849210878
C            1.58796977606617       -0.52139116808955       -4.89812791492317
C            1.90665240852052        0.58178917455020       -5.66541380642948
C            1.41234967034715        0.69167776221738       -6.95669312557356
C            0.58888404395751       -0.29792691874998       -7.47950464171733
C            0.25780545496697       -1.39819127772762       -6.71377749048900
H            0.17640237695478       -2.57785081963630       -1.08819912717013
H            0.12130256163697       -0.38535199972531       -1.99492820435883
H           -0.35753824124405       -3.33686241533370       -5.05606851568096
H            1.95064809060535       -0.61044737147430       -3.88538275929943
H            2.53750543261686        1.35579129681243       -5.25312138320156
H            1.66319323395230        1.55376308181816       -7.55789312540248
H            0.20287726026436       -0.20365490127971       -8.48463774660802
H           -0.38566153704247       -2.16911421958249       -7.11732513614443
80
 energy: -120.629847340946 gnorm: 0.004808940212 xtb: 6.7.1 (edcfbbe)
Mn           0.08419718100489       -0.06711368614647       -0.48441970869860
N            0.38798094701359       -2.35499200965997       -0.13315137758199
C            1.76503378513697       -2.79076297756990        0.11373754110555
C            2.71089790102945       -1.98948463847551       -0.77090740653067
P            2.32203654525632       -0.18871880567526       -0.51458324916985
C            3.38271794329431        0.09015593907760        0.96240551480884
C            2.86224336845417       -0.22352761921951        2.21425590755355
C            3.64106002009105       -0.11915029032809        3.35203565910839
C            4.95455774187125        0.30856951986363        3.25213312887364
C            5.47873245494441        0.63430921426933        2.01146910854225
C            4.70157834133385        0.52641493435789        0.87188772730761
C            3.32251615000600        0.63945411986293       -1.79482102281723
C            3.03960722562699        1.98905188728287       -1.99849655762175
C            3.74686950713832        2.72139407092910       -2.93381052999876
C            4.73880851676411        2.10760309153451       -3.68460634257707
C            5.01695644540733        0.76346112109147       -3.49580900227017
C            4.31741767694077        0.02844948111498       -2.55309483370402
C           -0.60587321479850       -3.07342641396363        0.68680483413883
C           -1.70911767666893       -2.12617600405749        1.17626269531940
P           -1.96433262045571       -0.84264789664685       -0.13794016972906
C           -3.21943627334496        0.28183945104413        0.54168090039077
C           -3.76390815919178        0.24004697481256        1.81910844670552
C           -4.70244570362168        1.18819946764398        2.19445871986348
C           -5.09885946602023        2.17402901979941        1.30671478132275
C           -4.55254957798378        2.22321413065129        0.03210022862549
C           -3.61534153134363        1.28301994684578       -0.34614097681077
C           -3.03648315442458       -1.83902275069353       -1.25065484180574
C           -2.56983894427791       -2.24206104394758       -2.49454048359843
C           -3.34387829071728       -3.06501620393801       -3.29577886763524
C           -4.59002990950724       -3.48299719892316       -2.86083862912163
C           -5.06951709866315       -3.06627486575417       -1.62736870445956
C           -4.29801086206735       -2.24850495319605       -0.82396413594669
H            1.87535296405103       -3.86594697296810       -0.09590592843756
H            2.00788783426571       -2.61948273624234        1.16970682298306
H            2.51057346715707       -2.22110001860717       -1.82263273459879
H            3.75461615638908       -2.20629968889634       -0.52536269295033
H            1.83047112886019       -0.53899263986242        2.29896341020546
H            3.22161802893587       -0.36607174991494        4.31767054286710
H            5.56582388444478        0.39234219553082        4.13882525105841
H            6.50104083561634        0.97564705593162        1.92969887878863
H            5.12255473820397        0.78582831298935       -0.08899796166143
H            2.24705978372716        2.44602554462269       -1.41559329926160
H            3.52158536682765        3.76798494553278       -3.08255548911068
H            5.29038723094208        2.67446460395176       -4.42093754254038
H            5.78549097757273        0.28304962785008       -4.08478318112413
H            4.55287395679251       -1.01714486645888       -2.41656577859313
H           -1.05660612300146       -3.89116035594008        0.10798511905352
H           -0.09886427142620       -3.51505386345442        1.55298744786069
H           -2.63125439595792       -2.67161604378130        1.39678571552741
H           -1.37969835985825       -1.59847950678873        2.07834373842787
H           -3.46258235015593       -0.51946068301749        2.52732181739154
H           -5.12476039636443        1.15696591972529        3.18945213268552
H           -5.83005005468586        2.90991510940901        1.60904270554066
H           -4.85324127789229        2.99725104253300       -0.65954019681560
H           -3.15923085582351        1.30845651819084       -1.33128078261376
H           -1.60171900241041       -1.89390766924797       -2.83059519301768
H           -2.97490541313393       -3.38162640584257       -4.26147839242776
H           -5.19277898147289       -4.12839300994055       -3.48350383068666
H           -6.04718354089916       -3.38158028726854       -1.29128246643671
H           -4.67470956265073       -1.91696284393592        0.13564419872915
C           -0.24698893439339        1.62604289446885       -0.83122182088175
O           -0.50013962572517        2.75682650830661       -0.98292489719104
C           -0.08161389137309        0.50946265657665        1.16032670304874
O           -0.31373661009591        1.04615532258999        2.16988987802492
O            0.88225415018295       -2.97559078941426       -3.48075685910898
C            0.42401971960918       -2.70572602661011       -4.57032016350255
C            0.76093845941632       -1.54080615049559       -5.38273317938434
C            1.56541703108883       -0.52511494323626       -4.86035174227424
C            1.87360171686811        0.58091414390556       -5.62728008089172
C            1.39249180824800        0.67890416290374       -6.92427009737270
C            0.59298048009639       -0.32583566126305       -7.45332103013434
C            0.27172498038244       -1.42880537581071       -6.68758943299087
H            0.20031467429300       -2.56900698620661       -1.11817162497140
H            0.12505732513898       -0.36783403365281       -1.99593930895407
H           -0.32034180918312       -3.38358464527990       -5.04191278936641
H            1.91750094891653       -0.60461811064219       -3.84305502312529
H            2.48566926339821        1.36625204766740       -5.21000151008540
H            1.63561326178641        1.54285615000872       -7.52546808387178
H            0.21841409010252       -0.24156703002230       -8.46343907618390
H           -0.35409741475271       -2.21086644930009       -7.09529436710809
80
 energy: -120.630093655854 gnorm: 0.005440773935 xtb: 6.7.1 (edcfbbe)
Mn           0.08661427042954       -0.06108922090516       -0.48722081816962
N            0.39696818532172       -2.35346823847805       -0.15990240955590
C            1.77266361790848       -2.78376426273439        0.10076186380110
C            2.72391349719791       -1.97608587868297       -0.77251493014033
P            2.32569763402615       -0.17708409161904       -0.51528975500682
C            3.38437409486932        0.09859832536436        0.96406062468665
C            2.86763074602080       -0.23622453833865        2.21197779001643
C            3.64697001541631       -0.14226226638117        3.35009756503197
C            4.95718778902177        0.29725124823732        3.25460860959384
C            5.47625820074160        0.64689612622582        2.01881322231894
C            4.69887312376164        0.54804372916042        0.87828086251994
C            3.32473531528459        0.65789910356878       -1.79299001773886
C            3.02326308068658        2.00167462887770       -2.00550065654698
C            3.72333332234655        2.73868715176902       -2.94264615150273
C            4.72639346033904        2.13496411760273       -3.68665601253343
C            5.02358269490200        0.79640983486104       -3.48831839885829
C            4.33169966164736        0.05704372361648       -2.54351713592251
C           -0.60450544636616       -3.08355124058651        0.63997649954120
C           -1.69815275610510       -2.13785079716885        1.15250402339357
P           -1.95954109591705       -0.84248808411487       -0.14939057406837
C           -3.21718027165828        0.27312461079841        0.53925259695327
C           -3.74710453682505        0.22585746507702        1.82253473422834
C           -4.69055380067795        1.16425619595353        2.20956226677384
C           -5.10651288296810        2.14626394449018        1.32649154992508
C           -4.57454090877223        2.20110481703975        0.04597318105459
C           -3.63191452877334        1.27101205357182       -0.34360223687535
C           -3.03184568627536       -1.83040229325639       -1.26984042133353
C           -2.57020893937468       -2.21516768903545       -2.52146923154871
C           -3.34636353281418       -3.02835577205973       -3.33061304703011
C           -4.58991616196166       -3.45444177942954       -2.89578384183315
C           -5.06385398002267       -3.05665247540933       -1.65380805646017
C           -4.29003267413653       -2.24907940056449       -0.84240770422964
H            1.88986989143719       -3.85784952458335       -0.11129949821575
H            2.00413540698774       -2.61519104665843        1.15942126472842
H            2.53503477547476       -2.20681170451559       -1.82624539739348
H            3.76625585357678       -2.18924409260246       -0.51762754029657
H            1.83828793162258       -0.56019971544743        2.29454894140778
H            3.23033631137674       -0.40655922202723        4.31220592837343
H            5.56935088654718        0.37217343203922        4.14121869387656
H            6.49528923138646        0.99895238869314        1.94160537616731
H            5.11672293957851        0.82468876612185       -0.07879105106967
H            2.22137290528718        2.45004674719740       -1.42872037449725
H            3.48317265012109        3.78059740061690       -3.09879749789084
H            5.27131854910884        2.70553963253727       -4.42494024414882
H            5.80122479947711        0.32384174785511       -4.07164877474141
H            4.58219194484414       -0.98397562401131       -2.39901840310441
H           -1.06434172349728       -3.87888971999102        0.03803678303201
H           -0.10441957588815       -3.55461073142440        1.49426820445515
H           -2.61986964594554       -2.68190218985970        1.37680642626174
H           -1.35645884812829       -1.62048724396643        2.05582815947844
H           -3.43009826650211       -0.53130325757939        2.52643121892114
H           -5.10137071001142        1.12804134257798        3.20919309279940
H           -5.84185442146450        2.87439162200561        1.63737238148791
H           -4.89143014097992        2.97220029956211       -0.64176831222254
H           -3.18770376228839        1.30208005562762       -1.33403440146663
H           -1.60420165310551       -1.86033713272083       -2.85664844723578
H           -2.98097845697826       -3.33035824807532       -4.30244053017365
H           -5.19518879770429       -4.09097403667918       -3.52496751576128
H           -6.03934404995684       -3.37894369674635       -1.31777686565451
H           -4.66289063182571       -1.93221313139158        0.12374233365949
C           -0.25484859243381        1.63253481611593       -0.82071342284231
O           -0.51285329142888        2.76361998165655       -0.96209450722949
C           -0.07709365324542        0.50227578128449        1.16180961534275
O           -0.30638339782490        1.02795965923974        2.17683859390466
O            0.86749122412322       -2.97996904481441       -3.43230027718984
C            0.43965413410868       -2.73312305382292       -4.54037582222735
C            0.76307529211605       -1.56111625218022       -5.34790991939783
C            1.54299644616518       -0.52893829020407       -4.82011594596278
C            1.83930237989945        0.57999499271489       -5.58741178825928
C            1.37111890774766        0.66503397966394       -6.89002262558114
C            0.59651100760091       -0.35591540529038       -7.42467167076383
C            0.28651104191006       -1.46162316556963       -6.65828786013563
H            0.22487448199723       -2.55969586496115       -1.14923122805505
H            0.13526868523151       -0.34525219646306       -1.99254827617275
H           -0.28166939590941       -3.42884032559865       -5.02519472022090
H            1.88684518584142       -0.59937333998169       -3.79947474785481
H            2.43199819167167        1.37750849377840       -5.16608842805888
H            1.60542773588944        1.53122060157829       -7.49143149521960
H            0.23265419348034       -0.28195781076635       -8.43923692934434
H           -0.32080481648158       -2.25612148979980       -7.06921032787916
80
 energy: -120.630326070746 gnorm: 0.004473463591 xtb: 6.7.1 (edcfbbe)
Mn           0.09016634716724       -0.05541305857676       -0.49298064977145
N            0.40464843189250       -2.35191860660969       -0.18423152612825
C            1.77882569958388       -2.77836900401079        0.08823223252464
C            2.73539970816883       -1.96454222971046       -0.77412381920889
P            2.32926476934652       -0.16716172399269       -0.51547602164001
C            3.38640700119924        0.10671256750323        0.96532405292920
C            2.87337909184724       -0.24661401559930        2.20973835636841
C            3.65303765827251       -0.15993786562611        3.34806627357442
C            4.95970862776371        0.29134083927807        3.25628117728386
C            5.47395402512741        0.66130446813209        2.02462503353808
C            4.69653774637251        0.56849586485475        0.88327299104484
C            3.32558160582322        0.67389754169845       -1.79202355903197
C            3.00854314457137        2.01268271795827       -2.01117632861409
C            3.70332414707265        2.75442616861385       -2.94856308091475
C            4.71615335701226        2.15996030391215       -3.68666737148962
C            5.02928081407557        0.82619149221724       -3.48122193366851
C            4.34303889378378        0.08240029229933       -2.53585631926014
C           -0.60396099500058       -3.09264709284157        0.59706355857851
C           -1.68978335416560       -2.14950324391557        1.13002399689551
P           -1.95498823330118       -0.84258418708893       -0.16044657599213
C           -3.21509066793848        0.26443937521109        0.53719643433914
C           -3.73124860697527        0.21181364159701        1.82585296144303
C           -4.67848477090343        1.14139394535968        2.22441491005618
C           -5.11200135036538        2.12067888626368        1.34667219416446
C           -4.59360944124442        2.18113024359347        0.06098415661252
C           -3.64691759624287        1.25988809264437       -0.34007261704220
C           -3.02834309768480       -1.82215012410072       -1.28770725912516
C           -2.57126901886731       -2.18833066197610       -2.54673821421923
C           -3.34845086820376       -2.99262927553785       -3.36365274284252
C           -4.58903451289113       -3.42797508315367       -2.92914275630714
C           -5.05829615081914       -3.04898085280236       -1.67953356130888
C           -4.28315215683354       -2.25069724139455       -0.86013537477403
H            1.90180161333732       -3.85136244290391       -0.12724305700700
H            2.00023581707900       -2.61372525688418        1.14968814029092
H            2.55720633717621       -2.19424783309018       -1.82973075054943
H            3.77622366298274       -2.17468802140455       -0.51070381899830
H            1.84648273856677       -0.57878938363510        2.29026739267226
H            3.23957153720499       -0.44001499855561        4.30712964425790
H            5.57244843570772        0.36024222659781        4.14297616216624
H            6.48978057784937        1.02321117938848        1.95109605993396
H            5.11148306633679        0.86019987786996       -0.07060570498214
H            2.19854274446017        2.45325472511995       -1.43979084658266
H            3.45081686099309        3.79241231100277       -3.11019341359439
H            5.25614135218341        2.73438004761584       -4.42548136840438
H            5.81490914740657        0.36095440184672       -4.05970890926878
H            4.60658725577259       -0.95442243341211       -2.38457518789188
H           -1.07117412661314       -3.86750961416230       -0.02554684526292
H           -0.11037543519854       -3.59005294894903        1.44028156738160
H           -2.61094770690793       -2.69343556200309        1.35597045071276
H           -1.33840101188376       -1.64249498887777        2.03539213281120
H           -3.39958298539130       -0.54361604706701        2.52492073297539
H           -5.07849879696032        1.10026158477554        3.22812017643198
H           -5.85058071836295        2.84188159628537        1.66600445986763
H           -4.92496768460425        2.95015466433854       -0.62228543419684
H           -3.21455694433924        1.29679631703925       -1.33544477462441
H           -1.60758817746833       -1.82574023321044       -2.88043120613782
H           -2.98612493080084       -3.27977572508835       -4.34116586398825
H           -5.19606382712205       -4.05668617679863       -3.56444875129190
H           -6.03158071625046       -3.37891562454715       -1.34426588903923
H           -4.65325363481202       -1.94864671955764        0.11181190606941
C           -0.25928534374669        1.64000685701713       -0.80645166535697
O           -0.52887282244050        2.77105151041381       -0.93052813159603
C           -0.07185761220535        0.49520671316088        1.16073545595113
O           -0.29783697799140        1.01089418844621        2.18158576632531
O            0.85736550497580       -2.99019732766675       -3.39239211588186
C            0.44995764155495       -2.75452038943340       -4.50958077470548
C            0.76622134468834       -1.58025126434860       -5.31552795118128
C            1.52693787028885       -0.53517357408692       -4.78521007491564
C            1.81032670923940        0.57712708876304       -5.55292753510925
C            1.35134551650029        0.65146484952200       -6.85932282322260
C            0.59767633312595       -0.38321371611998       -7.39740534800443
C            0.29861076259453       -1.49113626435654       -6.62979317473102
H            0.24639326482016       -2.55044706667028       -1.17743599585212
H            0.12514483610028       -0.32679844556057       -1.99128623818606
H           -0.23714755769412       -3.47313607268827       -5.01332787992898
H            1.86488683102682       -0.59703206176319       -3.76217741856489
H            2.38557817354055        1.38604283342359       -5.12885051261933
H            1.57706958680465        1.51990822090863       -7.46108026162129
H            0.24170055190825       -0.31800683222896       -8.41505702925403
H           -0.29294865079642       -2.29667211207614       -7.04229575519089
80
 energy: -120.630544630489 gnorm: 0.003821821725 xtb: 6.7.1 (edcfbbe)
Mn           0.09189685635802       -0.05197910769721       -0.49381492661101
N            0.40976531813197       -2.35215663075291       -0.20654994409893
C            1.78257640586469       -2.77613745510892        0.07605696400011
C            2.74383179495721       -1.95715370812950       -0.77656076604168
P            2.33055296467907       -0.16109906181872       -0.51868391238972
C            3.38579313046085        0.11428550693717        0.96358855417647
C            2.87718390921150       -0.25323445858926        2.20557922064239
C            3.65736595323395       -0.16956306403862        3.34367763311308
C            4.95997928274602        0.29325939079340        3.25460171809170
C            5.46971545350923        0.67737192611319        2.02603051065978
C            4.69206128054153        0.58697045681128        0.88452367121143
C            3.32543909254851        0.68565981675403       -1.79261828653894
C            2.99656005830418        2.02068277322632       -2.01494692710504
C            3.68822250867911        2.76769693653753       -2.95018421712213
C            4.70931428195482        2.18173081871972       -3.68351667008059
C            5.03422850893689        0.85172913247824       -3.47500788825493
C            4.35131259571756        0.10287099135155       -2.53124741092789
C           -0.60432753702173       -3.09953412773798        0.56042189105373
C           -1.68450476336146       -2.16012302615736        1.10927005927263
P           -1.95314841320904       -0.84364541340665       -0.17061286184735
C           -3.21463211767011        0.25564571077815        0.53633548831467
C           -3.71746163113158        0.19776573309739        1.82991863669547
C           -4.66641469514083        1.12026013813673        2.23981222241972
C           -5.11436338560453        2.09853274810263        1.36847947902255
C           -4.60898792345648        2.16452362184152        0.07826547723737
C           -3.66067023913382        1.24997925298510       -0.33446000786684
C           -3.02610578566355       -1.81546489332783       -1.30479433475074
C           -2.57304974785838       -2.16292813334986       -2.57047156674668
C           -3.35055461829556       -2.95898388226526       -3.39492474956499
C           -4.58768863739515       -3.40475861462414       -2.96101888315793
C           -5.05308636957279       -3.04445368803003       -1.70474802849161
C           -4.27752648010273       -2.25436565771195       -0.87785038237232
H            1.91005586410643       -3.84814295627800       -0.14220670565679
H            1.99547222924150       -2.61523645529016        1.14009682499041
H            2.57507897670886       -2.18606869952293       -1.83367029699820
H            3.78300942344410       -2.16486358149784       -0.50568111110279
H            1.85314298423435       -0.59396707461676        2.28451992488492
H            3.24782686389534       -0.46200842526747        4.30042360762403
H            5.57288067587146        0.36050938093924        4.14134824430788
H            6.48255442611479        1.04770350421836        1.95466867570060
H            5.10447962392602        0.88957143986217       -0.06684816547278
H            2.17977962413856        2.45382725229838       -1.44769097028854
H            3.42658741010238        3.80282678574018       -3.11390522221584
H            5.24702578087634        2.76024815185915       -4.42057196895350
H            5.82651779472622        0.39369321596348       -4.04988319134037
H            4.62413168475030       -0.93046641834825       -2.37638564479851
H           -1.07600854350382       -3.85793849813466       -0.07592356831527
H           -0.11538745951136       -3.61558592542057        1.39338337738068
H           -2.60476577896179       -2.70509367347944        1.33633284996594
H           -1.32615585178340       -1.66205094853501        2.01642976907054
H           -3.37356926084351       -0.55710574878517        2.52328198196232
H           -5.05610396125962        1.07450159457338        3.24711686277640
H           -5.85411217018506        2.81449160987141        1.69644623896483
H           -4.95176250423359        2.93296895455542       -0.59962463542095
H           -3.23910085192760        1.29251587963317       -1.33388712929386
H           -1.61219202044415       -1.79170852140491       -2.90277629734191
H           -2.99113779076000       -3.23111413150897       -4.37760896094705
H           -5.19551178086634       -4.02700654190415       -3.60196839966750
H           -6.02387386445880       -3.38252469082218       -1.37036217482199
H           -4.64541944615934       -1.96684101596314        0.09908457174558
C           -0.26044709331378        1.64667955476117       -0.78332634605458
O           -0.54079027995952        2.77833117647524       -0.88150601061548
C           -0.07223984521590        0.48895972472761        1.16279664829705
O           -0.28775703958665        1.00260046249893        2.18666519492503
O            0.85018864041488       -3.00118760518267       -3.35860896758254
C            0.46473494685807       -2.77608763637379       -4.48483959899720
C            0.77253644939055       -1.59928023815836       -5.28922619693654
C            1.51791268572614       -0.54393497071773       -4.75800183109797
C            1.78880126370135        0.57144922597793       -5.52647686777703
C            1.33414635700913        0.63863030167771       -6.83421351340924
C            0.59591058250970       -0.40594351299918       -7.37303039274224
C            0.30869814949185       -1.51689419503539       -6.60495414432617
H            0.26251195679174       -2.54503477535851       -1.20228593518174
H            0.12035877295739       -0.31039718974723       -1.99033014587849
H           -0.19688344794217       -3.50654612508197       -4.99829787340134
H            1.85388801297198       -0.59914738171735       -3.73434278246914
H            2.35132027864775        1.38847182282983       -5.10204743644890
H            1.55142984274049        1.50927506104817       -7.43643593879199
H            0.24313059747801       -0.34631188543844       -8.39153431266129
H           -0.27174929884907       -2.33010607824539       -7.01698563940578
80
 energy: -120.630750137230 gnorm: 0.003703448585 xtb: 6.7.1 (edcfbbe)
Mn           0.09328772963405       -0.04875276554304       -0.49416059246098
N            0.41488831732171       -2.35149221289094       -0.23086915835001
C            1.78674353088120       -2.77293148553137        0.06138641072039
C            2.75316448106276       -1.94657051024977       -0.77880978706432
P            2.33177517641974       -0.15222388080160       -0.52022852480547
C            3.38507468220806        0.12423796553473        0.96338046089876
C            2.88153538543619       -0.25994042077329        2.20309219853998
C            3.66266690358738       -0.18090908856314        3.34114373810830
C            4.96091754096997        0.29434659233571        3.25484864602809
C            5.46547258056225        0.69591672302192        2.02871737677648
C            4.68699317152425        0.61011756539109        0.88719722576422
C            3.32442116130332        0.69984448588325       -1.79233948959520
C            2.98347512024668        2.03150789534855       -2.02015626811411
C            3.67211465225251        2.78278434606528       -2.95416555631383
C            4.70212764860979        2.20411268489777       -3.68117509558435
C            5.03949249795395        0.87760711645908       -3.46703612459502
C            4.35947101441490        0.12460663989004       -2.52425634871707
C           -0.60553658064625       -3.11090740018173        0.51817298547852
C           -1.67884860983563       -2.17458573040621        1.08708869873537
P           -1.95122409951567       -0.84511095872430       -0.17831405318067
C           -3.21410718509902        0.24531129815444        0.53982994506130
C           -3.70342702171248        0.18291504003861        1.83845290147688
C           -4.65460802381665        1.09863507966305        2.25796853523391
C           -5.11776295856584        2.07469427009993        1.39165894714891
C           -4.62507476241120        2.14579068086236        0.09688801536619
C           -3.67461407266713        1.23771124992322       -0.32571860509781
C           -3.02362870840249       -1.80583167398258       -1.32243070272508
C           -2.57454855034824       -2.13233621275137       -2.59542423835286
C           -3.35171687022768       -2.92010326208690       -3.42824371525832
C           -4.58472252431453       -3.37834934885648       -2.99527127770060
C           -5.04669762722438       -3.03848526243608       -1.73183126129755
C           -4.27145670602278       -2.25645958873448       -0.89678248811139
H            1.91921602409706       -3.84320495222537       -0.16298547435143
H            1.99007325645342       -2.61851352905575        1.12871323664152
H            2.59523018474982       -2.17342728099684       -1.83823773115751
H            3.79064474251564       -2.15138703068244       -0.49937450930788
H            1.86065430736155       -0.61052353313118        2.27986612437825
H            3.25778365601971       -0.48768616862401        4.29583730304440
H            5.57438863458352        0.35787173378617        4.14197163416865
H            6.47515993138868        1.07531900268139        1.95888657274399
H            5.09583473745601        0.92643838501690       -0.06205713175508
H            2.15955730728107        2.45828980570602       -1.45812042763206
H            3.40111485696568        3.81539268988257       -3.12155059515935
H            5.23793031746114        2.78571828085084       -4.41726792419452
H            5.83930589929832        0.42586328352294       -4.03669774780144
H            4.64249096447553       -0.90546511244594       -2.36386781556217
H           -1.08384146897251       -3.84963752685727       -0.13973605253759
H           -0.12179054195857       -3.65303499082047        1.34034181133409
H           -2.59904345893415       -2.72021318755224        1.31357607577029
H           -1.31279856429699       -1.68883206308789        1.99839547839312
H           -3.34651497897465       -0.57008738625536        2.52746217650098
H           -5.03408260519296        1.04945600269326        3.26897581947181
H           -5.85942989943802        2.78529715086974        1.72701417941306
H           -4.97928165612721        2.91285800191098       -0.57688049737316
H           -3.26303423740051        1.28432275094402       -1.32892868927001
H           -1.61685058341194       -1.75150709780478       -2.92610781909728
H           -2.99554179993753       -3.17556324308183       -4.41677645877302
H           -5.19224651626489       -3.99469007598208       -3.64244079122921
H           -6.01463508382906       -3.38559950976288       -1.39837196435883
H           -4.63707354969873       -1.98450200133404        0.08561121931655
C           -0.26164905318514        1.65369011063068       -0.75767333332735
O           -0.55074229210297        2.78556778064070       -0.83066296843387
C           -0.07370345322341        0.47827775333673        1.16712936043577
O           -0.27974747388388        0.98932409048175        2.19480853763218
O            0.84738293323246       -3.01475089459879       -3.32601010996977
C            0.47904165463220       -2.79999689637361       -4.46012945958940
C            0.77854784399084       -1.62067100041111       -5.26377653117633
C            1.50581082281811       -0.55300065744846       -4.72866878264797
C            1.76409133004063        0.56613180590122       -5.49639719727921
C            1.31476963306144        0.62562564914469       -6.80668031380399
C            0.59509974845084       -0.43152935560989       -7.34967524668810
C            0.32097764957304       -1.54686421231696       -6.58305095899487
H            0.27997860162636       -2.53563849000558       -1.23066328509356
H            0.11657858666630       -0.29120654521213       -1.99608306426268
H           -0.15663000523220       -3.54433364886073       -4.98199567650145
H            1.83958200562319       -0.60143592828018       -3.70381362485001
H            2.31231681232912        1.39238948905001       -5.06911689744782
H            1.52170271057400        1.49999867368201       -7.40769021596015
H            0.24571593714233       -0.37785130801017       -8.36999415526437
H           -0.24557050110605       -2.36978441436231       -6.99801271827552
80
 energy: -120.630945183926 gnorm: 0.004617925499 xtb: 6.7.1 (edcfbbe)
Mn           0.09134444574549       -0.04891978479876       -0.49362977122907
N            0.41577374196784       -2.35144670295304       -0.24847006181615
C            1.78657891312281       -2.77281316097690        0.04888013955062
C            2.75658225655456       -1.94134574771119       -0.78178116621135
P            2.32987516888673       -0.14834934455104       -0.52183610970464
C            3.38329981195439        0.13070223024932        0.96112521310719
C            2.88444117391955       -0.26083407674395        2.19964474178168
C            3.66596025154664       -0.17788305667287        3.33689041031810
C            4.95978943622328        0.30877535767840        3.25128851620787
C            5.46008691288138        0.71659328513712        2.02609467575303
C            4.68109062091263        0.62759034801114        0.88556270594440
C            3.32023897153920        0.70729668343861       -1.79323865255544
C            2.97520083174275        2.03760681997777       -2.02106687916158
C            3.66491880476153        2.79288391982825       -2.95094681033982
C            4.70013356676584        2.21943306765159       -3.67412537280221
C            5.04148869269433        0.89444001397145       -3.46042047999764
C            4.36041060487682        0.13747362196933       -2.52142222476191
C           -0.60697182539199       -3.11834920278544        0.48950629958019
C           -1.67868820337279       -2.18844877017258        1.06995747547731
P           -1.95274784589244       -0.84810993833359       -0.18265765698550
C           -3.21590275500032        0.23534234067446        0.54515453683016
C           -3.69476337240284        0.16920903691755        1.84725940941366
C           -4.64451927216868        1.08168392534894        2.27563595780784
C           -5.11645246123236        2.05811572887861        1.41517236872568
C           -4.63386476314428        2.13331829121935        0.11716307223566
C           -3.68485583915458        1.22814021708427       -0.31448442619961
C           -3.02332627948754       -1.79825580260179       -1.33692938942541
C           -2.57654746861246       -2.10533641855217       -2.61530032264946
C           -3.35164811043508       -2.88698271387800       -3.45551739112503
C           -4.58032491321718       -3.35850438214694       -3.02445133167803
C           -5.04063989191953       -3.03731932689881       -1.75591426151799
C           -4.26759005892756       -2.26088109242744       -0.91377274704479
H            1.92135040951082       -3.84140361703099       -0.18137659655277
H            1.98433828819502       -2.62484961792399        1.11795312701284
H            2.60685625930982       -2.16632647430707       -1.84276359514719
H            3.79250416080121       -2.14432762762214       -0.49581600245592
H            1.86678901156593       -0.62067739578464        2.27531917357025
H            3.26515629128444       -0.49063943363933        4.29055566373976
H            5.57331646780605        0.37552588974413        4.13814178319163
H            6.46667986265421        1.10380530013820        1.95580461838885
H            5.08669927793724        0.94959727156122       -0.06270392912693
H            2.14714057791244        2.45987002669207       -1.46213373715904
H            3.39129561418099        3.82463247905868       -3.11729115226970
H            5.23760573805856        2.80403502673607       -4.40669084397084
H            5.84583803257095        0.44732531491706       -4.02685829681443
H            4.64744723312952       -0.89097251499599       -2.36013645386211
H           -1.08587150817855       -3.84553879541372       -0.17790039661277
H           -0.12581485135720       -3.67182518209003        1.30331644163306
H           -2.59845496906050       -2.73630437996965        1.29357091079640
H           -1.31036874831925       -1.71157384942244        1.98459005649368
H           -3.32964238702867       -0.58347393098653        2.53161645617427
H           -5.01583570440510        1.03005678817327        3.28933987897939
H           -5.85702086327092        2.76622501404196        1.75757471041256
H           -4.99445128838471        2.90087848144531       -0.55207743749305
H           -3.28100210103691        1.27776955927958       -1.32029885684262
H           -1.62197037290966       -1.71474759098596       -2.94370451613657
H           -2.99745614996263       -3.12708104237271       -4.44829310880194
H           -5.18583325909019       -3.97110571246426       -3.67690466429355
H           -6.00552830227455       -3.39415326093388       -1.42394963547495
H           -4.63223953051304       -2.00308070707778        0.07254548527131
C           -0.26296709744786        1.65863496905905       -0.72459882523028
O           -0.55355634981872        2.79262838955915       -0.76161953753382
C           -0.07497576703050        0.46887966789063        1.17053790935453
O           -0.27255282939973        0.98116165987014        2.19977526147418
O            0.84865943877422       -3.02754959828767       -3.30694614645987
C            0.49310938340376       -2.81959641905986       -4.44600840106713
C            0.78519313096791       -1.63751392902807       -5.24854701092973
C            1.50510788489456       -0.56601144650810       -4.71437257070932
C            1.75404750744360        0.55483804258237       -5.48184182114102
C            1.30170234310449        0.61311047120083       -6.79064240547142
C            0.58955074068518       -0.44799890305504       -7.33297331331086
C            0.32633193476514       -1.56598044912696       -6.56739180838295
H            0.28776098766258       -2.53076754217436       -1.24970235036341
H            0.11102128386951       -0.27526658842103       -2.00290892897543
H           -0.11943578869663       -3.57552704807193       -4.97396718998898
H            1.84325223747477       -0.61283032817273       -3.69132454160004
H            2.29680941276642        1.38373715996933       -5.05513584382093
H            1.49981788599562        1.48986931321472       -7.39079806389762
H            0.23747807114046       -0.39561539052009       -8.35236773745073
H           -0.23383208514201       -2.39262318491566       -6.98226006653788
80
 energy: -120.631152651001 gnorm: 0.004277459706 xtb: 6.7.1 (edcfbbe)
Mn           0.08961347407850       -0.04814058399811       -0.48741641615537
N            0.41679600998994       -2.35102781249955       -0.26860558557907
C            1.78672684792586       -2.77186984287314        0.03432846427170
C            2.76065106014238       -1.93333655569212       -0.78459070185528
P            2.32820832822621       -0.14192711547128       -0.52171100448481
C            3.38169848914990        0.13983372501862        0.96053673765270
C            2.88820124343171       -0.26224127781551        2.19806065023586
C            3.67033040007803       -0.17661229268524        3.33479396254699
C            4.95953316902080        0.32254232534113        3.24964181757468
C            5.45470809275286        0.73968142445970        2.02511390913432
C            4.67477448508861        0.64914912643770        0.88533327570809
C            3.31630700712438        0.71771892925741       -1.79238658511649
C            2.96646271984675        2.04660645911921       -2.02281357168635
C            3.65741780278585        2.80441308064165       -2.94995051476573
C            4.69822303688242        2.23491311406416       -3.66811812306759
C            5.04382075880548        0.91112869997605       -3.45239194992410
C            4.36208982762912        0.15189486528352       -2.51567735226554
C           -0.60868533013555       -3.12860367718941        0.45554785246063
C           -1.67872794873753       -2.20598031791796        1.05080650661887
P           -1.95380996127848       -0.85086786520071       -0.18564765117751
C           -3.21684237639322        0.22450644685619        0.55420150783708
C           -3.68536837968362        0.15534086940768        1.85994240361099
C           -4.63494476423574        1.06443317765271        2.29601560464545
C           -5.11643761611865        2.04028097640320        1.44003366495055
C           -4.64347921639200        2.11899451686059        0.13861419875405
C           -3.69492859734863        1.21705316748056       -0.30075632547007
C           -3.02296879961693       -1.78865606360256       -1.35091009472554
C           -2.57799109816302       -2.07434625201520       -2.63500856032556
C           -3.35047720199293       -2.84909845341297       -3.48404811817139
C           -4.57449526445985       -3.33532085911563       -3.05577762752168
C           -5.03369281877349       -3.03440586566020       -1.78172639232036
C           -4.26351806111468       -2.26411984369709       -0.93110514516252
H            1.92448255133418       -3.83817139924840       -0.20444073656895
H            1.97779874623357       -2.63227101697770        1.10555228278238
H            2.62060592424053       -2.15529210355960       -1.84761728894200
H            3.79497025385737       -2.13404707124814       -0.49086527047075
H            1.87420965952804       -0.63276561567220        2.27294943560129
H            3.27373000744672       -0.49694982003974        4.28782567232239
H            5.57346790808905        0.39124511236665        4.13610025719389
H            6.45774281952101        1.13630511688691        1.95458058131631
H            5.07616056502656        0.97880209134281       -0.06217049797331
H            2.13395721924488        2.46571814235033       -1.46810501057967
H            3.38105983525116        3.83542759278523       -3.11744791296459
H            5.23704933648155        2.82151687332510       -4.39825634597203
H            5.85249162555169        0.46694716934602       -4.01473524845763
H            4.65278205683298       -0.87532627604888       -2.35258731825810
H           -1.08858823728110       -3.84278375114333       -0.22504602904617
H           -0.13002650589650       -3.69776038123471        1.26014261143586
H           -2.59845884210462       -2.75596817877830        1.26971424770751
H           -1.30773196162452       -1.74105639587133        1.97076472176043
H           -3.31216315956025       -0.59665782592359        2.54060967764119
H           -4.99873760720478        1.01105266731637        3.31239491841278
H           -5.85662433298215        2.74577031541852        1.78870546474449
H           -5.01069821388415        2.88648870360726       -0.52713214927130
H           -3.29788113763010        1.26897526725833       -1.30917307142986
H           -1.62681534330284       -1.67265866538970       -2.96055242080079
H           -2.99786823184965       -3.07243599437148       -4.48137338453760
H           -5.17709199259576       -3.94407305722556       -3.71451092141414
H           -5.99525642268287       -3.40222428535524       -1.45189973059021
H           -4.62743856635813       -2.02136997113835        0.05945078089289
C           -0.26643645615513        1.66260763440824       -0.68968428642649
O           -0.55582064924350        2.79743884198994       -0.69822440183344
C           -0.07416512126762        0.45938902123581        1.17974757870350
O           -0.27400204533334        0.96812578940190        2.21060249828215
O            0.85375778363532       -3.04463306818481       -3.29251818719824
C            0.50848330166992       -2.84419694941642       -4.43645950217312
C            0.79244918684191       -1.65824571174722       -5.23668824516161
C            1.50330361805550       -0.58164188881220       -4.70083394401876
C            1.74134923940881        0.54361861639172       -5.46535406440069
C            1.28607921051230        0.60133149249936       -6.77321570943965
C            0.58439955022033       -0.46599195113828       -7.31817136501814
C            0.33316821604023       -1.58848071409435       -6.55555426853745
H            0.29666198358483       -2.52370201844209       -1.27216228874052
H            0.10806122985427       -0.25855844286042       -2.00248464356897
H           -0.08562033442872       -3.61067575404117       -4.96935036825557
H            1.84413159594722       -0.62699738417013       -3.67833728472160
H            2.27714495735231        1.37640324657415       -5.03658522284179
H            1.47446158819033        1.48156242608184       -7.37102082214498
H            0.23037726553504       -0.41463568418238       -8.33724761768574
H           -0.21968673234349       -2.41904673907620       -6.97195784744089
80
 energy: -120.631373468038 gnorm: 0.003329793189 xtb: 6.7.1 (edcfbbe)
Mn           0.08719149419779       -0.04757928428675       -0.48144723912172
N            0.41687146094965       -2.34953531738838       -0.28681124924353
C            1.78593686612349       -2.77067765381586        0.02000820332508
C            2.76322423512561       -1.92443006691033       -0.78664498651862
P            2.32584207328779       -0.13465916532756       -0.51896550601179
C            3.38098901402673        0.14893429561256        0.96133792237861
C            2.89303750807919       -0.26200780306709        2.19815177599313
C            3.67542839550358       -0.17102522792011        3.33428541682817
C            4.95957691959611        0.34149190110003        3.24880578829305
C            5.44922906537084        0.76643111075318        2.02462022961160
C            4.66862946762818        0.67166043755253        0.88566349193060
C            3.31074341633941        0.72830248543088       -1.79041402404713
C            2.95833537297306        2.05617665710563       -2.02320195458930
C            3.65182628473406        2.81531399421475       -2.94776646978291
C            4.69731654205465        2.24834424261898       -3.66105498166848
C            5.04460370848747        0.92499566497332       -3.44375757509642
C            4.36093761255172        0.16481160590602       -2.50942002051312
C           -0.61017362670367       -3.13917538963238        0.42297446780792
C           -1.67998543786927       -2.22553132665990        1.03236495835568
P           -1.95524776456712       -0.85395251395111       -0.18602151410600
C           -3.21855302913684        0.21235235124775        0.56616481973090
C           -3.67793073955174        0.14049986933699        1.87498083102209
C           -4.62648615909145        1.04740989581032        2.31845466295109
C           -5.11563759668290        2.02341527871652        1.46692213197544
C           -4.65128585553285        2.10518341508927        0.16240167465188
C           -3.70388638390614        1.20570257603026       -0.28407046000957
C           -3.02242666878151       -1.77744335282046       -1.36419786701387
C           -2.57802896386532       -2.04140400665238       -2.65302795533872
C           -3.34710714346569       -2.80892434857205       -3.51180583449005
C           -4.56641952321811       -3.31050425755191       -3.08799484288135
C           -5.02537128726296       -3.03068066799553       -1.80898257800140
C           -4.25920481336249       -2.26649640520549       -0.94914286080996
H            1.92623601187831       -3.83427423226090       -0.22870688642081
H            1.97084964152155       -2.64074155113023        1.09312275170370
H            2.63235083996080       -2.14227001672319       -1.85152329525989
H            3.79583107993823       -2.12365106731177       -0.48586735992579
H            1.88307565115977       -0.64365966886554        2.27292156927431
H            3.28282238158492       -0.49721407300837        4.28720106371580
H            5.57397641923601        0.41372138408729        4.13453830192347
H            6.44818928159000        1.17330654610882        1.95377720460310
H            5.06492023345552        1.00860937340057       -0.06151760736140
H            2.12232123776758        2.47366371462546       -1.47256064738588
H            3.37443667723836        3.84604339806751       -3.11676523187773
H            5.23829810884103        2.83625362052995       -4.38863165403370
H            5.85684199394735        0.48205959381375       -4.00196104178804
H            4.65400328923171       -0.86182078221320       -2.34458785763765
H           -1.09005941366655       -3.84094726604545       -0.27139938243075
H           -0.13315277362659       -3.72365050000040        1.21820137979820
H           -2.59976436682222       -2.77822642245134        1.24383075631520
H           -1.30838259572920       -1.77362276777715        1.95863255568304
H           -3.29827545216980       -0.61126709559551        2.55247461703674
H           -4.98351946222754        0.99274313099794        3.33731304741175
H           -5.85494695406004        2.72696919376568        1.82158381068566
H           -5.02406542969507        2.87297112884517       -0.50011233768467
H           -3.31240030366130        1.25954369600805       -1.29477655257541
H           -1.62991777605377       -1.62901692194233       -2.97428639482782
H           -2.99527378603723       -3.01489473846009       -4.51314223930875
H           -5.16536155102031       -3.91500390053048       -3.75403185104540
H           -5.98348867030316       -3.41028511482060       -1.48251183093054
H           -4.62301645537139       -2.03922932674533        0.04524655258447
C           -0.27141444735575        1.66584247448673       -0.65189982380907
O           -0.55799254094060        2.80070087669621       -0.63383766880034
C           -0.07293860181833        0.44427939375543        1.19110244251900
O           -0.27989545077283        0.94551933580564        2.22462366821804
O            0.86277734131408       -3.06658758455397       -3.28756432787904
C            0.52348431520001       -2.87145551031769       -4.43429577823271
C            0.79915074366669       -1.68112835704752       -5.23112992635297
C            1.50336722170668       -0.60152076578347       -4.69263090097755
C            1.73163712547442        0.52858287644793       -5.45274770460643
C            1.27133380840230        0.58866374611581       -6.75903598973008
C            0.57710306516106       -0.48184690976995       -7.30706793603004
C            0.33743332017015       -1.60986113818651       -6.54912799758194
H            0.30346864890877       -2.51432088380837       -1.29269655012287
H            0.10584514840020       -0.23728017111398       -2.00055107417977
H           -0.05819396514012       -3.64538908155897       -4.97068743293823
H            1.84824857827343       -0.64850146429353       -3.67124840934406
H            2.26336773554870        1.36268549031693       -5.02146208622941
H            1.44966283377345        1.47324753139047       -7.35307905170276
H            0.22009388673147       -0.42907150121445       -8.32523711278099
H           -0.20862040737039       -2.44362245486322       -6.96859007714765
80
 energy: -120.631586129941 gnorm: 0.002849071233 xtb: 6.7.1 (edcfbbe)
Mn           0.08530122312551       -0.04692362363650       -0.47214804091579
N            0.41651609184091       -2.34831823638027       -0.30620591257869
C            1.78488924987743       -2.76913464932657        0.00588094871365
C            2.76567657878431       -1.91568850656190       -0.78819612122009
P            2.32364119083860       -0.12754588482317       -0.51523227853728
C            3.38043670589706        0.15954590796767        0.96280989162756
C            2.89886805106082       -0.26091831149904        2.19918540962795
C            3.68131568163999       -0.16303716839255        3.33472103257710
C            4.95955197693992        0.36445769461149        3.24869220310312
C            5.44294255474879        0.79789353847744        2.02480114307804
C            4.66183862692336        0.69747560845252        0.88662864531618
C            3.30524750439607        0.73864869382392       -1.78734834082902
C            2.94990772733159        2.06544881236377       -2.02245040345382
C            3.64567178721687        2.82587632246302       -2.94462471190504
C            4.69585097113214        2.26148223010763       -3.65322731923416
C            5.04485066983799        0.93843709599093       -3.43473001591179
C            4.35940379168592        0.17730156595576       -2.50265328755376
C           -0.61171884903614       -3.14864058518291        0.38938761642637
C           -1.68163704755822       -2.24497324277058        1.01256322615638
P           -1.95658730435249       -0.85691510718828       -0.18653234796987
C           -3.22050396751710        0.19893234683925        0.57901174847078
C           -3.67049986385741        0.12304606920315        1.89091052302529
C           -4.61740947126861        1.02794518137259        2.34328497347057
C           -5.11397182333469        2.00548313685167        1.49761801538340
C           -4.65894956160934        2.09125905710033        0.18970486962233
C           -3.71311208074812        1.19448371505895       -0.26520552343239
C           -3.02021791322242       -1.76573264460608       -1.37873539915358
C           -2.57571998603947       -2.00708464135148       -2.67180147999460
C           -3.34176061487539       -2.76543238247283       -3.54176727480199
C           -4.55668714267453       -3.28212624765781       -3.12408063412710
C           -5.01564979366712       -3.02493418846963       -1.84016931313381
C           -4.25353977955835       -2.26845406638312       -0.96989739619560
H            1.92817460617060       -3.83003669554835       -0.25139339238435
H            1.96251229362830       -2.64785942735008        1.08101469696177
H            2.64347202286118       -2.12882863401585       -1.85480042149841
H            3.79643057986511       -2.11416884859192       -0.48081881867862
H            1.89363846684977       -0.65504401171678        2.27428284498175
H            3.29291495170529       -0.49454372886110        4.28775805408132
H            5.57409766299528        0.44208625516131        4.13367687658999
H            6.43722142371143        1.21616439467335        1.95382318431869
H            5.05250733418374        1.04125187263576       -0.06029960420794
H            2.11064293567427        2.48131076363266       -1.47534420402700
H            3.36721323584898        3.85630989180193       -3.11491739970572
H            5.23912949246259        2.85082118137849       -4.37791179375736
H            5.86016900748596        0.49661699804835       -3.98948919141615
H            4.65400606112981       -0.84888877162053       -2.33696571863084
H           -1.09073559237263       -3.83889160428997       -0.31612863930308
H           -0.13568278220705       -3.74598348197241        1.17490411261106
H           -2.60129419875118       -2.80048997547330        1.21660455826178
H           -1.30977649403098       -1.80631375627414        1.94495412646545
H           -3.28563700747362       -0.62989964906214        2.56438206114680
H           -4.96710859984847        0.97099119971176        3.36483124825758
H           -5.85154040926098        2.70739200244646        1.85956013092479
H           -5.03725013605812        2.86036067403909       -0.46842945513248
H           -3.32720807484204        1.25114054469131       -1.27825683889206
H           -1.63039620619158       -1.58464055961576       -2.98803812838440
H           -2.99055794618934       -2.95267028589285       -4.54712217009468
H           -5.15212380187356       -3.88068347212216       -3.79882374418883
H           -5.97020678964494       -3.41670834546720       -1.51789253484238
H           -4.61720588784947       -2.05762249662065        0.02830105297164
C           -0.27583550226693        1.66858485702555       -0.60989833387234
O           -0.56143522757200        2.80255299977712       -0.56715486244533
C           -0.07276575827750        0.42323303338978        1.20740097024693
O           -0.28935840196381        0.91320285435190        2.24468530263462
O            0.86935062036321       -3.08891050766468       -3.28437618871736
C            0.53636781294013       -2.90057127556078       -4.43537325516540
C            0.80533376068670       -1.70752761377798       -5.22985628601548
C            1.50437332071716       -0.62605241224383       -4.68769284726458
C            1.72363173820177        0.50952301675066       -5.44213650241889
C            1.25660657349329        0.57454448218612       -6.74616004410426
C            0.56905282950389       -0.49832240026442       -7.29863266672366
C            0.34079604356944       -1.63307710820493       -6.54689914601094
H            0.31013623935841       -2.50525181144350       -1.31425908870048
H            0.10428094280473       -0.21368618452044       -1.99467417169599
H           -0.03457526891546       -3.68189153051375       -4.97629923614298
H            1.85250449307002       -0.67611777806054       -3.66718239789940
H            2.25207201062473        1.34434267297588       -5.00724009608981
H            1.42521608968395        1.46403199656356       -7.33546885468154
H            0.20769262772203       -0.44171803049870       -8.31506137692243
H           -0.20037561540957       -2.46787455330993       -6.96967009794130
80
 energy: -120.631777377344 gnorm: 0.004990638300 xtb: 6.7.1 (edcfbbe)
Mn           0.08352888504644       -0.04599551031257       -0.46080785856052
N            0.41647248282710       -2.34696139733222       -0.32500039077137
C            1.78399098079467       -2.76713228233957       -0.00755725438182
C            2.76826121397362       -1.90581505924726       -0.78836472392893
P            2.32198771973473       -0.11923720963596       -0.50940118677439
C            3.38116929114870        0.17100952651390        0.96607209071296
C            2.90640084175611       -0.25812679745196        2.20214534899911
C            3.68863048807374       -0.15210217294500        3.33712707881293
C            4.96027115672747        0.39141866873854        3.25038551345511
C            5.43686411340482        0.83276046676829        2.02675947622849
C            4.65552558418013        0.72523516592213        0.88921643793482
C            3.29943333706780        0.74962373750769       -1.78332550029787
C            2.94186988988308        2.07530234775427       -2.02077463744907
C            3.63970105243718        2.83626871043639       -2.94132275488233
C            4.69338397851472        2.27376969346228       -3.64598424560155
C            5.04340184755658        0.95094607690426       -3.42625407751677
C            4.35652085692884        0.18961231381812       -2.49562336664297
C           -0.61319495607945       -3.15959476761108        0.35482578259126
C           -1.68334825046092       -2.26620958943626        0.99284529190530
P           -1.95765619256588       -0.86004817902034       -0.18532986485873
C           -3.22223540907845        0.18500657329141        0.59335690178809
C           -3.66426151905819        0.10386846834667        1.90745256589601
C           -4.60919863297758        1.00670582041154        2.36892303227738
C           -5.11174977377955        1.98696083315817        1.53003813519638
C           -4.66496909321453        2.07769010804810        0.21952919320576
C           -3.72096812891661        1.18376516855458       -0.24402441631788
C           -3.01748093030955       -1.75227882697375       -1.39328058544538
C           -2.57139165132409       -1.97067445139734       -2.68979266187780
C           -3.33344110248996       -2.71933604597677       -3.57174361501187
C           -4.54466772035769       -3.25070935220550       -3.16209699609671
C           -5.00509250984451       -3.01634434270040       -1.87443527060645
C           -4.24795003713334       -2.26835492868690       -0.99262666380529
H            1.93095259931529       -3.82528707437287       -0.27362256059694
H            1.95380556026513       -2.65462997218505        1.06964305287198
H            2.65487195491376       -2.11382068361523       -1.85695870220063
H            3.79720961586519       -2.10381432235681       -0.47447433341689
H            1.90645914375192       -0.66553915162817        2.27798074338745
H            3.30480552857820       -0.48911607566948        4.29042828460898
H            5.57496309852468        0.47516562920685        4.13474238915157
H            6.42577251478386        1.26377759871454        1.95581076582598
H            5.04009094149354        1.07683404902033       -0.05748730915189
H            2.10002221729618        2.49029072276583       -1.47690495478132
H            3.36065680229144        3.86636256035214       -3.11331270902827
H            5.23848105815844        2.86419328973046       -4.36842028173660
H            5.86097133911580        0.50950389234555       -3.97806836848066
H            4.65292349318463       -0.83609623932873       -2.32815848510021
H           -1.09221809018746       -3.83680384237116       -0.36540400467102
H           -0.13865993769015       -3.77293648680659        1.13057313515066
H           -2.60322772157251       -2.82484058938949        1.18675578490194
H           -1.31236783974436       -1.84294386658296        1.93295851401537
H           -3.27523464786443       -0.65123302568078        2.57641893936738
H           -4.95239256111008        0.94645826715194        3.39252083908229
H           -5.84736490074068        2.68721984721009        1.89934189606940
H           -5.04801163287938        2.84883456073464       -0.43353055848942
H           -3.34029242622364        1.24421783486315       -1.25900790430945
H           -1.62802930065555       -1.53868222381885       -2.99920793556208
H           -2.98139435423010       -2.88784762281429       -4.57999363898629
H           -5.13612954535477       -3.84265619011383       -3.84606829302338
H           -5.95659478728961       -3.42019364950755       -1.55821298456718
H           -4.61271817602840       -2.07452406767491        0.00866229334180
C           -0.28137251930772        1.67055035739323       -0.56638512621881
O           -0.56811090522790        2.80268455472695       -0.50333502859102
C           -0.07482887941276        0.39614474331839        1.22745185737625
O           -0.30055213997337        0.87176785793649        2.26961507463363
O            0.88320123415242       -3.12379369396051       -3.29434919468892
C            0.54614902748160       -2.93198780858131       -4.44141418173172
C            0.80851753431571       -1.73498845908874       -5.23178252944154
C            1.50608700217178       -0.65464462112110       -4.68608779941395
C            1.71736231938518        0.48670057905086       -5.43356498139153
C            1.24280245863539        0.55861703300472       -6.73487353661316
C            0.55881353453545       -0.51375594589468       -7.29192618598590
C            0.33932046560162       -1.65434079916546       -6.54680745171331
H            0.31755512125215       -2.49469406454069       -1.33556360769576
H            0.10260317199395       -0.18791708185149       -1.98382550355945
H           -0.02602721681145       -3.71090834363043       -4.98068811399914
H            1.85831065694855       -0.71024438384500       -3.66710953327182
H            2.24499120675517        1.32010877854607       -4.99523954951151
H            1.40304239080155        1.45299523222471       -7.31861766838462
H            0.19389236262885       -0.45262420443296       -8.30712751727198
H           -0.19649392408933       -2.49054143400489       -6.97459765622192
80
 energy: -120.631984768638 gnorm: 0.004444781096 xtb: 6.7.1 (edcfbbe)
Mn           0.08322837555173       -0.04539485697820       -0.45139105723912
N            0.41715032023758       -2.34619239455915       -0.34578475169743
C            1.78343340388026       -2.76463885102017       -0.01894316201251
C            2.77173324682851       -1.89742736106044       -0.78706809030808
P            2.32142218931453       -0.11223701690386       -0.50351192855888
C            3.38249249006915        0.18240051329841        0.96948506988417
C            2.91545669818133       -0.25672904101888        2.20496080328382
C            3.69703379146176       -0.14150871135582        3.33924928420814
C            4.96074558576236        0.42062724883484        3.25233206485318
C            5.42980090088230        0.87151734948898        2.02955277345449
C            4.64879347236065        0.75537479229680        0.89277624915568
C            3.29411760664664        0.75922419448071       -1.77921506517076
C            2.93144001936393        2.08311863319257       -2.01797041272542
C            3.62890796719268        2.84672570330708       -2.93664726165697
C            4.68733364753595        2.28867321232460       -3.63796039807846
C            5.04170550495228        0.96709821100124       -3.41786157773321
C            4.35512174482342        0.20318540889897       -2.48914289364246
C           -0.61477092740419       -3.16822983931512        0.31825960493257
C           -1.68391017444978       -2.28468997172857        0.97031970833511
P           -1.95763464570636       -0.86300924613747       -0.18758189621672
C           -3.22432436183561        0.16954909847281        0.60390045945662
C           -3.65598720001832        0.07974994638257        1.92108816428444
C           -4.59798966799343        0.97935670144917        2.39605387270564
C           -5.10833904040388        1.96443030796090        1.56743486969338
C           -4.67283283773914        2.06309392138002        0.25328680752741
C           -3.73112406435293        1.17345758222975       -0.22326351295110
C           -3.01144670269826       -1.73956027985639       -1.41190281300545
C           -2.56432388030178       -1.93376640557940       -2.71210967326706
C           -3.32394013215843       -2.66980334895143       -3.60716659669036
C           -4.53236766692879       -3.21405378709351       -3.20680113866880
C           -4.99321698868409       -3.00485012577829       -1.91454959845656
C           -4.23953354212500       -2.26838938246560       -1.02019842335110
H            1.93491284280860       -3.82078462631129       -0.28906650231438
H            1.94343454640861       -2.65708474477517        1.06022608790996
H            2.66633191195912       -2.10079915275382       -1.85724815084520
H            3.79868203163818       -2.09588982591646       -0.46748792001494
H            1.92155933315105       -0.67870117171845        2.28126798699976
H            3.31854533936844       -0.48570136506918        4.29231010111874
H            5.57506564295710        0.51161738977041        4.13615563139613
H            6.41255512925781        1.31673814661526        1.95890224339811
H            5.02671702675572        1.11592491984880       -0.05326911363485
H            2.08619969960912        2.49441936059099       -1.47621020445583
H            3.34595676754341        3.87562281028977       -3.10968746415443
H            5.23282059486535        2.88150468604304       -4.35804677773402
H            5.86275798766496        0.52884591472832       -3.96747790618821
H            4.65582296648087       -0.82113151442970       -2.32030132646510
H           -1.09437187341778       -3.83156113031444       -0.41402067861906
H           -0.14234151747981       -3.79591008985286        1.08350516411755
H           -2.60349359408238       -2.84581039347184        1.15778648609275
H           -1.31183169983150       -1.87514639161559        1.91569277989799
H           -3.26183545054259       -0.67919152708208        2.58315195961259
H           -4.93214499279069        0.91279324763817        3.42253632202078
H           -5.84115324560781        2.66226859332387        1.94738173289875
H           -5.06276189375571        2.83763616318831       -0.39201847820136
H           -3.35790544126493        1.24044030165045       -1.24090453623444
H           -1.62243481010447       -1.49415355629637       -3.01467467467206
H           -2.97176092584080       -2.81814596930038       -4.61875782701096
H           -5.12150994407188       -3.79607821064700       -3.90156229457451
H           -5.94217541671636       -3.41921735300365       -1.60491188248927
H           -4.60450359565182       -2.09272186841278       -0.01547819121452
C           -0.28373580038192        1.67304099307981       -0.52252622564938
O           -0.57281832420837        2.80363393602422       -0.43563251854282
C           -0.07652642160772        0.36282871527589        1.24633550999659
O           -0.30712312681866        0.82030533048977        2.29554266575419
O            0.88128994475848       -3.14661313818212       -3.28888710774138
C            0.55172302630000       -2.96280185297900       -4.44225036359483
C            0.80944333519066       -1.76410986484247       -5.23083540176408
C            1.50325746466677       -0.68260558773164       -4.68069104291461
C            1.70879337569285        0.46290239175304       -5.42271423459887
C            1.22934445583915        0.53966253024217       -6.72227924860368
C            0.54941303249001       -0.53283274988354       -7.28360042509652
C            0.33842239817270       -1.67956693894729       -6.54511535045180
H            0.32784579332772       -2.48627790810714       -1.35838012650467
H            0.10133211345747       -0.16024680589865       -1.97687434100991
H           -0.01068876712308       -3.74980608898105       -4.98799904553095
H            1.85751419855229       -0.74258838883501       -3.66268772214814
H            2.23541519570928        1.29514555254323       -4.98155161472862
H            1.38216703829932        1.43842185836586       -7.30114922981206
H            0.18102878975347       -0.46708616830748       -8.29722330209277
H           -0.19298961335754       -2.51624643235831       -6.97719676379284
80
 energy: -120.632216195105 gnorm: 0.004942438029 xtb: 6.7.1 (edcfbbe)
Mn           0.08419557834929       -0.04466887165391       -0.43848414525138
N            0.41879352016038       -2.34670442835780       -0.36792851899460
C            1.78357149932370       -2.76128289219620       -0.02840567334244
C            2.77666465771981       -1.88842129560550       -0.78339350845193
P            2.32222160732136       -0.10455928339483       -0.49585996930152
C            3.38481249074195        0.19646299541547        0.97477349860128
C            2.92697333582682       -0.25465066495696        2.20987419183251
C            3.70801912594993       -0.13072015153016        3.34354134517888
C            4.96256881656944        0.45165517390691        3.25657725434544
C            5.42254123047694        0.91456574694162        2.03442681948628
C            4.64174331128504        0.79005789671276        0.89823415891170
C            3.28972777820613        0.76963241906587       -1.77353302459881
C            2.91951770043887        2.09125147937273       -2.01459819700393
C            3.61405457962764        2.85776705345020       -2.93308288713052
C            4.67680456556894        2.30474520472354       -3.63200613160137
C            5.03832579885621        0.98510768351235       -3.41012591398295
C            4.35471060363818        0.21835056712407       -2.48146286630524
C           -0.61626186527604       -3.17780239560919        0.27925978504262
C           -1.68462286329315       -2.30469432984056        0.94563335990876
P           -1.95673104375366       -0.86620297761205       -0.19078122000237
C           -3.22553214196441        0.15341853336362        0.61386300283613
C           -3.64765724855964        0.05199092419798        1.93339077722068
C           -4.58688951996114        0.94689340867000        2.42313695033208
C           -5.10451668024234        1.93849524827342        1.60684147133260
C           -4.67959741745412        2.04790720458333        0.29002898678170
C           -3.74013130602197        1.16373018013640       -0.20103057058113
C           -3.00451980021933       -1.72505416622870       -1.43254435898162
C           -2.55452683186722       -1.89561512206940       -2.73478086205117
C           -3.31099602494123       -2.61773927863279       -3.64381175801034
C           -4.51821476907541       -3.17265825459444       -3.25531067208103
C           -4.98123461549250       -2.98821731447383       -1.96027295770194
C           -4.23134670008398       -2.26492281768339       -1.05225752589488
H            1.94144295307874       -3.81584891997032       -0.30069002822340
H            1.93182219454678       -2.65687118561406        1.05289911297131
H            2.68001728599117       -2.08730310991652       -1.85546164430506
H            3.80162974825173       -2.08716193893064       -0.45757833723973
H            1.93992732830631       -0.69209082473306        2.28689749638404
H            3.33576707915868       -0.48280793482106        4.29616211433523
H            5.57617671673124        0.55060107769929        4.14013451966283
H            6.39817190690897        1.37520718322179        1.96395514389541
H            5.01277620381253        1.15921111950562       -0.04694589588678
H            2.07126129228985        2.49819747576692       -1.47404253827637
H            3.32596614689344        3.88504245721132       -3.10723449595102
H            5.22075204931273        2.90017380058625       -4.35109541263455
H            5.86234868378809        0.55069794435999       -3.95849106682366
H            4.66099377021640       -0.80396197427135       -2.31084139493691
H           -1.09543916327780       -3.82701331051856       -0.46405737480818
H           -0.14678017729015       -3.81899259419579        1.03379498515007
H           -2.60395488856101       -2.86850885283551        1.12581663215842
H           -1.31153414438881       -1.91031071049952        1.89687541146244
H           -3.24869937741691       -0.71236681021249        2.58662987848195
H           -4.91255587500413        0.87137328851967        3.45173543595233
H           -5.83444727686389        2.63311544111046        1.99833861921372
H           -5.07580407094880        2.82726844633173       -0.34564177998558
H           -3.37466712525598        1.23986083066839       -1.22081249029507
H           -1.61324692176101       -1.44883667080070       -3.02864513736767
H           -2.95707403172853       -2.74627921797572       -4.65735225169295
H           -5.10495579854491       -3.74359351477793       -3.96119480652684
H           -5.92881785748396       -3.41167776664980       -1.65941520907561
H           -4.59780065439223       -2.10798118964415       -0.04505719751873
C           -0.28403843366688        1.67389311428931       -0.48113360731508
O           -0.57637409503282        2.80143676999146       -0.37796458577482
C           -0.07879013064219        0.32669956563890        1.26753312017631
O           -0.31390091359635        0.76149467501728        2.32528555904447
O            0.88139113130339       -3.17896991990727       -3.28970581083792
C            0.55150575274307       -2.99482136579932       -4.44316582210482
C            0.80661951718972       -1.79454694923475       -5.22950750663994
C            1.49900309363021       -0.71326206501107       -4.67533471311053
C            1.70040737909210        0.43620349453079       -5.41189267757222
C            1.21710984168575        0.51787395881539       -6.70990119769642
C            0.54026624657523       -0.55473770509666       -7.27595403761742
C            0.33447166955748       -1.70615840645574       -6.54326578218873
H            0.34127706738570       -2.48069095940717       -1.38227051332577
H            0.10089747970891       -0.13460185981571       -1.96439257601715
H           -0.01060488394821       -3.78157777373846       -4.99001633732088
H            1.85370087344971       -0.77683412058205       -3.65760458489866
H            2.22507291598137        1.26875898434093       -4.96704378678845
H            1.36489038709731        1.42053358293038       -7.28390992164797
H            0.16886075821971       -0.48430757420499       -8.28806246435114
H           -0.19508836469014       -2.54160122928426       -6.97857972451210
80
 energy: -120.632519804214 gnorm: 0.004248413239 xtb: 6.7.1 (edcfbbe)
Mn           0.08728725688533       -0.04464156107159       -0.42767048719903
N            0.42297508811546       -2.34719664406701       -0.38921575268469
C            1.78466453526751       -2.75763303216532       -0.03321441899514
C            2.78345766597925       -1.88083175355303       -0.77565316975336
P            2.32483730885743       -0.09810975936990       -0.48655473088007
C            3.38883450604124        0.21074540918350        0.98163282426533
C            2.94159660910664       -0.25204418538416        2.21603622030946
C            3.72190906099602       -0.11776507463749        3.34880805829313
C            4.96533829689516        0.48765405523860        3.26210195210882
C            5.41483247877701        0.96182853294523        2.04104650844822
C            4.63465666882268        0.82678915680669        0.90553941150603
C            3.28580405590778        0.77932498383634       -1.76682259338489
C            2.90498904873118        2.09763561233922       -2.00940031978513
C            3.59282651277398        2.86878071794759       -2.92885771117015
C            4.65961398798198        2.32324726585948       -3.62738349340213
C            5.03196136948938        1.00709379089743       -3.40390689825551
C            4.35501301787917        0.23569969907816       -2.47396130327028
C           -0.61750093846815       -3.18803091533112        0.23752096542379
C           -1.68416678073869       -2.32463676923451        0.91841781178975
P           -1.95391037071606       -0.86971729599470       -0.19664622116270
C           -3.22544106578323        0.13631524417101        0.62051474734325
C           -3.63800881957659        0.01827576118976        1.94176403181057
C           -4.57440408300659        0.90569209210656        2.44983907531941
C           -5.09934278886243        1.90664925066810        1.64993219719963
C           -4.68555196017560        2.03150329364031        0.33119098632144
C           -3.74857867648404        1.15487299245586       -0.17826452241704
C           -2.99514156785032       -1.70986215470554       -1.45649885366620
C           -2.54110251350681       -1.85565230062381       -2.76020074787653
C           -3.29423681842598       -2.56102646621890       -3.68490190672233
C           -4.50227965231953       -3.12392648012384       -3.31094274511916
C           -4.96864768398752       -2.96562391235682       -2.01392890015310
C           -4.22209621933682       -2.25893582277514       -1.09024902916358
H            1.94982501630651       -3.81151613416521       -0.30407807987687
H            1.91929566289143       -2.65351601970414        1.04998252254109
H            2.69590369060453       -2.07608107495645       -1.84941418826369
H            3.80619994312578       -2.08022081315384       -0.44328799904348
H            1.96276492521558       -0.70714480192524        2.29378488227764
H            3.35766321884540       -0.48016470410925        4.30045538841184
H            5.57795019243026        0.59577035661033        4.14536631973517
H            6.38145623976092        1.44129463854626        1.97075901889975
H            4.99774106001908        1.20657371620230       -0.03843112397333
H            2.05351629437908        2.49762459603855       -1.46864355039813
H            3.29631404858436        3.89333495550905       -3.10386122299061
H            5.19876558946938        2.92227867203385       -4.34712022434101
H            5.85944269480195        0.57923559884802       -3.95216381004929
H            4.67024584803026       -0.78324428224838       -2.30106442546994
H           -1.09798396612027       -3.81812908968480       -0.52292580209403
H           -0.15360337024551       -3.84922736944069        0.97996851326242
H           -2.60374055423490       -2.89070487757336        1.09023103384993
H           -1.31000789135380       -1.94642638767153        1.87552122446542
H           -3.23372191951126       -0.75384933481698        2.58245767575077
H           -4.89118114225654        0.81674718976477        3.47996557106473
H           -5.82605093376052        2.59644646880126        2.05560947739996
H           -5.08831596162781        2.81779568113965       -0.29147659781507
H           -3.39253922870005        1.24458523574457       -1.19999125069536
H           -1.59929417808502       -1.40286334472077       -3.04321003128123
H           -2.93694452984834       -2.66958044990927       -4.69924729839299
H           -5.08721888486609       -3.68114154448544       -4.02895192500857
H           -5.91656527701042       -3.39590309524143       -1.72432028635130
H           -4.59147216655939       -2.12195940133615       -0.08150527837820
C           -0.28283223792453        1.67384946544084       -0.44314088919387
O           -0.58103712595221        2.79866147231287       -0.32329874765082
C           -0.07887304932202        0.28678841039839        1.28495138534703
O           -0.31252659228403        0.69386354639154        2.35349129917247
O            0.87392447921390       -3.21301166189445       -3.28586768741144
C            0.54292227860235       -3.02573813417104       -4.43837560353052
C            0.79697201686007       -1.82364479957020       -5.22205667692686
C            1.49001809888512       -0.74384770799977       -4.66605578281442
C            1.69059297251561        0.40714944960675       -5.39979825548129
C            1.20663478324220        0.49158869518499       -6.69706144596100
C            0.52966801953367       -0.57930251667035       -7.26506266027710
C            0.32467736798398       -1.73243042900513       -6.53530055883113
H            0.36028412729346       -2.47510768117753       -1.40539782781499
H            0.10353995480163       -0.11151266552032       -1.95193166406196
H           -0.01963301723814       -3.81097890988354       -4.98643724994733
H            1.84465527672229       -0.80991944947789       -3.64872934748557
H            2.21581682968162        1.23824368137151       -4.95423123373144
H            1.35416890420956        1.39529722291814       -7.26869423454620
H            0.15825918033041       -0.50679007911301       -8.27693440524669
H           -0.20344355644425       -2.56760179333761       -6.97284177375320
80
 energy: -120.632861871021 gnorm: 0.003876047489 xtb: 6.7.1 (edcfbbe)
Mn           0.09270421192490       -0.04690853971021       -0.41989470366889
N            0.42976747430405       -2.35002765163467       -0.40702872463718
C            1.78728015658034       -2.75402500133473       -0.02980561789797
C            2.79289786540830       -1.87582139648008       -0.76196800695508
P            2.32983638353880       -0.09377253299827       -0.47538618806635
C            3.39429558685199        0.22467414141591        0.99072706502378
C            2.95896727017791       -0.25089730095293        2.22467284450004
C            3.73875900643659       -0.10642873168410        3.35636327878579
C            4.96957453787543        0.52376559203419        3.26994092822660
C            5.40699501930601        1.01114627855463        2.04960420734903
C            4.62765582648029        0.86474189560821        0.91479604113603
C            3.28279820979485        0.78685989563099       -1.75924699462476
C            2.88807832707702        2.10090138862640       -2.00317828533094
C            3.56423181912040        2.87747428281970       -2.92628163209997
C            4.63406190333759        2.34101166985335       -3.62713670041528
C            5.02179452712991        1.03001880401931       -3.40077817089780
C            4.35610132726795        0.25305876999582       -2.46696968914396
C           -0.61739530191147       -3.19723207026145        0.19969661596529
C           -1.68351043515288       -2.34285137644432        0.89107581663075
P           -1.94912901597950       -0.87363743512324       -0.20547661481943
C           -3.22291254187650        0.12042000554956        0.62267056634033
C           -3.62875826519078       -0.01891281670473        1.94392253069365
C           -4.56298894591381        0.85827186460303        2.47122291583112
C           -5.09313065094605        1.87109745755960        1.69026663770358
C           -4.68771929574167        2.01612151214315        0.37166719064933
C           -3.75281543059242        1.14885210824631       -0.15738283913690
C           -2.98468838082309       -1.69493236179358       -1.48176053788221
C           -2.52452186708855       -1.81927990140466       -2.78515285367336
C           -3.27404122792020       -2.50679289549112       -3.72527892647275
C           -4.48607301218537       -3.07188133027395       -3.36753644670284
C           -4.95798159329998       -2.93628815901281       -2.07067732569399
C           -4.21406383052076       -2.24826541802288       -1.13114810067671
H            1.96081690555803       -3.80877263657781       -0.29356347897242
H            1.90651293339581       -2.64526206762983        1.05494639747888
H            2.71449624258090       -2.06993703011608       -1.83702047016524
H            3.81338678036740       -2.07554914818275       -0.42255957338807
H            1.98942713943347       -0.72462118852888        2.30331991734977
H            3.38394315990121       -0.48046328680300        4.30676536151960
H            5.58105574495091        0.64063498346818        4.15301155198686
H            6.36364718832809        1.50910540846556        1.97892655455603
H            4.98253049796177        1.25468825029463       -0.02807314468855
H            2.03413617737427        2.49220828589799       -1.46010538243729
H            3.25576037879273        3.89823379348620       -3.10236044042361
H            5.16397342419458        2.94374440104063       -4.35074789248092
H            5.85275680903512        0.61078128709543       -3.95031935452832
H            4.68433670318219       -0.76119856671726       -2.29034769032999
H           -1.09606932151468       -3.80975825364938       -0.57327054529528
H           -0.16064211628685       -3.87299012939317        0.93087130157086
H           -2.60373409009687       -2.91038300514171        1.05485829946573
H           -1.30900759575743       -1.97894309427249        1.85304863842125
H           -3.21934342738024       -0.80041683204906        2.56944054462174
H           -4.87328625968173        0.75168537318906        3.50117556806526
H           -5.81752338916643        2.55407785270881        2.11051948695068
H           -5.09565642256961        2.81107207095467       -0.23601806224640
H           -3.40564221619970        1.25600480495502       -1.17980522545510
H           -1.58023171202873       -1.36375602962246       -3.05524641883340
H           -2.91145173313301       -2.59795703785576       -4.73911704294542
H           -5.07024826586738       -3.61331002682758       -4.09779458179989
H           -5.90894538216553       -3.36834744455274       -1.79406721716574
H           -4.58803872754780       -2.12994693607984       -0.12214640359490
C           -0.27908208996064        1.67033189676431       -0.42020010926118
O           -0.58157600624822        2.79225281824810       -0.29408806156876
C           -0.07556635082081        0.24828081592353        1.29555535834190
O           -0.30193279570948        0.62308159527039        2.37682366812628
O            0.85723816732756       -3.24366375479300       -3.27763241767824
C            0.52113613251201       -3.04924898834519       -4.42661201541339
C            0.77880292313594       -1.84698593390326       -5.20884470691963
C            1.47462213636760       -0.76874873300119       -4.65300421781012
C            1.68098822110952        0.38016584338085       -5.38838219248600
C            1.20225420007831        0.46324761428455       -6.68737356660791
C            0.52173122453227       -0.60590676121757       -7.25480272466849
C            0.30938300024265       -1.75618827099853       -6.52300965706977
H            0.38426012064624       -2.47681113912611       -1.42384506971758
H            0.11106596112890       -0.09721131889399       -1.94229545237826
H           -0.04666516977932       -3.82904889352464       -4.97312212823600
H            1.82700734475749       -0.83398259005027       -3.63506830129371
H            2.20729938303254        1.21100097284578       -4.94347610787596
H            1.35583648077990        1.36554067436098       -7.25993410705045
H            0.15356446494475       -0.53439714519608       -8.26781712865732
H           -0.22097577094503       -2.59074901625767       -6.96002388087857
80
 energy: -120.633172905274 gnorm: 0.006293205794 xtb: 6.7.1 (edcfbbe)
Mn           0.09860622507374       -0.04917898071901       -0.41305761822812
N            0.43860069523628       -2.35153320039042       -0.42704120600789
C            1.79066937903408       -2.75099850307412       -0.02760496102470
C            2.80475376668285       -1.87031493295319       -0.74682869544871
P            2.33501229620155       -0.08927910947317       -0.46355942220709
C            3.39950770532043        0.23982883930284        1.00029433983853
C            2.97826199614164       -0.25216703936057        2.23347401449597
C            3.75816556670237       -0.09598831381906        3.36355869220964
C            4.97461248523052        0.56331779166877        3.27711813946938
C            5.39795698821938        1.06616831261230        2.05775788723886
C            4.61870611387523        0.90803318275243        0.92419176404426
C            3.27925621311684        0.79615278054357       -1.75057342034438
C            2.86829685182107        2.10496672673405       -1.99758594110987
C            3.53207806962329        2.88684156516488       -2.92489002763950
C            4.60626859804782        2.36049399683404       -3.62706221999712
C            5.01129953281082        1.05552136022505       -3.39623343123260
C            4.35785949723214        0.27326860380028       -2.45786953538293
C           -0.61715949837787       -3.20989241380721        0.15296950047217
C           -1.68217876725621       -2.36564329457191        0.85945084379476
P           -1.94344429946416       -0.87857124579959       -0.21546590811693
C           -3.21883781668492        0.10215285384759        0.62710695598014
C           -3.61651794947484       -0.05967329959822        1.94880537490394
C           -4.54953556823620        0.80563043152665        2.49671885158166
C           -5.08702251892007        1.83007565903554        1.73556870938369
C           -4.69098124957660        1.99700303122589        0.41665840592619
C           -3.75727033870541        1.14060989366349       -0.13322188424485
C           -2.97410863235697       -1.67761185097855       -1.51012987325125
C           -2.50791661669339       -1.77534376903711       -2.81493507695488
C           -3.25358782733092       -2.44191321478048       -3.77372659951302
C           -4.46900044574357       -3.01181757510766       -3.43293382891620
C           -4.94639257931616       -2.90405404281560       -2.13422289116212
C           -4.20551187709489       -2.23738202030705       -1.17592134667088
H            1.97162077593764       -3.80600276643740       -0.28691102639370
H            1.89297000203822       -2.64077564866289        1.05914601429668
H            2.73881486501801       -2.06357701194480       -1.82341827538193
H            3.82213717437333       -2.06942683955239       -0.39705328719978
H            2.01971282687048       -0.74884668391329        2.31319868576299
H            3.41446392514115       -0.48320809547774        4.31269299013919
H            5.58539024429654        0.69016810077277        4.15934339883914
H            6.34327075479752        1.58654999282692        1.98650440288394
H            4.96348994044250        1.30970999988022       -0.01764544875339
H            2.01113457366600        2.48724718642887       -1.45318283815689
H            3.21101076766831        3.90328254455533       -3.10255714005056
H            5.12650987660336        2.96688476258653       -4.35471258609338
H            5.84624824992319        0.64537335803730       -3.94637608860795
H            4.69890785919886       -0.73585686049651       -2.27793995344566
H           -1.09560020244820       -3.79777333923492       -0.64282582845644
H           -0.16960141203820       -3.91123247172299        0.86956246776294
H           -2.60384174806195       -2.93465271610640        1.01168985043437
H           -1.30785761471741       -2.01978506278271        1.82893848286200
H           -3.20034496285265       -0.85027161005005        2.55810964627510
H           -4.85276275951874        0.68054945773305        3.52678936661323
H           -5.80988899720947        2.50480322917743        2.17174114709894
H           -5.10496376250955        2.80079946675419       -0.17530907277943
H           -3.41916452023208        1.26623408697054       -1.15643118949052
H           -1.56160348838972       -1.31497100429925       -3.07083003963049
H           -2.88574964815350       -2.51195846105048       -4.78834387643585
H           -5.05139112592668       -3.53623216031501       -4.17746193738368
H           -5.89981259888593       -3.34027709121140       -1.87075582152198
H           -4.58419068420451       -2.14134494455169       -0.16543472344362
C           -0.27754058701097        1.66896045139312       -0.38908316111494
O           -0.58604759180856        2.78917314078051       -0.24805033578179
C           -0.06948516158154        0.20743513813612        1.30755977409774
O           -0.28986761153760        0.54635151515530        2.40312307059114
O            0.83614809506593       -3.27182925798634       -3.26076076181896
C            0.49904994056779       -3.07476059610523       -4.40908982127544
C            0.75985550480817       -1.87283367185600       -5.19062955111705
C            1.45749086539837       -0.79578369781775       -4.63599966183865
C            1.66938890655165        0.35070506771811       -5.37419211694269
C            1.19590752638905        0.43203395311833       -6.67500563547176
C            0.51284287067647       -0.63609462178896       -7.24101755728404
C            0.29384490634775       -1.78339131614438       -6.50602061023611
H            0.41276150721548       -2.47331925283826       -1.44592281817797
H            0.12031502552055       -0.07877608072295       -1.93612527937747
H           -0.06873809593660       -3.85301218684066       -4.95577685762577
H            1.80756856188050       -0.85855445837178       -3.61705240580683
H            2.19582197681689        1.18185131145804       -4.92994440546942
H            1.35596194875078        1.33191661154393       -7.25010883984300
H            0.14817894813103       -0.56619799415049       -8.25523214875441
H           -0.24039118194997       -2.61594146426841       -6.94030163020449
80
 energy: -120.633241398520 gnorm: 0.002332117417 xtb: 6.7.1 (edcfbbe)
Mn           0.09744362324707       -0.05220526377330       -0.41087082135087
N            0.44006483330288       -2.35217991002552       -0.42532645154062
C            1.79161207986952       -2.75266060660284       -0.02631580922199
C            2.80578302171668       -1.87095243014276       -0.74397081759462
P            2.33475750626426       -0.08986333608482       -0.46221319805103
C            3.39920926012253        0.24012313702394        1.00112013740963
C            2.98028893906955       -0.25304929135196        2.23388964570950
C            3.76063429664414       -0.09574310351738        3.36350660171300
C            4.97499510314041        0.56559308771718        3.27675951324780
C            5.39623556233484        1.06908483614787        2.05749447068125
C            4.61651682015954        0.91000483045761        0.92450525653393
C            3.27856513207749        0.79563311075871       -1.74971550171190
C            2.86728724145991        2.10372699075001       -1.99823273247278
C            3.53097784775732        2.88436476420900       -2.92658172314065
C            4.60516857651753        2.35769849589075       -3.62839473162377
C            5.01039267040872        1.05331722063251       -3.39611743234359
C            4.35730489448258        0.27246150931427       -2.45662281019747
C           -0.61583613332659       -3.21106389925330        0.15054220288740
C           -1.68268527568257       -2.36939997006198        0.85686605561426
P           -1.94363883764774       -0.88050626755220       -0.21526343443243
C           -3.21785435752293        0.10012896403942        0.62903204072567
C           -3.61632146824853       -0.06178442617809        1.95023425959988
C           -4.54996947727762        0.80302316643413        2.49736191863177
C           -5.08683766103729        1.82728151620892        1.73595267946428
C           -4.68876593215843        1.99537151317598        0.41781995126343
C           -3.75464851475056        1.13939554192953       -0.13118085236247
C           -2.97504832438524       -1.67593261836102       -1.51108101290041
C           -2.50800251599245       -1.77369714630135       -2.81503004450140
C           -3.25307427121260       -2.43945139157042       -3.77405653392104
C           -4.46852936674288       -3.00901744504465       -3.43414829531983
C           -4.94730843684317       -2.90001687739064       -2.13661317748004
C           -4.20708006812634       -2.23435748480492       -1.17802744822677
H            1.97228241971328       -3.80695035057569       -0.28769537051488
H            1.89335119787977       -2.64465402697778        1.06006802435097
H            2.74279638931928       -2.06498488885106       -1.82014632528590
H            3.82203006424863       -2.06881959250372       -0.39145010996107
H            2.02387198037615       -0.75217570497594        2.31354405334218
H            3.41885379366836       -0.48391306977153        4.31283886746093
H            5.58646398685337        0.69258502825062        4.15833784073150
H            6.34018752568809        1.59081305980499        1.98598315111116
H            4.95897090928388        1.31278479451131       -0.01762284131353
H            2.01007658284895        2.48677728719801       -1.45453649229462
H            3.20946147348289        3.90031671036417       -3.10597092513636
H            5.12476326693561        2.96301803857086       -4.35722005009504
H            5.84540088577453        0.64256095209572       -3.94567336844376
H            4.69862052722985       -0.73650947263125       -2.27574773208009
H           -1.09255185138510       -3.79487788049296       -0.64685907839031
H           -0.16932886583187       -3.91441774899535        0.86332298968877
H           -2.60475241502872       -2.93803225517935        1.00634542419172
H           -1.31028562171511       -2.02456721976594        1.82710482688678
H           -3.20000895980963       -0.85167161031390        2.55976356506740
H           -4.85453749095213        0.67807781046793        3.52706094895486
H           -5.81061334116550        2.50104989030255        2.17163773300271
H           -5.10159445279708        2.79942323988257       -0.17447984293005
H           -3.41442492545406        1.26529073555430       -1.15369115307885
H           -1.56186360668484       -1.31321453150914       -3.07000391663729
H           -2.88451987739529       -2.51012100036884       -4.78800083646138
H           -5.04990174372402       -3.53332209004193       -4.17903217778074
H           -5.90095371352433       -3.33561878865099       -1.87374560523583
H           -4.58668722630652       -2.13765311161297       -0.16839289626140
C           -0.28172409298794        1.66562313738270       -0.39208253514917
O           -0.58144569483577        2.78744383322853       -0.24982096850809
C           -0.06253767549129        0.21536331872195        1.30961322328856
O           -0.29329488096340        0.55053295264115        2.40275342938540
O            0.83464922824236       -3.26812625466858       -3.25853581365141
C            0.49574288521855       -3.07200605540690       -4.40679988325709
C            0.75653317345541       -1.87014529678942       -5.18876542409893
C            1.45536630259031       -0.79318806945459       -4.63504336069328
C            1.66973566200302        0.35226895335615       -5.37466700253168
C            1.19670270374354        0.43280022952323       -6.67590376088455
C            0.51123073254434       -0.63489290771477       -7.24059212904098
C            0.28957345291353       -1.78098492621891       -6.50399116286071
H            0.41467886855631       -2.47243742265780       -1.44400471610850
H            0.12644187039198       -0.08363612091818       -1.93515047960358
H           -0.07230130203551       -3.85131060493313       -4.95289013102631
H            1.80703642525865       -0.85565842230340       -3.61641363733452
H            2.19851457107050        1.18242302249564       -4.93127473061449
H            1.35942657406958        1.33133822476434       -7.25281817802689
H            0.14745266280339       -0.56597989305039       -8.25530457911811
H           -0.24610448543655       -2.61390488778441       -6.93766260996410
80
 energy: -120.633303694793 gnorm: 0.005884227726 xtb: 6.7.1 (edcfbbe)
Mn           0.09885138104361       -0.05558775130044       -0.40667323030331
N            0.44331220506783       -2.35243181622600       -0.42159582745626
C            1.79367156101764       -2.75588468326808       -0.02320197770975
C            2.80917759230289       -1.87308264758470       -0.73753292687954
P            2.33618979528044       -0.09180113061380       -0.45917285564708
C            3.39954975548030        0.24084330705698        1.00345586293385
C            2.98506130458372       -0.25547561005132        2.23539989664434
C            3.76638439143411       -0.09582576999256        3.36404629958732
C            4.97672065691036        0.57035637240849        3.27655054409127
C            5.39357575914138        1.07632587118025        2.05751862321913
C            4.61280695890629        0.91540146815829        0.92576802460069
C            3.27777758759076        0.79386943354132       -1.74832426496789
C            2.86530031879118        2.10047802896671       -2.00002330948439
C            3.52831826687118        2.87866664833725       -2.93085348387846
C            4.60260587836076        2.35142205098171       -3.63190778547674
C            5.00886315628379        1.04830047904340       -3.39629863084384
C            4.35677374771588        0.27012746919816       -2.45435926023585
C           -0.61341210968834       -3.21368488027387        0.14472535814358
C           -1.68367399336155       -2.37707751080315        0.85122510943946
P           -1.94308691245739       -0.88441934867520       -0.21575490554719
C           -3.21533303637847        0.09536356547490        0.63254888097310
C           -3.61569040139128       -0.06703788010089        1.95275974822209
C           -4.55067627214772        0.79694839889228        2.49837295300991
C           -5.08621328015410        1.82117029524928        1.73657202181908
C           -4.68382142754518        1.99184346778496        0.42007349913650
C           -3.74879872664555        1.13659872077291       -0.12722356253896
C           -2.97677241474393       -1.67233599087631       -1.51337247644003
C           -2.50796964024414       -1.77017108817154       -2.81586629773057
C           -3.25203235895568       -2.43436103644064       -3.77561120866747
C           -4.46811039821984       -3.00274036998451       -3.43757766290406
C           -4.94969084724049       -2.89132545083112       -2.14205650353912
C           -4.21046405130574       -2.22765425615999       -1.18259467925974
H            1.97330417223546       -3.80884399003146       -0.28929656951540
H            1.89446690248270       -2.65299227464152        1.06280382689476
H            2.75186529170930       -2.06842746440645       -1.81309079422206
H            3.82328443261864       -2.06865534998501       -0.37936550443989
H            2.03259371512069       -0.75986253924388        2.31498697124550
H            3.42850556189326       -0.48637555350893        4.31367171257637
H            5.58940439147245        0.69816804598677        4.15693663821421
H            6.33474781460045        1.60136744092494        1.98538233812443
H            4.95057627557064        1.32055696733523       -0.01693803157916
H            2.00813384905276        2.48511298305888       -1.45754925170024
H            3.20578718321308        3.89366410347786       -3.11357414755946
H            5.12082583612251        2.95476027423774       -4.36307564448246
H            5.84397943407641        0.63635946045304       -3.94471478880344
H            4.69897190356836       -0.73827944876987       -2.27105441363891
H           -1.08693299124722       -3.78952513740410       -0.65690470813027
H           -0.16978667795693       -3.92140916467689        0.85130414933288
H           -2.60630251680765       -2.94567190855590        0.99495943306196
H           -1.31518429984803       -2.03445320673764        1.82326848134843
H           -3.19956758201643       -0.85605950488317        2.56265635049922
H           -4.85818769354406        0.67200265686669        3.52723099866567
H           -5.81203620109752        2.49298994371774        2.17121731966861
H           -5.09410507564217        2.79675131266250       -0.17266700348559
H           -3.40414920594356        1.26328030701262       -1.14825295366523
H           -1.56164804649507       -1.31003186685074       -3.06873708420233
H           -2.88196783337088       -2.50625298324491       -4.78837320893727
H           -5.04757809034633       -3.52687336838124       -4.18330250752102
H           -5.90429038999596       -3.32503039352700       -1.88061194335849
H           -4.59193797382822       -2.12946321336284       -0.17444604439638
C           -0.27727014441635        1.66319368869424       -0.39053710544543
O           -0.57954253504531        2.78419491398550       -0.25441099674438
C           -0.06980627321150        0.21826448853640        1.31361635165963
O           -0.28495222163846        0.56993148122258        2.40268632428011
O            0.83106997455302       -3.25981715459779       -3.25363847876489
C            0.48849325323154       -3.06544613796959       -4.40157111691644
C            0.74932841338343       -1.86407790278538       -5.18472685233938
C            1.45166635578086       -0.78787352313991       -4.63348810930249
C            1.67100933295039        0.35523245098268       -5.37615280235821
C            1.19864892330871        0.43414481784551       -6.67799999878403
C            0.50774090220123       -0.63226818669227       -7.23958838064360
C            0.28052215463565       -1.77553608267214       -6.49956241591375
H            0.41962092661793       -2.46843370646733       -1.44019400340456
H            0.12246195793119       -0.09758049556371       -1.93362935464877
H           -0.08133604396845       -3.84600008413865       -4.94573802707574
H            1.80571416014013       -0.84934383409958       -3.61530775660219
H            2.20425052700459        1.18356735622924       -4.93458234520607
H            1.36685309389431        1.32975228289051       -7.25863917439935
H            0.14502923223973       -0.56508286454840       -8.25496404928702
H           -0.25904796123270       -2.60840176025517       -6.93134514223025
80
 energy: -120.633362705957 gnorm: 0.004219053837 xtb: 6.7.1 (edcfbbe)
Mn           0.09900348621652       -0.05803052333518       -0.40810077634329
N            0.44517246558137       -2.35289189814520       -0.41974413860035
C            1.79499806558116       -2.75781836807754       -0.02087442587562
C            2.81176271485126       -1.87426277354933       -0.73286209606179
P            2.33562518396901       -0.09326801875415       -0.45659455863868
C            3.39965206234728        0.24150770601180        1.00501117915267
C            2.98778722604304       -0.25776234772550        2.23687737780967
C            3.77008957607782       -0.09678689407363        3.36477032975134
C            4.97855460926737        0.57333868338648        3.27646256961669
C            5.39254045114948        1.08247124296755        2.05747127497321
C            4.61074748649226        0.92050851861899        0.92658024518437
C            3.27674433063219        0.79152221164125       -1.74700182770384
C            2.86345326529627        2.09745379474397       -2.00127589710375
C            3.52577023387352        2.87413572172468       -2.93400708200370
C            4.60024886954006        2.34631140461028       -3.63434104678861
C            5.00765480646702        1.04391361689571       -3.39588927634285
C            4.35617684639565        0.26726454962552       -2.45218186162703
C           -0.61296054103363       -3.21666800223003        0.14065085705075
C           -1.68396110941561       -2.38177942535592        0.84837824488961
P           -1.94241532281159       -0.88627924993943       -0.21505857037200
C           -3.21389428232047        0.09254976486789        0.63513777452068
C           -3.61568299382193       -0.07093193121076        1.95469499211618
C           -4.55152651396317        0.79281678506945        2.49949244928365
C           -5.08606432613170        1.81767114727549        1.73763693398877
C           -4.68118581828389        1.99006817507545        0.42205842829718
C           -3.74555082674534        1.13503970189254       -0.12441608019255
C           -2.97723351480349       -1.67006633072247       -1.51415342567209
C           -2.50737360292732       -1.76788966532769       -2.81648038010722
C           -3.25127363416119       -2.43111507071951       -3.77729106812275
C           -4.46866807593596       -2.99794392701174       -3.44065684214888
C           -4.95175234020178       -2.88564607688383       -2.14557235937415
C           -4.21253316058510       -2.22317945550689       -1.18490302291878
H            1.97432574573320       -3.81018805212439       -0.28992840667899
H            1.89529412134923       -2.65806833257372        1.06556559483382
H            2.75738454116759       -2.07016203515635       -1.80850274858734
H            3.82524206704990       -2.06838370377614       -0.37169478294941
H            2.03656666471165       -0.76496970142353        2.31697574231786
H            3.43452057996525       -0.48929475649011        4.31448022154902
H            5.59178633658074        0.70248043327921        4.15632343678632
H            6.33218083395490        1.61045147422918        1.98474882934847
H            4.94604518161239        1.32744009236962       -0.01629342261622
H            2.00640870602101        2.48315881559587       -1.45947476259120
H            3.20275186996627        3.88869376236683       -3.11859247064455
H            5.11789501181885        2.94863877574638       -4.36679849462654
H            5.84287906042643        0.63125287476612       -3.94362475304502
H            4.69935783001960       -0.74040092318645       -2.26663187039005
H           -1.08562061536855       -3.78886285940002       -0.66475039536968
H           -0.17176139116956       -3.92729598250864        0.84638621853060
H           -2.60662984780546       -2.95122726035443        0.98893217289515
H           -1.31702659816721       -2.04129817994549        1.82191348692141
H           -3.20061175804436       -0.86079815483851        2.56444108322821
H           -4.86092211559440        0.66718527054317        3.52770452807150
H           -5.81315031620940        2.48859221257980        2.17163244880812
H           -5.08984584944359        2.79591240731526       -0.17055841258725
H           -3.39851723021193        1.26234245622609       -1.14463472228436
H           -1.56006502556846       -1.30893562177814       -3.06802694725317
H           -2.88026005439474       -2.50336501239241       -4.78977131145076
H           -5.04753149718956       -3.52180831282953       -4.18716641172794
H           -5.90769939335383       -3.31736847307424       -1.88540630096932
H           -4.59508824591886       -2.12430432889172       -0.17712889960471
C           -0.27441860432867        1.66128899288125       -0.39184128186954
O           -0.57883464840281        2.78237699345278       -0.25831256419855
C           -0.06442676920283        0.22069992704065        1.31255453529744
O           -0.28039734449232        0.57394174261699        2.40157179098358
O            0.82824390719719       -3.25446837010768       -3.25072614261770
C            0.48343301005054       -3.06018771856802       -4.39793729004971
C            0.74483409480478       -1.85980873949261       -5.18229501721145
C            1.45075981370265       -0.78495446423356       -4.63331628436375
C            1.67248077115883        0.35652491153149       -5.37774150792170
C            1.19994895729945        0.43467572850150       -6.67943958747379
C            0.50527043929210       -0.63035408138175       -7.23876673349415
C            0.27509233218994       -1.77160178560265       -6.49679400548043
H            0.42371639917914       -2.46496672894038       -1.43886309212451
H            0.12705545657288       -0.09569243362906       -1.93543322098300
H           -0.08905500711283       -3.83991652204368       -4.94019755241813
H            1.80465386215621       -0.84535524400628       -3.61506262136528
H            2.20761720114625        1.18421064009863       -4.93733685560747
H            1.37082611494350        1.32856468887363       -7.26187771714808
H            0.14179310241776       -0.56354226928579       -8.25385781445535
H           -0.26798665688876       -2.60306098714443       -6.92655744987140
80
 energy: -120.633402974346 gnorm: 0.005834449613 xtb: 6.7.1 (edcfbbe)
Mn           0.10391663246026       -0.06455902616178       -0.40669628495865
N            0.45115662610019       -2.35497390034384       -0.41741033680944
C            1.79883309369108       -2.76460799719204       -0.01510858949813
C            2.82008545976259       -1.87942552990793       -0.71981024409372
P            2.33733540495860       -0.09871983495187       -0.45013081665807
C            3.40078060849797        0.24432258101076        1.00989071110016
C            2.99663660019972       -0.26471738404401        2.24144387814715
C            3.78198429913293       -0.10071226501742        3.36704510587509
C            4.98489942156813        0.58174820311938        3.27659638041258
C            5.39025438991712        1.10148988662506        2.05807047662470
C            4.60550135751081        0.93694944590355        0.92961608774497
C            3.27590190116260        0.78392416076815       -1.74406900214077
C            2.85907609771645        2.08763610110235       -2.00571515685614
C            3.51854524972970        2.86038917586761       -2.94406986749427
C            4.59363756802539        2.33109019880762       -3.64246111047051
C            5.00525631951924        1.03096740370632       -3.39580349610631
C            4.35653982704394        0.25842086012756       -2.44660488449834
C           -0.61213124873683       -3.22439913010374        0.12770681829850
C           -1.68399921513604       -2.39290734749691        0.83924011512341
P           -1.93936334133636       -0.88944795832560       -0.21467070797101
C           -3.20916663196270        0.08564520398276        0.64148122361662
C           -3.61588251328137       -0.08254643835384        1.95891356969895
C           -4.55437304376759        0.78016650409329        2.50191790817050
C           -5.08569627914566        1.80777402666934        1.74077443818902
C           -4.67398387000894        1.98577179332239        0.42787060496380
C           -3.73628389508713        1.13182856611389       -0.11683373808114
C           -2.97796933054550       -1.66367751009376       -1.51659145167836
C           -2.50528598108503       -1.76222114736679       -2.81867175132876
C           -3.24949655273313       -2.42211636478885       -3.78259202543022
C           -4.47131141258087       -2.98324951938239       -3.44986878242001
C           -4.95827410473472       -2.86837415425789       -2.15568130834373
C           -4.21818615992617       -2.20984288359231       -1.19149942555058
H            1.97685905524761       -3.81585404900304       -0.29094519523657
H            1.89676581069320       -2.67257593242219        1.07291219539078
H            2.77408191658194       -2.07644242109427       -1.79602469940593
H            3.83177974819250       -2.06989648127339       -0.35006200929722
H            2.04897185799504       -0.78081254285608        2.32292901366754
H            3.45361501390419       -0.50045095070515        4.31654201196744
H            5.59992263590720        0.71409983380314        4.15494189462100
H            6.32519152136890        1.63901108236201        1.98385830359027
H            4.93346485677933        1.35030255587938       -0.01324810018706
H            2.00201995300236        2.47555477300826       -1.46568973011361
H            3.19318574903403        3.87336240909294       -3.13409685479405
H            5.10904345078154        2.93064932709114       -4.37896213829511
H            5.84085539256889        0.61665541562760       -3.94172160720637
H            4.70303298591210       -0.74674928363584       -2.25409076617572
H           -1.08295034184487       -3.78752946826160       -0.68828061049746
H           -0.17770252185664       -3.94374775125575        0.83186682225381
H           -2.60685603093348       -2.96461202052863        0.97210632665849
H           -1.31989833238309       -2.05948510288883        1.81690908584354
H           -3.20435068927661       -0.87576152551361        2.56774792271458
H           -4.86904730154681        0.65157833845081        3.52818811993535
H           -5.81607673011269        2.47635902627388        2.17332892324979
H           -5.07844321461110        2.79455916576740       -0.16373477220567
H           -3.38306643143584        1.26150511194175       -1.13480396954496
H           -1.55468785271147       -1.30736504307709       -3.06675067372237
H           -2.87590327596242       -2.49535368778910       -4.79450960629447
H           -5.04948634073771       -3.50564984541224       -4.19857482287219
H           -5.91844378968062       -3.29381304764946       -1.89919158959079
H           -4.60346875336513       -2.10915051668077       -0.18441099400750
C           -0.28687947074926        1.65046012493100       -0.39981044322952
O           -0.56665706688181        2.77841109637490       -0.25756475367600
C           -0.05503407073607        0.22502470391613        1.31331200985349
O           -0.26588287140948        0.58981926820831        2.40189642059906
O            0.81996362418121       -3.23930671224793       -3.24277292541710
C            0.46729379609215       -3.04351184306318       -4.38698824609808
C            0.73167036130390       -1.84669202942805       -5.17524644174577
C            1.44899581370787       -0.77635872863531       -4.63308321981344
C            1.67751637886672        0.36023464537695       -5.38262163247939
C            1.20386558216012        0.43651911207406       -6.68354481946113
C            0.49739488211365       -0.62391220660302       -7.23602546691527
C            0.25869525991535       -1.75917599581277       -6.48848715861298
H            0.43682681013023       -2.45671953254284       -1.43820252983257
H            0.13170061923679       -0.09672344961580       -1.93445790126866
H           -0.11412924906157       -3.81959505271082       -4.92347036330685
H            1.80267341489978       -0.83425564197554       -3.61483422099614
H            2.21878448461391        1.18588616148185       -4.94614503107590
H            1.38221439799763        1.32554306595649       -7.27075227984538
H            0.13105190595584       -0.55777754925547       -8.24996968630255
H           -0.29498956051706       -2.58583829484344       -6.91203597022027
80
 energy: -120.633495863025 gnorm: 0.003989474215 xtb: 6.7.1 (edcfbbe)
Mn           0.10497826416964       -0.06714972408939       -0.40141224319178
N            0.45384390303923       -2.35686874553093       -0.41831925981760
C            1.80005304676249       -2.76849000752704       -0.01302355170822
C            2.82308954174343       -1.88206035988331       -0.71377285110971
P            2.33914700036847       -0.10084737003650       -0.44793175397959
C            3.40133844742013        0.24637837783822        1.01211635409723
C            3.00159723887583       -0.26749140291629        2.24337693649061
C            3.78827268026046       -0.10231996310887        3.36784534152561
C            4.98764842880010        0.58660020528300        3.27681258490488
C            5.38826925152654        1.11162144666816        2.05889919155358
C            4.60250296195750        0.94548008198942        0.93141226496430
C            3.27724069407467        0.77984226921380       -1.74319832358269
C            2.85804579471171        2.08200709781169       -2.00877129417783
C            3.51584556388396        2.85279275016445       -2.94985270875959
C            4.59125565108551        2.32269418508760       -3.64716902873295
C            5.00520084550188        1.02401871543877       -3.39640006523026
C            4.35851994754454        0.25371202726712       -2.44405004341646
C           -0.61161886870366       -3.22726758642533        0.12155509393145
C           -1.68402394886081       -2.39808960691612        0.83501508712684
P           -1.93871846031518       -0.89175932973747       -0.21479560082353
C           -3.20667109904113        0.08302642493347        0.64407162666334
C           -3.61647708811573       -0.08865347800688        1.96009755829488
C           -4.55604692669596        0.77315512897719        2.50286926145010
C           -5.08518900642844        1.80291317546371        1.74304316899608
C           -4.67033849045276        1.98430522047844        0.43157567255529
C           -3.73153369789066        1.13140084014397       -0.11286334197872
C           -2.97870332953826       -1.66118460702351       -1.51849461563382
C           -2.50450238460453       -1.76021131438640       -2.82007985231978
C           -3.24932955319814       -2.41716673263910       -3.78557593388812
C           -4.47340432653855       -2.97471961291173       -3.45494624778909
C           -4.96207130453905       -2.85885070630820       -2.16144308957941
C           -4.22118559038937       -2.20342740260876       -1.19561248343008
H            1.97784153132133       -3.81950750344513       -0.29003742796403
H            1.89566369972816       -2.67858926467190        1.07557537075935
H            2.78171310097557       -2.07966866903947       -1.79024563100704
H            3.83361723768222       -2.07124391099287       -0.33993496242391
H            2.05645476412079       -0.78871569380276        2.32534106675733
H            3.46409837195021       -0.50664193528133        4.31690807010590
H            5.60387741844097        0.71947407464918        4.15427451159805
H            6.32026264167881        1.65458190669834        1.98436737224375
H            4.92634003000887        1.36334067985470       -0.01093908057803
H            2.00051911148641        2.47032983445250       -1.46978733792911
H            3.18840194550752        3.86448630908727       -3.14322478450206
H            5.10493460017839        2.92048213517879       -4.38634179706028
H            5.84108899229930        0.60912608938654       -3.94136452324105
H            4.70677302853357       -0.75010006960477       -2.24785329294864
H           -1.08106737038810       -3.78678985537163       -0.69829420640619
H           -0.17881085017589       -3.95080715787047        0.82312674649999
H           -2.60710198386091       -2.97009011445199        0.96568009669690
H           -1.31980364707724       -2.06789117874058        1.81380660891322
H           -3.20681566358951       -0.88378508714183        2.56793783020701
H           -4.87318022022308        0.64221085906291        3.52809138170809
H           -5.81655277222044        2.47058162137002        2.17544959469804
H           -5.07335065680314        2.79454694728094       -0.15900740908672
H           -3.37595800837668        1.26283930328539       -1.12981170630644
H           -1.55227342577835       -1.30759416284160       -3.06646197783443
H           -2.87447545347699       -2.49071638931411       -4.79709406540818
H           -5.05212691289117       -3.49505844427988       -4.20478723347854
H           -5.92407749533689       -3.28130658333907       -1.90675337833477
H           -4.60740800376902       -2.10241461544164       -0.18881231380289
C           -0.26934979233953        1.65113881059444       -0.39189545868246
O           -0.57313585130021        2.77436530046422       -0.26621034185409
C           -0.04982818574779        0.22484237133368        1.31825177268356
O           -0.26341780577095        0.58948257300952        2.40616520888763
O            0.81677553487179       -3.23243663613099       -3.23969172550475
C            0.45849111084909       -3.03456364225779       -4.38177165910550
C            0.72508742423876       -1.83965507631234       -5.17204250799255
C            1.44831360914047       -0.77161291126318       -4.63317351145703
C            1.68045941863072        0.36246927380096       -5.38542099590403
C            1.20521778483878        0.43822173334668       -6.68572024825949
C            0.49195492068300       -0.61962899582160       -7.23451885299962
C            0.24907925656879       -1.75207371029367       -6.48417381720418
H            0.44287177138693       -2.45605823861712       -1.43962708480358
H            0.13135005621086       -0.10059127822341       -1.92902152581616
H           -0.12923342102965       -3.80788378052478       -4.91503156581355
H            1.80397977980629       -0.82954337047738       -3.61564267592934
H            2.22657221538518        1.18647575846283       -4.95180970304660
H            1.38722226714125        1.32497752774747       -7.27511584014769
H            0.12405141260285       -0.55377815930640       -8.24788186627470
H           -0.30966004226645       -2.57657244023247       -6.90474681787745
80
 energy: -120.633551547402 gnorm: 0.002104856272 xtb: 6.7.1 (edcfbbe)
Mn           0.10510957381086       -0.06855254395641       -0.40167266030366
N            0.45483052170689       -2.35882168601809       -0.41895021542656
C            1.80030641891502       -2.77031857750501       -0.01153950437093
C            2.82453688828340       -1.88367829537647       -0.71001486086943
P            2.34079031655179       -0.10209605376405       -0.44575508192453
C            3.40304905713792        0.24712076466432        1.01359136596930
C            3.00640596402974       -0.26924014065592        2.24438744605155
C            3.79325966461641       -0.10283471528479        3.36834588761552
C            4.98949669340880        0.59060228467092        3.27752370621650
C            5.38640371426060        1.11932643300600        2.06047577589448
C            4.60071310578216        0.95129464121275        0.93322560149499
C            3.27891668246182        0.77620156970346       -1.74253034108232
C            2.85787384357302        2.07702552022433       -2.01119613745116
C            3.51445557118558        2.84644490349663       -2.95412413303098
C            4.59030997108755        2.31596666898359       -3.65044023638929
C            5.00614885102038        1.01872499489738       -3.39658384992983
C            4.36101086266563        0.24993967068440       -2.44201657118518
C           -0.61122183482111       -3.22915794504539        0.11862250258089
C           -1.68393703729206       -2.40175253575843        0.83302296995009
P           -1.93860778482169       -0.89395900281512       -0.21405826714394
C           -3.20628039668152        0.08096435478249        0.64498934164952
C           -3.61801168750168       -0.09350564629453        1.95995244949678
C           -4.55736977231407        0.76773517647662        2.50361761966258
C           -5.08462738199800        1.79964396472277        1.74569001211493
C           -4.66808424096184        1.98382327885639        0.43523935606455
C           -3.72920439731381        1.13160001804588       -0.10999723121832
C           -2.97862538492201       -1.65967494517464       -1.52004397148178
C           -2.50383855272950       -1.75881393976368       -2.82117302989484
C           -3.24963413484659       -2.41266097639432       -3.78763398255925
C           -4.47512681244335       -2.96726414904047       -3.45841153311363
C           -4.96421650351787       -2.85142943248573       -2.16540497084178
C           -4.22230682871513       -2.19925023758876       -1.19864728488985
H            1.97874902673600       -3.82123376963801       -0.28794220675688
H            1.89345580071012       -2.68058394460420        1.07707122276430
H            2.78573691117909       -2.08131415644546       -1.78653318437989
H            3.83413536383735       -2.07313743709194       -0.33436001075775
H            2.06346988663213       -0.79380926073549        2.32628761454699
H            3.47189720540711       -0.51021172520458        4.31692084416855
H            5.60639252034750        0.72341846928821        4.15445000588155
H            6.31579530692236        1.66632575983732        1.98619294185372
H            4.92160490211457        1.37261490543248       -0.00851448013500
H            1.99966394350669        2.46506232112447       -1.47307413301749
H            3.18517520123550        3.85697366206880       -3.15015180866357
H            5.10248572611063        2.91225990612628       -4.39182274815159
H            5.84238848180258        0.60377060907163       -3.94093624642493
H            4.71079955341347       -0.75280403332995       -2.24324745910390
H           -1.07973825120272       -3.78657585383539       -0.70223509560356
H           -0.17840037025834       -3.95476980568116        0.81711972161877
H           -2.60725110691925       -2.97320392346015        0.96332758095568
H           -1.31901182495737       -2.07275282622949        1.81170346402866
H           -3.20941400007875       -0.88996152368858        2.56646286698797
H           -4.87603361711411        0.63422249615403        3.52801605617270
H           -5.81593578969090        2.46688221376732        2.17867779606383
H           -5.07030165005486        2.79540714016352       -0.15396956010227
H           -3.37231109561701        1.26543835531229       -1.12613498960382
H           -1.55057196533493       -1.30824267019948       -3.06667183481530
H           -2.87417439362295       -2.48636326970180       -4.79877320460704
H           -5.05514345143025       -3.48480999597922       -4.20901958078241
H           -5.92719856980139       -3.27190283343331       -1.91179012042184
H           -4.60885364071595       -2.09850175117779       -0.19212258158589
C           -0.26684967102876        1.64998300722964       -0.38884650964466
O           -0.57143487387875        2.77255568738610       -0.26338500819116
C           -0.05070682911477        0.21857002813110        1.31837534676539
O           -0.25782324387838        0.58516945683238        2.40609782344060
O            0.81630388540189       -3.22895519697246       -3.23900097848292
C            0.45302887557229       -3.02869392029188       -4.37927853039502
C            0.72088280463568       -1.83462123209901       -5.17041207796360
C            1.44844375030768       -0.76827995746992       -4.63369505781804
C            1.68309990924578        0.36414618680085       -5.38779220457370
C            1.20514042791387        0.44029157647113       -6.68723523103029
C            0.48666052410450       -0.61553633727633       -7.23340389271843
C            0.24131097183152       -1.74639854720897       -6.48127936622329
H            0.44580713878830       -2.45866954443798       -1.44011218256130
H            0.13527885217312       -0.10064973208931       -1.92850474140689
H           -0.14325745561470       -3.79817483884151       -4.90915398065122
H            1.80711316047394       -0.82730837873816       -3.61716004664603
H            2.23383188443267        1.18650666160516       -4.95679481878573
H            1.38941060789268        1.32575146796983       -7.27792669630846
H            0.11711339561269       -0.54956496372786       -8.24620402270695
H           -0.32086850738633       -2.56967767201067       -6.90000270770319
80
 energy: -120.633660744215 gnorm: 0.003295493149 xtb: 6.7.1 (edcfbbe)
Mn           0.10893340323983       -0.07191354127716       -0.39956710790537
N            0.45646945042852       -2.36428379258050       -0.42263267075730
C            1.79993950804336       -2.77442308990726       -0.00780553760969
C            2.82765527523474       -1.88819594548643       -0.70097718296431
P            2.34614207456054       -0.10548599000432       -0.44053207608806
C            3.40790647411499        0.24934193733040        1.01747245230881
C            3.01920582099518       -0.27463712082405        2.24707787412086
C            3.80650937481690       -0.10533523083121        3.36990431816902
C            4.99488872901608        0.60046304330231        3.27977552875815
C            5.38219881147091        1.13975362320595        2.06495763641214
C            4.59645944827228        0.96761715942264        0.93826361594982
C            3.28431971537661        0.76676411854132       -1.74101936208119
C            2.85806003705168        2.06408418089344       -2.01798381979366
C            3.51113223244743        2.83009758983342       -2.96585479394463
C            4.58849663367338        2.29877656511803       -3.65923826741292
C            5.00986357060586        1.00535841135872       -3.39682703532815
C            4.36878596579985        0.24028978277555       -2.43656293228307
C           -0.61155053750344       -3.23363383752871        0.11086159568770
C           -1.68288871370687       -2.40771606583212        0.82776414948118
P           -1.93608752790478       -0.89694692860682       -0.21446064267968
C           -3.20427826484230        0.07678941542201        0.64561061426112
C           -3.62116178030408       -0.10603389026156        1.95793418090591
C           -4.56022372397923        0.75320886371396        2.50489552077063
C           -5.08284133186350        1.79139451878670        1.75275846501665
C           -4.66248956804909        1.98321726224946        0.44474967386393
C           -3.72344678768778        1.13312752488407       -0.10364257885743
C           -2.97723498543061       -1.65681427968225       -1.52351967236037
C           -2.50178529396434       -1.75577546747937       -2.82402724795550
C           -3.25104284143011       -2.40105216409663       -3.79306964071762
C           -4.48065803596007       -2.94747667169491       -3.46715536878659
C           -4.96979026934899       -2.83286083092131       -2.17452431891844
C           -4.22410508861571       -2.18967339109688       -1.20520756911597
H            1.98074718193688       -3.82543527158250       -0.28141603600908
H            1.88616779227716       -2.68359424312207        1.08104358034494
H            2.79389584515513       -2.08510497143435       -1.77780021378165
H            3.83524109537368       -2.07922769525708       -0.32161434524156
H            2.08174853067010       -0.80807210921475        2.32880575585312
H            3.49177730114083       -0.52031204094874        4.31718774748600
H            5.61287433975194        0.73412945304797        4.15570769162244
H            6.30472619665377        1.69786911172508        1.99147129019615
H            4.91064156085543        1.39723179924882       -0.00189288641912
H            1.99778091971779        2.45089010956228       -1.48215725727006
H            3.17713565280252        3.83766867602290       -3.16848368762216
H            5.09713494615646        2.89147386046823       -4.40590393320813
H            5.84725124590769        0.59045889588707       -3.93944225081943
H            4.72284518763091       -0.75954606486995       -2.23095977502385
H           -1.07974995759185       -3.78652792349562       -0.71184816162248
H           -0.17961862292418       -3.96373856308923        0.80406883572118
H           -2.60685433763278       -2.97772650359509        0.95824901003495
H           -1.31578651686224       -2.08182317445831        1.80637350117732
H           -3.21611001502756       -0.90726585474942        2.56011247380318
H           -4.88233730623318        0.61233746002786        3.52724264246510
H           -5.81345909862887        2.45780214393060        2.18801993991890
H           -5.06259023105364        2.79900815355340       -0.14001627764580
H           -3.36412779914122        1.27394486010798       -1.11787509604125
H           -1.54556495371449       -1.31087933656032       -3.06763334974441
H           -2.87467534805172       -2.47448337991644       -4.80368781867803
H           -5.06479427428928       -3.45720587852242       -4.21978243663866
H           -5.93555225214696       -3.24784147186203       -1.92343329671283
H           -4.61087389312501       -2.09001678264702       -0.19888911138071
C           -0.26324001150143        1.64607930530579       -0.38101032517321
O           -0.56655205315882        2.76814791738357       -0.25364064728812
C           -0.04625733050859        0.20285131921950        1.32145423924524
O           -0.24948469186906        0.56486002402990        2.40998969917365
O            0.81735671095281       -3.22188572476588       -3.23951361388591
C            0.43671723513698       -3.01263320947107       -4.37307882719251
C            0.71062646112926       -1.82200051772326       -5.16722948196194
C            1.45164718392368       -0.76133485830105       -4.63684701006229
C            1.69120387924283        0.36742831907084       -5.39487366521972
C            1.20426117845830        0.44577936717086       -6.69118874327029
C            0.47205287892703       -0.60428764822551       -7.23057814474773
C            0.22131993305427       -1.73146797846899       -6.47446514484577
H            0.45281156704383       -2.46661158766654       -1.44346622033118
H            0.13370753381098       -0.10493343970189       -1.92439471928962
H           -0.17852717009073       -3.77308782427541       -4.89538066956961
H            1.81743569576545       -0.82337569182491       -3.62283269886736
H            2.25317315145371        1.18570711894167       -4.97043989416824
H            1.39307549534955        1.32854104430279       -7.28441840586736
H            0.09641428788939       -0.53691810746531       -8.24112908251784
H           -0.35057623891600       -2.55085261383677       -6.88811482089011
80
 energy: -120.633783723438 gnorm: 0.004528919239 xtb: 6.7.1 (edcfbbe)
Mn           0.11455156844017       -0.07915415663703       -0.39342666487748
N            0.45904915484663       -2.37259399314385       -0.42826944881091
C            1.79932031007926       -2.78104997328268       -0.00166048563309
C            2.83230058762562       -1.89553385051282       -0.68745757719292
P            2.35261123899004       -0.11130745493639       -0.43458484554000
C            3.41325291273688        0.25262381745269        1.02222785182025
C            3.03709606413748       -0.28444653255787        2.25043409647209
C            3.82557307518071       -0.11038570054112        3.37155259074610
C            5.00228760360637        0.61523894301593        3.28210705891816
C            5.37528494419334        1.17049614814218        2.07004393825315
C            4.58872807641279        0.99258574654541        0.94450741889000
C            3.29197198274292        0.75324226837583       -1.73906633986724
C            2.85812773009872        2.04545059771060       -2.02885945594440
C            3.50647479743302        2.80620510553351       -2.98399497839100
C            4.58659749627321        2.27360651256317       -3.67228153308294
C            5.01619893691192        0.98569184871178       -3.39636947428111
C            4.38044368175375        0.22636567390259       -2.42788936141128
C           -0.61296182384135       -3.24101032672024        0.09847914146538
C           -1.68139633862288       -2.41619674569040        0.82036109958204
P           -1.93230201209549       -0.90104127523230       -0.21546973266619
C           -3.20051353320676        0.07086916981158        0.64720663880278
C           -3.62502159823063       -0.12461415804466        1.95555600787616
C           -4.56426939023157        0.73137590242726        2.50720345811696
C           -5.08009270234517        1.77902982137957        1.76351604459148
C           -4.65357540543844        1.98247671649593        0.45918786349888
C           -3.71407502923595        1.13561740829140       -0.09379136076526
C           -2.97532213511837       -1.65252692968557       -1.52849745294048
C           -2.49905230446374       -1.75068736047754       -2.82859678509434
C           -3.25357820471847       -2.38364644891128       -3.80169622714616
C           -4.48955891089301       -2.91817957986454       -3.48043438109111
C           -4.97854395605675       -2.80593634248709       -2.18763230833448
C           -4.22715640201264       -2.17565105271482       -1.21423177918045
H            1.98350586479045       -3.83240068696799       -0.27161546681614
H            1.87549174269435       -2.68858725350634        1.08783695410852
H            2.80521099368641       -2.09170935637600       -1.76477621730621
H            3.83725623719189       -2.08835120434971       -0.30219467607324
H            2.10813154081713       -0.83266085837615        2.33239379637376
H            3.52097394296875       -0.53699570619184        4.31710374676669
H            5.62168442010746        0.75161127856684        4.15666146857221
H            6.28755440900994        1.74580296257651        1.99746459825213
H            4.89302253000367        1.43432659248238        0.00654208818252
H            1.99465515265004        2.43087569726192       -1.49696394137982
H            3.16586125471740        3.80951066635936       -3.19670613282878
H            5.09069898662080        2.86106950484003       -4.42623786519866
H            5.85572251054475        0.57059781421270       -3.93557328152496
H            4.74090419275592       -0.76904843901440       -2.21159124489850
H           -1.08253138108370       -3.78595415915272       -0.72848089034267
H           -0.18432606813404       -3.97852429442185        0.78592049716729
H           -2.60648878636035       -2.98449593769746        0.95011481483234
H           -1.31192456982761       -2.09531213644767        1.79977020858733
H           -3.22568439563773       -0.93371013730599        2.55103649353482
H           -4.89148377281315        0.57987799004643        3.52651391521968
H           -5.81014698078673        2.44389526027152        2.20211161433529
H           -5.04977752072122        2.80494488269700       -0.11898061969439
H           -3.35106669606135        1.28638031811350       -1.10528697945811
H           -1.53831071583276       -1.31402994424558       -3.06934192442690
H           -2.87642291420361       -2.45584794458275       -4.81204269158078
H           -5.07942952643713       -3.41662872680626       -4.23629963648562
H           -5.94872494819081       -3.21252604890206       -1.94004012121208
H           -4.61381337084866       -2.07814914216306       -0.20771089624702
C           -0.25867080719258        1.63827559629112       -0.36951123098015
O           -0.55734006467841        2.76108956571574       -0.23878275633783
C           -0.04020899924656        0.17953748499119        1.32914111440151
O           -0.23708304093610        0.53601493715063        2.42034637893683
O            0.81910879509830       -3.21129635237909       -3.24148225736782
C            0.41693627424351       -2.99072480308126       -4.36599233985591
C            0.69617311504791       -1.80382944789672       -5.16342236481004
C            1.45684964821279       -0.75179523667593       -4.64254860154262
C            1.70286932436204        0.37190317225411       -5.40587478747158
C            1.20242821829513        0.45408037702290       -6.69715168162814
C            0.44999859948481       -0.58708066620822       -7.22647203046856
C            0.19236360833886       -1.70917621321284       -6.46500781503368
H            0.46378232082419       -2.47645297618412       -1.44904957327609
H            0.14584008674337       -0.10570979489116       -1.91605476086574
H           -0.23303544420628       -3.73426314559529       -4.87378283298387
H            1.83288447760835       -0.81807014910021       -3.63237148193381
H            2.28068167331786        1.18410523513408       -4.99063498670822
H            1.39675352030951        1.33334887573157       -7.29369733459458
H            0.06389512399991       -0.51677383292968       -8.23300271870297
H           -0.39479831594118       -2.52201318529014       -6.87074240783623
80
 energy: -120.633904491254 gnorm: 0.004677159860 xtb: 6.7.1 (edcfbbe)
Mn           0.12108349866564       -0.08645890093337       -0.39102938514221
N            0.46137875208423       -2.38018164321305       -0.43318635549022
C            1.79821539218401       -2.78754097336120        0.00517169384084
C            2.83669641992012       -1.90317641944988       -0.67381596763023
P            2.35897803613816       -0.11764942855314       -0.42720449522823
C            3.41922510969552        0.25509523236355        1.02757458655650
C            3.05621452584021       -0.29575131828102        2.25412273866724
C            3.84560750964123       -0.11543256270520        3.37353899476290
C            5.00968068279116        0.63151801802419        3.28466302529166
C            5.36799212113363        1.20233246471556        2.07511336381142
C            4.58070711046025        1.01773758334895        0.95096440298264
C            3.29811545429356        0.73967585296851       -1.73694310547470
C            2.85731917942904        2.02668729034973       -2.04042349187526
C            3.50223666856788        2.78174534621726       -3.00234898561477
C            4.58601132982711        2.24798529268532       -3.68417598932815
C            5.02346957215749        0.96570411528541       -3.39375879421239
C            4.39141444295521        0.21249915292176       -2.41793106916918
C           -0.61498870223033       -3.24857108076722        0.08550916222343
C           -1.68065518184338       -2.42492850873381        0.81290390937242
P           -1.92768305519465       -0.90481666775101       -0.21668162471223
C           -3.19565760548672        0.06490408801133        0.64942784899478
C           -3.62784176424121       -0.14366861716148        1.95346249156500
C           -4.56758923223831        0.70868344175501        2.50990723820008
C           -5.07663829554991        1.76600646503386        1.77503141701953
C           -4.64330700905780        1.98180194340495        0.47476634853211
C           -3.70328679883380        1.13841230149628       -0.08295278602385
C           -2.97339184291776       -1.64738077686030       -1.53318448917133
C           -2.49697496583301       -1.74339999863544       -2.83340806636885
C           -3.25689707175596       -2.36389550110096       -3.81067157813902
C           -4.49876638236914       -2.88740928681410       -3.49367421518904
C           -4.98704048711192       -2.77873685664997       -2.20013711785813
C           -4.22999330497800       -2.16147034631055       -1.22250931117555
H            1.98543695832996       -3.83937731867930       -0.26142069118698
H            1.86461302500341       -2.69356413580621        1.09522786099653
H            2.81523067792768       -2.09898901050734       -1.75150648988576
H            3.83913008611263       -2.09792166777235       -0.28278969337536
H            2.13658458636649       -0.86008788857902        2.33628293736099
H            3.55160169421844       -0.55369391832458        4.31736608070338
H            5.63005953442311        0.77227898708970        4.15786868583552
H            6.26927407353105        1.79544579057227        2.00327439210639
H            4.87409002576862        1.47173113293659        0.01505417804697
H            1.99052781831546        2.41152147386805       -1.51338347976548
H            3.15551150116360        3.78069599775030       -3.22598478866973
H            5.08654552785916        2.82996246056865       -4.44485312399324
H            5.86598618186448        0.55022267354887       -3.92811556723492
H            4.75847981740992       -0.77815427529037       -2.19016238602480
H           -1.08695632416542       -3.78374218180850       -0.74686991817337
H           -0.19100739951778       -3.99432971762666        0.76747976650438
H           -2.60705467220706       -2.99181977953330        0.94053807563563
H           -1.30994074688906       -2.10943476045254        1.79378070626307
H           -3.23427998878873       -0.96093542831728        2.54179330731407
H           -4.90028062582237        0.54645539201459        3.52590584161079
H           -5.80682982660876        2.42851003880317        2.21708035452984
H           -5.03489287082431        2.81139818852215       -0.09655112754851
H           -3.33617520796675        1.29919877238168       -1.09151177136768
H           -1.53197789590034       -1.31447216432889       -3.07129489743630
H           -2.87981452883266       -2.43384933460869       -4.82121296232565
H           -5.09384968358394       -3.37448444053393       -4.25304440333234
H           -5.96147140297212       -3.17715578715659       -1.95565476228325
H           -4.61608298796989       -2.06698028134569       -0.21546477280297
C           -0.25250165850142        1.63101019659181       -0.35829360380216
O           -0.54696109077730        2.75440372815147       -0.22155148041305
C           -0.02856673482750        0.15532551233936        1.33468182348245
O           -0.22452618545674        0.49862688794599        2.43062305744000
O            0.82188793206676       -3.20113209746655       -3.24560767398236
C            0.39364309021890       -2.96742350887049       -4.35847805752648
C            0.68095579000941       -1.78594987489292       -5.16068709504904
C            1.46302012486935       -0.74393854672804       -4.65031952403684
C            1.71449368255357        0.37530673398030       -5.41821182572601
C            1.19924173933818        0.46271291468817       -6.70354267498635
C            0.42612765661244       -0.56866169880529       -7.22247209891361
C            0.16226110930212       -1.68599725352846       -6.45610977200787
H            0.47459006300510       -2.48454645799123       -1.45395992637026
H            0.14893992243359       -0.10733941002236       -1.91298278450443
H           -0.27955423051770       -3.69829685762151       -4.85417004465637
H            1.84961125311159       -0.81455693058608       -3.64431830123751
H            2.30804781294056        1.18074681788184       -5.01180397396826
H            1.39841743619542        1.33878777915233       -7.30324681754762
H            0.02830856867602       -0.49433224202879       -8.22427541636633
H           -0.44110707338337       -2.49144998018325       -6.85351939716267
80
 energy: -120.634033516687 gnorm: 0.003209728925 xtb: 6.7.1 (edcfbbe)
Mn           0.12758563736332       -0.09454053660248       -0.38710076664468
N            0.46273125810160       -2.38712886166687       -0.43830760002197
C            1.79613998857293       -2.79345002028651        0.01114166905076
C            2.83993212358263       -1.91085909653919       -0.66245770310303
P            2.36416199442584       -0.12420836505137       -0.42159628980900
C            3.42396060744291        0.25626035672331        1.03146064989131
C            3.07384388340257       -0.30713902553965        2.25642101776322
C            3.86357151370824       -0.11922937912612        3.37446912443266
C            5.01491958277167        0.64789739902092        3.28617399665033
C            5.35950278971532        1.23143724981451        2.07862919336571
C            4.57173864544975        1.03981893247337        0.95587790335356
C            3.30342182873202        0.72787661509600       -1.73518880003746
C            2.85688377129079        2.00976025094761       -2.05206766910374
C            3.50056563440090        2.75911164925025       -3.01921309171729
C            4.58911913487803        2.22463155276253       -3.69301573570446
C            5.03302519434036        0.94769537051430       -3.38850285119682
C            4.40217449538457        0.20056081012324       -2.40730018053645
C           -0.61784425306169       -3.25560432936449        0.07263270113738
C           -1.68072117547470       -2.43269700971167        0.80563818752997
P           -1.92343187090384       -0.90762359366934       -0.21826725395210
C           -3.19033303896840        0.05985151039757        0.65236762300031
C           -3.62913247317831       -0.16105850781042        1.95210469535088
C           -4.56949428218111        0.68757172782159        2.51324570854860
C           -5.07259382366265        1.75377950097488        1.78699997967404
C           -4.63264468127070        1.98163435746028        0.49094101659818
C           -3.69222238540900        1.14172238424218       -0.07148421064995
C           -2.97230344769744       -1.64165134373957       -1.53716843100441
C           -2.49706588067793       -1.73317227397419       -2.83826732217701
C           -3.26188311248870       -2.34219522355882       -3.81924754297537
C           -4.50781442383461       -2.85779397322681       -3.50527349964590
C           -4.99429491122331       -2.75469072248562       -2.21026899893771
C           -4.23226586925153       -2.14940832300451       -1.22882838856279
H            1.98588467966952       -3.84596643712623       -0.25188997333035
H            1.85375835741436       -2.69753798454638        1.10149801470033
H            2.82248696113152       -2.10692734353426       -1.74024355056802
H            3.84013304073250       -2.10755956882494       -0.26638766809108
H            2.16403806445930       -0.88743237039268        2.33889463658231
H            3.57950919295183       -0.56706666729722        4.31685384894701
H            5.63530456315804        0.79512913523552        4.15838467926002
H            6.25004115248550        1.84063715609672        2.00744137069278
H            4.85457484758829        1.50395225883791        0.02169139141486
H            1.98632807132020        2.39463169665674       -1.53122172659895
H            3.14919809023964        3.75401447457382       -3.25343806609613
H            5.08831082079626        2.80158050723620       -4.45827437506329
H            5.87942514098590        0.53169566042496       -3.91644549929872
H            4.77449295275325       -0.78565557493464       -2.16884411134939
H           -1.09309169313690       -3.78051106952463       -0.76501985851141
H           -0.19892588832493       -4.00910574545836        0.74975304499185
H           -2.60836808337241       -2.99854423304687        0.93022364180657
H           -1.30991657957621       -2.12266384385971        1.78843272381880
H           -3.24069166757252       -0.98596871282866        2.53322662736305
H           -4.90740236144399        0.51548164115582        3.52586078868332
H           -5.80342231795823        2.41328630934383        2.23255415457460
H           -5.01925238178898        2.81823744576923       -0.07362684800442
H           -3.32082705803077        1.31181257358362       -1.07698708225824
H           -1.52925115521274       -1.30949370668847       -3.07384909756464
H           -2.88621220504395       -2.40826651407436       -4.83064679305842
H           -5.10690553955094       -3.33447190338161       -4.26802570594705
H           -5.97176674267151       -3.14686488936497       -1.96779200177647
H           -4.61699894982487       -2.05908643912188       -0.22082281862290
C           -0.24470188098537        1.62391520886984       -0.34538394497516
O           -0.53500025488779        2.74790587848586       -0.20135109235813
C           -0.01668454691754        0.13118404654120        1.34217741020110
O           -0.21489152786835        0.45640800256617        2.44403331227252
O            0.82523619085697       -3.19281424743795       -3.25303669518972
C            0.37978923015398       -2.95021799361430       -4.35611652843039
C            0.66869050568005       -1.77145427242902       -5.16108165250067
C            1.46878836616930       -0.73904393836318       -4.66018024721208
C            1.72331644548402        0.37728912455442       -5.43092879975785
C            1.19290600211243        0.47158541911219       -6.70956933014979
C            0.40169518246252       -0.55007912749267       -7.21912467137723
C            0.13487192720225       -1.66438968282999       -6.44971805832493
H            0.48349551890921       -2.49123623678770       -1.45897754065215
H            0.15331173564554       -0.10878796921426       -1.91037073091359
H           -0.31879774333321       -3.66651599251937       -4.83693924189646
H            1.86673525170691       -0.81465595433502       -3.65899084324503
H            2.33091996195770        1.17555679194883       -5.03200398944403
H            1.39446807677659        1.34567187600468       -7.31136065637791
H           -0.00838928403488       -0.47039490487608       -8.21560231066535
H           -0.48302426329154       -2.46237673466145       -6.83961510808019
80
 energy: -120.634172729274 gnorm: 0.004138255194 xtb: 6.7.1 (edcfbbe)
Mn           0.13283703811954       -0.10464376977695       -0.38136515703690
N            0.46386664052918       -2.39408638168798       -0.44379169837031
C            1.79350870455239       -2.80019366210748        0.01622477711438
C            2.84282871551180       -1.91944209840688       -0.65218470649858
P            2.36779065693337       -0.13188385381657       -0.41734737625468
C            3.42729460604770        0.25610392029017        1.03403113718493
C            3.09122898649378       -0.31938783642765        2.25755577022903
C            3.88086960376619       -0.12172290590772        3.37424453376132
C            5.01805358739285        0.66650133757605        3.28623894979460
C            5.34844923945078        1.26119058725215        2.08017670366764
C            4.56038972668845        1.06091069115990        0.95907826059523
C            3.30783625815901        0.71654097343807       -1.73338039086508
C            2.85628093521723        1.99286744233219       -2.06475617981959
C            3.50134613872990        2.73613168826726       -3.03567159869287
C            4.59649587061182        2.20143541332511       -3.69873098380479
C            5.04579676453065        0.92996102916397       -3.37926003809710
C            4.41341236013266        0.18925650342099       -2.39437047483443
C           -0.62119106301665       -3.26324155471072        0.05765529955619
C           -1.68204565038625       -2.44247177348337        0.79699509943453
P           -1.92038666837514       -0.91089083692716       -0.21903686998222
C           -3.18442036959260        0.05469366372264        0.65777934513691
C           -3.62961529495189       -0.17850798204137        1.95284219027104
C           -4.57076974027255        0.66640734653283        2.51823611987963
C           -5.06784638370124        1.74128861398047        1.80060501281712
C           -4.62025485904680        1.98195776155969        0.50946845476641
C           -3.67941024701806        1.14551911976211       -0.05728215453965
C           -2.97298366402844       -1.63356144154421       -1.54099736875482
C           -2.50005884358412       -1.71742022506339       -2.84365447776489
C           -3.26916508281334       -2.31547338401877       -3.82819950885263
C           -4.51729976547137       -2.82679472532410       -3.51633061030542
C           -5.00126754444247       -2.73155379801982       -2.21942603906936
C           -4.23502514791918       -2.13767979404292       -1.23431666729571
H            1.98500114770103       -3.85338838365125       -0.24371410699398
H            1.84287635691249       -2.70283098140030        1.10673923730023
H            2.82975787952122       -2.11650200837873       -1.72989760760458
H            3.84062991846727       -2.11764557129265       -0.25046610759068
H            2.19286919496709       -0.91717585644165        2.34069753791294
H            3.60759940296573       -0.57863297225485        4.31539398079524
H            5.63796110066596        0.82214867448824        4.15743493892099
H            6.22793940736869        1.88573899999085        2.00916839319612
H            4.83170663611040        1.53403340662659        0.02619445950379
H            1.98110051141804        2.37861657487589       -1.55236652108165
H            3.14632135684240        3.72693176356477       -3.28135095686058
H            5.09668171305899        2.77355120203787       -4.46672758455764
H            5.89740310732080        0.51327256688152       -3.89838268620072
H            4.78990444269722       -0.79250594774533       -2.14465991256134
H           -1.09921200185929       -3.77636573071092       -0.78625879833868
H           -0.20770899279672       -4.02526514719407        0.72893363359567
H           -2.61087457347172       -3.00772765336284        0.91650620845932
H           -1.31229874885172       -2.13926426449334        1.78244080923802
H           -3.24600209506062       -1.01070789974091        2.52666248357887
H           -4.91447326586391        0.48486192576647        3.52708119440730
H           -5.80004823304352        2.39699506902400        2.24948634452148
H           -5.00105068420822        2.82573124767923       -0.04829909405450
H           -3.30239168278232        1.32456434602017       -1.05914352578182
H           -1.53061790160708       -1.29657731551311       -3.07704346413505
H           -2.89601223038361       -2.37554957290602       -4.84102560271179
H           -5.11918913117371       -3.29383836104896       -4.28255022192109
H           -5.98051799868816       -3.11981120318958       -1.97814046872342
H           -4.61767216476330       -2.05327292947789       -0.22493288847017
C           -0.23443575096620        1.61591309223890       -0.32950535925941
O           -0.52007195320459        2.74037877369623       -0.17688425175229
C           -0.00802969142699        0.10509251480259        1.35136962740079
O           -0.20305271995952        0.41307746800078        2.45960622180159
O            0.83314947694364       -3.18687414583588       -3.26381049658414
C            0.36477189297660       -2.93378946206251       -4.35474434760906
C            0.65550812150652       -1.75802438177695       -5.16355402402120
C            1.47545510972636       -0.73672126858708       -4.67325750977670
C            1.73121339433791        0.37810646457418       -5.44561315357412
C            1.18368625080080        0.48125637937019       -6.71614628378845
C            0.37324531946375       -0.52966494700140       -7.21565474054960
C            0.10464267281404       -1.64188002059423       -6.44405774885049
H            0.49222223116824       -2.49624823962419       -1.46434990271399
H            0.16652437958741       -0.10804874299780       -1.90771072947748
H           -0.34628993792574       -3.64084169263543       -4.82351178045712
H            1.88592000708562       -0.81792211478663       -3.67764667975438
H            2.35305874409715        1.16823686327140       -5.05370680273841
H            1.38638834999839        1.35397952042111       -7.31959698629414
H           -0.05004669093044       -0.44333426577867       -8.20598600670566
H           -0.52766652554903       -2.43184161062384       -6.82634191431977
80
 energy: -120.634335470409 gnorm: 0.004890347805 xtb: 6.7.1 (edcfbbe)
Mn           0.13827402907692       -0.11494687991122       -0.37805726288601
N            0.46523728824651       -2.40065980098189       -0.45003379994181
C            1.79059688226595       -2.80845757338393        0.01993659520725
C            2.84611716760272       -1.92926671834551       -0.64202868204244
P            2.37165631546451       -0.14100386253334       -0.41141797158474
C            3.43126305517815        0.25489932956932        1.03729735639049
C            3.11067473542504       -0.33276297808431        2.25923243118203
C            3.89988488020513       -0.12332403356987        3.37422204342145
C            5.02083034317711        0.68815588954240        3.28595271390494
C            5.33579112197997        1.29395916069260        2.08108414368686
C            4.54770565453235        1.08287907074292        0.96207618291310
C            3.31082063282692        0.70407810832853       -1.73101090671857
C            2.85453126522957        1.97430974481785       -2.07841090211424
C            3.50332944999722        2.71130965487599       -3.05182301134683
C            4.60697356091026        2.17703588336355       -3.70123215266177
C            5.06115738884063        0.91137739540712       -3.36549128096415
C            4.42484520707860        0.17720887994847       -2.37838789872375
C           -0.62458569310527       -3.27163009050814        0.03890083727338
C           -1.68460716717631       -2.45544259855619        0.78519305171394
P           -1.91735310399587       -0.91456131302053       -0.21894794856155
C           -3.17726866322674        0.04870535563990        0.66601014748111
C           -3.62969283259789       -0.19747170440352        1.95587010510396
C           -4.57180874349847        0.64385995164592        2.52503442233094
C           -5.06209231229815        1.72777903398000        1.81623661198901
C           -4.60540061432498        1.98246456468440        0.53092515405410
C           -3.66396046125035        1.14951562618107       -0.03967248622250
C           -2.97501654302280       -1.62219489879383       -1.54485940219397
C           -2.50520574875904       -1.69542396333231       -2.84951573642537
C           -3.27826866159873       -2.28232806085496       -3.83775993750263
C           -4.52725882977677       -2.79260636307151       -3.52762044619813
C           -5.00833791067535       -2.70733067415185       -2.22875838616059
C           -4.23831833293006       -2.12481730909069       -1.23987899398194
H            1.98279666632346       -3.86208019406849       -0.23827619738394
H            1.83197575292289       -2.71120787250337        1.11065574430978
H            2.83908524440650       -2.12737230102340       -1.71971459425627
H            3.84096982033629       -2.12870463129043       -0.23351144539749
H            2.22537150403227       -0.94966443524941        2.34321042555386
H            3.63884177141340       -0.58976506355913        4.31422129011855
H            5.64011494823325        0.85352848989428        4.15584669204274
H            6.20307499810130        1.93519308031191        2.00967428638097
H            4.80541348952835        1.56536455541010        0.03011167402019
H            1.97386228512439        2.36152386018682       -1.57668712208990
H            3.14494218328562        3.69771227561050       -3.31034418306680
H            5.10994609901376        2.74448918153688       -4.47076001587020
H            5.91942868264304        0.49417073070788       -3.87332219024316
H            4.80528239162482       -0.79969121726831       -2.11576519701197
H           -1.10357455285544       -3.77139984358026       -0.81275269139209
H           -0.21661823930170       -4.04372765347466        0.70223251870932
H           -2.61456207712875       -3.02055329350131        0.89731296251684
H           -1.31657386570889       -2.16157969544462        1.77413042846426
H           -3.25121756350896       -1.03696348809274        2.52237499827345
H           -4.92250731325750        0.45261381417577        3.52959064878909
H           -5.79634463522131        2.37908007943956        2.26810339923628
H           -4.97957787198228        2.83378156637987       -0.01976368789635
H           -3.27959366656486        1.33770892216407       -1.03711773589674
H           -1.53485024418887       -1.27547076046782       -3.08057264039843
H           -2.90822351385027       -2.33441440597425       -4.85229740815257
H           -5.13121524056043       -3.25063388486783       -4.29739575514102
H           -5.98839691506360       -3.09396553693210       -1.98840483446167
H           -4.61851191938300       -2.04799810323854       -0.22890378517146
C           -0.22165189565474        1.60797002760476       -0.31194237550733
O           -0.50395360217132        2.73187724358818       -0.14884362524296
C            0.00385657364563        0.07889028178226        1.35811205305333
O           -0.18728073124462        0.36708023312112        2.47264280510754
O            0.84446226071775       -3.18134596618501       -3.27631059660756
C            0.35646484766857       -2.92096013017508       -4.35636088375619
C            0.64270566244322       -1.74538215777410       -5.16754751831594
C            1.48277828790509       -0.73552889239301       -4.68873295741789
C            1.73886322149441        0.37850102916936       -5.46239960508451
C            1.17179674245149        0.49174444798416       -6.72337239078011
C            0.33992536935675       -0.50750117441398       -7.21130016540753
C            0.07081851946684       -1.61835978211010       -6.43792375252510
H            0.50195990851198       -2.49900887070427       -1.47060226061281
H            0.16754690872545       -0.11147989866503       -1.90838199471851
H           -0.38070590536422       -3.61388125215523       -4.80725490780496
H            1.90875987740649       -0.82361695291631       -3.70008021362145
H            2.37710237734805        1.15934827097382       -5.07836830853423
H            1.37499282945977        1.36327793857342       -7.32854266145842
H           -0.09849942310606       -0.41340154394043       -8.19437414144934
H           -0.57737274702119       -2.39946162276589       -6.81165051613164
80
 energy: -120.634530398631 gnorm: 0.004458028780 xtb: 6.7.1 (edcfbbe)
Mn           0.14265174852528       -0.12612929124876       -0.37322953086272
N            0.46626483950441       -2.40799971336813       -0.45901856192966
C            1.78715445655887       -2.81849351722178        0.02044859803117
C            2.84921833821207       -1.94036239094705       -0.63339042400426
P            2.37509185911325       -0.15136216975477       -0.40697475609604
C            3.43421149213208        0.25310793979141        1.03937004713462
C            3.13016334475793       -0.34571268646311        2.25996019667722
C            3.91839505247531       -0.12324017115164        3.37315775353645
C            5.02163456229570        0.71173797510140        3.28432310076169
C            5.32057112843786        1.32755557226946        2.08039488144925
C            4.53292529484925        1.10435125347878        0.96362194367309
C            3.31426997988541        0.69052283459050       -1.72882575366092
C            2.85313484399625        1.95403478284104       -2.09290317165663
C            3.50793187280807        2.68556544891535       -3.06666266906607
C            4.62212730545156        2.15294538696606       -3.69935128077386
C            5.08077767687396        0.89339585513081       -3.34708899864086
C            4.43845363782550        0.16495911082642       -2.35980977007403
C           -0.62827994339390       -3.28075160058612        0.01627492528138
C           -1.68760332976340       -2.47070146488172        0.77030207488472
P           -1.91552531709089       -0.91858355745589       -0.21799640699096
C           -3.17009705515344        0.04205273217450        0.67692078192235
C           -3.63003020233283       -0.21728308433030        1.96135345593003
C           -4.57250888521485        0.62117193656822        2.53425430385058
C           -5.05519265105733        1.71456513710811        1.83471779674761
C           -4.58921293188921        1.98346164023722        0.55575999740310
C           -3.64761265529442        1.15350511552236       -0.01862068314725
C           -2.97869863032613       -1.60821317060089       -1.54885796730697
C           -2.51313089022163       -1.66723101848965       -2.85592687686915
C           -3.28997011212031       -2.24265980307416       -3.84789495126755
C           -4.53807602308708       -2.75609239627546       -3.53893529500358
C           -5.01521022639865       -2.68404824721690       -2.23784056750536
C           -4.24171233785876       -2.11260379610581       -1.24529775774189
H            1.97951876618651       -3.87225024299003       -0.23700439732761
H            1.82048296103113       -2.72235114886867        1.11152606682724
H            2.85005984171845       -2.13902357155551       -1.71111002915424
H            3.84059442705368       -2.14104399703092       -0.21720032681838
H            2.25866293651721       -0.98121411294867        2.34512635077347
H            3.67011544782429       -0.59802742382613        4.31230115313030
H            5.63976959478523        0.88783105752447        4.15291619899813
H            6.17443741235235        1.98678612774742        2.00840437609505
H            4.77637175609701        1.59549296799022        0.03242819350242
H            1.96540355266722        2.34179270749219       -1.60420927065440
H            3.14647688565309        3.66735693324920       -3.33830508200738
H            5.13011902367305        2.71680591108891       -4.46821030315555
H            5.94724534255498        0.47665303304771       -3.84131888114301
H            4.82198386613387       -0.80690740581357       -2.08341600297814
H           -1.10665707840840       -3.76720126038370       -0.84313719835103
H           -0.22482462567675       -4.06329717431143        0.66995058202817
H           -2.61858033395673       -3.03558355590007        0.87420299653159
H           -1.32075377878091       -2.18862548898775        1.76302819333014
H           -3.25729649903891       -1.06433610019294        2.52041831644429
H           -4.93065081123023        0.42004750104855        3.53422090404521
H           -5.79108910553674        2.36192174732998        2.28944355055673
H           -4.95636121087384        2.84269305817282        0.01273861549620
H           -3.25501040650172        1.35103229734962       -1.01107420025502
H           -1.54295254443917       -1.24555809806460       -3.08501184929366
H           -2.92374817520394       -2.28386418649897       -4.86442116833839
H           -5.14388448507374       -3.20595519707482       -4.31199499251247
H           -5.99467299124981       -3.07249652375727       -1.99807269429730
H           -4.61878938040206       -2.04554483482420       -0.23239784756627
C           -0.20881819240598        1.59862761768606       -0.29176567271056
O           -0.48628775749488        2.72177253263262       -0.11635484171693
C            0.01320903283996        0.05198688775020        1.36483765110694
O           -0.16723110891009        0.32458361248372        2.48442483376246
O            0.85662101256385       -3.17695517449555       -3.29041587257508
C            0.34802323036584       -2.90922963964439       -4.35878881427358
C            0.63028908383230       -1.73402379211560       -5.17272634132028
C            1.49080320640718       -0.73603648911626       -4.70643839742836
C            1.74573953697592        0.37795769921272       -5.48102765048366
C            1.15609612153186        0.50263708569051       -6.73049942868845
C            0.30288841370772       -0.48472223265718       -7.20571215648912
C            0.03548364576525       -1.59529855691600       -6.43136942689940
H            0.51184319109925       -2.50155364347433       -1.47959949891188
H            0.17284222975138       -0.11456292940508       -1.90683583748227
H           -0.40795988890563       -3.59159624162870       -4.79357600095315
H            1.93459297599718       -0.83265729352476       -3.72618872370110
H            2.40116729218148        1.14903071447501       -5.10592559931096
H            1.35820944022479        1.37347045435731       -7.33705598655426
H           -0.15346609746192       -0.38124466670915       -8.17988418874434
H           -0.62971133818794       -2.36673937525046       -6.79544757702272
80
 energy: -120.634773803925 gnorm: 0.003688349109 xtb: 6.7.1 (edcfbbe)
Mn           0.14677820617990       -0.13711131051333       -0.36961416910538
N            0.46715290308405       -2.41632842795295       -0.47199936588966
C            1.78302468828131       -2.83104959285073        0.01732573472058
C            2.85258626743039       -1.95350018159386       -0.62527726786703
P            2.37890904324686       -0.16362542554002       -0.40337610024751
C            3.43687152897125        0.25093151987720        1.04060943480118
C            3.15107491864486       -0.35861929009628        2.26000061626614
C            3.93756009052199       -0.12128409100085        3.37131779307104
C            5.02030806667647        0.73949638202351        3.28188887858354
C            5.30117126111913        1.36591495113173        2.07908678829514
C            4.51503851441120        1.12813863381365        0.96448866991775
C            3.31934445604886        0.67374304972533       -1.72684050279900
C            2.85241200631272        1.92934143753332       -2.10946458973171
C            3.51540361233185        2.65656520495770       -3.08112974582102
C            4.64282614443029        2.12733512409976       -3.69291192425120
C            5.10639486988913        0.87478303440233       -3.32287814521487
C            4.45621985879390        0.15102986288179       -2.33745093251712
C           -0.63244000794685       -3.29081142403936       -0.01232167130118
C           -1.69052796957594       -2.48855656391634        0.75111633999280
P           -1.91399812874344       -0.92304352480536       -0.21676069440334
C           -3.16259485201625        0.03370957402272        0.69046699088298
C           -3.63090413312944       -0.23998074951257        1.96891426642503
C           -4.57268925893673        0.59616838405683        2.54650267447001
C           -5.04614883986357        1.70062975950373        1.85799395477875
C           -4.57054925858157        1.98474909427056        0.58610506052678
C           -3.62970252256672        1.15726876596611        0.00708429082507
C           -2.98371703604822       -1.59113525368286       -1.55346603020435
C           -2.52396281289284       -1.63147051861614       -2.86339048577161
C           -3.30489075751781       -2.19383056543049       -3.85942632047021
C           -4.55050681003647       -2.71435014043555       -3.55146062008791
C           -5.02218423625973       -2.65996987457842       -2.24771627151749
C           -4.24505066341981       -2.10029389529765       -1.25135191983889
H            1.97509821603671       -3.88454611625328       -0.24077933809616
H            1.80716802086215       -2.73766943678746        1.10902286914212
H            2.86415772550547       -2.15143716202999       -1.70322370639438
H            3.83951772704148       -2.15594077225810       -0.19974023686277
H            2.29562514631304       -1.01532971488769        2.34608699009088
H            3.70376633505866       -0.60493952414295        4.30961649445392
H            5.63717938541748        0.92654459194554        4.14895889810906
H            6.13976111701355        2.04438511148822        2.00624031891791
H            4.74308781225718        1.62811722780350        0.03425181060092
H            1.95523002711864        2.31556746373891       -1.63696570988089
H            3.15042127361215        3.63306043379466       -3.36681543139626
H            5.15788611795122        2.68872045770309       -4.45902588321948
H            5.98303615522102        0.46022671093650       -3.80073228420362
H            4.84282608488287       -0.81500671478757       -2.04536512050223
H           -1.10933752392013       -3.76259123536399       -0.88020347380750
H           -0.23313783160828       -4.08535243310934        0.62925517611195
H           -2.62271585479875       -3.05261852911816        0.84634616990515
H           -1.32364604456089       -2.22135619681645        1.74781371988570
H           -3.26520285379748       -1.09566226817246        2.51959641597351
H           -4.93842650996601        0.38419141611323        3.54146678171962
H           -5.78248408806192        2.34500180584772        2.31613771913751
H           -4.93022117693648        2.85279780757214        0.05222316563012
H           -3.22869814554951        1.36510747508750       -0.97983641985176
H           -1.55495970462719       -1.20576210507881       -3.09086627533526
H           -2.94339933041002       -2.22019689093764       -4.87820681998630
H           -5.15880625772702       -3.15572958951007       -4.32763710628852
H           -5.99974459240223       -3.05373834617927       -2.00855343004477
H           -4.61807416730073       -2.04622753828343       -0.23609566242061
C           -0.19627990804624        1.58816694583032       -0.26860800855838
O           -0.46762015801268        2.71002538552851       -0.07736962465026
C            0.02424645337023        0.02287613046945        1.36933704477724
O           -0.14137518786379        0.28062197309369        2.49384773949237
O            0.86870742968146       -3.17320038960213       -3.30520633683792
C            0.33908860463196       -2.89758804725395       -4.36130845796223
C            0.61702537495446       -1.72270342018854       -5.17795478980735
C            1.49963125027940       -0.73735820577020       -4.72649329345658
C            1.75192497035595        0.37677492691037       -5.50226359510845
C            1.13575175709457        0.51431776335665       -6.73756441824691
C            0.25962499867832       -0.46033362522589       -7.19746639245218
C           -0.00417639969127       -1.57129773346086       -6.42227770857618
H            0.52279729693146       -2.50419096307471       -1.49259148726148
H            0.17633672206654       -0.11693078110720       -1.90454973941526
H           -0.43356293441630       -3.57053403596956       -4.78056811216337
H            1.96416773056626       -0.84461518116844       -3.75678735644233
H            2.42570870978204        1.13756112214333       -5.13852972520840
H            1.33488153935340        1.38501969291307       -7.34519755164532
H           -0.21755448077385       -0.34618210740801       -8.16055331236506
H           -0.68601932015428       -2.33284509601471       -6.77522308381770
80
 energy: -120.635038833544 gnorm: 0.003503652063 xtb: 6.7.1 (edcfbbe)
Mn           0.15113530780578       -0.14789344221442       -0.36725737263154
N            0.46799121432391       -2.42566415363164       -0.48894103007176
C            1.77829612251008       -2.84545390295103        0.01114215585780
C            2.85619641212502       -1.96791186626551       -0.61702877905779
P            2.38322128893430       -0.17684182570207       -0.40103864372249
C            3.43873621528003        0.24958643747429        1.04103366167661
C            3.17297306481051       -0.37203678961176        2.25893963236801
C            3.95683191826938       -0.11871250644879        3.36853891562092
C            5.01696676008722        0.76954259092042        3.27895220280339
C            5.27809641991315        1.40734916796978        2.07770555380907
C            4.49429355599769        1.15412414137841        0.96508786357651
C            3.32687388627434        0.65371854807517       -1.72570888130423
C            2.85310571309753        1.90029863615687       -2.12845298311749
C            3.52539811575897        2.62457659266115       -3.09613372294509
C            4.66808339035797        2.10051830660627       -3.68364159437704
C            5.13756992448617        0.85593942219147       -3.29451941755086
C            4.47858795109449        0.13566340492756       -2.31250973469216
C           -0.63725278443867       -3.30141765849782       -0.04657035377499
C           -1.69253233856344       -2.50735302193356        0.72837927269908
P           -1.91230295371853       -0.92756062809394       -0.21640723041918
C           -3.15491598582062        0.02366607614652        0.70514074151453
C           -3.63179212782640       -0.26551186272160        1.97720453478692
C           -4.57157051881470        0.56857775966778        2.56129074259800
C           -5.03465999679786        1.68566429331291        1.88605554998800
C           -4.55006052904957        1.98564737153948        0.62135979032871
C           -3.61119077018192        1.16033495010906        0.03605138087013
C           -2.98916460635222       -1.57267710137886       -1.55887482634796
C           -2.53670601274804       -1.59065792945053       -2.87188704974698
C           -3.32235714500041       -2.13799318748468       -3.87242502817225
C           -4.56448692195345       -2.66791145583866       -3.56562658374279
C           -5.02915342101339       -2.63523445355275       -2.25877973702201
C           -4.24789753086168       -2.08862917110238       -1.25827651289078
H            1.97012212414445       -3.89824518411355       -0.24928944790807
H            1.79163160965789       -2.75675101526775        1.10363966775650
H            2.88123932730783       -2.16410817780864       -1.69526624093784
H            3.83771552467706       -2.17243882361003       -0.18024940659476
H            2.33548147544319       -1.05164195954653        2.34537955470167
H            3.73850781599485       -0.61130649940309        4.30589000663641
H            5.63187634279007        0.96856172012090        4.14472832527247
H            6.09900130507894        2.10770589611606        2.00443220861661
H            4.70602110014887        1.66423389380582        0.03637208753792
H            1.94449120525213        2.28227879097952       -1.67436264222395
H            3.15613344017979        3.59507843658197       -3.39651782414007
H            5.19134797886393        2.66045951533738       -4.44548548121735
H            6.02600719750518        0.44549158475132       -3.75387823672456
H            4.86895948036937       -0.82356700021021       -2.00306453569292
H           -1.11353557195793       -3.75601853460940       -0.92373234228872
H           -0.24279949927659       -4.10980235264282        0.58085856625197
H           -2.62626722498914       -3.06976026407715        0.81559153323388
H           -1.32418315986745       -2.25670868011258        1.72874950371738
H           -3.27437161007434       -1.13114457678982        2.51804239492187
H           -4.94438567677970        0.34456434617711        3.55106233020853
H           -5.76986181947449        2.32805365337664        2.34883753641412
H           -4.90184214688352        2.86355156026297        0.09829438501928
H           -3.20267713952113        1.37976861286929       -0.94527326911496
H           -1.56946397036604       -1.15972696312923       -3.09798279253158
H           -2.96640120287580       -2.14616964758911       -4.89351830438171
H           -5.17615489938149       -3.09989860784213       -4.34475307530516
H           -6.00403791910392       -3.03652460352161       -2.02052400602560
H           -4.61614209238470       -2.05024454431807       -0.24046924231657
C           -0.18431579697176        1.57657508039050       -0.24330139727375
O           -0.44855553285730        2.69675877586860       -0.03385618449229
C            0.03789170656816       -0.00818407726307        1.37214703195245
O           -0.11124528185996        0.23547010440693        2.50144395622088
O            0.87693799002340       -3.16896771208476       -3.31823389942513
C            0.32895642407647       -2.88529596196935       -4.36269062029988
C            0.60314018403928       -1.71101819095294       -5.18171682925615
C            1.50782009701082       -0.73819327993428       -4.74678523194084
C            1.75595184067960        0.37583153100914       -5.52426673906303
C            1.11129575571368        0.52656018032695       -6.74353879901351
C            0.21262209935042       -0.43541190035849       -7.18628343118217
C           -0.04555870124920       -1.54722082171365       -6.41015366637386
H            0.53477339730127       -2.50722874491358       -1.50948969414789
H            0.17880226474477       -0.11692317235169       -1.90105948405656
H           -0.45889493710209       -3.54946458059807       -4.76797548661455
H            1.99476426953481       -0.85730938130682       -3.78938807653524
H            2.44903181891594        1.12624377168007       -5.17465856588956
H            1.30646233210287        1.39739745064069       -7.35226668792304
H           -0.28698151311785       -0.31026614029989       -8.13660927272045
H           -0.74520336911612       -2.29874601789386       -6.74992453355594
80
 energy: -120.635315955963 gnorm: 0.003322814936 xtb: 6.7.1 (edcfbbe)
Mn           0.15569682539013       -0.15764096499579       -0.36667053126235
N            0.46863471133748       -2.43471288779938       -0.50892212493131
C            1.77292000011457       -2.85995185951904        0.00267340479217
C            2.85964275689123       -1.98232569749911       -0.60915907715738
P            2.38761919564623       -0.18988513357463       -0.40054066658617
C            3.43973754593354        0.24875033546433        1.04004742857362
C            3.19335822250449       -0.38409959980725        2.25609629849122
C            3.97302715403076       -0.11455668044568        3.36475345344369
C            5.01042820601112        0.79969274741019        3.27601411875732
C            5.25206249692235        1.44851935823348        2.07688062493597
C            4.47167949433752        1.18031975949302        0.96549392399912
C            3.33658344192237        0.63222553746299       -1.72587391336658
C            2.85594776397473        1.86926805425677       -2.14903931518503
C            3.53806558471194        2.59212356182096       -3.11103698493398
C            4.69677357347258        2.07490732395249       -3.67249800885899
C            5.17229419411575        0.83878467396663       -3.26426251551073
C            4.50396267707284        0.12059995820068       -2.28713473834658
C           -0.64247718972595       -3.31095061644051       -0.08403977997855
C           -1.69324091350645       -2.52495127578110        0.70441529208806
P           -1.91019089554181       -0.93176337971958       -0.21749967014551
C           -3.14750883678380        0.01266081343852        0.71886986471287
C           -3.63160225001607       -0.29214011755058        1.98466427021791
C           -4.56787521784543        0.53994043622596        2.57753580637480
C           -5.02074404696190        1.67024954487636        1.91757575697066
C           -4.52930220825169        1.98565606035355        0.65941800671852
C           -3.59388014567640        1.16236655723761        0.06564619991741
C           -2.99420567502133       -1.55456564328713       -1.56492845905383
C           -2.55018931088912       -1.54792096875746       -2.88093475604159
C           -3.34090690375590       -2.07933221839789       -3.88598065056409
C           -4.57881410081474       -2.61999686995454       -3.58052256301203
C           -5.03515440873964       -2.61189975657291       -2.27034143637600
C           -4.24960986453133       -2.07900874687673       -1.26572257896629
H            1.96482558211345       -3.91177002255103       -0.26128073143227
H            1.77428238498601       -2.77718479881447        1.09589832364251
H            2.89963594554746       -2.17627482583661       -1.68749053952225
H            3.83508615027099       -2.18891874498614       -0.15994721325101
H            2.37460853112388       -1.08616424628580        2.34165965700853
H            3.76991827598485       -0.61601476397772        4.30081102535032
H            5.62270908805429        1.00994674689745        4.14092649621641
H            6.05533035932354        2.16828515493831        2.00369423297734
H            4.66820001613208        1.69955852518441        0.03871660471999
H            1.93458390618179        2.24438530550386       -1.71477082512710
H            3.16432797796333        3.55628588816780       -3.42588148842368
H            5.22880288280958        2.63442380286330       -4.42878506911137
H            6.07337683130014        0.43423660977021       -3.70395306094883
H            4.89851028728949       -0.83117720513528       -1.96023560953352
H           -1.12008679605540       -3.74623423372009       -0.97024450442700
H           -0.25374537320512       -4.13408450867928        0.52796283564544
H           -2.62862465045456       -3.08521982637231        0.78549519757376
H           -1.32176661351941       -2.29069723277132        1.70751382343041
H           -3.28253927826380       -1.16819778459648        2.51429580264728
H           -4.94594229142582        0.30357406898202        3.56243480213646
H           -5.75314372184341        2.31140431496815        2.38668952614521
H           -4.87375694702409        2.87348246525164        0.14834056722610
H           -3.18061703418101        1.39373256821145       -0.91085660796080
H           -1.58517281192428       -1.11110850684116       -3.10587253376507
H           -2.99130764876146       -2.06698475167884       -4.90926414440370
H           -5.19440325949427       -3.04187314257133       -4.36233139774278
H           -6.00675925893457       -3.02206643978231       -2.03315566647535
H           -4.61237650384040       -2.05851521018113       -0.24533312591826
C           -0.17331470298970        1.56510027802893       -0.21782131597044
O           -0.43007329229381        2.68326014773156        0.01082368940067
C            0.05377964093502       -0.03915148878741        1.37341103905419
O           -0.08081079494787        0.19091791734179        2.50699290684317
O            0.88164082313556       -3.16614264546377       -3.32857936022758
C            0.31860162199955       -2.87407487653734       -4.36287234759807
C            0.58875486369576       -1.69998538095402       -5.18306911147432
C            1.51352029199054       -0.73861027227004       -4.76496202293683
C            1.75633176762132        0.37515624328645       -5.54434552557663
C            1.08443263872427        0.53839858966355       -6.74711031761867
C            0.16566290021537       -0.41188054966289       -7.17250085608986
C           -0.08580622570622       -1.52475070617295       -6.39537809778401
H            0.54682441328193       -2.51042645229009       -1.52921689693496
H            0.17875088014832       -0.11421576375248       -1.89741938730722
H           -0.48068436395612       -3.53092907091012       -4.75771194957969
H            2.02111974979293       -0.86904953694015       -3.82025006535282
H            2.46569035689821        1.11656253397952       -5.20965035464831
H            1.27442771740007        1.40998601852595       -7.35641165213345
H           -0.35404252855333       -0.27708654553790       -8.11005326615827
H           -0.79907300362429       -2.26822571991519       -6.72218200608989
80
 energy: -120.635615076290 gnorm: 0.004681660098 xtb: 6.7.1 (edcfbbe)
Mn           0.16159885561184       -0.16870319798560       -0.36652474318612
N            0.46991785899224       -2.44440862729779       -0.53203829929972
C            1.76674361946268       -2.87560583483766       -0.00586456152010
C            2.86412501376019       -1.99833064280836       -0.59856723459152
P            2.39304756942345       -0.20418880381371       -0.40054751688163
C            3.44101914681765        0.24781595828754        1.03859933615191
C            3.21745810961506       -0.40088440889131        2.25168253479030
C            3.99225438512488       -0.11444576794371        3.35954546552468
C            5.00235822336272        0.83246693215066        3.27312589953424
C            5.22093723895382        1.49641929733392        2.07716094198958
C            4.44439487994566        1.21247454557505        0.96686851853455
C            3.34912598532337        0.60741485331787       -1.72668649552095
C            2.86036096783154        1.83324782278327       -2.17340295377679
C            3.55156523582055        2.55441625160583       -3.13033641491832
C            4.72747070857812        2.04535201293500       -3.66301630680969
C            5.21092378212280        0.81948067323294       -3.23198631106978
C            4.53358725076232        0.10374216302769       -2.25931182385901
C           -0.64836776211994       -3.32071973936303       -0.12738167715787
C           -1.69269619848947       -2.54351810949627        0.67805472817040
P           -1.90711275382534       -0.93673610344894       -0.22011231771562
C           -3.13902371022442       -0.00013428833545        0.73205183606965
C           -3.63035458524903       -0.32352662466609        1.99075653903601
C           -4.56212498460529        0.50547350414598        2.59534838172918
C           -5.00383764373966        1.65113623301429        1.95411382100454
C           -4.50600944213298        1.98446318502395        0.70273785232930
C           -3.57510033223357        1.16415504474784        0.09758895618405
C           -2.99854351750103       -1.53582600674223       -1.57266302535801
C           -2.56371247679797       -1.50244265589072       -2.89133450760662
C           -3.36075762843991       -2.01481073716035       -3.90162498570511
C           -4.59511001724309       -2.56477689404197       -3.59866969671294
C           -5.04220743039389       -2.58381280209431       -2.28522486641203
C           -4.25116345332721       -2.06808076316876       -1.27564013800323
H            1.95926108547246       -3.92639094002110       -0.27363601732194
H            1.75319345151672       -2.79970275702712        1.08797034913303
H            2.92209400856745       -2.19061018445522       -1.67662802741230
H            3.83213835755594       -2.20671078177811       -0.13392090301530
H            2.42065637351993       -1.12934074620206        2.33529867591939
H            3.80627829223878       -0.62676698277676        4.29371608765084
H            5.61125140733748        1.05545000765011        4.13740002661473
H            6.00248027064970        2.24178210787414        2.00537933761143
H            4.62267831524021        1.74497801846181        0.04302652606672
H            1.92621080428954        2.19989746221367       -1.75938562196168
H            3.17222981001080        3.51105023956678       -3.46191323520314
H            5.26786385538707        2.60401413220532       -4.41414109872943
H            6.12593711529358        0.42212644701839       -3.64959290403275
H            4.93400302918525       -0.83897839113956       -1.91252894158559
H           -1.12956920366591       -3.73136957984853       -1.02407821421935
H           -0.26736690414345       -4.16197779700990        0.46576951927895
H           -2.62977028685167       -3.10157446172895        0.75409981864696
H           -1.31635631593971       -2.32653073119815        1.68330320832093
H           -3.29034739559111       -1.21171490263264        2.50645277600101
H           -4.94518631603372        0.25430600407839        3.57492253915611
H           -5.73231663237750        2.29056695318214        2.43195958179199
H           -4.84224309252537        2.88384310601528        0.20604345438099
H           -3.15789220946025        1.40993711910419       -0.87400580109515
H           -1.60051102267780       -1.06063427653468       -3.11443573593313
H           -3.01815480670387       -1.98014845344970       -4.92678088343903
H           -5.21582549021942       -2.97331624712326       -4.38388533210954
H           -6.01104839199265       -3.00172553377633       -2.04991924173218
H           -4.60784540383530       -2.06762763773506       -0.25279792655569
C           -0.16028798346058        1.55226618369872       -0.19029172254857
O           -0.40870987624596        2.66816203105699        0.05814005103126
C            0.07278041972281       -0.07431340342320        1.37527948192461
O           -0.04826780318477        0.14174672475219        2.51313250552775
O            0.88287802796483       -3.16173928986508       -3.33676143071174
C            0.30294857297331       -2.85919275075675       -4.36005133059698
C            0.57036051085014       -1.68577499725773       -5.18117651124566
C            1.51871577741922       -0.73752043445509       -4.78227401674934
C            1.75693982893436        0.37501570423440       -5.56451300073655
C            1.05622906626040        0.55127005324202       -6.74943004217317
C            0.11352286837374       -0.38541507179981       -7.15503953216616
C           -0.13201200496921       -1.49845252342103       -6.37603027362112
H            0.56177698684126       -2.51445845840995       -1.55188265907492
H            0.17978364726173       -0.10924209222464       -1.89357935673581
H           -0.51081462950642       -3.50707114250528       -4.74414940896233
H            2.04791934917102       -0.87934033556189       -3.85111054516352
H            2.48589396528290        1.10625825297964       -5.24733153767941
H            1.24209577637414        1.42310615964806       -7.35977325840802
H           -0.42870743328965       -0.24054499188704       -8.07855708162589
H           -0.86323400595916       -2.23265304942902       -6.68728712323826
80
 energy: -120.635914151215 gnorm: 0.005384880763 xtb: 6.7.1 (edcfbbe)
Mn           0.16721073105394       -0.17745410635111       -0.37012029529053
N            0.47089599033972       -2.45146676037665       -0.55781850464185
C            1.75977100215758       -2.88885585215882       -0.01721578083574
C            2.86756460782488       -2.01250827428219       -0.59031832006435
P            2.39790494051769       -0.21647451189736       -0.40482954674588
C            3.43930625375076        0.24904487358527        1.03421828287959
C            3.23466670169370       -0.41144317219528        2.24363893169703
C            4.00163802997322       -0.11031974055573        3.35259192951156
C            4.98619474412967        0.86195105812299        3.27073686165053
C            5.18587007052750        1.53614536857517        2.07838895119663
C            4.41545549833842        1.23910199850657        0.96742310191205
C            3.36422251625563        0.58344978355469       -1.73021846553562
C            2.86972564234078        1.79827764062301       -2.19793109689700
C            3.57032348748026        2.52014309561168       -3.14748642312016
C            4.76236537991033        2.02148642117001       -3.65107103097716
C            5.25190315445097        0.80581865106241       -3.19942698545170
C            4.56461556655094        0.08997497164388       -2.23393730948178
C           -0.65395853330204       -3.32656861366868       -0.17196713632223
C           -1.69001163813788       -2.55811932154546        0.65229813681924
P           -1.90393453638084       -0.94103685560994       -0.22519074278082
C           -3.13131044459501       -0.01353670053439        0.74247301918908
C           -3.62505632079564       -0.35392973791185        1.99522610480144
C           -4.54991224146843        0.47180255397712        2.61520396404097
C           -4.98316196666480        1.63146345135341        1.99484737131041
C           -4.48490420847696        1.98023763161060        0.74821410996643
C           -3.56088103235084        1.16305866136378        0.12805567205009
C           -3.00148787209954       -1.51944445330780       -1.58131500692470
C           -2.57707095177838       -1.45656766380650       -2.90194594000477
C           -3.38013884451561       -1.95022728558538       -3.91678401205915
C           -4.60958753941730       -2.51204792099084       -3.61649218015753
C           -5.04611859480258       -2.56142420606072       -2.30021179573189
C           -4.25001917468554       -2.06272925472890       -1.28623326438516
H            1.95295507347119       -3.93855344412143       -0.28948025844957
H            1.73110060689572       -2.82018859001795        1.07662426257763
H            2.94461852819571       -2.20437118477308       -1.66716236772530
H            3.82728998791139       -2.22190383037061       -0.10921654567616
H            2.45937194865994       -1.16178757104317        2.32260579499715
H            3.82947624803959       -0.63003972788930        4.28450253765997
H            5.58946904839048        1.09638516195333        4.13583911080532
H            5.94695638666234        2.30168749102413        2.00984574755508
H            4.57890008944635        1.78136536121085        0.04697017898130
H            1.92410859171470        2.15377870086951       -1.80256918641130
H            3.18675692639669        3.46939640796536       -3.49383032158975
H            5.31187468862373        2.58108002499779       -4.39487080516633
H            6.18045673920997        0.41799706812657       -3.59456001366588
H            4.96982000551205       -0.84356536149882       -1.86956494255685
H           -1.14120391755653       -3.71060935356730       -1.07726092155820
H           -0.28108584094122       -4.18550166941571        0.40064184034033
H           -2.62811713365186       -3.11443194626085        0.72733107543766
H           -1.30647606571726       -2.35564355735615        1.65743076184773
H           -3.29206031707809       -1.25319665840972        2.49539380506838
H           -4.93338269393680        0.20699798452555        3.59066510943342
H           -5.70502439965989        2.26983935105129        2.48449157391206
H           -4.81508049300816        2.88991265421463        0.26705474641814
H           -3.14508984920488        1.42243356150143       -0.84040768854293
H           -1.61674629650584       -1.00794793719030       -3.12350137885734
H           -3.04547857616670       -1.89089835024471       -4.94312569237068
H           -5.23543643057059       -2.90675781533236       -4.40464195437943
H           -6.01118562140131       -2.98913007769537       -2.06686040817401
H           -4.59982575688168       -2.08491291115311       -0.26139175389763
C           -0.14896538831924        1.54084362153801       -0.16700588081048
O           -0.38856135174923        2.65399726236542        0.10051692698304
C            0.09189159536249       -0.10490549614940        1.37344630380991
O           -0.02161988632503        0.10069101190557        2.51337813267404
O            0.87185907346209       -3.15949079196923       -3.33935568419706
C            0.29050504570315       -2.85075478250142       -4.35743504114276
C            0.55448759935389       -1.67636601587309       -5.17628872702787
C            1.51673636568349       -0.73744511716099       -4.79358160015935
C            1.74801836179786        0.37486526382805       -5.57746625280239
C            1.02527231098256        0.56221796769062       -6.74562965603868
C            0.06839691826406       -0.36433234198560       -7.13448934020016
C           -0.16793355622948       -1.47920680461397       -6.35541421940881
H            0.57567481862034       -2.51768270680119       -1.57666604441401
H            0.17647570601539       -0.10080766946236       -1.89197914832009
H           -0.52397490419275       -3.49582016011742       -4.73931106907554
H            2.06245379323278       -0.88880899095965       -3.87515921195720
H            2.48978868862941        1.09865514852171       -5.27649592228362
H            1.20536069721880        1.43559345228218       -7.35561159391629
H           -0.49208832686993       -0.21105461110771       -8.04458226706104
H           -0.91039879506823       -2.20737951896996       -6.65291845205882
80
 energy: -120.636189663605 gnorm: 0.007145059363 xtb: 6.7.1 (edcfbbe)
Mn           0.17403583135638       -0.18832947119365       -0.37260884040474
N            0.47278752944280       -2.45885385216325       -0.58210051553635
C            1.75275063356758       -2.90118994648001       -0.02383328045975
C            2.87199395618429       -2.02735078811749       -0.57875534271744
P            2.40371856403756       -0.22946481312224       -0.40696970505083
C            3.43863678379854        0.25072242944153        1.03155272352895
C            3.25559691577290       -0.42504460531985        2.23661979189052
C            4.01498400780903       -0.10801236830844        3.34655508569454
C            4.97202212765567        0.89266259253195        3.26959663524312
C            5.14939599720314        1.58220716668177        2.08191642919826
C            4.38481677613965        1.27110621267382        0.97034453550226
C            3.37940537130362        0.56026828543039       -1.73197734665663
C            2.87794437068631        1.76343435895465       -2.22377941355246
C            3.58615142839142        2.48267730649797       -3.16970409515015
C            4.79406005368525        1.99274720134223       -3.64444772799820
C            5.29089515063623        0.78841502760080       -3.16879597147087
C            4.59549113395098        0.07546388797525       -2.20698675847551
C           -0.65934688332851       -3.33256729642444       -0.21542742490050
C           -1.68742610321129       -2.57315919705997        0.62749234384096
P           -1.89978962407903       -0.94586360299682       -0.23065192043523
C           -3.12232648410424       -0.02651775834217        0.75154621507907
C           -3.61949118749874       -0.38716350132781        1.99768487112619
C           -4.53821752490283        0.43361344965281        2.63365991186681
C           -4.96237188135254        1.60877445775871        2.03543832120710
C           -4.46224658199919        1.97649181387072        0.79436734068305
C           -3.54434288405528        1.16417768546138        0.15838797537554
C           -3.00333343805632       -1.50332549593193       -1.59095451611588
C           -2.58817046373763       -1.41310782175490       -2.91317734714979
C           -3.39819960023757       -1.88612040028541       -3.93302963186013
C           -4.62508516423651       -2.45481850273864       -3.63627792976768
C           -5.05195605099736       -2.53253732993919       -2.31762305245114
C           -4.24948927114472       -2.05388483996689       -1.29859880634587
H            1.94703860522152       -3.95070264825313       -0.29664456535726
H            1.70741050498273       -2.83629131828197        1.06974202178857
H            2.96756687637545       -2.22066701230195       -1.65396230045314
H            3.82314639675592       -2.23784648166677       -0.08100205644413
H            2.50415655679220       -1.20197959501679        2.31049479204547
H            3.86033783492794       -0.64152453864407        4.27505093674150
H            5.57058782641876        1.13747394985221        4.13503595685701
H            5.88978541244202        2.36696320319800        2.01671667225577
H            4.53137062505068        1.82428600034907        0.05349555901198
H            1.91957438895607        2.11003017394364       -1.84922359149693
H            3.19673121211245        3.42338245534007       -3.53454185688943
H            5.35059372764604        2.55046222367618       -4.38441603393809
H            6.23217538252814        0.40849387544020       -3.54183876684288
H            5.00635251439850       -0.84841025572199       -1.82332506120569
H           -1.15244065025435       -3.68870237999520       -1.12963171621236
H           -0.29500444261877       -4.20971950619333        0.33569491967036
H           -2.62620874626192       -3.12860397950809        0.70144722016415
H           -1.29709808882933       -2.38403739382078        1.63264598264075
H           -3.29363303491589       -1.29876170661419        2.48084467775283
H           -4.92351644491024        0.15275791318287        3.60431322334858
H           -5.67868667662023        2.24399266769808        2.53760599150315
H           -4.78597432519379        2.89744213022687        0.32975051362635
H           -3.12876913576963        1.43875932973881       -0.80631330499859
H           -1.62936517818743       -0.96024287507278       -3.13221006873462
H           -3.07108044663950       -1.80415895284670       -4.96046688788589
H           -5.25662859544868       -2.83285018381773       -4.42843043848989
H           -6.01496868111758       -2.96587315267572       -2.08663137636665
H           -4.59260321940054       -2.09747423242271       -0.27194411334134
C           -0.13412566627291        1.52894564266429       -0.14319032216950
O           -0.36378682799560        2.64008095018797        0.14329561947685
C            0.11030485213331       -0.14114596983051        1.37381832541886
O            0.00345772886855        0.04983911334434        2.51789528194577
O            0.87714270963743       -3.16257100783578       -3.34863182669845
C            0.27402339673530       -2.83956990982189       -4.35487253095214
C            0.53313411352404       -1.66334313273157       -5.17149327127379
C            1.51828494416551       -0.73842392559501       -4.80650039635651
C            1.74569722102851        0.37325280810060       -5.59206226338899
C            0.99465671015102        0.57559765711796       -6.74234967052526
C            0.01532959658093       -0.33671838052313       -7.11328058534023
C           -0.21647177472829       -1.45176361034416       -6.33339925477182
H            0.59239004407305       -2.52320946517328       -1.59980835077533
H            0.17686499894752       -0.09435647544697       -1.89214927245296
H           -0.55751970822514       -3.47416762556540       -4.72757616252620
H            2.08561190772683       -0.90112354681020       -3.90132926300477
H            2.50390928060661        1.08684647589285       -5.30634222995281
H            1.17248273851020        1.44915554809296       -7.35277069033169
H           -0.56358702695211       -0.17404897640808       -8.01042450541317
H           -0.96912226539036       -2.17287993274525       -6.61884135516559
80
 energy: -120.636444413385 gnorm: 0.007576641736 xtb: 6.7.1 (edcfbbe)
Mn           0.18029032008279       -0.19797394898200       -0.37571414805184
N            0.47670522112278       -2.46197269250689       -0.60026002413271
C            1.74804954846187       -2.90940036690458       -0.02684495960875
C            2.87747275308416       -2.03889314804283       -0.56729150616810
P            2.40833701624751       -0.23996925487744       -0.40926415270761
C            3.43662818750775        0.25077246891421        1.02942004821367
C            3.27178971623117       -0.43916009112906        2.22985756712923
C            4.02409372506681       -0.11013101259067        3.34120389918287
C            4.95674886714384        0.91536204026721        3.26947642208152
C            5.11517886187299        1.61939677991639        2.08630873635965
C            4.35621232940662        1.29712606397794        0.97370780374903
C            3.39144280243312        0.54336436161065       -1.73342251545539
C            2.88571842217520        1.73672713666633       -2.24539244835455
C            3.59971950899933        2.45240916463950       -3.18966285667639
C            4.81886196350103        1.96961165640038       -3.64130694191249
C            5.32033673153281        0.77522077980187       -3.14517230844319
C            4.61866934345363        0.06565038651572       -2.18539775095464
C           -0.66192599267043       -3.33551981021168       -0.25260908055072
C           -1.68408583432698       -2.58584759291722        0.60593284516201
P           -1.89613477805295       -0.95003546519711       -0.23635976570363
C           -3.11394226407699       -0.03817354830581        0.75837634498002
C           -3.61094720499520       -0.41577930539992        1.99954843743063
C           -4.52416338904652        0.39942329829504        2.65009683639188
C           -4.94274226948597        1.58594579590963        2.07103051795851
C           -4.44355959553158        1.96984013551511        0.83393143515675
C           -3.53126043728801        1.16305783179686        0.18335349707614
C           -3.00420968175511       -1.48967843679182       -1.60053743239311
C           -2.59539345503591       -1.37762638411930       -2.92254714577876
C           -3.41026349384895       -1.83401998324183       -3.94600597694660
C           -4.63582727081861       -2.40724985683177       -3.65332386444820
C           -5.05638078915770       -2.50683495841209       -2.33478445815645
C           -4.24914682953756       -2.04543399376554       -1.31181313054065
H            1.94198539040030       -3.95914688458280       -0.29932934972585
H            1.68888157241048       -2.84699923702597        1.06598645697638
H            2.98998914991271       -2.23637117880367       -1.64004724767179
H            3.82047632002236       -2.24836328505948       -0.05382860209318
H            2.53977435486331       -1.23422230112800        2.29864998420688
H            3.88322790161779       -0.65380826172836        4.26654852635417
H            5.55013403543563        1.16959077552035        4.13590123344159
H            5.83575663263555        2.42448596773665        2.02578784077189
H            4.48636042601764        1.86189148826512        0.06020753513463
H            1.91847643683327        2.07791215113397       -1.88811655721716
H            3.20667476352967        3.38562484816813       -3.57040013195393
H            5.38035420076620        2.52480553312319       -4.37925760805603
H            6.27059348926712        0.40148581483670       -3.50012760549456
H            5.03340195250314       -0.84999256601921       -1.78580620525747
H           -1.15875474943736       -3.66496667158857       -1.17516531952533
H           -0.30581334867315       -4.22877668864736        0.27790849723685
H           -2.62250127705877       -3.14249916333118        0.67926188865928
H           -1.28783571631210       -2.40697891261078        1.61090539676710
H           -3.28905675040804       -1.33651154708279        2.46750299259064
H           -4.90938704421141        0.10542108154264        3.61706755846213
H           -5.65430650204296        2.21675060959329        2.58514260279037
H           -4.76293640583389        2.89933623065565        0.38369356333304
H           -3.11658575955799        1.44979775088047       -0.77843545865957
H           -1.63753495982857       -0.92139482014399       -3.13831175556515
H           -3.08848020803069       -1.73469017614508       -4.97302488127318
H           -5.27086000983558       -2.77115292493800       -4.44885516290807
H           -6.01844333098160       -2.94338335420193       -2.10655233214565
H           -4.58737501862637       -2.10633517768628       -0.28492305799556
C           -0.12031540174769        1.51878720296727       -0.13088022982417
O           -0.34241339266938        2.62817121367113        0.16560276000496
C            0.12306834176995       -0.16437390720265        1.37205874369537
O            0.01754948411085        0.02123861127167        2.51701141094745
O            0.86860668620670       -3.16363068692510       -3.35314980075020
C            0.25847630739377       -2.83363831042199       -4.35313067937497
C            0.51463465191094       -1.65471452287521       -5.16589421757916
C            1.51267745017031       -0.73943733147789       -4.81220074727818
C            1.73892265642927        0.37229696466469       -5.59806435857758
C            0.97274719100503        0.58557709807504       -6.73586171931199
C           -0.02185930584026       -0.31588957772923       -7.09447071001921
C           -0.25124566292129       -1.43169096854719       -6.31542623829646
H            0.60964161925407       -2.52409079165759       -1.61687485386584
H            0.17802625080209       -0.09194296074160       -1.89538122570718
H           -0.57819280356497       -3.46389903935919       -4.72181414630901
H            2.09266107334362       -0.90930395529643       -3.91642052791969
H            2.50839698334819        1.07756628794312       -5.32233255566286
H            1.14999579457560        1.45934009979086       -7.34605755412506
H           -0.61527689117803       -0.14456991820005       -7.98102609774160
H           -1.01616795022704       -2.14546842791070       -6.59089781914106
80
 energy: -120.636683880281 gnorm: 0.010939117522 xtb: 6.7.1 (edcfbbe)
Mn           0.18610341143665       -0.20632732062949       -0.38501613736200
N            0.48417409235855       -2.45787012660003       -0.61438485009213
C            1.74488148729504       -2.90786962271215       -0.02275049571010
C            2.88385205912061       -2.04470708167319       -0.55470254308298
P            2.41192550021696       -0.24551872684492       -0.41448037677253
C            3.42922165970247        0.25387126792617        1.02705244784361
C            3.27729744161537       -0.44630902596905        2.22103266444414
C            4.01976314099924       -0.11157562082230        3.33641118508955
C            4.93042683733343        0.92876610007742        3.27360760635592
C            5.07495877593424        1.64340747851186        2.09646404094896
C            4.32391722115098        1.31606901151251        0.98040869346920
C            3.40239679911585        0.53556245864192       -1.73653253304580
C            2.89680057605328        1.71970902584803       -2.26631117722150
C            3.61420051584777        2.42876708492969       -3.21249671996004
C            4.83889762148095        1.95197179284253       -3.64576763528083
C            5.34143745370428        0.76822481789245       -3.12987498122538
C            4.63522403393687        0.06408300191351       -2.16968460171555
C           -0.65987417635963       -3.33028475103951       -0.28392044297197
C           -1.67663096508950       -2.59210236128887        0.58849918262747
P           -1.89186946061233       -0.95312096378948       -0.24593459956363
C           -3.10550406613093       -0.04906807550276        0.75809871251530
C           -3.59290511499202       -0.44342840991359        1.99659568325294
C           -4.49878460305987        0.36257731712130        2.66663854416983
C           -4.91807510440124        1.55706603578693        2.10916210244707
C           -4.42962276582343        1.95639290089332        0.87302952095630
C           -3.52499006465562        1.15865662997822        0.20235184549797
C           -3.00056641348616       -1.48222836083988       -1.61236944490471
C           -2.59536051437854       -1.35167980130730       -2.93124677263956
C           -3.41419921748353       -1.79164153845205       -3.95723228657612
C           -4.64126367488290       -2.36367764744053       -3.67068203520620
C           -5.05771864332954       -2.48231645359028       -2.35535693932287
C           -4.24572168812980       -2.04051446198548       -1.32901948019990
H            1.93800877329106       -3.96002897265805       -0.28688559152321
H            1.67175657344864       -2.83968497544553        1.06759997542126
H            3.01176939619126       -2.25379980554482       -1.62205911250137
H            3.81764046010342       -2.25022014513049       -0.02589696587421
H            2.56480537073065       -1.25521126966521        2.28030349831893
H            3.88933654652844       -0.66421055835369        4.25669067790423
H            5.51670688331007        1.18770195073799        4.14283636984895
H            5.77753698146299        2.46115053385372        2.04481348445868
H            4.44028235286881        1.88759061081924        0.07071023501548
H            1.92661570168382        2.06021467633327       -1.92270524428160
H            3.22069318184015        3.35407657585384       -3.60851441790849
H            5.40240569394264        2.50201336212572       -4.38513968190254
H            6.29636602314148        0.39946575732819       -3.46912640847101
H            5.05129738578292       -0.84365225101028       -1.75721942341543
H           -1.15976382434917       -3.63044277649291       -1.21150960316070
H           -0.31174954659203       -4.23647202226860        0.22289225358363
H           -2.61225988118266       -3.15365798908210        0.66670407145945
H           -1.27263008569598       -2.41610813620663        1.59053832576504
H           -3.26896658994689       -1.37071809141362        2.44616962079248
H           -4.87727498184256        0.05596496470487        3.63162603179585
H           -5.62304966875815        2.18009735335874        2.64019528888973
H           -4.74931040904030        2.89194636385852        0.43901788451546
H           -3.11696973291668        1.45632395582862       -0.75843967257361
H           -1.63746124091619       -0.89380844889862       -3.14179241054876
H           -3.09638399489983       -1.67876360684277       -4.98160343161849
H           -5.27871491884847       -2.71024424932214       -4.47031884503812
H           -6.02096296430407       -2.91685735395650       -2.13095969346726
H           -4.57970236284274       -2.11738473017978       -0.30404360978282
C           -0.10493265539381        1.51193137055817       -0.13748895023115
O           -0.31644914081816        2.62129854513825        0.16120115497183
C            0.12677257370276       -0.17736272716713        1.36391414702826
O            0.00967488150200        0.01062122187314        2.50754873445102
O            0.85754044351792       -3.17814212547781       -3.36019749678235
C            0.24246218799467       -2.84073986730444       -4.35592877258114
C            0.49386346315466       -1.65342897048374       -5.15766682811970
C            1.49631958737130       -0.74602545221420       -4.80594614584552
C            1.72378623258140        0.36916168969957       -5.58700961063352
C            0.95455147972873        0.59419397378581       -6.71723292523882
C           -0.04697965397326       -0.29818871845228       -7.07272214677911
C           -0.27723656563281       -1.41688172899487       -6.29954131707378
H            0.63099992178305       -2.52368534505826       -1.62861243855815
H            0.18170810416784       -0.09310613148793       -1.90941724896638
H           -0.59591337345367       -3.46858796031091       -4.72599947274441
H            2.08027976493073       -0.92018908404211       -3.91537357909588
H            2.49887914576678        1.06612409379426       -5.31238874353077
H            1.13540765731853        1.46862206292719       -7.32496686998004
H           -0.64419307917042       -0.11867798303796       -7.95283434090260
H           -1.04653359151396       -2.12505792877195       -6.57310277361536
80
 energy: -120.636988865444 gnorm: 0.007712165975 xtb: 6.7.1 (edcfbbe)
Mn           0.19005004141083       -0.21610734596189       -0.39191374451255
N            0.48912147328583       -2.46074882794468       -0.63095301116463
C            1.74117806415700       -2.91400547083808       -0.02353118062347
C            2.88929911688888       -2.05481800055501       -0.54482951507762
P            2.41531946637955       -0.25528270191512       -0.41574659226151
C            3.42517957520394        0.25362001169588        1.02700966983137
C            3.29209787151147       -0.45927646262283        2.21654748822493
C            4.02849744192491       -0.11268494609528        3.33286097362983
C            4.91224261347521        0.95557731821102        3.27548475896494
C            5.03850124892307        1.68033851814320        2.10233534995697
C            4.29292982365036        1.34149913889687        0.98587054088012
C            3.40849883347093        0.52194657789275       -1.73872358732824
C            2.89823052103554        1.69531794982358       -2.29053426087525
C            3.62536608981356        2.39838160098497       -3.23455127056521
C            4.86516180922342        1.92758063759716       -3.64173780927975
C            5.37251480528261        0.75462606991419       -3.10289790753421
C            4.65596477675100        0.05630075298781       -2.14566039698758
C           -0.66077335149947       -3.33389773476799       -0.31992881717247
C           -1.67286728582373       -2.60655680326021        0.56693487083527
P           -1.88895129207452       -0.95735540267315       -0.24965174521235
C           -3.09660773896121       -0.06044783585638        0.76747386504337
C           -3.58299347118440       -0.47241042951206        2.00108839317361
C           -4.48384217743783        0.32791714931064        2.68476471052190
C           -4.89785206607983        1.53429135581765        2.14610309159003
C           -4.41061277789581        1.95077103826710        0.91493457269498
C           -3.51141991026160        1.15850591350317        0.23019318891319
C           -3.00183495182870       -1.46924570641109       -1.61987959437303
C           -2.60336721766218       -1.31357945609643       -2.94075164012362
C           -3.42710194506593       -1.73516134867993       -3.97158891094784
C           -4.65253827737517       -2.31322990643509       -3.68779407419398
C           -5.06154806360055       -2.45792742007107       -2.37006985933061
C           -4.24465475196300       -2.03416128155079       -1.33905978553511
H            1.93353531621529       -3.96768831941651       -0.28211567386567
H            1.65478892166417       -2.84271384278938        1.06624135103614
H            3.03210637939010       -2.26949793132970       -1.60978906588179
H            3.81574335374827       -2.25906690608567       -0.00224908473430
H            2.60239343597768       -1.29397387988937        2.27088323333946
H            3.91267313519233       -0.67460876073263        4.24962389211849
H            5.49415122855329        1.22378356709180        4.14528164584540
H            5.72083385510146        2.51830884664363        2.05548851943457
H            4.39244376942609        1.92145618375506        0.07912945021271
H            1.92046165219918        2.03494233943485       -1.96489972128111
H            3.22953579337839        3.31593580748071       -3.64735522406458
H            5.43641973100751        2.47352686575341       -4.37873793054266
H            6.33993597507102        0.39034271233341       -3.42007634267094
H            5.07508104628020       -0.84302305529058       -1.71456937781385
H           -1.16139562793088       -3.60745704275799       -1.25705510634605
H           -0.31883262701499       -4.25644331681379        0.16498693251179
H           -2.60828858850378       -3.16882140061972        0.64198515692167
H           -1.26415586912713       -2.44288417119818        1.57017952186543
H           -3.26208897271308       -1.40893654229805        2.43533069880458
H           -4.86192910486746        0.00837576411090        3.64588610148335
H           -5.59852162500723        2.15248328071573        2.68836613058321
H           -4.72662799336361        2.89537534799652        0.49598168944723
H           -3.10251056121342        1.46819589980588       -0.72667025266213
H           -1.64659493096744       -0.85134241982559       -3.14795857434316
H           -3.11508771648694       -1.60258926256919       -4.99752173516144
H           -5.29323377557099       -2.64486391513957       -4.49189873517536
H           -6.02350700247189       -2.89674360728659       -2.14734154935170
H           -4.57281751299237       -2.13027935281022       -0.31214036441078
C           -0.09090243900385        1.50331749299639       -0.13216891703747
O           -0.28802222311756        2.61365850057637        0.18078573628587
C            0.13343949360629       -0.19897757843928        1.35748907652069
O            0.02135376575480       -0.01787538842820        2.50367121483372
O            0.84133728446734       -3.18169637707756       -3.37297093733948
C            0.22989140240283       -2.84219531968679       -4.36299448538148
C            0.47759304039516       -1.65022126676414       -5.15931911748967
C            1.49124791540946       -0.75347205069592       -4.81433285822317
C            1.71641480020124        0.36560555520177       -5.59124155665685
C            0.93016147141389        0.60641174536883       -6.70905763762290
C           -0.08426274638381       -0.27445599042950       -7.05648036675616
C           -0.30825721455885       -1.39834508289332       -6.28925775819988
H            0.64915947716326       -2.52392322540769       -1.64372400626244
H            0.18484775857089       -0.09769724507427       -1.91865330936127
H           -0.60523031110884       -3.46787432402113       -4.72861341041594
H            2.08844406371558       -0.93823992060415       -3.93273862956831
H            2.50585181672041        1.05138024785733       -5.32268922487458
H            1.10857351797379        1.48285368221136       -7.31441379489913
H           -0.69646674583628       -0.08152979154990       -7.92614998087614
H           -1.09045344619228       -2.09624927242067       -6.55621723489159
80
 energy: -120.637210312799 gnorm: 0.008307229638 xtb: 6.7.1 (edcfbbe)
Mn           0.19638903203945       -0.22472761244570       -0.39684189294614
N            0.49507735276762       -2.46537805904153       -0.65123561601337
C            1.73839912518868       -2.92023134951152       -0.02577565252217
C            2.89586368607065       -2.06399629483392       -0.53390524751234
P            2.41982068767262       -0.26375953746278       -0.41760399168616
C            3.42085258211375        0.25494234299085        1.02723898342614
C            3.30671671032504       -0.47066885768905        2.21233047730175
C            4.03658751747763       -0.11316952469846        3.32968497442491
C            4.89488672760585        0.97789687338905        3.27754536045009
C            5.00146822326190        1.71584955048055        2.10920053796850
C            4.26182831923944        1.36638097407583        0.99195301575332
C            3.41981296813249        0.50787041968017       -1.73867709419532
C            2.90588342940535        1.67042684692318       -2.30994154225052
C            3.63989523865827        2.36873955489175       -3.25253582021736
C            4.88893598757529        1.90360837792220       -3.63898591645200
C            5.40075186295869        0.74159088698614       -3.07925252032946
C            4.67721166858448        0.04820333419784       -2.12363790171207
C           -0.66115436614818       -3.33777577252566       -0.35986035862422
C           -1.66723060543254       -2.62048127555886        0.54226993341605
P           -1.88444127836352       -0.96140918093168       -0.25590260018175
C           -3.08711293419788       -0.07400757742502        0.77636826722477
C           -3.57231493172787       -0.50285651032562        2.00530001976311
C           -4.46755313552838        0.29197425340347        2.70363678959828
C           -4.87751138807086        1.50913641364566        2.18415199418139
C           -4.39208171204405        1.94201592405950        0.95771424413918
C           -3.49860938163000        1.15521499406774        0.25819869593420
C           -3.00336497555198       -1.45461314995505       -1.62919611066001
C           -2.61065555931147       -1.27654947831075       -2.95031777133533
C           -3.43891139615322       -1.68039123281022       -3.98532806424550
C           -4.66319136874228       -2.26347847399993       -3.70534096349992
C           -5.06612086753446       -2.43138004075478       -2.38706548259066
C           -4.24460527384255       -2.02492969065320       -1.35189948618280
H            1.93146583946768       -3.97493362911894       -0.27979131065305
H            1.63712228188305       -2.84670193817839        1.06361259758317
H            3.05558792690589       -2.28260763085942       -1.59669631100901
H            3.81464744645980       -2.26650316494060        0.02405559105980
H            2.63452758262884       -1.31636536066065        2.26374681332787
H            3.93454483043044       -0.68226260606186        4.24343899681151
H            5.47146782090200        1.25579979435411        4.14842559740502
H            5.66339087777323        2.57302652549485        2.06713533809295
H            4.34385524654415        1.95774107312764        0.08896261874210
H            1.91980513194720        2.00539773853371       -2.00178166952479
H            3.23974999199057        3.27768182622416       -3.68268608521027
H            5.46524706546740        2.44603879514855       -4.37491327300388
H            6.37600527820661        0.38202862903255       -3.37916513900102
H            5.09795951367588       -0.84285784939476       -1.67619471767329
H           -1.16380478272373       -3.58497544887967       -1.30532026104378
H           -0.32632834815114       -4.27596536278405        0.10390950134793
H           -2.60294978696954       -3.18221779670029        0.61503695757658
H           -1.25320401063186       -2.46946594560027        1.54601945112120
H           -3.25450259972840       -1.44816973135681        2.42433878770674
H           -4.84432236346764       -0.04034035621731        3.66122423610411
H           -5.57277400076164        2.12373026336298        2.73810650209795
H           -4.70538731746966        2.89500133459410        0.55406981796701
H           -3.09063183465701        1.47753624029424       -0.69525103596949
H           -1.65452708386528       -0.81125562076395       -3.15399405388485
H           -3.13133255721078       -1.52969105383625       -5.01132219842929
H           -5.30792022161960       -2.58054926824162       -4.51293462342416
H           -6.02700163726874       -2.87460569825029       -2.16706434305236
H           -4.56791961574457       -2.13936425159992       -0.32409359734307
C           -0.07702776303606        1.49436540279953       -0.12886458774693
O           -0.27011072083794        2.60291146943972        0.18834291036145
C            0.14202831406251       -0.21485201699213        1.35209997805415
O            0.03062420890397       -0.03641345260159        2.49784778802210
O            0.84196357385577       -3.19473989946757       -3.38742081654410
C            0.21167154871430       -2.84173631731297       -4.36622503229796
C            0.45566113049420       -1.64481041672351       -5.15630175814545
C            1.48494906189434       -0.75967718381590       -4.82027938424705
C            1.70935165613199        0.36204995692881       -5.59375450178459
C            0.91134657584234        0.61575155413493       -6.69996855911126
C           -0.11816194553475       -0.25336343358551       -7.03780418810001
C           -0.34323523492258       -1.37971391959221       -6.27407787173353
H            0.66989024466950       -2.52709713604794       -1.66229953165879
H            0.18972516835383       -0.10140501588949       -1.92254888105863
H           -0.63621948841018       -3.45904180100644       -4.72623613966435
H            2.09037932800987       -0.95358474951510       -3.94680061227388
H            2.50687444351966        1.03976421189735       -5.33115494518954
H            1.08859369608882        1.49427779627114       -7.30273610136569
H           -0.73954978032050       -0.05006387967244       -7.89834788440940
H           -1.13462597604985       -2.06977357295424       -6.53492717100364
80
 energy: -120.637458498120 gnorm: 0.008174972280 xtb: 6.7.1 (edcfbbe)
Mn           0.19956877072233       -0.22749700841502       -0.40608457283063
N            0.50172491327999       -2.46881109664512       -0.66616415605627
C            1.73887920056654       -2.92117377734792       -0.02628594974244
C            2.90068702557266       -2.06671073667708       -0.52800884080284
P            2.42218221496151       -0.26670283612087       -0.41822470565678
C            3.41354921403100        0.25898557271845        1.03080100508323
C            3.31126217365123       -0.47178610920437        2.21362505480135
C            4.03736665975814       -0.10795938903009        3.33149111293963
C            4.87917259346472        0.99387905704836        3.28246340190589
C            4.97224011238588        1.73967575323630        2.11743889188992
C            4.23725357863335        1.38297604902287        0.99948491643090
C            3.42850878865883        0.50326335625935       -1.73449331435153
C            2.91359139399250        1.65811049507247       -2.31752757511679
C            3.65128870400437        2.35144817386309       -3.26113091749620
C            4.90182160131453        1.88775108677365       -3.63852959241784
C            5.41461891348295        0.73339305300474       -3.06609742849020
C            4.68808534852707        0.04542689598968       -2.10920720487074
C           -0.65756347802063       -3.33941075749527       -0.38661777306141
C           -1.66143742008647       -2.62972667829978        0.52230644621086
P           -1.88047552873018       -0.96373272929986       -0.26241251932416
C           -3.07847863945587       -0.08452001401086        0.78382726012997
C           -3.56068485040779       -0.52327379169037        2.01058387240794
C           -4.45251090039432        0.26687930624357        2.71837673282129
C           -4.86336005718898        1.48799340444336        2.21042923714268
C           -4.38039192175607        1.93158695783246        0.98742237948070
C           -3.49027143006069        1.14956911087029        0.27842872512934
C           -3.00597356742387       -1.44217063591096       -1.63667564358182
C           -2.61483141991812       -1.25326022598189       -2.95620458612254
C           -3.44475691837130       -1.64696237550010       -3.99267868352780
C           -4.66879425261207       -2.23243490960973       -3.71533217035852
C           -5.07024920092693       -2.41121212401747       -2.39896644512944
C           -4.24669172428168       -2.01434228152342       -1.36236939570669
H            1.93333998933924       -3.97751396362703       -0.27208647094294
H            1.62824095702289       -2.84033732323429        1.06235113023101
H            3.06906691520140       -2.28750396644297       -1.58888816125378
H            3.81518462452179       -2.26735192631168        0.03750252950992
H            2.65307011497707       -1.32917377813315        2.26339248837261
H            3.94750755691352       -0.68572121234933        4.24257065055587
H            5.45370454805282        1.27444760319041        4.15342367897468
H            5.62296227480155        2.60215398372190        2.07752524637090
H            4.30865082104943        1.97808789419121        0.09863924878934
H            1.92347151374964        1.99117753628931       -2.02018919572305
H            3.24946344600038        3.25413426523416       -3.70224592062011
H            5.47993425317335        2.42626656799680       -4.37608299863019
H            6.39055529811305        0.37450223369583       -3.35863069782954
H            5.10670099803773       -0.84063275634180       -1.65192331395676
H           -1.15848875429039       -3.57357240303998       -1.33400071908873
H           -0.32594219885972       -4.28295633149541        0.06511657140995
H           -2.59760902208575       -3.19036825676873        0.59206114216414
H           -1.24538489636698       -2.48765433045256        1.52646288009527
H           -3.24277751880203       -1.47204530658988        2.42062846224001
H           -4.82675841781511       -0.07292728538367        3.67414781497850
H           -5.55520272260958        2.09970356415196        2.77163476277418
H           -4.69489475321123        2.88791972470677        0.59373338167449
H           -3.08432190660852        1.47986591120864       -0.67284145465240
H           -1.65849557787031       -0.78717241841294       -3.15710000248993
H           -3.13781426682424       -1.48763621802797       -5.01728907383898
H           -5.31570850109811       -2.54166061003799       -4.52372049301195
H           -6.03048540377666       -2.85766999354344       -2.18113633320085
H           -4.56831241629277       -2.13820583790946       -0.33533061413481
C           -0.07012256719348        1.49172384272658       -0.13925141232586
O           -0.26007219452960        2.60039973662508        0.17759939589236
C            0.14329717668948       -0.21679452596380        1.34190865743698
O            0.03303073925073       -0.03789501797365        2.48742630908033
O            0.83666954473458       -3.21085178643322       -3.40377042108355
C            0.19710644449191       -2.84863401470917       -4.37443377337665
C            0.44163151702225       -1.64723876803001       -5.15808250204762
C            1.47806673019458       -0.76916207989794       -4.82207197364719
C            1.70483062566684        0.35668643183806       -5.58905590547600
C            0.90258696712267        0.62100463691108       -6.68940467481967
C           -0.13463507491063       -0.24062592736424       -7.02622387789083
C           -0.36235240151785       -1.37162895262317       -6.26907805971420
H            0.68686414162164       -2.53198834797336       -1.67498832881796
H            0.19454743917351       -0.10704139930746       -1.93011521183535
H           -0.65782597252858       -3.46018497603435       -4.73239665699766
H            2.08685748241143       -0.97243433265646       -3.95264246949786
H            2.50646212698683        1.02910554548597       -5.32569043474032
H            1.07993024257924        1.50295277424393       -7.28747658316659
H           -0.75962054176209       -0.02748927339709       -7.88194662925885
H           -1.15981861707860       -2.05526549654729       -6.52999138995675
80
 energy: -120.637766657056 gnorm: 0.008314995629 xtb: 6.7.1 (edcfbbe)
Mn           0.20268727614177       -0.22758220487219       -0.42492550151419
N            0.51265431004374       -2.47336887998090       -0.68698627350167
C            1.74087931108958       -2.92017593603571       -0.02733962081111
C            2.90592836743509       -2.06762946110624       -0.52266673066045
P            2.42483287791897       -0.26835130348490       -0.41839005619910
C            3.40261876149442        0.26107980286884        1.03789049365926
C            3.31614460350064       -0.47371966164608        2.21769553524431
C            4.03698958202714       -0.10091370539943        3.33621343753468
C            4.85462536997002        1.01589716404043        3.29217343517986
C            4.93060302999136        1.76624570791976        2.13094066445181
C            4.20313723733360        1.39854305371794        1.01197497960897
C            3.43995630957570        0.49981697863305       -1.72718195582061
C            2.92296656545572        1.64306739288380       -2.32878385887582
C            3.66513550577668        2.32793894469952       -3.27532984527398
C            4.92012950800086        1.86527506810810       -3.63771571405681
C            5.43447186389082        0.72211650689039       -3.04619952132610
C            4.70393285203009        0.04343474765127       -2.08635183649611
C           -0.65012079682626       -3.34102104567655       -0.42351344734169
C           -1.65235792504585       -2.64178944951268        0.49250999586077
P           -1.87438424868655       -0.96647374674437       -0.27216454387115
C           -3.06458791662523       -0.09987735555953        0.79539830331058
C           -3.54083046030260       -0.55132058983419        2.01979254860875
C           -4.42849749963271        0.23111155718352        2.74056806176481
C           -4.84220464022877        1.45667223813944        2.24815797969123
C           -4.36393827913870        1.91449275785995        1.02973845107423
C           -3.47787094011941        1.14000419114134        0.30795220915870
C           -3.00951080688932       -1.42627139472027       -1.64465785711105
C           -2.62100021145057       -1.22283897950440       -2.96195261344913
C           -3.45454038482326       -1.60089374049121       -4.00039392755501
C           -4.67847982993212       -2.18867823770845       -3.72684974342538
C           -5.07700539761532       -2.38253521260657       -2.41306774778441
C           -4.24965827374238       -1.99968569874530       -1.37441764658539
H            1.93820345914620       -3.97937040577175       -0.25772997079832
H            1.61879792062999       -2.82493738629037        1.05913922912925
H            3.08180535794187       -2.28959311347589       -1.58079611105418
H            3.81586259957420       -2.26704262972687        0.04815972404062
H            2.67382284900791       -1.33709146599246        2.26763133882888
H            3.95954670704387       -0.67957697659150        4.24458556115984
H            5.42389884233021        1.30584429042878        4.16430469605430
H            5.55904871196770        2.64969552967422        2.09640494406762
H            4.25808938196902        2.00091855804442        0.11487028696594
H            1.93132555875743        1.97560039516335       -2.04259914480396
H            3.26419852622240        3.22268618865068       -3.72871490999817
H            5.50092453781349        2.39708294716823       -4.37821682085919
H            6.41370353293943        0.36348560612085       -3.32632945904993
H            5.12081991766985       -0.83449997483487       -1.61169775091743
H           -1.14797506354290       -3.55633963794229       -1.37500255769051
H           -0.32314813154738       -4.29318631131404        0.01114874871916
H           -2.59010992157700       -3.19967986835413        0.55566213683814
H           -1.23551777620476       -2.51287239191236        1.49724394335771
H           -3.22172820113470       -1.50369716148111        2.41837703341619
H           -4.79816181358411       -0.11912123169618        3.69419410120306
H           -5.53123598284159        2.06261853599137        2.81850324180268
H           -4.68132141134931        2.87471663387455        0.64984879584694
H           -3.07559523326601        1.48174101628165       -0.64025722175463
H           -1.66464100777589       -0.75544502978946       -3.15955099572348
H           -3.14836411542864       -1.43074993321098       -5.02272337224446
H           -5.32894890534435       -2.48786704678814       -4.53558988237772
H           -6.03660485807603       -2.83267536980048       -2.19886235167029
H           -4.57008645495682       -2.13330534306076       -0.34950319028756
C           -0.06412030685709        1.49208219243271       -0.16174056887231
O           -0.24872494832210        2.60216167990651        0.15508388576233
C            0.14189007875966       -0.21638407160673        1.32200318906214
O            0.03810249915479       -0.03872918479683        2.46898372215737
O            0.82512317812908       -3.24109179445752       -3.43456691163140
C            0.17894323320453       -2.86610629276317       -4.39407083392876
C            0.42516000772691       -1.65724192616643       -5.16709515505912
C            1.46403496991960       -0.78725288823055       -4.82413550132350
C            1.69329281807814        0.34756385707122       -5.57704868823590
C            0.88674413321778        0.62970074632124       -6.67008383946026
C           -0.15204079058331       -0.22370685662744       -7.01294089809164
C           -0.38222072891725       -1.36464783818742       -6.26992400538672
H            0.71174133116358       -2.53934744921624       -1.69207896107859
H            0.20138576197491       -0.11221522007470       -1.94561703992179
H           -0.68181494338679       -3.46948077138275       -4.75131219381552
H            2.07524836283019       -1.00718531067987       -3.95974286054120
H            2.49948796669213        1.01258030549180       -5.30860942910657
H            1.06593811980727        1.51810410108487       -7.25857197346806
H           -0.77574613899099        0.00429597500510       -7.86387464576593
H           -1.17931869036265       -2.04096295378498       -6.53756882872622
80
 energy: -120.638053270610 gnorm: 0.008119073449 xtb: 6.7.1 (edcfbbe)
Mn           0.20828407765582       -0.23170494110757       -0.44094184504736
N            0.52363197029982       -2.47735505791453       -0.71090094227134
C            1.74050007301873       -2.92194375081268       -0.02925475350109
C            2.91279026892621       -2.07219763305366       -0.51236377529536
P            2.42911734741293       -0.27285742962149       -0.41839760313217
C            3.38988308687962        0.26935072379849        1.04508800815862
C            3.32476694348316       -0.47596610634881        2.22022020550009
C            4.03854852351929       -0.09053358869703        3.33946263954950
C            4.82474100239697        1.05127820580347        3.30187980834772
C            4.87763781164601        1.81165616294442        2.14564564749842
C            4.15847493925514        1.43144882662681        1.02588206724840
C            3.45465652210184        0.49008215966861       -1.72168050143489
C            2.93559165840290        1.62036565608179       -2.34668029685616
C            3.68293884309524        2.29639890072038       -3.29565558777863
C            4.94612296247373        1.83686982984701       -3.63592298520668
C            5.46333377152554        0.70692708037237       -3.02003915335456
C            4.72778445692021        0.03786020118277       -2.05754513230230
C           -0.64485317247994       -3.34322819334965       -0.46971392198124
C           -1.64409417507351       -2.65679299544470        0.45891178792377
P           -1.86798599482368       -0.97100206467418       -0.28244507663765
C           -3.04912524242180       -0.11780859167913        0.80686773937484
C           -3.52003256975046       -0.58653837257133        2.02718377234245
C           -4.40274689583019        0.18639032407039        2.76454671164638
C           -4.81628028262621        1.42070663666808        2.29291599621751
C           -4.34229007527756        1.89654705431507        1.07937651153252
C           -3.46099141249982        1.13125355294495        0.34144958222835
C           -3.01248155861677       -1.40943453132836       -1.65336325269323
C           -2.62966255032042       -1.18496627181864       -2.96906189650016
C           -3.46892551772876       -1.54310049797727       -4.01043081150626
C           -4.69279681792146       -2.13285550519111       -3.74213179410547
C           -5.08521133787850       -2.34830425545126       -2.42997243787989
C           -4.25247296361577       -1.98433037793310       -1.38779977458505
H            1.94065087877242       -3.98303026650684       -0.24807684401294
H            1.60281476430916       -2.81818339646368        1.05457930510670
H            3.10255102055317       -2.29659981131974       -1.56777272778694
H            3.81568185148519       -2.27079913216219        0.06992976205102
H            2.71202060441103       -1.37286053157766        2.26478467423302
H            3.98212236710561       -0.68371458415908        4.24285877906457
H            5.39132208059087        1.34497335992090        4.17332048033265
H            5.48781927223925        2.69997203118200        2.11335334053752
H            4.19808688551136        2.03404274873614        0.13127858082861
H            1.93870321682776        1.94994950783722       -2.07673937999149
H            3.28006362741304        3.18126642273401       -3.76773016431507
H            5.52950626931051        2.36097791751671       -4.37974816907935
H            6.44889450744812        0.35079832169667       -3.28311711550906
H            5.14516277153451       -0.82954838733337       -1.56252081315350
H           -1.14206698211438       -3.53040203279768       -1.42990900100521
H           -0.32645215493552       -4.31064953137516       -0.05771364839464
H           -2.58308108782023       -3.21351707514159        0.51527610528589
H           -1.22530301268773       -2.54267805696948        1.46411841002990
H           -3.20162902589611       -1.54581958165866        2.41034665484342
H           -4.76841210900748       -0.17790339418126        3.71494789926327
H           -5.50312544312203        2.01824181224588        2.87529071422711
H           -4.65892338780568        2.86406830952553        0.71645861586313
H           -3.06172558341803        1.48770204892108       -0.60301734207932
H           -1.67335781532159       -0.71593838343602       -3.16275648513138
H           -3.16659633778256       -1.35682625080265       -5.03086095990390
H           -5.34796970890101       -2.41774332881206       -4.55287017071343
H           -6.04475796154571       -2.80016513044154       -2.22045644551585
H           -4.56957162718743       -2.13290873842331       -0.36420616201181
C           -0.05541987764419        1.48799573688697       -0.17650824150883
O           -0.23512076236366        2.59831846083362        0.14101987967431
C            0.14738022719906       -0.22458146029110        1.30581557733249
O            0.05028033177159       -0.04970114155566        2.45364724708578
O            0.80716006709930       -3.26552078699165       -3.46110913257743
C            0.15768530887769       -2.87803669123996       -4.41020366024183
C            0.40538056705019       -1.66273437486075       -5.17349409506530
C            1.45045631328361       -0.80293587301929       -4.82817555515992
C            1.68163403488440        0.33905441728097       -5.56917247204998
C            0.86810804013419        0.63951327371383       -6.65181304143078
C           -0.17845668392729       -0.20259838889553       -6.99591683382378
C           -0.40948940568001       -1.35177455072496       -6.26546349730498
H            0.74006983197196       -2.54383284677440       -1.71266039087182
H            0.20801432434375       -0.11275710566087       -1.95937024272622
H           -0.70724325609636       -3.47316749457883       -4.76622989530332
H            2.06488224349065       -1.03790698502030       -3.97107547804485
H            2.49350224787432        0.99576567194488       -5.29944438313447
H            1.04827703321985        1.53398835275110       -7.23085221964714
H           -0.80970263189059        0.04183340258456       -7.83782369172409
H           -1.21625886547440       -2.01779740238429       -6.53364054377603
80
 energy: -120.638166305210 gnorm: 0.002839053419 xtb: 6.7.1 (edcfbbe)
Mn           0.20915219073738       -0.23258291211969       -0.43855402729010
N            0.52343803222541       -2.47643847649406       -0.71430882628185
C            1.73882910314324       -2.92097625384533       -0.03090225978624
C            2.91233645076203       -2.07163953253138       -0.51156323296415
P            2.42975309315601       -0.27204929376366       -0.41739841917625
C            3.39242005599719        0.26748655887694        1.04525891429428
C            3.33011178692134       -0.47840778735372        2.21960775183003
C            4.04112343008285       -0.09082531286529        3.33935436079964
C            4.82315889335223        1.05257991855224        3.30236822819577
C            4.87306085592609        1.81376404605949        2.14652531315984
C            4.15551595263045        1.43181738369174        1.02654200639423
C            3.45651967780600        0.48911956485530       -1.72133567971370
C            2.93915675467602        1.62008325864029       -2.34592705319105
C            3.68666380712843        2.29559889671082       -3.29485726175361
C            4.94909414352091        1.83520462378654       -3.63563931858688
C            5.46556469356547        0.70578320196172       -3.01940823156309
C            4.72980192766070        0.03750936694686       -2.05649903559882
C           -0.64455190645121       -3.34256627361458       -0.47230555334617
C           -1.64491186881889       -2.65641459581967        0.45615745072783
P           -1.86813030593966       -0.97095223992374       -0.28352661531446
C           -3.04782197387741       -0.11872126754926        0.80625909836851
C           -3.51833142115221       -0.58858427721507        2.02588920062869
C           -4.40054048424910        0.18364714050037        2.76426794496537
C           -4.81419176317914        1.41843385814417        2.29402971089643
C           -4.34108236402976        1.89459573117961        1.08003657802654
C           -3.45946837091521        1.13047795035767        0.34177520873657
C           -3.01390868845730       -1.40708800303105       -1.65320415770708
C           -2.63197564527066       -1.18241654971747       -2.96934256113339
C           -3.47124686881641       -1.54182108368389       -4.01009326789295
C           -4.69505309582893       -2.13099233890615       -3.74094489683825
C           -5.08691379609086       -2.34594342980590       -2.42802310690259
C           -4.25452442974731       -1.98100141391191       -1.38627540076882
H            1.93978369511366       -3.98153088011060       -0.25120101697508
H            1.59768916046009       -2.81997472293443        1.05203831015402
H            3.10200314527339       -2.29480006889250       -1.56779223073105
H            3.81560753421044       -2.27167344721532        0.07064508486743
H            2.71688137497768       -1.37003522949709        2.26472582979392
H            3.98434771734257       -0.68164074887289        4.24323857037048
H            5.38567318001987        1.35060381036369        4.17520116587151
H            5.47519994093106        2.70996700326141        2.11632573072166
H            4.19178925066067        2.03700644361278        0.13192007509976
H            1.94102756403535        1.94848032874288       -2.07651950326199
H            3.28400039700030        3.18030115085830       -3.76776994982991
H            5.53260292267215        2.35787814664557       -4.38008058092409
H            6.45092565472489        0.34951366520444       -3.28363337491804
H            5.14823911421726       -0.82790173922601       -1.56095586468264
H           -1.14184960733782       -3.53327306837270       -1.43124672435964
H           -0.32575971957592       -4.30788343663232       -0.05751962858771
H           -2.58341524654815       -3.21440665905123        0.51201758030699
H           -1.22676463292883       -2.54270705065893        1.46177656157988
H           -3.19930232507803       -1.54795950209343        2.40873630460924
H           -4.76535888857091       -0.18130259042830        3.71441240831491
H           -5.50156348173260        2.01482643323695        2.87676484095495
H           -4.65684421929452        2.86230683820766        0.71735176452817
H           -3.06153060545908        1.48735135438194       -0.60301394073957
H           -1.67496156505057       -0.71508635760383       -3.16371532765238
H           -3.17049835393566       -1.35392184939057       -5.03081920461853
H           -5.35031472567278       -2.41592899213406       -4.55159732896089
H           -6.04687745062581       -2.79595191244985       -2.21770141558936
H           -4.57058325818240       -2.13101023174473       -0.36190583743929
C           -0.06018695243653        1.48718582427388       -0.17599312108201
O           -0.23923565372096        2.59912377543570        0.13883312799164
C            0.15347998564024       -0.22591689919920        1.30859324732031
O            0.05316570951149       -0.05498750772654        2.45616973215998
O            0.80574320697604       -3.26862562921725       -3.46236644341400
C            0.15701165210298       -2.87910292105086       -4.41178225822010
C            0.40495487610184       -1.66398039920363       -5.17470468768710
C            1.45080869365793       -0.80394449957007       -4.82786998174810
C            1.68115751155777        0.33861737414034       -5.56758568237963
C            0.86768722981355        0.63920579184991       -6.65029955719466
C           -0.17805927580649       -0.20459181859786       -6.99786685429171
C           -0.40885857122366       -1.35333739335795       -6.26799906971228
H            0.74052731561502       -2.54366586622866       -1.71576893358432
H            0.20899712831606       -0.11067846932970       -1.95746058837059
H           -0.71195227676924       -3.46942610432125       -4.76481386517901
H            2.06716712393814       -1.03978531947367       -3.97242284177060
H            2.49236494514217        0.99651850404444       -5.29654657151296
H            1.04752986234153        1.53483800434266       -7.22707010791763
H           -0.80931830660946        0.03858778906757       -7.84011611373433
H           -1.21375798202364       -2.02191715037389       -6.53886843052580
80
 energy: -120.638216023005 gnorm: 0.004707251547 xtb: 6.7.1 (edcfbbe)
Mn           0.21039571218972       -0.23211774827665       -0.43798834412973
N            0.52306533752517       -2.47472373798914       -0.71924322683020
C            1.73655117387280       -2.92050281328083       -0.03422050633260
C            2.91148882215685       -2.07135960476899       -0.51099166378766
P            2.43155392414225       -0.27127662595340       -0.41597942833899
C            3.39459785346406        0.26661374380348        1.04633884416590
C            3.33713634262744       -0.48118281081781        2.21936758974012
C            4.04491955059680       -0.08998695495579        3.33964116295084
C            4.81779655883113        1.05863289871998        3.30450883143748
C            4.86123405884281        1.82221929111590        2.14994638394069
C            4.14783712830020        1.43606081895967        1.02899448540646
C            3.46083904048437        0.48786810002329       -1.71995673427336
C            2.94536604094315        1.61896250184716       -2.34553718197985
C            3.69330558358716        2.29357063767577       -3.29434821068836
C            4.95494558577925        1.83171071176987       -3.63525818142535
C            5.47029532962480        0.70305365957703       -3.01772106696855
C            4.73437338720110        0.03661444697859       -2.05353237540068
C           -0.64355143194868       -3.34231181246424       -0.47661330425683
C           -1.64626959742234       -2.65700128913441        0.45108015252237
P           -1.86830549752697       -0.97179294376231       -0.28525955755847
C           -3.04517806853126       -0.12055480715808        0.80570388261174
C           -3.51465267813554       -0.59216495076102        2.02455775190972
C           -4.39655753448054        0.17864861339545        2.76449206305915
C           -4.81085285256034        1.41401638108171        2.29638026069283
C           -4.33868619186383        1.89140441838563        1.08224469997557
C           -3.45711825695677        1.12889848821800        0.34276449678770
C           -3.01578944103563       -1.40356124109499       -1.65346458837507
C           -2.63582549975043       -1.17849396393642       -2.97022504641324
C           -3.47661840248244       -1.53787113075538       -4.00968469107590
C           -4.70040983713122       -2.12585074729820       -3.73874165891591
C           -5.09080796999169       -2.34000655140995       -2.42470360645437
C           -4.25747179591514       -1.97532902183544       -1.38416493029642
H            1.93861465401359       -3.98034943194395       -0.25724218051582
H            1.59111809661112       -2.82322410554574        1.04774804849207
H            3.10140866939442       -2.29276078370565       -1.56813063036612
H            3.81487866176465       -2.27382359518231        0.07109099561685
H            2.72860896192999       -1.37100779806507        2.26302805012435
H            3.99146689486394       -0.68007498809209        4.24317976215098
H            5.37635693751721        1.36203619291672        4.17830727052781
H            5.45257910585637        2.72819154431404        2.12205794944928
H            4.17917355716433        2.04456061920453        0.13469150810143
H            1.94632989543786        1.94679542666970       -2.07584804413301
H            3.29178890466000        3.17886881942357       -3.76753028757126
H            5.53901775431923        2.35226053545539       -4.38047000020378
H            6.45537998945529        0.34640601181906       -3.28313448103486
H            5.15401119444421       -0.82675823503295       -1.55749834326820
H           -1.14038853008257       -3.53741571182017       -1.43431831131614
H           -0.32353988641184       -4.30486003812280       -0.05822295312626
H           -2.58403738505672       -3.21685129041075        0.50510279562939
H           -1.22959676173907       -2.54450414402485        1.45755846583513
H           -3.19529264502615       -1.55209266604143        2.40619232464750
H           -4.76027606402342       -0.18773124212069        3.71416369838252
H           -5.49850829169826        2.00879586004854        2.88014414527012
H           -4.65374197395974        2.85933469107941        0.71999172683948
H           -3.06076414580227        1.48696181950779       -0.60215569745870
H           -1.67817200660983       -0.71295694003089       -3.16578214282341
H           -3.17782141575111       -1.34940834499319       -5.03103560093993
H           -5.35597369792854       -2.41160880978049       -4.54882530511840
H           -6.05121807134865       -2.78777566191716       -2.21279873095348
H           -4.57211605493723       -2.12560099334316       -0.35874023261225
C           -0.05160651646290        1.48938112226894       -0.17414079944846
O           -0.25435642034501        2.59944451844285        0.13555961543443
C            0.15260253143227       -0.23336575285175        1.30981281444482
O            0.06819556021257       -0.06440502084286        2.45854824246259
O            0.80263477661573       -3.27428093795686       -3.46484140209064
C            0.15259283060894       -2.87926862114638       -4.41179124256872
C            0.40461765985972       -1.66701457199598       -5.17680814135678
C            1.45123910997547       -0.80695425347003       -4.82783490565532
C            1.67971710038220        0.33732320579423       -5.56494270986340
C            0.86674512313078        0.63863037558050       -6.64774822704814
C           -0.17657863535472       -0.20792293849877       -7.00105998233062
C           -0.40664036894506       -1.35674420162500       -6.27255965565926
H            0.74045052132494       -2.54267612153184       -1.72054558613692
H            0.20594285324301       -0.10666361877166       -1.95767393065262
H           -0.71835234747238       -3.46593515979344       -4.76472453788766
H            2.06897647882521       -1.04341341347843       -3.97365782981392
H            2.48931074619444        0.99718724348440       -5.29151271290439
H            1.04587662829975        1.53636392920311       -7.22088065842618
H           -0.80673118518678        0.03318643625506       -7.84464797813553
H           -1.20910850759273       -2.02842068440692       -6.54675431542272
80
 energy: -120.638252284528 gnorm: 0.007331086885 xtb: 6.7.1 (edcfbbe)
Mn           0.21261812457055       -0.23147364275821       -0.43910480764755
N            0.52297649125985       -2.47360524340692       -0.72416203917215
C            1.73523870016895       -2.92108184710992       -0.03842933901021
C            2.91153981518552       -2.07217162124772       -0.51147609248078
P            2.43436337709502       -0.27178649732347       -0.41492854617784
C            3.39519826588803        0.26717572153001        1.04799342062790
C            3.34357983647610       -0.48357982842584        2.21950392257868
C            4.04871009930910       -0.08836259341751        3.34017910040167
C            4.81047089001880        1.06761274652748        3.30756557239960
C            4.84626752014210        1.83436876272057        2.15475394176331
C            4.13753864685295        1.44326240583180        1.03262670167917
C            3.46599606992684        0.48682916858898       -1.71798190646433
C            2.95165142823749        1.61760585506247       -2.34521891009877
C            3.70007733559477        2.29132294093358       -3.29398131518207
C            4.96126831182100        1.82802150103681       -3.63466267499292
C            5.47568832255518        0.69993697384976       -3.01553459928643
C            4.73968029408315        0.03535389377948       -2.04996552436157
C           -0.64249825046028       -3.34247862383421       -0.48123362790259
C           -1.64696965435560       -2.65720538575881        0.44546300080720
P           -1.86725733795707       -0.97151746879557       -0.28708945518752
C           -3.04221576343536       -0.12212419680976        0.80545379758810
C           -3.51044654121373       -0.59563494782686        2.02379771815814
C           -4.39243234493200        0.17350536960071        2.76531621512833
C           -4.80778795911897        1.40930712101825        2.29927256726284
C           -4.33648526190633        1.88850729326136        1.08540521748551
C           -3.45528408536063        1.12752806759893        0.34415820596054
C           -3.01664843419816       -1.39989572975427       -1.65389751334679
C           -2.63917946540821       -1.17487523232101       -2.97133711423909
C           -3.48259321586096       -1.53303141326476       -4.00920616315285
C           -4.70647350867156       -2.11953448571064       -3.73602628327264
C           -5.09492191741711       -2.33261590265835       -2.42097544898742
C           -4.25934919780292       -1.96929910712161       -1.38212353677771
H            1.93780753271133       -3.98043826891566       -0.26397670232947
H            1.58690327869533       -2.82655200559064        1.04306754682049
H            3.10206514314968       -2.29185623362646       -1.56913438695101
H            3.81450578576860       -2.27700902600943        0.07068968325172
H            2.74342508369300       -1.37718648445936        2.26029259869205
H            4.00148604683592       -0.68024420007216        4.24255061319335
H            5.36683343320779        1.37508829734994        4.18147259282043
H            5.42858196712726        2.74735641030044        2.12842081109284
H            4.16421109230163        2.05412279111425        0.13899066065810
H            1.95236645475000        1.94548694958007       -2.07492147218098
H            3.29990601255171        3.17739037233457       -3.76708806778067
H            5.54598264747835        2.34673097752918       -4.38056520155042
H            6.46057981621052        0.34285767471018       -3.28142119986116
H            5.16012674728266       -0.82689583981126       -1.55342024939113
H           -1.13870784581880       -3.54056488020414       -1.43833334874620
H           -0.32144780067759       -4.30315158994755       -0.06014823995825
H           -2.58446236678932       -3.21802717661338        0.49703449556651
H           -1.23190530498119       -2.54696782684384        1.45294693177955
H           -3.19088832686538       -1.55623135456244        2.40382182206064
H           -4.75526733177599       -0.19463336285857        3.71450343211932
H           -5.49540536535799        2.00260348256723        2.88437473541404
H           -4.65159378327432        2.85660223929150        0.72381962133325
H           -3.06020098124098        1.48715071600505       -0.60063827620502
H           -1.68132490512178       -0.71043103672287       -3.16843272743117
H           -3.18549102397181       -1.34532861845203       -5.03128767259826
H           -5.36299533026214       -2.40592745072111       -4.54507045213944
H           -6.05571826289150       -2.77855647372073       -2.20721477375870
H           -4.57266113184744       -2.11843753087183       -0.35587331725955
C           -0.07521184892947        1.48663740710681       -0.17526311155332
O           -0.25341548991911        2.60105122192841        0.13248566250644
C            0.15812804698634       -0.24032477592838        1.30948274487470
O            0.08201720948124       -0.07721396964746        2.45962711586775
O            0.79888594205288       -3.28030916001696       -3.46765252401623
C            0.14884128234026       -2.88112474237704       -4.41318677278060
C            0.40482112673246       -1.67102543973755       -5.17925554182775
C            1.45081558629576       -0.81053273709845       -4.82758490975525
C            1.67756768177116        0.33575660924665       -5.56203677671051
C            0.86581575613391        0.63789104307257       -6.64534420572172
C           -0.17430601026286       -0.21121183172149       -7.00416628560042
C           -0.40355248244051       -1.36079927636087       -6.27735830547747
H            0.73998442175152       -2.54161780494879       -1.72556452985488
H            0.20825414283164       -0.10125945762069       -1.95920700459243
H           -0.72646563903689       -3.46257106291127       -4.76357936944557
H            2.06864433333053       -1.04728422469313       -3.97368031407572
H            2.48520131505018        0.99738406060312       -5.28601961264532
H            1.04389075745609        1.53797572439525       -7.21489540650100
H           -0.80254265450303        0.02819905706638       -7.84955873807550
H           -1.20398468885804       -2.03459101410735       -6.55414989711011
80
 energy: -120.638311795510 gnorm: 0.005956926721 xtb: 6.7.1 (edcfbbe)
Mn           0.21047414482233       -0.23229233566432       -0.44223868808614
N            0.52316745624757       -2.47414472346755       -0.72746405884662
C            1.73571074972901       -2.92194408239954       -0.04216626939166
C            2.91173848580215       -2.07159691515439       -0.51291320529496
P            2.43399958089211       -0.27151566378518       -0.41493198993191
C            3.39282690566628        0.26910869494656        1.04905527805994
C            3.34785229570884       -0.48532454533037        2.21904878775178
C            4.05119966419252       -0.08658117761653        3.34002060953121
C            4.80275041186044        1.07687334655876        3.30998996939264
C            4.83186844171739        1.84654507658746        2.15888340840447
C            4.12624393848821        1.45159967016679        1.03600659956513
C            3.46916068896924        0.48653731646260       -1.71597158647492
C            2.95584090290960        1.61701425592343       -2.34503531673384
C            3.70528240351490        2.28961869069750       -3.29372441664527
C            4.96641166640718        1.82483452371441       -3.63340137309518
C            5.47972103750726        0.69684803468024       -3.01257968455797
C            4.74286886702934        0.03371445064915       -2.04646267888005
C           -0.64197302419715       -3.34358926747249       -0.48476640397282
C           -1.64704790367868       -2.65850729600825        0.44158490483116
P           -1.86681356658523       -0.97188733969803       -0.28803225605866
C           -3.04000066773211       -0.12309230946099        0.80637868840033
C           -3.50738440524981       -0.59798165219032        2.02458402275312
C           -4.38956539989206        0.17002550403499        2.76717744947226
C           -4.80577860154198        1.40601926383632        2.30236800428186
C           -4.33497438691309        1.88690513013060        1.08906135495473
C           -3.45411257336397        1.12683139905958        0.34632133891873
C           -3.01746541416090       -1.39735252377836       -1.65458059680429
C           -2.64163158935131       -1.17282748200886       -2.97237041250634
C           -3.48757294054473       -1.52910715314226       -4.00905632142169
C           -4.71185149763436       -2.11401649834891       -3.73412761522933
C           -5.09890697101645       -2.32604445401549       -2.41863423604425
C           -4.26076890267685       -1.96470588794071       -1.38123339839512
H            1.93874905931688       -3.98101322916700       -0.26911756394072
H            1.58690042584607       -2.82848813762902        1.03961709216464
H            3.10349240294384       -2.29026749571684       -1.57040329450101
H            3.81403340738497       -2.27734928458772        0.06956029500540
H            2.75697657247989       -1.38744908399560        2.25700511070232
H            4.01124138897260       -0.68229983768688        4.24079624879726
H            5.35856326274103        1.38618029059580        4.18349264652656
H            5.40885444225458        2.76192692292152        2.13330493611257
H            4.14927848948013        2.06335705588102        0.14349440740131
H            1.95690214685056        1.94568191042561       -2.07515866887927
H            3.30631295671295        3.17589217802549       -3.76735609290212
H            5.55193399609617        2.34222077175504       -4.37973213025793
H            6.46458982301444        0.33904009945399       -3.27746559725374
H            5.16311899593038       -0.82856964917262       -1.54887443192906
H           -1.13757889532711       -3.54190825634113       -1.44222130502645
H           -0.32024679733954       -4.30409838091752       -0.06334855776363
H           -2.58485472225593       -3.21892946673964        0.49097063740762
H           -1.23298057208034       -2.55051382821292        1.44974271105196
H           -3.18768728547402       -1.55904061608051        2.40319588795196
H           -4.75214938523446       -0.19956174384040        3.71601463125707
H           -5.49323245529785        1.99847524594345        2.88847497196952
H           -4.65099784720401        2.85504400562292        0.72820018682203
H           -3.05962027751303        1.48754064128938       -0.59831462494375
H           -1.68377578714749       -0.70887675995380       -3.17064050519980
H           -3.19133633484643       -1.34270804644006       -5.03161522246843
H           -5.37005631747219       -2.39959847200047       -4.54205200681955
H           -6.06010165901420       -2.77077772971938       -2.20348959539337
H           -4.57300187042842       -2.11223661884206       -0.35470045403018
C           -0.07130538518878        1.48668345901492       -0.17692381533689
O           -0.26063092168519        2.59967784018945        0.12751328463981
C            0.17995569598281       -0.24196029020897        1.30734386794454
O            0.08009515387294       -0.09464800161387        2.45794383677487
O            0.79557610687718       -3.28485583124474       -3.46994987492614
C            0.14794057370680       -2.88536963447363       -4.41677294808154
C            0.40532065146488       -1.67486060058619       -5.18127810961401
C            1.44907277297519       -0.81342361986161       -4.82686033535555
C            1.67526206933527        0.33430474152476       -5.55963374521043
C            0.86541685108553        0.63686931310375       -6.64409023567395
C           -0.17184463364401       -0.21355954225628       -7.00621392837820
C           -0.40086546742171       -1.36429576806458       -6.28077170607942
H            0.73933555014630       -2.54117569947572       -1.72918811348669
H            0.21832231623662       -0.09531331984889       -1.96191270506336
H           -0.73472371859466       -3.46013752777545       -4.76085436438434
H            2.06560665965923       -1.05019286014345       -3.97209302526128
H            2.48114578382485        0.99683882455336       -5.28144187473305
H            1.04232546870759        1.53883906978450       -7.21127087692394
H           -0.79798921391637        0.02542916237961       -7.85320568819043
H           -1.20019261350176       -2.03844201900963       -6.55880310420108
80
 energy: -120.638419750537 gnorm: 0.002409014933 xtb: 6.7.1 (edcfbbe)
Mn           0.21331144010081       -0.23330100646900       -0.44092347420565
N            0.52432815145389       -2.47544450541617       -0.72941787691729
C            1.73758640149688       -2.92246891177807       -0.04438795773542
C            2.91342987242879       -2.07120802136827       -0.51444464783266
P            2.43530393772759       -0.27132556543039       -0.41632094156825
C            3.39064297863104        0.27084498964991        1.04959491453089
C            3.35150527053258       -0.48667539850623        2.21808891875101
C            4.05276743057335       -0.08536485912536        3.33955560067934
C            4.79743929138510        1.08305866651125        3.31140422283559
C            4.82249674813930        1.85457843567017        2.16148202821510
C            4.11772019015366        1.45799180354086        1.03857369717628
C            3.47164478067708        0.48651703438012       -1.71601052849949
C            2.95887697943097        1.61721347523504       -2.34522621692645
C            3.70922760342006        2.28897837542179       -3.29387533311507
C            4.97049570896118        1.82333470808508       -3.63243828509801
C            5.48318740275287        0.69527205502374       -3.01071939052830
C            4.74518647491261        0.03238549108292       -2.04540528159081
C           -0.64184854091488       -3.34406922997977       -0.48750882159419
C           -1.64643436163534       -2.65922414105819        0.43903572977138
P           -1.86521894517622       -0.97135089921438       -0.28993632318632
C           -3.03847636521321       -0.12357483877336        0.80665566875257
C           -3.50561614823751       -0.59938783052489        2.02496824222535
C           -4.38763870913693        0.16807799212846        2.76854144349990
C           -4.80433453083176        1.40422423746838        2.30462819438119
C           -4.33420487127768        1.88621355740845        1.09167726013248
C           -3.45328596265454        1.12680357079654        0.34798528018221
C           -3.01794851912413       -1.39552281122493       -1.65571052370179
C           -2.64277579457082       -1.17192580034141       -2.97366168827274
C           -3.49011845736572       -1.52727243931015       -4.00961996756110
C           -4.71505486456796       -2.11050126545323       -3.73355740630607
C           -5.10137853180391       -2.32176366781224       -2.41799118957744
C           -4.26137617676794       -1.96160140122613       -1.38148868497660
H            1.94039875411157       -3.98153474864487       -0.27114766004594
H            1.58951240403179       -2.82874880613606        1.03794348437486
H            3.10628680498343       -2.28925730902808       -1.57155469143414
H            3.81505267911863       -2.27680149205752        0.06862417601506
H            2.76651616273253       -1.39587586260212        2.25483258692248
H            4.01740356997602       -0.68418208689623        4.23914584491359
H            5.35174117184217        1.39340804828889        4.18531605299369
H            5.39546133764204        2.77093064588841        2.13706408899878
H            4.13720449803472        2.07024400553743        0.14734415571056
H            1.96007287683456        1.94624162982864       -2.07694781754784
H            3.31040102924266        3.17440927601749       -3.76891739016992
H            5.55641676178425        2.34018353573406       -4.37893524761431
H            6.46813198576704        0.33677032117335       -3.27395256366743
H            5.16445433286000       -0.83028901476091       -1.54639454070202
H           -1.13707229425835       -3.54089305173829       -1.44573737916923
H           -0.32064211893569       -4.30568528583235       -0.06733645726162
H           -2.58505154723011       -3.21821036108640        0.48732747873021
H           -1.23279122031525       -2.55271998782924        1.44747853732280
H           -3.18516715226749       -1.56030228048921        2.40297703753698
H           -4.75008406199016       -0.20233594681446        3.71732223573383
H           -5.49182421608550        1.99623623986406        2.89132280770432
H           -4.65137528148100        2.85449692709719        0.73191703331208
H           -3.05917619698509        1.48814916100970       -0.59658726621691
H           -1.68465007195849       -0.70879864503639       -3.17272724765283
H           -3.19444345153150       -1.34131311570579       -5.03234966736924
H           -5.37538798468661       -2.39373176928728       -4.54058786450447
H           -6.06309206141905       -2.76532933698648       -2.20201902048698
H           -4.57251811083221       -2.10868555100099       -0.35494445138897
C           -0.06312724292397        1.48625337385609       -0.17630466224511
O           -0.26267702111683        2.59807578163573        0.12559746186108
C            0.17340844330831       -0.24810886032715        1.30786193310373
O            0.08827003065446       -0.09871201096000        2.45931430747939
O            0.79386675671386       -3.28723123967714       -3.47156863675179
C            0.14680035537511       -2.88811349441621       -4.41854958078510
C            0.40479699042871       -1.67672873664023       -5.18188375991719
C            1.44687100131118       -0.81489798280482       -4.82599324631076
C            1.67389332347279        0.33317535994418       -5.55824861117128
C            0.86585311311130        0.63557993636068       -6.64414758189263
C           -0.17021707688100       -0.21471816192804       -7.00700288523611
C           -0.40031514348356       -1.36596306253422       -6.28190160399643
H            0.74029948729437       -2.54146417713949       -1.73126189799534
H            0.20899601532067       -0.10168169568847       -1.96101063952753
H           -0.73781555927830       -3.46141918137697       -4.76090371357241
H            2.06157329455662       -1.05151590796667       -3.96979857356558
H            2.47871726588070        0.99576918437948       -5.27846413149184
H            1.04235604473453        1.53815386454277       -7.21081042765485
H           -0.79503505475983        0.02508117308776       -7.85476555614627
H           -1.19931284596558       -2.03937686942030       -6.56047495289399
80
 energy: -120.638522313175 gnorm: 0.002846936179 xtb: 6.7.1 (edcfbbe)
Mn           0.21575760420209       -0.23441011204832       -0.44349259170715
N            0.52665060688933       -2.47653282338225       -0.73519307954529
C            1.73993190745422       -2.92409343573025       -0.05023255180253
C            2.91598299808985       -2.07143407198907       -0.51754472640606
P            2.43716181229596       -0.27207153650607       -0.41796968456870
C            3.38765317809953        0.27219135639926        1.05047219335526
C            3.36335173549655       -0.49194802462666        2.21527444339914
C            4.05866652880403       -0.08352345329153        3.33790171246211
C            4.78347336081255        1.09800403895814        3.31464287601623
C            4.79526897135249        1.87510867626500        2.16808778366389
C            4.09537659380993        1.47189563448916        1.04435531935952
C            3.47784177428021        0.48560334500761       -1.71431400655356
C            2.96720235174056        1.61622429737280       -2.34547930093512
C            3.72003622471165        2.28605330188568       -3.29365490587877
C            4.98145921918306        1.81855511733860       -3.62932973186424
C            5.49223658995420        0.69111680192958       -3.00480879867033
C            4.75174548783566        0.03000623841347       -2.04020010255577
C           -0.64021946027712       -3.34512295327023       -0.49497157024352
C           -1.64564393374735       -2.66219651737990        0.43175097642188
P           -1.86327290896842       -0.97163804715793       -0.29230979857400
C           -3.03480214435331       -0.12537125195360        0.80815606896364
C           -3.50034213385929       -0.60353267042936        2.02630455789442
C           -4.38209973185895        0.16202202866248        2.77216385184521
C           -4.80023577866260        1.39860542547988        2.31075817407556
C           -4.33183994786903        1.88315877164751        1.09827895082974
C           -3.45104468043094        1.12566356188123        0.35231654256085
C           -3.01947694133041       -1.39046892320689       -1.65726813616696
C           -2.64671470712753       -1.16825577202427       -2.97609221691219
C           -3.49796441072495       -1.52085766169140       -4.00995387568004
C           -4.72452333439925       -2.09933374634502       -3.73074173397534
C           -5.10835469888610       -2.30924587069037       -2.41434145400080
C           -4.26406098914951       -1.95231089734446       -1.38012793517819
H            1.94310289205005       -3.98270783896282       -0.27851098794893
H            1.59121269744265       -2.83185416353724        1.03245347376406
H            3.11076823098338       -2.28716238851254       -1.57465147956566
H            3.81670655593452       -2.27777579431399        0.06639997900631
H            2.79368359765341       -1.41288534088658        2.24899271495056
H            4.03434984845887       -0.68755376010140        4.23487003225837
H            5.33212738818262        1.41402564139717        4.19010796961429
H            5.35228511548888        2.80101007832346        2.14784084031124
H            4.10271668588431        2.08844314745140        0.15622839303016
H            1.96835169318590        1.94638428221740       -2.07967459944798
H            3.32291497249849        3.17103729268150       -3.77080917406787
H            5.56892830904700        2.33359554422650       -4.37590976282899
H            6.47723742877630        0.33104380955060       -3.26552115901308
H            5.16921662104405       -0.83273390692452       -1.53916494040353
H           -1.13443889210489       -3.54078380900533       -1.45407879612094
H           -0.31929592392348       -4.30757166248316       -0.07598711640165
H           -2.58518080513508       -3.21986739162482        0.47668226598197
H           -1.23370342203179       -2.55891096635848        1.44115153295886
H           -3.17860295592116       -1.56471900140842        2.40228673816180
H           -4.74345785732326       -0.21053924324659        3.72062119361462
H           -5.48777690399271        1.98904365674088        2.89909898665903
H           -4.65050101665410        2.85183556693600        0.74073278988575
H           -3.05833708230133        1.48875036753681       -0.59218016565010
H           -1.68752755952761       -0.70834323273736       -3.17766731263975
H           -3.20404659901555       -1.33640824198502       -5.03345744987959
H           -5.38852158939657       -2.37958328567732       -4.53585800001776
H           -6.07128599693396       -2.74916158355838       -2.19587752982654
H           -4.57271683544389       -2.09839467427321       -0.35289300766017
C           -0.06088829198691        1.48483802565835       -0.17786039216662
O           -0.26430405707527        2.59693101369283        0.12000804548532
C            0.17389847806167       -0.26111335441760        1.30496953917396
O            0.10675939296150       -0.11748096022298        2.45854101799712
O            0.78841184076815       -3.29532361802958       -3.47624600075678
C            0.13712957823692       -2.88991963174537       -4.41756141307268
C            0.40211678705582       -1.68138993703950       -5.18348201841693
C            1.44275165915382       -0.81980242801206       -4.82412583950698
C            1.67061914667906        0.32993186709750       -5.55358710663285
C            0.86631694778220        0.63261487686849       -6.64230430023096
C           -0.16641719225383       -0.21891728647982       -7.01027753860433
C           -0.39882708772067       -1.37087271791114       -6.28658447131798
H            0.74265852810128       -2.54149055374071       -1.73707597843824
H            0.21136349606938       -0.10042739831156       -1.96339660926979
H           -0.74261682444202       -3.46618241006476       -4.76661447917403
H            2.05393364288076       -1.05606354776829       -3.96521081842300
H            2.47269930848904        0.99359343190117       -5.26910802751708
H            1.04311386986314        1.53651084236613       -7.20690480089044
H           -0.78761081466196        0.02102900797707       -7.86071357317961
H           -1.19609748801715       -2.04449491912087       -6.56842175514300
80
 energy: -120.638647304575 gnorm: 0.004609712574 xtb: 6.7.1 (edcfbbe)
Mn           0.22005921719325       -0.23555039437523       -0.44882096099912
N            0.53011789187201       -2.47745684883435       -0.74460901842150
C            1.74277306176991       -2.92694803373902       -0.05944061219713
C            2.91951622789913       -2.07290702883145       -0.52258759628122
P            2.44087930416362       -0.27410865422839       -0.41993254440141
C            3.38361820430671        0.27346709387681        1.05208736391573
C            3.38265114848518       -0.50051117238170        2.21092187428649
C            4.06868334640251       -0.08098748919942        3.33527197682444
C            4.76088408875243        1.12125090305172        3.31984105673889
C            4.74988106016957        1.90772541541596        2.17905714224458
C            4.05894879523160        1.49320852275489        1.05377934453813
C            3.48740539102682        0.48408260417726       -1.71151087547832
C            2.98008276062839        1.61417669188904       -2.34636358085500
C            3.73712987453673        2.28131302131991       -3.29329413518796
C            4.99904006269513        1.81146415544218       -3.62388190206065
C            5.50671826989038        0.68514859207140       -2.99491513150832
C            4.76221044619431        0.02692570246508       -2.03144324479810
C           -0.63733931465707       -3.34640838373321       -0.50715381465010
C           -1.64398418510224       -2.66646519128377        0.42008868034159
P           -1.85979124163684       -0.97180317319814       -0.29600812898148
C           -3.02838845768087       -0.12817265382605        0.81055369268738
C           -3.49104264918244       -0.60999765350759        2.02846572017049
C           -4.37269025243960        0.15224723556180        2.77782249477124
C           -4.79344330097019        1.38940483396424        2.32035053529661
C           -4.32769858044574        1.87797332582282        1.10852118588885
C           -3.44721613988244        1.12357505770039        0.35892629702931
C           -3.02153786275755       -1.38312716640904       -1.65916722724425
C           -2.65240737379597       -1.16306248500622       -2.97939449212874
C           -3.51004895303808       -1.51038165899788       -4.00998676815099
C           -4.73946163474529       -2.08067698107149       -3.72599111615766
C           -5.11942298122687       -2.28870580301298       -2.40821663522482
C           -4.26837679610379       -1.93763285773156       -1.37743776532330
H            1.94640625951007       -3.98490147278004       -0.29023762145937
H            1.59290550028631       -2.83704237268831        1.02349951165388
H            3.11674225409917       -2.28529314982026       -1.57988973644808
H            3.81916137551283       -2.28065742780283        0.06235197235051
H            2.83848455910942       -1.43851920786455        2.23952780489131
H            4.06227651641292       -0.69270821046498        4.22787835915135
H            5.30100342357284        1.44629176569558        4.19747807723910
H            5.28068894590053        2.84980899004751        2.16539337241234
H            4.04586061722206        2.11706127218494        0.17041103901261
H            1.98101326628621        1.94630464406050       -2.08427954584973
H            3.34309141045544        3.16613356628842       -3.77327171051073
H            5.58930092740821        2.32400195342281       -4.37000851875937
H            6.49205898748725        0.32299317956646       -3.25145121777988
H            5.17678514982719       -0.83570291191755       -1.52758211403533
H           -1.13021637391333       -3.54000130194402       -1.46742592142363
H           -0.31674375387069       -4.31003882827367       -0.09021928716968
H           -2.58450138873676       -3.22290701123579        0.46002070330828
H           -1.23448056450865       -2.56821223147833        1.43090495135533
H           -3.16763548191168       -1.57190060613898        2.40105857907522
H           -4.73209618774819       -0.22359123202383        3.72578748434872
H           -5.48103406314594        1.97725778919342        2.91134139840107
H           -4.64861050552514        2.84717685522692        0.75432622016739
H           -3.05685169489542        1.48954887228574       -0.58542291083421
H           -1.69137185859598       -0.70859861001962       -3.18489974224814
H           -3.21862233501797       -1.32873847503006       -5.03474178277935
H           -5.40862704934474       -2.35684180913669       -4.52833593185470
H           -6.08430955038421       -2.72256445185960       -2.18591276911695
H           -4.57356600601725       -2.08196898846515       -0.34900150351736
C           -0.05916084099845        1.48304393695016       -0.18145553529547
O           -0.26434605148994        2.59604270476370        0.11094817795038
C            0.18249460998051       -0.27908023853655        1.29945588932637
O            0.13099784356508       -0.14922057949521        2.45568175318653
O            0.77908592844713       -3.30831844527727       -3.48331897408961
C            0.12960243057520       -2.89964485428057       -4.42433074452019
C            0.39800573160216       -1.68946896520476       -5.18683884046002
C            1.43466843716087       -0.82664474035721       -4.81950897709357
C            1.66474474781509        0.32519581967381       -5.54492694770255
C            0.86696369012655        0.62801824705593       -6.63857573476223
C           -0.16060667381361       -0.22564997951742       -7.01546978783541
C           -0.39643319400723       -1.37892825961822       -6.29468703760632
H            0.74647438757892       -2.54127603545310       -1.74645040248350
H            0.20910805187497       -0.09851090349795       -1.96847525374954
H           -0.75717870840260       -3.46805875010295       -4.76925388682261
H            2.04139132352503       -1.06342250140515       -3.95744116945697
H            2.46319297795225        0.99008670986180       -5.25335881938226
H            1.04500344042105        1.53363887705492       -7.20006202430840
H           -0.77574699070969        0.01412738393556       -7.87045970117709
H           -1.19070228799425       -2.05333531089778       -6.58259679971095
80
 energy: -120.638792338258 gnorm: 0.004821033169 xtb: 6.7.1 (edcfbbe)
Mn           0.22423825786387       -0.23831858275606       -0.45351718084075
N            0.53449551316184       -2.47883971098506       -0.75499299048884
C            1.74596770480647       -2.92985178865246       -0.06846184612736
C            2.92347970577113       -2.07488831121328       -0.52812814034875
P            2.44435788422258       -0.27666776292696       -0.42326251003126
C            3.37758279959768        0.27460006693734        1.05309220566113
C            3.40276695144816       -0.50890665862185        2.20516135050454
C            4.07860722573022       -0.07784910102615        3.33145737541491
C            4.73483790263297        1.14494067091643        3.32449607965845
C            4.69716179039216        1.94122612026609        2.19052850375585
C            4.01623218848576        1.51490646458778        1.06374069284917
C            3.49691527670220        0.48258499497169       -1.70941219720743
C            2.99317033292235        1.61161535800792       -2.34872554544450
C            3.75554654120639        2.27622617535330       -3.29342210014620
C            5.01858726205214        1.80481602368476       -3.61712631539791
C            5.52277118139708        0.67977430804065       -2.98331141175120
C            4.77314652953655        0.02435488896891       -2.02201546220910
C           -0.63403467598371       -3.34749436493624       -0.52125414924939
C           -1.64080088744703       -2.67104261229379        0.40798590875490
P           -1.85606468572046       -0.97202920259263       -0.29982599372836
C           -3.02133672484651       -0.13152009855531        0.81381814460013
C           -3.48054869171976       -0.61734907519754        2.03150660581569
C           -4.36184155005330        0.14134616590225        2.78485515401018
C           -4.78545686009082        1.37915624951578        2.33175727972725
C           -4.32261111215750        1.87206529445771        1.12054365300918
C           -3.44267030451946        1.12101792121666        0.36690782125510
C           -3.02384938063963       -1.37593631217777       -1.66074635959481
C           -2.65758640290883       -1.15844570176395       -2.98226053506592
C           -3.52165639758080       -1.49907927738504       -4.00977503217836
C           -4.75475829070691       -2.05939380933311       -3.72143526306723
C           -5.13132416487381       -2.26557109985380       -2.40244607072538
C           -4.27343779240605       -1.92183410227674       -1.37474627197148
H            1.94986688287762       -3.98736462827477       -0.30073736913535
H            1.59497689593907       -2.84130149253414        1.01447818645751
H            3.12286267994793       -2.28499388166373       -1.58549174773248
H            3.82239687543400       -2.28351972189254        0.05763607303656
H            2.88658323367587       -1.46293940385592        2.22878222630542
H            4.09219008022282       -0.69704421801038        4.21899631176231
H            5.26638617522996        1.47875360319805        4.20415197210599
H            5.19950901889078        2.89964691494500        2.18394364073746
H            3.97982944350561        2.14611783331078        0.18554931549298
H            1.99314420983063        1.94539449919755       -2.09231039239638
H            3.36467558461504        3.16046182066988       -3.77711792000558
H            5.61233771517785        2.31532811569031       -4.36185758282625
H            6.50902516259838        0.31593841040029       -3.23402354422893
H            5.18404532860006       -0.83779249803761       -1.51450257348851
H           -1.12612037717325       -3.53668884408340       -1.48284326085394
H           -0.31434736438602       -4.31328851776281       -0.10837219731160
H           -2.58201321359920       -3.22656926116674        0.44368669208442
H           -1.23278699427987       -2.57809399848320        1.41981707718919
H           -3.15530912799886       -1.58010568452976        2.40034029199187
H           -4.71892691712341       -0.23781966629191        3.73237287029828
H           -5.47306715818850        1.96419150595484        2.92561559282409
H           -4.64600420093407        2.84185378013705        0.77023246782665
H           -3.05488266320210        1.49021880851550       -0.57724588417416
H           -1.69399737015171       -0.71103803879208       -3.19161200781281
H           -3.23234720187022       -1.32018989031178       -5.03564775060688
H           -5.42933892089556       -2.32984091570621       -4.52128486056831
H           -6.09856700543813       -2.69226047033057       -2.17656082740626
H           -4.57546610338519       -2.06502793142874       -0.34518038190115
C           -0.05491965150185        1.48041423768209       -0.18650895294208
O           -0.25636064551712        2.59515688137944        0.10105067853778
C            0.19629490377610       -0.29435290784276        1.29422406318065
O            0.14808863531526       -0.18098046394086        2.45168797127516
O            0.76848495851179       -3.32196645606554       -3.49105592176915
C            0.11933128330566       -2.90898488379902       -4.43033889251484
C            0.39112779621793       -1.69703591055460       -5.18943232644108
C            1.42443783482735       -0.83377787137315       -4.81371466512603
C            1.65859061208969        0.31946812468962       -5.53544554471115
C            0.86864287845471        0.62224599308050       -6.63495431956915
C           -0.15513989941672       -0.23215580532238       -7.02035384739716
C           -0.39608871071644       -1.38619668214237       -6.30234891947625
H            0.75244738102787       -2.54207971723528       -1.75643519634573
H            0.21083551206971       -0.09775040646771       -1.97256276371100
H           -0.76748184479678       -3.47511029935508       -4.77827818415967
H            2.02521482603720       -1.07098576530224       -3.94745881492219
H            2.45383474313607        0.98487407744411       -5.23635821696172
H            1.05003927613681        1.52820816348737       -7.19471597678904
H           -0.76353561115470        0.00794521416088       -7.88019083206508
H           -1.18796541176175       -2.06053065083863       -6.59690299692510
80
 energy: -120.638970832728 gnorm: 0.003257985555 xtb: 6.7.1 (edcfbbe)
Mn           0.22700221058628       -0.24142555326448       -0.46110467716644
N            0.53979431634188       -2.47996269974162       -0.76535255208295
C            1.74922521541574       -2.93226777462383       -0.07587046830463
C            2.92785738616400       -2.07768076373337       -0.53364796443641
P            2.44641428932694       -0.28029964315422       -0.42821098400712
C            3.36865457482618        0.27538218222701        1.05275872366741
C            3.42156077889354       -0.51574284483627        2.19759117920371
C            4.08641436194746       -0.07312481764955        3.32607575418763
C            4.70461063011799        1.16785732111350        3.32778126335042
C            4.63740951936515        1.97267340460198        2.20124754684559
C            3.96722462932998        1.53477519287187        1.07312097883073
C            3.50550075215678        0.48067997852352       -1.70810954324880
C            3.00533193721311        1.60756996009501       -2.35344093217695
C            3.77441705893477        2.27034515131229       -3.29433627599423
C            5.03988245750248        1.79928286176072       -3.60822759153751
C            5.54044329335876        0.67605076379647       -2.96870374552465
C            4.78431863895918        0.02284483735300       -2.01116712370468
C           -0.63010753435211       -3.34807976457712       -0.53705106403137
C           -1.63595484234873       -2.67685198850308        0.39655616633655
P           -1.85249013171435       -0.97358561193887       -0.30258438862427
C           -3.01390620617299       -0.13637487241556        0.81859665102676
C           -3.46900463314515       -0.62643050888461        2.03600970021940
C           -4.34914449097527        0.12879268747100        2.79406605462628
C           -4.77558438230913        1.36745093392634        2.34589653445013
C           -4.31598651264809        1.86488198824666        1.13517387122888
C           -3.43708766640468        1.11726418841548        0.37703385521890
C           -3.02604125781831       -1.36951505083640       -1.66142048788548
C           -2.66111631573599       -1.15476040584390       -2.98390387923820
C           -3.53107592718764       -1.48666877582002       -4.00914813658616
C           -4.76896879849243       -2.03480843128095       -3.71777655884708
C           -5.14325820068188       -2.23966290120862       -2.39798098375611
C           -4.27912713459573       -1.90527453806362       -1.37235272339486
H            1.95295894327229       -3.98982829850536       -0.30784798674002
H            1.59687129021091       -2.84339149351432        1.00666535447569
H            3.12875444454932       -2.28720567425631       -1.59094163231242
H            3.82658056516177       -2.28649230662269        0.05261382873238
H            2.93500448743768       -1.48305679425319        2.21653211283530
H            4.12152438230801       -0.69849034550175        4.20802087215732
H            5.22792909385591        1.50979604952315        4.20912393725596
H            5.10917431335208        2.94656612083458        2.20220615675985
H            3.90531129361713        2.17214327382079        0.20029525328991
H            2.00315892858431        1.94201133130516       -2.10559301332320
H            3.38664482211611        3.15338043154726       -3.78287898426158
H            5.63815381069071        2.30880453265295       -4.34997272762637
H            6.52847401575106        0.31154022830987       -3.21158488702660
H            5.19094302835284       -0.83820710795403       -1.49903662848463
H           -1.12237401984506       -3.52927565945435       -1.50010512678273
H           -0.31205099783060       -4.31756741327891       -0.13155106720252
H           -2.57730289709487       -3.23221068083386        0.42956278041686
H           -1.22757623027659       -2.58898134659439        1.40854489180835
H           -3.14181624148153       -1.59016951513538        2.40071799618104
H           -4.70337748231273       -0.25360139956194        3.74126227058262
H           -5.46291323333181        1.94956792678784        2.94293799260504
H           -4.64167480494972        2.83545987299866        0.78935692551244
H           -3.05208305246373        1.49005575029570       -0.56685230061311
H           -1.69402557874219       -0.71644306089025       -3.19633542646808
H           -3.24298046727537       -1.31010497723797       -5.03577954385709
H           -5.44871663719638       -2.29731528442745       -4.51592753307680
H           -6.11350734877377       -2.65771810840255       -2.16945053814376
H           -4.57904780303803       -2.04831168653503       -0.34199771813435
C           -0.04675322421069        1.47824723343871       -0.19389804609042
O           -0.23605767028186        2.59531230540789        0.09257145932465
C            0.20804544157370       -0.30703184931878        1.28584816197672
O            0.16239437315773       -0.20810500638185        2.44413047922788
O            0.75588945676639       -3.33539140595193       -3.49880324818228
C            0.11015781809335       -2.92109195004160       -4.43977304306442
C            0.38119403506462       -1.70397742168206       -5.19150626836478
C            1.41113399650504       -0.84054138672518       -4.80626040792802
C            1.65201747630028        0.31283658922948       -5.52530839151645
C            0.87150737328555        0.61536776611026       -6.63169486066914
C           -0.15062579113298       -0.23780288978855       -7.02464987279559
C           -0.39848829582676       -1.39196538380528       -6.30927933497527
H            0.76111775818559       -2.54347725128820       -1.76596650598377
H            0.21840249565388       -0.09530627109288       -1.97877886384373
H           -0.77494085643466       -3.48640565858838       -4.79256541676954
H            2.00482739993683       -1.07860803925593       -3.93527445516155
H            2.44520717430968        0.97744904432756       -5.21898797200152
H            1.05907307225946        1.51987816198461       -7.19160090481216
H           -0.75196815680409        0.00342705852907       -7.88916263071945
H           -1.18895785667229       -2.06505828473373       -6.61083717657848
80
 energy: -120.639142508713 gnorm: 0.003575822299 xtb: 6.7.1 (edcfbbe)
Mn           0.23187325851903       -0.24487334961138       -0.46968951739546
N            0.54517927902809       -2.48120904043196       -0.77805934915708
C            1.75137160418312       -2.93428513541283       -0.08314306326470
C            2.93220030544531       -2.08167907556034       -0.53927860379823
P            2.44898275850768       -0.28513474428033       -0.43468631465088
C            3.35745390941827        0.27604916480660        1.05177251643061
C            3.44181273987664       -0.52383865495107        2.18808146029712
C            4.09433802605020       -0.06792457033130        3.31907795636853
C            4.66665101895186        1.19483798724448        3.33142502580490
C            4.56563326121569        2.00823272547108        2.21326022988617
C            3.90820625560875        1.55716907409687        1.08343484936350
C            3.51535338484462        0.47785023894704       -1.70745468470760
C            3.01860640870492        1.60146787614774       -2.36065178140034
C            3.79543464384129        2.26320847174031       -3.29612909187187
C            5.06482154199989        1.79438156006366       -3.59692541216039
C            5.56183828880236        0.67382399882943       -2.95001710542987
C            4.79804565388092        0.02206220101131       -1.99778396011644
C           -0.62652149857602       -3.34795503184388       -0.55573196869065
C           -1.62978437115765       -2.68192876139570        0.38426842155157
P           -1.84731933050781       -0.97494818323200       -0.30634020750483
C           -3.00375412541392       -0.14270727266264        0.82407876255193
C           -3.45421236958392       -0.63813999877748        2.04098286120147
C           -4.33255916911716        0.11312326015808        2.80513279926092
C           -4.76207569152471        1.35301433077386        2.36327209649819
C           -4.30656813280514        1.85587080265971        1.15309121296916
C           -3.42912680614393        1.11244204801352        0.38923945209291
C           -3.02805188821805       -1.36296719078895       -1.66130591997683
C           -2.66366030262998       -1.15108849938961       -2.98445544775338
C           -3.53948929963600       -1.47215184091207       -4.00801011401795
C           -4.78314841894927       -2.00599229896259       -3.71441530366568
C           -5.15604117444541       -2.20950356610473       -2.39402462450769
C           -4.28565262283088       -1.88668002007698       -1.36987551830281
H            1.95416114490538       -3.99257460263342       -0.31263562612117
H            1.59617237150407       -2.84312698104571        0.99862339378319
H            3.13459196388420       -2.29167129007165       -1.59634547898539
H            3.83060307027122       -2.29074748677842        0.04755339200345
H            2.99232869414498       -1.50850512443765        2.19979863259215
H            4.15505467402817       -0.70019858779608        4.19448832456168
H            5.18155905156717        1.54601616201416        4.21404044964565
H            5.00226957671755        2.99851684928880        2.22247858448991
H            3.81903242576449        2.19919772719065        0.21613378188807
H            2.01292146678069        1.93452856614852       -2.12440187528441
H            3.41041214002217        3.14402397499207       -3.79102493910435
H            5.66873783178451        2.30348931766332       -4.33435909465158
H            6.55267911836663        0.31022465470756       -3.18288372889670
H            5.20094910727228       -0.83665276245741       -1.47927717011601
H           -1.12020585754553       -3.51866310017865       -1.51997547106926
H           -0.31072786726972       -4.32210401829502       -0.15969080157185
H           -2.57109158169796       -3.23744860968321        0.41616623181969
H           -1.21901625840021       -2.59998473508635        1.39576152155821
H           -3.12506565709254       -1.60318569859274        2.40067933522473
H           -4.68326977087629       -0.27318124701797        3.75200728865085
H           -5.44864574929422        1.93168940154516        2.96446602084497
H           -4.63460559909305        2.82747160183967        0.81251086683475
H           -3.04762128981390        1.48967566446346       -0.55431350274612
H           -1.69240700888271       -0.72317213640823       -3.19899487269600
H           -3.25197168161159       -1.29754697228486       -5.03516366234792
H           -5.46814984726780       -2.25826216353986       -4.51138951416555
H           -6.13020408789889       -2.61711818635442       -2.16353565118456
H           -4.58428010384390       -2.02975109950603       -0.33901732365511
C           -0.03270548620083        1.47649887510867       -0.20202249590335
O           -0.21018418723220        2.59550755910813        0.08536110533872
C            0.22311085449966       -0.31727517622459        1.27655168443964
O            0.17451247364625       -0.23318522247219        2.43559222735054
O            0.73997824238448       -3.35062336395938       -3.50770000259200
C            0.09781570647166       -2.93389275211687       -4.45010866822694
C            0.36913686201922       -1.71184727084028       -5.19403645559046
C            1.39639897133202       -0.84931443721649       -4.79894657202911
C            1.64506124977165        0.30419784828466       -5.51506105784135
C            0.87505275850437        0.60742257880922       -6.62849794660796
C           -0.14667335412447       -0.24306147500478       -7.02904989729085
C           -0.40240831238346       -1.39720657559948       -6.31654817291603
H            0.77100866007661       -2.54609498837423       -1.77757821828253
H            0.21167787845383       -0.09799552453578       -1.98647544859600
H           -0.77918037259715       -3.50366083205932       -4.81510804788723
H            1.98198878064216       -1.08855169423423       -3.92282234991813
H            2.43654337646101        0.96747040993315       -5.20127203846698
H            1.07036460254266        1.51025981603673       -7.18849938578646
H           -0.74076477211897       -0.00002417012658       -7.89799559838271
H           -1.19236068567941       -2.06804499661018       -6.62491526973606
80
 energy: -120.639324333159 gnorm: 0.003412337713 xtb: 6.7.1 (edcfbbe)
Mn           0.23495765737595       -0.24935274821275       -0.47927653514560
N            0.54976894473802       -2.48308224220242       -0.79186963196069
C            1.75172059384932       -2.93578183111615       -0.08911626801697
C            2.93528201270054       -2.08657725979644       -0.54482655621803
P            2.45007788437742       -0.29089111661550       -0.44420388031543
C            3.34307527239830        0.27636819751170        1.04850031101015
C            3.46014287018164       -0.53087444228042        2.17615442699326
C            4.09942910009636       -0.06133201759327        3.30974093489965
C            4.62328288307423        1.22157263135721        3.33315474543805
C            4.48719774531175        2.04143539188755        2.22359122591845
C            3.84386279102505        1.57694339326995        1.09158679867195
C            3.52582113568547        0.47392384356090       -1.70813048671085
C            3.03135217512162        1.59242539909133       -2.37139570030127
C            3.81645834031863        2.25470569059458       -3.29959835658292
C            5.09171070683275        1.79118161957511       -3.58355412767423
C            5.58608231741868        0.67464876054795       -2.92748433248640
C            4.81402127969737        0.02291970522107       -1.98213420257695
C           -0.62389957304109       -3.34781641839563       -0.57557667371425
C           -1.62260440489607       -2.68737817987266        0.37342618688677
P           -1.84319398669275       -0.97783794631148       -0.30863006894644
C           -2.99285766689579       -0.15056182522542        0.83138318984499
C           -3.43809955109708       -0.65194378376005        2.04755552281843
C           -4.31355104922016        0.09547367928753        2.81880030774152
C           -4.74561099615547        1.33708613063528        2.38427269627327
C           -4.29474572599092        1.84586860665534        1.17469842947495
C           -3.41967902436041        1.10666805274387        0.40420468324798
C           -3.02983148305100       -1.35704556731945       -1.66024485103399
C           -2.66450759615747       -1.14766294110282       -2.98357889890824
C           -3.54502242718096       -1.45637656354975       -4.00668910243461
C           -4.79495189856805       -1.97489492622959       -3.71247252259596
C           -5.16795046089372       -2.17758464501848       -2.39195619259700
C           -4.29248115281964       -1.86793576513232       -1.36807529459985
H            1.95303375206770       -3.99567409784212       -0.31286817533555
H            1.59224672635606       -2.83916429566885        0.99146051072484
H            3.13916422691042       -2.29881956945358       -1.60132358704109
H            3.83329148983054       -2.29563274577922        0.04266514418783
H            3.05082826033270       -1.53251057038944        2.17969931214282
H            4.18730300110585       -0.69916400653176        4.17849016214686
H            5.12853153958292        1.58319815014278        4.21727533659869
H            4.88521455420482        3.04790877885678        2.24190257077380
H            3.72649432090447        2.22213913954566        0.23005715740952
H            2.02073678574285        1.92121253683867       -2.14930316471199
H            3.43332671169263        3.13214499660010       -3.80207125030637
H            5.70220471459283        2.30103431418452       -4.31502868109759
H            6.58109962895411        0.31457239511068       -3.14803797115547
H            5.21421824107465       -0.83223433831453       -1.45589676755832
H           -1.12071160952051       -3.50539103315908       -1.54046205671228
H           -0.31077741993156       -4.32759711538745       -0.19146283880529
H           -2.56375575929809       -3.24312672643839        0.40677566158679
H           -1.20675913368158       -2.61102507579796        1.38332239677171
H           -3.10731582305042       -1.61863667607530        2.40144686897137
H           -4.66019005478846       -0.29516441107979        3.76535470892279
H           -5.43047174741275        1.91233895446972        2.99053019232746
H           -4.62454910980337        2.81878505125898        0.83972506260961
H           -3.04169350913036        1.48872623523578       -0.53886356240477
H           -1.68887075106665       -0.73041439955990       -3.19849781093182
H           -3.25670645069423       -1.28318711038364       -5.03387153751010
H           -5.48428924812687       -2.21552094164098       -4.50921434394715
H           -6.14658506903124       -2.57389457793566       -2.16091159213494
H           -4.59123931609637       -2.01141940733684       -0.33723330875782
C           -0.01641728636910        1.47420694974879       -0.20965474252585
O           -0.17728776370312        2.59470378607404        0.08286582395838
C            0.22871270579238       -0.32498405976624        1.26627632395148
O            0.18874120308488       -0.24632886569069        2.42596083130509
O            0.72128176260732       -3.36600677853927       -3.51710013548278
C            0.08684663370983       -2.94923929511586       -4.46479390780631
C            0.35652319644559       -1.72033777190175       -5.19780159148900
C            1.38158778964829       -0.85937498332711       -4.79297528634756
C            1.63843360120209        0.29414796798749       -5.50619460798215
C            0.87848358850048        0.59950779717811       -6.62560892975673
C           -0.14449908715782       -0.24671110034356       -7.03283053423646
C           -0.40785979694166       -1.40107786397424       -6.32370730677743
H            0.78099502998868       -2.55051222755080       -1.79010801443977
H            0.21895017773540       -0.09739398875741       -1.99471630677313
H           -0.78183225817118       -3.52376021268433       -4.84284155559397
H            1.95982306844745       -1.10074397862146       -3.91274874132091
H            2.42933957061435        0.95510303259317       -5.18601387657215
H            1.08239027513102        1.50067855676465       -7.18537720510329
H           -0.73241900183684       -0.00087364041313       -7.90496410938620
H           -1.19840841339877       -2.06873342850301       -6.63787418250012
80
 energy: -120.639484858592 gnorm: 0.003051784322 xtb: 6.7.1 (edcfbbe)
Mn           0.23913705150534       -0.25159725247953       -0.49197457316946
N            0.55209148155786       -2.48490168290309       -0.80513350128608
C            1.74961963610170       -2.93691286306153       -0.09406272861901
C            2.93671560830868       -2.09303616856439       -0.55056535772658
P            2.45200782327118       -0.29789779284297       -0.45286231956365
C            3.33139750789394        0.27500971185544        1.04449778315941
C            3.47730891553836       -0.53651147764128        2.16478411323618
C            4.10242240369273       -0.05367545036921        3.30090258157409
C            4.58095645926256        1.24551397501558        3.33415533692267
C            4.41326932417350        2.06910089430589        2.23230899083200
C            3.78510295673210        1.59134116534331        1.09734669986839
C            3.53568285904660        0.46841078529823       -1.70924771564573
C            3.04177981894397        1.58069858195345       -2.38338185790560
C            3.83404311167812        2.24532297836893       -3.30370814711423
C            5.11619853051025        1.78987756820796       -3.56946774399071
C            5.60970430822729        0.67877646454247       -2.90324183923978
C            4.83023075037867        0.02501180377993       -1.96551179580418
C           -0.62339965927898       -3.34731600558480       -0.59325020471005
C           -1.61629849581998       -2.69116389961063        0.36491881339579
P           -1.83845817697788       -0.98013625532675       -0.31010486989876
C           -2.98139680620930       -0.15832705250416        0.83889851784967
C           -3.42183798482350       -0.66596557994113        2.05414283953654
C           -4.29372822130080        0.07786431843695        2.83294913029088
C           -4.72745440435195        1.32166358220752        2.40646478350751
C           -4.28139013425662        1.83657304389623        1.19768836842266
C           -3.40940494317590        1.10136395268269        0.41997992007285
C           -3.03044427893250       -1.35153725775360       -1.65830006035715
C           -2.66346875524147       -1.14358093235086       -2.98144913575565
C           -3.54678802569991       -1.44097003297047       -4.00527111061904
C           -4.80211980023998       -1.94622588761437       -3.71182327919789
C           -5.17651841423436       -2.14857980909904       -2.39158582987386
C           -4.29777999040897       -1.85125550931065       -1.36693544683564
H            1.94864894769764       -3.99909826808037       -0.30960287970492
H            1.58565306957434       -2.83210619285382        0.98519310036336
H            3.14146255495784       -2.30792862268761       -1.60648392748901
H            3.83407392903086       -2.30274754413102        0.03740899857355
H            3.10190281072596       -1.54941378777626        2.16138424820518
H            4.21446237538917       -0.69427566100142        4.16418253320279
H            5.07587537577009        1.61768423252329        4.21988577672251
H            4.77627718921297        3.08740658216027        2.25829152758572
H            3.64192332983901        2.23793070226191        0.24094696533217
H            2.02588666427547        1.90262597884997       -2.17543594268019
H            3.45140795207426        3.11843933452217       -3.81406958067733
H            5.73303037722893        2.30155641870947       -4.29431651697758
H            6.60999746055774        0.32524174402240       -3.11052295156198
H            5.22987836403651       -0.82539860995348       -1.43105898527353
H           -1.12440922022896       -3.49226059825920       -1.55788946840597
H           -0.31316295537766       -4.33245197246158       -0.22071723498286
H           -2.55766781000347       -3.24663041481114        0.40183699092944
H           -1.19380179051471       -2.61951995692836        1.37251937982318
H           -3.09017432362984       -1.63461081137692        2.40182399999104
H           -4.63638168440966       -0.31753154028846        3.77900632170123
H           -5.40981232663697        1.89373918003933        3.01843909033625
H           -4.61225958736596        2.81105073433875        0.86833806298200
H           -3.03482430833786        1.48819234571005       -0.52253412200022
H           -1.68400181952108       -0.73514547279842       -3.19501514696207
H           -3.25651763971707       -1.26859264083408       -5.03205421014247
H           -5.49424804337461       -2.17626717400506       -4.50907988687133
H           -6.15936573646780       -2.53477567888385       -2.16142702450362
H           -4.59778942530994       -1.99527679463589       -0.33654551517155
C           -0.00171975491985        1.47277790613019       -0.21575753708521
O           -0.15099936338609        2.59220590228033        0.08648355149785
C            0.23530981047076       -0.32665186177229        1.25379086418320
O            0.19865519919181       -0.24867407872188        2.41362806687328
O            0.70269695016273       -3.38044450336813       -3.52678269252162
C            0.07645149438265       -2.96285293772927       -4.47965252744303
C            0.34681569435109       -1.72924257006328       -5.20359011247370
C            1.37155213609809       -0.87116635303679       -4.79185622150454
C            1.63399828581065        0.28337745533517       -5.50138962789141
C            0.88033059041656        0.59324275910807       -6.62331995863882
C           -0.14470882917673       -0.24825141486717       -7.03569941326126
C           -0.41314919052135       -1.40375205614446       -6.33064872624368
H            0.78782613721523       -2.55621857402113       -1.80224848743458
H            0.21047596597287       -0.09860960364879       -2.00675164422726
H           -0.78160653610552       -3.54384392768948       -4.87309225882155
H            1.94548093293484       -1.11568475490620       -3.90998393185089
H            2.42534479218396        0.94164497406058       -5.17681350844161
H            1.09075633800556        1.49420983366249       -7.18100591054246
H           -0.72926859919972        0.00132426218350       -7.90875291101234
H           -1.20506557900261       -2.06811965329543       -6.64851481857130
80
 energy: -120.639577886142 gnorm: 0.007240492873 xtb: 6.7.1 (edcfbbe)
Mn           0.24404726429257       -0.25585737507076       -0.50438023810240
N            0.55420730186377       -2.48853028157562       -0.82382692136638
C            1.74702741811236       -2.93949329712122       -0.10382373960905
C            2.93827305426633       -2.10103986388171       -0.55969815367113
P            2.45495219796282       -0.30648020209878       -0.46453231424317
C            3.31707804399658        0.27336394018732        1.03965502460269
C            3.50375370579154       -0.54664273804535        2.15023629578074
C            4.11003236419002       -0.04542884808868        3.28944771058487
C            4.52575696822803        1.27971530132981        3.33633695064087
C            4.31565227916820        2.11026609535101        2.24465882840097
C            3.70734172733855        1.61411983923542        1.10595437214286
C            3.55090240288704        0.46128350541711       -1.70973600306563
C            3.05778880176031        1.56577606663526       -2.39745551004667
C            3.85859609884419        2.23276396657619       -3.30858044956233
C            5.14884382916255        1.78675098692548       -3.55180586432456
C            5.64150217443778        0.68317030735981       -2.87189558048484
C            4.85310076058456        0.02723629109543       -1.94306053030552
C           -0.62383082607100       -3.34769253041984       -0.61570628062761
C           -1.60977131589742       -2.69551233266956        0.35224053675738
P           -1.83296796320119       -0.98179955139719       -0.31309190724587
C           -2.96678920585040       -0.16656267071377        0.84816385811931
C           -3.40099452118023       -0.68257641022611        2.06228224846193
C           -4.26836927153661        0.05627847004883        2.85101162450714
C           -4.70411507837129        1.30307762380657        2.43533257462946
C           -4.26444859351444        1.82633587836369        1.22780039921791
C           -3.39661445599234        1.09638783653629        0.44037000379240
C           -3.03217930538464       -1.34205398719435       -1.65728014050189
C           -2.66463448876564       -1.13626853732372       -2.98062565438374
C           -3.55234618300393       -1.42128121757559       -4.00421239886611
C           -4.81373098463305       -1.91103423918476       -3.70992755135586
C           -5.18863110324464       -2.11189985957502       -2.38952769804524
C           -4.30475548650476       -1.82843326186431       -1.36523242169150
H            1.94348174407772       -4.00403171459134       -0.31036976046750
H            1.57798327093223       -2.82555668986632        0.97408401221396
H            3.14473321714869       -2.31741712817791       -1.61499611719446
H            3.83429534203544       -2.31286544055692        0.02918025719398
H            3.17756140505539       -1.58135465819374        2.13619187667208
H            4.25600982897898       -0.69219196985724        4.14533110905580
H            5.00567542093594        1.66669752503360        4.22461295536512
H            4.62873010210786        3.14828893659970        2.28185734253247
H            3.52995570710161        2.26415894805266        0.25670640041677
H            2.03560222733880        1.87875983936710       -2.20659826619959
H            3.47651626609481        3.10003242482821       -3.82938875694168
H            5.77314595465963        2.29986330895469       -4.26926780571731
H            6.64831188282859        0.33786976658334       -3.06218894764307
H            5.25210784433605       -0.81719816201048       -1.39795464163138
H           -1.12936619404240       -3.47988173321031       -1.57979597137417
H           -0.31679758574824       -4.33826483038549       -0.25491309232253
H           -2.55226647624383       -3.24922352348685        0.39213518026617
H           -1.18068620910885       -2.63039684475509        1.35771176692705
H           -3.06808897062188       -1.65377942102925        2.40157677177439
H           -4.60602208857707       -0.34590369690153        3.79615255259542
H           -5.38316031232835        1.87091123151911        3.05500906570799
H           -4.59682431658190        2.80294932518008        0.90606778719538
H           -3.02665757240388        1.48927442461625       -0.50156115617464
H           -1.68076878310475       -0.73807289964533       -3.19374414260744
H           -3.26060465477839       -1.25060005365212       -5.03089689346712
H           -5.51030462327374       -2.12939006825333       -4.50667889311913
H           -6.17627764121192       -2.48611068316424       -2.15919096752963
H           -4.60473324702777       -1.97221362312019       -0.33488478535003
C            0.01167733735133        1.46852770689703       -0.22029443138679
O           -0.13101549048878        2.58619922847858        0.09042506639556
C            0.24367640174706       -0.33282026020737        1.24164896856274
O            0.21877978552678       -0.25410197419726        2.40236056470733
O            0.67991705042858       -3.40208403578924       -3.54161693873200
C            0.06350655311674       -2.98116842615969       -4.49946452159745
C            0.33808793649331       -1.74341695020024       -5.21376102230642
C            1.36206906683502       -0.88877408574293       -4.79314241505661
C            1.62871157374469        0.26919783052914       -5.49570323772311
C            0.88076268442077        0.58618793705530       -6.61934012612577
C           -0.14419386464652       -0.25130731172644       -7.04035198049106
C           -0.41688832094005       -1.40996430330101       -6.34215369743418
H            0.79372119512632       -2.56390516115471       -1.81992854336034
H            0.21160087676605       -0.09773615164980       -2.01850749064906
H           -0.78776514480628       -3.56355194257759       -4.90578442926487
H            1.93247919720707       -1.13811277852922       -3.91039003252889
H            2.41953494400551        0.92496104208899       -5.16455648371893
H            1.09554905688017        1.48982739076558       -7.17098601983238
H           -0.72498229389249        0.00325998139683       -7.91448806517034
H           -1.20903703296017       -2.07146499986012       -6.66553695630972
80
 energy: -120.639741392441 gnorm: 0.004819142374 xtb: 6.7.1 (edcfbbe)
Mn           0.24457605250039       -0.25841322400177       -0.50877022560937
N            0.55098879830188       -2.49221133840544       -0.83241913385660
C            1.74123350638278       -2.94018825933848       -0.10642146848004
C            2.93497016700104       -2.10648710037358       -0.56440602159279
P            2.45488236504984       -0.31142964419262       -0.47275506275231
C            3.30863625512086        0.27239556858706        1.03462052241967
C            3.50656936037534       -0.54354697436924        2.14421423550548
C            4.10479088350018       -0.03711241981950        3.28394649066590
C            4.50030042463225        1.28816804763332        3.33335709613210
C            4.27906218612647        2.11335761530434        2.24341823490296
C            3.67943431348873        1.61209268760432        1.10298582786312
C            3.55764162812678        0.45581044223933       -1.71184418861984
C            3.06117479596069        1.55311688562269       -2.40862492162496
C            3.86415476902881        2.22449439533069       -3.31392169278827
C            5.16074601300058        1.78953381574869       -3.54180542915413
C            5.65681058219367        0.69325643597855       -2.85227841814140
C            4.86551121990990        0.03246060798968       -1.92939423156240
C           -0.62875756247826       -3.34812596853806       -0.62265003603137
C           -1.60777111877787       -2.69460873686968        0.35082223771382
P           -1.83178160376348       -0.98152542842722       -0.31288587208249
C           -2.95992729652891       -0.16974546114780        0.85448849801308
C           -3.39133645275999       -0.69078654635952        2.06764514847935
C           -4.25452738408103        0.04605936698860        2.86269920786745
C           -4.68886381596683        1.29571269938213        2.45450972641042
C           -4.25275757120773        1.82384468675878        1.24808921224449
C           -3.38914661995355        1.09590723985185        0.45416060265542
C           -3.03189008432355       -1.33818460641637       -1.65616755446163
C           -2.66175187025102       -1.13127967054371       -2.97857268037625
C           -3.54722182665389       -1.41261022654857       -4.00458105241677
C           -4.80976498160599       -1.89940913071424       -3.71309009347517
C           -5.18784214501593       -2.10094138011669       -2.39363456880981
C           -4.30575488722872       -1.82199506321007       -1.36711880244475
H            1.93539259080164       -4.00701750138265       -0.30318946412083
H            1.56982419575843       -2.81608500485485        0.97044830581370
H            3.14140115740246       -2.32524912310510       -1.61905759894426
H            3.83002306688946       -2.32021651946758        0.02480839558996
H            3.19812888759836       -1.58258411222475        2.12586954736626
H            4.26171110557258       -0.68086598423652        4.13867212033448
H            4.97266115173458        1.68025340507166        4.22269002983529
H            4.57350117578661        3.15234339430245        2.28382408184993
H            3.49380162629779        2.25725114674355        0.25515541186944
H            2.03445458231940        1.85544386291590       -2.22781163161601
H            3.47906478510539        3.08594287317561       -3.84183636341913
H            5.78811300900059        2.30574850449160       -4.25412327102583
H            6.66913644981689        0.35832856720730       -3.03091345592113
H            5.26731276341604       -0.80666704690781       -1.37741947571507
H           -1.13860458579462       -3.47482981696210       -1.58480093976510
H           -0.32379237781680       -4.34081815558072       -0.26687541471150
H           -2.55152495115665       -3.24602491467586        0.39692447581096
H           -1.17240120504114       -2.63047601770536        1.35376309085666
H           -3.05949338084640       -1.66414262557760        2.40131356615165
H           -4.58966665770673       -0.36044604463432        3.80695042890996
H           -5.36403099503663        1.86209830793384        3.07976090435477
H           -4.58394730748181        2.80247747071469        0.93123893441980
H           -3.02116979878533        1.49184687380218       -0.48723853510626
H           -1.67687306727776       -0.73425645357256       -3.18792499801948
H           -3.25212299091870       -1.24114427080521       -5.03014797621910
H           -5.50511042482173       -2.11452008410855       -4.51125223158585
H           -6.17683786821013       -2.47259621501351       -2.16634352577862
H           -4.60792183305140       -1.96636970752369       -0.33766129546579
C            0.01306104455268        1.46414323999740       -0.21689362929140
O           -0.13234148456010        2.57777703353996        0.10550090829607
C            0.24014679102559       -0.32251628744192        1.23798450392646
O            0.21882450980164       -0.22356400711637        2.39749248579901
O            0.67068945456983       -3.41115757049395       -3.55095568547617
C            0.06208539996741       -2.98934948329731       -4.51322895091177
C            0.34045472201691       -1.75148247700538       -5.22427013371113
C            1.36786523237558       -0.90111547264209       -4.80494008818207
C            1.63132736455119        0.26068289445303       -5.50238511150790
C            0.87691128499431        0.58665805854496       -6.61886731539902
C           -0.15026521390163       -0.24746170273602       -7.04003809572011
C           -0.41920416895927       -1.41027527793855       -6.34746651699310
H            0.79107365850204       -2.57171255210576       -1.82817535866988
H            0.21655703514687       -0.09782866839756       -2.02310312479796
H           -0.78651979386312       -3.57096841206685       -4.92458494471093
H            1.94391243335129       -1.15599729718398       -3.92759167340368
H            2.42487772851278        0.91358817604366       -5.17270710670949
H            1.08865531773915        1.49489240585378       -7.16378894473971
H           -0.73590975551773        0.01256215183349       -7.90924377648561
H           -1.21319810373408       -2.06986464465265       -6.66946998535733
80
 energy: -120.639845216845 gnorm: 0.004499131624 xtb: 6.7.1 (edcfbbe)
Mn           0.24725194403742       -0.25985936031410       -0.51964263966340
N            0.55061609717935       -2.49487722099347       -0.84331769429286
C            1.73838988625168       -2.94287760953978       -0.11330991804891
C            2.93464695698983       -2.11323900989662       -0.57222117210771
P            2.45699479978332       -0.31811754919928       -0.47936543904650
C            3.30419353761125        0.26734233022580        1.03019290483332
C            3.52515933693167       -0.54942211370922        2.13515182571939
C            4.10972028529944       -0.03149667229585        3.27709790139118
C            4.46700640405671        1.30632673979854        3.33369855349894
C            4.22088858058525        2.13281796374915        2.24877374712909
C            3.63587882126803        1.61935120430749        1.10567814927216
C            3.56643183104547        0.45000604426145       -1.71201624652171
C            3.06931959034335        1.54061241738819       -2.41899814286133
C            3.87726215765640        2.21445041855631       -3.31816999607205
C            5.18013589580332        1.78909722040607       -3.52861535885801
C            5.67708468972020        0.69994758456708       -2.82842817417532
C            4.88022565880793        0.03615917417258       -1.91225536198693
C           -0.63079271631941       -3.34890513134014       -0.63466154031096
C           -1.60541509412808       -2.69694323386238        0.34368476152399
P           -1.82892425056456       -0.98148602929297       -0.31403627617491
C           -2.95137175972100       -0.17356424629705        0.86141964554626
C           -3.37838662305134       -0.70065944212772        2.07364910059839
C           -4.23704286496862        0.03291505305799        2.87655002358945
C           -4.67116465391659        1.28560222083940        2.47738425001929
C           -4.23950982976048        1.81988235011814        1.27208464332814
C           -3.38051563648486        1.09500915417446        0.47022422944104
C           -3.03269723358610       -1.33071950650281       -1.65600517704728
C           -2.66156947614372       -1.12432027354964       -2.97833566955557
C           -3.54847840974251       -1.39986352213993       -4.00473453104877
C           -4.81382661848317       -1.87980286954194       -3.71349398740483
C           -5.19271313688249       -2.08107321750025       -2.39417952266392
C           -4.30901302292892       -1.80840956892092       -1.36726886288860
H            1.93050846514345       -4.01095446231112       -0.30469961468814
H            1.56565062254503       -2.81279008738499        0.96262659927686
H            3.14044334145408       -2.33193602469127       -1.62700740769136
H            3.82954345055543       -2.32961280294677        0.01619823185669
H            3.23339111459656       -1.58827326499279        2.11587274975413
H            4.28139576727893       -0.67273042143685        4.12978856200695
H            4.92714068250676        1.70805904094765        4.22556102031488
H            4.48324984966013        3.18188991260829        2.29547434221639
H            3.42742765564785        2.26624468939401        0.26216532359529
H            2.03809470468001        1.83514358023984       -2.25028606346551
H            3.49143709217643        3.07053887802932       -3.85438438326806
H            5.81181658487020        2.30718020271930       -4.23579911249065
H            6.69455019494322        0.37318824524547       -2.99361690434674
H            5.28223320549688       -0.79778532127986       -1.35255714860378
H           -1.14306944802783       -3.46944265132862       -1.59633466029778
H           -0.32782675233079       -4.34427667776521       -0.28441449200462
H           -2.55024731450885       -3.24643723717878        0.39182811639491
H           -1.16650314251602       -2.63566249898327        1.34524397702039
H           -3.04660274874934       -1.67632057197880        2.40061021764132
H           -4.56864044841525       -0.37866845209261        3.81986603759527
H           -5.34277254874632        1.84939484242431        3.10889629758014
H           -4.57043231108609        2.80083356773611        0.96204721148551
H           -3.01589729557625        1.49544380603347       -0.47063981375937
H           -1.67451611756377       -0.73191148492694       -3.18698129906565
H           -3.25206702976112       -1.22896201146330       -5.03001988042453
H           -5.51061106493187       -2.09036149298622       -4.51168164634202
H           -6.18374584553169       -2.44768689917360       -2.16752860012099
H           -4.61140840222115       -1.95293577900341       -0.33786370230061
C            0.01632773624304        1.46068663165563       -0.21767555372510
O           -0.12959377949847        2.57177804423250        0.11460475794534
C            0.24643521654003       -0.32118075171389        1.22760430955174
O            0.22589965876138       -0.21420080837928        2.38651949917141
O            0.65954996765900       -3.42598286745718       -3.56327687522367
C            0.05656380880157       -3.00136464792600       -4.52783095779602
C            0.33938920811587       -1.76227405826146       -5.23501838502758
C            1.36882302081756       -0.91562555713648       -4.81296507006656
C            1.63157221702190        0.25023479133164       -5.50401513284939
C            0.87415363641009        0.58431937772181       -6.61637408721948
C           -0.15339718441526       -0.24731116981492       -7.04158477513157
C           -0.42119721659360       -1.41448007162242       -6.35586281289992
H            0.79202137673472       -2.57731483792510       -1.83858085706448
H            0.21207339565198       -0.09613139657376       -2.03361005823950
H           -0.79074128885613       -3.58080708022268       -4.94429835223054
H            1.94764822454318       -1.17647708088424       -3.93896083951145
H            2.42652409989596        0.90043206158743       -5.17225182651212
H            1.08431550506525        1.49683971888787       -7.15482366791856
H           -0.74065585308899        0.01821722907151       -7.90820447776455
H           -1.21561849785802       -2.07236521778635       -6.68058666221854
80
 energy: -120.639920962947 gnorm: 0.004697186739 xtb: 6.7.1 (edcfbbe)
Mn           0.25024935718572       -0.26142705802924       -0.53152365224164
N            0.55095570375665       -2.49772781892579       -0.85413984277724
C            1.73710565456377       -2.94672194136287       -0.12201648278006
C            2.93528852801982       -2.11989371892431       -0.58145514034107
P            2.45920130833241       -0.32467395450879       -0.48571804168073
C            3.29505714666529        0.26557521843115        1.02804588512494
C            3.54035033153471       -0.55101136983902        2.12837408412456
C            4.11081228405319       -0.02096572725166        3.27235798827663
C            4.43008771731991        1.32751111252300        3.33498553767551
C            4.15859293143320        2.15394013053441        2.25449961364758
C            3.58757098074999        1.62865391840563        1.10987894685998
C            3.57513708689315        0.44475659650872       -1.71156397471949
C            3.07800366754988        1.52788505516515       -2.42994174150560
C            3.89184740938177        2.20336744500828       -3.32301214697496
C            5.20107168182748        1.78819168033569       -3.51401397071021
C            5.69829034989163        0.70704044632434       -2.80184906811075
C            4.89489412928346        0.04073057926009       -1.89302032933063
C           -0.63251489257680       -3.35001465626942       -0.64717793254001
C           -1.60384800651251       -2.70004149116271        0.33481378175935
P           -1.82612229935015       -0.98061031835623       -0.31598367662457
C           -2.94321146796812       -0.17640339187666        0.86870533820963
C           -3.36516507879756       -0.71004131715219        2.08006144208256
C           -4.21820344532305        0.01999987611312        2.89204192022427
C           -4.65163617483754        1.27626293914542        2.50327428998987
C           -4.22492279863350        1.81731521320769        1.29921712239404
C           -3.37169354029666        1.09558480596250        0.48815421293741
C           -3.03417596184520       -1.32155632648610       -1.65700190506872
C           -2.66243410853950       -1.11587526680274       -2.97944637464546
C           -3.55136618375133       -1.38636915729060       -4.00562950241926
C           -4.81932808739866       -1.86011713181725       -3.71401729850552
C           -5.19835179983094       -2.06104279700604       -2.39474574129949
C           -4.31253845946442       -1.79352551393697       -1.36789732830428
H            1.92741369989064       -4.01537087436829       -0.31040916326854
H            1.56460892453790       -2.81294855148407        0.95330455926009
H            3.14024838062630       -2.33744290137593       -1.63664976551483
H            3.83034724851637       -2.33881573250167        0.00579771501806
H            3.28191055574335       -1.60373509722250        2.10354089977018
H            4.30458787140288       -0.66446966911331        4.12085249030459
H            4.87969519439174        1.73628359279117        4.22854676816596
H            4.39203947648426        3.20844591211474        2.30544893119696
H            3.35801665114498        2.27365147250751        0.26915289569290
H            2.04253182853101        1.81546118253853       -2.27476939423039
H            3.50579218047279        3.05331918386805       -3.86895436352557
H            5.83732923471620        2.30819265723330       -4.21582531259700
H            6.72079594165565        0.38826434020522       -2.95154120410789
H            5.29568736777804       -0.78774251716317       -1.32444980996640
H           -1.14598686791054       -3.46508168130543       -1.60913234768312
H           -0.33159053214378       -4.34806260943721       -0.30168846275932
H           -2.54997194647926       -3.24712244083844        0.38307571420124
H           -1.16302698271302       -2.64189887883590        1.33559101683044
H           -3.03354687626825       -1.68827745798274        2.39944489623755
H           -4.54582821684573       -0.39701699791850        3.83436322594580
H           -5.31894943481040        1.83739328072444        3.14182905742546
H           -4.55536431160402        2.80121310317939        0.99787806452845
H           -3.01106959649239        1.50131452293477       -0.45204974962229
H           -1.67335724994004       -0.72810877993276       -3.18858131549265
H           -3.25442487481275       -1.21615857074409       -5.03085356896946
H           -5.51819131403612       -2.06663551630420       -4.51181562103539
H           -6.19114176955518       -2.42318815197796       -2.16805771448253
H           -4.61444527689981       -1.93807028207312       -0.33832062701343
C            0.01873908431282        1.45648459812690       -0.21856844302936
O           -0.12873522845080        2.56493644055676        0.12374773787690
C            0.25611011874454       -0.32068709000394        1.21585682487678
O            0.22992493932460       -0.20677665337160        2.37378580866231
O            0.65112851410194       -3.44224122050932       -3.57760536633931
C            0.05165572469380       -3.01472494105428       -4.54281628128088
C            0.33893721057778       -1.77423641538038       -5.24704031015537
C            1.37092752577356       -0.93174103884032       -4.82279234137355
C            1.63276572688189        0.23863313911136       -5.50663311449179
C            0.87057417399959        0.58159048458782       -6.61363923237448
C           -0.15737486882828       -0.24743975401534       -7.04239625417376
C           -0.42360234268321       -1.41984593650774       -6.36459229290620
H            0.79357864265447       -2.58202823234970       -1.84890116055949
H            0.20568621758888       -0.09509322518864       -2.04485695369786
H           -0.79607298020337       -3.59102924499962       -4.96268985099020
H            1.95322847829876       -1.19969809092711       -3.95276976398583
H            2.42961384656617        0.88542843233497       -5.17279955619718
H            1.07766720887250        1.49895438983925       -7.14529537695642
H           -0.74704111663410        0.02496466394406       -7.90556366024906
H           -1.21840348406071       -2.07559467195985       -6.69270808138761
80
 energy: -120.639983814514 gnorm: 0.003073247282 xtb: 6.7.1 (edcfbbe)
Mn           0.25036769592877       -0.26162584774960       -0.53354664987127
N            0.55035864006674       -2.49830437023660       -0.85604926881172
C            1.73797878782062       -2.94991349955299       -0.12808924660175
C            2.93533310974870       -2.12135405007343       -0.58675091116851
P            2.45984745586954       -0.32567795853032       -0.48598418409792
C            3.29469281427374        0.26340461320883        1.02841980074983
C            3.54470232897666       -0.54957669747746        2.12860871650961
C            4.11063751281247       -0.01667810553569        3.27319018066874
C            4.42242596622775        1.33084293905610        3.33530138476183
C            4.14809230111063        2.15316041114666        2.25330644006633
C            3.58129721873244        1.62490041032219        1.10939743753003
C            3.57659019726692        0.44471076584842       -1.70996254725303
C            3.07987965967920        1.52393833589603       -2.43345507947743
C            3.89549221149648        2.19865540310036       -3.32567146625444
C            5.20607010137891        1.78813567008225       -3.50867191129488
C            5.70319488277628        0.71153951989750       -2.79076883366901
C            4.89771303643359        0.04506591981480       -1.88421198785606
C           -0.63356497471669       -3.35096161732086       -0.64845303013243
C           -1.60706464076119       -2.70049545544437        0.33015081980459
P           -1.82716316836241       -0.97795890419442       -0.31815751396991
C           -2.94303828146516       -0.17389979811855        0.87035498986635
C           -3.36252367594678       -0.71004669718313        2.08145244621049
C           -4.21137568564347        0.01886425759724        2.89835977568071
C           -4.64260974952642        1.27757046874933        2.51546021339879
C           -4.21786134957203        1.82137471441769        1.31199084273238
C           -3.36938809044742        1.10009800901805        0.49566024157204
C           -3.03616614357054       -1.31597341083424       -1.65991684515018
C           -2.66533821762816       -1.10974367660131       -2.98263489929207
C           -3.55477311384473       -1.38290159289322       -4.00774270905379
C           -4.82127437543078       -1.86027484477497       -3.71507333870885
C           -5.19914907118711       -2.06110257823941       -2.39552783782037
C           -4.31335458266019       -1.78982281279409       -1.36943682579132
H            1.92848285049857       -4.01710826963870       -0.32175328303129
H            1.56881099924424       -2.82077957260980        0.94766570963164
H            3.13858529967925       -2.33547224921860       -1.64307564510169
H            3.83150304998700       -2.34211594556861       -0.00149757194995
H            3.28992716051014       -1.60099886779129        2.10598722269397
H            4.30527857598364       -0.65660924606528        4.12263495518583
H            4.86568923642991        1.74170213083005        4.23077355642402
H            4.37161253042980        3.20891075948230        2.30494854194321
H            3.34760465025257        2.26625523866759        0.26760355661247
H            2.04387822538475        1.81010888030750       -2.28314528631660
H            3.50972297606339        3.04533283489595       -3.87645360082310
H            5.84311700491798        2.30885257219219       -4.20911728592973
H            6.72675370452049        0.39583133225450       -2.93315384154291
H            5.29692764322483       -0.78045846150569       -1.31133226639012
H           -1.14452113441591       -3.47014370694943       -1.61112395532496
H           -0.33221125741605       -4.34744365254847       -0.29886379355793
H           -2.55372021024602       -3.24644420064553        0.37467583798723
H           -1.16979251116123       -2.64271867221669        1.33221642457329
H           -3.03223586937482       -1.68992186606731        2.39688904182291
H           -4.53719874599647       -0.40029204150599        3.84013996784389
H           -5.30647280532626        1.83827373194991        3.15779377833696
H           -4.54648757656746        2.80752989663903        1.01655068485512
H           -3.01108208805373        1.50870436401662       -0.44408111316648
H           -1.67713772817192       -0.72062987888467       -3.19385570717349
H           -3.25932227978824       -1.21270844182986       -5.03338787668570
H           -5.52002512476298       -2.07056990103528       -4.51219742190882
H           -6.19064732630006       -2.42594731782048       -2.16773489904959
H           -4.61394266521798       -1.93376134726763       -0.33923335675722
C            0.01298452572441        1.45371130878028       -0.21530793701906
O           -0.14282367116514        2.56046179179459        0.12972116872859
C            0.26017499566978       -0.32008648988197        1.21352570677207
O            0.22517395144910       -0.19923912670040        2.37051307372111
O            0.65803943289297       -3.44852014409132       -3.58551599512403
C            0.05457372247892       -3.01915394096424       -4.54696791129700
C            0.34413415208075       -1.78008888526922       -5.25470071090003
C            1.37959784108736       -0.94006215581309       -4.83350907790732
C            1.63737453582680        0.23363233418650       -5.51291540448109
C            0.86591474645786        0.58216452121314       -6.61240070606475
C           -0.16216055186684       -0.24687883917200       -7.04038513898549
C           -0.42369075614019       -1.42338834363171       -6.36762834755709
H            0.79170029366390       -2.58099260066416       -1.85094853714107
H            0.20364852528539       -0.09404882329650       -2.04667620058054
H           -0.80066151917109       -3.58904997021898       -4.95990584021889
H            1.96796475561666       -1.21318534894870       -3.96873439568818
H            2.43654190985930        0.87835365291537       -5.18058151808256
H            1.06607520529892        1.50376469281227       -7.13953767893018
H           -0.75673333507656        0.02997999184857       -7.89907288288726
H           -1.21853348390849       -2.07865701672771       -6.69668608453060
80
 energy: -120.640035272854 gnorm: 0.003528017704 xtb: 6.7.1 (edcfbbe)
Mn           0.25112566684709       -0.26581146704022       -0.53408494722893
N            0.55084913651728       -2.50012975070739       -0.86596790253780
C            1.73770958294283       -2.95278041254419       -0.13682004094446
C            2.93562319978816       -2.12403255259302       -0.59395437341265
P            2.45993013242958       -0.32852411826924       -0.49295054862217
C            3.28699051713966        0.26132927196503        1.02533545412174
C            3.55619781621519       -0.55169037756558        2.12145140563835
C            4.11154525662689       -0.01014659983992        3.26789796464785
C            4.39268785370938        1.34578641211252        3.33568354618342
C            4.10116294420620        2.16613534256331        2.25643194482677
C            3.54575445079399        1.62893146634154        1.11114919661634
C            3.58335483895871        0.44351363794160       -1.70977661661310
C            3.08686570667636        1.51548852979375       -2.44415210776276
C            3.90783725817631        2.19024994657797       -3.33149201009280
C            5.22358610375360        1.78740139156203       -3.49784791665092
C            5.72050309641888        0.71780163242511       -2.76874493801245
C            4.90928374387786        0.05097449427707       -1.86770347185349
C           -0.63424025108525       -3.35134031060402       -0.65917284243830
C           -1.60673760421864       -2.70132815195356        0.32091725936692
P           -1.82716543165401       -0.97665811912259       -0.32232259419458
C           -2.93713924287784       -0.17561029074706        0.87457371589255
C           -3.35202401880307       -0.71724966018129        2.08497143440377
C           -4.19501057811327        0.00917898551863        2.91032828603800
C           -4.62475769369509        1.27133632149428        2.53676888089394
C           -4.20436287945949        1.82055461578563        1.33409319525432
C           -3.36200532627289        1.10156960055919        0.50916385149238
C           -3.03941865738750       -1.30899059835314       -1.66210178010666
C           -2.66934507116114       -1.10253617836565       -2.98492282497534
C           -3.56048453537620       -1.37264485632115       -4.00922103411908
C           -4.82760191754878       -1.84754612167310       -3.71568690759745
C           -5.20500778765848       -2.04778833138690       -2.39591693122459
C           -4.31755440121278       -1.77929939229341       -1.37044596318703
H            1.92775462176212       -4.02006680316224       -0.33140874831539
H            1.56800158680148       -2.82403584700284        0.93908421211212
H            3.13919669027415       -2.33669953434000       -1.65061605604102
H            3.83185730320918       -2.34611299484926       -0.00930880029349
H            3.32312187270871       -1.60845894789554        2.09625004812430
H            4.31890595034255       -0.64830896202776        4.11548258400207
H            4.82489600599512        1.76443453444136        4.23376424074702
H            4.29869030448228        3.22934067010408        2.31319596732416
H            3.29845311537417        2.26652063400751        0.27081538417167
H            2.04714333361475        1.79632250467811       -2.30594515902262
H            3.52241452997015        3.03166597561468       -3.89076628944428
H            5.86504894066409        2.30926832551545       -4.19355923758897
H            6.74818143136265        0.40816341894684       -2.89747280874650
H            5.30735692061668       -0.76891829346559       -1.28548386790151
H           -1.14543804537798       -3.46893425698345       -1.62183720476510
H           -0.33338757945375       -4.34835825427143       -0.31080855599472
H           -2.55391040293651       -3.24647171067112        0.36399294903250
H           -1.16909678897687       -2.64686072174685        1.32320019296968
H           -3.02312625087440       -1.69988080536404        2.39352858073367
H           -4.51712379608075       -0.41431008359935        3.85152229346305
H           -5.28357067832381        1.83048492242205        3.18576734206278
H           -4.53156345235353        2.80947686890794        1.04634280661825
H           -3.00760369192550        1.51510821646586       -0.42989737743543
H           -1.68064943441597       -0.71575738703111       -3.19719184295226
H           -3.26566445504330       -1.20272706293387       -5.03512857289465
H           -5.52722675762532       -2.05626082615852       -4.51238862085440
H           -6.19718918345521       -2.41028707224868       -2.16727374168976
H           -4.61754012130504       -1.92252914511646       -0.33993743012358
C            0.01614757691501        1.44905968387411       -0.21326666311090
O           -0.13986070208519        2.55446218367818        0.13526483585196
C            0.25934881375671       -0.32242686989767        1.21243729205677
O            0.22861269350396       -0.19241513378460        2.36913353299792
O            0.65656318292373       -3.46068174047726       -3.59642818835639
C            0.05352765068444       -3.03000608115102       -4.55757868951918
C            0.34373350082975       -1.78979257394434       -5.26341970382939
C            1.38185700925179       -0.95311892434831       -4.84213262984607
C            1.63864855590051        0.22365863589556       -5.51631467540571
C            0.86293207197892        0.57871130895748       -6.61053297195172
C           -0.16688098310602       -0.24759457604065       -7.03962618882178
C           -0.42692297801616       -1.42754898014229       -6.37236534141488
H            0.79299938046713       -2.58256632736846       -1.86056868009164
H            0.21324536863540       -0.09403396982622       -2.04691398149025
H           -0.80431191986408       -3.59684543900147       -4.96996429146839
H            1.97283388875331       -1.23147043623397       -3.98100339866258
H            2.44003122343231        0.86551610608944       -5.18379893611456
H            1.06081021428053        1.50345009568647       -7.13286356146464
H           -0.76394265654454        0.03420353311690       -7.89492513165907
H           -1.22303510905421       -2.08046798583521       -6.70282914049151
80
 energy: -120.640065489674 gnorm: 0.003659003324 xtb: 6.7.1 (edcfbbe)
Mn           0.25026400019454       -0.26711299505280       -0.53390587075566
N            0.55170312170185       -2.49939543116123       -0.86872205276380
C            1.73971567077564       -2.95378422781553       -0.14184372642874
C            2.93682408344249       -2.12276907674202       -0.59699691134543
P            2.45902610647177       -0.32796761266306       -0.49440875105356
C            3.28421146341207        0.26125656629074        1.02507652970960
C            3.55803970202198       -0.55084720124566        2.11996163880546
C            4.10946180032979       -0.00684994439020        3.26732858306117
C            4.38244551936698        1.34978614138736        3.33670792691422
C            4.08605214044292        2.17016426977155        2.25865432354963
C            3.53443437710253        1.63093645889855        1.11274783255729
C            3.58383186551502        0.44546794803438       -1.70910962504715
C            3.08856399127746        1.51439828899924       -2.44841193469219
C            3.91242582445446        2.18787047500218       -3.33412146349933
C            5.22946653595344        1.78677447125987       -3.49416002826110
C            5.72527506418652        0.72001239104867       -2.75990682977894
C            4.91121716366579        0.05462832059757       -1.86063864706565
C           -0.63306796151198       -3.35116868758792       -0.66294474986174
C           -1.60805950000862       -2.70177541828290        0.31576223906189
P           -1.82865571079702       -0.97643843550537       -0.32499301900438
C           -2.93641044351052       -0.17597262275305        0.87441655942963
C           -3.34957158832666       -0.71935263969436        2.08451631328868
C           -4.18851455961756        0.00711973064490        2.91390169030321
C           -4.61621382015044        1.27111794741707        2.54445286973749
C           -4.19773413363161        1.82183463520887        1.34181454945560
C           -3.35922185274255        1.10295227751749        0.51294530695757
C           -3.04209069082733       -1.30633372037865       -1.66390383012008
C           -2.67363115467828       -1.09937148203046       -2.98704909761066
C           -3.56581039573845       -1.36981992448511       -4.01031510369790
C           -4.83214244441532       -1.84590960422700       -3.71561645365018
C           -5.20827473276605       -2.04582905127132       -2.39546674084009
C           -4.31987854606809       -1.77664733511861       -1.37099571374152
H            1.93023517244053       -4.02044312746124       -0.34117652199274
H            1.57043797296223       -2.82952208623657        0.93495821397959
H            3.14133259711410       -2.33377138354615       -1.65386683456438
H            3.83299646940278       -2.34442419704360       -0.01228800317925
H            3.33345774475429       -1.60949044527890        2.09349373673374
H            4.32222912829273       -0.64588427582601        4.11371933890614
H            4.81314940676710        1.76823836573478        4.23470219934242
H            4.28341598221792        3.22910891731605        2.31444633181507
H            3.28357865363953        2.26688652209207        0.27239169621712
H            2.04808204223091        1.79483005097414       -2.31529112386813
H            3.52795737306573        3.02699131983642       -3.89741861175131
H            5.87285294629466        2.30806145066133       -4.18849887206770
H            6.75388208489735        0.41145166181132       -2.88320945955839
H            5.30810138424781       -0.76240919706962       -1.27336032207373
H           -1.14293794603149       -3.47037136871036       -1.62616356506022
H           -0.33155590350561       -4.34741238792982       -0.31300396287166
H           -2.55508370235211       -3.24749606478047        0.35573446487491
H           -1.17242548412542       -2.64873173853503        1.31909770230184
H           -3.02227068794122       -1.70333712589327        2.39022082995694
H           -4.50896657633268       -0.41762752834325        3.85510824841082
H           -5.27170805742060        1.83050348457122        3.19649255602795
H           -4.52343221887264        2.81210793432159        1.05738938219556
H           -3.00685418978713        1.51847801445111       -0.42587073823181
H           -1.68552135891384       -0.71239067126494       -3.20074982074933
H           -3.27273065549931       -1.19949692971651       -5.03668833303001
H           -5.53207708227967       -2.05533093324327       -4.51180938959758
H           -6.19993098420262       -2.40894057265508       -2.16550859541123
H           -4.61893175315185       -1.91963072483911       -0.34024135963707
C            0.01811572740277        1.44839969306734       -0.21361574525293
O           -0.13471007077995        2.55410497666425        0.13430881106307
C            0.25555884269567       -0.32689383436164        1.21242040966334
O            0.22791876420429       -0.19646924739261        2.36925414936085
O            0.66229340905511       -3.46326265147631       -3.59866396753153
C            0.05581613921196       -3.03339927768571       -4.55808387325265
C            0.34312419976113       -1.79272458891669       -5.26421900928414
C            1.38262857434379       -0.95703045002356       -4.84471452310496
C            1.63952443136228        0.21969188758234       -5.51852630892292
C            0.86232717783925        0.57567617906166       -6.61075878928734
C           -0.16968531850620       -0.24895854485863       -7.03776211608432
C           -0.42968454222485       -1.42895329045354       -6.37080433979026
H            0.79356875010345       -2.57932360199903       -1.86352353190633
H            0.21759661302227       -0.09335764012761       -2.04661826691291
H           -0.80402506338706       -3.60004160011662       -4.96732894584104
H            1.97422576602177       -1.23663179833857       -3.98495271326177
H            2.44241061304420        0.86032930154386       -5.18750936069323
H            1.06003230759201        1.50013168740938       -7.13311276708952
H           -0.76814780395449        0.03405376933839       -7.89134997223781
H           -1.22743111001678       -2.08021821314783       -6.70011798205599
80
 energy: -120.640108374591 gnorm: 0.003625716541 xtb: 6.7.1 (edcfbbe)
Mn           0.24991272212581       -0.26756202755767       -0.53864763542884
N            0.55323242915692       -2.49732645508094       -0.87417422868087
C            1.74286863130211       -2.95497469371847       -0.15090384142618
C            2.93902206514972       -2.12080460667268       -0.60252095056128
P            2.45825984018362       -0.32728131365144       -0.49612642156879
C            3.27851509689680        0.26222683827846        1.02555872762616
C            3.56189461891930       -0.54901417877080        2.11761944712403
C            4.10757579973084       -0.00165814734743        3.26598120742365
C            4.36559669496891        1.35557874236369        3.33835329669394
C            4.05999396460831        2.17574292802431        2.26267608905354
C            3.51437231372045        1.63358158394449        1.11592252282219
C            3.58514196287900        0.44857930789775       -1.70757040444010
C            3.09239136250324        1.51223618027300       -2.45574942547960
C            3.92154158086289        2.18365818420824       -3.33824153910451
C            5.24078524209477        1.78546574154661       -3.48707809998825
C            5.73430179694102        0.72367001798925       -2.74365797049285
C            4.91513581391074        0.06090180155250       -1.84748996803152
C           -0.63060264215174       -3.35064465381809       -0.67095637972167
C           -1.60979612703048       -2.70326281848080        0.30608682730764
P           -1.83002242890506       -0.97679515942486       -0.32942258750731
C           -2.93371021800243       -0.17796712673294        0.87431307799002
C           -3.34408680947936       -0.72455631676476        2.08373561262260
C           -4.17591099201700        0.00204108699287        2.92016574632688
C           -4.59995127425827        1.26929785610932        2.55797197573567
C           -4.18505025006286        1.82268379210202        1.35535154428285
C           -3.35318246518309        1.10401033571065        0.51966085475254
C           -3.04638563503910       -1.30174978574108       -1.66632736795856
C           -2.68088539191455       -1.09407145660695       -2.99016880274865
C           -3.57545376209823       -1.36377639600360       -4.01163325353117
C           -4.84117876336789       -1.84018690747311       -3.71474387371462
C           -5.21478969795361       -2.03982571172034       -2.39386529637170
C           -4.32413961757182       -1.77102776144695       -1.37124670976458
H            1.93386127454260       -4.02066946574603       -0.35764404138875
H            1.57403207443191       -2.83784012850809        0.92721528531736
H            3.14560687018330       -2.32930161190829       -1.65954915273764
H            3.83472416840335       -2.34193487041434       -0.01727309675758
H            3.35558497203405       -1.61276296908417        2.08711538544178
H            4.32945546819868       -0.64112982957626        4.11030841863424
H            4.78980601461116        1.77729689689880        4.23783208432397
H            4.24129732975536        3.24025157712152        2.32292549635723
H            3.25201954184268        2.27001256837811        0.27763888154428
H            2.05059216323126        1.79169835846308       -2.33173493568309
H            3.53902003869607        3.01888572556620       -3.90861243516818
H            5.88782020109150        2.30527375397781       -4.17905413773395
H            6.76454457627340        0.41706542942142       -2.85779387835777
H            5.30991294999247       -0.75126416706499       -1.25181691353076
H           -1.13853909500754       -3.47130522550936       -1.63513081041005
H           -0.32830173068179       -4.34612573889119       -0.31955757719146
H           -2.55641735427703       -3.25032526505359        0.34107771806497
H           -1.17713676052082       -2.65298220337688        1.31096790211150
H           -3.01984274807868       -1.71107586822799        2.38423445577421
H           -4.49347040356224       -0.42509597398061        3.86131234040810
H           -5.24956947574652        1.82905020886288        3.21545316971794
H           -4.50813889013824        2.81524849191398        1.07629780320717
H           -3.00426733598527        1.52280808024123       -0.41880674525079
H           -1.69318802850695       -0.70767762061668       -3.20610034562425
H           -3.28528342380325       -1.19285545104554       -5.03878601770365
H           -5.54219913147647       -2.04954801406218       -4.50996598234178
H           -6.20600329131804       -2.40283562909451       -2.16163702833111
H           -4.62152412646177       -1.91398230518527       -0.34010268308906
C            0.02339472510495        1.44909296603463       -0.21715128631686
O           -0.12186255779856        2.55541324240939        0.13107672787447
C            0.25299471741120       -0.33524899690821        1.20793322036036
O            0.22656615979705       -0.21021174089052        2.36507950453785
O            0.66992348996387       -3.46812222154038       -3.60141705953323
C            0.05782612055893       -3.03923023459327       -4.55791484035205
C            0.34036531756735       -1.79774010921033       -5.26397239871757
C            1.38209629697619       -0.96372951898809       -4.84690141033943
C            1.64026051457810        0.21228235660012       -5.52104384821003
C            0.86218153557657        0.56936651391200       -6.61137900901809
C           -0.17395329084294       -0.25212328766023       -7.03494464501182
C           -0.43508470308036       -1.43141128771447       -6.36751230388284
H            0.79481935065972       -2.57328811560147       -1.86935547710054
H            0.21447390245930       -0.09213462640479       -2.05134532447325
H           -0.80224748687329       -3.60810049336275       -4.96463624188811
H            1.97399118403937       -1.24501312374171       -3.98863097550053
H            2.44549503168904        0.85102745178316       -5.19225167442224
H            1.06147929472988        1.49249325380270       -7.13480371822067
H           -0.77404857811675        0.03240138100313       -7.88637931548488
H           -1.23604207281526       -2.07974681156894       -6.69442909883345
80
 energy: -120.640144542904 gnorm: 0.002724322153 xtb: 6.7.1 (edcfbbe)
Mn           0.25015984464513       -0.26726062088202       -0.54548292074408
N            0.55423104703494       -2.49554055742118       -0.88051381273120
C            1.74498195638779       -2.95580787570441       -0.16018617005112
C            2.94059365313320       -2.11946759300786       -0.60862917065266
P            2.45786149672680       -0.32701647731900       -0.49841737416341
C            3.27203437185287        0.26385565496037        1.02582012234784
C            3.56885127452309       -0.54945110008930        2.11375525837383
C            4.10840508674672        0.00104812180642        3.26359903618084
C            4.34469601504124        1.36408880826678        3.34203746952220
C            4.02978528022493        2.18319498958280        2.26851562534527
C            3.49117899902179        1.63773247193778        1.12021235270345
C            3.58764614285187        0.45160930914565       -1.70553941134350
C            3.09682718600857        1.50963307454222       -2.46254026795680
C            3.93032054375090        2.17929445604949       -3.34230259127202
C            5.25177760499727        1.78478205606342       -3.47976832148053
C            5.74348317419783        0.72848361558428       -2.72717998045098
C            4.92001098117369        0.06792085091834       -1.83372311884406
C           -0.62881939466528       -3.35022527551825       -0.67947831349524
C           -1.61092921979367       -2.70468797106408        0.29638838855167
P           -1.83040104003523       -0.97691066595145       -0.33396125972984
C           -2.92965015877787       -0.18034443893328        0.87490042071039
C           -3.33779224498660       -0.73033874101848        2.08352156608755
C           -4.16277331660362       -0.00366982698487        2.92663862965116
C           -4.58262213505448        1.26703998810369        2.57179859817998
C           -4.17129930193220        1.82322348698167        1.36928319071257
C           -3.34601644832398        1.10459515500578        0.52699508243855
C           -3.05027565746103       -1.29738356849911       -1.66857735782952
C           -2.68760372962714       -1.08892907316397       -2.99310734171052
C           -3.58465120166289       -1.35726379136464       -4.01287373373393
C           -4.85014898132694       -1.83324235297461       -3.71375233094992
C           -5.22102178412380       -2.03337919994685       -2.39220110125293
C           -4.32796740766796       -1.76579518740615       -1.37137673567955
H            1.93602451652702       -4.02050466818489       -0.37217485827113
H            1.57707708882320       -2.84384483708156        0.91871657264579
H            3.14945409444084       -2.32557704879943       -1.66561210103414
H            3.83551834960647       -2.34073993736168       -0.02243429317352
H            3.37567412856321       -1.61394111519678        2.08014834062684
H            4.33690497180034       -0.63690877074477        4.10628349517420
H            4.76322528376765        1.78905895506393        4.24273858052787
H            4.19889533943331        3.24921613607700        2.33175925742447
H            3.22331169785791        2.27060769106201        0.28292681082549
H            2.05350728970394        1.78656966948067       -2.34764608786808
H            3.54940110074901        3.01042179845605       -3.91969741247421
H            5.90210788012886        2.30300074549865       -4.16968767646960
H            6.77545976558352        0.42471903865282       -2.83245005767369
H            5.31268718250812       -0.73989628333642       -1.23099044363286
H           -1.13533665809351       -3.47160827298935       -1.64433822076595
H           -0.32635106795802       -4.34537465602312       -0.32732810445940
H           -2.55726682976571       -3.25265858163817        0.32775891783304
H           -1.18055598454908       -2.65703632090604        1.30233488281360
H           -3.01728010099686       -1.71979028840333        2.37835082434359
H           -4.47785835655076       -0.43349117686803        3.86741164729017
H           -5.22613072619282        1.82728085594843        3.23488619536177
H           -4.49144792844168        2.81825059823241        1.09538633144855
H           -2.99986766158315        1.52610442325824       -0.41119290583909
H           -1.69994857735486       -0.70315600612581       -3.21073968595175
H           -3.29676725643476       -1.18593145145170       -5.04059091654493
H           -5.55264301733248       -2.04199095013366       -4.50786149081879
H           -6.21199149436667       -2.39590342194552       -2.15802831467961
H           -4.62351035198733       -1.90919742404476       -0.33980680244349
C            0.02755875514718        1.44998868769438       -0.22189258164448
O           -0.11053974914875        2.55694869869679        0.12752965103644
C            0.25378092804390       -0.34190907455144        1.20154643583412
O            0.22393262643698       -0.22479782294053        2.35900189654706
O            0.67520152560258       -3.47357805713320       -3.60335174162971
C            0.05877244268983       -3.04492704556595       -4.55730655912926
C            0.33797032111709       -1.80271821850471       -5.26291263837641
C            1.38238923808416       -0.97066670489710       -4.84852575983035
C            1.64162461813026        0.20455921729077       -5.52378049437256
C            0.86181062008497        0.56323807129635       -6.61236786453882
C           -0.17840608534661       -0.25533781841225       -7.03208858117790
C           -0.44046865713195       -1.43392614771802       -6.36364240828752
H            0.79543406452216       -2.56846664693627       -1.87607669781880
H            0.20796067090726       -0.09125248752196       -2.05838673002262
H           -0.80025710296900       -3.61639865563988       -4.96257984923495
H            1.97577607028434       -1.25378791834478       -3.99185077262843
H            2.44926510398790        0.84153096533568       -5.19739617497303
H            1.06289476096649        1.48515980693049       -7.13738631460640
H           -0.78068888516108        0.03072292385707       -7.88142837406787
H           -1.24475592018321       -2.07980396429006       -6.68737519371420
80
 energy: -120.640169177587 gnorm: 0.002244070101 xtb: 6.7.1 (edcfbbe)
Mn           0.25007914952075       -0.26723583631363       -0.54980955409144
N            0.55452445029636       -2.49471006902866       -0.88630844899814
C            1.74539862555498       -2.95576012818635       -0.16686593842540
C            2.94097980993243       -2.11845319324800       -0.61307632213177
P            2.45744242440736       -0.32659362712549       -0.50099899130177
C            3.26907426457603        0.26354134892996        1.02464262651693
C            3.57214037215153       -0.54903585470846        2.11080327209786
C            4.10626321949650        0.00393384709734        3.26237846849234
C            4.33114913208814        1.36764791520216        3.34437230295570
C            4.00857247386356        2.18749846459429        2.27322572035964
C            3.47501495189239        1.64013010320510        1.12298231817497
C            3.59034528326179        0.45375538309432       -1.70412540938215
C            3.10022435623154        1.50748739743997       -2.46717146693432
C            3.93591050045890        2.17624224769115       -3.34546215031667
C            5.25913291429140        1.78524265507621       -3.47461507037374
C            5.75017257417398        0.73343776476779       -2.71552713554825
C            4.92430461109479        0.07380199753347       -1.82375934844988
C           -0.62817844633637       -3.35000744236998       -0.68618229088366
C           -1.61097734689914       -2.70529887483899        0.28935309504912
P           -1.83034649255880       -0.97666971535345       -0.33794952075083
C           -2.92581623690562       -0.18225761389331        0.87549829075182
C           -3.33308864460254       -0.73474047739903        2.08340081560890
C           -4.15313125229338       -0.00773754686759        2.93093500491928
C           -4.56902980977397        1.26569899968474        2.58134430561199
C           -4.15994628695690        1.82385424957307        1.37902249288194
C           -3.33955142445319        1.10483722675556        0.53233283212988
C           -3.05315211456311       -1.29490224913190       -1.67045747969077
C           -2.69265483402958       -1.08553310383912       -2.99544668395502
C           -3.59152946872218       -1.35263638069871       -4.01392701257254
C           -4.85682287050792       -1.82826077958882       -3.71298688740150
C           -5.22541944984991       -2.02952410365155       -2.39095718895485
C           -4.33047937133612       -1.76334215009981       -1.37147508229278
H            1.93649388135098       -4.01967408718297       -0.38069366569897
H            1.57803396489892       -2.84569566708102        0.91209374456627
H            3.15165510058082       -2.32267406713719       -1.66993205013893
H            3.83520027062202       -2.34044213422312       -0.02594092001598
H            3.38721378647770       -1.61343044586942        2.07402476700443
H            4.34101370790243       -0.63412685563412        4.10328090138938
H            4.74585388266035        1.79431435942457        4.24623744910960
H            4.16875064431544        3.25471240040914        2.33924281060634
H            3.20022914191118        2.27385595306935        0.28791890240267
H            2.05553094856336        1.78105207191834       -2.35858472622374
H            3.55568613586315        3.00416940012971       -3.92778408768915
H            5.91144019587925        2.30222542353077       -4.16347293772746
H            6.78361570630709        0.43274396527442       -2.81467971180674
H            5.31603731414434       -0.73078866303320       -1.21646499999818
H           -1.13415856850304       -3.47166561073540       -1.65120738760695
H           -0.32577217488599       -4.34505736503677       -0.33383933095219
H           -2.55721062742870       -3.25350562504581        0.31947407974830
H           -1.18156018769016       -2.65940554842203        1.29569770204031
H           -3.01598116113758       -1.72657544579819        2.37395011486710
H           -4.46702054868430       -0.43956169976445        3.87115480244743
H           -5.20783498914692        1.82654353078094        3.24847316200378
H           -4.47740687173346        2.82074894058016        1.10846567145008
H           -2.99449291045831        1.52751869576938       -0.40575223099196
H           -1.70504089592336       -0.69966019008819       -3.21391172750937
H           -3.30495900683497       -1.18087728924106       -5.04187769010185
H           -5.56078976243842       -2.03618167676325       -4.50604981891509
H           -6.21618791402101       -2.39178936318628       -2.15555532673120
H           -4.62427102837973       -1.90763646749448       -0.33947301651207
C            0.02918626924741        1.45028669253605       -0.22604714666568
O           -0.10542588743220        2.55782119975576        0.12325691867406
C            0.25424500565246       -0.34561027835210        1.19729195014694
O            0.22230083337529       -0.23515506343422        2.35539361870762
O            0.67769786453179       -3.47774259861114       -3.60315871870318
C            0.05927862132758       -3.04849253463139       -4.55566868982292
C            0.33712341698333       -1.80581612555045       -5.26064350584210
C            1.38406752414842       -0.97524439762590       -4.84924521507764
C            1.64346210790092        0.19904766601051       -5.52644462688682
C            0.86121845843285        0.55867127988625       -6.61361284749065
C           -0.18209950476573       -0.25808547284887       -7.02936573387196
C           -0.44436578209105       -1.43576664835842       -6.35912901807658
H            0.79554651067042       -2.56639598486465       -1.88206938810167
H            0.20577096415755       -0.09110783907801       -2.06308019025349
H           -0.79891685710987       -3.62126546579705       -4.95997715592119
H            1.97988231549532       -1.25916109503187       -3.99397835740971
H            2.45307725563529        0.83497075690538       -5.20269366330874
H            1.06355988377890        1.47951832472734       -7.14066833642874
H           -0.78671595881093        0.02859295608448       -7.87715942064044
H           -1.25114547861658       -2.08056813433372       -6.67927835682323
80
 energy: -120.640197931740 gnorm: 0.001623521540 xtb: 6.7.1 (edcfbbe)
Mn           0.24926643456946       -0.26712705092632       -0.55674227236872
N            0.55485038695250       -2.49400226502341       -0.89505070561366
C            1.74536309192608       -2.95503783328021       -0.17558766564298
C            2.94098628217423       -2.11654847733759       -0.61928444027165
P            2.45626136800239       -0.32525448585277       -0.50511463107615
C            3.26123131464986        0.26548707070297        1.02407027925689
C            3.57488084476038       -0.54783445773624        2.10693979126629
C            4.10370975968275        0.00596321034681        3.26018926821053
C            4.31096288135351        1.37205443323278        3.34815674520796
C            3.97897052562542        2.19179196529633        2.27986178451877
C            3.45160974035249        1.64298378731340        1.12731594211885
C            3.59397232637623        0.45643106956166       -1.70275844442341
C            3.10421585323102        1.50377064111041       -2.47451670659825
C            3.94285928010509        2.17200733758000       -3.35042673445454
C            5.26894818902871        1.78702076728359       -3.46724483907525
C            5.75978534880777        0.74231121158378       -2.69853268333384
C            4.93064851243794        0.08299546392276       -1.80946907874682
C           -0.62764444061422       -3.34994118402163       -0.69593570941073
C           -1.61025955464394       -2.70672587452986        0.28012246979026
P           -1.83036664666134       -0.97681502937699       -0.34341204549669
C           -2.92044396465905       -0.18521589607272        0.87645464989773
C           -3.32707115376493       -0.74113165872545        2.08314434553079
C           -4.13961900340411       -0.01311278903549        2.93685551864397
C           -4.54896597437166        1.26444982440706        2.59472375837479
C           -4.14231728443374        1.82542413013667        1.39298098893760
C           -3.32922182001976        1.10532524980000        0.54023574795948
C           -3.05723207661975       -1.29190388295825       -1.67320865154482
C           -2.69985070460860       -1.08064447968346       -2.99878490065150
C           -3.60116681737874       -1.34600613119570       -4.01548245464284
C           -4.86592247433896       -1.82143908619845       -3.71196177628603
C           -5.23128119694629       -2.02486722522157       -2.38933877378095
C           -4.33373793892922       -1.76090997721173       -1.37166247641992
H            1.93686206848744       -4.01809759546801       -0.39035602257898
H            1.57808569273479       -2.84582468315459        0.90317159503992
H            3.15390613357004       -2.31849143889385       -1.67598177752574
H            3.83441197217220       -2.33965370364954       -0.03111224114300
H            3.40426443556917       -1.61468308188923        2.06436614160105
H            4.34719687691754       -0.63253245707798        4.09817601270245
H            4.72159459166054        1.79987739526334        4.25125930362805
H            4.12684454784269        3.26015093315486        2.34990610662753
H            3.16862709046286        2.27735129920277        0.29520186703729
H            2.05744750087446        1.77174992508649       -2.37463918696023
H            3.56302897360691        2.99483201951380       -3.94011821169512
H            5.92388462125644        2.30266579445638       -4.15459419378415
H            6.79566815114789        0.44699279524975       -2.78856163262795
H            5.32191607127291       -0.71631567743627       -1.19500385099725
H           -1.13334112819567       -3.47116515902719       -1.66109731562787
H           -0.32508275582516       -4.34522350805739       -0.34439075846745
H           -2.55660239750385       -3.25469870230518        0.30945477327073
H           -1.18131389163610       -2.66275454522250        1.28662893339696
H           -3.01485255780584       -1.73617276526325        2.36787677287318
H           -4.45231338834627       -0.44762301666914        3.87615947729020
H           -5.18106988915278        1.82626461147280        3.26737916207233
H           -4.45536270906000        2.82509061407384        1.12721316743286
H           -2.98484716487067        1.52920350593096       -0.39768603444185
H           -1.71248402584915       -0.69418678734564       -3.21829624565858
H           -3.31653571220556       -1.17296594232704       -5.04367336419778
H           -5.57233515920952       -2.02760598128272       -4.50337805514774
H           -6.22163903090455       -2.38712147127246       -2.15239273086325
H           -4.62467022793454       -1.90719344834704       -0.33903460087652
C            0.02965821492621        1.45047952843265       -0.23314681548936
O           -0.10284840411644        2.55844431275797        0.11546691362620
C            0.25375801381895       -0.34966614225986        1.19004306903337
O            0.22103390342894       -0.24799709744799        2.34917278074409
O            0.68105393269345       -3.48378299787657       -3.60173926208426
C            0.06073148687124       -3.05320376078006       -4.55257819197738
C            0.33726508908867       -1.80986100838275       -5.25657915513284
C            1.38817750584919       -0.98126496577833       -4.85088262033508
C            1.64690400149767        0.19135886435633       -5.53148916129897
C            0.85997062582041        0.55165162368766       -6.61585574865184
C           -0.18795330475489       -0.26262602627650       -7.02452663700465
C           -0.44972129817388       -1.43870132896923       -6.35109100677246
H            0.79608673196883       -2.56508662863905       -1.89088691996590
H            0.20634659385241       -0.09022765721870       -2.07039667083587
H           -0.79758307907977       -3.62615498466891       -4.95498256896683
H            1.98853448813507       -1.26545025546768       -3.99821415186687
H            2.45975681027451        0.82582936516999       -5.21277312737684
H            1.06326188580910        1.47081464917824       -7.14615596429436
H           -0.79673347708741        0.02455631595809       -7.86962578073771
H           -1.25998883831428       -2.08243488154112       -6.66506621254971
80
 energy: -120.640219403562 gnorm: 0.003095982263 xtb: 6.7.1 (edcfbbe)
Mn           0.24837075293691       -0.26742724881417       -0.56965686549673
N            0.55578872891106       -2.49432894186659       -0.90966269405486
C            1.74447716053121       -2.95442401282955       -0.18730618459067
C            2.94087846726547       -2.11592823850326       -0.62954447552980
P            2.45537245316155       -0.32510823630145       -0.51298752380148
C            3.24969987511490        0.26557534011826        1.02180620232940
C            3.58194844490234       -0.54821969151904        2.09889952479216
C            4.09840593619915        0.01018747525695        3.25601107788380
C            4.27552900769084        1.37972193712050        3.35332016056154
C            3.92436697471809        2.20003829491072        2.29102603116851
C            3.40726443709927        1.64831713190167        1.13536725374032
C            3.60100901952292        0.45907589733131       -1.70120990291214
C            3.11042435155811        1.49512210079288       -2.48808021056247
C            3.95382754009346        2.16404672890746       -3.35909812810653
C            5.28555609810411        1.79142555351658       -3.45434202294482
C            5.77755354638569        0.75943043794638       -2.66906319781477
C            4.94319371988936        0.09874290008169       -1.78551863836984
C           -0.62733122542651       -3.35031800492598       -0.71223023622158
C           -1.60763051149063       -2.71037145194666        0.26706492370630
P           -1.82987163184060       -0.97795916741699       -0.35085479388393
C           -2.91139562028391       -0.18992261324464        0.87913157047671
C           -3.31663286658988       -0.75186758477444        2.08364765503615
C           -4.11715770105031       -0.02273871355767        2.94781949058118
C           -4.51626943009416        1.26153943143671        2.61832539535598
C           -4.11243404983695        1.82810729552616        1.41828664193512
C           -3.31116611677531        1.10673010205568        0.55524688903261
C           -3.06278955294353       -1.28728774494596       -1.67694193068852
C           -2.70975109715715       -1.07193906664222       -3.00312048067513
C           -3.61493304963530       -1.33310177343054       -4.01746255875624
C           -4.87904626870863       -1.80768014144076       -3.71059994671717
C           -5.23997486608003       -2.01521694513948       -2.38735689963549
C           -4.33844157343832       -1.75608581364532       -1.37193490609122
H            1.93653923570828       -4.01739883372906       -0.40028144925869
H            1.57580030565910       -2.84278186070099        0.89085009186879
H            3.15462891986905       -2.31529955096766       -1.68651003950297
H            3.83421266937663       -2.34085467157945       -0.04180430041639
H            3.43547084343335       -1.61950785385483        2.04788159921392
H            4.35832028889704       -0.62932560821173        4.08877184005566
H            4.67735980408312        1.81044104643943        4.25933656245386
H            4.04718828698105        3.27206487254987        2.36885408082877
H            3.11170073540661        2.28132904073742        0.30722859631666
H            2.05948129981546        1.75284069651505       -2.40317522878220
H            3.57339760000136        2.97757191456140       -3.96149799254539
H            5.94479525272754        2.30731358698063       -4.13769663582238
H            6.81827437254487        0.47488236125019       -2.74219494522404
H            5.33465710754990       -0.69110954273581       -1.15843364232728
H           -1.13387417687214       -3.46770186162173       -1.67749153569952
H           -0.32442547500016       -4.34725581059995       -0.36518228992153
H           -2.55453338890908       -3.25725615962489        0.29657365747646
H           -1.17723026100049       -2.66869686408476        1.27298480781890
H           -3.01160740575534       -1.75183210144495        2.35896749520188
H           -4.42804936346750       -0.46175275589892        3.88561023649708
H           -5.13816161729776        1.82420510497221        3.29990316526797
H           -4.41777568436056        2.83278644842362        1.16197814804415
H           -2.96738708091850        1.53364627955662       -0.38185718943158
H           -1.72268790647623       -0.68532915775965       -3.22424943800242
H           -3.33340226785033       -1.15707749662007       -5.04598302738266
H           -5.58920840955619       -2.01015303264864       -4.49963327774561
H           -6.22996096382262       -2.37708704314056       -2.14851603321015
H           -4.62516978955074       -1.90580375681826       -0.33854349228306
C            0.02750660702992        1.44934081127201       -0.24478295953089
O           -0.10726554324873        2.55679183659650        0.10420582322854
C            0.25278227805097       -0.35299623062081        1.17595830947658
O            0.22161703490146       -0.25880719958372        2.33571693039142
O            0.68596551357397       -3.49601646953456       -3.60226710842200
C            0.06371950271018       -3.06216450047757       -4.55046053921372
C            0.33971930659949       -1.81816728909778       -5.25338447173523
C            1.39715621323369       -0.99298296894221       -4.85758072160803
C            1.65321608764001        0.17811953554979       -5.54161618849820
C            0.85684802907719        0.54034526079619       -6.61891870028025
C           -0.19794949382598       -0.26999241100161       -7.01661610881117
C           -0.45702797315683       -1.44485491677895       -6.34014522623755
H            0.79885250497643       -2.56721848201663       -1.90500120956151
H            0.20838876105729       -0.08916769268435       -2.08350275742522
H           -0.79784315348435       -3.63165546776513       -4.94981156350310
H            2.00567644589022       -1.27779197399298       -4.01059823412064
H            2.47167923086470        0.80980841678419       -5.23151207730852
H            1.05875979320167        1.45825629053525       -7.15193561659458
H           -0.81429244945085        0.01896143932413       -7.85595836328972
H           -1.27228191936404       -2.08675638342317       -6.64495404186958
80
 energy: -120.640230133982 gnorm: 0.002921725233 xtb: 6.7.1 (edcfbbe)
Mn           0.24692138972199       -0.26661646782954       -0.57290438030300
N            0.55628652100330       -2.49402990397389       -0.91173917873604
C            1.74421662246727       -2.95219220496799       -0.18729736331830
C            2.94026236522897       -2.11335779003021       -0.63039458779003
P            2.45435730468045       -0.32248506650685       -0.51392793158408
C            3.24736187441085        0.26604466574199        1.02232867812299
C            3.57836813619453       -0.54866925520298        2.09813877311486
C            4.09565539326119        0.00581859027047        3.25614205849069
C            4.27390753381583        1.37364642664242        3.35592850828399
C            3.92423440244334        2.19446881246520        2.29485822954352
C            3.40748723648911        1.64520256442826        1.13787152366266
C            3.60083425530667        0.46235625219658       -1.70059038328438
C            3.10916802465011        1.49603829797417       -2.48939527452199
C            3.95155040413100        2.16544259419735       -3.36077419889346
C            5.28321153441682        1.79578529349264       -3.45439516631994
C            5.77629986284794        0.76678704711340       -2.66686678134951
C            4.94299406685783        0.10538098930420       -1.78289264144031
C           -0.62675193926815       -3.35038593998903       -0.71435757045599
C           -1.60610874496996       -2.71156868656276        0.26613207103846
P           -1.83015966169059       -0.97941568499228       -0.35300862656697
C           -2.91017165548489       -0.19036972467120        0.87744061708382
C           -3.31745641406244       -0.75223653117373        2.08115111182745
C           -4.11501486187197       -0.02114874490288        2.94593844711935
C           -4.50906783360643        1.26473190871362        2.61782239247866
C           -4.10314193002481        1.83125397616076        1.41856703420037
C           -3.30494222294345        1.10785840537410        0.55491780876437
C           -3.06409039286356       -1.28996268448970       -1.67790142180834
C           -2.71337496275931       -1.07136572124141       -3.00415817086229
C           -3.61982987573701       -1.33200097068170       -4.01753169330765
C           -4.88257994984922       -1.80898038861562       -3.70940683455028
C           -5.24118909823680       -2.01967871469411       -2.38599663333544
C           -4.33847622561523       -1.76114181816206       -1.37150116048021
H            1.93753842584371       -4.01555005250722       -0.39827999438629
H            1.57420292113017       -2.83863487671689        0.89056906595920
H            3.15280148281059       -2.31275777875218       -1.68763412409381
H            3.83433762954388       -2.33806107090270       -0.04378101295908
H            3.42981449236312       -1.61798382155561        2.04540184858210
H            4.35450808253563       -0.63425045545554        4.08769232949158
H            4.67636081302893        1.80186911767349        4.26271686622434
H            4.04810005706346        3.26478652762542        2.37457099508298
H            3.11340861766755        2.27949181358959        0.31065582757137
H            2.05810310260273        1.75129786066184       -2.40528495799145
H            3.57025306320248        2.97677728652087       -3.96482110407682
H            5.94179944156118        2.31214570901459       -4.13801008357936
H            6.81705456968128        0.48491647016221       -2.73849796901043
H            5.33536559278057       -0.68229011903006       -1.15418590016799
H           -1.13397900617823       -3.46630146279880       -1.67951920427300
H           -0.32291200409226       -4.34786420021625       -0.36940407646278
H           -2.55282492828867       -3.25866395795389        0.29677392079915
H           -1.17461312113028       -2.66884645416125        1.27155937739458
H           -3.01606222072916       -1.75337518724578        2.35546133512587
H           -4.42749639861651       -0.45974507769181        3.88331461797220
H           -5.12837247327367        1.82879422017556        3.30016072608456
H           -4.40417268352200        2.83735732753480        1.16376569027900
H           -2.95893928624322        1.53412814002791       -0.38175047632712
H           -1.72731855221939       -0.68279555660479       -3.22605645565678
H           -3.34032650189183       -1.15341712533707       -5.04621455918309
H           -5.59387719090413       -2.01103171825425       -4.49740629010732
H           -6.23026885311270       -2.38350521164002       -2.14640073535441
H           -4.62319367828372       -1.91299116186346       -0.33788923922070
C            0.02177738212246        1.45012344488425       -0.25181839313395
O           -0.11765097968710        2.55819398253737        0.09297144122994
C            0.25016729267803       -0.35242006133434        1.17180878211335
O            0.22118389222861       -0.26317139458089        2.33176833201204
O            0.69358726486230       -3.49602650174496       -3.59708105359141
C            0.06820419795079       -3.06056031135419       -4.54251074037456
C            0.34324656859456       -1.81761016248794       -5.24748211492278
C            1.40299258528687       -0.99224301492433       -4.85864628843048
C            1.65688529555110        0.17670096323837       -5.54702340818375
C            0.85623150294272        0.53622241379858       -6.62163566387100
C           -0.20129489790329       -0.27387393006999       -7.01200552982104
C           -0.45833313560618       -1.44651791116112       -6.33114624683327
H            0.80065550427970       -2.56890913019506       -1.90666284142106
H            0.20926209057986       -0.09032859771378       -2.08702890302659
H           -0.79704359519234       -3.62735762499574       -4.93801497652269
H            2.01506136857225       -1.27419911718876       -4.01367660970992
H            2.47736939184818        0.80857460546235       -5.24268621168948
H            1.05670435450484        1.45222662144798       -7.15807860070071
H           -0.82115570522690        0.01320057048570       -7.84913083400135
H           -1.27548227043375       -2.08868932294819       -6.62991765333914
80
 energy: -120.640245426861 gnorm: 0.002365826700 xtb: 6.7.1 (edcfbbe)
Mn           0.24732457540746       -0.26751806537534       -0.57526780583979
N            0.55700348105995       -2.49454349506009       -0.91340404629369
C            1.74466414796130       -2.95237933279414       -0.18778767477678
C            2.94059841716334       -2.11394829745430       -0.63192782376806
P            2.45434298331960       -0.32325652105262       -0.51525085600475
C            3.24463024859332        0.26503807888213        1.02233758554192
C            3.58155786943314       -0.55028252866284        2.09636466614740
C            4.09677214187961        0.00568451526026        3.25457187862866
C            4.26590125810633        1.37635887881321        3.35624949698422
C            3.91030162934256        2.19745836046779        2.29661280695282
C            3.39790423656102        1.64487943044056        1.13891145317860
C            3.60188287242311        0.46251624472070       -1.70044437355719
C            3.11016026869874        1.49375967228532       -2.49264656773068
C            3.95391018177060        2.16349559454579       -3.36251964627280
C            5.28728574642991        1.79711276064297       -3.45110104116607
C            5.78037518888076        0.77019835301316       -2.66047134791785
C            4.94556022513352        0.10836927495529       -1.77827495151289
C           -0.62636761992362       -3.35049855691570       -0.71697034413638
C           -1.60546576241570       -2.71245462715766        0.26460092756296
P           -1.82968209984031       -0.98007557026955       -0.35393566964364
C           -2.90824143956822       -0.19056810228355        0.87790061635925
C           -3.31474788240922       -0.75385950416216        2.08121467669478
C           -4.11080404451491       -0.02345027974009        2.94818119610870
C           -4.50380633432882        1.26351149938317        2.62272851364199
C           -4.09803634659041        1.83153018077755        1.42399138397593
C           -3.30165161924894        1.10874933739075        0.55797669485882
C           -3.06464741956062       -1.28918192005480       -1.67793243515576
C           -2.71445114940542       -1.06949718635257       -3.00410089533303
C           -3.62182942473070       -1.32833710289114       -4.01720292596428
C           -4.88479506680810       -1.80485757324613       -3.70900382208089
C           -5.24289360256094       -2.01639259655106       -2.38560363210784
C           -4.33945893589984       -1.75914712618385       -1.37133258717834
H            1.93797653928699       -4.01633717753462       -0.39776091572787
H            1.57416231521496       -2.83813712404141        0.89010803763181
H            3.15151924890118       -2.31403520141356       -1.68947846312163
H            3.83547653377609       -2.33837507987467       -0.04668323214963
H            3.43899965535734       -1.62121664372158        2.04359583128173
H            4.35944766456390       -0.63436881212012        4.08534986349506
H            4.66566124317157        1.80587324649029        4.26360969540998
H            4.02811060833906        3.26837806605435        2.37756883732015
H            3.09587161479070        2.28052843878367        0.31276950480934
H            2.05816054892136        1.74770569744282       -2.41212389961716
H            3.57240801219563        2.97302208000921       -3.96909025908140
H            5.94662353580162        2.31439860030885       -4.13328937494822
H            6.82215298273636        0.49039032434536       -2.72787423666665
H            5.33753920286659       -0.67751679907627       -1.14692472348880
H           -1.13413049919193       -3.46414705080886       -1.68215825755689
H           -0.32300891174278       -4.34879513702919       -0.37398235281295
H           -2.55186214317369       -3.26014716623896        0.29519440750684
H           -1.17321963939263       -2.67024278682865        1.26982413153692
H           -3.01438715861171       -1.75594200322344        2.35364281125160
H           -4.42285430681158       -0.46302875807665        3.88535625287877
H           -5.12191782777320        1.82718017818981        3.30660134670242
H           -4.39784603911183        2.83866765237985        1.17196137808227
H           -2.95667496405712        1.53693452851121       -0.37814259653891
H           -1.72821689285685       -0.68200674619741       -3.22666547951802
H           -3.34320679412932       -1.14883260347516       -5.04600991953659
H           -5.59638154399939       -2.00591258541735       -4.49700411537715
H           -6.23215351327970       -2.37965450940825       -2.14562517860130
H           -4.62395584572957       -1.91126500237790       -0.33778250001336
C            0.02140765427178        1.44913398596966       -0.25359744007913
O           -0.11889334474490        2.55703357114534        0.09198391163779
C            0.25113692098837       -0.35232936599531        1.16950126693608
O            0.22296741313295       -0.26021141534390        2.32913154105498
O            0.69735780707558       -3.49949630638626       -3.60093036334306
C            0.06945839906430       -3.06334058247584       -4.54422854935962
C            0.34382052316355       -1.82074669871388       -5.25020209734239
C            1.40446390994744       -0.99630503858713       -4.86229324777034
C            1.65781307368920        0.17359723206957       -5.54926946484005
C            0.85536322772088        0.53501334832186       -6.62151739144415
C           -0.20295674697283       -0.27436138979423       -7.01160776234826
C           -0.45907023822391       -1.44805878334152       -6.33223621081336
H            0.80262449225753       -2.57031598114293       -1.90792408294076
H            0.20712163730494       -0.09197673598313       -2.08931699709881
H           -0.79776880713678       -3.62892321162504       -4.93815714911224
H            2.01741790778297       -1.27993624808850       -4.01886596586222
H            2.47904163815151        0.80463487689595       -5.24542255548991
H            1.05440108728805        1.45197255690090       -7.15654816113414
H           -0.82398271831257        0.01420123058792       -7.84707129242754
H           -1.27689352664309       -2.08907223459444       -6.63117187324608
80
 energy: -120.640257041646 gnorm: 0.001082645244 xtb: 6.7.1 (edcfbbe)
Mn           0.24741331411247       -0.26821615509593       -0.57721629711287
N            0.55792389642498       -2.49474810230543       -0.91325744996358
C            1.74559916744249       -2.95193923420706       -0.18670216117818
C            2.94106265079984       -2.11395457451705       -0.63263376696207
P            2.45409183612239       -0.32365952331335       -0.51597898677045
C            3.24305988150995        0.26376195082348        1.02246082280488
C            3.58285740035146       -0.55229222391970        2.09521434550950
C            4.09609995611735        0.00489497942139        3.25406870874188
C            4.26272655631727        1.37539981705716        3.35645355377828
C            3.90399984200374        2.19708128568328        2.29818776901182
C            3.39114499806118        1.64558157349415        1.14111991502752
C            3.60139162965881        0.46367390980032       -1.70047469231866
C            3.10951569571346        1.49319030781068       -2.49471956470488
C            3.95385582440654        2.16329387816670       -3.36373004224694
C            5.28829741118503        1.79945524653705       -3.44945303460344
C            5.78153351337193        0.77381809354874       -2.65706428494844
C            4.94598504483121        0.11160154539772       -1.77600292136055
C           -0.62549579866363       -3.35047577936695       -0.71785234193307
C           -1.60483446756313       -2.71310893052848        0.26449108529344
P           -1.82939645258427       -0.98123100122318       -0.35456201805700
C           -2.90718614588580       -0.19029562101569        0.87714775354512
C           -3.31396482649703       -0.75425703689112        2.07999933494562
C           -4.10910560683245       -0.02398249927342        2.94803089140744
C           -4.50055028292874        1.26386373320530        2.62414801376822
C           -4.09394627270399        1.83253045723137        1.42590302824060
C           -3.29886900464143        1.10984762669821        0.55857284023494
C           -3.06509493992936       -1.28981116137862       -1.67755971050847
C           -2.71578790661601       -1.06864168796598       -3.00366548807073
C           -3.62404250723907       -1.32603931673408       -4.01637338058743
C           -4.88688342591394       -1.80306275045652       -3.70804221486696
C           -5.24409841664629       -2.01591214383887       -2.38462592211693
C           -4.33999883163158       -1.75947412685189       -1.37072622700037
H            1.93889275111588       -4.01649773320300       -0.39538150068619
H            1.57488543969131       -2.83697437862554        0.89121585648738
H            3.14998185351828       -2.31512659434408       -1.69048201593987
H            3.83695232616839       -2.33746211952224       -0.04884637184353
H            3.44330755751940       -1.62417208061987        2.04269196438972
H            4.36055159489693       -0.63542512807686        4.08430780332797
H            4.66127420537761        1.80469194951758        4.26420494023566
H            4.01815783019502        3.26874367955575        2.38055451502013
H            3.08962422084973        2.27882020243330        0.31434042524304
H            2.05707123803974        1.74643937431916       -2.41641906828066
H            3.57201507611578        2.97158099153362       -3.97178846480603
H            5.94770056213680        2.31771256577938       -4.13074307907435
H            6.82391929292860        0.49556959775414       -2.72167842554304
H            5.33782951779897       -0.67294251256465       -1.14289896335276
H           -1.13370938826543       -3.46196351526087       -1.68305095643855
H           -0.32280402321477       -4.34946830145806       -0.37658589914101
H           -2.55049882076697       -3.26210263404470        0.29521161869695
H           -1.17202316667049       -2.67087278479523        1.26953060281131
H           -3.01487915091888       -1.75703198587551        2.35142017091920
H           -4.42163949708873       -0.46398557541067        3.88493281031570
H           -5.11803119950246        1.82756846353504        3.30856369000218
H           -4.39233375174017        2.84041171261872        1.17564510015394
H           -2.95456241486706        1.53940864075487       -0.37699023664324
H           -1.72963259098934       -0.68167602554240       -3.22703670173566
H           -3.34665593335353       -1.14516418358850       -5.04529891308276
H           -5.59867855961180       -2.00328121202008       -4.49608787382029
H           -6.23321156001372       -2.37933921170309       -2.14409893430444
H           -4.62411456254491       -1.91225755190576       -0.33724870828705
C            0.02058310798731        1.44876980143622       -0.25646209367176
O           -0.12079019168253        2.55686379308877        0.08846252966659
C            0.25191845923351       -0.35210323737624        1.16794228044495
O            0.22470292797720       -0.25782226433102        2.32747566662236
O            0.70465404239422       -3.50111553318405       -3.60371412279424
C            0.07227271088043       -3.06474055184748       -4.54377541905958
C            0.34486179036110       -1.82289106683650       -5.25180298719721
C            1.40633428678837       -0.99899919476898       -4.86540149310764
C            1.65902169643127        0.17153354163947       -5.55176133208666
C            0.85484595110947        0.53419366610727       -6.62190782204122
C           -0.20428903863194       -0.27489591030630       -7.01113907483628
C           -0.45949057654063       -1.44914285557095       -6.33232516218244
H            0.80493290376095       -2.57126183103483       -1.90732724783113
H            0.20505503544913       -0.09423316745612       -2.09131927189280
H           -0.79775526830674       -3.62938319142125       -4.93387285474117
H            2.02017967649510       -1.28408551661273       -4.02337772918688
H            2.48082984185759        0.80209882302719       -5.24873481999089
H            1.05252133506202        1.45174521626178       -7.15632761924641
H           -0.82655176049994        0.01455445732561       -7.84507755760080
H           -1.27810884885795       -2.08913693253098       -6.63098865256586
80
 energy: -120.640266819781 gnorm: 0.001295198121 xtb: 6.7.1 (edcfbbe)
Mn           0.24700037002737       -0.26923090325259       -0.58167294379218
N            0.55925077548752       -2.49540291139398       -0.91494064772327
C            1.74619438714837       -2.95025100068773       -0.18565678104954
C            2.94107012469263       -2.11320043164635       -0.63473058376374
P            2.45353209415259       -0.32334680467848       -0.51818339769108
C            3.24098964436619        0.26119553819925        1.02177299968983
C            3.58300739273152       -0.55503437265587        2.09254648194577
C            4.09403717725818        0.00157774861713        3.25287757069836
C            4.25521646868647        1.37253515261142        3.35890105711626
C            3.89287197509909        2.19484080535423        2.30305598553384
C            3.38331826560808        1.64308835096257        1.14417164663699
C            3.60118780057698        0.46656585813828       -1.70047604804273
C            3.10791293321158        1.49223059271237       -2.49867974282011
C            3.95248009326105        2.16371088518193       -3.36635740668512
C            5.28858344500245        1.80526335747890       -3.44685138293657
C            5.78339481408262        0.78357848322126       -2.65021643847257
C            4.94744100234089        0.11977502353256       -1.77083375688440
C           -0.62434873780913       -3.35068099672894       -0.72080402687467
C           -1.60270348161054       -2.71463252995051        0.26362841933966
P           -1.82903414164411       -0.98348230232129       -0.35635012146856
C           -2.90469831413698       -0.19075333261512        0.87594190205309
C           -3.31347726861315       -0.75586969139030        2.07749816759651
C           -4.10570779451185       -0.02455075870895        2.94725819956948
C           -4.49193823036237        1.26563846529893        2.62639733928515
C           -4.08326556857737        1.83527976113659        1.42930848520766
C           -3.29154667418927        1.11142893731901        0.55996273475490
C           -3.06653032781707       -1.29175491952916       -1.67741005085430
C           -2.71968027619288       -1.06713520770041       -3.00361088759789
C           -3.62971363906321       -1.32203220360231       -4.01525506767146
C           -4.89185351764088       -1.80034553222470       -3.70588524087114
C           -5.24651891784139       -2.01683400775462       -2.38235182569564
C           -4.34070191954757       -1.76256616828884       -1.36944890601500
H            1.93962079326805       -4.01561579764463       -0.39024920414097
H            1.57489673533673       -2.83150692548309        0.89175427704160
H            3.14747971780392       -2.31552381810243       -1.69291061244234
H            3.83836302202111       -2.33575720518212       -0.05283848693622
H            3.44668687214278       -1.62694841093327        2.03835855296466
H            4.36118554904127       -0.63974274996903        4.08146710519380
H            4.65179506716308        1.80117192166962        4.26795954605297
H            4.00142907182039        3.26692570310369        2.38892163343370
H            3.07906882013989        2.27633471160405        0.31865953783887
H            2.05422654038640        1.74177082357028       -2.42457014425108
H            3.56931254329537        2.96885342190844       -3.97775932653196
H            5.94810499220327        2.32526142146587       -4.12669561522232
H            6.82722963145186        0.50979518125031       -2.70991226748959
H            5.34013461391254       -0.66160238032130       -1.13432501887868
H           -1.13360074145210       -3.45829847983833       -1.68590578633370
H           -0.32252977883884       -4.35103221009729       -0.38297215716883
H           -2.54751063376522       -3.26498838966015        0.29599251612362
H           -1.16824070307698       -2.67175807156812        1.26790960433835
H           -3.01790701164874       -1.76021594524882        2.34680653432299
H           -4.42007586784670       -0.46540428978202        3.88315516250212
H           -5.10700791442142        1.83033414314224        3.31210385574814
H           -4.37753360260243        2.84497619399892        1.18173026986710
H           -2.94659828711195        1.54200466275900       -0.37474891334250
H           -1.73402482624814       -0.67967029198315       -3.22805197993697
H           -3.35454827122231       -1.13817326391240       -5.04424226901672
H           -5.60494385753734       -1.99844305261563       -4.49331084162627
H           -6.23497332927975       -2.38131592633707       -2.14083216763645
H           -4.62293853308117       -1.91800826491486       -0.33584075018854
C            0.01769739486680        1.44830137296652       -0.26469826436043
O           -0.12700737187371        2.55690229221855        0.07715510056998
C            0.25169449554201       -0.35072071549379        1.16370348712359
O            0.22574597113037       -0.25556953932603        2.32314561580964
O            0.71716642755682       -3.50345300790158       -3.60475410581035
C            0.07813872828817       -3.06632432900343       -4.53990722682567
C            0.34817805163645       -1.82556984846623       -5.25091215090586
C            1.41231581296746       -1.00256242161006       -4.86997762500070
C            1.66279291224338        0.16768792701190       -5.55778724261690
C            0.85379352057692        0.53088954275721       -6.62400802774645
C           -0.20783664737058       -0.27763600818353       -7.00817353177935
C           -0.46094838842817       -1.45137508167568       -6.32771380659728
H            0.80875401060596       -2.57381421136147       -1.90817051858737
H            0.20569794573087       -0.09802469899213       -2.09611767104904
H           -0.79692438028396       -3.62878763726365       -4.92231027215595
H            2.02987706797068       -1.28847828018088       -4.03092255996561
H            2.48657886759806        0.79762676076809       -5.25876499194175
H            1.04927963579336        1.44831011873367       -7.15955858438435
H           -0.83383040077372        0.01217026434207       -7.83915753782518
H           -1.28161355958084       -2.09055586401081       -6.62262271442946
80
 energy: -120.640276575836 gnorm: 0.000656934720 xtb: 6.7.1 (edcfbbe)
Mn           0.24719530006054       -0.27046097491209       -0.58251022722591
N            0.55974621018831       -2.49639767641364       -0.91478830600146
C            1.74656491776779       -2.95084262806735       -0.18532567597005
C            2.94152953560031       -2.11397273069303       -0.63472340075637
P            2.45388765937853       -0.32402822795117       -0.51861293383040
C            3.23985397607831        0.26139616538767        1.02206694184047
C            3.58228352688034       -0.55542434168857        2.09301941111202
C            4.09413527862651        0.00076625648588        3.25306700339807
C            4.25518618602255        1.37153744408123        3.35924950439339
C            3.89244339089624        2.19417806077389        2.30331988775975
C            3.38302520650555        1.64313362579360        1.14417592023987
C            3.60219035989473        0.46575176646232       -1.70032483478555
C            3.10899742027593        1.49112769681389       -2.49889551870068
C            3.95381582288079        2.16283772762737       -3.36624079228749
C            5.28992504140522        1.80467351588467       -3.44586166097604
C            5.78452701704295        0.78312076885799       -2.64901930048219
C            4.94844257161452        0.11923390604896       -1.76980693808122
C           -0.62394794850036       -3.35135902399440       -0.72031456015676
C           -1.60206931983505       -2.71458324015192        0.26377893799094
P           -1.82878938939979       -0.98365763542885       -0.35675684675546
C           -2.90395831548926       -0.19062537230410        0.87573005594433
C           -3.31338886366511       -0.75514583728551        2.07742706069917
C           -4.10594037554830       -0.02331946108776        2.94649898763255
C           -4.49178882857088        1.26677939177318        2.62490554049778
C           -4.08301811144911        1.83574635306576        1.42755494041514
C           -3.29101326937754        1.11128246715248        0.55885822627335
C           -3.06686961729323       -1.29310667815296       -1.67715774283111
C           -2.72098617404554       -1.06879950582664       -3.00368957449292
C           -3.63170511674194       -1.32374633700356       -4.01459351670913
C           -4.89366573714471       -1.80183042862963       -3.70412422196841
C           -5.24727425923524       -2.01846033848943       -2.38037567534131
C           -4.34066137872430       -1.76439236714837       -1.36820628682808
H            1.93968406042432       -4.01611757416561       -0.38897561389816
H            1.57561882099008       -2.83067914725246        0.89185838183909
H            3.14862409886655       -2.31653070722946       -1.69263594054925
H            3.83858285163778       -2.33661185772794       -0.05225379867908
H            3.44674857455916       -1.62734201533907        2.03812774224763
H            4.36086417300960       -0.64056577088581        4.08170110056812
H            4.65182082604729        1.80010247542267        4.26838629651458
H            4.00068834253034        3.26601342801860        2.38924460371981
H            3.07701071779272        2.27704438360251        0.31962586581196
H            2.05531376291859        1.73996931402081       -2.42545037190144
H            3.57092718738524        2.96804265198201       -3.97773024599442
H            5.94972776631208        2.32424986756005       -4.12576962378505
H            6.82827622973884        0.50930157691737       -2.70895331173676
H            5.34088148859634       -0.66243673451193       -1.13351027320397
H           -1.13301887075013       -3.45962355302665       -1.68542443824911
H           -0.32241048782469       -4.35154062690110       -0.38165786873496
H           -2.54697361700122       -3.26474694124266        0.29673650613468
H           -1.16755966319241       -2.67123189605204        1.26800163415483
H           -3.01812431336632       -1.75950983863713        2.34697107996021
H           -4.42069069547434       -0.46391256949281        3.88233500960970
H           -5.10671798121871        1.83207743530033        3.31033905731893
H           -4.37718966161843        2.84535762025270        1.17894347401085
H           -2.94554665465719        1.54104106795039       -0.37612649279591
H           -1.73556772787664       -0.68063837420817       -3.22851130289331
H           -3.35696012466918       -1.14015324424200       -5.04369002615982
H           -5.60741712519510       -1.99981250848968       -4.49088640903487
H           -6.23555699261541       -2.38292102491869       -2.13816516137975
H           -4.62213392369924       -1.91992362000627       -0.33434412698031
C            0.01779309181916        1.44765914368856       -0.26919689042675
O           -0.12388690806383        2.55729071807326        0.07028796380561
C            0.25289886799320       -0.34847076448175        1.16318538780490
O            0.22311280552596       -0.25130455580747        2.32252647653690
O            0.71822574096955       -3.50154328710677       -3.60563067800450
C            0.07865394543955       -3.06478241923744       -4.54070866026022
C            0.34784062940183       -1.82349455846356       -5.25117994458261
C            1.41194747281018       -1.00024201983067       -4.87034016012670
C            1.66156483903259        0.17028197631901       -5.55776859392392
C            0.85195940207064        0.53343613116848       -6.62381057062075
C           -0.20941900895449       -0.27536573422774       -7.00767591612790
C           -0.46199616345180       -1.44934615984224       -6.32745204111333
H            0.80927878514319       -2.57465788961646       -1.90796708846350
H            0.20938466289547       -0.10082756570419       -2.09738220649282
H           -0.79666908884047       -3.62746335013234       -4.92137649598620
H            2.03007785096958       -1.28630508279949       -4.03156494964471
H            2.48521992252433        0.80044407120453       -5.25875129488776
H            1.04714980917065        1.45103242114217       -7.15931187890280
H           -0.83574922334765        0.01436725388743       -7.83866661851060
H           -1.28254055063106       -2.08897825506949       -6.62201983167873
80
 energy: -120.640286868216 gnorm: 0.001952105206 xtb: 6.7.1 (edcfbbe)
Mn           0.24868581894204       -0.27173721268886       -0.58481757302208
N            0.56068838475735       -2.49784503674151       -0.91409591943871
C            1.74736839416552       -2.95179494576796       -0.18447977167568
C            2.94267403197234       -2.11557614584726       -0.63464755301649
P            2.45502144882845       -0.32552740599587       -0.51895695406911
C            3.23910233115420        0.26118687035406        1.02255577424537
C            3.58235931845211       -0.55678421038575        2.09334165333221
C            4.09470828876572       -0.00145206447824        3.25338182651682
C            4.25555652168828        1.36905348461720        3.36021002914766
C            3.89170437001638        2.19244019319931        2.30465379573247
C            3.38208020376681        1.64271884855890        1.14512756014898
C            3.60387855566395        0.46440969114466       -1.69995211684487
C            3.11052216527928        1.48929874148649       -2.49902910189014
C            3.95558497183687        2.16168136879919       -3.36576163200069
C            5.29178958547897        1.80419901666247       -3.44408672492281
C            5.78632382779163        0.78284028377439       -2.64704750089111
C            4.95020404047275        0.11853103398600       -1.76816331526895
C           -0.62301035457629       -3.35254581144406       -0.71916316449022
C           -1.60096195678928       -2.71471439492991        0.26420458156000
P           -1.82797754056156       -0.98429786613659       -0.35776767436382
C           -2.90267711286482       -0.19070584693676        0.87484063010930
C           -3.31355137385421       -0.75406181120268        2.07674875263855
C           -4.10655974600711       -0.02114681740348        2.94454618167144
C           -4.49159968621781        1.26881143119450        2.62157436573866
C           -4.08226370534741        1.83653470646311        1.42389574179149
C           -3.28968157377626        1.11089665880612        0.55651987982981
C           -3.06769173542204       -1.29521302370614       -1.67655148933036
C           -2.72389863781325       -1.07105614769650       -3.00368620766430
C           -3.63601348411042       -1.32623696643976       -4.01314056718272
C           -4.89754406027975       -1.80408746456434       -3.70050309857283
C           -5.24895607928561       -2.02112184713927       -2.37629322108851
C           -4.34069997116190       -1.76741152701161       -1.36559502239886
H            1.93992496238502       -4.01700725290416       -0.38655057196264
H            1.57711452551118       -2.82922805254201        0.89238924550937
H            3.15049915778784       -2.31836251912798       -1.69224270533217
H            3.83946985565549       -2.33846537924309       -0.05152200528112
H            3.44728504905447       -1.62858573169356        2.03714742957778
H            4.36127648776101       -0.64310646420516        4.08171845439731
H            4.65272818270870        1.79735806394858        4.26930779239446
H            3.99971193394683        3.26391692299554        2.39085977839306
H            3.07394228872819        2.27783003125557        0.32203123833358
H            2.05670967396883        1.73667539164590       -2.42676409237524
H            3.57291186988434        2.96684623786431       -3.97743000531857
H            5.95206508967350        2.32357225908876       -4.12372255727208
H            6.83014157466179        0.50960923359175       -2.70706899075562
H            5.34254187162469       -0.66322981705424       -1.13194105945425
H           -1.13170999284022       -3.46200307534132       -1.68431831557203
H           -0.32184745331507       -4.35240672784138       -0.37906842625490
H           -2.54599254213217       -3.26464048497743        0.29816605685142
H           -1.16633736172621       -2.67028808538016        1.26831702325620
H           -3.01875555400949       -1.75836822229623        2.34698278869254
H           -4.42218923651503       -0.46119623422045        3.88027623288973
H           -5.10652208379641        1.83516127157553        3.30630986828203
H           -4.37623827780389        2.84590415875844        1.17332269433531
H           -2.94318178293836        1.53916219380629       -0.37890396366187
H           -1.73876879077116       -0.68214957638644       -3.22931811714253
H           -3.36231567637834       -1.14294735506118       -5.04250131659039
H           -5.61276773801957       -2.00156191630262       -4.48594537674793
H           -6.23686915891588       -2.38562321703453       -2.13266827712012
H           -4.62044922316513       -1.92351839416749       -0.33127108042951
C            0.02343363841259        1.44796429011634       -0.27794890262496
O           -0.11996428908388        2.55854018597506        0.05736749669149
C            0.24877527933074       -0.34525281994244        1.16145687432507
O            0.22267553193835       -0.24220956208034        2.32056568201837
O            0.72092006587953       -3.49797317371045       -3.60689258343243
C            0.07930229580595       -3.06129334413484       -4.54085456555222
C            0.34756609827454       -1.81985830476228       -5.25147185961614
C            1.41191880174191       -0.99636308301082       -4.87134214706576
C            1.65991343540419        0.17461025248125       -5.55821886423488
C            0.84902063213678        0.53769716824578       -6.62370942438177
C           -0.21203307647058       -0.27154909737742       -7.00677247932471
C           -0.46364111169285       -1.44586652981157       -6.32673602983580
H            0.81021529208952       -2.57586911922103       -1.90723515158138
H            0.20715820783672       -0.10766081312797       -2.10053327177937
H           -0.79509127505528       -3.62563826834991       -4.91989786366456
H            2.03113243676379       -1.28266648543420       -4.03320560442716
H            2.48336557710441        0.80520488480893       -5.25942385686314
H            1.04356915706558        1.45561596158160       -7.15907338663332
H           -0.83919530493998        0.01811795117171       -7.83749521327232
H           -1.28416362430734       -2.08613890385673       -6.62032659639268
80
 energy: -120.640300480088 gnorm: 0.001877434474 xtb: 6.7.1 (edcfbbe)
Mn           0.24906588803937       -0.27231923136650       -0.58867916879670
N            0.56171490282829       -2.49902817766849       -0.91270501399909
C            1.74847038563939       -2.95260492738726       -0.18297134306588
C            2.94404813097406       -2.11719487590676       -0.63415767532116
P            2.45566675636465       -0.32737705929204       -0.51918726186253
C            3.23974437586577        0.25960680688291        1.02235043991059
C            3.58365414533051       -0.55881174243776        2.09239066940123
C            4.09490742157453       -0.00397770814015        3.25314044196417
C            4.25562321525686        1.36654302390400        3.36083913470118
C            3.89065657689504        2.19036111261038        2.30625501097587
C            3.38022696522454        1.64117990549067        1.14667362106416
C            3.60508084519888        0.46314354229777       -1.69933192167214
C            3.11160219917743        1.48769790472364       -2.49884466492861
C            3.95688080651332        2.16065401847624       -3.36495030001680
C            5.29331517664010        1.80373809845717       -3.44245109298670
C            5.78791765077197        0.78251719937281       -2.64519239147127
C            4.95164521230690        0.11778163680200       -1.76674684936739
C           -0.62178245496687       -3.35383789220919       -0.71740969553196
C           -1.59984188286114       -2.71524978389381        0.26530201494673
P           -1.82721614927984       -0.98552036455547       -0.35838217835516
C           -2.90200051210772       -0.19086726251142        0.87350570693081
C           -3.31395632842698       -0.75303709519622        2.07560367602142
C           -4.10711270707704       -0.01895653754129        2.94224802136227
C           -4.49153766167150        1.27082972882125        2.61785685964763
C           -4.08117256685259        1.83740408501893        1.42004516046087
C           -3.28821036172235        1.11069380329606        0.55396348081661
C           -3.06857707825092       -1.29704234460076       -1.67557919772885
C           -2.72702339022254       -1.07246463043654       -3.00323639203523
C           -3.64056771497494       -1.32815303599405       -4.01133535420155
C           -4.90150253005123       -1.80627991174496       -3.69669314471504
C           -5.25069549685621       -2.02362601019140       -2.37193428521830
C           -4.34086060286988       -1.76982718556694       -1.36265577941204
H            1.94083314180852       -4.01807121722563       -0.38397940118055
H            1.57849833940416       -2.82868869160040        0.89384694006282
H            3.15144594563311       -2.32032832828410       -1.69175734887292
H            3.84099018818849       -2.33994980850282       -0.05119039733881
H            3.44784873939206       -1.63042563008342        2.03549395325152
H            4.36238486215101       -0.64620669093647        4.08080171588851
H            4.65355555008301        1.79460528330222        4.26968134969764
H            3.99874210356619        3.26189488876109        2.39302758443463
H            3.07273400874146        2.27683661786659        0.32385856541142
H            2.05745697728790        1.73415898972694       -2.42748636779093
H            3.57416529916027        2.96553393368757       -3.97696437936739
H            5.95406761451534        2.32377080404880       -4.12114997712244
H            6.83211727497008        0.51043204787408       -2.70433413739341
H            5.34417874884795       -0.66331451806416       -1.12985331387239
H           -1.13031874303243       -3.46421679293404       -1.68256829718749
H           -0.32060742996943       -4.35339912795435       -0.37635892984717
H           -2.54482945143411       -3.26522265959079        0.29997185481401
H           -1.16498133598836       -2.66957337237241        1.26929310666249
H           -3.01943327623716       -1.75714966679470        2.34694550996722
H           -4.42357028684690       -0.45820966909952        3.87809058123548
H           -5.10688871695038        1.83792635202487        3.30160387581729
H           -4.37479160649600        2.84644376394117        1.16796569984570
H           -2.94090131719739        1.53778184050978       -0.38172166887139
H           -1.74209004033607       -0.68377602091484       -3.23007977805532
H           -3.36841473236090       -1.14482966573639       -5.04111166212437
H           -5.61819344056211       -2.00338719040457       -4.48094364574854
H           -6.23815081949292       -2.38839981528717       -2.12681078705365
H           -4.61878405222827       -1.92662225822411       -0.32795984193818
C            0.02116410699426        1.44786913507463       -0.28674824136372
O           -0.11351448540645        2.56085147197971        0.04460928524661
C            0.24888564941757       -0.34148948618330        1.15801764826927
O            0.21959855317380       -0.23461885211416        2.31661873579401
O            0.72396579307527       -3.49447448077983       -3.60756963324266
C            0.08054711908463       -3.05787499985034       -4.54046582152583
C            0.34761456781660       -1.81654931213802       -5.25160168012125
C            1.41206410259530       -0.99270754830538       -4.87247609953925
C            1.65860253695441        0.17863310710859       -5.55916963442547
C            0.84637052426040        0.54167157073796       -6.62369612454818
C           -0.21454684287575       -0.26801000749123       -7.00588874953431
C           -0.46495931902194       -1.44265498638149       -6.32584608823212
H            0.81121558211684       -2.57723180956421       -1.90588079598219
H            0.20814531409816       -0.11089714593579       -2.10477372965761
H           -0.79363930842227       -3.62311570010005       -4.91845636706851
H            2.03231795464504       -1.27916419786572       -4.03523926748730
H            2.48190340280852        0.80968696381818       -5.26098648618095
H            1.03987681560469        1.46000792207869       -7.15866286954457
H           -0.84281626003492        0.02169829922297       -7.83574526327673
H           -1.28560190768721       -2.08317419971542       -6.61837399009503
80
 energy: -120.640291572624 gnorm: 0.003924014264 xtb: 6.7.1 (edcfbbe)
Mn           0.24752998364734       -0.27440856009423       -0.59550304284852
N            0.56385040859080       -2.50180706464604       -0.90989020853010
C            1.75085986150740       -2.95403735417732       -0.17953015674519
C            2.94610383510106       -2.11943532327987       -0.63314188965577
P            2.45558551658851       -0.33024432461312       -0.52036970420628
C            3.24043794343505        0.25534479510860        1.02149294622256
C            3.58575211918645       -0.56356446297256        2.08953707224057
C            4.09547939657819       -0.00979091351504        3.25160652415732
C            4.25573765133968        1.36097909315213        3.36142310676222
C            3.88870973620623        2.18559190234579        2.30923807360498
C            3.37650524482889        1.63704249044246        1.14962842602512
C            3.60694166200697        0.46099928158138       -1.69836405021352
C            3.11347465612179        1.48489069319622       -2.49882032828828
C            3.95931605084225        2.15890760370444       -3.36341080495443
C            5.29640430330476        1.80333275182514       -3.43910723631541
C            5.79111357421305        0.78252486044601       -2.64109968556105
C            4.95419242883362        0.11685320531006       -1.76395406417859
C           -0.61919621825158       -3.35684554092252       -0.71345125742568
C           -1.59760627408619       -2.71682990255242        0.26813184983948
P           -1.82661770977732       -0.98888449162237       -0.35947491674879
C           -2.90078984924364       -0.19084643608345        0.87069075462849
C           -3.31468389925444       -0.75062658236800        2.07307628940955
C           -4.10836971801755       -0.01429485086496        2.93719838854394
C           -4.49175640824819        1.27507646623670        2.60977604305324
C           -4.07872098028876        1.83940214458399        1.41186587219856
C           -3.28490154914128        1.11068660990142        0.54853596680562
C           -3.07091122294529       -1.30132565102970       -1.67353980566978
C           -2.73391567185831       -1.07520361669918       -3.00208433737507
C           -3.65064901545416       -1.33132794438698       -4.00742440926176
C           -4.91024956138551       -1.81041652245999       -3.68888845974130
C           -5.25488610160981       -2.02871019309082       -2.36300005872362
C           -4.34182254998860       -1.77476764250793       -1.35659683087075
H            1.94352060163607       -4.02028125274864       -0.37855668503377
H            1.58085485248108       -2.82833539405497        0.89735994061912
H            3.15167084956245       -2.32390304460653       -1.69093044480588
H            3.84384486713111       -2.34117092485813       -0.05131849151711
H            3.44929257667061       -1.63499643703012        2.03131649892284
H            4.36543105870262       -0.65342201674394        4.07762371578320
H            4.65491596500967        1.78833451438620        4.26991431159892
H            3.99625939619077        3.25759358200683        2.39789132724537
H            3.07091880580920        2.27341763752082        0.32711987045620
H            2.05857607560898        1.73026638230988       -2.42893810350230
H            3.57640621538418        2.96314158078936       -3.97613927835045
H            5.95800831591198        2.32507709851628       -4.11569152185108
H            6.83615243872790        0.51260469376586       -2.69788817075027
H            5.34705274751961       -0.66272387601640       -1.12541515385702
H           -1.12772289189227       -3.46894625010081       -1.67848570545950
H           -0.31753108730617       -4.35571554981107       -0.37078271428655
H           -2.54219783906406       -3.26733943079850        0.30426653820412
H           -1.16212431184759       -2.66821262197260        1.27183088935569
H           -3.02101376264036       -1.75439981898661        2.34687012780386
H           -4.42657352023568       -0.45161724054665        3.87345409870992
H           -5.10835588734492        1.84344237882066        3.29122333408645
H           -4.37121621560472        2.84786322262985        1.15736324532835
H           -2.93589385264194        1.53576675076894       -0.38738991716742
H           -1.74959497416577       -0.68702456918965       -3.23174570348448
H           -3.38223201341333       -1.14732749806415       -5.03815122781297
H           -5.62971948875541       -2.00722156370972       -4.47087347521601
H           -6.24129359101766       -2.39427701044911       -2.11473035908009
H           -4.61602200739954       -1.93270629709840       -0.32118320376929
C            0.03232342788266        1.44939846024430       -0.30422672596801
O           -0.11002267389177        2.56400892692552        0.01899129115828
C            0.25322040245452       -0.33322416759124        1.15174052338506
O            0.20952445067946       -0.22005187085264        2.30903285803649
O            0.73058833210929       -3.48767939775381       -3.60841792289108
C            0.08469487978468       -3.05181793789108       -4.54001592337937
C            0.34835040781037       -1.81030986622789       -5.25175248285027
C            1.41279609719464       -0.98555639696021       -4.87493582840283
C            1.65645278468620        0.18645534555117       -5.56166142167448
C            0.84123024882369        0.54942135681295       -6.62366991514381
C           -0.21972397640538       -0.26113769208930       -7.00386860689116
C           -0.46727767645449       -1.43645850794666       -6.32368533134345
H            0.81341175234338       -2.58096016201304       -1.90312576726788
H            0.21582044171821       -0.11592712269509       -2.11215559357329
H           -0.79173500956649       -3.61642047684594       -4.91453175136731
H            2.03530183906090       -1.27222747426376       -4.03983786169624
H            2.47965987282383        0.81837742385105       -5.26530924380651
H            1.03220014658800        1.46860780495240       -7.15781027904769
H           -0.85049074863486        0.02858785146597       -7.83149348731767
H           -1.28823530458232       -2.07719343050736       -6.61412417998029
80
 energy: -120.640324371372 gnorm: 0.002171154698 xtb: 6.7.1 (edcfbbe)
Mn           0.24906888995909       -0.27570748688775       -0.59450805995903
N            0.56453672926919       -2.50303527633857       -0.90975936873095
C            1.75142945751407       -2.95451907283761       -0.17875250656496
C            2.94624330752330       -2.11989039523892       -0.63316339384132
P            2.45646741418459       -0.33056341968856       -0.52133181819520
C            3.23923900272794        0.25418150901263        1.02183381740317
C            3.58481176060682       -0.56473543143645        2.08959428704589
C            4.09614540102173       -0.01126765481271        3.25111655089637
C            4.25571842484045        1.35961937223541        3.36133625566375
C            3.88852015058893        2.18439131937861        2.30942458352555
C            3.37675673862508        1.63580563122137        1.14960011866697
C            3.60808469071885        0.46067058319909       -1.69878365892534
C            3.11463405499945        1.48432992103508       -2.49941167105606
C            3.96064340851823        2.15857935627518       -3.36350522177894
C            5.29800074598116        1.80371874159806       -3.43834363296011
C            5.79273383231624        0.78325890885201       -2.63987742518867
C            4.95552131831873        0.11722469292786       -1.76338504723423
C           -0.61873069267981       -3.35753277973152       -0.71252954103618
C           -1.59690330206767       -2.71628720946961        0.26866819538589
P           -1.82617084304060       -0.98888851548380       -0.36057560376609
C           -2.89982655209447       -0.19006904143381        0.86962250404829
C           -3.31404577124156       -0.74946858881433        2.07202886601837
C           -4.10842834918988       -0.01300211271222        2.93542723387330
C           -4.49185760418291        1.27619994287086        2.60735040181669
C           -4.07817226898238        1.84011767458979        1.40941466806976
C           -3.28395991261006        1.11121063202745        0.54667996078831
C           -3.07125290357590       -1.30312174077111       -1.67334569399435
C           -2.73550727329368       -1.07663387787589       -3.00208640488165
C           -3.65343396124817       -1.33212509248198       -4.00651007519239
C           -4.91263130592905       -1.81153797792149       -3.68693146217060
C           -5.25594952023408       -2.03030802080911       -2.36076302493479
C           -4.34190697438318       -1.77649490848755       -1.35522006021172
H            1.94416595955344       -4.02106026495002       -0.37701948089608
H            1.58108460307240       -2.82851158742266        0.89810812777481
H            3.15103706362625       -2.32522698079471       -1.69097852888530
H            3.84431507557582       -2.34107581103176       -0.05185813783080
H            3.45035271182616       -1.63645891509416        2.03088036130660
H            4.36633414923479       -0.65507247197908        4.07693216022106
H            4.65444321219605        1.78670599165476        4.27013754759256
H            3.99477988575430        3.25654777938498        2.39885730053491
H            3.06982707180542        2.27216519420386        0.32761995435939
H            2.05964309443437        1.72981445777572       -2.42959414300306
H            3.57769230853127        2.96277233413947       -3.97624881713088
H            5.95951126455753        2.32553739436503       -4.11489969183108
H            6.83773576138722        0.51313572640106       -2.69633650558149
H            5.34808597097785       -0.66253603194053       -1.12486383140718
H           -1.12742781656349       -3.47014143674277       -1.67742437031439
H           -0.31711182154041       -4.35617417064718       -0.36922033762115
H           -2.54131502013236       -3.26702321911023        0.30544207077961
H           -1.16134846404150       -2.66689801081363        1.27231866503140
H           -3.02088699930189       -1.75326401813373        2.34632369268002
H           -4.42698824612921       -0.44976819566479        3.87184992088387
H           -5.10878923334314        1.84472354452739        3.28829482683100
H           -4.37018455624909        2.84866198518168        1.15490243229536
H           -2.93447882814516        1.53623208865098       -0.38904853805761
H           -1.75177846081766       -0.68770556664967       -3.23277261938799
H           -3.38638051503717       -1.14761276378416       -5.03751772984786
H           -5.63258405393008       -2.00884727157848       -4.46835319769979
H           -6.24202694606989       -2.39612798214836       -2.11155365464894
H           -4.61529860586126       -1.93408389332820       -0.31956535467306
C            0.02794121205127        1.44797909727320       -0.30687177644843
O           -0.10819420233739        2.56433680130870        0.01305899389714
C            0.24965545982941       -0.33239246333459        1.15256997384604
O            0.21131722748275       -0.21577474799375        2.30957994327992
O            0.73218646147228       -3.48628049328829       -3.60867091950839
C            0.08639156178824       -3.05072516364832       -4.54031319991179
C            0.34875917162906       -1.80876505779222       -5.25170959260180
C            1.41320247657857       -0.98372560049166       -4.87561480287975
C            1.65604342554626        0.18849481816068       -5.56243577818536
C            0.83977671886113        0.55148766913569       -6.62348319241924
C           -0.22140890045401       -0.25929221369346       -7.00299795650533
C           -0.46791473197405       -1.43480749714461       -6.32283612809347
H            0.81428498178032       -2.58301937038458       -1.90289217489891
H            0.21618464938841       -0.12020073522254       -2.11153284327739
H           -0.79202863900323       -3.61374900016816       -4.91320674081509
H            2.03640906574110       -1.27033442514424       -4.04108743512717
H            2.47942854051530        0.82053381453885       -5.26685903331353
H            1.02995226679942        1.47079026836716       -7.15767554157286
H           -0.85285230378379        0.03026616070610       -7.83004213129796
H           -1.28890044001958       -2.07560521680329       -6.61299939989395
80
 energy: -120.640340334944 gnorm: 0.001117150412 xtb: 6.7.1 (edcfbbe)
Mn           0.25115198234843       -0.27682554097140       -0.59618587313222
N            0.56544519867497       -2.50494149584281       -0.90897521462035
C            1.75243881465055       -2.95539863720574       -0.17765444383049
C            2.94666615337365       -2.12115905772191       -0.63390521028038
P            2.45790443440232       -0.33169957016545       -0.52192752102354
C            3.23858878158346        0.25238170457722        1.02239565564920
C            3.58492891799234       -0.56692780528301        2.08997737648022
C            4.09766581581928       -0.01380458218246        3.25094101265182
C            4.25537588917514        1.35713210779808        3.36176214743777
C            3.88746669082804        2.18231952986182        2.30996941796980
C            3.37735581182839        1.63396050883606        1.14953520521015
C            3.60966565405683        0.45991891077005       -1.69870388843996
C            3.11648541183151        1.48330496705934       -2.49980885907131
C            3.96290696204585        2.15789282112306       -3.36322686674719
C            5.30056404989662        1.80417109200935       -3.43652194968583
C            5.79504957474060        0.78421620303219       -2.63739467168598
C            4.95734850100484        0.11763144966382       -1.76183200717829
C           -0.61804667609525       -3.35877465886953       -0.71045976326788
C           -1.59590713299615       -2.71591671680757        0.27006960549331
P           -1.82504807613779       -0.98940254706446       -0.36190528833561
C           -2.89809440802969       -0.18882048675521        0.86783818303264
C           -3.31327332167195       -0.74739768380397        2.07026804208080
C           -4.10859692680036       -0.01042472464983        2.93246514626846
C           -4.49173376106695        1.27855857273085        2.60322171208957
C           -4.07693164535354        1.84165624567343        1.40519651477584
C           -3.28208151830770        1.11212422220062        0.54349315741440
C           -3.07163769659705       -1.30583667965409       -1.67277246555575
C           -2.73818202252595       -1.07885202258843       -3.00198524655309
C           -3.65805856385834       -1.33371586681333       -4.00474985842928
C           -4.91646533953302       -1.81388567902766       -3.68325850549894
C           -5.25743699677722       -2.03343465133677       -2.35664682736725
C           -4.34174863653063       -1.77963254162171       -1.35266321443517
H            1.94514032956150       -4.02218107877527       -0.37454668422240
H            1.58227790927218       -2.82829561827243        0.89902769312309
H            3.15007020732878       -2.32752954303930       -1.69180412646813
H            3.84550922265239       -2.34167957929370       -0.05361509324581
H            3.45256658119744       -1.63898293679212        2.03115862844306
H            4.36793048899347       -0.65767020371284        4.07654640715774
H            4.65360204973244        1.78370039092393        4.27108222673280
H            3.99239447527303        3.25435069300222        2.39992878602184
H            3.06773711488832        2.27037950324681        0.32838140435743
H            2.06141339314219        1.72831017257275       -2.43106903383645
H            3.58011485155951        2.96194945132580       -3.97626386499142
H            5.96200510591136        2.32592666223690       -4.11314193894224
H            6.84002182934663        0.51406325987203       -2.69305860658999
H            5.34943373470396       -0.66256888527049       -1.12354116615087
H           -1.12693380002985       -3.47226440767704       -1.67515358719373
H           -0.31677608035471       -4.35708705197850       -0.36595864344335
H           -2.54011096528226       -3.26691392499614        0.30799182084738
H           -1.16020998788505       -2.66502067715185        1.27354682281752
H           -3.02064342647853       -1.75103855773269        2.34559616035316
H           -4.42802622876694       -0.44632198012661        3.86897005153064
H           -5.10939435296027        1.84746854784564        3.28316143003444
H           -4.36866327446257        2.85026157398062        1.15014830321624
H           -2.93192091725609        1.53674097763912       -0.39215644062926
H           -1.75530878440277       -0.68875030498630       -3.23452765971893
H           -3.39339521673317       -1.14822281876052       -5.03617449529147
H           -5.63752507456193       -2.01134858826243       -4.46353737621763
H           -6.24299472280972       -2.39951063574466       -2.10578848547096
H           -4.61366429213639       -1.93697322921961       -0.31655981356440
C            0.02452256243904        1.44675110167125       -0.31265306448922
O           -0.10879439813318        2.56447645482875        0.00311160733405
C            0.24801983916313       -0.33050015700848        1.15090022999841
O            0.21187016994874       -0.21047257933082        2.30780895429989
O            0.73507121957492       -3.48380273563511       -3.60940213336800
C            0.08620530460705       -3.04617006589279       -4.53774951288545
C            0.34910393076729       -1.80537900788656       -5.25111605483648
C            1.41455753799634       -0.98059123219156       -4.87725813539973
C            1.65565444494512        0.19206490358097       -5.56407140489648
C            0.83718460310994        0.55517955722049       -6.62334298718125
C           -0.22460106960705       -0.25584428336447       -7.00118255847856
C           -0.46945057869383       -1.43148563217144       -6.32086364936317
H            0.81524683525343       -2.58646027236284       -1.90192602584302
H            0.21289559290950       -0.12655723503226       -2.11365675483683
H           -0.78971423155453       -3.61142512427322       -4.91345614165544
H            2.03904994331907       -1.26688749357031       -4.04345616741469
H            2.47943683719046        0.82425246860079       -5.26982812697207
H            1.02603114136306        1.47456852932807       -7.15798991904542
H           -0.85751648402384        0.03353519808650       -7.82720677007397
H           -1.29076863176703       -2.07241676157898       -6.61015344663956
80
 energy: -120.640350905394 gnorm: 0.001527398438 xtb: 6.7.1 (edcfbbe)
Mn           0.25202130566222       -0.27834075550363       -0.60018319089899
N            0.56662439709219       -2.50752136309002       -0.90738671751916
C            1.75403026702569       -2.95660910612837       -0.17601984689028
C            2.94766813965111       -2.12308742304467       -0.63491109807394
P            2.45885012895192       -0.33374640579209       -0.52297130931936
C            3.23886604659295        0.24942765833874        1.02202964812446
C            3.58670930151208       -0.57052005977793        2.08897643598737
C            4.09884278667731       -0.01769879596344        3.25035995090105
C            4.25462276818842        1.35324445438671        3.36224121547027
C            3.88526586691912        2.17900610217411        2.31106918465254
C            3.37596135147130        1.63112653100546        1.15024021299083
C            3.61166962696729        0.45867810882769       -1.69807759097500
C            3.11886803221844        1.48160442314350       -2.50007396998094
C            3.96599649065994        2.15677568646887       -3.36240746876852
C            5.30404684430205        1.80433366633194       -3.43368217022943
C            5.79813592647209        0.78489697535454       -2.63376876253470
C            4.95972744260584        0.11767492055010       -1.75933430500924
C           -0.61686911571713       -3.36088072108017       -0.70713347280414
C           -1.59440836171185       -2.71627115678340        0.27257074121146
P           -1.82404975405856       -0.99116485256108       -0.36309827927014
C           -2.89642929433835       -0.18751302338656        0.86532733269415
C           -3.31310063241968       -0.74446479953734        2.06794232197527
C           -4.10916931104716       -0.00618221185558        2.92837686590258
C           -4.49154332046306        1.28249675169722        2.59709707591249
C           -4.07498166374756        1.84409135749586        1.39893493709949
C           -3.27942461523576        1.11321113217668        0.53894689056000
C           -3.07263599920193       -1.30925899651539       -1.67172179716055
C           -2.74270282539253       -1.08132811697218       -3.00165957311249
C           -3.66510865407259       -1.33625606647389       -4.00208915798942
C           -4.92230381533375       -1.81765229121357       -3.67766201573023
C           -5.25973090227487       -2.03822612135344       -2.35033353687552
C           -4.34166551986997       -1.78414496789555       -1.34866494451727
H            1.94677014188769       -4.02367017789951       -0.37098638954249
H            1.58460020340832       -2.82748043637307        0.90046825013831
H            3.14916639707169       -2.33029776854354       -1.69300208405152
H            3.84764793170590       -2.34299734253474       -0.05603789028384
H            3.45525150065454       -1.64270173962178        2.03020418432624
H            4.37020397316926       -0.66187015458968        4.07526847585461
H            4.65261368228014        1.77921536680047        4.27200420161876
H            3.98931623117704        3.25087274759051        2.40161333799565
H            3.06543654131352        2.26769539335770        0.32937025599987
H            2.06351136351486        1.72547778087478       -2.43338070489701
H            3.58344514415512        2.96042694752764       -3.97615410246140
H            5.96584606459178        2.32664680089494       -4.10952394451739
H            6.84342816061610        0.51572026834804       -2.68750067264386
H            5.35149012575042       -0.66231681057920       -1.12058178340981
H           -1.12606758350189       -3.47575113841400       -1.67152000312749
H           -0.31587853727225       -4.35871032006429       -0.36097758912249
H           -2.53839286963620       -3.26751072975947        0.31217331651299
H           -1.15826488151024       -2.66296965109481        1.27569947534077
H           -3.02088801269119       -1.74771429051008        2.34503026671174
H           -4.43003015341125       -0.44080208973110        3.86494699697122
H           -5.11019297832692        1.85228420152633        3.27541029872087
H           -4.36639767240386        2.85253186923403        1.14242080127255
H           -2.92830364630325        1.53666724668842       -0.39688527298618
H           -1.76064649943213       -0.69054684722508       -3.23677614460422
H           -3.40367400144587       -1.14968609537125       -5.03412108639299
H           -5.64530529267413       -2.01482383033484       -4.45615505890963
H           -6.24441779345007       -2.40495123025806       -2.09701962520480
H           -4.61098193656259       -1.94195669150056       -0.31192018503380
C            0.02364801953080        1.44582235202388       -0.32233093114786
O           -0.11006432269186        2.56497357662678       -0.01206496752792
C            0.24482940304124       -0.32772733366790        1.14708528304088
O            0.21327452671673       -0.20271486273410        2.30372290690851
O            0.73948231218339       -3.47959750249111       -3.61006972892085
C            0.09077559657103       -3.04315569691461       -4.53895409050014
C            0.35024740323313       -1.80068973082230       -5.25087370512353
C            1.41590064928498       -0.97522528685592       -4.87909490973497
C            1.65468302533210        0.19775903175594       -5.56623065087363
C            0.83321058810634        0.56087462356956       -6.62318101437435
C           -0.22915824706783       -0.25062475714957       -6.99858955907472
C           -0.47142544491397       -1.42668849131448       -6.31821593178780
H            0.81618896259257       -2.59065697926025       -1.90023785846239
H            0.21415850733197       -0.13245240664797       -2.11810561028961
H           -0.79065550140762       -3.60430901646742       -4.90821388382985
H            2.04313870213565       -1.26176211006540       -4.04729729473256
H            2.47915307877428        0.83006624744262       -5.27407953630188
H            1.01977477283924        1.48072237041057       -7.15797636877512
H           -0.86457213884086        0.03883648147798       -7.82276288611358
H           -1.29323777329002       -2.06788808953531       -6.60582403414842
80
 energy: -120.640365283137 gnorm: 0.000713266033 xtb: 6.7.1 (edcfbbe)
Mn           0.25214259010373       -0.28033485992250       -0.60255372852380
N            0.56744223485553       -2.50995945173493       -0.90636770426377
C            1.75527575913884       -2.95772345917874       -0.17495183876321
C            2.94836115038411       -2.12463765386672       -0.63611440035883
P            2.45928592019618       -0.33538866808303       -0.52447428772380
C            3.23881581935740        0.24676471955341        1.02130003990043
C            3.58806401742156       -0.57363662146439        2.08750853970221
C            4.09927385886944       -0.02092861876242        3.24948933869536
C            4.25382550543966        1.35000933493255        3.36232065119057
C            3.88332890214787        2.17612645120609        2.31179171310647
C            3.37378850305187        1.62858238938711        1.15098231940839
C            3.61339878583318        0.45758040532059       -1.69791834774573
C            3.12095238925548        1.47999525403840       -2.50081941294871
C            3.96888088847683        2.15579949150596       -3.36188559554946
C            5.30732973287715        1.80439264796257       -3.43116305331699
C            5.80101071340409        0.78540324143615       -2.63046047918814
C            4.96181272115082        0.11762053175445       -1.75718443121583
C           -0.61603831743484       -3.36280288002570       -0.70422171467009
C           -1.59307573015704       -2.71636977946434        0.27480996212252
P           -1.82343344620432       -0.99255824540268       -0.36409346376186
C           -2.89517922716801       -0.18618413990547        0.86312932463391
C           -3.31304686238865       -0.74154413484816        2.06605724012550
C           -4.10968210754416       -0.00201844366412        2.92489708670643
C           -4.49136297085397        1.28635443083736        2.59166890805243
C           -4.07339764171213        1.84646172845818        1.39331841869774
C           -3.27734180454547        1.11429882912173        0.53487794047694
C           -3.07361918952260       -1.31233080445052       -1.67080296448251
C           -2.74678523859070       -1.08330462530074       -3.00129658290389
C           -3.67123138740721       -1.33847013639825       -3.99979219058815
C           -4.92736925110046       -1.82099118342428       -3.67286427568342
C           -5.26167415650454       -2.04267050077835       -2.34492967039846
C           -4.34155602284240       -1.78841020901799       -1.34523912437294
H            1.94803959773577       -4.02503443102008       -0.36813955498684
H            1.58672591063365       -2.82645255701337        0.90141145855033
H            3.14828437414174       -2.33223450374595       -1.69439546368516
H            3.84927769398117       -2.34425697701640       -0.05844236865629
H            3.45781420437792       -1.64590407707341        2.02831165466153
H            4.37201326878064       -0.66541838747758        4.07369727521812
H            4.65131507123550        1.77571142930762        4.27244725655235
H            3.98630714496038        3.24798707002222        2.40304234436972
H            3.06326023686204        2.26523371722590        0.33014593301069
H            2.06534174761408        1.72304686451873       -2.43581264560846
H            3.58663898916386        2.95912757221193       -3.97625425548111
H            5.96973241615809        2.32741095125276       -4.10589143690339
H            6.84666247442081        0.51722891165158       -2.68226122713105
H            5.35334700409014       -0.66178555129815       -1.11755991907302
H           -1.12565463577470       -3.47909545353278       -1.66823498459908
H           -0.31514579934478       -4.36014173533794       -0.35647745978235
H           -2.53692928673415       -3.26770706293798        0.31609787851692
H           -1.15634507581046       -2.66097408018000        1.27757598276273
H           -3.02123776920603       -1.74449935200819        2.34459817907929
H           -4.43171662990922       -0.43553418014186        3.86155238951613
H           -5.11054191960446        1.85715856997913        3.26866194691857
H           -4.36430344484306        2.85471987414264        1.13539626966634
H           -2.92538228444382        1.53653447282459       -0.40119594589899
H           -1.76537537093332       -0.69200777323760       -3.23841342213719
H           -3.41231832685041       -1.15120929712586       -5.03231784559508
H           -5.65196985919161       -2.01812316210294       -4.44985933451533
H           -6.24544809863487       -2.41041260818049       -2.08956480916802
H           -4.60843578767675       -1.94700074022093       -0.30796454807893
C            0.02501350851364        1.44476721844231       -0.32996740481731
O           -0.11284837197967        2.56474426746413       -0.02434008183921
C            0.24511884280101       -0.32539052118639        1.14478994471077
O            0.21263736230603       -0.19770252299549        2.30105703462131
O            0.74370499017135       -3.47609247277570       -3.61085129952812
C            0.09210345472580       -3.03831292545964       -4.53714701425824
C            0.35092105755366       -1.79631041712278       -5.25019807082953
C            1.41764583294976       -0.97100680640552       -4.88125297316327
C            1.65430208905336        0.20229068077043       -5.56861060453389
C            0.82986848319145        0.56569819137153       -6.62316753236880
C           -0.23330528082108       -0.24590247596923       -6.99598010113531
C           -0.47359051708106       -1.42218246559808       -6.31529411520183
H            0.81658917079982       -2.59433073337600       -1.89919993080890
H            0.21739295299839       -0.13703748807212       -2.12087864825803
H           -0.78912468344250       -3.60008008979336       -4.90574695612274
H            2.04711197903986       -1.25755786976697       -4.05110663840398
H            2.47938949705068        0.83467136509919       -5.27832490925166
H            1.01461381936191        1.48580918779296       -7.15817495238733
H           -0.87108220217215        0.04383052976378       -7.81829426224052
H           -1.29619330798540       -2.06335296464788       -6.60077688973703
80
 energy: -120.640378901137 gnorm: 0.000773959415 xtb: 6.7.1 (edcfbbe)
Mn           0.25355983944034       -0.28244405812828       -0.60716936957119
N            0.56818489070470       -2.51332481953727       -0.90479075038758
C            1.75689294938143       -2.95950826335924       -0.17385249402751
C            2.94922362527828       -2.12739277247292       -0.63882786629205
P            2.46079785243476       -0.33814804557708       -0.52648265979384
C            3.23887509948259        0.24262916125322        1.02058092387880
C            3.58997045200845       -0.57820342190743        2.08559010338664
C            4.10035215362703       -0.02555224791473        3.24806881293893
C            4.25194470569576        1.34555207992543        3.36260615884350
C            3.87991798586497        2.17204233815849        2.31297318117430
C            3.37130693231456        1.62456213793738        1.15180889425722
C            3.61610763060537        0.45546498693668       -1.69827774416888
C            3.12439484136392        1.47704900573506       -2.50273252410685
C            3.97385023495464        2.15397030096752       -3.36141017449639
C            5.31304212090070        1.80446607556164       -3.42683484885715
C            5.80594198570765        0.78634248852154       -2.62455727554571
C            4.96517763437340        0.11746057423522       -1.75361611890528
C           -0.61512030619889       -3.36557042044449       -0.69944684822523
C           -1.59139590699676       -2.71628436684790        0.27850362444093
P           -1.82187457409386       -0.99442188522768       -0.36560498979829
C           -2.89307590934026       -0.18384156899601        0.85943982670703
C           -3.31270127786765       -0.73639813778850        2.06308521816400
C           -4.11013830107063        0.00523594670819        2.91935236723094
C           -4.49066709778129        1.29311258284816        2.58292100081365
C           -4.07083640549479        1.85050113217201        1.38399361729405
C           -3.27429569046527        1.11608267710370        0.52793947863174
C           -3.07461756440319       -1.31752635072298       -1.66918750406589
C           -2.75259360599049       -1.08669226491831       -3.00051308804807
C           -3.68020402524615       -1.34209639498610       -3.99607425484115
C           -4.93459525018883       -1.82665603296822       -3.66538860024287
C           -5.26398473018950       -2.05042414992581       -2.33657464125194
C           -4.34077303627429       -1.79577208994913       -1.33986647596461
H            1.94936773767630       -4.02729799397274       -0.36446454369526
H            1.58998229403725       -2.82513684409605        0.90240888599204
H            3.14627245950562       -2.33554606668673       -1.69752582865667
H            3.85154278321240       -2.34695218533218       -0.06332982527190
H            3.46312197606303       -1.65076152659121        2.02497022845124
H            4.37453185731867       -0.67044568971697        4.07152059866244
H            4.64851241281340        1.77113472971703        4.27315484750929
H            3.98053619871457        3.24408502647210        2.40542113008907
H            3.05872135592672        2.26122871486127        0.33173456810165
H            2.06840115389769        1.71911976424494       -2.44031573441809
H            3.59232866195957        2.95690604542758       -3.97672798644692
H            5.97660246393660        2.32842363174579       -4.09971233092209
H            6.85207391738189        0.51943280367680       -2.67342151053356
H            5.35614958110584       -0.66105225089140       -1.11255462242768
H           -1.12550377945924       -3.48445697071232       -1.66277899416507
H           -0.31409192141113       -4.36200106755506       -0.34910298068660
H           -2.53501698330970       -3.26782019797865        0.32253081537387
H           -1.15360997729499       -2.65764129967469        1.28064652626687
H           -3.02165566727835       -1.73893570005609        2.34394916394005
H           -4.43366664593724       -0.42630203072087        3.85640046848219
H           -5.11042685625386        1.86572397626293        3.25787657002932
H           -4.36069408761945        2.85843409735897        1.12373365963645
H           -2.92122438748495        1.53618194044041       -0.40864998781041
H           -1.77252045605931       -0.69370382181311       -3.24048438745095
H           -3.42519617519474       -1.15349651234169       -5.02932174785736
H           -5.66154232983537       -2.02404976069631       -4.44013804897296
H           -6.24625696404507       -2.42005769854931       -2.07817230935041
H           -4.60390599180177       -1.95566951219292       -0.30184100305844
C            0.02655620721893        1.44350692971993       -0.34079090819317
O           -0.11857981238653        2.56407141818940       -0.04084706223279
C            0.25006536560247       -0.32233357921742        1.14025185212373
O            0.21017204314997       -0.19402312240463        2.29613401472370
O            0.75057107288726       -3.47040397173843       -3.61187872123959
C            0.09484470247525       -3.03108332750503       -4.53464232964370
C            0.35192603532958       -1.78941997810454       -5.24889148514923
C            1.42065602525650       -0.96463037395846       -4.88480856825810
C            1.65408078030965        0.20904962344800       -5.57266288460897
C            0.82460858678769        0.57323760232008       -6.62299769741272
C           -0.24040209460744       -0.23804328802248       -6.99110592510404
C           -0.47763091299990       -1.41462604959697       -6.30984337310534
H            0.81635863591569       -2.59955714988852       -1.89771375933757
H            0.21401110536411       -0.14485047476927       -2.12606372019209
H           -0.78784563411628       -3.59243724353047       -4.90015116769031
H            2.05398412673098       -1.25150130958224       -4.05774707936969
H            2.48056699676692        0.84120613968063       -5.28584615896006
H            1.00670379486680        1.49364077978590       -7.15836961656887
H           -0.88202764497873        0.05222274772801       -7.81023978598529
H           -1.30169860245495       -2.05553893873315       -6.59154006544815
80
 energy: -120.640391869566 gnorm: 0.001006867988 xtb: 6.7.1 (edcfbbe)
Mn           0.25357584395403       -0.28478826564118       -0.61086704611627
N            0.56869830401603       -2.51644860126005       -0.90335083754133
C            1.75836502160223       -2.96110224410614       -0.17311740972561
C            2.94978796441253       -2.12965348388628       -0.64162347792030
P            2.46135149347737       -0.34051452551938       -0.52925458902223
C            3.23845735208394        0.23888801478171        1.01898759186673
C            3.59179886504501       -0.58233017982046        2.08282422773674
C            4.10112788005027       -0.02979130146178        3.24588257222566
C            4.24932879729195        1.34153348563023        3.36225731808445
C            3.87552676983914        2.16840672088077        2.31358307663290
C            3.36824367631850        1.62097188233512        1.15180287995143
C            3.61875461262303        0.45359132726385       -1.69866837600048
C            3.12792856826258        1.47416268422244       -2.50489989153596
C            3.97899212012990        2.15194811407462       -3.36126994089717
C            5.31888913839514        1.80430465546045       -3.42261088103092
C            5.81087670394883        0.78707039777912       -2.61863593488127
C            4.96846431099856        0.11739793428709       -1.74988642471444
C           -0.61434284738110       -3.36828968371773       -0.69495619262077
C           -1.58994606604221       -2.71664901013217        0.28222468293261
P           -1.82137066951799       -0.99668139541379       -0.36639517417560
C           -2.89182821033375       -0.18170654421566        0.85634405451118
C           -3.31279186041392       -0.73118568893716        2.06088937009374
C           -4.11058862798492        0.01287113163950        2.91466220162530
C           -4.48991293786378        1.30025021328436        2.57489640309683
C           -4.06859103461938        1.85461404130363        1.37509312848112
C           -3.27192023028262        1.11764757166900        0.52137016903276
C           -3.07569698662914       -1.32243306137012       -1.66775244499300
C           -2.75796429977718       -1.08982939148684       -2.99978803733129
C           -3.68825566505398       -1.34580199885936       -3.99275067197280
C           -4.94082726435856       -1.83279154632150       -3.65874787360779
C           -5.26577938419123       -2.05858078350567       -2.32917884046567
C           -4.34000563885062       -1.80318549056297       -1.33508986445526
H            1.95064646938948       -4.02932031765246       -0.36162163633794
H            1.59286571085405       -2.82434812244952        0.90308912649490
H            3.14402607574714       -2.33854016632519       -1.70070690313163
H            3.85345082819674       -2.34917484744988       -0.06827331959097
H            3.46806800960803       -1.65517200096163        2.02089550805775
H            4.37647732905513       -0.67504035393759        4.06871490537509
H            4.64505166429612        1.76702629255748        4.27319876830680
H            3.97403005932599        3.24062324552418        2.40718146330857
H            3.05364467446496        2.25776196377298        0.33258582827486
H            2.07137827273534        1.71487137954408       -2.44549733822481
H            3.59827929410227        2.95435107101462       -3.97777045326820
H            5.98373982593888        2.32910251203002       -4.09355623019024
H            6.85751187400538        0.52151554104020       -2.66440713365121
H            5.35862768997637       -0.66038647047035       -1.10745178964102
H           -1.12555533243179       -3.48976077357972       -1.65756926594434
H           -0.31291646290324       -4.36375309080207       -0.34220686387383
H           -2.53327738032423       -3.26839510972481        0.32876968286065
H           -1.15117784249931       -2.65500373005696        1.28377697559975
H           -3.02240036946795       -1.73324771737929        2.34418306657897
H           -4.43527621953458       -0.41642703232245        3.85233952085095
H           -5.11005083969770        1.87479547383225        3.24785201593746
H           -4.35744120416159        2.86212775106619        1.11221870271732
H           -2.91798674902028        1.53530123859222       -0.41597983193612
H           -1.77926938562184       -0.69497212311887       -3.24223077087225
H           -3.43685479693928       -1.15562313604611       -5.02659822015185
H           -5.66988121400501       -2.03042982783982       -4.43147098228803
H           -6.24663913873617       -2.43006976711698       -2.06809157030755
H           -4.59978908232719       -1.96429934771107       -0.29642397293576
C            0.02529019752182        1.44173795830444       -0.34968773232371
O           -0.12103351710723        2.56335761155455       -0.05439951278855
C            0.24927115249237       -0.32132551866714        1.13656764346232
O            0.21318334572584       -0.19139890104170        2.29236224035754
O            0.75719236427565       -3.46468760523647       -3.61262525029352
C            0.09686870821389       -3.02363270420818       -4.53137771189713
C            0.35253516377145       -1.78272501711788       -5.24730060002943
C            1.42367980577052       -0.95886358707131       -4.88828971174553
C            1.65420119032244        0.21510334204017       -5.57668366301927
C            0.81972042523076        0.58030292849097       -6.62269896911891
C           -0.24751251233716       -0.23025888452939       -6.98596366079647
C           -0.48201033811065       -1.40701872794083       -6.30406090464495
H            0.81589044884056       -2.60412464419514       -1.89641580779700
H            0.22029947070562       -0.14937779210228       -2.13019747887367
H           -0.78660750442790       -3.58522317621367       -4.89452379230191
H            2.06072762144204       -1.24626176070968       -4.06432289841520
H            2.48234519280112        0.84677136980156       -5.29355473365094
H            0.99957455043372        1.50090025954784       -7.15844695878636
H           -0.89301411758105        0.06072814262713       -7.80176824984354
H           -1.30780844694021       -2.04736657491407       -6.58182913844439
80
 energy: -120.640404409927 gnorm: 0.000755344885 xtb: 6.7.1 (edcfbbe)
Mn           0.25412556207237       -0.28751421589124       -0.61317153205727
N            0.56902046175096       -2.51950659409693       -0.90237358291477
C            1.75962430232123       -2.96272277715157       -0.17292361280409
C            2.95018523164293       -2.13185652231721       -0.64448546878912
P            2.46201032672795       -0.34276140183744       -0.53219515712895
C            3.23814502688575        0.23565732681175        1.01701464782077
C            3.59429556700010       -0.58604273726301        2.07962378333915
C            4.10145965044852       -0.03356220979089        3.24366403432930
C            4.24643143531126        1.33794234230965        3.36161110022007
C            3.87030481485192        2.16520247113166        2.31400489666509
C            3.36358427346827        1.61798065186513        1.15186671802387
C            3.62158257554094        0.45183991311493       -1.69907040577749
C            3.13183403884436        1.47118870043490       -2.50741554524242
C            3.98465229940910        2.14957683343660       -3.36154814855659
C            5.32516291255017        1.80366697473221       -3.41849978157983
C            5.81598851784389        0.78732977280923       -2.61266420233420
C            4.97181589740396        0.11715609936877       -1.74604996534104
C           -0.61377271225717       -3.37083427061594       -0.69082134627128
C           -1.58850297273325       -2.71647663501528        0.28557278045488
P           -1.82066373424780       -0.99832892626549       -0.36758324760799
C           -2.89051303177012       -0.17960425218968        0.85317537082197
C           -3.31247888800276       -0.72563813513248        2.05895048017069
C           -4.11030702330201        0.02121228331613        2.91027460960896
C           -4.48867020584372        1.30791304302331        2.56685363045507
C           -4.06638998572164        1.85878653849088        1.36578089195850
C           -3.26974383988393        1.11901890174361        0.51444728119042
C           -3.07676924241000       -1.32736585041392       -1.66636820094990
C           -2.76310135941092       -1.09272022060956       -2.99896610117919
C           -3.69562687331169       -1.34976990164830       -3.98955534829543
C           -4.94621766495778       -1.83977296954808       -3.65257305104950
C           -5.26709346648371       -2.06755577186858       -2.32236002317716
C           -4.33913486247245       -1.81112082193763       -1.33063296694812
H            1.95172270307684       -4.03125134552353       -0.35982800188065
H            1.59556653120552       -2.82413936744530        0.90328698736511
H            3.14172046963467       -2.34130459267079       -1.70394027229629
H            3.85517646313612       -2.35134884664539       -0.07323167356993
H            3.47293514620535       -1.65907648463589        2.01656027289021
H            4.37871083481729       -0.67914038094579        4.06561823019677
H            4.64078458678583        1.76341627156259        4.27316906754155
H            3.96636689998299        3.23751508223554        2.40880739469009
H            3.04829477268850        2.25490648073965        0.33301250488780
H            2.07468228588251        1.71018536493946       -2.45155297463053
H            3.60485569757574        2.95113784437970       -3.97970645827674
H            5.99155626056513        2.32925818235259       -4.08728918526545
H            6.86323829925568        0.52355906582325       -2.65473193329611
H            5.36098525129928       -0.65967286078814       -1.10185665502170
H           -1.12585591882072       -3.49494857524203       -1.65265681315174
H           -0.31197836706139       -4.36528416934454       -0.33552586741139
H           -2.53159136224699       -3.26836118412839        0.33450150758828
H           -1.14888446036765       -2.65231473999176        1.28660618118626
H           -3.02269251901679       -1.72711811130394        2.34498101500350
H           -4.43592386045911       -0.40545238733576        3.84883643924349
H           -5.10881362828157        1.88465254928333        3.23792387243199
H           -4.35449875454285        2.86572347866723        1.09985862066932
H           -2.91533608216875        1.53380427725343       -0.42399893684926
H           -1.78566884086240       -0.69601501804204       -3.24352936314574
H           -3.44756449381905       -1.15797250214135       -5.02389456270320
H           -5.67708118529171       -2.03795240550629       -4.42343169682201
H           -6.24646157916714       -2.44130881826945       -2.05892359574731
H           -4.59581525362862       -1.97351477140307       -0.29139563450715
C            0.02450072292927        1.43972556492722       -0.35727720524112
O           -0.12106363269992        2.56255876893472       -0.06600544298404
C            0.24950455934723       -0.32096820717151        1.13420630639658
O            0.21530718158560       -0.19046600021379        2.29006159845752
O            0.76352619869154       -3.45855617889568       -3.61310623212377
C            0.09953263777541       -3.01680010926492       -4.52888515596984
C            0.35274544798678       -1.77591761491451       -5.24557474941033
C            1.42649491632217       -0.95322509562250       -4.89165924899732
C            1.65449827365004        0.22085768853906       -5.58069037704421
C            0.81488086639292        0.58741248496135       -6.62212601980422
C           -0.25498544601399       -0.22196890179251       -6.98026141230996
C           -0.48695545171522       -1.39886527741346       -6.29778412059816
H            0.81513468674156       -2.60830282920109       -1.89560920292607
H            0.22123442979832       -0.15588683425485       -2.13312868997387
H           -0.78707835168229       -3.57682941267408       -4.88696675954648
H            2.06757893417618       -1.24179672305587       -4.07123664668392
H            2.48471572289992        0.85164568913720       -5.30165513698828
H            0.99276828145668        1.50822176606324       -7.15818078061303
H           -0.90468595307036        0.07016781329239       -7.79233161473356
H           -1.31490029199645       -2.03826203540715       -6.57133395674871
80
 energy: -120.640418072589 gnorm: 0.000400845845 xtb: 6.7.1 (edcfbbe)
Mn           0.25478592304205       -0.28937493043669       -0.61773414662425
N            0.56899530239209       -2.52234092337100       -0.90084935572945
C            1.76081840385924       -2.96480311751187       -0.17306238359569
C            2.95048981208187       -2.13467321040476       -0.64793140343924
P            2.46284610581643       -0.34565154151242       -0.53512913516159
C            3.23724112726990        0.23256875607601        1.01500992328221
C            3.59643323861227       -0.58947508066911        2.07638634680098
C            4.10198052700505       -0.03702142149483        3.24106379653451
C            4.24224103609659        1.33479810694908        3.36085644253140
C            3.86341172001632        2.16227786270927        2.31433567104078
C            3.35840500577715        1.61506311589952        1.15145693817699
C            3.62433740083522        0.44906075353997       -1.70005457422528
C            3.13610643583153        1.46683064078444       -2.51128017821909
C            3.99127554491469        2.14594659314853       -3.36256857159205
C            5.33256673191999        1.80231497435366       -3.41367975152551
C            5.82184485033831        0.78738584823115       -2.60508870806664
C            4.97531249759539        0.11651139238978       -1.74137762059124
C           -0.61332002029371       -3.37350359315369       -0.68614630366029
C           -1.58751769979756       -2.71696908165460        0.28940753742203
P           -1.81993561156183       -1.00061823953715       -0.36818267556189
C           -2.88932340810162       -0.17752886410751        0.85002176700926
C           -3.31182366474607       -0.71895522212980        2.05764957750363
C           -4.10920595354758        0.03162121489802        2.90612939332623
C           -4.48667274709622        1.31733496345814        2.55802233550196
C           -4.06409534673516        1.86350594913081        1.35491094934117
C           -3.26787608548727        1.12003878501831        0.50639713754053
C           -3.07761932059254       -1.33287458090480       -1.66464554800073
C           -2.76809615544383       -1.09602320401499       -2.99781078313243
C           -3.70264843650214       -1.35461931080104       -3.98611556751414
C           -4.95087974635014       -1.84858836653887       -3.64629529965290
C           -5.26757707447469       -2.07868815325987       -2.31549121582721
C           -4.33778775684111       -1.82039044952929       -1.32600570885109
H            1.95260373032041       -4.03354864067225       -0.35906329761742
H            1.59863259124122       -2.82495064314342        0.90326182609739
H            3.13915883259964       -2.34454063784112       -1.70782220678109
H            3.85690604369656       -2.35408826584068       -0.07895687311827
H            3.47911975144251       -1.66286187752107        2.01147177513331
H            4.38161085866672       -0.68282628285170        4.06200612496608
H            4.63517336417120        1.76037499222354        4.27298934709491
H            3.95576774836190        3.23473521068798        2.41066240118932
H            3.04039147251994        2.25218793027135        0.33372632280832
H            2.07848104943233        1.70438047835093       -2.45932816158921
H            3.61280777824285        2.94653557492911       -3.98280438560233
H            6.00090197480634        2.32840269870260       -4.08014038094569
H            6.86965126172448        0.52527941913968       -2.64302130983578
H            5.36311274865177       -0.65913526813471       -1.09494574999144
H           -1.12624452135675       -3.50039941924679       -1.64718252002855
H           -0.31099249766863       -4.36685842456819       -0.32830455892917
H           -2.53038232052137       -3.26899508695943        0.34053816210485
H           -1.14711853575392       -2.65018441138123        1.28990143311794
H           -3.02258707931402       -1.71957427885676        2.34727123815371
H           -4.43525769678483       -0.39135817794036        3.84620516097693
H           -5.10636939742471        1.89696061192239        3.22701312213242
H           -4.35156971367316        2.86960432793979        1.08503301003624
H           -2.91316081509335        1.53105946034563       -0.43361907784741
H           -1.79232741129789       -0.69640898629189       -3.24435805780299
H           -3.45806082412984       -1.16088991237206       -5.02089878192123
H           -5.68322420350209       -2.04818520915806       -4.41535679216570
H           -6.24512651511366       -2.45565518250678       -2.04988332247749
H           -4.59136573910546       -1.98434638941445       -0.28625895354271
C            0.02483547157649        1.43833644275044       -0.36493750883727
O           -0.11869679589044        2.56179481601473       -0.07556429336789
C            0.25015261723182       -0.32166111873498        1.12966938380446
O            0.21807075351600       -0.19242272315981        2.28572975144345
O            0.77011389399888       -3.45127271597390       -3.61336923191354
C            0.10195171721396       -3.00886534906251       -4.52580420159248
C            0.35225551455102       -1.76788602230472       -5.24323081430336
C            1.42954176143442       -0.94713646535543       -4.89548390078530
C            1.65516112491143        0.22693006181296       -5.58527689880404
C            0.80947780739584        0.59559789796982       -6.62107571591690
C           -0.26407769050170       -0.21168911400744       -6.97283742178547
C           -0.49354770197924       -1.38868745137564       -6.28974328006178
H            0.81372553404235       -2.61211835734556       -1.89435647565391
H            0.22093175102669       -0.16086192338364       -2.13811735098169
H           -0.78889579176753       -3.56654863952586       -4.87723705201157
H            2.07525820443196       -1.23758167171933       -4.07934954806380
H            2.48825066835627        0.85618619053059       -5.31133914026576
H            0.98555267195103        1.51654027440819       -7.15753545792281
H           -0.91859902326067        0.08210611818880       -7.78043737357908
H           -1.32428639899384       -2.02658929425103       -6.55833168972539
80
 energy: -120.640429203814 gnorm: 0.000448813548 xtb: 6.7.1 (edcfbbe)
Mn           0.25558798781213       -0.29194218968152       -0.62066948786481
N            0.56898479068735       -2.52531150561707       -0.89980038026991
C            1.76195333949971       -2.96715349459245       -0.17357709884478
C            2.95073156141722       -2.13738097486364       -0.65112035897302
P            2.46345317465553       -0.34842221163831       -0.53829681237902
C            3.23610129465919        0.22978043589480        1.01263664702409
C            3.59874298666838       -0.59237224996045        2.07268496112684
C            4.10267940164436       -0.03971084793532        3.23792239779049
C            4.23704198699997        1.33257777537212        3.35983373993547
C            3.85479333159269        2.16007569143148        2.31462567527365
C            3.35228592377977        1.61250491642162        1.15079101281639
C            3.62714213034423        0.44630449621402       -1.70099285215814
C            3.14057442148681        1.46213027402398       -2.51557092638394
C            3.99818068964202        2.14134545572105       -3.36433881696023
C            5.34023729564502        1.79993492066720       -3.40928999221853
C            5.82785175109263        0.78681932373467       -2.59735504123674
C            4.97883557249876        0.11579738966616       -1.73631418795254
C           -0.61309672639671       -3.37599539787532       -0.68207181663416
C           -1.58655025279264       -2.71702942841678        0.29277609366307
P           -1.81923080243675       -1.00230704457670       -0.36900583802748
C           -2.88802994082087       -0.17529577506379        0.84704510881861
C           -3.31023918478676       -0.71171365890191        2.05697288719253
C           -4.10693852449626        0.04278173383820        2.90266866336376
C           -4.48403445843441        1.32722444049531        2.54947430223337
C           -4.06198638297182        1.86822878181365        1.34383329682434
C           -3.26641838511500        1.12093049615216        0.49815736699257
C           -3.07841138172141       -1.33820752264806       -1.66310135243828
C           -2.77256252256199       -1.09917335093293       -2.99668513077234
C           -3.70850932362336       -1.35993797020413       -3.98312646745382
C           -4.95420475999631       -1.85868940211686       -3.64102620876244
C           -5.26726309834171       -2.09092160035956       -2.30971958509206
C           -4.33628594177917       -1.83000115958258       -1.32205497421674
H            1.95338807949839       -4.03607686908842       -0.35915080247265
H            1.60147431428994       -2.82663140343855        0.90293633737248
H            3.13705588307511       -2.34768396619485       -1.71135171075537
H            3.85832662715083       -2.35668199051575       -0.08405533182989
H            3.48538638614940       -1.66607459128037        2.00612535612737
H            4.38461082326478       -0.68557833517599        4.05800438779931
H            4.62879927359667        1.75835810254695        4.27236810402372
H            3.94339278665253        3.23274623369689        2.41235538158528
H            3.03130931881895        2.24962202282413        0.33418822688709
H            2.08231448785860        1.69792581744234       -2.46832040223443
H            3.62108123676351        2.94057659061532       -3.98715095621967
H            6.01067525146320        2.32652304031415       -4.07324128062176
H            6.87631693801173        0.52662470124352       -2.63042405521597
H            5.36508892445008       -0.65840028364151       -1.08721267685238
H           -1.12689208423312       -3.50541542985417       -1.64233343789734
H           -0.31036910679053       -4.36836779335817       -0.32188487894711
H           -2.52926192338155       -3.26910811643590        0.34588215736099
H           -1.14555223185654       -2.64808760771054        1.29285422811225
H           -3.02125083070770       -1.71126807770819        2.35057550827374
H           -4.43267129702533       -0.37597507662680        3.84475757957462
H           -5.10310796977838        1.90985782258900        3.21641976134614
H           -4.34929240553141        2.87321216075920        1.06973181896764
H           -2.91186001371463        1.52781358032426       -0.44373594620075
H           -1.79857699993558       -0.69619452158604       -3.24483709173141
H           -3.46707800579536       -1.16417858753117       -5.01826253878111
H           -5.68753734346336       -2.06023562809962       -4.40864658233597
H           -6.24298528173048       -2.47136242309654       -2.04234776880366
H           -4.58726917480084       -1.99510925031269       -0.28187276746266
C            0.02646836383408        1.43648869667616       -0.37089644310300
O           -0.11444903284474        2.56062550832012       -0.08267016887276
C            0.25152232684466       -0.32278840562678        1.12667775504844
O            0.21927674063128       -0.19500178244709        2.28289992673205
O            0.77575511549955       -3.44432965433096       -3.61393442950482
C            0.10289506733650       -3.00039835841942       -4.52223943650809
C            0.35092527634321       -1.75953308288052       -5.24055311209191
C            1.43234664350265       -0.94142116123593       -4.89935463117406
C            1.65603312563049        0.23258989266910       -5.58983468727965
C            0.80416183603008        0.60400642032039       -6.61959229466062
C           -0.27368815172140       -0.20047186341365       -6.96459181535686
C           -0.50110269022887       -1.37755952679325       -6.28094008493328
H            0.81234639277729       -2.61584489901662       -1.89358900068360
H            0.21921641125517       -0.16702634894244       -2.14156433610223
H           -0.79190093608415       -3.55565279727780       -4.86750865928057
H            2.08264832844428       -1.23418927311556       -4.08773096364162
H            2.49249027079694        0.85973285504994       -5.32133875181021
H            0.97872737935932        1.52501107166254       -7.15644125377364
H           -0.93313141858038        0.09550378959137       -7.76735637686607
H           -1.33505200476129       -2.01339731712703       -6.54441052128943
80
 energy: -120.640437384750 gnorm: 0.000464902376 xtb: 6.7.1 (edcfbbe)
Mn           0.25611187966727       -0.29386461654476       -0.62325224899179
N            0.56888095186633       -2.52757833583968       -0.89905116104567
C            1.76270397887125       -2.96934482980236       -0.17418219246677
C            2.95096461005818       -2.13990355330043       -0.65350050578650
P            2.46394017094542       -0.35098939475819       -0.54072351989378
C            3.23454327575571        0.22775156918249        1.01094161883277
C            3.60047741455798       -0.59416218542884        2.07001570947747
C            4.10269620503800       -0.04083114469528        3.23564982157604
C            4.23258893630428        1.33175849791989        3.35865600704504
C            3.84717131823098        2.15892644431269        2.31435367583058
C            3.34588700544362        1.61074615696749        1.15029728050381
C            3.62925508112273        0.44346035105128       -1.70194699749824
C            3.14410656449738        1.45719653346675       -2.51989377533818
C            4.00391477925373        2.13642588550074       -3.36647713445200
C            5.34666583874572        1.79713871720321       -3.40579628187739
C            5.83280660042500        0.78592472538043       -2.59058907530936
C            4.98158224579238        0.11493439867914       -1.73178456062127
C           -0.61308525759023       -3.37786739882951       -0.67914835314743
C           -1.58598288390321       -2.71728903863203        0.29525861601116
P           -1.81874876273632       -1.00371458399204       -0.36946671947864
C           -2.88692951178346       -0.17339423586762        0.84485958152106
C           -3.30793378205259       -0.70528016319821        2.05715003796864
C           -4.10374819078748        0.05255306956804        2.90073859307312
C           -4.48130672088497        1.33558756289521        2.54296834359655
C           -4.06055374102327        1.87201598745998        1.33482167805488
C           -3.26570054146454        1.12150755731433        0.49138295856125
C           -3.07876349608773       -1.34224400040568       -1.66208103203744
C           -2.77546446593975       -1.10148978836933       -2.99591179416359
C           -3.71192973647078       -1.36467642897167       -3.98122644040747
C           -4.95544580115041       -1.86788114328259       -3.63778333004186
C           -5.26610017688555       -2.10150262434183       -2.30616256284825
C           -4.33476454676982       -1.83779800838148       -1.31958302541812
H            1.95379728341947       -4.03833061801757       -0.35980006496585
H            1.60360590049543       -2.82859561586125        0.90251828775759
H            3.13588117101701       -2.35046796011171       -1.71393208222408
H            3.85929539231914       -2.35907872918080       -0.08760458458395
H            3.49124155639800       -1.66822218960297        2.00222913926827
H            4.38766329376292       -0.68652604787557        4.05482608734452
H            4.62241336235299        1.75803503354364        4.27178972885148
H            3.93107410586574        3.23187672698401        2.41346384209078
H            3.02275340782870        2.24745454995733        0.33421054012858
H            2.08549236727909        1.69194894345713       -2.47641870818627
H            3.62799988990399        2.93420368596331       -3.99186400954143
H            6.01873631992304        2.32357734271797       -4.06818630830135
H            6.88172714316628        0.52713714926334       -2.61948855337805
H            5.36652014215390       -0.65762387755375       -1.07993856655253
H           -1.12756617250466       -3.50888874603535       -1.63883761691242
H           -0.31018766437925       -4.36962082814426       -0.31742845139788
H           -2.52863865867214       -3.26931192772237        0.34979591595805
H           -1.14448323027327       -2.64685870431876        1.29499337024884
H           -3.01869058328017       -1.70373230825348        2.35425720284634
H           -4.42854036024458       -0.36243861433611        3.84481072504382
H           -5.09957467027998        1.92080971079326        3.20838536239023
H           -4.34813304011812        2.87593203867693        1.05716590303363
H           -2.91181399744924        1.52472961499925       -0.45235562093732
H           -1.80299549586949       -0.69547980085773       -3.24506561565065
H           -3.47263682291087       -1.16751324984268       -5.01656412110705
H           -5.68891951792214       -2.07199284883852       -4.40458858211783
H           -6.24014460434070       -2.48551582800994       -2.03776617297419
H           -4.58405335561147       -2.00373568552836       -0.27911885724872
C            0.02855850903997        1.43497500824761       -0.37445601313842
O           -0.11080957558783        2.55911533782972       -0.08569046579809
C            0.25260695806863       -0.32408834157627        1.12407554853785
O            0.22021894580357       -0.19740557647109        2.28040314247228
O            0.77873724074753       -3.43915729103710       -3.61487775728167
C            0.10191921233418       -2.99307230160980       -4.51919025492624
C            0.34890931838735       -1.75238094566337       -5.23811074494151
C            1.43423460636104       -0.93713063824914       -4.90247537597001
C            1.65683586643444        0.23680478135009       -5.59338969243929
C            0.79986850153756        0.61117504890474       -6.61784643426802
C           -0.28195040855753       -0.19034142403239       -6.95713231235925
C           -0.50812216427212       -1.36754379351254       -6.27324863694484
H            0.81117656242009       -2.61860602271019       -1.89305929390331
H            0.21898630003420       -0.17071048718945       -2.14437428051386
H           -0.79607587399986       -3.54598450014265       -4.85975593888499
H            2.08833051380715       -1.23226715806754       -4.09477847480277
H            2.49643719908765        0.86166314184545       -5.32946152229278
H            0.97354375943769        1.53218969224917       -7.15497088074597
H           -0.94550456626212        0.10802902134972       -7.75559909420048
H           -1.34514264768406       -2.00110651919797       -6.53237675937625
80
 energy: -120.640444131187 gnorm: 0.000327337306 xtb: 6.7.1 (edcfbbe)
Mn           0.25649873228561       -0.29565711468539       -0.62485414038385
N            0.56880934646500       -2.52944579100517       -0.89877697690942
C            1.76308628334896       -2.97130366769046       -0.17467621837459
C            2.95110176908574       -2.14200661730950       -0.65483077841651
P            2.46416438239863       -0.35309348974226       -0.54232984814213
C            3.23370829736064        0.22615050683934        1.00955512160268
C            3.60254632859611       -0.59512792635990        2.06805859490528
C            4.10313704462242       -0.04067317183482        3.23390525170507
C            4.22757822215611        1.33235363990561        3.35796118870761
C            3.83915862098808        2.15880060051757        2.31418460256124
C            3.34040149870533        1.60945794000226        1.14961765076718
C            3.63102875937004        0.44101683930003       -1.70220124729053
C            3.14701259647868        1.45265077061556       -2.52335176597691
C            4.00847485826095        2.13115221161792       -3.36885260446583
C            5.35171006165918        1.79342712039315       -3.40369115998426
C            5.83676347370401        0.78442773171176       -2.58508683911447
C            4.98383603684474        0.11407929577134       -1.72752617419054
C           -0.61329243379191       -3.37919084402192       -0.67749361322364
C           -1.58558568748765       -2.71739111141350        0.29677452386896
P           -1.81830293257022       -1.00456199291438       -0.36994915110741
C           -2.88597523830595       -0.17175510715445        0.84308728260111
C           -3.30488324308289       -0.69978227550694        2.05773626770873
C           -4.09967615643997        0.06063980725638        2.89998488895102
C           -4.47828061778427        1.34229367140491        2.53846739572710
C           -4.05957457271924        1.87488842127044        1.32791387884288
C           -3.26567635715334        1.12187386533645        0.48588801422350
C           -3.07871210978955       -1.34501197348818       -1.66167481991908
C           -2.77692046513727       -1.10312439519019       -2.99562198401249
C           -3.71319490510323       -1.36891943489173       -3.98042536855748
C           -4.95485940421286       -1.87627040442831       -3.63640333108394
C           -5.26416721638363       -2.11066221516506       -2.30460391894362
C           -4.33320031991057       -1.84389812118778       -1.31849041178687
H            1.95388114166879       -4.04031375485488       -0.36046705824906
H            1.60482424034085       -2.83049293729409        0.90214207889140
H            3.13543844009630       -2.35272948335448       -1.71533143887900
H            3.85978696779889       -2.36113971672849       -0.08947021079320
H            3.49667339723592       -1.66947028253424        1.99983500168549
H            4.39031607124163       -0.68580898188398        4.05272109380061
H            4.61663441408260        1.75934608594631        4.27107786089406
H            3.91986060891746        3.23190422885147        2.41367593581082
H            3.01462872832732        2.24539484807804        0.33391461579564
H            2.08799736993557        1.68618797184157       -2.48352649544581
H            3.63349439516880        2.92739586488814       -3.99675129212440
H            6.02512860953554        2.31980881790419       -4.06476972684654
H            6.88613448578116        0.52706097938093       -2.61010021904576
H            5.36772603532799       -0.65675891539178       -1.07302190764111
H           -1.12827870795040       -3.51099809829102       -1.63681675996996
H           -0.31049673430348       -4.37065832104439       -0.31492314793543
H           -2.52826283008800       -3.26926451470496        0.35239672916902
H           -1.14362325607205       -2.64603792301679        1.29622683474231
H           -3.01462155495566       -1.69703931316212        2.35784944488652
H           -4.42273061365618       -0.35112088865878        3.84605178185406
H           -5.09581345086497        1.92949491297861        3.20281589240306
H           -4.34808004795257        2.87772886192904        1.04739040027384
H           -2.91305424184313        1.52207878360884       -0.45961098528144
H           -1.80571427850765       -0.69438868829309       -3.24526455301589
H           -3.47524079480510       -1.17071850672079       -5.01586018863605
H           -5.68795118463262       -2.08293388103845       -4.40289466868973
H           -6.23691212588789       -2.49758681314587       -2.03573570466212
H           -4.58159757542646       -2.01017785679392       -0.27785783326231
C            0.03027128876928        1.43335091257528       -0.37593539341944
O           -0.10852372610116        2.55727344123131       -0.08584305432299
C            0.25339377343120       -0.32515841468989        1.12244424428378
O            0.22067715242426       -0.19845789102146        2.27876837944279
O            0.77899025170827       -3.43578634426549       -3.61625626937964
C            0.09909487585037       -2.98695510622620       -4.51690250099416
C            0.34621864046943       -1.74644792470251       -5.23612086521580
C            1.43518711862953       -0.93427622449702       -4.90497243702543
C            1.65749221215747        0.23966945263440       -5.59595739426798
C            0.79655261720408        0.61723324036281       -6.61587865715154
C           -0.28896320293687       -0.18114921273831       -6.95057254231100
C           -0.51471320812575       -1.35850086136031       -6.26679742706105
H            0.81044086125276       -2.62084104895693       -1.89290467689232
H            0.21913739192365       -0.17325403112219       -2.14606008025121
H           -0.80169740406550       -3.53734583839831       -4.85406257308267
H            2.09218343830216       -1.23175121471253       -4.10052258991862
H            2.49995730841813        0.86212573830348       -5.33560136134082
H            0.96988449667291        1.53832880641640       -7.15298279699551
H           -0.95563294450445        0.11969523780515       -7.74546868112152
H           -1.35439244223800       -1.98980773224330       -6.52265695465846
80
 energy: -120.640450349354 gnorm: 0.000261320378 xtb: 6.7.1 (edcfbbe)
Mn           0.25712483555098       -0.29713266952837       -0.62585866085220
N            0.56884303286949       -2.53095318496797       -0.89887249552627
C            1.76315246499730       -2.97304082050197       -0.17488731825850
C            2.95134279253326       -2.14411188343767       -0.65526171236874
P            2.46462226019485       -0.35513973960929       -0.54320879007172
C            3.23243744859436        0.22487072817723        1.00916447954963
C            3.60426621107191       -0.59534828553591        2.06732251621077
C            4.10337366262553       -0.03928709691274        3.23310171317835
C            4.22343351844799        1.33407482408522        3.35728154946628
C            3.83207328092785        2.15941495924921        2.31374249473857
C            3.33470308522895        1.60852008785094        1.14937794172962
C            3.63267226230969        0.43834523816639       -1.70226491496568
C            3.14941747696426        1.44765079308911       -2.52666019819768
C            4.01222279387756        2.12537942296427       -3.37143707696193
C            5.35597596783935        1.78926031205537       -3.40222494965704
C            5.84025266459244        0.78261845224244       -2.58027037217906
C            4.98596580348435        0.11308204894083       -1.72345894398830
C           -0.61356712067917       -3.38010175950946       -0.67685281557182
C           -1.58522823520407       -2.71746824757077        0.29753392768984
P           -1.81776909632695       -1.00514428563869       -0.37059856929718
C           -2.88479323048669       -0.17028612249651        0.84155515338752
C           -3.30078675331476       -0.69497578952723        2.05861352288569
C           -4.09452898885612        0.06737400179348        2.90012946054502
C           -4.47494389121294        1.34757781683181        2.53541846944615
C           -4.05903523367473        1.87688541776835        1.32244482301742
C           -3.26613283092673        1.12201052612729        0.48120775677903
C           -3.07818082305557       -1.34703966944234       -1.66190948792968
C           -2.77720112403130       -1.10439995830716       -2.99589620678550
C           -3.71286080903720       -1.37284783220652       -3.98058029323359
C           -4.95296614569048       -1.88390795824436       -3.63643871701535
C           -5.26167888282004       -2.11850749918530       -2.30452221270968
C           -4.33145980672462       -1.84876201843592       -1.31849430103715
H            1.95360130763569       -4.04212980810018       -0.36064826592899
H            1.60515038900360       -2.83209034520684        0.90196255662331
H            3.13574605995078       -2.35505445744979       -1.71571782901821
H            3.85996760349803       -2.36323453829756       -0.08981269138020
H            3.50230662715706       -1.67007867586400        1.99892985013363
H            4.39300628624881       -0.68356021178433        4.05174263119274
H            4.61051730194826        1.76224758394893        4.27068863911690
H            3.90846599862925        3.23285340080043        2.41367587820055
H            3.00691171427858        2.24323313467339        0.33351912126847
H            2.09013622972320        1.68034696898338       -2.48964763504293
H            3.63785858103287        2.91981137557696       -4.00199513023240
H            6.03024156453616        2.31484554615566       -4.06304639185172
H            6.88994296343777        0.52634966110157       -2.60209513690833
H            5.36909763498547       -0.65578141617832       -1.06617845576088
H           -1.12896192766423       -3.51201411033607       -1.63595795670326
H           -0.31109761945049       -4.37157667996160       -0.31402553106156
H           -2.52796189791951       -3.26913956185005        0.35408989176440
H           -1.14269069030072       -2.64554920030552        1.29668871105607
H           -3.00908704605532       -1.69107383254582        2.36116057853367
H           -4.41525647891420       -0.34166282148894        3.84816082141210
H           -5.09158393030649        1.93634263594763        3.19920947189931
H           -4.34881100717289        2.87870916016000        1.03967566531601
H           -2.91545160687034        1.51969586335219       -0.46607164712969
H           -1.80706300114374       -0.69323274528910       -3.24568548042887
H           -3.47567073875247       -1.17400675489841       -5.01606720118862
H           -5.68527057463067       -2.09333046017534       -4.40295332104353
H           -6.23330034887697       -2.50815886986453       -2.03553068187932
H           -4.57949365281387       -2.01497704887321       -0.27775008852325
C            0.03132997647584        1.43178811966973       -0.37609267150357
O           -0.10783830709920        2.55526428875011       -0.08424508187578
C            0.25389038358266       -0.32555621866624        1.12141746187682
O            0.22065389433662       -0.19741329614665        2.27757036302562
O            0.77635774473501       -3.43358631333880       -3.61802224937516
C            0.09438189705660       -2.98164382251165       -4.51550183733744
C            0.34266568210939       -1.74132518833454       -5.23470229242154
C            1.43510283689635       -0.93250918531561       -4.90700928025472
C            1.65787951011733        0.24156976127387       -5.59766082836006
C            0.79385323619035        0.62275680329175       -6.61357655685077
C           -0.29510840589056       -0.17232297090870       -6.94483749017747
C           -0.52115425651566       -1.34994977679947       -6.26162512257053
H            0.81020168698909       -2.62277390826374       -1.89302477115104
H            0.22009465266817       -0.17494615991383       -2.14707975524018
H           -0.80917259186540       -3.52907793030702       -4.85009637287281
H            2.09443006168737       -1.23259982767748       -4.10546167265798
H            2.50321915200167        0.86129452231129       -5.34016773968356
H            0.96741533670744        1.54403230452424       -7.15028944410994
H           -0.96430491865414        0.13139053275754       -7.73649920605989
H           -1.36347324258007       -1.97874110406685       -6.51490543851754
80
 energy: -120.640456170058 gnorm: 0.000220083811 xtb: 6.7.1 (edcfbbe)
Mn           0.25784178430840       -0.29844408958560       -0.62695485744146
N            0.56907482883701       -2.53233544613563       -0.89917234293032
C            1.76297655900932       -2.97463120614601       -0.17458241972524
C            2.95161792514959       -2.14615040905904       -0.65461294340855
P            2.46524809077214       -0.35702305755043       -0.54325571657293
C            3.23184467199783        0.22384638516279        1.00932536704759
C            3.60667773980486       -0.59500371668845        2.06743028997206
C            4.10365346390964       -0.03688856866874        3.23321388283431
C            4.21862608688815        1.33690310250577        3.35733089519606
C            3.82443047377337        2.16080403624761        2.31366028189785
C            3.32923941070950        1.60792607984105        1.14937148423259
C            3.63457468356931        0.43563649299840       -1.70154471527630
C            3.15180600213294        1.44228078107415       -2.52941857748368
C            4.01553197181648        2.11867000739120       -3.37431662228421
C            5.35968230929550        1.78392477488954       -3.40164408617771
C            5.84351749838771        0.78012963601767       -2.57595963815672
C            4.98827033929877        0.11190326326225       -1.71909329435141
C           -0.61378967305012       -3.38080292763930       -0.67697879409552
C           -1.58475832342057       -2.71752579336516        0.29766116668551
P           -1.81706844158132       -1.00555746599481       -0.37147456682505
C           -2.88359804391134       -0.16911066446594        0.83991497000427
C           -3.29578068747784       -0.69077398078416        2.05955420014984
C           -4.08817680318589        0.07308406421678        2.90097348632763
C           -4.47101492233719        1.35177951245489        2.53354160180189
C           -4.05879099781611        1.87812865852646        1.31800396621528
C           -3.26719034760977        1.12177947004028        0.47687874638507
C           -3.07713728920670       -1.34867683020725       -1.66273608025041
C           -2.77648141896224       -1.10560598607437       -2.99671417554313
C           -3.71130933224623       -1.37659127781873       -3.98148973474076
C           -4.95008403041363       -1.89093291268184       -3.63749812771688
C           -5.25867652216960       -2.12545844704708       -2.30553647756716
C           -4.32943671121641       -1.85285237926833       -1.31937064705621
H            1.95307158376752       -4.04385515633284       -0.35990236581924
H            1.60470481124608       -2.83317232549223        0.90216596983352
H            3.13662106625822       -2.35737625582861       -1.71490609347113
H            3.85987946507452       -2.36542097950238       -0.08863430290012
H            3.50836131199013       -1.67008799034355        1.99935791266458
H            4.39589173964839       -0.68002033716182        4.05184605840103
H            4.60445566161045        1.76652987925909        4.27057810933438
H            3.89713269919177        3.23448002810744        2.41338654952381
H            2.99891269273162        2.24116556955408        0.33331745798021
H            2.09221860390619        1.67394599184564       -2.49502882961057
H            3.64161537598335        2.91117571975780       -4.00754722808870
H            6.03464128920397        2.30863842920336       -4.06246833797777
H            6.89355941663546        0.52507940480859       -2.59485824866136
H            5.37086223361238       -0.65479118576832       -1.05896154227589
H           -1.12946230579348       -3.51221922719919       -1.63600670566403
H           -0.31187766243477       -4.37253487954953       -0.31436897226120
H           -2.52755792334973       -3.26896030891493        0.35516308136935
H           -1.14149463932625       -2.64524431656298        1.29645723405703
H           -3.00192021318673       -1.68559071455444        2.36422733496393
H           -4.40585537060705       -0.33356179166435        3.85105345447372
H           -5.08661324711430        1.94177083009534        3.19721400462070
H           -4.35045815047118        2.87884296697512        1.03321704195579
H           -2.91919615293535        1.51724917180086       -0.47231833417538
H           -1.80724971019611       -0.69224583817508       -3.24640381827719
H           -3.47447499154982       -1.17742701259229       -5.01698409251987
H           -5.68139375108922       -2.10309196992170       -4.40421088173032
H           -6.22934936204431       -2.51752687670324       -2.03665481546920
H           -4.57739973618756       -2.01884699077681       -0.27855356787692
C            0.03176774998394        1.43017305878767       -0.37583903459738
O           -0.10876103751757        2.55294722132411       -0.08198092810972
C            0.25411648748577       -0.32520983523105        1.12037261375700
O            0.22022096002048       -0.19415507628945        2.27618346242232
O            0.77078044409564       -3.43211733977849       -3.62038582017137
C            0.08754288954876       -2.97674765831145       -4.51512700483272
C            0.33786951886617       -1.73656184101470       -5.23391311488897
C            1.43398210777505       -0.93168800631970       -4.90891516409338
C            1.65808121700514        0.24261725092240       -5.59878852420843
C            0.79160339327754        0.62813291161974       -6.61095807713851
C           -0.30094326583471       -0.16311675610040       -6.93961949786263
C           -0.52810642990186       -1.34113080964685       -6.25747527546562
H            0.81051873892761       -2.62465282382413       -1.89326520283419
H            0.22133592324308       -0.17598656395845       -2.14811857027895
H           -0.81900407558306       -3.52063292186133       -4.84748708803595
H            2.09509578339049       -1.23484025453103       -4.11000327670963
H            2.50625361211646        0.85928402775691       -5.34337189733647
H            0.96598846541834        1.54977601852367       -7.14677637013001
H           -0.97193570254919        0.14383115058948       -7.72848461840503
H           -1.37293114918758       -1.96721246162570       -6.50902304629054
80
 energy: -120.640460583424 gnorm: 0.000241117410 xtb: 6.7.1 (edcfbbe)
Mn           0.25875432494454       -0.29934553909102       -0.62774136541071
N            0.56957467089151       -2.53337870067340       -0.89953362741077
C            1.76274245307128       -2.97560327498436       -0.17364652348317
C            2.95216318124119       -2.14787321971045       -0.65304606292833
P            2.46605061629205       -0.35860537667746       -0.54263222130030
C            3.23109861238696        0.22327223211209        1.01033711694378
C            3.60862823865847       -0.59414150227264        2.06852492245689
C            4.10428777119897       -0.03409064334008        3.23398965761536
C            4.21485571871279        1.34006517831710        3.35779194755382
C            3.81790761980520        2.16250879744699        2.31398442106294
C            3.32435677901814        1.60769843267450        1.14997268369200
C            3.63651524241538        0.43295365982530       -1.70051355606421
C            3.15400194028025        1.43722785213955       -2.53137583655858
C            4.01830021732817        2.11233083682618       -3.37672833512820
C            5.36276713396492        1.77863582322737       -3.40145859085481
C            5.84638939208521        0.77738982225900       -2.57256843647826
C            4.99055653078245        0.11049586181246       -1.71522810394072
C           -0.61374881625393       -3.38127617503212       -0.67763340804876
C           -1.58407624876657       -2.71774390494913        0.29742196355849
P           -1.81618045442586       -1.00610641982940       -0.37259481669206
C           -2.88232418547825       -0.16855119275801        0.83829426658355
C           -3.29047822514554       -0.68782946371336        2.06031043999767
C           -4.08159647573834        0.07693710586520        2.90208683970697
C           -4.46710603610020        1.35425552469637        2.53267182782018
C           -4.05890745754581        1.87825350583016        1.31476488795495
C           -3.26857039899070        1.12099920766364        0.47324683751127
C           -3.07589837117279       -1.34987195729318       -1.66395409911281
C           -2.77526529206697       -1.10661182971970       -2.99790520421728
C           -3.70933739703882       -1.37959792921157       -3.98285498101159
C           -4.94719720159395       -1.89627194094361       -3.63908616795726
C           -5.25590424964340       -2.13062806392161       -2.30710888782879
C           -4.32752532611144       -1.85581804032046       -1.32074405653111
H            1.95261238080439       -4.04503319803971       -0.35801308425625
H            1.60362404338233       -2.83329385097652        0.90288117266840
H            3.13804226272610       -2.35943294340966       -1.71312628819370
H            3.85988977027506       -2.36724484310252       -0.08623516466801
H            3.51386653310218       -1.66958528105893        2.00077321587019
H            4.39827693490329       -0.67598774755288        4.05294034042917
H            4.59896894812206        1.77121746202075        4.27105532982231
H            3.88716109479930        3.23644910061855        2.41344310495306
H            2.99201750593939        2.23949633130285        0.33359163687681
H            2.09415134349680        1.66798894343321       -2.49889973173663
H            3.64451021595549        2.90280738093124       -4.01258078027358
H            6.03807280551915        2.30206679146367       -4.06294588394444
H            6.89670588225109        0.52333305709203       -2.58935886226038
H            5.37291763470923       -0.65401566648990       -1.05241776820104
H           -1.12956259568819       -3.51190390002754       -1.63670013469994
H           -0.31243533865102       -4.37338302555700       -0.31552780125883
H           -2.52693108770320       -3.26897080315641        0.35579379310061
H           -1.14003923370615       -2.64514070427807        1.29585572862397
H           -2.99433279958087       -1.68149310287158        2.36651539696093
H           -4.39596547878089       -0.32784925680939        3.85406431875726
H           -5.08155433930315        1.94507551477905        3.19668081659101
H           -4.35260071841357        2.87795538651177        1.02850455692344
H           -2.92360982804298        1.51480731394383       -0.47773526177781
H           -1.80657250823346       -0.69188766022011       -3.24740478825755
H           -3.47267655059531       -1.18013130034515       -5.01833917834351
H           -5.67781429122863       -2.11009512928343       -4.40599475744954
H           -6.22603136647771       -2.52411754842927       -2.03839322427890
H           -4.57552404016344       -2.02159398948712       -0.27989019217366
C            0.03152677252583        1.42895683362894       -0.37592689614629
O           -0.11079604708273        2.55125623924723       -0.08083930108839
C            0.25399174951438       -0.32383229185590        1.11964802337955
O            0.21916494833075       -0.18886839167667        2.27501790618597
O            0.76309916455193       -3.43131998209828       -3.62305988703128
C            0.07951274677904       -2.97278524530392       -4.51589318216593
C            0.33244332490872       -1.73273385540768       -5.23405599399811
C            1.43172135144380       -0.93170609436217       -4.91044881014256
C            1.65777092861684        0.24295722302569       -5.59911848780641
C            0.79004708941426        0.63276008525302       -6.60851246329845
C           -0.30548562919272       -0.15481434440110       -6.93600005591267
C           -0.53446871558877       -1.33327578115017       -6.25524979430201
H            0.81146141279214       -2.62629951345360       -1.89348264515883
H            0.22298416556673       -0.17693680034487       -2.14890432789990
H           -0.82971285838537       -3.51316599481819       -4.84672199395059
H            2.09383765171681       -1.23809002865611       -4.11361673291705
H            2.50865545646366        0.85644009382724       -5.34502513075707
H            0.96582702061872        1.55484279351557       -7.14311858688479
H           -0.97753276790033        0.15551089436065       -7.72266227440312
H           -1.38162859130644       -1.95656760574350       -6.50590324866987
80
 energy: -120.640463422680 gnorm: 0.000211353292 xtb: 6.7.1 (edcfbbe)
Mn           0.25953078018629       -0.30005097322335       -0.62866901784256
N            0.57039810831176       -2.53429663453115       -0.89972676394135
C            1.76269971993528       -2.97618150457713       -0.17223198156309
C            2.95263574174594       -2.14886190970357       -0.65100479140443
P            2.46684608455586       -0.35941179133666       -0.54163607048596
C            3.23085664160669        0.22326974708467        1.01155579997250
C            3.61021494724060       -0.59309121264094        2.06987972943514
C            4.10429086826747       -0.03157822303617        3.23535107555502
C            4.21190931435347        1.34282121068853        3.35879980910923
C            3.81344711653732        2.16414407881074        2.31469083052987
C            3.32111618626480        1.60793913764301        1.15085643419744
C            3.63832978865453        0.43118091905681       -1.69913019090981
C            3.15591626823425        1.43356427783964       -2.53232144198601
C            4.02043505517201        2.10733983934333       -3.37847762119769
C            5.36506380270683        1.77417598468825       -3.40161961014762
C            5.84862203408575        0.77495307449651       -2.57023594032941
C            4.99253875672244        0.10937217646778       -1.71212385197423
C           -0.61328065842084       -3.38177123187146       -0.67829818678058
C           -1.58323275666386       -2.71793490119735        0.29687724175624
P           -1.81541253545897       -1.00651823685433       -0.37362446689444
C           -2.88137896888673       -0.16855756549850        0.83703395159205
C           -3.28611896760525       -0.68635090834440        2.06081495066353
C           -4.07617591683699        0.07879234766348        2.90320601125675
C           -4.46400972674405        1.35508017096865        2.53263730394904
C           -4.05930166663541        1.87755472931596        1.31291801865617
C           -3.26999931841169        1.11991117906409        0.47076240426735
C           -3.07466810360305       -1.35113301781567       -1.66515359484793
C           -2.77400656687858       -1.10768925655522       -2.99907054691452
C           -3.70785471098200       -1.38116097968278       -3.98408885538022
C           -4.94538995903350       -1.89864331747853       -3.64044980590450
C           -5.25414713982159       -2.13311564221564       -2.30849488538723
C           -4.32605162223384       -1.85773052227438       -1.32204327405550
H            1.95251488300700       -4.04585395379445       -0.35529072137732
H            1.60252495758890       -2.83267835899057        0.90399308807141
H            3.13941820971698       -2.36085064014202       -1.71083973287848
H            3.85983432258424       -2.36826516987855       -0.08338672860661
H            3.51776665598203       -1.66875274638831        2.00245722383495
H            4.40018915716491       -0.67264436186958        4.05431019638472
H            4.59523397259549        1.77505507225309        4.27187432033342
H            3.88016425063603        3.23826851013524        2.41395615212149
H            2.98711870922434        2.23874204497486        0.33434164930843
H            2.09595134811368        1.66390449830732       -2.50082944017915
H            3.64678302886069        2.89658376589145       -4.01590251731700
H            6.04060893863215        2.29657124727303       -4.06369573658270
H            6.89906221133239        0.52135852726927       -2.58591223131952
H            5.37472265226854       -0.65378963550251       -1.04767842500558
H           -1.12905478523673       -3.51161335677617       -1.63748199820637
H           -0.31245617193879       -4.37423494563504       -0.31671377136471
H           -2.52606226934780       -3.26910227818562        0.35595516636928
H           -1.13864098939400       -2.64504478416751        1.29503283130934
H           -2.98802300040771       -1.67916190163881        2.36788298775629
H           -4.38780215015905       -0.32487616169515        3.85655350896328
H           -5.07750927096283        1.94629303086624        3.19717772609021
H           -4.35479413231721        2.87646404809849        1.02572867214713
H           -2.92765704083243        1.51268997822659       -0.48157926027927
H           -1.80560121520997       -0.69216385266431       -3.24840948762750
H           -3.47122113622348       -1.18162717776164       -5.01955570130427
H           -5.67558338971813       -2.11345459787761       -4.40748482427217
H           -6.22396379384043       -2.52749948474980       -2.03991226423436
H           -4.57406830747923       -2.02339760028068       -0.28117488473950
C            0.03091420819461        1.42804462657475       -0.37708800906425
O           -0.11308323620009        2.55007920962502       -0.08187303573359
C            0.25363613689218       -0.32215483797611        1.11879994193003
O            0.21802642330536       -0.18357180460090        2.27372038665685
O            0.75514265070931       -3.43098890311278       -3.62557028462834
C            0.07194016334103       -2.97010592220753       -4.51745253213079
C            0.32741486016645       -1.73015916412476       -5.23495035280351
C            1.42911127707005       -0.93233426610286       -4.91163563258037
C            1.65739202059505        0.24259072768894       -5.59912976212748
C            0.78934836539623        0.63600752004737       -6.60685932238428
C           -0.30848593853063       -0.14846946761512       -6.93420108473124
C           -0.53952179157420       -1.32732726129577       -6.25483129578980
H            0.81286926754378       -2.62780047023472       -1.89349161016002
H            0.22439414647657       -0.17780202707347       -2.14981541145321
H           -0.83918255996804       -3.50772071514857       -4.84756628939537
H            2.09125976603791       -1.24135583970900       -4.11588240178712
H            2.50994434835722        0.85370011419351       -5.34507686069583
H            0.96666647222290        1.55852477628342       -7.14021830894758
H           -0.98047669900447        0.16442184455876       -7.71986008801167
H           -1.38816746182690       -1.94847466851925       -6.50571034821500
80
 energy: -120.640465542429 gnorm: 0.000184568487 xtb: 6.7.1 (edcfbbe)
Mn           0.26019355714878       -0.30033503757262       -0.62941783921697
N            0.57125092853492       -2.53490777789637       -0.89972972724380
C            1.76287676604356       -2.97608647944179       -0.17071436782007
C            2.95336571376777       -2.14933462871128       -0.64903665883757
P            2.46752354872436       -0.35983228204332       -0.54072048912111
C            3.23039323748526        0.22362931976646        1.01281666914391
C            3.61102677158125       -0.59205842995682        2.07123247464312
C            4.10456570827402       -0.02970265925314        3.23651704596072
C            4.21009559794272        1.34488034840317        3.35983574677630
C            3.81026008509474        2.16552968165626        2.31567484545272
C            3.31877582200983        1.60845137630686        1.15189646407226
C            3.63983950747097        0.42988437777432       -1.69798141168694
C            3.15769399345621        1.43130678061510       -2.53245876160177
C            4.02244699440752        2.10415583760506       -3.37911237075311
C            5.36706393349595        1.77094308355062       -3.40147816955130
C            5.85039584468581        0.77280593554658       -2.56867839783239
C            4.99408300742172        0.10819548508282       -1.71002546313335
C           -0.61257179556005       -3.38224414934309       -0.67864994213110
C           -1.58231614560160       -2.71845447988582        0.29666859748957
P           -1.81465269864012       -1.00736863551632       -0.37454963285316
C           -2.88057217354903       -0.16920781750261        0.83601002242510
C           -3.28283141980968       -0.68609999701281        2.06101288017103
C           -4.07213199801310        0.07915922149965        2.90399381354937
C           -4.46173055088700        1.35473794813988        2.53281637536840
C           -4.05965868425012        1.87627550859855        1.31184086799388
C           -3.27106350256204        1.11850803586673        0.46907391999030
C           -3.07387564224075       -1.35190367934653       -1.66608411127381
C           -2.77324515348529       -1.10829047875905       -2.99996896539194
C           -3.70711868285228       -1.38172641804997       -3.98496921141448
C           -4.94462751548400       -1.89930036467824       -3.64134346302426
C           -5.25331818178543       -2.13401803131897       -2.30942428631533
C           -4.32520706674176       -1.85866652891303       -1.32298552245563
H            1.95285900066204       -4.04596081489795       -0.35235182673412
H            1.60168117979483       -2.83142471722321        0.90520983747594
H            3.14084171650827       -2.36170196280534       -1.70867387699588
H            3.86017481069077       -2.36863160284586       -0.08074995222740
H            3.52007612614467       -1.66785432296167        2.00401447841678
H            4.40104048737673       -0.67017538660171        4.05570026460905
H            4.59267972810759        1.77781456921813        4.27289765945839
H            3.87575783456823        3.23971855223225        2.41466264077060
H            2.98403543623663        2.23865492420459        0.33521619421116
H            2.09762125176716        1.66136847687080       -2.50171083463068
H            3.64886980381106        2.89236552076106       -4.01787696114103
H            6.04277603195136        2.29234319625073       -4.06416903226037
H            6.90091601174043        0.51940999083885       -2.58366626815511
H            5.37617507414072       -0.65392556259617       -1.04431490354566
H           -1.12824966593536       -3.51169102326421       -1.63793114022304
H           -0.31200011506599       -4.37488560354389       -0.31732689459437
H           -2.52510094381273       -3.26962773179314        0.35627291132446
H           -1.13730138343494       -2.64517646160264        1.29461356342146
H           -2.98325319239480       -1.67830434997495        2.36858784078177
H           -4.38165849731934       -0.32382434391866        3.85831460024275
H           -5.07449329164023        1.94612050659097        3.19789814369409
H           -4.35661977364515        2.87459729687940        1.02408304400034
H           -2.93079133637691        1.51068421293509       -0.48424714893749
H           -1.80474807466038       -0.69297336799153       -3.24926229343322
H           -3.47061290003633       -1.18185771944531       -5.02039989429550
H           -5.67504005745423       -2.11349879477533       -4.40832517543013
H           -6.22320446232660       -2.52820253559251       -2.04086356426757
H           -4.57306301778514       -2.02467100067637       -0.28212791981884
C            0.03029123330595        1.42773349913736       -0.37917024975001
O           -0.11512938367874        2.54984399957607       -0.08499711977175
C            0.25322659395749       -0.32032384697679        1.11809474085215
O            0.21693397686673       -0.17909244946553        2.27266849330717
O            0.74768551558034       -3.43086012418090       -3.62774973496363
C            0.06531440673791       -2.96836874138260       -4.51940754199716
C            0.32310809927190       -1.72853667027171       -5.23632301542895
C            1.42633693090351       -0.93307827420419       -4.91242873520097
C            1.65667176254648        0.24212328000396       -5.59875069961869
C            0.78919927632766        0.63815154296255       -6.60592647515588
C           -0.30994641867121       -0.14411926033366       -6.93407694159921
C           -0.54305906697334       -1.32323857321107       -6.25586580241215
H            0.81424880435264       -2.62899679041629       -1.89331986126717
H            0.22587946737865       -0.17903232879859       -2.15065175256238
H           -0.84695216944079       -3.50401849159235       -4.84951480547261
H            2.08810816132463       -1.24428237735468       -4.11719382316519
H            2.51061418842880        0.85122888495371       -5.34443368534551
H            0.96813097359503        1.56092710422278       -7.13829998991351
H           -0.98161363607297        0.17092378616068       -7.71921082393654
H           -1.39292564322779       -1.94255494746795       -6.50727044135655
80
 energy: -120.640467651846 gnorm: 0.000192096570 xtb: 6.7.1 (edcfbbe)
Mn           0.26071956104378       -0.30077552148381       -0.63043622242478
N            0.57239087150740       -2.53570822418750       -0.89948716730486
C            1.76343940779070       -2.97589771968224       -0.16899261771865
C            2.95412322226453       -2.14933748909008       -0.64709423107714
P            2.46808560674860       -0.35981157919322       -0.53988892828349
C            3.23004468219415        0.22432254712273        1.01390562895794
C            3.61125325214247       -0.59092618700264        2.07244669771179
C            4.10420825396578       -0.02806973900993        3.23773178300475
C            4.20858618586765        1.34660003724286        3.36095007250895
C            3.80817359690031        2.16679672208162        2.31668233675910
C            3.31722836285408        1.60921154901541        1.15290428650606
C            3.64132153705366        0.42913293250171       -1.69676837758511
C            3.15964182831092        1.42997873271401       -2.53222386588043
C            4.02475545198846        2.10190596625680       -3.37924358625569
C            5.36930668165882        1.76832063691948       -3.40098780045128
C            5.85219462410281        0.77081447759990       -2.56716088834163
C            4.99551890889202        0.10713930092991       -1.70813689057745
C           -0.61142769331667       -3.38304097843009       -0.67859343220827
C           -1.58123739671050       -2.71903083298376        0.29645386358220
P           -1.81393070255877       -1.00825246720336       -0.37535354215895
C           -2.87984917183258       -0.17017731100198        0.83526062744317
C           -3.28016129283412       -0.68651471316081        2.06113871673623
C           -4.06896792548383        0.07869034495075        2.90459543567577
C           -4.46003333833703        1.35371099526572        2.53302774315634
C           -4.06008985483553        1.87461419812891        1.31110195358108
C           -3.27195620007130        1.11689330596473        0.46785354539210
C           -3.07321636866645       -1.35309695107478       -1.66672481398409
C           -2.77284770887401       -1.10900814300656       -3.00058918445368
C           -3.70724337639225       -1.38128524367434       -3.98541629836953
C           -4.94502724825606       -1.89810609807622       -3.64164236454498
C           -5.25333849880947       -2.13357998004033       -2.30976249721157
C           -4.32467771982727       -1.85946156221572       -1.32349744313796
H            1.95380155429320       -4.04596711972165       -0.34912620288408
H            1.60125047734751       -2.82995155381134        0.90662123951110
H            3.14219993181974       -2.36213015485991       -1.70654320035011
H            3.86065810520197       -2.36834556094802       -0.07826827046850
H            3.52128134470066       -1.66681260097000        2.00530191099534
H            4.40127792499034       -0.66822818680584        4.05694551301047
H            4.59069406841233        1.77993834109613        4.27402367228254
H            3.87255320605326        3.24107696882402        2.41568840304806
H            2.98191800370350        2.23910480395784        0.33620668030798
H            2.09961068189347        1.66029300162151       -2.50187407759191
H            3.65154395202368        2.88973053388855       -4.01868332900379
H            6.04533693385346        2.28891681980894       -4.06399209830488
H            6.90264621815633        0.51710188667325       -2.58180334670630
H            5.37728889864930       -0.65457856342547       -1.04179184384377
H           -1.12688368780724       -3.51245772917544       -1.63797849173453
H           -0.31092106793705       -4.37569816026692       -0.31721566321001
H           -2.52392009840689       -3.27032765218252        0.35648040829878
H           -1.13607670372711       -2.64521660629599        1.29429077869053
H           -2.97947172090661       -1.67828252945097        2.36901229298814
H           -4.37687587236348       -0.32386169759538        3.85961790419628
H           -5.07226276660462        1.94512844992701        3.19856706779465
H           -4.35822332687476        2.87247634301464        1.02298307754960
H           -2.93326300723436        1.50869154910132       -0.48617032776011
H           -1.80422244043361       -0.69398381588693       -3.24994502364578
H           -3.47096416304978       -1.18102311913598       -5.02082128555372
H           -5.67588501741340       -2.11134044872719       -4.40847877822092
H           -6.22337130500705       -2.52736555972901       -2.04111015736234
H           -4.57227521497323       -2.02586594013047       -0.28265221078146
C            0.02965060139132        1.42747022832730       -0.38259532041783
O           -0.11679209966200        2.55003869767614       -0.09058218648308
C            0.25279108351292       -0.31883965190528        1.11709885122139
O            0.21601477320685       -0.17594888911222        2.27145610141389
O            0.74019782678990       -3.43087623475733       -3.62987484588540
C            0.05896175524544       -2.96708201430226       -4.52171472058842
C            0.31902671812679       -1.72734347617326       -5.23804140727488
C            1.42343788300635       -0.93392041570447       -4.91314056230843
C            1.65598568365922        0.24142767919269       -5.59844349908238
C            0.78953725079280        0.63963668445063       -6.60565368402422
C           -0.31069910004357       -0.14065389486758       -6.93491415922277
C           -0.54600417620932       -1.31993592753425       -6.25771301903208
H            0.81582019355077       -2.63040142034154       -1.89291612613063
H            0.22708522344805       -0.18047425297275       -2.15172345744033
H           -0.85408139500166       -3.50111940795848       -4.85231929534180
H            2.08428874084254       -1.24687164029607       -4.11785133206691
H            2.51069057893556        0.84904323450516       -5.34317837863083
H            0.97008757156664        1.56263192920959       -7.13710656880963
H           -0.98138818448921        0.17597010036110       -7.72023504471355
H           -1.39662271530132       -1.93777980192585       -6.51018236714260
80
 energy: -120.640469970622 gnorm: 0.000168748105 xtb: 6.7.1 (edcfbbe)
Mn           0.26137774120930       -0.30124510937126       -0.63178681358688
N            0.57393598288885       -2.53671724037100       -0.89909612295587
C            1.76452041284340       -2.97555008901454       -0.16709421546119
C            2.95525246983214       -2.14903420209110       -0.64502002067867
P            2.46880043657883       -0.35955697496925       -0.53917502816072
C            3.22937405460281        0.22545745750267        1.01505380738883
C            3.61086858996070       -0.58946555324700        2.07377460269871
C            4.10313566750587       -0.02624419179947        3.23916855702089
C            4.20664903397430        1.34850398207431        3.36231358902002
C            3.80597778475100        2.16835497952724        2.31787817235102
C            3.31568199360753        1.61040269151548        1.15397814422185
C            3.64314064395725        0.42860305623653       -1.69547931618690
C            3.16244176922547        1.42930926664389       -2.53166344544995
C            4.02832086504866        2.10022027529280       -3.37870203459668
C            5.37264298301227        1.76570057936753       -3.39978805596889
C            5.85455937424720        0.76836461094332       -2.56520079251972
C            4.99713439971533        0.10575896816425       -1.70611830067820
C           -0.60966402271259       -3.38428309468412       -0.67806181555743
C           -1.57978453105559       -2.72008586676157        0.29646706963024
P           -1.81302402416092       -1.00977583381827       -0.37624113914992
C           -2.87883702004424       -0.17177176927011        0.83456345972321
C           -3.27741758819593       -0.68758933508403        2.06123157609086
C           -4.06588550051206        0.07754584044307        2.90505470909141
C           -4.45844971699223        1.35197642524026        2.53302718405644
C           -4.06041722045397        1.87229231548695        1.31022967127024
C           -3.27253297158971        1.11466039099022        0.46665268114665
C           -3.07283404199360       -1.35444809672662       -1.66713283505612
C           -2.77309808829178       -1.10951319455490       -3.00098359789848
C           -3.70844629935555       -1.37988668413000       -3.98542698256627
C           -4.94661401779881       -1.89556880972447       -3.64127621789786
C           -5.25415898540901       -2.13220840341677       -2.30943223446935
C           -4.32449265349704       -1.86009057316889       -1.32355410787653
H            1.95552640354229       -4.04579951440967       -0.34550334070931
H            1.60132187174405       -2.82820277465753        0.90817959519888
H            3.14399194958872       -2.36233655865524       -1.70424705888729
H            3.86153615821444       -2.36750236970903       -0.07560493003289
H            3.52143487433691       -1.66538913277919        2.00677961507485
H            4.40056888789402       -0.66620043827632        4.05841840615485
H            4.58850906800613        1.78209822534811        4.27536682525224
H            3.86977621501366        3.24265890868427        2.41680618395655
H            2.98022034259827        2.24008495096028        0.33717585483236
H            2.10251466003893        1.66022563177756       -2.50194987935547
H            3.65587147712354        2.88790509905058       -4.01875764315601
H            6.04926812051067        2.28541466145908       -4.06287113784033
H            6.90484644976498        0.51391219298589       -2.57933376985556
H            5.37822032929932       -0.65583145129100       -1.03923719573572
H           -1.12479480312991       -3.51429001144886       -1.63751338074457
H           -0.30895084283251       -4.37668834916287       -0.31613444276875
H           -2.52232356624808       -3.27158913177782        0.35680977817445
H           -1.13467201564269       -2.64551404213698        1.29427194034836
H           -2.97561413850061       -1.67888977026190        2.36951523561649
H           -4.37233632482093       -0.32458840815497        3.86072098870308
H           -5.07036147531338        1.94336443997990        3.19888495364823
H           -4.35987578740735        2.86963127946705        1.02164645790705
H           -2.93535211630303        1.50604389901451       -0.48807893440612
H           -1.80423450863994       -0.69517525021637       -3.25057861753020
H           -3.47270033403966       -1.17880943863787       -5.02079504342906
H           -5.67841556324068       -2.10684488271258       -4.40776192633226
H           -6.22442589777369       -2.52525739564319       -2.04049670416921
H           -4.57145844244615       -2.02755098547633       -0.28272125963866
C            0.02905057822999        1.42738614887588       -0.38784473061563
O           -0.11838698900539        2.55071941812651       -0.09951479574347
C            0.25242405012044       -0.31742606790312        1.11574486014243
O            0.21502909242997       -0.17392756286197        2.26998723610816
O            0.73083617000897       -3.43089997546250       -3.63231917367421
C            0.05132233359304       -2.96566984937267       -4.52465863065956
C            0.31427566060482       -1.72609548037143       -5.24031205556190
C            1.41976051976443       -0.93481192382403       -4.91381113576606
C            1.65504120404162        0.24063183542043       -5.59800503634869
C            0.79030752082876        0.64099431371749       -6.60585029440738
C           -0.31081572036417       -0.13727975698549       -6.93688989436882
C           -0.54892167800203       -1.31659191376008       -6.26068273838008
H            0.81766820268466       -2.63214901186430       -1.89237174467718
H            0.22862359187234       -0.18317441870036       -2.15324428636175
H           -0.86228398783297       -3.49803275116150       -4.85641178641122
H            2.07924361084323       -1.24957047134335       -4.11810067950142
H            2.51053027139205        0.84660427758482       -5.34140337860750
H            0.97302083941801        1.56401326505440       -7.13652541525516
H           -0.98012650079444        0.18102677975935       -7.72273631736046
H           -1.40042662186106       -1.93269782463001       -6.51449456148378
80
 energy: -120.640471471468 gnorm: 0.000139991004 xtb: 6.7.1 (edcfbbe)
Mn           0.26180237238633       -0.30189299407304       -0.63312502145872
N            0.57530997963766       -2.53773483086177       -0.89871201459949
C            1.76583174266860       -2.97533280905921       -0.16592635547219
C            2.95640973066173       -2.14853543923829       -0.64369851352566
P            2.46920766894691       -0.35920210876361       -0.53888822489185
C            3.22869779129310        0.22651749822946        1.01565699104039
C            3.60977080408586       -0.58814199527716        2.07473076026139
C            4.10166610930996       -0.02471162080751        3.24017039213838
C            4.20500615042521        1.35006168753377        3.36312763603974
C            3.80444856906332        2.16968492353470        2.31846818499721
C            3.31469685464194        1.61149178986120        1.15443415954268
C            3.64459631114816        0.42832731298337       -1.69459524993002
C            3.16507844346868        1.42925727664335       -2.53119564979506
C            4.03194944570196        2.09940980979781       -3.37784711345136
C            5.37604196128615        1.76388555674732       -3.39819409028568
C            5.85677536671575        0.76630156225027       -2.56322454223876
C            4.99837834991001        0.10450596276299       -1.70448902761405
C           -0.60798906945108       -3.38561058280955       -0.67733605578256
C           -1.57857517952884       -2.72103382852865        0.29644468027071
P           -1.81224092277376       -1.01103782828949       -0.37686838489994
C           -2.87790391448845       -0.17318461632277        0.83420509174021
C           -3.27546427457147       -0.68860308128097        2.06136450061689
C           -4.06396769352213        0.07647405127179        2.90520600484101
C           -4.45761216284902        1.35041827722958        2.53268638415302
C           -4.06062529531373        1.87032293268441        1.30937290724390
C           -3.27268071097076        1.11276897527881        0.46580970801400
C           -3.07280663417139       -1.35557571955045       -1.66706742300410
C           -2.77398636183055       -1.10950336158479       -3.00092226757942
C           -3.71036858206721       -1.37806579013606       -3.98487873837017
C           -4.94875486198578       -1.89291716828606       -3.64022450854618
C           -5.25528369785763       -2.13095125079655       -2.30839207911705
C           -4.32452179087399       -1.86077229796882       -1.32300343667760
H            1.95755239237898       -4.04560318712186       -0.34343197461675
H            1.60197883491064       -2.82734769954943        0.90916153166753
H            3.14573408423051       -2.36211625146456       -1.70277134544703
H            3.86253433976143       -2.36643843501026       -0.07379928559497
H            3.52053880376597       -1.66409411101053        2.00788704464866
H            4.39863434168437       -0.66449129299115        4.05969675680067
H            4.58628358841352        1.78385037714138        4.27634761833646
H            3.86799734999617        3.24402404514591        2.41730656563720
H            2.97952220413198        2.24102986752001        0.33740852837244
H            2.10529968213922        1.66095449555626       -2.50217106616856
H            3.66045437919095        2.88725373967899       -4.01827323308726
H            6.05338550543513        2.28295043364501       -4.06105143181343
H            6.90685469779726        0.51095547148230       -2.57679434041241
H            5.37860069981724       -0.65723030397830       -1.03727937230484
H           -1.12276746412953       -3.51659985394571       -1.63681448810602
H           -0.30690920237569       -4.37759186942351       -0.31453021885260
H           -2.52099296237628       -3.27274919880313        0.35683548856393
H           -1.13378836337764       -2.64585281779739        1.29434890619748
H           -2.97294402144206       -1.67955383759305        2.37005405325348
H           -4.36960191326820       -0.32533077568570        3.86127400316585
H           -5.06953615367925        1.94176406632661        3.19856212109914
H           -4.36091179943076        2.86729492930879        1.02042133986534
H           -2.93621355151361        1.50385054065055       -0.48929114203749
H           -1.80499274933272       -0.69566465802652       -3.25086165444382
H           -3.47529980432583       -1.17613762214498       -5.02023517639603
H           -5.68148299415786       -2.10250420803452       -4.40629493825147
H           -6.22572639000433       -2.52327836387974       -2.03905227485834
H           -4.57083952378913       -2.02905064536230       -0.28215814966833
C            0.02877858703262        1.42718118183685       -0.39277823648541
O           -0.11921966110529        2.55135014906773       -0.10797578936616
C            0.25225200860017       -0.31721997519397        1.11438719449440
O            0.21465976587991       -0.17452243647421        2.26872112041902
O            0.72333543771107       -3.43094747530903       -3.63415631534761
C            0.04526758981476       -2.96446930760271       -4.52692079028813
C            0.31058629546420       -1.72503107754617       -5.24203230504811
C            1.41678888478632       -0.93531507812150       -4.91417879941983
C            1.65436727078893        0.24003043970468       -5.59774322640165
C            0.79135961340717        0.64171804456739       -6.60652442304250
C           -0.31046200240021       -0.13499342923262       -6.93894021461044
C           -0.55098842272296       -1.31409094786481       -6.26319285667046
H            0.81900378703242       -2.63361348306246       -1.89194309323818
H            0.22956422309493       -0.18520725285392       -2.15463850603180
H           -0.86880526264293       -3.49544325901447       -4.85973874110488
H            2.07497846998651       -1.25118509453898       -4.11785431338401
H            2.51024404492442        0.84490866059676       -5.33986886269559
H            0.97580399739335        1.56467208061252       -7.13672039941340
H           -0.97836524065916        0.18430730033843       -7.72556457699704
H           -1.40297923572516       -1.92899793687383       -6.51821327623929
80
 energy: -120.640472347048 gnorm: 0.000114956996 xtb: 6.7.1 (edcfbbe)
Mn           0.26217624360736       -0.30227756074870       -0.63378039903636
N            0.57611714388621       -2.53829779814619       -0.89870548640664
C            1.76672321621577       -2.97555951626441       -0.16586674718818
C            2.95709754531649       -2.14832315010960       -0.64330233985652
P            2.46950552583350       -0.35907806147088       -0.53909970676717
C            3.22812346541205        0.22725635339809        1.01565166294882
C            3.60853964181982       -0.58712988518465        2.07516427984767
C            4.09971106262290       -0.02340109112911        3.24077885123712
C            4.20314381464879        1.35139568229073        3.36339451974035
C            3.80339372416415        2.17073259100940        2.31822481832025
C            3.31418596162851        1.61226177740479        1.15409321546639
C            3.64560382046549        0.42822335196070       -1.69424730397492
C            3.16706336180674        1.42935486771102       -2.53115814222311
C            4.03480757648561        2.09902023131853       -3.37730763402282
C            5.37874333243272        1.76280900341046       -3.39686746530811
C            5.85847751708256        0.76497274242207       -2.56162504724799
C            4.99922083728437        0.10370823482773       -1.70337205078775
C           -0.60689837275535       -3.38647445817697       -0.67681555250869
C           -1.57790713582469       -2.72180620179152        0.29647176036541
P           -1.81172336632020       -1.01196330858296       -0.37712545108382
C           -2.87710334435029       -0.17403473156111        0.83419304506141
C           -3.27431156342348       -0.68912891013759        2.06158841838429
C           -4.06305041431096        0.07596944373963        2.90520530936119
C           -4.45731302838308        1.34956939191305        2.53220138099895
C           -4.06062205247000        1.86919165794739        1.30866094221404
C           -3.27240923969976        1.11164517281161        0.46536277123004
C           -3.07300807566366       -1.35604108777542       -1.66674949896499
C           -2.77497431320088       -1.10913277138811       -3.00061509502944
C           -3.71205660590824       -1.37671152903541       -3.98416868245834
C           -4.95038857285829       -1.89139624921523       -3.63908354876261
C           -5.25612967243462       -2.13026629352091       -2.30722907862612
C           -4.32465458115492       -1.86107913152007       -1.32224666239940
H            1.95890285303700       -4.04575774703928       -0.34339537747805
H            1.60269516843237       -2.82770919186132        0.90921491633043
H            3.14699298428448       -2.36194777652732       -1.70226126453863
H            3.86303482326063       -2.36581207630572       -0.07295814676044
H            3.51919159744954       -1.66308745890335        2.00859633964410
H            4.39644208281949       -0.66302239819344        4.06054044122740
H            4.58427731523855        1.78537143982848        4.27657750109232
H            3.86695740992350        3.24509744218392        2.41682978343877
H            2.97945348287151        2.24160651886437        0.33673757428094
H            2.10740648991037        1.66165610443704       -2.50278862999372
H            3.66417041619256        2.88713563700070       -4.01789074319269
H            6.05675102050486        2.28159739655961       -4.05925834529816
H            6.90840053771816        0.50897685527823       -2.57455981729383
H            5.37863735082537       -0.65826282421203       -1.03598532089537
H           -1.12146302141054       -3.51843761883694       -1.63624976036892
H           -0.30543381378976       -4.37803982768993       -0.31320038566634
H           -2.52029648544707       -3.27360254020782        0.35667118064859
H           -1.13348316500963       -2.64634388119189        1.29452042289015
H           -2.97134265220265       -1.67980630223863        2.37071125913596
H           -4.36838081822880       -0.32555666796949        3.86149037485870
H           -5.06950647818190        1.94088678864346        3.19785083560267
H           -4.36143544158792        2.86589652662640        1.01933113762794
H           -2.93622820715226        1.50243627015950       -0.48996928210943
H           -1.80607860976108       -0.69522173683921       -3.25083880165193
H           -3.47764666674179       -1.17397551911607       -5.01952123993328
H           -5.68370043958530       -2.10013984700267       -4.40482311399361
H           -6.22647353387547       -2.52263670876951       -2.03754557601024
H           -4.57032445106045       -2.03024299576884       -0.28138159426728
C            0.02881852459529        1.42705023734088       -0.39542269456895
O           -0.11936177415263        2.55169115136044       -0.11272470266260
C            0.25238375862796       -0.31792147102902        1.11368856052398
O            0.21465214687504       -0.17682431081879        2.26821107713119
O            0.71879953336768       -3.43093574469854       -3.63513522701225
C            0.04156477997026       -2.96349462786248       -4.52798296558166
C            0.30848902221572       -1.72423776090105       -5.24285121906442
C            1.41508254250259       -0.93542687435945       -4.91421846843362
C            1.65408437866000        0.23975881473340       -5.59758855540842
C            0.79218063004329        0.64209557768500       -6.60705643320125
C           -0.30993204878261       -0.13379750345004       -6.94034438850042
C           -0.55196637570073       -1.31262947457461       -6.26467048366814
H            0.81952737980234       -2.63434137145652       -1.89198406953090
H            0.23014335037015       -0.18671832986104       -2.15538872171394
H           -0.87282997730322       -3.49351477825679       -4.86145065129709
H            2.07242043451045       -1.25176343784065       -4.11738873925809
H            2.51028548981217        0.84393439682201       -5.33908536393677
H            0.97790645421625        1.56473859210209       -7.13733906119891
H           -0.97697649504574        0.18600582154490       -7.72750035893083
H           -1.40445429476578       -1.92669130295140       -6.52013082519820
